# Advanced Satellite Tracking Log
# Input: D:\khenk\Downloads\parallel_run5_2025-12-20260128T124203Z-3-001\parallel_run5_2025-12\cam0_tile0_max_iqr2.0_down32.mp4
# Output: D:\khenk\Downloads\SNC Sat Tracking Peng\comparison_results\run_20260323_103700\imm_adaptive\output_video.mp4
#
# frame, track_id, x, y, confidence, speed, vx, vy, quality, intensity
#================================================================================
2, 9, 81, 34, 0.6000, 17.7237, -13.4568, 11.5344, 0.1800, 180.67
2, 15, 26, 43, 0.6000, 54.4890, -53.7979, 8.6508, 0.1800, 208.00
2, 16, 118, 3, 0.6000, 36.8404, 9.6120, -35.5644, 0.1800, 147.67
2, 17, 17, 12, 0.6000, 30.3446, -5.7379, -29.7972, 0.1800, 222.67
2, 24, 59, 59, 0.6000, 36.9781, -36.5256, 5.7672, 0.1800, 178.33
2, 42, 56, 94, 0.6000, 1.9224, 1.9224, 0.0000, 0.1800, 172.33
2, 50, 106, 112, 0.6000, 0.9910, -0.9905, 0.0293, 0.1800, 135.78
2, 56, 62, 107, 0.6000, 30.8611, -27.7868, -13.4275, 0.1800, 218.00
3, 2, 95, 21, 0.6000, 69.2964, 66.4506, 19.6544, 0.1800, 200.33
3, 6, 5, 10, 0.6000, 0.9102, 0.0909, 0.9056, 0.1800, 223.33
3, 9, 98, 53, 0.6556, 23.0962, 13.7063, 18.5895, 0.2622, 173.25
3, 16, 120, -1, 0.6556, 7.8741, 2.9836, -7.2870, 0.2622, 147.50
3, 17, 13, -1, 0.6556, 15.4319, -4.5111, -14.7578, 0.2622, 221.25
3, 24, 50, 47, 0.6556, 15.1501, -11.4973, -9.8659, 0.2622, 181.00
3, 30, 11, 24, 0.6000, 42.1517, -2.8381, -42.0560, 0.1800, 198.67
3, 38, 5, 76, 0.6000, 0.9970, 0.9965, 0.0303, 0.1800, 201.67
3, 42, 62, 91, 0.6556, 6.4841, 6.0256, -2.3951, 0.2622, 169.25
3, 50, 117, 122, 0.6556, 13.4302, 10.1667, 8.7755, 0.2622, 121.33
3, 51, 123, 112, 0.6000, 1.3671, 0.9965, 0.9359, 0.1800, 81.67
3, 56, 96, 110, 0.6556, 27.9882, 27.9728, 0.9260, 0.2622, 201.00
3, 62, 12, 16, 0.6000, 8.5975, -3.9034, 7.6603, 0.1800, 219.67
3, 63, 81, 35, 0.6000, 43.2006, 40.3704, 15.3792, 0.1800, 204.00
3, 68, 21, 126, 0.6000, 28.5785, 19.2240, 21.1464, 0.1800, 163.67
3, 69, 94, 122, 0.6000, 1.8658, 1.8638, -0.0880, 0.1800, 172.00
3, 15, -28, 51, 0.5000, 54.4890, -53.7979, 8.6508, 0.1500, 208.00
4, 2, 131, 52, 0.6556, 49.3010, 38.7472, 30.4835, 0.2622, 177.25
4, 6, 2, 10, 0.7056, 2.4549, -2.4429, 0.2417, 0.2822, 221.25
4, 9, 114, 67, 0.7111, 21.0542, 15.6367, 14.0987, 0.3556, 161.60
4, 15, 4, 75, 0.6556, 18.0657, -4.2166, 17.5668, 0.2622, 214.00
4, 16, 120, 1, 0.7111, 2.1588, 0.5632, 2.0841, 0.3556, 149.60
4, 17, 6, 6, 0.7111, 8.4668, -6.3829, 5.5629, 0.3556, 223.20
4, 24, 52, 33, 0.7111, 14.3482, 0.8968, -14.3202, 0.3556, 187.80
4, 30, 26, -1, 0.6556, 29.4000, 12.9587, -26.3900, 0.2622, 205.00
4, 38, 17, 75, 0.6556, 11.4624, 11.4335, -0.8143, 0.2622, 198.00
4, 42, 68, 94, 0.7111, 6.2209, 5.6935, 2.5068, 0.3556, 166.80
4, 50, 124, 126, 0.7111, 8.5205, 7.3323, 4.3400, 0.3556, 113.47
4, 51, 123, 95, 0.6556, 15.8127, 0.2049, -15.8114, 0.2622, 81.00
4, 56, 125, 112, 0.7111, 29.1806, 29.1169, 1.9263, 0.3556, 177.80
4, 62, 7, 23, 0.6556, 8.8019, -4.8528, 7.3433, 0.2622, 227.25
4, 63, 104, 54, 0.6556, 31.3157, 25.1452, 18.6652, 0.2622, 190.75
4, 68, 40, 125, 0.6556, 18.7587, 18.7410, 0.8157, 0.2622, 158.75
4, 69, 97, 124, 0.7056, 3.2723, 2.8452, 1.6163, 0.2822, 192.75
5, 6, 2, 27, 0.7111, 15.4088, -0.7709, 15.3895, 0.3556, 226.80
5, 15, 7, 78, 0.7111, 4.1574, 2.5456, 3.2869, 0.3556, 206.80
5, 20, 31, 29, 0.6000, 17.9782, -3.7037, -17.5926, 0.1800, 206.33
5, 33, 64, 74, 0.6000, 32.5686, -32.4465, 2.8169, 0.1800, 158.67
5, 41, 65, 92, 0.6000, 1.3651, 0.9846, 0.9455, 0.1800, 165.00
5, 50, 127, 114, 0.7667, 10.6505, 2.6308, -10.3204, 0.4600, 107.56
5, 62, 6, 24, 0.7111, 1.6885, -1.0271, 1.3401, 0.3556, 223.20
5, 63, 127, 56, 0.7111, 23.4954, 23.1684, 3.9060, 0.3556, 174.00
5, 68, 64, 123, 0.7111, 23.8796, 23.7658, -2.3290, 0.3556, 153.60
5, 69, 99, 125, 0.7611, 2.6352, 2.2785, 1.3238, 0.3806, 204.40
5, 2, 170, 83, 0.5556, 49.3010, 38.7472, 30.4835, 0.2222, 177.25
5, 9, 129, 81, 0.6111, 21.0542, 15.6367, 14.0987, 0.3056, 161.60
5, 24, 53, 18, 0.6111, 14.3482, 0.8968, -14.3202, 0.3056, 187.80
5, 30, 39, -28, 0.5556, 29.4000, 12.9587, -26.3900, 0.2222, 205.00
5, 38, 29, 74, 0.5556, 11.4624, 11.4335, -0.8143, 0.2222, 198.00
5, 42, 74, 97, 0.6111, 6.2209, 5.6935, 2.5068, 0.3056, 166.80
5, 51, 123, 79, 0.5556, 15.8127, 0.2049, -15.8114, 0.2222, 81.00
5, 56, 154, 114, 0.6111, 29.1806, 29.1169, 1.9263, 0.3056, 177.80
6, 6, 19, 51, 0.7667, 28.6553, 16.3115, 23.5597, 0.4600, 221.67
6, 16, 122, 3, 0.8222, 0.9610, 0.9333, 0.2288, 0.5756, 149.14
6, 17, 7, 10, 0.8222, 2.0831, 2.0406, 0.4186, 0.5756, 228.36
6, 20, 31, 26, 0.6556, 4.6683, -0.9617, -4.5681, 0.2622, 211.50
6, 33, 13, 73, 0.6556, 48.6371, -48.6286, -0.9103, 0.2622, 165.25
6, 38, 23, 75, 0.7111, 1.0272, 1.0264, 0.0398, 0.3556, 195.60
6, 50, 127, 112, 0.8222, 3.1367, 0.6892, -3.0601, 0.5756, 102.90
6, 51, 86, 37, 0.7111, 37.9564, -21.7217, -31.1265, 0.3556, 114.60
6, 59, 88, 112, 0.6556, 6.0529, 3.3931, -5.0125, 0.2622, 114.50
6, 62, 8, 17, 0.7667, 6.3199, 1.1213, -6.2197, 0.4600, 222.67
6, 69, 102, 126, 0.8167, 2.9713, 2.7898, 1.0225, 0.4900, 212.17
6, 75, 73, 56, 0.6000, 24.0682, -9.5827, 22.0783, 0.1800, 203.00
6, 78, 33, 95, 0.6000, 24.9912, -24.9912, 0.0000, 0.1800, 167.33
6, 79, 116, 67, 0.6000, 47.1297, 13.4275, -45.1764, 0.1800, 128.67
6, 81, 27, 127, 0.6000, 1.9517, 1.9517, 0.0000, 0.1800, 183.33
6, 9, 145, 95, 0.5111, 21.0542, 15.6367, 14.0987, 0.2556, 161.60
6, 41, 66, 93, 0.5000, 1.3651, 0.9846, 0.9455, 0.1500, 165.00
6, 42, 79, 99, 0.5111, 6.2209, 5.6935, 2.5068, 0.2556, 166.80
6, 56, 183, 116, 0.5111, 29.1806, 29.1169, 1.9263, 0.2556, 177.80
6, 63, 150, 60, 0.6111, 23.4954, 23.1684, 3.9060, 0.3056, 174.00
7, 16, 123, 3, 0.8778, 1.0433, 1.0330, -0.1463, 0.7022, 148.75
7, 20, 31, 27, 0.7111, 0.7563, 0.1558, 0.7401, 0.3556, 212.20
7, 39, 5, 39, 0.6000, 40.3825, 2.7999, -40.2853, 0.1800, 188.00
7, 41, 66, 93, 0.7056, 0.6573, 0.4519, 0.4773, 0.2822, 165.00
7, 59, 98, 113, 0.7111, 9.9451, 9.9260, 0.6155, 0.3556, 122.00
7, 62, 9, 9, 0.8222, 7.9545, 1.3053, -7.8467, 0.5756, 222.43
7, 68, 128, 100, 0.8222, 32.7570, 29.4710, -14.2996, 0.5756, 142.86
7, 69, 104, 127, 0.8722, 2.4169, 2.2160, 0.9646, 0.6106, 218.29
7, 75, 62, 94, 0.6556, 37.7968, -10.9737, 36.1687, 0.2622, 192.00
7, 76, 84, 37, 0.6000, 32.6306, 25.2397, -20.6812, 0.1800, 195.00
7, 81, 28, 127, 0.7056, 1.2289, 1.2289, 0.0000, 0.2822, 187.25
7, 6, 36, 74, 0.6667, 28.6553, 16.3115, 23.5597, 0.4000, 221.67
7, 33, -35, 72, 0.5556, 48.6371, -48.6286, -0.9103, 0.2222, 165.25
7, 50, 128, 109, 0.7222, 3.1367, 0.6892, -3.0601, 0.5056, 102.90
7, 78, 8, 95, 0.5000, 24.9912, -24.9912, 0.0000, 0.1500, 167.33
7, 79, 129, 22, 0.5000, 47.1297, 13.4275, -45.1764, 0.1500, 128.67
8, 12, 81, 35, 0.9333, 7.3659, -5.5926, 4.7937, 0.8400, 173.78
8, 16, 125, 4, 0.9333, 2.0147, 1.8611, 0.7715, 0.8400, 149.00
8, 19, 67, 39, 0.6000, 55.7417, 55.6140, -3.7717, 0.1800, 214.33
8, 20, 30, 42, 0.7667, 13.8419, -0.6354, 13.8273, 0.4600, 213.00
8, 28, 95, 91, 0.6000, 52.4036, 45.2510, 26.4290, 0.1800, 171.67
8, 41, 67, 93, 0.7611, 0.8865, 0.8848, 0.0552, 0.3806, 164.80
8, 42, 87, 114, 0.7667, 7.2339, 4.4366, 5.7136, 0.4600, 157.50
8, 59, 98, 114, 0.7667, 1.3200, 1.0399, 0.8131, 0.4600, 126.92
8, 64, 97, 87, 0.6000, 54.5233, 26.2398, 47.7939, 0.1800, 189.33
8, 69, 110, 117, 0.8778, 10.8413, 5.1971, -9.5144, 0.7022, 202.88
8, 71, 78, 119, 0.6000, 52.9718, 48.4440, 21.4289, 0.1800, 144.00
8, 74, 52, 47, 0.6000, 40.6824, 38.8633, 12.0291, 0.1800, 212.00
8, 75, 63, 123, 0.7111, 29.6304, 0.2063, 29.6297, 0.3556, 180.20
8, 76, 90, 35, 0.6556, 8.1756, 7.0091, -4.2088, 0.2622, 200.75
8, 78, 49, 61, 0.6556, 23.4934, 13.0555, -19.5318, 0.2622, 180.50
8, 79, 93, 51, 0.6556, 15.5184, -15.2598, -2.8212, 0.2622, 140.25
8, 81, 30, 127, 0.7611, 1.7670, 1.7670, 0.0000, 0.3806, 183.80
8, 82, 35, 47, 0.6000, 6.4217, 5.7379, 2.8836, 0.1800, 206.33
8, 39, 8, -1, 0.5000, 40.3825, 2.7999, -40.2853, 0.1500, 188.00
9, 16, 126, 4, 0.9889, 1.2516, 1.2305, 0.2288, 0.9889, 147.20
9, 22, 64, 93, 0.6000, 45.5373, -9.4656, 44.5427, 0.1800, 202.50
9, 41, 68, 94, 0.8167, 1.2883, 1.0322, 0.7710, 0.4900, 164.50
9, 59, 96, 115, 0.8222, 2.0111, -1.7506, 0.9899, 0.5756, 123.43
9, 73, 105, 20, 0.6000, 20.6250, 12.0957, 16.7058, 0.1800, 165.33
9, 76, 88, 30, 0.7111, 4.5453, -0.9214, -4.4509, 0.3556, 195.00
9, 79, 87, 38, 0.7111, 13.4243, -6.3786, -11.8121, 0.3556, 159.60
9, 81, 30, 127, 0.8167, 0.4031, 0.4031, 0.0000, 0.4900, 179.17
9, 12, 75, 40, 0.8333, 7.3659, -5.5926, 4.7937, 0.7500, 173.78
9, 19, 123, 35, 0.5000, 55.7417, 55.6140, -3.7717, 0.1500, 214.33
9, 28, 140, 118, 0.5000, 52.4036, 45.2510, 26.4290, 0.1500, 171.67
9, 64, 123, 134, 0.5000, 54.5233, 26.2398, 47.7939, 0.1500, 189.33
9, 69, 115, 107, 0.7778, 10.8413, 5.1971, -9.5144, 0.6222, 202.88
9, 71, 127, 141, 0.5000, 52.9718, 48.4440, 21.4289, 0.1500, 144.00
9, 74, 91, 59, 0.5000, 40.6824, 38.8633, 12.0291, 0.1500, 212.00
9, 75, 63, 153, 0.6111, 29.6304, 0.2063, 29.6297, 0.3056, 180.20
9, 78, 62, 42, 0.5556, 23.4934, 13.0555, -19.5318, 0.2222, 180.50
9, 82, 41, 50, 0.5000, 6.4217, 5.7379, 2.8836, 0.1500, 206.33
10, 16, 127, 4, 1.0000, 0.9540, 0.9533, -0.0361, 1.0000, 147.00
10, 22, 61, 126, 0.6556, 33.6433, -3.1572, 33.4948, 0.2622, 185.88
10, 41, 74, 90, 0.8222, 6.9891, 5.8682, -3.7963, 0.5756, 164.86
10, 59, 95, 115, 0.8778, 1.5234, -1.5089, 0.2097, 0.7022, 127.50
10, 69, 127, 111, 0.9333, 9.3276, 9.2234, -1.3899, 0.8400, 188.78
10, 81, 27, 127, 0.8722, 2.5238, -2.5238, 0.0000, 0.6106, 173.86
10, 82, 64, 66, 0.6556, 19.1975, 16.1877, 10.3200, 0.2622, 201.75
10, 12, 70, 45, 0.7333, 7.3659, -5.5926, 4.7937, 0.6600, 173.78
10, 73, 117, 36, 0.5000, 20.6250, 12.0957, 16.7058, 0.1500, 165.33
10, 76, 87, 26, 0.6111, 4.5453, -0.9214, -4.4509, 0.3056, 195.00
11, 12, 66, 67, 0.9889, 12.9654, -4.8302, 12.0321, 0.9889, 176.30
11, 22, 67, 127, 0.7111, 6.0490, 5.0450, 3.3373, 0.3556, 177.70
11, 23, 5, 34, 0.6000, 72.3777, -69.8053, -19.1247, 0.1800, 216.67
11, 41, 99, 92, 0.8778, 23.6411, 23.5651, 1.8939, 0.7022, 158.25
11, 73, 123, 66, 0.6556, 25.4160, 8.5743, 23.9260, 0.2622, 154.50
11, 74, 128, 81, 0.6556, 24.3589, 21.6670, 11.1308, 0.2622, 182.50
11, 82, 70, 93, 0.7111, 27.1090, 6.4863, 26.3216, 0.3556, 198.60
11, 16, 128, 4, 0.9000, 0.9540, 0.9533, -0.0361, 0.9000, 147.00
11, 76, 86, 21, 0.5111, 4.5453, -0.9214, -4.4509, 0.2556, 195.00
11, 81, 25, 127, 0.7722, 2.5238, -2.5238, 0.0000, 0.5406, 173.86
12, 16, 122, 3, 1.0000, 3.1754, -3.1179, -0.6014, 1.0000, 147.17
12, 55, 67, 95, 0.6000, 60.5270, 54.7045, -25.9023, 0.1800, 154.50
12, 73, 102, 62, 0.7111, 19.8434, -19.6926, -2.4412, 0.3556, 155.80
12, 74, 84, 89, 0.7111, 43.4550, -42.6367, 8.3935, 0.3556, 179.40
12, 82, 81, 121, 0.7667, 29.9703, 10.5816, 28.0401, 0.4600, 182.83
12, 23, -65, 15, 0.5000, 72.3777, -69.8053, -19.1247, 0.1500, 216.67
13, 8, 5, 32, 0.6000, 16.3584, -7.7097, 14.4277, 0.1800, 213.56
13, 16, 99, 6, 1.0000, 22.9711, -22.8249, 2.5876, 1.0000, 148.00
13, 55, 122, 69, 0.5000, 60.5270, 54.7045, -25.9023, 0.1500, 154.50
14, 1, 18, 7, 0.6000, 14.2535, -12.5520, 6.7536, 0.1800, 224.33
14, 8, 4, 35, 0.6556, 3.8758, -1.8155, 3.4243, 0.2622, 216.79
14, 55, 107, 28, 0.6556, 38.0458, 14.6700, -35.1037, 0.2622, 151.88
15, 1, 5, 20, 0.6556, 17.9070, -12.5383, 12.7848, 0.2622, 219.75
15, 8, 6, 33, 0.7111, 2.5016, 1.9984, -1.5048, 0.3556, 222.03
15, 55, 91, 25, 0.7111, 15.0585, -14.6109, -3.6438, 0.3556, 157.10
16, 1, 2, 28, 0.7111, 8.9434, -3.9806, 8.0087, 0.3556, 217.00
16, 8, 8, 32, 0.7667, 1.9292, 1.6895, -0.9314, 0.4600, 227.53
16, 10, 107, 55, 0.6000, 34.4035, -5.8158, 33.9084, 0.1800, 145.00
16, 77, 53, 41, 0.6000, 41.6721, 36.4697, -20.1624, 0.1800, 194.50
17, 1, 1, 35, 0.7667, 7.4782, -1.2471, 7.3735, 0.4600, 215.50
17, 8, 10, 32, 0.8222, 1.9035, 1.9009, -0.1001, 0.5756, 231.45
17, 10, 108, 102, 0.6556, 46.2259, 0.2529, 46.2252, 0.2622, 137.75
17, 11, 2, 52, 0.6000, 31.3556, -11.6448, 29.1131, 0.1800, 206.33
17, 18, 56, 40, 0.6000, 37.8593, -37.8593, -0.0044, 0.1800, 194.33
17, 54, 54, 72, 0.6000, 55.1899, 31.0609, -45.6196, 0.1800, 164.33
17, 61, 25, 53, 0.6000, 46.8722, 5.8059, 46.5112, 0.1800, 221.00
17, 77, 87, 29, 0.6556, 36.6419, 34.3287, -12.8130, 0.2622, 189.12
18, 8, 11, 32, 0.8778, 1.2010, 1.1976, 0.0907, 0.7022, 234.40
18, 11, -1, 110, 0.6556, 55.6158, -4.2836, 55.4506, 0.2622, 193.25
18, 13, 46, 3, 0.6000, 33.9116, 15.5557, -30.1333, 0.1800, 223.67
18, 18, 28, 62, 0.6556, 35.6208, -29.4913, 19.9776, 0.2622, 195.50
18, 54, 87, 30, 0.6556, 53.6139, 32.7228, -42.4696, 0.2622, 167.00
18, 77, 97, 26, 0.7111, 11.5077, 11.0707, -3.1410, 0.3556, 191.70
18, 92, 84, 119, 0.6000, 0.9910, -0.9905, 0.0293, 0.1800, 152.67
18, 1, -1, 42, 0.6667, 7.4782, -1.2471, 7.3735, 0.4000, 215.50
18, 10, 108, 148, 0.5556, 46.2259, 0.2529, 46.2252, 0.2222, 137.75
18, 61, 31, 100, 0.5000, 46.8722, 5.8059, 46.5112, 0.1500, 221.00
19, 8, 13, 31, 0.9333, 1.9173, 1.7562, -0.7694, 0.8400, 236.24
19, 13, 84, 23, 0.6556, 38.7306, 35.5135, 15.4549, 0.2622, 211.50
19, 18, 1, 110, 0.7111, 53.4447, -27.2657, 45.9665, 0.3556, 190.40
19, 54, 103, 6, 0.7111, 30.3628, 17.7216, -24.6545, 0.3556, 164.80
19, 61, 16, 119, 0.6556, 31.3749, -6.1147, 30.7732, 0.2622, 205.75
19, 92, 82, 120, 0.7056, 1.9744, -1.8087, 0.7918, 0.2822, 147.25
19, 1, -2, 50, 0.5667, 7.4782, -1.2471, 7.3735, 0.3400, 215.50
19, 11, -5, 166, 0.5556, 55.6158, -4.2836, 55.4506, 0.2222, 193.25
20, 1, 25, 55, 0.8222, 12.3594, 10.5471, 6.4431, 0.5756, 212.71
20, 8, 14, 31, 0.9889, 1.2432, 1.2160, -0.2583, 0.9889, 237.62
20, 13, 104, 14, 0.7111, 22.6632, 21.2753, -7.8093, 0.3556, 200.60
20, 48, 87, 124, 0.6000, 63.5034, 60.4356, 19.4992, 0.1800, 152.67
20, 61, 4, 119, 0.7111, 11.6508, -11.6162, 0.8974, 0.3556, 199.80
20, 84, 35, 36, 0.6000, 41.5017, 29.7933, 28.8921, 0.1800, 212.00
20, 92, 81, 120, 0.7611, 1.2749, -1.2517, 0.2418, 0.3806, 147.80
20, 18, -27, 156, 0.6111, 53.4447, -27.2657, 45.9665, 0.3056, 190.40
20, 54, 121, -19, 0.6111, 30.3628, 17.7216, -24.6545, 0.3056, 164.80
21, 8, 16, 31, 1.0000, 1.7813, 1.7812, 0.0187, 1.0000, 238.92
21, 45, 48, 35, 0.6000, 64.8878, 13.6647, -63.4326, 0.1800, 182.67
21, 48, 114, 124, 0.6556, 30.5148, 30.4899, 1.2312, 0.2622, 139.75
21, 84, 46, 50, 0.6556, 19.8955, 12.5107, 15.4698, 0.2622, 211.25
21, 92, 79, 121, 0.8167, 1.9510, -1.7860, 0.7851, 0.4900, 146.28
21, 13, 126, 6, 0.6111, 22.6632, 21.2753, -7.8093, 0.3056, 200.60
22, 8, 17, 31, 1.0000, 1.2223, 1.2216, 0.0400, 1.0000, 240.01
22, 45, 99, 6, 0.6556, 57.4589, 47.7850, -31.9080, 0.2622, 173.50
22, 48, 115, 122, 0.7111, 3.1408, 2.9150, -1.1693, 0.3556, 129.20
22, 77, 87, 30, 0.9333, 0.3514, 0.3285, -0.1247, 0.8400, 186.61
22, 84, 29, 83, 0.7111, 35.1746, -14.3687, 32.1060, 0.3556, 204.60
22, 92, 78, 121, 0.8722, 1.2411, -1.2211, 0.2221, 0.6106, 147.10
23, 8, 19, 31, 1.0000, 1.7797, 1.7796, 0.0103, 1.0000, 240.47
23, 92, 77, 121, 0.9278, 0.9697, -0.9692, -0.0303, 0.7422, 148.58
23, 45, 147, -26, 0.5556, 57.4589, 47.7850, -31.9080, 0.2222, 173.50
24, 8, 21, 30, 1.0000, 2.1888, 2.0320, -0.8136, 1.0000, 241.30
24, 57, 6, 54, 0.6000, 66.8092, 5.8686, -66.5510, 0.1800, 159.00
24, 92, 76, 121, 0.9833, 0.9612, -0.9604, -0.0396, 0.8850, 147.96
25, 8, 22, 30, 1.0000, 1.2596, 1.2315, -0.2645, 1.0000, 242.21
25, 57, 47, 28, 0.6556, 48.4610, 38.0118, -30.0595, 0.2622, 170.75
25, 92, 74, 121, 1.0000, 1.7853, -1.7853, -0.0094, 1.0000, 147.02
25, 96, 118, 97, 0.6000, 0.9905, 0.9905, 0.0000, 0.1800, 91.00
25, 98, 113, 123, 0.6000, 49.1025, 49.0212, -2.8250, 0.1800, 113.33
26, 8, 24, 30, 1.0000, 1.7437, 1.7436, 0.0201, 1.0000, 242.89
26, 57, 57, 28, 0.7111, 11.9066, 11.8428, -1.2315, 0.3556, 175.80
26, 92, 73, 121, 1.0000, 1.2762, -1.2762, 0.0021, 1.0000, 147.83
26, 96, 120, 98, 0.7056, 1.9771, 1.8087, 0.7984, 0.2822, 89.00
26, 98, 122, 124, 0.6556, 12.7420, 12.7414, 0.1297, 0.2622, 106.25
26, 101, 21, 91, 0.6000, 55.3984, 16.3697, 52.9247, 0.1800, 192.33
26, 102, 30, 88, 0.6000, 42.1495, -17.2723, 38.4480, 0.1800, 209.67
27, 8, 25, 30, 1.0000, 1.2182, 1.2174, 0.0418, 1.0000, 243.60
27, 86, 30, 85, 0.6000, 71.4223, 24.8722, 66.9517, 0.1800, 207.33
27, 92, 72, 120, 1.0000, 1.2626, -0.9896, -0.7840, 1.0000, 146.85
27, 101, 80, 105, 0.6556, 57.5585, 54.8036, 17.5942, 0.2622, 176.50
27, 102, 9, 116, 0.6556, 36.0399, -20.7056, 29.4983, 0.2622, 196.50
27, 96, 122, 99, 0.6056, 1.9771, 1.8087, 0.7984, 0.2422, 89.00
27, 98, 135, 124, 0.5556, 12.7420, 12.7414, 0.1297, 0.2222, 106.25
28, 8, 27, 29, 1.0000, 1.9344, 1.7688, -0.7831, 1.0000, 243.56
28, 86, 35, 97, 0.6556, 18.2632, 6.7966, 16.9514, 0.2622, 202.75
28, 92, 71, 120, 1.0000, 0.9982, -0.9583, -0.2793, 1.0000, 147.32
28, 96, 122, 98, 0.7611, 0.9591, 0.9582, -0.0421, 0.3806, 87.60
28, 102, 14, 119, 0.7111, 5.8588, 3.8153, 4.4462, 0.3556, 188.40
28, 47, 119, 125, 0.5625, 28.9409, 28.9240, 0.9905, 0.2250, 109.88
28, 101, 135, 123, 0.5556, 57.5585, 54.8036, 17.5942, 0.2222, 176.50
29, 8, 29, 29, 1.0000, 2.0447, 2.0260, -0.2757, 1.0000, 244.06
29, 83, 6, 58, 0.6000, 15.4617, 4.8890, -14.6684, 0.1800, 187.00
29, 86, 34, 93, 0.7111, 2.8979, -0.1093, -2.8958, 0.3556, 200.80
29, 92, 70, 120, 1.0000, 0.9864, -0.9864, 0.0079, 1.0000, 146.08
29, 96, 123, 98, 0.8167, 0.9515, 0.9502, -0.0493, 0.4900, 87.83
29, 103, 18, 55, 0.6000, 52.4897, -42.6513, -30.5947, 0.1800, 178.67
29, 102, 18, 124, 0.6111, 5.8588, 3.8153, 4.4462, 0.3056, 188.40
30, 8, 30, 29, 1.0000, 1.2547, 1.2546, 0.0102, 1.0000, 244.51
30, 80, 92, 123, 0.6000, 0.9812, -0.9812, -0.0030, 0.1800, 102.33
30, 83, 27, 69, 0.6556, 20.9826, 19.4486, 7.8756, 0.2622, 188.50
30, 84, 8, 115, 1.0000, 2.2547, 2.0422, 0.9554, 1.0000, 201.58
30, 92, 69, 120, 1.0000, 1.0017, -1.0008, 0.0421, 1.0000, 146.54
30, 96, 124, 98, 0.8722, 0.9896, 0.9895, -0.0103, 0.6106, 89.00
30, 103, 19, 5, 0.6556, 49.0430, -2.9793, -48.9524, 0.2622, 186.75
30, 47, 125, 126, 0.6222, 1.2747, -1.1920, 0.4516, 0.3111, 103.90
31, 8, 32, 29, 1.0000, 1.7316, 1.7311, 0.0416, 1.0000, 245.01
31, 80, 93, 123, 0.7056, 0.5799, 0.5799, 0.0023, 0.2822, 102.50
31, 83, 37, 75, 0.7111, 12.9377, 11.1010, 6.6446, 0.3556, 190.20
31, 92, 68, 119, 1.0000, 1.2544, -1.0022, -0.7544, 1.0000, 146.45
31, 96, 126, 99, 0.9278, 1.9773, 1.8057, 0.8057, 0.7422, 87.25
31, 103, 16, -44, 0.5556, 49.0430, -2.9793, -48.9524, 0.2222, 186.75
31, 47, 124, 126, 0.5222, 1.2747, -1.1920, 0.4516, 0.2611, 103.90
32, 8, 34, 29, 1.0000, 2.0064, 2.0064, 0.0136, 1.0000, 245.46
32, 80, 95, 123, 0.7611, 1.9221, 1.9221, 0.0011, 0.3806, 102.20
32, 83, 51, 85, 0.7667, 16.5472, 13.1693, 10.0189, 0.4600, 187.50
32, 92, 67, 119, 1.0000, 1.0422, -1.0007, -0.2912, 1.0000, 146.89
32, 96, 127, 99, 0.9833, 1.2986, 1.2702, 0.2702, 0.8850, 88.33
32, 47, 121, 127, 0.6806, 2.0253, -1.9653, 0.4892, 0.4083, 98.75
33, 8, 36, 28, 1.0000, 2.1819, 2.0400, -0.7740, 1.0000, 245.70
33, 83, 70, 97, 0.8222, 22.1396, 19.0544, 11.2735, 0.5756, 183.14
33, 92, 66, 118, 1.0000, 1.2581, -1.0000, -0.7635, 1.0000, 146.62
33, 100, 15, 56, 0.6000, 23.4404, 8.5469, 21.8266, 0.1800, 210.67
33, 26, 27, 85, 0.5625, 45.8241, -42.2075, 17.8432, 0.2250, 195.00
33, 80, 97, 123, 0.6611, 1.9221, 1.9221, 0.0011, 0.3306, 102.20
33, 96, 128, 99, 0.8833, 1.2986, 1.2702, 0.2702, 0.7950, 88.33
34, 8, 37, 28, 1.0000, 1.2785, 1.2451, -0.2903, 1.0000, 245.92
34, 22, 112, 27, 1.0000, 1.3422, -0.9350, 0.9629, 1.0000, 140.55
34, 80, 101, 123, 0.8167, 3.2722, 3.2722, -0.0003, 0.4900, 102.33
34, 92, 65, 118, 1.0000, 1.0318, -0.9999, -0.2548, 1.0000, 146.75
34, 100, 37, 90, 0.6556, 39.2665, 20.5528, 33.4580, 0.2622, 203.75
34, 65, 56, 32, 0.5625, 53.1433, 52.1383, 10.2862, 0.2250, 203.75
34, 35, 52, 87, 0.5625, 37.8042, -33.6127, -17.3016, 0.2250, 136.88
34, 96, 130, 100, 0.7833, 1.2986, 1.2702, 0.2702, 0.7050, 88.33
35, 8, 39, 28, 1.0000, 1.7088, 1.7088, 0.0007, 1.0000, 246.17
35, 80, 101, 123, 0.8722, 0.6066, 0.6066, -0.0001, 0.6106, 101.71
35, 92, 64, 118, 1.0000, 1.0000, -1.0000, 0.0114, 1.0000, 146.56
35, 47, 126, 124, 0.8519, 1.8116, 1.3431, 1.2157, 0.7667, 95.72
35, 65, 67, 34, 0.6222, 14.4902, 14.2524, 2.6144, 0.3111, 204.20
35, 35, 9, 58, 0.6222, 50.4006, -41.9844, -27.8843, 0.3111, 151.10
35, 96, 131, 100, 0.6833, 1.2986, 1.2702, 0.2702, 0.6150, 88.33
35, 100, 58, 124, 0.5556, 39.2665, 20.5528, 33.4580, 0.2222, 203.75
36, 8, 41, 28, 1.0000, 1.9975, 1.9971, 0.0421, 1.0000, 246.51
36, 57, 59, 52, 1.0000, 1.0300, 1.0242, 0.1094, 1.0000, 195.71
36, 80, 101, 123, 0.9278, 0.2189, -0.2189, -0.0000, 0.7422, 104.38
36, 92, 63, 118, 1.0000, 1.0009, -1.0000, 0.0423, 1.0000, 146.48
36, 100, 89, 126, 0.7111, 30.6488, 26.6419, 15.1514, 0.3556, 183.80
36, 65, 72, 47, 0.6806, 13.2408, 6.1536, 11.7239, 0.4083, 206.00
36, 29, 32, 30, 0.5625, 23.6762, 20.4077, -12.0038, 0.2250, 202.75
36, 35, 1, 39, 0.6806, 22.1822, -10.5300, -19.5235, 0.4083, 159.25
36, 96, 132, 100, 0.5833, 1.2986, 1.2702, 0.2702, 0.5250, 88.33
37, 8, 42, 28, 1.0000, 1.2851, 1.2850, 0.0163, 1.0000, 246.71
37, 92, 62, 117, 1.0000, 1.2370, -1.0000, -0.7281, 1.0000, 146.73
37, 29, 54, 12, 0.6222, 28.2294, 22.0895, -17.5771, 0.3111, 202.40
37, 106, 117, 120, 0.6000, 1.8715, 0.0196, -1.8714, 0.1800, 82.00
37, 46, 20, 115, 0.5625, 8.3444, 7.4786, -3.7013, 0.2250, 172.50
37, 32, 85, 37, 0.5625, 42.9030, 41.3316, -11.5051, 0.2250, 197.25
37, 80, 101, 123, 0.8278, 0.2189, -0.2189, -0.0000, 0.6622, 104.38
37, 65, 78, 58, 0.5806, 13.2408, 6.1536, 11.7239, 0.3483, 206.00
37, 35, -10, 19, 0.5806, 22.1822, -10.5300, -19.5235, 0.3483, 159.25
38, 8, 44, 27, 1.0000, 1.8754, 1.7182, -0.7517, 1.0000, 246.52
38, 106, 125, 125, 0.6556, 8.4433, 7.2314, 4.3585, 0.2622, 84.00
38, 46, 27, 72, 0.6222, 41.0468, 7.4917, -40.3573, 0.3111, 176.60
38, 32, 71, 32, 0.6222, 10.0303, -8.1675, -5.8223, 0.3111, 199.00
38, 80, 101, 123, 0.7278, 0.2189, -0.2189, -0.0000, 0.5822, 104.38
38, 92, 61, 116, 0.9000, 1.2370, -1.0000, -0.7281, 0.9000, 146.73
38, 29, 76, -6, 0.5222, 28.2294, 22.0895, -17.5771, 0.2611, 202.40
39, 8, 46, 27, 1.0000, 2.0160, 1.9930, -0.3033, 1.0000, 246.71
39, 80, 105, 123, 0.9833, 1.6751, 1.6751, 0.0000, 0.8850, 103.56
39, 92, 60, 116, 1.0000, 1.1489, -1.0000, -0.5656, 1.0000, 147.83
39, 27, 39, 69, 0.5625, 31.1519, 29.0512, -11.2456, 0.2250, 182.50
39, 46, 11, 38, 0.6806, 36.7984, -14.0073, -34.0283, 0.4083, 182.00
39, 32, 64, 32, 0.6806, 7.5874, -7.5769, -0.3994, 0.4083, 198.17
39, 34, 90, 106, 0.5625, 25.4603, -25.1791, 3.7740, 0.2250, 95.50
39, 106, 132, 129, 0.5556, 8.4433, 7.2314, 4.3585, 0.2222, 84.00
40, 8, 47, 27, 1.0000, 1.2958, 1.2957, -0.0108, 1.0000, 246.89
40, 80, 68, 119, 0.9889, 36.3342, -36.0755, -4.3276, 0.9889, 107.20
40, 86, 9, 26, 1.0000, 24.4019, 7.1258, -23.3382, 1.0000, 189.71
40, 92, 46, 122, 1.0000, 13.2921, -12.2642, 5.1255, 1.0000, 148.80
40, 95, 32, 125, 0.6000, 36.0675, -14.5609, 32.9976, 0.1800, 159.17
40, 27, 48, 53, 0.6222, 18.9661, 10.6093, -15.7212, 0.3111, 188.00
40, 106, 125, 119, 0.7111, 4.7134, -0.9462, -4.6174, 0.3556, 83.40
40, 34, 60, 115, 0.6222, 30.8120, -29.4908, 8.9259, 0.3111, 108.00
41, 8, 49, 27, 1.0000, 1.7119, 1.7114, 0.0412, 1.0000, 247.05
41, 92, 44, 127, 1.0000, 6.1761, -3.4104, 5.1491, 1.0000, 148.09
41, 95, 58, 98, 0.6556, 30.6766, 22.2138, -21.1567, 0.2622, 160.12
41, 27, 47, 51, 0.6806, 2.7117, -0.2583, -2.6994, 0.4083, 192.50
41, 34, 54, 116, 0.6806, 7.0511, -6.8897, 1.5003, 0.4083, 118.50
42, 8, 51, 28, 1.0000, 2.1250, 1.9867, 0.7540, 1.0000, 247.11
42, 95, 103, 101, 0.7111, 44.3934, 44.3633, 1.6355, 0.3556, 148.10
42, 66, 51, 40, 0.5625, 36.7274, 36.5256, -3.8448, 0.2250, 209.75
42, 92, 41, 132, 0.9000, 6.1761, -3.4104, 5.1491, 0.9000, 148.09
43, 8, 52, 28, 1.0000, 1.3444, 1.3077, 0.3121, 1.0000, 247.23
43, 105, 70, 57, 0.6000, 77.8320, 69.8053, 34.4245, 0.1800, 196.67
43, 34, 56, 115, 0.7951, 0.5534, 0.3648, -0.4161, 0.6361, 133.88
43, 66, 119, 37, 0.6222, 65.0698, 64.9876, -3.2692, 0.3111, 193.40
43, 110, 68, 92, 0.6000, 50.7295, -40.3411, -30.7584, 0.1800, 127.00
43, 92, 37, 137, 0.8000, 6.1761, -3.4104, 5.1491, 0.8000, 148.09
44, 8, 54, 28, 1.0000, 1.7059, 1.7058, 0.0169, 1.0000, 247.46
44, 105, 76, 91, 0.6556, 35.7613, 11.2456, 33.9471, 0.2622, 191.50
44, 40, 41, 44, 0.5625, 71.8264, -70.2734, -14.8558, 0.2250, 148.00
44, 108, 71, 56, 0.6000, 60.1690, -48.5772, -35.5045, 0.1800, 126.83
44, 109, 57, 97, 0.6000, 57.8028, -51.5365, -26.1756, 0.1800, 128.67
44, 110, 5, 28, 0.6556, 86.5213, -61.0780, -61.2814, 0.2622, 147.25
44, 92, 34, 142, 0.7000, 6.1761, -3.4104, 5.1491, 0.7000, 148.09
44, 66, 184, 34, 0.5222, 65.0698, 64.9876, -3.2692, 0.2611, 193.40
45, 8, 55, 28, 1.0000, 1.2585, 1.2579, -0.0414, 1.0000, 246.90
45, 96, 127, 106, 1.0000, 0.8568, -0.5635, 0.6454, 1.0000, 86.60
45, 104, 43, 56, 0.6000, 68.7212, 41.3877, 54.8604, 0.1800, 218.33
45, 105, 118, 97, 0.7111, 41.2219, 40.4470, 7.9555, 0.3556, 169.60
45, 40, 4, 55, 0.6222, 40.8197, -39.7942, 9.0923, 0.3111, 157.00
45, 108, 63, 51, 0.6556, 13.7014, -11.1655, -7.9411, 0.2622, 145.62
45, 109, 36, 106, 0.6556, 24.6668, -23.8231, 6.3962, 0.2622, 134.00
45, 5, 127, 91, 0.5625, 61.6048, 0.0000, 61.6048, 0.2250, 114.00
45, 92, 31, 148, 0.6000, 6.1761, -3.4104, 5.1491, 0.6000, 148.09
45, 110, -56, -34, 0.5556, 86.5213, -61.0780, -61.2814, 0.2222, 147.25
46, 8, 57, 28, 1.0000, 1.7207, 1.7206, -0.0208, 1.0000, 247.02
46, 96, 117, 107, 1.0000, 10.5244, -10.4784, 0.9830, 1.0000, 86.55
46, 104, 75, 56, 0.6556, 33.3766, 33.0023, 4.9845, 0.2622, 213.00
46, 40, -3, 58, 0.6806, 9.9043, -9.4271, 3.0374, 0.4083, 173.00
46, 108, 42, 18, 0.7111, 37.3509, -20.2362, -31.3940, 0.3556, 159.30
46, 109, 18, 110, 0.7111, 18.6508, -18.1259, 4.3935, 0.3556, 138.60
46, 92, 27, 153, 0.5000, 6.1761, -3.4104, 5.1491, 0.5000, 148.09
46, 105, 159, 105, 0.6111, 41.2219, 40.4470, 7.9555, 0.3056, 169.60
47, 8, 59, 28, 1.0000, 1.9937, 1.9937, -0.0027, 1.0000, 247.23
47, 21, 113, 100, 0.5625, 48.8465, 36.8778, 32.0314, 0.2250, 160.75
47, 25, 125, 109, 0.5625, 58.0205, -0.9698, 58.0124, 0.2250, 110.62
47, 104, 110, 60, 0.7111, 34.6269, 34.4170, 3.8069, 0.3556, 197.00
47, 5, 98, 130, 0.6222, 21.1353, -16.7416, 12.9004, 0.3111, 115.60
47, 40, -12, 61, 0.5806, 9.9043, -9.4271, 3.0374, 0.3483, 173.00
48, 8, 60, 28, 1.0000, 1.3316, 1.3316, 0.0021, 1.0000, 247.35
48, 21, 115, 69, 0.6222, 25.1459, 5.3067, -24.5795, 0.3111, 155.00
48, 25, 102, 132, 0.6222, 33.6868, -21.0112, 26.3311, 0.3111, 123.30
48, 5, 78, 115, 0.6806, 23.7557, -19.4411, -13.6521, 0.4083, 118.17
48, 111, 5, 56, 0.6000, 15.1979, -12.4956, 8.6508, 0.1800, 206.00
49, 8, 62, 28, 1.0000, 1.6967, 1.6967, 0.0014, 1.0000, 247.54
49, 21, 82, 39, 0.6806, 42.8510, -30.4383, -30.1616, 0.4083, 162.50
49, 25, 98, 131, 0.6806, 4.8872, -4.7603, 1.1067, 0.4083, 127.58
49, 111, 4, 57, 0.6556, 2.8354, -2.0424, 1.9667, 0.2622, 207.75
50, 8, 64, 29, 1.0000, 2.0906, 1.9691, 0.7024, 1.0000, 247.65
50, 111, 6, 56, 0.7111, 1.7625, 1.7049, -0.4468, 0.3556, 207.00
51, 8, 65, 29, 1.0000, 1.3769, 1.3374, 0.3273, 1.0000, 247.76
51, 95, 121, 108, 1.0000, 2.3674, 2.2313, 0.7911, 1.0000, 114.96
51, 111, 8, 56, 0.7667, 1.6738, 1.6250, -0.4012, 0.4600, 209.33
51, 112, 40, 19, 0.6000, 9.2489, -3.6831, 8.4839, 0.1800, 207.67
51, 114, 63, 94, 0.6000, 77.3617, 22.4622, 74.0289, 0.1800, 195.00
52, 8, 67, 30, 1.0000, 1.8441, 1.6926, 0.7320, 1.0000, 247.93
52, 32, 124, 124, 1.0000, 2.4051, 2.4051, -0.0065, 1.0000, 148.18
52, 111, 10, 40, 0.8222, 14.8030, 1.9188, -14.6781, 0.5756, 211.86
52, 112, 40, 21, 0.6556, 2.9946, -0.9423, 2.8424, 0.2622, 206.00
52, 114, 73, 114, 0.6556, 27.6427, 11.1208, 25.3071, 0.2622, 183.00
52, 115, 85, 32, 0.6000, 43.2540, -34.6032, 25.9524, 0.1800, 142.67
53, 8, 69, 30, 1.0000, 1.9860, 1.9640, 0.2946, 1.0000, 248.03
53, 4, 101, 3, 0.5625, 25.8151, -17.2625, -19.1944, 0.2250, 143.00
53, 112, 35, 18, 0.7111, 5.3786, -4.7117, -2.5941, 0.3556, 206.40
53, 115, 9, 46, 0.6556, 74.0052, -72.5342, 14.6821, 0.2622, 158.75
53, 114, 84, 140, 0.5556, 27.6427, 11.1208, 25.3071, 0.2222, 183.00
54, 8, 70, 30, 1.0000, 1.3487, 1.3486, 0.0189, 1.0000, 247.46
54, 4, 35, -1, 0.6222, 62.0144, -61.7803, -5.3840, 0.3111, 158.40
54, 112, 18, 25, 0.7667, 17.1202, -15.9953, 6.1036, 0.4600, 207.00
54, 49, 68, 99, 0.5625, 11.6405, -11.4758, 1.9517, 0.2250, 160.25
54, 115, -64, 60, 0.5556, 74.0052, -72.5342, 14.6821, 0.2222, 158.75
55, 8, 72, 31, 1.0000, 1.8058, 1.6882, 0.6410, 1.0000, 247.63
55, 4, 1, 15, 0.6806, 38.5314, -35.7123, 14.4673, 0.4083, 163.67
55, 112, 10, 30, 0.8222, 10.1926, -8.5555, 5.5401, 0.5756, 206.86
55, 49, 51, 108, 0.6222, 18.9736, -17.0059, 8.4141, 0.3111, 161.00
56, 8, 73, 31, 1.0000, 1.3177, 1.2799, 0.3131, 1.0000, 247.70
56, 112, 0, 70, 0.8778, 38.6919, -9.5595, 37.4924, 0.7022, 205.12
56, 49, 49, 110, 0.6806, 3.8667, -3.0561, 2.3689, 0.4083, 159.67
57, 8, 75, 32, 1.0000, 1.8409, 1.6946, 0.7193, 1.0000, 247.81
57, 49, 44, 110, 0.7381, 4.4492, -4.4250, 0.4632, 0.5167, 159.29
57, 116, 45, 22, 0.6000, 37.7408, -36.4963, -9.6120, 0.1800, 195.67
58, 8, 76, 32, 1.0000, 1.3376, 1.3016, 0.3083, 1.0000, 247.80
58, 104, 13, 32, 1.0000, 25.7578, -21.9699, 13.4458, 1.0000, 175.36
58, 113, 84, 57, 0.6000, 61.4794, 40.0207, 46.6697, 0.1800, 206.00
58, 116, 30, 17, 0.6556, 17.9187, -17.0924, -5.3787, 0.2622, 199.25
59, 8, 78, 33, 1.0000, 1.8350, 1.6976, 0.6966, 1.0000, 247.82
59, 113, 93, 50, 0.6556, 12.3645, 12.1615, -2.2310, 0.2622, 198.50
59, 116, 7, 43, 0.7111, 32.9918, -22.7706, 23.8738, 0.3556, 201.20
60, 8, 80, 33, 1.0000, 1.9912, 1.9678, 0.3043, 1.0000, 247.96
60, 87, 26, 29, 0.5625, 19.5321, 16.3953, 10.6160, 0.2250, 210.75
60, 85, 70, 17, 0.5625, 14.9143, 10.5503, 10.5417, 0.2250, 189.25
60, 113, 103, 31, 0.7111, 21.2021, 10.2588, -18.5550, 0.3556, 189.00
60, 91, 126, 113, 0.5625, 2.1109, 1.8928, 0.9344, 0.2250, 87.25
60, 53, 52, 118, 0.5625, 6.9976, -6.7284, 1.9224, 0.2250, 152.00
61, 8, 82, 34, 1.0000, 2.1515, 2.0372, 0.6920, 1.0000, 248.00
61, 21, 21, 56, 1.0000, 1.9346, 1.9223, -0.2176, 1.0000, 189.03
61, 87, 46, 25, 0.6222, 19.9892, 19.8555, -2.3079, 0.3111, 208.40
61, 85, 73, 20, 0.6222, 4.7083, 3.3262, 3.3323, 0.3111, 192.00
61, 91, 127, 114, 0.6722, 1.6498, 1.2752, 1.0467, 0.3361, 90.40
61, 113, 114, 12, 0.6111, 21.2021, 10.2588, -18.5550, 0.3056, 189.00
62, 8, 83, 34, 1.0000, 1.4059, 1.3715, 0.3092, 1.0000, 248.08
62, 87, 43, 6, 0.6806, 17.5861, -2.3400, -17.4297, 0.4083, 211.67
62, 85, 73, 20, 0.6806, 0.7928, 0.5592, 0.5621, 0.4083, 190.33
62, 91, 125, 105, 0.6806, 8.0397, -1.4586, -7.9063, 0.4083, 88.00
62, 53, 67, 86, 0.6222, 20.9302, 9.5891, -18.6044, 0.3111, 154.60
62, 58, 65, 117, 0.5625, 26.4184, 24.9619, 8.6508, 0.2250, 164.00
62, 99, 20, 15, 0.5625, 19.7303, -19.1360, -4.8060, 0.2250, 206.50
63, 8, 85, 34, 1.0000, 1.6597, 1.6592, 0.0388, 1.0000, 247.62
63, 90, 94, 61, 0.5625, 38.7009, -29.2463, 25.3458, 0.2250, 130.00
63, 85, 74, 20, 0.7381, 0.6106, 0.5531, -0.2587, 0.5167, 191.86
63, 53, 44, 102, 0.6806, 26.2449, -21.9374, 14.4065, 0.4083, 157.17
63, 58, 82, 105, 0.6222, 20.3021, 17.6636, -10.0087, 0.3111, 156.60
63, 99, 6, 7, 0.6222, 15.8466, -13.9704, -7.4795, 0.3111, 208.80
63, 87, 40, -11, 0.5806, 17.5861, -2.3400, -17.4297, 0.3483, 211.67
63, 91, 124, 98, 0.5806, 8.0397, -1.4586, -7.9063, 0.3483, 88.00
64, 8, 87, 35, 1.0000, 2.0261, 1.9320, 0.6103, 1.0000, 247.70
64, 90, 37, 118, 0.6222, 76.5059, -54.5382, 53.6538, 0.3111, 136.00
64, 85, 76, 26, 0.7951, 5.7880, 1.7266, 5.5245, 0.6361, 191.00
64, 91, 113, 57, 0.7381, 27.9066, -6.8786, -27.0456, 0.5167, 94.86
64, 58, 84, 58, 0.6806, 44.0758, 3.2379, -43.9567, 0.4083, 162.17
64, 99, 4, 6, 0.6806, 3.2958, -2.8048, -1.7308, 0.4083, 211.00
65, 8, 89, 35, 1.0000, 2.0516, 2.0259, 0.3238, 1.0000, 247.78
65, 85, 90, 32, 0.8519, 14.6859, 13.4658, 5.8606, 0.7667, 188.11
65, 99, 0, 6, 0.7381, 3.9502, -3.9317, -0.3821, 0.5167, 212.00
65, 70, 66, 108, 0.5625, 13.4981, -11.2311, -7.4874, 0.2250, 148.25
65, 90, -18, 171, 0.5222, 76.5059, -54.5382, 53.6538, 0.2611, 136.00
66, 8, 90, 36, 1.0000, 1.5560, 1.3886, 0.7021, 1.0000, 247.85
66, 85, 80, 25, 0.9083, 10.8239, -8.9027, -6.1563, 0.9083, 188.10
66, 70, 22, 83, 0.6222, 47.1834, -40.4492, -24.2927, 0.3111, 154.40
66, 107, 38, 13, 0.5625, 15.0144, 9.6120, 11.5344, 0.2250, 216.50
67, 8, 92, 36, 1.0000, 1.6892, 1.6571, 0.3276, 1.0000, 247.98
67, 108, 109, -1, 1.0000, 5.3480, 2.6264, 4.6587, 1.0000, 166.81
67, 107, 66, 97, 0.6222, 81.9480, 26.1361, 77.6683, 0.3111, 205.40
67, 125, 51, 24, 0.6000, 48.6649, 42.3515, 23.9714, 0.1800, 213.33
67, 70, -18, 58, 0.5222, 47.1834, -40.4492, -24.2927, 0.2611, 154.40
68, 8, 94, 36, 1.0000, 1.9246, 1.9240, 0.0504, 1.0000, 248.05
68, 124, 104, 107, 0.6000, 22.1189, -14.1620, -16.9907, 0.1800, 85.00
68, 125, 123, 52, 0.6556, 74.8457, 69.4791, 27.8303, 0.2622, 187.50
68, 107, 92, 175, 0.5222, 81.9480, 26.1361, 77.6683, 0.2611, 205.40
69, 8, 96, 32, 1.0000, 3.7577, 2.0224, -3.1671, 1.0000, 246.69
69, 123, 98, 41, 0.6000, 78.1711, -18.9679, -75.8349, 0.1800, 123.17
69, 124, 92, 103, 0.6556, 13.3590, -12.3683, -5.0484, 0.2622, 92.50
69, 128, 107, 2, 0.6556, 10.0986, 9.5804, -3.1935, 0.2622, 149.25
69, 129, 106, 109, 0.6556, 15.3656, -7.1918, -13.5787, 0.2622, 116.00
69, 125, 192, 80, 0.5556, 74.8457, 69.4791, 27.8303, 0.2222, 187.50
70, 8, 105, 45, 1.0000, 12.1072, 7.6323, 9.3985, 1.0000, 245.08
70, 123, 69, -2, 0.6556, 53.1777, -27.9508, -45.2396, 0.2622, 145.12
70, 124, 88, 88, 0.7111, 15.5894, -4.5459, -14.9119, 0.3556, 99.00
70, 128, 113, 0, 0.7111, 7.5000, 7.0297, -2.6140, 0.3556, 170.40
70, 129, 106, 105, 0.7111, 4.2547, -0.6076, -4.2111, 0.3556, 113.60
70, 94, 90, 115, 0.5625, 45.0433, 34.6032, 28.8360, 0.2250, 194.25
70, 37, 63, 81, 0.5400, 41.7320, 32.6808, 25.9524, 0.2700, 228.80
71, 8, 103, 41, 1.0000, 0.9226, -0.3747, -0.8430, 1.0000, 245.24
71, 124, 88, 84, 0.7667, 4.1074, 0.1743, -4.1037, 0.4600, 103.33
71, 128, 116, 0, 0.7667, 2.6440, 2.6111, -0.4157, 0.4600, 184.50
71, 129, 98, 105, 0.7667, 7.3772, -7.3677, -0.3732, 0.4600, 112.67
71, 94, 87, 124, 0.6222, 10.5695, 0.6816, 10.5475, 0.3111, 176.20
71, 37, 93, 115, 0.6000, 45.0246, 30.5823, 33.0444, 0.3600, 212.83
71, 123, 41, -47, 0.5556, 53.1777, -27.9508, -45.2396, 0.2222, 145.12
72, 128, 117, 0, 0.8222, 1.5487, 1.5343, 0.2107, 0.5756, 194.57
72, 129, 98, 106, 0.8222, 0.7847, -0.6537, 0.4342, 0.5756, 114.21
72, 94, 94, 118, 0.6806, 7.8390, 6.5455, -4.3135, 0.4083, 178.17
72, 37, 119, 130, 0.6587, 30.3544, 25.7920, 16.0051, 0.4611, 202.14
73, 14, 80, 105, 0.5400, 59.8842, -42.3427, 42.3464, 0.2700, 113.40
73, 128, 118, 0, 0.8778, 0.9666, 0.9588, 0.1222, 0.7022, 198.62
73, 129, 94, 117, 0.8778, 11.4983, -4.1084, 10.7393, 0.7022, 113.44
73, 67, 81, 29, 0.5400, 1.3802, 0.9612, 0.9905, 0.2700, 193.40
73, 137, 103, 39, 0.6000, 47.8281, 46.1669, 12.4956, 0.1800, 222.33
73, 143, 15, 77, 0.6000, 4.0782, 2.9129, -2.8543, 0.1800, 177.67
73, 37, 145, 146, 0.5587, 30.3544, 25.7920, 16.0051, 0.3911, 202.14
74, 14, 75, 112, 0.6000, 13.0984, -8.4285, 10.0263, 0.3600, 118.17
74, 124, 67, 23, 0.8778, 22.5240, -6.4691, -21.5751, 0.7022, 124.88
74, 128, 120, 0, 0.9333, 1.7281, 1.7280, 0.0114, 0.8400, 201.33
74, 129, 99, 118, 0.9333, 4.5516, 4.4523, 0.9458, 0.8400, 124.61
74, 130, 26, 6, 0.6000, 5.0138, -1.8621, 4.6552, 0.1800, 219.33
74, 67, 102, 37, 0.6000, 20.7430, 19.3792, 7.3973, 0.3600, 197.83
74, 137, 118, 103, 0.6556, 62.3231, 18.4662, 59.5245, 0.2622, 201.75
74, 140, 35, 41, 0.6000, 13.6601, 10.8657, -8.2786, 0.1800, 199.00
74, 143, 26, 85, 0.6556, 12.5795, 10.2294, 7.3215, 0.2622, 173.00
75, 3, 64, 78, 0.5400, 79.9661, -26.1623, 75.5653, 0.2700, 158.20
75, 14, 80, 109, 0.6587, 4.6334, 4.1594, -2.0414, 0.4611, 119.86
75, 126, 7, 52, 0.6000, 10.6379, 4.7743, 9.5064, 0.1800, 195.67
75, 130, 13, 4, 0.6556, 11.8035, -11.7411, -1.2123, 0.2622, 218.25
75, 67, 109, 41, 0.6587, 8.4164, 7.5119, 3.7956, 0.4611, 205.71
75, 140, 39, 30, 0.6556, 11.5391, 4.3975, -10.6683, 0.2622, 199.25
75, 143, 33, 98, 0.7111, 14.5589, 7.6874, 12.3639, 0.3556, 174.20
75, 128, 122, 0, 0.8333, 1.7281, 1.7280, 0.0114, 0.7500, 201.33
75, 137, 137, 162, 0.5556, 62.3231, 18.4662, 59.5245, 0.2222, 201.75
76, 3, 75, 125, 0.6000, 50.0605, 7.5254, 49.4916, 0.3600, 156.67
76, 126, 11, 88, 0.6556, 33.8850, 4.3613, 33.6032, 0.2622, 189.75
76, 67, 111, 63, 0.7167, 21.4716, 2.2895, 21.3492, 0.5733, 196.38
76, 140, 36, 40, 0.7111, 8.6370, -2.4176, 8.2917, 0.3556, 200.80
76, 143, 34, 100, 0.7667, 2.4446, 1.1123, 2.1768, 0.4600, 175.67
76, 128, 123, 0, 0.7333, 1.7281, 1.7280, 0.0114, 0.6600, 201.33
76, 130, 2, 3, 0.5556, 11.8035, -11.7411, -1.2123, 0.2222, 218.25
77, 118, 23, 23, 0.6000, 56.3827, -51.7210, -22.4488, 0.1800, 209.00
77, 126, 44, 112, 0.7111, 38.9729, 30.8041, 23.8745, 0.3556, 181.80
77, 94, 108, 108, 0.9646, 1.9532, 1.9261, 0.3244, 0.9646, 158.55
77, 67, 115, 102, 0.7741, 38.3714, 3.8209, 38.1807, 0.6967, 184.11
77, 140, 41, 52, 0.7667, 12.0878, 4.3541, 11.2764, 0.4600, 202.83
77, 141, 42, 40, 0.6000, 29.7152, 19.5369, -22.3897, 0.1800, 197.00
77, 143, 32, 98, 0.8222, 2.2759, -1.4663, -1.7405, 0.5756, 177.00
77, 3, 82, 174, 0.5000, 50.0605, 7.5254, 49.4916, 0.3000, 156.67
77, 128, 125, 0, 0.6333, 1.7281, 1.7280, 0.0114, 0.5700, 201.33
78, 118, 34, 2, 0.6556, 21.6377, 5.0607, -21.0376, 0.2622, 209.25
78, 94, 109, 109, 1.0000, 1.4289, 1.1372, 0.8651, 1.0000, 155.58
78, 130, 14, 10, 0.7111, 4.3036, 3.2093, 2.8673, 0.3556, 221.60
78, 141, 99, 27, 0.6556, 55.0647, 53.3127, -13.7797, 0.2622, 186.00
78, 143, 18, 80, 0.8778, 21.2027, -13.6019, -16.2648, 0.7022, 177.12
78, 147, 96, 72, 0.6000, 46.1021, -23.9714, -39.3799, 0.1800, 126.00
78, 126, 75, 135, 0.6111, 38.9729, 30.8041, 23.8745, 0.3056, 181.80
78, 128, 127, 0, 0.5333, 1.7281, 1.7280, 0.0114, 0.4800, 201.33
79, 118, 18, 6, 0.7111, 14.3582, -14.0993, 2.7142, 0.3556, 214.20
79, 94, 111, 109, 1.0000, 1.8059, 1.7976, 0.1728, 1.0000, 154.85
79, 141, 120, 38, 0.7111, 25.1191, 23.1203, 9.8195, 0.3556, 199.80
79, 145, 96, 66, 0.6000, 66.2313, -9.3714, 65.5650, 0.1800, 152.33
79, 147, 37, 88, 0.6556, 56.8460, -55.7730, 10.9931, 0.2622, 144.75
80, 122, 47, 52, 0.6000, 11.7754, 10.7202, 4.8720, 0.1800, 216.67
80, 67, 126, 114, 0.9444, 2.1078, 1.7099, -1.2325, 0.9444, 162.83
80, 145, 75, 123, 0.6556, 61.0961, -20.0662, 57.7069, 0.2622, 145.00
80, 146, 117, 42, 0.6000, 8.4459, -7.5524, 3.7808, 0.1800, 169.00
80, 147, 3, 123, 0.7111, 48.1650, -35.4731, 32.5811, 0.3556, 145.60
81, 120, 23, 1, 0.6000, 47.8560, -37.0820, -30.2511, 0.1800, 202.33
81, 122, 24, 80, 0.6556, 32.6376, -19.9164, 25.8564, 0.2622, 208.25
81, 146, 55, 50, 0.6556, 58.6640, -58.0928, 8.1667, 0.2622, 180.25
81, 145, 55, 181, 0.5556, 61.0961, -20.0662, 57.7069, 0.2222, 145.00
81, 147, -33, 155, 0.6111, 48.1650, -35.4731, 32.5811, 0.3056, 145.60
82, 52, 64, 31, 0.5625, 65.5881, 10.7813, -64.6959, 0.2250, 173.50
82, 120, 19, 7, 0.6556, 8.0688, -7.5916, 2.7335, 0.2622, 203.75
82, 122, 34, 124, 0.7111, 44.0180, 8.7872, 43.1320, 0.3556, 194.00
82, 146, 26, 89, 0.7111, 48.1973, -30.9188, 36.9731, 0.3556, 180.00
83, 52, 68, 11, 0.6222, 24.4498, 4.7943, -23.9752, 0.3111, 181.00
83, 131, 97, 63, 0.6000, 51.9442, 25.1439, 45.4530, 0.1800, 168.67
83, 88, 51, 52, 0.5400, 13.3020, 8.4233, -10.2952, 0.2700, 216.60
83, 120, 11, 10, 0.5556, 8.0688, -7.5916, 2.7335, 0.2222, 203.75
83, 122, 43, 167, 0.6111, 44.0180, 8.7872, 43.1320, 0.3056, 194.00
84, 52, 34, -1, 0.6806, 33.9144, -31.4979, -12.5725, 0.4083, 187.50
84, 14, -1, 109, 1.0000, 25.7987, -22.8435, -11.9894, 1.0000, 130.00
84, 120, 22, 12, 0.7111, 4.2995, 3.5528, 2.4213, 0.3556, 204.80
84, 131, 101, 108, 0.6556, 45.3582, 5.8629, 44.9777, 0.2622, 154.50
84, 88, 53, 50, 0.6000, 3.8196, 2.8670, -2.5238, 0.3600, 222.33
85, 131, 101, 114, 0.7111, 8.4101, 0.3863, 8.4012, 0.3556, 146.80
85, 88, 54, 51, 0.6587, 1.5563, 1.4804, 0.4801, 0.4611, 226.14
86, 88, 53, 51, 0.7167, 0.8646, -0.7156, 0.4853, 0.5733, 224.88
86, 153, 66, 31, 0.6000, 48.9919, -48.9919, 0.0000, 0.1800, 173.33
87, 88, 56, 50, 0.7741, 2.9130, 2.8228, -0.7195, 0.6967, 226.44
87, 97, 36, 39, 0.5625, 51.9512, 6.5515, -51.5365, 0.2250, 185.50
87, 153, 28, 27, 0.6556, 39.2971, -39.0939, -3.9918, 0.2622, 178.50
88, 88, 58, 50, 0.8311, 1.8332, 1.8095, -0.2942, 0.8311, 226.90
88, 97, 49, 3, 0.6222, 39.5956, 12.8346, -37.4578, 0.3111, 188.80
88, 153, 4, 17, 0.7111, 26.5199, -24.8135, -9.3592, 0.3556, 180.40
89, 117, 108, 13, 0.5625, 7.4651, -0.9259, -7.4074, 0.2250, 160.00
89, 154, 6, 110, 0.6000, 47.6589, -19.3858, 43.5381, 0.1800, 182.67
89, 88, 60, 50, 0.7311, 1.8332, 1.8095, -0.2942, 0.7311, 226.90
89, 97, 62, -35, 0.5222, 39.5956, 12.8346, -37.4578, 0.2611, 188.80
89, 153, -21, 8, 0.6111, 26.5199, -24.8135, -9.3592, 0.3056, 180.40
90, 117, 88, 16, 0.6222, 18.8661, -18.7489, 2.1002, 0.3111, 162.60
90, 154, 33, 130, 0.6556, 32.8534, 23.8875, 22.5550, 0.2622, 183.75
90, 88, 62, 49, 0.6311, 1.8332, 1.8095, -0.2942, 0.6311, 226.90
91, 88, 64, 49, 0.8879, 2.0047, 1.9798, -0.3144, 0.8879, 224.73
91, 117, 63, 12, 0.6806, 24.6125, -24.3897, -3.3042, 0.4083, 176.83
91, 154, 57, 153, 0.5556, 32.8534, 23.8875, 22.5550, 0.2222, 183.75
92, 88, 63, 48, 0.9444, 1.0857, -0.5946, -0.9083, 0.9444, 224.21
92, 117, 60, 11, 0.7381, 4.7124, -4.5199, -1.3331, 0.5167, 185.00
92, 158, 16, 28, 0.6000, 16.5109, -5.8552, 15.4378, 0.1800, 231.00
92, 159, 11, 40, 0.6000, 14.2317, -6.7577, 12.5249, 0.1800, 211.33
92, 162, 29, 86, 0.6000, 2.1762, 1.9224, -1.0198, 0.1800, 183.83
93, 133, 33, 1, 0.6000, 37.4286, 25.4673, -27.4284, 0.1800, 207.00
93, 138, 26, 86, 0.6000, 47.6354, -12.6993, 45.9114, 0.1800, 202.33
93, 88, 64, 49, 1.0000, 0.7111, 0.4182, 0.5752, 1.0000, 222.42
93, 121, 55, 67, 0.5625, 48.8636, -43.5381, 22.1831, 0.2250, 175.25
93, 158, 38, 47, 0.6556, 26.9597, 19.4659, 18.6522, 0.2622, 225.50
93, 162, 30, 86, 0.7056, 1.2524, 1.2354, -0.2055, 0.2822, 183.62
93, 159, 4, 52, 0.5000, 14.2317, -6.7577, 12.5249, 0.1500, 211.33
94, 133, 96, 0, 0.6556, 59.1956, 59.1229, -2.9314, 0.2622, 193.75
94, 138, 91, 127, 0.6556, 71.1263, 57.7842, 41.4721, 0.2622, 189.50
94, 88, 67, 49, 1.0000, 2.6561, 2.6396, 0.2953, 1.0000, 224.54
94, 121, 13, 88, 0.6222, 47.5965, -42.6729, 21.0820, 0.3111, 174.40
94, 158, 54, 68, 0.7111, 26.8246, 15.6811, 21.7638, 0.3556, 221.60
94, 162, 26, 86, 0.7611, 3.9135, -3.9131, 0.0608, 0.3806, 182.70
95, 152, 103, 51, 0.6000, 77.1778, -20.3035, -74.4592, 0.1800, 109.33
95, 121, -1, 81, 0.6806, 16.8397, -16.0529, -5.0875, 0.4083, 175.67
95, 158, 63, 93, 0.7667, 25.8975, 9.7597, 23.9881, 0.4600, 212.17
95, 159, 31, 87, 0.6556, 19.2206, 9.7466, 16.5661, 0.2622, 203.25
95, 162, 25, 86, 0.8167, 1.4135, -1.4127, 0.0464, 0.4900, 184.25
95, 133, 155, -3, 0.5556, 59.1956, 59.1229, -2.9314, 0.2222, 193.75
95, 138, 149, 168, 0.5556, 71.1263, 57.7842, 41.4721, 0.2222, 189.50
95, 88, 69, 49, 0.9000, 2.6561, 2.6396, 0.2953, 0.9000, 224.54
96, 135, 55, 68, 0.6000, 61.6772, -10.7710, 60.7294, 0.1800, 188.00
96, 144, 116, 56, 0.6000, 68.6850, 45.0213, 51.8720, 0.1800, 161.50
96, 88, 87, 45, 1.0000, 12.0215, 11.7910, -2.3429, 1.0000, 221.50
96, 152, 65, 39, 0.6556, 40.2534, -35.9207, -18.1668, 0.2622, 137.25
96, 158, 66, 120, 0.8222, 26.9754, 3.4203, 26.7576, 0.5756, 201.14
96, 159, 33, 89, 0.7111, 3.4737, 2.5959, 2.3082, 0.3556, 201.00
96, 162, 22, 86, 0.8722, 2.3723, -2.3723, 0.0069, 0.6106, 183.93
97, 119, 80, 32, 0.5625, 14.6824, -12.5067, -7.6913, 0.2250, 171.75
97, 43, 70, 52, 0.5400, 55.6633, 13.2651, -54.0596, 0.2700, 170.00
97, 135, 45, 129, 0.5000, 61.6772, -10.7710, 60.7294, 0.1500, 188.00
97, 144, 161, 107, 0.5000, 68.6850, 45.0213, 51.8720, 0.1500, 161.50
97, 88, 99, 43, 0.9000, 12.0215, 11.7910, -2.3429, 0.9000, 221.50
97, 152, 29, 20, 0.5556, 40.2534, -35.9207, -18.1668, 0.2222, 137.25
97, 158, 69, 146, 0.7222, 26.9754, 3.4203, 26.7576, 0.5056, 201.14
97, 162, 20, 86, 0.7722, 2.3723, -2.3723, 0.0069, 0.5406, 183.93
98, 135, 1, 127, 0.6556, 38.4603, -29.5639, 24.6003, 0.2622, 179.50
98, 88, 38, 9, 1.0000, 37.4960, -31.1203, -20.9160, 1.0000, 219.84
98, 152, 14, 44, 0.7111, 24.6188, -23.6803, 6.7324, 0.3556, 150.00
98, 119, 71, 46, 0.6222, 14.5620, -8.5673, 11.7751, 0.3111, 187.00
98, 43, 47, 0, 0.6000, 56.3248, -19.9780, -52.6627, 0.3600, 177.83
98, 160, 6, 47, 0.7056, 0.8258, 0.0147, 0.8257, 0.2822, 200.00
98, 162, 3, 89, 0.8778, 10.7097, -10.5735, 1.7027, 0.7022, 182.19
98, 134, 107, 51, 0.5625, 48.6048, -20.1852, -44.2152, 0.2250, 94.00
98, 158, 73, 173, 0.6222, 26.9754, 3.4203, 26.7576, 0.4356, 201.14
99, 135, -3, 128, 0.7111, 5.0711, -4.8670, 1.4241, 0.3556, 174.40
99, 119, 72, 50, 0.6806, 4.5924, -0.3213, 4.5811, 0.4083, 196.67
99, 160, 7, 47, 0.7611, 0.8595, 0.8189, 0.2609, 0.3806, 205.40
99, 169, 95, 116, 0.6000, 77.0303, 70.1640, 31.7911, 0.1800, 165.67
99, 43, 27, -53, 0.5000, 56.3248, -19.9780, -52.6627, 0.3000, 177.83
99, 158, 76, 200, 0.5222, 26.9754, 3.4203, 26.7576, 0.3656, 201.14
100, 119, 75, 50, 0.7381, 2.6493, 2.6479, -0.0844, 0.5167, 200.29
100, 159, 33, 68, 0.8778, 6.7058, -1.4055, -6.5569, 0.7022, 196.88
100, 160, 7, 48, 0.8167, 0.8284, 0.2599, 0.7866, 0.4900, 208.00
100, 31, 44, 59, 0.5250, 34.3172, -27.3446, 20.7351, 0.3150, 224.17
100, 134, 117, 30, 0.6222, 10.8560, 9.2356, -5.7058, 0.3111, 100.00
100, 169, 165, 148, 0.5000, 77.0303, 70.1640, 31.7911, 0.1500, 165.67
101, 119, 75, 48, 0.7951, 1.6962, 0.8683, -1.4571, 0.6361, 203.62
101, 160, 7, 48, 0.8722, 0.2213, -0.0232, 0.2201, 0.6106, 212.43
101, 31, 13, 40, 0.5841, 33.6103, -30.1448, -14.8642, 0.4089, 222.71
101, 134, 77, 14, 0.6806, 40.9482, -38.1101, -14.9790, 0.4083, 114.17
102, 160, 16, 46, 0.8778, 8.1569, 7.9908, -1.6377, 0.7022, 212.00
102, 31, 6, 31, 0.6424, 12.7829, -8.4566, -9.5859, 0.5139, 220.12
102, 60, 37, 76, 0.5400, 11.5344, 0.0293, -11.5344, 0.2700, 190.20
102, 171, 63, 57, 0.6000, 47.2880, -47.0402, 4.8353, 0.1800, 161.33
102, 172, 19, 27, 0.6000, 55.0280, -4.8060, -54.8177, 0.1800, 199.33
102, 176, 41, 120, 0.6000, 55.9514, -55.7496, 4.7474, 0.1800, 127.22
103, 160, 24, 75, 0.9333, 27.9736, 8.2637, 26.7251, 0.8400, 209.74
103, 60, 58, 73, 0.6000, 19.6133, 19.1542, -4.2190, 0.3600, 190.17
103, 142, 92, 110, 0.5625, 73.4746, 67.4775, 29.0743, 0.2250, 177.00
103, 171, 28, 80, 0.6556, 41.6564, -35.4699, 21.8435, 0.2622, 167.25
103, 172, 9, 46, 0.6556, 15.7733, -9.8746, 12.3000, 0.2622, 201.25
103, 176, 33, 93, 0.6556, 26.4586, -11.8759, -23.6436, 0.2622, 140.42
104, 60, 79, 57, 0.6587, 25.6403, 20.5516, -15.3314, 0.4611, 189.71
104, 142, 131, 123, 0.6222, 43.7511, 41.3460, 14.3064, 0.3111, 156.60
104, 171, 0, 97, 0.7111, 33.3121, -28.8023, 16.7371, 0.3556, 168.80
104, 172, 6, 45, 0.7111, 3.2857, -3.2852, -0.0551, 0.3556, 200.00
104, 176, 18, 61, 0.7111, 34.7434, -14.7425, -31.4604, 0.3556, 153.73
105, 149, 4, 118, 0.6000, 68.6730, -3.9211, 68.5609, 0.1800, 186.67
105, 60, 99, 41, 0.5587, 25.6403, 20.5516, -15.3314, 0.3911, 189.71
105, 142, 172, 138, 0.5222, 43.7511, 41.3460, 14.3064, 0.2611, 156.60
105, 176, 4, 30, 0.6111, 34.7434, -14.7425, -31.4604, 0.3056, 153.73
106, 149, 1, 106, 0.6556, 5.6632, -3.2651, -4.6272, 0.2622, 187.50
106, 132, 44, 65, 0.5625, 52.2396, 11.5637, 50.9436, 0.2250, 228.00
106, 177, 31, 15, 0.6000, 30.3502, 29.7972, -5.7672, 0.1800, 228.67
106, 182, 79, 81, 0.6000, 56.7131, 56.6815, 1.8931, 0.1800, 191.67
106, 184, 62, 75, 0.6000, 54.8251, 52.8953, -14.4180, 0.1800, 174.33
106, 176, -11, -2, 0.5111, 34.7434, -14.7425, -31.4604, 0.2556, 153.73
107, 149, 1, 96, 0.7111, 9.7383, -0.5340, -9.7236, 0.3556, 187.20
107, 132, 30, 101, 0.6222, 38.9456, -11.7548, 37.1293, 0.3111, 215.60
107, 177, 57, 14, 0.6556, 25.9680, 25.9349, -1.3111, 0.2622, 226.75
107, 182, 125, 104, 0.6556, 51.7693, 47.2290, 21.2010, 0.2622, 165.50
107, 184, 115, 61, 0.5000, 54.8251, 52.8953, -14.4180, 0.1500, 174.33
108, 132, 42, 123, 0.6806, 25.7167, 11.1905, 23.1542, 0.4083, 203.83
108, 177, 84, 12, 0.7111, 27.2248, 27.1407, -2.1388, 0.3556, 228.80
108, 181, 8, 24, 0.6000, 62.5185, -30.5101, -54.5683, 0.1800, 193.00
108, 184, 96, 53, 0.6556, 15.8490, 11.5414, -10.8622, 0.2622, 173.25
108, 182, 173, 125, 0.5556, 51.7693, 47.2290, 21.2010, 0.2222, 165.50
109, 89, 83, 114, 0.5400, 0.9773, 0.0015, 0.9773, 0.2700, 120.50
109, 156, 19, 68, 0.6000, 54.9597, -5.8536, -54.6471, 0.1800, 169.67
109, 184, 110, 52, 0.7111, 13.3000, 13.2784, -0.7572, 0.3556, 167.20
109, 132, 53, 146, 0.5806, 25.7167, 11.1905, 23.1542, 0.3483, 203.83
109, 177, 111, 10, 0.6111, 27.2248, 27.1407, -2.1388, 0.3056, 228.80
109, 181, -22, -30, 0.5000, 62.5185, -30.5101, -54.5683, 0.1500, 193.00
110, 156, 22, 39, 0.6556, 30.7780, 1.8668, -30.7213, 0.2622, 177.50
110, 177, 138, 8, 0.5111, 27.2248, 27.1407, -2.1388, 0.2556, 228.80
111, 156, 3, 8, 0.7111, 35.8064, -17.3922, -31.2987, 0.3556, 187.40
112, 89, 50, 121, 0.6000, 13.8310, -13.5724, 2.6618, 0.3600, 125.25
112, 31, 37, 15, 1.0000, 0.3877, 0.3849, 0.0468, 1.0000, 227.32
112, 168, 92, 37, 0.6000, 65.5768, 62.0133, -21.3228, 0.1800, 202.67
112, 172, 11, 54, 1.0000, 0.6100, 0.1995, 0.5765, 1.0000, 210.81
112, 186, 82, 24, 0.6000, 74.9735, 73.1000, 16.6557, 0.1800, 203.33
113, 89, 20, 119, 0.6587, 29.9887, -29.9076, -2.2040, 0.4611, 130.64
113, 136, 69, 13, 0.5625, 22.1561, 3.8068, -21.8266, 0.2250, 199.00
113, 139, 83, 37, 0.5625, 41.7092, 38.8618, -15.1465, 0.2250, 206.50
113, 180, 89, 31, 0.6000, 34.2418, -25.5894, -22.7527, 0.1800, 147.00
113, 186, 127, 60, 0.6556, 58.4347, 46.9151, 34.8366, 0.2622, 178.75
113, 150, 83, 117, 0.5625, 71.1500, 66.5112, 25.2700, 0.2250, 164.00
113, 168, 154, 15, 0.5000, 65.5768, 62.0133, -21.3228, 0.1500, 202.67
114, 89, 2, 105, 0.7167, 22.8950, -18.7696, -13.1104, 0.5733, 135.00
114, 136, 100, 18, 0.6222, 29.1278, 29.0076, 2.6442, 0.3111, 188.60
114, 139, 126, 13, 0.6222, 49.0525, 43.3147, -23.0213, 0.3111, 189.80
114, 180, 84, 27, 0.6556, 8.4748, -6.3364, -5.6279, 0.2622, 153.00
114, 186, 174, 95, 0.5556, 58.4347, 46.9151, 34.8366, 0.2222, 178.75
115, 163, 13, 56, 0.6000, 53.1942, -50.8423, 15.6425, 0.1800, 201.67
115, 136, 126, 60, 0.6806, 47.2554, 26.3949, 39.1967, 0.4083, 173.50
115, 180, 53, 41, 0.7111, 32.1698, -29.6869, 12.3927, 0.3556, 162.40
115, 139, 170, -10, 0.5222, 49.0525, 43.3147, -23.0213, 0.2611, 189.80
116, 149, 7, 26, 1.0000, 14.8045, -1.4206, -14.7362, 1.0000, 187.21
116, 163, 7, 58, 0.6556, 11.1947, -10.6280, 3.5167, 0.2622, 201.50
117, 163, 33, 51, 0.7111, 24.6488, 23.9855, -5.6796, 0.3556, 202.60
118, 148, 21, 24, 0.5625, 35.6764, -35.5644, -2.8250, 0.2250, 194.00
118, 189, 65, 44, 0.6000, 35.5481, -35.5351, -0.9612, 0.1800, 190.00
118, 190, 76, 82, 0.6000, 52.6910, -50.9436, 13.4568, 0.1800, 123.33
119, 156, 8, 8, 1.0000, 1.0045, 1.0045, 0.0076, 1.0000, 211.15
119, 189, 16, 56, 0.6556, 49.2448, -48.0100, 10.9586, 0.2622, 192.50
119, 190, 43, 95, 0.6556, 36.4996, -33.9358, 13.4380, 0.2622, 135.75
119, 192, 103, 44, 0.6000, 21.1682, 16.3404, 13.4568, 0.1800, 170.00
120, 148, 12, 57, 0.6222, 19.2331, 0.1418, 19.2326, 0.3111, 195.60
120, 151, 51, 105, 0.5625, 12.3531, -2.6999, 12.0545, 0.2250, 166.75
120, 189, 0, 79, 0.7111, 28.4804, -17.8479, 22.1943, 0.3556, 189.00
120, 190, 25, 121, 0.7111, 32.0536, -19.7280, 25.2634, 0.3556, 140.60
120, 192, 56, 91, 0.6556, 61.1016, -41.7918, 44.5742, 0.2622, 171.25
120, 161, 23, 68, 0.5625, 0.0293, 0.0000, -0.0293, 0.2250, 214.25
121, 185, 56, 95, 0.6000, 32.7388, -6.7897, -32.0270, 0.1800, 146.67
121, 148, 15, 61, 0.6806, 5.6548, 2.5844, 5.0297, 0.4083, 197.33
121, 151, 30, 122, 0.6222, 26.1261, -20.0525, 16.7473, 0.3111, 163.20
121, 72, 87, 36, 0.5250, 70.3899, -0.0391, -70.3899, 0.3150, 129.83
121, 161, 24, 67, 0.6722, 1.1244, 0.7984, -0.7918, 0.3361, 214.20
121, 189, -18, 101, 0.6111, 28.4804, -17.8479, 22.1943, 0.3056, 189.00
121, 190, 5, 146, 0.6111, 32.0536, -19.7280, 25.2634, 0.3056, 140.60
121, 192, 14, 136, 0.5556, 61.1016, -41.7918, 44.5742, 0.2222, 171.25
122, 173, 30, 123, 0.6000, 68.2798, -56.6610, 38.1006, 0.1800, 159.33
122, 185, 80, 82, 0.6556, 25.8659, 20.8023, -15.3724, 0.2622, 153.00
122, 187, 8, 64, 0.6000, 56.2483, -1.8858, 56.2166, 0.1800, 208.00
122, 151, 14, 129, 0.6806, 17.1384, -15.6529, 6.9792, 0.4083, 159.83
122, 161, 24, 66, 0.7306, 1.0826, 0.2474, -1.0540, 0.4383, 215.17
123, 187, 10, 107, 0.6556, 44.0701, 1.1376, 44.0554, 0.2622, 196.62
123, 151, 2, 126, 0.7381, 13.0185, -12.9203, -1.5957, 0.5167, 158.86
123, 161, 24, 66, 0.7881, 0.2342, -0.0259, -0.2328, 0.5517, 212.86
123, 173, -27, 161, 0.5000, 68.2798, -56.6610, 38.1006, 0.1500, 159.33
123, 185, 101, 66, 0.5556, 25.8659, 20.8023, -15.3724, 0.2222, 153.00
124, 185, 113, 41, 0.7111, 26.3306, 15.9736, -20.9319, 0.3556, 153.80
124, 187, 27, 129, 0.7111, 29.1869, 16.8152, 23.8563, 0.3556, 189.30
124, 151, 5, 121, 0.7951, 5.1839, 2.1614, -4.7118, 0.6361, 157.62
124, 161, 24, 65, 0.8451, 0.7461, -0.0407, -0.7450, 0.6761, 213.75
125, 151, 8, 111, 0.8519, 10.8386, 3.1916, -10.3580, 0.7667, 161.22
125, 161, 24, 64, 0.9019, 1.0172, -0.0100, -1.0172, 0.8117, 213.33
126, 174, 117, 124, 0.6000, 64.0141, 57.8305, 27.4489, 0.1800, 133.00
126, 161, 24, 63, 0.9583, 1.0396, 0.0021, -1.0396, 0.9583, 212.20
126, 165, 61, 95, 0.5625, 10.7728, 9.6413, -4.8060, 0.2250, 165.50
126, 166, 75, 86, 0.5625, 1.9813, -1.9810, 0.0293, 0.2250, 194.25
127, 174, 119, 117, 0.6556, 9.1470, 8.0961, -4.2570, 0.2622, 121.00
127, 148, 12, 60, 1.0000, 3.8245, -3.4930, -1.5576, 1.0000, 198.92
127, 161, 24, 63, 1.0000, 0.2165, 0.0020, -0.2165, 1.0000, 213.09
127, 193, 47, 17, 0.6000, 22.1524, 15.1904, 16.1238, 0.1800, 224.00
127, 165, 62, 70, 0.6222, 23.5478, 2.1787, -23.4468, 0.3111, 168.00
127, 166, 74, 86, 0.6722, 1.2224, -1.2223, -0.0065, 0.3361, 192.40
128, 161, 24, 62, 1.0000, 0.7245, 0.0004, -0.7245, 1.0000, 211.17
128, 193, 50, 20, 0.6556, 5.4606, 3.7370, 3.9815, 0.2622, 231.25
128, 165, 80, 21, 0.6806, 50.1039, 16.5548, -47.2899, 0.4083, 169.00
128, 166, 72, 85, 0.7306, 1.9420, -1.7614, -0.8178, 0.4383, 189.50
128, 194, 13, 38, 0.6000, 15.1763, 9.2532, -12.0291, 0.1800, 196.67
128, 174, 128, 112, 0.5556, 9.1470, 8.0961, -4.2570, 0.2222, 121.00
129, 161, 24, 61, 1.0000, 1.0103, -0.0001, -1.0103, 1.0000, 211.54
129, 193, 50, 19, 0.7111, 0.7412, 0.1180, -0.7317, 0.3556, 235.60
129, 166, 71, 85, 0.7881, 1.2417, -1.2141, -0.2605, 0.5517, 191.43
129, 194, 28, 22, 0.6556, 21.5192, 14.4390, -15.9559, 0.2622, 199.25
129, 165, 96, -26, 0.5806, 50.1039, 16.5548, -47.2899, 0.3483, 169.00
130, 161, 24, 60, 1.0000, 1.0416, -0.0001, -1.0416, 1.0000, 210.00
130, 166, 70, 84, 0.8451, 1.2474, -0.9696, -0.7848, 0.6761, 192.88
130, 194, 30, 2, 0.7111, 19.8852, 2.5470, -19.7214, 0.3556, 204.00
130, 196, 11, 63, 0.6000, 46.4006, -3.6450, -46.2572, 0.1800, 180.00
130, 170, 58, 84, 0.5625, 12.8828, -5.7379, -11.5344, 0.2250, 158.50
131, 174, 123, 67, 0.7111, 15.0530, -1.3573, -14.9917, 0.3556, 118.20
131, 161, 24, 60, 1.0000, 0.2362, -0.0000, -0.2362, 1.0000, 210.07
131, 166, 68, 83, 0.9019, 2.0420, -1.7651, -1.0266, 0.8117, 190.78
131, 194, 38, 1, 0.7667, 8.0421, 7.8447, -1.7709, 0.4600, 207.83
131, 196, 8, 15, 0.6556, 47.5733, -3.4091, -47.4510, 0.2622, 191.75
131, 170, 56, 102, 0.6222, 15.0908, -2.1160, 14.9417, 0.3111, 159.80
131, 199, 116, 18, 0.6000, 1.2764, 0.9026, -0.9026, 0.1800, 165.83
131, 200, 94, 45, 0.6000, 41.0962, 7.6896, -40.3704, 0.1800, 149.67
132, 161, 24, 60, 1.0000, 0.0594, 0.0000, 0.0594, 1.0000, 210.19
132, 166, 67, 82, 0.9583, 1.6316, -1.2594, -1.0374, 0.9583, 191.60
132, 194, 40, 3, 0.8222, 2.9559, 2.1070, 2.0730, 0.5756, 210.86
132, 196, 19, 4, 0.7111, 16.4809, 9.9357, -13.1493, 0.3556, 203.80
132, 170, 51, 115, 0.6806, 14.4910, -5.6408, 13.3481, 0.4083, 154.17
132, 199, 91, 28, 0.6556, 24.7542, -22.9209, 9.3488, 0.2622, 167.38
132, 200, 37, 54, 0.6556, 51.1329, -50.9437, 4.3942, 0.2622, 164.07
133, 161, 24, 58, 1.0000, 1.4823, 0.0000, -1.4823, 1.0000, 210.24
133, 166, 70, 76, 1.0000, 6.5037, 2.9876, -5.7769, 1.0000, 191.09
133, 199, 70, 38, 0.7111, 23.0694, -21.0204, 9.5048, 0.3556, 169.50
133, 178, 118, 44, 0.5625, 2.1756, 1.9517, 0.9612, 0.2250, 135.00
133, 170, 45, 129, 0.5806, 14.4910, -5.6408, 13.3481, 0.3483, 154.17
133, 200, -14, 59, 0.5556, 51.1329, -50.9437, 4.3942, 0.2222, 164.07
134, 161, 25, 57, 1.0000, 1.5373, 0.7647, -1.3336, 1.0000, 210.67
134, 166, 51, 82, 1.0000, 17.7734, -16.9769, 5.2610, 1.0000, 189.83
134, 199, 47, 31, 0.7667, 23.0433, -22.3778, -5.4980, 0.4600, 174.75
134, 178, 118, 44, 0.6722, 0.4828, 0.4305, 0.2185, 0.3361, 132.60
134, 202, 19, 67, 0.6000, 43.2540, 0.0293, -43.2540, 0.1800, 186.00
134, 204, 8, 97, 0.6000, 28.9477, -2.8543, -28.8067, 0.1800, 154.33
135, 161, 25, 57, 1.0000, 0.4182, 0.2934, -0.2981, 1.0000, 210.53
135, 202, 58, 73, 0.6556, 35.1471, 35.1214, 1.3436, 0.2622, 186.25
135, 204, 19, 107, 0.6556, 11.5324, 9.7166, 6.2116, 0.2622, 154.75
135, 178, 119, 44, 0.5722, 0.4828, 0.4305, 0.2185, 0.2861, 132.60
136, 161, 25, 56, 1.0000, 0.6783, 0.0030, -0.6783, 1.0000, 211.35
136, 178, 123, 58, 0.6806, 8.3101, 2.6560, 7.8742, 0.4083, 129.00
136, 201, 21, 80, 0.6000, 31.8307, 18.4556, -25.9342, 0.1800, 169.33
136, 202, 70, 63, 0.7111, 16.4950, 13.3158, -9.7352, 0.3556, 188.80
136, 204, 37, 96, 0.7111, 19.8627, 17.1672, -9.9907, 0.3556, 160.40
137, 157, 49, 24, 0.5625, 75.7641, 35.0451, -67.1716, 0.2250, 184.00
137, 161, 25, 55, 1.0000, 0.9769, -0.0418, -0.9760, 1.0000, 211.10
137, 201, 42, 46, 0.6556, 39.1918, 20.8613, -33.1783, 0.2622, 178.00
137, 203, 10, 106, 0.6000, 17.2894, 4.6688, -16.6471, 0.1800, 155.00
137, 202, 83, 53, 0.6111, 16.4950, 13.3158, -9.7352, 0.3056, 188.80
137, 204, 54, 86, 0.6111, 19.8627, 17.1672, -9.9907, 0.3056, 160.40
138, 161, 26, 55, 1.0000, 0.7861, 0.7305, -0.2903, 1.0000, 211.41
138, 201, 84, 28, 0.7111, 45.0949, 40.7483, -19.3165, 0.3556, 177.00
138, 207, 126, 121, 0.6556, 7.8630, 7.1853, -3.1935, 0.2622, 83.25
138, 211, 69, 40, 0.6000, 56.3777, 49.0212, -27.8455, 0.1800, 205.67
138, 216, 61, 95, 0.6000, 16.3404, 0.0000, -16.3404, 0.1800, 157.67
138, 203, 14, 90, 0.5000, 17.2894, 4.6688, -16.6471, 0.1500, 155.00
139, 7, 39, 25, 0.5143, 46.3582, -41.0642, -21.5130, 0.3600, 189.43
139, 161, 26, 54, 1.0000, 0.7770, 0.3027, -0.7156, 1.0000, 211.04
139, 203, 21, 69, 0.6556, 19.7861, 5.7872, -18.9209, 0.2622, 169.50
139, 207, 128, 121, 0.7111, 2.4364, 2.2264, -0.9895, 0.3556, 81.60
139, 211, 74, 2, 0.6556, 37.7105, 8.7496, -36.6815, 0.2622, 202.50
139, 216, 58, 77, 0.6556, 17.4522, -2.3951, -17.2870, 0.2622, 168.75
140, 7, 46, 33, 0.5722, 5.8700, 1.9406, 5.5400, 0.4578, 191.00
140, 161, 27, 53, 1.0000, 1.2443, 0.7538, -0.9899, 1.0000, 211.62
140, 203, 35, 48, 0.7111, 24.8004, 13.5510, -20.7709, 0.3556, 176.00
140, 216, 59, 64, 0.7111, 13.1085, 0.0701, -13.1083, 0.3556, 172.40
140, 207, 130, 120, 0.6111, 2.4364, 2.2264, -0.9895, 0.3056, 81.60
140, 211, 83, -34, 0.5556, 37.7105, 8.7496, -36.6815, 0.2222, 202.50
141, 7, 31, 42, 0.6296, 16.0083, -13.1091, 9.1879, 0.5667, 193.56
141, 161, 27, 52, 1.0000, 1.0731, 0.2682, -1.0390, 1.0000, 211.48
141, 203, 45, 7, 0.7667, 41.1214, 10.0008, -39.8868, 0.4600, 189.17
141, 216, 54, 31, 0.7667, 32.2760, -4.5340, -31.9559, 0.4600, 175.83
141, 219, 5, 9, 0.6000, 8.9128, -8.7094, 1.8931, 0.1800, 217.00
141, 220, 6, 12, 0.6000, 2.1237, -1.9224, -0.9026, 0.1800, 214.00
141, 207, 132, 119, 0.5111, 2.4364, 2.2264, -0.9895, 0.2556, 81.60
142, 161, 27, 52, 1.0000, 0.2870, -0.0023, -0.2870, 1.0000, 211.88
142, 219, 15, 87, 0.6556, 71.1997, 8.4251, 70.6995, 0.2622, 204.00
142, 222, 21, 117, 0.6000, 46.1476, -0.9612, 46.1376, 0.1800, 185.67
142, 220, 4, 11, 0.5000, 2.1237, -1.9224, -0.9026, 0.1500, 214.00
143, 161, 28, 51, 1.0000, 0.9711, 0.6844, -0.6889, 1.0000, 212.56
143, 223, 78, 15, 0.6000, 63.4590, 23.3072, -59.0238, 0.1800, 198.00
143, 225, 51, 78, 0.6000, 57.6480, 30.9461, -48.6378, 0.1800, 165.17
143, 226, 31, 13, 0.6000, 1.3593, 0.9612, 0.9612, 0.1800, 235.00
143, 219, 24, 157, 0.5556, 71.1997, 8.4251, 70.6995, 0.2222, 204.00
143, 222, 20, 163, 0.5000, 46.1476, -0.9612, 46.1376, 0.1500, 185.67
144, 161, 28, 50, 1.0000, 1.0206, 0.2969, -0.9764, 1.0000, 212.93
144, 220, 3, 3, 0.7056, 3.6113, -0.8082, -3.5197, 0.2822, 215.50
144, 222, 32, 128, 0.6556, 6.2638, 6.2329, -0.6214, 0.2622, 179.00
144, 225, 75, 54, 0.6556, 35.9270, 24.3898, -26.3797, 0.2622, 169.38
144, 226, 12, 3, 0.6556, 19.3442, -17.3455, -8.5635, 0.2622, 229.75
144, 223, 101, -44, 0.5000, 63.4590, 23.3072, -59.0238, 0.1500, 198.00
145, 161, 29, 49, 1.0000, 1.2759, 0.7411, -1.0386, 1.0000, 213.24
145, 183, 79, 101, 0.5625, 50.2751, 50.0450, 4.8043, 0.2250, 159.75
145, 210, 82, 30, 0.6000, 79.8357, 79.6344, 5.6662, 0.1800, 193.00
145, 220, 29, 12, 0.7111, 27.4515, 25.9338, 9.0012, 0.3556, 223.40
145, 222, 30, 118, 0.7111, 9.1306, -1.1513, -9.0577, 0.3556, 175.80
145, 225, 96, 4, 0.7111, 52.3743, 21.6440, -47.6928, 0.3556, 167.50
145, 226, -6, -5, 0.5556, 19.3442, -17.3455, -8.5635, 0.2222, 229.75
146, 161, 29, 49, 1.0000, 0.4166, 0.2822, -0.3065, 1.0000, 213.27
146, 183, 122, 74, 0.6222, 49.8346, 43.8588, -23.6621, 0.3111, 149.80
146, 226, 0, 18, 0.7111, 10.7117, -3.7207, 10.0448, 0.3556, 225.60
146, 93, 31, 22, 0.5143, 55.7022, -20.2145, -51.9048, 0.3600, 195.57
146, 210, 162, 35, 0.5000, 79.8357, 79.6344, 5.6662, 0.1500, 193.00
146, 225, 118, -43, 0.6111, 52.3743, 21.6440, -47.6928, 0.3056, 167.50
147, 161, 29, 48, 1.0000, 0.6819, 0.0083, -0.6819, 1.0000, 212.94
147, 183, 131, 32, 0.6806, 42.7884, 11.5593, -41.1974, 0.4083, 149.00
147, 93, 71, 9, 0.5722, 38.3154, 34.5373, -16.5904, 0.4578, 193.00
147, 155, 75, 119, 0.5400, 42.5292, -35.4742, 23.4587, 0.2700, 113.80
148, 161, 30, 47, 1.0000, 1.1734, 0.6644, -0.9671, 1.0000, 212.94
148, 93, 107, 2, 0.6296, 36.5739, 35.9121, -6.9260, 0.5667, 188.89
148, 155, 37, 117, 0.6000, 37.6291, -37.6289, 0.0971, 0.3600, 119.67
149, 161, 30, 47, 1.0000, 0.4526, 0.3048, -0.3346, 1.0000, 212.94
149, 44, 87, 126, 0.5143, 78.8306, 78.7425, 3.7255, 0.3600, 153.57
149, 127, 99, 1, 0.5400, 1.3802, 0.9905, 0.9612, 0.2700, 166.80
149, 232, 37, 13, 0.6000, 59.4254, -9.6706, -58.6332, 0.1800, 222.00
149, 234, 35, 88, 0.6000, 21.5939, -20.1559, -7.7482, 0.1800, 167.67
149, 93, 143, -4, 0.5296, 36.5739, 35.9121, -6.9260, 0.4767, 188.89
149, 155, 0, 117, 0.5000, 37.6291, -37.6289, 0.0971, 0.3000, 119.67
150, 161, 31, 46, 1.0000, 1.0088, 0.7310, -0.6952, 1.0000, 213.59
150, 127, 89, 27, 0.6000, 25.1788, -9.3684, 23.3710, 0.3600, 169.17
150, 234, 6, 84, 0.6556, 28.1823, -27.7480, -4.9286, 0.2622, 171.00
150, 232, 28, -46, 0.5000, 59.4254, -9.6706, -58.6332, 0.1500, 222.00
151, 161, 31, 45, 1.0000, 1.0103, 0.2943, -0.9664, 1.0000, 214.20
151, 127, 69, 29, 0.6587, 19.6543, -19.2684, 3.8754, 0.4611, 175.14
151, 234, 2, 83, 0.7111, 6.1646, -6.1372, -0.5812, 0.3556, 172.10
152, 161, 32, 45, 1.0000, 0.7878, 0.7082, -0.3450, 1.0000, 214.58
152, 218, 93, 121, 0.6000, 12.9332, 12.6029, -2.9042, 0.1800, 111.00
152, 221, 29, 74, 0.6000, 79.3902, -55.6512, 56.6193, 0.1800, 180.67
152, 127, 52, 33, 0.7167, 17.5320, -17.1039, 3.8505, 0.5733, 178.12
152, 234, 5, 84, 0.7667, 3.3408, 3.3087, 0.4619, 0.4600, 172.25
152, 188, 91, 98, 0.5625, 68.6981, -31.4608, 61.0709, 0.2250, 124.00
153, 161, 32, 44, 1.0000, 0.7489, 0.2922, -0.6896, 1.0000, 214.78
153, 205, 101, 35, 0.6000, 31.9260, 6.8262, 31.1876, 0.1800, 157.00
153, 218, 109, 105, 0.6556, 22.3414, 16.5009, -15.0618, 0.2622, 106.75
153, 242, 11, 34, 0.6000, 47.6546, -31.7196, -35.5644, 0.1800, 202.33
153, 221, -27, 131, 0.5000, 79.3902, -55.6512, 56.6193, 0.1500, 180.67
154, 161, 32, 43, 1.0000, 0.9600, 0.0223, -0.9597, 1.0000, 215.16
154, 205, 74, 37, 0.6556, 24.4535, -23.9990, 4.6927, 0.2622, 165.25
154, 218, 120, 81, 0.7111, 25.4289, 10.8834, -22.9822, 0.3556, 108.40
154, 227, 60, 95, 0.6000, 32.6411, 13.4331, -29.7489, 0.1800, 152.00
154, 242, 39, 54, 0.6556, 26.9363, 22.3282, 15.0672, 0.2622, 205.50
155, 7, 109, 27, 1.0000, 9.5126, -6.7790, -6.6734, 1.0000, 165.18
155, 161, 33, 42, 1.0000, 1.2148, 0.6387, -1.0333, 1.0000, 215.77
155, 205, 27, 34, 0.7111, 44.8474, -44.7870, -2.3274, 0.3556, 173.60
155, 218, 115, 37, 0.7667, 42.8599, -3.5627, -42.7115, 0.4600, 118.83
155, 227, 28, 81, 0.6556, 32.2187, -28.0147, -15.9129, 0.2622, 160.50
155, 239, 15, 30, 0.6000, 30.0618, -21.2569, 21.2569, 0.1800, 209.33
155, 242, 54, 97, 0.7111, 43.5989, 15.6646, 40.6877, 0.3556, 197.20
156, 161, 33, 42, 1.0000, 0.4706, 0.3148, -0.3498, 1.0000, 216.75
156, 227, 6, 83, 0.7111, 22.5182, -22.4902, 1.1236, 0.3556, 162.60
156, 235, 42, 122, 0.6000, 33.5343, -24.6414, 22.7454, 0.1800, 156.33
156, 239, 9, 96, 0.6556, 62.1775, -7.0851, 61.7725, 0.2622, 198.12
157, 161, 34, 41, 1.0000, 0.9790, 0.7173, -0.6663, 1.0000, 217.10
157, 196, 38, 66, 1.0000, 2.3865, -1.0158, -2.1595, 1.0000, 174.50
157, 235, 37, 126, 0.6556, 8.3043, -6.1019, 5.6329, 0.2622, 153.00
157, 243, 52, 101, 0.6000, 49.1522, 49.0154, -3.6646, 0.1800, 161.67
157, 245, 56, 104, 0.6000, 40.6036, 33.3725, -23.1286, 0.1800, 156.33
157, 246, 70, 24, 0.7056, 0.8115, 0.8114, 0.0065, 0.2822, 227.25
157, 227, -16, 84, 0.6111, 22.5182, -22.4902, 1.1236, 0.3056, 162.60
157, 239, 2, 158, 0.5556, 62.1775, -7.0851, 61.7725, 0.2222, 198.12
158, 161, 34, 40, 1.0000, 0.9937, 0.3104, -0.9440, 1.0000, 217.29
158, 183, 61, 19, 1.0000, 31.5556, -28.8931, -12.6864, 1.0000, 159.18
158, 235, 15, 107, 0.7111, 27.6595, -21.6133, -17.2602, 0.3556, 154.00
158, 243, 114, 106, 0.6556, 61.1797, 61.0588, 3.8444, 0.2622, 146.75
158, 245, 96, 101, 0.6556, 39.4599, 39.2124, -4.4123, 0.2622, 146.00
158, 246, 71, 25, 0.7611, 1.3474, 1.0708, 0.8178, 0.3806, 227.60
159, 161, 34, 40, 1.0000, 0.3699, 0.0329, -0.3684, 1.0000, 217.12
159, 245, 120, 88, 0.7111, 28.0092, 25.1512, -12.3261, 0.3556, 135.60
159, 246, 72, 25, 0.8167, 1.0793, 1.0474, 0.2605, 0.4900, 231.00
159, 243, 175, 110, 0.5556, 61.1797, 61.0588, 3.8444, 0.2222, 146.75
160, 161, 35, 43, 1.0000, 2.6807, 0.6196, 2.6081, 1.0000, 216.98
160, 228, 71, 78, 0.6000, 36.7750, 34.8871, 11.6315, 0.1800, 199.17
160, 230, 67, 119, 0.6000, 17.4604, 5.8083, 16.4660, 0.1800, 154.33
160, 246, 73, 25, 0.8722, 1.0063, 1.0061, -0.0228, 0.6106, 232.57
161, 213, 11, 23, 0.6000, 63.2384, -17.6326, -60.7305, 0.1800, 191.67
161, 228, 109, 37, 0.6556, 52.4491, 38.4501, -35.6721, 0.2622, 180.62
161, 230, 48, 127, 0.6556, 18.3774, -16.2321, 8.6168, 0.2622, 151.25
161, 246, 73, 26, 0.9278, 0.7855, 0.1925, 0.7615, 0.7422, 231.88
161, 161, 35, 46, 0.9000, 2.6807, 0.6196, 2.6081, 0.9000, 216.98
162, 215, 31, 84, 0.6000, 72.3065, -69.5979, -19.6052, 0.1800, 135.33
162, 230, 22, 128, 0.7111, 25.2565, -25.2131, 1.4800, 0.3556, 154.00
162, 233, 5, 107, 0.6000, 54.5973, -50.2823, 21.2733, 0.1800, 204.33
162, 246, 74, 26, 0.9833, 0.7737, 0.7297, 0.2572, 0.8850, 231.56
162, 252, 102, 102, 0.6000, 55.1525, -5.7965, 54.8471, 0.1800, 134.33
162, 213, -6, -38, 0.5000, 63.2384, -17.6326, -60.7305, 0.1500, 191.67
162, 228, 148, 1, 0.5556, 52.4491, 38.4501, -35.6721, 0.2222, 180.62
163, 215, -5, 102, 0.6556, 41.0735, -38.6225, 13.9762, 0.2622, 143.00
163, 238, 12, 14, 0.6000, 64.9389, 7.7060, -64.4800, 0.1800, 192.00
163, 246, 75, 26, 1.0000, 1.0165, 1.0164, -0.0147, 1.0000, 230.70
163, 252, 101, 111, 0.6556, 13.3052, -1.3046, 13.2411, 0.2622, 127.38
163, 253, 106, 14, 0.6000, 17.5910, -8.5922, -15.3499, 0.1800, 143.00
163, 233, -45, 128, 0.5000, 54.5973, -50.2823, 21.2733, 0.1500, 204.33
164, 215, -5, 109, 0.7111, 7.9692, -2.6959, 7.4994, 0.3556, 148.60
164, 246, 76, 26, 1.0000, 1.0430, 1.0422, -0.0398, 1.0000, 230.64
164, 252, 109, 115, 0.7111, 8.2768, 6.8013, 4.7167, 0.3556, 119.10
164, 253, 103, 0, 0.6556, 14.3349, -3.5765, -13.8816, 0.2622, 145.50
164, 238, 19, -50, 0.5000, 64.9389, 7.7060, -64.4800, 0.1500, 192.00
165, 246, 76, 27, 1.0000, 0.8065, 0.2265, 0.7741, 1.0000, 229.50
165, 253, 108, 5, 0.7111, 5.7083, 4.0020, 4.0706, 0.3556, 145.10
166, 205, 49, 27, 1.0000, 1.4768, 1.1811, 0.8865, 1.0000, 212.81
166, 246, 77, 27, 1.0000, 0.7719, 0.7189, 0.2810, 1.0000, 227.92
166, 253, 115, 10, 0.7667, 8.1468, 6.6199, 4.7484, 0.4600, 144.58
167, 245, 110, 107, 1.0000, 15.5661, -14.6937, -5.1379, 1.0000, 116.38
167, 246, 86, 30, 1.0000, 8.3341, 8.0028, 2.3264, 1.0000, 224.57
168, 235, 60, 125, 1.0000, 23.9406, 17.1956, 16.6573, 1.0000, 164.93
168, 191, 47, 63, 0.5625, 77.1537, -69.2015, -34.1150, 0.2250, 130.00
168, 246, 57, 28, 1.0000, 25.0428, -24.9976, -1.5050, 1.0000, 226.20
168, 249, 97, 50, 0.6000, 79.7629, -27.5002, -74.8723, 0.1800, 121.67
168, 259, 15, 30, 0.6000, 62.4901, -62.4194, 2.9716, 0.1800, 201.17
168, 260, 46, 89, 0.6000, 37.8669, -15.3792, -34.6032, 0.1800, 147.33
169, 191, 8, 98, 0.6222, 50.6312, -42.0675, 28.1753, 0.3111, 137.00
169, 236, 111, 104, 0.6000, 49.9238, -3.9048, 49.7708, 0.1800, 115.67
169, 249, 60, -3, 0.6556, 65.2583, -35.6772, -54.6423, 0.2622, 140.00
169, 257, 116, 98, 0.6000, 31.8898, -9.2785, 30.5101, 0.1800, 98.33
169, 259, -4, 87, 0.6556, 56.6133, -22.9990, 51.7312, 0.2622, 195.38
169, 260, 27, 90, 0.6556, 19.5965, -19.4636, -2.2783, 0.2622, 153.00
170, 230, 31, 91, 1.0000, 1.1335, -0.0527, 1.1323, 1.0000, 176.42
170, 236, 114, 114, 0.6556, 13.0600, 2.3106, 12.8540, 0.2622, 108.12
170, 257, 111, 109, 0.6556, 13.5472, -4.7755, 12.6776, 0.2622, 96.50
170, 260, 22, 60, 0.7111, 28.7449, -5.7778, -28.1583, 0.3556, 161.80
170, 191, -34, 126, 0.5222, 50.6312, -42.0675, 28.1753, 0.2611, 137.00
170, 249, 25, -58, 0.5556, 65.2583, -35.6772, -54.6423, 0.2222, 140.00
170, 259, -27, 138, 0.5556, 56.6133, -22.9990, 51.7312, 0.2222, 195.38
171, 236, 113, 109, 0.7111, 3.7050, -0.4373, -3.6791, 0.3556, 109.70
171, 164, 25, 83, 0.5400, 68.3591, 21.8881, 64.7601, 0.2700, 210.87
171, 257, 77, 108, 0.7111, 31.9983, -31.9977, 0.1936, 0.3556, 107.00
172, 215, 9, 113, 1.0000, 1.6713, 1.2633, 1.0942, 1.0000, 160.69
172, 164, 49, 126, 0.6000, 50.6241, 23.8004, 44.6805, 0.3600, 197.39
172, 217, 85, 110, 0.5625, 9.9977, -6.5822, 7.5252, 0.2250, 122.75
172, 256, 95, 69, 0.7611, 2.5643, 1.9700, 1.6416, 0.3806, 168.20
172, 208, 76, 26, 0.5625, 52.9142, 47.1281, 24.0593, 0.2250, 205.25
173, 217, 84, 112, 0.6222, 2.5312, -1.6677, 1.9042, 0.3111, 121.20
173, 254, 61, 31, 0.6000, 80.4652, -66.3620, -45.5054, 0.1800, 146.33
173, 197, 4, 45, 0.5625, 13.0667, -6.5822, -11.2877, 0.2250, 209.50
173, 256, 96, 101, 0.7667, 31.3245, 1.1417, 31.3037, 0.4600, 158.50
173, 164, 73, 171, 0.5000, 50.6241, 23.8004, 44.6805, 0.3000, 197.39
174, 254, 24, -1, 0.6556, 51.5567, -39.6806, -32.9171, 0.2622, 164.75
174, 197, 34, 36, 0.6222, 28.0171, 26.4356, -9.2799, 0.3111, 209.00
174, 256, 97, 107, 0.8222, 8.8338, 0.9484, 8.7827, 0.5756, 153.71
174, 208, 109, 106, 0.6222, 43.8231, 11.5493, 42.2739, 0.3111, 184.20
174, 217, 83, 114, 0.5222, 2.5312, -1.6677, 1.9042, 0.2611, 121.20
175, 217, 79, 107, 0.6806, 4.0941, -2.7630, -3.0212, 0.4083, 123.50
175, 197, 60, 28, 0.6806, 27.2583, 26.0592, -7.9958, 0.4083, 216.33
175, 207, 119, 106, 0.5062, 1.3974, 1.0346, -0.9394, 0.4050, 100.56
175, 254, -16, -34, 0.5556, 51.5567, -39.6806, -32.9171, 0.2222, 164.75
175, 256, 98, 116, 0.7222, 8.8338, 0.9484, 8.7827, 0.5056, 153.71
175, 208, 121, 148, 0.5222, 43.8231, 11.5493, 42.2739, 0.2611, 184.20
176, 217, 48, 122, 0.7381, 33.0077, -29.7525, 14.2932, 0.5167, 127.57
176, 197, 86, 29, 0.7381, 25.9632, 25.9616, 0.2884, 0.5167, 212.86
176, 208, 102, 108, 0.6806, 9.1085, -6.2624, -6.6141, 0.4083, 173.83
177, 236, 113, 111, 0.9889, 1.9934, 0.0698, 1.9922, 0.9889, 103.45
177, 262, 4, 94, 0.6000, 35.8128, -17.1440, -31.4427, 0.1800, 155.67
177, 264, 85, 31, 0.6000, 20.5589, 2.7778, -20.3704, 0.1800, 187.44
177, 265, 109, 6, 0.6000, 56.2871, 25.9259, -49.9609, 0.1800, 176.67
178, 236, 112, 112, 1.0000, 1.4515, -0.8485, 1.1777, 1.0000, 101.95
178, 197, 123, 4, 0.8519, 17.4042, 15.0256, -8.7828, 0.7667, 195.22
178, 262, 28, 54, 0.6556, 44.0765, 20.6647, -38.9321, 0.2622, 173.50
178, 264, 101, 3, 0.6556, 31.0021, 15.2062, -27.0167, 0.2622, 180.08
178, 265, 118, 4, 0.6556, 12.2021, 10.7555, -5.7628, 0.2622, 167.25
179, 262, 37, 27, 0.7111, 29.2458, 9.3102, -27.7243, 0.3556, 178.80
179, 264, 105, -1, 0.7111, 7.3648, 4.3945, -5.9100, 0.3556, 175.67
179, 265, 106, 14, 0.7111, 13.3613, -10.3868, 8.4047, 0.3556, 164.70
180, 258, 76, 52, 0.6000, 30.8926, -7.7216, 29.9120, 0.1800, 191.67
181, 257, 33, 101, 1.0000, 1.3751, 0.8840, 1.0534, 1.0000, 156.71
181, 258, 53, 79, 0.6556, 35.3497, -21.8076, 27.8213, 0.2622, 185.50
181, 269, 40, 70, 0.6000, 76.1015, -67.2957, -35.5348, 0.1800, 128.00
182, 258, 33, 103, 0.7111, 31.2526, -20.4269, 23.6530, 0.3556, 183.20
182, 266, 32, 122, 0.6000, 79.0513, -40.9611, 67.6114, 0.1800, 178.33
182, 269, -27, 35, 0.5000, 76.1015, -67.2957, -35.5348, 0.1500, 128.00
183, 266, -9, 190, 0.5000, 79.0513, -40.9611, 67.6114, 0.1500, 178.33
185, 231, 16, 127, 0.5625, 9.3799, -6.6509, 6.6142, 0.2250, 191.75
186, 231, 24, 123, 0.6222, 6.8112, 6.3912, -2.3550, 0.3111, 184.20
186, 237, 43, 99, 0.5625, 48.3552, -25.0498, 41.3609, 0.2250, 223.75
186, 272, 75, 31, 0.6000, 1.9519, 1.9517, 0.0293, 0.1800, 227.33
186, 276, 120, 109, 0.6000, 2.2019, 1.9810, 0.9612, 0.1800, 102.67
187, 198, 63, 17, 0.5625, 58.9430, 58.5460, 6.8294, 0.2250, 199.25
187, 258, 4, 89, 0.9889, 0.5724, 0.1798, -0.5434, 0.9889, 178.80
187, 237, 5, 66, 0.6222, 44.9113, -36.8047, -25.7380, 0.3111, 217.40
187, 167, 54, 61, 0.5250, 32.6870, 13.1635, -29.9193, 0.3150, 179.67
187, 175, 92, 95, 0.5250, 23.5094, -23.3375, 2.8381, 0.3150, 102.83
187, 271, 87, 30, 0.7056, 0.0092, -0.0065, -0.0065, 0.2822, 174.12
187, 272, 76, 31, 0.7056, 1.2289, 1.2289, -0.0065, 0.2822, 220.25
187, 273, 95, 32, 0.7056, 0.7918, 0.7918, 0.0000, 0.2822, 195.38
187, 231, 30, 121, 0.5222, 6.8112, 6.3912, -2.3550, 0.2611, 184.20
187, 276, 122, 110, 0.5000, 2.2019, 1.9810, 0.9612, 0.1500, 102.67
188, 198, 114, 68, 0.6222, 69.7958, 51.5615, 47.0411, 0.3111, 182.60
188, 262, 102, 10, 1.0000, 12.8329, -11.5312, -5.6316, 1.0000, 173.75
188, 231, 28, 123, 0.6806, 1.3766, 1.3707, 0.1272, 0.4083, 179.17
188, 209, 31, 5, 0.5625, 4.6266, 2.7759, 3.7013, 0.2250, 218.75
188, 237, 0, 17, 0.6806, 48.4196, -6.7215, -47.9508, 0.4083, 217.17
188, 167, 56, 13, 0.5841, 45.9143, 2.3855, -45.8523, 0.4089, 182.71
188, 175, 70, 98, 0.5841, 22.8125, -22.6033, 3.0822, 0.4089, 110.43
188, 271, 88, 30, 0.7611, 0.8066, 0.8066, -0.0056, 0.3806, 174.90
188, 272, 77, 31, 0.7611, 0.9547, 0.9547, -0.0056, 0.3806, 217.00
188, 273, 96, 33, 0.7611, 1.3307, 1.0540, 0.8122, 0.3806, 204.90
188, 276, 124, 109, 0.7056, 2.0215, 2.0193, -0.0943, 0.2822, 100.50
189, 231, 29, 124, 0.7381, 1.2711, 0.8073, 0.9818, 0.5167, 176.43
189, 209, 35, 1, 0.6222, 4.9872, 3.9296, -3.0709, 0.3111, 219.40
189, 175, 44, 107, 0.6424, 26.7358, -25.2708, 8.7286, 0.5139, 117.12
189, 271, 87, 30, 0.8167, 0.5533, -0.5533, -0.0009, 0.4900, 175.42
189, 272, 79, 32, 0.8167, 1.9445, 1.7673, 0.8109, 0.4900, 215.92
189, 273, 97, 33, 0.8167, 1.0764, 1.0446, 0.2595, 0.4900, 201.58
189, 276, 126, 110, 0.7611, 2.1482, 2.0050, 0.7711, 0.3806, 97.40
189, 198, 166, 115, 0.5222, 69.7958, 51.5615, 47.0411, 0.2611, 182.60
189, 237, -7, -31, 0.5806, 48.4196, -6.7215, -47.9508, 0.3483, 217.17
190, 231, 30, 125, 0.7951, 1.4197, 0.8938, 1.1031, 0.6361, 174.88
190, 209, 56, 1, 0.6806, 20.3617, 20.3607, 0.2111, 0.4083, 217.17
190, 175, 30, 112, 0.7000, 15.6107, -14.8478, 4.8204, 0.6300, 121.11
190, 272, 80, 32, 0.8722, 1.2811, 1.2539, 0.2628, 0.6106, 218.07
190, 273, 98, 33, 0.8722, 1.0076, 1.0074, -0.0224, 0.6106, 199.64
190, 279, 60, 59, 0.6000, 58.8918, 32.5928, 49.0505, 0.1800, 204.67
190, 271, 87, 30, 0.7167, 0.5533, -0.5533, -0.0009, 0.4300, 175.42
190, 276, 128, 111, 0.6611, 2.1482, 2.0050, 0.7711, 0.3306, 97.40
191, 209, 74, 11, 0.7381, 20.0988, 18.1707, 8.5899, 0.5167, 212.00
191, 175, 17, 109, 0.7572, 13.7505, -13.5857, -2.1226, 0.7572, 125.40
191, 271, 87, 30, 0.8722, 0.0507, -0.0507, 0.0006, 0.6106, 175.36
191, 272, 81, 32, 0.9278, 0.9827, 0.9825, -0.0203, 0.7422, 217.69
191, 273, 99, 32, 0.9278, 1.3064, 0.9965, -0.8447, 0.7422, 197.69
191, 231, 31, 126, 0.6951, 1.4197, 0.8938, 1.1031, 0.5561, 174.88
191, 276, 130, 111, 0.5611, 2.1482, 2.0050, 0.7711, 0.2806, 97.40
191, 279, 92, 108, 0.5000, 58.8918, 32.5928, 49.0505, 0.1500, 204.67
192, 231, 33, 126, 0.8519, 1.6478, 1.5914, 0.4277, 0.7667, 171.78
192, 209, 88, 29, 0.7951, 22.0820, 13.6861, 17.3293, 0.6361, 207.00
192, 271, 66, 31, 0.8778, 19.8496, -19.8323, 0.8272, 0.7022, 179.44
192, 272, 83, 33, 0.9833, 1.9155, 1.7594, 0.7573, 0.8850, 216.39
192, 273, 100, 34, 0.9833, 1.6539, 0.9979, 1.3190, 0.8850, 197.94
192, 279, 115, 110, 0.6556, 34.4275, 26.9640, 21.4056, 0.2622, 175.50
192, 281, 42, 110, 0.6000, 18.4891, 8.6508, -16.3404, 0.1800, 147.00
192, 175, 3, 107, 0.6572, 13.7505, -13.5857, -2.1226, 0.6572, 125.40
193, 179, 85, 31, 0.5400, 75.6012, 65.9930, -36.8844, 0.2700, 191.80
193, 209, 96, 29, 0.8519, 8.7086, 8.4804, 1.9808, 0.7667, 201.67
193, 272, 83, 33, 1.0000, 0.5329, 0.4654, 0.2597, 1.0000, 214.35
193, 273, 101, 34, 1.0000, 1.1462, 0.9997, 0.5606, 1.0000, 197.55
193, 279, 105, 114, 0.7111, 10.0783, -8.4482, 5.4955, 0.3556, 160.00
193, 281, 49, 93, 0.6556, 18.1372, 7.5552, -16.4887, 0.2622, 153.00
193, 231, 35, 126, 0.7519, 1.6478, 1.5914, 0.4277, 0.6767, 171.78
193, 175, -10, 105, 0.5572, 13.7505, -13.5857, -2.1226, 0.5572, 125.40
194, 179, 127, 13, 0.6000, 48.9116, 44.7763, -19.6833, 0.3600, 180.33
194, 231, 35, 127, 0.9083, 1.0579, 0.9391, 0.4870, 0.9083, 169.20
194, 209, 117, 27, 0.9083, 20.6863, 20.5330, -2.5137, 0.9083, 195.00
194, 175, 14, 120, 0.8141, 5.6465, 2.3601, 5.1296, 0.8141, 128.45
194, 272, 85, 34, 1.0000, 1.6925, 1.5033, 0.7775, 1.0000, 212.68
194, 273, 101, 33, 1.0000, 0.8032, 0.2099, -0.7753, 1.0000, 194.73
194, 281, 70, 106, 0.7111, 22.6496, 19.9662, 10.6937, 0.3556, 151.00
194, 248, 41, 108, 0.5625, 45.6401, -14.4766, 43.2833, 0.2250, 204.00
194, 283, 3, 86, 0.6000, 48.0409, -9.6120, 47.0695, 0.1800, 216.67
195, 231, 45, 103, 0.9646, 25.0916, 9.3101, -23.3004, 0.9646, 169.09
195, 209, 127, 16, 0.9646, 14.2875, 10.0332, -10.1720, 0.9646, 190.00
195, 272, 87, 34, 1.0000, 2.0491, 2.0353, 0.2370, 1.0000, 215.04
195, 273, 103, 35, 1.0000, 1.9431, 1.5092, 1.2239, 1.0000, 194.92
195, 244, 50, 69, 0.5625, 70.5065, 43.8124, -55.2417, 0.2250, 173.50
195, 281, 87, 113, 0.7667, 19.3091, 17.5651, 8.0192, 0.4600, 145.00
195, 248, 22, 129, 0.6222, 30.2885, -19.2320, 23.3991, 0.3111, 195.40
195, 283, 20, 115, 0.6556, 33.9622, 14.5804, 30.6732, 0.2622, 200.00
195, 179, 172, -6, 0.5000, 48.9116, 44.7763, -19.6833, 0.3000, 180.33
196, 209, 126, 20, 1.0000, 3.3205, 0.2160, 3.3134, 1.0000, 182.92
196, 272, 88, 34, 1.0000, 1.2994, 1.2992, -0.0227, 1.0000, 215.04
196, 273, 104, 35, 1.0000, 1.3994, 1.2900, 0.5424, 1.0000, 195.38
196, 276, 123, 124, 0.8167, 2.8482, -1.3660, 2.4992, 0.4900, 93.00
196, 244, 88, 28, 0.6222, 56.8700, 37.9559, -42.3503, 0.3111, 173.80
196, 283, 55, 128, 0.7111, 35.9408, 33.3072, 13.5045, 0.3556, 187.00
196, 251, 83, 33, 0.5625, 4.8060, -3.8448, 2.8836, 0.2250, 177.75
196, 248, 2, 152, 0.5222, 30.2885, -19.2320, 23.3991, 0.2611, 195.40
197, 272, 89, 35, 1.0000, 1.2133, 0.9643, 0.7363, 1.0000, 215.61
197, 273, 106, 35, 1.0000, 1.8117, 1.8115, 0.0260, 1.0000, 192.89
197, 276, 105, 114, 0.8222, 20.3754, -17.7458, -10.0122, 0.5756, 94.71
197, 277, 61, 124, 0.6000, 57.9351, -56.7740, 11.5407, 0.1800, 103.67
197, 251, 77, 28, 0.6222, 7.0128, -5.6643, -4.1346, 0.3111, 179.20
197, 206, 89, 34, 0.5400, 79.2432, -30.8249, -73.0021, 0.2700, 104.80
197, 209, 127, 23, 0.9000, 3.3205, 0.2160, 3.3134, 0.9000, 182.92
197, 244, 126, -14, 0.5222, 56.8700, 37.9559, -42.3503, 0.2611, 173.80
197, 283, 88, 141, 0.6111, 35.9408, 33.3072, 13.5045, 0.3056, 187.00
198, 272, 91, 35, 1.0000, 1.7397, 1.7181, 0.2734, 1.0000, 214.97
198, 273, 106, 35, 1.0000, 0.4886, 0.4840, -0.0665, 1.0000, 190.70
198, 277, 48, 99, 0.6556, 27.6443, -16.6515, -22.0665, 0.2622, 119.50
198, 251, 80, 12, 0.6806, 15.5654, 1.9632, -15.4411, 0.4083, 178.00
198, 206, 93, -2, 0.6000, 39.5702, 1.2265, -39.5512, 0.3600, 115.67
198, 286, 6, 2, 0.6000, 9.4399, 3.8448, -8.6215, 0.1800, 225.33
198, 289, 2, 49, 0.6000, 1.3593, 0.9612, 0.9612, 0.1800, 237.33
199, 272, 92, 36, 1.0000, 1.4857, 1.2726, 0.7666, 1.0000, 214.09
199, 273, 107, 36, 1.0000, 1.0141, 0.6929, 0.7405, 1.0000, 192.66
199, 278, 81, 28, 0.6000, 69.8822, 66.5777, 21.2352, 0.1800, 200.00
199, 251, 78, 15, 0.7381, 2.3578, -1.0640, 2.1041, 0.5167, 178.00
199, 206, 98, -2, 0.6587, 4.8706, 4.1689, -2.5186, 0.4611, 122.43
199, 286, 15, 5, 0.6556, 8.9414, 8.8577, 1.2202, 0.2622, 220.50
199, 287, 49, 22, 0.6000, 35.0300, 34.7201, -4.6493, 0.1800, 222.67
199, 289, 14, 22, 0.6556, 27.0484, 11.3956, -24.5307, 0.2622, 229.75
199, 277, 31, 77, 0.5556, 27.6443, -16.6515, -22.0665, 0.2222, 119.50
200, 272, 94, 36, 1.0000, 1.7829, 1.7652, 0.2508, 1.0000, 211.97
200, 273, 108, 36, 1.0000, 1.0004, 0.9576, 0.2895, 1.0000, 192.91
200, 277, 16, 69, 0.7111, 20.8445, -15.9065, -13.4713, 0.3556, 133.00
200, 278, 129, 9, 0.6556, 52.4712, 50.0308, -15.8161, 0.2622, 182.50
200, 251, 68, 27, 0.7951, 15.1857, -9.6270, 11.7441, 0.6361, 180.00
200, 286, 20, 16, 0.7111, 11.3860, 4.7119, 10.3652, 0.3556, 218.00
200, 287, 79, 32, 0.6556, 31.2749, 30.1075, 8.4651, 0.2622, 211.00
200, 289, 28, 1, 0.7111, 25.2305, 13.1604, -21.5263, 0.3556, 228.20
200, 292, 99, 65, 0.6000, 2.0691, 1.8506, -0.9253, 0.1800, 156.00
200, 293, 80, 41, 0.6000, 12.5325, -6.7284, 10.5732, 0.1800, 180.33
201, 272, 95, 37, 1.0000, 1.4595, 1.2543, 0.7462, 1.0000, 210.97
201, 273, 109, 36, 1.0000, 1.0280, 1.0280, 0.0044, 1.0000, 193.47
201, 251, 55, 24, 0.8519, 13.8113, -13.5681, -2.5803, 0.7667, 187.78
201, 287, 111, 32, 0.7111, 31.8983, 31.8891, 0.7682, 0.3556, 195.40
201, 293, 71, 67, 0.6556, 26.2470, -8.7149, 24.7579, 0.2622, 184.25
201, 294, 32, 51, 0.6000, 20.0135, 19.6544, 3.7740, 0.1800, 204.67
201, 278, 180, -7, 0.5556, 52.4712, 50.0308, -15.8161, 0.2222, 182.50
201, 286, 24, 26, 0.6111, 11.3860, 4.7119, 10.3652, 0.3056, 218.00
201, 289, 41, -21, 0.6111, 25.2305, 13.1604, -21.5263, 0.3056, 228.20
201, 292, 101, 64, 0.5000, 2.0691, 1.8506, -0.9253, 0.1500, 156.00
202, 272, 84, 41, 1.0000, 10.1432, -9.5987, 3.2787, 1.0000, 210.13
202, 273, 98, 37, 1.0000, 9.5962, -9.5694, 0.7158, 1.0000, 195.34
202, 251, 39, 25, 0.9083, 15.2877, -15.2853, 0.2703, 0.9083, 187.30
202, 286, 27, 44, 0.7667, 15.1878, 3.5201, 14.7743, 0.4600, 215.00
202, 293, 45, 109, 0.7111, 48.5087, -25.4336, 41.3065, 0.3556, 177.80
202, 294, 44, 71, 0.6556, 22.5599, 12.8386, 18.5504, 0.2622, 203.50
202, 295, 54, 22, 0.6000, 49.9547, 49.0212, 9.6120, 0.1800, 237.00
203, 272, 61, 41, 1.0000, 21.3554, -21.3231, 1.1748, 1.0000, 209.03
203, 251, 12, 29, 0.9646, 27.6103, -27.2126, 4.6691, 0.9646, 192.45
203, 286, 23, 51, 0.8222, 8.4945, -3.6584, 7.6664, 0.5756, 210.29
203, 294, 52, 95, 0.7111, 25.3010, 8.0728, 23.9785, 0.3556, 195.00
203, 295, 99, 36, 0.6556, 46.8664, 44.6759, 14.1607, 0.2622, 226.00
203, 293, 19, 151, 0.6111, 48.5087, -25.4336, 41.3065, 0.3056, 177.80
204, 250, 71, 0, 0.5625, 29.3494, -28.5793, -6.6791, 0.2250, 157.25
204, 251, 5, 16, 1.0000, 15.1761, -6.8839, -13.5251, 1.0000, 194.75
204, 286, 33, 55, 0.8778, 9.7612, 8.9915, 3.7993, 0.7022, 211.25
204, 292, 114, 74, 0.6556, 5.3978, 4.3638, 3.1771, 0.2622, 142.75
204, 294, 61, 99, 0.7667, 10.4164, 9.0107, 5.2257, 0.4600, 189.83
204, 295, 116, 39, 0.7111, 19.4963, 19.2295, 3.2143, 0.3556, 216.00
205, 250, 59, 18, 0.6222, 20.2659, -13.3870, 15.2150, 0.3111, 168.80
205, 263, 97, 10, 0.5625, 39.6022, 26.5448, -29.3889, 0.2250, 223.25
205, 289, 65, 24, 0.9333, 17.3508, 14.8928, 8.9026, 0.8400, 218.44
205, 292, 114, 41, 0.7111, 32.4861, -0.3645, -32.4840, 0.3556, 152.00
205, 298, 1, 88, 0.6000, 15.8222, -5.5556, -14.8148, 0.1800, 175.67
205, 299, 38, 116, 0.6000, 17.7952, 12.1064, 13.0423, 0.1800, 155.67
205, 286, 42, 58, 0.7778, 9.7612, 8.9915, 3.7993, 0.6222, 211.25
205, 295, 135, 42, 0.6111, 19.4963, 19.2295, 3.2143, 0.3056, 216.00
206, 298, 5, 74, 0.6556, 14.5391, 2.5810, -14.3081, 0.2622, 178.25
206, 300, 111, 33, 0.6000, 10.7990, 9.6706, -4.8060, 0.1800, 175.00
206, 301, 37, 56, 0.6000, 24.3067, -24.0007, -3.8448, 0.1800, 200.17
206, 306, 52, 101, 0.6000, 17.9850, 14.5060, -10.6318, 0.1800, 156.00
206, 307, 85, 105, 0.6000, 54.8145, 51.9928, -17.3602, 0.1800, 137.00
206, 250, 45, 33, 0.5222, 20.2659, -13.3870, 15.2150, 0.2611, 168.80
206, 299, 50, 129, 0.5000, 17.7952, 12.1064, 13.0423, 0.1500, 155.67
207, 250, 29, 47, 0.6806, 20.9529, -15.0631, 14.5645, 0.4083, 173.83
207, 287, 103, 39, 0.9889, 1.5232, 1.4209, -0.5487, 0.9889, 186.60
207, 299, 37, 114, 0.6556, 4.2911, -2.6971, -3.3375, 0.2622, 154.50
207, 300, 116, 37, 0.6556, 6.0988, 5.3656, 2.8992, 0.2622, 178.50
207, 301, 34, 56, 0.6556, 4.6718, -4.6712, -0.0757, 0.2622, 201.50
207, 306, 64, 96, 0.6556, 14.0004, 12.8386, -5.5841, 0.2622, 156.50
207, 307, 119, 96, 0.6556, 36.2042, 34.9331, -9.5089, 0.2622, 125.50
207, 298, 7, 60, 0.5556, 14.5391, 2.5810, -14.3081, 0.2222, 178.25
208, 298, 17, 26, 0.7111, 26.6940, 6.6047, -25.8641, 0.3556, 184.00
208, 299, 15, 103, 0.7111, 23.7187, -21.2458, -10.5449, 0.3556, 155.20
208, 300, 117, 38, 0.7111, 1.9698, 1.2941, 1.4851, 0.3556, 178.00
208, 301, 25, 54, 0.7111, 9.2920, -9.0762, -1.9907, 0.3556, 202.60
208, 306, 77, 92, 0.7111, 13.5338, 12.7661, -4.4934, 0.3556, 156.40
208, 307, 123, 96, 0.7111, 6.1568, 6.1011, -0.8269, 0.3556, 117.80
209, 290, 63, 96, 0.6000, 67.0110, 54.8494, 38.4970, 0.1800, 185.67
209, 300, 117, 38, 0.7667, 0.5287, 0.5204, 0.0936, 0.4600, 176.17
209, 301, 16, 52, 0.6111, 9.2920, -9.0762, -1.9907, 0.3056, 202.60
209, 306, 90, 87, 0.6111, 13.5338, 12.7661, -4.4934, 0.3056, 156.40
209, 307, 129, 95, 0.6111, 6.1568, 6.1011, -0.8269, 0.3056, 117.80
210, 277, 6, 5, 1.0000, 5.7479, -3.4306, -4.6119, 1.0000, 184.86
210, 290, 57, 126, 0.6556, 30.7268, -0.6091, 30.7207, 0.2622, 176.50
210, 300, 118, 39, 0.8222, 1.0346, 0.8079, 0.6463, 0.5756, 173.57
210, 301, 9, 50, 0.7667, 7.9908, -7.6883, -2.1776, 0.4600, 206.67
210, 306, 91, 99, 0.7667, 8.1368, 6.1984, 5.2714, 0.4600, 150.50
211, 300, 119, 39, 0.8778, 1.0204, 1.0017, 0.1946, 0.7022, 173.12
211, 301, 9, 50, 0.8222, 0.4453, -0.2782, -0.3477, 0.5756, 208.86
211, 290, 57, 157, 0.5556, 30.7268, -0.6091, 30.7207, 0.2222, 176.50
212, 300, 120, 39, 0.9333, 1.0261, 1.0258, -0.0229, 0.8400, 173.33
212, 301, 10, 50, 0.8778, 0.8987, 0.8823, 0.1713, 0.7022, 210.50
213, 229, 124, 116, 0.5400, 63.6180, 46.4172, 43.5051, 0.2700, 171.60
213, 300, 121, 39, 0.9889, 1.0086, 1.0081, -0.0330, 0.9889, 171.70
214, 282, 88, 36, 0.6000, 44.2293, 43.9591, 4.8816, 0.1800, 192.00
214, 229, 131, 123, 0.6000, 14.8445, 10.8256, 10.1571, 0.3600, 158.50
214, 300, 122, 40, 1.0000, 1.2825, 0.9992, 0.8041, 1.0000, 167.76
214, 275, 125, 98, 0.5625, 0.9905, 0.9905, 0.0000, 0.2250, 82.75
214, 195, 41, 65, 0.5250, 23.9890, 14.3887, -19.1947, 0.3150, 195.33
215, 282, 92, 31, 0.6556, 9.0933, 8.3133, -3.6848, 0.2622, 187.25
215, 300, 123, 40, 1.0000, 1.0324, 0.9987, 0.2617, 1.0000, 166.61
215, 274, 24, 36, 0.5625, 69.2990, -69.1978, -3.7437, 0.2250, 181.75
215, 275, 127, 98, 0.6722, 1.8087, 1.8087, 0.0000, 0.3361, 82.40
215, 195, 43, 63, 0.5841, 4.8573, 3.2844, -3.5786, 0.4089, 196.43
215, 311, 0, 85, 0.7056, 0.0065, 0.0065, 0.0000, 0.2822, 175.25
215, 229, 142, 133, 0.5000, 14.8445, 10.8256, 10.1571, 0.3000, 158.50
216, 282, 106, 32, 0.7111, 13.5073, 13.4888, 0.7069, 0.3556, 176.00
216, 300, 124, 40, 1.0000, 0.9999, 0.9997, -0.0221, 1.0000, 166.03
216, 274, -3, 42, 0.6222, 30.9955, -30.6376, 4.6965, 0.3111, 185.60
216, 195, 27, 49, 0.6424, 19.7683, -14.5469, -13.3856, 0.5139, 197.25
216, 275, 129, 98, 0.5722, 1.8087, 1.8087, 0.0000, 0.2861, 82.40
216, 311, 0, 85, 0.6056, 0.0065, 0.0065, 0.0000, 0.2422, 175.25
217, 300, 125, 40, 1.0000, 1.0009, 1.0001, -0.0416, 1.0000, 165.81
217, 309, 20, 88, 0.6000, 2.0936, -1.8741, 0.9334, 0.1800, 183.33
217, 275, 116, 107, 0.6806, 8.2292, -6.4407, 5.1223, 0.4083, 84.58
217, 311, 2, 79, 0.7611, 3.6003, 1.1404, -3.4149, 0.3806, 176.40
217, 274, -33, 46, 0.5222, 30.9955, -30.6376, 4.6965, 0.2611, 185.60
218, 300, 123, 36, 1.0000, 4.6228, -2.2307, -4.0490, 1.0000, 162.89
218, 309, 19, 89, 0.7056, 1.6582, -1.2862, 1.0467, 0.2822, 187.50
218, 311, 37, 93, 0.7667, 36.2591, 33.6645, 13.4693, 0.4600, 177.00
218, 313, 77, 98, 0.6000, 59.8505, 58.6108, -12.1184, 0.1800, 150.00
219, 300, 104, 19, 1.0000, 23.1442, -16.9287, -15.7820, 1.0000, 162.08
219, 309, 17, 89, 0.7611, 1.8062, -1.7938, 0.2110, 0.3806, 184.60
219, 313, 115, 114, 0.6556, 41.6326, 39.2865, 13.7784, 0.2622, 136.50
220, 309, 16, 90, 0.8167, 1.4244, -1.2161, 0.7416, 0.4900, 185.50
220, 313, 154, 128, 0.5556, 41.6326, 39.2865, 13.7784, 0.2222, 136.50
221, 309, 15, 90, 0.8722, 0.9890, -0.9660, 0.2121, 0.6106, 187.43
221, 310, 1, 111, 0.6000, 4.9192, -0.9697, 4.8227, 0.1800, 181.00
221, 240, 20, 18, 0.5400, 5.1762, -4.8060, -1.9224, 0.2700, 239.80
221, 317, 7, 74, 0.6000, 11.7570, 6.7284, -9.6413, 0.1800, 184.00
222, 309, 15, 90, 0.9278, 0.1596, -0.1572, -0.0279, 0.7422, 186.06
222, 310, 2, 112, 0.7056, 2.0164, 0.5776, 1.9319, 0.2822, 185.75
222, 240, 34, 5, 0.6000, 16.4723, 11.6812, -11.6141, 0.3600, 236.50
222, 317, 43, 115, 0.6556, 49.2559, 33.4642, 36.1427, 0.2622, 179.50
222, 322, 73, 71, 0.6000, 39.6313, -24.9912, 30.7584, 0.1800, 174.67
223, 303, 66, 88, 0.6000, 20.0644, -4.8638, 19.4660, 0.1800, 171.00
223, 309, 9, 79, 0.9333, 11.7937, -5.5169, -10.4237, 0.8400, 185.17
223, 310, 3, 113, 0.7611, 1.3813, 1.1086, 0.8240, 0.3806, 187.60
223, 240, 26, 17, 0.6587, 11.5380, -6.3527, 9.6317, 0.4611, 237.86
223, 317, 74, 123, 0.7111, 33.0099, 31.4779, 9.9395, 0.3556, 168.60
223, 322, 47, 120, 0.6556, 53.4609, -25.6406, 46.9108, 0.2622, 173.00
224, 297, 44, 60, 0.6000, 22.8227, -19.5712, 11.7406, 0.1800, 203.33
224, 303, 57, 115, 0.6556, 27.5504, -9.0984, 26.0047, 0.2622, 163.75
224, 305, 41, 111, 0.6000, 35.4782, 28.2667, 21.4405, 0.1800, 168.67
224, 309, 8, 77, 0.9889, 2.8923, -1.0345, -2.7010, 0.9889, 185.45
224, 310, 3, 113, 0.8167, 0.2785, 0.2784, 0.0093, 0.4900, 186.00
224, 270, 84, 102, 0.5625, 6.9191, -3.8508, 5.7485, 0.2250, 127.25
224, 240, 25, 18, 0.7167, 2.4446, -1.1293, 2.1682, 0.5733, 239.38
224, 322, 21, 166, 0.5556, 53.4609, -25.6406, 46.9108, 0.2222, 173.00
225, 297, 55, 14, 0.6556, 41.3014, 8.3778, -40.4428, 0.2622, 202.25
225, 303, 55, 119, 0.7111, 6.0997, -2.2232, 5.6801, 0.3556, 159.40
225, 305, 64, 58, 0.6556, 51.7089, 23.1858, -46.2194, 0.2622, 176.50
225, 309, 10, 77, 1.0000, 1.2985, 1.1974, 0.5022, 1.0000, 185.05
225, 310, 4, 114, 0.8722, 1.0337, 0.7549, 0.7062, 0.6106, 187.79
225, 270, 56, 74, 0.6222, 35.9013, -25.7281, -25.0393, 0.3111, 138.80
226, 303, 52, 123, 0.7667, 4.9265, -2.7619, 4.0796, 0.4600, 158.33
226, 305, 102, 24, 0.7111, 50.7847, 37.0366, -34.7473, 0.3556, 172.80
226, 310, 5, 115, 0.9278, 1.4518, 1.0166, 1.0365, 0.7422, 186.81
226, 270, 66, 55, 0.6806, 20.2963, 7.1101, -19.0101, 0.4083, 149.67
226, 297, 63, -27, 0.5556, 41.3014, 8.3778, -40.4428, 0.2222, 202.25
227, 310, 5, 115, 0.9833, 0.3287, 0.2260, 0.2388, 0.8850, 183.89
227, 320, 10, 85, 0.6000, 65.8866, -16.8685, 63.6907, 0.1800, 198.00
227, 288, 2, 19, 0.5625, 40.3458, -40.3357, 0.9056, 0.2250, 215.75
227, 324, 57, 69, 0.6000, 48.6428, -29.7972, 38.4480, 0.1800, 179.67
227, 305, 139, -11, 0.6111, 50.7847, 37.0366, -34.7473, 0.3056, 172.80
228, 310, 14, 113, 0.9889, 8.2286, 8.0546, -1.6834, 0.9889, 181.40
228, 320, 34, 124, 0.6556, 45.3159, 20.6202, 40.3527, 0.2622, 185.75
228, 288, -4, 20, 0.6222, 9.0871, -9.0269, 1.0437, 0.3111, 223.60
228, 324, 31, 112, 0.6556, 50.6925, -26.7333, 43.0705, 0.2622, 173.00
228, 261, 76, 106, 0.5400, 2.0837, -0.9319, -1.8638, 0.2700, 138.00
229, 308, 17, 83, 0.6000, 80.9918, 0.0030, 80.9918, 0.1800, 205.00
229, 310, 8, 94, 1.0000, 19.0299, -4.7559, -18.4260, 1.0000, 181.64
229, 288, 1, 20, 0.6806, 3.7785, 3.7725, 0.2133, 0.4083, 228.00
229, 261, 76, 105, 0.6500, 1.2686, -0.2251, -1.2485, 0.3900, 141.50
229, 320, 55, 164, 0.5556, 45.3159, 20.6202, 40.3527, 0.2222, 185.75
229, 324, 4, 155, 0.5556, 50.6925, -26.7333, 43.0705, 0.2222, 173.00
230, 308, 45, 130, 0.6556, 57.0829, 25.5385, 51.0514, 0.2622, 190.50
230, 261, 76, 103, 0.7087, 1.7843, 0.0440, -1.7838, 0.4961, 142.14
230, 212, 43, 105, 0.5250, 38.1488, 27.9334, 25.9817, 0.3150, 178.17
230, 326, 80, 32, 0.6000, 51.4050, 49.0505, 15.3792, 0.1800, 217.33
230, 327, 59, 70, 0.6000, 0.9905, 0.9905, 0.0000, 0.1800, 196.67
231, 261, 76, 102, 0.7667, 1.2186, 0.0436, -1.2178, 0.6133, 145.00
231, 212, 120, 102, 0.5841, 72.5899, 72.5882, -0.4933, 0.4089, 164.00
231, 326, 114, 22, 0.6556, 35.7576, 35.0890, -6.8824, 0.2622, 197.50
231, 327, 61, 71, 0.7056, 1.9771, 1.8087, 0.7984, 0.2822, 196.25
231, 308, 71, 182, 0.5556, 57.0829, 25.5385, 51.0514, 0.2222, 190.50
232, 316, 42, 71, 0.6000, 39.5031, 39.4557, -1.9357, 0.1800, 186.00
232, 288, 9, 21, 0.8519, 1.8665, 1.8509, 0.2406, 0.7667, 235.44
232, 261, 76, 100, 0.8241, 1.7755, 0.0083, -1.7755, 0.7417, 145.22
232, 326, 119, 25, 0.7111, 6.7207, 6.5086, 1.6754, 0.3556, 184.40
232, 327, 72, 84, 0.7111, 16.0713, 10.1863, 12.4308, 0.3556, 185.80
233, 312, 20, 80, 0.6000, 13.9714, 13.6603, -2.9320, 0.1800, 179.67
233, 316, 73, 43, 0.6556, 40.5706, 31.7515, -25.2549, 0.2622, 191.25
233, 288, 11, 21, 0.9083, 1.9067, 1.9065, -0.0309, 0.9083, 237.40
233, 261, 76, 99, 0.8811, 1.2259, -0.0030, -1.2259, 0.8811, 146.80
233, 327, 115, 113, 0.7667, 49.9188, 41.1746, 28.2230, 0.4600, 168.17
234, 312, 17, 51, 0.6556, 26.2151, -0.8986, -26.1997, 0.2622, 178.25
234, 288, 13, 21, 0.9646, 1.9937, 1.9934, -0.0388, 0.9646, 239.00
234, 261, 77, 96, 0.9379, 2.6911, 0.7968, -2.5704, 0.9379, 147.64
234, 337, 12, 122, 0.6000, 1.4008, 0.9905, 0.9905, 0.1800, 185.00
234, 316, 105, 18, 0.5556, 40.5706, 31.7515, -25.2549, 0.2222, 191.25
235, 288, 15, 21, 1.0000, 2.0098, 2.0098, -0.0062, 1.0000, 240.00
235, 261, 76, 96, 0.9944, 0.8807, -0.5239, -0.7079, 0.9944, 149.17
235, 337, 12, 123, 0.7056, 1.0324, 0.2120, 1.0104, 0.2822, 180.25
235, 302, 87, 30, 0.5625, 0.0000, 0.0000, 0.0000, 0.2250, 173.25
235, 312, 16, 25, 0.5556, 26.2151, -0.8986, -26.1997, 0.2222, 178.25
236, 312, 30, 1, 0.7111, 26.3439, 7.9952, -25.1013, 0.3556, 186.20
236, 288, 17, 21, 1.0000, 2.0032, 2.0032, 0.0032, 1.0000, 241.08
236, 261, 76, 94, 1.0000, 1.5052, -0.2883, -1.4774, 1.0000, 150.46
236, 337, 13, 124, 0.7611, 1.2577, 0.7570, 1.0044, 0.3806, 184.20
236, 302, 87, 30, 0.6722, 0.0000, 0.0000, 0.0000, 0.3361, 173.20
237, 291, 108, 91, 0.5625, 57.0522, -19.1901, 53.7280, 0.2250, 120.00
237, 261, 76, 93, 1.0000, 1.2075, -0.0296, -1.2071, 1.0000, 151.86
237, 302, 87, 30, 0.7306, 0.0000, 0.0000, 0.0000, 0.4383, 173.33
237, 340, 7, 7, 0.6000, 12.8081, -11.9531, 4.6012, 0.1800, 206.67
237, 343, 63, 70, 0.6000, 67.0958, 60.1963, 29.6355, 0.1800, 195.67
237, 346, 101, 106, 0.6000, 12.4920, -6.6991, -10.5439, 0.1800, 94.00
237, 288, 19, 21, 0.9000, 2.0032, 2.0032, 0.0032, 0.9000, 241.08
237, 337, 14, 125, 0.6611, 1.2577, 0.7570, 1.0044, 0.3306, 184.20
238, 288, 22, 20, 1.0000, 2.6604, 2.5932, -0.5942, 1.0000, 241.14
238, 291, 101, 111, 0.6222, 23.7653, -7.7890, 22.4526, 0.3111, 117.40
238, 261, 75, 92, 1.0000, 1.2579, -0.7526, -1.0080, 1.0000, 152.60
238, 337, 15, 126, 0.8167, 1.4738, 1.0837, 0.9988, 0.4900, 183.17
238, 302, 87, 30, 0.7881, 0.0000, 0.0000, 0.0000, 0.5517, 173.57
238, 340, -1, 47, 0.6556, 38.2270, -7.9520, 37.3908, 0.2622, 205.75
238, 343, 113, 96, 0.6556, 56.3936, 49.9975, 26.0863, 0.2622, 170.00
238, 346, 72, 76, 0.6556, 39.5026, -27.0838, -28.7562, 0.2622, 117.00
239, 288, 24, 21, 1.0000, 2.2385, 2.0754, 0.8388, 1.0000, 241.80
239, 291, 103, 110, 0.6806, 0.8453, 0.7327, 0.4215, 0.4083, 116.00
239, 261, 74, 91, 1.0000, 1.4289, -1.0454, -0.9741, 1.0000, 153.06
239, 302, 87, 30, 0.8451, 0.0000, 0.0000, 0.0000, 0.6761, 173.88
239, 340, 18, 88, 0.7111, 44.4284, 16.8494, 41.1094, 0.3556, 199.60
239, 343, 131, 100, 0.7111, 21.2337, 20.3384, 6.1011, 0.3556, 153.80
239, 346, 26, 58, 0.7111, 48.4759, -44.9369, -18.1821, 0.3556, 132.20
239, 337, 16, 127, 0.7167, 1.4738, 1.0837, 0.9988, 0.4300, 183.17
240, 288, 26, 21, 1.0000, 1.9707, 1.9557, 0.2429, 1.0000, 241.84
240, 332, 86, 35, 0.6000, 25.7825, -23.6002, -10.3812, 0.1800, 158.00
240, 337, 40, 123, 0.8222, 14.7971, 14.6809, -1.8503, 0.5756, 175.86
240, 302, 87, 30, 0.9019, 0.0000, 0.0000, 0.0000, 0.8117, 174.00
240, 261, 73, 90, 0.9000, 1.4289, -1.0454, -0.9741, 0.9000, 153.06
240, 343, 151, 106, 0.6111, 21.2337, 20.3384, 6.1011, 0.3056, 153.80
241, 214, 10, 123, 0.5250, 38.0484, -37.8505, 3.8757, 0.3150, 170.17
241, 288, 29, 21, 1.0000, 2.8640, 2.8637, -0.0363, 1.0000, 242.62
241, 302, 87, 30, 0.9583, 0.0000, 0.0000, 0.0000, 0.9583, 174.00
241, 347, 108, 108, 0.6000, 24.3671, -17.6749, -16.7737, 0.1800, 77.67
241, 351, 22, 17, 0.6000, 0.9616, 0.0293, -0.9612, 0.1800, 233.89
241, 261, 72, 89, 0.8000, 1.4289, -1.0454, -0.9741, 0.8000, 153.06
241, 332, 62, 24, 0.5000, 25.7825, -23.6002, -10.3812, 0.1500, 158.00
242, 288, 31, 21, 1.0000, 2.2073, 2.2070, -0.0356, 1.0000, 243.31
242, 261, 70, 89, 1.0000, 1.5412, -1.4232, -0.5916, 1.0000, 154.53
242, 302, 87, 30, 1.0000, 0.0000, 0.0000, 0.0000, 1.0000, 173.91
242, 347, 106, 105, 0.6556, 5.7271, -3.7675, -4.3135, 0.2622, 89.50
242, 351, 23, 18, 0.7056, 0.9814, 0.7918, 0.5798, 0.2822, 233.29
242, 352, 2, 53, 0.6000, 0.7227, 0.5046, 0.5174, 0.1800, 207.33
243, 288, 33, 21, 1.0000, 1.9523, 1.9523, -0.0044, 1.0000, 243.66
243, 261, 73, 76, 1.0000, 12.7696, 3.0174, -12.4080, 1.0000, 156.42
243, 332, 0, 1, 0.6556, 31.8060, -29.6816, -11.4291, 0.2622, 175.75
243, 302, 87, 30, 1.0000, 0.0000, 0.0000, 0.0000, 1.0000, 173.83
243, 347, 109, 107, 0.7111, 3.0316, 2.6190, 1.5270, 0.3556, 93.00
243, 351, 24, 17, 0.7611, 1.1732, 1.0540, -0.5152, 0.3806, 230.13
243, 352, 3, 54, 0.5000, 0.7227, 0.5046, 0.5174, 0.1500, 207.33
244, 288, 36, 21, 1.0000, 2.8335, 2.8335, 0.0030, 1.0000, 244.03
244, 261, 69, 62, 1.0000, 13.9572, -3.3928, -13.5386, 1.0000, 157.45
244, 332, -3, 0, 0.7111, 4.3924, -4.1103, -1.5487, 0.3556, 187.40
244, 302, 87, 30, 1.0000, 0.0000, 0.0000, 0.0000, 1.0000, 173.69
244, 347, 111, 108, 0.7667, 2.3912, 2.1453, 1.0561, 0.4600, 95.50
244, 351, 23, 17, 0.8167, 0.6272, -0.5791, -0.2408, 0.4900, 230.53
244, 352, 33, 83, 0.6556, 25.4002, 18.2433, 17.6735, 0.2622, 204.75
245, 323, 3, 13, 0.6000, 13.6277, -12.7193, -4.8922, 0.1800, 212.67
245, 288, 38, 21, 1.0000, 2.2144, 2.2144, 0.0013, 1.0000, 244.45
245, 302, 87, 30, 1.0000, 0.0000, 0.0000, 0.0000, 1.0000, 173.64
245, 347, 113, 108, 0.8222, 1.9669, 1.9629, 0.1260, 0.5756, 97.14
245, 348, 111, 2, 0.6556, 6.4692, -5.6087, -3.2238, 0.2622, 142.00
245, 351, 25, 17, 0.8722, 1.2903, 1.2903, -0.0104, 0.6106, 232.10
245, 352, 9, 65, 0.7111, 27.4257, -22.0427, -16.3183, 0.3556, 202.20
245, 261, 66, 49, 0.9000, 13.9572, -3.3928, -13.5386, 0.9000, 157.45
246, 323, 7, 89, 0.6556, 68.3302, 1.9342, 68.3028, 0.2622, 201.50
246, 288, 41, 20, 1.0000, 2.9463, 2.8180, -0.8599, 1.0000, 244.84
246, 261, 73, 48, 1.0000, 6.3646, 2.5053, -5.8507, 1.0000, 161.07
246, 331, 26, 17, 0.7056, 3.6501, -0.4588, 3.6211, 0.2822, 234.50
246, 302, 89, 39, 1.0000, 7.9284, 1.5549, 7.7744, 1.0000, 172.80
246, 347, 114, 108, 0.8778, 1.1419, 1.1373, -0.1020, 0.7022, 98.00
246, 348, 89, 26, 0.7111, 29.8031, -20.4065, 21.7209, 0.3556, 148.40
246, 351, 29, 28, 0.8778, 11.1093, 3.7126, 10.4706, 0.7022, 230.33
246, 357, 124, 91, 0.6000, 48.9734, 16.3404, 46.1669, 0.1800, 126.00
246, 359, 66, 87, 0.6000, 0.9910, -0.9905, -0.0293, 0.1800, 179.67
247, 288, 43, 20, 1.0000, 2.2006, 2.1890, -0.2253, 1.0000, 245.28
247, 261, 85, 32, 1.0000, 19.7566, 11.8934, -15.7756, 1.0000, 161.69
247, 331, 2, 53, 0.7111, 43.3394, -23.9185, 36.1415, 0.3556, 225.60
247, 334, 73, 88, 0.6000, 47.5441, -47.3870, -3.8623, 0.1800, 95.67
247, 347, 115, 109, 0.9333, 1.2086, 0.9174, 0.7868, 0.8400, 100.00
247, 348, 72, 49, 0.7667, 28.5277, -17.1529, 22.7949, 0.4600, 161.83
247, 356, 96, 8, 0.6000, 37.6089, 9.4198, -36.4102, 0.1800, 177.67
247, 357, 119, 126, 0.6556, 36.9917, -3.4704, 36.8285, 0.2622, 119.50
247, 359, 65, 86, 0.7056, 1.2837, -1.0104, -0.7918, 0.2822, 182.00
247, 323, 9, 157, 0.5556, 68.3302, 1.9342, 68.3028, 0.2222, 201.50
247, 302, 90, 46, 0.9000, 7.9284, 1.5549, 7.7744, 0.9000, 172.80
248, 288, 45, 20, 1.0000, 1.9541, 1.9537, 0.0416, 1.0000, 245.69
248, 334, 44, 101, 0.6556, 32.9579, -31.0373, 11.0865, 0.2622, 112.50
248, 302, 108, 47, 1.0000, 11.7266, 11.0903, 3.8103, 1.0000, 170.88
248, 347, 117, 109, 0.9889, 1.8077, 1.7913, 0.2435, 0.9889, 101.60
248, 348, 54, 65, 0.8222, 24.6175, -18.2369, 16.5359, 0.5756, 164.57
248, 356, 106, 8, 0.6556, 10.0691, 9.4882, -3.3706, 0.2622, 170.50
248, 357, 116, 130, 0.7111, 6.5406, -3.0703, 5.7752, 0.3556, 115.60
248, 359, 64, 88, 0.7611, 1.7090, -1.0044, 1.3827, 0.3806, 177.80
249, 288, 48, 20, 1.0000, 2.8116, 2.8113, 0.0383, 1.0000, 245.98
249, 328, 12, 55, 0.6000, 72.8261, -69.2803, -22.4473, 0.1800, 185.00
249, 302, 123, 85, 1.0000, 38.3765, 14.7188, 35.4417, 1.0000, 166.00
249, 342, 24, 20, 0.6000, 20.7404, 12.5979, -16.4759, 0.1800, 211.00
249, 347, 118, 109, 1.0000, 1.2426, 1.2423, -0.0277, 1.0000, 104.27
249, 348, 48, 79, 0.8778, 15.9186, -6.6699, 14.4539, 0.7022, 165.88
249, 359, 63, 85, 0.8167, 2.8807, -1.0000, -2.7016, 0.4900, 178.67
249, 361, 7, 61, 0.6000, 62.9902, 1.8519, -62.9630, 0.1800, 163.33
249, 241, 0, 56, 0.5250, 1.3634, -1.0014, 0.9253, 0.3150, 216.42
249, 334, 13, 112, 0.5556, 32.9579, -31.0373, 11.0865, 0.2222, 112.50
249, 356, 115, 5, 0.5556, 10.0691, 9.4882, -3.3706, 0.2222, 170.50
249, 357, 113, 136, 0.6111, 6.5406, -3.0703, 5.7752, 0.3056, 115.60
250, 288, 51, 20, 1.0000, 3.0738, 3.0738, 0.0056, 1.0000, 245.73
250, 328, -5, 39, 0.6556, 27.4023, -22.0642, -16.2499, 0.2622, 188.00
250, 330, 3, 86, 0.6000, 0.9782, 0.9782, 0.0041, 0.1800, 176.00
250, 334, 11, 103, 0.7111, 13.6931, -13.6679, -0.8303, 0.3556, 121.80
250, 342, 35, 1, 0.6556, 21.6415, 11.7092, -18.2003, 0.2622, 211.50
250, 347, 120, 109, 1.0000, 1.8047, 1.8042, -0.0387, 1.0000, 105.58
250, 348, 46, 86, 0.9333, 7.4531, -2.1087, 7.1486, 0.8400, 167.33
250, 356, 107, 13, 0.7111, 3.5592, -1.3051, 3.3113, 0.3556, 166.40
250, 359, 65, 76, 0.8222, 8.6472, 2.2469, -8.3502, 0.5756, 178.57
250, 361, 24, 3, 0.6556, 60.2933, 15.7704, -58.1943, 0.2622, 175.75
250, 241, 3, 55, 0.6341, 3.0705, 3.0177, -0.5667, 0.4439, 214.93
250, 224, 87, 30, 0.5143, 0.0000, 0.0000, 0.0000, 0.3600, 174.71
251, 288, 53, 20, 1.0000, 2.2062, 2.2062, -0.0031, 1.0000, 244.53
251, 330, 2, 79, 0.6556, 6.4132, -0.5788, -6.3870, 0.2622, 175.75
251, 341, 29, 18, 0.6000, 20.6700, -15.5557, 13.6115, 0.1800, 233.33
251, 347, 121, 110, 1.0000, 1.4605, 1.2052, 0.8249, 1.0000, 106.77
251, 348, 61, 94, 0.9889, 15.7892, 13.7483, 7.7642, 0.9889, 164.40
251, 304, 120, 88, 0.5625, 58.3054, 58.1140, 4.7203, 0.2250, 151.50
251, 359, 62, 80, 0.8778, 4.6480, -3.2071, 3.3643, 0.7022, 178.06
251, 241, 8, 57, 0.6924, 4.5110, 4.3096, 1.3328, 0.5539, 213.19
251, 224, 87, 30, 0.6222, 0.0000, 0.0000, 0.0000, 0.4978, 174.75
251, 328, -27, 23, 0.5556, 27.4023, -22.0642, -16.2499, 0.2222, 188.00
251, 342, 47, -17, 0.5556, 21.6415, 11.7092, -18.2003, 0.2222, 211.50
251, 361, 40, -55, 0.5556, 60.2933, 15.7704, -58.1943, 0.2222, 175.75
252, 288, 55, 20, 1.0000, 1.9276, 1.9276, -0.0016, 1.0000, 244.46
252, 330, 3, 78, 0.7111, 1.2707, 0.5148, -1.1617, 0.3556, 182.60
252, 331, 18, 70, 0.9889, 0.7783, 0.7770, 0.0442, 0.9889, 218.60
252, 341, 8, 34, 0.6556, 25.8140, -20.3375, 15.8981, 0.2622, 230.50
252, 342, 50, 6, 0.7111, 8.9602, 6.8424, 5.7851, 0.3556, 209.60
252, 347, 123, 110, 1.0000, 1.8086, 1.7917, 0.2466, 1.0000, 107.00
252, 348, 89, 113, 1.0000, 33.8538, 27.9216, 19.1434, 1.0000, 159.27
252, 354, 52, 46, 0.6000, 52.0019, -25.8938, 45.0967, 0.1800, 195.33
252, 241, 2, 81, 0.7000, 23.8773, -5.5137, 23.2320, 0.6300, 208.39
252, 224, 87, 30, 0.6796, 0.0000, 0.0000, 0.0000, 0.6117, 174.89
252, 365, 75, 8, 0.6000, 11.2056, -10.5146, 3.8741, 0.1800, 179.67
253, 288, 56, 20, 1.0000, 1.1240, 1.1240, -0.0001, 1.0000, 243.67
253, 330, 4, 79, 0.7667, 1.1520, 1.0525, 0.4684, 0.4600, 186.17
253, 331, 19, 70, 1.0000, 1.0168, 1.0168, 0.0038, 1.0000, 216.36
253, 347, 124, 110, 1.0000, 1.2094, 1.2090, -0.0302, 1.0000, 108.00
253, 348, 111, 119, 1.0000, 22.6909, 21.9569, 5.7244, 1.0000, 153.25
253, 354, 23, 84, 0.6556, 48.6928, -29.4194, 38.8006, 0.2622, 192.75
253, 224, 87, 30, 0.7367, 0.0000, 0.0000, 0.0000, 0.7367, 174.90
253, 319, 19, 48, 0.5625, 3.2993, -2.7169, 1.8718, 0.2250, 202.00
253, 365, 53, 44, 0.6556, 39.2628, -21.5775, 32.8021, 0.2622, 190.75
253, 369, 11, 59, 0.6000, 2.6904, 1.9325, 1.8718, 0.1800, 203.67
253, 341, -13, 50, 0.5556, 25.8140, -20.3375, 15.8981, 0.2222, 230.50
254, 288, 57, 22, 1.0000, 1.8891, 0.9209, 1.6494, 1.0000, 243.52
254, 330, 5, 80, 0.8222, 1.5520, 1.0806, 1.1141, 0.5756, 187.29
254, 341, 4, 51, 0.7111, 7.7752, 1.2681, 7.6711, 0.3556, 223.00
254, 347, 112, 116, 1.0000, 12.7595, -11.4006, 5.7299, 1.0000, 107.06
254, 354, 0, 90, 0.7111, 24.4170, -23.0132, 8.1596, 0.3556, 194.20
254, 224, 87, 30, 0.7934, 0.0000, 0.0000, 0.0000, 0.7934, 174.73
254, 318, 29, 20, 0.5625, 0.8863, 0.0000, 0.8863, 0.2250, 207.12
254, 321, 62, 45, 0.5625, 8.7803, 4.6254, 7.4632, 0.2250, 198.50
254, 319, 27, 53, 0.6222, 8.3634, 6.4933, 5.2711, 0.3111, 198.00
254, 365, 34, 52, 0.7111, 20.7942, -18.3980, 9.6910, 0.3556, 192.80
254, 369, 10, 58, 0.7056, 0.5030, -0.3677, -0.3432, 0.2822, 204.75
254, 348, 133, 125, 0.9000, 22.6909, 21.9569, 5.7244, 0.9000, 153.25
255, 288, 58, 22, 1.0000, 1.0850, 0.9601, 0.5054, 1.0000, 243.15
255, 338, 4, 85, 0.6000, 47.5217, -28.3577, -38.1333, 0.1800, 152.00
255, 224, 87, 30, 0.8500, 0.0000, 0.0000, 0.0000, 0.8500, 174.50
255, 318, 29, 20, 0.6722, 0.2673, 0.0000, 0.2673, 0.3361, 212.70
255, 321, 61, 32, 0.6222, 11.7682, -0.3898, -11.7617, 0.3111, 199.33
255, 319, 14, 29, 0.6806, 25.6443, -11.4487, -22.9469, 0.4083, 200.00
255, 369, 10, 58, 0.7611, 0.4870, -0.3518, -0.3367, 0.3806, 203.10
256, 288, 58, 23, 1.0000, 0.7840, 0.1818, 0.7627, 1.0000, 242.25
256, 338, 19, 117, 0.6556, 27.3332, 11.1828, 24.9409, 0.2622, 149.75
256, 224, 87, 30, 0.9064, 0.0000, 0.0000, 0.0000, 0.9064, 174.23
256, 318, 29, 21, 0.7306, 0.7859, 0.0000, 0.7859, 0.4383, 217.75
256, 321, 64, 19, 0.6806, 13.1302, 3.3687, -12.6907, 0.4083, 208.28
256, 369, 10, 62, 0.8167, 3.9972, -0.0641, 3.9967, 0.4900, 201.58
256, 374, 24, 114, 0.6000, 2.7485, -0.0298, 2.7484, 0.1800, 153.00
256, 376, 73, 75, 0.6000, 56.7255, 10.6318, 55.7203, 0.1800, 222.33
257, 288, 60, 23, 1.0000, 1.5669, 1.5569, 0.1769, 1.0000, 241.70
257, 318, 29, 22, 0.7881, 1.0280, 0.0000, 1.0280, 0.5517, 220.07
257, 321, 68, 17, 0.7381, 4.3593, 3.5641, -2.5101, 0.5167, 213.95
257, 369, 13, 61, 0.8722, 2.7001, 2.4605, -1.1119, 0.6106, 201.36
257, 371, 21, 72, 0.6000, 20.5646, 18.7658, -8.4112, 0.1800, 211.67
257, 374, 26, 126, 0.6556, 11.3216, 1.6268, 11.2041, 0.2622, 159.25
257, 296, 121, 79, 0.5400, 61.6734, 59.0541, 17.7826, 0.2700, 165.40
257, 338, 30, 142, 0.5556, 27.3332, 11.1828, 24.9409, 0.2222, 149.75
257, 224, 87, 30, 0.8064, 0.0000, 0.0000, 0.0000, 0.8064, 174.23
257, 376, 83, 131, 0.5000, 56.7255, 10.6318, 55.7203, 0.1500, 222.33
258, 288, 61, 24, 1.0000, 1.4968, 1.2866, 0.7650, 1.0000, 241.76
258, 318, 29, 22, 0.8451, 0.2294, 0.0000, 0.2294, 0.6761, 224.44
258, 321, 71, 18, 0.7951, 3.2556, 3.1268, 0.9067, 0.6361, 218.83
258, 369, 12, 60, 0.9278, 0.8826, -0.0155, -0.8824, 0.7422, 202.56
258, 371, 65, 73, 0.6556, 41.7257, 41.7250, 0.2495, 0.2622, 204.50
258, 372, 71, 65, 0.6000, 58.1940, 51.8696, -26.3835, 0.1800, 183.67
258, 374, 27, 128, 0.7111, 3.4155, 1.3214, 3.1495, 0.3556, 164.00
258, 224, 87, 30, 0.7064, 0.0000, 0.0000, 0.0000, 0.7064, 174.23
259, 288, 62, 24, 1.0000, 1.0461, 1.0209, 0.2282, 1.0000, 241.77
259, 247, 81, 24, 0.5250, 73.6764, 73.6201, -2.8788, 0.3150, 199.17
259, 224, 87, 30, 0.9627, 0.0000, 0.0000, 0.0000, 0.9627, 174.00
259, 318, 29, 23, 0.9019, 0.7434, 0.0000, 0.7434, 0.8117, 227.17
259, 321, 73, 19, 0.8519, 2.2275, 2.1429, 0.6080, 0.7667, 222.85
259, 374, 27, 128, 0.7667, 0.5120, 0.2084, -0.4677, 0.4600, 165.00
259, 371, 106, 73, 0.5556, 41.7257, 41.7250, 0.2495, 0.2222, 204.50
259, 372, 122, 38, 0.5000, 58.1940, 51.8696, -26.3835, 0.1500, 183.67
260, 288, 63, 26, 1.0000, 1.8464, 0.9689, 1.5718, 1.0000, 240.74
260, 247, 95, 29, 0.5841, 19.8195, 19.3863, 4.1212, 0.4089, 195.14
260, 224, 76, 26, 0.9689, 11.7568, -10.9731, -4.2204, 0.9689, 175.27
260, 318, 29, 24, 0.9583, 1.0166, 0.0000, 1.0166, 0.9583, 229.75
260, 321, 76, 19, 0.9083, 2.7217, 2.7208, 0.0697, 0.9083, 225.87
260, 372, 122, 15, 0.6556, 32.7685, 21.5134, -24.7174, 0.2622, 169.75
260, 374, 24, 117, 0.8222, 10.8351, -3.3535, -10.3031, 0.5756, 163.00
261, 288, 64, 30, 1.0000, 3.8103, 0.9866, 3.6804, 1.0000, 239.31
261, 318, 29, 25, 1.0000, 1.0400, 0.0000, 1.0400, 1.0000, 228.86
261, 321, 78, 20, 0.9646, 2.3317, 2.2026, 0.7652, 0.9646, 226.09
261, 373, 59, 40, 0.6000, 68.3401, 49.7344, -46.8707, 0.1800, 179.00
261, 372, 143, -10, 0.5556, 32.7685, 21.5134, -24.7174, 0.2222, 169.75
261, 374, 20, 106, 0.7222, 10.8351, -3.3535, -10.3031, 0.5056, 163.00
262, 288, 84, 30, 1.0000, 18.4080, 18.3776, 1.0584, 1.0000, 237.51
262, 280, 25, 74, 0.5400, 24.7847, -4.8645, -24.3027, 0.2700, 177.60
262, 321, 81, 20, 1.0000, 2.8006, 2.7915, 0.2256, 1.0000, 228.50
262, 373, 122, 7, 0.6556, 70.6790, 61.6676, -34.5345, 0.2622, 166.25
262, 318, 29, 26, 0.9000, 1.0400, 0.0000, 1.0400, 0.9000, 228.86
263, 288, 89, 30, 1.0000, 6.2577, 6.2562, -0.1368, 1.0000, 235.83
263, 354, 29, 125, 1.0000, 1.0639, 1.0197, -0.3037, 1.0000, 175.85
263, 280, 61, 29, 0.6000, 53.4744, 31.6369, -43.1117, 0.3600, 180.83
263, 318, 29, 26, 1.0000, 0.4361, 0.0000, 0.4361, 1.0000, 231.04
263, 321, 84, 21, 1.0000, 3.1405, 3.0387, 0.7928, 1.0000, 227.46
263, 373, 184, -27, 0.5556, 70.6790, 61.6676, -34.5345, 0.2222, 166.25
264, 280, 76, 9, 0.6587, 26.8890, 16.8677, -20.9403, 0.4611, 180.86
264, 318, 44, 23, 1.0000, 14.0999, 13.7365, -3.1804, 1.0000, 228.58
264, 321, 86, 21, 1.0000, 2.2268, 2.2165, 0.2140, 1.0000, 229.07
265, 318, 34, 21, 1.0000, 8.1187, -7.8836, -1.9399, 1.0000, 226.96
265, 321, 87, 29, 1.0000, 7.4465, 1.1104, 7.3632, 1.0000, 225.47
265, 382, 10, 11, 0.6000, 46.4201, -46.2767, -3.6450, 0.1800, 203.00
266, 315, 1, 95, 0.5625, 19.7599, -2.9306, -19.5414, 0.2250, 162.25
266, 321, 87, 31, 1.0000, 2.2305, 0.0550, 2.2298, 1.0000, 222.31
266, 382, 16, 5, 0.6556, 6.0519, 1.6477, -5.8232, 0.2622, 205.50
266, 344, 18, 64, 0.5625, 0.0567, -0.0253, -0.0507, 0.2250, 204.00
266, 387, 2, 79, 0.6000, 1.2727, -0.9000, -0.9000, 0.1800, 184.33
266, 388, 70, 27, 0.6000, 1.0203, 1.0198, 0.0293, 0.1800, 226.67
267, 315, 2, 91, 0.6222, 5.2825, 0.9354, -5.1990, 0.3111, 164.90
267, 321, 87, 30, 1.0000, 0.2930, -0.1261, -0.2645, 1.0000, 219.59
267, 379, 7, 35, 0.6000, 33.1325, -7.6062, 32.2476, 0.1800, 218.11
267, 344, 17, 65, 0.6722, 1.1467, -0.7914, 0.8298, 0.3361, 204.50
267, 388, 71, 28, 0.7056, 1.2785, 1.0038, 0.7918, 0.2822, 221.00
267, 285, 47, 114, 0.5400, 25.0097, 24.9912, -0.9612, 0.2700, 158.60
267, 382, 17, 0, 0.5556, 6.0519, 1.6477, -5.8232, 0.2222, 205.50
267, 387, 1, 78, 0.5000, 1.2727, -0.9000, -0.9000, 0.1500, 184.33
268, 315, 9, 103, 0.6806, 12.9660, 6.3285, 11.3167, 0.4083, 165.08
268, 355, 118, 26, 0.6000, 11.0700, -7.8271, 7.8282, 0.1800, 129.17
268, 321, 87, 30, 1.0000, 0.3710, -0.0457, -0.3682, 1.0000, 217.28
268, 379, 7, 41, 0.6556, 8.0330, -1.0588, 7.9629, 0.2622, 213.33
268, 344, 26, 60, 0.6806, 9.8295, 8.6842, -4.6049, 0.4083, 202.58
268, 387, 18, 66, 0.6556, 12.0034, 9.5833, -7.2278, 0.2622, 187.75
268, 388, 72, 28, 0.7611, 1.0276, 0.9988, 0.2418, 0.3806, 218.80
268, 285, 51, 114, 0.6000, 5.6858, 5.6816, -0.2185, 0.3600, 157.17
268, 339, 45, 105, 0.5625, 21.9187, 17.3016, 13.4568, 0.2250, 179.25
269, 315, 13, 108, 0.7381, 6.7024, 4.3351, 5.1117, 0.5167, 165.21
269, 321, 87, 30, 1.0000, 0.0789, 0.0022, -0.0788, 1.0000, 215.21
269, 379, 9, 39, 0.7111, 2.0330, 1.4112, -1.4634, 0.3556, 210.67
269, 344, 22, 65, 0.7381, 5.4662, -3.6138, 4.1012, 0.5167, 204.50
269, 387, 11, 79, 0.7111, 13.8780, -7.1339, 11.9040, 0.3556, 187.60
269, 388, 72, 29, 0.8167, 0.8071, 0.1872, 0.7851, 0.4900, 219.67
269, 353, 6, 92, 0.5625, 8.4752, -0.9359, 8.4233, 0.2250, 179.00
269, 355, 110, 34, 0.5000, 11.0700, -7.8271, 7.8282, 0.1500, 129.17
269, 285, 57, 114, 0.5000, 5.6858, 5.6816, -0.2185, 0.3000, 157.17
270, 315, 21, 115, 0.7951, 9.7191, 7.0799, 6.6585, 0.6361, 165.31
270, 355, 57, 16, 0.6556, 34.4586, -33.7607, -6.8998, 0.2622, 151.88
270, 321, 87, 30, 1.0000, 0.0242, 0.0066, 0.0232, 1.0000, 213.10
270, 381, 42, 9, 0.6000, 0.9406, 0.9404, -0.0181, 0.1800, 233.00
270, 382, 19, 11, 0.7111, 3.7296, 0.5540, 3.6883, 0.3556, 204.80
270, 344, 21, 66, 0.7951, 2.4268, -1.4870, 1.9179, 0.6361, 203.48
270, 388, 74, 29, 0.8722, 1.5610, 1.5452, 0.2221, 0.6106, 217.86
270, 285, 57, 116, 0.6587, 2.9539, 2.6847, 1.2320, 0.4611, 155.00
270, 339, 72, 52, 0.6222, 35.0005, 12.8114, -32.5715, 0.3111, 191.60
270, 353, 12, 104, 0.6222, 13.6027, 5.3849, 12.4915, 0.3111, 174.80
271, 321, 87, 30, 1.0000, 0.0174, 0.0017, 0.0173, 1.0000, 211.24
271, 370, 10, 82, 0.6000, 23.4632, -22.4473, 6.8294, 0.1800, 190.33
271, 381, 42, 9, 0.7056, 0.2412, 0.2409, 0.0125, 0.2822, 237.00
271, 388, 75, 29, 0.9278, 1.2861, 1.2857, -0.0303, 0.7422, 217.56
271, 353, 15, 109, 0.6806, 6.2919, 3.4134, 5.2855, 0.4083, 175.50
271, 355, 24, 9, 0.5556, 34.4586, -33.7607, -6.8998, 0.2222, 151.88
271, 285, 60, 117, 0.5587, 2.9539, 2.6847, 1.2320, 0.3911, 155.00
271, 339, 85, 19, 0.5222, 35.0005, 12.8114, -32.5715, 0.2611, 191.60
272, 321, 87, 30, 1.0000, 0.0023, -0.0003, 0.0023, 1.0000, 209.45
272, 370, 3, 92, 0.6556, 12.6155, -8.2684, 9.5281, 0.2622, 185.25
272, 381, 43, 9, 0.7611, 0.7719, 0.7718, 0.0061, 0.3806, 235.60
272, 388, 77, 29, 0.9833, 1.8224, 1.8220, -0.0396, 0.8850, 219.50
272, 339, 84, 51, 0.6806, 7.3094, 4.8738, 5.4474, 0.4083, 192.33
272, 353, 19, 114, 0.5806, 6.2919, 3.4134, 5.2855, 0.3483, 175.50
273, 321, 87, 30, 1.0000, 0.0016, -0.0003, -0.0015, 1.0000, 207.83
273, 381, 43, 9, 0.8167, 0.2151, 0.2151, 0.0003, 0.4900, 237.83
273, 345, 56, 28, 0.5625, 52.1854, 34.4245, -39.2208, 0.2250, 195.58
273, 385, 6, 82, 0.6000, 19.5163, -3.8400, 19.1348, 0.1800, 189.67
273, 388, 78, 30, 1.0000, 1.4682, 1.2406, 0.7853, 1.0000, 217.55
273, 353, 20, 116, 0.7381, 3.8449, 2.1923, 3.1586, 0.5167, 174.00
273, 370, -5, 101, 0.5556, 12.6155, -8.2684, 9.5281, 0.2222, 185.25
274, 321, 87, 30, 1.0000, 0.0008, -0.0001, -0.0008, 1.0000, 206.29
274, 370, 0, 97, 0.7111, 1.7584, 0.0703, 1.7570, 0.3556, 180.80
274, 381, 44, 9, 0.8722, 0.7762, 0.7762, -0.0007, 0.6106, 237.29
274, 345, 114, -1, 0.6222, 63.2928, 55.5774, -30.2841, 0.3111, 181.27
274, 385, 9, 84, 0.6556, 4.4454, 2.2916, 3.8092, 0.2622, 185.75
274, 388, 79, 30, 1.0000, 1.0103, 0.9719, 0.2761, 1.0000, 216.95
274, 353, 28, 124, 0.7951, 11.1370, 7.8182, 7.9314, 0.6361, 170.62
275, 321, 87, 30, 1.0000, 0.0000, 0.0000, -0.0000, 1.0000, 204.96
275, 381, 44, 9, 0.9278, 0.2265, 0.2265, -0.0003, 0.7422, 239.00
275, 385, 10, 83, 0.7111, 1.6451, 1.1778, -1.1486, 0.3556, 184.30
275, 388, 81, 31, 1.0000, 1.9081, 1.7433, 0.7757, 1.0000, 218.04
275, 345, 169, -32, 0.5222, 63.2928, 55.5774, -30.2841, 0.2611, 181.27
275, 353, 36, 132, 0.6951, 11.1370, 7.8182, 7.9314, 0.5561, 170.62
276, 321, 87, 30, 1.0000, 0.0001, 0.0000, 0.0001, 1.0000, 203.69
276, 381, 34, 11, 0.9333, 9.7466, -9.6147, 1.5979, 0.8400, 235.56
276, 385, 1, 75, 0.7667, 10.9050, -8.0437, -7.3633, 0.4600, 184.58
276, 388, 84, 32, 1.0000, 3.0099, 2.8319, 1.0198, 1.0000, 215.50
276, 394, 25, 70, 0.6000, 1.4008, 0.9905, 0.9905, 0.1800, 224.17
276, 353, 44, 140, 0.5951, 11.1370, 7.8182, 7.9314, 0.4761, 170.62
277, 321, 87, 30, 1.0000, 0.0000, 0.0000, 0.0000, 1.0000, 202.52
277, 379, 46, 9, 1.0000, 0.3835, -0.3060, 0.2312, 1.0000, 207.44
277, 386, 35, 117, 0.6000, 56.2524, 27.0667, 49.3125, 0.1800, 182.33
277, 388, 84, 31, 1.0000, 0.5166, 0.0041, -0.5166, 1.0000, 215.32
277, 394, 26, 70, 0.7056, 1.0324, 1.0104, 0.2120, 0.2822, 219.62
277, 395, 16, 92, 0.6000, 18.4543, -4.7099, 17.8432, 0.1800, 186.67
277, 385, -7, 68, 0.6667, 10.9050, -8.0437, -7.3633, 0.4000, 184.58
278, 321, 87, 30, 1.0000, 0.0000, -0.0000, -0.0000, 1.0000, 201.43
278, 386, 27, 118, 0.6556, 7.6585, -4.8711, 5.9097, 0.2622, 183.50
278, 388, 84, 32, 1.0000, 0.5803, 0.3776, 0.4406, 1.0000, 214.03
278, 353, 37, 118, 0.8519, 4.5196, 0.4898, -4.4930, 0.7667, 171.78
278, 394, 27, 70, 0.7611, 1.0059, 1.0044, -0.0552, 0.3806, 221.10
278, 395, 12, 85, 0.6556, 6.8443, -4.3431, -5.2897, 0.2622, 184.00
279, 321, 86, 31, 1.0000, 1.1324, -0.8007, 0.8007, 1.0000, 200.91
279, 388, 77, 38, 1.0000, 8.2288, -6.0111, 5.6196, 1.0000, 211.59
279, 390, 36, 91, 0.6000, 36.2284, -10.5967, 34.6440, 0.1800, 218.33
279, 394, 28, 71, 0.8167, 1.2599, 1.0000, 0.7664, 0.4900, 219.25
279, 386, 22, 124, 0.5556, 7.6585, -4.8711, 5.9097, 0.2222, 183.50
279, 395, 8, 79, 0.5556, 6.8443, -4.3431, -5.2897, 0.2222, 184.00
280, 385, 5, 112, 0.9333, 21.9640, -2.7130, 21.7958, 0.8400, 179.94
280, 386, 17, 116, 0.7111, 5.3754, -4.8894, -2.2334, 0.3556, 178.60
280, 390, 32, 123, 0.6556, 32.5829, -4.9000, 32.2123, 0.2622, 199.50
280, 394, 28, 71, 0.8722, 0.3190, 0.1918, 0.2549, 0.6106, 217.93
280, 395, 19, 93, 0.7111, 8.0334, 5.1844, 6.1366, 0.3556, 180.80
280, 388, 71, 44, 0.9000, 8.2288, -6.0111, 5.6196, 0.9000, 211.59
281, 333, 85, 58, 0.5625, 53.4608, -38.7602, -36.8199, 0.2250, 115.00
281, 390, 27, 156, 0.5556, 32.5829, -4.9000, 32.2123, 0.2222, 199.50
281, 394, 28, 71, 0.7722, 0.3190, 0.1918, 0.2549, 0.5406, 217.93
282, 333, 66, 24, 0.6222, 40.7201, -20.9678, -34.9067, 0.3111, 129.60
282, 394, 30, 73, 0.9278, 1.4720, 1.0312, 1.0504, 0.7422, 217.69
283, 333, 48, 8, 0.6806, 25.2973, -18.8355, -16.8872, 0.4083, 149.50
283, 394, 35, 79, 0.9333, 7.9012, 5.1601, 5.9835, 0.8400, 215.06
284, 394, 40, 84, 0.9889, 6.9262, 4.7609, 5.0306, 0.9889, 215.05
285, 284, 76, 77, 0.5250, 36.5920, -0.0606, 36.5920, 0.3150, 178.33
285, 364, 19, 90, 0.5625, 26.0218, -9.2986, -24.3037, 0.2250, 172.50
285, 394, 45, 89, 0.8889, 6.9262, 4.7609, 5.0306, 0.8889, 215.05
286, 394, 48, 91, 1.0000, 5.0373, 3.8700, 3.2245, 1.0000, 211.41
286, 284, 58, 89, 0.5841, 22.2227, -16.8183, 14.5255, 0.4089, 178.00
286, 364, 10, 78, 0.6222, 15.8253, -8.7352, -13.1960, 0.3111, 173.60
287, 394, 49, 94, 1.0000, 3.0239, 0.6812, 2.9462, 1.0000, 212.29
287, 284, 38, 74, 0.6424, 23.4915, -19.0249, -13.7805, 0.5139, 180.00
287, 364, 4, 54, 0.6806, 24.5065, -5.6335, -23.8502, 0.4083, 179.67
287, 396, 51, 16, 0.6000, 73.0752, 37.0566, -62.9825, 0.1800, 188.00
288, 394, 50, 95, 1.0000, 1.8908, 1.3058, 1.3674, 1.0000, 209.27
288, 364, 9, 40, 0.7381, 15.4077, 4.2188, -14.8189, 0.5167, 182.57
288, 399, 43, 86, 0.6000, 0.9616, 0.0293, 0.9612, 0.1800, 209.00
288, 401, 40, 85, 0.6000, 11.7570, 9.6413, -6.7284, 0.1800, 180.00
288, 404, 15, 80, 0.6000, 20.6179, -7.6016, -19.1654, 0.1800, 170.33
288, 396, 88, -47, 0.5000, 73.0752, 37.0566, -62.9825, 0.1500, 188.00
289, 333, 51, 12, 1.0000, 0.7985, 0.7962, -0.0600, 1.0000, 195.38
289, 394, 51, 95, 1.0000, 1.1505, 1.1480, 0.0769, 1.0000, 206.61
289, 399, 44, 86, 0.7056, 0.8214, 0.7918, 0.2185, 0.2822, 209.50
289, 401, 113, 90, 0.6556, 67.7661, 67.6444, 4.0589, 0.2622, 156.12
289, 404, 14, 76, 0.6556, 5.4751, -1.7678, -5.1819, 0.2622, 172.75
289, 405, 34, 118, 0.6000, 2.1605, 1.9325, 0.9662, 0.1800, 163.33
289, 364, 14, 25, 0.6381, 15.4077, 4.2188, -14.8189, 0.4467, 182.57
290, 394, 54, 95, 1.0000, 2.5943, 2.5892, -0.1619, 1.0000, 207.30
290, 399, 45, 86, 0.7611, 1.0552, 1.0540, -0.0496, 0.3806, 210.80
290, 404, 32, 90, 0.7111, 21.0536, 16.6249, 12.9177, 0.3556, 173.20
290, 405, 61, 114, 0.6556, 24.7875, 24.4956, -3.7930, 0.2622, 160.00
290, 406, 10, 109, 0.6000, 39.7941, -24.0300, 31.7196, 0.1800, 183.33
290, 401, 181, 94, 0.5556, 67.7661, 67.6444, 4.0589, 0.2222, 156.12
291, 360, 106, 105, 0.5625, 72.5145, 71.1021, -14.2424, 0.2250, 133.50
291, 399, 46, 87, 0.8167, 1.2961, 1.0446, 0.7673, 0.4900, 210.17
291, 405, 119, 110, 0.7111, 56.2172, 56.0930, -3.7340, 0.3556, 148.40
291, 406, 10, 122, 0.6556, 14.5743, -2.2696, 14.3965, 0.2622, 179.00
291, 394, 56, 95, 0.9000, 2.5943, 2.5892, -0.1619, 0.9000, 207.30
292, 394, 58, 96, 1.0000, 2.1427, 2.0687, 0.5583, 1.0000, 204.34
292, 360, 130, 109, 0.6222, 28.8964, 28.8190, 2.1133, 0.3111, 123.20
292, 399, 47, 87, 0.8722, 1.0390, 1.0074, 0.2544, 0.6106, 206.29
292, 406, 33, 122, 0.7111, 21.7692, 21.7241, 1.4005, 0.3556, 173.60
292, 405, 175, 106, 0.6111, 56.2172, 56.0930, -3.7340, 0.3056, 148.40
293, 394, 59, 96, 1.0000, 1.1823, 1.1735, 0.1437, 1.0000, 203.03
293, 360, 128, 112, 0.6806, 3.2511, -0.5431, 3.2054, 0.4083, 117.50
293, 399, 48, 88, 0.9278, 1.2692, 0.9965, 0.7859, 0.7422, 204.25
293, 406, 55, 124, 0.6111, 21.7692, 21.7241, 1.4005, 0.3056, 173.60
294, 394, 61, 96, 1.0000, 1.7105, 1.7103, -0.0248, 1.0000, 203.64
294, 399, 48, 89, 0.9833, 1.0465, 0.1989, 1.0275, 0.8850, 202.56
295, 394, 51, 90, 1.0000, 10.6093, -9.0399, -5.5531, 1.0000, 203.61
295, 399, 45, 82, 1.0000, 6.5862, -2.4498, -6.1137, 1.0000, 201.20
296, 394, 20, 102, 1.0000, 30.5966, -28.6607, 10.7104, 1.0000, 201.47
296, 368, 108, 40, 0.5625, 3.0396, 2.8836, 0.9612, 0.2250, 174.38
297, 402, 60, 63, 0.6000, 35.1053, 17.1972, -30.6046, 0.1800, 190.33
297, 368, 109, 41, 0.6722, 1.7743, 1.4539, 1.0169, 0.3361, 171.30
297, 350, 62, 7, 0.5400, 77.2546, 22.4925, -73.9077, 0.2700, 204.60
297, 410, 28, 51, 0.6000, 27.6811, 11.2311, -25.3003, 0.1800, 186.33
298, 284, 51, 91, 1.0000, 1.3393, 0.8285, 1.0523, 1.0000, 185.81
298, 402, 76, 46, 0.6556, 24.0560, 16.1831, -17.7988, 0.2622, 191.25
298, 368, 110, 41, 0.7306, 0.9319, 0.9107, 0.1977, 0.4383, 170.42
298, 410, 46, 32, 0.6556, 26.2339, 17.1900, -19.8172, 0.2622, 189.00
299, 402, 78, 47, 0.7111, 2.9276, 2.9228, -0.1680, 0.3556, 197.80
299, 368, 112, 42, 0.7881, 1.8764, 1.7237, 0.7414, 0.5517, 169.79
299, 329, 22, 50, 0.5400, 64.8907, -46.3550, -45.4095, 0.2700, 173.60
299, 409, 4, 80, 0.6556, 13.1249, -12.9060, 2.3871, 0.2622, 182.50
299, 410, 63, 12, 0.5556, 26.2339, 17.1900, -19.8172, 0.2222, 189.00
300, 362, 40, 119, 0.5625, 62.9989, 12.5424, 61.7377, 0.2250, 201.00
300, 408, 26, 55, 0.6000, 56.9625, 26.2168, 50.5708, 0.1800, 238.33
300, 368, 113, 42, 0.8451, 1.2637, 1.2455, 0.2137, 0.6761, 171.19
300, 410, 67, 7, 0.7111, 14.5600, 9.5198, -11.0167, 0.3556, 189.20
300, 413, 6, 9, 0.6000, 15.4698, -1.9224, -15.3499, 0.1800, 215.67
300, 402, 81, 47, 0.6111, 2.9276, 2.9228, -0.1680, 0.3056, 197.80
300, 409, -9, 82, 0.5556, 13.1249, -12.9060, 2.3871, 0.2222, 182.50
301, 360, 125, 108, 1.0000, 1.7355, -0.1397, 1.7299, 1.0000, 103.18
301, 408, 39, 103, 0.6556, 50.2337, 13.9268, 48.2646, 0.2622, 219.75
301, 411, 10, 92, 0.6000, 29.0537, 0.9026, -29.0397, 0.1800, 160.17
301, 413, 2, 4, 0.6556, 6.9258, -3.6305, -5.8980, 0.2622, 225.50
301, 415, 28, 58, 0.6000, 19.6767, 8.4233, 17.7826, 0.1800, 209.67
301, 368, 114, 42, 0.7451, 1.2637, 1.2455, 0.2137, 0.5961, 171.19
302, 408, 49, 129, 0.7111, 28.4975, 10.0469, 26.6677, 0.3556, 205.80
302, 368, 116, 43, 0.9019, 1.5673, 1.4891, 0.4887, 0.8117, 169.72
302, 409, 3, 81, 0.7111, 3.3073, 3.3070, -0.0426, 0.3556, 183.40
302, 411, 5, 71, 0.6556, 22.3388, -4.5615, -21.8681, 0.2622, 165.88
302, 413, 2, 4, 0.7111, 0.0908, -0.0780, 0.0465, 0.3556, 226.60
302, 415, 25, 75, 0.6556, 17.3017, -1.9453, 17.1920, 0.2622, 204.25
303, 368, 117, 44, 0.9583, 1.4356, 1.0994, 0.9232, 0.9583, 170.35
303, 411, 24, 59, 0.7111, 21.6852, 17.9481, -12.1703, 0.3556, 178.70
303, 413, 4, 4, 0.7667, 1.2642, 1.2640, -0.0220, 0.4600, 227.44
303, 415, 37, 110, 0.7111, 35.8567, 11.3500, 34.0129, 0.3556, 192.60
304, 397, 20, 27, 0.6000, 66.4930, -2.9306, -66.4284, 0.1800, 187.67
304, 368, 119, 46, 1.0000, 2.5487, 1.7674, 1.8364, 1.0000, 166.73
304, 413, 6, 3, 0.8222, 2.1983, 2.0377, -0.8247, 0.5756, 231.38
305, 397, 43, 1, 0.6556, 36.2158, 20.0870, -30.1347, 0.2622, 193.81
305, 368, 120, 45, 1.0000, 1.2807, 1.2488, -0.2841, 1.0000, 165.08
305, 413, 6, 2, 0.8778, 1.1776, 0.4858, -1.0727, 0.7022, 230.33
306, 368, 121, 46, 1.0000, 1.0750, 0.9825, 0.4362, 1.0000, 163.85
306, 412, 22, 20, 0.6000, 22.2305, -9.5473, 20.0759, 0.1800, 207.00
306, 413, 9, 2, 0.9333, 2.3338, 2.3219, -0.2348, 0.8400, 232.85
306, 397, 63, -30, 0.5556, 36.2158, 20.0870, -30.1347, 0.2222, 193.81
307, 314, 60, 89, 0.5400, 33.1452, -31.3452, -10.7742, 0.2700, 131.40
307, 368, 123, 46, 1.0000, 1.7521, 1.7413, 0.1944, 1.0000, 163.79
307, 413, 10, 2, 0.9889, 1.4924, 1.4909, 0.0662, 0.9889, 234.37
307, 419, 37, 56, 0.6000, 1.3802, 0.9905, 0.9612, 0.1800, 207.67
307, 420, 21, 72, 0.6000, 2.8836, 0.0000, -2.8836, 0.1800, 190.17
307, 412, 12, 40, 0.5000, 22.2305, -9.5473, 20.0759, 0.1500, 207.00
308, 314, 107, 95, 0.6000, 40.2558, 40.0591, 3.9746, 0.3600, 124.50
308, 403, 40, 106, 0.6000, 41.7285, 40.0489, 11.7197, 0.1800, 163.00
308, 368, 124, 47, 1.0000, 1.4945, 1.2704, 0.7871, 1.0000, 162.80
308, 413, 11, 1, 1.0000, 1.2422, 0.9830, -0.7595, 1.0000, 235.97
308, 419, 37, 57, 0.7056, 1.0387, 0.2120, 1.0169, 0.2822, 205.50
308, 420, 21, 69, 0.5000, 2.8836, 0.0000, -2.8836, 0.1500, 190.17
309, 403, 76, 117, 0.6556, 37.9231, 36.1620, 11.4224, 0.2622, 155.25
309, 368, 126, 47, 1.0000, 1.7877, 1.7685, 0.2616, 1.0000, 163.75
309, 412, 0, 60, 0.6556, 13.5058, -6.6160, 11.7744, 0.2622, 207.50
309, 413, 13, 0, 1.0000, 2.0405, 1.7415, -1.0635, 1.0000, 237.39
309, 419, 38, 57, 0.7611, 0.7824, 0.7570, 0.1977, 0.3806, 203.60
309, 420, 34, 47, 0.6556, 15.9693, 7.2547, -14.2264, 0.2622, 192.88
309, 314, 147, 99, 0.5000, 40.2558, 40.0591, 3.9746, 0.3000, 124.50
310, 368, 127, 48, 1.0000, 1.4587, 1.2481, 0.7550, 1.0000, 161.65
310, 412, 53, 51, 0.7111, 52.8663, 52.0849, -9.0559, 0.3556, 204.80
310, 413, 14, 0, 1.0000, 1.2627, 1.2396, -0.2404, 1.0000, 238.36
310, 419, 29, 67, 0.7667, 11.8736, -7.9046, 8.8600, 0.4600, 207.00
310, 420, 113, 18, 0.7111, 81.8287, 76.8954, -27.9828, 0.3556, 178.70
310, 403, 112, 128, 0.5556, 37.9231, 36.1620, 11.4224, 0.2222, 155.25
311, 408, 62, 115, 1.0000, 1.1053, 0.6372, 0.9031, 1.0000, 177.62
311, 368, 128, 49, 0.9000, 1.4587, 1.2481, 0.7550, 0.9000, 161.65
311, 413, 15, 0, 0.9000, 1.2627, 1.2396, -0.2404, 0.9000, 238.36
312, 413, 3, 0, 1.0000, 7.0475, -7.0467, 0.1092, 1.0000, 237.55
312, 417, 15, 91, 0.6000, 2.1474, 1.9200, 0.9616, 0.1800, 211.67
312, 368, 130, 49, 0.8000, 1.4587, 1.2481, 0.7550, 0.8000, 161.65
313, 415, 87, 30, 1.0000, 0.0368, 0.0072, -0.0361, 1.0000, 178.47
313, 417, 17, 91, 0.7056, 2.0728, 2.0601, 0.2290, 0.2822, 221.50
313, 368, 131, 50, 0.7000, 1.4587, 1.2481, 0.7550, 0.7000, 161.65
314, 363, 51, 15, 0.5625, 23.1342, -13.7210, -18.6260, 0.2250, 195.25
314, 407, 56, 107, 0.6000, 12.5371, -7.8328, -9.7890, 0.1800, 148.33
314, 417, 23, 76, 0.7111, 15.1272, 6.0878, -13.8481, 0.3556, 214.20
314, 349, 78, 31, 0.5400, 22.1369, 0.0293, 22.1369, 0.2700, 184.40
314, 368, 132, 51, 0.6000, 1.4587, 1.2481, 0.7550, 0.6000, 161.65
315, 363, 26, 21, 0.6222, 23.9836, -23.7913, 3.0310, 0.3111, 201.60
315, 407, 24, 91, 0.6556, 33.5918, -29.6701, -15.7508, 0.2622, 174.50
315, 417, 5, 53, 0.7667, 28.7042, -16.9983, -23.1298, 0.4600, 210.50
315, 368, 133, 52, 0.5000, 1.4587, 1.2481, 0.7550, 0.5000, 161.65
316, 363, 22, 23, 0.6806, 6.1637, -5.6870, 2.3768, 0.4083, 210.00
316, 407, 19, 88, 0.7111, 7.5500, -6.5922, -3.6805, 0.3556, 190.60
316, 349, 83, 73, 0.6000, 20.8841, 2.7782, 20.6985, 0.3600, 178.83
316, 422, 56, 94, 0.6000, 0.9910, 0.9905, 0.0293, 0.1800, 177.33
316, 423, 45, 62, 0.6000, 43.4800, -22.0783, -37.4575, 0.1800, 191.67
317, 349, 78, 94, 0.6587, 21.3483, -4.4399, 20.8815, 0.4611, 175.29
317, 400, 33, 38, 0.5625, 37.5376, -2.7472, -37.4370, 0.2250, 193.75
317, 422, 46, 66, 0.6556, 26.9529, -8.5700, -25.5541, 0.2622, 186.50
317, 423, 33, 11, 0.6556, 51.7088, -13.0162, -50.0438, 0.2622, 197.25
318, 363, 25, 20, 0.7951, 1.9236, 1.1646, -1.5310, 0.6361, 218.12
318, 349, 70, 120, 0.7167, 27.1549, -8.2274, 25.8786, 0.5733, 170.62
318, 400, 41, 12, 0.6222, 27.6001, 6.5055, -26.8224, 0.3111, 197.60
318, 422, 21, 46, 0.7111, 31.2276, -23.8944, -20.1052, 0.3556, 191.20
318, 425, 82, 10, 0.6000, 0.9319, 0.9319, 0.0000, 0.1800, 171.67
318, 423, 20, -39, 0.5556, 51.7088, -13.0162, -50.0438, 0.2222, 197.25
319, 383, 23, 42, 0.5625, 34.3626, -27.0208, 21.2288, 0.2250, 197.00
319, 422, 1, 19, 0.7667, 33.4761, -20.3107, -26.6105, 0.4600, 193.67
319, 425, 83, 11, 0.7056, 1.2980, 1.0234, 0.7984, 0.2822, 172.00
319, 400, 47, -14, 0.5222, 27.6001, 6.5055, -26.8224, 0.2611, 197.60
320, 407, 29, 77, 0.9333, 2.0725, 0.7777, 1.9210, 0.8400, 203.72
320, 383, 11, 60, 0.6222, 22.9929, -13.5414, 18.5824, 0.3111, 197.40
320, 425, 84, 11, 0.7611, 1.0453, 1.0156, 0.2474, 0.3806, 173.60
320, 429, 59, 97, 0.6000, 4.0159, 2.8543, 2.8250, 0.1800, 168.33
320, 422, -19, -8, 0.6667, 33.4761, -20.3107, -26.6105, 0.4000, 193.67
321, 267, 72, 122, 0.5143, 20.4430, -0.0054, 20.4430, 0.3600, 160.71
321, 429, 72, 103, 0.6556, 13.0370, 11.8392, 5.4588, 0.2622, 167.50
321, 383, -3, 79, 0.5222, 22.9929, -13.5414, 18.5824, 0.2611, 197.40
321, 425, 85, 11, 0.6611, 1.0453, 1.0156, 0.2474, 0.3306, 173.60
322, 267, 85, 102, 0.5722, 20.7133, 11.9819, -16.8961, 0.4578, 156.75
322, 383, 2, 114, 0.6806, 28.6327, -2.6714, 28.5078, 0.4083, 189.50
322, 425, 86, 12, 0.8167, 1.1084, 0.9971, 0.4841, 0.4900, 174.67
322, 429, 74, 105, 0.7111, 3.9601, 3.3200, 2.1588, 0.3556, 165.80
322, 375, 62, 61, 0.5400, 14.7035, 14.4180, -2.8836, 0.2700, 209.10
323, 425, 86, 12, 0.8722, 0.1912, 0.1669, 0.0934, 0.6106, 173.57
323, 429, 74, 105, 0.7667, 0.8461, 0.3171, 0.7844, 0.4600, 167.00
323, 375, 27, 29, 0.6000, 42.1833, -30.2534, -29.3966, 0.3600, 208.58
324, 267, 84, 85, 0.6296, 7.1475, -2.9157, -6.5258, 0.5667, 154.89
324, 424, 87, 97, 0.6000, 29.6528, -2.8694, -29.5137, 0.1800, 127.00
324, 425, 84, 11, 0.9278, 1.8768, -1.6807, -0.8354, 0.7422, 173.12
324, 429, 75, 106, 0.8222, 0.9130, 0.4766, 0.7787, 0.5756, 163.57
324, 366, 71, 39, 0.5400, 0.0000, 0.0000, 0.0000, 0.2700, 218.00
324, 375, 20, 23, 0.6587, 11.7800, -8.6979, -7.9445, 0.4611, 208.64
324, 384, 50, 66, 0.5400, 32.1730, 31.8076, 4.8353, 0.2700, 205.00
324, 437, 28, 82, 0.6000, 38.4274, 20.2145, -32.6808, 0.1800, 178.00
325, 425, 88, 13, 0.9833, 3.6579, 3.4156, 1.3090, 0.8850, 172.22
325, 429, 76, 106, 0.8778, 0.9339, 0.9224, 0.1459, 0.7022, 160.62
325, 431, 8, 114, 0.6000, 2.1214, -0.9256, -1.9088, 0.1800, 152.67
325, 366, 75, 43, 0.6000, 5.6867, 4.0211, 4.0211, 0.3600, 209.67
325, 384, 56, 67, 0.6000, 8.2092, 7.9900, 1.8844, 0.3600, 206.50
325, 437, 27, 45, 0.6556, 36.9739, 0.5906, -36.9692, 0.2622, 183.75
325, 424, 84, 67, 0.5000, 29.6528, -2.8694, -29.5137, 0.1500, 127.00
326, 424, 102, 1, 0.6556, 51.3916, 9.1921, -50.5628, 0.2622, 134.25
326, 425, 90, 14, 1.0000, 2.5628, 2.1781, 1.3505, 1.0000, 171.60
326, 429, 88, 97, 0.9333, 14.1856, 11.5952, -8.1721, 0.8400, 157.89
326, 431, 2, 112, 0.6556, 6.2233, -5.8716, -2.0624, 0.2622, 153.00
326, 366, 74, 48, 0.6587, 4.6517, -1.1823, 4.4989, 0.4611, 210.43
326, 384, 54, 67, 0.6587, 1.4076, -1.4076, -0.0064, 0.4611, 207.00
326, 437, 37, 2, 0.7111, 43.3540, 9.0863, -42.3912, 0.3556, 189.80
327, 421, 82, 104, 0.6000, 77.0961, 77.0899, -0.9773, 0.1800, 151.33
327, 358, 126, 9, 0.5400, 46.5214, 19.2540, -42.3500, 0.2700, 146.60
327, 424, 111, -49, 0.5556, 51.3916, 9.1921, -50.5628, 0.2222, 134.25
327, 425, 92, 15, 0.9000, 2.5628, 2.1781, 1.3505, 0.9000, 171.60
327, 431, -4, 110, 0.5556, 6.2233, -5.8716, -2.0624, 0.2222, 153.00
327, 366, 73, 52, 0.5587, 4.6517, -1.1823, 4.4989, 0.3911, 210.43
327, 437, 46, -41, 0.6111, 43.3540, 9.0863, -42.3912, 0.3056, 189.80
328, 421, 94, 105, 0.6556, 18.2504, 18.2412, 0.5785, 0.2622, 146.00
328, 425, 92, 15, 1.0000, 0.8386, 0.7371, 0.3999, 1.0000, 171.91
328, 366, 78, 86, 0.7167, 21.7615, 2.5283, 21.6141, 0.5733, 202.38
328, 433, 71, 31, 0.6000, 59.1799, -53.1141, 26.0990, 0.1800, 152.67
328, 435, 68, 41, 0.6000, 49.9250, 40.0497, -29.8082, 0.1800, 201.00
328, 438, 66, 103, 0.6000, 1.3803, 0.9760, 0.9760, 0.1800, 181.00
328, 440, 17, 47, 0.6000, 37.3602, -11.5344, -35.5351, 0.1800, 205.00
329, 425, 93, 15, 1.0000, 0.8736, 0.8732, 0.0264, 1.0000, 172.17
329, 384, 49, 78, 0.8311, 1.1246, 1.0729, -0.3370, 0.8311, 201.30
329, 433, 46, 71, 0.6556, 47.5270, -27.3348, 38.8796, 0.2622, 158.25
329, 438, 63, 101, 0.7056, 3.3136, -3.0049, -1.3965, 0.2822, 178.50
329, 378, 93, 22, 0.5400, 31.1558, -26.2665, 16.7557, 0.2700, 133.00
329, 439, 53, 69, 0.6000, 40.8546, 40.3357, -6.4909, 0.1800, 190.00
329, 421, 112, 105, 0.5556, 18.2504, 18.2412, 0.5785, 0.2222, 146.00
329, 435, 108, 11, 0.5000, 49.9250, 40.0497, -29.8082, 0.1500, 201.00
329, 440, 6, 12, 0.5000, 37.3602, -11.5344, -35.5351, 0.1500, 205.00
330, 431, 1, 86, 0.7111, 8.0590, 1.5963, -7.8993, 0.3556, 158.80
330, 433, 18, 97, 0.7111, 38.6937, -27.9578, 26.7500, 0.3556, 159.60
330, 438, 51, 81, 0.7111, 22.0458, -10.7953, -19.2218, 0.3556, 181.40
330, 378, 56, 35, 0.6000, 38.6215, -36.0753, 13.7912, 0.3600, 144.50
330, 439, 111, 38, 0.6556, 64.0412, 57.1495, -28.9000, 0.2622, 178.00
330, 440, 11, 41, 0.6556, 2.4503, -1.6583, 1.8039, 0.2622, 203.75
330, 425, 94, 15, 0.9000, 0.8736, 0.8732, 0.0264, 0.9000, 172.17
331, 425, 95, 16, 1.0000, 1.1501, 1.0268, 0.5181, 1.0000, 172.69
331, 438, 55, 69, 0.7667, 12.7309, 2.6264, -12.4571, 0.4600, 185.00
331, 335, 124, 62, 0.5250, 62.0840, 0.9846, -62.0762, 0.3150, 83.83
331, 440, 8, 50, 0.7111, 9.3397, -3.1424, 8.7952, 0.3556, 204.80
331, 378, 20, 49, 0.5000, 38.6215, -36.0753, 13.7912, 0.3000, 144.50
331, 439, 169, 9, 0.5556, 64.0412, 57.1495, -28.9000, 0.2222, 178.00
332, 425, 95, 17, 1.0000, 0.9536, 0.2148, 0.9290, 1.0000, 172.36
332, 438, 57, 38, 0.8222, 30.1556, 2.2560, -30.0711, 0.5756, 186.71
333, 393, 42, 45, 0.5400, 27.1657, 12.1973, -24.2734, 0.2700, 195.20
333, 425, 95, 18, 0.9000, 0.9536, 0.2148, 0.9290, 0.9000, 172.36
333, 438, 59, 8, 0.7222, 30.1556, 2.2560, -30.0711, 0.5056, 186.71
334, 425, 95, 27, 1.0000, 5.4709, -0.1004, 5.4699, 1.0000, 171.60
334, 393, 98, 3, 0.6000, 65.8144, 51.8950, -40.4777, 0.3600, 188.17
335, 425, 88, 30, 1.0000, 7.4047, -6.3800, 3.7584, 1.0000, 171.81
335, 442, 20, 56, 0.6000, 50.3265, -36.9658, -34.1510, 0.1800, 204.67
335, 393, 150, -37, 0.5000, 65.8144, 51.8950, -40.4777, 0.3000, 188.17
336, 398, 59, 92, 0.5625, 48.7576, 38.1660, -30.3423, 0.2250, 180.00
336, 442, -17, 22, 0.5000, 50.3265, -36.9658, -34.1510, 0.1500, 204.67
337, 398, 89, 106, 0.6222, 32.4514, 30.8852, 9.9597, 0.3111, 171.40
337, 426, 25, 47, 0.6000, 42.8229, -8.7741, 41.9144, 0.1800, 216.67
337, 427, 78, 25, 0.6000, 0.9753, 0.9753, -0.0036, 0.1800, 206.67
338, 398, 112, 99, 0.6806, 24.4130, 23.6004, -6.2463, 0.4083, 161.17
338, 426, 30, 71, 0.6556, 26.5293, 3.5968, 26.2843, 0.2622, 211.00
338, 427, 79, 25, 0.7056, 1.0193, 1.0193, 0.0027, 0.2822, 208.25
338, 392, 94, 85, 0.5400, 32.1019, 31.7489, -4.7474, 0.2700, 158.60
339, 427, 80, 24, 0.7611, 1.2944, 1.0090, -0.8108, 0.3806, 209.80
339, 428, 16, 59, 0.6000, 24.1619, 16.5863, -17.5696, 0.1800, 187.17
339, 377, 93, 83, 0.5400, 80.0339, 62.1195, 50.4637, 0.2700, 194.00
339, 392, 127, 120, 0.6000, 44.9792, 32.7523, 30.8288, 0.3600, 142.50
339, 398, 136, 92, 0.5806, 24.4130, 23.6004, -6.2463, 0.3483, 161.17
339, 426, 34, 98, 0.5556, 26.5293, 3.5968, 26.2843, 0.2222, 211.00
340, 427, 81, 24, 0.8167, 1.0334, 1.0003, -0.2595, 0.4900, 213.50
340, 428, 50, 30, 0.6556, 41.7090, 31.6908, -27.1170, 0.2622, 188.38
340, 377, 120, 100, 0.6000, 36.5347, 30.2925, 20.4243, 0.3600, 181.33
340, 418, 91, 115, 0.5625, 1.4008, 0.9905, 0.9905, 0.2250, 135.25
340, 392, 160, 150, 0.5000, 44.9792, 32.7523, 30.8288, 0.3000, 142.50
341, 426, 28, 126, 0.7111, 16.2678, -1.8193, 16.1658, 0.3556, 198.20
341, 427, 82, 24, 0.8722, 0.9992, 0.9989, 0.0222, 0.6106, 214.71
341, 428, 68, 33, 0.7111, 19.1826, 19.1535, 1.0568, 0.3556, 190.10
341, 268, 82, 93, 0.5062, 2.9260, 2.9260, -0.0015, 0.4050, 157.25
341, 377, 121, 99, 0.6587, 3.4655, 3.4599, 0.1974, 0.4611, 170.14
341, 418, 92, 116, 0.6722, 1.4289, 1.0104, 1.0104, 0.3361, 136.20
342, 427, 83, 23, 0.9278, 1.2568, 0.9996, -0.7619, 0.7422, 216.38
342, 268, 82, 93, 0.6130, 0.6635, 0.6635, 0.0011, 0.5517, 156.44
342, 418, 93, 116, 0.7306, 1.0226, 1.0044, 0.1921, 0.4383, 134.17
343, 427, 84, 23, 0.9833, 1.0326, 1.0000, -0.2572, 0.8850, 218.33
343, 268, 75, 93, 0.6194, 6.6460, -6.6460, 0.0005, 0.6194, 163.80
343, 418, 95, 117, 0.7881, 1.9574, 1.8119, 0.7405, 0.5517, 133.29
343, 391, 81, 114, 0.5400, 1.4008, 0.9905, 0.9905, 0.2700, 133.80
343, 447, 69, 77, 0.6000, 13.5436, 13.5154, 0.8732, 0.1800, 183.67
344, 427, 85, 22, 1.0000, 1.2682, 1.0001, -0.7799, 1.0000, 216.70
344, 418, 96, 117, 0.8451, 1.2798, 1.2618, 0.2142, 0.6761, 132.12
344, 391, 77, 97, 0.6000, 16.2023, -3.7798, -15.7553, 0.3600, 147.00
344, 447, 92, 61, 0.6556, 26.3225, 22.2070, -14.1324, 0.2622, 178.50
344, 449, 48, 61, 0.6000, 5.8757, 5.7965, -0.9612, 0.1800, 213.33
344, 268, 69, 93, 0.5194, 6.6460, -6.6460, 0.0005, 0.5194, 163.80
345, 427, 86, 21, 1.0000, 1.4316, 1.0000, -1.0245, 1.0000, 214.09
345, 418, 97, 118, 0.9019, 1.2495, 0.9792, 0.7762, 0.8117, 131.11
345, 391, 77, 92, 0.6587, 5.0139, 0.3323, -5.0028, 0.4611, 157.86
345, 447, 117, 73, 0.7111, 27.4742, 25.5367, 10.1345, 0.3556, 164.60
345, 449, 54, 60, 0.5000, 5.8757, 5.7965, -0.9612, 0.1500, 213.33
346, 427, 87, 21, 1.0000, 1.0314, 1.0000, -0.2526, 1.0000, 211.50
346, 268, 72, 79, 0.6758, 5.8681, 0.3630, -5.8569, 0.6758, 165.18
346, 418, 98, 118, 0.9583, 0.9857, 0.9583, 0.2306, 0.9583, 131.00
346, 391, 80, 94, 0.7167, 2.5700, 2.2266, 1.2835, 0.5733, 167.88
346, 449, 90, 74, 0.6556, 24.5442, 23.4182, 7.3490, 0.2622, 201.50
347, 427, 88, 20, 1.0000, 1.2385, 1.0000, -0.7306, 1.0000, 211.23
347, 418, 99, 119, 1.0000, 1.2525, 0.9886, 0.7689, 1.0000, 132.36
347, 391, 82, 95, 0.7741, 2.5284, 2.2917, 1.0682, 0.6967, 176.11
347, 449, 94, 91, 0.7111, 18.1160, 4.6587, 17.5067, 0.3556, 187.00
348, 427, 89, 19, 1.0000, 1.4188, 1.0000, -1.0065, 1.0000, 209.93
348, 418, 100, 120, 1.0000, 1.4327, 1.0017, 1.0243, 1.0000, 132.25
348, 454, 14, 18, 0.6000, 1.9810, 0.0000, -1.9810, 0.1800, 218.00
349, 427, 90, 19, 1.0000, 1.0350, 1.0000, -0.2670, 1.0000, 209.47
349, 418, 89, 119, 1.0000, 10.0162, -10.0021, -0.5320, 1.0000, 131.00
349, 454, 17, 2, 0.6556, 14.9871, 2.3951, -14.7945, 0.2622, 227.25
350, 426, 120, 123, 1.0000, 2.2515, 2.1112, 0.7824, 1.0000, 147.79
350, 427, 91, 18, 1.0000, 1.2357, 1.0000, -0.7260, 1.0000, 209.50
350, 377, 100, 124, 1.0000, 6.4848, -3.0017, 5.7483, 1.0000, 136.03
350, 441, 82, 77, 0.6000, 7.8925, 6.8519, -3.9170, 0.1800, 164.00
350, 454, 18, -2, 0.7111, 4.6122, 1.5544, -4.3423, 0.3556, 231.60
351, 427, 92, 18, 1.0000, 1.0276, 1.0000, -0.2364, 1.0000, 209.76
351, 377, 101, 123, 1.0000, 1.9643, 1.4595, -1.3146, 1.0000, 135.15
351, 416, 13, 12, 0.5625, 56.5210, -8.8184, -55.8288, 0.2250, 202.75
351, 441, 90, 115, 0.6556, 35.1270, 7.9149, 34.2237, 0.2622, 156.75
351, 451, 37, 102, 0.6000, 25.0345, -15.1685, -19.9159, 0.1800, 156.33
351, 454, 27, 0, 0.7667, 8.4126, 8.3006, 1.3683, 0.4600, 229.83
352, 427, 93, 18, 1.0000, 1.0001, 1.0000, 0.0139, 1.0000, 208.53
352, 416, 12, 3, 0.6222, 14.1997, -1.9660, -14.0630, 0.3111, 206.80
352, 451, 17, 79, 0.6556, 30.6296, -19.7974, -23.3717, 0.2622, 162.00
352, 432, 23, 70, 0.5625, 13.5234, -13.0047, 3.7092, 0.2250, 195.00
352, 454, 65, 3, 0.8222, 35.8225, 35.7258, 2.6316, 0.5756, 221.86
352, 336, 117, 72, 0.5400, 0.0000, 0.0000, 0.0000, 0.2700, 107.00
352, 436, 3, 87, 0.5625, 2.1756, 1.9517, -0.9612, 0.2250, 252.12
352, 389, 71, 83, 0.5250, 27.9602, 18.2921, 21.1464, 0.3150, 229.67
352, 441, 98, 150, 0.5556, 35.1270, 7.9149, 34.2237, 0.2222, 156.75
353, 427, 93, 19, 1.0000, 0.8325, 0.2438, 0.7960, 1.0000, 205.24
353, 416, 13, 5, 0.6806, 1.6637, 0.4597, 1.5990, 0.4083, 210.58
353, 451, 2, 60, 0.7111, 23.8149, -14.8451, -18.6218, 0.3556, 168.00
353, 432, 5, 85, 0.6222, 23.0944, -17.8583, 14.6435, 0.3111, 207.00
353, 336, 92, 68, 0.6000, 22.7078, -22.3542, -3.9918, 0.3600, 118.33
353, 436, 32, 68, 0.6222, 31.7087, 26.7765, -16.9841, 0.3111, 240.70
353, 389, 103, 122, 0.5841, 47.7462, 30.4914, 36.7420, 0.4089, 221.86
354, 427, 86, 25, 1.0000, 8.2394, -6.0661, 5.5758, 1.0000, 203.78
354, 447, 117, 30, 1.0000, 1.8736, 1.6885, 0.8120, 1.0000, 146.00
354, 368, 76, 0, 0.5206, 37.5872, -32.4675, -18.9382, 0.5206, 132.24
354, 432, -1, 90, 0.6806, 8.5842, -6.3965, 5.7249, 0.4083, 201.00
354, 336, 60, 76, 0.6587, 32.2264, -31.2935, 7.6976, 0.4611, 126.00
354, 436, 54, 68, 0.6806, 21.9486, 21.8666, -1.8964, 0.4083, 232.75
354, 389, 110, 129, 0.6424, 12.5254, 8.0270, 9.6153, 0.5139, 213.62
354, 463, 3, 75, 0.6000, 1.3802, 0.9905, 0.9612, 0.1800, 195.00
355, 463, 6, 90, 0.6556, 14.0350, 2.6071, 13.7907, 0.2622, 187.25
355, 432, -7, 96, 0.5806, 8.5842, -6.3965, 5.7249, 0.3483, 201.00
355, 336, 29, 84, 0.5587, 32.2264, -31.2935, 7.6976, 0.3911, 126.00
355, 436, 76, 66, 0.5806, 21.9486, 21.8666, -1.8964, 0.3483, 232.75
356, 451, 27, 26, 0.8222, 13.1615, 5.3768, -12.0132, 0.5756, 178.29
356, 463, 21, 78, 0.7111, 17.8774, 14.4948, -10.4643, 0.3556, 188.40
356, 465, 112, 12, 0.6000, 42.0756, 40.3054, 12.0761, 0.1800, 168.50
356, 466, 117, 33, 0.6000, 64.5366, 57.1823, -29.9193, 0.1800, 171.67
356, 470, 9, 62, 0.6000, 25.0673, 1.9517, -24.9912, 0.1800, 227.33
356, 472, 101, 124, 0.6000, 6.7578, 6.7577, 0.0293, 0.1800, 120.33
357, 463, 26, 74, 0.7667, 6.7000, 5.1010, -4.3440, 0.4600, 189.50
357, 465, 120, 54, 0.6556, 40.7516, 11.4453, 39.1114, 0.2622, 156.62
357, 466, 132, 32, 0.6556, 19.0666, 18.7711, -3.3440, 0.2622, 157.50
357, 470, 7, 58, 0.6556, 5.8000, -1.1662, -5.6816, 0.2622, 220.75
357, 472, 109, 126, 0.6556, 8.0683, 7.9100, 1.5902, 0.2622, 116.88
357, 473, 103, 111, 0.6000, 15.5070, -5.7086, -14.4180, 0.1800, 148.00
358, 465, 118, 63, 0.7111, 10.7702, -1.3929, 10.6797, 0.3556, 149.70
358, 466, 126, 32, 0.7111, 4.4777, -4.4358, -0.6113, 0.3556, 155.20
358, 470, 20, 50, 0.7111, 13.8785, 11.5838, -7.6439, 0.3556, 213.20
358, 472, 100, 126, 0.7111, 8.1355, -8.1208, 0.4892, 0.3556, 127.10
358, 473, 85, 81, 0.6556, 33.6140, -17.2915, -28.8254, 0.2622, 153.75
359, 472, 54, 123, 0.7667, 43.5406, -43.4154, -3.3001, 0.4600, 132.08
359, 473, 65, 62, 0.7111, 27.9012, -19.2811, -20.1672, 0.3556, 169.00
360, 380, 111, 39, 0.5250, 70.1947, 69.5464, -9.5184, 0.3150, 193.50
360, 461, 70, 65, 0.6000, 46.8145, 44.3262, 15.0594, 0.1800, 189.00
360, 414, 45, 125, 0.5400, 52.8074, 31.6610, 42.2635, 0.2700, 164.60
361, 445, 1, 0, 0.6000, 44.0485, -44.0051, -1.9544, 0.1800, 212.67
361, 414, 51, 117, 0.6000, 8.6198, 8.0227, -3.1523, 0.3600, 163.67
361, 461, 114, 80, 0.5000, 46.8145, 44.3262, 15.0594, 0.1500, 189.00
362, 445, 28, 30, 0.6556, 33.6117, 20.4353, 26.6861, 0.2622, 211.00
362, 36, 19, -3, 0.5333, 15.5166, -2.3334, -15.3401, 0.5333, 204.67
362, 461, 120, 93, 0.6556, 26.1276, 22.1255, 13.8966, 0.2622, 169.00
362, 414, 52, 108, 0.6587, 8.7748, 1.8694, -8.5734, 0.4611, 161.71
363, 452, 14, 82, 0.6000, 81.9697, -74.0816, -35.0849, 0.1800, 133.33
363, 461, 124, 95, 0.7111, 4.7523, 4.2080, 2.2085, 0.3556, 154.60
363, 474, 127, 34, 0.7056, 0.0146, -0.0065, 0.0131, 0.2822, 117.25
363, 445, 49, 56, 0.5556, 33.6117, 20.4353, 26.6861, 0.2222, 211.00
363, 414, 54, 99, 0.5587, 8.7748, 1.8694, -8.5734, 0.3911, 161.71
364, 445, 85, 87, 0.7111, 41.6289, 29.9591, 28.9036, 0.3556, 199.20
364, 452, 4, 77, 0.6556, 17.9009, -16.0265, -7.9745, 0.2622, 146.75
364, 434, 85, 51, 0.5625, 18.6066, 14.5307, -11.6216, 0.2250, 200.75
364, 473, 21, 85, 0.9889, 3.6718, 3.1620, -1.8664, 0.9889, 189.90
364, 478, 64, 118, 0.6000, 19.8156, 18.2628, -7.6896, 0.1800, 143.67
364, 474, 127, 34, 0.6056, 0.0146, -0.0065, 0.0131, 0.2422, 117.25
365, 457, 30, 3, 0.6000, 74.0837, -43.5219, -59.9519, 0.1800, 212.33
365, 452, -12, 69, 0.5556, 17.9009, -16.0265, -7.9745, 0.2222, 146.75
365, 474, 127, 34, 0.5056, 0.0146, -0.0065, 0.0131, 0.2022, 117.25
365, 478, 83, 111, 0.5000, 19.8156, 18.2628, -7.6896, 0.1500, 143.67
366, 452, 16, 62, 0.7111, 12.4386, 9.9910, -7.4094, 0.3556, 159.40
366, 434, 100, 55, 0.6222, 7.5218, 6.4482, 3.8726, 0.3111, 196.40
366, 457, 23, -2, 0.6556, 14.8084, -10.1447, -10.7876, 0.2622, 215.00
366, 474, 112, 32, 0.7111, 6.3315, -6.2761, -0.8356, 0.3556, 118.80
366, 478, 90, 97, 0.6556, 16.3726, 12.1591, -10.9645, 0.2622, 142.25
367, 434, 111, 35, 0.6806, 21.5691, 10.7087, -18.7230, 0.4083, 184.67
367, 457, 2, -1, 0.7111, 20.6024, -20.5908, 0.6908, 0.3556, 222.40
367, 478, 92, 97, 0.7111, 2.5339, 2.5198, -0.2662, 0.3556, 140.20
368, 455, 20, 62, 0.6000, 0.9729, 0.9729, -0.0044, 0.1800, 200.33
368, 478, 107, 103, 0.7667, 14.9019, 13.9127, 5.3390, 0.4600, 136.17
368, 481, 29, 118, 0.6000, 26.2357, 25.9524, -3.8448, 0.1800, 145.33
369, 455, 21, 62, 0.7056, 1.0212, 1.0212, 0.0034, 0.2822, 200.75
369, 481, 31, 91, 0.6556, 25.1952, 4.3034, -24.8250, 0.2622, 154.25
369, 478, 121, 108, 0.6667, 14.9019, 13.9127, 5.3390, 0.4000, 136.17
370, 455, 22, 62, 0.7611, 1.0098, 1.0098, 0.0016, 0.3806, 206.00
370, 481, 26, 71, 0.7111, 20.8479, -5.0840, -20.2185, 0.3556, 161.00
370, 450, 53, 68, 0.5625, 12.0556, 10.6025, 5.7379, 0.2250, 200.50
371, 455, 24, 62, 0.8167, 1.8122, 1.8122, 0.0001, 0.4900, 203.83
371, 467, 29, 87, 0.6000, 73.6883, -16.4933, 71.8187, 0.1800, 193.00
371, 484, 11, 127, 0.6000, 9.8962, 8.6508, 4.8060, 0.1800, 152.67
371, 481, 20, 51, 0.6111, 20.8479, -5.0840, -20.2185, 0.3056, 161.00
372, 455, 25, 62, 0.8722, 1.2612, 1.2612, -0.0002, 0.6106, 204.57
372, 450, 39, 64, 0.6222, 9.8239, -9.4205, -2.7861, 0.3111, 199.20
372, 484, 37, 123, 0.6556, 24.4930, 24.3209, -2.8992, 0.2622, 154.25
372, 485, 24, 16, 0.6000, 1.3593, 0.9612, 0.9612, 0.1800, 235.17
372, 488, 86, 65, 0.6000, 39.7709, -5.7672, -39.3506, 0.1800, 145.67
372, 467, 12, 159, 0.5000, 73.6883, -16.4933, 71.8187, 0.1500, 193.00
372, 481, 15, 31, 0.5111, 20.8479, -5.0840, -20.2185, 0.2556, 161.00
373, 455, 26, 62, 0.9278, 0.9790, 0.9790, -0.0001, 0.7422, 203.12
373, 450, 41, 62, 0.6806, 3.0494, 1.6884, -2.5394, 0.4083, 199.67
373, 484, 56, 124, 0.7111, 19.4760, 19.4755, 0.1394, 0.3556, 153.20
373, 485, 51, 10, 0.6556, 25.5387, 24.9678, -5.3700, 0.2622, 226.38
373, 488, 106, 30, 0.6556, 39.2191, 17.0512, -35.3185, 0.2622, 145.50
374, 455, 27, 62, 0.9833, 0.9583, 0.9583, 0.0000, 0.8850, 202.44
374, 484, 90, 112, 0.7667, 34.8292, 33.0663, -10.9405, 0.4600, 145.50
374, 487, 83, 64, 0.6000, 73.1001, 73.0493, 2.7253, 0.1800, 188.33
374, 485, 76, 5, 0.5556, 25.5387, 24.9678, -5.3700, 0.2222, 226.38
374, 488, 123, -5, 0.5556, 39.2191, 17.0512, -35.3185, 0.2222, 145.50
375, 455, 28, 62, 1.0000, 0.9887, 0.9887, 0.0000, 1.0000, 204.30
375, 457, 7, 3, 1.0000, 1.1932, 0.8029, 0.8827, 1.0000, 236.23
375, 482, 24, 121, 0.6000, 23.0882, -22.7747, -3.7921, 0.1800, 152.67
375, 485, 109, 10, 0.7111, 29.3449, 29.3348, 0.7701, 0.3556, 211.70
375, 489, 29, 94, 0.6000, 28.0527, 27.9041, -2.8836, 0.1800, 218.00
375, 487, 156, 66, 0.5000, 73.1001, 73.0493, 2.7253, 0.1500, 188.33
376, 455, 30, 62, 1.0000, 1.7920, 1.7920, 0.0000, 1.0000, 204.55
376, 434, 102, 5, 1.0000, 2.0120, 2.0050, 0.1677, 1.0000, 226.00
376, 482, 27, 98, 0.6556, 21.7970, 0.0029, -21.7970, 0.2622, 159.25
376, 489, 46, 65, 0.6556, 32.1808, 17.5077, -27.0015, 0.2622, 217.00
376, 490, 45, 52, 0.6000, 62.2895, 42.0863, -45.9209, 0.1800, 182.50
376, 491, 55, 95, 0.6000, 42.4672, -42.2928, 3.8448, 0.1800, 134.33
377, 434, 104, 6, 1.0000, 2.1739, 2.0013, 0.8490, 1.0000, 227.81
377, 462, 96, 63, 0.6556, 5.5389, -5.5072, -0.5914, 0.2622, 132.62
377, 482, 3, 76, 0.7111, 30.6133, -21.5697, -21.7238, 0.3556, 163.60
377, 490, 120, 6, 0.6556, 85.3615, 72.0942, -45.7057, 0.2622, 168.38
377, 491, 49, 121, 0.6556, 25.8791, -9.6150, 24.0266, 0.2622, 140.00
377, 455, 32, 62, 0.9000, 1.7920, 1.7920, 0.0000, 0.9000, 204.55
377, 489, 63, 38, 0.5556, 32.1808, 17.5077, -27.0015, 0.2222, 217.00
378, 455, 32, 62, 1.0000, 0.9834, 0.9834, -0.0000, 1.0000, 204.67
378, 462, 74, 65, 0.7111, 21.8510, -21.7759, 1.8097, 0.3556, 146.50
378, 471, 83, 81, 0.6000, 22.3412, -19.5758, -10.7666, 0.1800, 140.00
378, 476, 97, 116, 0.6556, 23.3926, -23.1735, -3.1942, 0.2622, 85.00
378, 489, 78, 52, 0.7111, 16.2973, 16.0404, -2.8825, 0.3556, 215.40
378, 491, 61, 117, 0.7111, 10.4910, 10.3065, -1.9591, 0.3556, 142.00
378, 482, -18, 54, 0.6111, 30.6133, -21.5697, -21.7238, 0.3056, 163.60
378, 490, 193, -40, 0.5556, 85.3615, 72.0942, -45.7057, 0.2222, 168.38
379, 455, 43, 60, 1.0000, 10.7138, 10.5927, -1.6065, 1.0000, 204.77
379, 471, 30, 94, 0.6556, 50.1334, -49.0528, 10.3531, 0.2622, 153.75
379, 462, 53, 67, 0.6111, 21.8510, -21.7759, 1.8097, 0.3056, 146.50
379, 476, 74, 113, 0.5556, 23.3926, -23.1735, -3.1942, 0.2222, 85.00
379, 491, 71, 115, 0.6111, 10.4910, 10.3065, -1.9591, 0.3056, 142.00
380, 455, 49, 56, 1.0000, 6.9964, 5.9454, -3.6879, 1.0000, 203.93
380, 462, 45, 60, 0.7667, 14.1135, -13.8104, -2.9092, 0.4600, 157.75
380, 430, 28, 47, 0.5400, 51.9556, -2.8836, -51.8755, 0.2700, 179.40
380, 471, -19, 104, 0.5556, 50.1334, -49.0528, 10.3531, 0.2222, 153.75
381, 455, 63, 26, 1.0000, 30.4700, 13.1171, -27.5021, 1.0000, 203.13
381, 476, 19, 121, 0.7111, 27.0502, -26.9143, 2.7077, 0.3556, 98.20
381, 430, 80, 7, 0.6000, 61.6565, 46.4478, -40.5478, 0.3600, 178.00
382, 367, 83, 79, 0.5250, 26.2318, -1.9427, 26.1598, 0.3150, 179.67
382, 430, 116, 2, 0.6587, 38.3009, 37.4868, -7.8551, 0.4611, 189.00
383, 367, 85, 115, 0.5841, 34.8906, 1.9522, 34.8359, 0.4089, 170.00
383, 430, 154, -6, 0.5587, 38.3009, 37.4868, -7.8551, 0.3911, 189.00
384, 367, 98, 126, 0.6424, 18.0430, 12.2071, 13.2867, 0.5139, 165.75
384, 497, 75, 28, 0.6000, 50.3353, 36.5549, -34.6032, 0.1800, 194.33
384, 502, 40, 64, 0.6000, 37.7199, 9.6413, -36.4670, 0.1800, 202.67
385, 446, 72, 26, 0.5625, 51.7257, -48.3539, 18.3696, 0.2250, 180.00
385, 497, 121, 7, 0.6556, 50.2143, 45.0220, -22.2373, 0.2622, 209.50
385, 502, 49, 34, 0.6556, 32.0687, 9.3640, -30.6711, 0.2622, 210.75
385, 504, 99, 121, 0.6000, 28.2911, -27.8748, -4.8353, 0.1800, 123.33
386, 476, 19, 96, 0.9889, 0.7391, 0.2930, 0.6785, 0.9889, 156.30
386, 446, 49, 66, 0.6222, 45.3029, -24.8667, 37.8682, 0.3111, 181.00
386, 495, 63, 41, 0.6000, 44.8703, 27.8102, 35.2127, 0.1800, 215.00
386, 502, 41, 20, 0.7111, 17.1951, -7.2101, -15.6105, 0.3556, 212.20
386, 504, 64, 119, 0.6556, 34.3847, -34.2798, -2.6828, 0.2622, 131.00
386, 497, 166, -15, 0.5556, 50.2143, 45.0220, -22.2373, 0.2222, 209.50
387, 367, 104, 126, 0.8141, 0.6559, 0.3868, 0.5298, 0.8141, 155.36
387, 325, 20, 47, 0.5143, 55.6937, -54.6500, 10.7313, 0.3600, 198.71
387, 446, 34, 105, 0.6806, 42.0640, -16.4406, 38.7180, 0.4083, 178.17
387, 504, 33, 109, 0.7111, 32.1122, -30.7734, -9.1755, 0.3556, 136.80
387, 443, 21, 85, 0.5400, 25.3547, -12.4663, -22.0783, 0.2700, 164.40
387, 495, 91, 77, 0.5000, 44.8703, 27.8102, 35.2127, 0.1500, 215.00
388, 325, 43, 68, 0.5722, 25.3405, 15.5735, 19.9901, 0.4578, 197.00
388, 495, 116, 95, 0.6556, 36.5034, 26.3754, 25.2357, 0.2622, 185.00
388, 443, 57, 46, 0.6000, 48.5561, 31.4823, -36.9671, 0.3600, 170.50
388, 505, 73, 27, 0.6000, 42.4378, 28.0777, -31.8214, 0.1800, 198.00
388, 255, 115, 34, 0.5000, 58.6626, 0.0586, -58.6625, 0.4500, 99.28
388, 446, 17, 144, 0.5806, 42.0640, -16.4406, 38.7180, 0.3483, 178.17
389, 325, 58, 74, 0.6296, 17.1304, 15.4906, 7.3139, 0.5667, 193.78
389, 479, 5, 100, 0.6000, 39.7098, -39.1148, 6.8484, 0.1800, 173.67
389, 495, 119, 72, 0.7111, 20.9136, 3.3963, -20.6360, 0.3556, 180.80
389, 443, 99, 16, 0.6587, 51.4778, 41.3296, -30.6893, 0.4611, 167.57
389, 505, 101, -5, 0.5000, 42.4378, 28.0777, -31.8214, 0.1500, 198.00
390, 479, 27, 111, 0.6556, 19.4356, 15.9479, 11.1089, 0.2622, 171.00
390, 493, 87, 65, 0.6000, 68.3874, 56.6107, 38.3674, 0.1800, 205.33
390, 504, 38, 108, 0.8778, 2.9318, 2.4512, 1.6083, 0.7022, 153.25
390, 505, 102, 15, 0.6556, 12.2484, 12.1258, -1.7288, 0.2622, 186.50
390, 443, 141, -15, 0.5587, 51.4778, 41.3296, -30.6893, 0.3911, 167.57
391, 479, 31, 106, 0.7111, 6.1716, 4.7880, -3.8941, 0.3556, 171.00
391, 453, 120, 91, 0.5625, 65.4681, -2.8368, 65.4066, 0.2250, 119.75
391, 505, 99, 20, 0.7111, 5.0070, -2.1450, 4.5242, 0.3556, 180.60
391, 493, 144, 103, 0.5000, 68.3874, 56.6107, 38.3674, 0.1500, 205.33
392, 444, 32, 8, 0.5625, 27.1698, 23.4699, -13.6881, 0.2250, 211.25
392, 453, 106, 131, 0.6222, 43.7545, -12.7425, 41.8579, 0.3111, 114.60
393, 444, 31, 0, 0.6222, 8.7554, 1.2811, -8.6612, 0.3111, 213.20
393, 492, 77, 122, 0.6000, 26.2172, -13.6305, 22.3953, 0.1800, 120.33
393, 459, 79, 81, 0.5625, 29.2392, 27.3446, 10.3539, 0.2250, 186.50
393, 453, 94, 172, 0.5222, 43.7545, -12.7425, 41.8579, 0.2611, 114.60
394, 444, 29, 0, 0.6806, 2.6487, -2.4449, -1.0189, 0.4083, 215.00
394, 492, 103, 108, 0.6556, 24.2205, 21.6462, -10.8663, 0.2622, 113.75
394, 459, 115, 40, 0.6222, 50.7103, 34.9625, -36.7308, 0.3111, 177.00
395, 448, 47, 57, 0.5625, 34.2380, -33.3282, -7.8407, 0.2250, 201.00
395, 492, 103, 87, 0.7111, 20.7716, 1.8466, -20.6894, 0.3556, 115.20
395, 501, 32, 95, 0.6000, 1.3713, -0.9660, 0.9733, 0.1800, 187.00
395, 459, 150, 3, 0.5222, 50.7103, 34.9625, -36.7308, 0.2611, 177.00
396, 448, 42, 56, 0.6222, 7.6241, -7.4212, -1.7471, 0.3111, 203.60
396, 501, 36, 94, 0.7056, 3.8202, 3.7758, -0.5802, 0.2822, 190.75
396, 503, 55, 65, 0.6000, 61.0931, 22.2000, -56.9169, 0.1800, 169.33
396, 492, 105, 66, 0.6111, 20.7716, 1.8466, -20.6894, 0.3056, 115.20
397, 448, 28, 36, 0.6806, 23.4865, -13.6914, -19.0830, 0.4083, 205.17
397, 501, 38, 94, 0.7611, 2.1196, 2.0985, -0.2980, 0.3806, 198.00
397, 503, 40, 29, 0.6556, 39.8955, -11.5901, -38.1749, 0.2622, 189.75
397, 507, 9, 31, 0.6000, 19.2533, -19.2533, 0.0293, 0.1800, 213.00
398, 468, 35, 33, 0.5625, 15.3131, -8.7125, -12.5930, 0.2250, 213.00
398, 501, 40, 94, 0.8167, 1.7980, 1.7979, -0.0189, 0.4900, 202.33
398, 503, 26, 8, 0.7111, 25.8208, -13.5909, -21.9545, 0.3556, 190.80
398, 507, -1, 24, 0.6556, 12.5082, -10.7508, -6.3934, 0.2622, 210.25
399, 468, 62, 7, 0.6222, 34.5635, 23.5489, -25.2999, 0.3111, 208.00
399, 501, 41, 94, 0.8722, 1.1113, 1.1108, 0.0331, 0.6106, 198.71
399, 507, -12, 18, 0.5556, 12.5082, -10.7508, -6.3934, 0.2222, 210.25
400, 444, 61, 63, 1.0000, 1.4478, -0.6431, -1.2972, 1.0000, 208.22
400, 501, 43, 93, 0.9278, 1.9163, 1.7420, -0.7985, 0.7422, 205.25
400, 506, 10, 79, 0.6000, 36.3444, -31.9071, 17.4026, 0.1800, 205.33
400, 468, 86, -18, 0.5222, 34.5635, 23.5489, -25.2999, 0.2611, 208.00
401, 501, 45, 93, 0.9833, 2.0511, 2.0345, -0.2600, 0.8850, 206.44
401, 506, -22, 97, 0.5000, 36.3444, -31.9071, 17.4026, 0.1500, 205.33
402, 501, 47, 93, 1.0000, 2.0452, 2.0451, 0.0220, 1.0000, 211.10
402, 509, 51, 126, 0.6000, 6.4420, 6.3616, 1.0147, 0.1800, 151.00
403, 501, 49, 93, 1.0000, 2.0105, 2.0100, 0.0412, 1.0000, 208.68
403, 509, 64, 72, 0.6556, 53.3939, 12.8949, -51.8135, 0.2622, 162.50
404, 501, 50, 93, 1.0000, 1.1942, 1.1941, 0.0106, 1.0000, 206.38
404, 509, 67, 58, 0.7111, 16.6898, 4.0268, -16.1967, 0.3556, 168.90
404, 510, 8, 0, 0.6000, 20.2081, -20.1852, -0.9612, 0.1800, 226.67
405, 501, 51, 93, 1.0000, 0.9308, 0.9308, -0.0019, 1.0000, 205.50
405, 510, 4, 40, 0.6556, 36.9015, -5.3873, 36.5062, 0.2622, 220.25
405, 512, 21, 43, 0.6000, 29.0621, -28.8067, -3.8448, 0.1800, 213.67
406, 501, 54, 93, 1.0000, 2.5398, 2.5398, -0.0021, 1.0000, 203.82
406, 510, 2, 89, 0.7111, 48.0422, -2.4538, 47.9795, 0.3556, 209.80
406, 512, -1, 26, 0.6556, 27.6578, -22.5295, -16.0430, 0.2622, 211.00
407, 496, 30, 49, 0.6000, 20.1932, 18.6100, -7.8379, 0.1800, 195.00
407, 501, 56, 92, 1.0000, 2.4611, 2.3306, -0.7908, 1.0000, 202.83
407, 512, -2, 23, 0.7111, 4.5435, -2.6517, -3.6894, 0.3556, 208.80
408, 496, 13, 34, 0.6556, 19.7441, -13.3908, -14.5092, 0.2622, 192.50
408, 501, 57, 93, 1.0000, 1.3555, 1.2562, 0.5092, 1.0000, 201.09
408, 513, 68, 5, 0.6000, 0.9965, 0.0000, 0.9965, 0.1800, 221.00
409, 496, 3, 3, 0.7111, 32.0824, -10.4477, -30.3336, 0.3556, 204.87
409, 501, 59, 93, 1.0000, 1.7145, 1.6897, 0.2901, 1.0000, 201.09
409, 513, 69, 6, 0.7056, 1.2873, 0.8020, 1.0069, 0.2822, 227.25
410, 501, 61, 93, 1.0000, 1.9915, 1.9912, 0.0341, 1.0000, 203.97
410, 456, 5, 54, 0.5400, 50.9980, 1.8323, -50.9651, 0.2700, 169.60
410, 513, 76, 7, 0.7111, 6.8185, 6.7444, 1.0026, 0.3556, 217.40
411, 501, 62, 93, 1.0000, 1.2674, 1.2671, -0.0282, 1.0000, 202.45
411, 456, 61, 7, 0.6000, 69.4929, 51.1890, -46.9994, 0.3600, 172.83
411, 494, 74, 66, 0.5625, 63.4065, 59.9598, -20.6206, 0.2250, 186.50
411, 517, 13, 21, 0.6556, 11.4513, 10.3983, -4.7967, 0.2622, 212.25
411, 518, 17, 86, 0.6000, 38.7775, 9.5827, -37.5748, 0.1800, 157.67
411, 513, 83, 8, 0.6111, 6.8185, 6.7444, 1.0026, 0.3056, 217.40
412, 501, 64, 92, 1.0000, 1.8978, 1.7282, -0.7842, 1.0000, 203.65
412, 513, 80, 4, 0.7667, 2.2715, 1.3242, -1.8456, 0.4600, 210.33
412, 494, 115, 44, 0.6222, 48.0061, 42.7309, -21.8782, 0.3111, 176.40
412, 517, 18, 8, 0.7111, 12.9911, 4.8572, -12.0489, 0.3556, 212.80
412, 518, 32, 23, 0.6556, 62.2229, 14.9656, -60.3963, 0.2622, 164.00
412, 520, 47, 12, 0.6000, 1.3815, 0.9319, 1.0198, 0.1800, 237.67
412, 456, 112, -40, 0.5000, 69.4929, 51.1890, -46.9994, 0.3000, 172.83
413, 501, 66, 92, 1.0000, 2.0231, 2.0019, -0.2925, 1.0000, 202.05
413, 517, 18, 16, 0.7667, 6.5251, 0.1857, 6.5225, 0.4600, 212.17
413, 518, 48, 6, 0.7111, 25.8906, 15.6507, -20.6247, 0.3556, 181.40
413, 520, 67, 10, 0.6556, 18.6394, 18.5874, -1.3913, 0.2622, 232.00
413, 513, 82, 2, 0.6667, 2.2715, 1.3242, -1.8456, 0.4000, 210.33
413, 494, 157, 22, 0.5222, 48.0061, 42.7309, -21.8782, 0.2611, 176.40
414, 496, 18, 14, 0.9889, 4.4795, 3.2012, 3.1335, 0.9889, 227.59
414, 501, 68, 92, 1.0000, 2.0399, 2.0399, 0.0008, 1.0000, 202.14
414, 513, 115, 15, 0.8222, 21.2185, 20.2117, 6.4583, 0.5756, 200.57
414, 517, 28, 25, 0.8222, 12.6183, 9.2673, 8.5638, 0.5756, 212.43
414, 520, 72, 12, 0.7111, 5.7460, 5.6457, 1.0689, 0.3556, 230.40
414, 460, 74, 110, 0.5400, 13.0737, -12.4956, -3.8448, 0.2700, 116.00
414, 458, 82, 84, 0.5400, 20.5138, 3.8155, 20.1559, 0.2700, 200.20
414, 530, 12, 42, 0.6000, 16.8141, 8.6508, 14.4180, 0.1800, 213.17
415, 501, 70, 92, 1.0000, 2.0157, 2.0152, 0.0428, 1.0000, 203.74
415, 514, 1, 26, 0.6000, 23.8682, -9.5184, -21.8881, 0.1800, 200.33
415, 520, 71, 13, 0.7667, 1.4809, -0.6383, 1.3362, 0.4600, 224.00
415, 460, 33, 125, 0.6000, 40.7937, -38.7671, 12.6981, 0.3600, 123.83
415, 530, 11, 55, 0.6556, 13.6616, 0.3700, 13.6566, 0.2622, 210.12
416, 501, 72, 92, 1.0000, 2.0002, 2.0002, 0.0168, 1.0000, 203.29
416, 514, 9, 1, 0.6556, 26.2192, 6.4881, -25.4037, 0.2622, 205.50
416, 520, 71, 15, 0.8222, 1.9213, -0.1287, 1.9169, 0.5756, 218.43
416, 524, 31, 96, 0.6000, 76.2956, 26.0244, 71.7200, 0.1800, 193.67
416, 458, 74, 98, 0.6000, 7.1679, -5.3877, 4.7278, 0.3600, 188.50
416, 529, 32, 43, 0.6000, 36.9823, 29.5341, 22.2583, 0.1800, 202.83
416, 530, 9, 58, 0.7111, 3.7225, -1.7538, 3.2836, 0.3556, 208.50
416, 532, 85, 65, 0.7056, 2.3951, 2.3951, 0.0000, 0.2822, 186.50
416, 538, 27, 89, 0.6000, 2.1756, -1.9517, -0.9612, 0.1800, 177.33
416, 539, 27, 94, 0.6000, 1.0198, 1.0198, 0.0000, 0.1800, 238.33
416, 543, 29, 126, 0.6000, 22.7261, 18.2921, 13.4861, 0.1800, 155.00
416, 460, -6, 137, 0.5000, 40.7937, -38.7671, 12.6981, 0.3000, 123.83
417, 501, 74, 92, 1.0000, 1.9978, 1.9978, 0.0004, 1.0000, 202.96
417, 458, 103, 110, 0.6587, 30.3538, 27.9884, 11.7474, 0.4611, 174.43
417, 538, 14, 109, 0.6556, 21.9797, -12.4060, 18.1438, 0.2622, 172.25
417, 539, 29, 94, 0.7056, 1.8022, 1.8022, 0.0000, 0.2822, 229.75
417, 543, 31, 128, 0.6556, 4.5301, 3.3470, 3.0528, 0.2622, 152.12
417, 544, 6, 33, 0.6000, 77.0461, -5.6761, -76.8367, 0.1800, 181.83
417, 514, 15, -25, 0.5556, 26.2192, 6.4881, -25.4037, 0.2222, 205.50
417, 524, 57, 168, 0.5000, 76.2956, 26.0244, 71.7200, 0.1500, 193.67
417, 529, 61, 66, 0.5000, 36.9823, 29.5341, 22.2583, 0.1500, 202.83
417, 530, 8, 61, 0.6111, 3.7225, -1.7538, 3.2836, 0.3056, 208.50
417, 532, 87, 65, 0.6056, 2.3951, 2.3951, 0.0000, 0.2422, 186.50
418, 501, 75, 92, 1.0000, 1.2556, 1.2555, -0.0024, 1.0000, 202.58
418, 529, 52, 116, 0.6556, 39.2540, 7.2551, 38.5777, 0.2622, 188.12
418, 530, 7, 59, 0.7667, 1.1318, -1.0916, 0.2990, 0.4600, 208.75
418, 532, 88, 65, 0.7611, 1.5811, 1.5811, 0.0000, 0.3806, 185.00
418, 536, 35, 69, 0.6000, 20.4409, -1.8506, -20.3570, 0.1800, 191.00
418, 538, 15, 123, 0.7111, 13.8691, 0.4553, 13.8617, 0.3556, 168.00
418, 539, 28, 88, 0.7611, 5.6982, -0.3783, -5.6856, 0.3806, 220.80
418, 543, 32, 125, 0.7111, 2.6353, 1.2405, -2.3250, 0.3556, 152.30
418, 544, 34, 10, 0.6556, 37.9134, 25.1153, -28.4015, 0.2622, 188.38
419, 501, 77, 92, 1.0000, 1.6941, 1.6941, -0.0010, 1.0000, 203.89
419, 529, 49, 128, 0.7111, 13.3429, -3.2440, 12.9426, 0.3556, 179.50
419, 530, 6, 60, 0.8222, 1.2256, -0.9816, 0.7339, 0.5756, 206.64
419, 532, 118, 68, 0.7667, 28.7353, 28.6258, 2.5065, 0.4600, 171.00
419, 533, 27, 3, 0.6000, 46.4354, -22.2809, -40.7407, 0.1800, 224.67
419, 536, 52, 28, 0.6556, 42.0113, 15.6094, -39.0038, 0.2622, 191.25
419, 538, 37, 128, 0.7667, 21.3402, 20.4484, 6.1046, 0.4600, 171.00
419, 539, 24, 83, 0.7667, 6.7198, -4.4170, -5.0642, 0.4600, 214.50
419, 543, 32, 124, 0.7667, 1.1449, -0.0434, -1.1441, 0.4600, 152.08
419, 544, 50, -2, 0.7111, 21.2256, 16.6269, -13.1937, 0.3556, 192.70
420, 501, 79, 92, 1.0000, 1.9857, 1.9857, -0.0001, 1.0000, 202.11
420, 483, 89, 67, 0.5625, 63.9635, 57.7857, -27.4252, 0.2250, 221.75
420, 536, 51, -1, 0.7111, 29.9343, 0.2203, -29.9334, 0.3556, 196.00
420, 540, 34, 95, 0.6000, 3.9606, 2.8080, -2.7931, 0.1800, 204.67
420, 543, 34, 123, 0.8222, 1.7023, 1.4640, -0.8687, 0.5756, 150.79
420, 546, 3, 36, 0.6000, 1.0198, 1.0198, 0.0000, 0.1800, 254.00
420, 548, 32, 98, 0.6000, 24.0300, 19.2240, -14.4180, 0.1800, 190.00
420, 530, 5, 61, 0.7222, 1.2256, -0.9816, 0.7339, 0.5056, 206.64
420, 533, 4, -37, 0.5000, 46.4354, -22.2809, -40.7407, 0.1500, 224.67
420, 539, 19, 78, 0.6667, 6.7198, -4.4170, -5.0642, 0.4000, 214.50
420, 544, 67, -16, 0.6111, 21.2256, 16.6269, -13.1937, 0.3056, 192.70
421, 501, 81, 91, 1.0000, 2.1678, 2.0408, -0.7309, 1.0000, 201.41
421, 483, 55, 38, 0.6222, 38.6629, -26.1739, -28.4561, 0.3111, 227.89
421, 518, 58, 14, 1.0000, 1.3018, 0.9452, 0.8952, 1.0000, 223.31
421, 530, 4, 62, 0.8778, 1.4620, -0.9929, 1.0732, 0.7022, 205.31
421, 539, 11, 78, 0.8222, 6.9139, -6.5909, -2.0885, 0.5756, 209.29
421, 540, 36, 95, 0.7056, 2.4293, 2.3201, -0.7204, 0.2822, 198.75
421, 543, 35, 122, 0.8778, 1.5882, 1.2796, -0.9406, 0.7022, 150.56
421, 546, 0, 47, 0.6556, 10.6072, -2.1896, 10.3787, 0.2622, 243.00
421, 548, 30, 82, 0.6556, 16.0571, -0.4197, -16.0516, 0.2622, 187.25
422, 501, 83, 91, 1.0000, 2.0437, 2.0197, -0.3127, 1.0000, 201.63
422, 483, 18, 7, 0.6806, 47.4232, -36.1902, -30.6468, 0.4083, 225.57
422, 508, 45, 42, 0.6000, 41.3964, 41.1066, 4.8899, 0.1800, 235.04
422, 530, 6, 40, 0.9333, 20.7555, 1.5079, -20.7007, 0.8400, 210.61
422, 540, 37, 95, 0.7611, 1.1949, 1.1890, 0.1185, 0.3806, 207.20
422, 543, 36, 121, 0.9333, 1.4318, 1.0260, -0.9987, 0.8400, 149.83
422, 539, 5, 76, 0.7222, 6.9139, -6.5909, -2.0885, 0.5056, 209.29
422, 546, -2, 58, 0.5556, 10.6072, -2.1896, 10.3787, 0.2222, 243.00
422, 548, 30, 66, 0.5556, 16.0571, -0.4197, -16.0516, 0.2222, 187.25
423, 501, 85, 91, 1.0000, 2.0023, 2.0022, -0.0215, 1.0000, 201.19
423, 508, 95, 64, 0.6556, 53.0987, 49.0885, 20.2433, 0.2622, 219.78
423, 519, 53, 8, 0.6000, 16.8125, 16.3633, 3.8603, 0.1800, 209.00
423, 525, 87, 2, 0.6000, 43.2546, -36.5724, -23.0960, 0.1800, 167.67
423, 539, 7, 39, 0.8778, 22.5184, -1.4148, -22.4739, 0.7022, 214.50
423, 540, 38, 97, 0.8167, 1.9675, 0.8867, 1.7564, 0.4900, 207.00
423, 543, 36, 120, 0.9889, 1.0183, 0.1498, -1.0073, 0.9889, 150.45
423, 548, 48, 45, 0.7111, 21.8851, 10.8986, -18.9783, 0.3556, 200.42
423, 483, -19, -23, 0.5806, 47.4232, -36.1902, -30.6468, 0.3483, 225.57
424, 501, 89, 104, 1.0000, 12.0369, 3.4349, 11.5364, 1.0000, 198.72
424, 519, 83, 4, 0.6556, 28.8460, 28.6792, -3.0973, 0.2622, 220.50
424, 522, 9, 37, 0.6000, 35.3192, -20.2545, 28.9345, 0.1800, 225.00
424, 525, 30, -1, 0.6556, 55.2695, -55.0719, -4.6701, 0.2622, 179.75
424, 540, 39, 97, 0.8722, 1.0863, 0.9389, 0.5464, 0.6106, 209.93
424, 546, 4, 57, 0.7111, 2.4392, 2.0302, 1.3520, 0.3556, 233.20
424, 508, 144, 84, 0.5556, 53.0987, 49.0885, 20.2433, 0.2222, 219.78
424, 543, 36, 119, 0.8889, 1.0183, 0.1498, -1.0073, 0.8889, 150.45
425, 501, 108, 123, 1.0000, 24.2469, 16.9880, 17.3009, 1.0000, 195.55
425, 499, 52, 49, 0.5625, 0.9753, -0.9753, 0.0000, 0.2250, 226.77
425, 522, 0, 68, 0.6556, 32.5002, -10.3641, 30.8034, 0.2622, 216.00
425, 540, 40, 98, 0.9278, 1.2494, 0.9954, 0.7551, 0.7422, 206.88
425, 543, 38, 119, 1.0000, 1.1288, 1.0448, -0.4271, 1.0000, 150.05
425, 547, 49, 35, 0.6000, 48.0121, 45.9081, -14.0570, 0.1800, 204.00
425, 519, 112, 1, 0.5556, 28.8460, 28.6792, -3.0973, 0.2222, 220.50
425, 525, -25, -5, 0.5556, 55.2695, -55.0719, -4.6701, 0.2222, 179.75
426, 501, 100, 129, 1.0000, 9.1523, -4.5147, 7.9613, 1.0000, 192.68
426, 469, 91, 90, 0.5625, 19.9264, -3.9048, 19.5401, 0.2250, 164.25
426, 499, 68, 47, 0.6222, 14.2620, 14.1721, -1.5991, 0.3111, 224.62
426, 522, 2, 95, 0.7111, 27.1829, 1.6873, 27.1305, 0.3556, 202.20
426, 536, 16, 19, 0.9889, 7.4829, -4.6769, 5.8412, 0.9889, 210.85
426, 540, 42, 98, 0.9833, 1.8224, 1.8142, 0.1726, 0.8850, 207.61
426, 543, 40, 117, 1.0000, 2.5685, 1.8979, -1.7307, 1.0000, 149.50
426, 547, 81, 39, 0.6556, 33.4575, 33.3948, 2.0476, 0.2622, 206.25
427, 469, 10, 76, 0.6222, 74.4027, -73.4995, -11.5576, 0.3111, 173.60
427, 499, 79, 42, 0.6806, 12.9732, 11.8112, -5.3664, 0.4083, 222.01
427, 537, 17, 96, 0.6000, 75.4627, -75.0694, 7.6950, 0.1800, 147.67
427, 540, 44, 99, 1.0000, 2.2063, 2.0711, 0.7606, 1.0000, 207.15
427, 543, 40, 117, 1.0000, 0.6388, 0.4390, -0.4641, 1.0000, 149.46
427, 547, 81, 54, 0.7111, 14.7158, 2.3273, 14.5306, 0.3556, 205.00
428, 515, 94, 89, 0.6000, 64.8708, 20.5156, 61.5413, 0.1800, 199.00
428, 499, 76, 31, 0.7381, 10.6544, -2.1480, -10.4357, 0.5167, 218.23
428, 537, 5, 97, 0.6556, 17.8669, -17.7734, 1.8261, 0.2622, 152.00
428, 540, 45, 100, 1.0000, 1.6192, 1.2494, 1.0299, 1.0000, 207.32
428, 552, 33, 79, 0.6000, 49.4341, 22.1076, 44.2152, 0.1800, 203.00
428, 469, -63, 64, 0.5222, 74.4027, -73.4995, -11.5576, 0.2611, 173.60
428, 543, 41, 116, 0.9000, 0.6388, 0.4390, -0.4641, 0.9000, 149.46
429, 499, 70, 16, 0.7951, 16.0901, -6.2978, -14.8064, 0.6361, 220.70
429, 537, 11, 96, 0.7111, 3.6379, 3.6191, -0.3697, 0.3556, 154.60
429, 540, 47, 100, 1.0000, 1.7534, 1.7358, 0.2476, 1.0000, 208.29
429, 552, 92, 95, 0.6556, 58.4409, 55.3229, 18.8340, 0.2622, 193.25
429, 553, 11, 55, 0.6000, 61.6652, -10.2649, -60.8048, 0.1800, 171.00
429, 515, 115, 151, 0.5000, 64.8708, 20.5156, 61.5413, 0.1500, 199.00
429, 543, 41, 116, 0.8000, 0.6388, 0.4390, -0.4641, 0.8000, 149.46
430, 515, 93, 127, 0.6556, 12.8989, -3.6799, 12.3628, 0.2622, 174.75
430, 499, 64, 7, 0.8519, 10.7412, -5.7911, -9.0463, 0.7667, 217.51
430, 540, 48, 101, 1.0000, 1.4251, 1.2200, 0.7365, 1.0000, 206.92
430, 543, 29, 113, 1.0000, 5.0489, -4.8276, -1.4783, 1.0000, 149.93
430, 545, 2, 95, 0.6000, 29.4693, -20.3416, -21.3228, 0.1800, 186.67
430, 552, 122, 125, 0.7111, 43.2786, 31.5000, 29.6780, 0.3556, 171.80
430, 553, 24, 7, 0.6556, 49.8623, 11.0986, -48.6114, 0.2622, 177.50
431, 499, 43, 22, 0.9083, 23.9678, -19.6915, 13.6639, 0.9083, 216.36
431, 535, 85, 24, 0.6000, 60.3403, -26.2057, -54.3527, 0.1800, 133.33
431, 540, 49, 105, 1.0000, 3.5071, 0.9767, 3.3684, 1.0000, 205.57
431, 545, 0, 65, 0.6556, 29.1768, -3.9205, -28.9122, 0.2622, 185.25
431, 515, 90, 139, 0.5556, 12.8989, -3.6799, 12.3628, 0.2222, 174.75
431, 552, 153, 155, 0.6111, 43.2786, 31.5000, 29.6780, 0.3056, 171.80
431, 553, 35, -41, 0.5556, 49.8623, 11.0986, -48.6114, 0.2222, 177.50
432, 540, 51, 106, 1.0000, 2.5632, 1.7432, 1.8793, 1.0000, 202.87
432, 511, 74, 15, 0.5625, 1.9517, 1.9517, 0.0000, 0.2250, 251.25
432, 555, 74, 33, 0.6000, 56.2655, 55.7496, -7.6016, 0.1800, 223.78
432, 556, 13, 51, 0.6000, 1.9517, 1.9517, 0.0000, 0.1800, 210.83
432, 535, 59, -30, 0.5000, 60.3403, -26.2057, -54.3527, 0.1500, 133.33
432, 545, -4, 36, 0.5556, 29.1768, -3.9205, -28.9122, 0.2222, 185.25
433, 540, 52, 107, 1.0000, 1.6110, 1.2719, 0.9888, 1.0000, 204.19
433, 486, 60, 38, 0.5400, 65.8645, -41.0898, -51.4759, 0.2700, 184.70
433, 511, 75, 15, 0.6722, 1.2289, 1.2289, 0.0000, 0.3361, 248.20
433, 555, 82, 32, 0.6556, 12.7970, 12.6743, -1.7678, 0.2622, 218.71
433, 556, 13, 52, 0.7056, 0.9070, 0.4305, 0.7984, 0.2822, 210.38
434, 540, 54, 108, 1.0000, 1.9723, 1.7688, 0.8726, 1.0000, 201.94
434, 545, 6, 9, 0.7111, 16.5277, 3.7006, -16.1080, 0.3556, 188.00
434, 486, 53, 0, 0.6000, 40.3783, -10.1320, -39.0864, 0.3600, 183.25
434, 511, 77, 15, 0.7306, 1.7670, 1.7670, 0.0000, 0.4383, 243.83
434, 555, 103, 55, 0.7111, 29.2699, 19.8633, 21.4983, 0.3556, 201.97
434, 556, 14, 52, 0.7611, 0.7494, 0.7073, 0.2474, 0.3806, 209.70
435, 540, 54, 108, 1.0000, 0.5136, 0.4791, 0.1852, 1.0000, 199.89
435, 486, 60, -1, 0.6587, 6.8567, 5.9571, -3.3953, 0.4611, 184.93
435, 511, 78, 16, 0.7881, 1.4613, 1.2150, 0.8119, 0.5517, 243.57
435, 556, 22, 45, 0.7667, 9.9203, 7.4762, -6.5207, 0.4600, 217.25
436, 521, 77, 39, 0.6000, 43.9384, 34.3103, 27.4479, 0.1800, 203.67
436, 540, 57, 109, 1.0000, 2.3332, 2.2226, 0.7101, 1.0000, 200.58
436, 511, 80, 16, 0.8451, 1.7961, 1.7768, 0.2624, 0.6761, 243.50
436, 556, 19, 39, 0.8222, 6.6900, -2.5711, -6.1762, 0.5756, 215.64
437, 521, 88, 23, 0.6556, 18.0100, 13.2201, -12.2307, 0.2622, 194.50
437, 537, 14, 97, 1.0000, 2.7639, -2.7598, 0.1502, 1.0000, 199.19
437, 540, 59, 109, 1.0000, 2.3176, 2.3045, 0.2458, 1.0000, 198.40
437, 547, 113, 89, 1.0000, 2.2029, 2.0220, -0.8744, 1.0000, 179.08
437, 511, 82, 16, 0.9019, 2.0300, 2.0299, -0.0206, 0.8117, 244.22
437, 556, 17, 38, 0.8778, 2.1257, -1.8079, -1.1181, 0.7022, 214.56
438, 521, 82, 25, 0.7111, 5.0459, -4.9408, 1.0248, 0.3556, 191.80
438, 540, 62, 109, 1.0000, 2.8424, 2.8423, -0.0076, 1.0000, 197.48
438, 547, 115, 89, 1.0000, 2.0053, 1.9958, -0.1954, 1.0000, 175.07
438, 511, 83, 17, 0.9583, 1.4535, 1.2407, 0.7573, 0.9583, 244.90
438, 556, 16, 40, 0.9333, 2.3298, -1.0516, 2.0790, 0.8400, 213.28
439, 540, 63, 103, 1.0000, 5.5207, 1.5359, -5.3027, 1.0000, 196.74
439, 511, 85, 17, 1.0000, 1.7577, 1.7384, 0.2597, 1.0000, 245.55
439, 480, 45, 75, 0.5400, 0.0415, 0.0293, -0.0293, 0.2700, 193.40
439, 498, 2, 21, 0.5400, 35.2762, -17.2723, -30.7584, 0.2700, 227.20
439, 557, 7, 7, 0.6000, 4.7770, -4.7767, -0.0586, 0.1800, 217.00
439, 521, 77, 26, 0.6111, 5.0459, -4.9408, 1.0248, 0.3056, 191.80
440, 540, 65, 102, 1.0000, 2.1664, 1.6903, -1.3550, 1.0000, 197.01
440, 511, 87, 17, 1.0000, 2.0124, 2.0124, -0.0128, 1.0000, 245.58
440, 480, 56, 52, 0.6000, 22.8530, 9.5738, -20.7509, 0.3600, 197.50
440, 464, 63, 110, 0.5250, 32.3420, 30.9764, -9.2986, 0.3150, 151.00
440, 559, 52, 108, 0.6000, 2.1493, 1.9224, -0.9612, 0.1800, 159.67
440, 557, 2, 7, 0.5000, 4.7770, -4.7767, -0.0586, 0.1500, 217.00
441, 540, 67, 103, 1.0000, 1.9627, 1.9461, 0.2543, 1.0000, 198.01
441, 511, 89, 18, 1.0000, 2.1722, 2.0400, 0.7461, 1.0000, 245.46
441, 480, 67, 44, 0.6587, 14.1928, 11.0853, -8.8630, 0.4611, 200.86
441, 557, 1, 21, 0.6556, 8.3524, -2.8888, 7.8369, 0.2622, 216.38
441, 560, 26, 23, 0.6000, 19.2480, 0.9612, 19.2240, 0.1800, 202.67
441, 559, 54, 107, 0.5000, 2.1493, 1.9224, -0.9612, 0.1500, 159.67
442, 540, 68, 102, 1.0000, 1.3497, 1.2736, -0.4470, 1.0000, 196.56
442, 475, 29, 22, 0.5400, 70.5230, -68.1248, 18.2348, 0.2700, 165.80
442, 511, 90, 18, 1.0000, 1.2595, 1.2308, 0.2673, 1.0000, 245.14
442, 480, 86, 31, 0.7167, 22.6831, 18.5214, -13.0952, 0.5733, 197.25
442, 464, 127, 104, 0.5841, 32.0454, 31.9815, -2.0226, 0.4089, 139.71
442, 557, 9, 16, 0.7111, 9.0343, 7.9954, -4.2062, 0.3556, 218.50
442, 559, 70, 109, 0.6556, 9.8779, 9.8563, 0.6524, 0.2622, 161.50
442, 560, 33, 88, 0.6556, 60.6168, 6.6054, 60.2558, 0.2622, 196.75
443, 522, -1, 23, 1.0000, 0.3967, 0.3386, 0.2068, 1.0000, 201.18
443, 540, 71, 103, 1.0000, 2.5273, 2.4700, 0.5351, 1.0000, 195.02
443, 475, 8, 33, 0.6000, 28.3529, -25.8894, 11.5598, 0.3600, 171.67
443, 511, 92, 18, 1.0000, 1.7164, 1.7164, -0.0070, 1.0000, 245.33
443, 559, 73, 109, 0.7111, 3.6651, 3.6605, 0.1840, 0.3556, 167.60
443, 560, 35, 125, 0.7111, 38.3026, 1.9294, 38.2540, 0.3556, 186.20
443, 561, 125, 107, 0.7056, 0.0274, -0.0245, -0.0123, 0.2822, 77.00
444, 540, 71, 103, 1.0000, 0.8414, 0.7934, 0.2802, 1.0000, 193.91
444, 475, 21, 49, 0.6587, 19.2944, 10.8183, 15.9762, 0.4611, 176.71
444, 511, 94, 18, 1.0000, 2.0041, 2.0037, -0.0401, 1.0000, 245.75
444, 559, 74, 109, 0.7667, 1.5440, 1.5439, -0.0236, 0.4600, 163.67
444, 561, 125, 107, 0.7611, 0.0169, -0.0151, -0.0075, 0.3806, 76.00
445, 540, 74, 105, 1.0000, 2.6823, 2.2002, 1.5342, 1.0000, 194.02
445, 511, 96, 19, 1.0000, 2.1767, 2.0415, 0.7550, 1.0000, 246.29
445, 561, 117, 104, 0.7667, 7.7035, -7.3081, -2.4363, 0.4600, 77.83
446, 540, 77, 105, 1.0000, 3.0652, 3.0119, 0.5693, 1.0000, 192.30
446, 486, 19, 44, 1.0000, 5.0243, -4.8242, -1.4039, 1.0000, 192.09
446, 511, 97, 19, 1.0000, 1.2840, 1.2505, 0.2912, 1.0000, 246.61
446, 561, 107, 105, 0.8222, 10.4860, -10.4519, 0.8448, 0.5756, 80.71
447, 540, 78, 105, 1.0000, 1.6218, 1.6218, -0.0030, 1.0000, 192.09
447, 511, 99, 19, 1.0000, 1.7065, 1.7065, 0.0029, 1.0000, 245.26
447, 561, 96, 106, 0.7222, 10.4860, -10.4519, 0.8448, 0.5056, 80.71
448, 540, 80, 106, 1.0000, 1.8233, 1.6977, 0.6649, 1.0000, 191.73
448, 511, 98, 30, 1.0000, 9.7929, -0.2738, 9.7891, 1.0000, 240.80
448, 555, 87, 30, 1.0000, 0.0089, -0.0084, -0.0029, 1.0000, 190.93
448, 526, 76, 47, 0.5625, 9.8820, -8.6508, -4.7767, 0.2250, 197.25
448, 531, 91, 31, 0.5625, 25.9047, 19.2533, 17.3309, 0.2250, 188.00
448, 534, 63, 45, 0.5625, 32.0100, 31.7782, -3.8448, 0.2250, 207.00
448, 561, 86, 107, 0.6222, 10.4860, -10.4519, 0.8448, 0.4356, 80.71
449, 540, 82, 106, 1.0000, 1.9543, 1.9362, 0.2654, 1.0000, 191.61
449, 526, 30, 45, 0.6222, 42.7682, -42.6832, -2.6959, 0.3111, 202.00
449, 511, 98, 40, 0.9000, 9.7929, -0.2738, 9.7891, 0.9000, 240.80
449, 561, 75, 108, 0.5222, 10.4860, -10.4519, 0.8448, 0.3656, 80.71
450, 540, 84, 105, 1.0000, 2.1530, 2.0199, -0.7452, 1.0000, 190.56
450, 511, 86, 47, 1.0000, 11.0910, -7.3322, 8.3216, 1.0000, 238.24
450, 561, 48, 114, 0.8778, 16.1388, -15.9381, 2.5375, 0.7022, 89.50
450, 526, 3, 27, 0.6806, 32.8559, -28.4142, -16.4968, 0.4083, 203.00
450, 531, 69, 56, 0.6222, 19.6906, -15.8500, 11.6832, 0.3111, 190.20
450, 534, 86, 10, 0.6222, 21.4997, 8.5821, -19.7126, 0.3111, 200.00
451, 540, 85, 107, 1.0000, 1.7178, 1.2696, 1.1570, 1.0000, 191.22
451, 531, 29, 50, 0.6806, 39.0549, -38.6053, -5.9095, 0.4083, 193.00
451, 534, 105, 15, 0.6806, 19.2095, 18.6982, 4.4025, 0.4083, 208.50
451, 567, 4, 51, 0.6000, 57.6467, -52.7778, -23.1873, 0.1800, 180.33
451, 568, 3, 95, 0.6000, 21.7863, -12.9043, -17.5535, 0.1800, 170.67
451, 526, -26, 11, 0.5806, 32.8559, -28.4142, -16.4968, 0.3483, 203.00
452, 540, 87, 107, 1.0000, 1.7971, 1.7006, 0.5809, 1.0000, 190.93
452, 562, 65, 81, 0.6000, 22.1909, 20.8493, 7.5989, 0.1800, 192.33
452, 568, 1, 92, 0.6556, 5.2728, -2.5945, -4.5903, 0.2622, 180.00
452, 567, -49, 28, 0.5000, 57.6467, -52.7778, -23.1873, 0.1500, 180.33
453, 540, 89, 107, 1.0000, 1.9879, 1.9869, 0.0646, 1.0000, 190.38
453, 554, 21, 16, 0.6000, 15.7672, -15.6449, -1.9593, 0.1800, 199.00
453, 562, 44, 55, 0.6556, 28.1463, -17.2997, -22.2021, 0.2622, 199.50
453, 568, 3, 94, 0.7111, 2.2133, 1.5899, 1.5398, 0.3556, 178.00
453, 573, 25, 20, 0.6000, 32.2926, -12.0761, -29.9496, 0.1800, 217.00
454, 540, 91, 108, 1.0000, 2.1484, 2.0400, 0.6738, 1.0000, 190.69
454, 554, 2, 20, 0.6556, 19.7929, -19.4715, 3.5527, 0.2622, 203.00
454, 562, 25, 26, 0.7111, 34.3129, -18.4648, -28.9210, 0.3556, 202.60
454, 568, 4, 95, 0.7667, 1.3874, 0.8499, 1.0966, 0.4600, 177.33
454, 573, 23, 11, 0.6556, 10.9737, -3.0195, -10.5501, 0.2622, 215.50
455, 540, 93, 108, 1.0000, 2.0375, 2.0189, 0.2747, 1.0000, 190.49
455, 568, 4, 95, 0.8222, 0.1470, 0.0534, 0.1370, 0.5756, 176.14
455, 572, 77, 15, 0.6000, 51.0016, 49.0741, 13.8889, 0.1800, 208.33
455, 573, 36, 14, 0.7111, 12.8826, 12.7229, 2.0226, 0.3556, 212.80
455, 554, -18, 24, 0.5556, 19.7929, -19.4715, 3.5527, 0.2222, 203.00
456, 540, 95, 108, 1.0000, 2.0019, 2.0019, 0.0133, 1.0000, 189.95
456, 575, 29, 51, 0.6000, 10.5850, -10.5439, -0.9319, 0.1800, 224.50
456, 578, 30, 103, 0.6000, 44.4341, -34.6032, 27.8748, 0.1800, 180.33
456, 568, 4, 95, 0.7222, 0.1470, 0.0534, 0.1370, 0.5056, 176.14
456, 572, 126, 29, 0.5000, 51.0016, 49.0741, 13.8889, 0.1500, 208.33
457, 540, 97, 109, 1.0000, 2.1122, 1.9979, 0.6856, 1.0000, 189.65
457, 534, 118, 17, 1.0000, 2.2006, 2.0305, -0.8484, 1.0000, 226.67
457, 568, 8, 97, 0.8778, 2.4617, 2.2286, 1.0456, 0.7022, 174.50
457, 575, 28, 50, 0.6556, 2.6186, -2.4103, -1.0234, 0.2622, 218.12
457, 578, 37, 127, 0.6556, 24.9203, 3.3103, 24.6995, 0.2622, 169.75
457, 584, 35, 50, 0.6000, 25.2852, -24.9912, 3.8448, 0.1800, 213.67
458, 540, 99, 109, 1.0000, 2.0210, 1.9988, 0.2988, 1.0000, 189.17
458, 568, 8, 97, 0.9333, 0.4632, 0.4214, 0.1923, 0.8400, 174.33
458, 575, 29, 52, 0.7111, 1.9620, 1.3527, 1.4211, 0.3556, 214.30
458, 578, 43, 130, 0.7111, 6.7550, 5.2504, 4.2501, 0.3556, 166.00
458, 584, 7, 67, 0.6556, 31.6109, -27.2374, 16.0430, 0.2622, 206.00
459, 540, 101, 110, 1.0000, 2.1317, 1.9998, 0.7383, 1.0000, 188.62
459, 568, 3, 81, 0.9889, 15.9229, -5.1433, -15.0693, 0.9889, 174.70
459, 575, 31, 53, 0.7667, 2.0970, 1.5608, 1.4004, 0.4600, 218.25
459, 577, 122, 114, 0.6000, 65.5337, 43.4990, 49.0154, 0.1800, 168.33
459, 586, 67, 94, 0.6000, 0.9773, 0.9760, -0.0507, 0.1800, 157.50
459, 589, 51, 112, 0.6000, 28.6814, 28.1383, -5.5549, 0.1800, 154.00
459, 592, 92, 68, 0.6000, 1.0508, 0.0586, 1.0492, 0.1800, 183.67
459, 584, -20, 83, 0.5556, 31.6109, -27.2374, 16.0430, 0.2222, 206.00
460, 540, 103, 110, 1.0000, 2.0202, 2.0001, 0.2843, 1.0000, 188.37
460, 575, 44, 53, 0.8222, 12.4979, 12.4952, 0.2611, 0.5756, 218.07
460, 586, 84, 84, 0.6556, 17.8275, 15.4923, -8.8209, 0.2622, 156.38
460, 589, 48, 124, 0.6556, 9.8340, -0.3598, 9.8274, 0.2622, 149.75
460, 592, 93, 70, 0.7056, 1.9599, 0.7853, 1.7957, 0.2822, 183.50
460, 594, 32, 19, 0.6000, 38.7949, -28.8360, -25.9524, 0.1800, 219.33
460, 598, 64, 64, 0.6000, 34.6566, 19.2240, -28.8360, 0.1800, 183.67
460, 577, 166, 163, 0.5000, 65.5337, 43.4990, 49.0154, 0.1500, 168.33
461, 540, 105, 110, 1.0000, 2.0001, 2.0001, 0.0102, 1.0000, 188.34
461, 575, 48, 53, 0.8778, 4.6069, 4.6058, -0.1009, 0.7022, 219.44
461, 589, 45, 127, 0.7111, 4.6457, -2.7574, 3.7388, 0.3556, 148.80
461, 592, 93, 68, 0.7611, 1.2192, 0.2362, -1.1962, 0.3806, 175.80
461, 550, 13, 102, 0.5625, 78.9119, -29.8890, 73.0324, 0.2250, 197.50
461, 593, 88, 19, 0.6000, 1.3493, 0.8753, 1.0268, 0.1800, 181.00
461, 594, 7, 76, 0.6556, 55.5039, -25.7164, 49.1869, 0.2622, 207.00
461, 598, 23, 93, 0.6556, 42.7694, -35.5477, 23.7821, 0.2622, 177.75
461, 586, 99, 76, 0.5556, 17.8275, 15.4923, -8.8209, 0.2222, 156.38
462, 540, 107, 111, 1.0000, 2.1063, 2.0000, 0.6605, 1.0000, 188.11
462, 500, 33, 20, 0.5400, 80.8484, -9.7890, -80.2536, 0.2700, 169.60
462, 575, 51, 32, 0.9333, 19.7860, 3.0747, -19.5456, 0.8400, 215.28
462, 586, 119, 43, 0.7111, 29.0372, 17.8920, -22.8700, 0.3556, 147.10
462, 592, 83, 69, 0.7667, 9.7720, -9.7700, 0.1937, 0.4600, 180.17
462, 593, 88, 19, 0.7056, 0.3188, 0.2540, 0.1926, 0.2822, 179.25
462, 598, -2, 96, 0.7111, 25.9200, -25.5452, 4.3918, 0.3556, 176.60
462, 599, 28, 63, 0.6000, 40.1385, -5.4759, -39.7633, 0.1800, 175.67
462, 600, 33, 59, 0.6000, 54.4602, -9.2532, -53.6684, 0.1800, 180.67
462, 594, -19, 125, 0.5556, 55.5039, -25.7164, 49.1869, 0.2222, 207.00
463, 540, 109, 111, 1.0000, 2.0233, 2.0000, 0.3063, 1.0000, 188.11
463, 574, 1, 49, 0.6000, 33.4163, -25.0317, -22.1373, 0.1800, 201.33
463, 591, 54, 51, 0.6000, 57.0519, -51.2371, 25.0934, 0.1800, 179.67
463, 592, 80, 70, 0.8222, 3.3202, -3.1561, 1.0308, 0.5756, 190.29
463, 593, 89, 20, 0.7611, 1.0814, 0.7833, 0.7456, 0.3806, 179.00
463, 595, 26, 81, 0.6000, 54.8171, -47.2809, 27.7386, 0.1800, 197.67
463, 600, 18, 2, 0.6556, 59.0007, -14.4390, -57.2066, 0.2622, 192.50
463, 601, 40, 108, 0.6000, 21.2243, 19.5031, -8.3725, 0.1800, 158.00
463, 598, -27, 101, 0.6111, 25.9200, -25.5452, 4.3918, 0.3056, 176.60
463, 599, 23, 23, 0.5000, 40.1385, -5.4759, -39.7633, 0.1500, 175.67
464, 540, 111, 112, 1.0000, 2.1287, 2.0000, 0.7290, 1.0000, 187.94
464, 573, 21, 89, 1.0000, 6.9303, 5.9080, -3.6228, 1.0000, 198.69
464, 574, -2, 45, 0.6556, 7.3246, -5.1181, -5.2398, 0.2622, 210.50
464, 580, 63, 46, 0.6000, 40.9731, 0.0120, -40.9731, 0.1800, 181.33
464, 599, 30, 0, 0.6556, 30.0012, 1.5090, -29.9632, 0.2622, 185.25
464, 591, 3, 76, 0.5000, 57.0519, -51.2371, 25.0934, 0.1500, 179.67
464, 593, 90, 21, 0.6611, 1.0814, 0.7833, 0.7456, 0.3306, 179.00
464, 595, -22, 108, 0.5000, 54.8171, -47.2809, 27.7386, 0.1500, 197.67
464, 600, 3, -56, 0.5556, 59.0007, -14.4390, -57.2066, 0.2222, 192.50
464, 601, 59, 99, 0.5000, 21.2243, 19.5031, -8.3725, 0.1500, 158.00
465, 540, 112, 112, 1.0000, 1.3433, 1.3101, 0.2967, 1.0000, 186.92
465, 549, 12, 56, 0.5625, 43.9792, -20.4466, -38.9373, 0.2250, 184.00
465, 574, 2, 46, 0.7111, 3.0914, 3.0808, 0.2558, 0.3556, 217.00
465, 580, 45, 24, 0.6556, 29.2168, -16.0415, -24.4190, 0.2622, 186.00
465, 589, 48, 125, 0.8222, 1.2260, 1.0348, -0.6573, 0.5756, 146.86
465, 597, 19, 91, 0.7056, 0.8316, 0.8315, -0.0091, 0.2822, 223.75
465, 601, 93, 78, 0.6556, 31.7217, 27.6250, -15.5926, 0.2622, 159.75
465, 593, 90, 21, 0.5611, 1.0814, 0.7833, 0.7456, 0.2806, 179.00
465, 599, 31, -30, 0.5556, 30.0012, 1.5090, -29.9632, 0.2222, 185.25
466, 540, 115, 112, 1.0000, 2.3530, 2.3529, 0.0204, 1.0000, 187.27
466, 549, 12, 93, 0.6222, 29.4804, -1.4672, 29.4438, 0.3111, 179.80
466, 580, 44, 29, 0.7111, 4.6662, -2.5417, 3.9132, 0.3556, 192.80
466, 589, 53, 123, 0.8778, 5.7629, 5.4546, -1.8599, 0.7022, 149.00
466, 593, 92, 22, 0.8167, 1.2878, 1.0911, 0.6840, 0.4900, 176.33
466, 597, 20, 92, 0.7611, 1.3447, 1.0757, 0.8068, 0.3806, 221.20
466, 601, 92, 59, 0.7111, 18.8075, 0.7165, -18.7938, 0.3556, 163.40
467, 540, 117, 113, 1.0000, 2.3776, 2.2894, 0.6414, 1.0000, 187.36
467, 574, 5, 47, 0.8222, 1.1993, 1.1814, 0.2063, 0.5756, 223.43
467, 593, 93, 22, 0.8722, 1.0251, 1.0209, 0.0926, 0.6106, 174.71
467, 597, 21, 92, 0.8167, 1.0780, 1.0464, 0.2592, 0.4900, 221.00
467, 549, 11, 122, 0.5222, 29.4804, -1.4672, 29.4438, 0.2611, 179.80
468, 540, 119, 113, 1.0000, 2.1058, 2.0824, 0.3130, 1.0000, 187.53
468, 549, 0, 124, 0.6806, 14.7404, -6.7225, 13.1182, 0.4083, 176.00
468, 574, 7, 47, 0.8778, 1.6926, 1.6921, -0.0402, 0.7022, 223.00
468, 593, 92, 38, 0.8778, 14.4275, -0.6103, 14.4146, 0.7022, 175.25
468, 597, 21, 93, 0.8722, 0.8103, 0.1974, 0.7858, 0.6106, 222.14
469, 540, 121, 114, 1.0000, 2.1170, 1.9911, 0.7192, 1.0000, 188.64
469, 574, 8, 47, 0.9333, 1.1754, 1.1747, -0.0382, 0.8400, 222.89
469, 593, 70, 40, 0.9333, 20.6124, -20.3829, 3.0669, 0.8400, 176.00
469, 597, 22, 93, 0.9278, 0.7640, 0.7305, 0.2238, 0.7422, 219.25
470, 540, 123, 114, 1.0000, 2.0050, 1.9812, 0.3082, 1.0000, 189.85
470, 569, 8, 94, 0.6000, 30.7306, 4.8911, -30.3389, 0.1800, 160.00
470, 574, 10, 47, 0.9889, 1.8140, 1.8140, -0.0053, 0.9889, 225.80
470, 597, 23, 94, 0.9833, 1.2749, 1.0165, 0.7694, 0.8850, 221.22
471, 540, 125, 115, 1.0000, 2.1103, 1.9920, 0.6966, 1.0000, 189.58
471, 569, 16, 107, 0.6556, 11.8251, 7.4792, 9.1594, 0.2622, 163.00
471, 574, 11, 47, 1.0000, 1.1965, 1.1965, 0.0032, 1.0000, 226.09
471, 583, 82, 30, 0.6000, 34.0837, -32.9494, 8.7199, 0.1800, 153.67
471, 597, 23, 94, 1.0000, 0.3383, 0.2471, 0.2311, 1.0000, 221.50
472, 569, 33, 100, 0.7111, 18.0656, 17.1488, -5.6817, 0.3556, 165.00
472, 571, 117, 2, 0.6000, 52.7577, 34.2536, -40.1256, 0.1800, 170.33
472, 574, 13, 47, 1.0000, 1.8087, 1.8087, 0.0015, 1.0000, 227.75
472, 583, 54, 31, 0.6556, 28.4819, -28.4101, 2.0212, 0.2622, 167.75
472, 597, 24, 95, 1.0000, 1.0638, 0.7381, 0.7660, 1.0000, 221.55
472, 540, 127, 116, 0.9000, 2.1103, 1.9920, 0.6966, 0.9000, 189.58
473, 574, 14, 47, 1.0000, 1.1914, 1.1914, 0.0000, 1.0000, 229.00
473, 583, 39, 22, 0.7111, 18.2826, -16.1590, -8.5522, 0.3556, 175.60
473, 597, 25, 95, 1.0000, 1.0383, 1.0109, 0.2369, 1.0000, 220.08
473, 540, 129, 116, 0.8000, 2.1103, 1.9920, 0.6966, 0.8000, 189.58
473, 571, 151, -38, 0.5000, 52.7577, 34.2536, -40.1256, 0.1500, 170.33
474, 574, 15, 47, 1.0000, 0.9538, 0.9538, -0.0002, 1.0000, 229.64
474, 587, 65, 44, 0.6000, 64.6470, 20.4394, -61.3308, 0.1800, 202.00
474, 597, 25, 96, 1.0000, 0.8032, 0.2582, 0.7606, 1.0000, 219.31
474, 540, 131, 117, 0.7000, 2.1103, 1.9920, 0.6966, 0.7000, 189.58
475, 574, 17, 47, 1.0000, 1.8147, 1.8147, -0.0000, 1.0000, 230.87
475, 580, 55, 36, 1.0000, 15.1917, 12.1188, -9.1609, 1.0000, 202.54
475, 582, 42, 64, 0.6000, 47.2021, 5.8565, -46.8374, 0.1800, 177.33
475, 587, 36, -2, 0.6556, 53.6462, -24.8786, -47.5286, 0.2622, 206.50
475, 596, 85, 85, 0.6000, 1.3679, 0.9706, 0.9640, 0.1800, 192.67
475, 597, 27, 99, 1.0000, 2.9834, 1.5078, 2.5744, 1.0000, 215.79
475, 540, 133, 118, 0.6000, 2.1103, 1.9920, 0.6966, 0.6000, 189.58
476, 574, 17, 46, 1.0000, 0.9284, 0.3836, -0.8455, 1.0000, 229.69
476, 582, 44, 58, 0.6556, 10.0288, 2.1217, -9.8017, 0.2622, 185.50
476, 596, 85, 86, 0.7056, 1.0516, 0.2237, 1.0276, 0.2822, 190.25
476, 597, 27, 98, 1.0000, 0.8769, 0.5172, -0.7081, 1.0000, 215.67
476, 563, 102, 28, 0.5625, 0.0829, 0.0586, 0.0586, 0.2250, 155.25
476, 540, 135, 118, 0.5000, 2.1103, 1.9920, 0.6966, 0.5000, 189.58
476, 587, 11, -50, 0.5556, 53.6462, -24.8786, -47.5286, 0.2222, 206.50
477, 574, 20, 47, 1.0000, 2.4857, 2.4110, 0.6044, 1.0000, 229.59
477, 582, 47, 66, 0.7111, 7.4257, 3.1948, 6.7033, 0.3556, 188.40
477, 596, 86, 87, 0.7611, 1.2684, 0.7635, 1.0129, 0.3806, 187.40
477, 597, 27, 97, 1.0000, 0.6284, -0.0206, -0.6281, 1.0000, 214.06
477, 563, 103, 29, 0.6722, 1.1106, 0.7853, 0.7853, 0.3361, 154.60
477, 564, 4, 48, 0.5625, 52.6341, -51.4152, 11.2614, 0.2250, 212.25
478, 574, 21, 47, 1.0000, 1.5037, 1.4782, 0.2759, 1.0000, 230.22
478, 596, 87, 89, 0.8167, 2.0829, 1.0265, 1.8124, 0.4900, 182.67
478, 597, 28, 97, 1.0000, 0.6965, 0.6830, -0.1364, 1.0000, 214.00
478, 563, 99, 15, 0.6806, 13.3205, -3.8250, -12.7595, 0.4083, 157.67
478, 564, 8, 30, 0.6222, 15.7180, -0.6129, -15.7060, 0.3111, 216.20
479, 574, 23, 47, 1.0000, 1.7974, 1.7974, 0.0057, 1.0000, 231.32
479, 596, 88, 89, 0.8722, 1.1340, 1.0395, 0.4532, 0.6106, 181.71
479, 597, 29, 98, 1.0000, 1.2997, 1.0254, 0.7986, 1.0000, 215.28
479, 564, 14, 19, 0.6806, 12.3424, 5.3149, -11.1394, 0.4083, 214.67
479, 604, 50, 61, 0.6000, 75.3517, -52.8365, 53.7233, 0.1800, 167.33
479, 563, 95, 2, 0.5806, 13.3205, -3.8250, -12.7595, 0.3483, 157.67
480, 574, 24, 47, 1.0000, 1.1774, 1.1770, -0.0327, 1.0000, 231.20
480, 596, 89, 89, 0.9278, 1.0134, 1.0095, -0.0895, 0.7422, 181.00
480, 597, 30, 99, 1.0000, 1.5153, 1.0560, 1.0868, 1.0000, 213.84
480, 604, 23, 115, 0.6556, 61.4252, -28.9607, 54.1695, 0.2622, 163.00
481, 574, 27, 61, 1.0000, 13.4205, 2.6003, 13.1662, 1.0000, 228.48
481, 596, 89, 90, 0.9833, 0.7364, 0.1990, 0.7090, 0.8850, 177.83
481, 597, 31, 99, 1.0000, 1.0650, 1.0184, 0.3119, 1.0000, 214.30
481, 477, 29, 116, 0.5250, 20.1079, -17.8129, -9.3289, 0.3150, 143.33
481, 604, -6, 169, 0.5556, 61.4252, -28.9607, 54.1695, 0.2222, 163.00
482, 574, 33, 85, 1.0000, 24.4146, 5.5805, 23.7683, 1.0000, 225.68
482, 596, 90, 91, 1.0000, 1.2747, 0.7270, 1.0471, 1.0000, 178.30
482, 597, 31, 100, 1.0000, 0.7548, 0.2513, 0.7117, 1.0000, 214.29
482, 516, 102, 36, 0.5400, 30.4819, 26.8747, 14.3840, 0.2700, 181.50
482, 477, 10, 97, 0.5841, 25.7036, -18.7838, -17.5454, 0.4089, 146.29
482, 558, 42, 68, 0.5625, 26.5055, 15.7304, 21.3330, 0.2250, 202.50
483, 574, 14, 98, 1.0000, 21.8367, -17.5665, 12.9715, 1.0000, 222.96
483, 596, 90, 91, 1.0000, 0.3471, 0.2238, 0.2653, 1.0000, 176.82
483, 597, 32, 100, 1.0000, 0.7346, 0.6935, 0.2422, 1.0000, 215.86
483, 477, -1, 79, 0.6424, 21.6015, -11.7718, -18.1122, 0.5139, 150.88
483, 558, 64, 108, 0.6222, 44.1328, 21.7315, 38.4115, 0.3111, 212.20
483, 551, 28, 46, 0.5400, 19.2240, 11.5344, 15.3792, 0.2700, 222.10
484, 596, 92, 93, 1.0000, 2.1733, 1.5513, 1.5221, 1.0000, 176.08
484, 597, 33, 100, 1.0000, 0.9867, 0.9867, -0.0076, 1.0000, 216.35
484, 516, 117, 10, 0.6000, 18.1259, 4.8640, -17.4611, 0.3600, 173.25
484, 477, 0, 47, 0.7000, 31.0867, 0.3306, -31.0850, 0.6300, 155.67
484, 551, 34, 50, 0.6000, 8.3478, 6.6141, 5.0931, 0.3600, 219.58
484, 581, 66, 112, 0.5625, 36.7274, 36.5256, -3.8448, 0.2250, 184.50
484, 558, 86, 147, 0.5222, 44.1328, 21.7315, 38.4115, 0.2611, 212.20
485, 596, 92, 93, 1.0000, 0.7260, 0.5214, 0.5053, 1.0000, 174.04
485, 597, 34, 101, 1.0000, 1.2518, 1.0410, 0.6952, 1.0000, 217.25
485, 551, 50, 66, 0.6587, 22.0716, 15.2614, 15.9451, 0.4611, 217.36
485, 579, 55, 119, 0.5625, 38.6638, 37.9633, 7.3265, 0.2250, 152.50
485, 609, 56, 78, 0.6000, 62.2764, 41.7153, 46.2405, 0.1800, 198.33
485, 581, 73, 112, 0.6222, 9.9009, 9.9006, -0.0757, 0.3111, 198.60
485, 516, 122, -8, 0.5000, 18.1259, 4.8640, -17.4611, 0.3000, 173.25
486, 596, 94, 95, 1.0000, 2.1594, 1.5278, 1.5261, 1.0000, 172.39
486, 597, 35, 101, 1.0000, 1.0611, 1.0194, 0.2948, 1.0000, 217.12
486, 516, 126, -1, 0.6587, 5.3051, 4.2958, -3.1130, 0.4611, 166.79
486, 551, 54, 70, 0.7167, 6.5433, 4.8194, 4.4259, 0.5733, 214.44
486, 579, 60, 112, 0.6222, 9.5264, 7.3145, -6.1034, 0.3111, 152.00
486, 581, 73, 114, 0.6806, 1.2795, 0.2329, 1.2582, 0.4083, 207.17
486, 566, 33, 48, 0.5625, 1.4014, 1.0198, 0.9612, 0.2250, 253.75
486, 609, 98, 125, 0.5000, 62.2764, 41.7153, 46.2405, 0.1500, 198.33
487, 596, 95, 96, 1.0000, 1.7842, 1.2608, 1.2625, 1.0000, 171.57
487, 597, 36, 102, 1.0000, 1.2488, 1.0019, 0.7454, 1.0000, 216.54
487, 607, 68, 38, 0.6000, 39.4913, 34.1144, 19.8939, 0.1800, 205.00
487, 551, 54, 70, 0.7741, 0.3042, 0.2935, 0.0799, 0.6967, 214.06
487, 579, 89, 103, 0.6806, 29.1563, 27.6348, -9.2956, 0.4083, 146.33
487, 566, 35, 48, 0.6722, 1.8154, 1.8022, 0.2185, 0.3361, 252.60
487, 611, 55, 14, 0.6000, 28.1307, 24.3946, 14.0086, 0.1800, 221.33
488, 596, 95, 97, 1.0000, 1.0543, 0.2536, 1.0234, 1.0000, 171.47
488, 597, 36, 102, 1.0000, 0.3904, 0.2751, 0.2770, 1.0000, 215.89
488, 605, 80, 86, 0.6000, 57.8919, -46.3105, 34.7392, 0.1800, 135.67
488, 607, 113, 38, 0.6556, 44.5874, 44.5540, 1.7253, 0.2622, 191.75
488, 581, 76, 115, 0.7951, 2.6737, 2.5567, 0.7824, 0.6361, 208.88
488, 566, 36, 48, 0.7306, 1.2471, 1.2461, -0.0496, 0.4383, 252.17
488, 611, 57, 39, 0.6556, 24.6908, 4.3367, 24.3069, 0.2622, 214.00
489, 596, 96, 98, 1.0000, 1.1860, 0.6805, 0.9714, 1.0000, 171.50
489, 597, 37, 103, 1.0000, 0.9935, 0.6816, 0.7228, 1.0000, 215.39
489, 605, 37, 121, 0.6556, 55.0645, -42.8754, 34.5515, 0.2622, 137.75
489, 607, 122, 36, 0.7111, 10.5327, 10.4772, -1.0804, 0.3556, 180.60
489, 581, 78, 116, 0.8519, 2.5858, 2.3793, 1.0125, 0.7667, 213.33
489, 566, 38, 48, 0.7881, 1.7857, 1.7851, -0.0446, 0.5517, 252.14
489, 611, 69, 42, 0.7111, 12.0990, 11.3413, 4.2144, 0.3556, 213.20
489, 576, 86, 59, 0.5625, 0.9910, 0.9905, 0.0293, 0.2250, 188.75
490, 596, 97, 98, 1.0000, 1.0104, 0.9850, 0.2252, 1.0000, 171.75
490, 597, 38, 103, 1.0000, 1.0123, 0.9736, 0.2772, 1.0000, 216.31
490, 605, -1, 126, 0.7111, 39.1837, -38.4999, 7.2884, 0.3556, 142.00
490, 581, 80, 117, 0.9083, 2.2830, 2.0366, 1.0318, 0.9083, 215.70
490, 590, 3, 109, 0.5625, 13.4878, 2.8106, -13.1918, 0.2250, 167.75
490, 566, 39, 48, 0.8451, 1.2215, 1.2215, -0.0079, 0.6761, 252.50
490, 576, 68, 73, 0.6222, 20.9052, -16.5536, 12.7673, 0.3111, 188.00
491, 596, 98, 99, 1.0000, 1.2556, 1.0406, 0.7026, 1.0000, 171.71
491, 597, 39, 103, 1.0000, 1.0391, 1.0391, 0.0090, 1.0000, 215.88
491, 581, 81, 117, 0.9646, 1.1187, 1.1082, 0.1532, 0.9646, 212.27
491, 566, 41, 48, 0.9019, 1.7728, 1.7728, 0.0033, 0.8117, 250.44
491, 616, 2, 46, 0.6000, 1.3600, 0.9905, 0.9319, 0.1800, 232.17
491, 605, -39, 134, 0.6111, 39.1837, -38.4999, 7.2884, 0.3056, 142.00
491, 576, 51, 86, 0.5222, 20.9052, -16.5536, 12.7673, 0.2611, 188.00
492, 596, 99, 99, 1.0000, 1.0471, 1.0182, 0.2443, 1.0000, 171.05
492, 597, 40, 104, 1.0000, 1.2196, 1.0221, 0.6655, 1.0000, 215.31
492, 581, 84, 119, 1.0000, 3.0749, 2.6112, 1.6238, 1.0000, 215.83
492, 590, 7, 83, 0.6222, 13.0751, 2.0207, -12.9180, 0.3111, 170.80
492, 566, 42, 48, 0.9583, 1.2285, 1.2285, 0.0021, 0.9583, 250.60
492, 576, 39, 101, 0.6806, 19.8921, -14.0095, 14.1219, 0.4083, 184.67
492, 616, 3, 45, 0.7056, 1.1617, 1.0104, -0.5733, 0.2822, 231.75
492, 618, 25, 113, 0.6000, 34.8880, 17.8432, 29.9799, 0.1800, 172.00
493, 596, 101, 99, 1.0000, 1.7490, 1.7490, -0.0062, 1.0000, 170.67
493, 597, 41, 104, 1.0000, 1.0492, 1.0038, 0.3052, 1.0000, 215.80
493, 565, 92, 60, 0.5625, 30.3203, 20.4394, 22.3953, 0.2250, 191.38
493, 581, 86, 120, 1.0000, 2.5997, 2.2697, 1.2676, 1.0000, 218.38
493, 590, 7, 81, 0.6806, 2.1121, 0.2912, -2.0919, 0.4083, 171.67
493, 566, 44, 48, 1.0000, 1.7687, 1.7687, 0.0003, 1.0000, 250.73
493, 576, 30, 120, 0.7381, 21.0563, -8.8602, 19.1014, 0.5167, 178.71
493, 616, 4, 45, 0.7611, 1.0458, 1.0044, -0.2914, 0.3806, 231.00
493, 588, 41, 124, 0.5625, 1.4093, 0.9965, 0.9965, 0.2250, 162.00
493, 620, 72, 40, 0.6556, 15.5041, 15.1689, -3.2065, 0.2622, 206.50
493, 622, 49, 78, 0.6000, 10.6660, -8.3930, 6.5818, 0.1800, 201.33
493, 618, 43, 143, 0.5000, 34.8880, 17.8432, 29.9799, 0.1500, 172.00
494, 596, 102, 100, 1.0000, 1.4797, 1.3012, 0.7045, 1.0000, 169.45
494, 597, 42, 97, 1.0000, 5.6402, 0.9981, -5.5511, 1.0000, 214.68
494, 565, 104, 86, 0.6222, 28.0791, 12.6519, 25.0672, 0.3111, 175.90
494, 581, 89, 121, 1.0000, 3.0215, 2.8525, 0.9963, 1.0000, 221.00
494, 566, 45, 48, 1.0000, 1.2342, 1.2342, -0.0002, 1.0000, 250.92
494, 576, 5, 111, 0.7951, 24.8446, -23.7808, -7.1922, 0.6361, 173.75
494, 542, 56, 47, 0.5400, 40.0151, -33.7139, -21.5541, 0.2700, 183.60
494, 616, 5, 44, 0.8167, 1.2994, 1.0000, -0.8296, 0.4900, 234.33
494, 618, 43, 106, 0.6556, 11.4574, 7.3858, -8.7592, 0.2622, 175.50
494, 588, 42, 124, 0.6722, 1.0276, 1.0069, 0.2049, 0.3361, 161.70
494, 620, 93, 19, 0.7111, 29.3036, 20.9448, -20.4943, 0.3556, 200.40
494, 622, 52, 83, 0.6556, 6.2358, 2.7351, 5.6040, 0.2622, 197.50
494, 590, 8, 79, 0.5806, 2.1121, 0.2912, -2.0919, 0.3483, 171.67
495, 596, 103, 101, 1.0000, 1.4433, 1.0111, 1.0301, 1.0000, 169.00
495, 523, 31, 11, 0.5400, 22.8637, -15.6705, -16.6489, 0.2700, 201.70
495, 581, 91, 122, 1.0000, 2.3979, 2.1943, 0.9669, 1.0000, 223.13
495, 566, 47, 48, 1.0000, 1.7632, 1.7632, -0.0001, 1.0000, 249.59
495, 542, 30, 32, 0.6000, 31.0259, -27.0865, -15.1304, 0.3600, 192.00
495, 616, 7, 45, 0.8722, 1.8972, 1.8071, 0.5777, 0.6106, 236.64
495, 618, 43, 104, 0.7111, 2.5634, 0.6969, -2.4669, 0.3556, 178.40
495, 588, 31, 116, 0.6806, 12.7144, -10.3637, -7.3656, 0.4083, 159.58
495, 622, 58, 83, 0.7111, 5.9425, 5.9412, 0.1222, 0.3556, 195.40
495, 597, 43, 92, 0.9000, 5.6402, 0.9981, -5.5511, 0.9000, 214.68
495, 565, 117, 111, 0.5222, 28.0791, 12.6519, 25.0672, 0.2611, 175.90
495, 620, 114, -2, 0.6111, 29.3036, 20.9448, -20.4943, 0.3056, 200.40
496, 596, 104, 101, 1.0000, 1.0115, 0.9588, 0.3223, 1.0000, 167.96
496, 523, 19, 52, 0.6000, 37.4304, -12.2736, 35.3609, 0.3600, 200.25
496, 565, 95, 121, 0.6806, 17.7855, -7.5335, 16.1112, 0.4083, 163.25
496, 581, 93, 123, 1.0000, 2.1871, 1.9493, 0.9916, 1.0000, 224.94
496, 566, 49, 49, 1.0000, 2.1671, 2.0211, 0.7817, 1.0000, 249.76
496, 616, 8, 45, 0.9278, 1.2996, 1.2649, 0.2986, 0.7422, 235.50
496, 588, 8, 100, 0.7381, 26.9340, -22.1174, -15.3707, 0.5167, 160.07
496, 622, 72, 102, 0.7667, 22.1274, 12.9052, 17.9744, 0.4600, 186.50
496, 542, 3, 17, 0.5000, 31.0259, -27.0865, -15.1304, 0.3000, 192.00
496, 620, 135, -22, 0.5111, 29.3036, 20.9448, -20.4943, 0.2556, 200.40
497, 596, 106, 102, 1.0000, 1.8530, 1.7119, 0.7092, 1.0000, 166.96
497, 607, 127, 42, 1.0000, 2.6293, 2.0602, 1.6336, 1.0000, 146.54
497, 581, 95, 124, 1.0000, 2.2039, 1.9631, 1.0017, 1.0000, 226.71
497, 566, 50, 49, 1.0000, 1.2943, 1.2631, 0.2826, 1.0000, 249.64
497, 612, 41, 0, 0.6000, 33.3992, 32.7120, -6.7400, 0.1800, 233.33
497, 616, 9, 43, 0.9833, 1.8556, 0.9813, -1.5749, 0.8850, 235.00
497, 523, 7, 88, 0.5000, 37.4304, -12.2736, 35.3609, 0.3000, 200.25
497, 588, -14, 85, 0.6381, 26.9340, -22.1174, -15.3707, 0.4467, 160.07
498, 596, 107, 102, 1.0000, 1.3352, 1.3109, 0.2536, 1.0000, 165.58
498, 581, 98, 125, 1.0000, 3.0128, 2.8414, 1.0015, 1.0000, 228.28
498, 566, 52, 49, 1.0000, 1.7266, 1.7266, -0.0059, 1.0000, 249.85
498, 611, 84, 31, 1.0000, 5.3774, 3.5116, -4.0725, 1.0000, 190.90
498, 612, 57, 44, 0.6556, 42.8881, 17.3577, 39.2187, 0.2622, 231.00
498, 614, 10, 47, 0.6000, 9.5016, 6.7080, -6.7293, 0.1800, 200.67
498, 616, 10, 41, 1.0000, 2.3662, 0.9582, -2.1636, 1.0000, 233.27
499, 596, 108, 103, 1.0000, 1.2526, 1.0237, 0.7219, 1.0000, 165.07
499, 523, 17, 126, 0.6587, 21.9321, 2.0882, 21.8324, 0.4611, 192.21
499, 581, 100, 126, 1.0000, 2.4532, 2.2400, 1.0002, 1.0000, 229.53
499, 566, 54, 50, 1.0000, 2.1302, 2.0024, 0.7267, 1.0000, 248.37
499, 612, 52, 57, 0.7111, 15.2035, -4.2832, 14.5877, 0.3556, 223.60
499, 614, 12, 43, 0.6556, 5.3707, 2.4120, -4.7987, 0.2622, 210.75
499, 616, 11, 39, 0.9000, 2.3662, 0.9582, -2.1636, 0.9000, 233.27
500, 596, 109, 104, 1.0000, 1.3839, 0.9615, 0.9954, 1.0000, 165.25
500, 581, 102, 127, 1.0000, 2.2054, 1.9657, 0.9999, 1.0000, 230.38
500, 566, 55, 49, 1.0000, 1.3658, 1.2753, -0.4890, 1.0000, 248.63
500, 614, 11, 42, 0.7111, 0.6718, -0.0686, -0.6682, 0.3556, 219.00
500, 616, 17, 27, 1.0000, 8.5444, 3.8089, -7.6485, 1.0000, 231.42
500, 602, 54, 124, 0.5625, 10.1786, 10.1785, -0.0507, 0.2250, 151.88
501, 596, 110, 105, 1.0000, 1.4299, 0.9791, 1.0421, 1.0000, 164.76
501, 610, 4, 106, 0.6000, 34.5647, -29.2007, -18.4943, 0.1800, 152.00
501, 566, 57, 49, 1.0000, 1.7463, 1.7216, -0.2923, 1.0000, 248.60
501, 614, 12, 43, 0.7667, 0.6307, 0.4727, 0.4176, 0.4600, 224.50
501, 616, 30, 29, 1.0000, 12.2526, 12.2324, 0.7026, 1.0000, 229.39
501, 627, 39, 20, 0.6000, 28.5526, 26.2398, -11.2572, 0.1800, 207.67
501, 581, 104, 128, 0.9000, 2.2054, 1.9657, 0.9999, 0.9000, 230.38
502, 531, 25, 19, 1.0000, 5.9412, -4.3556, 4.0405, 1.0000, 198.39
502, 596, 111, 106, 1.0000, 1.4259, 0.9968, 1.0197, 1.0000, 165.50
502, 610, 0, 63, 0.6556, 40.7041, -6.6656, -40.1546, 0.2622, 169.75
502, 566, 58, 49, 1.0000, 1.2416, 1.2408, -0.0427, 1.0000, 248.57
502, 614, 13, 44, 0.8222, 1.4183, 0.9718, 1.0330, 0.5756, 228.86
502, 616, 41, 21, 1.0000, 13.3618, 11.5741, -6.6766, 1.0000, 227.67
502, 627, 23, 2, 0.6556, 21.4246, -12.6091, -17.3212, 0.2622, 212.50
502, 631, 108, 29, 0.6000, 34.5096, 33.6420, -7.6896, 0.1800, 181.33
502, 632, 3, 42, 0.6000, 0.9905, 0.9905, 0.0000, 0.1800, 227.33
502, 636, 21, 48, 0.6000, 22.4188, 19.2240, -11.5344, 0.1800, 203.33
502, 640, 23, 78, 0.6000, 12.3049, 7.7189, -9.5827, 0.1800, 181.33
502, 645, 8, 123, 0.6000, 42.6355, -39.3799, 16.3404, 0.1800, 193.67
502, 581, 106, 129, 0.8000, 2.2054, 1.9657, 0.9999, 0.8000, 230.38
503, 596, 113, 107, 1.0000, 1.9804, 1.7081, 1.0022, 1.0000, 164.21
503, 566, 60, 49, 1.0000, 1.7414, 1.7412, 0.0260, 1.0000, 248.68
503, 614, 13, 44, 0.8778, 0.3714, 0.2488, 0.2757, 0.7022, 231.75
503, 623, 16, 29, 0.6000, 45.9607, 15.3863, -43.3087, 0.1800, 192.33
503, 627, 4, 1, 0.7111, 18.6472, -18.4942, -2.3839, 0.3556, 214.00
503, 629, 75, 35, 0.6000, 10.1029, 3.8043, 9.3592, 0.1800, 198.67
503, 631, 129, 15, 0.6556, 25.9454, 22.0188, -13.7236, 0.2622, 170.75
503, 632, 4, 41, 0.7056, 1.2877, 1.0104, -0.7984, 0.2822, 231.25
503, 636, 27, 24, 0.6556, 24.3389, 6.7655, -23.3797, 0.2622, 204.00
503, 640, 49, 53, 0.6556, 33.8312, 24.0958, -23.7475, 0.2622, 189.75
503, 641, 69, 48, 0.6000, 63.0215, 47.7322, -41.1504, 0.1800, 202.67
503, 581, 108, 130, 0.7000, 2.2054, 1.9657, 0.9999, 0.7000, 230.38
503, 610, -7, 23, 0.5556, 40.7041, -6.6656, -40.1546, 0.2222, 169.75
503, 645, -31, 140, 0.5000, 42.6355, -39.3799, 16.3404, 0.1500, 193.67
504, 596, 113, 108, 1.0000, 1.1772, 0.6247, 0.9978, 1.0000, 163.98
504, 610, 10, 21, 0.7111, 19.3778, 7.3889, -17.9138, 0.3556, 177.00
504, 566, 62, 49, 1.0000, 2.0088, 2.0088, 0.0167, 1.0000, 248.33
504, 614, 14, 45, 0.9333, 1.0798, 0.7632, 0.7638, 0.8400, 233.67
504, 623, 27, 54, 0.6556, 21.4969, 10.8569, 18.5539, 0.2622, 192.50
504, 602, 87, 124, 0.6222, 7.5989, 7.5989, 0.0295, 0.3111, 144.90
504, 603, 28, 126, 0.5625, 45.4507, -45.3659, 2.7759, 0.2250, 130.75
504, 629, 83, 68, 0.6556, 31.4306, 8.1116, 30.3658, 0.2622, 194.50
504, 632, 15, 46, 0.7111, 11.7041, 10.7511, 4.6260, 0.3556, 228.00
504, 636, 22, 23, 0.7111, 5.0285, -4.3118, -2.5873, 0.3556, 213.60
504, 640, 57, 53, 0.7111, 9.8609, 9.7728, -1.3151, 0.3556, 193.20
504, 641, 112, 31, 0.6556, 47.2939, 42.9809, -19.7320, 0.2622, 182.75
504, 645, 0, 126, 0.6556, 1.4925, 1.0651, -1.0455, 0.2622, 181.75
504, 647, 21, 103, 0.6000, 34.2997, -33.2860, -8.2772, 0.1800, 155.33
504, 581, 110, 131, 0.6000, 2.2054, 1.9657, 0.9999, 0.6000, 230.38
504, 631, 151, 1, 0.5556, 25.9454, 22.0188, -13.7236, 0.2222, 170.75
505, 596, 114, 109, 1.0000, 1.2245, 0.7087, 0.9986, 1.0000, 164.65
505, 566, 64, 50, 1.0000, 2.1743, 2.0422, 0.7464, 1.0000, 248.01
505, 614, 14, 46, 0.9889, 1.0415, 0.2116, 1.0198, 0.9889, 235.40
505, 623, 52, 60, 0.7111, 25.2013, 24.2242, 6.9495, 0.3556, 192.70
505, 602, 72, 86, 0.6806, 40.3238, -15.2088, -37.3457, 0.4083, 151.08
505, 632, 23, 59, 0.7667, 14.1955, 7.3619, 12.1373, 0.4600, 222.67
505, 645, 16, 94, 0.7111, 34.0616, 15.5242, -30.3182, 0.3556, 181.00
505, 581, 112, 132, 0.5000, 2.2054, 1.9657, 0.9999, 0.5000, 230.38
505, 629, 91, 98, 0.5556, 31.4306, 8.1116, 30.3658, 0.2222, 194.50
505, 641, 155, 11, 0.5556, 47.2939, 42.9809, -19.7320, 0.2222, 182.75
505, 647, -13, 94, 0.5000, 34.2997, -33.2860, -8.2772, 0.1500, 155.33
506, 596, 115, 110, 1.0000, 1.3618, 0.9248, 0.9997, 1.0000, 165.49
506, 566, 65, 50, 1.0000, 1.3125, 1.2767, 0.3045, 1.0000, 248.18
506, 614, 14, 46, 1.0000, 0.2282, -0.0328, 0.2258, 1.0000, 236.82
506, 625, 7, 33, 0.6000, 36.7112, -20.1368, 30.6956, 0.1800, 204.33
506, 632, 11, 45, 0.8222, 16.0035, -10.4206, -12.1459, 0.5756, 223.29
506, 636, 15, 32, 0.8222, 4.9634, -2.5349, 4.2672, 0.5756, 224.29
506, 623, 76, 67, 0.6111, 25.2013, 24.2242, 6.9495, 0.3056, 192.70
507, 596, 115, 111, 1.0000, 1.0509, 0.3229, 1.0001, 1.0000, 165.73
507, 581, 112, 116, 1.0000, 2.8501, 1.2097, -2.5807, 1.0000, 223.50
507, 566, 64, 49, 1.0000, 0.8857, -0.5134, -0.7217, 1.0000, 246.33
507, 614, 14, 46, 1.0000, 0.0730, -0.0384, -0.0621, 1.0000, 235.88
507, 625, 5, 63, 0.6556, 30.0332, -4.0242, 29.7623, 0.2622, 200.25
507, 629, 74, 126, 0.7111, 17.6383, -5.9808, 16.5934, 0.3556, 184.80
507, 640, 55, 57, 0.8778, 7.1246, 3.8992, 5.9629, 0.7022, 199.25
508, 596, 117, 112, 1.0000, 1.6976, 1.3717, 1.0001, 1.0000, 167.15
508, 581, 92, 98, 1.0000, 27.4306, -20.6460, -18.0604, 1.0000, 219.25
508, 566, 67, 50, 1.0000, 2.5399, 2.5114, 0.3795, 1.0000, 245.53
508, 614, 15, 48, 1.0000, 1.7670, 0.8037, 1.5736, 1.0000, 237.19
508, 615, 31, 43, 0.6000, 48.9508, -46.7233, 14.5986, 0.1800, 200.67
508, 625, 1, 77, 0.7111, 15.6648, -3.6685, 15.2291, 0.3556, 195.80
509, 596, 118, 113, 1.0000, 1.6373, 1.2964, 1.0000, 1.0000, 168.04
509, 566, 70, 50, 1.0000, 2.6219, 2.6075, 0.2740, 1.0000, 245.77
509, 612, 39, 90, 1.0000, 13.1261, 8.8951, -9.6525, 1.0000, 186.57
509, 614, 16, 49, 1.0000, 1.7045, 1.0739, 1.3236, 1.0000, 238.32
509, 615, 7, 73, 0.6556, 38.7544, -25.8352, 28.8868, 0.2622, 195.00
509, 650, 42, 10, 0.6000, 42.2200, 21.1757, -36.5256, 0.1800, 207.00
510, 596, 119, 114, 1.0000, 1.4738, 1.0826, 1.0000, 1.0000, 168.22
510, 566, 72, 50, 1.0000, 2.1843, 2.1835, 0.0595, 1.0000, 245.03
510, 614, 13, 44, 1.0000, 5.5062, -2.9888, -4.6244, 1.0000, 235.83
510, 628, 3, 47, 0.6000, 4.1054, -2.9066, 2.8992, 0.1800, 237.00
510, 650, 31, -3, 0.6556, 17.4206, -7.9728, -15.4891, 0.2622, 214.75
510, 615, -19, 102, 0.5556, 38.7544, -25.8352, 28.8868, 0.2222, 195.00
511, 596, 120, 115, 1.0000, 1.4072, 0.9900, 1.0000, 1.0000, 169.47
511, 566, 74, 49, 1.0000, 2.1168, 1.9849, -0.7355, 1.0000, 244.87
511, 617, 20, 117, 0.6000, 67.5131, 3.9088, 67.3998, 0.1800, 203.33
511, 628, 4, 75, 0.6556, 25.4558, 0.1255, 25.4555, 0.2622, 222.75
511, 602, 1, 43, 1.0000, 1.6293, 1.6164, -0.2046, 1.0000, 185.38
511, 649, 44, 79, 0.6000, 38.0461, 21.2823, 31.5368, 0.1800, 200.67
511, 614, 10, 39, 0.9000, 5.5062, -2.9888, -4.6244, 0.9000, 235.83
511, 650, 23, -19, 0.5556, 17.4206, -7.9728, -15.4891, 0.2222, 214.75
512, 596, 121, 116, 1.0000, 1.4005, 0.9806, 1.0000, 1.0000, 170.06
512, 566, 75, 50, 1.0000, 1.3057, 1.2498, 0.3781, 1.0000, 243.81
512, 617, 17, 134, 0.6556, 21.7047, -2.3122, 21.5812, 0.2622, 198.75
512, 628, 21, 95, 0.7111, 26.4087, 16.6307, 20.5144, 0.3556, 215.20
512, 649, 51, 109, 0.6556, 31.5558, 7.8765, 30.5569, 0.2622, 196.75
512, 650, 22, 8, 0.7111, 10.0052, -4.2368, 9.0638, 0.3556, 214.60
513, 596, 122, 117, 1.0000, 1.4085, 0.9919, 1.0000, 1.0000, 170.72
513, 566, 77, 50, 1.0000, 1.6897, 1.6649, 0.2879, 1.0000, 243.49
513, 660, 84, 126, 0.6000, 9.0679, 4.8060, 7.6896, 0.1800, 121.67
513, 617, 15, 155, 0.5556, 21.7047, -2.3122, 21.5812, 0.2222, 198.75
513, 628, 38, 115, 0.6111, 26.4087, 16.6307, 20.5144, 0.3056, 215.20
513, 649, 59, 140, 0.5556, 31.5558, 7.8765, 30.5569, 0.2222, 196.75
514, 596, 123, 118, 1.0000, 1.4137, 0.9992, 1.0000, 1.0000, 171.25
514, 566, 79, 51, 1.0000, 2.1161, 1.9686, 0.7762, 1.0000, 243.20
514, 643, 62, 30, 0.6000, 67.5431, 0.9744, -67.5361, 0.1800, 175.00
514, 654, 17, 51, 0.6556, 9.2908, 3.8917, -8.4364, 0.2622, 212.25
514, 660, 115, 122, 0.6556, 29.1942, 29.0353, -3.0420, 0.2622, 111.00
514, 613, 12, 43, 0.5625, 9.0679, -4.8060, -7.6896, 0.2250, 233.92
515, 596, 124, 119, 1.0000, 1.4150, 1.0011, 1.0000, 1.0000, 172.41
515, 566, 80, 51, 1.0000, 1.3736, 1.3380, 0.3108, 1.0000, 242.54
515, 637, 32, 91, 0.6000, 68.3232, -60.9189, 30.9346, 0.1800, 171.50
515, 643, 21, -2, 0.6556, 51.2477, -37.3735, -35.0648, 0.2622, 184.50
515, 654, 18, 51, 0.7111, 1.9113, 1.6579, -0.9508, 0.3556, 214.07
515, 660, 128, 122, 0.7111, 13.2951, 13.2835, 0.5553, 0.3556, 104.00
515, 613, 11, 60, 0.6222, 14.2610, -1.0926, 14.2191, 0.3111, 227.93
516, 596, 125, 120, 1.0000, 1.4147, 1.0007, 1.0000, 1.0000, 174.19
516, 566, 82, 51, 1.0000, 1.6966, 1.6965, 0.0174, 1.0000, 242.85
516, 637, 31, 122, 0.6556, 31.9892, -7.0155, 31.2104, 0.2622, 164.62
516, 654, 40, 56, 0.7667, 20.9209, 20.3591, 4.8158, 0.4600, 213.06
516, 613, 52, 71, 0.6806, 39.4312, 37.6108, 11.8426, 0.4083, 221.11
516, 643, -17, -37, 0.5556, 51.2477, -37.3735, -35.0648, 0.2222, 184.50
516, 660, 141, 123, 0.6111, 13.2951, 13.2835, 0.5553, 0.3056, 104.00
517, 596, 125, 122, 1.0000, 1.6867, 0.3502, 1.6500, 1.0000, 173.88
517, 566, 84, 51, 1.0000, 1.9670, 1.9665, -0.0433, 1.0000, 242.40
517, 651, 21, 76, 0.6000, 48.6885, -41.9135, -24.7756, 0.1800, 160.33
517, 653, 18, 51, 0.6000, 39.3289, 10.4283, 37.9211, 0.1800, 223.33
517, 528, 98, 6, 0.5250, 25.0324, -24.9609, -1.8910, 0.3150, 121.83
517, 667, 7, 110, 0.6000, 71.2122, -69.4640, -15.6820, 0.1800, 144.67
517, 637, 24, 153, 0.5556, 31.9892, -7.0155, 31.2104, 0.2222, 164.62
517, 654, 60, 61, 0.6667, 20.9209, 20.3591, 4.8158, 0.4000, 213.06
518, 596, 127, 122, 1.0000, 1.4753, 1.2971, 0.7028, 1.0000, 173.97
518, 566, 86, 50, 1.0000, 2.1562, 2.0347, -0.7134, 1.0000, 241.54
518, 651, -2, 8, 0.6556, 69.1097, -24.6599, -64.5604, 0.2622, 175.50
518, 653, 12, 86, 0.6556, 36.1539, -4.6410, 35.8548, 0.2622, 210.25
518, 528, 21, 16, 0.5841, 73.0815, -72.5004, 9.1979, 0.4089, 135.00
518, 664, 75, 102, 0.6000, 54.5349, 52.1830, -15.8426, 0.1800, 148.33
518, 667, -63, 95, 0.5000, 71.2122, -69.4640, -15.6820, 0.1500, 144.67
519, 596, 127, 124, 1.0000, 1.5036, 0.6387, 1.3612, 1.0000, 171.82
519, 566, 88, 51, 1.0000, 2.0523, 2.0224, 0.3488, 1.0000, 240.58
519, 653, 1, 123, 0.7111, 38.1035, -10.8294, 36.5322, 0.3556, 199.60
519, 658, 17, 72, 0.6000, 37.1950, -35.3808, -11.4748, 0.1800, 182.33
519, 664, 88, 58, 0.6556, 45.0617, 16.6382, -41.8775, 0.2622, 159.75
519, 669, 50, 25, 0.6000, 38.1130, -37.3764, -7.4571, 0.1800, 193.33
519, 651, -26, -57, 0.5556, 69.1097, -24.6599, -64.5604, 0.2222, 175.50
520, 566, 89, 51, 1.0000, 1.3549, 1.3232, 0.2914, 1.0000, 239.65
520, 627, 108, 48, 1.0000, 0.2815, -0.1759, 0.2198, 1.0000, 197.03
520, 646, 51, 84, 0.6000, 38.6951, 29.2415, -25.3426, 0.1800, 165.00
520, 658, 3, 48, 0.6556, 27.7110, -15.7522, -22.7984, 0.2622, 187.00
520, 664, 115, 27, 0.7111, 40.4658, 25.5548, -31.3757, 0.3556, 157.00
520, 669, 7, 2, 0.6556, 48.1552, -42.8878, -21.8988, 0.2622, 202.25
520, 596, 128, 125, 0.9000, 1.5036, 0.6387, 1.3612, 0.9000, 171.82
521, 566, 91, 51, 1.0000, 1.6643, 1.6622, 0.0841, 1.0000, 238.84
521, 646, 83, 85, 0.6556, 31.4053, 31.3905, -0.9668, 0.2622, 162.25
521, 658, 10, 6, 0.7111, 41.0052, 5.9184, -40.5758, 0.3556, 192.60
521, 666, 34, 52, 0.6000, 71.6114, 8.5249, -71.1021, 0.1800, 173.00
521, 621, 21, 54, 0.5625, 18.9334, 7.6896, 17.3016, 0.2250, 214.50
521, 596, 128, 127, 0.8000, 1.5036, 0.6387, 1.3612, 0.8000, 171.82
521, 669, -36, -20, 0.5556, 48.1552, -42.8878, -21.8988, 0.2222, 202.25
522, 566, 93, 51, 1.0000, 1.9483, 1.9483, -0.0084, 1.0000, 238.27
522, 666, 26, 6, 0.6556, 49.3342, -6.7096, -48.8758, 0.2622, 182.50
522, 621, 36, 67, 0.6222, 19.3021, 14.5220, 12.7154, 0.3111, 213.60
522, 596, 129, 128, 0.7000, 1.5036, 0.6387, 1.3612, 0.7000, 171.82
522, 646, 114, 84, 0.5556, 31.4053, 31.3905, -0.9668, 0.2222, 162.25
523, 596, 119, 124, 1.0000, 2.7157, -2.7020, -0.2718, 1.0000, 169.91
523, 566, 95, 51, 1.0000, 2.0329, 2.0328, -0.0189, 1.0000, 237.31
523, 621, 42, 64, 0.6806, 6.9566, 6.8099, -1.4213, 0.4083, 211.17
523, 666, 20, -43, 0.5556, 49.3342, -6.7096, -48.8758, 0.2222, 182.50
524, 596, 89, 101, 1.0000, 32.3866, -25.8479, -19.5135, 1.0000, 169.01
524, 566, 105, 48, 1.0000, 9.0852, 8.6836, -2.6713, 1.0000, 235.23
524, 679, 10, 21, 0.6000, 38.7050, -27.8162, -26.9136, 0.1800, 221.00
524, 682, 3, 105, 0.6000, 25.9702, 0.9612, 25.9524, 0.1800, 171.33
525, 566, 116, 40, 1.0000, 12.6346, 10.7321, -6.6674, 1.0000, 233.09
525, 633, 33, 1, 0.6000, 47.3837, -5.8768, -47.0179, 0.1800, 207.33
525, 652, 39, 70, 0.6000, 59.8640, 32.0755, -50.5456, 0.1800, 176.00
525, 671, 99, 51, 0.6000, 1.8741, 1.8741, -0.0073, 0.1800, 203.33
525, 676, 43, 48, 0.6000, 38.4060, -38.0021, -5.5556, 0.1800, 212.33
525, 682, 15, 115, 0.6556, 15.6298, 10.5972, 11.4886, 0.2622, 171.25
525, 679, -18, -6, 0.5000, 38.7050, -27.8162, -26.9136, 0.1500, 221.00
526, 566, 124, 35, 1.0000, 9.7548, 7.9724, -5.6212, 1.0000, 230.77
526, 633, 10, 11, 0.6556, 21.7560, -21.2515, 4.6577, 0.2622, 207.75
526, 652, 81, 30, 0.6556, 58.0168, 40.9037, -41.1441, 0.2622, 178.50
526, 671, 102, 50, 0.7056, 2.9986, 2.8907, -0.7973, 0.2822, 195.12
526, 676, 9, 25, 0.6556, 40.2403, -33.9768, -21.5605, 0.2622, 210.00
526, 682, 24, 119, 0.7111, 10.6405, 9.6641, 4.4525, 0.3556, 167.20
526, 687, 117, 94, 0.6000, 59.8124, -4.7474, 59.6237, 0.1800, 126.50
527, 566, 127, 35, 1.0000, 4.3190, 4.1878, -1.0564, 1.0000, 228.42
527, 671, 103, 51, 0.7611, 1.5844, 1.4802, 0.5651, 0.3806, 201.70
527, 672, 100, 38, 0.6000, 20.3327, -15.2948, -13.3974, 0.1800, 140.33
527, 689, 42, 52, 0.6000, 57.9969, -1.8718, -57.9667, 0.1800, 187.00
527, 633, -11, 16, 0.5556, 21.7560, -21.2515, 4.6577, 0.2222, 207.75
527, 652, 122, -12, 0.5556, 58.0168, 40.9037, -41.1441, 0.2222, 178.50
527, 676, -25, 4, 0.5556, 40.2403, -33.9768, -21.5605, 0.2222, 210.00
527, 682, 34, 124, 0.6111, 10.6405, 9.6641, 4.4525, 0.3056, 167.20
527, 687, 112, 154, 0.5000, 59.8124, -4.7474, 59.6237, 0.1500, 126.50
528, 566, 127, 36, 1.0000, 0.8717, 0.7361, 0.4668, 1.0000, 226.65
528, 671, 104, 51, 0.8167, 0.9487, 0.9047, 0.2856, 0.4900, 199.33
528, 672, 108, 42, 0.6556, 6.3778, 5.9160, 2.3827, 0.2622, 140.75
528, 621, 21, 78, 0.9083, 1.0091, 0.9895, 0.1977, 0.9083, 208.80
528, 689, 78, 27, 0.6556, 43.2930, 32.4249, -28.6864, 0.2622, 187.00
529, 566, 125, 36, 1.0000, 1.1223, -1.0352, 0.4337, 1.0000, 224.51
529, 619, 75, 62, 0.5625, 25.1022, 1.9283, 25.0280, 0.2250, 189.00
529, 671, 106, 51, 0.8722, 1.7180, 1.7180, 0.0171, 0.6106, 200.86
529, 672, 121, 44, 0.7111, 12.8455, 12.6251, 2.3695, 0.3556, 132.20
529, 541, 122, 126, 0.5250, 50.4738, 50.2528, 4.7182, 0.3150, 139.83
529, 689, 110, -2, 0.5556, 43.2930, 32.4249, -28.6864, 0.2222, 187.00
530, 566, 117, 39, 1.0000, 7.5833, -7.2799, 2.1237, 1.0000, 222.41
530, 619, 74, 119, 0.6222, 53.9356, -0.3470, 53.9345, 0.3111, 187.80
530, 671, 108, 51, 0.9278, 2.0526, 2.0524, -0.0319, 0.7422, 198.88
531, 655, 7, 28, 0.6000, 44.0098, 0.9778, -43.9989, 0.1800, 191.33
531, 671, 110, 51, 0.9833, 2.0543, 2.0543, -0.0127, 0.8850, 199.44
531, 682, 2, 76, 0.9333, 17.4980, -8.5989, -15.2394, 0.8400, 166.67
531, 619, 74, 173, 0.5222, 53.9356, -0.3470, 53.9345, 0.2611, 187.80
532, 655, 26, -1, 0.6556, 35.0196, 16.9742, -30.6309, 0.2622, 198.50
532, 671, 112, 50, 1.0000, 2.1640, 2.0112, -0.7990, 1.0000, 199.50
532, 673, 69, 37, 0.6000, 55.2232, 41.3804, 36.5687, 0.1800, 227.67
532, 686, 48, 0, 0.6000, 34.0469, 33.9268, -2.8560, 0.1800, 214.00
533, 655, 44, 5, 0.7111, 18.3947, 18.1191, 3.1720, 0.3556, 201.80
533, 570, 95, 109, 0.5400, 79.0622, -17.5622, 77.0870, 0.2700, 121.80
533, 671, 114, 50, 1.0000, 2.0146, 1.9965, -0.2694, 1.0000, 197.00
533, 673, 116, 83, 0.6556, 64.5614, 46.6115, 44.6716, 0.2622, 194.00
533, 674, 6, 9, 0.6000, 3.0429, 2.8880, 0.9584, 0.1800, 218.33
533, 686, 112, 35, 0.6556, 69.0836, 61.5217, 31.4265, 0.2622, 193.50
533, 642, 32, 88, 0.5625, 33.6969, 1.9224, -33.6420, 0.2250, 155.25
534, 570, 30, 132, 0.6000, 66.3378, -59.8467, 28.6194, 0.3600, 126.50
534, 671, 117, 50, 1.0000, 2.7877, 2.7876, 0.0151, 1.0000, 194.50
534, 674, 20, 51, 0.6556, 40.6534, 12.6826, 38.6244, 0.2622, 215.25
534, 642, 32, 79, 0.6222, 11.6483, 0.4370, -11.6401, 0.3111, 161.40
534, 527, 87, 24, 0.5143, 6.5528, 2.9422, -5.8552, 0.3600, 168.00
534, 691, 99, 103, 0.6000, 2.7187, 1.9224, 1.9224, 0.1800, 116.67
534, 673, 163, 127, 0.5556, 64.5614, 46.6115, 44.6716, 0.2222, 194.00
534, 686, 173, 66, 0.5556, 69.0836, 61.5217, 31.4265, 0.2222, 193.50
535, 665, 7, 89, 0.6000, 81.0166, -74.3135, -32.2677, 0.1800, 137.67
535, 671, 119, 50, 1.0000, 2.2768, 2.2764, 0.0420, 1.0000, 193.38
535, 674, 47, 104, 0.7111, 57.9399, 26.3082, 51.6227, 0.3556, 203.40
535, 642, 40, 71, 0.6806, 10.4922, 7.2108, -7.6218, 0.4083, 168.50
535, 527, 50, 11, 0.5722, 35.9206, -33.6871, -12.4686, 0.4578, 173.88
535, 691, 100, 104, 0.7056, 1.7471, 1.2354, 1.2354, 0.2822, 122.25
535, 570, -30, 161, 0.5000, 66.3378, -59.8467, 28.6194, 0.3000, 126.50
536, 665, -5, 37, 0.6556, 53.5527, -18.2908, -50.3323, 0.2622, 154.25
536, 671, 121, 50, 1.0000, 1.9900, 1.9900, 0.0129, 1.0000, 191.86
536, 527, 6, 26, 0.6296, 44.4475, -42.4744, 13.0960, 0.5667, 176.89
536, 691, 99, 111, 0.7111, 6.6790, -0.6641, 6.6459, 0.3556, 117.80
537, 671, 124, 50, 1.0000, 2.7354, 2.7354, -0.0012, 1.0000, 189.23
537, 691, 84, 125, 0.7667, 19.4572, -14.1762, 13.3273, 0.4600, 123.50
537, 644, 3, 100, 0.5625, 1.9517, 1.9517, 0.0000, 0.2250, 208.75
537, 694, 15, 38, 0.6000, 19.8156, -19.2240, 4.8060, 0.1800, 201.33
537, 665, -24, -14, 0.5556, 53.5527, -18.2908, -50.3323, 0.2222, 154.25
538, 671, 125, 50, 1.0000, 1.4982, 1.4982, -0.0022, 1.0000, 186.91
538, 691, 81, 128, 0.8222, 5.5557, -3.6356, 4.2009, 0.5756, 129.57
538, 644, 4, 100, 0.6722, 1.2289, 1.2289, 0.0000, 0.3361, 209.80
538, 694, 8, 35, 0.6556, 7.8502, -7.5639, -2.1008, 0.2622, 201.50
539, 585, 30, 110, 0.5400, 67.0201, -26.4046, 61.5995, 0.2700, 200.60
539, 671, 127, 50, 1.0000, 1.7090, 1.7090, -0.0007, 1.0000, 184.74
539, 626, 66, 81, 0.5625, 56.0466, 16.5527, 53.5465, 0.2250, 190.50
539, 691, 83, 128, 0.8778, 1.5700, 1.5153, -0.4109, 0.7022, 136.62
539, 644, 1, 92, 0.6806, 7.9427, -3.1064, -7.3101, 0.4083, 202.33
539, 694, 16, 26, 0.7111, 10.7392, 6.5011, -8.5478, 0.3556, 201.40
540, 585, 7, 109, 0.6000, 23.8653, -23.4807, 4.2673, 0.3600, 198.50
540, 626, 50, 94, 0.6222, 21.2804, -13.7945, 16.2038, 0.3111, 188.20
540, 691, 106, 124, 0.9333, 21.4823, 21.2546, -3.1198, 0.8400, 131.11
540, 644, 2, 72, 0.7381, 19.4272, 1.2815, -19.3849, 0.5167, 199.57
540, 659, 2, 99, 0.5625, 11.2362, -1.8760, 11.0784, 0.2250, 179.00
540, 697, 13, 63, 0.6000, 19.4968, 1.8760, 19.4063, 0.1800, 193.33
540, 671, 129, 50, 0.9000, 1.7090, 1.7090, -0.0007, 0.9000, 184.74
541, 671, 126, 46, 1.0000, 2.3200, -0.7093, -2.2089, 1.0000, 179.42
541, 659, 7, 101, 0.6222, 5.2188, 4.3630, 2.8635, 0.3111, 181.40
541, 697, 30, 73, 0.6556, 19.4576, 15.7426, 11.4353, 0.2622, 193.50
541, 662, 62, 51, 0.5625, 72.1696, -42.9919, -57.9667, 0.2250, 131.25
541, 585, -17, 113, 0.5000, 23.8653, -23.4807, 4.2673, 0.3000, 198.50
541, 626, 36, 110, 0.5222, 21.2804, -13.7945, 16.2038, 0.2611, 188.20
541, 644, 4, 53, 0.6381, 19.4272, 1.2815, -19.3849, 0.4467, 199.57
542, 585, 1, 121, 0.6587, 6.5314, 0.6500, 6.4990, 0.4611, 191.14
542, 671, 119, 44, 1.0000, 6.8802, -6.5288, -2.1709, 1.0000, 177.08
542, 626, 32, 96, 0.6806, 8.1938, -8.0684, -1.4283, 0.4083, 186.50
542, 644, 5, 69, 0.7951, 2.0769, 1.3656, 1.5648, 0.6361, 198.75
542, 659, 10, 101, 0.6806, 3.2475, 3.2131, -0.4716, 0.4083, 178.67
542, 697, 37, 66, 0.7111, 10.0150, 7.9191, -6.1310, 0.3556, 204.60
542, 662, 50, 26, 0.6222, 32.1830, -14.5888, -28.6864, 0.3111, 155.40
543, 671, 118, 45, 1.0000, 1.6416, -1.6233, 0.2447, 1.0000, 174.53
543, 624, 107, 113, 0.5625, 29.9179, 29.3368, 5.8681, 0.2250, 129.12
543, 635, 78, 96, 0.5625, 11.4648, -0.0151, 11.4648, 0.2250, 154.00
543, 648, 60, 46, 0.5625, 46.3767, 36.7647, 28.2693, 0.2250, 218.00
543, 659, 11, 100, 0.7381, 1.3707, 1.2651, -0.5276, 0.5167, 178.86
543, 662, 35, -3, 0.5222, 32.1830, -14.5888, -28.6864, 0.2611, 155.40
544, 671, 119, 45, 1.0000, 1.1296, 1.0550, 0.4037, 1.0000, 172.07
544, 624, 114, 102, 0.6222, 12.7539, 8.9818, -9.0548, 0.3111, 126.90
544, 635, 74, 68, 0.6222, 24.6682, -3.1939, -24.4606, 0.3111, 164.60
544, 639, 29, 118, 0.5625, 29.1267, -27.8171, 8.6355, 0.2250, 170.00
544, 648, 114, 70, 0.6222, 57.7948, 52.5898, 23.9697, 0.3111, 196.40
544, 694, 38, 70, 0.9889, 1.2567, 1.2389, -0.2109, 0.9889, 220.00
544, 659, 12, 100, 0.7951, 0.8009, 0.7937, -0.1068, 0.6361, 182.38
544, 697, 37, 64, 0.8222, 0.0899, -0.0892, -0.0112, 0.5756, 209.21
545, 688, 78, 59, 0.6000, 55.6268, 20.4912, -51.7151, 0.1800, 171.00
545, 659, 14, 100, 0.8519, 1.7110, 1.7107, 0.0353, 0.7667, 185.22
545, 698, 38, 55, 0.6000, 39.3692, 27.3628, 28.3057, 0.1800, 197.67
545, 705, 21, 80, 0.6000, 14.1105, 14.0801, -0.9256, 0.1800, 180.83
545, 671, 121, 45, 0.9000, 1.1296, 1.0550, 0.4037, 0.9000, 172.07
545, 624, 123, 93, 0.5222, 12.7539, 8.9818, -9.0548, 0.2611, 126.90
545, 635, 71, 44, 0.5222, 24.6682, -3.1939, -24.4606, 0.2611, 164.60
545, 648, 166, 94, 0.5222, 57.7948, 52.5898, 23.9697, 0.2611, 196.40
546, 671, 123, 46, 1.0000, 1.9074, 1.8332, 0.5267, 1.0000, 170.39
546, 624, 124, 117, 0.6806, 11.1494, 4.4302, 10.2315, 0.4083, 119.58
546, 688, 81, 51, 0.6556, 12.5902, 4.6376, -11.7049, 0.2622, 181.75
546, 635, 28, 18, 0.6806, 36.6913, -26.5785, -25.2951, 0.4083, 173.50
546, 639, 14, 121, 0.6222, 4.8768, -4.7916, 0.9076, 0.3111, 166.60
546, 698, 95, 89, 0.6556, 63.7781, 54.2213, 33.5811, 0.2622, 177.25
546, 705, 23, 57, 0.6556, 21.3207, 2.7597, -21.1414, 0.2622, 185.62
546, 712, 20, 74, 0.6000, 48.6333, 15.3792, -46.1376, 0.1800, 170.33
546, 713, 54, 87, 0.6000, 51.0885, 38.4480, -33.6420, 0.1800, 168.00
546, 659, 16, 100, 0.7519, 1.7110, 1.7107, 0.0353, 0.6767, 185.22
547, 639, 14, 121, 0.6806, 0.3981, 0.3288, -0.2244, 0.4083, 164.17
547, 659, 16, 101, 0.9083, 1.1430, 0.9865, 0.5773, 0.9083, 186.40
547, 705, 18, 58, 0.7111, 4.1851, -4.1120, -0.7788, 0.3556, 189.90
547, 712, 28, 19, 0.6556, 55.1524, 9.0849, -54.3990, 0.2622, 182.25
547, 688, 86, 39, 0.5556, 12.5902, 4.6376, -11.7049, 0.2222, 181.75
547, 698, 149, 123, 0.5556, 63.7781, 54.2213, 33.5811, 0.2222, 177.25
547, 713, 92, 53, 0.5000, 51.0885, 38.4480, -33.6420, 0.1500, 168.00
548, 688, 86, 24, 0.7111, 13.9117, 1.9972, -13.7676, 0.3556, 180.60
548, 659, 18, 101, 0.9646, 1.8008, 1.7966, 0.1224, 0.9646, 190.27
548, 699, 53, 94, 0.6000, 18.8352, -7.6600, -17.2072, 0.1800, 147.67
548, 713, 91, 53, 0.6556, 21.4527, 15.7587, -14.5562, 0.2622, 171.00
548, 608, 117, 117, 0.5400, 2.1628, 1.9517, -0.9319, 0.2700, 93.30
548, 712, 37, -35, 0.5556, 55.1524, 9.0849, -54.3990, 0.2222, 182.25
549, 659, 19, 101, 1.0000, 1.2503, 1.2499, -0.0338, 1.0000, 190.17
549, 657, 29, 6, 0.5625, 70.2800, 17.2711, -68.1248, 0.2250, 187.00
549, 699, 39, 92, 0.6556, 14.2578, -13.8567, -3.3581, 0.2622, 156.50
549, 704, 62, 110, 0.6000, 54.5289, 43.0457, 33.4733, 0.1800, 166.83
549, 714, 0, 88, 0.6000, 35.3173, -2.8169, -35.2047, 0.1800, 178.33
549, 608, 119, 119, 0.6500, 2.4477, 2.0272, 1.3717, 0.3900, 91.25
549, 716, 28, 19, 0.6000, 22.6370, 19.6544, -11.2311, 0.1800, 209.33
549, 688, 88, 10, 0.6111, 13.9117, 1.9972, -13.7676, 0.3056, 180.60
549, 713, 107, 38, 0.5556, 21.4527, 15.7587, -14.5562, 0.2222, 171.00
550, 714, 3, 57, 0.6556, 30.9552, 2.5197, -30.8525, 0.2622, 182.50
550, 608, 120, 119, 0.7087, 1.3173, 1.2021, 0.5388, 0.4961, 89.07
550, 715, 27, 1, 0.6000, 8.2198, 7.3265, -3.7266, 0.1800, 215.00
550, 688, 90, -3, 0.5111, 13.9117, 1.9972, -13.7676, 0.2556, 180.60
550, 659, 20, 101, 0.9000, 1.2503, 1.2499, -0.0338, 0.9000, 190.17
550, 699, 25, 89, 0.5556, 14.2578, -13.8567, -3.3581, 0.2222, 156.50
550, 704, 105, 144, 0.5000, 54.5289, 43.0457, 33.4733, 0.1500, 166.83
550, 716, 47, 7, 0.5000, 22.6370, 19.6544, -11.2311, 0.1500, 209.33
551, 659, 22, 101, 1.0000, 1.4855, 1.4854, -0.0094, 1.0000, 188.62
551, 699, 1, 86, 0.7111, 19.8844, -19.6708, -2.9068, 0.3556, 176.20
551, 714, 14, 26, 0.7111, 32.8273, 10.0575, -31.2486, 0.3556, 184.80
551, 608, 122, 119, 0.7667, 1.7415, 1.7415, -0.0081, 0.6133, 88.94
551, 717, 57, 100, 0.6000, 73.1514, -69.3858, -23.1677, 0.1800, 112.00
551, 715, 35, -2, 0.5000, 8.2198, 7.3265, -3.7266, 0.1500, 215.00
552, 659, 23, 101, 1.0000, 1.0918, 1.0918, -0.0003, 1.0000, 189.00
552, 608, 125, 117, 0.8241, 3.2941, 2.8285, -1.6884, 0.7417, 87.94
552, 715, 14, 34, 0.6556, 21.3218, -8.9386, 19.3577, 0.2622, 214.75
552, 716, 70, 7, 0.6556, 12.8981, 12.7193, -2.1398, 0.2622, 203.50
552, 717, 3, 55, 0.6556, 69.8890, -55.0822, -43.0165, 0.2622, 136.00
553, 659, 24, 101, 1.0000, 0.9681, 0.9681, 0.0011, 1.0000, 187.60
553, 670, 40, 85, 0.5625, 77.4223, -49.2828, 59.7111, 0.2250, 174.50
553, 608, 127, 117, 0.8811, 2.3713, 2.3059, -0.5530, 0.8811, 86.55
553, 715, 9, 59, 0.7111, 25.6438, -4.7573, 25.1986, 0.3556, 206.60
553, 716, 20, 27, 0.7111, 52.6672, -48.7663, 19.8918, 0.3556, 204.40
553, 717, -52, 12, 0.5556, 69.8890, -55.0822, -43.0165, 0.2222, 136.00
554, 659, 25, 101, 0.9000, 0.9681, 0.9681, 0.0011, 0.9000, 187.60
554, 608, 129, 116, 0.7811, 2.3713, 2.3059, -0.5530, 0.7811, 86.55
555, 659, 27, 102, 1.0000, 1.6600, 1.5602, 0.5669, 1.0000, 188.50
555, 681, 44, 122, 0.5625, 22.5448, 0.9965, 22.5228, 0.2250, 173.50
555, 608, 132, 116, 0.6811, 2.3713, 2.3059, -0.5530, 0.6811, 86.55
556, 659, 29, 102, 1.0000, 1.9581, 1.9540, 0.1267, 1.0000, 187.53
556, 681, 63, 129, 0.6222, 19.8528, 17.8498, 8.6901, 0.3111, 166.20
556, 684, 72, 116, 0.5625, 0.9003, 0.9000, 0.0253, 0.2250, 139.75
556, 608, 134, 115, 0.5811, 2.3713, 2.3059, -0.5530, 0.5811, 86.55
557, 659, 30, 102, 1.0000, 1.2399, 1.2395, -0.0301, 1.0000, 187.56
557, 681, 81, 138, 0.5222, 19.8528, 17.8498, 8.6901, 0.2611, 166.20
558, 659, 32, 102, 1.0000, 1.7508, 1.7506, -0.0266, 1.0000, 188.53
558, 678, 78, 62, 0.5625, 38.3036, -11.5344, 36.5256, 0.2250, 176.50
558, 723, 46, 102, 0.6000, 1.4008, 0.9905, 0.9905, 0.1800, 178.33
558, 725, 19, 92, 0.6000, 17.3283, 5.7672, -16.3404, 0.1800, 171.33
559, 659, 33, 102, 1.0000, 1.2264, 1.2264, -0.0051, 1.0000, 188.00
559, 678, 46, 80, 0.6222, 36.6806, -30.5650, 20.2793, 0.3111, 178.20
559, 683, 49, 6, 0.5625, 45.5106, 36.5314, -27.1418, 0.2250, 209.50
559, 720, 47, 72, 0.7056, 1.1244, 0.7918, 0.7984, 0.2822, 250.25
559, 723, 47, 103, 0.7056, 1.4289, 1.0104, 1.0104, 0.2822, 174.12
559, 725, 21, 88, 0.6556, 5.3689, 2.9079, -4.5132, 0.2622, 181.25
560, 659, 38, 101, 1.0000, 4.9693, 4.9070, -0.7842, 1.0000, 186.90
560, 684, 95, 123, 0.6222, 7.5754, 7.2308, 2.2588, 0.3111, 131.80
560, 678, 32, 103, 0.6806, 26.9455, -15.3727, 22.1301, 0.4083, 178.92
560, 683, 46, 11, 0.6222, 2.9730, 0.1133, 2.9708, 0.3111, 208.20
560, 720, 48, 72, 0.7611, 1.0826, 1.0540, 0.2474, 0.3806, 251.20
560, 723, 47, 103, 0.7611, 0.2717, 0.1921, 0.1921, 0.3806, 169.90
560, 725, 21, 89, 0.7111, 0.6282, 0.1969, 0.5965, 0.3556, 187.20
561, 659, 48, 104, 1.0000, 9.8173, 9.3950, 2.8485, 1.0000, 185.95
561, 720, 48, 73, 0.8167, 0.8197, 0.2328, 0.7860, 0.4900, 251.00
561, 723, 51, 107, 0.8167, 5.6398, 3.9879, 3.9879, 0.4900, 166.92
561, 726, 75, 117, 0.6000, 69.0764, 52.4724, 44.9244, 0.1800, 172.67
561, 684, 102, 125, 0.5222, 7.5754, 7.2308, 2.2588, 0.2611, 131.80
561, 678, 16, 125, 0.5806, 26.9455, -15.3727, 22.1301, 0.3483, 178.92
561, 683, 46, 14, 0.5222, 2.9730, 0.1133, 2.9708, 0.2611, 208.20
561, 725, 22, 90, 0.6111, 0.6282, 0.1969, 0.5965, 0.3056, 187.20
562, 659, 51, 106, 1.0000, 3.9831, 3.4919, 1.9161, 1.0000, 185.09
562, 684, 89, 110, 0.6806, 8.9521, -4.7756, -7.5719, 0.4083, 129.00
562, 683, 28, 6, 0.6806, 11.1182, -10.5503, -3.5078, 0.4083, 209.33
562, 720, 49, 73, 0.8722, 0.7773, 0.7450, 0.2216, 0.6106, 250.86
562, 723, 61, 118, 0.8222, 13.8316, 9.3662, 10.1778, 0.5756, 162.93
562, 725, 8, 87, 0.7667, 7.7854, -7.6729, -1.3185, 0.4600, 198.50
562, 726, 97, 129, 0.6556, 28.6355, 24.8546, 14.2211, 0.2622, 155.00
563, 702, 9, 40, 0.6000, 23.2820, 8.8131, 21.5494, 0.1800, 218.00
563, 690, 11, 96, 0.5625, 50.4917, -40.1670, -30.5945, 0.2250, 139.75
563, 630, 86, 17, 0.5400, 12.3454, -1.8512, -12.2058, 0.2700, 171.00
563, 720, 50, 73, 0.9278, 1.0176, 1.0172, -0.0306, 0.7422, 251.38
563, 659, 55, 108, 0.9000, 3.9831, 3.4919, 1.9161, 0.9000, 185.09
563, 723, 70, 128, 0.7222, 13.8316, 9.3662, 10.1778, 0.5056, 162.93
563, 726, 122, 143, 0.5556, 28.6355, 24.8546, 14.2211, 0.2222, 155.00
564, 659, 52, 108, 1.0000, 0.8094, 0.1179, 0.8008, 1.0000, 184.00
564, 702, 6, 11, 0.6556, 24.7813, -2.0177, -24.6990, 0.2622, 218.75
564, 690, 0, 30, 0.6222, 64.1483, -13.6986, -62.6686, 0.3111, 152.00
564, 630, 75, 14, 0.6000, 10.8567, -10.1358, -3.8900, 0.3600, 173.00
564, 720, 51, 74, 0.9833, 1.2874, 1.0396, 0.7593, 0.8850, 251.56
564, 723, 82, 123, 0.8778, 10.6203, 10.5843, 0.8727, 0.7022, 157.19
565, 659, 53, 108, 1.0000, 0.6427, 0.6347, 0.1007, 1.0000, 183.00
565, 720, 51, 74, 1.0000, 0.3397, 0.2165, 0.2617, 1.0000, 251.90
565, 722, 30, 73, 0.6000, 46.6401, -41.7279, -20.8346, 0.1800, 170.67
565, 702, 4, -14, 0.5556, 24.7813, -2.0177, -24.6990, 0.2222, 218.75
565, 690, -14, -33, 0.5222, 64.1483, -13.6986, -62.6686, 0.2611, 152.00
565, 630, 65, 10, 0.5000, 10.8567, -10.1358, -3.8900, 0.3000, 173.00
566, 659, 54, 109, 1.0000, 1.2165, 0.9901, 0.7068, 1.0000, 182.27
566, 630, 55, 7, 0.6587, 10.6481, -10.1234, -3.3012, 0.4611, 177.00
566, 720, 52, 74, 1.0000, 0.7246, 0.7245, -0.0124, 1.0000, 250.50
566, 722, 9, 37, 0.6556, 41.4033, -22.3420, -34.8578, 0.2622, 178.50
567, 659, 60, 115, 1.0000, 8.0473, 5.7048, 5.6758, 1.0000, 180.85
567, 630, 34, 31, 0.7167, 30.9768, -20.8813, 22.8809, 0.5733, 180.75
567, 720, 53, 75, 1.0000, 1.2559, 1.0103, 0.7460, 1.0000, 250.88
567, 722, -2, 0, 0.7111, 38.4694, -11.5824, -36.6844, 0.3556, 192.60
568, 659, 81, 115, 1.0000, 19.8166, 19.8122, 0.4160, 1.0000, 178.50
568, 708, 21, 32, 0.6000, 11.9460, 6.8519, -9.7856, 0.1800, 204.00
568, 720, 53, 75, 1.0000, 0.3728, 0.2599, 0.2672, 1.0000, 250.73
569, 659, 87, 97, 1.0000, 17.7205, 7.1974, -16.1931, 1.0000, 177.07
569, 708, 31, 48, 0.6556, 16.7278, 9.5103, 13.7613, 0.2622, 202.75
569, 720, 54, 76, 1.0000, 1.0620, 0.7310, 0.7704, 1.0000, 250.11
569, 696, 14, 69, 0.5625, 53.5579, 4.7402, 53.3477, 0.2250, 201.25
570, 720, 55, 76, 1.0000, 1.0345, 1.0050, 0.2453, 1.0000, 248.37
570, 696, 81, 125, 0.6222, 83.3275, 62.0779, 55.5861, 0.3111, 185.20
570, 739, 102, 38, 0.6000, 58.1611, 7.7482, -57.6427, 0.1800, 143.33
570, 742, 92, 117, 0.6000, 0.9319, 0.0000, -0.9319, 0.1800, 105.67
570, 708, 40, 62, 0.5556, 16.7278, 9.5103, 13.7613, 0.2222, 202.75
571, 720, 56, 76, 1.0000, 1.0401, 1.0399, -0.0176, 1.0000, 246.75
571, 695, 42, 6, 0.5625, 11.9574, -9.2986, -7.5177, 0.2250, 205.25
571, 739, 94, 18, 0.6556, 24.3132, -6.2485, -23.4966, 0.2622, 148.50
571, 742, 94, 120, 0.7056, 2.6942, 1.5967, 2.1700, 0.2822, 108.25
571, 743, 90, 125, 0.6000, 45.1748, 40.3997, 20.2145, 0.1800, 153.00
571, 745, 11, 78, 0.6000, 50.7525, -16.3111, -48.0600, 0.1800, 178.50
571, 696, 143, 180, 0.5222, 83.3275, 62.0779, 55.5861, 0.2611, 185.20
572, 708, 95, 121, 0.7111, 36.3402, 24.5158, 26.8252, 0.3556, 182.20
572, 720, 56, 77, 1.0000, 0.7649, 0.2497, 0.7230, 1.0000, 247.06
572, 700, 96, 50, 0.5625, 73.3743, 71.2494, 17.5303, 0.2250, 194.50
572, 742, 93, 125, 0.7111, 5.6685, -0.3175, 5.6596, 0.3556, 109.40
572, 743, 126, 123, 0.6556, 36.3163, 36.3157, -0.2077, 0.2622, 132.50
572, 745, 9, 70, 0.6556, 11.3104, -2.9231, -10.9261, 0.2622, 194.88
572, 739, 88, -6, 0.5556, 24.3132, -6.2485, -23.4966, 0.2222, 148.50
573, 720, 57, 77, 1.0000, 0.7598, 0.7064, 0.2799, 1.0000, 246.11
573, 695, 8, 22, 0.6222, 20.4109, -17.6927, 10.1770, 0.3111, 206.00
573, 742, 95, 128, 0.8167, 2.6787, 1.3125, 2.3352, 0.4900, 107.75
573, 743, 130, 120, 0.7111, 6.8088, 6.3204, -2.5323, 0.3556, 120.20
573, 745, 17, 43, 0.7111, 27.0316, 7.5835, -25.9460, 0.3556, 193.50
574, 720, 58, 78, 1.0000, 1.2519, 0.9948, 0.7600, 1.0000, 246.47
574, 722, 7, 0, 1.0000, 0.9546, 0.9545, 0.0156, 1.0000, 223.42
574, 727, 26, 31, 0.6000, 14.3428, -9.6480, -10.6128, 0.1800, 208.00
574, 728, 15, 77, 0.6000, 39.0386, -25.0816, 29.9152, 0.1800, 211.50
574, 695, 16, 41, 0.6806, 19.6190, 6.7549, 18.4195, 0.4083, 205.00
574, 742, 96, 127, 0.8722, 1.2731, 1.2731, 0.0030, 0.6106, 107.21
575, 720, 58, 78, 1.0000, 0.3881, 0.2891, 0.2589, 1.0000, 246.30
575, 727, 4, 7, 0.6556, 31.6717, -21.4635, -23.2899, 0.2622, 210.00
575, 728, 52, 117, 0.6556, 49.7691, 30.8971, 39.0170, 0.2622, 194.25
575, 736, 36, 29, 0.6000, 59.1059, -59.0396, 2.7999, 0.1800, 177.00
575, 742, 97, 124, 0.9278, 2.9344, 1.0463, -2.7415, 0.7422, 108.94
575, 663, 57, 105, 0.5400, 1.0198, 1.0198, 0.0000, 0.2700, 169.63
576, 720, 59, 79, 1.0000, 1.0290, 0.7162, 0.7389, 1.0000, 245.52
576, 728, 92, 126, 0.7111, 41.1010, 39.4029, 11.6922, 0.3556, 177.60
576, 736, 26, 28, 0.6556, 14.2516, -14.2242, -0.8844, 0.2622, 184.25
576, 706, 17, 77, 0.5625, 13.8136, 13.5154, 2.8543, 0.2250, 190.50
576, 727, -18, -16, 0.5556, 31.6717, -21.4635, -23.2899, 0.2222, 210.00
577, 720, 60, 78, 1.0000, 1.1022, 0.9910, -0.4824, 1.0000, 243.66
577, 736, 11, 6, 0.7111, 25.1042, -15.0477, -20.0945, 0.3556, 190.20
577, 663, 64, 120, 0.6000, 9.1879, 3.7878, 8.3708, 0.3600, 164.36
577, 706, 20, 78, 0.6222, 4.8673, 4.6430, 1.4605, 0.3111, 203.40
577, 728, 131, 138, 0.6111, 41.1010, 39.4029, 11.6922, 0.3056, 177.60
578, 720, 61, 80, 1.0000, 1.5640, 1.0390, 1.1690, 1.0000, 242.93
578, 663, 84, 120, 0.6587, 19.1947, 19.1722, 0.9279, 0.4611, 156.88
578, 706, 22, 79, 0.6806, 1.6841, 1.4130, 0.9163, 0.4083, 210.83
578, 707, 19, 90, 0.5625, 0.8493, 0.8493, 0.0000, 0.2250, 232.00
578, 748, 101, 71, 0.6556, 18.5161, -5.6511, 17.6327, 0.2622, 153.50
578, 757, 123, 124, 0.6000, 6.9313, 5.7672, 3.8448, 0.1800, 86.00
578, 736, -4, -14, 0.6111, 25.1042, -15.0477, -20.0945, 0.3056, 190.20
579, 720, 60, 80, 1.0000, 0.7205, -0.4527, 0.5606, 1.0000, 241.77
579, 740, 69, 121, 0.6000, 41.0832, -37.3083, 17.2022, 0.1800, 118.33
579, 706, 12, 65, 0.7381, 15.7713, -9.0890, -12.8889, 0.5167, 208.43
579, 707, 2, 80, 0.6222, 17.4181, -15.0043, -8.8465, 0.3111, 219.80
579, 749, 28, 82, 0.6000, 72.2282, -58.3333, -42.5926, 0.1800, 158.00
579, 753, 39, 29, 0.6000, 54.7934, -54.2836, 7.4571, 0.1800, 180.00
579, 663, 103, 121, 0.5587, 19.1947, 19.1722, 0.9279, 0.3911, 156.88
579, 748, 95, 89, 0.5556, 18.5161, -5.6511, 17.6327, 0.2222, 153.50
579, 757, 129, 128, 0.5000, 6.9313, 5.7672, 3.8448, 0.1500, 86.00
580, 720, 55, 79, 1.0000, 4.7841, -4.7364, -0.6735, 1.0000, 239.50
580, 740, 31, 120, 0.6556, 37.8457, -37.8336, 0.9582, 0.2622, 125.25
580, 746, 41, 69, 0.6000, 69.8602, 13.3342, 68.5759, 0.1800, 209.67
580, 707, 6, 88, 0.6806, 7.4265, 2.5262, 6.9836, 0.4083, 212.33
580, 748, 63, 82, 0.7111, 21.5577, -21.3389, 3.0633, 0.3556, 173.80
580, 749, 17, 64, 0.6556, 25.1965, -14.3422, -20.7163, 0.2622, 167.00
580, 751, 54, 6, 0.6000, 10.3454, 10.1785, 1.8506, 0.1800, 221.00
580, 752, 82, 3, 0.6000, 24.4982, 22.2836, -10.1785, 0.1800, 186.00
580, 753, 23, 5, 0.6556, 28.5267, -19.7237, -20.6094, 0.2622, 190.25
581, 746, 73, 127, 0.6556, 66.6319, 30.5128, 59.2349, 0.2622, 191.00
581, 707, 19, 92, 0.7381, 12.9765, 12.5240, 3.3970, 0.5167, 218.14
581, 751, 51, 6, 0.6556, 2.2626, -2.2122, 0.4751, 0.2622, 217.75
581, 753, 25, -1, 0.7111, 7.3453, 0.5359, -7.3257, 0.3556, 196.20
581, 757, 123, 121, 0.6556, 2.4524, -1.2823, -2.0904, 0.2622, 82.75
581, 758, 44, 33, 0.6000, 65.0720, -49.6040, -42.1166, 0.1800, 171.67
581, 759, 28, 23, 0.6000, 4.8060, -2.8836, 3.8448, 0.1800, 207.00
581, 740, -7, 121, 0.5556, 37.8457, -37.8336, 0.9582, 0.2222, 125.25
581, 749, 3, 43, 0.5556, 25.1965, -14.3422, -20.7163, 0.2222, 167.00
581, 752, 105, -7, 0.5000, 24.4982, 22.2836, -10.1785, 0.1500, 186.00
582, 747, 112, 104, 0.6000, 52.8650, -1.9040, 52.8307, 0.1800, 111.00
582, 751, 40, 25, 0.7111, 20.4236, -10.0578, 17.7753, 0.3556, 216.50
582, 757, 112, 115, 0.7111, 12.1470, -10.7603, -5.6361, 0.3556, 83.60
582, 759, 29, 41, 0.6556, 16.8419, 0.1428, 16.8413, 0.2622, 209.50
582, 746, 104, 187, 0.5556, 66.6319, 30.5128, 59.2349, 0.2222, 191.00
582, 758, -6, -9, 0.5000, 65.0720, -49.6040, -42.1166, 0.1500, 171.67
583, 747, 80, 131, 0.6556, 40.9115, -29.3673, 28.4835, 0.2622, 112.00
583, 748, 64, 83, 0.8778, 2.1552, 2.0404, 0.6939, 0.7022, 192.94
583, 759, 31, 45, 0.7111, 5.1611, 2.0208, 4.7490, 0.3556, 207.60
584, 634, 103, 35, 0.5400, 65.2531, 54.8898, -35.2856, 0.2700, 193.00
584, 692, 121, 47, 0.5625, 15.6562, -0.9742, -15.6258, 0.2250, 113.50
584, 695, 23, 92, 1.0000, 1.4297, 1.4169, 0.1903, 1.0000, 217.31
584, 747, 35, 130, 0.7111, 43.8162, -43.7877, 1.5795, 0.3556, 118.20
584, 748, 65, 83, 0.9333, 1.1637, 1.1417, 0.2249, 0.8400, 194.83
584, 759, 32, 44, 0.7667, 1.5981, 1.4388, -0.6954, 0.4600, 207.67
585, 759, 28, 36, 0.8222, 8.2941, -3.8633, -7.3394, 0.5756, 203.86
585, 760, 106, 33, 0.6000, 27.6230, -21.2963, 17.5926, 0.1800, 130.33
585, 747, -8, 132, 0.6111, 43.8162, -43.7877, 1.5795, 0.3056, 118.20
586, 692, 106, 35, 0.6222, 9.4580, -8.2630, -4.6018, 0.3111, 120.00
586, 760, 78, 61, 0.6556, 39.0081, -27.2572, 27.9049, 0.2622, 145.75
587, 692, 106, 36, 0.6806, 1.0558, -0.8551, 0.6192, 0.4083, 123.67
587, 761, 16, 70, 0.6000, 77.2559, -51.7417, 57.3696, 0.1800, 192.67
587, 760, 51, 89, 0.5556, 39.0081, -27.2572, 27.9049, 0.2222, 145.75
588, 730, 71, 4, 0.6000, 49.4622, -48.8407, -7.8163, 0.1800, 154.17
588, 760, 30, 120, 0.7111, 37.6904, -23.4949, 29.4712, 0.3556, 146.60
588, 761, -1, 113, 0.6556, 48.6825, -19.7755, 44.4850, 0.2622, 185.25
588, 608, 121, 114, 0.5346, 2.2059, 1.9736, 0.9853, 0.5346, 82.69
588, 680, 62, 12, 0.5400, 53.2925, 33.6420, -41.3316, 0.2700, 182.20
588, 721, 59, 3, 0.5625, 46.1729, 24.0593, -39.4092, 0.2250, 204.75
589, 730, 27, 0, 0.6556, 44.7212, -44.5278, -4.1546, 0.2622, 171.38
589, 732, 113, 38, 0.6000, 9.7788, -7.8225, 5.8681, 0.1800, 130.33
589, 608, 122, 116, 0.5865, 2.1781, 1.2050, 1.8144, 0.5865, 82.00
589, 680, 76, -3, 0.6000, 23.3757, 15.6319, -17.3801, 0.3600, 184.33
589, 761, -21, 157, 0.5556, 48.6825, -19.7755, 44.4850, 0.2222, 185.25
590, 732, 122, 101, 0.6556, 58.3868, 7.0188, 57.9634, 0.2622, 117.25
590, 608, 124, 117, 0.6389, 2.1586, 1.7569, 1.2542, 0.6389, 83.40
590, 680, 111, -2, 0.6587, 34.0395, 34.0378, -0.3392, 0.4611, 177.57
590, 730, -17, -4, 0.5556, 44.7212, -44.5278, -4.1546, 0.2222, 171.38
591, 732, 112, 129, 0.7111, 30.7446, -9.0668, 29.3773, 0.3556, 111.80
591, 608, 125, 118, 0.6917, 1.5573, 1.2149, 0.9742, 0.6917, 85.12
591, 680, 145, -2, 0.5587, 34.0395, 34.0378, -0.3392, 0.3911, 177.57
592, 608, 127, 119, 0.7448, 2.0199, 1.7781, 0.9584, 0.7448, 85.71
593, 755, 49, 71, 0.6000, 41.2776, -27.1807, 31.0653, 0.1800, 190.00
593, 608, 129, 120, 0.6448, 2.0199, 1.7781, 0.9584, 0.6448, 85.71
594, 755, 10, 111, 0.6556, 54.6839, -38.2183, 39.1113, 0.2622, 182.00
594, 760, 9, 115, 1.0000, 1.5496, 1.5139, 0.3307, 1.0000, 157.82
594, 606, 63, 6, 0.5143, 40.6555, -40.3704, 4.8060, 0.3600, 157.71
594, 733, 14, 75, 0.5625, 36.3915, -34.5152, -11.5344, 0.2250, 219.08
594, 608, 130, 121, 0.5448, 2.0199, 1.7781, 0.9584, 0.5448, 85.71
595, 606, 30, 14, 0.5722, 34.7419, -33.9272, 7.4795, 0.4578, 166.00
595, 733, 13, 20, 0.6222, 51.5365, -4.6930, -51.3224, 0.3111, 217.87
595, 762, 63, 28, 0.6000, 13.1635, 13.1635, 0.0000, 0.1800, 198.67
595, 755, -29, 150, 0.5556, 54.6839, -38.2183, 39.1113, 0.2222, 182.00
596, 754, 93, 19, 0.6000, 42.8190, 41.9111, -8.7708, 0.1800, 187.00
596, 711, 38, 99, 0.5625, 35.5743, 35.2524, -4.7743, 0.2250, 165.75
596, 606, 32, 26, 0.6296, 12.2902, 0.1018, 12.2898, 0.5667, 175.67
596, 733, 31, -2, 0.6806, 29.3620, 16.5677, -24.2412, 0.4083, 216.56
596, 762, 64, 24, 0.6556, 3.5777, 1.5835, -3.2082, 0.2622, 197.50
597, 754, 99, 24, 0.6556, 10.1778, 9.5219, 3.5943, 0.2622, 179.75
597, 711, 17, 87, 0.6222, 19.9548, -16.2537, -11.5762, 0.3111, 166.80
597, 762, 81, 11, 0.7111, 20.1607, 15.9244, -12.3640, 0.3556, 193.00
597, 693, 115, 109, 0.5400, 2.8543, -2.8543, 0.0000, 0.2700, 93.60
597, 734, 95, 110, 0.5625, 1.0203, 1.0198, 0.0293, 0.2250, 124.62
597, 737, 60, 88, 0.5625, 56.9003, -52.8367, -21.1171, 0.2250, 133.75
597, 765, 30, 1, 0.6000, 1.9226, 1.9224, 0.0293, 0.1800, 247.17
597, 733, 47, -27, 0.5806, 29.3620, 16.5677, -24.2412, 0.3483, 216.56
598, 754, 76, 38, 0.7111, 24.3959, -20.8112, 12.7301, 0.3556, 192.00
598, 711, 28, 93, 0.6806, 10.6389, 9.3321, 5.1085, 0.4083, 176.00
598, 762, 85, 9, 0.7667, 6.0248, 4.8821, -3.5304, 0.4600, 190.50
598, 693, 100, 110, 0.6000, 14.2566, -14.2343, 0.7984, 0.3600, 100.67
598, 734, 94, 110, 0.6722, 0.5929, -0.5929, -0.0065, 0.3361, 121.50
598, 737, 53, 48, 0.6222, 39.1894, -11.2269, -37.5469, 0.3111, 147.20
598, 765, 61, 4, 0.6556, 28.4801, 28.3797, 2.3886, 0.2622, 235.12
599, 685, 42, 28, 0.5400, 1.8514, 1.8512, -0.0231, 0.2700, 221.50
599, 734, 99, 111, 0.7306, 4.6359, 4.5652, 0.8066, 0.4383, 122.25
599, 737, 33, 3, 0.6806, 48.6409, -18.9582, -44.7942, 0.4083, 164.83
599, 765, 71, 10, 0.7111, 12.7338, 10.9957, 6.4221, 0.3556, 225.10
599, 762, 90, 5, 0.6667, 6.0248, 4.8821, -3.5304, 0.4000, 190.50
599, 693, 85, 111, 0.5000, 14.2566, -14.2343, 0.7984, 0.3000, 100.67
600, 732, 124, 112, 1.0000, 1.7638, 1.2438, 1.2506, 1.0000, 99.07
600, 685, 50, 28, 0.6000, 7.7248, 7.7248, 0.0147, 0.3600, 218.08
600, 693, 100, 111, 0.6587, 2.7532, 2.7022, 0.5270, 0.4611, 101.36
600, 734, 118, 111, 0.7381, 17.7757, 17.7738, 0.2586, 0.5167, 116.21
601, 718, 8, 21, 0.5625, 76.9876, -13.2724, -75.8349, 0.2250, 175.00
601, 719, 28, 106, 0.5625, 24.2258, 12.3244, -20.8566, 0.2250, 172.50
601, 685, 45, 19, 0.6587, 9.1857, -4.3172, -8.1079, 0.4611, 215.64
601, 734, 136, 111, 0.6381, 17.7757, 17.7738, 0.2586, 0.4467, 116.21
602, 719, 45, 74, 0.6222, 35.7653, 16.6871, -31.6339, 0.3111, 176.60
602, 685, 44, 3, 0.7167, 15.6035, -0.7736, -15.5843, 0.5733, 213.19
603, 745, 124, 53, 1.0000, 1.4165, 1.0019, 1.0013, 1.0000, 177.84
603, 719, 59, 30, 0.6806, 45.2790, 14.2268, -42.9859, 0.4083, 181.00
603, 685, 53, 23, 0.7741, 18.7977, 7.6247, 17.1819, 0.6967, 211.61
603, 763, 58, 75, 0.6000, 35.6867, 4.7762, 35.3657, 0.1800, 193.00
604, 668, 16, 109, 0.5400, 1.3857, 0.9775, -0.9821, 0.2700, 178.20
604, 763, 37, 118, 0.6556, 46.2267, -18.8701, 42.1998, 0.2622, 182.00
604, 656, 0, 45, 0.5250, 20.5774, -5.6302, -19.7922, 0.3150, 192.83
605, 668, 18, 108, 0.6500, 2.0795, 1.8155, -1.0142, 0.3900, 175.92
605, 765, 49, 30, 1.0000, 1.3114, 1.0290, 0.8130, 1.0000, 223.82
605, 744, 79, 78, 0.5625, 22.3569, 20.1852, -9.6120, 0.2250, 169.00
605, 763, 18, 160, 0.5556, 46.2267, -18.8701, 42.1998, 0.2222, 182.00
606, 668, 13, 96, 0.6587, 12.3839, -4.4303, -11.5643, 0.4611, 174.07
606, 711, 38, 97, 1.0000, 1.0819, 1.0818, 0.0143, 1.0000, 211.43
606, 656, 15, 29, 0.5841, 11.2676, 9.3885, -6.2300, 0.4089, 196.71
606, 744, 76, 28, 0.6222, 46.9042, -0.9996, -46.8935, 0.3111, 173.60
606, 768, 71, 16, 0.6000, 39.2064, 35.6524, 16.3111, 0.1800, 211.83
606, 769, 34, 51, 0.6000, 48.2791, -3.9328, 48.1187, 0.1800, 240.00
607, 668, 20, 60, 0.7167, 35.0159, 6.4646, -34.4140, 0.5733, 177.31
607, 656, 28, 34, 0.6424, 13.9391, 13.1365, 4.6617, 0.5139, 197.88
607, 744, 45, 0, 0.6806, 40.6973, -28.7655, -28.7892, 0.4083, 184.17
607, 768, 96, 20, 0.6556, 26.8118, 26.4281, 4.5198, 0.2622, 199.12
607, 769, 34, 102, 0.6556, 50.0329, -0.0561, 50.0328, 0.2622, 221.50
608, 768, 113, 5, 0.7111, 22.2691, 17.6441, -13.5866, 0.3556, 187.90
608, 769, 24, 113, 0.7111, 17.0099, -10.0962, 13.6895, 0.3556, 220.40
609, 741, 65, 100, 0.5625, 9.3783, 5.6343, -7.4971, 0.2250, 154.25
609, 767, 63, 95, 0.6000, 56.4144, 54.3885, 14.9827, 0.1800, 174.50
610, 741, 74, 80, 0.6222, 21.0332, 9.4606, -18.7854, 0.3111, 162.00
610, 767, 125, 93, 0.6556, 61.2301, 61.2298, -0.1944, 0.2622, 150.88
611, 701, 99, 9, 0.5400, 8.0670, -7.5615, 2.8106, 0.2700, 157.60
611, 741, 84, 61, 0.5222, 21.0332, 9.4606, -18.7854, 0.2611, 162.00
611, 767, 186, 93, 0.5556, 61.2301, 61.2298, -0.1944, 0.2222, 150.88
612, 638, 36, 45, 0.5250, 33.2722, -17.5481, -28.2684, 0.3150, 187.17
612, 741, 68, 40, 0.6806, 20.7497, -5.5314, -19.9988, 0.4083, 168.67
612, 701, 95, 16, 0.6000, 8.7739, -5.0920, 7.1452, 0.3600, 159.00
613, 703, 42, 95, 0.5400, 53.8167, 13.2651, 52.1562, 0.2700, 211.40
613, 774, 49, 90, 0.6000, 36.9651, -19.4053, 31.4619, 0.1800, 192.33
613, 701, 90, 23, 0.5000, 8.7739, -5.0920, 7.1452, 0.3000, 159.00
614, 703, 47, 100, 0.6000, 10.5458, 5.6947, 8.8760, 0.3600, 205.50
614, 774, 42, 101, 0.6556, 14.3211, -7.4853, 12.2092, 0.2622, 208.00
615, 701, 100, 17, 0.6587, 3.8718, 3.5476, -1.5509, 0.4611, 157.71
615, 703, 53, 108, 0.5000, 10.5458, 5.6947, 8.8760, 0.3000, 205.50
615, 774, 35, 113, 0.5556, 14.3211, -7.4853, 12.2092, 0.2222, 208.00
616, 638, 1, 20, 0.5841, 6.0395, -6.0091, 0.6059, 0.4089, 191.14
616, 703, 45, 99, 0.6587, 2.8913, -2.0039, -2.0842, 0.4611, 206.57
616, 774, 23, 125, 0.7111, 15.5638, -9.8888, 12.0185, 0.3556, 197.60
617, 724, 33, 27, 0.5625, 68.8228, 28.4058, -62.6873, 0.2250, 176.25
617, 638, 32, 8, 0.6424, 33.2270, 30.6624, -12.8002, 0.5139, 193.38
617, 771, 52, 8, 0.6000, 79.8975, 12.5140, -78.9114, 0.1800, 200.67
617, 775, 82, 6, 0.6000, 59.5173, 59.2593, -5.5360, 0.1800, 196.33
618, 724, 73, 31, 0.6222, 39.0953, 39.0423, -2.0337, 0.3111, 183.60
618, 775, 112, 7, 0.6556, 32.2868, 32.2864, 0.1558, 0.2622, 184.00
618, 710, 37, 101, 0.5400, 1.4014, 1.0198, -0.9612, 0.2700, 169.80
618, 771, 65, -71, 0.5000, 79.8975, 12.5140, -78.9114, 0.1500, 200.67
619, 710, 39, 100, 0.6500, 2.0693, 1.8022, -1.0169, 0.3900, 176.50
619, 780, 70, 41, 0.6000, 61.4956, 28.9531, -54.2533, 0.1800, 186.33
619, 724, 112, 29, 0.5222, 39.0953, 39.0423, -2.0337, 0.2611, 183.60
619, 775, 144, 7, 0.5556, 32.2868, 32.2864, 0.1558, 0.2222, 184.00
620, 724, 111, 9, 0.6806, 20.0351, 15.4221, -12.7893, 0.4083, 177.33
620, 744, 29, 54, 1.0000, 43.9067, -41.9634, -12.9181, 1.0000, 209.65
620, 710, 40, 100, 0.7087, 1.2617, 1.2461, -0.1977, 0.4961, 176.14
620, 780, 97, 12, 0.6556, 41.8128, 27.1881, -31.7666, 0.2622, 181.00
621, 710, 38, 98, 0.7667, 2.7540, -2.2742, -1.5533, 0.6133, 175.88
621, 780, 112, 4, 0.7111, 17.8302, 15.4523, -8.8963, 0.3556, 173.40
622, 710, 35, 98, 0.8241, 2.5579, -2.5133, -0.4761, 0.7417, 178.00
622, 784, 48, 62, 0.6000, 35.0805, 34.6032, -5.7672, 0.1800, 197.00
623, 783, 30, 7, 0.6000, 34.6607, 21.5566, -27.1418, 0.1800, 204.00
623, 784, 43, 15, 0.6556, 43.6339, -0.9152, -43.6243, 0.2622, 201.75
624, 783, 69, 36, 0.6556, 45.4065, 38.1485, 24.6260, 0.2622, 203.00
624, 788, 47, 97, 0.6000, 5.4133, -2.7253, -4.6773, 0.1800, 200.00
624, 784, 42, -29, 0.5556, 43.6339, -0.9152, -43.6243, 0.2222, 201.75
625, 783, 105, 101, 0.7111, 71.8199, 36.0072, 62.1416, 0.3556, 181.80
625, 788, 45, 93, 0.5000, 5.4133, -2.7253, -4.6773, 0.1500, 200.00
626, 638, 65, 4, 1.0000, 1.8940, 1.8940, 0.0011, 1.0000, 218.06
626, 677, 65, 84, 0.5250, 32.6283, -0.8863, -32.6163, 0.3150, 156.33
626, 788, 50, 96, 0.7056, 1.8750, 1.8675, -0.1674, 0.2822, 190.00
626, 797, 7, 117, 0.6000, 34.0685, -32.7101, -9.5240, 0.1800, 162.67
626, 783, 141, 163, 0.6111, 71.8199, 36.0072, 62.1416, 0.3056, 181.80
627, 677, 43, 73, 0.5841, 24.2850, -20.3759, -13.2130, 0.4089, 159.57
627, 788, 51, 95, 0.7611, 1.5092, 1.3642, -0.6455, 0.3806, 186.40
627, 797, -26, 108, 0.5000, 34.0685, -32.7101, -9.5240, 0.1500, 162.67
628, 788, 49, 100, 0.8167, 4.9121, -1.4335, 4.6983, 0.4900, 183.00
628, 791, 14, 121, 0.6000, 6.7781, -1.8621, -6.5173, 0.1800, 176.33
628, 801, 56, 1, 0.6000, 35.8877, -12.4956, -33.6420, 0.1800, 206.33
629, 731, 121, 7, 0.5625, 0.0034, -0.0032, 0.0011, 0.2250, 150.25
629, 787, 89, 108, 0.6000, 61.8852, 61.6218, 5.7028, 0.1800, 152.00
629, 789, 24, 30, 0.6000, 79.8260, 21.8047, -76.7903, 0.1800, 176.67
629, 675, 82, 39, 0.5250, 1.3178, 0.9602, 0.9026, 0.3150, 224.33
629, 790, 52, 96, 0.6000, 47.8955, 36.5829, -30.9140, 0.1800, 172.67
629, 796, 26, 104, 0.6000, 13.7912, 10.1852, -9.2984, 0.1800, 164.67
629, 800, 102, 6, 0.6000, 36.6925, 36.5011, -3.7437, 0.1800, 203.27
629, 791, 12, 114, 0.5000, 6.7781, -1.8621, -6.5173, 0.1500, 176.33
629, 801, 44, -33, 0.5000, 35.8877, -12.4956, -33.6420, 0.1500, 206.33
630, 731, 95, 14, 0.6222, 24.7606, -23.9246, 6.3797, 0.3111, 170.80
630, 677, 11, 30, 0.6424, 16.7696, -8.1657, -14.6472, 0.5139, 165.38
630, 675, 84, 39, 0.6341, 1.8496, 1.8312, 0.2606, 0.4439, 228.43
630, 790, 60, 91, 0.6556, 12.7976, 10.0846, -7.8791, 0.2622, 172.75
630, 791, 13, 108, 0.6556, 6.2344, -0.4171, -6.2205, 0.2622, 171.75
630, 793, 34, 47, 0.6000, 45.0772, 16.7438, -41.8521, 0.1800, 188.50
630, 796, 27, 103, 0.6556, 2.4236, 1.8400, -1.5774, 0.2622, 165.25
630, 800, 126, 6, 0.6556, 24.9892, 24.9889, -0.1157, 0.2622, 187.20
630, 801, 11, 16, 0.6556, 28.1221, -24.4441, 13.9045, 0.2622, 208.25
630, 787, 151, 113, 0.5000, 61.8852, 61.6218, 5.7028, 0.1500, 152.00
630, 789, 45, -47, 0.5000, 79.8260, 21.8047, -76.7903, 0.1500, 176.67
631, 731, 64, 29, 0.6806, 33.2868, -30.1285, 14.1524, 0.4083, 175.17
631, 709, 61, 36, 0.5400, 64.0375, 60.3520, -21.4111, 0.2700, 197.10
631, 675, 85, 39, 0.6924, 1.2636, 1.2633, -0.0295, 0.5539, 231.75
631, 790, 60, 91, 0.7111, 0.4012, 0.2795, -0.2878, 0.3556, 173.20
631, 791, 14, 99, 0.7111, 8.5734, 0.8388, -8.5323, 0.3556, 170.40
631, 793, 54, 18, 0.6556, 36.4034, 20.4185, -30.1379, 0.2622, 184.88
631, 796, 26, 104, 0.7111, 1.6269, -1.4906, 0.6518, 0.3556, 166.80
631, 799, 90, 3, 0.6000, 54.0934, 53.7037, -6.4815, 0.1800, 200.33
631, 800, 128, 7, 0.7111, 4.1203, 4.0984, 0.4240, 0.3556, 174.36
631, 801, -14, 30, 0.5556, 28.1221, -24.4441, 13.9045, 0.2222, 208.25
632, 731, 24, 48, 0.7381, 43.3930, -38.9585, 19.1097, 0.5167, 177.57
632, 709, 101, 40, 0.6000, 41.7841, 41.7209, 2.2965, 0.3600, 191.42
632, 675, 87, 40, 0.7500, 1.9448, 1.7866, 0.7681, 0.6750, 234.11
632, 791, 18, 87, 0.7667, 12.9517, 3.5648, -12.4515, 0.4600, 171.83
632, 793, 65, 0, 0.7111, 21.7215, 10.7919, -18.8510, 0.3556, 187.30
632, 796, 38, 120, 0.7667, 18.8991, 11.4587, 15.0292, 0.4600, 163.00
632, 799, 104, 12, 0.6556, 19.6581, 17.9684, 7.9736, 0.2622, 191.25
633, 675, 89, 40, 0.8072, 2.0431, 2.0275, 0.2521, 0.8072, 234.60
633, 791, 20, 71, 0.8222, 16.0500, 2.6440, -15.8307, 0.5756, 174.71
633, 731, -15, 67, 0.6381, 43.3930, -38.9585, 19.1097, 0.4467, 177.57
633, 709, 143, 43, 0.5000, 41.7841, 41.7209, 2.2965, 0.3000, 191.42
633, 793, 75, -19, 0.6111, 21.7215, 10.7919, -18.8510, 0.3056, 187.30
633, 799, 122, 20, 0.5556, 19.6581, 17.9684, 7.9736, 0.2222, 191.25
634, 675, 90, 41, 0.8641, 1.4624, 1.2338, 0.7850, 0.8641, 236.18
634, 791, 6, 64, 0.8778, 15.3680, -13.4223, -7.4846, 0.7022, 176.12
634, 799, 119, 16, 0.7111, 5.4040, 5.2495, 1.2830, 0.3556, 179.20
634, 800, 127, 7, 0.8222, 0.3650, -0.3618, -0.0477, 0.5756, 162.40
634, 770, 73, 39, 0.5625, 41.0625, 34.6032, -22.1076, 0.2250, 198.75
634, 731, -53, 86, 0.5381, 43.3930, -38.9585, 19.1097, 0.3767, 177.57
635, 782, 30, 52, 0.6000, 37.0215, 24.1742, 28.0392, 0.1800, 206.67
635, 675, 92, 41, 0.9208, 1.7556, 1.7407, 0.2285, 0.9208, 236.92
635, 770, 100, 14, 0.6222, 36.8684, 27.8259, -24.1867, 0.3111, 189.40
635, 806, 70, 11, 0.6556, 21.4966, 7.9836, -19.9591, 0.2622, 195.50
636, 782, 64, 83, 0.6556, 44.8267, 32.8234, 30.5296, 0.2622, 196.75
636, 675, 93, 42, 0.9774, 1.4411, 1.2200, 0.7670, 0.9774, 237.08
636, 790, 66, 91, 0.9889, 1.6800, 1.4598, -0.8315, 0.9889, 171.55
636, 792, 15, 13, 0.6000, 15.7908, -12.5140, 9.6307, 0.1800, 203.83
636, 770, 112, 6, 0.6806, 16.4689, 13.3320, -9.6688, 0.4083, 183.50
636, 806, 79, 2, 0.7111, 13.0184, 8.9716, -9.4334, 0.3556, 207.00
636, 808, 13, 82, 0.6000, 25.8604, -6.7577, -24.9619, 0.1800, 174.33
637, 781, 17, 108, 0.6000, 1.9487, -1.9487, 0.0015, 0.1800, 173.83
637, 675, 95, 42, 1.0000, 1.7815, 1.7661, 0.2336, 1.0000, 238.14
637, 790, 68, 91, 1.0000, 1.8144, 1.8060, -0.1744, 1.0000, 171.41
637, 792, 8, 24, 0.6556, 13.0825, -6.9616, 11.0765, 0.2622, 205.38
637, 806, 82, 3, 0.7667, 3.4637, 3.4415, -0.3918, 0.4600, 215.00
637, 808, 28, 56, 0.6556, 28.6851, 12.8474, -25.6472, 0.2622, 180.50
637, 766, 121, 101, 0.5625, 2.1756, 1.9517, -0.9612, 0.2250, 82.75
637, 809, 99, 14, 0.6000, 10.5732, 10.5732, 0.0000, 0.1800, 163.00
637, 782, 97, 113, 0.5556, 44.8267, 32.8234, 30.5296, 0.2222, 196.75
637, 770, 126, -4, 0.5806, 16.4689, 13.3320, -9.6688, 0.3483, 183.50
638, 781, 16, 109, 0.7056, 1.4757, -1.2420, 0.7970, 0.2822, 180.62
638, 675, 97, 42, 1.0000, 2.0246, 2.0244, -0.0228, 1.0000, 239.27
638, 790, 71, 90, 1.0000, 3.0066, 2.8932, -0.8181, 1.0000, 170.62
638, 792, 19, 65, 0.7111, 40.8283, 9.9191, 39.6051, 0.3556, 204.90
638, 806, 82, 4, 0.8222, 1.3319, 0.7007, 1.1327, 0.5756, 220.71
638, 808, 50, 12, 0.7111, 47.9428, 21.0505, -43.0743, 0.3556, 184.40
638, 766, 126, 100, 0.6722, 4.5377, 4.4223, -1.0169, 0.3361, 83.80
638, 809, 78, 20, 0.6556, 18.4234, -17.5553, 5.5885, 0.2622, 168.00
638, 750, 74, 109, 0.5400, 43.2071, -34.5446, 25.9524, 0.2700, 123.20
639, 781, 14, 110, 0.7611, 2.0639, -1.7720, 1.0582, 0.3806, 177.90
639, 675, 98, 43, 1.0000, 1.4613, 1.2592, 0.7415, 1.0000, 238.06
639, 790, 73, 90, 1.0000, 2.2356, 2.2293, -0.1686, 1.0000, 169.81
639, 795, 7, 107, 0.6000, 1.9256, 1.9256, 0.0028, 0.1800, 175.00
639, 806, 84, 4, 0.8778, 1.4665, 1.4107, 0.4006, 0.7022, 224.75
639, 811, 112, 10, 0.6000, 36.7197, 24.9835, -26.9102, 0.1800, 168.33
639, 750, 59, 109, 0.6000, 16.8803, -16.6619, 2.7067, 0.3600, 137.58
639, 813, 108, 81, 0.6000, 48.8811, 29.0137, 39.3391, 0.1800, 174.67
639, 814, 109, 53, 0.6000, 11.3742, 4.7705, 10.3255, 0.1800, 163.33
639, 808, 71, -31, 0.6111, 47.9428, 21.0505, -43.0743, 0.3056, 184.40
639, 766, 130, 99, 0.5722, 4.5377, 4.4223, -1.0169, 0.2861, 83.80
639, 809, 61, 26, 0.5556, 18.4234, -17.5553, 5.5885, 0.2222, 168.00
640, 781, 13, 109, 0.8167, 1.3456, -1.2149, -0.5785, 0.4900, 177.00
640, 675, 100, 43, 1.0000, 1.7499, 1.7288, 0.2712, 1.0000, 237.65
640, 790, 73, 90, 1.0000, 0.1856, 0.1774, 0.0546, 1.0000, 169.18
640, 795, 8, 107, 0.7056, 1.2569, 1.2568, -0.0021, 0.2822, 171.00
640, 806, 85, 4, 0.9333, 1.1647, 1.1645, -0.0231, 0.8400, 227.78
640, 809, 47, 44, 0.7111, 19.9803, -15.3456, 12.7956, 0.3556, 174.80
640, 811, 121, 10, 0.6556, 10.6300, 10.4352, -2.0255, 0.2622, 158.25
640, 750, 60, 108, 0.6587, 1.5234, -0.1331, -1.5176, 0.4611, 149.79
640, 814, 79, 50, 0.6556, 27.0591, -26.9611, -2.3007, 0.2622, 180.50
640, 813, 137, 120, 0.5000, 48.8811, 29.0137, 39.3391, 0.1500, 174.67
641, 781, 12, 111, 0.8722, 1.6130, -0.9685, 1.2900, 0.6106, 176.00
641, 675, 101, 44, 1.0000, 1.4515, 1.2312, 0.7687, 1.0000, 237.06
641, 795, 9, 108, 0.7611, 1.2621, 0.9671, 0.8110, 0.3806, 172.40
641, 806, 87, 4, 0.9889, 1.8207, 1.8197, -0.0587, 0.9889, 229.60
641, 766, 126, 99, 0.7306, 0.9862, -0.9728, -0.1625, 0.4383, 82.17
641, 811, 102, 13, 0.7111, 17.0799, -16.8681, 2.6813, 0.3556, 161.00
641, 814, 40, 7, 0.7111, 55.4123, -38.1984, -40.1423, 0.3556, 187.40
641, 790, 73, 90, 0.9000, 0.1856, 0.1774, 0.0546, 0.9000, 169.18
642, 781, 12, 112, 0.9278, 1.3122, -0.1581, 1.3026, 0.7422, 175.88
642, 675, 103, 44, 1.0000, 1.7694, 1.7519, 0.2481, 1.0000, 236.79
642, 790, 77, 89, 1.0000, 2.2621, 2.1848, -0.5862, 1.0000, 169.57
642, 795, 13, 99, 0.7667, 9.6363, 4.2033, -8.6712, 0.4600, 172.17
642, 806, 88, 4, 1.0000, 1.2302, 1.2301, -0.0150, 1.0000, 231.55
642, 766, 127, 99, 0.7881, 0.5885, 0.5885, 0.0013, 0.5517, 81.29
642, 814, 2, -33, 0.6111, 55.4123, -38.1984, -40.1423, 0.3056, 187.40
643, 781, 11, 112, 0.9833, 0.7698, -0.7232, 0.2636, 0.8850, 175.83
643, 677, 105, 65, 1.0000, 4.2427, -2.9454, -3.0537, 1.0000, 167.40
643, 764, 98, 79, 0.5625, 80.9242, 73.3319, 34.2221, 0.2250, 180.50
643, 675, 105, 45, 1.0000, 2.1505, 2.0160, 0.7487, 1.0000, 235.15
643, 806, 90, 4, 1.0000, 1.7872, 1.7872, 0.0030, 1.0000, 231.50
643, 807, 14, 65, 0.6000, 41.4216, 11.3910, -39.8245, 0.1800, 168.00
643, 820, 31, 2, 0.6000, 44.0499, -42.0560, -13.1029, 0.1800, 200.67
643, 822, 104, 28, 0.6000, 0.9905, 0.9905, 0.0000, 0.1800, 155.33
643, 790, 79, 88, 0.9000, 2.2621, 2.1848, -0.5862, 0.9000, 169.57
643, 795, 18, 90, 0.6667, 9.6363, 4.2033, -8.6712, 0.4000, 172.17
643, 766, 127, 99, 0.6881, 0.5885, 0.5885, 0.0013, 0.4817, 81.29
644, 781, 9, 114, 1.0000, 2.3561, -1.8135, 1.5043, 1.0000, 176.05
644, 764, 122, 113, 0.6222, 44.3441, 28.4459, 34.0181, 0.3111, 161.40
644, 675, 107, 45, 1.0000, 2.0573, 2.0419, 0.2515, 1.0000, 234.62
644, 790, 92, 77, 1.0000, 11.0186, 8.5137, -6.9948, 1.0000, 168.34
644, 795, 29, 94, 0.8222, 8.3688, 8.2537, -1.3835, 0.5756, 172.00
644, 806, 91, 4, 1.0000, 1.2117, 1.2117, 0.0028, 1.0000, 232.77
644, 807, 47, 26, 0.6556, 50.1622, 30.8835, -39.5279, 0.2622, 174.50
644, 750, 67, 108, 0.8879, 0.9334, 0.8926, 0.2728, 0.8879, 169.58
644, 820, 24, 1, 0.6556, 9.6816, -9.5472, -1.6080, 0.2622, 203.75
644, 822, 106, 28, 0.7056, 1.8087, 1.8087, 0.0000, 0.2822, 153.25
644, 661, 30, 97, 0.5143, 46.3259, 4.7767, 46.0790, 0.3600, 195.00
644, 766, 128, 99, 0.5881, 0.5885, 0.5885, 0.0013, 0.4117, 81.29
645, 781, 8, 114, 1.0000, 1.4037, -1.3179, 0.4831, 1.0000, 174.41
645, 675, 108, 46, 1.0000, 1.4620, 1.2578, 0.7452, 1.0000, 235.05
645, 790, 97, 64, 1.0000, 14.7102, 5.5613, -13.6184, 1.0000, 168.03
645, 806, 93, 4, 1.0000, 1.7857, 1.7857, 0.0005, 1.0000, 234.00
645, 807, 74, -2, 0.7111, 39.1735, 26.8634, -28.5118, 0.3556, 176.60
645, 750, 67, 109, 0.9444, 0.8201, 0.1208, 0.8112, 0.9444, 175.11
645, 820, 5, 3, 0.7111, 18.1325, -18.0985, 1.1099, 0.3556, 207.80
645, 822, 107, 28, 0.7611, 1.2517, 1.2517, 0.0000, 0.3806, 153.40
645, 823, 39, 26, 0.6000, 42.5970, -41.0898, -11.2311, 0.1800, 196.33
645, 764, 150, 147, 0.5222, 44.3441, 28.4459, 34.0181, 0.2611, 161.40
646, 781, 7, 115, 1.0000, 1.2504, -1.0004, 0.7501, 1.0000, 173.71
646, 675, 109, 45, 1.0000, 1.0701, 0.9489, -0.4947, 1.0000, 233.30
646, 790, 87, 36, 1.0000, 29.6658, -10.2129, -27.8524, 1.0000, 168.58
646, 735, 81, 77, 0.5625, 71.5770, -13.6647, 70.2605, 0.2250, 156.50
646, 806, 94, 4, 1.0000, 1.2136, 1.2136, -0.0002, 1.0000, 234.20
646, 822, 101, 22, 0.7667, 7.9231, -5.5207, -5.6830, 0.4600, 153.00
646, 779, 27, 48, 0.5625, 59.2783, 13.4568, -57.7307, 0.2250, 193.50
646, 830, 8, 71, 0.6000, 48.2019, -19.1947, -44.2152, 0.1800, 155.67
646, 807, 101, -30, 0.6111, 39.1735, 26.8634, -28.5118, 0.3056, 176.60
646, 820, -13, 4, 0.6111, 18.1325, -18.0985, 1.1099, 0.3056, 207.80
646, 823, -2, 14, 0.5000, 42.5970, -41.0898, -11.2311, 0.1500, 196.33
647, 781, 6, 115, 1.0000, 0.9772, -0.9564, 0.2005, 1.0000, 173.58
647, 675, 112, 47, 1.0000, 2.7107, 2.4369, 1.1872, 1.0000, 233.46
647, 735, 83, 94, 0.6222, 22.2819, 0.1039, 22.2816, 0.3111, 156.30
647, 806, 96, 4, 1.0000, 1.7865, 1.7865, -0.0001, 1.0000, 234.94
647, 817, 26, 73, 0.6000, 28.3815, 23.9109, -15.2897, 0.1800, 181.33
647, 822, 97, 14, 0.8222, 8.6769, -4.3652, -7.4989, 0.5756, 153.43
647, 779, 50, 12, 0.6222, 43.8881, 22.2200, -37.8475, 0.3111, 193.60
647, 830, 21, 37, 0.6556, 37.1995, 10.7919, -35.5996, 0.2622, 167.50
648, 781, 5, 116, 1.0000, 1.2348, -0.9842, 0.7457, 1.0000, 172.54
648, 675, 114, 47, 1.0000, 2.3994, 2.3342, 0.5556, 1.0000, 231.84
648, 735, 80, 115, 0.6806, 21.3544, -3.1857, 21.1155, 0.4083, 150.58
648, 806, 98, 5, 1.0000, 2.1929, 2.0346, 0.8182, 1.0000, 236.00
648, 766, 125, 86, 0.8451, 3.0176, -0.6220, -2.9528, 0.6761, 81.75
648, 817, 30, 70, 0.6556, 6.8534, 5.7682, -3.7010, 0.2622, 186.50
648, 779, 88, 4, 0.6806, 39.1290, 37.7313, -10.3647, 0.4083, 190.50
648, 830, 27, 33, 0.7111, 8.0046, 5.6874, -5.6327, 0.3556, 174.60
649, 781, 4, 117, 1.0000, 1.4278, -1.0003, 1.0188, 1.0000, 173.43
649, 675, 115, 48, 1.0000, 1.5484, 1.3323, 0.7890, 1.0000, 230.54
649, 806, 97, 12, 1.0000, 6.7795, -0.4029, 6.7675, 1.0000, 232.00
649, 766, 115, 54, 0.8519, 33.9553, -10.1600, -32.3996, 0.7667, 87.00
649, 817, 28, 71, 0.7111, 1.3306, -1.1228, 0.7141, 0.3556, 187.00
649, 735, 76, 136, 0.5806, 21.3544, -3.1857, 21.1155, 0.3483, 150.58
650, 781, 6, 115, 1.0000, 2.4281, 2.0733, -1.2638, 1.0000, 172.22
650, 675, 117, 48, 1.0000, 1.6887, 1.6709, 0.2444, 1.0000, 229.78
650, 803, 89, 86, 0.6000, 77.4688, 77.3141, -4.8934, 0.1800, 165.33
650, 806, 104, 21, 1.0000, 10.4819, 6.0824, 8.5367, 1.0000, 227.68
650, 831, 37, 122, 0.7056, 4.0281, 3.3468, 2.2415, 0.2822, 145.25
650, 785, 11, 98, 0.5625, 13.6427, -8.6215, -10.5732, 0.2250, 173.00
651, 675, 119, 49, 1.0000, 2.0889, 1.9634, 0.7133, 1.0000, 229.36
651, 803, 129, 49, 0.6556, 55.1995, 43.6400, -33.8014, 0.2622, 154.25
651, 806, 113, 27, 1.0000, 10.8235, 8.4868, 6.7173, 1.0000, 223.07
651, 831, 74, 116, 0.7111, 36.2573, 35.8553, -5.3837, 0.3556, 140.60
651, 781, 8, 114, 0.9000, 2.4281, 2.0733, -1.2638, 0.9000, 172.22
652, 781, 11, 99, 1.0000, 9.7690, 2.3093, -9.4921, 1.0000, 172.09
652, 675, 121, 49, 1.0000, 2.0527, 2.0352, 0.2673, 1.0000, 229.03
652, 806, 125, 44, 1.0000, 19.9671, 12.4568, 15.6050, 1.0000, 217.98
652, 831, 90, 107, 0.7667, 19.5736, 17.2395, -9.2696, 0.4600, 137.00
652, 785, 9, 51, 0.6222, 25.7504, 0.2788, -25.7489, 0.3111, 178.20
652, 803, 173, 16, 0.5556, 55.1995, 43.6400, -33.8014, 0.2222, 154.25
653, 675, 123, 50, 1.0000, 2.1479, 2.0210, 0.7273, 1.0000, 228.60
653, 810, 88, 106, 0.6000, 70.0525, -2.9203, 69.9916, 0.1800, 177.67
653, 834, 27, 110, 0.6000, 17.1091, -9.4803, -14.2424, 0.1800, 152.33
653, 785, 2, 41, 0.6806, 12.8881, -7.0615, -10.7814, 0.4083, 181.17
653, 806, 138, 59, 0.9000, 19.9671, 12.4568, 15.6050, 0.9000, 217.98
653, 831, 107, 97, 0.6667, 19.5736, 17.2395, -9.2696, 0.4000, 137.00
654, 675, 125, 50, 1.0000, 2.0227, 2.0037, 0.2771, 1.0000, 226.34
654, 810, 46, 105, 0.6556, 38.7484, -38.2061, 6.4600, 0.2622, 176.75
654, 816, 109, 8, 0.6000, 77.0959, 30.1412, -70.9598, 0.1800, 173.00
654, 834, 39, 75, 0.6556, 34.8054, 10.4914, -33.1866, 0.2622, 162.50
654, 838, 122, 0, 0.6000, 16.1686, 15.4378, -4.8060, 0.1800, 218.83
654, 806, 150, 75, 0.8000, 19.9671, 12.4568, 15.6050, 0.8000, 217.98
655, 675, 127, 51, 1.0000, 2.1248, 1.9983, 0.7221, 1.0000, 225.36
655, 810, 45, 124, 0.7111, 18.1833, -3.3390, 17.8742, 0.3556, 172.60
655, 816, 115, 5, 0.6556, 13.0346, 8.5012, -9.8808, 0.2622, 164.75
655, 834, 82, 28, 0.7111, 61.5021, 40.9373, -45.8982, 0.3556, 175.50
655, 838, 122, 8, 0.6556, 7.1446, 1.8866, 6.8910, 0.2622, 198.12
655, 806, 163, 90, 0.7000, 19.9671, 12.4568, 15.6050, 0.7000, 217.98
656, 816, 123, 1, 0.7111, 8.9526, 7.9073, -4.1982, 0.3556, 170.20
656, 838, 114, 14, 0.7111, 9.8215, -7.7981, 5.9709, 0.3556, 186.50
656, 675, 129, 52, 0.9000, 2.1248, 1.9983, 0.7221, 0.9000, 225.36
656, 806, 175, 106, 0.6000, 19.9671, 12.4568, 15.6050, 0.6000, 217.98
656, 834, 123, -18, 0.6111, 61.5021, 40.9373, -45.8982, 0.3056, 175.50
657, 779, 112, 6, 1.0000, 2.1434, 1.8443, 1.0922, 1.0000, 199.90
657, 830, 24, 48, 1.0000, 3.6881, 3.5491, -1.0029, 1.0000, 218.79
657, 798, 46, 14, 0.5625, 21.8526, 17.5926, 12.9630, 0.2250, 217.25
657, 838, 111, 15, 0.7667, 2.9173, -2.7397, 1.0025, 0.4600, 178.75
657, 675, 131, 52, 0.8000, 2.1248, 1.9983, 0.7221, 0.8000, 225.36
657, 806, 188, 122, 0.5000, 19.9671, 12.4568, 15.6050, 0.5000, 217.98
658, 817, 31, 10, 1.0000, 6.1254, 6.1243, 0.1164, 1.0000, 217.96
658, 798, 74, 27, 0.6222, 30.7940, 27.9049, 13.0226, 0.3111, 210.80
658, 838, 114, 19, 0.8222, 5.1744, 2.6471, 4.4460, 0.5756, 175.64
658, 842, 47, 97, 0.6000, 48.4337, -47.0402, -11.5344, 0.1800, 130.67
658, 675, 133, 53, 0.7000, 2.1248, 1.9983, 0.7221, 0.7000, 225.36
659, 798, 79, 41, 0.6806, 14.9585, 5.7167, 13.8231, 0.4083, 206.00
659, 838, 124, 27, 0.8778, 12.3147, 9.4802, 7.8599, 0.7022, 169.19
659, 842, 28, 75, 0.6556, 30.3263, -21.0994, -21.7830, 0.2622, 148.50
659, 675, 135, 54, 0.6000, 2.1248, 1.9983, 0.7221, 0.6000, 225.36
660, 838, 127, 29, 0.9333, 3.6258, 3.2154, 1.6756, 0.8400, 163.28
660, 842, 29, 28, 0.7111, 45.1477, -0.7947, -45.1407, 0.3556, 160.80
660, 675, 137, 55, 0.5000, 2.1248, 1.9983, 0.7221, 0.5000, 225.36
661, 815, 3, 50, 0.6000, 14.2616, -3.9190, -13.7126, 0.1800, 187.00
661, 838, 130, 31, 0.8333, 3.6258, 3.2154, 1.6756, 0.7500, 163.28
661, 842, 28, -17, 0.6111, 45.1477, -0.7947, -45.1407, 0.3056, 160.80
662, 815, 0, 29, 0.6556, 20.8659, -3.2668, -20.6086, 0.2622, 192.00
662, 785, 96, 12, 1.0000, 0.0361, 0.0355, 0.0068, 1.0000, 178.87
662, 838, 133, 32, 0.7333, 3.6258, 3.2154, 1.6756, 0.6600, 163.28
663, 815, 0, 12, 0.7111, 16.8963, -0.5348, -16.8879, 0.3556, 196.20
663, 794, 93, 18, 0.5625, 72.1417, 41.1182, -59.2766, 0.2250, 186.75
663, 838, 127, 31, 0.9889, 0.9591, -0.8609, 0.4228, 0.9889, 157.35
663, 844, 119, 17, 0.6000, 37.0253, 35.5651, 10.2952, 0.1800, 186.00
664, 815, 1, 12, 0.7667, 2.1597, 1.0704, -1.8758, 0.4600, 199.42
664, 816, 118, 11, 1.0000, 1.7994, -1.0534, 1.4588, 1.0000, 197.50
664, 794, 125, 0, 0.6222, 39.5369, 33.1599, -21.5311, 0.3111, 195.00
664, 844, 116, 46, 0.6556, 27.3960, 0.6982, 27.3871, 0.2622, 175.25
665, 827, 51, 41, 0.6000, 76.8652, -76.1126, -10.7298, 0.1800, 153.33
665, 828, 42, 48, 0.6000, 77.8358, -77.0914, -10.7387, 0.1800, 144.67
665, 794, 130, 2, 0.6806, 6.9179, 6.8966, 0.5420, 0.4083, 204.67
665, 846, 15, 2, 0.6000, 32.8179, -25.0196, -21.2376, 0.1800, 209.00
665, 844, 117, 74, 0.5556, 27.3960, 0.6982, 27.3871, 0.2222, 175.25
666, 827, 53, 15, 0.6556, 25.3304, -5.2512, -24.7802, 0.2622, 168.75
666, 828, 29, 25, 0.6556, 29.3815, -19.0382, -22.3789, 0.2622, 158.75
666, 846, 0, 11, 0.6556, 17.3998, -16.1370, 6.5077, 0.2622, 218.25
667, 827, 44, 0, 0.7111, 17.9805, -9.4597, -15.2909, 0.3556, 181.20
667, 828, 3, 13, 0.7111, 28.4858, -25.7827, -12.1116, 0.3556, 171.40
667, 844, 112, 122, 0.7111, 24.7148, -1.9675, 24.6364, 0.3556, 156.60
667, 846, -2, 29, 0.7111, 17.8366, -2.7615, 17.6215, 0.3556, 216.20
668, 837, 115, 41, 0.6000, 39.7739, 1.9402, 39.7266, 0.1800, 143.67
668, 819, 108, 113, 0.5625, 0.0914, 0.0760, 0.0507, 0.2250, 107.00
669, 819, 109, 113, 0.6722, 0.7663, 0.7658, -0.0256, 0.3361, 107.80
669, 837, 117, 81, 0.5000, 39.7739, 1.9402, 39.7266, 0.1500, 143.67
670, 837, 117, 123, 0.6556, 40.9003, 0.9320, 40.8897, 0.2622, 131.25
670, 850, 28, 8, 0.6000, 74.1593, -73.9493, -5.5772, 0.1800, 173.67
670, 818, 52, 110, 0.5625, 1.0198, 1.0198, 0.0000, 0.2250, 162.00
670, 855, 88, 121, 0.6000, 1.9226, 1.9224, 0.0293, 0.1800, 193.33
670, 819, 110, 113, 0.5722, 0.7663, 0.7658, -0.0256, 0.2861, 107.80
671, 837, 117, 128, 0.7111, 6.7053, 0.1031, 6.7045, 0.3556, 121.00
671, 819, 112, 114, 0.7306, 1.7547, 1.6609, 0.5660, 0.4383, 109.50
671, 850, -3, 16, 0.6556, 34.9578, -34.3234, 6.6297, 0.2622, 191.75
671, 855, 89, 121, 0.7056, 1.2354, 1.2354, -0.0065, 0.2822, 196.50
672, 819, 113, 114, 0.7881, 1.1605, 1.1539, 0.1230, 0.5517, 111.14
672, 850, -5, 38, 0.7111, 20.9959, -4.0242, 20.6066, 0.3556, 193.40
672, 818, 56, 110, 0.6722, 2.1137, 2.1137, 0.0000, 0.3361, 160.40
672, 855, 90, 122, 0.7611, 1.2541, 0.9603, 0.8066, 0.3806, 194.40
673, 845, 76, 66, 0.6000, 62.6629, -42.3390, 46.1957, 0.1800, 173.33
673, 819, 115, 115, 0.8451, 1.9386, 1.7757, 0.7778, 0.6761, 109.31
673, 818, 70, 125, 0.6806, 19.8230, 13.7948, 14.2357, 0.4083, 153.33
673, 851, 25, 15, 0.6000, 30.1532, -29.6296, 5.5947, 0.1800, 209.33
673, 855, 91, 122, 0.8167, 0.9907, 0.9564, 0.2586, 0.4900, 199.33
673, 850, -9, 58, 0.6111, 20.9959, -4.0242, 20.6066, 0.3056, 193.40
674, 786, 28, 73, 0.5625, 51.4563, 15.6814, -49.0086, 0.2250, 163.50
674, 804, 36, 5, 0.5625, 36.8184, 14.5045, -33.8410, 0.2250, 204.25
674, 845, 46, 89, 0.6556, 39.9146, -30.8375, 25.3421, 0.2622, 172.75
674, 819, 116, 115, 0.9019, 1.2549, 1.2324, 0.2370, 0.8117, 109.39
674, 818, 73, 128, 0.7381, 4.8322, 3.2118, 3.6104, 0.5167, 153.43
674, 855, 91, 123, 0.8722, 0.8068, 0.1834, 0.7857, 0.6106, 202.86
674, 851, -4, 20, 0.5000, 30.1532, -29.6296, 5.5947, 0.1500, 209.33
675, 786, 40, 6, 0.6222, 66.2875, 12.2662, -65.1427, 0.3111, 176.20
675, 804, 38, -1, 0.6222, 9.0725, 2.5841, -8.6967, 0.3111, 206.40
675, 845, 44, 90, 0.7111, 4.9382, -4.4041, 2.2337, 0.3556, 172.40
675, 819, 117, 115, 0.9583, 0.9749, 0.9746, -0.0241, 0.9583, 110.35
675, 818, 72, 126, 0.7951, 1.6635, -0.7457, -1.4870, 0.6361, 151.50
675, 851, 4, 41, 0.6556, 16.1514, -7.8375, 14.1224, 0.2622, 209.00
675, 855, 92, 123, 0.9278, 0.7710, 0.7378, 0.2239, 0.7422, 206.25
676, 804, 51, 7, 0.6806, 14.6739, 12.8420, 7.0998, 0.4083, 206.33
676, 819, 119, 116, 1.0000, 1.9103, 1.7549, 0.7547, 1.0000, 107.77
676, 851, 33, 116, 0.7111, 77.9814, 27.3926, 73.0119, 0.3556, 196.00
676, 855, 93, 124, 0.9833, 1.2783, 1.0208, 0.7694, 0.8850, 209.33
676, 826, 80, 29, 0.5625, 32.6610, 26.8595, 18.5824, 0.2250, 198.25
676, 786, 52, -59, 0.5222, 66.2875, 12.2662, -65.1427, 0.2611, 176.20
677, 843, 7, 29, 0.6000, 80.3026, -8.7613, -79.8233, 0.1800, 179.33
677, 846, 80, 42, 1.0000, 3.8403, 3.7346, 0.8948, 1.0000, 234.64
677, 819, 119, 116, 1.0000, 0.5418, 0.4734, 0.2635, 1.0000, 106.79
677, 855, 94, 124, 1.0000, 1.0675, 1.0422, 0.2311, 1.0000, 213.40
677, 826, 118, 28, 0.6222, 36.6393, 36.6328, 0.6917, 0.3111, 198.40
678, 828, 14, 123, 1.0000, 0.7714, -0.7704, -0.0401, 1.0000, 173.73
678, 794, 5, 25, 1.0000, 8.2248, -0.1901, 8.2226, 1.0000, 210.69
678, 843, 18, 9, 0.6556, 27.0081, 9.1804, -25.3999, 0.2622, 190.00
678, 819, 119, 116, 1.0000, 0.0743, -0.0735, -0.0106, 1.0000, 104.88
678, 855, 95, 124, 1.0000, 1.0120, 1.0117, -0.0243, 1.0000, 210.50
678, 826, 129, 54, 0.6806, 27.9099, 12.9742, 24.7110, 0.4083, 180.50
679, 843, 22, 13, 0.7111, 4.7048, 3.8995, 2.6322, 0.3556, 195.00
679, 819, 122, 117, 1.0000, 3.1249, 3.0356, 0.7417, 1.0000, 106.04
679, 855, 96, 125, 1.0000, 1.2463, 0.9984, 0.7460, 1.0000, 212.54
679, 857, 112, 11, 0.7056, 1.1083, 0.7775, -0.7898, 0.2822, 159.00
680, 819, 124, 118, 1.0000, 2.1563, 1.8850, 1.0470, 1.0000, 104.97
680, 852, 41, 78, 0.6000, 39.1887, 36.4484, -14.3968, 0.1800, 172.67
680, 855, 97, 125, 1.0000, 1.0334, 0.9978, 0.2689, 1.0000, 215.12
680, 857, 113, 10, 0.7611, 1.4849, 1.0462, -1.0538, 0.3806, 156.40
681, 840, 125, 39, 0.6000, 79.7318, 63.6689, -47.9941, 0.1800, 160.00
681, 819, 126, 118, 1.0000, 1.8341, 1.8126, 0.2803, 1.0000, 103.84
681, 852, 102, 18, 0.6556, 80.5242, 58.3632, -55.4787, 0.2622, 167.50
681, 855, 98, 126, 1.0000, 1.2623, 0.9994, 0.7710, 1.0000, 215.25
681, 857, 113, 10, 0.8167, 0.3289, 0.2322, -0.2330, 0.4900, 154.00
682, 819, 127, 119, 1.0000, 1.3829, 1.1775, 0.7252, 1.0000, 104.56
682, 855, 99, 126, 1.0000, 1.0297, 1.0001, 0.2453, 1.0000, 217.70
682, 857, 113, 10, 0.8722, 0.0880, -0.0619, 0.0626, 0.6106, 151.57
682, 862, 31, 12, 0.6000, 1.4008, -0.9905, 0.9905, 0.1800, 216.33
682, 863, 40, 34, 0.6000, 23.8422, 17.3896, 16.3111, 0.1800, 207.67
682, 840, 189, -9, 0.5000, 79.7318, 63.6689, -47.9941, 0.1500, 160.00
682, 852, 160, -37, 0.5556, 80.5242, 58.3632, -55.4787, 0.2222, 167.50
683, 855, 100, 126, 1.0000, 1.0003, 1.0001, -0.0177, 1.0000, 213.66
683, 857, 113, 10, 0.9278, 0.0721, -0.0508, 0.0512, 0.7422, 149.75
683, 858, 97, 4, 0.6000, 0.8672, 0.8672, 0.0000, 0.1800, 168.33
683, 862, 28, 2, 0.6556, 8.9578, -2.6071, -8.5700, 0.2622, 219.00
683, 863, 53, 75, 0.6556, 40.1131, 12.6958, 38.0510, 0.2622, 204.25
683, 819, 128, 120, 0.9000, 1.3829, 1.1775, 0.7252, 0.9000, 104.56
684, 772, 14, 52, 0.5400, 6.5482, 2.9279, 5.8571, 0.2700, 197.20
684, 849, 6, 53, 0.6000, 29.1454, -6.8381, -28.3319, 0.1800, 176.33
684, 855, 100, 127, 1.0000, 0.7603, 0.2354, 0.7229, 1.0000, 214.44
684, 826, 102, 74, 1.0000, 4.5556, -4.1446, 1.8908, 1.0000, 213.25
684, 857, 122, 7, 0.9333, 8.3303, 7.9807, -2.3881, 0.8400, 147.78
684, 858, 98, 5, 0.7056, 1.3455, 1.0784, 0.8047, 0.2822, 169.00
684, 862, 29, 11, 0.7111, 7.8388, 0.9376, 7.7826, 0.3556, 219.40
684, 863, 74, 112, 0.7111, 42.6591, 20.4921, 37.4149, 0.3556, 193.80
684, 819, 129, 120, 0.8000, 1.3829, 1.1775, 0.7252, 0.8000, 104.56
685, 849, 1, 16, 0.6556, 36.3329, -5.5314, -35.9094, 0.2622, 184.88
685, 826, 97, 76, 1.0000, 5.2515, -4.8278, 2.0667, 1.0000, 215.12
685, 857, 124, 8, 0.9889, 2.6890, 2.6890, -0.0110, 0.9889, 146.30
685, 858, 99, 5, 0.7611, 1.0705, 1.0407, 0.2506, 0.3806, 172.40
685, 862, 20, 24, 0.7667, 15.0344, -8.2883, 12.5434, 0.4600, 217.83
685, 819, 131, 121, 0.7000, 1.3829, 1.1775, 0.7252, 0.7000, 104.56
685, 855, 100, 128, 0.9000, 0.7603, 0.2354, 0.7229, 0.9000, 214.44
685, 863, 94, 150, 0.6111, 42.6591, 20.4921, 37.4149, 0.3056, 193.80
686, 847, 55, 12, 0.6000, 11.1761, 6.8615, -8.8219, 0.1800, 199.00
686, 772, 12, 60, 0.6000, 4.1305, -1.3988, 3.8864, 0.3600, 195.83
686, 857, 123, 8, 1.0000, 0.3647, -0.1752, 0.3198, 1.0000, 145.09
686, 756, 62, 30, 0.5250, 66.9573, -35.8127, -56.5751, 0.3150, 145.83
686, 858, 100, 6, 0.8167, 1.2741, 1.0027, 0.7861, 0.4900, 170.83
686, 862, 12, 42, 0.8222, 19.5237, -8.4555, 17.5977, 0.5756, 216.14
686, 839, 98, 86, 0.5625, 28.0236, 25.9524, 10.5732, 0.2250, 173.50
686, 867, 10, 21, 0.6000, 1.3802, 0.9612, -0.9905, 0.1800, 219.33
686, 868, 110, 14, 0.6000, 13.6351, -9.5827, -9.7000, 0.1800, 137.67
686, 869, 19, 26, 0.6000, 3.8458, 3.8448, -0.0880, 0.1800, 213.67
686, 849, -5, -20, 0.5556, 36.3329, -5.5314, -35.9094, 0.2222, 184.88
686, 819, 132, 122, 0.6000, 1.3829, 1.1775, 0.7252, 0.6000, 104.56
686, 855, 101, 128, 0.8000, 0.7603, 0.2354, 0.7229, 0.8000, 214.44
686, 863, 115, 187, 0.5111, 42.6591, 20.4921, 37.4149, 0.2556, 193.80
687, 847, 46, 4, 0.6556, 11.0499, -7.2439, -8.3442, 0.2622, 207.25
687, 858, 101, 7, 0.8722, 1.4317, 0.9955, 1.0290, 0.6106, 170.43
687, 859, 48, 18, 0.6000, 8.9499, 4.7401, 7.5916, 0.1800, 207.33
687, 865, 48, 76, 0.6000, 47.1511, -30.8909, 35.6227, 0.1800, 202.67
687, 839, 107, 85, 0.6222, 10.6903, 10.6903, 0.0087, 0.3111, 161.80
687, 867, 18, 26, 0.6556, 8.7049, 7.4038, 4.5782, 0.2622, 219.50
687, 868, 75, 14, 0.6556, 33.3559, -33.3279, -1.3673, 0.2622, 149.00
687, 869, 36, 22, 0.6556, 16.3539, 16.0430, -3.1739, 0.2622, 214.00
687, 772, 11, 64, 0.5000, 4.1305, -1.3988, 3.8864, 0.3000, 195.83
687, 819, 133, 123, 0.5000, 1.3829, 1.1775, 0.7252, 0.5000, 104.56
687, 855, 101, 129, 0.7000, 0.7603, 0.2354, 0.7229, 0.7000, 214.44
687, 857, 123, 8, 0.9000, 0.3647, -0.1752, 0.3198, 0.9000, 145.09
688, 847, 16, 12, 0.7111, 29.0075, -28.2439, 6.6120, 0.3556, 209.40
688, 772, 45, 79, 0.6587, 22.0264, 19.5006, 10.2416, 0.4611, 195.43
688, 858, 101, 7, 0.9278, 0.3048, 0.1949, 0.2344, 0.7422, 169.12
688, 859, 85, 17, 0.6556, 34.8689, 34.8679, 0.2665, 0.2622, 196.50
688, 865, 11, 106, 0.6556, 47.4690, -36.8260, 29.9525, 0.2622, 193.75
688, 839, 108, 81, 0.6806, 3.8457, 0.9562, -3.7249, 0.4083, 152.00
688, 867, 23, 42, 0.7111, 16.2783, 5.4257, 15.3474, 0.3556, 218.20
688, 868, 44, 44, 0.7111, 42.0908, -31.0872, 28.3764, 0.3556, 159.20
688, 869, 62, 26, 0.7111, 24.9989, 24.8074, 3.0884, 0.3556, 211.00
688, 855, 101, 130, 0.6000, 0.7603, 0.2354, 0.7229, 0.6000, 214.44
688, 857, 123, 9, 0.8000, 0.3647, -0.1752, 0.3198, 0.8000, 145.09
689, 857, 125, 10, 1.0000, 1.0285, 0.6743, 0.7766, 1.0000, 143.67
689, 858, 100, 8, 0.9833, 1.1395, -0.8660, 0.7406, 0.8850, 167.78
689, 859, 85, 5, 0.7111, 11.5919, 2.1270, -11.3951, 0.3556, 192.80
689, 867, 36, 59, 0.7667, 20.4613, 12.1269, 16.4804, 0.4600, 214.00
689, 869, 91, 32, 0.7667, 29.8667, 29.3628, 5.4632, 0.4600, 203.17
689, 870, 38, 7, 0.6000, 50.1188, -45.3508, -21.3354, 0.1800, 194.67
689, 855, 101, 130, 0.5000, 0.7603, 0.2354, 0.7229, 0.5000, 214.44
689, 865, -26, 136, 0.5556, 47.4690, -36.8260, 29.9525, 0.2222, 193.75
689, 839, 109, 77, 0.5806, 3.8457, 0.9562, -3.7249, 0.3483, 152.00
689, 868, 13, 73, 0.6111, 42.0908, -31.0872, 28.3764, 0.3056, 159.20
690, 819, 120, 122, 1.0000, 1.7213, -1.7028, 0.2518, 1.0000, 103.25
690, 857, 115, 14, 1.0000, 10.2344, -9.2464, 4.3872, 1.0000, 143.15
690, 858, 102, 9, 1.0000, 2.2998, 2.0640, 1.0145, 1.0000, 167.10
690, 867, 47, 79, 0.8222, 22.5160, 11.2816, 19.4858, 0.5756, 210.14
690, 871, 77, 26, 0.6000, 38.3758, -14.4180, -35.5644, 0.1800, 219.00
690, 869, 121, 37, 0.6667, 29.8667, 29.3628, 5.4632, 0.4000, 203.17
690, 870, -8, -15, 0.5000, 50.1188, -45.3508, -21.3354, 0.1500, 194.67
691, 819, 95, 114, 1.0000, 25.8362, -24.5353, -8.0951, 1.0000, 103.45
691, 857, 102, 9, 1.0000, 14.0463, -13.3707, -4.3038, 1.0000, 143.86
691, 858, 104, 9, 1.0000, 1.6382, 1.6191, 0.2497, 1.0000, 166.18
691, 866, 125, 8, 0.6000, 5.7023, -0.9487, -5.6228, 0.1800, 152.67
691, 867, 63, 112, 0.8778, 36.1182, 15.8114, 32.4734, 0.7022, 202.25
691, 871, 46, 42, 0.6556, 31.6265, -29.6238, 11.0754, 0.2622, 214.50
691, 869, 150, 43, 0.5667, 29.8667, 29.3628, 5.4632, 0.3400, 203.17
692, 847, 15, 12, 0.8778, 1.4272, 1.1890, -0.7894, 0.7022, 216.38
692, 864, 109, 45, 0.6000, 36.3327, 35.5145, 7.6675, 0.1800, 185.33
692, 866, 126, 7, 0.6556, 1.5415, 0.5725, -1.4312, 0.2622, 149.25
692, 871, 20, 41, 0.7111, 26.9147, -26.9124, -0.3485, 0.3556, 211.80
692, 858, 106, 9, 0.9000, 1.6382, 1.6191, 0.2497, 0.9000, 166.18
692, 867, 79, 144, 0.7778, 36.1182, 15.8114, 32.4734, 0.6222, 202.25
693, 854, 89, 115, 0.6000, 59.7799, 59.7478, -1.9600, 0.1800, 134.00
693, 858, 106, 11, 1.0000, 1.3455, 0.8828, 1.0153, 1.0000, 165.08
693, 777, 52, 38, 0.5400, 35.2887, 35.0844, 3.7921, 0.2700, 198.20
693, 866, 114, 12, 0.7111, 11.8737, -11.0673, 4.3011, 0.3556, 147.00
693, 864, 145, 52, 0.5000, 36.3327, 35.5145, 7.6675, 0.1500, 185.33
693, 867, 95, 177, 0.6778, 36.1182, 15.8114, 32.4734, 0.5422, 202.25
693, 871, -7, 41, 0.6111, 26.9147, -26.9124, -0.3485, 0.3056, 211.80
694, 854, 92, 109, 0.6556, 9.3526, 7.7589, -5.2220, 0.2622, 130.75
694, 858, 107, 11, 1.0000, 0.9679, 0.9375, 0.2408, 1.0000, 163.85
694, 864, 124, 15, 0.6556, 18.7767, 2.9771, -18.5391, 0.2622, 191.50
694, 777, 72, 38, 0.6000, 21.5282, 21.5077, 0.9380, 0.3600, 198.50
694, 866, 100, 9, 0.7667, 13.5877, -13.3566, -2.4955, 0.4600, 149.83
695, 854, 96, 114, 0.7111, 5.3901, 4.1015, 3.4973, 0.3556, 127.40
695, 836, 19, 47, 0.5625, 74.6782, 11.6470, -73.7643, 0.2250, 188.00
695, 858, 108, 12, 1.0000, 1.2330, 0.9935, 0.7302, 1.0000, 165.00
695, 864, 122, 11, 0.7111, 4.6895, -1.9193, -4.2787, 0.3556, 186.80
695, 777, 82, 20, 0.6587, 20.1712, 10.5108, -17.2163, 0.4611, 196.00
695, 866, 86, 7, 0.8222, 14.3459, -14.1799, -2.1757, 0.5756, 152.29
696, 773, 4, 59, 0.5400, 47.0267, -27.4284, 38.1994, 0.2700, 204.20
696, 836, 39, -1, 0.6222, 53.4275, 19.4624, -49.7565, 0.3111, 192.70
696, 858, 109, 13, 1.0000, 1.4221, 1.0061, 1.0051, 1.0000, 164.53
696, 738, 50, 82, 0.5143, 31.0846, -11.5344, -28.8653, 0.3600, 157.71
697, 825, 31, 120, 0.5625, 49.4106, -47.9920, 11.7547, 0.2250, 139.75
697, 858, 110, 13, 1.0000, 1.0392, 1.0032, 0.2710, 1.0000, 164.44
697, 835, 18, 42, 0.5625, 77.6224, -52.4049, -57.2622, 0.2250, 174.50
697, 738, 21, 31, 0.5722, 56.0065, -27.3715, -48.8624, 0.4578, 164.88
697, 836, 58, -50, 0.5222, 53.4275, 19.4624, -49.7565, 0.2611, 192.70
698, 773, -1, 120, 0.6000, 29.6670, 1.6115, 29.6232, 0.3600, 195.17
698, 825, -2, 124, 0.6222, 35.0073, -34.6460, 5.0165, 0.3111, 143.40
698, 858, 111, 14, 1.0000, 1.2346, 1.0003, 0.7237, 1.0000, 163.71
698, 805, 109, 71, 0.5400, 53.9505, 46.2151, 27.8355, 0.2700, 174.60
698, 812, 60, 100, 0.5400, 41.7320, 40.3704, 10.5732, 0.2700, 172.00
699, 858, 102, 9, 1.0000, 9.2041, -8.1252, -4.3239, 1.0000, 163.28
699, 812, 104, 116, 0.6000, 46.3480, 43.5075, 15.9759, 0.3600, 159.50
699, 773, 1, 150, 0.5000, 29.6670, 1.6115, 29.6232, 0.3000, 195.17
699, 825, -37, 129, 0.5222, 35.0073, -34.6460, 5.0165, 0.2611, 143.40
700, 773, 11, 102, 0.6587, 17.7519, 6.4384, -16.5432, 0.4611, 190.57
700, 858, 99, 8, 1.0000, 3.7343, -3.2849, -1.7760, 1.0000, 164.05
700, 860, 56, 21, 0.6000, 18.6620, 18.5591, 1.9564, 0.1800, 205.00
700, 812, 110, 119, 0.6587, 9.3024, 8.5524, 3.6594, 0.4611, 151.43
700, 875, 62, 98, 0.6000, 41.6988, -37.4868, -18.2628, 0.1800, 127.33
701, 860, 71, 37, 0.6556, 21.3291, 15.3567, 14.8021, 0.2622, 214.00
701, 875, 55, 37, 0.6556, 57.7375, -10.1191, -56.8439, 0.2622, 143.50
702, 860, 73, 41, 0.7111, 5.0044, 2.4978, 4.3364, 0.3556, 220.00
702, 875, 50, 3, 0.7111, 36.0461, -5.0566, -35.6896, 0.3556, 155.60
702, 729, 113, 18, 0.5143, 1.9517, 0.0000, 1.9517, 0.3600, 144.79
702, 856, 81, 28, 0.5625, 19.3438, 8.6508, -17.3016, 0.2250, 195.75
703, 777, 109, 19, 1.0000, 23.1466, 22.0989, -6.8849, 1.0000, 180.13
703, 729, 115, 17, 0.6222, 1.6385, 1.5967, -0.3678, 0.4978, 146.56
703, 856, 98, 8, 0.6222, 25.1357, 16.3372, -19.1023, 0.3111, 191.00
704, 777, 118, 8, 1.0000, 14.2268, 8.3523, -11.5170, 1.0000, 177.31
704, 729, 116, 18, 0.6796, 1.3856, 1.3070, 0.4600, 0.6117, 146.67
704, 856, 101, 6, 0.6806, 5.5262, 4.0061, -3.8067, 0.4083, 185.83
704, 824, 8, 121, 0.5400, 15.0358, -10.6612, 10.6025, 0.2700, 157.40
704, 877, 50, 6, 0.6000, 24.0736, 21.1464, -11.5051, 0.1800, 205.67
704, 878, 86, 0, 0.6000, 14.6076, -1.9517, -14.4766, 0.1800, 172.67
705, 729, 117, 16, 0.7367, 1.7550, 1.0197, -1.4284, 0.7367, 145.20
705, 824, 3, 113, 0.6000, 8.4779, -5.5776, -6.3848, 0.3600, 157.17
705, 877, 28, 41, 0.6556, 35.2533, -18.3450, 30.1041, 0.2622, 201.25
705, 878, 87, -1, 0.6556, 2.4937, 0.3678, -2.4664, 0.2622, 172.00
705, 777, 126, -4, 0.9000, 14.2268, 8.3523, -11.5170, 0.9000, 177.31
705, 856, 105, 2, 0.5806, 5.5262, 4.0061, -3.8067, 0.3483, 185.83
706, 729, 119, 18, 0.7934, 2.6002, 1.7739, 1.9012, 0.7934, 144.09
706, 824, 9, 123, 0.6587, 10.3468, 5.2590, 8.9106, 0.4611, 155.71
706, 877, 37, 54, 0.7111, 16.4381, 7.1663, 14.7938, 0.3556, 201.40
706, 879, 101, 41, 0.6000, 27.7849, -16.7317, 22.1822, 0.1800, 149.00
706, 878, 87, -3, 0.5556, 2.4937, 0.3678, -2.4664, 0.2222, 172.00
707, 812, 118, 119, 0.9444, 2.2453, 2.2425, 0.1128, 0.9444, 127.25
707, 729, 120, 20, 0.8500, 2.0404, 1.2488, 1.6136, 0.8500, 146.08
707, 878, 99, 8, 0.7111, 8.7939, 6.9773, 5.3525, 0.3556, 169.60
707, 879, 98, 108, 0.6556, 62.9570, -4.2377, 62.8142, 0.2622, 137.00
708, 729, 121, 21, 0.9064, 1.4571, 0.9781, 1.0800, 0.9064, 147.54
708, 879, 94, 171, 0.5556, 62.9570, -4.2377, 62.8142, 0.2222, 137.00
709, 729, 122, 21, 0.9627, 0.9703, 0.9599, 0.1418, 0.9627, 147.64
709, 881, 25, 119, 0.6000, 66.2769, -9.3714, 65.6111, 0.1800, 192.67
710, 729, 123, 22, 1.0000, 1.2138, 0.9895, 0.7029, 1.0000, 146.53
710, 776, 29, 6, 0.5250, 40.7120, 19.6683, -35.6458, 0.3150, 209.00
710, 883, 84, 16, 0.6000, 14.6406, -5.7672, 13.4568, 0.1800, 172.00
710, 881, 15, 185, 0.5000, 66.2769, -9.3714, 65.6111, 0.1500, 192.67
711, 729, 124, 23, 1.0000, 1.4255, 1.0018, 1.0141, 1.0000, 146.56
711, 776, 27, 0, 0.5841, 8.2410, 0.1946, -8.2387, 0.4089, 209.86
711, 883, 38, 44, 0.6556, 50.6322, -42.8260, 27.0102, 0.2622, 181.25
711, 890, 33, 118, 0.6000, 15.7620, 6.2090, 14.4876, 0.1800, 190.33
711, 833, 105, 115, 0.5400, 0.9612, 0.9612, 0.0000, 0.2700, 105.20
712, 729, 125, 23, 1.0000, 1.0339, 1.0020, 0.2547, 1.0000, 147.29
712, 880, 115, 31, 0.7056, 3.3361, -3.2742, -0.6400, 0.2822, 123.00
712, 776, 55, -1, 0.6424, 26.0960, 26.0561, -1.4434, 0.5139, 207.88
712, 883, 15, 86, 0.7111, 47.3381, -23.9371, 40.8401, 0.3556, 179.80
712, 890, 20, 111, 0.6556, 13.6956, -12.3628, -5.8932, 0.2622, 183.75
712, 833, 107, 116, 0.6500, 1.9831, 1.8152, 0.7984, 0.3900, 105.50
713, 729, 126, 24, 1.0000, 1.2426, 1.0005, 0.7369, 1.0000, 146.00
713, 890, 11, 121, 0.7111, 12.7908, -9.4754, 8.5920, 0.3556, 176.20
713, 833, 107, 116, 0.7087, 0.5092, 0.4451, 0.2474, 0.4961, 104.36
713, 880, 112, 30, 0.6056, 3.3361, -3.2742, -0.6400, 0.2422, 123.00
713, 776, 81, -3, 0.5424, 26.0960, 26.0561, -1.4434, 0.4339, 207.88
713, 883, -9, 127, 0.6111, 47.3381, -23.9371, 40.8401, 0.3056, 179.80
714, 729, 127, 25, 1.0000, 1.4205, 0.9999, 1.0090, 1.0000, 146.05
714, 880, 75, 74, 0.7111, 33.6308, -22.6887, 24.8244, 0.3556, 136.80
714, 833, 107, 116, 0.7667, 0.0997, -0.0963, -0.0259, 0.6133, 102.69
715, 729, 125, 23, 1.0000, 1.8564, -1.3324, -1.2925, 1.0000, 144.80
715, 880, 53, 96, 0.7667, 31.5560, -22.0202, 22.6029, 0.4600, 141.33
715, 833, 107, 116, 0.8241, 0.0982, -0.0893, -0.0407, 0.7417, 101.39
716, 833, 111, 117, 0.8811, 4.0776, 3.9996, 0.7933, 0.8811, 102.95
716, 729, 124, 22, 0.9000, 1.8564, -1.3324, -1.2925, 0.9000, 144.80
717, 778, 5, 52, 0.5250, 65.9381, -48.5292, -44.6402, 0.3150, 180.17
717, 833, 125, 124, 0.8879, 14.9026, 13.3308, 6.6617, 0.8879, 99.23
717, 729, 123, 21, 0.8000, 1.8564, -1.3324, -1.2925, 0.8000, 144.80
718, 778, 11, 42, 0.5841, 12.7158, 0.8012, -12.6905, 0.4089, 183.14
718, 833, 123, 122, 0.9444, 1.3593, -0.8487, -1.0617, 0.9444, 96.12
718, 895, 27, 54, 0.6000, 29.2235, 26.8256, 11.5930, 0.1800, 205.00
719, 778, 18, 4, 0.6424, 37.3270, 6.9444, -36.6753, 0.5139, 185.50
719, 895, 61, 84, 0.6556, 43.5951, 33.2826, 28.1568, 0.2622, 195.25
720, 841, 118, 117, 0.5400, 2.2019, 1.9810, -0.9612, 0.2700, 97.50
720, 899, 30, 54, 0.6000, 11.5525, -8.6215, 7.6896, 0.1800, 201.33
720, 900, 0, 54, 0.6000, 34.7476, -2.8250, -34.6325, 0.1800, 235.33
720, 902, 6, 89, 0.6000, 37.5361, -1.9224, -37.4868, 0.1800, 199.00
720, 895, 94, 112, 0.5556, 43.5951, 33.2826, 28.1568, 0.2222, 195.25
721, 841, 119, 119, 0.6500, 1.8422, 1.2223, 1.3782, 0.3900, 96.92
721, 898, 80, 26, 0.6556, 16.9275, -15.9738, -5.6016, 0.2622, 168.00
721, 899, 38, 57, 0.6556, 6.8785, 6.0104, 3.3449, 0.2622, 198.00
721, 900, 36, 43, 0.6556, 34.7705, 32.0642, -13.4488, 0.2622, 228.25
721, 902, 8, 83, 0.6556, 9.3926, 1.1597, -9.3207, 0.2622, 212.50
722, 890, 2, 39, 1.0000, 1.1913, 1.0551, -0.5532, 1.0000, 188.57
722, 891, 17, 18, 0.6000, 77.5885, 14.4784, -76.2257, 0.1800, 179.33
722, 900, 71, 38, 0.7111, 35.1008, 34.6472, -5.6246, 0.3556, 226.20
722, 902, 10, 84, 0.7111, 2.3853, 2.2185, 0.8764, 0.3556, 215.30
722, 904, 98, 8, 0.6000, 8.1576, -7.6310, 2.8836, 0.1800, 155.17
722, 841, 120, 120, 0.5500, 1.8422, 1.2223, 1.3782, 0.3300, 96.92
722, 898, 64, 20, 0.5556, 16.9275, -15.9738, -5.6016, 0.2222, 168.00
722, 899, 44, 60, 0.5556, 6.8785, 6.0104, 3.3449, 0.2222, 198.00
723, 891, 43, -7, 0.6556, 38.4625, 24.1920, -29.9017, 0.2622, 196.75
723, 898, 12, 35, 0.7111, 37.8636, -37.2926, 6.5509, 0.3556, 174.40
723, 899, 50, 90, 0.7111, 20.0405, 6.1120, 19.0857, 0.3556, 193.90
723, 904, 114, 17, 0.6556, 15.9499, 13.4076, 8.6392, 0.2622, 152.12
724, 891, 48, -4, 0.7111, 6.5925, 6.5422, 0.8131, 0.3556, 206.60
724, 841, 123, 120, 0.7087, 1.3312, 1.3139, 0.2139, 0.4961, 98.79
724, 904, 112, 29, 0.7111, 11.2754, -0.5995, 11.2594, 0.3556, 150.30
725, 832, 2, 92, 0.5400, 16.5239, -0.9684, -16.4955, 0.2700, 185.20
725, 891, 54, -3, 0.6111, 6.5925, 6.5422, 0.8131, 0.3056, 206.60
725, 841, 124, 120, 0.6087, 1.3312, 1.3139, 0.2139, 0.4261, 98.79
725, 904, 112, 40, 0.6111, 11.2754, -0.5995, 11.2594, 0.3056, 150.30
726, 832, 40, 50, 0.6000, 51.7958, 34.1305, -38.9604, 0.3600, 188.83
726, 841, 123, 120, 0.7667, 0.1847, -0.1779, -0.0499, 0.6133, 97.69
726, 906, 28, 1, 0.6000, 14.5786, -14.4473, -1.9517, 0.1800, 218.33
726, 907, 14, 13, 0.6000, 1.3802, 0.9905, 0.9612, 0.1800, 214.33
727, 832, 76, 41, 0.6587, 37.4539, 35.8446, -10.8610, 0.4611, 191.00
727, 886, 35, 52, 0.6000, 39.7213, -23.3670, 32.1211, 0.1800, 207.67
727, 896, 3, 82, 0.6000, 0.9562, 0.0050, -0.9562, 0.1800, 174.33
727, 841, 126, 122, 0.8241, 3.6427, 3.2472, 1.6507, 0.7417, 102.06
727, 902, 4, 92, 0.9889, 2.7942, 0.7109, 2.7022, 0.9889, 200.65
727, 906, 14, 0, 0.6556, 14.5005, -14.4484, -1.2289, 0.2622, 214.50
727, 907, 26, 3, 0.6556, 14.7430, 11.3891, -9.3618, 0.2622, 216.25
728, 886, 31, 116, 0.6556, 61.0656, -5.3276, 60.8328, 0.2622, 191.75
728, 896, 3, 83, 0.7056, 0.5703, -0.0035, 0.5703, 0.2822, 179.50
728, 906, 13, 12, 0.7111, 11.3885, -1.9009, 11.2287, 0.3556, 217.80
728, 907, 29, 0, 0.7111, 4.5524, 3.4081, -3.0182, 0.3556, 217.60
728, 841, 130, 123, 0.7241, 3.6427, 3.2472, 1.6507, 0.6517, 102.06
729, 894, 51, 27, 0.6000, 35.0281, 34.8136, 3.8707, 0.1800, 196.67
729, 896, 6, 90, 0.7111, 7.2104, 2.4336, 6.7873, 0.3556, 180.80
729, 841, 123, 110, 0.8311, 7.8149, -2.4010, -7.4369, 0.8311, 99.05
729, 848, 87, 100, 0.5400, 59.7068, 54.6296, 24.0936, 0.2700, 177.00
729, 906, 8, 26, 0.7667, 14.4606, -5.2038, 13.4918, 0.4600, 216.67
729, 914, 103, 42, 0.6000, 15.6886, -10.6025, 11.5637, 0.1800, 146.44
729, 886, 26, 177, 0.5556, 61.0656, -5.3276, 60.8328, 0.2222, 191.75
729, 907, 33, -3, 0.6111, 4.5524, 3.4081, -3.0182, 0.3056, 217.60
730, 894, 67, 41, 0.6556, 22.5599, 18.5125, 12.8932, 0.2622, 197.25
730, 896, 11, 97, 0.7667, 8.9691, 5.6497, 6.9660, 0.4600, 177.50
730, 914, 103, 44, 0.6556, 3.7699, -1.5989, 3.4141, 0.2622, 148.08
731, 894, 55, 48, 0.7111, 13.0929, -10.6759, 7.5796, 0.3556, 199.40
731, 896, 10, 93, 0.8222, 3.6584, -0.9474, -3.5336, 0.5756, 179.29
731, 914, 104, 45, 0.7111, 1.5009, 0.7990, 1.2705, 0.3556, 151.27
731, 821, 4, 2, 0.5250, 42.0930, -40.3054, -12.1367, 0.3150, 204.83
732, 896, 10, 91, 0.8778, 2.0623, -0.2359, -2.0488, 0.7022, 182.75
732, 821, -3, 17, 0.5841, 16.8367, -10.6433, 13.0459, 0.4089, 203.00
732, 914, 104, 47, 0.6111, 1.5009, 0.7990, 1.2705, 0.3056, 151.27
733, 914, 102, 28, 0.7667, 10.6629, -1.0272, -10.6133, 0.4600, 151.56
733, 821, 18, 8, 0.6424, 20.8750, 19.5035, -7.4415, 0.5139, 205.12
734, 778, 122, 11, 1.0000, 1.9201, 1.2377, 1.4679, 1.0000, 159.94
734, 913, 43, 42, 0.6000, 8.4256, 3.7717, 7.5342, 0.1800, 205.33
735, 913, 52, 47, 0.6556, 10.3283, 8.9756, 5.1100, 0.2622, 207.25
736, 913, 60, 51, 0.7111, 8.9130, 8.0082, 3.9129, 0.3556, 208.00
737, 829, 46, 48, 0.5400, 78.5866, -37.0820, -69.2877, 0.2700, 133.80
737, 913, 57, 48, 0.7667, 3.7822, -2.6800, -2.6688, 0.4600, 208.17
737, 887, 124, 11, 0.5625, 25.0379, 25.0205, -0.9319, 0.2250, 166.00
738, 829, 78, 0, 0.6000, 55.9555, 25.1324, -49.9938, 0.3600, 140.33
738, 901, 21, 83, 0.6000, 30.6067, 4.8736, -30.2162, 0.1800, 168.00
738, 887, 108, 31, 0.6222, 22.1343, -12.6873, 18.1373, 0.3111, 164.40
739, 901, 44, 49, 0.6556, 40.0026, 21.0652, -34.0069, 0.2622, 176.25
739, 887, 87, 26, 0.6806, 20.3807, -19.9817, -4.0130, 0.4083, 161.33
739, 918, 19, 92, 0.6000, 17.8189, 7.7612, 16.0398, 0.1800, 195.67
739, 829, 103, -50, 0.5000, 55.9555, 25.1324, -49.9938, 0.3000, 140.33
740, 901, 48, 13, 0.7111, 35.6405, 5.1082, -35.2725, 0.3556, 181.80
740, 918, 21, 94, 0.6556, 3.5278, 2.1813, 2.7726, 0.2622, 199.50
741, 853, 22, 46, 0.5400, 76.6007, -36.1502, -67.5339, 0.2700, 147.20
741, 882, 51, 47, 0.5625, 51.0358, -47.2027, 19.4053, 0.2250, 170.25
741, 918, 21, 100, 0.7111, 5.4163, 0.5326, 5.3901, 0.3556, 191.80
742, 882, 37, 78, 0.6222, 34.1557, -16.2965, 30.0173, 0.3111, 174.20
743, 882, 23, 95, 0.6806, 22.8585, -14.6908, 17.5126, 0.4083, 177.17
744, 897, 115, 13, 0.6000, 63.2189, 62.7305, -7.8427, 0.1800, 173.67
745, 920, 52, 23, 0.6000, 36.6393, 36.5256, -2.8836, 0.1800, 213.00
745, 897, 178, 5, 0.5000, 63.2189, 62.7305, -7.8427, 0.1500, 173.67
746, 905, 29, 22, 0.6000, 20.1181, 9.7727, 17.5850, 0.1800, 217.00
746, 909, 54, 25, 0.6000, 41.4036, -13.6789, -39.0788, 0.1800, 221.33
746, 920, 98, 14, 0.6556, 45.8498, 45.0285, -8.6392, 0.2622, 197.75
746, 876, 71, 63, 0.5625, 40.4162, -40.3704, 1.9224, 0.2250, 163.75
747, 905, 62, 62, 0.6556, 48.5906, 30.9264, 37.4780, 0.2622, 212.75
747, 909, 62, 41, 0.6556, 11.8113, 5.6970, 10.3465, 0.2622, 227.25
747, 876, 37, 61, 0.6222, 34.7807, -34.7255, -1.9580, 0.3111, 165.80
747, 920, 143, 5, 0.5556, 45.8498, 45.0285, -8.6392, 0.2222, 197.75
748, 905, 71, 108, 0.7111, 46.4576, 10.8082, 45.1828, 0.3556, 199.60
748, 909, 74, 61, 0.7111, 22.4829, 11.5371, 19.2970, 0.3556, 232.40
748, 876, 15, 58, 0.6806, 23.0205, -22.8881, -2.4659, 0.4083, 172.67
749, 905, 82, 153, 0.6111, 46.4576, 10.8082, 45.1828, 0.3056, 199.60
749, 876, -8, 56, 0.5806, 23.0205, -22.8881, -2.4659, 0.3483, 172.67
751, 882, 39, 75, 1.0000, 0.7826, -0.7817, -0.0374, 1.0000, 181.14
751, 888, 103, 64, 0.5625, 35.6158, -14.3594, 32.5928, 0.2250, 154.00
752, 888, 101, 69, 0.6222, 8.1439, -3.2909, 7.4494, 0.3111, 153.00
752, 903, 35, 95, 0.5625, 39.2212, 23.0688, -31.7196, 0.2250, 155.00
752, 924, 66, 9, 0.6000, 6.9976, -6.7284, -1.9224, 0.1800, 182.67
753, 888, 102, 66, 0.6806, 1.8248, 0.7334, -1.6710, 0.4083, 151.67
753, 889, 124, 40, 0.5625, 32.2342, 5.6761, -31.7305, 0.2250, 119.25
753, 903, 40, 90, 0.6222, 9.4084, 6.0429, -7.2112, 0.3111, 161.40
753, 924, 39, 18, 0.6556, 26.8122, -25.4805, 8.3449, 0.2622, 189.00
753, 939, 11, 121, 0.6000, 8.5714, 7.6310, -3.9034, 0.1800, 150.00
754, 916, 1, 71, 0.6000, 56.4657, -33.0982, 45.7480, 0.1800, 204.33
754, 903, 60, 86, 0.6806, 19.7803, 19.3618, -4.0475, 0.4083, 163.00
754, 924, 32, 27, 0.7111, 11.5993, -7.8861, 8.5061, 0.3556, 197.00
754, 938, 123, 123, 0.6000, 36.6925, 3.7437, 36.5011, 0.1800, 88.00
754, 939, 27, 121, 0.6556, 15.3576, 15.3334, -0.8610, 0.2622, 148.50
754, 940, 59, 6, 0.6000, 30.8240, 30.7584, 2.0104, 0.1800, 213.67
754, 942, 94, 35, 0.6000, 23.5235, 4.7474, -23.0395, 0.1800, 192.33
755, 873, 23, 90, 0.5625, 59.7744, -59.6463, -3.9112, 0.2250, 161.00
755, 928, 96, 59, 0.6000, 42.8935, -23.1481, -36.1111, 0.1800, 137.33
755, 935, 29, 1, 0.6000, 13.0107, -12.8784, -1.8506, 0.1800, 216.33
755, 936, 55, 16, 0.6556, 16.7789, -16.0777, 4.8000, 0.2622, 184.25
755, 941, 35, 5, 0.6000, 62.6231, -61.7710, -10.2952, 0.1800, 178.00
755, 916, -32, 117, 0.5000, 56.4657, -33.0982, 45.7480, 0.1500, 204.33
755, 938, 127, 159, 0.5000, 36.6925, 3.7437, 36.5011, 0.1500, 88.00
755, 939, 42, 120, 0.5556, 15.3576, 15.3334, -0.8610, 0.2222, 148.50
755, 940, 90, 8, 0.5000, 30.8240, 30.7584, 2.0104, 0.1500, 213.67
755, 942, 99, 12, 0.5000, 23.5235, 4.7474, -23.0395, 0.1500, 192.33
756, 873, 28, 74, 0.6222, 15.2529, -0.6347, -15.2397, 0.3111, 168.00
756, 928, 49, 40, 0.6556, 49.1791, -44.6370, -20.6427, 0.2622, 153.25
756, 935, 19, 3, 0.6556, 10.7778, -10.6022, 1.9376, 0.2622, 220.00
756, 936, 43, 5, 0.7111, 15.7891, -12.3181, -9.8772, 0.3556, 191.60
756, 939, 42, 95, 0.7111, 16.1207, 5.9374, -14.9875, 0.3556, 164.00
756, 940, 98, 54, 0.6556, 32.3461, 17.6294, 27.1196, 0.2622, 222.75
756, 941, -2, 11, 0.6556, 38.6879, -38.4021, 4.6946, 0.2622, 186.00
756, 942, 92, 22, 0.6556, 4.1895, -1.5635, -3.8868, 0.2622, 185.25
757, 873, 5, 72, 0.6806, 21.5596, -21.4011, -2.6101, 0.4083, 174.33
757, 928, 8, 29, 0.7111, 43.5035, -41.8930, -11.7276, 0.3556, 162.60
757, 935, 12, 11, 0.7111, 9.8504, -6.5869, 7.3241, 0.3556, 218.20
757, 936, 28, 0, 0.7667, 15.7706, -14.8129, -5.4121, 0.4600, 196.50
757, 940, 88, 102, 0.7111, 48.2737, -8.6534, 47.4918, 0.3556, 203.00
757, 941, -5, 25, 0.7111, 15.3064, -5.9768, 14.0912, 0.3556, 189.40
757, 942, 101, 35, 0.7111, 14.3340, 7.8150, 12.0162, 0.3556, 181.60
758, 908, 115, 31, 0.5625, 77.3338, 77.3102, 1.9131, 0.2250, 189.50
758, 935, 6, 20, 0.7667, 10.7017, -6.3939, 8.5816, 0.4600, 219.00
758, 936, 26, 0, 0.8222, 3.0024, -2.9791, -0.3729, 0.5756, 200.14
759, 903, 85, 95, 0.9646, 0.2222, -0.1897, -0.1157, 0.9646, 154.00
759, 935, 0, 28, 0.8222, 10.2501, -6.0488, 8.2750, 0.5756, 217.71
759, 936, 23, 0, 0.7222, 3.0024, -2.9791, -0.3729, 0.5056, 200.14
760, 903, 82, 94, 1.0000, 2.7547, -2.6079, -0.8873, 1.0000, 153.08
760, 935, -6, 36, 0.7222, 10.2501, -6.0488, 8.2750, 0.5056, 217.71
761, 935, 2, 28, 0.8778, 3.1082, 2.5749, -1.7408, 0.7022, 217.75
761, 944, 4, 80, 0.6000, 2.2019, 1.9810, -0.9612, 0.1800, 235.67
762, 943, 33, 75, 0.6000, 6.2513, -2.8078, 5.5852, 0.1800, 199.33
762, 944, 5, 81, 0.7056, 1.3529, 1.2223, 0.5798, 0.2822, 239.75
763, 943, 44, 72, 0.6556, 9.9067, 9.7382, -1.8193, 0.2622, 200.50
763, 944, 7, 81, 0.7611, 1.7862, 1.7614, 0.2970, 0.3806, 242.40
764, 927, 21, 40, 0.6000, 28.3817, -27.0208, 8.6832, 0.1800, 195.33
764, 915, 50, 5, 0.5625, 0.9072, 0.0391, 0.9064, 0.2250, 206.75
764, 944, 9, 81, 0.8167, 2.0260, 2.0259, 0.0187, 0.4900, 244.50
764, 885, 66, 49, 0.5400, 44.1839, -30.7584, 31.7196, 0.2700, 167.50
764, 949, 66, 41, 0.6000, 0.9910, 0.9905, 0.0293, 0.1800, 221.00
764, 957, 72, 88, 0.6000, 22.2190, 21.1757, -6.7284, 0.1800, 181.33
764, 958, 88, 97, 0.6000, 1.3593, 0.9612, 0.9612, 0.1800, 132.00
764, 943, 54, 70, 0.5556, 9.9067, 9.7382, -1.8193, 0.2222, 200.50
765, 927, 36, 8, 0.6556, 29.7642, 11.2542, -27.5545, 0.2622, 199.25
765, 915, 50, 5, 0.6722, 0.2525, -0.0222, 0.2515, 0.3361, 205.80
765, 943, 52, 39, 0.7111, 19.4232, 3.1495, -19.1662, 0.3556, 199.40
765, 944, 11, 81, 0.8722, 2.0399, 2.0396, -0.0328, 0.6106, 245.57
765, 885, 4, 98, 0.6000, 75.4239, -58.8863, 47.1294, 0.3600, 166.92
765, 949, 67, 41, 0.7056, 1.0104, 1.0104, -0.0065, 0.2822, 216.25
765, 950, 96, 20, 0.6000, 21.3953, -8.4536, -19.6544, 0.1800, 160.67
765, 957, 78, 34, 0.6556, 50.7426, 7.1961, -50.2298, 0.2622, 182.75
765, 958, 89, 97, 0.7056, 1.0401, 1.0169, 0.2185, 0.2822, 132.75
766, 927, 40, 14, 0.7111, 5.5089, 4.3296, 3.4063, 0.3556, 202.40
766, 932, 49, 88, 0.6000, 72.0175, -65.8913, -29.0664, 0.1800, 117.00
766, 944, 13, 81, 0.9278, 2.0096, 2.0096, -0.0132, 0.7422, 246.38
766, 945, 75, 68, 0.6000, 62.7265, -33.4876, 53.0395, 0.1800, 163.00
766, 949, 69, 41, 0.7611, 1.8166, 1.8166, -0.0056, 0.3806, 223.40
766, 950, 61, 35, 0.6556, 35.4350, -33.3323, 12.0247, 0.2622, 169.25
766, 915, 50, 5, 0.5722, 0.2525, -0.0222, 0.2515, 0.2861, 205.80
766, 885, -55, 145, 0.5000, 75.4239, -58.8863, 47.1294, 0.3000, 166.92
766, 957, 85, -17, 0.5556, 50.7426, 7.1961, -50.2298, 0.2222, 182.75
766, 958, 90, 97, 0.6056, 1.0401, 1.0169, 0.2185, 0.2422, 132.75
767, 944, 14, 81, 0.9833, 1.1990, 1.1990, -0.0001, 0.8850, 247.33
767, 951, 38, 63, 0.6000, 13.7215, -10.1265, 9.2593, 0.1800, 205.33
767, 963, 10, 26, 0.6000, 56.7483, -53.7392, 18.2335, 0.1800, 200.00
767, 964, 96, 20, 0.6000, 21.6857, 21.1464, 4.8060, 0.1800, 178.67
767, 927, 44, 17, 0.6111, 5.5089, 4.3296, 3.4063, 0.3056, 202.40
767, 932, -17, 59, 0.5000, 72.0175, -65.8913, -29.0664, 0.1500, 117.00
767, 945, 41, 121, 0.5000, 62.7265, -33.4876, 53.0395, 0.1500, 163.00
767, 949, 71, 41, 0.6611, 1.8166, 1.8166, -0.0056, 0.3306, 223.40
767, 950, 27, 47, 0.5556, 35.4350, -33.3323, 12.0247, 0.2222, 169.25
767, 958, 91, 98, 0.5056, 1.0401, 1.0169, 0.2185, 0.2022, 132.75
768, 944, 16, 81, 1.0000, 1.7270, 1.7270, 0.0018, 1.0000, 247.90
768, 949, 70, 42, 0.8167, 0.6920, 0.3927, 0.5698, 0.4900, 220.50
768, 950, 9, 61, 0.7111, 27.5533, -24.2842, 13.0177, 0.3556, 174.80
768, 951, 36, 65, 0.6556, 3.5989, -2.6779, 2.4043, 0.2622, 207.50
768, 963, 0, 23, 0.6556, 13.9272, -13.8536, -1.4301, 0.2622, 201.50
768, 964, 108, 16, 0.6556, 13.1156, 12.7911, -2.8992, 0.2622, 169.75
769, 944, 18, 81, 1.0000, 2.0141, 2.0141, 0.0006, 1.0000, 248.55
769, 947, 70, 39, 0.6000, 12.1861, 12.1482, 0.9602, 0.1800, 204.33
769, 949, 73, 42, 0.8722, 2.4928, 2.4897, 0.1248, 0.6106, 219.57
769, 951, 36, 64, 0.7111, 1.2693, 0.4109, -1.2010, 0.3556, 213.80
769, 963, 7, 26, 0.7111, 6.2880, 5.5172, 3.0164, 0.3556, 201.80
769, 964, 121, 13, 0.5556, 13.1156, 12.7911, -2.8992, 0.2222, 169.75
770, 915, 56, 6, 0.7306, 1.6311, 1.6237, 0.1553, 0.4383, 204.83
770, 944, 20, 81, 1.0000, 2.0422, 2.0422, -0.0000, 1.0000, 248.75
770, 947, 77, 29, 0.6556, 11.8212, 7.1414, -9.4202, 0.2622, 199.50
770, 949, 74, 42, 0.9278, 1.5516, 1.5513, -0.0310, 0.7422, 217.50
770, 951, 37, 62, 0.7667, 1.5879, 0.4839, -1.5124, 0.4600, 211.00
770, 964, 107, 15, 0.7111, 3.0636, -3.0527, -0.2583, 0.3556, 164.40
771, 910, 14, 79, 0.5625, 62.6990, -56.4616, 27.2627, 0.2250, 205.75
771, 915, 62, 36, 0.7381, 30.4036, 5.6040, 29.8826, 0.5167, 203.57
771, 944, 22, 81, 1.0000, 2.0131, 2.0131, -0.0001, 1.0000, 249.23
771, 949, 76, 42, 0.9833, 1.7890, 1.7888, -0.0263, 0.8850, 217.22
771, 951, 37, 62, 0.8222, 0.3411, 0.1008, -0.3259, 0.5756, 213.86
771, 947, 84, 19, 0.5556, 11.8212, 7.1414, -9.4202, 0.2222, 199.50
772, 910, 6, 84, 0.6222, 13.9709, -12.0831, 7.0132, 0.3111, 199.80
772, 941, 65, 94, 1.0000, 2.5870, 2.5867, 0.0409, 1.0000, 174.81
772, 944, 24, 81, 1.0000, 1.9989, 1.9989, -0.0000, 1.0000, 249.50
772, 947, 119, 18, 0.7111, 24.0884, 23.6232, -4.7114, 0.3556, 185.60
772, 949, 76, 41, 1.0000, 0.8935, 0.3990, -0.7995, 1.0000, 216.50
772, 951, 37, 61, 0.8778, 0.7174, -0.0315, -0.7167, 0.7022, 212.12
772, 958, 80, 106, 0.7611, 2.7515, -2.1799, 1.6788, 0.3806, 132.00
773, 910, 1, 104, 0.6806, 20.0317, -5.8263, 19.1656, 0.4083, 191.50
773, 944, 26, 81, 1.0000, 1.9978, 1.9978, 0.0000, 1.0000, 249.87
773, 949, 77, 41, 1.0000, 0.7382, 0.6862, -0.2721, 1.0000, 215.00
774, 944, 28, 81, 1.0000, 1.9993, 1.9993, 0.0000, 1.0000, 249.94
774, 949, 76, 40, 1.0000, 0.9780, -0.6000, -0.7723, 1.0000, 214.92
775, 933, 69, 96, 0.6000, 29.4027, 0.9816, -29.3863, 0.1800, 139.67
775, 937, 50, 21, 0.6000, 58.9268, 31.3210, -49.9135, 0.1800, 187.67
775, 944, 30, 81, 1.0000, 2.0001, 2.0001, 0.0000, 1.0000, 248.06
775, 952, 64, 23, 0.6000, 36.5614, -0.0037, -36.5614, 0.1800, 204.33
775, 949, 76, 39, 0.9000, 0.9780, -0.6000, -0.7723, 0.9000, 214.92
776, 933, 50, 52, 0.6556, 45.8514, -17.3294, -42.4505, 0.2622, 154.00
776, 944, 32, 82, 1.0000, 2.1398, 2.0001, 0.7604, 1.0000, 248.44
776, 952, 50, -2, 0.6556, 28.5072, -12.8010, -25.4714, 0.2622, 204.75
776, 969, 28, 20, 0.6000, 33.1997, -30.7584, 12.4956, 0.1800, 202.33
776, 971, 83, 42, 0.6000, 1.9517, 1.9517, 0.0000, 0.1800, 197.67
776, 937, 81, -29, 0.5000, 58.9268, 31.3210, -49.9135, 0.1500, 187.67
776, 949, 75, 39, 0.8000, 0.9780, -0.6000, -0.7723, 0.8000, 214.92
777, 892, 95, 100, 0.5625, 62.1565, 49.0105, 38.2282, 0.2250, 210.00
777, 944, 33, 82, 1.0000, 1.2786, 1.2439, 0.2960, 1.0000, 248.53
777, 917, 70, 95, 0.5625, 68.6792, 67.6905, 11.6120, 0.2250, 167.00
777, 963, 8, 31, 1.0000, 6.6780, -6.6563, 0.5381, 1.0000, 205.54
777, 969, 16, 58, 0.6556, 38.7548, -13.3796, 36.3720, 0.2622, 197.25
777, 971, 90, 22, 0.6556, 19.5871, 6.8174, -18.3623, 0.2622, 189.25
777, 933, 32, 9, 0.5556, 45.8514, -17.3294, -42.4505, 0.2222, 154.00
777, 952, 37, -27, 0.5556, 28.5072, -12.8010, -25.4714, 0.2222, 204.75
778, 933, 27, -1, 0.7111, 25.9319, -10.5387, -23.6939, 0.3556, 170.80
778, 892, 122, 125, 0.6222, 39.1777, 29.2560, 26.0573, 0.3111, 184.00
778, 944, 35, 82, 1.0000, 1.7015, 1.7015, 0.0053, 1.0000, 248.85
778, 884, 108, 45, 0.5400, 39.3481, 31.0091, 24.2220, 0.2700, 171.20
778, 917, 123, 86, 0.6222, 54.6025, 54.1656, -6.8936, 0.3111, 152.20
778, 921, 76, 52, 0.5625, 74.6812, 67.8901, 31.1163, 0.2250, 214.50
778, 969, 17, 72, 0.7111, 15.4352, -0.3905, 15.4302, 0.3556, 195.60
778, 971, 102, 14, 0.7111, 14.1804, 11.6209, -8.1264, 0.3556, 182.80
779, 944, 37, 82, 1.0000, 1.9929, 1.9924, -0.0417, 1.0000, 249.00
779, 884, 102, 53, 0.6000, 9.9076, -2.4081, 9.6105, 0.3600, 173.17
779, 968, 111, 124, 0.6000, 57.9525, 57.8297, 3.7701, 0.1800, 123.67
779, 971, 104, 8, 0.7667, 7.2488, 2.8175, -6.6788, 0.4600, 177.50
779, 892, 151, 151, 0.5222, 39.1777, 29.2560, 26.0573, 0.2611, 184.00
779, 917, 177, 79, 0.5222, 54.6025, 54.1656, -6.8936, 0.2611, 152.20
780, 944, 39, 82, 1.0000, 2.0416, 2.0415, -0.0177, 1.0000, 249.09
780, 861, 28, 108, 0.5250, 49.6011, -48.0014, 12.4956, 0.3150, 161.67
780, 802, 77, 95, 0.5062, 19.7222, -14.4180, 13.4568, 0.4050, 147.12
780, 884, 100, 63, 0.5000, 9.9076, -2.4081, 9.6105, 0.3000, 173.17
780, 968, 169, 128, 0.5000, 57.9525, 57.8297, 3.7701, 0.1500, 123.67
780, 971, 107, 1, 0.6667, 7.2488, 2.8175, -6.6788, 0.4000, 177.50
781, 944, 41, 82, 1.0000, 2.0182, 2.0182, -0.0010, 1.0000, 249.17
781, 970, 93, 24, 0.6000, 30.9113, 29.9884, 7.4971, 0.1800, 183.00
781, 971, 107, 14, 0.8222, 5.2481, 1.0607, 5.1398, 0.5756, 173.57
781, 861, 6, 114, 0.5841, 24.6777, -23.7130, 6.8326, 0.4089, 161.14
781, 802, 79, 97, 0.5630, 3.0605, -0.0844, 3.0593, 0.5067, 146.56
782, 944, 43, 82, 1.0000, 2.0013, 2.0013, 0.0023, 1.0000, 249.29
782, 884, 116, 108, 0.6587, 21.4819, 6.4752, 20.4828, 0.4611, 161.00
782, 970, 103, 50, 0.6556, 26.3262, 11.6516, 23.6074, 0.2622, 182.75
782, 861, 6, 114, 0.6424, 1.6006, -1.4872, 0.5916, 0.5139, 160.50
782, 802, 81, 96, 0.6194, 1.8682, 1.7341, -0.6950, 0.6194, 146.90
782, 930, 86, 122, 0.5625, 32.5890, 18.4556, 26.8595, 0.2250, 140.50
783, 944, 45, 82, 1.0000, 1.9978, 1.9977, 0.0011, 1.0000, 249.52
783, 965, 43, 63, 0.6000, 46.7574, -27.8967, 37.5237, 0.1800, 207.00
783, 970, 114, 73, 0.5556, 26.3262, 11.6516, 23.6074, 0.2222, 182.75
783, 861, 5, 115, 0.5424, 1.6006, -1.4872, 0.5916, 0.4339, 160.50
783, 802, 82, 95, 0.5194, 1.8682, 1.7341, -0.6950, 0.5194, 146.90
784, 944, 47, 83, 1.0000, 2.1269, 1.9988, 0.7270, 1.0000, 249.65
784, 965, 14, 40, 0.6556, 33.8985, -29.0243, -17.5128, 0.2622, 205.50
784, 802, 84, 96, 0.6758, 1.6660, 1.6352, 0.3190, 0.6758, 146.73
784, 893, 27, 96, 0.5400, 73.7183, -73.5075, -5.5713, 0.2700, 124.60
785, 944, 49, 83, 1.0000, 2.0245, 1.9998, 0.3148, 1.0000, 249.74
785, 970, 126, 125, 0.7111, 26.4120, 6.7471, 25.5356, 0.3556, 162.60
785, 802, 85, 96, 0.7319, 1.1044, 1.0995, 0.1037, 0.7319, 147.92
785, 965, -15, 23, 0.5556, 33.8985, -29.0243, -17.5128, 0.2222, 205.50
786, 944, 51, 83, 1.0000, 2.0003, 2.0001, 0.0238, 1.0000, 249.86
786, 802, 86, 75, 0.7880, 19.5447, 0.9518, -19.5215, 0.7880, 150.38
787, 944, 53, 83, 1.0000, 2.0005, 2.0001, -0.0394, 1.0000, 249.97
788, 944, 55, 83, 1.0000, 2.0001, 2.0000, -0.0215, 1.0000, 249.93
789, 944, 57, 83, 1.0000, 2.0000, 2.0000, -0.0034, 1.0000, 249.94
789, 967, 48, 61, 0.6000, 21.4405, -13.6251, -16.5544, 0.1800, 191.00
789, 925, 93, 27, 0.5625, 0.0303, 0.0000, 0.0303, 0.2250, 175.75
790, 944, 59, 83, 1.0000, 2.0000, 2.0000, 0.0019, 1.0000, 250.03
790, 967, 28, 29, 0.6556, 36.0920, -19.8810, -30.1228, 0.2622, 193.50
790, 919, 13, 66, 0.5625, 27.2556, -12.9037, -24.0075, 0.2250, 188.50
790, 925, 92, 26, 0.6722, 1.1430, -0.8020, -0.8143, 0.3361, 173.40
791, 944, 61, 84, 1.0000, 2.1188, 2.0000, 0.6995, 1.0000, 248.89
791, 967, 18, 9, 0.7111, 23.8005, -10.9912, -21.1106, 0.3556, 205.20
791, 919, 11, 61, 0.6222, 6.7048, -2.5472, -6.2021, 0.3111, 190.00
791, 946, 67, 86, 0.5625, 51.9176, -40.3411, 32.6808, 0.2250, 149.50
791, 925, 91, 25, 0.5722, 1.1430, -0.8020, -0.8143, 0.2861, 173.40
792, 944, 64, 84, 1.0000, 2.7140, 2.6939, 0.3296, 1.0000, 249.07
792, 919, 24, 31, 0.6806, 31.1460, 11.3456, -29.0061, 0.4083, 193.75
792, 925, 95, 19, 0.7306, 4.3142, 1.7490, -3.9438, 0.4383, 174.67
792, 946, 45, 98, 0.6222, 27.3082, -23.5550, 13.8167, 0.3111, 150.00
792, 954, 77, 62, 0.5625, 17.3283, -5.7672, -16.3404, 0.2250, 192.50
793, 944, 66, 84, 1.0000, 2.3315, 2.3311, 0.0404, 1.0000, 249.24
793, 911, 94, 100, 0.5400, 77.9813, 73.0966, -27.1654, 0.2700, 142.20
793, 925, 107, 36, 0.7381, 19.9912, 12.1135, 15.9032, 0.5167, 173.57
793, 946, 28, 95, 0.6806, 17.9347, -17.8059, -2.1454, 0.4083, 154.67
793, 954, 77, 53, 0.6222, 9.3175, -0.5128, -9.3034, 0.3111, 192.00
794, 944, 68, 84, 1.0000, 2.0432, 2.0429, -0.0360, 1.0000, 249.24
794, 967, 19, 12, 0.8778, 2.0843, 0.4737, 2.0297, 0.7022, 223.50
794, 911, 132, 61, 0.6000, 56.1638, 41.1087, -38.2681, 0.3600, 134.67
794, 954, 78, 38, 0.6806, 14.7058, 0.5452, -14.6957, 0.4083, 192.67
794, 946, 10, 92, 0.5806, 17.9347, -17.8059, -2.1454, 0.3483, 154.67
795, 944, 70, 84, 1.0000, 1.9648, 1.9647, -0.0244, 1.0000, 249.28
795, 954, 65, 36, 0.7381, 12.2294, -11.9363, -2.6615, 0.5167, 193.71
795, 911, 173, 22, 0.5000, 56.1638, 41.1087, -38.2681, 0.3000, 134.67
796, 944, 72, 85, 1.0000, 2.0864, 1.9752, 0.6719, 1.0000, 249.20
797, 944, 74, 85, 1.0000, 2.0224, 1.9937, 0.3395, 1.0000, 249.24
797, 959, 21, 67, 0.5625, 70.8785, -57.0308, -42.0863, 0.2250, 148.00
797, 912, 42, 4, 0.5400, 39.4853, -39.3799, 2.8836, 0.2700, 194.20
798, 944, 77, 85, 1.0000, 2.6715, 2.6709, 0.0542, 1.0000, 248.94
798, 874, 80, 92, 0.5250, 1.9042, 0.0273, 1.9040, 0.3150, 156.00
798, 959, 4, 42, 0.6222, 33.3682, -20.4365, -26.3778, 0.3111, 159.80
798, 912, 22, 3, 0.6000, 21.7601, -21.7398, -0.9412, 0.3600, 197.67
798, 931, 21, 90, 0.5625, 0.0000, 0.0000, 0.0000, 0.2250, 213.75
798, 956, 3, 58, 0.5625, 0.9910, 0.9905, 0.0293, 0.2250, 253.00
798, 973, 107, 100, 0.6000, 1.9519, 1.9517, 0.0293, 0.1800, 128.17
799, 944, 77, 85, 1.0000, 1.0121, 1.0116, -0.0320, 1.0000, 247.68
799, 874, 76, 116, 0.5841, 22.3751, -3.2298, 22.1407, 0.4089, 152.14
799, 956, 5, 58, 0.6722, 1.8087, 1.8087, -0.0065, 0.3361, 253.40
799, 973, 109, 101, 0.7056, 2.1764, 2.0272, 0.7918, 0.2822, 128.12
799, 959, -16, 15, 0.5222, 33.3682, -20.4365, -26.3778, 0.2611, 159.80
799, 912, 1, 2, 0.5000, 21.7601, -21.7398, -0.9412, 0.3000, 197.67
800, 944, 81, 85, 1.0000, 2.6957, 2.6956, -0.0261, 1.0000, 247.81
800, 874, 48, 113, 0.6424, 27.0175, -26.9775, -1.4713, 0.5139, 150.50
800, 931, 1, 98, 0.6222, 12.5407, -11.7191, 4.4644, 0.3111, 222.00
800, 956, 7, 59, 0.7306, 2.2160, 2.0640, 0.8066, 0.4383, 253.33
800, 961, 90, 26, 0.5625, 0.0253, 0.0000, 0.0253, 0.2250, 185.00
800, 973, 110, 102, 0.7611, 1.5987, 1.2021, 1.0540, 0.3806, 123.10
800, 923, 43, 0, 0.5625, 14.4500, 14.4180, -0.9612, 0.2250, 220.50
801, 944, 83, 85, 1.0000, 2.5386, 2.5385, -0.0079, 1.0000, 247.70
801, 931, -1, 99, 0.6806, 1.8858, -1.6340, 0.9415, 0.4083, 225.83
801, 956, 8, 59, 0.7881, 1.2605, 1.2337, 0.2586, 0.5517, 253.29
801, 961, 90, 26, 0.6722, 0.0128, 0.0000, -0.0128, 0.3361, 181.20
801, 966, 122, 123, 0.5625, 48.4676, 33.3333, 35.1852, 0.2250, 121.00
801, 973, 112, 102, 0.8167, 1.7569, 1.7415, 0.2328, 0.4900, 126.58
801, 923, 25, 28, 0.6222, 29.0802, -14.2861, 25.3291, 0.3111, 214.20
801, 962, 36, 40, 0.5625, 64.1318, -51.3849, 38.3729, 0.2250, 194.25
802, 944, 86, 85, 1.0000, 2.8120, 2.8120, 0.0006, 1.0000, 247.86
802, 926, 90, 10, 0.5625, 18.6405, -2.8992, -18.4137, 0.2250, 184.75
802, 931, 1, 98, 0.7381, 1.7745, 1.7554, -0.2599, 0.5167, 229.71
802, 956, 10, 46, 0.7951, 12.2615, 1.7440, -12.1368, 0.6361, 247.88
802, 961, 90, 26, 0.7306, 0.0071, 0.0000, -0.0071, 0.4383, 179.50
802, 973, 113, 103, 0.8722, 1.4237, 1.2132, 0.7450, 0.6106, 126.64
802, 923, 47, 47, 0.6806, 27.6791, 19.8044, 19.3370, 0.4083, 220.77
802, 962, 6, 28, 0.6222, 32.7599, -31.9049, -7.4360, 0.3111, 203.20
802, 979, 89, 88, 0.6000, 13.0328, 10.5439, -7.6603, 0.1800, 151.67
803, 944, 88, 85, 1.0000, 2.3338, 2.3338, 0.0017, 1.0000, 248.02
803, 926, 91, 7, 0.6222, 4.2649, 0.1200, -4.2632, 0.3111, 181.20
803, 961, 84, 27, 0.7381, 5.7404, -5.6828, 0.8112, 0.5167, 179.43
803, 973, 115, 105, 0.9278, 2.5431, 1.7758, 1.8204, 0.7422, 125.19
803, 962, -2, 19, 0.6806, 12.6956, -9.2917, -8.6512, 0.4083, 208.83
803, 979, 85, 50, 0.6556, 35.3661, -2.3799, -35.2859, 0.2622, 163.00
804, 944, 89, 86, 1.0000, 1.5283, 1.3847, 0.6469, 1.0000, 246.85
804, 926, 92, 8, 0.6806, 1.5097, 1.2008, 0.9150, 0.4083, 178.33
804, 973, 116, 105, 0.9833, 1.3316, 1.2306, 0.5087, 0.8850, 128.72
804, 979, 89, 25, 0.7111, 25.6929, 3.6609, -25.4308, 0.3556, 169.60
804, 961, 78, 28, 0.6381, 5.7404, -5.6828, 0.8112, 0.4467, 179.43
804, 962, -11, 11, 0.5806, 12.6956, -9.2917, -8.6512, 0.3483, 208.83
805, 944, 93, 85, 1.0000, 2.9038, 2.8891, -0.2917, 1.0000, 247.02
805, 926, 93, 9, 0.7381, 1.4560, 1.1799, 0.8531, 0.5167, 175.43
805, 953, 32, 98, 0.5625, 49.4930, -2.8992, 49.4080, 0.2250, 187.50
805, 973, 117, 106, 1.0000, 1.2136, 0.9744, 0.7235, 1.0000, 125.52
806, 944, 95, 85, 1.0000, 2.6162, 2.6011, -0.2799, 1.0000, 247.15
806, 926, 116, 13, 0.7951, 21.5900, 21.3208, 3.3989, 0.6361, 169.88
806, 953, 25, 85, 0.6222, 10.4738, -7.0731, -7.7247, 0.3111, 183.60
806, 973, 118, 108, 1.0000, 2.0060, 0.9600, 1.7614, 1.0000, 126.11
806, 984, 19, 45, 0.6556, 24.8697, -18.3689, 16.7656, 0.2622, 208.50
807, 944, 97, 85, 1.0000, 2.1682, 2.1659, -0.1001, 1.0000, 246.44
807, 953, 30, 66, 0.6806, 18.7163, 4.6593, -18.1271, 0.4083, 185.50
807, 973, 119, 109, 1.0000, 1.6373, 0.9895, 1.3045, 1.0000, 129.85
807, 984, 29, 41, 0.7111, 8.6246, 8.1126, -2.9273, 0.3556, 207.00
808, 944, 100, 85, 1.0000, 2.6096, 2.6096, -0.0031, 1.0000, 246.29
808, 973, 120, 111, 1.0000, 2.0471, 1.0018, 1.7853, 1.0000, 128.09
808, 985, 19, 62, 0.6000, 1.9519, 1.9517, 0.0293, 0.1800, 244.00
809, 944, 102, 85, 1.0000, 2.3121, 2.3120, 0.0173, 1.0000, 246.36
809, 934, 82, 53, 0.5625, 55.4303, 5.8046, -55.1255, 0.2250, 153.25
809, 973, 121, 112, 1.0000, 1.5955, 1.0021, 1.2416, 1.0000, 131.23
809, 984, 42, 29, 0.8222, 12.3718, 8.6942, -8.8018, 0.5756, 207.86
809, 985, 21, 63, 0.7056, 2.1764, 2.0272, 0.7918, 0.2822, 246.00
810, 944, 105, 85, 1.0000, 2.6834, 2.6834, 0.0104, 1.0000, 244.91
810, 934, 98, 9, 0.6222, 48.0168, 14.9434, -45.6323, 0.3111, 153.40
810, 973, 122, 114, 1.0000, 2.0173, 1.0005, 1.7517, 1.0000, 135.34
810, 984, 45, 27, 0.8778, 3.5603, 2.7787, -2.2259, 0.7022, 207.75
810, 985, 22, 63, 0.7611, 1.2262, 1.2021, 0.2418, 0.3806, 247.40
811, 944, 107, 85, 1.0000, 2.3322, 2.3322, 0.0027, 1.0000, 245.05
811, 934, 105, 2, 0.6806, 12.0680, 7.9793, -9.0537, 0.4083, 152.67
811, 973, 123, 116, 1.0000, 2.2493, 0.9999, 2.0148, 1.0000, 139.64
811, 985, 24, 64, 0.8167, 1.9102, 1.7415, 0.7851, 0.4900, 248.33
811, 984, 48, 25, 0.7778, 3.5603, 2.7787, -2.2259, 0.6222, 207.75
812, 944, 110, 86, 1.0000, 2.7443, 2.6746, 0.6146, 1.0000, 243.49
812, 973, 124, 118, 1.0000, 2.2728, 0.9999, 2.0410, 1.0000, 137.42
812, 985, 25, 64, 0.8722, 1.2333, 1.2132, 0.2221, 0.6106, 248.86
812, 990, 87, 74, 0.6000, 69.7491, 7.4571, 69.3493, 0.1800, 197.92
812, 998, 87, 54, 0.6000, 56.8316, 53.8272, 18.2335, 0.1800, 222.67
813, 944, 112, 85, 1.0000, 2.3430, 2.3294, -0.2523, 1.0000, 242.99
813, 973, 125, 120, 1.0000, 2.2482, 1.0000, 2.0136, 1.0000, 137.43
813, 985, 33, 63, 0.8778, 7.4454, 7.3986, -0.8336, 0.7022, 241.88
813, 990, 92, 89, 0.6556, 20.9839, 5.8580, 20.1497, 0.2622, 211.91
813, 998, 106, 49, 0.6556, 22.0266, 21.8176, -3.0268, 0.2622, 206.50
814, 944, 115, 85, 1.0000, 2.6822, 2.6685, -0.2705, 1.0000, 242.78
814, 973, 126, 120, 1.0000, 1.1123, 1.0000, 0.4870, 1.0000, 137.67
814, 985, 35, 63, 0.9833, 2.3037, 2.2835, -0.3051, 0.8850, 237.56
814, 990, 99, 73, 0.7111, 15.1306, 6.5887, -13.6207, 0.3556, 201.32
814, 998, 118, 61, 0.7111, 16.9446, 13.1844, 10.6439, 0.3556, 188.60
814, 1001, 29, 65, 0.6000, 1.8718, 1.8718, 0.0000, 0.1800, 228.67
814, 1003, 25, 77, 0.6000, 32.8781, -20.1852, -25.9524, 0.1800, 166.33
815, 944, 118, 85, 1.0000, 2.9383, 2.9363, -0.1108, 1.0000, 242.76
815, 973, 118, 118, 1.0000, 7.4469, -7.2715, -1.6070, 1.0000, 135.08
815, 985, 34, 63, 1.0000, 0.2367, -0.2365, 0.0108, 1.0000, 233.10
815, 1001, 30, 66, 0.7056, 1.4944, 1.2609, 0.8020, 0.2822, 234.25
815, 1003, 1, 91, 0.6556, 26.1172, -23.7497, 10.8655, 0.2622, 166.25
815, 1008, 9, 33, 0.6000, 37.6835, -37.4868, 3.8448, 0.1800, 210.33
816, 944, 120, 85, 1.0000, 2.4283, 2.4283, -0.0123, 1.0000, 242.28
816, 973, 105, 97, 1.0000, 22.2033, -12.0314, -18.6611, 1.0000, 140.69
816, 1001, 32, 67, 0.7611, 2.0774, 1.7859, 1.0613, 0.3806, 237.80
816, 1003, -2, 97, 0.7111, 7.0299, -4.0824, 5.7230, 0.3556, 183.80
816, 1008, 25, 33, 0.6556, 10.6742, 10.6383, 0.8741, 0.2622, 213.50
816, 1014, 44, 30, 0.6000, 25.9524, 25.9524, 0.0000, 0.1800, 193.00
816, 985, 34, 63, 0.9000, 0.2367, -0.2365, 0.0108, 0.9000, 233.10
817, 944, 123, 85, 1.0000, 2.6664, 2.6664, 0.0150, 1.0000, 242.26
817, 985, 36, 52, 1.0000, 6.2682, 0.9251, -6.1995, 1.0000, 230.27
817, 1001, 34, 67, 0.8167, 2.0422, 2.0287, 0.2338, 0.4900, 234.67
817, 1005, 87, 29, 0.6000, 26.1653, -19.3556, 17.6064, 0.1800, 168.00
817, 1008, 32, 33, 0.7111, 7.8756, 7.8731, -0.1986, 0.3556, 212.80
817, 1009, 69, 37, 0.6000, 53.7077, 40.2448, 35.5651, 0.1800, 218.67
817, 1014, 75, 27, 0.6556, 30.7428, 30.6493, -2.3951, 0.2622, 185.00
817, 1017, 45, 59, 0.6000, 45.3397, -3.8448, -45.1764, 0.1800, 182.33
818, 944, 126, 85, 1.0000, 2.9126, 2.9126, 0.0117, 1.0000, 242.36
818, 978, 113, 102, 0.6000, 20.0912, -12.6664, -15.5954, 0.1800, 131.19
818, 985, 9, 51, 1.0000, 25.4211, -25.3825, -1.4005, 1.0000, 228.50
818, 991, 88, 9, 0.6000, 0.9334, -0.0073, 0.9334, 0.1800, 194.00
818, 1001, 35, 68, 0.8722, 1.4374, 1.2296, 0.7443, 0.6106, 237.57
818, 1005, 75, 37, 0.6556, 15.4082, -12.2652, 9.3262, 0.2622, 175.25
818, 1009, 105, 71, 0.6556, 50.6091, 37.1352, 34.3840, 0.2622, 205.25
818, 1014, 101, 5, 0.7111, 33.3135, 25.8220, -21.0479, 0.3556, 184.00
818, 1017, 44, 7, 0.6556, 51.8124, -1.6725, -51.7854, 0.2622, 188.25
819, 934, 78, 46, 1.0000, 16.3584, -6.8171, 14.8702, 1.0000, 183.21
819, 978, 58, 79, 0.6556, 56.3550, -51.5799, -22.7024, 0.2622, 141.39
819, 991, 88, 11, 0.7056, 1.8490, 0.0050, 1.8490, 0.2822, 199.50
819, 1001, 37, 68, 0.9278, 1.7564, 1.7434, 0.2135, 0.7422, 239.38
819, 1005, 57, 49, 0.7111, 20.9682, -17.6700, 11.2887, 0.3556, 181.60
819, 944, 129, 85, 0.9000, 2.9126, 2.9126, 0.0117, 0.9000, 242.36
819, 1009, 143, 106, 0.5556, 50.6091, 37.1352, 34.3840, 0.2222, 205.25
819, 1014, 127, -16, 0.6111, 33.3135, 25.8220, -21.0479, 0.3056, 184.00
819, 1017, 42, -45, 0.5556, 51.8124, -1.6725, -51.7854, 0.2222, 188.25
820, 929, 106, 74, 0.5625, 82.9521, 78.2939, -27.4063, 0.2250, 148.75
820, 978, 29, 34, 0.7111, 52.5797, -29.8365, -43.2944, 0.3556, 156.31
820, 991, 89, 12, 0.7611, 1.5099, 0.8141, 1.2716, 0.3806, 201.60
820, 1001, 39, 69, 0.9833, 2.1591, 2.0166, 0.7715, 0.8850, 241.11
820, 1005, 34, 45, 0.7667, 22.8442, -22.7082, -2.4886, 0.4600, 187.17
820, 944, 132, 85, 0.8000, 2.9126, 2.9126, 0.0117, 0.8000, 242.36
821, 929, 117, 70, 0.6222, 18.5764, 17.5343, -6.1343, 0.3111, 145.80
821, 991, 89, 14, 0.8167, 1.8058, 0.2596, 1.7870, 0.4900, 203.50
821, 1001, 40, 70, 1.0000, 1.6147, 1.2454, 1.0278, 1.0000, 242.50
821, 944, 135, 85, 0.7000, 2.9126, 2.9126, 0.0117, 0.7000, 242.36
822, 929, 113, 61, 0.6806, 8.6725, -2.4339, -8.3240, 0.4083, 143.17
822, 990, 93, 68, 1.0000, 1.1971, -0.0547, 1.1958, 1.0000, 186.16
822, 991, 90, 16, 0.8722, 2.1732, 0.7850, 2.0265, 0.6106, 206.14
822, 1001, 42, 71, 1.0000, 2.0252, 1.7375, 1.0405, 1.0000, 243.36
822, 944, 138, 85, 0.6000, 2.9126, 2.9126, 0.0117, 0.6000, 242.36
823, 991, 90, 17, 0.9278, 1.2535, 0.2235, 1.2334, 0.7422, 205.50
823, 1001, 44, 71, 1.0000, 2.0235, 2.0110, 0.2244, 1.0000, 244.33
823, 1005, 33, 29, 0.9333, 1.0826, 1.0666, -0.1855, 0.8400, 199.11
823, 1013, 9, 86, 0.6000, 59.1431, -6.6289, 58.7704, 0.1800, 195.00
823, 1025, 5, 35, 0.6000, 34.6419, -0.9359, 34.6292, 0.1800, 223.33
823, 922, 71, 37, 0.5400, 0.9612, 0.9612, 0.0000, 0.2700, 195.40
823, 944, 140, 85, 0.5000, 2.9126, 2.9126, 0.0117, 0.5000, 242.36
824, 991, 83, 30, 0.9333, 13.7220, -6.4211, 12.1270, 0.8400, 203.56
824, 1001, 46, 72, 1.0000, 2.1628, 2.0400, 0.7184, 1.0000, 243.42
824, 1013, 12, 122, 0.6556, 37.8419, 1.5626, 37.8096, 0.2622, 184.25
824, 1025, 42, 89, 0.6556, 62.3397, 33.4563, 52.6015, 0.2622, 212.75
824, 922, 72, 68, 0.6000, 27.9612, 1.0169, 27.9427, 0.3600, 195.17
825, 987, 23, 60, 0.6000, 80.5631, -68.9114, 41.7329, 0.1800, 193.33
825, 996, 92, 20, 0.6000, 26.6109, -25.1495, 8.6971, 0.1800, 157.33
825, 1001, 47, 73, 1.0000, 1.5932, 1.2355, 1.0059, 1.0000, 244.25
825, 1013, 8, 131, 0.7111, 11.6208, -3.5760, 11.0569, 0.3556, 176.60
825, 1015, 114, 75, 0.6000, 33.2580, 10.5337, 31.5457, 0.1800, 147.33
825, 991, 77, 42, 0.8333, 13.7220, -6.4211, 12.1270, 0.7500, 203.56
825, 1025, 75, 142, 0.5556, 62.3397, 33.4563, 52.6015, 0.2222, 212.75
825, 922, 73, 96, 0.5000, 27.9612, 1.0169, 27.9427, 0.3000, 195.17
826, 987, -4, 82, 0.6556, 38.1327, -30.2618, 23.2019, 0.2622, 189.50
826, 991, 73, 39, 0.9889, 5.6575, -4.8838, 2.8560, 0.9889, 202.80
826, 996, 78, 32, 0.6556, 19.2143, -14.6536, 12.4282, 0.2622, 164.75
826, 1001, 49, 74, 1.0000, 2.0055, 1.7138, 1.0417, 1.0000, 244.83
826, 1015, 118, 81, 0.6556, 9.3850, 4.1312, 8.4269, 0.2622, 139.50
826, 922, 60, 105, 0.6587, 18.3566, -7.5347, 16.7390, 0.4611, 189.57
827, 983, 90, 8, 0.6000, 48.9353, 46.9786, -13.6991, 0.1800, 187.33
827, 995, 102, 0, 0.6000, 20.0075, -19.4117, -4.8463, 0.1800, 142.67
827, 1001, 50, 74, 1.0000, 1.2569, 1.2326, 0.2458, 1.0000, 245.34
827, 987, -34, 105, 0.5556, 38.1327, -30.2618, 23.2019, 0.2222, 189.50
827, 996, 64, 45, 0.5556, 19.2143, -14.6536, 12.4282, 0.2222, 164.75
827, 1015, 122, 90, 0.5556, 9.3850, 4.1312, 8.4269, 0.2222, 139.50
828, 995, 100, -1, 0.6556, 3.8422, -3.6744, -1.1233, 0.2622, 145.25
828, 996, 51, 67, 0.7111, 22.5114, -13.5858, 17.9496, 0.3556, 172.60
828, 998, 59, 112, 1.0000, 0.2049, -0.1032, -0.1770, 1.0000, 163.72
828, 1001, 52, 75, 1.0000, 1.8888, 1.7507, 0.7089, 1.0000, 245.56
828, 1027, 96, 12, 0.6000, 1.3802, 0.9612, 0.9905, 0.1800, 161.00
828, 1028, 92, 25, 0.6000, 1.0198, 0.0000, 1.0198, 0.1800, 196.33
828, 1030, 5, 99, 0.6000, 38.7472, -15.3792, 35.5644, 0.1800, 182.67
828, 983, 137, -5, 0.5000, 48.9353, 46.9786, -13.6991, 0.1500, 187.33
829, 995, 102, 0, 0.7111, 2.0436, 2.0295, 0.2403, 0.3556, 149.00
829, 1001, 54, 76, 1.0000, 2.2481, 2.0149, 0.9970, 1.0000, 245.81
829, 1015, 121, 80, 0.7111, 2.7733, 0.2175, -2.7647, 0.3556, 140.40
829, 1027, 97, 13, 0.7056, 1.4335, 1.0169, 1.0104, 0.2822, 159.75
829, 1028, 93, 28, 0.7056, 2.7203, 0.7984, 2.6005, 0.2822, 192.00
829, 1030, 2, 105, 0.6556, 9.8674, -4.2947, 8.8837, 0.2622, 184.50
830, 995, 104, 0, 0.7667, 1.9566, 1.9437, 0.2245, 0.4600, 150.25
830, 1001, 56, 77, 1.0000, 2.2921, 2.0420, 1.0411, 1.0000, 246.18
830, 1027, 95, 10, 0.7611, 3.7890, -2.2390, -3.0568, 0.3806, 159.80
830, 1028, 93, 29, 0.7611, 1.5139, 0.2474, 1.4935, 0.3806, 197.00
830, 1030, 4, 102, 0.7111, 2.7595, 1.3591, -2.4016, 0.3556, 186.60
831, 993, 52, 4, 0.6000, 56.6583, -41.0271, -39.0761, 0.1800, 183.33
831, 995, 105, 1, 0.8222, 1.4414, 1.1572, 0.8593, 0.5756, 150.07
831, 997, 23, 65, 0.6000, 33.2345, -1.9517, 33.1771, 0.1800, 226.33
831, 1001, 58, 78, 1.0000, 2.2564, 2.0144, 1.0167, 1.0000, 246.53
831, 1027, 112, 13, 0.7667, 16.4664, 16.2000, 2.9498, 0.4600, 155.83
831, 1028, 94, 30, 0.8167, 1.2310, 0.7860, 0.9474, 0.4900, 196.17
832, 993, 23, 25, 0.6556, 33.5980, -29.9973, 15.1323, 0.2622, 200.25
832, 995, 106, 1, 0.8778, 0.9546, 0.9250, 0.2356, 0.7022, 150.31
832, 997, 33, 102, 0.6556, 37.3750, 9.1362, 36.2411, 0.2622, 210.75
832, 1001, 60, 78, 1.0000, 2.0155, 1.9995, 0.2528, 1.0000, 246.74
832, 1028, 94, 32, 0.8722, 1.7403, 0.2216, 1.7261, 0.6106, 197.71
833, 995, 102, 13, 0.9333, 12.1413, -3.9762, 11.4717, 0.8400, 150.39
833, 1001, 61, 79, 1.0000, 1.4335, 1.2541, 0.6943, 1.0000, 245.66
833, 972, 68, 47, 0.5625, 76.5200, -0.9562, -76.5140, 0.2250, 144.50
833, 1028, 95, 34, 0.9278, 2.1894, 0.7727, 2.0485, 0.7422, 197.00
833, 1030, 9, 98, 0.8778, 1.3558, 1.2006, -0.6297, 0.7022, 202.90
833, 993, -7, 40, 0.5556, 33.5980, -29.9973, 15.1323, 0.2222, 200.25
833, 997, 42, 138, 0.5556, 37.3750, 9.1362, 36.2411, 0.2222, 210.75
834, 995, 107, 4, 0.9889, 9.1594, 4.4172, -8.0239, 0.9889, 151.65
834, 1001, 63, 80, 1.0000, 1.9599, 1.6933, 0.9868, 1.0000, 245.98
834, 972, 47, 0, 0.6222, 53.3756, -19.4578, -49.7026, 0.3111, 162.00
834, 1028, 95, 35, 0.9833, 1.2742, 0.2285, 1.2536, 0.8850, 196.00
834, 1029, 39, 13, 0.6000, 47.3883, 34.9061, -32.0501, 0.1800, 206.00
834, 1030, 11, 97, 0.9333, 2.0087, 1.7677, -0.9539, 0.8400, 202.02
835, 978, 112, 19, 1.0000, 1.6995, 0.6230, -1.5812, 1.0000, 159.98
835, 1001, 65, 81, 1.0000, 2.2418, 1.9855, 1.0410, 1.0000, 246.23
835, 1028, 95, 36, 1.0000, 0.9460, -0.0260, 0.9456, 1.0000, 194.60
835, 1029, 49, 21, 0.6556, 13.6273, 12.7542, 4.7994, 0.2622, 205.00
835, 1030, 12, 97, 0.9889, 1.1976, 1.1839, -0.1804, 0.9889, 201.42
835, 980, 0, 74, 0.5625, 11.5106, -2.7775, -11.1705, 0.2250, 167.50
835, 972, 27, -50, 0.5222, 53.3756, -19.4578, -49.7026, 0.2611, 162.00
836, 1001, 70, 83, 1.0000, 5.2644, 4.9649, 1.7503, 1.0000, 243.02
836, 1006, 74, 34, 0.6000, 58.4821, 54.7573, 20.5377, 0.1800, 206.67
836, 977, 45, 87, 0.5625, 58.1765, 42.0895, -40.1619, 0.2250, 147.00
836, 1028, 96, 39, 1.0000, 2.6367, 0.7505, 2.5276, 1.0000, 194.73
836, 1029, 49, 27, 0.7111, 5.4313, 0.5074, 5.4076, 0.3556, 204.20
836, 1030, 14, 96, 1.0000, 1.9832, 1.8175, -0.7936, 1.0000, 201.92
837, 1001, 63, 69, 1.0000, 12.9695, -5.4512, -11.7683, 1.0000, 240.83
837, 1006, 114, 7, 0.6556, 46.7966, 41.0237, -22.5161, 0.2622, 191.00
837, 1020, 69, 82, 0.6000, 2.1823, 1.9523, 0.9753, 0.1800, 218.33
837, 977, 84, 45, 0.6222, 57.6672, 39.7891, -41.7413, 0.3111, 150.80
837, 1028, 97, 41, 1.0000, 2.5555, 1.0525, 2.3287, 1.0000, 195.25
837, 1030, 15, 95, 1.0000, 1.5806, 1.1858, -1.0452, 1.0000, 206.35
837, 980, 24, 26, 0.6222, 29.5682, 14.2173, -25.9258, 0.3111, 176.80
837, 1036, 79, 125, 0.6000, 12.0786, 10.2047, 6.4619, 0.1800, 122.33
838, 1006, 119, 0, 0.7111, 11.0222, 6.8575, -8.6292, 0.3556, 180.60
838, 1020, 71, 83, 0.7056, 2.2779, 2.0372, 1.0193, 0.2822, 226.50
838, 977, 121, 28, 0.6806, 40.9076, 36.4332, -18.6024, 0.4083, 146.50
838, 1028, 97, 42, 1.0000, 1.2915, 0.2713, 1.2626, 1.0000, 195.62
838, 1030, 17, 95, 1.0000, 1.8306, 1.8236, -0.1601, 1.0000, 208.47
838, 980, 35, 0, 0.6806, 28.3112, 11.5105, -25.8656, 0.4083, 180.67
838, 1036, 94, 124, 0.6556, 14.7220, 14.7044, -0.7201, 0.2622, 117.00
839, 1020, 73, 84, 0.7611, 2.2555, 2.0173, 1.0090, 0.3806, 232.20
839, 1023, 16, 106, 0.6000, 19.2244, 16.5702, 9.7472, 0.1800, 179.67
839, 1028, 98, 44, 1.0000, 1.8386, 0.7293, 1.6878, 1.0000, 195.43
839, 1030, 18, 94, 1.0000, 1.4186, 1.1764, -0.7929, 1.0000, 209.51
839, 988, 63, 57, 0.5625, 32.3112, 16.3404, -27.8748, 0.2250, 180.75
839, 977, 157, 10, 0.5806, 40.9076, 36.4332, -18.6024, 0.3483, 146.50
839, 980, 47, -26, 0.5806, 28.3112, 11.5105, -25.8656, 0.3483, 180.67
839, 1036, 109, 123, 0.5556, 14.7220, 14.7044, -0.7201, 0.2222, 117.00
840, 1020, 75, 85, 0.8167, 2.2368, 2.0006, 1.0003, 0.4900, 235.67
840, 1028, 97, 44, 1.0000, 0.7008, -0.5435, 0.4424, 1.0000, 193.62
840, 1030, 20, 94, 1.0000, 1.8315, 1.8235, -0.1710, 1.0000, 206.74
840, 1036, 98, 123, 0.7111, 0.7247, -0.5050, -0.5197, 0.3556, 114.00
840, 988, 39, 20, 0.6222, 41.5881, -21.0344, -35.8766, 0.3111, 189.20
840, 1023, 33, 115, 0.5000, 19.2244, 16.5702, 9.7472, 0.1500, 179.67
841, 1020, 77, 85, 0.8722, 2.0071, 1.9979, 0.1913, 0.6106, 237.57
841, 1023, 73, 123, 0.6556, 31.3437, 30.1605, 8.5306, 0.2622, 168.50
841, 1028, 99, 48, 1.0000, 3.2447, 1.2321, 3.0017, 1.0000, 192.77
841, 1030, 21, 95, 1.0000, 1.4961, 1.1796, 0.9202, 1.0000, 205.70
841, 988, 23, 5, 0.6806, 22.9677, -15.8227, -16.6480, 0.4083, 194.00
841, 1041, 15, 83, 0.6000, 47.2433, -39.3088, -26.2059, 0.1800, 171.33
842, 1020, 79, 86, 0.9278, 2.1299, 1.9992, 0.7346, 0.7422, 239.50
842, 1023, 113, 111, 0.7111, 40.6376, 39.0538, -11.2344, 0.3556, 154.80
842, 1028, 99, 50, 1.0000, 2.6573, 0.5435, 2.6011, 1.0000, 191.73
842, 1030, 22, 95, 1.0000, 0.9820, 0.9503, 0.2472, 1.0000, 206.19
842, 1041, -3, 108, 0.6556, 28.9317, -20.0629, 20.8452, 0.2622, 166.75
843, 1020, 81, 87, 0.9833, 2.2445, 2.0000, 1.0187, 0.8850, 239.89
843, 1024, 22, 97, 0.6000, 30.8990, 5.8686, -30.3366, 0.1800, 183.33
843, 1028, 100, 51, 1.0000, 1.5441, 0.7914, 1.3259, 1.0000, 191.02
843, 986, 76, 29, 0.5625, 47.9839, -40.3411, 25.9817, 0.2250, 165.75
843, 1030, 23, 95, 0.9000, 0.9820, 0.9503, 0.2472, 0.9000, 206.19
843, 1041, -23, 129, 0.5556, 28.9317, -20.0629, 20.8452, 0.2222, 166.75
844, 1020, 83, 89, 1.0000, 2.7154, 2.0001, 1.8365, 1.0000, 234.95
844, 1024, 12, 57, 0.6556, 39.5746, -8.2546, -38.7042, 0.2622, 186.00
844, 1028, 100, 53, 1.0000, 1.6661, 0.2290, 1.6503, 1.0000, 190.23
844, 1030, 23, 97, 1.0000, 1.1489, 0.4058, 1.0749, 1.0000, 206.34
844, 986, 11, 34, 0.6222, 63.0310, -62.6748, 6.6919, 0.3111, 172.40
844, 1004, 91, 17, 0.5625, 56.7108, 56.7108, -0.0293, 0.2250, 200.50
845, 1020, 85, 89, 1.0000, 2.0605, 2.0000, 0.4956, 1.0000, 236.50
845, 1024, 33, 27, 0.7111, 36.2070, 18.6679, -31.0235, 0.3556, 190.80
845, 1028, 101, 55, 1.0000, 2.0910, 0.7263, 1.9608, 1.0000, 188.87
845, 1030, 24, 97, 1.0000, 0.9220, 0.9082, 0.1591, 1.0000, 205.96
845, 992, 69, 14, 0.5625, 23.6706, -3.7740, -23.3678, 0.2250, 196.00
845, 1004, 87, 28, 0.6222, 10.5260, 1.7158, 10.3852, 0.3111, 199.60
845, 986, -51, 41, 0.5222, 63.0310, -62.6748, 6.6919, 0.2611, 172.40
846, 1020, 87, 90, 1.0000, 2.1220, 2.0000, 0.7092, 1.0000, 237.62
846, 1028, 101, 57, 1.0000, 2.0522, 0.2568, 2.0361, 1.0000, 188.16
846, 1030, 24, 98, 1.0000, 0.7993, 0.1880, 0.7769, 1.0000, 207.16
846, 992, 77, 26, 0.6222, 11.2300, 7.1149, 8.6886, 0.3111, 195.80
846, 1004, 79, 49, 0.6806, 21.8055, -8.0166, 20.2784, 0.4083, 201.33
846, 1007, 14, 50, 0.5625, 43.1536, -0.9359, 43.1434, 0.2250, 208.00
847, 1020, 89, 90, 1.0000, 2.0085, 2.0000, 0.1842, 1.0000, 234.75
847, 1028, 101, 57, 1.0000, 0.5334, -0.0042, 0.5334, 1.0000, 187.05
847, 1030, 25, 99, 1.0000, 1.3067, 0.7937, 1.0380, 1.0000, 206.77
847, 992, 81, 32, 0.6806, 6.5750, 3.4883, 5.5733, 0.4083, 196.00
847, 1007, 8, 105, 0.6222, 54.9413, -5.8437, 54.6296, 0.3111, 199.20
848, 1020, 92, 90, 1.0000, 2.7776, 2.7774, -0.0319, 1.0000, 230.02
848, 1028, 100, 54, 1.0000, 3.1430, -0.7798, -3.0447, 1.0000, 185.70
848, 1030, 26, 101, 1.0000, 2.1506, 1.0407, 1.8820, 1.0000, 205.26
848, 1034, 57, 23, 0.6000, 0.9682, 0.9682, 0.0059, 0.1800, 195.33
848, 1042, 113, 109, 0.6000, 38.2794, 33.6420, -18.2628, 0.1800, 115.33
848, 1007, 2, 160, 0.5222, 54.9413, -5.8437, 54.6296, 0.2611, 199.20
849, 1020, 94, 92, 1.0000, 2.7385, 2.2854, 1.5088, 1.0000, 230.15
849, 1030, 25, 101, 1.0000, 0.7598, -0.6443, 0.4028, 1.0000, 205.22
849, 1034, 46, 6, 0.6556, 18.2654, -10.1577, -15.1804, 0.2622, 204.00
849, 1042, 127, 25, 0.6556, 79.1601, 15.6319, -77.6013, 0.2622, 116.75
849, 1028, 99, 51, 0.9000, 3.1430, -0.7798, -3.0447, 0.9000, 185.70
850, 1020, 96, 93, 1.0000, 2.4019, 1.9963, 1.3356, 1.0000, 230.02
850, 1028, 83, 33, 1.0000, 15.1076, -9.7717, -11.5218, 1.0000, 185.46
850, 1030, 27, 102, 1.0000, 1.5393, 1.3600, 0.7210, 1.0000, 204.72
850, 1034, 29, 0, 0.7111, 17.7459, -16.2503, -7.1305, 0.3556, 207.20
850, 872, 18, 76, 0.5062, 27.1387, -7.4260, -26.1030, 0.4050, 146.25
850, 1043, 124, 15, 0.6000, 9.4275, -0.8450, 9.3895, 0.1800, 137.00
850, 1026, 2, 97, 0.5625, 1.3802, 0.9905, 0.9612, 0.2250, 210.50
850, 1042, 142, -53, 0.5556, 79.1601, 15.6319, -77.6013, 0.2222, 116.75
851, 1020, 98, 94, 1.0000, 2.2237, 1.9579, 1.0542, 1.0000, 230.90
851, 1030, 27, 104, 1.0000, 1.8852, 0.4767, 1.8239, 1.0000, 204.47
851, 872, 48, 46, 0.5630, 40.9921, 27.9920, -29.9467, 0.5067, 150.22
851, 1043, 107, 64, 0.6556, 47.3981, -15.5051, 44.7903, 0.2622, 136.75
851, 1026, 3, 97, 0.6722, 1.0337, 1.0104, 0.2185, 0.3361, 211.40
852, 1020, 100, 95, 1.0000, 2.2098, 1.9844, 0.9725, 1.0000, 229.71
852, 1030, 27, 104, 1.0000, 0.4537, -0.0278, 0.4528, 1.0000, 204.62
852, 872, 76, 14, 0.6194, 42.1871, 28.3091, -31.2786, 0.6194, 154.20
852, 1043, 80, 115, 0.7111, 57.4795, -26.6388, 50.9340, 0.3556, 135.00
852, 1026, 4, 97, 0.7306, 1.0056, 1.0044, -0.0496, 0.4383, 212.00
852, 1045, 1, 61, 0.6000, 1.3593, 0.9612, 0.9612, 0.1800, 209.33
853, 1020, 103, 96, 1.0000, 2.9257, 2.7562, 0.9814, 1.0000, 229.46
853, 1030, 27, 106, 1.0000, 1.5547, -0.0685, 1.5531, 1.0000, 206.49
853, 1033, 4, 126, 0.6000, 4.0356, -3.9147, 0.9805, 0.1800, 155.33
853, 988, 105, 70, 1.0000, 5.8747, 1.8731, 5.5680, 1.0000, 185.44
853, 1026, 5, 98, 0.7881, 1.2605, 1.0000, 0.7673, 0.5517, 213.14
853, 1045, 1, 61, 0.7056, 0.3090, 0.2185, 0.2185, 0.2822, 210.25
853, 1043, 53, 166, 0.6111, 57.4795, -26.6388, 50.9340, 0.3056, 135.00
854, 1020, 105, 97, 1.0000, 2.5074, 2.3008, 0.9967, 1.0000, 228.79
854, 1030, 27, 105, 1.0000, 0.3969, -0.0176, -0.3965, 1.0000, 205.28
854, 1033, 0, 127, 0.7056, 4.1925, -4.0676, 1.0155, 0.2822, 149.75
854, 1026, 6, 97, 0.8451, 1.1423, 0.9994, -0.5532, 0.6761, 211.12
854, 1045, 2, 62, 0.7611, 1.0785, 0.7626, 0.7626, 0.3806, 207.90
855, 1020, 107, 98, 1.0000, 2.2443, 2.0085, 1.0014, 1.0000, 225.68
855, 1030, 28, 105, 1.0000, 0.8792, 0.8173, -0.3240, 1.0000, 203.65
855, 1033, 6, 109, 0.7111, 17.5584, 4.9024, -16.8601, 0.3556, 155.40
855, 1016, 32, 63, 0.5625, 59.5165, 23.1033, -54.8494, 0.2250, 164.50
855, 1026, 7, 98, 0.9019, 1.1273, 0.9998, 0.5209, 0.8117, 209.17
855, 1045, 2, 62, 0.8167, 0.3040, 0.2150, 0.2150, 0.4900, 206.92
855, 1050, 85, 34, 0.6556, 12.8979, 4.7902, 11.9754, 0.2622, 181.50
855, 1051, 111, 44, 0.6000, 26.1502, 24.3946, 9.4198, 0.1800, 174.33
855, 1054, 122, 30, 0.6000, 0.9612, 0.9612, 0.0000, 0.1800, 129.33
856, 1020, 110, 98, 1.0000, 2.7143, 2.7021, 0.2575, 1.0000, 224.47
856, 1030, 25, 110, 1.0000, 5.2715, -2.1655, 4.8062, 1.0000, 205.23
856, 1033, 9, 98, 0.7667, 11.8073, 3.7250, -11.2043, 0.4600, 166.33
856, 1026, 7, 106, 0.9083, 7.4404, 0.2011, 7.4377, 0.9083, 210.25
856, 1010, 76, 13, 0.5625, 53.4102, 53.1141, 5.6161, 0.2250, 208.50
856, 1045, 3, 63, 0.8722, 1.0994, 0.7774, 0.7774, 0.6106, 208.36
856, 1050, 87, 38, 0.7111, 5.0726, 2.2965, 4.5229, 0.3556, 183.80
856, 1051, 111, 78, 0.6556, 31.2630, 2.7326, 31.1433, 0.2622, 161.00
856, 1054, 123, 31, 0.7056, 1.2928, 1.0169, 0.7984, 0.2822, 127.50
856, 1055, 3, 18, 0.6000, 27.2208, -20.1852, 18.2628, 0.1800, 224.33
856, 1060, 110, 44, 0.6000, 52.4712, 47.1281, 23.0688, 0.1800, 177.67
857, 1020, 112, 99, 1.0000, 2.3906, 2.2875, 0.6944, 1.0000, 224.71
857, 1030, 23, 113, 1.0000, 4.0218, -2.4237, 3.2095, 1.0000, 205.76
857, 1016, 44, 19, 0.6222, 17.1748, 3.4905, -16.8164, 0.3111, 171.40
857, 1026, 7, 109, 0.9646, 3.2288, -0.0669, 3.2281, 0.9646, 211.50
857, 1010, 108, 14, 0.6222, 33.7995, 33.7696, 1.4227, 0.3111, 195.80
857, 1045, 3, 63, 0.9278, 0.3208, 0.2269, 0.2269, 0.7422, 208.94
857, 976, 45, 82, 0.5400, 74.1261, -69.4444, -25.9259, 0.2700, 114.20
857, 1050, 87, 38, 0.7667, 0.1654, 0.1044, -0.1283, 0.4600, 182.50
857, 1051, 114, 108, 0.7111, 30.5702, 2.7237, 30.4486, 0.3556, 148.80
857, 1055, 4, 69, 0.6556, 47.2673, -0.5972, 47.2635, 0.2622, 214.75
857, 1054, 124, 32, 0.6056, 1.2928, 1.0169, 0.7984, 0.2422, 127.50
857, 1060, 158, 67, 0.5000, 52.4712, 47.1281, 23.0688, 0.1500, 177.67
858, 1020, 115, 100, 1.0000, 2.9196, 2.7483, 0.9855, 1.0000, 225.97
858, 1016, 53, 21, 0.6806, 8.9792, 8.8344, 1.6063, 0.4083, 176.33
858, 1026, 29, 110, 1.0000, 19.9850, 19.9145, 1.6771, 1.0000, 206.96
858, 960, 67, 88, 0.5250, 46.2369, 39.0502, 24.7575, 0.3150, 187.50
858, 1045, 2, 63, 0.9833, 0.8268, -0.8264, -0.0274, 0.8850, 208.11
858, 1050, 88, 38, 0.8222, 0.5709, 0.5431, 0.1760, 0.5756, 183.43
858, 1054, 112, 45, 0.7111, 10.1850, -6.3964, 7.9259, 0.3556, 131.20
858, 1055, 4, 119, 0.7111, 49.7782, -0.1573, 49.7779, 0.3556, 203.40
858, 1062, 26, 62, 0.6000, 4.6326, 2.8520, 3.6506, 0.1800, 192.00
858, 1010, 142, 15, 0.5222, 33.7995, 33.7696, 1.4227, 0.2611, 195.80
858, 1051, 117, 139, 0.6111, 30.5702, 2.7237, 30.4486, 0.3056, 148.80
859, 1020, 117, 101, 1.0000, 2.4990, 2.2719, 1.0407, 1.0000, 223.33
859, 960, 105, 123, 0.5841, 51.3590, 38.3962, 34.1098, 0.4089, 186.43
859, 1045, 3, 64, 1.0000, 0.8967, 0.4839, 0.7549, 1.0000, 206.70
859, 1012, 36, 7, 0.5625, 0.9251, -0.0273, -0.9247, 0.2250, 207.00
859, 1050, 80, 41, 0.8778, 7.5720, -7.1445, 2.5081, 0.7022, 183.38
859, 1053, 4, 32, 0.6000, 12.0875, -4.6850, 11.1427, 0.1800, 206.00
859, 1071, 19, 97, 0.6000, 67.1157, -64.7722, -17.5810, 0.1800, 144.33
859, 1016, 62, 23, 0.5806, 8.9792, 8.8344, 1.6063, 0.3483, 176.33
859, 1051, 119, 169, 0.5111, 30.5702, 2.7237, 30.4486, 0.2556, 148.80
859, 1055, 4, 168, 0.6111, 49.7782, -0.1573, 49.7779, 0.3056, 203.40
859, 1062, 29, 65, 0.5000, 4.6326, 2.8520, 3.6506, 0.1500, 192.00
860, 1020, 115, 107, 1.0000, 5.6231, -1.6335, 5.3806, 1.0000, 218.59
860, 1045, 4, 65, 1.0000, 1.5014, 1.0689, 1.0544, 1.0000, 205.45
860, 1012, 36, 7, 0.6722, 0.2492, 0.0180, -0.2485, 0.3361, 211.20
860, 1053, 3, 34, 0.6556, 3.1317, -1.1826, 2.8999, 0.2622, 207.25
860, 1062, 14, 99, 0.6556, 22.3486, -7.5484, 21.0353, 0.2622, 192.50
860, 1071, 0, 106, 0.6556, 24.0292, -23.0629, 6.7455, 0.2622, 167.50
860, 1055, 4, 218, 0.5111, 49.7782, -0.1573, 49.7779, 0.2556, 203.40
861, 1020, 114, 109, 1.0000, 2.4154, -1.0623, 2.1693, 1.0000, 214.19
861, 1000, 14, 100, 0.5625, 51.7140, -49.8682, 13.6931, 0.2250, 174.25
861, 1045, 4, 65, 1.0000, 0.4076, 0.3085, 0.2665, 1.0000, 205.75
861, 1047, 122, 104, 0.6000, 19.1552, -1.8989, -19.0609, 0.1800, 159.00
861, 1057, 42, 70, 0.6000, 71.2382, 38.4226, 59.9882, 0.1800, 200.00
861, 1062, 6, 112, 0.7111, 15.4716, -7.5937, 13.4799, 0.3556, 193.40
861, 1067, 110, 89, 0.6000, 24.4375, 1.8743, -24.3655, 0.1800, 111.00
861, 1012, 36, 7, 0.5722, 0.2492, 0.0180, -0.2485, 0.2861, 211.20
861, 1053, 2, 37, 0.5556, 3.1317, -1.1826, 2.8999, 0.2222, 207.25
861, 1071, -23, 113, 0.5556, 24.0292, -23.0629, 6.7455, 0.2222, 167.50
862, 1020, 114, 108, 1.0000, 0.2341, -0.2091, 0.1052, 1.0000, 210.12
862, 1000, -2, 95, 0.6222, 20.1368, -19.9795, -2.5123, 0.3111, 178.60
862, 1045, 5, 66, 1.0000, 1.0436, 0.7444, 0.7314, 1.0000, 206.15
862, 1012, 37, 5, 0.7306, 1.1914, 0.5705, -1.0459, 0.4383, 214.25
862, 1047, 121, 90, 0.6556, 14.3200, -1.2710, -14.2635, 0.2622, 140.50
862, 1057, 113, 124, 0.6556, 87.5817, 68.4481, 54.6390, 0.2622, 170.25
862, 1059, 82, 13, 0.6000, 76.4685, 76.3763, -3.7535, 0.1800, 192.67
862, 1067, 110, 86, 0.6556, 4.6193, 0.4771, -4.5946, 0.2622, 113.50
862, 1072, 21, 17, 0.6000, 19.3199, 19.2240, -1.9224, 0.1800, 231.33
863, 1000, 16, 100, 0.6806, 16.6108, 16.1061, 4.0636, 0.4083, 173.00
863, 1045, 5, 66, 1.0000, 0.3208, 0.2262, 0.2274, 1.0000, 205.64
863, 1012, 50, 4, 0.7381, 12.6976, 12.6543, -1.0478, 0.5167, 213.07
863, 1067, 111, 91, 0.7111, 4.0555, 0.7304, 3.9892, 0.3556, 111.80
863, 1072, 41, 26, 0.6556, 21.2467, 19.5393, 8.3449, 0.2622, 224.25
863, 1020, 114, 109, 0.9000, 0.2341, -0.2091, 0.1052, 0.9000, 210.12
863, 1047, 120, 76, 0.5556, 14.3200, -1.2710, -14.2635, 0.2222, 140.50
863, 1057, 182, 178, 0.5556, 87.5817, 68.4481, 54.6390, 0.2222, 170.25
863, 1059, 158, 10, 0.5000, 76.4685, 76.3763, -3.7535, 0.1500, 192.67
864, 1045, 6, 66, 1.0000, 0.7521, 0.7518, -0.0191, 1.0000, 205.73
864, 1012, 91, 2, 0.7951, 38.8762, 38.8335, -1.8223, 0.6361, 206.56
864, 1047, 93, 44, 0.7111, 29.7771, -16.2750, -24.9360, 0.3556, 149.00
864, 1053, 8, 34, 0.7111, 2.1058, 1.8584, -0.9903, 0.3556, 205.60
864, 1072, 33, 62, 0.7111, 34.2223, -6.0394, 33.6852, 0.3556, 226.20
864, 1020, 113, 109, 0.8000, 0.2341, -0.2091, 0.1052, 0.8000, 210.12
865, 1045, 6, 67, 1.0000, 0.7707, 0.2481, 0.7296, 1.0000, 206.25
865, 1064, 117, 48, 0.6000, 80.4047, 71.7177, -36.3521, 0.1800, 161.33
865, 1020, 113, 109, 0.7000, 0.2341, -0.2091, 0.1052, 0.7000, 210.12
865, 1072, 27, 96, 0.6111, 34.2223, -6.0394, 33.6852, 0.3056, 226.20
866, 1020, 113, 98, 1.0000, 3.3811, -0.2008, -3.3751, 1.0000, 206.59
866, 1045, 7, 65, 1.0000, 1.4589, 0.7511, -1.2507, 1.0000, 205.71
866, 1064, 130, 42, 0.6556, 20.1241, 18.1163, -8.7624, 0.2622, 150.75
867, 1045, 8, 64, 0.9000, 1.4589, 0.7511, -1.2507, 0.9000, 205.71
867, 1064, 148, 33, 0.5556, 20.1241, 18.1163, -8.7624, 0.2222, 150.75
868, 1019, 75, 47, 0.5625, 21.5373, -21.4486, 1.9527, 0.2250, 177.75
868, 1045, 9, 76, 1.0000, 6.6181, 1.0778, 6.5298, 1.0000, 204.06
868, 1064, 126, 46, 0.7111, 6.7790, -5.3718, 4.1351, 0.3556, 143.40
869, 1021, 10, 35, 0.5625, 33.3028, 1.9531, -33.2455, 0.2250, 191.50
869, 1019, 63, 38, 0.6222, 14.9008, -12.8506, -7.5429, 0.3111, 182.20
869, 1045, 38, 85, 1.0000, 27.9229, 26.7161, 8.1203, 1.0000, 203.05
869, 1063, 79, 42, 0.6000, 25.0974, 6.7744, -24.1658, 0.1800, 197.33
870, 1021, 5, 64, 0.6222, 23.2584, -4.3457, 22.8489, 0.3111, 189.80
870, 1019, 58, 45, 0.6806, 7.7693, -5.4340, 5.5528, 0.4083, 184.50
870, 955, 41, 127, 0.5250, 31.0711, -30.0859, 7.7625, 0.3150, 139.17
870, 1063, 80, 38, 0.6556, 5.8611, 1.5749, -5.6456, 0.2622, 194.25
871, 1021, 8, 93, 0.6806, 29.0549, 2.4817, 28.9487, 0.4083, 185.83
871, 955, 7, 125, 0.5841, 33.3069, -33.3014, -0.6059, 0.4089, 138.29
871, 1063, 98, 44, 0.7111, 17.5195, 16.7156, 5.2458, 0.3556, 191.60
872, 1019, 62, 38, 0.7951, 2.6064, 1.4674, -2.1541, 0.6361, 189.12
872, 1039, 10, 70, 0.5625, 2.1231, 0.9612, 1.8931, 0.2250, 189.75
873, 1000, 117, 114, 1.0000, 1.9469, 0.1535, 1.9409, 1.0000, 137.80
873, 1019, 61, 39, 0.8519, 1.0588, -0.7082, 0.7871, 0.7667, 191.44
873, 1032, 100, 13, 0.5625, 33.1901, -0.9803, -33.1756, 0.2250, 156.50
873, 1076, 103, 52, 0.6000, 71.6382, -17.5926, -69.4444, 0.1800, 95.33
873, 1039, 43, 84, 0.6222, 32.5612, 29.7579, 13.2174, 0.3111, 186.40
874, 1019, 60, 39, 0.9083, 1.3346, -1.2357, 0.5042, 0.9083, 192.20
874, 1032, 110, 6, 0.6222, 12.4987, 8.5622, -9.1052, 0.3111, 155.40
874, 1065, 58, 122, 0.6000, 20.9310, 9.7504, 18.5212, 0.1800, 149.00
874, 1076, 77, 15, 0.6556, 47.2291, -25.4907, -39.7594, 0.2622, 116.00
874, 1039, 50, 88, 0.6806, 9.8897, 9.1034, 3.8644, 0.4083, 186.17
875, 1046, 84, 4, 0.6000, 9.8356, 9.7867, -0.9787, 0.1800, 191.67
875, 1032, 115, 4, 0.6806, 6.6570, 6.0129, -2.8567, 0.4083, 152.83
875, 1048, 103, 13, 0.6000, 23.8127, -22.4921, 7.8200, 0.1800, 146.33
875, 1069, 103, 49, 0.6000, 81.1602, 25.3704, -77.0929, 0.1800, 129.00
875, 1070, 3, 59, 0.6000, 20.0954, -7.7929, 18.5228, 0.1800, 192.33
875, 1065, 67, 141, 0.5000, 20.9310, 9.7504, 18.5212, 0.1500, 149.00
875, 1076, 52, -25, 0.5556, 47.2291, -25.4907, -39.7594, 0.2222, 116.00
876, 1046, 92, 19, 0.6556, 15.8588, 8.5734, 13.3417, 0.2622, 185.50
876, 1048, 58, 12, 0.6556, 42.5491, -42.5488, 0.1636, 0.2622, 158.00
876, 1058, 104, 46, 0.6000, 71.6567, 63.4937, 33.2149, 0.1800, 187.33
876, 1065, 63, 120, 0.6556, 4.4225, 1.8411, -4.0210, 0.2622, 150.25
876, 1069, 106, 8, 0.6556, 44.8511, 4.9434, -44.5779, 0.2622, 134.50
876, 1070, 39, 85, 0.6556, 40.3907, 31.7547, 24.9608, 0.2622, 188.75
877, 1046, 106, 45, 0.7111, 28.7936, 13.6458, 25.3548, 0.3556, 177.50
877, 1048, 31, 16, 0.7111, 28.4647, -28.2883, 3.1647, 0.3556, 168.20
877, 1065, 45, 79, 0.7111, 43.9669, -17.6680, -40.2608, 0.3556, 157.60
877, 1070, 74, 103, 0.7111, 39.6779, 35.1201, 18.4639, 0.3556, 178.20
877, 1058, 168, 79, 0.5000, 71.6567, 63.4937, 33.2149, 0.1500, 187.33
877, 1069, 111, -36, 0.5556, 44.8511, 4.9434, -44.5779, 0.2222, 134.50
878, 1048, 0, 17, 0.7667, 30.2928, -30.2392, 1.8017, 0.4600, 176.83
879, 1068, 52, 88, 0.6000, 39.9634, -11.7526, -38.1962, 0.1800, 147.67
880, 1068, 57, 33, 0.6556, 53.2785, 2.9575, -53.1964, 0.2622, 159.00
880, 1011, 20, 38, 0.5400, 35.2513, 6.7284, -34.6032, 0.2700, 199.00
881, 975, 49, 72, 0.5400, 50.1728, -22.4622, 44.8638, 0.2700, 196.20
881, 1068, 60, -20, 0.5556, 53.2785, 2.9575, -53.1964, 0.2222, 159.00
882, 1075, 42, 127, 0.6000, 64.4719, -64.4719, 0.0014, 0.1800, 148.33
882, 975, 29, 124, 0.6000, 55.1872, -20.7453, 51.1396, 0.3600, 188.00
882, 1011, 68, 2, 0.6000, 30.8986, 26.6843, -15.5780, 0.3600, 198.67
882, 974, 16, 66, 0.5250, 55.4151, -34.6032, 43.2833, 0.3150, 204.67
882, 1056, 12, 59, 0.5625, 55.3967, -34.5739, 43.2833, 0.2250, 204.50
883, 989, 57, 90, 0.5400, 17.8189, 8.7419, 15.5271, 0.2700, 186.80
883, 994, 5, 17, 0.5400, 0.9061, 0.9056, -0.0303, 0.2700, 211.70
883, 974, 7, 112, 0.5841, 47.2651, -11.8586, 45.7533, 0.4089, 198.00
883, 1079, 28, 56, 0.6000, 69.4238, -55.1892, 42.1166, 0.1800, 171.33
883, 1075, -23, 127, 0.5000, 64.4719, -64.4719, 0.0014, 0.1500, 148.33
883, 975, 8, 175, 0.5000, 55.1872, -20.7453, 51.1396, 0.3000, 188.00
883, 1011, 95, -14, 0.5000, 30.8986, 26.6843, -15.5780, 0.3000, 198.67
884, 989, 53, 80, 0.6000, 8.8539, -2.7858, -8.4043, 0.3600, 187.17
884, 1011, 86, -1, 0.6587, 6.0841, 5.9746, 1.1490, 0.4611, 194.71
884, 994, 7, 16, 0.6500, 2.0077, 1.8458, -0.7898, 0.3900, 218.58
884, 1079, 2, 75, 0.6556, 35.9622, -28.7878, 21.5533, 0.2622, 173.00
885, 948, 12, 111, 0.5143, 47.4731, -26.7696, 39.2057, 0.3600, 203.43
885, 994, 8, 16, 0.7087, 1.2974, 1.2746, -0.2419, 0.4961, 223.36
885, 989, 50, 71, 0.5000, 8.8539, -2.7858, -8.4043, 0.3000, 187.17
885, 1079, -27, 97, 0.5556, 35.9622, -28.7878, 21.5533, 0.2222, 173.00
886, 989, 30, 44, 0.6587, 23.6281, -13.1157, -19.6536, 0.4611, 191.00
886, 948, 7, 124, 0.5722, 16.7346, -7.2690, 15.0735, 0.4578, 197.50
886, 994, 9, 16, 0.7667, 0.9769, 0.9766, 0.0265, 0.6133, 225.94
886, 1085, 3, 18, 0.6000, 1.2986, 0.8732, -0.9612, 0.1800, 224.00
887, 948, 9, 122, 0.6296, 1.0106, 1.0056, -0.1003, 0.5667, 192.11
887, 994, 11, 15, 0.8241, 1.9238, 1.7642, -0.7674, 0.7417, 228.72
887, 1084, 102, 15, 0.6556, 23.0358, 22.3476, 5.5885, 0.2622, 168.75
887, 1085, 2, 19, 0.7056, 0.8063, -0.5602, 0.5798, 0.2822, 227.75
888, 994, 12, 15, 0.8811, 1.2796, 1.2539, -0.2553, 0.8811, 231.35
888, 1084, 119, 15, 0.7111, 17.4803, 17.4800, 0.1072, 0.3556, 162.60
888, 1073, 1, 10, 0.5625, 34.3486, -10.5732, -32.6808, 0.2250, 205.50
888, 1090, 68, 1, 0.6000, 20.4109, 14.4473, -14.4180, 0.1800, 203.67
888, 1092, 54, 78, 0.6000, 35.6163, 35.5644, 1.9224, 0.1800, 209.33
888, 948, 10, 122, 0.5296, 1.0106, 1.0056, -0.1003, 0.4767, 192.11
888, 1085, 2, 19, 0.6056, 0.8063, -0.5602, 0.5798, 0.2422, 227.75
889, 994, 13, 15, 0.9379, 0.9835, 0.9833, 0.0166, 0.9379, 233.23
889, 1061, 56, 38, 0.5625, 23.2971, -23.1286, -2.7973, 0.2250, 191.75
889, 1085, 1, 8, 0.7111, 6.2392, -0.6143, -6.2089, 0.3556, 225.20
889, 1073, 5, 2, 0.6222, 10.8880, 2.3864, -10.6232, 0.3111, 207.20
889, 1090, 58, -2, 0.6556, 8.1933, -7.1074, -4.0762, 0.2622, 215.50
889, 1084, 136, 15, 0.6111, 17.4803, 17.4800, 0.1072, 0.3056, 162.60
889, 1092, 89, 80, 0.5000, 35.6163, 35.5644, 1.9224, 0.1500, 209.33
890, 994, 15, 14, 0.9944, 1.9104, 1.7550, -0.7548, 0.9944, 232.54
890, 1061, 22, 73, 0.6222, 45.8831, -33.3821, 31.4784, 0.3111, 192.40
890, 1090, 54, -1, 0.7111, 3.9972, -3.9661, 0.4972, 0.3556, 222.60
890, 1092, 113, 77, 0.6556, 28.8865, 28.8769, -0.7467, 0.2622, 185.75
890, 1085, 0, 2, 0.6111, 6.2392, -0.6143, -6.2089, 0.3056, 225.20
890, 1073, 7, -9, 0.5222, 10.8880, 2.3864, -10.6232, 0.2611, 207.20
891, 1037, 30, 39, 0.5625, 22.2231, -21.1787, 6.7327, 0.2250, 200.75
891, 994, 16, 14, 1.0000, 1.2896, 1.2626, -0.2625, 1.0000, 233.96
891, 1073, 7, 1, 0.6806, 1.8233, 0.7787, 1.6486, 0.4083, 208.67
891, 1090, 54, 1, 0.7667, 1.8923, -1.1453, 1.5064, 0.4600, 228.00
891, 1061, -12, 104, 0.5222, 45.8831, -33.3821, 31.4784, 0.2611, 192.40
891, 1092, 142, 76, 0.5556, 28.8865, 28.8769, -0.7467, 0.2222, 185.75
892, 1037, 29, 9, 0.6222, 26.5383, -2.6085, -26.4098, 0.3111, 200.80
892, 994, 18, 13, 1.0000, 1.9369, 1.7750, -0.7750, 1.0000, 233.18
892, 1090, 54, 2, 0.8222, 1.2365, 0.1706, 1.2247, 0.5756, 231.86
892, 1092, 98, 85, 0.7111, 14.8182, -14.0882, 4.5937, 0.3556, 176.60
893, 1037, 28, -1, 0.6806, 11.5277, -1.4814, -11.4321, 0.4083, 204.33
893, 1044, 126, 14, 0.5625, 26.4020, 24.1658, 10.6338, 0.2250, 148.50
893, 994, 19, 13, 1.0000, 1.2627, 1.2397, -0.2397, 1.0000, 234.43
893, 1087, 97, 6, 0.6000, 21.9985, 2.8587, -21.8120, 0.1800, 165.56
893, 1090, 54, 2, 0.8778, 0.2634, 0.2028, 0.1681, 0.7022, 234.75
894, 1044, 129, 15, 0.6222, 5.4453, 4.8460, 2.4834, 0.3111, 142.60
894, 994, 23, 13, 1.0000, 3.3114, 3.3113, 0.0210, 1.0000, 233.53
894, 1087, 97, 6, 0.6556, 2.2871, 0.6936, -2.1794, 0.2622, 164.92
894, 1090, 54, 3, 0.9333, 0.7269, 0.0380, 0.7260, 0.8400, 236.78
895, 1038, 78, 29, 0.5625, 61.0102, 45.0547, -41.1378, 0.2250, 192.00
895, 994, 23, 12, 1.0000, 0.7795, 0.2684, -0.7318, 1.0000, 234.38
895, 1090, 54, 4, 0.9889, 1.0245, -0.0144, 1.0244, 0.9889, 238.40
895, 1044, 134, 18, 0.5222, 5.4453, 4.8460, 2.4834, 0.2611, 142.60
895, 1087, 98, 4, 0.5556, 2.2871, 0.6936, -2.1794, 0.2222, 164.92
896, 1038, 69, 14, 0.6222, 17.5145, -3.4967, -17.1619, 0.3111, 194.00
896, 994, 23, 11, 1.0000, 1.1187, 0.4004, -1.0446, 1.0000, 234.92
896, 1087, 99, 8, 0.7111, 1.6516, 0.8571, 1.4118, 0.3556, 164.93
896, 1090, 54, 4, 1.0000, 0.2090, -0.0090, 0.2088, 1.0000, 239.73
896, 982, 68, 51, 0.5250, 51.7354, -42.2928, 29.7972, 0.3150, 150.83
897, 1038, 63, 16, 0.6806, 5.7394, -5.7185, 0.4889, 0.4083, 194.83
897, 1044, 112, 1, 0.6806, 10.5957, -8.3028, -6.5828, 0.4083, 142.25
897, 994, 24, 11, 1.0000, 0.9245, 0.8777, -0.2905, 1.0000, 235.32
897, 1087, 89, 6, 0.7667, 10.0961, -9.8768, -2.0928, 0.4600, 166.11
897, 1090, 54, 5, 1.0000, 0.7651, -0.0008, 0.7651, 1.0000, 240.58
897, 982, 47, 37, 0.5841, 25.2482, -23.1872, -9.9914, 0.4089, 157.00
898, 994, 26, 10, 1.0000, 1.9391, 1.7999, -0.7214, 1.0000, 236.20
898, 1090, 54, 6, 1.0000, 1.0307, 0.0009, 1.0307, 1.0000, 241.46
898, 1095, 77, 39, 0.6000, 39.9696, 26.8910, 29.5709, 0.1800, 196.67
898, 1035, 81, 79, 0.5400, 21.2868, 21.2062, -1.8506, 0.2700, 178.00
898, 982, 5, 20, 0.6424, 44.1961, -41.0083, -16.4806, 0.5139, 167.50
899, 994, 27, 10, 1.0000, 1.3503, 1.3291, -0.2385, 1.0000, 237.10
899, 1090, 54, 7, 1.0000, 1.0386, 0.0004, 1.0386, 1.0000, 242.43
899, 1095, 104, 68, 0.5000, 39.9696, 26.8910, 29.5709, 0.1500, 196.67
899, 982, -36, 4, 0.5424, 44.1961, -41.0083, -16.4806, 0.4339, 167.50
900, 1090, 54, 8, 1.0000, 1.0076, -0.0000, 1.0076, 1.0000, 240.93
900, 1035, 73, 84, 0.6000, 8.8489, -8.3438, 2.9467, 0.3600, 175.00
900, 1099, 3, 18, 0.6556, 11.5250, -6.3869, 9.5934, 0.2622, 223.67
900, 994, 28, 10, 0.9000, 1.3503, 1.3291, -0.2385, 0.9000, 237.10
901, 994, 30, 9, 1.0000, 1.5406, 1.4660, -0.4734, 1.0000, 237.64
901, 1090, 54, 8, 1.0000, 0.1732, -0.0000, 0.1732, 1.0000, 241.81
901, 1035, 94, 100, 0.6587, 25.3183, 19.8017, 15.7769, 0.4611, 165.57
901, 1099, 32, 39, 0.7111, 33.6783, 26.4490, 20.8488, 0.3556, 218.73
902, 994, 31, 9, 1.0000, 1.1244, 1.1174, -0.1249, 1.0000, 237.70
902, 1090, 54, 9, 1.0000, 0.7453, -0.0000, 0.7453, 1.0000, 242.41
902, 1035, 114, 116, 0.5587, 25.3183, 19.8017, 15.7769, 0.3911, 165.57
903, 994, 33, 8, 1.0000, 1.8747, 1.7271, -0.7290, 1.0000, 238.21
903, 1090, 54, 10, 1.0000, 1.0262, 0.0000, 1.0262, 1.0000, 242.83
903, 1104, 41, 48, 0.6000, 67.1119, -17.5535, -64.7757, 0.1800, 166.33
903, 1077, 44, 5, 0.5625, 33.0323, -4.8060, -32.6808, 0.2250, 211.50
904, 994, 34, 8, 1.0000, 1.3085, 1.2786, -0.2783, 1.0000, 238.24
904, 1090, 54, 10, 1.0000, 0.2300, 0.0000, 0.2300, 1.0000, 243.21
904, 1104, 17, 6, 0.6556, 50.2605, -23.9035, -44.2124, 0.2622, 178.50
904, 1077, 16, 6, 0.6222, 25.9074, -25.8419, -1.8412, 0.3111, 212.60
905, 1037, 72, 19, 1.0000, 5.2934, -2.0305, 4.8885, 1.0000, 202.19
905, 994, 35, 8, 1.0000, 1.0057, 1.0057, -0.0053, 1.0000, 238.15
905, 1090, 54, 11, 1.0000, 0.7475, 0.0000, 0.7475, 1.0000, 243.65
905, 1104, -7, -38, 0.5556, 50.2605, -23.9035, -44.2124, 0.2222, 178.50
905, 1077, -10, 5, 0.5222, 25.9074, -25.8419, -1.8412, 0.2611, 212.60
906, 994, 37, 7, 1.0000, 1.8263, 1.6907, -0.6906, 1.0000, 237.22
906, 1090, 54, 12, 1.0000, 1.0182, -0.0000, 1.0182, 1.0000, 244.05
906, 1100, 66, 60, 0.6000, 71.0447, 49.2755, 51.1789, 0.1800, 203.00
906, 981, 109, 50, 0.5250, 50.3427, 14.8051, 48.1165, 0.3150, 158.33
907, 994, 38, 7, 1.0000, 1.3277, 1.2946, -0.2946, 1.0000, 237.79
907, 1086, 44, 42, 0.6000, 14.4405, -6.8447, 12.7152, 0.1800, 192.67
907, 1090, 54, 13, 1.0000, 1.0397, -0.0000, 1.0397, 1.0000, 244.55
907, 1099, 47, 37, 0.9889, 0.6720, -0.3748, 0.5578, 0.9889, 214.82
907, 1100, 84, 96, 0.6556, 43.0337, 21.0337, 37.5431, 0.2622, 190.00
908, 994, 40, 7, 1.0000, 1.7427, 1.7426, -0.0199, 1.0000, 237.79
908, 1086, 18, 17, 0.6556, 32.4547, -24.6749, -21.0822, 0.2622, 198.88
908, 1090, 54, 13, 1.0000, 0.2172, -0.0000, 0.2172, 1.0000, 245.00
908, 1099, 46, 37, 1.0000, 1.0147, -0.9923, 0.2122, 1.0000, 213.56
908, 1100, 105, 134, 0.5556, 43.0337, 21.0337, 37.5431, 0.2222, 190.00
909, 994, 30, 8, 1.0000, 8.0969, -8.0615, 0.7562, 1.0000, 236.97
909, 1086, 13, 11, 0.7111, 9.3911, -5.9819, -7.2394, 0.3556, 202.50
909, 1090, 54, 14, 1.0000, 0.7239, 0.0000, 0.7239, 1.0000, 245.25
910, 994, 30, 11, 1.0000, 2.6720, -0.9682, 2.4904, 1.0000, 236.03
910, 1090, 54, 15, 1.0000, 1.0100, 0.0000, 1.0100, 1.0000, 245.56
910, 1105, 42, 6, 0.6000, 14.2973, 13.4861, 4.7474, 0.1800, 223.33
911, 994, 18, 14, 1.0000, 11.0721, -10.6190, 3.1348, 1.0000, 235.62
911, 1090, 54, 16, 1.0000, 1.0416, 0.0000, 1.0416, 1.0000, 245.73
911, 1093, 19, 114, 0.6000, 27.4811, 2.9246, 27.3250, 0.1800, 169.67
911, 1105, 109, 4, 0.6556, 62.1450, 62.1316, -1.2894, 0.2622, 216.00
912, 1090, 54, 17, 1.0000, 1.0137, -0.0000, 1.0137, 1.0000, 246.07
912, 1093, 3, 127, 0.6556, 20.2689, -14.5002, 14.1623, 0.2622, 165.50
912, 1102, 69, 114, 0.6000, 77.7649, 61.7473, 47.2721, 0.1800, 169.67
912, 1106, 44, 5, 0.6000, 10.2292, 10.2292, 0.0000, 0.1800, 235.33
912, 1105, 171, 3, 0.5556, 62.1450, 62.1316, -1.2894, 0.2222, 216.00
913, 1090, 53, 17, 1.0000, 0.8050, -0.7724, 0.2268, 1.0000, 246.39
913, 1096, 67, 10, 0.6000, 61.0657, 55.5588, -25.3426, 0.1800, 195.67
913, 1101, 81, 22, 0.6000, 9.9786, 8.7224, -4.8469, 0.1800, 190.33
913, 1002, 56, 118, 0.5250, 76.1787, 7.6632, 75.7923, 0.3150, 190.83
913, 1106, 46, 4, 0.6556, 2.7097, 2.5876, -0.8042, 0.2622, 232.12
913, 1093, -12, 141, 0.5556, 20.2689, -14.5002, 14.1623, 0.2222, 165.50
913, 1102, 131, 161, 0.5000, 77.7649, 61.7473, 47.2721, 0.1500, 169.67
914, 1090, 53, 18, 1.0000, 0.7657, -0.2885, 0.7092, 1.0000, 246.59
914, 1096, 104, 29, 0.6556, 41.0086, 38.1669, 14.9998, 0.2622, 186.75
914, 1101, 82, 11, 0.6556, 10.9005, 2.0193, -10.7119, 0.2622, 185.25
914, 1002, 57, 131, 0.5841, 18.2158, 1.8437, 18.1223, 0.4089, 183.43
914, 1106, 48, 4, 0.7111, 1.9975, 1.9818, -0.2505, 0.3556, 235.90
914, 1080, 109, 39, 0.5625, 36.1654, -10.5146, 34.6032, 0.2250, 137.25
915, 1090, 53, 19, 1.0000, 1.0004, 0.0011, 1.0004, 1.0000, 246.57
915, 1066, 19, 58, 0.5625, 54.7523, -24.4868, -48.9715, 0.2250, 164.00
915, 1106, 49, 3, 0.7667, 1.3561, 1.1050, -0.7861, 0.4600, 233.92
915, 1080, 44, 18, 0.6222, 62.5924, -60.6973, -15.2857, 0.3111, 151.80
915, 1096, 142, 44, 0.5556, 41.0086, 38.1669, 14.9998, 0.2222, 186.75
915, 1101, 84, 0, 0.5556, 10.9005, 2.0193, -10.7119, 0.2222, 185.25
916, 1038, 94, 95, 1.0000, 2.6199, 2.5383, 0.6491, 1.0000, 178.43
916, 1090, 53, 20, 1.0000, 1.0429, 0.0421, 1.0421, 1.0000, 246.84
916, 1066, 0, 69, 0.6222, 19.6762, -19.0267, 5.0137, 0.3111, 167.60
916, 1101, 83, 11, 0.7111, 2.1405, 0.2890, 2.1209, 0.3556, 183.00
916, 1002, 36, 127, 0.6424, 13.7056, -12.7028, -5.1462, 0.5139, 183.25
916, 1106, 51, 3, 0.8222, 1.7299, 1.7161, -0.2186, 0.5756, 234.21
916, 1080, 13, 14, 0.6806, 32.5153, -32.1440, -4.8999, 0.4083, 160.50
917, 1090, 53, 20, 1.0000, 0.2614, 0.0162, 0.2609, 1.0000, 247.03
917, 1106, 53, 3, 0.8778, 2.0273, 2.0270, 0.0336, 0.7022, 236.31
917, 1066, -19, 74, 0.5222, 19.6762, -19.0267, 5.0137, 0.2611, 167.60
917, 1002, 23, 122, 0.5424, 13.7056, -12.7028, -5.1462, 0.4339, 183.25
917, 1080, -19, 9, 0.5806, 32.5153, -32.1440, -4.8999, 0.3483, 160.50
918, 1090, 53, 21, 1.0000, 0.7014, 0.0003, 0.7014, 1.0000, 247.15
918, 1066, 2, 55, 0.6806, 10.1336, 4.2331, -9.2071, 0.4083, 171.83
918, 1106, 54, 2, 0.9333, 1.4560, 1.2344, -0.7721, 0.8400, 238.39
918, 1115, 106, 41, 0.6000, 19.6838, -13.3688, -14.4473, 0.1800, 134.67
918, 1116, 36, 82, 0.6000, 22.1285, -18.2628, -12.4956, 0.1800, 162.67
919, 1090, 53, 22, 1.0000, 0.9897, -0.0023, 0.9897, 1.0000, 247.32
919, 1018, 29, 17, 0.5400, 74.8036, -52.8947, -52.8936, 0.2700, 181.40
919, 1106, 55, 1, 0.9889, 1.4190, 0.9397, -1.0632, 0.9889, 236.38
919, 1115, 74, 23, 0.6556, 35.6872, -31.0216, -17.6418, 0.2622, 147.50
919, 1116, 6, 16, 0.6556, 67.6098, -28.9012, -61.1213, 0.2622, 172.50
919, 1117, 66, 118, 0.6556, 14.2815, 6.3869, 12.7738, 0.2622, 151.25
920, 1090, 53, 23, 1.0000, 1.0405, -0.0010, 1.0405, 1.0000, 247.46
920, 1018, 24, -2, 0.6000, 24.4163, -10.2133, -22.1776, 0.3600, 187.50
920, 1106, 57, 1, 1.0000, 1.7775, 1.7614, -0.2386, 1.0000, 234.35
920, 1115, 42, 8, 0.7111, 35.3102, -31.5348, -15.8861, 0.3556, 159.20
920, 1117, 78, 111, 0.7111, 13.0768, 11.7258, -5.7887, 0.3556, 148.40
920, 1083, 29, 18, 0.5625, 8.6802, 8.6801, 0.0293, 0.2250, 210.50
920, 1119, 56, 44, 0.6000, 0.9905, 0.9905, 0.0000, 0.1800, 212.00
920, 1121, 53, 103, 0.6000, 26.3937, -25.9524, -4.8060, 0.1800, 144.67
920, 1116, -23, -45, 0.5556, 67.6098, -28.9012, -61.1213, 0.2222, 172.50
921, 1090, 53, 24, 1.0000, 1.0182, -0.0001, 1.0182, 1.0000, 247.61
921, 1106, 59, 1, 1.0000, 2.0643, 2.0633, 0.0637, 1.0000, 235.07
921, 1117, 80, 108, 0.7667, 4.5719, 2.9076, -3.5282, 0.4600, 146.50
921, 1083, 28, 19, 0.6222, 0.8713, 0.3634, 0.7918, 0.3111, 211.00
921, 1018, 13, -24, 0.5000, 24.4163, -10.2133, -22.1776, 0.3000, 187.50
921, 1115, 11, -8, 0.6111, 35.3102, -31.5348, -15.8861, 0.3056, 159.20
921, 1119, 57, 44, 0.5000, 0.9905, 0.9905, 0.0000, 0.1500, 212.00
921, 1121, 27, 98, 0.5000, 26.3937, -25.9524, -4.8060, 0.1500, 144.67
922, 1090, 53, 24, 1.0000, 0.2670, 0.0001, 0.2670, 1.0000, 247.81
922, 1106, 60, 0, 1.0000, 1.4543, 1.2401, -0.7598, 1.0000, 234.22
922, 1117, 80, 107, 0.8222, 0.7319, -0.6534, -0.3298, 0.5756, 145.14
922, 1083, 27, 19, 0.6806, 0.9775, -0.9471, 0.2418, 0.4083, 214.50
922, 1119, 53, 59, 0.6556, 9.1046, -1.7806, 8.9288, 0.2622, 210.50
922, 1121, 25, 66, 0.6556, 23.9377, -11.9625, -20.7343, 0.2622, 157.75
922, 1115, -21, -24, 0.5111, 35.3102, -31.5348, -15.8861, 0.2556, 159.20
923, 1090, 53, 25, 1.0000, 0.6869, 0.0001, 0.6869, 1.0000, 247.87
923, 1022, 78, 51, 0.5250, 77.1039, 70.0921, -32.1265, 0.3150, 175.17
923, 1106, 62, 0, 1.0000, 1.7643, 1.7459, -0.2541, 1.0000, 235.27
923, 1083, 27, 19, 0.7381, 0.3514, -0.3504, -0.0268, 0.5167, 214.57
923, 1119, 53, 61, 0.7111, 1.9300, -0.4233, 1.8830, 0.3556, 209.60
923, 1082, 93, 25, 0.5625, 1.0273, 1.0268, 0.0303, 0.2250, 175.50
923, 1098, 113, 36, 0.5625, 46.2604, 33.6630, -31.7305, 0.2250, 172.50
923, 1117, 79, 107, 0.7222, 0.7319, -0.6534, -0.3298, 0.5056, 145.14
923, 1121, 13, 45, 0.5556, 23.9377, -11.9625, -20.7343, 0.2222, 157.75
924, 1090, 53, 26, 1.0000, 0.9793, 0.0000, 0.9793, 1.0000, 248.05
924, 1022, 105, 28, 0.5841, 39.3915, 31.1615, -24.0968, 0.4089, 172.00
924, 1106, 67, 15, 1.0000, 14.3705, 4.4263, 13.6719, 1.0000, 233.66
924, 1082, 94, 25, 0.6722, 0.9947, 0.9947, -0.0123, 0.3361, 173.00
924, 1117, 78, 107, 0.6222, 0.7319, -0.6534, -0.3298, 0.4356, 145.14
924, 1083, 27, 19, 0.6381, 0.3514, -0.3504, -0.0268, 0.4467, 214.57
924, 1119, 52, 63, 0.6111, 1.9300, -0.4233, 1.8830, 0.3056, 209.60
925, 1090, 53, 27, 1.0000, 1.0399, -0.0000, 1.0399, 1.0000, 248.12
925, 1106, 82, 26, 1.0000, 18.9755, 14.8780, 11.7777, 1.0000, 228.99
925, 1089, 91, 20, 0.5625, 54.9766, 53.5492, 12.4462, 0.2250, 196.75
925, 1082, 96, 25, 0.7306, 1.8069, 1.8069, -0.0075, 0.4383, 174.33
925, 1128, 108, 125, 0.6000, 44.2593, 43.0525, 10.2649, 0.1800, 123.67
926, 1090, 53, 27, 1.0000, 0.3030, -0.0000, 0.3030, 1.0000, 248.20
926, 1106, 72, 8, 1.0000, 18.4775, -8.5118, -16.4002, 1.0000, 227.87
926, 1082, 108, 36, 0.7381, 15.2441, 11.0007, 10.5531, 0.5167, 170.86
926, 1128, 112, 125, 0.6556, 7.3471, 7.3459, 0.1299, 0.2622, 143.75
927, 1090, 53, 28, 1.0000, 0.6833, -0.0000, 0.6833, 1.0000, 248.24
927, 1118, 110, 124, 0.6000, 13.4214, -13.3873, -0.9562, 0.1800, 133.67
927, 1122, 96, 26, 0.6000, 22.8337, 22.5258, 3.7370, 0.1800, 183.67
927, 1128, 120, 125, 0.5556, 7.3471, 7.3459, 0.1299, 0.2222, 143.75
928, 1090, 53, 29, 1.0000, 0.9690, 0.0000, 0.9690, 1.0000, 248.30
928, 1118, 101, 104, 0.6556, 20.6450, -8.8400, -18.6566, 0.2622, 127.50
928, 1122, 110, 37, 0.6556, 17.9996, 14.5432, 10.6056, 0.2622, 173.25
928, 1128, 111, 124, 0.7111, 2.4046, -2.3830, -0.3218, 0.3556, 153.80
929, 1090, 53, 30, 1.0000, 1.0371, 0.0000, 1.0371, 1.0000, 248.45
929, 1118, 92, 85, 0.5556, 20.6450, -8.8400, -18.6566, 0.2222, 127.50
929, 1122, 125, 48, 0.5556, 17.9996, 14.5432, 10.6056, 0.2222, 173.25
930, 1090, 41, 35, 1.0000, 10.8138, -9.8196, 4.5292, 1.0000, 247.44
930, 1118, 67, 47, 0.7111, 35.6431, -18.8782, -30.2332, 0.3556, 144.80
930, 1122, 103, 28, 0.7111, 9.7733, -6.6784, -7.1356, 0.3556, 170.20
931, 1097, 25, 30, 0.5625, 10.8486, 3.6831, 10.2043, 0.2250, 211.75
931, 1090, 31, 40, 0.9000, 10.8138, -9.8196, 4.5292, 0.9000, 247.44
932, 1090, 37, 36, 1.0000, 1.2257, -1.2114, 0.1865, 1.0000, 246.35
932, 1097, 50, 32, 0.6222, 23.5392, 23.3995, 2.5606, 0.3111, 214.80
933, 1090, 38, 36, 1.0000, 0.3231, 0.2206, -0.2361, 1.0000, 245.66
933, 1052, 61, 86, 0.5400, 64.3045, 45.9595, 44.9755, 0.2700, 193.20
933, 1094, 13, 112, 0.5625, 10.1368, 5.5882, -8.4573, 0.2250, 154.00
933, 1097, 78, 40, 0.6806, 28.9649, 27.9333, 7.6613, 0.4083, 210.00
934, 1052, 46, 78, 0.6000, 9.2168, -8.8253, -2.6575, 0.3600, 193.00
934, 999, 53, 87, 0.5250, 77.0655, -66.4257, -39.0734, 0.3150, 117.67
934, 1126, 52, 40, 0.6000, 57.7382, -15.3521, -55.6598, 0.1800, 174.67
934, 1094, 11, 91, 0.6222, 19.8361, -0.9578, -19.8129, 0.3111, 157.40
935, 1052, 47, 83, 0.6587, 4.2964, -0.1677, 4.2931, 0.4611, 190.57
935, 999, 27, 89, 0.5841, 30.1807, -30.1368, -1.6274, 0.4089, 126.29
935, 1126, 39, 7, 0.6556, 37.3512, -13.2768, -34.9118, 0.2622, 178.50
935, 1094, 10, 71, 0.5222, 19.8361, -0.9578, -19.8129, 0.2611, 157.40
936, 1094, 25, 76, 0.6806, 10.0467, 8.6757, -5.0664, 0.4083, 160.17
936, 1131, 56, 13, 0.6000, 27.1661, 19.2240, -19.1947, 0.1800, 204.00
936, 1132, 101, 8, 0.6000, 55.0684, 48.0600, -26.8843, 0.1800, 219.00
936, 1126, 25, -28, 0.5556, 37.3512, -13.2768, -34.9118, 0.2222, 178.50
937, 1131, 56, 31, 0.6556, 14.8305, 1.1770, 14.7837, 0.2622, 213.88
937, 1133, 37, 23, 0.6000, 19.1593, 13.1029, -13.9783, 0.1800, 209.00
937, 1132, 150, -19, 0.5000, 55.0684, 48.0600, -26.8843, 0.1500, 219.00
938, 1131, 54, 38, 0.7111, 7.9865, -1.9823, 7.7365, 0.3556, 220.30
938, 1132, 120, -1, 0.6556, 3.3494, 3.0963, -1.2773, 0.2622, 195.25
938, 1133, 49, 9, 0.6556, 18.3803, 12.0346, -13.8926, 0.2622, 207.25
939, 1132, 115, 25, 0.7111, 25.6558, -4.1796, 25.3131, 0.3556, 184.60
939, 1133, 33, 24, 0.7111, 19.0620, -14.1047, 12.8226, 0.3556, 207.60
939, 1031, 52, 102, 0.5250, 29.2989, -28.9228, -4.6796, 0.3150, 139.17
940, 1031, 25, 75, 0.5841, 37.0854, -27.2004, -25.2085, 0.4089, 146.43
941, 1031, 34, 40, 0.6424, 34.8245, 7.2726, -34.0566, 0.5139, 154.25
942, 1133, 30, 28, 0.8778, 1.7930, 1.6322, -0.7422, 0.7022, 209.75
943, 1049, 50, 8, 0.5250, 13.4684, -13.4275, -1.0492, 0.3150, 197.33
943, 1040, 52, 98, 0.5250, 11.8894, -2.8836, 11.5344, 0.3150, 175.17
944, 1131, 53, 42, 1.0000, 1.1788, -0.6084, 1.0096, 1.0000, 231.41
944, 1049, 49, 9, 0.5841, 2.3454, -2.2675, 0.5994, 0.4089, 197.71
944, 1040, 53, 121, 0.5841, 22.6009, 0.9412, 22.5813, 0.4089, 173.57
944, 1141, 120, 32, 0.6000, 1.6200, 1.5394, 0.5046, 0.1800, 131.83
945, 1131, 53, 43, 1.0000, 1.0332, -0.0929, 1.0290, 1.0000, 233.04
945, 1049, 50, 13, 0.6424, 3.5649, 0.1245, 3.5628, 0.5139, 197.88
945, 1040, 24, 116, 0.6424, 27.9851, -27.7844, -3.3457, 0.5139, 172.38
945, 1141, 122, 33, 0.7056, 2.1465, 1.9391, 0.9205, 0.2822, 129.62
946, 1131, 53, 44, 1.0000, 1.0068, 0.0501, 1.0056, 1.0000, 234.73
946, 1049, 40, 21, 0.7000, 12.5874, -9.4046, 8.3664, 0.6300, 199.33
946, 1141, 123, 33, 0.7611, 1.2445, 1.2244, 0.2229, 0.3806, 134.90
946, 1088, 30, 74, 0.5400, 0.0802, 0.0760, 0.0253, 0.2700, 189.40
947, 1131, 53, 45, 1.0000, 0.9981, 0.0216, 0.9979, 1.0000, 235.82
947, 1049, 14, 12, 0.7572, 25.5276, -24.1258, -8.3428, 0.7572, 201.70
947, 1088, 27, 88, 0.6000, 13.2606, -3.2553, 12.8548, 0.3600, 186.83
947, 1153, 51, 49, 0.6000, 29.8118, 29.7972, -0.9319, 0.1800, 202.67
947, 1141, 124, 33, 0.6611, 1.2445, 1.2244, 0.2229, 0.3306, 134.90
948, 1131, 53, 45, 1.0000, 0.1014, -0.0010, 0.1014, 1.0000, 236.90
948, 1088, 17, 79, 0.6587, 11.7353, -9.1393, -7.3614, 0.4611, 185.71
948, 1145, 3, 25, 0.7056, 0.7899, 0.7898, -0.0123, 0.2822, 202.75
948, 1148, 57, 3, 0.6000, 15.8724, -12.1064, -10.2649, 0.1800, 195.67
948, 1153, 121, 59, 0.6556, 67.1984, 66.6514, 8.5569, 0.2622, 177.25
948, 1156, 40, 15, 0.6000, 20.9929, 5.7672, -20.1852, 0.1800, 212.00
948, 1141, 126, 34, 0.5611, 1.2445, 1.2244, 0.2229, 0.2806, 134.90
949, 1131, 53, 46, 1.0000, 0.8100, -0.0026, 0.8100, 1.0000, 238.03
949, 1141, 127, 35, 0.8167, 1.5054, 1.3143, 0.7342, 0.4900, 134.58
949, 1074, 94, 110, 0.5400, 9.8050, 9.3829, -2.8460, 0.2700, 109.60
949, 1088, 1, 93, 0.7167, 19.7069, -15.4833, 12.1914, 0.5733, 183.50
949, 1145, 3, 26, 0.7611, 0.8399, 0.2419, 0.8043, 0.3806, 203.60
949, 1148, 79, 12, 0.6556, 20.9895, 19.4500, 7.8905, 0.2622, 189.75
949, 1156, 68, 11, 0.6556, 26.6114, 26.0604, -5.3873, 0.2622, 205.50
949, 1153, 188, 67, 0.5556, 67.1984, 66.6514, 8.5569, 0.2222, 177.25
950, 1131, 53, 47, 1.0000, 1.0578, -0.0004, 1.0578, 1.0000, 239.03
950, 1141, 122, 35, 0.8722, 4.9912, -4.9898, 0.1150, 0.6106, 132.79
950, 1074, 104, 117, 0.6000, 11.1925, 9.6111, 5.7358, 0.3600, 107.00
950, 1144, 53, 109, 0.6000, 21.8787, -14.9711, -15.9544, 0.1800, 140.00
950, 1148, 107, 28, 0.7111, 30.9452, 27.0214, 15.0814, 0.3556, 181.80
950, 1156, 117, 2, 0.7111, 48.6679, 47.9824, -8.1395, 0.3556, 192.20
950, 1145, 3, 27, 0.6611, 0.8399, 0.2419, 0.8043, 0.3306, 203.60
951, 1131, 53, 48, 1.0000, 1.0329, 0.0002, 1.0329, 1.0000, 239.58
951, 1141, 93, 48, 0.8778, 30.0088, -27.4784, 12.0609, 0.7022, 138.56
951, 1074, 90, 117, 0.6587, 11.9675, -11.9567, 0.5086, 0.4611, 108.00
951, 1144, 53, 87, 0.6556, 21.7676, -1.4203, -21.7212, 0.2622, 147.75
951, 1145, 4, 25, 0.8167, 0.7752, 0.4851, -0.6047, 0.4900, 204.33
951, 1161, 89, 10, 0.6000, 0.9905, 0.9905, 0.0000, 0.1800, 163.67
951, 1156, 165, -6, 0.6111, 48.6679, 47.9824, -8.1395, 0.3056, 192.20
952, 1131, 53, 49, 1.0000, 1.0008, 0.0001, 1.0008, 1.0000, 240.13
952, 1074, 61, 108, 0.7167, 29.7019, -28.6323, -7.8990, 0.5733, 113.62
952, 1144, 39, 74, 0.7111, 19.0549, -13.2162, -13.7267, 0.3556, 155.40
952, 1145, 4, 26, 0.8722, 0.6657, 0.0939, 0.6591, 0.6106, 204.62
952, 1161, 63, 16, 0.6556, 24.3878, -23.7389, 5.5885, 0.2622, 170.75
953, 1131, 53, 49, 1.0000, 0.1082, -0.0000, 0.1082, 1.0000, 240.62
953, 1109, 70, 101, 0.5625, 20.9987, 18.1685, -10.5287, 0.2250, 151.25
953, 1142, 76, 16, 0.6000, 51.9584, -11.4748, -50.6755, 0.1800, 176.17
953, 1161, 48, 21, 0.7111, 16.3748, -15.5989, 4.9806, 0.3556, 180.00
953, 1165, 64, 17, 0.6000, 22.1043, 12.4956, -18.2335, 0.1800, 193.33
953, 1145, 4, 26, 0.7722, 0.6657, 0.0939, 0.6591, 0.5406, 204.62
954, 1131, 53, 50, 1.0000, 0.7983, -0.0000, 0.7983, 1.0000, 241.07
954, 1109, 95, 77, 0.6222, 33.2422, 24.4145, -22.5605, 0.3111, 145.80
954, 1142, 58, -4, 0.6556, 28.4381, -17.1906, -22.6542, 0.2622, 186.38
954, 1144, 49, 36, 0.8222, 21.5622, 8.3358, -19.8857, 0.5756, 169.14
954, 1145, 5, 27, 0.9278, 0.7845, 0.5172, 0.5899, 0.7422, 205.67
954, 1161, 29, 4, 0.7667, 24.3782, -18.9143, -15.3800, 0.4600, 186.83
954, 1165, 91, 9, 0.6556, 27.4905, 25.9933, -8.9486, 0.2622, 185.25
955, 1131, 53, 51, 1.0000, 1.0524, -0.0000, 1.0524, 1.0000, 241.48
955, 1111, 29, 120, 0.5625, 47.1961, -9.6307, 46.2030, 0.2250, 187.50
955, 1167, 27, 3, 0.6000, 40.8323, 21.5869, -34.6595, 0.1800, 207.67
955, 1109, 119, 54, 0.5222, 33.2422, 24.4145, -22.5605, 0.2611, 145.80
955, 1142, 41, -27, 0.5556, 28.4381, -17.1906, -22.6542, 0.2222, 186.38
955, 1145, 5, 28, 0.8278, 0.7845, 0.5172, 0.5899, 0.6622, 205.67
955, 1165, 117, 0, 0.5556, 27.4905, 25.9933, -8.9486, 0.2222, 185.25
956, 1131, 57, 48, 1.0000, 5.0216, 4.3750, -2.4650, 1.0000, 239.50
956, 1091, 76, 40, 0.5400, 3.0578, -2.9009, -0.9670, 0.2700, 189.00
956, 1145, 6, 28, 0.9833, 0.7058, 0.5123, 0.4855, 0.8850, 206.04
956, 1167, 31, 6, 0.6556, 6.0717, 6.0545, -0.4565, 0.2622, 208.00
956, 1129, 118, 118, 0.5625, 0.9910, 0.9905, 0.0293, 0.2250, 99.75
957, 1136, 52, 53, 0.6000, 36.9386, 35.0434, -11.6799, 0.1800, 211.67
957, 1145, 7, 14, 0.9889, 13.0237, 0.9106, -12.9919, 0.9889, 206.83
957, 1157, 42, 74, 0.6000, 16.5095, 2.8536, -16.2611, 0.1800, 177.67
957, 1159, 60, 72, 0.6000, 29.0509, -21.9182, 19.0669, 0.1800, 191.33
957, 1129, 118, 118, 0.6722, 0.2121, 0.2120, -0.0065, 0.3361, 95.00
957, 1172, 71, 73, 0.6000, 31.7271, -23.3072, 21.5263, 0.1800, 180.67
957, 1131, 62, 46, 0.9000, 5.0216, 4.3750, -2.4650, 0.9000, 239.50
957, 1167, 37, 5, 0.5556, 6.0717, 6.0545, -0.4565, 0.2222, 208.00
958, 1131, 59, 72, 1.0000, 14.8427, 0.1585, 14.8418, 1.0000, 237.35
958, 1136, 110, 41, 0.6556, 57.2341, 55.9081, -12.2488, 0.2622, 192.00
958, 1091, 85, 69, 0.6000, 17.8090, 5.8462, 16.8221, 0.3600, 184.67
958, 1157, 42, 63, 0.6556, 11.1535, 0.7032, -11.1313, 0.2622, 191.00
958, 1159, 38, 76, 0.6556, 22.8340, -22.1762, 5.4411, 0.2622, 189.25
958, 1160, 35, 121, 0.6000, 39.2333, -28.6770, 26.7746, 0.1800, 155.00
958, 1167, 46, 14, 0.7111, 8.8597, 7.5001, 4.7161, 0.3556, 208.40
958, 1129, 126, 121, 0.6806, 7.6513, 7.2548, 2.4311, 0.4083, 91.33
958, 1172, 54, 87, 0.6556, 23.2167, -17.8034, 14.9016, 0.2622, 179.50
958, 1173, 9, 37, 0.6000, 0.9910, 0.9905, -0.0293, 0.1800, 210.67
959, 1107, 15, 29, 0.5625, 71.9760, -19.5139, -69.2803, 0.2250, 183.75
959, 1139, 44, 72, 0.6000, 48.4461, -7.8052, -47.8132, 0.1800, 158.33
959, 1091, 87, 62, 0.6587, 6.6013, 1.3714, -6.4572, 0.4611, 183.86
959, 1157, 52, 55, 0.7111, 12.4286, 8.8000, -8.7767, 0.3556, 199.00
959, 1169, 103, 0, 0.6000, 0.9463, -0.9455, -0.0391, 0.1800, 154.00
959, 1170, 97, 12, 0.6000, 25.9536, 21.2963, -14.8344, 0.1800, 166.00
959, 1172, 51, 118, 0.7111, 30.7071, -4.2968, 30.4050, 0.3556, 174.67
959, 1173, 7, 30, 0.6556, 6.5289, -1.3847, -6.3804, 0.2622, 214.00
959, 1136, 166, 29, 0.5556, 57.2341, 55.9081, -12.2488, 0.2222, 192.00
959, 1159, 16, 81, 0.5556, 22.8340, -22.1762, 5.4411, 0.2222, 189.25
959, 1160, 6, 147, 0.5000, 39.2333, -28.6770, 26.7746, 0.1500, 155.00
959, 1129, 133, 123, 0.5806, 7.6513, 7.2548, 2.4311, 0.3483, 91.33
960, 1139, 14, 36, 0.6556, 47.2308, -28.1063, -37.9577, 0.2622, 176.00
960, 1113, 76, 101, 0.5625, 49.2826, -45.6890, -18.4740, 0.2250, 92.00
960, 1081, 103, 34, 0.5400, 17.7098, 8.6800, 15.4368, 0.2700, 174.40
960, 1157, 54, 54, 0.7667, 3.0334, 2.7207, -1.3414, 0.4600, 204.67
960, 1159, 15, 72, 0.7111, 10.1463, -9.4772, -3.6237, 0.3556, 190.60
960, 1173, 8, 28, 0.7111, 1.9908, 0.2622, -1.9734, 0.3556, 213.80
960, 1169, 102, 0, 0.5000, 0.9463, -0.9455, -0.0391, 0.1500, 154.00
960, 1170, 119, -3, 0.5000, 25.9536, 21.2963, -14.8344, 0.1500, 166.00
960, 1172, 47, 149, 0.6111, 30.7071, -4.2968, 30.4050, 0.3056, 174.67
961, 1108, 127, 102, 0.5625, 18.1821, 4.8656, -17.5190, 0.2250, 109.00
961, 1113, 17, 74, 0.6222, 63.1121, -57.5991, -25.7969, 0.3111, 110.60
961, 1081, 45, 29, 0.6000, 51.6714, -51.5478, -3.5717, 0.3600, 180.00
961, 1157, 53, 56, 0.8222, 1.5631, -0.2867, 1.5365, 0.5756, 208.57
961, 1173, 11, 35, 0.7667, 6.8589, 3.5132, 5.8908, 0.4600, 212.75
961, 1139, -14, -2, 0.5556, 47.2308, -28.1063, -37.9577, 0.2222, 176.00
962, 1108, 126, 98, 0.6222, 4.8234, -0.4852, -4.7990, 0.3111, 113.80
962, 1081, 0, 20, 0.6587, 46.2459, -45.4272, -8.6636, 0.4611, 184.71
962, 1157, 53, 57, 0.8778, 1.5471, -0.4502, 1.4802, 0.7022, 214.38
962, 1164, 14, 5, 0.6000, 19.6100, 13.3722, -14.3435, 0.1800, 209.00
962, 1173, 14, 37, 0.8222, 3.4573, 2.7124, 2.1437, 0.5756, 212.21
962, 1113, -41, 48, 0.5222, 63.1121, -57.5991, -25.7969, 0.2611, 110.60
963, 1108, 123, 99, 0.6806, 2.4485, -2.3636, 0.6393, 0.4083, 125.00
963, 1123, 36, 38, 0.5625, 54.5879, -41.3767, -35.6064, 0.2250, 180.00
963, 1164, 29, 29, 0.6556, 25.1435, 14.4585, 20.5706, 0.2622, 210.00
963, 1173, 15, 36, 0.8778, 1.2204, 1.2171, -0.0898, 0.7022, 211.81
963, 1081, -45, 11, 0.5587, 46.2459, -45.4272, -8.6636, 0.3911, 184.71
964, 1108, 121, 100, 0.7381, 2.4614, -2.3154, 0.8352, 0.5167, 132.57
964, 1123, 8, 27, 0.6222, 31.8856, -29.0091, -13.2348, 0.3111, 186.80
964, 1162, 32, 34, 0.6000, 77.6682, -77.1809, -8.6864, 0.1800, 167.33
964, 1164, 40, 42, 0.7111, 17.6336, 10.9715, 13.8047, 0.3556, 210.80
964, 1169, 79, 5, 0.6556, 6.2588, -6.1095, 1.3589, 0.2622, 175.25
964, 1173, 16, 35, 0.9333, 1.4046, 0.8439, -1.1228, 0.8400, 212.39
964, 1130, 58, 119, 0.5625, 9.5886, 5.7672, -7.6603, 0.2250, 145.75
965, 1108, 119, 99, 0.7951, 2.1471, -2.0531, -0.6285, 0.6361, 137.62
965, 1147, 77, 10, 0.6000, 57.9085, 57.5050, 6.8246, 0.1800, 204.00
965, 1162, -4, 29, 0.6556, 40.8705, -40.5335, -5.2373, 0.2622, 179.25
965, 1169, 79, 6, 0.7111, 1.0843, 0.2717, 1.0498, 0.3556, 186.40
965, 1173, 11, 31, 0.9889, 6.4859, -4.7599, -4.4057, 0.9889, 211.85
965, 1130, 39, 73, 0.6222, 45.4748, -16.2528, -42.4712, 0.3111, 152.40
965, 1123, -21, 13, 0.5222, 31.8856, -29.0091, -13.2348, 0.2611, 186.80
966, 1108, 117, 99, 0.8519, 1.9998, -1.9754, -0.3112, 0.7667, 143.22
966, 1147, 104, 14, 0.6556, 30.2052, 29.8306, 4.7420, 0.2622, 193.75
966, 1169, 81, 6, 0.7667, 1.3992, 1.3881, 0.1765, 0.4600, 195.67
966, 1173, 7, 20, 1.0000, 10.9729, -4.0698, -10.1903, 1.0000, 212.77
966, 1130, 19, 34, 0.6806, 44.0200, -20.3603, -39.0284, 0.4083, 161.83
966, 1162, -45, 24, 0.5556, 40.8705, -40.5335, -5.2373, 0.2222, 179.25
967, 1108, 115, 99, 0.9083, 1.9852, -1.9851, -0.0168, 0.9083, 145.90
967, 1173, 17, 31, 1.0000, 13.1248, 9.0637, 9.4926, 1.0000, 212.62
967, 1147, 134, 19, 0.5556, 30.2052, 29.8306, 4.7420, 0.2222, 193.75
968, 1108, 113, 98, 0.9646, 2.1439, -1.9985, -0.7760, 0.9646, 146.00
968, 1179, 74, 120, 0.6000, 21.4931, -21.1464, 3.8448, 0.1800, 114.33
969, 1108, 111, 98, 1.0000, 2.0166, -2.0015, -0.2462, 1.0000, 145.42
969, 1177, 98, 7, 0.6000, 7.9845, 5.6761, -5.6155, 0.1800, 164.33
969, 1179, 53, 124, 0.5000, 21.4931, -21.1464, 3.8448, 0.1500, 114.33
970, 1108, 109, 98, 1.0000, 2.0008, -2.0007, 0.0234, 1.0000, 145.15
970, 1177, 98, 6, 0.6556, 1.4824, 0.5500, -1.3766, 0.2622, 162.25
970, 1179, 6, 106, 0.6556, 36.9236, -35.8723, -8.7481, 0.2622, 125.75
970, 1140, 111, 54, 0.5625, 1.3593, -0.9612, -0.9612, 0.2250, 137.50
971, 1108, 107, 97, 1.0000, 2.1437, -2.0000, -0.7717, 1.0000, 145.43
971, 1154, 34, 121, 0.6000, 60.1361, -19.6062, 56.8503, 0.1800, 184.00
971, 1176, 119, 49, 0.6000, 65.4859, 54.6296, 36.1111, 0.1800, 180.67
971, 1177, 88, 11, 0.7111, 9.6649, -8.6451, 4.3212, 0.3556, 164.40
971, 1135, 49, 10, 0.5625, 30.4303, 10.2292, -28.6595, 0.2250, 203.25
971, 1140, 113, 55, 0.6722, 1.4952, 1.3782, 0.5798, 0.3361, 138.60
971, 1183, 44, 2, 0.6000, 12.1519, 6.5515, -10.2346, 0.1800, 216.00
971, 1185, 22, 4, 0.6000, 29.8877, 10.3255, -28.0474, 0.1800, 207.67
971, 1179, -30, 97, 0.5556, 36.9236, -35.8723, -8.7481, 0.2222, 125.75
972, 1108, 106, 97, 1.0000, 1.2143, -1.1883, -0.2501, 1.0000, 146.67
972, 1163, 124, 3, 0.6000, 81.9938, 81.9706, -1.9502, 0.1800, 183.00
972, 1177, 76, 22, 0.7667, 16.3797, -12.5778, 10.4925, 0.4600, 171.67
972, 1135, 85, 9, 0.6222, 33.3176, 33.1481, -3.3560, 0.3111, 196.80
972, 1140, 116, 61, 0.6806, 6.6842, 2.9811, 5.9826, 0.4083, 136.00
972, 1182, 33, 51, 0.6000, 47.2165, 0.0507, 47.2165, 0.1800, 211.33
972, 1183, 46, 0, 0.6556, 3.5061, 2.4081, -2.5483, 0.2622, 214.00
972, 1185, 22, 27, 0.6556, 18.7703, 0.1054, 18.7700, 0.2622, 207.75
972, 1114, 54, 67, 0.5400, 24.7171, 14.3887, -20.0972, 0.2700, 203.20
972, 1154, 15, 177, 0.5000, 60.1361, -19.6062, 56.8503, 0.1500, 184.00
972, 1176, 173, 85, 0.5000, 65.4859, 54.6296, 36.1111, 0.1500, 180.67
973, 1108, 94, 97, 1.0000, 11.4298, -11.4298, 0.0203, 1.0000, 145.12
973, 1164, 78, 74, 1.0000, 22.0962, 20.4384, 8.3972, 1.0000, 217.40
973, 1177, 45, 40, 0.8222, 34.3939, -29.6695, 17.3971, 0.5756, 175.86
973, 1135, 102, 29, 0.6806, 26.5303, 18.8053, 18.7140, 0.4083, 191.17
973, 1140, 106, 92, 0.7381, 30.7752, -8.9708, 29.4387, 0.5167, 142.57
973, 1182, 37, 90, 0.6556, 39.6482, 3.9955, 39.4464, 0.2622, 207.25
973, 1183, 53, 14, 0.7111, 14.5747, 7.2508, 12.6431, 0.3556, 210.00
973, 1185, 14, 31, 0.7111, 8.6698, -6.9190, 5.2242, 0.3556, 206.20
973, 1114, 46, 46, 0.6000, 21.2976, -5.4976, -20.5758, 0.3600, 205.00
973, 1163, 206, 1, 0.5000, 81.9938, 81.9706, -1.9502, 0.1500, 183.00
974, 1108, 91, 97, 1.0000, 3.5952, -3.5950, 0.0395, 1.0000, 143.76
974, 1174, 125, 18, 0.6000, 19.4767, -1.9378, -19.3801, 0.1800, 115.83
974, 1078, 79, 49, 0.5250, 8.4863, 0.0000, 8.4863, 0.3150, 187.17
974, 1182, 36, 106, 0.7111, 17.0682, -1.1965, 17.0262, 0.3556, 198.60
974, 1183, 60, 33, 0.7667, 20.1948, 6.8721, 18.9895, 0.4600, 209.50
974, 1114, 32, 21, 0.6587, 28.3094, -13.2069, -25.0399, 0.4611, 204.57
975, 1108, 77, 94, 1.0000, 12.9125, -12.5095, -3.2009, 1.0000, 143.78
975, 1166, 39, 17, 0.6000, 39.3321, -32.2689, -22.4884, 0.1800, 213.50
975, 1174, 111, 3, 0.6556, 19.9153, -13.2369, -14.8797, 0.2622, 124.38
975, 1078, 113, 21, 0.5841, 40.1777, 31.3151, -25.1716, 0.4089, 180.43
975, 1120, 4, 37, 0.5400, 2.7395, -1.9224, 1.9517, 0.2700, 206.50
976, 1108, 72, 114, 1.0000, 19.9531, -6.0706, 19.0072, 1.0000, 143.37
976, 1166, 14, 29, 0.6556, 27.2381, -25.5984, 9.3076, 0.2622, 211.12
976, 1146, 52, 61, 0.5625, 7.8978, -1.9224, -7.6603, 0.2250, 224.12
976, 1152, 45, 48, 0.5625, 1.3593, 0.9612, 0.9612, 0.2250, 210.75
976, 1191, 59, 21, 0.6000, 31.9881, 26.9429, 17.2430, 0.1800, 212.00
976, 1194, 118, 57, 0.6000, 41.6596, 37.4575, -18.2335, 0.1800, 164.17
976, 1174, 97, -12, 0.5556, 19.9153, -13.2369, -14.8797, 0.2222, 124.38
977, 1120, 13, 56, 0.6000, 12.1360, 5.2111, 10.9603, 0.3600, 202.25
977, 1149, 34, 91, 0.5625, 75.5289, 22.2583, 72.1747, 0.2250, 203.25
977, 1146, 76, 43, 0.6222, 27.5694, 21.1187, -17.7220, 0.3111, 216.30
977, 1152, 53, 67, 0.6222, 19.2622, 7.4038, 17.7825, 0.3111, 218.60
977, 1191, 91, 25, 0.6556, 32.0133, 31.6597, 4.7448, 0.2622, 200.00
977, 1194, 126, 55, 0.6556, 11.4291, 10.9240, -3.3601, 0.2622, 151.62
977, 1196, 24, 99, 0.6000, 19.5845, 16.0016, -11.2917, 0.1800, 167.33
977, 1166, -12, 39, 0.5556, 27.2381, -25.5984, 9.3076, 0.2222, 211.12
978, 1166, 2, 50, 0.7111, 10.8631, -2.7234, 10.5162, 0.3556, 208.90
978, 1174, 57, 0, 0.7111, 19.2928, -19.0851, 2.8234, 0.3556, 143.10
978, 1138, 9, 78, 0.5625, 6.8648, -5.7026, -3.8218, 0.2250, 170.25
978, 1120, 23, 56, 0.6587, 10.4073, 10.4031, -0.2950, 0.4611, 199.21
978, 1149, 72, 123, 0.6222, 50.6709, 36.2364, 35.4184, 0.3111, 189.60
978, 1146, 96, 15, 0.6806, 33.5459, 20.5864, -26.4863, 0.4083, 206.42
978, 1152, 58, 88, 0.6806, 20.7353, 5.4257, 20.0129, 0.4083, 209.83
978, 1155, 96, 2, 0.5625, 1.3266, -0.9507, 0.9253, 0.2250, 168.12
978, 1189, 95, 12, 0.6000, 31.6236, -29.6101, 11.1038, 0.1800, 138.67
978, 1191, 110, 17, 0.7111, 20.7789, 19.5163, -7.1328, 0.3556, 189.80
978, 1194, 124, 56, 0.7111, 1.6781, -1.1882, 1.1850, 0.3556, 146.50
978, 1196, 36, 97, 0.6556, 12.1933, 11.8840, -2.7287, 0.2622, 171.00
979, 1138, 7, 88, 0.6222, 8.9731, -2.2056, 8.6979, 0.3111, 170.20
979, 1188, 88, 116, 0.6000, 28.5117, -10.4063, 26.5448, 0.1800, 137.33
979, 1120, 25, 54, 0.7167, 2.9652, 2.5877, -1.4479, 0.5733, 196.94
979, 1155, 92, 6, 0.6222, 5.4755, -3.4417, 4.2587, 0.3111, 167.30
979, 1192, 20, 52, 0.6000, 42.0690, -5.5164, 41.7058, 0.1800, 221.67
979, 1196, 36, 101, 0.7111, 3.8960, 0.9179, 3.7863, 0.3556, 169.40
979, 1149, 108, 158, 0.5222, 50.6709, 36.2364, 35.4184, 0.2611, 189.60
979, 1146, 117, -11, 0.5806, 33.5459, 20.5864, -26.4863, 0.3483, 206.42
979, 1152, 64, 108, 0.5806, 20.7353, 5.4257, 20.0129, 0.3483, 209.83
979, 1189, 66, 23, 0.5000, 31.6236, -29.6101, 11.1038, 0.1500, 138.67
980, 1138, 22, 62, 0.6806, 26.9630, 12.9982, -23.6230, 0.4083, 175.50
980, 1187, 122, 50, 0.6000, 43.0607, 24.7455, 35.2404, 0.1800, 142.00
980, 1188, 39, 107, 0.6556, 45.5484, -45.1147, -6.2704, 0.2622, 147.00
980, 1152, 68, 87, 0.7381, 6.0231, 4.7592, -3.6916, 0.5167, 202.86
980, 1155, 98, 14, 0.6806, 9.0393, 4.7262, 7.7054, 0.4083, 165.58
980, 1189, 45, 3, 0.6556, 25.5667, -24.5803, -7.0331, 0.2622, 152.75
980, 1192, 43, 55, 0.6556, 21.3648, 20.2626, 6.7735, 0.2622, 224.00
980, 1200, 52, 4, 0.6000, 46.4676, 5.7672, -46.1083, 0.1800, 221.00
980, 1202, 95, 88, 0.6000, 43.2110, 40.3704, 15.4085, 0.1800, 201.50
981, 1188, 8, 104, 0.7111, 32.3293, -32.2121, -2.7502, 0.3556, 161.60
981, 1155, 107, 13, 0.7381, 9.2858, 9.2705, -0.5321, 0.5167, 162.50
981, 1189, 8, -1, 0.7111, 36.5914, -36.4038, -3.7003, 0.3556, 167.80
981, 1192, 55, 72, 0.7111, 20.7697, 12.6694, 16.4581, 0.3556, 228.80
981, 1187, 146, 85, 0.5000, 43.0607, 24.7455, 35.2404, 0.1500, 142.00
981, 1200, 58, -43, 0.5000, 46.4676, 5.7672, -46.1083, 0.1500, 221.00
981, 1202, 135, 103, 0.5000, 43.2110, 40.3704, 15.4085, 0.1500, 201.50
982, 1138, 53, 5, 0.7951, 32.6404, 16.6559, -28.0709, 0.6361, 186.38
982, 1185, 12, 40, 1.0000, 2.0420, 0.1555, 2.0361, 1.0000, 205.64
982, 1186, 42, 47, 0.6000, 73.7311, -59.6684, 43.3124, 0.1800, 167.67
982, 1202, 113, 126, 0.6556, 20.1724, 4.4090, 19.6846, 0.2622, 173.38
982, 1155, 117, 13, 0.6381, 9.2858, 9.2705, -0.5321, 0.4467, 162.50
983, 1134, 51, 8, 0.5625, 51.8401, 32.0314, -40.7601, 0.2250, 202.75
983, 1155, 103, 17, 0.7951, 4.7901, -4.2759, 2.1591, 0.6361, 161.81
983, 1202, 73, 126, 0.7111, 37.8752, -37.8647, 0.8951, 0.3556, 164.70
983, 1186, -18, 90, 0.5000, 73.7311, -59.6684, 43.3124, 0.1500, 167.67
984, 1134, 59, -1, 0.6222, 15.8411, 10.5753, -11.7942, 0.3111, 202.60
984, 1196, 80, 64, 0.9889, 1.3273, -1.1866, 0.5948, 0.9889, 193.70
985, 1134, 70, -13, 0.5222, 15.8411, 10.5753, -11.7942, 0.2611, 202.60
986, 1134, 86, 0, 0.6806, 14.1013, 13.7883, 2.9547, 0.4083, 197.50
986, 1182, 50, 8, 1.0000, 8.2334, -6.6421, 4.8654, 1.0000, 197.19
987, 1151, 53, 55, 0.5625, 40.5755, -37.5420, 15.3937, 0.2250, 179.75
988, 1151, 19, 51, 0.6222, 34.5983, -34.4886, -2.7523, 0.3111, 183.80
988, 1208, 58, 79, 0.6000, 2.1628, 1.9517, 0.9319, 0.1800, 225.50
989, 1178, 110, 23, 0.6000, 31.6718, 4.8878, -31.2924, 0.1800, 147.33
989, 1171, 49, 55, 0.5625, 33.5652, 29.0137, 16.8769, 0.2250, 212.00
989, 1208, 58, 79, 0.7056, 0.4858, 0.4305, 0.2251, 0.2822, 231.62
989, 1151, -16, 48, 0.5222, 34.5983, -34.4886, -2.7523, 0.2611, 183.80
990, 1178, 111, 18, 0.6556, 7.1131, 1.0993, -7.0276, 0.2622, 148.25
990, 1110, 48, 50, 0.5400, 14.0987, -11.7312, 7.8200, 0.2700, 208.20
990, 1150, 23, 16, 0.5625, 17.1945, 16.4955, -4.8529, 0.2250, 230.00
990, 1125, 55, 86, 0.5400, 0.0000, 0.0000, 0.0000, 0.2700, 175.00
990, 1171, 72, 63, 0.6222, 24.8158, 23.1534, 8.9298, 0.3111, 208.00
990, 1208, 58, 79, 0.7611, 0.1138, -0.1049, -0.0440, 0.3806, 229.40
990, 1209, 107, 35, 0.6000, 23.4358, -7.7776, 22.1076, 0.1800, 142.67
991, 1112, 123, 111, 0.5400, 80.8685, 76.1126, 27.3235, 0.2700, 154.60
991, 1125, 55, 86, 0.6500, 0.0000, 0.0000, 0.0000, 0.3900, 175.00
991, 1198, 11, 57, 0.6000, 64.4269, -62.5590, 15.4010, 0.1800, 186.00
991, 1208, 59, 79, 0.8167, 0.7231, 0.7218, -0.0436, 0.4900, 232.50
991, 1212, 15, 42, 0.7056, 0.7918, 0.7918, 0.0000, 0.2822, 208.50
991, 1178, 112, 11, 0.5556, 7.1131, 1.0993, -7.0276, 0.2222, 148.25
991, 1171, 95, 72, 0.5222, 24.8158, 23.1534, 8.9298, 0.2611, 208.00
991, 1209, 99, 57, 0.5000, 23.4358, -7.7776, 22.1076, 0.1500, 142.67
992, 1110, 19, 64, 0.6000, 16.5677, -15.0018, 7.0310, 0.3600, 205.50
992, 1150, 43, 6, 0.6222, 10.3849, 9.0369, -5.1165, 0.3111, 229.60
992, 1125, 55, 86, 0.7087, 0.0000, 0.0000, 0.0000, 0.4961, 175.00
992, 1208, 60, 79, 0.8722, 1.0547, 1.0546, -0.0083, 0.6106, 231.71
992, 1209, 88, 76, 0.6556, 22.4143, -9.8121, 20.1525, 0.2622, 145.50
992, 1210, 26, 17, 0.6000, 14.3828, 3.6759, -13.9051, 0.1800, 209.33
992, 1212, 12, 31, 0.7111, 10.7847, -2.1949, -10.5590, 0.3556, 207.60
992, 1103, 5, 125, 0.5250, 3.0396, -0.9612, 2.8836, 0.3150, 159.83
992, 1215, 34, 31, 0.6000, 21.1723, 16.3697, -13.4275, 0.1800, 209.00
992, 1198, -52, 73, 0.5000, 64.4269, -62.5590, 15.4010, 0.1500, 186.00
993, 1184, 87, 5, 0.6000, 10.4082, 6.8531, -7.8336, 0.1800, 175.67
993, 1125, 55, 86, 0.7667, 0.0000, 0.0000, 0.0000, 0.6133, 175.12
993, 1207, 75, 41, 0.7056, 4.0217, -4.0217, 0.0000, 0.2822, 182.50
993, 1208, 61, 79, 0.9278, 1.0545, 1.0545, 0.0030, 0.7422, 229.50
993, 1209, 121, 114, 0.7111, 48.6440, 30.9647, 37.5157, 0.3556, 131.20
993, 1210, 25, 14, 0.6556, 3.6088, -0.6454, -3.5506, 0.2622, 209.00
993, 1216, 53, 58, 0.7056, 0.0092, -0.0065, -0.0065, 0.2822, 205.50
993, 1218, 23, 43, 0.6000, 46.8034, 1.8718, -46.7659, 0.1800, 191.00
993, 1110, 4, 71, 0.5000, 16.5677, -15.0018, 7.0310, 0.3000, 205.50
993, 1150, 52, 1, 0.5222, 10.3849, 9.0369, -5.1165, 0.2611, 229.60
993, 1212, 10, 20, 0.6111, 10.7847, -2.1949, -10.5590, 0.3056, 207.60
993, 1215, 51, 18, 0.5000, 21.1723, 16.3697, -13.4275, 0.1500, 209.00
994, 1178, 123, 18, 0.7111, 4.2764, 3.7386, 2.0763, 0.3556, 143.40
994, 1110, 20, 90, 0.6587, 14.1947, 3.1909, 13.8314, 0.4611, 203.00
994, 1184, 81, 36, 0.6556, 27.3933, -4.8470, 26.9610, 0.2622, 177.25
994, 1150, 45, 4, 0.6806, 1.0570, -0.9711, -0.4173, 0.4083, 233.83
994, 1125, 59, 91, 0.7741, 6.3080, 4.0383, 4.8460, 0.6967, 173.78
994, 1207, 72, 40, 0.7611, 2.9869, -2.8745, -0.8115, 0.3806, 187.20
994, 1208, 62, 79, 0.9833, 1.0109, 1.0109, 0.0021, 0.8850, 227.33
994, 1210, 24, 15, 0.7111, 0.8909, -0.6535, 0.6055, 0.3556, 211.80
994, 1212, 4, 11, 0.7667, 10.7551, -4.5239, -9.7574, 0.4600, 207.00
994, 1103, 49, 116, 0.5841, 26.4235, 25.7647, -5.8635, 0.4089, 158.29
994, 1215, 44, 18, 0.6556, 6.5934, 2.8487, -5.9462, 0.2622, 212.75
994, 1218, 18, 37, 0.6556, 10.0679, -4.3534, -9.0780, 0.2622, 194.25
994, 1219, 99, 92, 0.6000, 37.1866, 16.6810, -33.2353, 0.1800, 115.33
994, 1216, 53, 58, 0.6056, 0.0092, -0.0065, -0.0065, 0.2422, 205.50
995, 1184, 84, 59, 0.7111, 23.2208, 2.5469, 23.0807, 0.3556, 179.20
995, 1150, 62, 4, 0.7381, 16.9027, 16.9020, 0.1544, 0.5167, 228.57
995, 1204, 84, 23, 0.6000, 17.0949, -14.2204, 9.4876, 0.1800, 177.00
995, 1208, 62, 79, 1.0000, 0.2018, 0.2018, 0.0003, 1.0000, 226.40
995, 1210, 27, 16, 0.7667, 3.1924, 3.1233, 0.6608, 0.4600, 210.17
995, 1212, 14, 1, 0.8222, 13.5045, 9.1637, -9.9196, 0.5756, 205.43
995, 1215, 75, 3, 0.7111, 33.0683, 29.9566, -14.0040, 0.3556, 206.00
995, 1216, 55, 61, 0.7611, 2.0491, 1.1361, 1.7053, 0.3806, 203.40
995, 1218, 17, 41, 0.7111, 3.0232, -0.7720, 2.9229, 0.3556, 197.20
995, 1219, 94, 38, 0.6556, 52.1037, -2.9748, -52.0187, 0.2622, 127.75
995, 1125, 63, 96, 0.6741, 6.3080, 4.0383, 4.8460, 0.6067, 173.78
995, 1207, 69, 39, 0.6611, 2.9869, -2.8745, -0.8115, 0.3306, 187.20
996, 1125, 81, 125, 0.8311, 22.6627, 12.2869, 19.0428, 0.8311, 167.20
996, 1204, 39, 35, 0.6556, 43.4843, -42.0265, 11.1650, 0.2622, 183.00
996, 1208, 63, 79, 1.0000, 0.7233, 0.7233, -0.0002, 1.0000, 227.18
996, 1210, 35, 9, 0.8222, 9.8939, 7.5780, -6.3610, 0.5756, 208.07
996, 1103, 116, 104, 0.6424, 35.3882, 34.9202, -5.7362, 0.5139, 148.88
996, 1216, 55, 61, 0.8167, 0.4409, 0.2446, 0.3669, 0.4900, 204.00
996, 1207, 66, 39, 0.5611, 2.9869, -2.8745, -0.8115, 0.2806, 187.20
996, 1219, 91, -14, 0.5556, 52.1037, -2.9748, -52.0187, 0.2222, 127.75
997, 1207, 56, 27, 0.7667, 7.9096, -5.8829, -5.2871, 0.4600, 192.17
997, 1208, 64, 80, 1.0000, 1.2813, 1.0119, 0.7859, 1.0000, 226.83
997, 1210, 33, 4, 0.8778, 5.5093, -1.2321, -5.3698, 0.7022, 207.44
997, 1216, 56, 61, 0.8722, 0.7515, 0.7453, -0.0960, 0.6106, 202.57
997, 1204, -3, 46, 0.5556, 43.4843, -42.0265, 11.1650, 0.2222, 183.00
998, 1168, 33, 65, 0.5625, 3.4726, 1.9233, -2.8913, 0.2250, 197.75
998, 1207, 45, 30, 0.8222, 11.5621, -11.2591, 2.6296, 0.5756, 194.14
998, 1208, 64, 80, 1.0000, 0.3823, 0.2606, 0.2798, 1.0000, 226.15
998, 1210, 32, 3, 0.9333, 1.6480, -1.3928, -0.8810, 0.8400, 206.83
998, 1216, 46, 64, 0.8778, 9.7062, -9.4224, 2.3303, 0.7022, 205.62
999, 1158, 100, 90, 0.5625, 38.5154, 9.7991, -37.2480, 0.2250, 104.75
999, 1193, 98, 38, 0.6000, 47.8718, 41.1346, -24.4879, 0.1800, 183.67
999, 1201, 98, 46, 0.6000, 50.3775, 46.8404, -18.5439, 0.1800, 187.33
999, 1168, 54, 48, 0.6222, 25.2879, 19.6711, -15.8911, 0.3111, 200.00
999, 1208, 65, 80, 1.0000, 0.7311, 0.7311, -0.0081, 1.0000, 227.43
999, 1210, 35, 7, 0.9889, 4.7182, 2.9629, 3.6719, 0.9889, 205.35
999, 1217, 67, 89, 0.6000, 40.2231, 27.4782, 29.3742, 0.1800, 181.33
1000, 1158, 62, 70, 0.6222, 39.4978, -32.9025, -21.8517, 0.3111, 121.60
1000, 1193, 97, 21, 0.6556, 17.6554, 2.8082, -17.4307, 0.2622, 178.75
1000, 1201, 125, 28, 0.6556, 33.9684, 28.9550, -17.7612, 0.2622, 171.00
1000, 1168, 75, 29, 0.6806, 28.0567, 20.4730, -19.1842, 0.4083, 198.33
1000, 1208, 65, 81, 1.0000, 0.7669, 0.2318, 0.7310, 1.0000, 225.33
1000, 1210, 34, 15, 1.0000, 7.8928, -1.3029, 7.7845, 1.0000, 205.86
1000, 1217, 86, 120, 0.6556, 36.3180, 19.6467, 30.5452, 0.2622, 163.25
1000, 1218, 26, 42, 0.9889, 0.2800, 0.1364, 0.2446, 0.9889, 204.30
1000, 1180, 38, 20, 0.5625, 2.8544, -0.0293, -2.8543, 0.2250, 203.25
1000, 1220, 24, 50, 0.6000, 20.5481, 3.8448, 20.1852, 0.1800, 207.00
1001, 1208, 65, 82, 1.0000, 1.0425, -0.0171, 1.0424, 1.0000, 224.56
1001, 1218, 27, 42, 1.0000, 0.8348, 0.8339, -0.0397, 1.0000, 205.36
1001, 1180, 42, 16, 0.6722, 5.5545, 3.9983, -3.8556, 0.3361, 203.00
1001, 1220, 62, 86, 0.6556, 49.0311, 35.2037, 34.1284, 0.2622, 211.00
1001, 1158, 29, 48, 0.5222, 39.4978, -32.9025, -21.8517, 0.2611, 121.60
1001, 1193, 100, 4, 0.5556, 17.6554, 2.8082, -17.4307, 0.2222, 178.75
1001, 1201, 154, 10, 0.5556, 33.9684, 28.9550, -17.7612, 0.2222, 171.00
1001, 1168, 95, 9, 0.5806, 28.0567, 20.4730, -19.1842, 0.3483, 198.33
1001, 1217, 106, 150, 0.5556, 36.3180, 19.6467, 30.5452, 0.2222, 163.25
1002, 1158, 2, 26, 0.6806, 36.9570, -29.8033, -21.8537, 0.4083, 134.83
1002, 1193, 90, 3, 0.7111, 8.3697, -4.2071, -7.2355, 0.3556, 177.00
1002, 1208, 66, 82, 1.0000, 0.7809, 0.7251, 0.2898, 1.0000, 222.79
1002, 1180, 60, 24, 0.6806, 18.1932, 16.6749, 7.2761, 0.4083, 206.50
1002, 1220, 97, 89, 0.7111, 35.1436, 34.8057, 4.8617, 0.3556, 195.00
1002, 1195, 29, 47, 0.5625, 42.9862, 7.6896, -42.2928, 0.2250, 193.00
1003, 1199, 91, 88, 0.6000, 60.2632, 42.1205, 43.0989, 0.1800, 179.67
1003, 1208, 66, 83, 1.0000, 0.7741, 0.2807, 0.7214, 1.0000, 221.58
1003, 1180, 79, 40, 0.7381, 23.9042, 18.6045, 15.0095, 0.5167, 203.57
1003, 1195, 44, 15, 0.6222, 36.5726, 14.5220, -33.5659, 0.3111, 195.00
1003, 1158, -28, 4, 0.5806, 36.9570, -29.8033, -21.8537, 0.3483, 134.83
1003, 1220, 132, 94, 0.6111, 35.1436, 34.8057, 4.8617, 0.3056, 195.00
1004, 1199, 119, 118, 0.6556, 42.7978, 29.3417, 31.1564, 0.2622, 154.50
1004, 1208, 66, 83, 1.0000, 0.2387, 0.0038, 0.2386, 1.0000, 219.71
1004, 1195, 67, 13, 0.6806, 22.5337, 22.2422, -3.6127, 0.4083, 193.67
1005, 1208, 66, 84, 1.0000, 0.7414, -0.0397, 0.7403, 1.0000, 218.10
1005, 1199, 148, 149, 0.5556, 42.7978, 29.3417, 31.1564, 0.2222, 154.50
1006, 1208, 67, 85, 1.0000, 1.2459, 0.7313, 1.0087, 1.0000, 217.43
1006, 1213, 41, 122, 0.6000, 70.9677, 0.0040, 70.9677, 0.1800, 178.67
1007, 1208, 66, 86, 1.0000, 1.1317, -0.4409, 1.0423, 1.0000, 217.27
1007, 1213, 41, 192, 0.5000, 70.9677, 0.0040, 70.9677, 0.1500, 178.67
1008, 1208, 66, 87, 1.0000, 1.0571, -0.2915, 1.0161, 1.0000, 216.48
1009, 1208, 66, 88, 1.0000, 1.0018, -0.0545, 1.0003, 1.0000, 216.83
1009, 1221, 81, 17, 0.6000, 80.8024, 51.6368, -62.1503, 0.1800, 180.33
1010, 1208, 66, 89, 1.0000, 0.9979, 0.0217, 0.9976, 1.0000, 216.56
1010, 1221, 86, 0, 0.6556, 23.3360, 9.2625, -21.4190, 0.2622, 179.00
1010, 1226, 4, 15, 0.6000, 7.8338, -7.6016, -1.8931, 0.1800, 209.00
1011, 1208, 65, 90, 1.0000, 1.2251, -0.7091, 0.9990, 1.0000, 216.31
1011, 1221, 92, -2, 0.7111, 7.0593, 6.3263, -3.1323, 0.3556, 177.80
1011, 1226, 4, 5, 0.6556, 9.2764, -0.9694, -9.2256, 0.2622, 210.00
1011, 1181, 79, 40, 0.5625, 41.0543, -11.5051, 39.4092, 0.2250, 173.25
1012, 1208, 65, 91, 1.0000, 1.0471, -0.3107, 0.9999, 1.0000, 215.33
1012, 1224, 22, 71, 0.6000, 18.4348, 11.5140, 14.3968, 0.1800, 207.67
1012, 1226, 6, 3, 0.7111, 2.9962, 1.4399, -2.6275, 0.3556, 211.20
1012, 1181, 57, 85, 0.6222, 49.8950, -21.7895, 44.8857, 0.3111, 173.20
1012, 1203, 30, 49, 0.5625, 0.9905, 0.9905, 0.0000, 0.2250, 207.50
1012, 1231, 70, 66, 0.6000, 49.1350, 19.2533, 45.2057, 0.1800, 202.67
1012, 1232, 22, 27, 0.6000, 0.9616, 0.9612, -0.0293, 0.1800, 212.83
1012, 1234, 33, 46, 0.6000, 1.3802, 0.9905, 0.9612, 0.1800, 223.33
1013, 1208, 65, 92, 1.0000, 1.0004, -0.0247, 1.0001, 1.0000, 215.32
1013, 1226, 6, 4, 0.7667, 0.6957, 0.5875, 0.3726, 0.4600, 213.00
1013, 1203, 21, 40, 0.6222, 11.1417, -7.7716, -7.9836, 0.3111, 206.20
1013, 1232, 5, 20, 0.6556, 16.9921, -15.7487, -6.3804, 0.2622, 219.12
1013, 1234, 32, 46, 0.7056, 0.6258, -0.5864, 0.2185, 0.2822, 218.12
1013, 1224, 34, 86, 0.5000, 18.4348, 11.5140, 14.3968, 0.1500, 207.67
1013, 1181, 35, 130, 0.5222, 49.8950, -21.7895, 44.8857, 0.2611, 173.20
1013, 1231, 90, 111, 0.5000, 49.1350, 19.2533, 45.2057, 0.1500, 202.67
1014, 1208, 65, 93, 1.0000, 1.0008, 0.0383, 1.0001, 1.0000, 214.22
1014, 1224, 32, 95, 0.6556, 12.2307, 4.0013, 11.5577, 0.2622, 200.75
1014, 1226, 7, 4, 0.8222, 0.9340, 0.8102, 0.4646, 0.5756, 215.43
1014, 1227, 118, 91, 0.6000, 50.3868, 16.7737, 47.5129, 0.1800, 138.33
1014, 1203, 21, 27, 0.6806, 13.0641, -0.9046, -13.0328, 0.4083, 208.83
1014, 1234, 34, 46, 0.7611, 1.3228, 1.3218, -0.0496, 0.3806, 217.90
1014, 1235, 34, 60, 0.6000, 1.3664, 0.9662, 0.9662, 0.1800, 198.67
1014, 1238, 102, 110, 0.6556, 14.6585, 7.1787, -12.7803, 0.2622, 110.00
1014, 1232, -11, 14, 0.5556, 16.9921, -15.7487, -6.3804, 0.2222, 219.12
1015, 1208, 64, 95, 1.0000, 1.8439, -0.6891, 1.7103, 1.0000, 213.85
1015, 1224, 52, 32, 0.7111, 63.0532, 18.7093, -60.2135, 0.3556, 204.20
1015, 1226, 15, 22, 0.8778, 18.7071, 7.4866, 17.1437, 0.7022, 214.25
1015, 1203, 23, 24, 0.7381, 3.4771, 1.5440, -3.1155, 0.5167, 208.00
1015, 1234, 34, 47, 0.8167, 0.9155, 0.4994, 0.7673, 0.4900, 216.58
1015, 1235, 22, 41, 0.6556, 20.6150, -11.0114, -17.4278, 0.2622, 203.00
1015, 1238, 73, 76, 0.7111, 42.1815, -27.0195, -32.3917, 0.3556, 123.80
1015, 1227, 134, 139, 0.5000, 50.3868, 16.7737, 47.5129, 0.1500, 138.33
1016, 1208, 64, 96, 1.0000, 1.3615, -0.3199, 1.3234, 1.0000, 214.08
1016, 1203, 29, 39, 0.7951, 15.0784, 6.2939, 13.7020, 0.6361, 204.75
1016, 1230, 63, 16, 0.6000, 56.9337, 55.8326, 11.1427, 0.1800, 222.67
1016, 1234, 33, 51, 0.8722, 3.5801, -0.8192, 3.4851, 0.6106, 216.50
1016, 1235, 7, 7, 0.7111, 35.2705, -14.0976, -32.3305, 0.3556, 209.60
1017, 1208, 64, 97, 1.0000, 1.0339, -0.0352, 1.0333, 1.0000, 213.98
1017, 1229, 81, 113, 0.6000, 58.7854, -46.4534, 36.0251, 0.1800, 115.33
1017, 1203, 35, 48, 0.8519, 10.5722, 5.8644, 8.7967, 0.7667, 205.44
1017, 1230, 64, 22, 0.6556, 8.2792, 5.5790, 6.1172, 0.2622, 215.50
1017, 1234, 30, 53, 0.9278, 3.8145, -2.7443, 2.6494, 0.7422, 215.31
1017, 1238, 4, 19, 0.8222, 42.5981, -32.1286, -27.9705, 0.5756, 147.86
1017, 1240, 9, 105, 0.6000, 24.0297, -11.1307, -21.2963, 0.1800, 151.33
1017, 1206, 25, 26, 0.5625, 55.9272, -55.7203, 4.8060, 0.2250, 206.25
1018, 1208, 64, 98, 1.0000, 0.9631, 0.0361, 0.9624, 1.0000, 213.47
1018, 1197, 52, 72, 0.5625, 69.5495, 40.9550, 56.2122, 0.2250, 201.00
1018, 1203, 35, 54, 0.9083, 6.6792, 0.1627, 6.6772, 0.9083, 205.10
1018, 1230, 58, 22, 0.7111, 5.1417, -5.1136, 0.5366, 0.3556, 212.60
1018, 1234, 30, 53, 0.9833, 0.8974, -0.7978, 0.4110, 0.8850, 215.06
1018, 1240, 18, 89, 0.6556, 17.6998, 7.5873, -15.9911, 0.2622, 160.75
1018, 1190, 90, 15, 0.5625, 15.6097, -8.4839, 13.1029, 0.2250, 158.75
1018, 1241, 84, 19, 0.6000, 12.4667, -2.7169, 12.1670, 0.1800, 175.00
1018, 1242, 36, 1, 0.6000, 15.9614, -10.2952, -12.1973, 0.1800, 211.83
1018, 1229, 34, 149, 0.5000, 58.7854, -46.4534, 36.0251, 0.1500, 115.33
1018, 1238, -28, -9, 0.7222, 42.5981, -32.1286, -27.9705, 0.5056, 147.86
1019, 1208, 64, 99, 1.0000, 0.9770, 0.0229, 0.9768, 1.0000, 212.69
1019, 1197, 67, 119, 0.6222, 51.1656, 17.2166, 48.1821, 0.3111, 188.80
1019, 1190, 85, 21, 0.6222, 8.8221, -6.0506, 6.4203, 0.3111, 163.40
1019, 1241, 79, 40, 0.6556, 20.3832, -4.7353, 19.8256, 0.2622, 177.75
1019, 1242, 36, -1, 0.6556, 2.3554, -0.9197, -2.1684, 0.2622, 212.88
1019, 1211, 23, 25, 0.5625, 8.6816, 8.6215, -1.0198, 0.2250, 202.50
1019, 1238, -60, -37, 0.6222, 42.5981, -32.1286, -27.9705, 0.4356, 147.86
1019, 1240, 26, 73, 0.5556, 17.6998, 7.5873, -15.9911, 0.2222, 160.75
1020, 1208, 63, 100, 1.0000, 1.2082, -0.6850, 0.9952, 1.0000, 211.99
1020, 1240, 21, 60, 0.7111, 14.4168, 0.5657, -14.4057, 0.3556, 166.60
1020, 1190, 85, 21, 0.6806, 0.3877, -0.0274, 0.3867, 0.4083, 166.50
1020, 1241, 71, 75, 0.7111, 34.9345, -8.4457, 33.8982, 0.3556, 179.40
1020, 1242, 38, 1, 0.7111, 1.9714, 1.7908, 0.8243, 0.3556, 216.70
1020, 1211, 55, 22, 0.6222, 30.0287, 29.9159, -2.6005, 0.3111, 200.40
1020, 1197, 84, 167, 0.5222, 51.1656, 17.2166, 48.1821, 0.2611, 188.80
1021, 1208, 63, 101, 1.0000, 1.0560, -0.3344, 1.0016, 1.0000, 211.54
1021, 1190, 87, 24, 0.7381, 2.9900, 1.5987, 2.5268, 0.5167, 166.00
1021, 1241, 40, 116, 0.7667, 49.9000, -28.8676, 40.7023, 0.4600, 174.33
1021, 1242, 35, 15, 0.7667, 13.7768, -2.5540, 13.5380, 0.4600, 215.25
1021, 1211, 88, 19, 0.6806, 32.7329, 32.5840, -3.1180, 0.4083, 199.17
1022, 1208, 62, 103, 1.0000, 1.8343, -0.7287, 1.6834, 1.0000, 210.47
1022, 1190, 89, 20, 0.7951, 3.9326, 2.1382, -3.3005, 0.6361, 169.75
1022, 1242, 19, 30, 0.8222, 21.0615, -14.9967, 14.7881, 0.5756, 214.07
1022, 1211, 116, 3, 0.7381, 32.2450, 28.4012, -15.2681, 0.5167, 191.00
1022, 1244, 104, 2, 0.6000, 0.9905, 0.9905, 0.0000, 0.1800, 167.00
1022, 1245, 93, 8, 0.6000, 2.8836, 2.8836, 0.0000, 0.1800, 169.00
1022, 1251, 106, 120, 0.6000, 1.9517, 0.0000, 1.9517, 0.1800, 94.67
1023, 1208, 62, 104, 1.0000, 1.3707, -0.3023, 1.3370, 1.0000, 210.08
1023, 1244, 105, 3, 0.7056, 1.2877, 1.0104, 0.7984, 0.2822, 166.50
1023, 1245, 94, 8, 0.7056, 1.4539, 1.4539, 0.0000, 0.2822, 168.25
1023, 1251, 106, 122, 0.5000, 1.9517, 0.0000, 1.9517, 0.1500, 94.67
1024, 1208, 62, 105, 1.0000, 1.0504, -0.0250, 1.0501, 1.0000, 210.00
1024, 1244, 106, 3, 0.7611, 1.0344, 1.0044, 0.2474, 0.3806, 165.40
1024, 1246, 93, 64, 0.6000, 34.0274, 24.9075, 23.1836, 0.1800, 192.00
1024, 1251, 107, 123, 0.7056, 1.5755, 0.5581, 1.4734, 0.2822, 94.50
1024, 1254, 121, 20, 0.6000, 19.3307, 17.2723, 8.6801, 0.1800, 152.67
1024, 1255, 79, 40, 0.6000, 29.0912, -3.8448, 28.8360, 0.1800, 176.00
1024, 1258, 55, 29, 0.6000, 7.5036, -5.7379, 4.8353, 0.1800, 202.33
1024, 1245, 96, 8, 0.6056, 1.4539, 1.4539, 0.0000, 0.2422, 168.25
1025, 1208, 62, 106, 1.0000, 0.9674, 0.0400, 0.9666, 1.0000, 209.40
1025, 1244, 107, 3, 0.8167, 1.0004, 1.0000, -0.0259, 0.4900, 163.33
1025, 1245, 102, 14, 0.7111, 5.4362, 4.2298, 3.4149, 0.3556, 169.40
1025, 1246, 84, 47, 0.6556, 15.5748, -6.4151, -14.1923, 0.2622, 189.50
1025, 1251, 109, 125, 0.7611, 2.6057, 1.7925, 1.8913, 0.3806, 92.80
1025, 1252, 9, 4, 0.6000, 31.7875, -31.7305, 1.9021, 0.1800, 217.17
1025, 1253, 11, 8, 0.7056, 1.1291, 0.7984, 0.7984, 0.2822, 232.25
1025, 1254, 85, 12, 0.6556, 31.7644, -31.1880, -6.0235, 0.2622, 158.50
1025, 1255, 45, 10, 0.6556, 39.7288, -31.2119, -24.5805, 0.2622, 186.00
1025, 1258, 33, 11, 0.6556, 25.7917, -20.4784, -15.6795, 0.2622, 205.75
1026, 1208, 62, 107, 1.0000, 0.9745, 0.0248, 0.9742, 1.0000, 209.15
1026, 1236, 98, 56, 0.6000, 68.3674, 67.6793, -9.6753, 0.1800, 188.00
1026, 1244, 108, 3, 0.8722, 1.0003, 0.9994, -0.0407, 0.6106, 166.43
1026, 1245, 102, 16, 0.8167, 2.4051, 0.0004, 2.4051, 0.4900, 170.00
1026, 1246, 80, 50, 0.7111, 4.9151, -4.2523, 2.4650, 0.3556, 193.20
1026, 1251, 109, 125, 0.8167, 0.6343, 0.4879, 0.4054, 0.4900, 94.17
1026, 1252, 13, 41, 0.6556, 34.1466, 0.9848, 34.1324, 0.2622, 214.62
1026, 1253, 11, 8, 0.7611, 0.3498, 0.2474, 0.2474, 0.3806, 230.80
1026, 1254, 62, 23, 0.7111, 25.6825, -23.9561, 9.2573, 0.3556, 169.40
1026, 1258, 26, -1, 0.7111, 14.4234, -8.0816, -11.9466, 0.3556, 207.60
1026, 1260, 64, 43, 0.6000, 46.1471, 46.1083, -1.8931, 0.1800, 207.33
1026, 1255, 14, -15, 0.5556, 39.7288, -31.2119, -24.5805, 0.2222, 186.00
1027, 1208, 61, 109, 1.0000, 1.7798, -0.6561, 1.6544, 1.0000, 209.07
1027, 1236, 132, 50, 0.6556, 37.1141, 36.5842, -6.2493, 0.2622, 168.00
1027, 1244, 109, 3, 0.9278, 0.9999, 0.9998, -0.0100, 0.7422, 166.88
1027, 1245, 101, 17, 0.8722, 1.2530, -0.5269, 1.1368, 0.6106, 169.57
1027, 1252, 5, 60, 0.7111, 21.3600, -7.1612, 20.1238, 0.3556, 210.90
1027, 1253, 11, 8, 0.8167, 0.0366, -0.0259, -0.0259, 0.4900, 228.50
1027, 1260, 69, 28, 0.6556, 16.1883, 8.1005, -14.0157, 0.2622, 206.00
1027, 1251, 110, 126, 0.7167, 0.6343, 0.4879, 0.4054, 0.4300, 94.17
1028, 1208, 61, 110, 1.0000, 1.3891, -0.3460, 1.3453, 1.0000, 208.51
1028, 1236, 129, 39, 0.7111, 11.3155, -0.1415, -11.3146, 0.3556, 163.40
1028, 1205, 44, 55, 0.5625, 76.9151, -55.8044, 52.9320, 0.2250, 179.75
1028, 1244, 110, 3, 0.9833, 1.0000, 1.0000, 0.0021, 0.8850, 166.44
1028, 1245, 99, 18, 0.9278, 1.9868, -1.7893, 0.8636, 0.7422, 171.44
1028, 1253, 12, 8, 0.8722, 0.7680, 0.7669, -0.0407, 0.6106, 228.29
1028, 1259, 16, 45, 0.6000, 29.8469, -3.7520, 29.6101, 0.1800, 209.00
1028, 1260, 104, 34, 0.7111, 33.7771, 33.4311, 4.8228, 0.3556, 189.80
1028, 1261, 6, 105, 0.6000, 58.3500, -11.0531, 57.2936, 0.1800, 181.00
1028, 1251, 110, 126, 0.6167, 0.6343, 0.4879, 0.4054, 0.3700, 94.17
1029, 1208, 61, 111, 1.0000, 1.0658, -0.0640, 1.0639, 1.0000, 208.61
1029, 1205, 21, 84, 0.6222, 41.0489, -26.0316, 31.7390, 0.3111, 181.20
1029, 1244, 111, 3, 1.0000, 1.0000, 1.0000, 0.0020, 1.0000, 164.70
1029, 1245, 100, 31, 0.9333, 12.3059, 0.3085, 12.3020, 0.8400, 170.50
1029, 1253, 12, 8, 0.9278, 0.2553, 0.2551, -0.0100, 0.7422, 226.62
1029, 1258, 46, 4, 0.8778, 1.5810, 0.9241, 1.2829, 0.7022, 214.75
1029, 1259, 38, 55, 0.6556, 23.1193, 19.9852, 11.6230, 0.2622, 212.00
1029, 1236, 129, 28, 0.6111, 11.3155, -0.1415, -11.3146, 0.3056, 163.40
1029, 1251, 111, 126, 0.5167, 0.6343, 0.4879, 0.4054, 0.3100, 94.17
1029, 1260, 137, 39, 0.6111, 33.7771, 33.4311, 4.8228, 0.3056, 189.80
1029, 1261, -5, 162, 0.5000, 58.3500, -11.0531, 57.2936, 0.1500, 181.00
1030, 1208, 61, 112, 1.0000, 0.9718, 0.0288, 0.9713, 1.0000, 208.36
1030, 1205, 18, 93, 0.6806, 11.6207, -4.5269, 10.7027, 0.4083, 182.50
1030, 1244, 112, 3, 1.0000, 1.0000, 1.0000, 0.0004, 1.0000, 162.91
1030, 1245, 101, 20, 0.9889, 9.2332, 1.1460, -9.1618, 0.9889, 171.55
1030, 1253, 13, 9, 0.9833, 1.1197, 0.7823, 0.8010, 0.8850, 226.89
1030, 1259, 50, 69, 0.7111, 18.5113, 12.3681, 13.7731, 0.3556, 211.40
1031, 1208, 60, 114, 1.0000, 1.7332, -0.6189, 1.6190, 1.0000, 207.59
1031, 1244, 112, 3, 1.0000, 0.2140, 0.2140, -0.0001, 1.0000, 161.00
1031, 1253, 14, 9, 1.0000, 1.0616, 1.0259, 0.2731, 1.0000, 226.30
1032, 1208, 52, 120, 1.0000, 8.5265, -6.7622, 5.1937, 1.0000, 206.23
1032, 1253, 19, 4, 1.0000, 6.8934, 4.9899, -4.7560, 1.0000, 225.27
1032, 1257, 48, 5, 0.6000, 15.8565, -13.3282, -8.5900, 0.1800, 205.00
1032, 1263, 77, 54, 0.6000, 33.6850, 33.6713, 0.9612, 0.1800, 208.67
1032, 1264, 11, 116, 0.6000, 57.8452, -43.1660, 38.5066, 0.1800, 177.33
1032, 1244, 112, 3, 0.9000, 0.2140, 0.2140, -0.0001, 0.9000, 161.00
1033, 1208, 57, 118, 1.0000, 2.8690, 2.7948, -0.6482, 1.0000, 205.58
1033, 1248, 13, 54, 0.6000, 45.6504, -19.2540, -41.3914, 0.1800, 186.33
1033, 1257, 45, 4, 0.6556, 3.8679, -3.2605, -2.0809, 0.2622, 206.75
1033, 1225, 45, 59, 0.5625, 0.9667, 0.9662, 0.0303, 0.2250, 206.25
1033, 1263, 59, 67, 0.6556, 17.9085, -13.1157, 12.1940, 0.2622, 207.50
1033, 1244, 113, 3, 0.8000, 0.2140, 0.2140, -0.0001, 0.8000, 161.00
1033, 1253, 24, -1, 0.9000, 6.8934, 4.9899, -4.7560, 0.9000, 225.27
1033, 1264, -32, 154, 0.5000, 57.8452, -43.1660, 38.5066, 0.1500, 177.33
1034, 1208, 60, 117, 1.0000, 2.8966, 2.8116, -0.6968, 1.0000, 204.81
1034, 1244, 117, 4, 1.0000, 2.0013, 1.9582, 0.4133, 1.0000, 159.69
1034, 1248, 5, 25, 0.6556, 31.2326, -9.3547, -29.7988, 0.2622, 191.50
1034, 1253, 30, 0, 1.0000, 5.6187, 5.3862, -1.5996, 1.0000, 225.00
1034, 1257, 40, 12, 0.7111, 9.2244, -5.0690, 7.7068, 0.3556, 205.60
1034, 1225, 44, 55, 0.6722, 4.0648, -0.5849, -4.0225, 0.3361, 206.20
1034, 1263, 25, 109, 0.7111, 51.1005, -32.5418, 39.3992, 0.3556, 199.00
1035, 1244, 118, 4, 1.0000, 1.2167, 1.2140, 0.0823, 1.0000, 158.43
1035, 1248, 13, 8, 0.7111, 19.5230, 7.5616, -17.9992, 0.3556, 198.60
1035, 1253, 48, 5, 1.0000, 17.8304, 17.1992, 4.7023, 1.0000, 224.19
1035, 1257, 48, 18, 0.7667, 9.1547, 6.9271, 5.9852, 0.4600, 201.00
1035, 1225, 44, 54, 0.7306, 1.2902, -0.3006, -1.2547, 0.4383, 206.42
1035, 1208, 63, 116, 0.9000, 2.8966, 2.8116, -0.6968, 0.9000, 204.81
1035, 1263, -7, 148, 0.6111, 51.1005, -32.5418, 39.3992, 0.3056, 199.00
1036, 1244, 110, 14, 1.0000, 10.8897, -6.7952, 8.5095, 1.0000, 158.93
1036, 1251, 120, 123, 0.8722, 1.4142, 1.3276, -0.4872, 0.6106, 92.43
1036, 1253, 52, 7, 1.0000, 5.8398, 5.2170, 2.6241, 1.0000, 223.11
1036, 1225, 45, 55, 0.7881, 1.2293, 0.7926, 0.9397, 0.5517, 208.93
1037, 1244, 94, 30, 1.0000, 22.0425, -15.7476, 15.4235, 1.0000, 159.75
1037, 1251, 92, 122, 0.8778, 28.2652, -28.2484, -0.9744, 0.7022, 94.38
1037, 1225, 46, 56, 0.8451, 1.6887, 1.1047, 1.2772, 0.6761, 209.44
1037, 1228, 19, 11, 0.5625, 55.2955, -51.8462, -19.2240, 0.2250, 224.75
1038, 1228, 10, 6, 0.6222, 13.9521, -12.6116, -5.9672, 0.3111, 223.00
1038, 1268, 34, 64, 0.6000, 26.3151, 25.2094, 7.5480, 0.1800, 207.33
1039, 1268, 58, 73, 0.6556, 25.5153, 23.8643, 9.0293, 0.2622, 204.00
1039, 1223, 21, 119, 0.5625, 19.6494, -19.6241, -0.9965, 0.2250, 149.50
1039, 1270, 52, 12, 0.6000, 60.9800, -4.6190, -60.8048, 0.1800, 196.67
1039, 1228, -3, 0, 0.5222, 13.9521, -12.6116, -5.9672, 0.2611, 223.00
1040, 1266, 83, 51, 0.6000, 47.2234, -22.2614, 41.6471, 0.1800, 169.00
1040, 1268, 85, 69, 0.7111, 26.4147, 26.2448, -2.9906, 0.3556, 199.20
1040, 1223, 1, 110, 0.6222, 21.6894, -20.0692, -8.2253, 0.3111, 151.00
1040, 1274, 80, 5, 0.6000, 32.0526, -31.6903, -4.8060, 0.1800, 158.33
1040, 1275, 6, 39, 0.6000, 29.8127, -10.5732, 27.8748, 0.1800, 214.33
1040, 1276, 117, 57, 0.6000, 42.3950, 2.9422, 42.2928, 0.1800, 141.33
1040, 1282, 19, 56, 0.6000, 29.6173, -17.2723, 24.0593, 0.1800, 202.00
1040, 1284, 90, 36, 0.6000, 1.9519, -0.0293, 1.9517, 0.1800, 170.00
1040, 1286, 60, 112, 0.6000, 50.7892, -24.9912, 44.2152, 0.1800, 166.33
1040, 1270, 48, -49, 0.5000, 60.9800, -4.6190, -60.8048, 0.1500, 196.67
1041, 1274, 30, 1, 0.6556, 48.1255, -47.9343, -4.2861, 0.2622, 173.75
1041, 1275, -1, 49, 0.6556, 13.2503, -7.1939, 11.1273, 0.2622, 209.75
1041, 1278, 30, 10, 0.6000, 9.5743, 1.8718, -9.3895, 0.1800, 215.67
1041, 1281, 78, 27, 0.7056, 3.1804, 3.1804, 0.0196, 0.2822, 184.25
1041, 1282, 16, 20, 0.6556, 30.7235, -3.9399, -30.4698, 0.2622, 208.50
1041, 1283, 73, 2, 0.6000, 29.7871, 6.6121, -29.0440, 0.1800, 189.00
1041, 1284, 89, 37, 0.7056, 1.4619, -0.7918, 1.2289, 0.2822, 175.62
1041, 1287, 114, 11, 0.6000, 0.8737, -0.0293, -0.8732, 0.1800, 143.50
1041, 1266, 60, 92, 0.5000, 47.2234, -22.2614, 41.6471, 0.1500, 169.00
1041, 1268, 111, 66, 0.6111, 26.4147, 26.2448, -2.9906, 0.3056, 199.20
1041, 1223, -19, 102, 0.5222, 21.6894, -20.0692, -8.2253, 0.2611, 151.00
1041, 1276, 120, 99, 0.5000, 42.3950, 2.9422, 42.2928, 0.1500, 141.33
1041, 1286, 35, 156, 0.5000, 50.7892, -24.9912, 44.2152, 0.1500, 166.33
1042, 1214, 69, 27, 0.5625, 7.0709, -5.8823, -3.9238, 0.2250, 199.00
1042, 1275, 0, 49, 0.7111, 0.8661, -0.1260, 0.8569, 0.3556, 208.00
1042, 1278, 25, 25, 0.6556, 13.6685, -4.3534, 12.9567, 0.2622, 213.75
1042, 1281, 75, 10, 0.7111, 15.5819, -2.2706, -15.4156, 0.3556, 184.80
1042, 1282, 18, 9, 0.7111, 12.4949, 1.7002, -12.3787, 0.3556, 213.80
1042, 1284, 97, 49, 0.7111, 13.5102, 7.0683, 11.5137, 0.3556, 173.70
1042, 1287, 118, 13, 0.7056, 3.4764, 3.2000, 1.3586, 0.2822, 146.88
1042, 1274, -17, -3, 0.5556, 48.1255, -47.9343, -4.2861, 0.2222, 173.75
1042, 1283, 79, -27, 0.5000, 29.7871, 6.6121, -29.0440, 0.1500, 189.00
1043, 1214, 58, 49, 0.6222, 22.6466, -10.8784, 19.8628, 0.3111, 199.20
1043, 1143, 66, 81, 0.5250, 11.6279, 10.5857, -4.8117, 0.3150, 177.00
1043, 1276, 86, 97, 0.6556, 14.8172, -13.4356, 6.2477, 0.2622, 142.25
1043, 1278, 29, 75, 0.7111, 48.3245, 3.2874, 48.2125, 0.3556, 210.40
1043, 1281, 74, 6, 0.7667, 5.0594, -1.1434, -4.9285, 0.4600, 185.17
1043, 1283, 55, 4, 0.6556, 12.6779, -11.2318, 5.8801, 0.2622, 191.50
1043, 1284, 99, 52, 0.7667, 4.2374, 2.3626, 3.5176, 0.4600, 172.75
1043, 1287, 118, 12, 0.7611, 1.0350, 0.9951, -0.2846, 0.3806, 145.77
1044, 1214, 50, 60, 0.6806, 14.1864, -8.3328, 11.4812, 0.4083, 203.17
1044, 1143, 85, 95, 0.5841, 21.8800, 18.5118, 11.6640, 0.4089, 170.71
1044, 1276, 57, 88, 0.7111, 30.3927, -29.0950, -8.7862, 0.3556, 147.20
1044, 1281, 70, 8, 0.8222, 3.5456, -3.3136, 1.2615, 0.5756, 184.86
1044, 1283, 70, 13, 0.7111, 16.4228, 14.0463, 8.5093, 0.3556, 189.60
1044, 1284, 98, 52, 0.8222, 0.4253, -0.1734, -0.3883, 0.5756, 172.36
1044, 1287, 118, 11, 0.8167, 1.0862, -0.1025, -1.0813, 0.4900, 145.81
1045, 1214, 49, 61, 0.7381, 1.6247, -1.2329, 1.0581, 0.5167, 204.00
1045, 1275, 6, 37, 0.8778, 1.1299, 0.9540, 0.6054, 0.7022, 206.62
1045, 1284, 98, 51, 0.8778, 0.6927, -0.3667, -0.5877, 0.7022, 171.44
1045, 1287, 121, 10, 0.8722, 3.2799, 3.0827, -1.1201, 0.6106, 143.98
1045, 1288, 56, 55, 0.6000, 26.7068, -23.0688, 13.4568, 0.1800, 191.67
1045, 1289, 55, 64, 0.6000, 12.9984, -7.6016, -10.5439, 0.1800, 197.33
1045, 1281, 67, 9, 0.7222, 3.5456, -3.3136, 1.2615, 0.5056, 184.86
1046, 1214, 54, 56, 0.7951, 6.5897, 4.8304, -4.4823, 0.6361, 205.62
1046, 1143, 127, 127, 0.6424, 27.2861, 21.4502, 16.8649, 0.5139, 163.62
1046, 1281, 55, 3, 0.8778, 8.8115, -8.2789, -3.0171, 0.7022, 186.88
1046, 1287, 125, 11, 0.9278, 3.4864, 3.4352, 0.5955, 0.7422, 143.98
1046, 1239, 47, 16, 0.5625, 77.2521, 25.2700, -73.0021, 0.2250, 192.75
1046, 1288, 52, 84, 0.6556, 28.2988, -5.2445, 27.8086, 0.2622, 186.75
1046, 1289, 51, 54, 0.6556, 11.1965, -4.1629, -10.3939, 0.2622, 201.50
1046, 1275, 7, 37, 0.7778, 1.1299, 0.9540, 0.6054, 0.6222, 206.62
1047, 1281, 55, 3, 0.9333, 1.0553, -0.7780, -0.7130, 0.8400, 188.56
1047, 1287, 126, 11, 0.9833, 1.5427, 1.5052, 0.3382, 0.8850, 143.43
1047, 1289, 29, 53, 0.7111, 21.5666, -21.4798, -1.9334, 0.3556, 200.00
1047, 1214, 59, 51, 0.6951, 6.5897, 4.8304, -4.4823, 0.5561, 205.62
1047, 1143, 148, 144, 0.5424, 27.2861, 21.4502, 16.8649, 0.4339, 163.62
1047, 1275, 8, 38, 0.6778, 1.1299, 0.9540, 0.6054, 0.5422, 206.62
1047, 1288, 47, 112, 0.5556, 28.2988, -5.2445, 27.8086, 0.2222, 186.75
1048, 1281, 57, 4, 0.9889, 2.6021, 2.4158, 0.9670, 0.9889, 190.60
1048, 1287, 123, 11, 1.0000, 3.2173, -3.2172, 0.0298, 1.0000, 141.68
1048, 1288, 14, 101, 0.7111, 22.3051, -21.6539, 5.3503, 0.3556, 182.40
1048, 1289, 4, 46, 0.7667, 25.8358, -24.9894, -6.5588, 0.4600, 199.17
1049, 1281, 59, 5, 1.0000, 2.0664, 1.6760, 1.2087, 1.0000, 194.18
1049, 1287, 123, 24, 1.0000, 12.1457, 0.3950, 12.1393, 1.0000, 138.89
1052, 1282, 55, 65, 1.0000, 4.3911, 0.4812, 4.3646, 1.0000, 211.89
1052, 1247, 21, 90, 0.5625, 0.0000, 0.0000, 0.0000, 0.2250, 187.25
1053, 1247, 19, 88, 0.6722, 2.2581, -1.5967, -1.5967, 0.3361, 185.60
1054, 1247, 18, 87, 0.5722, 2.2581, -1.5967, -1.5967, 0.2861, 185.60
1055, 1298, 41, 23, 0.6000, 48.5295, -46.7356, -13.0726, 0.1800, 193.50
1056, 1124, 119, 82, 0.5250, 40.4943, -3.8380, -40.3120, 0.3150, 86.17
1056, 1291, 14, 45, 0.6000, 15.5147, 5.7613, -14.4054, 0.1800, 197.33
1056, 1298, 5, 35, 0.6556, 38.3838, -37.1617, 9.6083, 0.2622, 191.88
1057, 1279, 56, 84, 0.6000, 63.7875, -17.5261, 61.3326, 0.1800, 183.00
1057, 1124, 111, 40, 0.5841, 42.4328, -8.1231, -41.6480, 0.4089, 97.43
1057, 1299, 77, 80, 0.6000, 41.2531, 6.4815, 40.7407, 0.1800, 223.00
1057, 1291, 19, 30, 0.5000, 15.5147, 5.7613, -14.4054, 0.1500, 197.33
1057, 1298, -33, 44, 0.5556, 38.3838, -37.1617, 9.6083, 0.2222, 191.88
1058, 1291, 28, 27, 0.6556, 10.9804, 7.3007, -8.2018, 0.2622, 193.50
1058, 1300, 15, 44, 0.6000, 24.8143, -10.6192, 22.4273, 0.1800, 208.00
1058, 1304, 52, 61, 0.6000, 15.4589, -13.4275, -7.6603, 0.1800, 194.33
1058, 1279, 38, 145, 0.5000, 63.7875, -17.5261, 61.3326, 0.1500, 183.00
1058, 1299, 84, 120, 0.5000, 41.2531, 6.4815, 40.7407, 0.1500, 223.00
1059, 1291, 49, 18, 0.7111, 22.2376, 20.5193, -8.5714, 0.3556, 196.00
1059, 1247, 11, 62, 0.6806, 5.5581, -1.2902, -5.4063, 0.4083, 187.50
1059, 1256, 88, 21, 0.5625, 72.7490, 68.8239, -23.5729, 0.2250, 200.50
1059, 1300, 15, 48, 0.6556, 4.2822, -1.0993, 4.1387, 0.2622, 212.25
1059, 1304, 50, 60, 0.6556, 3.5325, -3.0658, -1.7547, 0.2622, 196.50
1060, 1291, 66, 7, 0.7667, 19.9073, 16.8558, -10.5917, 0.4600, 195.33
1060, 1300, 3, 69, 0.7111, 22.2496, -10.4164, 19.6607, 0.3556, 208.20
1060, 1304, 54, 82, 0.7111, 20.9320, 3.1261, 20.6973, 0.3556, 192.20
1061, 1233, 30, 63, 0.5625, 0.9805, 0.0021, 0.9805, 0.2250, 209.50
1061, 1291, 85, 0, 0.8222, 20.2429, 18.9629, -7.0839, 0.5756, 191.71
1061, 1307, 13, 68, 0.6000, 56.6930, -11.1038, -55.5950, 0.1800, 163.00
1062, 1233, 41, 49, 0.6222, 16.2727, 10.3667, -12.5432, 0.3111, 209.00
1062, 1291, 119, 3, 0.8778, 33.2934, 33.2515, 1.6690, 0.7022, 184.75
1062, 1307, 13, 45, 0.6556, 25.4781, -0.4380, -25.4743, 0.2622, 167.75
1063, 1233, 46, 46, 0.6806, 6.2630, 4.8256, -3.9924, 0.4083, 207.83
1063, 1292, 21, 47, 0.6000, 54.9843, -45.4530, 30.9401, 0.1800, 210.67
1063, 1307, 27, 18, 0.7111, 29.8495, 12.5926, -27.0632, 0.3556, 183.00
1063, 1137, 66, 17, 0.5143, 11.6036, 11.5637, -0.9612, 0.3600, 197.43
1063, 1310, 1, 71, 0.6000, 29.5935, -17.2723, 24.0300, 0.1800, 199.83
1064, 1233, 47, 45, 0.7381, 1.0842, 0.9913, -0.4390, 0.5167, 208.71
1064, 1292, 1, 78, 0.6556, 38.5251, -22.5909, 31.2063, 0.2622, 202.50
1064, 1301, 66, 18, 0.6000, 15.7792, 14.2987, 6.6731, 0.1800, 206.00
1064, 1137, 74, 20, 0.5722, 8.4881, 8.2043, 2.1766, 0.4578, 195.88
1064, 1310, 16, 91, 0.6556, 23.6193, 12.8257, 19.8336, 0.2622, 197.12
1065, 1304, 69, 72, 0.9889, 0.3510, -0.0287, 0.3498, 0.9889, 192.30
1065, 1233, 48, 45, 0.6381, 1.0842, 0.9913, -0.4390, 0.4467, 208.71
1065, 1292, -22, 109, 0.5556, 38.5251, -22.5909, 31.2063, 0.2222, 202.50
1065, 1301, 80, 24, 0.5000, 15.7792, 14.2987, 6.6731, 0.1500, 206.00
1065, 1310, 29, 110, 0.5556, 23.6193, 12.8257, 19.8336, 0.2222, 197.12
1066, 1301, 80, 65, 0.6556, 26.9282, 6.0337, 26.2435, 0.2622, 201.25
1066, 1137, 69, 20, 0.6296, 4.2677, -4.2676, -0.0325, 0.5667, 197.17
1066, 1265, 79, 84, 0.5625, 45.5978, -19.1947, 41.3609, 0.2250, 178.75
1066, 1233, 49, 45, 0.5381, 1.0842, 0.9913, -0.4390, 0.3767, 208.71
1067, 1233, 47, 49, 0.7951, 1.6111, -0.0946, 1.6083, 0.6361, 207.88
1067, 1290, 58, 20, 0.6000, 55.4694, 42.0458, -36.1802, 0.1800, 198.00
1067, 1301, 80, 47, 0.7111, 15.7146, -0.2530, -15.7126, 0.3556, 197.60
1067, 1137, 68, 20, 0.6867, 1.3365, -1.3313, -0.1168, 0.6867, 199.85
1067, 1265, 56, 82, 0.6222, 22.0514, -21.9410, 2.2047, 0.3111, 178.20
1067, 1267, 99, 19, 0.5625, 6.8305, 1.9325, 6.5515, 0.2250, 162.75
1068, 1233, 75, 46, 0.8519, 27.8376, 27.6542, -3.1901, 0.7667, 205.00
1068, 1290, 72, -1, 0.6556, 27.9669, 16.6264, -22.4880, 0.2622, 196.50
1068, 1137, 61, 19, 0.7434, 6.4433, -6.3876, -0.8454, 0.7434, 199.50
1068, 1265, 23, 89, 0.6806, 33.6210, -32.8832, 7.0047, 0.4083, 179.83
1068, 1267, 95, 40, 0.6222, 20.3694, -3.5759, 20.0530, 0.3111, 159.60
1068, 1273, 37, 7, 0.5625, 4.9299, 0.9612, -4.8353, 0.2250, 211.50
1068, 1280, 36, 13, 0.5625, 38.9358, 13.4861, -36.5256, 0.2250, 212.50
1068, 1312, 13, 46, 0.6000, 28.6046, 6.6698, -27.8162, 0.1800, 192.67
1069, 1267, 81, 43, 0.6806, 14.2947, -13.5276, 4.6196, 0.4083, 164.00
1069, 1280, 101, 1, 0.6222, 62.2920, 60.5349, -14.6908, 0.3111, 200.00
1069, 1312, 23, 48, 0.6556, 10.3528, 10.3247, -0.7617, 0.2622, 196.75
1069, 1290, 88, -24, 0.5556, 27.9669, 16.6264, -22.4880, 0.2222, 196.50
1069, 1137, 54, 18, 0.6434, 6.4433, -6.3876, -0.8454, 0.6434, 199.50
1069, 1265, -10, 96, 0.5806, 33.6210, -32.8832, 7.0047, 0.3483, 179.83
1070, 1297, 70, 23, 0.6000, 1.3692, 0.9701, 0.9662, 0.1800, 216.33
1070, 1273, 14, 13, 0.6222, 14.1841, -13.4876, 4.3901, 0.3111, 211.40
1070, 1312, 26, 51, 0.7111, 4.4953, 3.1971, 3.1600, 0.3556, 197.80
1070, 1137, 48, 17, 0.5434, 6.4433, -6.3876, -0.8454, 0.5434, 199.50
1070, 1267, 67, 48, 0.5806, 14.2947, -13.5276, 4.6196, 0.3483, 164.00
1070, 1280, 161, -14, 0.5222, 62.2920, 60.5349, -14.6908, 0.2611, 200.00
1071, 1297, 70, 24, 0.7056, 1.0503, 0.2243, 1.0260, 0.2822, 221.25
1071, 1307, 33, 21, 1.0000, 0.8732, 0.1656, 0.8574, 1.0000, 216.62
1071, 1137, 35, 29, 0.8000, 10.1447, -9.1638, 4.3520, 0.8000, 199.54
1071, 1311, 34, 92, 0.6000, 39.0266, -31.8857, 22.5028, 0.1800, 187.00
1071, 1273, 4, 25, 0.6806, 14.7508, -9.5899, 11.2080, 0.4083, 210.17
1072, 1297, 70, 25, 0.7611, 1.0133, -0.0482, 1.0122, 0.3806, 216.20
1072, 1311, 1, 120, 0.6556, 42.9103, -33.0094, 27.4167, 0.2622, 179.25
1072, 1273, 5, 35, 0.7381, 10.2613, 0.3151, 10.2565, 0.5167, 208.14
1073, 1297, 71, 25, 0.8167, 0.7898, 0.7670, 0.1886, 0.4900, 214.50
1073, 1273, 15, 32, 0.7951, 9.0461, 8.7248, -2.3896, 0.6361, 209.62
1073, 1277, 113, 3, 0.5625, 11.6158, 8.6801, -7.7189, 0.2250, 153.00
1073, 1313, 74, 76, 0.6000, 42.1396, -29.7679, 29.8265, 0.1800, 172.33
1073, 1314, 1, 106, 0.6000, 25.9702, -20.1852, 16.3404, 0.1800, 178.33
1073, 1311, -32, 148, 0.5556, 42.9103, -33.0094, 27.4167, 0.2222, 179.25
1074, 1309, 70, 71, 0.6000, 58.2458, 50.0304, 29.8250, 0.1800, 199.00
1074, 1277, 114, 2, 0.6222, 2.6221, 1.9602, -1.7416, 0.3111, 155.80
1074, 1313, 70, 80, 0.6556, 9.5802, -6.7807, 6.7677, 0.2622, 178.50
1074, 1297, 72, 25, 0.7167, 0.7898, 0.7670, 0.1886, 0.4300, 214.50
1074, 1273, 23, 30, 0.6951, 9.0461, 8.7248, -2.3896, 0.5561, 209.62
1074, 1314, -20, 123, 0.5000, 25.9702, -20.1852, 16.3404, 0.1500, 178.33
1075, 1297, 71, 28, 0.8722, 1.6005, -0.0280, 1.6002, 0.6106, 212.00
1075, 1309, 101, 97, 0.6556, 41.9231, 32.6663, 26.2766, 0.2622, 180.00
1075, 1313, 68, 75, 0.7111, 5.0912, -1.7157, -4.7934, 0.3556, 179.20
1075, 1314, 14, 76, 0.6556, 22.7990, 10.9097, -20.0193, 0.2622, 185.50
1075, 1277, 116, 0, 0.5222, 2.6221, 1.9602, -1.7416, 0.2611, 155.80
1076, 1297, 72, 29, 0.9278, 1.4117, 0.7819, 1.1754, 0.7422, 211.25
1076, 1309, 123, 85, 0.7111, 24.5348, 22.7084, -9.2890, 0.3556, 167.60
1076, 1277, 116, 7, 0.6806, 3.1489, 0.8615, 3.0288, 0.4083, 152.67
1076, 1314, 12, 71, 0.7111, 6.1041, -1.7491, -5.8481, 0.3556, 184.40
1077, 1297, 72, 30, 0.9833, 1.0147, 0.2576, 0.9815, 0.8850, 210.78
1077, 1320, 86, 77, 0.6000, 29.8127, 10.5732, -27.8748, 0.1800, 147.67
1077, 1309, 145, 75, 0.6111, 24.5348, 22.7084, -9.2890, 0.3056, 167.60
1078, 1297, 78, 40, 0.9889, 10.4956, 5.5437, 8.9121, 0.9889, 208.20
1078, 1303, 91, 44, 0.6000, 60.7988, 55.6801, -24.4176, 0.1800, 180.67
1078, 1312, 20, 74, 1.0000, 2.9345, 2.8153, 0.8278, 1.0000, 195.92
1078, 1277, 39, 8, 0.7951, 37.3829, -37.2462, 3.1943, 0.6361, 165.12
1078, 1320, 118, 8, 0.6556, 72.1121, 30.3464, -65.4160, 0.2622, 145.50
1078, 1327, 45, 125, 0.6000, 29.3442, -15.3792, 24.9912, 0.1800, 172.00
1079, 1297, 80, 42, 1.0000, 3.4533, 1.8584, 2.9106, 1.0000, 206.09
1079, 1303, 116, 46, 0.6556, 27.7146, 27.7145, 0.0776, 0.2622, 169.25
1079, 1295, 112, 56, 0.5625, 8.3712, 3.7437, 7.4874, 0.2250, 153.00
1079, 1320, 148, -58, 0.5556, 72.1121, 30.3464, -65.4160, 0.2222, 145.50
1079, 1327, 30, 150, 0.5000, 29.3442, -15.3792, 24.9912, 0.1500, 172.00
1080, 1297, 79, 42, 1.0000, 0.2526, -0.1214, -0.2216, 1.0000, 204.08
1080, 1303, 117, 39, 0.7111, 7.2599, 2.6341, -6.7652, 0.3556, 165.20
1080, 1306, 54, 97, 0.6000, 2.1894, -0.9764, 1.9596, 0.1800, 168.00
1080, 1295, 98, 44, 0.6222, 15.6814, -11.9149, -10.1951, 0.3111, 155.40
1080, 1321, 15, 19, 0.6000, 13.7558, 10.1785, 9.2532, 0.1800, 220.00
1080, 1326, 21, 73, 0.6000, 17.8318, 15.7811, 8.3025, 0.1800, 199.33
1080, 1327, 66, 129, 0.6556, 14.4690, 14.3445, -1.8945, 0.2622, 162.25
1081, 1297, 79, 41, 1.0000, 0.5586, -0.2957, -0.4739, 1.0000, 202.69
1081, 1127, 34, 32, 0.5143, 81.1693, -11.7558, -80.3135, 0.3600, 157.36
1081, 1306, 60, 100, 0.6556, 6.0637, 5.3629, 2.8297, 0.2622, 170.75
1081, 1295, 85, 28, 0.6806, 20.2589, -13.0961, -15.4569, 0.4083, 159.50
1081, 1321, 41, 12, 0.6556, 24.9785, 24.3272, -5.6667, 0.2622, 224.00
1081, 1326, 34, 63, 0.6556, 16.4212, 13.6636, -9.1083, 0.2622, 203.00
1081, 1327, 93, 106, 0.7111, 34.1585, 26.3772, -21.7036, 0.3556, 151.60
1081, 1328, 103, 102, 0.6000, 40.8708, 30.7584, 26.9136, 0.1800, 163.33
1081, 1329, 127, 102, 0.6000, 25.2393, 7.7189, 24.0300, 0.1800, 114.67
1081, 1303, 120, 32, 0.6111, 7.2599, 2.6341, -6.7652, 0.3056, 165.20
1082, 1297, 75, 36, 1.0000, 6.3588, -4.0558, -4.8974, 1.0000, 202.29
1082, 1175, 113, 12, 0.5143, 45.3340, 39.3482, -22.5143, 0.3600, 185.71
1082, 1321, 55, 6, 0.7111, 15.6959, 14.4408, -6.1504, 0.3556, 219.20
1082, 1326, 36, 51, 0.7111, 11.4006, 2.3137, -11.1634, 0.3556, 202.60
1082, 1329, 126, 108, 0.6556, 7.0613, 0.1449, 7.0598, 0.2622, 114.50
1082, 1302, 40, 8, 0.5625, 0.9612, 0.0000, -0.9612, 0.2250, 224.00
1082, 1332, 40, 24, 0.6000, 33.8352, -33.6127, 3.8741, 0.1800, 204.83
1082, 1306, 65, 103, 0.5556, 6.0637, 5.3629, 2.8297, 0.2222, 170.75
1082, 1295, 72, 12, 0.5806, 20.2589, -13.0961, -15.4569, 0.3483, 159.50
1082, 1328, 134, 129, 0.5000, 40.8708, 30.7584, 26.9136, 0.1500, 163.33
1083, 1326, 41, 29, 0.7667, 22.3389, 4.6247, -21.8549, 0.4600, 202.17
1083, 1329, 123, 108, 0.7111, 2.6705, -2.5219, 0.8782, 0.3556, 112.60
1083, 1302, 41, 8, 0.6722, 0.8277, 0.7984, -0.2185, 0.3361, 220.60
1083, 1331, 27, 72, 0.6000, 61.8316, 0.0000, 61.8316, 0.1800, 206.17
1083, 1334, 35, 81, 0.6000, 52.5491, -33.7539, 40.2751, 0.1800, 198.00
1083, 1321, 69, 0, 0.6111, 15.6959, 14.4408, -6.1504, 0.3056, 219.20
1083, 1332, 6, 28, 0.5000, 33.8352, -33.6127, 3.8741, 0.1500, 204.83
1084, 1306, 51, 104, 0.7111, 5.2542, -5.1570, 1.0058, 0.3556, 170.00
1084, 1326, 41, 23, 0.8222, 6.9783, 0.3128, -6.9713, 0.5756, 207.43
1084, 1329, 122, 109, 0.7667, 1.9060, -1.6368, 0.9767, 0.4600, 108.33
1084, 1302, 41, 8, 0.7306, 0.2523, 0.2474, 0.0496, 0.4383, 218.50
1084, 1331, 17, 128, 0.6556, 56.7129, -8.8225, 56.0224, 0.2622, 200.88
1084, 1332, 7, 55, 0.6556, 22.3926, -14.0102, 17.4683, 0.2622, 205.38
1084, 1334, 5, 93, 0.6556, 34.0163, -30.6924, 14.6658, 0.2622, 188.50
1085, 1326, 41, 24, 0.8778, 0.8608, 0.3138, 0.8015, 0.7022, 209.25
1085, 1329, 120, 110, 0.8222, 2.0786, -1.8173, 1.0089, 0.5756, 108.43
1085, 1302, 41, 8, 0.6306, 0.2523, 0.2474, 0.0496, 0.3783, 218.50
1085, 1331, 9, 184, 0.5556, 56.7129, -8.8225, 56.0224, 0.2222, 200.88
1085, 1332, -7, 73, 0.5556, 22.3926, -14.0102, 17.4683, 0.2222, 205.38
1085, 1334, -26, 108, 0.5556, 34.0163, -30.6924, 14.6658, 0.2222, 188.50
1086, 1313, 106, 113, 1.0000, 2.1845, -1.0861, 1.8954, 1.0000, 166.36
1086, 1326, 41, 25, 0.9333, 1.1328, 0.0494, 1.1317, 0.8400, 209.22
1086, 1329, 119, 113, 0.8778, 2.8969, -1.1688, 2.6507, 0.7022, 108.38
1086, 1302, 42, 8, 0.5306, 0.2523, 0.2474, 0.0496, 0.3183, 218.50
1087, 1269, 88, 117, 0.5625, 45.6544, 33.2455, 31.2899, 0.2250, 152.25
1087, 1329, 118, 115, 0.9333, 2.5123, -0.9465, 2.3272, 0.8400, 112.22
1087, 1302, 44, 3, 0.7881, 2.3844, 1.1546, -2.0862, 0.5517, 217.86
1088, 1269, 75, 122, 0.6222, 11.0208, -8.4878, 7.0295, 0.3111, 148.80
1088, 1329, 117, 117, 0.9889, 2.2342, -0.9619, 2.0165, 0.9889, 115.70
1088, 1302, 64, 5, 0.7951, 20.0622, 20.0148, 1.3793, 0.6361, 214.00
1089, 1329, 115, 120, 1.0000, 3.3256, -1.8174, 2.7851, 1.0000, 114.45
1089, 1222, 28, 26, 0.5250, 78.4540, -33.1590, -71.1021, 0.3150, 191.83
1089, 1269, 67, 129, 0.5222, 11.0208, -8.4878, 7.0295, 0.2611, 148.80
1090, 1269, 58, 92, 0.6806, 20.8363, -8.6267, -18.9666, 0.4083, 152.00
1090, 1329, 115, 121, 1.0000, 1.4812, -0.4333, 1.4164, 1.0000, 112.92
1090, 1222, 36, 0, 0.5841, 30.7715, 4.6141, -30.4236, 0.4089, 195.00
1090, 1339, 65, 58, 0.6000, 57.7727, -57.6427, 3.8741, 0.1800, 147.00
1090, 1341, 51, 57, 0.6000, 12.3323, 9.6413, -7.6896, 0.1800, 205.00
1090, 1342, 38, 34, 0.6000, 42.3637, 2.9129, -42.2635, 0.1800, 195.33
1091, 1329, 115, 123, 1.0000, 1.7230, 0.1012, 1.7200, 1.0000, 114.85
1091, 1222, 60, -3, 0.6424, 23.0339, 22.5229, -4.8248, 0.5139, 194.62
1091, 1337, 87, 21, 0.6000, 0.9257, 0.9256, 0.0115, 0.1800, 172.67
1091, 1339, 23, 29, 0.6556, 50.3740, -43.4557, -25.4784, 0.2622, 164.00
1091, 1341, 79, 38, 0.6556, 32.6783, 26.9279, -18.5138, 0.2622, 207.50
1091, 1342, 42, 4, 0.6556, 31.4132, 3.8425, -31.1773, 0.2622, 202.00
1092, 1329, 115, 125, 1.0000, 1.9912, 0.0868, 1.9893, 1.0000, 113.57
1092, 1330, 56, 82, 0.6000, 76.5914, -20.1453, 73.8946, 0.1800, 176.67
1092, 1337, 90, 38, 0.6556, 15.4920, 2.6569, 15.2624, 0.2622, 172.50
1092, 1341, 99, 14, 0.7111, 30.9482, 20.1624, -23.4791, 0.3556, 200.60
1092, 1342, 42, 2, 0.7111, 4.5775, 0.8350, -4.5007, 0.3556, 206.00
1092, 1339, -21, 4, 0.5556, 50.3740, -43.4557, -25.4784, 0.2222, 164.00
1093, 1329, 115, 127, 1.0000, 2.0326, 0.0139, 2.0326, 1.0000, 115.27
1093, 1330, 47, 124, 0.6556, 46.0651, -10.4233, 44.8703, 0.2622, 166.75
1093, 1337, 85, 39, 0.7111, 4.7548, -4.1565, 2.3091, 0.3556, 174.40
1093, 1338, 18, 65, 0.6000, 10.8002, -6.6215, -8.5323, 0.1800, 186.33
1093, 1341, 119, -10, 0.6111, 30.9482, 20.1624, -23.4791, 0.3056, 200.60
1094, 1329, 115, 126, 1.0000, 1.2434, -0.0068, -1.2433, 1.0000, 113.56
1094, 1338, 8, 41, 0.6556, 24.5182, -10.4764, -22.1672, 0.2622, 188.00
1094, 1330, 36, 169, 0.5556, 46.0651, -10.4233, 44.8703, 0.2222, 166.75
1094, 1337, 81, 41, 0.6111, 4.7548, -4.1565, 2.3091, 0.3056, 174.40
1094, 1341, 139, -33, 0.5111, 30.9482, 20.1624, -23.4791, 0.2556, 200.60
1095, 1293, 29, 40, 0.5625, 34.5001, -33.0982, -9.7348, 0.2250, 198.00
1095, 1329, 123, 125, 1.0000, 7.3107, 7.2807, -0.6618, 1.0000, 110.35
1095, 1338, 20, 32, 0.7111, 15.0625, 11.3545, -9.8972, 0.3556, 191.80
1096, 1293, 43, 27, 0.6222, 15.6131, 9.2177, -12.6017, 0.3111, 197.00
1096, 1342, 42, 1, 0.9333, 4.3819, -0.5876, -4.3423, 0.8400, 209.33
1096, 1285, 48, 71, 0.5400, 1.4008, 0.9905, 0.9905, 0.2700, 197.60
1096, 1329, 130, 124, 0.9000, 7.3107, 7.2807, -0.6618, 0.9000, 110.35
1097, 1249, 44, 126, 0.5400, 30.2652, 28.2994, 10.7298, 0.2700, 155.10
1097, 1329, 126, 118, 1.0000, 3.9194, 0.8167, -3.8334, 1.0000, 107.56
1097, 1285, 46, 76, 0.6500, 5.1903, -1.3847, 5.0022, 0.3900, 198.00
1097, 1293, 52, 15, 0.5222, 15.6131, 9.2177, -12.6017, 0.2611, 197.00
1098, 1293, 98, 22, 0.6806, 30.7862, 30.7764, -0.7772, 0.4083, 190.17
1098, 1285, 48, 78, 0.7087, 2.4855, 1.0745, 2.2413, 0.4961, 199.36
1098, 1237, 80, 52, 0.5250, 42.9349, -27.8455, -32.6808, 0.3150, 129.33
1099, 1340, 37, 92, 0.6000, 28.1222, 8.6011, 26.7746, 0.1800, 178.00
1099, 1285, 49, 77, 0.7667, 1.5346, 1.3371, -0.7530, 0.6133, 204.81
1100, 1249, 79, 117, 0.6000, 9.7724, 7.3119, -6.4836, 0.3600, 150.75
1100, 1323, 99, 24, 0.6000, 28.4997, -27.4029, 7.8305, 0.1800, 134.67
1100, 1340, 45, 105, 0.6556, 16.7817, 8.4903, 14.4755, 0.2622, 176.00
1100, 1285, 51, 77, 0.8241, 1.9833, 1.9096, -0.5355, 0.7417, 203.50
1100, 1237, 3, 16, 0.5841, 43.2247, -40.2466, -15.7666, 0.4089, 143.29
1100, 1347, 49, 82, 0.6556, 6.8994, -5.6143, -4.0102, 0.2622, 174.75
1101, 1249, 81, 62, 0.6587, 53.3862, 2.1567, -53.3426, 0.4611, 159.64
1101, 1323, 33, 41, 0.6556, 64.0356, -61.9757, 16.1111, 0.2622, 150.75
1101, 1340, 50, 116, 0.7111, 12.3355, 5.6435, 10.9688, 0.3556, 166.00
1101, 1237, -3, 15, 0.6424, 7.3536, -7.1431, -1.7471, 0.5139, 151.62
1101, 1285, 53, 76, 0.7241, 1.9833, 1.9096, -0.5355, 0.6517, 203.50
1101, 1347, 43, 78, 0.5556, 6.8994, -5.6143, -4.0102, 0.2222, 174.75
1102, 1333, 77, 86, 0.6000, 55.0004, -18.5605, 51.7740, 0.1800, 170.33
1102, 1340, 48, 108, 0.7667, 6.7471, -1.7485, -6.5166, 0.4600, 164.83
1102, 1285, 55, 86, 0.8811, 5.6099, 2.0654, 5.2159, 0.8811, 200.75
1102, 1347, 56, 73, 0.7111, 6.9412, 5.4139, -4.3440, 0.3556, 178.40
1102, 1272, 21, 90, 0.5400, 0.0000, 0.0000, 0.0000, 0.2700, 188.00
1102, 1323, -29, 57, 0.5556, 64.0356, -61.9757, 16.1111, 0.2222, 150.75
1102, 1237, -10, 13, 0.5424, 7.3536, -7.1431, -1.7471, 0.4339, 151.62
1103, 1333, 10, 111, 0.6556, 67.9584, -62.4368, 26.8326, 0.2622, 168.00
1103, 1262, 19, 8, 0.5400, 76.4407, -8.7649, -75.9365, 0.2700, 187.00
1103, 1272, 21, 90, 0.6500, 0.0000, 0.0000, 0.0000, 0.3900, 188.00
1104, 1262, 53, -3, 0.6000, 34.1998, 29.9447, -16.5209, 0.3600, 188.00
1104, 1272, 21, 90, 0.7087, 0.0000, 0.0000, 0.0000, 0.4961, 188.00
1104, 1333, -53, 138, 0.5556, 67.9584, -62.4368, 26.8326, 0.2222, 168.00
1105, 1335, 36, 69, 0.6000, 1.9579, 1.9579, -0.0021, 0.1800, 228.00
1105, 1262, 57, 3, 0.6587, 6.8136, 5.4465, 4.0940, 0.4611, 189.57
1105, 1350, 40, 12, 0.6000, 50.0391, -41.6080, -27.7973, 0.1800, 191.83
1105, 1272, 21, 90, 0.6087, 0.0000, 0.0000, 0.0000, 0.4261, 188.00
1106, 1335, 38, 69, 0.7056, 2.0334, 2.0334, 0.0016, 0.2822, 234.25
1106, 1345, 80, 124, 0.6000, 51.5556, 21.8941, 46.6757, 0.1800, 160.67
1106, 1272, 21, 90, 0.7667, 0.0000, 0.0000, 0.0000, 0.6133, 188.00
1106, 1350, 30, 17, 0.6556, 13.3689, -13.2666, 1.6501, 0.2622, 195.38
1106, 1250, 116, 91, 0.5400, 26.2852, 26.0110, 3.7862, 0.2700, 125.30
1107, 1335, 40, 69, 0.7611, 2.0154, 2.0154, 0.0008, 0.3806, 237.40
1107, 1272, 7, 93, 0.7741, 13.7173, -13.3077, 3.3269, 0.6967, 186.22
1107, 1250, 122, 91, 0.6000, 7.5362, 7.4838, 0.8872, 0.3600, 122.75
1107, 1345, 102, 171, 0.5000, 51.5556, 21.8941, 46.6757, 0.1500, 160.67
1107, 1350, 16, 18, 0.5556, 13.3689, -13.2666, 1.6501, 0.2222, 195.38
1108, 1335, 42, 69, 0.8167, 2.0005, 2.0005, 0.0000, 0.4900, 240.33
1108, 1350, 6, 15, 0.7111, 11.7101, -11.6580, -1.1036, 0.3556, 197.50
1108, 1250, 121, 92, 0.6587, 0.6265, -0.0445, 0.6249, 0.4611, 117.50
1109, 1335, 44, 69, 0.8722, 1.9982, 1.9982, -0.0001, 0.6106, 242.43
1109, 1271, 102, 105, 0.5400, 63.3841, 62.1151, -12.6198, 0.2700, 156.00
1109, 1355, 37, 104, 0.6000, 33.1854, 26.5448, -19.9159, 0.1800, 153.33
1109, 1250, 121, 92, 0.7167, 0.2035, -0.1857, 0.0831, 0.5733, 116.69
1110, 1335, 38, 65, 0.9278, 6.5942, -5.2300, -4.0163, 0.7422, 236.12
1110, 1338, 93, 60, 1.0000, 25.6941, -14.1116, 21.4721, 1.0000, 171.06
1110, 1271, 95, 72, 0.6000, 31.6691, -0.0652, -31.6690, 0.3600, 158.33
1110, 1355, 39, 108, 0.6556, 4.4209, 4.1591, 1.4987, 0.2622, 152.50
1110, 1250, 122, 92, 0.7741, 0.7714, 0.7693, -0.0572, 0.6967, 116.17
1110, 1360, 21, 90, 0.6000, 0.9319, 0.0000, -0.9319, 0.1800, 185.22
1111, 1271, 93, 30, 0.6587, 41.5976, -1.8683, -41.5556, 0.4611, 164.29
1111, 1355, 13, 112, 0.7111, 24.9513, -24.6744, 3.7070, 0.3556, 153.60
1111, 1250, 124, 93, 0.8311, 2.0816, 1.9201, 0.8041, 0.8311, 113.95
1111, 1296, 112, 25, 0.5400, 48.3174, 28.1383, -39.2785, 0.2700, 175.20
1111, 1322, 94, 2, 0.5625, 36.8887, 16.7860, -32.8483, 0.2250, 186.75
1111, 1325, 74, 109, 0.5625, 30.8935, 7.5783, 29.9496, 0.2250, 188.25
1111, 1336, 48, 69, 0.5625, 1.9043, 1.9021, -0.0909, 0.2250, 219.75
1111, 1360, 21, 90, 0.7056, 0.2251, 0.0000, -0.2251, 0.2822, 185.92
1111, 1335, 33, 61, 0.8278, 6.5942, -5.2300, -4.0163, 0.6622, 236.12
1112, 1250, 127, 75, 0.8879, 17.5018, 2.9668, -17.2485, 0.8879, 112.50
1112, 1319, 73, 43, 0.5625, 52.0879, -22.1569, -47.1404, 0.2250, 164.25
1112, 1322, 93, 15, 0.6222, 8.8999, 0.9462, 8.8494, 0.3111, 182.80
1112, 1325, 94, 96, 0.6222, 21.6407, 19.4436, -9.5009, 0.3111, 175.20
1112, 1336, 39, 68, 0.6222, 8.4107, -8.3759, -0.7652, 0.3111, 216.20
1112, 1360, 21, 90, 0.7611, 0.0440, 0.0000, 0.0440, 0.3806, 186.13
1112, 1363, 12, 21, 0.6000, 48.1867, -44.1859, 19.2240, 0.1800, 215.33
1113, 1249, 113, 33, 1.0000, 14.8716, 12.0251, -8.7500, 1.0000, 155.09
1113, 1322, 85, 12, 0.6806, 7.7532, -7.4513, -2.1424, 0.4083, 181.67
1113, 1325, 124, 93, 0.6806, 29.6660, 29.4720, -3.3872, 0.4083, 162.00
1113, 1360, 21, 90, 0.8167, 0.0436, 0.0000, 0.0436, 0.4900, 186.61
1113, 1336, 30, 67, 0.5222, 8.4107, -8.3759, -0.7652, 0.2611, 216.20
1113, 1363, -32, 41, 0.5000, 48.1867, -44.1859, 19.2240, 0.1500, 215.33
1114, 1350, 14, 3, 1.0000, 2.0362, 1.7863, -0.9773, 1.0000, 217.91
1114, 1319, 25, -2, 0.6222, 30.1712, -24.0698, -18.1919, 0.3111, 175.40
1114, 1336, 64, 84, 0.6806, 19.3891, 16.7755, 9.7221, 0.4083, 211.17
1114, 1363, 2, 43, 0.6556, 9.3260, 0.9787, 9.2745, 0.2622, 213.25
1114, 1360, 21, 90, 0.7167, 0.0436, 0.0000, 0.0436, 0.4300, 186.61
1115, 1319, 11, 18, 0.6806, 23.2538, -14.0617, 18.5204, 0.4083, 179.83
1115, 1363, 35, 62, 0.7111, 37.1476, 31.6485, 19.4504, 0.3556, 209.40
1115, 1360, 21, 90, 0.6167, 0.0436, 0.0000, 0.0436, 0.3700, 186.61
1116, 1351, 112, 35, 0.6000, 17.3374, 15.5095, -7.7486, 0.1800, 159.00
1116, 1360, 21, 90, 0.5167, 0.0436, 0.0000, 0.0436, 0.3100, 186.61
1117, 1351, 55, 4, 0.6556, 58.4466, -50.7603, -28.9724, 0.2622, 171.75
1117, 1317, 50, 20, 0.5625, 76.6151, -68.3331, -34.6477, 0.2250, 135.50
1118, 1360, 69, 53, 0.8778, 59.7602, 47.5946, -36.1392, 0.7022, 188.46
1118, 1351, 4, -25, 0.5556, 58.4466, -50.7603, -28.9724, 0.2222, 171.75
1119, 1368, 21, 90, 0.6000, 14.4239, 11.5637, -8.6215, 0.1800, 174.67
1120, 1368, 71, 85, 0.6556, 46.8117, 46.5257, -5.1667, 0.2622, 173.50
1121, 1316, 104, 44, 0.5625, 13.8049, -13.6662, -1.9517, 0.2250, 119.75
1121, 1362, 56, 39, 0.6000, 36.6652, 4.7812, 36.3521, 0.1800, 206.83
1121, 1305, 23, 64, 0.5400, 19.7002, -14.8344, 12.9630, 0.2700, 197.00
1121, 1368, 117, 80, 0.5556, 46.8117, 46.5257, -5.1667, 0.2222, 173.50
1122, 1316, 86, 47, 0.6222, 18.4586, -18.2524, 2.7510, 0.3111, 136.60
1122, 1362, 46, 91, 0.6556, 51.1253, -8.4591, 50.4207, 0.2622, 195.38
1122, 1305, 12, 87, 0.6000, 24.5197, -11.0782, 21.8744, 0.3600, 192.83
1123, 1316, 59, 42, 0.6806, 26.3164, -25.9115, -4.5981, 0.4083, 147.33
1123, 1362, 48, 112, 0.7111, 23.4394, 1.6665, 23.3801, 0.3556, 188.30
1123, 1305, 1, 99, 0.6587, 16.9105, -11.3645, 12.5225, 0.4611, 189.14
1124, 1316, 49, 28, 0.7381, 17.5473, -11.5643, -13.1975, 0.5167, 156.71
1124, 1305, 0, 100, 0.7167, 2.3693, -1.3642, 1.9372, 0.5733, 186.12
1124, 1362, 50, 136, 0.6111, 23.4394, 1.6665, 23.3801, 0.3056, 188.30
1125, 1308, 31, 124, 0.5625, 71.8601, 20.3889, 68.9070, 0.2250, 189.50
1125, 1344, 105, 11, 0.5625, 2.0104, -2.0104, 0.0000, 0.2250, 151.62
1125, 1371, 84, 53, 0.6000, 53.3877, -21.1464, 49.0212, 0.1800, 167.33
1125, 1316, 37, 15, 0.6381, 17.5473, -11.5643, -13.1975, 0.4467, 156.71
1125, 1305, -1, 102, 0.6167, 2.3693, -1.3642, 1.9372, 0.4933, 186.12
1126, 1308, 11, 132, 0.6222, 21.6063, -16.8802, 13.4867, 0.3111, 181.00
1126, 1344, 82, 37, 0.6222, 31.9690, -21.1749, 23.9509, 0.3111, 158.50
1126, 1371, 26, 91, 0.6556, 66.9101, -54.3060, 39.0873, 0.2622, 172.75
1126, 1377, 66, 60, 0.6000, 18.5745, 6.7577, 17.3016, 0.1800, 227.67
1127, 1308, 22, 126, 0.6806, 10.6092, 9.3590, -4.9966, 0.4083, 175.67
1127, 1344, 60, 46, 0.6806, 23.8781, -21.7481, 9.8581, 0.4083, 174.58
1127, 1377, 77, 74, 0.6556, 18.1142, 11.1035, 14.3121, 0.2622, 214.00
1127, 1371, -28, 131, 0.5556, 66.9101, -54.3060, 39.0873, 0.2222, 172.75
1128, 1359, 81, 55, 0.6000, 72.7807, 72.1257, -9.7423, 0.1800, 191.83
1128, 1349, 5, 93, 0.5625, 50.9214, -41.9416, -28.8772, 0.2250, 152.00
1128, 1344, 47, 58, 0.7381, 17.9645, -13.9094, 11.3690, 0.5167, 179.21
1128, 1373, 54, 1, 0.6000, 28.4327, 26.8849, -9.2532, 0.1800, 213.00
1128, 1377, 87, 88, 0.7111, 16.9125, 9.9255, 13.6936, 0.3556, 199.80
1129, 1349, -3, 34, 0.6222, 57.5194, -10.7793, -56.5003, 0.3111, 171.60
1129, 1373, 55, 2, 0.6556, 2.8427, 2.8425, 0.0371, 0.2622, 211.50
1129, 1377, 84, 99, 0.7667, 11.6640, -2.3467, 11.4255, 0.4600, 189.33
1129, 1315, 99, 81, 0.5400, 18.9430, -9.5827, 16.3404, 0.2700, 136.40
1129, 1380, 62, 43, 0.6000, 51.7771, -35.6230, 37.5748, 0.1800, 191.67
1129, 1359, 153, 46, 0.5000, 72.7807, 72.1257, -9.7423, 0.1500, 191.83
1130, 1373, 74, 5, 0.7111, 18.8827, 18.6779, 2.7736, 0.3556, 204.80
1130, 1315, 100, 84, 0.6000, 3.7622, -0.5950, 3.7149, 0.3600, 134.00
1130, 1380, 5, 83, 0.6556, 67.9382, -55.1757, 39.6389, 0.2622, 183.50
1130, 1383, 72, 39, 0.6000, 33.8577, -3.8155, 33.6420, 0.1800, 198.67
1130, 1349, -13, -22, 0.5222, 57.5194, -10.7793, -56.5003, 0.2611, 171.60
1131, 1325, 101, 19, 1.0000, 1.4316, -0.8980, 1.1150, 1.0000, 170.89
1131, 1315, 102, 83, 0.6587, 2.7431, 2.6100, -0.8439, 0.4611, 135.71
1131, 1383, 34, 95, 0.6556, 64.4261, -35.2102, 53.9533, 0.2622, 190.00
1131, 1380, -50, 122, 0.5556, 67.9382, -55.1757, 39.6389, 0.2222, 183.50
1132, 1355, 93, 75, 1.0000, 1.9865, 1.9848, -0.0831, 1.0000, 179.50
1132, 1315, 105, 82, 0.7167, 2.6467, 2.5359, -0.7578, 0.5733, 134.25
1132, 1383, 4, 126, 0.7111, 44.4945, -29.9379, 32.9163, 0.3556, 181.80
1133, 1358, 4, 79, 0.6000, 26.7554, 3.9199, -26.4667, 0.1800, 166.33
1133, 1378, 63, 45, 0.7056, 0.0180, 0.0180, 0.0000, 0.2822, 226.75
1133, 1315, 106, 82, 0.7741, 1.2864, 1.2796, -0.1315, 0.6967, 132.44
1133, 1383, -26, 159, 0.6111, 44.4945, -29.9379, 32.9163, 0.3056, 181.80
1134, 1358, 18, 33, 0.6556, 45.9979, 12.8357, -44.1707, 0.2622, 176.50
1134, 1378, 63, 42, 0.7611, 3.2464, 0.0089, -3.2464, 0.3806, 221.20
1134, 1315, 108, 82, 0.8311, 1.6998, 1.6988, 0.0577, 0.8311, 131.10
1134, 1387, 55, 85, 0.6000, 20.3860, -2.8543, 20.1852, 0.1800, 192.67
1135, 1358, 11, 0, 0.7111, 33.6226, -5.4443, -33.1789, 0.3556, 185.60
1135, 1373, 98, 25, 0.9889, 1.3346, -0.3541, 1.2868, 0.9889, 188.15
1135, 1375, 111, 29, 0.6000, 10.1720, -7.6549, 6.6987, 0.1800, 139.00
1135, 1378, 49, 42, 0.7667, 13.0025, -12.9893, 0.5857, 0.4600, 217.50
1135, 1315, 110, 82, 0.8879, 1.9988, 1.9985, 0.0358, 0.8879, 129.82
1135, 1381, 7, 14, 0.6000, 65.7682, -64.6278, 12.1943, 0.1800, 198.33
1135, 1354, 0, 123, 0.5625, 2.9597, -0.9359, 2.8078, 0.2250, 152.50
1135, 1387, 55, 88, 0.6556, 4.6365, -0.6621, 4.5890, 0.2622, 188.50
1135, 1356, 120, 65, 0.5625, 1.9517, 1.9517, 0.0000, 0.2250, 112.00
1135, 1394, 8, 32, 0.6000, 1.3802, 0.9905, 0.9612, 0.1800, 212.00
1136, 1372, 126, 17, 0.6000, 18.0888, 16.3670, 7.7023, 0.1800, 147.67
1136, 1373, 97, 26, 1.0000, 1.3284, -0.6834, 1.1391, 1.0000, 187.32
1136, 1375, 82, 40, 0.6556, 29.6839, -27.4793, 11.2260, 0.2622, 150.75
1136, 1378, 47, 45, 0.8222, 3.3802, -2.5336, 2.2375, 0.5756, 215.14
1136, 1315, 112, 82, 0.9444, 2.0392, 2.0392, 0.0039, 0.9444, 130.58
1136, 1352, 82, 50, 0.5625, 21.1071, -3.7990, 20.7624, 0.2250, 186.50
1136, 1387, 57, 96, 0.7111, 8.3031, 2.5800, 7.8921, 0.3556, 189.60
1136, 1356, 121, 65, 0.6722, 1.2289, 1.2289, 0.0000, 0.3361, 115.80
1136, 1394, 9, 32, 0.7056, 1.0337, 1.0104, 0.2185, 0.2822, 214.25
1136, 1381, -58, 26, 0.5000, 65.7682, -64.6278, 12.1943, 0.1500, 198.33
1137, 1315, 114, 82, 1.0000, 2.0127, 2.0127, -0.0035, 1.0000, 129.88
1137, 1356, 123, 65, 0.7306, 1.7670, 1.7670, 0.0000, 0.4383, 114.67
1137, 1394, 10, 32, 0.7611, 1.0056, 1.0044, -0.0496, 0.3806, 214.60
1137, 1400, 3, 107, 0.6000, 3.4006, 1.8931, 2.8250, 0.1800, 166.33
1137, 1372, 143, 24, 0.5000, 18.0888, 16.3670, 7.7023, 0.1500, 147.67
1137, 1375, 54, 52, 0.5556, 29.6839, -27.4793, 11.2260, 0.2222, 150.75
1137, 1378, 45, 47, 0.7222, 3.3802, -2.5336, 2.2375, 0.5056, 215.14
1138, 1308, 87, 7, 1.0000, 1.9235, 1.9212, -0.0928, 1.0000, 179.15
1138, 1367, 1, 9, 0.6000, 50.0088, -14.6406, -47.8177, 0.1800, 204.67
1138, 1375, 36, 68, 0.7111, 26.4928, -22.3653, 14.2008, 0.3556, 160.80
1138, 1376, 75, 3, 0.6000, 34.5149, 15.4368, -30.8705, 0.1800, 193.67
1138, 1315, 116, 83, 1.0000, 2.1568, 1.9989, 0.8100, 1.0000, 129.11
1138, 1352, 57, 103, 0.6222, 30.8577, -14.2165, 27.3878, 0.3111, 178.20
1138, 1384, 115, 28, 0.6000, 21.7338, -5.7267, 20.9658, 0.1800, 131.00
1138, 1356, 118, 61, 0.7881, 6.0366, -4.4680, -4.0593, 0.5517, 115.71
1138, 1394, 11, 32, 0.8167, 1.0010, 1.0000, -0.0446, 0.4900, 213.50
1138, 1361, 96, 110, 0.5625, 4.7645, 3.8043, 2.8684, 0.2250, 122.75
1138, 1400, 6, 93, 0.6556, 12.4335, 2.8387, -12.1052, 0.2622, 168.75
1138, 1405, 79, 41, 0.6000, 12.9090, 11.5637, -5.7379, 0.1800, 222.50
1139, 1376, 91, 2, 0.6556, 16.1430, 15.6249, -4.0570, 0.2622, 189.00
1139, 1315, 119, 83, 1.0000, 2.8216, 2.8096, 0.2598, 1.0000, 127.40
1139, 1352, 20, 120, 0.6806, 39.4757, -35.4641, 17.3386, 0.4083, 174.25
1139, 1384, 108, 36, 0.6556, 11.4937, -6.9989, 9.1171, 0.2622, 133.75
1139, 1394, 11, 32, 0.8722, 0.1919, 0.1918, -0.0079, 0.6106, 213.43
1139, 1405, 80, 40, 0.6556, 2.9289, 2.6157, -1.3177, 0.2622, 213.38
1139, 1367, -13, -38, 0.5000, 50.0088, -14.6406, -47.8177, 0.1500, 204.67
1139, 1356, 114, 57, 0.6881, 6.0366, -4.4680, -4.0593, 0.4817, 115.71
1139, 1400, 9, 81, 0.5556, 12.4335, 2.8387, -12.1052, 0.2222, 168.75
1140, 1372, 123, 39, 0.6556, 7.7089, -5.8995, 4.9621, 0.2622, 142.00
1140, 1376, 83, 21, 0.7111, 19.1593, -6.7808, 17.9193, 0.3556, 187.00
1140, 1315, 120, 83, 1.0000, 1.4479, 1.4477, -0.0236, 1.0000, 125.81
1140, 1384, 94, 34, 0.7111, 13.7152, -13.6485, -1.3507, 0.3556, 143.00
1140, 1394, 12, 33, 0.9278, 1.0910, 0.7348, 0.8065, 0.7422, 218.62
1140, 1361, 96, 110, 0.6722, 0.4500, -0.3561, -0.2752, 0.3361, 120.80
1140, 1400, 18, 66, 0.7111, 15.2907, 6.5181, -13.8319, 0.3556, 173.00
1140, 1405, 80, 41, 0.7111, 0.6685, -0.6013, 0.2922, 0.3556, 207.70
1141, 1372, 107, 40, 0.7111, 16.2014, -16.1414, 1.3925, 0.3556, 144.40
1141, 1374, 64, 53, 0.6000, 46.8546, 30.0925, 35.9138, 0.1800, 208.67
1141, 1394, 13, 33, 0.9833, 1.0539, 1.0187, 0.2702, 0.8850, 220.89
1141, 1361, 98, 112, 0.7306, 2.0451, 1.4145, 1.4770, 0.4383, 119.00
1141, 1315, 122, 83, 0.9000, 1.4479, 1.4477, -0.0236, 0.9000, 125.81
1141, 1384, 80, 32, 0.6111, 13.7152, -13.6485, -1.3507, 0.3056, 143.00
1141, 1400, 24, 52, 0.6111, 15.2907, 6.5181, -13.8319, 0.3056, 173.00
1141, 1405, 79, 41, 0.6111, 0.6685, -0.6013, 0.2922, 0.3056, 207.70
1142, 1374, 76, 114, 0.6556, 60.8837, 13.3222, 59.4083, 0.2622, 190.50
1142, 1315, 124, 83, 1.0000, 1.9489, 1.9487, -0.0229, 1.0000, 126.00
1142, 1394, 11, 34, 1.0000, 2.2740, -2.1366, 0.7783, 1.0000, 218.90
1142, 1361, 99, 113, 0.7881, 1.8408, 1.2969, 1.3063, 0.5517, 119.71
1142, 1400, 26, 60, 0.7667, 3.8780, 3.7649, -0.9298, 0.4600, 175.83
1142, 1405, 70, 49, 0.7667, 7.0823, -5.3337, 4.6594, 0.4600, 212.25
1142, 1416, 59, 113, 0.6000, 37.6239, 37.5748, -1.9224, 0.1800, 160.00
1143, 1315, 126, 84, 1.0000, 2.1781, 2.0165, 0.8231, 1.0000, 125.89
1143, 1398, 15, 36, 0.6000, 54.3339, -5.6662, -54.0376, 0.1800, 187.33
1143, 1361, 100, 114, 0.8451, 1.4687, 1.0410, 1.0360, 0.6761, 118.75
1143, 1405, 70, 50, 0.8222, 1.8443, -0.2812, 1.8227, 0.5756, 211.64
1143, 1415, 23, 38, 0.6000, 71.0682, -19.5635, -68.3225, 0.1800, 185.00
1143, 1416, 52, 112, 0.6556, 2.9459, -2.6743, -1.2354, 0.2622, 159.25
1143, 1374, 89, 174, 0.5556, 60.8837, 13.3222, 59.4083, 0.2222, 190.50
1143, 1394, 8, 35, 0.9000, 2.2740, -2.1366, 0.7783, 0.9000, 218.90
1144, 1353, 51, 124, 0.5625, 36.7788, 35.5017, 9.6078, 0.2250, 159.00
1144, 1394, 10, 33, 1.0000, 0.6091, -0.0413, -0.6077, 1.0000, 217.27
1144, 1361, 102, 115, 0.9019, 2.0327, 1.7857, 0.9712, 0.8117, 118.78
1144, 1403, 106, 31, 0.6000, 48.1613, 36.7829, 31.0890, 0.1800, 180.00
1144, 1405, 72, 50, 0.8778, 1.3904, 1.3903, -0.0129, 0.7022, 214.06
1144, 1416, 58, 105, 0.7111, 8.4034, 5.1429, -6.6459, 0.3556, 158.60
1144, 1417, 17, 115, 0.6000, 5.8537, -3.6506, -4.5759, 0.1800, 154.33
1144, 1315, 128, 85, 0.9000, 2.1781, 2.0165, 0.8231, 0.9000, 125.89
1144, 1398, 10, -18, 0.5000, 54.3339, -5.6662, -54.0376, 0.1500, 187.33
1144, 1415, 4, -30, 0.5000, 71.0682, -19.5635, -68.3225, 0.1500, 185.00
1145, 1394, 16, 34, 1.0000, 5.7924, 5.7593, 0.6179, 1.0000, 216.08
1145, 1361, 103, 116, 0.9583, 1.5890, 1.2461, 0.9860, 0.9583, 116.50
1145, 1417, 17, 115, 0.6556, 0.4437, -0.1716, -0.4092, 0.2622, 157.00
1145, 1315, 130, 86, 0.8000, 2.1781, 2.0165, 0.8231, 0.8000, 125.89
1145, 1403, 142, 62, 0.5000, 48.1613, 36.7829, 31.0890, 0.1500, 180.00
1146, 1353, 124, 128, 0.6222, 36.4901, 36.4811, 0.8127, 0.3111, 144.20
1146, 1394, 19, 34, 1.0000, 2.7904, 2.7750, 0.2929, 1.0000, 215.85
1146, 1361, 105, 117, 1.0000, 2.0473, 1.7869, 0.9993, 1.0000, 117.55
1146, 1411, 8, 59, 0.6000, 51.4554, -1.9109, -51.4199, 0.1800, 176.67
1146, 1417, 12, 112, 0.7111, 6.4074, -5.2853, -3.6222, 0.3556, 162.60
1146, 1315, 132, 86, 0.7000, 2.1781, 2.0165, 0.8231, 0.7000, 125.89
1147, 1358, 5, 15, 1.0000, 0.2247, 0.1515, 0.1659, 1.0000, 208.62
1147, 1394, 19, 34, 1.0000, 0.9793, 0.9791, 0.0191, 1.0000, 215.36
1147, 1361, 106, 118, 1.0000, 1.5781, 1.2195, 1.0016, 1.0000, 118.17
1147, 1401, 23, 120, 0.6000, 1.9318, 0.0000, -1.9318, 0.1800, 154.67
1147, 1417, 11, 111, 0.7667, 1.3970, -0.8556, -1.1044, 0.4600, 167.67
1147, 1315, 134, 87, 0.6000, 2.1781, 2.0165, 0.8231, 0.6000, 125.89
1147, 1353, 160, 128, 0.5222, 36.4901, 36.4811, 0.8127, 0.2611, 144.20
1147, 1411, 6, 8, 0.5000, 51.4554, -1.9109, -51.4199, 0.1500, 176.67
1148, 1394, 20, 34, 1.0000, 0.7463, 0.7455, -0.0340, 1.0000, 217.40
1148, 1361, 107, 119, 1.0000, 1.3912, 0.9666, 1.0006, 1.0000, 121.08
1148, 1401, 21, 119, 0.7056, 2.0315, -1.6013, -1.2501, 0.2822, 153.50
1148, 1324, 41, 61, 0.5400, 40.8190, 16.3158, 37.4164, 0.2700, 218.60
1148, 1411, 57, 1, 0.6556, 38.5525, 28.6607, -25.7849, 0.2622, 184.25
1148, 1417, 12, 111, 0.8222, 0.4391, 0.4215, 0.1231, 0.5756, 166.57
1148, 1315, 136, 88, 0.5000, 2.1781, 2.0165, 0.8231, 0.5000, 125.89
1149, 1315, 121, 95, 1.0000, 2.9084, -1.8664, 2.2306, 1.0000, 124.05
1149, 1394, 21, 34, 1.0000, 0.9130, 0.9129, -0.0147, 1.0000, 219.38
1149, 1361, 109, 120, 1.0000, 2.0347, 1.7720, 1.0000, 1.0000, 122.57
1149, 1324, 32, 84, 0.6000, 25.0213, -6.5130, 24.1587, 0.3600, 214.83
1149, 1411, 53, 6, 0.7111, 4.8332, -3.0684, 3.7343, 0.3556, 188.60
1149, 1401, 20, 118, 0.6056, 2.0315, -1.6013, -1.2501, 0.2422, 153.50
1150, 1315, 104, 96, 1.0000, 17.4894, -17.4531, 1.1259, 1.0000, 123.30
1150, 1394, 22, 34, 1.0000, 1.0046, 1.0046, -0.0005, 1.0000, 221.35
1150, 1361, 110, 121, 1.0000, 1.6039, 1.2541, 0.9999, 1.0000, 124.47
1150, 1401, 14, 112, 0.7611, 5.4117, -3.8990, -3.7529, 0.3806, 156.20
1150, 1324, 26, 121, 0.6587, 36.7859, -6.4376, 36.2183, 0.4611, 206.36
1150, 1406, 77, 63, 0.6000, 17.7825, 17.3601, -3.8528, 0.1800, 195.33
1151, 1392, 16, 6, 0.6000, 13.0798, 8.7490, -9.7230, 0.1800, 208.33
1151, 1394, 23, 35, 1.0000, 1.2837, 1.0138, 0.7875, 1.0000, 220.94
1151, 1361, 112, 122, 1.0000, 2.0461, 1.7852, 1.0000, 1.0000, 123.81
1151, 1401, 14, 112, 0.8167, 1.0615, -0.7574, -0.7438, 0.4900, 156.17
1151, 1406, 76, 7, 0.6556, 51.3024, 0.0858, -51.3024, 0.2622, 193.00
1151, 1407, 57, 107, 1.0000, 19.1159, 1.5875, 19.0499, 1.0000, 172.73
1151, 1324, 20, 157, 0.5587, 36.7859, -6.4376, 36.2183, 0.3911, 206.36
1152, 1392, 56, 31, 0.6556, 43.0411, 37.1500, 21.7351, 0.2622, 205.38
1152, 1394, 24, 35, 1.0000, 1.0422, 1.0042, 0.2786, 1.0000, 222.63
1152, 1361, 113, 124, 1.0000, 2.1783, 1.2283, 1.7989, 1.0000, 125.59
1152, 1401, 3, 100, 0.8222, 14.6507, -9.5071, -11.1472, 0.5756, 160.57
1152, 1406, 86, -4, 0.7111, 17.0903, 10.0967, -13.7890, 0.3556, 188.40
1152, 1407, 59, 113, 1.0000, 7.9378, 2.1243, 7.6483, 1.0000, 171.75
1152, 1410, 82, 51, 0.6000, 54.3066, 14.5382, -52.3245, 0.1800, 175.33
1153, 1392, 83, 51, 0.7111, 34.6918, 28.2904, 20.0792, 0.3556, 204.70
1153, 1394, 24, 35, 1.0000, 0.2143, 0.2140, -0.0112, 1.0000, 222.95
1153, 1361, 114, 125, 1.0000, 1.6003, 0.9723, 1.2711, 1.0000, 125.89
1153, 1407, 60, 112, 1.0000, 1.4625, 1.3306, -0.6071, 1.0000, 170.53
1153, 1410, 20, 2, 0.6556, 73.5715, -54.9792, -48.8881, 0.2622, 185.25
1153, 1418, 29, 125, 0.6000, 1.8128, -0.0196, 1.8127, 0.1800, 146.00
1153, 1406, 96, -18, 0.6111, 17.0903, 10.0967, -13.7890, 0.3056, 188.40
1154, 1394, 26, 36, 1.0000, 1.6801, 1.5069, 0.7428, 1.0000, 222.62
1154, 1361, 116, 126, 1.0000, 2.0083, 1.7499, 0.9855, 1.0000, 124.63
1154, 1418, 30, 126, 0.7056, 1.5413, 0.8158, 1.3077, 0.2822, 146.75
1154, 1407, 61, 111, 0.9000, 1.4625, 1.3306, -0.6071, 0.9000, 170.53
1154, 1410, -35, -46, 0.5556, 73.5715, -54.9792, -48.8881, 0.2222, 185.25
1155, 1394, 27, 36, 1.0000, 1.3172, 1.2899, 0.2666, 1.0000, 222.73
1155, 1361, 117, 127, 1.0000, 1.5880, 1.2665, 0.9579, 1.0000, 126.55
1155, 1407, 65, 108, 1.0000, 3.1753, 2.5490, -1.8935, 1.0000, 169.17
1155, 1418, 31, 127, 0.7611, 1.4603, 1.0680, 0.9959, 0.3806, 146.00
1156, 1361, 108, 124, 1.0000, 8.8833, -8.3891, -2.9216, 1.0000, 124.81
1156, 1407, 57, 89, 1.0000, 19.3408, -7.3276, -17.8990, 1.0000, 169.00
1156, 1418, 33, 123, 0.8167, 4.3315, 1.8578, -3.9128, 0.4900, 148.50
1156, 1394, 28, 36, 0.9000, 1.3172, 1.2899, 0.2666, 0.9000, 222.73
1157, 1386, 28, 2, 0.6000, 52.4993, -12.7342, -50.9315, 0.1800, 208.00
1157, 1388, 36, 20, 0.6000, 72.7216, -50.9294, -51.9099, 0.1800, 184.33
1157, 1394, 28, 37, 1.0000, 0.6170, 0.3887, 0.4791, 1.0000, 222.85
1157, 1361, 72, 114, 1.0000, 34.8303, -33.6494, -8.9926, 1.0000, 125.73
1157, 1418, 35, 119, 0.7167, 4.3315, 1.8578, -3.9128, 0.4300, 148.50
1158, 1394, 14, 22, 1.0000, 18.4287, -12.6691, -13.3832, 1.0000, 222.56
1158, 1414, 27, 2, 0.6000, 35.5977, 20.4162, -29.1612, 0.1800, 207.67
1158, 1418, 51, 112, 0.8222, 11.5146, 10.0595, -5.6030, 0.5756, 149.57
1158, 1370, 20, 114, 0.5625, 0.0429, 0.0303, 0.0303, 0.2250, 159.75
1158, 1366, 35, 64, 0.5625, 2.7602, -1.9517, 1.9517, 0.2250, 208.00
1158, 1318, 78, 105, 0.5250, 36.1216, 24.0593, 26.9429, 0.3150, 179.83
1158, 1386, 16, -49, 0.5000, 52.4993, -12.7342, -50.9315, 0.1500, 208.00
1158, 1388, -15, -32, 0.5000, 72.7216, -50.9294, -51.9099, 0.1500, 184.33
1159, 1419, 49, 2, 0.6000, 75.2564, -73.1197, -17.8056, 0.1800, 157.67
1159, 1370, 21, 114, 0.6722, 0.7899, 0.7898, -0.0123, 0.3361, 159.53
1159, 1366, 34, 65, 0.6722, 1.7379, -1.2289, 1.2289, 0.3361, 211.20
1159, 1382, 34, 36, 0.5625, 72.4557, -70.2549, 17.7220, 0.2250, 169.75
1159, 1414, 48, -27, 0.5000, 35.5977, 20.4162, -29.1612, 0.1500, 207.67
1159, 1418, 61, 106, 0.7222, 11.5146, 10.0595, -5.6030, 0.5056, 149.57
1160, 1414, 36, -2, 0.6556, 2.9583, 1.9548, 2.2204, 0.2622, 211.25
1160, 1419, 21, 7, 0.6556, 32.3665, -32.2536, 2.7008, 0.2622, 170.00
1160, 1366, 33, 66, 0.7306, 1.3502, -0.9547, 0.9547, 0.4383, 210.50
1160, 1382, 14, 86, 0.6222, 52.8612, -24.4016, 46.8921, 0.3111, 173.60
1160, 1385, 69, 46, 0.5625, 14.6803, -12.0545, 8.3785, 0.2250, 195.50
1160, 1318, 117, 125, 0.5841, 20.2341, 18.8357, 7.3916, 0.4089, 165.86
1160, 1370, 22, 114, 0.5722, 0.7899, 0.7898, -0.0123, 0.2861, 159.53
1161, 1414, 41, 10, 0.7111, 11.9431, 4.4552, 11.0810, 0.3556, 212.00
1161, 1419, 2, 16, 0.7111, 21.5730, -19.7407, 8.7004, 0.3556, 177.40
1161, 1370, 24, 115, 0.7306, 1.7576, 1.6635, 0.5671, 0.4383, 158.11
1161, 1366, 32, 68, 0.7881, 2.0091, -0.9555, 1.7673, 0.5517, 210.00
1161, 1385, 76, 43, 0.6222, 6.3769, 5.7710, -2.7129, 0.3111, 193.40
1161, 1318, 111, 125, 0.6424, 5.5693, -5.5634, 0.2580, 0.5139, 157.12
1161, 1382, -10, 132, 0.5222, 52.8612, -24.4016, 46.8921, 0.2611, 173.60
1162, 1370, 25, 117, 0.7881, 2.1323, 1.1533, 1.7935, 0.5517, 156.88
1162, 1366, 30, 69, 0.8451, 2.1930, -1.7992, 1.2539, 0.6761, 210.75
1162, 1385, 66, 41, 0.6806, 9.0885, -8.8927, -1.8763, 0.4083, 193.50
1162, 1294, 73, 63, 0.5143, 25.1772, 17.3309, 18.2628, 0.3600, 213.14
1162, 1391, 27, 56, 0.5625, 20.0620, -5.7379, 19.2240, 0.2250, 234.00
1162, 1396, 71, 108, 0.5625, 26.9308, 15.3792, 22.1076, 0.2250, 165.25
1162, 1419, -18, 25, 0.6111, 21.5730, -19.7407, 8.7004, 0.3056, 177.40
1163, 1294, 59, 85, 0.5722, 24.4533, -11.2420, 21.7159, 0.4578, 207.50
1163, 1390, 35, 37, 0.5625, 17.2510, -3.7134, 16.8466, 0.2250, 211.00
1163, 1391, 3, 106, 0.6222, 51.9861, -22.8735, 46.6837, 0.3111, 238.20
1163, 1419, -38, 33, 0.5111, 21.5730, -19.7407, 8.7004, 0.2556, 177.40
1163, 1370, 26, 119, 0.6881, 2.1323, 1.1533, 1.7935, 0.4817, 156.88
1163, 1366, 28, 70, 0.7451, 2.1930, -1.7992, 1.2539, 0.5961, 210.75
1164, 1370, 26, 117, 0.8451, 0.3921, 0.3715, -0.1255, 0.6761, 156.90
1164, 1366, 27, 71, 0.9019, 1.7925, -1.5388, 0.9192, 0.8117, 209.22
1164, 1294, 37, 102, 0.6296, 27.4858, -21.8440, 16.6826, 0.5667, 203.00
1164, 1390, 35, 40, 0.6222, 4.1318, -0.1280, 4.1299, 0.3111, 218.80
1164, 1391, -2, 116, 0.6806, 14.0811, -5.5748, 12.9305, 0.4083, 240.67
1164, 1396, 107, 116, 0.6222, 18.6180, 18.5806, 1.1788, 0.3111, 149.60
1165, 1370, 26, 117, 0.9019, 0.1198, 0.0253, -0.1171, 0.8117, 156.02
1165, 1366, 29, 74, 0.9583, 3.4202, 2.2068, 2.6131, 0.9583, 207.80
1165, 1243, 67, 50, 0.5143, 20.3677, -18.0345, -9.4656, 0.3600, 172.43
1165, 1390, 37, 39, 0.6806, 1.4581, 1.2283, -0.7856, 0.4083, 224.50
1165, 1396, 86, 117, 0.6806, 19.4526, -19.4338, 0.8560, 0.4083, 145.50
1166, 1370, 28, 117, 0.9583, 1.5634, 1.5633, -0.0223, 0.9583, 157.52
1166, 1366, 43, 73, 0.9646, 12.9038, 12.8760, -0.8469, 0.9646, 206.00
1166, 1243, 40, 8, 0.5722, 46.4786, -26.1019, -38.4571, 0.4578, 179.25
1166, 1390, 42, 23, 0.7381, 15.5212, 5.2805, -14.5953, 0.5167, 223.00
1166, 1397, 120, 12, 0.5625, 2.8081, -2.8080, -0.0149, 0.2250, 134.00
1166, 1399, 62, 80, 0.5625, 8.8618, 6.7284, -5.7672, 0.2250, 167.75
1167, 1370, 28, 117, 1.0000, 0.5216, 0.5215, 0.0077, 1.0000, 158.02
1167, 1399, 11, 82, 0.6222, 45.5866, -45.5737, 1.0840, 0.3111, 167.00
1167, 1434, 24, 74, 0.6000, 44.2494, -36.4963, 25.0205, 0.1800, 212.33
1167, 1366, 56, 72, 0.8646, 12.9038, 12.8760, -0.8469, 0.8646, 206.00
1168, 1370, 37, 114, 1.0000, 8.2202, 7.8725, -2.3655, 1.0000, 157.26
1168, 1397, 104, 3, 0.6222, 10.0812, -8.7364, -5.0304, 0.3111, 139.80
1168, 1434, 2, 112, 0.6556, 43.6617, -23.4793, 36.8112, 0.2622, 218.38
1168, 1399, -35, 83, 0.5222, 45.5866, -45.5737, 1.0840, 0.2611, 167.00
1169, 1354, 5, 116, 0.5143, 7.3139, -3.7194, -6.2976, 0.3600, 177.00
1169, 1370, 45, 112, 0.9000, 8.2202, 7.8725, -2.3655, 0.9000, 157.26
1169, 1397, 96, -2, 0.5222, 10.0812, -8.7364, -5.0304, 0.2611, 139.80
1169, 1434, -21, 149, 0.5556, 43.6617, -23.4793, 36.8112, 0.2222, 218.38
1170, 1370, 55, 87, 1.0000, 18.2169, 9.2939, -15.6677, 1.0000, 158.47
1170, 1397, 43, 49, 0.6806, 44.3574, -34.3968, 28.0078, 0.4083, 150.83
1170, 1354, 5, 114, 0.5722, 1.8020, -0.1451, -1.7961, 0.4578, 186.50
1170, 1438, 34, 56, 0.6000, 19.3569, -8.6215, 17.3309, 0.1800, 206.83
1170, 1442, 6, 77, 0.6000, 14.4793, -14.4473, 0.9612, 0.1800, 180.67
1170, 1445, 68, 83, 0.6000, 12.8240, 12.4956, -2.8836, 0.1800, 169.00
1171, 1354, 5, 115, 0.6296, 0.4535, -0.3994, 0.2148, 0.5667, 188.52
1171, 1438, 19, 77, 0.6556, 25.4097, -14.7470, 20.6925, 0.2622, 204.38
1171, 1442, 0, 78, 0.6556, 7.3340, -7.2631, 1.0169, 0.2622, 180.00
1171, 1445, 68, 55, 0.6556, 25.4352, 1.2441, -25.4048, 0.2622, 180.25
1172, 1385, 30, 35, 1.0000, 1.5387, 1.1113, -1.0642, 1.0000, 216.96
1172, 1354, 8, 117, 0.6867, 3.0223, 2.3269, 1.9288, 0.6867, 194.97
1172, 1431, 56, 80, 0.6000, 79.0382, -14.0340, 77.7823, 0.1800, 191.00
1172, 1445, 52, 23, 0.7111, 35.2166, -14.9480, -31.8868, 0.3556, 184.20
1172, 1438, 4, 98, 0.5556, 25.4097, -14.7470, 20.6925, 0.2222, 204.38
1172, 1442, -7, 79, 0.5556, 7.3340, -7.2631, 1.0169, 0.2222, 180.00
1173, 1354, 9, 117, 0.7434, 1.7130, 1.6086, 0.5889, 0.7434, 199.24
1173, 1431, 35, 126, 0.6556, 52.1155, -20.4699, 47.9271, 0.2622, 179.50
1174, 1354, 10, 118, 0.8000, 1.2637, 1.0200, 0.7460, 0.8000, 203.72
1174, 1431, 15, 173, 0.5556, 52.1155, -20.4699, 47.9271, 0.2222, 179.50
1175, 1354, 12, 118, 0.9064, 1.7453, 1.7379, 0.1612, 0.9064, 203.47
1175, 1412, 80, 74, 0.5625, 61.6661, 36.5483, -49.6682, 0.2250, 173.25
1175, 1451, 62, 55, 0.6000, 7.6950, -7.6310, 0.9905, 0.1800, 212.33
1176, 1354, 23, 122, 0.9127, 10.6533, 10.1614, 3.1998, 0.9127, 199.44
1176, 1435, 80, 66, 0.6000, 62.0186, -41.9075, 45.7173, 0.1800, 149.67
1176, 1412, 77, 51, 0.6222, 24.7019, 0.4626, -24.6976, 0.3111, 178.80
1176, 1451, 61, 55, 0.6556, 1.7740, -1.7612, 0.2120, 0.2622, 209.25
1176, 1454, 20, 27, 0.6000, 52.6984, 13.4861, -50.9436, 0.1800, 195.67
1176, 1455, 73, 84, 0.6000, 18.3637, 18.2628, -1.9224, 0.1800, 171.67
1176, 1457, 37, 121, 0.6000, 0.9905, 0.9905, 0.0000, 0.1800, 161.33
1177, 1354, 37, 122, 0.9689, 14.4216, 14.3866, 1.0031, 0.9689, 196.41
1177, 1429, 46, 49, 0.6000, 31.9955, -30.8020, 8.6573, 0.1800, 204.00
1177, 1435, 53, 89, 0.6556, 37.9050, -28.6724, 24.7928, 0.2622, 156.00
1177, 1412, 60, 34, 0.6806, 24.2944, -16.5038, -17.8282, 0.4083, 181.17
1177, 1451, 59, 45, 0.7111, 9.2207, -2.0508, -8.9898, 0.3556, 207.40
1177, 1453, 42, 59, 0.6000, 25.2785, -15.9713, -19.5938, 0.1800, 204.00
1177, 1454, 17, 1, 0.6556, 28.3629, -0.9390, -28.3473, 0.2622, 201.25
1177, 1455, 105, 71, 0.6556, 32.6345, 30.4979, -11.6141, 0.2622, 162.50
1177, 1457, 15, 120, 0.6556, 19.7632, -19.7471, -0.7984, 0.2622, 183.75
1177, 1364, 95, 66, 0.5400, 1.4008, 0.9905, 0.9905, 0.2700, 166.60
1177, 1459, 43, 28, 0.6000, 11.1843, -9.5827, 5.7672, 0.1800, 199.33
1178, 1354, 51, 116, 1.0000, 14.9787, 13.8179, -5.7818, 1.0000, 193.45
1178, 1429, 34, 85, 0.6556, 36.7113, -13.6903, 34.0631, 0.2622, 194.50
1178, 1435, 16, 117, 0.7111, 45.8649, -36.2542, 28.0930, 0.3556, 156.60
1178, 1451, 53, 40, 0.7667, 8.1097, -6.1069, -5.3360, 0.4600, 209.17
1178, 1453, 51, 77, 0.6556, 16.1742, 7.3527, 14.4063, 0.2622, 198.50
1178, 1454, 23, -3, 0.7111, 7.3397, 5.3726, -5.0007, 0.3556, 203.20
1178, 1455, 124, 26, 0.7111, 47.3242, 19.4038, -43.1633, 0.3556, 154.80
1178, 1457, 11, 121, 0.7111, 5.4568, -5.4275, 0.5649, 0.3556, 197.20
1178, 1364, 78, 49, 0.6000, 21.1522, -14.9569, -14.9569, 0.3600, 174.00
1178, 1459, 52, 80, 0.6556, 48.1860, 7.3886, 47.6162, 0.2622, 192.25
1178, 1413, 106, 121, 0.5625, 1.9813, 1.9810, 0.0293, 0.2250, 115.50
1179, 1354, 61, 94, 1.0000, 22.8717, 9.8327, -20.6503, 1.0000, 191.66
1179, 1429, 23, 118, 0.7111, 35.1050, -11.8622, 33.0401, 0.3556, 186.40
1179, 1451, 52, 40, 0.8222, 1.0181, -0.8722, -0.5251, 0.5756, 210.71
1179, 1348, 118, 73, 0.5250, 76.2844, 69.5031, -31.4424, 0.3150, 152.50
1179, 1453, 92, 70, 0.7111, 38.7110, 38.3478, -5.2903, 0.3556, 191.80
1179, 1457, 13, 122, 0.7667, 2.0001, 1.6723, 1.0973, 0.4600, 206.83
1179, 1364, 73, 54, 0.6587, 6.5065, -5.5677, 3.3668, 0.4611, 179.14
1179, 1413, 108, 122, 0.6722, 2.1703, 2.0207, 0.7918, 0.3361, 115.80
1179, 1435, -20, 146, 0.6111, 45.8649, -36.2542, 28.0930, 0.3056, 156.60
1179, 1455, 143, -17, 0.6111, 47.3242, 19.4038, -43.1633, 0.3056, 154.80
1179, 1459, 60, 127, 0.5556, 48.1860, 7.3886, 47.6162, 0.2222, 192.25
1180, 1422, 69, 43, 0.6000, 54.9464, -54.8069, 3.9135, 0.1800, 141.00
1180, 1354, 79, 67, 1.0000, 32.1668, 17.5596, -26.9511, 1.0000, 190.18
1180, 1449, 11, 61, 0.6000, 19.0404, 11.4233, -15.2331, 0.1800, 183.00
1180, 1451, 54, 41, 0.8778, 1.4399, 1.3369, 0.5348, 0.7022, 208.88
1180, 1456, 13, 80, 0.6000, 13.2326, -8.3794, -10.2415, 0.1800, 184.33
1180, 1364, 75, 58, 0.7167, 3.9802, 0.9981, 3.8530, 0.5733, 181.88
1180, 1459, 70, 129, 0.7111, 22.2202, 8.9673, 20.3304, 0.3556, 183.80
1180, 1413, 110, 123, 0.7306, 2.2685, 2.0087, 1.0540, 0.4383, 115.00
1180, 1435, -56, 174, 0.5111, 45.8649, -36.2542, 28.0930, 0.2556, 156.60
1181, 1422, 47, 6, 0.6556, 42.2435, -25.8340, -33.4233, 0.2622, 156.25
1181, 1428, 98, 69, 0.6000, 46.9466, 43.9173, -16.5908, 0.1800, 168.67
1181, 1354, 115, 24, 1.0000, 55.1095, 35.1674, -42.4301, 1.0000, 187.32
1181, 1451, 54, 41, 0.9333, 0.5937, 0.5429, 0.2404, 0.8400, 207.56
1181, 1413, 111, 123, 0.7881, 1.2108, 1.1882, 0.2328, 0.5517, 115.29
1181, 1461, 118, 3, 0.6000, 0.9790, 0.9760, 0.0760, 0.1800, 137.00
1181, 1449, 23, 46, 0.5000, 19.0404, 11.4233, -15.2331, 0.1500, 183.00
1181, 1456, 4, 70, 0.5000, 13.2326, -8.3794, -10.2415, 0.1500, 184.33
1182, 1422, 18, 3, 0.7111, 29.2775, -28.9600, -4.3000, 0.3556, 167.20
1182, 1428, 125, 42, 0.6556, 38.5523, 29.0875, -25.3022, 0.2622, 157.00
1182, 1449, 42, 50, 0.6556, 16.2238, 15.7890, -3.7309, 0.2622, 188.75
1182, 1456, 16, 80, 0.6556, 3.9359, 3.4435, 1.9063, 0.2622, 183.00
1182, 1464, 45, 70, 0.6000, 48.7207, -12.4663, 47.0988, 0.1800, 193.67
1182, 1413, 112, 123, 0.6881, 1.2108, 1.1882, 0.2328, 0.4817, 115.29
1182, 1461, 119, 3, 0.5000, 0.9790, 0.9760, 0.0760, 0.1500, 137.00
1183, 1432, 123, 73, 0.6000, 81.6745, 64.1550, 50.5456, 0.1800, 169.00
1183, 1445, 18, 82, 1.0000, 9.9318, -4.6289, -8.7871, 1.0000, 186.94
1183, 1449, 53, 30, 0.7111, 22.2977, 11.1531, -19.3080, 0.3556, 201.40
1183, 1456, 4, 85, 0.7111, 12.1836, -11.4197, 4.2462, 0.3556, 181.20
1183, 1413, 116, 124, 0.8451, 2.6410, 2.6006, 0.4604, 0.6761, 114.62
1183, 1365, 43, 11, 0.5400, 33.9591, -27.0509, -20.5297, 0.2700, 194.60
1183, 1464, 28, 121, 0.6556, 53.4735, -17.2179, 50.6257, 0.2622, 185.50
1183, 1465, 25, 30, 0.6000, 25.3159, -25.2397, 1.9628, 0.1800, 227.33
1183, 1428, 154, 17, 0.5556, 38.5523, 29.0875, -25.3022, 0.2222, 157.00
1184, 1432, 133, 82, 0.6556, 19.8506, 15.5095, 12.3896, 0.2622, 156.25
1184, 1413, 118, 125, 0.9019, 2.3613, 2.1755, 0.9182, 0.8117, 113.11
1184, 1365, 40, 5, 0.6000, 9.0441, -5.0864, -7.4783, 0.3600, 197.00
1184, 1465, 2, 50, 0.6556, 29.7883, -23.0500, 18.8690, 0.2622, 218.50
1184, 1369, 101, 69, 0.5400, 0.9319, 0.9319, 0.0000, 0.2700, 142.40
1184, 1464, 10, 172, 0.5556, 53.4735, -17.2179, 50.6257, 0.2222, 185.50
1185, 1357, 54, 51, 0.5400, 73.3178, -12.6845, -72.2122, 0.2700, 147.80
1185, 1432, 130, 79, 0.7111, 2.6279, -2.1688, -1.4839, 0.3556, 148.20
1185, 1413, 119, 125, 0.9583, 1.2049, 1.1806, 0.2404, 0.9583, 112.45
1185, 1461, 115, 22, 0.6556, 6.2545, -1.2579, 6.1267, 0.2622, 136.00
1185, 1465, 0, 63, 0.7111, 13.3373, -3.2554, 12.9339, 0.3556, 212.60
1185, 1369, 102, 69, 0.6500, 1.0234, 1.0234, 0.0000, 0.3900, 142.50
1185, 1365, 35, -2, 0.5000, 9.0441, -5.0864, -7.4783, 0.3000, 197.00
1186, 1413, 123, 126, 1.0000, 3.3760, 3.2903, 0.7556, 1.0000, 111.14
1186, 1461, 121, 43, 0.7111, 22.0772, 6.0487, 21.2324, 0.3556, 135.40
1186, 1369, 103, 70, 0.7087, 1.3004, 1.0156, 0.8122, 0.4961, 144.14
1186, 1379, 83, 88, 0.5400, 27.8211, 27.7595, 1.8506, 0.2700, 169.60
1186, 1466, 87, 16, 0.6000, 10.9825, 8.6801, 6.7284, 0.1800, 176.00
1186, 1467, 63, 24, 0.6000, 7.0823, 6.8164, -1.9224, 0.1800, 224.83
1186, 1468, 26, 30, 0.6000, 1.3600, 0.9905, -0.9319, 0.1800, 217.83
1186, 1475, 57, 107, 0.6000, 20.2918, 10.6025, -17.3016, 0.1800, 157.00
1186, 1465, -3, 76, 0.6111, 13.3373, -3.2554, 12.9339, 0.3056, 212.60
1187, 1413, 125, 126, 1.0000, 2.5656, 2.5555, 0.2280, 1.0000, 112.88
1187, 1369, 104, 71, 0.7667, 1.4669, 1.0019, 1.0714, 0.6133, 145.00
1187, 1466, 86, 21, 0.6556, 5.5334, 0.3634, 5.5215, 0.2622, 174.00
1187, 1467, 74, 21, 0.6556, 11.4463, 11.0904, -2.8321, 0.2622, 213.62
1187, 1468, 27, 31, 0.7056, 1.1617, 1.0104, 0.5733, 0.2822, 222.12
1187, 1473, 49, 123, 0.6000, 31.0980, 2.7472, 30.9764, 0.1800, 168.67
1187, 1475, 49, 92, 0.6556, 16.4040, -6.3848, -15.1105, 0.2622, 161.75
1187, 1461, 127, 64, 0.6111, 22.0772, 6.0487, 21.2324, 0.3056, 135.40
1188, 1365, 5, 14, 0.6587, 11.1299, -9.7918, 5.2910, 0.4611, 200.00
1188, 1369, 104, 71, 0.8241, 0.3067, 0.1909, 0.2400, 0.7417, 146.78
1188, 1379, 118, 114, 0.6000, 21.7465, 15.7592, 14.9852, 0.3600, 158.67
1188, 1420, 22, 82, 0.5625, 3.4277, 2.8520, -1.9013, 0.2250, 172.75
1188, 1466, 80, 39, 0.7111, 18.0957, -5.8205, 17.1340, 0.3556, 176.40
1188, 1467, 76, 15, 0.7111, 5.8000, 1.7920, -5.5162, 0.3556, 207.90
1188, 1468, 28, 31, 0.7611, 1.0458, 1.0044, 0.2914, 0.3806, 219.90
1188, 1473, 49, 129, 0.6556, 7.5683, 0.7129, 7.5346, 0.2622, 164.25
1188, 1475, 53, 85, 0.7111, 8.4676, 4.0372, -7.4432, 0.3556, 163.00
1188, 1413, 128, 126, 0.9000, 2.5656, 2.5555, 0.2280, 0.9000, 112.88
1189, 1369, 105, 72, 0.8811, 1.0433, 0.7342, 0.7412, 0.8811, 147.10
1189, 1379, 121, 118, 0.6587, 5.3637, 3.6628, 3.9182, 0.4611, 148.71
1189, 1466, 59, 50, 0.7667, 22.7427, -19.7685, 11.2444, 0.4600, 184.33
1189, 1468, 29, 31, 0.8167, 1.0002, 1.0000, 0.0178, 0.4900, 220.08
1189, 1475, 55, 85, 0.7667, 2.1650, 2.1290, -0.3929, 0.4600, 164.33
1189, 1413, 130, 127, 0.8000, 2.5656, 2.5555, 0.2280, 0.8000, 112.88
1189, 1467, 77, 10, 0.6111, 5.8000, 1.7920, -5.5162, 0.3056, 207.90
1189, 1473, 50, 136, 0.5556, 7.5683, 0.7129, 7.5346, 0.2222, 164.25
1190, 1396, 79, 41, 1.0000, 10.2998, 3.8507, 9.5529, 1.0000, 157.15
1190, 1420, 22, 78, 0.6722, 2.0825, -0.2636, -2.0658, 0.3361, 176.60
1190, 1467, 77, 3, 0.7667, 6.3426, 0.6035, -6.3138, 0.4600, 203.25
1190, 1468, 30, 31, 0.8722, 1.0000, 0.9994, -0.0324, 0.6106, 221.50
1190, 1473, 60, 114, 0.7111, 11.5597, 5.9862, -9.8890, 0.3556, 160.60
1190, 1475, 55, 86, 0.8222, 0.8768, 0.1266, 0.8676, 0.5756, 165.57
1190, 1389, 87, 90, 0.5400, 27.8748, 0.0000, 27.8748, 0.2700, 163.60
1190, 1476, 66, 24, 0.6000, 2.2019, 1.9810, -0.9612, 0.1800, 230.61
1190, 1413, 133, 127, 0.7000, 2.5656, 2.5555, 0.2280, 0.7000, 112.88
1190, 1369, 106, 73, 0.7811, 1.0433, 0.7342, 0.7412, 0.7811, 147.10
1190, 1466, 39, 61, 0.6667, 22.7427, -19.7685, 11.2444, 0.4000, 184.33
1191, 1422, 17, 3, 1.0000, 6.4632, -6.2166, -1.7683, 1.0000, 201.39
1191, 1452, 3, 36, 0.6000, 26.1312, -6.8007, 25.2308, 0.1800, 209.00
1191, 1369, 107, 72, 0.9379, 1.0860, 1.0850, -0.0481, 0.9379, 146.18
1191, 1420, 7, 67, 0.6806, 17.7723, -14.4207, -10.3874, 0.4083, 176.42
1191, 1468, 31, 31, 0.9278, 0.9999, 0.9998, -0.0130, 0.7422, 220.56
1191, 1389, 118, 116, 0.6000, 38.3704, 27.9427, 26.2962, 0.3600, 153.83
1191, 1476, 68, 23, 0.7056, 2.2621, 2.0207, -1.0169, 0.2822, 236.71
1191, 1413, 135, 127, 0.6000, 2.5656, 2.5555, 0.2280, 0.6000, 112.88
1191, 1467, 78, -3, 0.6667, 6.3426, 0.6035, -6.3138, 0.4000, 203.25
1192, 1452, 8, 28, 0.6556, 5.5964, 3.2331, -4.5680, 0.2622, 208.75
1192, 1369, 96, 59, 0.9444, 16.1250, -10.4120, -12.3129, 0.9444, 147.67
1192, 1346, 80, 40, 0.5250, 18.0339, -13.2190, 12.2670, 0.3150, 169.50
1192, 1420, 3, 40, 0.7381, 27.0693, -5.2649, -26.5524, 0.5167, 179.21
1192, 1467, 74, 5, 0.8222, 2.7384, -1.8438, 2.0247, 0.5756, 203.07
1192, 1468, 32, 32, 0.9833, 1.2800, 1.0000, 0.7989, 0.8850, 223.61
1192, 1389, 127, 120, 0.6587, 11.6883, 10.2827, 5.5571, 0.4611, 149.29
1192, 1476, 70, 21, 0.7611, 2.7121, 2.0087, -1.8222, 0.3806, 233.77
1192, 1413, 138, 127, 0.5000, 2.5656, 2.5555, 0.2280, 0.5000, 112.88
1193, 1437, 9, 64, 0.6000, 69.1257, -24.4847, 64.6441, 0.1800, 196.67
1193, 1452, 6, 36, 0.7111, 7.0410, -1.4234, 6.8957, 0.3556, 207.00
1193, 1462, 15, 74, 0.6000, 1.9427, 1.9427, -0.0025, 0.1800, 214.33
1193, 1468, 33, 32, 1.0000, 1.0366, 1.0000, 0.2728, 1.0000, 223.95
1193, 1421, 121, 117, 0.5625, 51.9262, 51.8519, -2.7778, 0.2250, 135.50
1193, 1476, 72, 22, 0.8167, 2.0328, 2.0001, 0.3632, 0.4900, 236.64
1193, 1420, -3, 13, 0.6381, 27.0693, -5.2649, -26.5524, 0.4467, 179.21
1193, 1389, 137, 126, 0.5587, 11.6883, 10.2827, 5.5571, 0.3911, 149.29
1194, 1462, 9, 68, 0.6556, 7.6022, -5.1492, -5.5928, 0.2622, 209.00
1194, 1346, 55, 85, 0.5841, 27.1355, -12.3392, 24.1677, 0.4089, 170.29
1194, 1468, 34, 32, 1.0000, 1.0001, 1.0000, -0.0139, 1.0000, 225.32
1194, 1474, 28, 85, 0.9889, 8.1755, 6.5404, -4.9053, 0.9889, 187.60
1194, 1476, 74, 21, 0.8722, 2.0493, 1.9989, -0.4519, 0.6106, 238.98
1194, 1437, -16, 129, 0.5000, 69.1257, -24.4847, 64.6441, 0.1500, 196.67
1195, 1448, 97, 8, 0.6000, 72.3086, 34.2794, -63.6667, 0.1800, 175.67
1195, 1346, 36, 106, 0.6424, 28.3152, -18.7091, 21.2537, 0.5139, 168.88
1195, 1468, 38, 40, 1.0000, 8.1623, 4.1441, 7.0321, 1.0000, 223.71
1195, 1474, 32, 83, 1.0000, 4.8631, 4.5753, -1.6481, 1.0000, 187.00
1195, 1476, 76, 19, 0.9278, 2.6922, 1.9996, -1.8026, 0.7422, 240.60
1195, 1462, 4, 62, 0.5556, 7.6022, -5.1492, -5.5928, 0.2222, 209.00
1196, 1448, 102, -1, 0.6556, 16.1469, 7.6568, -14.2160, 0.2622, 171.25
1196, 1462, 7, 41, 0.7111, 15.0759, -0.4601, -15.0688, 0.3556, 209.00
1196, 1346, 25, 117, 0.7000, 15.9415, -11.6048, 10.9298, 0.6300, 167.44
1196, 1468, 48, 49, 1.0000, 12.6698, 9.1546, 8.7587, 1.0000, 222.35
1196, 1474, 33, 84, 1.0000, 0.7260, 0.7219, 0.0769, 1.0000, 186.67
1196, 1476, 78, 18, 0.9833, 2.4077, 2.0000, -1.3405, 0.8850, 241.76
1196, 1393, 21, 20, 0.5400, 0.0802, 0.0253, 0.0760, 0.2700, 210.60
1197, 1474, 32, 84, 1.0000, 0.4559, -0.3779, 0.2550, 1.0000, 186.31
1197, 1476, 80, 17, 1.0000, 2.2397, 2.0001, -1.0081, 1.0000, 239.28
1197, 1393, 13, 19, 0.6000, 7.2996, -7.2508, -0.8426, 0.3600, 206.83
1197, 1448, 110, -16, 0.5556, 16.1469, 7.6568, -14.2160, 0.2222, 171.25
1197, 1468, 57, 57, 0.9000, 12.6698, 9.1546, 8.7587, 0.9000, 222.35
1198, 1448, 111, 1, 0.7111, 5.6340, 4.0828, 3.8824, 0.3556, 165.80
1198, 1468, 108, 74, 1.0000, 35.9837, 33.5096, 13.1122, 1.0000, 214.96
1198, 1469, 113, 99, 0.6000, 69.6440, 47.2816, 51.1345, 0.1800, 198.00
1198, 1474, 33, 96, 1.0000, 11.0915, 0.5514, 11.0778, 1.0000, 185.57
1198, 1476, 83, 16, 1.0000, 2.9498, 2.7903, -0.9568, 1.0000, 240.71
1198, 1393, 10, 28, 0.6587, 8.4247, -3.0732, 7.8441, 0.4611, 206.43
1198, 1447, 70, 57, 0.5625, 40.4049, 31.7489, 24.9912, 0.2250, 226.50
1199, 1476, 85, 15, 1.0000, 2.4803, 2.2769, -0.9837, 1.0000, 241.90
1199, 1447, 44, 85, 0.6222, 34.2336, -20.7380, 27.2374, 0.3111, 218.20
1199, 1482, 26, 73, 0.6000, 69.2826, -39.3391, 57.0308, 0.1800, 224.33
1199, 1469, 160, 150, 0.5000, 69.6440, 47.2816, 51.1345, 0.1500, 198.00
1199, 1393, 7, 35, 0.5587, 8.4247, -3.0732, 7.8441, 0.3911, 206.43
1200, 1476, 87, 14, 1.0000, 2.2270, 1.9898, -1.0002, 1.0000, 242.76
1200, 1393, 9, 42, 0.7167, 7.1232, -0.3286, 7.1156, 0.5733, 205.12
1200, 1440, 99, 93, 0.5625, 47.9496, 36.1634, 31.4861, 0.2250, 174.38
1200, 1447, 34, 108, 0.6806, 25.4372, -10.3020, 23.2577, 0.4083, 207.83
1200, 1482, 21, 83, 0.6556, 16.1520, -8.0200, 14.0202, 0.2622, 231.50
1201, 1424, 81, 42, 0.5625, 44.3452, -40.7579, -17.4727, 0.2250, 128.50
1201, 1470, 29, 75, 0.6000, 49.0515, -43.6762, 22.3256, 0.1800, 202.83
1201, 1476, 89, 13, 1.0000, 2.1995, 1.9578, -1.0023, 1.0000, 243.49
1201, 1393, 1, 37, 0.7741, 8.8033, -7.4345, -4.7143, 0.6967, 204.11
1201, 1402, 4, 69, 0.5400, 71.5278, -44.5647, 55.9483, 0.2700, 196.60
1201, 1483, 24, 25, 0.6000, 18.5632, -18.5381, 0.9651, 0.1800, 208.33
1201, 1447, 24, 131, 0.5806, 25.4372, -10.3020, 23.2577, 0.3483, 207.83
1201, 1482, 13, 97, 0.5556, 16.1520, -8.0200, 14.0202, 0.2222, 231.50
1202, 1424, 51, 37, 0.6222, 31.4774, -30.9712, -5.6223, 0.3111, 142.20
1202, 1470, 24, 79, 0.6556, 9.9065, -8.4671, 5.1427, 0.2622, 214.62
1202, 1476, 93, 12, 1.0000, 3.6713, 3.5323, -1.0008, 1.0000, 241.02
1202, 1482, 31, 95, 0.7111, 8.5620, 7.2200, 4.6020, 0.3556, 221.00
1202, 1483, 21, 26, 0.6556, 4.9053, -4.7975, 1.0230, 0.2622, 213.00
1203, 1379, 45, 33, 1.0000, 1.9299, 1.9293, 0.0462, 1.0000, 177.61
1203, 1424, 3, 36, 0.6806, 46.8762, -46.8597, -1.2441, 0.4083, 151.67
1203, 1470, 12, 84, 0.7111, 12.3584, -11.1263, 5.3792, 0.3556, 205.70
1203, 1476, 93, 11, 1.0000, 1.4421, 1.0391, -1.0000, 1.0000, 239.27
1203, 1480, 15, 126, 0.6000, 26.6781, -25.8234, 6.6987, 0.1800, 154.00
1203, 1483, 9, 27, 0.7111, 11.4323, -11.3875, 1.0115, 0.3556, 207.00
1204, 1476, 96, 9, 1.0000, 2.8066, 2.1825, -1.7645, 1.0000, 240.20
1204, 1480, 12, 128, 0.6556, 5.9412, -5.4288, 2.4137, 0.2622, 152.25
1205, 1463, 79, 39, 0.6000, 40.8223, 35.2610, 20.5700, 0.1800, 197.33
1205, 1476, 98, 8, 1.0000, 2.5593, 2.2085, -1.2933, 1.0000, 241.02
1205, 1480, 7, 130, 0.5556, 5.9412, -5.4288, 2.4137, 0.2222, 152.25
1206, 1463, 117, 39, 0.6556, 37.4102, 37.3839, 1.4020, 0.2622, 180.75
1206, 1476, 103, 2, 1.0000, 7.5161, 5.0793, -5.5401, 1.0000, 236.65
1206, 1480, 21, 91, 0.7111, 22.6999, 6.4749, -21.7569, 0.3556, 156.20
1206, 1436, 88, 45, 0.5625, 0.9905, 0.9905, 0.0000, 0.2250, 189.67
1206, 1488, 36, 78, 0.6000, 1.4229, 1.0492, 0.9612, 0.1800, 230.83
1207, 1436, 90, 45, 0.6722, 1.8087, 1.8087, 0.0000, 0.3361, 194.33
1207, 1487, 26, 31, 0.6000, 21.0299, -17.7220, -11.3220, 0.1800, 220.67
1207, 1488, 37, 78, 0.7056, 1.0209, 0.9973, 0.2185, 0.2822, 235.62
1207, 1463, 154, 40, 0.5556, 37.4102, 37.3839, 1.4020, 0.2222, 180.75
1207, 1476, 109, -4, 0.9000, 7.5161, 5.0793, -5.5401, 0.9000, 236.65
1208, 1470, 5, 94, 0.9889, 2.0043, 1.9607, -0.4157, 0.9889, 220.05
1208, 1436, 91, 45, 0.7306, 1.2517, 1.2517, 0.0000, 0.4383, 199.28
1208, 1487, 10, 26, 0.6556, 17.1952, -16.4145, -5.1226, 0.2622, 217.00
1208, 1488, 39, 78, 0.7611, 1.8061, 1.8054, -0.0496, 0.3806, 239.50
1208, 1476, 114, -9, 0.8000, 7.5161, 5.0793, -5.5401, 0.8000, 236.65
1209, 1470, 11, 90, 1.0000, 7.0540, 5.4985, -4.4188, 1.0000, 215.59
1209, 1409, 12, 79, 0.5400, 49.4907, 9.7080, -48.5292, 0.2700, 148.90
1209, 1443, 22, 90, 0.5625, 11.3444, -10.3315, 4.6857, 0.2250, 175.25
1209, 1436, 93, 46, 0.7881, 1.9619, 1.7860, 0.8119, 0.5517, 203.38
1209, 1408, 56, 89, 0.5400, 21.8095, -12.9434, 17.5535, 0.2700, 174.40
1209, 1458, 50, 2, 0.5625, 3.7624, 3.7624, 0.0196, 0.2250, 212.00
1209, 1487, 5, 32, 0.7111, 7.6684, -5.3630, 5.4812, 0.3556, 213.60
1209, 1488, 41, 79, 0.8167, 2.2072, 2.0696, 0.7673, 0.4900, 241.25
1209, 1491, 54, 80, 0.6000, 75.2765, -46.7962, 58.9632, 0.1800, 159.67
1209, 1476, 119, -15, 0.7000, 7.5161, 5.0793, -5.5401, 0.7000, 236.65
1210, 1409, 72, 40, 0.6000, 68.5972, 55.7662, -39.9463, 0.3600, 155.08
1210, 1443, 47, 84, 0.6222, 22.7409, 22.3046, -4.4330, 0.3111, 176.00
1210, 1436, 103, 37, 0.7951, 12.6801, 9.2977, -8.6219, 0.6361, 196.71
1210, 1408, 71, 103, 0.6000, 19.0972, 12.7172, 14.2469, 0.3600, 171.83
1210, 1458, 69, 14, 0.6222, 21.0830, 17.8275, 11.2549, 0.3111, 205.80
1210, 1488, 43, 79, 0.8722, 2.0637, 2.0479, 0.2544, 0.6106, 243.21
1210, 1491, 27, 109, 0.6556, 42.8030, -28.3147, 32.0995, 0.2622, 160.50
1210, 1476, 124, -20, 0.6000, 7.5161, 5.0793, -5.5401, 0.6000, 236.65
1210, 1487, 0, 38, 0.6111, 7.6684, -5.3630, 5.4812, 0.3056, 213.60
1211, 1424, 7, 16, 1.0000, 2.5757, 0.2914, 2.5591, 1.0000, 196.96
1211, 1409, 107, 18, 0.6587, 42.8770, 36.3693, -22.7093, 0.4611, 154.64
1211, 1443, 62, 88, 0.6806, 15.7753, 15.5032, 2.9173, 0.4083, 176.17
1211, 1408, 86, 114, 0.6587, 18.8158, 14.4784, 12.0171, 0.4611, 163.71
1211, 1458, 70, 16, 0.6806, 2.6333, 1.8439, 1.8800, 0.4083, 202.67
1211, 1488, 44, 79, 0.9278, 1.2035, 1.2033, -0.0173, 0.7422, 244.69
1211, 1491, 8, 101, 0.7111, 20.8128, -20.1053, -5.3808, 0.3556, 179.40
1211, 1476, 129, -26, 0.5000, 7.5161, 5.0793, -5.5401, 0.5000, 236.65
1212, 1458, 68, 14, 0.7381, 1.2915, -0.9451, -0.8802, 0.5167, 199.86
1212, 1488, 46, 80, 0.9833, 1.8873, 1.7278, 0.7594, 0.8850, 245.39
1212, 1409, 144, -5, 0.5587, 42.8770, 36.3693, -22.7093, 0.3911, 154.64
1213, 1486, 4, 46, 0.6000, 45.6862, -45.5273, 3.8068, 0.1800, 196.17
1213, 1488, 48, 80, 1.0000, 2.0310, 2.0143, 0.2600, 1.0000, 246.05
1214, 1483, 16, 111, 1.0000, 16.0738, 3.6610, 15.6514, 1.0000, 206.03
1214, 1488, 50, 81, 1.0000, 2.1847, 2.0417, 0.7773, 1.0000, 243.14
1214, 1486, -42, 50, 0.5000, 45.6862, -45.5273, 3.8068, 0.1500, 196.17
1215, 1488, 51, 81, 1.0000, 1.2493, 1.2267, 0.2369, 1.0000, 241.92
1216, 1488, 53, 81, 1.0000, 1.7191, 1.7190, -0.0227, 1.0000, 242.92
1217, 1488, 55, 82, 1.0000, 2.1367, 2.0059, 0.7363, 1.0000, 243.79
1217, 1502, 28, 38, 0.6000, 21.5912, 18.2335, 11.5637, 0.1800, 221.50
1218, 1488, 57, 82, 1.0000, 2.0598, 2.0416, 0.2734, 1.0000, 244.53
1218, 1425, 95, 113, 0.5400, 64.0818, -7.4874, 63.6429, 0.2700, 150.60
1218, 1502, 28, 77, 0.6556, 36.9579, 0.9650, 36.9453, 0.2622, 214.62
1219, 1488, 59, 82, 1.0000, 2.0147, 2.0147, -0.0023, 1.0000, 245.19
1219, 1502, 54, 93, 0.7111, 30.3270, 24.8765, 17.3461, 0.3556, 205.70
1220, 1488, 67, 83, 1.0000, 7.3878, 7.3522, 0.7247, 1.0000, 241.24
1220, 1503, 91, 17, 0.6000, 16.8366, 16.7317, 1.8760, 0.1800, 177.33
1220, 1502, 79, 111, 0.6111, 30.3270, 24.8765, 17.3461, 0.3056, 205.70
1221, 1460, 55, 123, 0.5625, 27.2456, -27.1763, 1.9412, 0.2250, 118.25
1221, 1493, 66, 38, 0.6000, 65.1896, 34.8108, -55.1171, 0.1800, 191.33
1221, 1472, 63, 83, 0.5625, 1.8888, 1.8887, -0.0147, 0.2250, 204.25
1221, 1508, 26, 85, 0.6000, 31.6124, 10.2952, -29.8890, 0.1800, 169.33
1221, 1427, 32, 43, 0.5400, 0.9910, 0.0293, 0.9905, 0.2700, 223.60
1221, 1488, 74, 84, 0.9000, 7.3878, 7.3522, 0.7247, 0.9000, 241.24
1221, 1503, 108, 19, 0.5000, 16.8366, 16.7317, 1.8760, 0.1500, 177.33
1222, 1460, 17, 103, 0.6222, 40.7767, -36.6236, -17.9290, 0.3111, 127.20
1222, 1488, 85, 82, 1.0000, 9.1900, 9.1736, -0.5485, 1.0000, 236.61
1222, 1493, 45, 31, 0.6556, 19.2970, -15.0656, -12.0583, 0.2622, 196.75
1222, 1472, 65, 83, 0.6722, 2.0785, 2.0785, 0.0099, 0.3361, 208.10
1222, 1508, 26, 55, 0.6556, 29.8379, 0.9197, -29.8237, 0.2622, 176.00
1222, 1427, 33, 44, 0.6500, 1.2837, 0.7918, 1.0104, 0.3900, 222.00
1222, 1510, 8, 35, 0.6000, 19.4353, 6.7284, -18.2335, 0.1800, 204.00
1222, 1511, 10, 69, 0.6000, 21.0594, -15.3499, 14.4180, 0.1800, 196.67
1223, 1488, 80, 79, 1.0000, 4.6296, -3.2520, -3.2951, 1.0000, 233.89
1223, 1472, 67, 84, 0.7306, 2.1954, 2.0379, 0.8165, 0.4383, 215.92
1223, 1503, 118, 26, 0.6556, 7.9589, 7.2347, 3.3172, 0.2622, 166.75
1223, 1508, 37, 27, 0.7111, 29.9093, 9.5754, -28.3351, 0.3556, 181.40
1223, 1427, 33, 45, 0.7087, 1.0331, 0.2418, 1.0044, 0.4961, 221.43
1223, 1426, 103, 33, 0.5400, 1.0273, 1.0268, 0.0303, 0.2700, 161.60
1223, 1510, 25, 2, 0.6556, 35.1095, 15.9002, -31.3028, 0.2622, 206.25
1223, 1511, 9, 72, 0.6556, 4.4999, -1.9062, 4.0762, 0.2622, 193.75
1223, 1512, 0, 93, 0.7056, 1.6098, 0.0131, 1.6098, 0.2822, 194.00
1223, 1513, 98, 118, 0.6000, 74.8672, 74.8134, -2.8381, 0.1800, 130.33
1223, 1460, -19, 85, 0.5222, 40.7767, -36.6236, -17.9290, 0.2611, 127.20
1223, 1493, 30, 19, 0.5556, 19.2970, -15.0656, -12.0583, 0.2222, 196.75
1224, 1488, 80, 69, 1.0000, 8.8403, -1.0349, -8.7795, 1.0000, 231.00
1224, 1493, 11, 1, 0.7111, 23.1725, -17.5270, -15.1581, 0.3556, 201.40
1224, 1471, 122, 122, 0.5625, 67.5430, 48.2432, 47.2721, 0.2250, 164.50
1224, 1472, 69, 83, 0.7881, 2.0765, 2.0018, -0.5521, 0.5517, 215.29
1224, 1503, 112, 77, 0.7111, 50.2712, -6.2200, 49.8849, 0.3556, 154.80
1224, 1506, 69, 50, 0.6000, 75.0626, 43.3742, -61.2624, 0.1800, 173.00
1224, 1427, 28, 55, 0.7167, 10.3508, -4.8979, 9.1186, 0.5733, 219.62
1224, 1426, 86, 40, 0.6000, 16.3524, -15.0462, 6.4041, 0.3600, 166.17
1224, 1477, 37, 15, 0.5625, 15.4354, -12.9798, 8.3532, 0.2250, 205.62
1224, 1511, 19, 88, 0.7111, 18.3425, 9.4057, 15.7474, 0.3556, 192.80
1224, 1512, 2, 92, 0.7611, 1.6641, 1.6357, -0.3063, 0.3806, 199.80
1224, 1441, 55, 86, 0.5400, 0.0000, 0.0000, 0.0000, 0.2700, 175.00
1224, 1510, 41, -29, 0.5556, 35.1095, 15.9002, -31.3028, 0.2222, 206.25
1224, 1513, 172, 115, 0.5000, 74.8672, 74.8134, -2.8381, 0.1500, 130.33
1225, 1472, 70, 85, 0.8451, 1.7833, 1.1880, 1.3300, 0.6761, 216.31
1225, 1506, 101, 0, 0.6556, 60.2732, 32.5598, -50.7220, 0.2622, 169.25
1225, 1427, 13, 69, 0.7741, 20.3181, -14.5838, 14.1469, 0.6967, 215.56
1225, 1477, 13, 39, 0.6222, 32.2900, -23.4187, 22.2309, 0.3111, 204.30
1225, 1512, 3, 93, 0.8167, 1.4244, 1.3328, 0.5025, 0.4900, 206.17
1225, 1441, 37, 69, 0.6000, 22.0238, -15.9673, -15.1689, 0.3600, 180.83
1225, 1488, 79, 60, 0.9000, 8.8403, -1.0349, -8.7795, 0.9000, 231.00
1225, 1426, 71, 46, 0.5000, 16.3524, -15.0462, 6.4041, 0.3000, 166.17
1226, 1488, 77, 80, 1.0000, 7.5562, -1.3148, 7.4409, 1.0000, 228.45
1226, 1472, 72, 85, 0.9019, 1.8065, 1.7333, 0.5091, 0.8117, 220.39
1226, 1427, 0, 90, 0.8311, 24.1397, -12.9510, 20.3714, 0.8311, 210.50
1226, 1426, 36, 67, 0.6587, 31.0678, -27.1905, 15.0294, 0.4611, 172.43
1226, 1477, -1, 58, 0.6806, 24.0549, -13.8130, 19.6936, 0.4083, 203.75
1226, 1512, 4, 93, 0.8722, 1.0425, 1.0229, 0.2010, 0.6106, 210.86
1226, 1441, 19, 42, 0.6587, 32.1114, -17.9433, -26.6304, 0.4611, 184.86
1226, 1506, 133, -50, 0.5556, 60.2732, 32.5598, -50.7220, 0.2222, 169.25
1227, 1494, 80, 25, 0.6000, 6.2134, -3.8801, -4.8529, 0.1800, 174.00
1227, 1472, 74, 86, 0.9583, 2.1687, 2.0187, 0.7924, 0.9583, 223.65
1227, 1499, 108, 34, 0.6000, 12.5650, 0.0056, -12.5650, 0.1800, 165.33
1227, 1512, 5, 94, 0.9278, 1.2569, 0.9638, 0.8068, 0.7422, 209.50
1227, 1441, 5, 32, 0.7167, 18.8340, -15.0015, -11.3875, 0.5733, 193.38
1227, 1427, -13, 110, 0.7311, 24.1397, -12.9510, 20.3714, 0.7311, 210.50
1228, 1494, 82, 17, 0.6556, 8.4435, 1.5006, -8.3091, 0.2622, 181.00
1228, 1472, 76, 86, 1.0000, 2.0519, 2.0421, 0.2007, 1.0000, 226.14
1228, 1496, 87, 14, 0.6556, 15.3620, -11.9991, -9.5923, 0.2622, 160.00
1228, 1498, 71, 39, 0.6000, 7.9896, -7.7510, -1.9378, 0.1800, 204.00
1228, 1499, 110, 32, 0.6556, 3.3418, 1.5949, -2.9366, 0.2622, 165.75
1228, 1477, 21, 89, 0.7951, 21.0203, 11.0305, 17.8936, 0.6361, 199.56
1228, 1512, 7, 93, 0.9833, 1.8755, 1.7884, -0.5649, 0.8850, 209.00
1228, 1441, 11, 30, 0.7741, 5.6690, 5.1020, -2.4713, 0.6967, 194.89
1228, 1427, -26, 131, 0.6311, 24.1397, -12.9510, 20.3714, 0.6311, 210.50
1229, 1494, 84, 16, 0.7111, 2.1019, 1.7466, -1.1693, 0.3556, 181.20
1229, 1472, 78, 87, 1.0000, 2.1481, 2.0120, 0.7524, 1.0000, 228.54
1229, 1499, 111, 33, 0.7111, 1.9346, 1.3048, 1.4283, 0.3556, 162.60
1229, 1512, 3, 95, 1.0000, 3.7586, -3.5258, 1.3023, 1.0000, 204.60
1229, 1404, 78, 36, 0.5250, 1.9517, 1.9517, 0.0000, 0.3150, 208.17
1229, 1484, 110, 121, 0.5625, 3.0396, 2.8836, 0.9612, 0.2250, 93.50
1229, 1496, 75, 5, 0.5556, 15.3620, -11.9991, -9.5923, 0.2222, 160.00
1229, 1498, 64, 37, 0.5000, 7.9896, -7.7510, -1.9378, 0.1500, 204.00
1229, 1427, -39, 151, 0.5311, 24.1397, -12.9510, 20.3714, 0.5311, 210.50
1230, 1494, 93, 7, 0.7667, 11.8043, 8.4798, -8.2119, 0.4600, 177.33
1230, 1472, 81, 88, 1.0000, 2.9662, 2.7845, 1.0223, 1.0000, 226.22
1230, 1498, 70, 37, 0.6556, 0.9488, 0.1679, -0.9339, 0.2622, 201.00
1230, 1512, 1, 96, 1.0000, 2.5823, -2.2240, 1.3122, 1.0000, 201.45
1230, 1404, 79, 37, 0.6341, 1.4654, 1.2289, 0.7984, 0.4439, 205.86
1230, 1484, 111, 121, 0.6722, 1.4703, 1.4539, 0.2185, 0.3361, 92.60
1230, 1519, 5, 60, 0.6000, 49.6653, -12.5249, 48.0600, 0.1800, 211.33
1230, 1521, 6, 83, 0.6000, 44.2473, -29.7972, 32.7101, 0.1800, 213.00
1230, 1529, 31, 102, 0.6000, 3.9631, 0.9612, 3.8448, 0.1800, 172.00
1230, 1499, 112, 35, 0.6111, 1.9346, 1.3048, 1.4283, 0.3056, 162.60
1231, 1423, 45, 94, 0.5400, 77.9911, -40.9868, 66.3527, 0.2700, 171.80
1231, 1472, 83, 88, 1.0000, 2.2924, 2.2776, 0.2603, 1.0000, 227.99
1231, 1496, 54, 3, 0.7111, 10.9122, -10.6593, -2.3358, 0.3556, 168.40
1231, 1404, 80, 37, 0.6924, 0.9863, 0.9547, 0.2474, 0.5539, 206.25
1231, 1484, 112, 121, 0.7306, 0.9120, 0.9107, -0.0496, 0.4383, 91.67
1231, 1519, 11, 96, 0.6556, 36.7323, 4.3510, 36.4737, 0.2622, 200.25
1231, 1520, 28, 3, 0.6000, 20.5478, 10.2952, -17.7826, 0.1800, 202.67
1231, 1521, 2, 88, 0.6556, 10.0496, -6.7742, 7.4232, 0.2622, 206.25
1231, 1526, 45, 123, 0.6000, 35.5638, 11.2917, 33.7236, 0.1800, 177.00
1231, 1529, 31, 102, 0.7056, 0.9010, 0.2185, 0.8741, 0.2822, 172.00
1231, 1494, 101, -1, 0.6667, 11.8043, 8.4798, -8.2119, 0.4000, 177.33
1231, 1498, 70, 36, 0.5556, 0.9488, 0.1679, -0.9339, 0.2222, 201.00
1231, 1499, 114, 36, 0.5111, 1.9346, 1.3048, 1.4283, 0.2556, 162.60
1231, 1512, -1, 97, 0.9000, 2.5823, -2.2240, 1.3122, 0.9000, 201.45
1232, 1472, 84, 89, 1.0000, 1.4162, 1.2139, 0.7295, 1.0000, 226.16
1232, 1496, 40, 6, 0.7667, 13.9222, -13.5144, 3.3448, 0.4600, 175.50
1232, 1498, 69, 31, 0.7111, 3.2811, -0.3360, -3.2638, 0.3556, 200.20
1232, 1499, 121, 55, 0.7667, 9.5216, 3.8310, 8.7168, 0.4600, 157.50
1232, 1404, 81, 38, 0.7500, 1.2372, 0.9555, 0.7860, 0.6750, 207.19
1232, 1484, 114, 122, 0.7881, 1.8867, 1.7237, 0.7673, 0.5517, 91.00
1232, 1519, 10, 121, 0.7111, 25.7671, -1.1838, 25.7399, 0.3556, 198.60
1232, 1520, 53, 0, 0.6556, 23.7799, 23.3769, -4.3593, 0.2622, 203.12
1232, 1522, 62, 81, 0.6000, 30.3774, -18.4810, 24.1089, 0.1800, 189.00
1232, 1524, 7, 6, 0.6000, 65.3975, -9.2025, -64.7468, 0.1800, 208.67
1232, 1526, 46, 127, 0.6556, 6.7379, 1.1246, 6.6434, 0.2622, 175.50
1232, 1529, 31, 102, 0.7611, 0.2047, -0.0496, -0.1986, 0.3806, 172.00
1232, 1494, 110, -9, 0.5667, 11.8043, 8.4798, -8.2119, 0.3400, 177.33
1232, 1521, -5, 95, 0.5556, 10.0496, -6.7742, 7.4232, 0.2222, 206.25
1233, 1493, 15, 16, 1.0000, 2.1150, -1.8229, 1.0725, 1.0000, 219.14
1233, 1472, 87, 90, 1.0000, 2.6439, 2.4457, 1.0044, 1.0000, 227.27
1233, 1497, 58, 4, 0.6000, 61.9793, -51.7196, -34.1544, 0.1800, 161.33
1233, 1498, 81, 36, 0.7667, 12.4045, 11.6123, 4.3619, 0.4600, 203.50
1233, 1404, 79, 41, 0.8072, 3.0072, -1.4314, 2.6446, 0.8072, 204.97
1233, 1444, 40, 49, 0.5400, 9.1664, 6.5206, -6.4424, 0.2700, 208.20
1233, 1522, 44, 102, 0.6556, 28.2697, -18.4358, 21.4312, 0.2622, 196.75
1233, 1496, 27, 10, 0.6667, 13.9222, -13.5144, 3.3448, 0.4000, 175.50
1233, 1484, 116, 123, 0.6881, 1.8867, 1.7237, 0.7673, 0.4817, 91.00
1233, 1519, 9, 146, 0.6111, 25.7671, -1.1838, 25.7399, 0.3056, 198.60
1233, 1520, 76, -4, 0.5556, 23.7799, 23.3769, -4.3593, 0.2222, 203.12
1233, 1524, -2, -59, 0.5000, 65.3975, -9.2025, -64.7468, 0.1500, 208.67
1233, 1526, 47, 134, 0.5556, 6.7379, 1.1246, 6.6434, 0.2222, 175.50
1233, 1529, 31, 102, 0.6611, 0.2047, -0.0496, -0.1986, 0.3306, 172.00
1234, 1472, 89, 90, 1.0000, 2.2934, 2.2773, 0.2710, 1.0000, 227.14
1234, 1496, 51, 24, 0.8222, 12.6843, 8.2962, 9.5950, 0.5756, 178.86
1234, 1497, 74, 11, 0.6556, 10.1983, 9.8484, 2.6485, 0.2622, 163.50
1234, 1404, 79, 51, 0.8141, 9.6189, -0.5954, 9.6005, 0.8141, 204.52
1234, 1484, 116, 123, 0.8451, 1.1164, 0.9776, 0.5392, 0.6761, 93.25
1234, 1444, 75, 55, 0.6000, 33.5055, 33.0447, 5.5373, 0.3600, 207.83
1234, 1520, 89, 16, 0.7111, 20.0846, 17.2456, 10.2947, 0.3556, 196.10
1234, 1521, 14, 97, 0.7111, 7.2113, 6.9412, 1.9549, 0.3556, 213.40
1234, 1522, 16, 114, 0.7111, 29.4793, -27.0041, 11.8241, 0.3556, 188.80
1234, 1526, 46, 103, 0.7111, 15.2014, 0.1071, -15.2010, 0.3556, 184.40
1234, 1529, 21, 90, 0.7667, 8.9533, -5.7072, -6.8986, 0.4600, 174.83
1235, 1472, 92, 91, 1.0000, 2.8977, 2.8059, 0.7237, 1.0000, 228.30
1235, 1404, 90, 74, 0.8708, 24.4269, 10.4307, 22.0879, 0.8708, 201.22
1235, 1484, 118, 123, 0.9019, 1.7872, 1.7853, 0.0817, 0.8117, 92.44
1235, 1497, 84, 13, 0.5556, 10.1983, 9.8484, 2.6485, 0.2222, 163.50
1235, 1444, 108, 61, 0.5000, 33.5055, 33.0447, 5.5373, 0.3000, 207.83
1235, 1522, -11, 125, 0.6111, 29.4793, -27.0041, 11.8241, 0.3056, 188.80
1236, 1472, 94, 92, 1.0000, 2.4794, 2.2692, 0.9990, 1.0000, 229.02
1236, 1497, 72, 38, 0.7111, 16.1230, -2.9668, 15.8477, 0.3556, 179.40
1236, 1484, 119, 124, 0.9583, 1.4695, 1.2580, 0.7596, 0.9583, 91.30
1236, 1444, 110, 50, 0.6587, 15.4022, 14.7942, -4.2846, 0.4611, 198.43
1237, 1472, 96, 92, 1.0000, 2.0078, 1.9876, 0.2836, 1.0000, 227.89
1237, 1507, 41, 95, 0.6000, 38.2542, -30.2481, -23.4187, 0.1800, 152.00
1237, 1484, 123, 125, 1.0000, 3.5235, 3.3669, 1.0385, 1.0000, 91.18
1238, 1472, 98, 93, 1.0000, 2.0830, 1.9556, 0.7174, 1.0000, 228.09
1238, 1507, 37, 61, 0.6556, 33.1517, -6.8466, -32.4370, 0.2622, 166.25
1238, 1517, 127, 96, 0.6000, 29.4479, 6.6937, -28.6770, 0.1800, 96.00
1238, 1523, 40, 93, 0.6000, 34.0051, 6.6852, 33.3415, 0.1800, 190.00
1238, 1485, 70, 4, 0.5625, 29.9364, 29.7972, -2.8836, 0.2250, 205.75
1238, 1532, 45, 18, 0.6000, 20.3419, 17.3602, 10.6025, 0.1800, 206.00
1238, 1533, 11, 16, 0.6000, 0.9910, 0.9905, 0.0293, 0.1800, 213.00
1238, 1484, 126, 126, 0.9000, 3.5235, 3.3669, 1.0385, 0.9000, 91.18
1239, 1472, 100, 94, 1.0000, 2.2186, 1.9841, 0.9929, 1.0000, 227.77
1239, 1523, 42, 99, 0.6556, 8.4882, 2.4173, 8.1367, 0.2622, 187.25
1239, 1485, 98, 5, 0.6222, 28.3456, 28.3300, 0.9412, 0.3111, 196.20
1239, 1489, 40, 63, 0.5625, 39.2865, 8.4233, -38.3729, 0.2250, 180.50
1239, 1532, 88, 24, 0.6556, 41.1441, 40.6450, 6.3890, 0.2622, 195.50
1239, 1533, 8, 16, 0.7056, 2.1831, -2.1831, -0.0065, 0.2822, 208.50
1239, 1507, 30, 29, 0.5556, 33.1517, -6.8466, -32.4370, 0.2222, 166.25
1239, 1484, 129, 127, 0.8000, 3.5235, 3.3669, 1.0385, 0.8000, 91.18
1239, 1517, 133, 67, 0.5000, 29.4479, 6.6937, -28.6770, 0.1500, 96.00
1240, 1472, 102, 95, 1.0000, 2.2541, 2.0002, 1.0393, 1.0000, 225.47
1240, 1484, 124, 125, 1.0000, 0.3478, -0.2576, -0.2337, 1.0000, 91.25
1240, 1523, 54, 105, 0.7111, 13.7817, 12.1107, 6.5776, 0.3556, 197.20
1240, 1489, 62, 21, 0.6222, 46.6432, 21.3139, -41.4886, 0.3111, 180.40
1240, 1485, 127, 6, 0.5222, 28.3456, 28.3300, 0.9412, 0.2611, 196.20
1240, 1532, 129, 30, 0.5556, 41.1441, 40.6450, 6.3890, 0.2222, 195.50
1240, 1533, 6, 16, 0.6056, 2.1831, -2.1831, -0.0065, 0.2422, 208.50
1241, 1472, 105, 95, 1.0000, 2.7559, 2.7418, 0.2779, 1.0000, 224.70
1241, 1433, 27, 70, 0.5400, 75.0847, -38.4897, 64.4691, 0.2700, 196.80
1241, 1484, 124, 125, 0.9000, 0.3478, -0.2576, -0.2337, 0.9000, 91.25
1241, 1489, 83, -20, 0.5222, 46.6432, 21.3139, -41.4886, 0.2611, 180.40
1241, 1533, 4, 16, 0.5056, 2.1831, -2.1831, -0.0065, 0.2022, 208.50
1242, 1472, 107, 96, 1.0000, 2.4109, 2.3092, 0.6930, 1.0000, 224.35
1242, 1516, 4, 50, 0.6000, 79.4190, -53.1804, -58.9850, 0.1800, 161.67
1242, 1433, -1, 110, 0.6000, 51.5094, -29.1256, 42.4844, 0.3600, 190.17
1242, 1484, 124, 125, 0.8000, 0.3478, -0.2576, -0.2337, 0.8000, 91.25
1243, 1472, 109, 97, 1.0000, 2.2428, 2.0168, 0.9811, 1.0000, 224.26
1243, 1533, 5, 23, 0.7611, 2.3437, -0.4576, 2.2986, 0.3806, 208.80
1243, 1484, 123, 124, 0.7000, 0.3478, -0.2576, -0.2337, 0.7000, 91.25
1243, 1516, -49, -9, 0.5000, 79.4190, -53.1804, -58.9850, 0.1500, 161.67
1243, 1433, -31, 153, 0.5000, 51.5094, -29.1256, 42.4844, 0.3000, 190.17
1244, 1472, 111, 98, 1.0000, 2.2180, 1.9594, 1.0394, 1.0000, 223.99
1244, 1530, 111, 68, 0.6000, 76.5688, 60.0681, -47.4826, 0.1800, 141.67
1244, 1533, 5, 33, 0.7667, 10.0677, -0.0218, 10.0677, 0.4600, 207.33
1244, 1484, 123, 124, 0.6000, 0.3478, -0.2576, -0.2337, 0.6000, 91.25
1245, 1472, 113, 99, 1.0000, 2.2271, 1.9798, 1.0200, 1.0000, 223.24
1245, 1478, 23, 20, 0.5625, 19.0200, 18.6121, -3.9179, 0.2250, 203.25
1245, 1514, 46, 100, 0.6000, 17.9758, -16.6227, -6.8422, 0.1800, 186.67
1245, 1533, 3, 27, 0.8222, 4.8901, -1.5815, -4.6273, 0.5756, 212.29
1245, 1534, 17, 17, 0.6000, 3.0003, 0.9334, -2.8514, 0.1800, 219.67
1245, 1484, 123, 124, 0.5000, 0.3478, -0.2576, -0.2337, 0.5000, 91.25
1245, 1530, 171, 20, 0.5000, 76.5688, 60.0681, -47.4826, 0.1500, 141.67
1246, 1472, 114, 101, 1.0000, 2.1443, 1.2790, 1.7211, 1.0000, 221.03
1246, 1478, 19, 20, 0.6222, 1.6755, -1.4289, -0.8749, 0.3111, 208.20
1246, 1514, 56, 106, 0.6556, 8.2165, 6.6374, 4.8431, 0.2622, 172.50
1246, 1534, 23, 3, 0.6556, 14.7491, 5.8603, -13.5349, 0.2622, 223.75
1246, 1450, 121, 49, 0.5400, 1.9224, 1.9224, 0.0000, 0.2700, 126.60
1247, 1472, 117, 101, 1.0000, 2.4719, 2.3973, 0.6028, 1.0000, 219.98
1247, 1478, 18, 17, 0.6806, 2.4753, -1.0687, -2.2326, 0.4083, 208.67
1247, 1514, 23, 125, 0.7111, 34.9002, -30.0467, 17.7545, 0.3556, 167.80
1247, 1534, 63, 9, 0.7111, 37.7603, 37.4177, 5.0753, 0.3556, 221.60
1247, 1450, 121, 49, 0.6500, 0.4370, 0.4370, 0.0000, 0.3900, 126.00
1248, 1472, 120, 101, 1.0000, 3.0044, 3.0044, -0.0044, 1.0000, 218.75
1248, 1478, 19, 17, 0.7381, 0.8896, 0.6582, -0.5984, 0.5167, 209.71
1248, 1484, 115, 93, 1.0000, 5.5893, -1.4655, -5.3938, 1.0000, 91.38
1248, 1450, 125, 48, 0.7087, 4.0443, 3.9619, -0.8122, 0.4961, 120.86
1249, 1472, 122, 102, 1.0000, 2.4689, 2.3932, 0.6068, 1.0000, 219.28
1249, 1478, 20, 17, 0.7951, 1.1738, 1.1686, 0.1104, 0.6361, 212.88
1249, 1531, 42, 69, 0.6000, 53.9837, -11.7101, -52.6984, 0.1800, 170.33
1249, 1450, 126, 48, 0.7667, 1.2361, 1.2085, -0.2595, 0.6133, 117.00
1249, 1446, 113, 65, 0.5400, 1.3802, 0.9905, -0.9612, 0.2700, 133.00
1250, 1472, 124, 103, 1.0000, 2.2440, 2.0176, 0.9824, 1.0000, 220.19
1250, 1531, 31, 19, 0.6556, 51.5150, -11.4290, -50.2312, 0.2622, 179.25
1250, 1446, 113, 64, 0.6500, 1.0387, 0.2120, -1.0169, 0.3900, 133.00
1250, 1395, 30, 42, 0.5143, 32.3052, -14.4473, -28.8946, 0.3600, 195.86
1250, 1450, 128, 48, 0.6667, 1.2361, 1.2085, -0.2595, 0.5333, 117.00
1251, 1472, 126, 104, 1.0000, 2.2121, 1.9436, 1.0564, 1.0000, 217.78
1251, 1343, 54, 105, 0.5143, 71.6107, -71.5036, -3.9158, 0.3600, 86.71
1251, 1531, 23, 2, 0.7111, 20.7558, -8.6103, -18.8856, 0.3556, 185.60
1251, 1450, 115, 38, 0.7741, 8.7196, -6.6805, -5.6039, 0.6967, 119.44
1251, 1446, 114, 63, 0.7087, 1.2622, 0.7570, -1.0100, 0.4961, 131.57
1251, 1395, 49, 22, 0.5722, 25.7895, 15.0910, -20.9131, 0.4578, 196.25
1251, 1479, 67, 31, 0.5400, 33.6865, 27.9868, -18.7488, 0.2700, 203.20
1252, 1343, 40, 83, 0.5722, 28.2881, -19.1552, -20.8157, 0.4578, 98.38
1252, 1446, 113, 64, 0.7667, 0.8633, -0.5978, 0.6228, 0.6133, 130.62
1252, 1509, 52, 105, 0.5625, 7.3319, 6.7284, -2.9129, 0.2250, 159.00
1252, 1538, 48, 76, 0.6000, 46.2975, -30.7584, 34.6032, 0.1800, 186.33
1252, 1472, 128, 105, 0.9000, 2.2121, 1.9436, 1.0564, 0.9000, 217.78
1252, 1531, 14, -17, 0.6111, 20.7558, -8.6103, -18.8856, 0.3056, 185.60
1253, 1343, 3, 42, 0.6296, 53.4297, -36.2483, -39.2529, 0.5667, 106.89
1253, 1395, 89, -1, 0.6296, 22.9908, 20.9293, -9.5155, 0.5667, 202.22
1253, 1479, 111, 0, 0.6000, 26.0031, 21.1292, -15.1564, 0.3600, 210.67
1253, 1509, 77, 106, 0.6222, 23.0859, 23.0854, 0.1493, 0.3111, 150.60
1253, 1430, 37, 115, 0.5250, 7.7621, -1.9325, 7.5177, 0.3150, 166.17
1253, 1538, 6, 113, 0.6556, 54.6107, -40.5239, 36.6079, 0.2622, 178.75
1253, 1543, 48, 77, 0.6000, 62.7449, -22.1076, 58.7212, 0.1800, 193.17
1253, 1472, 130, 106, 0.8000, 2.2121, 1.9436, 1.0564, 0.8000, 217.78
1253, 1446, 113, 64, 0.6667, 0.8633, -0.5978, 0.6228, 0.5333, 130.62
1254, 1535, 4, 77, 0.6000, 33.9132, -15.5478, -30.1392, 0.1800, 158.67
1254, 1446, 115, 60, 0.8241, 2.4568, 1.0899, -2.2018, 0.7417, 129.67
1254, 1479, 115, -2, 0.6587, 4.5668, 3.9479, -2.2957, 0.4611, 216.71
1254, 1490, 112, 17, 0.5625, 0.0802, -0.0760, 0.0253, 0.2250, 138.25
1254, 1509, 82, 106, 0.6806, 6.3445, 6.3318, 0.4019, 0.4083, 144.83
1254, 1430, 37, 116, 0.5841, 1.8742, -0.4343, 1.8232, 0.4089, 163.71
1254, 1543, 51, 110, 0.6556, 35.6689, 0.5625, 35.6644, 0.2622, 183.88
1254, 1472, 132, 107, 0.7000, 2.2121, 1.9436, 1.0564, 0.7000, 217.78
1254, 1343, -33, 3, 0.5296, 53.4297, -36.2483, -39.2529, 0.4767, 106.89
1254, 1538, -34, 149, 0.5556, 54.6107, -40.5239, 36.6079, 0.2222, 178.75
1255, 1535, 1, 81, 0.6556, 3.7304, -3.5700, 1.0821, 0.2622, 159.38
1255, 1446, 118, 56, 0.8811, 4.7302, 2.7627, -3.8395, 0.8811, 129.50
1255, 1509, 85, 111, 0.7381, 5.8393, 3.0492, 4.9800, 0.5167, 153.14
1255, 1430, 42, 110, 0.6424, 7.2158, 4.9736, -5.2279, 0.5139, 170.12
1255, 1472, 134, 108, 0.6000, 2.2121, 1.9436, 1.0564, 0.6000, 217.78
1255, 1543, 51, 146, 0.5556, 35.6689, 0.5625, 35.6644, 0.2222, 183.88
1256, 1535, 18, 89, 0.7111, 17.0126, 15.3971, 7.2359, 0.3556, 164.90
1256, 1446, 118, 56, 0.9379, 1.1956, 0.7388, -0.9401, 0.9379, 129.36
1256, 1479, 116, 0, 0.7741, 1.3708, 1.2036, 0.6562, 0.6967, 219.17
1256, 1536, 68, 25, 0.6000, 67.9231, 29.2577, -61.2987, 0.1800, 184.33
1256, 1490, 114, 16, 0.6722, 1.3014, 1.1670, -0.5758, 0.3361, 140.40
1256, 1430, 44, 109, 0.7000, 2.6932, 2.4588, -1.0990, 0.6300, 170.39
1256, 1515, 91, 74, 0.5625, 54.7968, 54.7884, -0.9612, 0.2250, 187.50
1256, 1545, 26, 19, 0.6000, 29.3442, 15.3792, -24.9912, 0.1800, 209.67
1256, 1472, 136, 109, 0.5000, 2.2121, 1.9436, 1.0564, 0.5000, 217.78
1257, 1495, 4, 3, 0.5625, 34.4776, -1.9125, -34.4245, 0.2250, 210.00
1257, 1446, 118, 56, 0.9944, 0.2261, -0.1185, 0.1926, 0.9944, 129.25
1257, 1536, 82, 1, 0.6556, 31.4145, 15.3438, -27.4124, 0.2622, 179.38
1257, 1490, 100, 7, 0.6806, 15.6444, -13.1392, -8.4917, 0.4083, 143.17
1257, 1430, 46, 110, 0.7572, 1.7876, 1.7557, 0.3359, 0.7572, 172.65
1257, 1515, 116, 67, 0.6222, 28.4034, 27.6247, -6.6054, 0.3111, 177.10
1257, 1525, 6, 20, 0.5625, 74.9500, -72.0662, -20.5903, 0.2250, 198.75
1257, 1545, 31, -1, 0.6556, 21.1386, 6.6898, -20.0521, 0.2622, 207.00
1258, 1534, 50, 82, 1.0000, 1.0303, 0.3095, 0.9827, 1.0000, 198.73
1258, 1446, 118, 56, 1.0000, 0.2323, -0.1368, 0.1877, 1.0000, 129.92
1258, 1395, 85, 6, 0.9127, 1.2791, -0.9047, 0.9042, 0.9127, 218.69
1258, 1536, 98, 2, 0.7111, 15.8323, 15.7991, -1.0236, 0.3556, 174.90
1258, 1490, 93, 16, 0.7381, 10.3755, -7.4829, 7.1872, 0.5167, 146.14
1258, 1430, 47, 111, 0.8141, 1.4946, 1.0497, 1.0639, 0.8141, 174.77
1258, 1515, 113, 34, 0.6806, 31.2001, -1.3782, -31.1697, 0.4083, 171.75
1258, 1545, 43, 1, 0.7111, 11.5668, 11.5665, 0.0868, 0.3556, 216.60
1259, 1446, 118, 56, 1.0000, 0.0457, -0.0288, 0.0355, 1.0000, 129.79
1259, 1490, 96, 27, 0.7951, 11.6045, 1.7431, 11.4728, 0.6361, 148.25
1259, 1430, 49, 112, 0.8708, 2.0527, 1.7280, 1.1080, 0.8708, 175.04
1260, 1446, 119, 54, 1.0000, 1.8210, 0.8161, -1.6279, 1.0000, 129.27
1260, 1490, 81, 41, 0.8519, 18.6286, -13.0671, 13.2769, 0.7667, 152.44
1260, 1430, 50, 112, 0.9274, 1.2451, 1.2265, 0.2145, 0.9274, 177.50
1260, 1527, 3, 93, 0.5625, 0.9905, 0.0000, 0.9905, 0.2250, 170.75
1261, 1446, 120, 52, 1.0000, 2.4042, 1.0769, -2.1495, 1.0000, 128.38
1261, 1490, 78, 43, 0.9083, 5.0391, -4.3088, 2.6127, 0.9083, 155.80
1261, 1430, 52, 113, 0.9837, 1.9331, 1.7882, 0.7343, 0.9837, 177.68
1261, 1527, 1, 71, 0.6222, 19.8115, -1.5967, -19.7471, 0.3111, 173.60
1262, 1446, 120, 52, 1.0000, 0.5409, 0.2423, -0.4837, 1.0000, 128.24
1262, 1490, 71, 40, 0.9646, 6.7577, -6.2213, -2.6384, 0.9646, 163.55
1262, 1430, 53, 113, 1.0000, 1.2399, 1.2225, 0.2068, 1.0000, 180.63
1262, 1527, 4, 54, 0.6806, 17.8250, 2.7542, -17.6110, 0.4083, 182.00
1262, 1528, 78, 107, 0.5625, 34.4158, 27.8748, 20.1852, 0.2250, 161.25
1262, 1551, 26, 51, 0.6000, 10.7754, 10.6025, -1.9224, 0.1800, 198.67
1263, 1446, 121, 51, 1.0000, 1.0064, 0.7429, -0.6789, 1.0000, 127.94
1263, 1430, 54, 113, 1.0000, 0.9679, 0.9674, -0.0305, 1.0000, 179.84
1263, 1527, 6, 53, 0.7381, 2.9238, 1.9017, -2.2208, 0.5167, 183.43
1263, 1551, 51, 84, 0.6556, 38.3119, 23.9530, 29.9007, 0.2622, 192.08
1263, 1490, 65, 37, 0.8646, 6.7577, -6.2213, -2.6384, 0.8646, 163.55
1264, 1430, 57, 115, 1.0000, 3.0316, 2.5835, 1.5862, 1.0000, 181.85
1264, 1527, 7, 54, 0.7951, 1.9549, 1.0478, 1.6504, 0.6361, 186.38
1264, 1528, 126, 128, 0.6222, 25.0252, 23.4929, 8.6221, 0.3111, 144.20
1264, 1551, 64, 114, 0.7111, 32.6946, 13.4377, 29.8055, 0.3556, 183.87
1264, 1554, 44, 4, 0.6000, 5.8420, -0.9319, -5.7672, 0.1800, 245.33
1264, 1556, 66, 54, 0.6000, 26.6141, -5.7672, 25.9817, 0.1800, 195.33
1264, 1562, 19, 93, 0.6000, 16.5878, 16.3404, -2.8543, 0.1800, 172.00
1264, 1446, 122, 50, 0.9000, 1.0064, 0.7429, -0.6789, 0.9000, 127.94
1265, 1446, 122, 49, 1.0000, 1.1796, 0.5140, -1.0617, 1.0000, 127.47
1265, 1430, 58, 115, 1.0000, 1.5955, 1.5112, 0.5118, 1.0000, 181.86
1265, 1554, 46, 3, 0.6556, 1.8975, 1.3717, -1.3111, 0.2622, 235.00
1265, 1556, 55, 90, 0.6556, 36.3068, -10.8915, 34.6346, 0.2622, 191.25
1265, 1562, 45, 121, 0.6556, 34.9025, 24.4723, 24.8855, 0.2622, 170.00
1265, 1528, 150, 136, 0.5222, 25.0252, 23.4929, 8.6221, 0.2611, 144.20
1265, 1551, 77, 144, 0.6111, 32.6946, 13.4377, 29.8055, 0.3056, 183.87
1266, 1446, 111, 24, 1.0000, 26.4359, -10.6734, -24.1854, 1.0000, 130.45
1266, 1501, 62, 21, 0.5625, 15.1398, 9.6913, 11.6315, 0.2250, 195.25
1266, 1430, 60, 116, 1.0000, 1.9241, 1.7654, 0.7653, 1.0000, 182.76
1266, 1528, 120, 120, 0.6806, 10.1910, -8.0928, -6.1939, 0.4083, 134.50
1266, 1553, 48, 11, 0.6000, 10.7738, 9.2785, 5.4759, 0.1800, 225.00
1266, 1554, 46, 4, 0.7111, 0.6156, 0.5388, 0.2978, 0.3556, 230.80
1266, 1556, 42, 114, 0.7111, 28.2987, -12.4175, 25.4288, 0.3556, 181.80
1266, 1562, 65, 121, 0.7111, 20.2684, 20.2081, 1.5616, 0.3556, 161.40
1267, 1504, 58, 91, 0.5625, 4.1339, -2.9204, 2.9258, 0.2250, 169.50
1267, 1536, 41, 52, 1.0000, 24.2887, -22.2848, 9.6607, 1.0000, 192.04
1267, 1501, 59, 42, 0.6222, 20.3500, -1.7523, 20.2744, 0.3111, 197.40
1267, 1430, 60, 116, 1.0000, 0.4228, 0.3807, 0.1839, 1.0000, 182.10
1267, 1552, 52, 91, 0.6000, 48.4698, 31.8626, 36.5253, 0.1800, 193.67
1267, 1553, 58, 24, 0.6556, 15.9389, 9.6008, 12.7229, 0.2622, 220.25
1267, 1554, 50, 10, 0.7667, 7.1986, 4.0512, 5.9505, 0.4600, 234.00
1267, 1556, 21, 128, 0.7667, 24.8130, -20.3976, 14.1287, 0.4600, 175.33
1267, 1562, 85, 122, 0.6111, 20.2684, 20.2081, 1.5616, 0.3056, 161.40
1268, 1504, 44, 57, 0.6222, 33.3128, -13.4426, -30.4801, 0.3111, 179.60
1268, 1501, 46, 56, 0.6806, 19.0767, -12.2733, 14.6044, 0.4083, 200.33
1268, 1430, 63, 117, 1.0000, 2.4121, 2.2897, 0.7588, 1.0000, 183.10
1268, 1553, 72, 34, 0.7111, 17.5741, 14.0224, 10.5934, 0.3556, 219.00
1268, 1554, 52, 12, 0.8222, 2.7610, 2.0366, 1.8642, 0.5756, 236.71
1268, 1564, 1, 85, 0.6000, 31.6080, -14.8519, -27.9014, 0.1800, 197.33
1268, 1552, 84, 128, 0.5000, 48.4698, 31.8626, 36.5253, 0.1500, 193.67
1268, 1556, 1, 142, 0.6667, 24.8130, -20.3976, 14.1287, 0.4000, 175.33
1269, 1504, 36, 13, 0.6806, 43.7820, -7.8618, -43.0704, 0.4083, 187.17
1269, 1501, 42, 54, 0.7381, 4.5250, -4.5042, -0.4339, 0.5167, 200.14
1269, 1430, 65, 118, 1.0000, 2.5329, 2.3151, 1.0274, 1.0000, 182.73
1269, 1553, 73, 40, 0.7667, 5.9891, 1.5967, 5.7723, 0.4600, 218.50
1269, 1554, 54, 11, 0.8778, 1.7515, 1.7415, -0.1871, 0.7022, 238.75
1269, 1564, -2, 81, 0.6556, 7.4943, -3.8695, -6.4181, 0.2622, 206.62
1269, 1565, 53, 99, 0.6000, 42.1346, 40.3314, -12.1943, 0.1800, 160.00
1270, 1430, 66, 118, 1.0000, 1.3037, 1.2792, 0.2517, 1.0000, 181.83
1270, 1553, 89, 40, 0.8222, 14.9051, 14.8982, 0.4533, 0.5756, 211.57
1270, 1554, 58, 12, 0.9333, 3.5717, 3.5357, 0.5061, 0.8400, 233.56
1270, 1564, 5, 73, 0.7111, 9.7943, 6.2983, -7.5006, 0.3556, 202.70
1270, 1565, 76, 89, 0.6556, 26.7729, 24.7012, -10.3267, 0.2622, 161.25
1270, 1571, 51, 78, 0.6000, 1.3634, 1.0014, 0.9253, 0.1800, 191.67
1271, 1430, 69, 119, 1.0000, 2.5964, 2.4905, 0.7341, 1.0000, 180.88
1271, 1439, 50, 72, 0.5250, 24.1329, 17.0645, 17.0645, 0.3150, 200.83
1271, 1554, 54, 36, 0.9889, 23.1283, -3.1557, 22.9120, 0.9889, 229.80
1271, 1571, 52, 79, 0.7056, 1.4464, 1.0034, 1.0418, 0.2822, 188.25
1271, 1553, 104, 40, 0.7222, 14.9051, 14.8982, 0.4533, 0.5056, 211.57
1271, 1564, 12, 66, 0.6111, 9.7943, 6.2983, -7.5006, 0.3056, 202.70
1271, 1565, 101, 78, 0.5556, 26.7729, 24.7012, -10.3267, 0.2222, 161.25
1272, 1430, 70, 120, 1.0000, 1.8009, 1.4921, 1.0084, 1.0000, 181.24
1272, 1537, 10, 80, 0.6000, 80.1078, 0.9755, 80.1018, 0.1800, 204.33
1272, 1542, 77, 126, 0.6000, 38.7058, -38.0965, 6.8408, 0.1800, 105.67
1272, 1439, 62, 93, 0.5841, 23.6777, 12.2436, 20.2664, 0.4089, 195.43
1272, 1571, 53, 78, 0.7611, 1.1675, 1.0009, -0.6010, 0.3806, 188.20
1272, 1577, 40, 22, 0.6000, 1.9224, 1.9224, 0.0000, 0.1800, 213.33
1272, 1578, 5, 111, 0.6000, 24.5346, 4.8060, 24.0593, 0.1800, 198.33
1273, 1430, 71, 121, 1.0000, 1.4227, 0.9708, 1.0400, 1.0000, 181.92
1273, 1537, 20, 98, 0.6556, 26.0459, 8.9991, 24.4418, 0.2622, 200.50
1273, 1542, 42, 56, 0.6556, 71.8135, -35.7206, -62.2994, 0.2622, 130.75
1273, 1439, 63, 96, 0.6424, 4.5450, 1.7178, 4.2078, 0.5139, 190.62
1273, 1559, 47, 11, 0.6000, 49.3546, -28.6720, -40.1720, 0.1800, 203.33
1273, 1565, 122, 90, 0.7111, 13.1796, 12.7920, 3.1726, 0.3556, 146.20
1273, 1571, 53, 78, 0.8167, 0.3791, 0.1880, -0.3292, 0.4900, 187.17
1273, 1577, 41, 23, 0.7056, 1.4709, 1.2354, 0.7984, 0.2822, 215.75
1273, 1578, 6, 115, 0.6556, 5.5648, 1.0926, 5.4565, 0.2622, 185.00
1274, 1535, 61, 11, 1.0000, 1.9143, 1.9131, -0.0679, 1.0000, 190.48
1274, 1430, 73, 122, 1.0000, 1.9736, 1.6935, 1.0135, 1.0000, 180.63
1274, 1537, 22, 94, 0.7111, 3.4193, 2.6623, -2.1457, 0.3556, 198.00
1274, 1542, 3, 10, 0.7111, 61.0363, -38.0962, -47.6877, 0.3556, 146.20
1274, 1559, 30, 0, 0.6556, 22.1048, -17.3513, -13.6950, 0.2622, 203.25
1274, 1571, 55, 78, 0.8722, 1.5453, 1.5451, -0.0278, 0.6106, 188.43
1274, 1577, 42, 23, 0.7611, 0.9917, 0.9603, 0.2474, 0.3806, 213.80
1274, 1578, 5, 113, 0.7111, 1.2711, -0.2482, -1.2466, 0.3556, 177.00
1274, 1579, 4, 88, 0.6000, 4.1727, 3.7013, -1.9267, 0.1800, 189.33
1274, 1439, 64, 100, 0.5424, 4.5450, 1.7178, 4.2078, 0.4339, 190.62
1275, 1430, 74, 122, 1.0000, 1.2834, 1.2625, 0.2305, 1.0000, 179.39
1275, 1571, 56, 79, 0.9278, 1.5343, 1.2856, 0.8374, 0.7422, 189.25
1275, 1572, 64, 95, 0.6000, 61.9215, 60.6811, -12.3317, 0.1800, 181.33
1275, 1577, 43, 23, 0.8167, 0.9567, 0.9564, -0.0259, 0.4900, 212.83
1275, 1578, 5, 110, 0.7667, 2.7481, -0.2229, -2.7390, 0.4600, 174.83
1275, 1542, -35, -38, 0.6111, 61.0363, -38.0962, -47.6877, 0.3056, 146.20
1275, 1559, 13, -14, 0.5556, 22.1048, -17.3513, -13.6950, 0.2222, 203.25
1275, 1579, 7, 86, 0.5000, 4.1727, 3.7013, -1.9267, 0.1500, 189.33
1276, 1430, 76, 123, 1.0000, 1.9013, 1.7649, 0.7071, 1.0000, 179.90
1276, 1572, 121, 117, 0.6556, 59.9533, 56.7209, 19.4201, 0.2622, 155.75
1276, 1577, 49, 10, 0.8222, 13.4844, 5.8371, -12.1556, 0.5756, 211.71
1276, 1578, 5, 111, 0.8222, 0.1382, -0.0365, 0.1333, 0.5756, 172.43
1276, 1571, 57, 80, 0.8278, 1.5343, 1.2856, 0.8374, 0.6622, 189.25
1277, 1430, 78, 123, 1.0000, 2.0301, 2.0161, 0.2381, 1.0000, 179.08
1277, 1577, 54, 6, 0.8778, 6.8980, 4.9989, -4.7533, 0.7022, 210.12
1277, 1578, 7, 110, 0.8778, 1.7371, 1.6832, -0.4297, 0.7022, 170.38
1277, 1579, 5, 91, 0.7056, 1.7057, -0.3551, 1.6683, 0.2822, 185.75
1277, 1571, 59, 81, 0.7278, 1.5343, 1.2856, 0.8374, 0.5822, 189.25
1277, 1572, 177, 137, 0.5556, 59.9533, 56.7209, 19.4201, 0.2222, 155.75
1278, 1430, 80, 124, 1.0000, 2.1725, 2.0404, 0.7460, 1.0000, 179.15
1278, 1566, 79, 126, 0.6000, 46.5652, -46.3136, 4.8336, 0.1800, 98.00
1278, 1571, 51, 86, 0.9833, 3.6719, -2.4170, 2.7642, 0.8850, 187.11
1278, 1579, 34, 114, 0.7111, 36.4907, 28.4488, 22.8525, 0.3556, 175.00
1279, 1430, 82, 125, 1.0000, 2.2534, 2.0136, 1.0115, 1.0000, 179.05
1279, 1571, 40, 82, 0.9889, 11.3395, -10.6852, -3.7963, 0.9889, 193.70
1279, 1576, 10, 11, 0.6000, 57.8597, -57.8517, -0.9627, 0.1800, 221.50
1279, 1492, 49, 52, 0.5400, 0.0000, 0.0000, 0.0000, 0.2700, 211.20
1279, 1500, 3, 73, 0.5400, 2.7602, 1.9517, -1.9517, 0.2700, 193.50
1279, 1539, 11, 40, 0.5625, 37.8401, -34.5739, 15.3792, 0.2250, 204.00
1279, 1566, 33, 131, 0.5000, 46.5652, -46.3136, 4.8336, 0.1500, 98.00
1280, 1430, 84, 126, 1.0000, 2.2548, 1.9995, 1.0422, 1.0000, 179.47
1280, 1566, 0, 92, 0.6556, 43.5669, -38.7178, -19.9750, 0.2622, 115.50
1280, 1576, 3, 5, 0.6556, 12.5253, -11.0803, -5.8405, 0.2622, 219.38
1280, 1492, 44, 57, 0.6000, 6.7743, -4.7902, 4.7902, 0.3600, 209.50
1280, 1500, 4, 73, 0.6500, 1.3021, 1.2289, -0.4305, 0.3900, 192.92
1280, 1539, 9, 15, 0.6222, 21.9476, -5.4783, -21.2529, 0.3111, 206.80
1280, 1586, 43, 10, 0.6000, 25.2607, 24.9619, 3.8741, 0.1800, 216.67
1281, 1430, 85, 126, 1.0000, 1.2833, 1.2542, 0.2719, 1.0000, 179.51
1281, 1558, 28, 94, 0.6000, 75.0322, -53.5376, 52.5695, 0.1800, 188.67
1281, 1567, 8, 13, 0.6000, 6.8383, 6.7688, -0.9726, 0.1800, 209.33
1281, 1492, 44, 76, 0.6587, 17.7294, 0.1402, 17.7289, 0.4611, 206.00
1281, 1500, 5, 72, 0.7087, 1.1882, 0.9547, -0.7073, 0.4961, 192.07
1281, 1539, 6, 2, 0.6806, 13.7061, -3.1620, -13.3364, 0.4083, 209.00
1281, 1586, 70, 13, 0.6556, 26.6460, 26.4455, 3.2626, 0.2622, 214.08
1281, 1566, -39, 72, 0.5556, 43.5669, -38.7178, -19.9750, 0.2222, 115.50
1281, 1576, -8, -1, 0.5556, 12.5253, -11.0803, -5.8405, 0.2222, 219.38
1282, 1430, 86, 125, 1.0000, 1.2351, 0.9540, -0.7845, 1.0000, 178.35
1282, 1558, 2, 121, 0.6556, 40.8453, -28.1884, 29.5593, 0.2622, 181.00
1282, 1567, 7, 64, 0.6556, 46.1512, -0.0200, 46.1512, 0.2622, 203.25
1282, 1576, 22, 0, 0.7111, 13.0683, 12.9315, -1.8865, 0.3556, 220.90
1282, 1492, 59, 113, 0.7167, 38.3996, 13.6640, 35.8863, 0.5733, 200.25
1282, 1500, 3, 86, 0.7167, 12.9055, -1.4801, 12.8203, 0.5733, 189.31
1282, 1586, 111, 46, 0.7111, 50.9112, 40.0727, 31.4027, 0.3556, 198.27
1282, 1592, 82, 66, 0.6000, 38.6783, 22.0490, 31.7782, 0.1800, 217.50
1283, 1537, 6, 117, 1.0000, 6.8401, 0.1780, 6.8377, 1.0000, 176.00
1283, 1550, 7, 67, 0.6000, 65.6978, 4.8878, 65.5157, 0.1800, 217.50
1283, 1592, 83, 97, 0.6556, 31.2611, 2.6440, 31.1491, 0.2622, 198.62
1283, 1430, 87, 124, 0.9000, 1.2351, 0.9540, -0.7845, 0.9000, 178.35
1283, 1558, -26, 151, 0.5556, 40.8453, -28.1884, 29.5593, 0.2222, 181.00
1283, 1567, 7, 110, 0.5556, 46.1512, -0.0200, 46.1512, 0.2222, 203.25
1283, 1586, 151, 78, 0.6111, 50.9112, 40.0727, 31.4027, 0.3056, 198.27
1284, 1550, 25, 69, 0.6556, 18.6465, 17.0560, 7.5356, 0.2622, 214.88
1284, 1568, 9, 14, 0.6000, 10.0050, 8.7450, -4.8605, 0.1800, 218.00
1284, 1592, 65, 121, 0.7111, 29.4954, -16.4928, 24.4533, 0.3556, 189.70
1284, 1430, 88, 124, 0.8000, 1.2351, 0.9540, -0.7845, 0.8000, 178.35
1285, 1550, 30, 62, 0.7111, 7.8429, 5.4894, -5.6017, 0.3556, 210.30
1285, 1568, 11, 13, 0.6556, 3.0203, 2.8073, -1.1142, 0.2622, 217.75
1285, 1581, 10, 95, 0.6000, 48.3815, -48.3428, -1.9367, 0.1800, 173.33
1285, 1430, 89, 123, 0.7000, 1.2351, 0.9540, -0.7845, 0.7000, 178.35
1285, 1592, 49, 146, 0.6111, 29.4954, -16.4928, 24.4533, 0.3056, 189.70
1286, 1563, 10, 105, 0.7056, 4.2942, -1.5966, 3.9863, 0.2822, 162.00
1286, 1568, 18, 21, 0.7111, 9.8019, 7.1162, 6.7408, 0.3556, 215.40
1286, 1581, -2, 82, 0.6556, 19.7053, -15.2805, -12.4420, 0.2622, 178.50
1286, 1430, 90, 122, 0.6000, 1.2351, 0.9540, -0.7845, 0.6000, 178.35
1287, 1563, 14, 108, 0.7111, 4.5692, 3.5672, 2.8552, 0.3556, 162.20
1287, 1568, 35, 10, 0.7667, 19.2470, 16.5192, -9.8775, 0.4600, 214.67
1287, 1581, 1, 89, 0.7111, 6.4312, 1.9511, 6.1281, 0.3556, 176.00
1287, 1430, 91, 121, 0.5000, 1.2351, 0.9540, -0.7845, 0.5000, 178.35
1288, 1575, 73, 69, 0.6000, 73.4298, 47.8665, -55.6842, 0.1800, 158.00
1288, 1595, 49, 122, 0.6000, 42.2272, 27.8748, 31.7196, 0.1800, 167.67
1288, 1563, 18, 111, 0.6111, 4.5692, 3.5672, 2.8552, 0.3056, 162.20
1289, 1563, 22, 126, 0.7667, 10.5194, 3.9664, 9.7429, 0.4600, 160.00
1289, 1575, 123, 28, 0.6556, 65.2646, 49.8914, -42.0751, 0.2622, 155.00
1289, 1602, 0, 71, 0.6000, 13.8401, -12.5542, 5.8258, 0.1800, 193.33
1289, 1603, 106, 44, 0.6000, 51.7133, 35.6230, -37.4868, 0.1800, 168.33
1289, 1595, 77, 154, 0.5000, 42.2272, 27.8748, 31.7196, 0.1500, 167.67
1290, 1570, 121, 31, 0.6000, 49.9517, 28.3815, -41.1055, 0.1800, 154.00
1290, 1602, 1, 95, 0.6556, 22.0597, -0.4326, 22.0555, 0.2622, 186.75
1290, 1603, 127, 15, 0.6556, 37.5283, 22.4428, -30.0782, 0.2622, 156.50
1290, 1575, 173, -14, 0.5556, 65.2646, 49.8914, -42.0751, 0.2222, 155.00
1291, 1580, 52, 99, 0.6000, 3.8989, 0.0000, 3.8989, 0.1800, 194.67
1291, 1481, 117, 28, 0.5250, 68.8244, 68.5185, 6.4815, 0.3150, 187.83
1291, 1601, 53, 94, 0.6000, 37.0395, 19.5077, 31.4861, 0.1800, 217.33
1291, 1570, 150, -10, 0.5000, 49.9517, 28.3815, -41.1055, 0.1500, 154.00
1291, 1602, 1, 117, 0.5556, 22.0597, -0.4326, 22.0555, 0.2222, 186.75
1291, 1603, 149, -15, 0.5556, 37.5283, 22.4428, -30.0782, 0.2222, 156.50
1292, 1430, 90, 104, 1.0000, 2.6737, 0.1648, -2.6686, 1.0000, 176.75
1292, 1570, 108, 9, 0.6556, 13.4083, -11.7170, -6.5188, 0.2622, 161.25
1292, 1580, 26, 96, 0.6556, 24.0552, -23.9444, -2.3061, 0.2622, 189.50
1292, 1601, 57, 101, 0.6556, 11.2550, 5.7546, 9.6727, 0.2622, 226.25
1292, 1602, 13, 127, 0.7111, 16.8414, 6.7882, 15.4128, 0.3556, 192.80
1293, 1430, 60, 99, 1.0000, 29.9805, -29.5988, -4.7692, 1.0000, 178.87
1293, 1570, 106, 11, 0.7111, 3.3194, -2.9912, 1.4391, 0.3556, 164.20
1293, 1580, 9, 93, 0.7111, 17.3727, -17.1441, -2.8089, 0.3556, 184.80
1293, 1585, 11, 27, 0.6000, 10.8276, -1.9378, 10.6527, 0.1800, 206.00
1293, 1598, 11, 58, 0.6000, 66.4838, -24.3540, -61.8625, 0.1800, 156.33
1293, 1599, 8, 111, 0.6000, 55.2155, -53.4052, -14.0225, 0.1800, 151.33
1293, 1601, 63, 111, 0.5556, 11.2550, 5.7546, 9.6727, 0.2222, 226.25
1294, 1580, 2, 84, 0.7667, 11.3047, -7.2023, -8.7134, 0.4600, 182.50
1294, 1544, 62, 71, 0.5625, 69.4890, -29.1219, 63.0923, 0.2250, 163.50
1294, 1585, 13, 19, 0.6556, 5.8523, 1.9486, -5.5184, 0.2622, 207.75
1294, 1587, 12, 90, 0.6000, 76.3220, -26.1573, 71.6997, 0.1800, 194.33
1294, 1588, 57, 97, 0.6000, 79.2369, 16.4734, 77.5055, 0.1800, 221.33
1294, 1598, 8, 0, 0.6556, 58.5120, -4.6020, -58.3307, 0.2622, 174.75
1294, 1599, -6, 107, 0.6556, 17.6064, -16.8187, -5.2074, 0.2622, 152.75
1294, 1601, 68, 121, 0.7111, 11.2583, 5.4161, 9.8699, 0.3556, 214.20
1295, 1544, 37, 71, 0.6222, 25.9230, -25.0831, 6.5453, 0.3111, 175.20
1295, 1585, 14, 17, 0.7111, 3.1143, 0.8379, -2.9994, 0.3556, 208.00
1295, 1587, -2, 128, 0.6556, 43.2270, -14.8569, 40.5936, 0.2622, 185.00
1295, 1593, 117, 30, 0.6000, 48.3051, 35.0917, -33.1957, 0.1800, 175.56
1295, 1588, 74, 174, 0.5000, 79.2369, 16.4734, 77.5055, 0.1500, 221.33
1295, 1598, 3, -58, 0.5556, 58.5120, -4.6020, -58.3307, 0.2222, 174.75
1295, 1599, -22, 101, 0.5556, 17.6064, -16.8187, -5.2074, 0.2222, 152.75
1296, 1544, 13, 91, 0.6806, 30.8620, -24.5259, 18.7335, 0.4083, 175.17
1296, 1593, 130, 24, 0.6556, 17.1681, 15.0846, -8.1974, 0.2622, 156.17
1296, 1599, 3, 85, 0.7111, 13.9564, 7.7413, -11.6126, 0.3556, 154.00
1296, 1585, 15, 14, 0.6111, 3.1143, 0.8379, -2.9994, 0.3056, 208.00
1296, 1587, -17, 168, 0.5556, 43.2270, -14.8569, 40.5936, 0.2222, 185.00
1297, 1585, 16, 19, 0.7667, 2.0069, 0.9200, 1.7836, 0.4600, 209.50
1297, 1593, 122, 26, 0.7111, 7.0674, -6.9050, 1.5063, 0.3556, 153.13
1297, 1555, 115, 4, 0.5625, 1.8951, 0.0880, 1.8931, 0.2250, 139.25
1298, 1585, 16, 19, 0.8222, 0.5573, 0.1555, 0.5351, 0.5756, 211.43
1298, 1555, 126, 10, 0.6222, 11.3046, 9.5608, 6.0321, 0.3111, 136.20
1299, 1548, 49, 35, 0.5625, 10.2291, -6.7437, -7.6913, 0.2250, 209.75
1299, 1574, 25, 70, 0.5625, 50.9455, -0.0391, -50.9455, 0.2250, 183.00
1299, 1555, 125, 29, 0.6806, 17.8900, 0.5151, 17.8826, 0.4083, 134.17
1299, 1585, 16, 20, 0.7222, 0.5573, 0.1555, 0.5351, 0.5056, 211.43
1300, 1548, 109, 24, 0.6222, 54.6691, 53.6254, -10.6312, 0.3111, 193.60
1300, 1555, 127, 70, 0.7381, 39.0428, 1.3439, 39.0197, 0.5167, 128.29
1300, 1547, 102, 95, 0.5625, 32.0125, 16.8769, 27.2024, 0.2250, 158.50
1300, 1560, 28, 117, 0.5625, 32.3008, 27.8455, 16.3697, 0.2250, 207.00
1301, 1574, 55, 5, 0.6222, 34.4578, 17.3969, -29.7437, 0.3111, 185.80
1301, 1560, 64, 116, 0.6222, 35.0859, 35.0847, -0.2835, 0.3111, 216.20
1301, 1546, 77, 20, 0.5625, 53.3428, -44.2445, -29.7972, 0.2250, 139.50
1301, 1557, 34, 60, 0.5625, 2.2021, -1.0198, 1.9517, 0.2250, 254.25
1301, 1604, 73, 15, 0.6000, 42.6626, -41.3316, 10.5732, 0.1800, 153.33
1301, 1548, 163, 14, 0.5222, 54.6691, 53.6254, -10.6312, 0.2611, 193.60
1302, 1581, 78, 15, 1.0000, 11.7390, -0.3065, -11.7350, 1.0000, 188.74
1302, 1593, 115, 27, 0.9889, 0.8146, -0.7802, -0.2340, 0.9889, 148.17
1302, 1574, 73, 11, 0.6806, 18.4765, 17.9094, 4.5425, 0.4083, 185.00
1302, 1547, 104, 99, 0.6222, 2.7955, -1.4714, -2.3769, 0.3111, 148.40
1302, 1560, 70, 115, 0.6806, 8.2968, 8.2839, -0.4619, 0.4083, 222.17
1302, 1546, 19, 0, 0.6222, 60.9352, -57.1489, -21.1447, 0.3111, 157.80
1302, 1557, 32, 61, 0.6722, 2.1813, -1.8022, 1.2289, 0.3361, 254.00
1302, 1604, 37, 25, 0.6556, 37.9885, -36.5408, 10.3874, 0.2622, 165.62
1303, 1547, 89, 78, 0.6806, 24.9066, -14.5214, -20.2353, 0.4083, 151.50
1303, 1557, 31, 62, 0.7306, 1.5698, -1.2461, 0.9547, 0.4383, 253.83
1303, 1546, -38, -21, 0.5222, 60.9352, -57.1489, -21.1447, 0.2611, 157.80
1303, 1604, 1, 35, 0.5556, 37.9885, -36.5408, 10.3874, 0.2222, 165.62
1304, 1596, 86, 76, 0.6000, 27.6362, 21.3863, -17.5038, 0.1800, 161.33
1304, 1557, 29, 63, 0.7881, 2.0247, -1.7851, 0.9555, 0.5517, 249.71
1304, 1607, 71, 28, 0.6000, 0.9319, -0.9319, 0.0000, 0.1800, 192.67
1304, 1609, 17, 23, 0.6000, 33.9836, 4.8060, -33.6420, 0.1800, 207.00
1304, 1612, 34, 96, 0.6000, 14.5747, 14.4473, 1.9224, 0.1800, 175.33
1304, 1614, 7, 103, 0.6000, 1.4014, 1.0198, 0.9612, 0.1800, 248.67
1304, 1547, 74, 57, 0.5806, 24.9066, -14.5214, -20.2353, 0.3483, 151.50
1305, 1596, 89, 74, 0.6556, 5.8589, 4.9026, -3.2080, 0.2622, 161.88
1305, 1557, 28, 65, 0.8451, 2.1747, -1.2215, 1.7992, 0.6761, 249.75
1305, 1607, 74, 28, 0.7056, 2.9684, 2.9684, 0.0000, 0.2822, 201.75
1305, 1609, 14, 10, 0.6556, 14.9816, -2.1008, -14.8336, 0.2622, 208.50
1305, 1612, 83, 87, 0.6556, 46.9928, 46.3829, -7.5466, 0.2622, 168.25
1305, 1614, 8, 103, 0.7056, 1.0273, 1.0038, 0.2185, 0.2822, 249.50
1306, 1596, 89, 76, 0.7111, 1.9597, -0.2644, 1.9418, 0.3556, 164.30
1306, 1560, 69, 123, 0.9083, 2.0345, 0.3098, 2.0108, 0.9083, 220.45
1306, 1557, 26, 66, 0.9019, 2.1796, -1.7728, 1.2681, 0.8117, 249.67
1306, 1607, 76, 28, 0.7611, 1.8458, 1.8458, 0.0000, 0.3806, 200.60
1306, 1609, 13, 9, 0.7111, 2.4492, -1.2377, -2.1134, 0.3556, 209.40
1306, 1612, 109, 55, 0.7111, 41.2608, 27.2284, -31.0011, 0.3556, 165.80
1306, 1614, 10, 104, 0.7611, 1.9650, 1.8110, 0.7626, 0.3806, 250.60
1307, 1550, 52, 68, 1.0000, 4.8684, 1.8542, -4.5015, 1.0000, 192.37
1307, 1596, 88, 77, 0.7667, 1.2721, -0.7291, 1.0424, 0.4600, 164.75
1307, 1557, 24, 67, 0.9583, 2.2534, -2.0274, 0.9835, 0.9583, 247.80
1307, 1605, 10, 47, 0.6000, 52.3119, -43.3833, 29.2304, 0.1800, 196.00
1307, 1608, 76, 43, 0.6000, 12.6186, -7.3683, 10.2439, 0.1800, 192.33
1307, 1614, 11, 104, 0.8167, 1.2769, 1.2586, 0.2150, 0.4900, 250.50
1307, 1607, 78, 28, 0.6611, 1.8458, 1.8458, 0.0000, 0.3306, 200.60
1307, 1609, 12, 7, 0.6111, 2.4492, -1.2377, -2.1134, 0.3056, 209.40
1307, 1612, 136, 24, 0.6111, 41.2608, 27.2284, -31.0011, 0.3056, 165.80
1308, 1544, 23, 48, 1.0000, 8.3953, -7.7832, -3.1470, 1.0000, 195.87
1308, 1596, 88, 77, 0.8222, 0.2033, -0.1921, 0.0666, 0.5756, 164.07
1308, 1557, 22, 69, 1.0000, 2.6896, -2.0397, 1.7531, 1.0000, 244.64
1308, 1607, 79, 29, 0.8167, 1.4640, 1.3490, 0.5689, 0.4900, 198.17
1308, 1614, 3, 106, 0.8222, 7.2739, -7.0991, 1.5850, 0.5756, 250.86
1308, 1589, 19, 25, 0.5625, 41.5990, -31.7196, -26.9136, 0.2250, 207.50
1308, 1619, 43, 110, 0.6000, 0.9323, 0.9319, 0.0293, 0.1800, 178.50
1308, 1605, -33, 76, 0.5000, 52.3119, -43.3833, 29.2304, 0.1500, 196.00
1308, 1608, 68, 53, 0.5000, 12.6186, -7.3683, 10.2439, 0.1500, 192.33
1309, 1596, 88, 77, 0.8778, 0.1242, 0.0389, -0.1180, 0.7022, 163.56
1309, 1557, 21, 70, 1.0000, 1.7550, -1.2197, 1.2619, 1.0000, 245.33
1309, 1583, 7, 107, 0.5625, 5.9307, -5.6343, 1.8512, 0.2250, 176.25
1309, 1607, 79, 40, 0.8222, 10.1500, 0.1968, 10.1480, 0.5756, 195.71
1309, 1608, 54, 67, 0.6556, 16.4921, -11.2309, 12.0771, 0.2622, 194.00
1309, 1505, 89, 79, 0.5250, 38.6407, 9.4501, 37.4673, 0.3150, 200.00
1309, 1590, 71, 29, 0.5625, 10.3678, -0.9359, 10.3255, 0.2250, 185.25
1309, 1619, 45, 111, 0.7056, 1.9864, 1.8218, 0.7918, 0.2822, 177.04
1310, 1596, 93, 86, 0.9333, 9.8137, 5.0942, 8.3879, 0.8400, 160.17
1310, 1557, 20, 71, 1.0000, 1.3611, -0.9351, 0.9890, 1.0000, 245.77
1310, 1583, 10, 94, 0.6222, 11.7012, 1.7908, -11.5633, 0.3111, 175.40
1310, 1607, 81, 32, 0.8778, 6.8371, 1.5194, -6.6662, 0.7022, 194.88
1310, 1608, 24, 89, 0.7111, 36.4996, -29.6353, 21.3066, 0.3556, 191.60
1310, 1505, 75, 125, 0.5841, 46.6652, -11.3772, 45.2571, 0.4089, 188.71
1310, 1589, 0, 19, 0.6222, 6.4470, -6.3740, 0.9670, 0.3111, 209.20
1310, 1590, 76, 22, 0.6222, 7.7994, 4.5828, -6.3109, 0.3111, 184.00
1310, 1618, 47, 123, 0.6000, 42.2009, 25.9089, 33.3114, 0.1800, 173.33
1310, 1619, 46, 108, 0.7611, 2.5323, 1.2630, -2.1949, 0.3806, 192.63
1311, 1596, 91, 86, 0.9889, 2.1167, -2.0317, 0.5936, 0.9889, 158.45
1311, 1600, 3, 13, 0.6000, 51.9067, -37.1919, -36.2086, 0.1800, 207.33
1311, 1557, 18, 72, 1.0000, 1.9771, -1.7284, 0.9600, 1.0000, 246.21
1311, 1583, 20, 89, 0.6806, 10.8301, 9.3619, -5.4447, 0.4083, 177.33
1311, 1589, 0, 21, 0.6806, 1.5150, 0.1872, 1.5033, 0.4083, 210.33
1311, 1590, 107, 15, 0.6806, 29.8554, 29.1440, -6.4789, 0.4083, 178.17
1311, 1619, 47, 107, 0.8167, 1.8890, 0.9760, -1.6173, 0.4900, 194.28
1311, 1618, 73, 157, 0.5000, 42.2009, 25.9089, 33.3114, 0.1500, 173.33
1312, 1596, 90, 86, 1.0000, 1.1548, -1.1547, -0.0173, 1.0000, 157.41
1312, 1597, 44, 50, 0.6000, 67.8906, 5.8793, -67.6355, 0.1800, 160.67
1312, 1600, 33, 1, 0.6556, 27.6785, 23.5808, -14.4930, 0.2622, 211.50
1312, 1557, 16, 73, 1.0000, 2.2751, -2.0498, 0.9871, 1.0000, 246.80
1312, 1583, 28, 92, 0.7381, 8.7271, 8.4409, 2.2165, 0.5167, 177.71
1312, 1619, 49, 107, 0.8722, 1.7812, 1.7655, -0.2355, 0.6106, 197.38
1313, 1597, 17, 23, 0.6556, 38.8543, -23.4096, -31.0104, 0.2622, 172.50
1313, 1600, 67, 4, 0.7111, 33.7927, 33.7115, 2.3414, 0.3556, 206.40
1313, 1557, 15, 74, 1.0000, 1.6273, -1.2832, 1.0009, 1.0000, 247.31
1313, 1583, 40, 74, 0.7951, 20.3572, 12.0199, -16.4298, 0.6361, 176.38
1313, 1615, 45, 51, 0.6000, 50.7487, -23.4284, 45.0171, 0.1800, 202.67
1313, 1619, 46, 97, 0.8778, 9.1284, -2.7619, -8.7006, 0.7022, 194.46
1314, 1597, 13, 14, 0.7111, 11.7033, -5.5035, -10.3286, 0.3556, 184.80
1314, 1582, 51, 105, 0.5625, 1.3726, 0.9706, -0.9706, 0.2250, 180.75
1314, 1557, 13, 75, 1.0000, 1.9957, -1.7259, 1.0021, 1.0000, 247.59
1314, 1615, 21, 91, 0.6556, 46.7758, -23.6442, 40.3599, 0.2622, 199.00
1314, 1619, 45, 95, 0.9333, 3.0671, -1.1482, -2.8441, 0.8400, 193.52
1315, 1582, 52, 107, 0.6722, 1.7130, 1.0226, 1.3743, 0.3361, 172.60
1315, 1557, 11, 76, 1.0000, 2.2352, -1.9987, 1.0007, 1.0000, 247.89
1315, 1590, 113, 32, 0.9083, 3.1603, 3.1523, 0.2252, 0.9083, 163.90
1315, 1615, 14, 108, 0.7111, 21.0223, -8.5403, 19.2094, 0.3556, 209.80
1315, 1619, 45, 95, 0.9889, 0.2257, -0.0097, 0.2255, 0.9889, 191.57
1316, 1582, 54, 105, 0.7306, 2.6280, 1.8226, -1.8933, 0.4383, 177.67
1316, 1557, 10, 76, 1.0000, 1.3008, -1.2786, 0.2395, 1.0000, 247.58
1316, 1619, 54, 87, 1.0000, 11.1470, 8.1800, -7.5725, 1.0000, 192.24
1316, 1622, 75, 42, 0.6000, 21.6792, -4.7767, 21.1464, 0.1800, 182.67
1316, 1627, 6, 101, 0.6000, 14.4954, 1.9810, -14.3594, 0.1800, 166.67
1317, 1582, 56, 103, 0.7881, 2.6163, 2.0718, -1.5977, 0.5517, 180.43
1317, 1557, 8, 77, 1.0000, 1.8579, -1.7194, 0.7039, 1.0000, 247.70
1317, 1591, 121, 71, 0.5625, 53.0077, 33.4532, 41.1182, 0.2250, 152.00
1317, 1594, 104, 117, 0.5625, 62.3985, 41.2413, 46.8265, 0.2250, 179.75
1317, 1622, 99, 86, 0.6556, 46.6551, 21.2550, 41.5322, 0.2622, 165.50
1317, 1627, 6, 10, 0.6556, 83.9266, 0.4240, -83.9255, 0.2622, 182.00
1317, 1619, 62, 80, 0.9000, 11.1470, 8.1800, -7.5725, 0.9000, 192.24
1318, 1582, 57, 102, 0.8451, 1.6410, 1.2388, -1.0763, 0.6761, 182.75
1318, 1557, 6, 78, 1.0000, 2.2293, -1.9951, 0.9947, 1.0000, 247.95
1318, 1591, 109, 92, 0.6222, 24.0885, -7.9314, 22.7453, 0.3111, 145.80
1318, 1619, 49, 61, 1.0000, 14.5322, -4.2708, -13.8904, 1.0000, 194.06
1318, 1594, 121, 131, 0.6222, 25.5475, 19.6952, 16.2718, 0.3111, 160.80
1318, 1622, 88, 124, 0.7111, 38.9745, -9.0754, 37.9032, 0.3556, 154.40
1318, 1631, 23, 104, 0.6000, 2.2283, 2.0104, -0.9612, 0.1800, 249.00
1318, 1627, 7, -73, 0.5556, 83.9266, 0.4240, -83.9255, 0.2222, 182.00
1319, 1582, 59, 102, 0.9019, 1.7466, 1.7407, -0.1432, 0.8117, 182.22
1319, 1557, 4, 79, 1.0000, 2.2902, -2.0396, 1.0417, 1.0000, 248.14
1319, 1591, 85, 122, 0.6806, 37.3780, -22.7661, 29.6449, 0.4083, 139.50
1319, 1629, 10, 119, 0.6000, 5.0013, 4.6688, 1.7932, 0.1800, 155.00
1319, 1631, 25, 104, 0.7056, 2.0260, 2.0142, -0.2185, 0.2822, 250.50
1319, 1594, 141, 147, 0.5222, 25.5475, 19.6952, 16.2718, 0.2611, 160.80
1319, 1622, 79, 161, 0.6111, 38.9745, -9.0754, 37.9032, 0.3056, 154.40
1320, 1582, 58, 102, 0.9583, 0.3940, -0.3824, 0.0950, 0.9583, 183.80
1320, 1557, 3, 80, 1.0000, 1.6300, -1.2732, 1.0177, 1.0000, 248.17
1320, 1589, 105, 106, 1.0000, 15.7391, 0.7870, 15.7194, 1.0000, 190.77
1320, 1624, 90, 43, 0.6556, 9.7880, 9.6566, 1.5983, 0.2622, 184.25
1320, 1629, 47, 118, 0.6556, 34.9792, 34.9780, -0.2906, 0.2622, 154.00
1320, 1631, 27, 104, 0.7611, 2.0037, 2.0031, 0.0496, 0.3806, 250.00
1320, 1636, 52, 97, 0.6000, 15.8525, -3.8448, -15.3792, 0.1800, 154.00
1320, 1591, 63, 152, 0.5806, 37.3780, -22.7661, 29.6449, 0.3483, 139.50
1321, 1582, 61, 101, 1.0000, 2.1534, 2.0211, -0.7432, 1.0000, 185.18
1321, 1557, 2, 80, 1.0000, 0.9910, -0.9558, 0.2617, 1.0000, 246.73
1321, 1624, 100, 31, 0.7111, 14.9791, 10.3109, -10.8654, 0.3556, 182.00
1321, 1629, 66, 126, 0.7111, 21.2417, 20.0578, 6.9924, 0.3556, 154.40
1321, 1631, 29, 104, 0.8167, 1.9996, 1.9991, 0.0446, 0.4900, 249.67
1321, 1636, 63, 76, 0.6556, 23.1057, 9.5046, -21.0603, 0.2622, 161.75
1322, 1582, 63, 101, 1.0000, 2.3447, 2.3292, -0.2691, 1.0000, 188.42
1322, 1624, 100, 22, 0.7667, 9.4463, 1.2144, -9.3679, 0.4600, 177.17
1322, 1631, 31, 104, 0.8722, 1.9993, 1.9993, 0.0079, 0.6106, 249.71
1322, 1636, 82, 68, 0.7111, 20.0275, 18.0346, -8.7092, 0.3556, 165.20
1322, 1557, 1, 80, 0.9000, 0.9910, -0.9558, 0.2617, 0.9000, 246.73
1323, 1569, 47, 12, 0.5625, 64.6175, -10.7813, -63.7117, 0.2250, 201.25
1323, 1582, 64, 101, 1.0000, 1.3265, 1.3265, 0.0071, 1.0000, 191.15
1323, 1557, 11, 85, 1.0000, 6.1131, 5.5318, 2.6018, 1.0000, 243.74
1323, 1624, 88, 23, 0.8222, 11.5512, -11.5186, 0.8669, 0.5756, 176.71
1323, 1631, 34, 104, 0.9278, 2.8032, 2.8031, -0.0033, 0.7422, 244.69
1324, 1582, 66, 101, 1.0000, 1.7154, 1.7149, 0.0396, 1.0000, 195.36
1324, 1557, 5, 107, 1.0000, 20.7938, -4.9174, 20.2040, 1.0000, 241.48
1324, 1624, 79, 39, 0.8778, 17.4720, -9.5047, 14.6605, 0.7022, 177.88
1324, 1631, 36, 103, 0.9833, 2.4054, 2.2681, -0.8011, 0.8850, 245.83
1324, 1641, 102, 13, 0.6000, 20.0508, 5.7965, -19.1947, 0.1800, 166.33
1324, 1642, 70, 39, 0.6000, 46.6256, 46.1376, 6.7284, 0.1800, 220.67
1324, 1650, 101, 50, 0.6000, 39.8290, -5.7672, -39.4092, 0.1800, 126.67
1324, 1651, 41, 92, 0.6000, 0.9905, 0.9905, 0.0000, 0.1800, 181.67
1325, 1582, 67, 100, 1.0000, 1.4337, 1.2131, -0.7641, 1.0000, 199.13
1325, 1631, 38, 103, 1.0000, 2.0019, 1.9834, -0.2714, 1.0000, 245.75
1325, 1640, 21, 13, 0.6000, 77.0086, -74.9346, -17.7523, 0.1800, 186.33
1325, 1642, 101, 34, 0.6556, 33.0931, 32.8432, -4.0589, 0.2622, 206.50
1325, 1650, 95, 22, 0.6556, 30.3367, -6.1013, -29.7169, 0.2622, 134.50
1325, 1651, 44, 74, 0.6556, 16.9671, 2.6071, -16.7656, 0.2622, 184.75
1325, 1652, 10, 123, 0.6000, 0.9681, 0.9662, 0.0606, 0.1800, 161.33
1325, 1624, 69, 53, 0.7778, 17.4720, -9.5047, 14.6605, 0.6222, 177.88
1325, 1641, 108, -7, 0.5000, 20.0508, 5.7965, -19.1947, 0.1500, 166.33
1326, 1582, 69, 100, 1.0000, 1.7743, 1.7511, -0.2860, 1.0000, 201.06
1326, 1631, 40, 103, 1.0000, 1.9581, 1.9580, 0.0147, 1.0000, 246.32
1326, 1641, 90, 24, 0.6556, 12.4577, -7.8328, 9.6872, 0.2622, 168.00
1326, 1642, 112, 30, 0.7111, 13.1965, 12.6662, -3.7036, 0.3556, 193.80
1326, 1646, 66, 113, 0.6000, 58.7291, -25.8835, 52.7177, 0.1800, 147.00
1326, 1647, 7, 81, 0.6000, 28.9884, -24.9075, 14.8304, 0.1800, 190.00
1326, 1650, 72, 18, 0.7111, 22.9046, -22.3044, -5.2088, 0.3556, 142.40
1326, 1651, 28, 37, 0.7111, 38.2075, -14.7455, -35.2475, 0.3556, 192.60
1326, 1652, 8, 119, 0.7056, 3.5177, -1.3869, -3.2327, 0.2822, 155.25
1326, 1640, -54, -5, 0.5000, 77.0086, -74.9346, -17.7523, 0.1500, 186.33
1327, 1582, 69, 100, 1.0000, 0.4808, 0.4808, 0.0016, 1.0000, 199.50
1327, 1540, 76, 74, 0.5400, 39.0458, -0.9758, 39.0336, 0.2700, 208.40
1327, 1616, 111, 85, 0.6000, 63.1947, 14.6420, 61.4750, 0.1800, 144.33
1327, 1621, 103, 13, 0.6000, 37.4311, 35.6064, 11.5443, 0.1800, 182.00
1327, 1631, 42, 103, 1.0000, 1.9880, 1.9876, 0.0422, 1.0000, 246.00
1327, 1641, 85, 11, 0.7111, 12.8935, -4.4439, -12.1035, 0.3556, 171.80
1327, 1647, 1, 51, 0.6556, 26.9631, -7.2567, -25.9682, 0.2622, 189.00
1327, 1651, 7, 2, 0.7667, 40.5855, -20.4796, -35.0395, 0.4600, 196.33
1327, 1652, 7, 106, 0.7111, 13.2610, -1.3619, -13.1909, 0.3556, 156.40
1327, 1646, 40, 166, 0.5000, 58.7291, -25.8835, 52.7177, 0.1500, 147.00
1328, 1582, 72, 99, 1.0000, 2.3403, 2.2257, -0.7232, 1.0000, 199.00
1328, 1540, 55, 117, 0.6000, 47.3024, -19.3763, 43.1517, 0.3600, 198.83
1328, 1621, 99, 31, 0.6556, 17.1817, -1.1692, 17.1419, 0.2622, 179.25
1328, 1631, 45, 103, 1.0000, 2.7831, 2.7831, 0.0130, 1.0000, 246.69
1328, 1638, 34, 6, 0.6000, 15.3190, 14.8668, -3.6943, 0.1800, 205.33
1328, 1647, 23, 15, 0.7111, 40.1163, 19.4720, -35.0736, 0.3556, 192.60
1328, 1652, 3, 84, 0.7667, 21.1319, -3.5003, -20.8400, 0.4600, 157.50
1328, 1616, 125, 147, 0.5000, 63.1947, 14.6420, 61.4750, 0.1500, 144.33
1329, 1582, 73, 99, 1.0000, 1.5698, 1.5451, -0.2777, 1.0000, 198.79
1329, 1621, 92, 49, 0.7111, 18.7987, -6.3130, 17.7070, 0.3556, 181.80
1329, 1631, 47, 102, 1.0000, 2.4138, 2.2848, -0.7786, 1.0000, 247.00
1329, 1638, 52, 30, 0.6556, 28.2914, 18.3386, 21.5429, 0.2622, 204.25
1329, 1652, 2, 97, 0.8222, 10.6333, -1.7523, 10.4879, 0.5756, 155.86
1329, 1653, 3, 113, 0.6000, 2.6900, 1.9021, 1.9021, 0.1800, 157.00
1329, 1540, 35, 161, 0.5000, 47.3024, -19.3763, 43.1517, 0.3000, 198.83
1329, 1647, 42, -20, 0.6111, 40.1163, 19.4720, -35.0736, 0.3056, 192.60
1330, 1582, 75, 99, 1.0000, 1.7901, 1.7901, -0.0029, 1.0000, 197.95
1330, 1631, 49, 102, 1.0000, 2.0154, 1.9947, -0.2876, 1.0000, 247.33
1330, 1638, 42, 62, 0.7111, 32.5743, -8.2893, 31.5019, 0.3556, 201.80
1330, 1645, 123, 118, 0.6000, 65.1519, -3.7626, 65.0431, 0.1800, 111.00
1330, 1653, 19, 93, 0.6556, 23.3565, 14.8834, -18.0004, 0.2622, 164.75
1331, 1582, 76, 98, 1.0000, 1.4231, 1.2319, -0.7124, 1.0000, 196.67
1331, 1615, 99, 113, 1.0000, 2.3453, 0.0718, 2.3442, 1.0000, 151.55
1331, 1631, 52, 102, 1.0000, 2.7267, 2.7266, 0.0030, 1.0000, 247.81
1331, 1633, 53, 16, 0.6000, 69.3949, -69.2881, -3.8493, 0.1800, 162.00
1331, 1653, 13, 69, 0.7111, 24.1232, -4.5357, -23.6930, 0.3556, 169.20
1331, 1645, 119, 183, 0.5000, 65.1519, -3.7626, 65.0431, 0.1500, 111.00
1332, 1582, 78, 98, 1.0000, 1.7470, 1.7236, -0.2847, 1.0000, 196.05
1332, 1631, 54, 101, 1.0000, 2.3874, 2.2755, -0.7225, 1.0000, 246.91
1332, 1633, 28, 6, 0.6556, 30.7874, -29.2147, -9.7142, 0.2622, 179.50
1333, 1582, 79, 98, 1.0000, 1.2590, 1.2590, -0.0092, 1.0000, 196.09
1333, 1631, 56, 101, 1.0000, 2.0202, 2.0010, -0.2776, 1.0000, 245.19
1333, 1633, 9, 2, 0.7111, 19.7434, -19.2992, -4.1641, 0.3556, 186.60
1333, 1637, 71, 44, 0.6000, 73.7142, 61.1840, 41.1131, 0.1800, 214.00
1333, 1653, 33, 7, 0.8222, 31.8240, 7.3827, -30.9558, 0.5756, 181.14
1334, 1582, 81, 98, 1.0000, 1.7373, 1.7369, 0.0391, 1.0000, 197.17
1334, 1631, 59, 101, 1.0000, 2.7165, 2.7165, -0.0030, 1.0000, 245.61
1334, 1637, 113, 106, 0.6556, 74.5092, 43.6266, 60.4015, 0.2622, 183.25
1334, 1606, 117, 10, 0.5625, 1.9224, 0.0000, 1.9224, 0.2250, 138.00
1335, 1582, 83, 98, 1.0000, 2.0030, 2.0029, 0.0177, 1.0000, 197.60
1335, 1631, 61, 100, 1.0000, 2.3913, 2.2827, -0.7124, 1.0000, 244.05
1335, 1606, 117, 8, 0.6722, 1.1597, 0.0000, -1.1597, 0.3361, 138.00
1335, 1657, 73, 34, 0.6000, 2.1605, 1.9325, -0.9662, 0.1800, 217.00
1335, 1659, 80, 93, 0.6000, 44.0283, -1.8718, 43.9885, 0.1800, 176.67
1335, 1561, 100, 93, 0.5400, 22.0979, -22.0783, -0.9319, 0.2700, 88.00
1335, 1617, 86, 75, 0.5625, 45.9470, -36.5256, 27.8748, 0.2250, 135.25
1335, 1660, 87, 78, 0.6000, 37.0904, -31.7196, 19.2240, 0.1800, 145.00
1335, 1637, 156, 167, 0.5556, 74.5092, 43.6266, 60.4015, 0.2222, 183.25
1336, 1582, 97, 94, 1.0000, 12.8076, 12.2754, -3.6535, 1.0000, 193.88
1336, 1631, 64, 100, 1.0000, 2.7695, 2.7548, -0.2847, 1.0000, 244.14
1336, 1606, 117, 8, 0.7306, 0.5940, 0.0000, -0.5940, 0.4383, 138.00
1336, 1657, 74, 34, 0.7056, 1.2553, 1.2364, -0.2172, 0.2822, 219.00
1336, 1658, 120, 47, 0.6000, 41.0907, 40.7139, 5.5519, 0.1800, 166.33
1336, 1659, 99, 126, 0.6556, 37.4207, 17.1861, 33.2407, 0.2622, 156.38
1336, 1561, 78, 64, 0.6000, 34.3683, -21.7982, -26.5710, 0.3600, 106.50
1336, 1617, 35, 123, 0.6222, 67.9813, -49.8187, 46.2553, 0.3111, 136.80
1336, 1660, 55, 122, 0.6556, 52.0604, -31.9605, 41.0951, 0.2622, 139.75
1336, 1661, 123, 92, 0.6556, 18.6970, 11.9689, 14.3640, 0.2622, 114.00
1336, 1662, 29, 24, 0.6000, 22.4285, -7.7189, 21.0584, 0.1800, 214.00
1337, 1582, 101, 93, 1.0000, 5.1486, 4.9078, -1.5561, 1.0000, 190.52
1337, 1631, 66, 100, 1.0000, 2.2641, 2.2641, -0.0092, 1.0000, 244.36
1337, 1549, 43, 87, 0.5400, 78.3231, 41.8577, 66.2000, 0.2700, 223.20
1337, 1606, 118, 12, 0.7881, 4.1030, 0.8119, 4.0219, 0.5517, 138.86
1337, 1657, 75, 33, 0.7611, 1.2240, 0.9589, -0.7607, 0.3806, 213.80
1337, 1561, 61, 13, 0.6587, 52.3965, -17.0545, -49.5432, 0.4611, 118.86
1337, 1661, 127, 96, 0.7111, 6.3391, 4.5173, 4.4472, 0.3556, 110.80
1337, 1662, 27, 15, 0.6556, 6.8391, -2.5400, -6.3500, 0.2622, 212.25
1337, 1664, 86, 98, 0.6000, 1.8640, 1.8638, 0.0293, 0.1800, 182.33
1337, 1658, 161, 52, 0.5000, 41.0907, 40.7139, 5.5519, 0.1500, 166.33
1337, 1659, 116, 159, 0.5556, 37.4207, 17.1861, 33.2407, 0.2222, 156.38
1337, 1617, -15, 169, 0.5222, 67.9813, -49.8187, 46.2553, 0.2611, 136.80
1337, 1660, 23, 163, 0.5556, 52.0604, -31.9605, 41.0951, 0.2222, 139.75
1338, 1582, 114, 80, 1.0000, 16.7461, 12.5860, -11.0464, 1.0000, 187.39
1338, 1631, 69, 100, 1.0000, 2.7345, 2.7343, 0.0391, 1.0000, 242.43
1338, 1549, 48, 114, 0.6000, 32.2796, 8.7530, 31.0703, 0.3600, 210.17
1338, 1606, 109, 28, 0.7951, 17.4643, -8.6678, 15.1615, 0.6361, 139.50
1338, 1657, 76, 32, 0.8167, 1.4025, 0.9558, -1.0264, 0.4900, 210.17
1338, 1661, 126, 96, 0.7667, 1.0025, -0.9411, 0.3455, 0.4600, 107.00
1338, 1662, 20, 12, 0.7111, 7.7254, -7.1547, -2.9141, 0.3556, 212.20
1338, 1664, 60, 92, 0.6556, 24.1576, -23.5008, -5.5951, 0.2622, 178.50
1338, 1561, 44, -37, 0.5587, 52.3965, -17.0545, -49.5432, 0.3911, 118.86
1339, 1631, 86, 97, 1.0000, 15.6525, 15.4988, -2.1878, 1.0000, 239.69
1339, 1549, 69, 105, 0.6587, 21.3943, 20.3711, -6.5370, 0.4611, 216.14
1339, 1661, 127, 115, 0.8222, 18.2070, 0.7283, 18.1924, 0.5756, 102.29
1339, 1664, 50, 67, 0.7111, 25.9979, -10.7584, -23.6675, 0.3556, 183.20
1339, 1657, 77, 31, 0.7167, 1.4025, 0.9558, -1.0264, 0.4300, 210.17
1340, 1631, 99, 93, 1.0000, 13.9709, 13.4266, -3.8617, 1.0000, 234.14
1340, 1657, 80, 31, 0.8722, 2.1874, 2.1398, -0.4538, 0.6106, 208.14
1340, 1610, 42, 106, 0.5625, 45.0291, 37.4575, 24.9912, 0.2250, 167.50
1341, 1631, 118, 98, 1.0000, 18.2032, 17.9334, 3.1222, 1.0000, 228.44
1341, 1657, 81, 41, 0.8778, 9.1349, 1.2572, 9.0480, 0.7022, 207.12
1341, 1610, 18, 120, 0.6222, 23.4601, -17.8171, 15.2619, 0.3111, 165.20
1341, 1665, 46, 69, 0.6000, 72.8729, 29.9799, 66.4203, 0.1800, 215.50
1341, 1671, 77, 96, 0.6000, 56.4356, 5.6155, 56.1555, 0.1800, 232.00
1342, 1631, 117, 103, 1.0000, 5.1700, 1.7880, 4.8510, 1.0000, 223.80
1342, 1657, 81, 44, 0.9333, 3.7754, 0.1341, 3.7730, 0.8400, 206.44
1342, 1610, 4, 128, 0.6806, 16.3465, -14.1551, 8.1757, 0.4083, 174.33
1342, 1665, 87, 123, 0.6556, 67.9720, 40.2134, 54.8003, 0.2622, 188.62
1342, 1669, 81, 31, 0.6000, 0.9257, 0.9253, 0.0253, 0.1800, 191.00
1342, 1671, 93, 119, 0.6556, 30.9445, 15.8134, 26.5989, 0.2622, 200.00
1342, 1541, 69, 99, 0.5250, 0.0000, 0.0000, 0.0000, 0.3150, 157.17
1343, 1669, 82, 31, 0.7056, 1.0419, 1.0418, -0.0128, 0.2822, 191.50
1343, 1541, 80, 98, 0.5841, 10.4094, 10.3787, -0.7984, 0.4089, 170.57
1343, 1610, -10, 136, 0.5806, 16.3465, -14.1551, 8.1757, 0.3483, 174.33
1343, 1665, 128, 178, 0.5556, 67.9720, 40.2134, 54.8003, 0.2222, 188.62
1343, 1671, 109, 146, 0.5556, 30.9445, 15.8134, 26.5989, 0.2222, 200.00
1344, 1669, 84, 31, 0.7611, 1.8338, 1.8338, -0.0071, 0.3806, 195.00
1344, 1541, 85, 98, 0.6424, 4.8467, 4.8404, -0.2474, 0.5139, 180.88
1344, 1685, 74, 77, 0.6000, 49.8687, -27.8162, 41.3902, 0.1800, 164.00
1345, 1669, 75, 24, 0.7667, 10.6824, -8.4809, -6.4952, 0.4600, 195.33
1345, 1541, 87, 97, 0.7000, 2.7340, 2.6185, -0.7860, 0.6300, 188.56
1345, 1678, 85, 7, 0.6000, 70.7960, 70.4095, -7.3878, 0.1800, 191.67
1345, 1680, 5, 61, 0.6000, 40.0239, 3.6841, 39.8539, 0.1800, 216.00
1345, 1620, 114, 5, 0.5625, 68.3891, 68.3831, -0.9056, 0.2250, 196.25
1345, 1682, 21, 3, 0.6000, 0.9965, 0.9965, 0.0000, 0.1800, 216.00
1345, 1685, 17, 121, 0.6556, 69.6714, -54.2520, 43.7130, 0.2622, 162.25
1346, 1650, 101, 84, 1.0000, 1.4486, 1.4412, 0.1457, 1.0000, 168.46
1346, 1611, 8, 81, 0.5625, 10.7533, -2.8378, -10.3721, 0.2250, 173.00
1346, 1668, 105, 53, 0.6000, 30.1026, 19.8195, 22.6573, 0.1800, 174.33
1346, 1541, 90, 97, 0.7572, 2.6451, 2.6361, -0.2189, 0.7572, 195.00
1346, 1678, 115, 8, 0.6556, 32.7387, 32.7352, 0.4796, 0.2622, 181.50
1346, 1680, 3, 97, 0.6556, 36.9000, -1.4414, 36.8718, 0.2622, 202.75
1346, 1620, 134, 33, 0.6222, 34.9230, 23.9427, 25.4236, 0.3111, 189.20
1346, 1623, 84, 49, 0.5625, 16.4308, 12.8784, 10.2038, 0.2250, 206.75
1346, 1682, 3, 0, 0.6556, 16.8111, -16.6380, -2.4061, 0.2622, 219.25
1346, 1685, -37, 164, 0.5556, 69.6714, -54.2520, 43.7130, 0.2222, 162.25
1347, 1644, 110, 10, 0.6000, 44.0014, -12.7310, -42.1194, 0.1800, 133.33
1347, 1573, 59, 39, 0.5400, 75.1995, -2.9231, -75.1427, 0.2700, 160.60
1347, 1611, 2, 67, 0.6222, 14.1609, -5.5213, -13.0401, 0.3111, 177.00
1347, 1668, 98, 99, 0.6556, 44.4474, -4.6804, 44.2003, 0.2622, 158.50
1347, 1541, 92, 97, 0.8141, 2.1224, 2.1221, 0.0335, 0.8141, 200.27
1347, 1682, 16, 13, 0.7111, 15.8221, 10.9407, 11.4298, 0.3556, 216.60
1347, 1678, 147, 8, 0.5556, 32.7387, 32.7352, 0.4796, 0.2222, 181.50
1347, 1680, 1, 134, 0.5556, 36.9000, -1.4414, 36.8718, 0.2222, 202.75
1347, 1620, 158, 58, 0.5222, 34.9230, 23.9427, 25.4236, 0.2611, 189.20
1348, 1549, 104, 97, 1.0000, 2.0888, 2.0886, -0.0265, 1.0000, 185.12
1348, 1644, 88, 14, 0.6556, 21.1984, -21.1891, -0.6301, 0.2622, 143.75
1348, 1573, 32, -3, 0.6000, 51.9329, -24.6102, -45.7315, 0.3600, 170.17
1348, 1541, 95, 96, 0.8708, 2.8726, 2.7669, -0.7721, 0.8708, 204.33
1348, 1613, 15, 123, 0.5625, 0.9616, 0.9612, 0.0293, 0.2250, 157.25
1348, 1584, 118, 95, 0.5400, 25.3942, 15.4085, -20.1852, 0.2700, 98.80
1348, 1611, -3, 54, 0.5222, 14.1609, -5.5213, -13.0401, 0.2611, 177.00
1348, 1668, 93, 143, 0.5556, 44.4474, -4.6804, 44.2003, 0.2222, 158.50
1349, 1644, 63, 33, 0.7111, 30.9953, -25.3074, 17.8955, 0.3556, 154.20
1349, 1663, 35, 46, 0.6000, 0.9680, 0.0000, 0.9680, 0.1800, 206.00
1349, 1673, 54, 47, 0.6000, 27.6133, -26.7897, 6.6937, 0.1800, 192.33
1349, 1541, 98, 96, 0.9274, 3.0514, 3.0410, -0.2516, 0.9274, 208.23
1349, 1623, 111, 94, 0.6222, 17.9680, 8.0937, 16.0419, 0.3111, 184.80
1349, 1613, 16, 124, 0.6722, 1.2888, 1.0169, 0.7918, 0.3361, 155.20
1349, 1573, 8, -49, 0.5000, 51.9329, -24.6102, -45.7315, 0.3000, 170.17
1350, 1663, 56, 62, 0.6556, 24.1310, 19.1966, 14.6218, 0.2622, 202.75
1350, 1611, 3, 25, 0.6806, 14.5083, 1.6588, -14.4131, 0.4083, 181.17
1350, 1673, 23, 19, 0.6556, 39.9380, -31.2884, -24.8209, 0.2622, 195.00
1350, 1541, 100, 96, 0.9837, 2.2323, 2.2322, 0.0212, 0.9837, 210.46
1350, 1623, 109, 115, 0.6806, 21.4232, -1.6477, 21.3598, 0.4083, 173.17
1350, 1682, 50, 8, 0.8222, 14.3147, 14.0332, -2.8245, 0.5756, 214.43
1350, 1613, 17, 125, 0.7306, 1.4598, 1.0100, 1.0540, 0.4383, 154.33
1350, 1584, 115, 67, 0.6000, 13.6142, -3.7536, -13.0865, 0.3600, 101.67
1351, 1541, 103, 95, 1.0000, 2.8551, 2.7488, -0.7717, 1.0000, 213.23
1351, 1623, 110, 119, 0.7381, 4.6153, 0.2554, 4.6082, 0.5167, 163.14
1351, 1684, 54, 10, 0.6000, 17.0827, 14.2058, -9.4876, 0.1800, 200.33
1351, 1613, 17, 125, 0.7881, 0.2999, 0.1891, 0.2328, 0.5517, 153.57
1351, 1663, 75, 77, 0.5556, 24.1310, 19.1966, 14.6218, 0.2222, 202.75
1351, 1673, -9, -6, 0.5556, 39.9380, -31.2884, -24.8209, 0.2222, 195.00
1351, 1584, 111, 54, 0.5000, 13.6142, -3.7536, -13.0865, 0.3000, 101.67
1352, 1541, 106, 95, 1.0000, 3.0311, 3.0207, -0.2498, 1.0000, 215.66
1352, 1684, 50, 9, 0.6556, 2.5936, -2.0885, -1.5377, 0.2622, 201.75
1352, 1613, 18, 125, 0.8451, 0.7393, 0.7367, -0.0627, 0.6761, 151.38
1352, 1584, 61, 32, 0.6587, 36.2671, -31.5420, -17.8998, 0.4611, 117.00
1352, 1689, 110, 87, 0.6000, 2.1756, 1.9517, 0.9612, 0.1800, 118.67
1353, 1541, 109, 95, 1.0000, 3.0398, 3.0397, 0.0217, 1.0000, 217.15
1353, 1684, 53, 5, 0.7111, 4.1954, 2.4883, -3.3778, 0.3556, 201.80
1353, 1688, 91, 96, 0.8778, 7.6204, -7.2293, 2.4098, 0.7022, 103.50
1353, 1689, 111, 87, 0.7056, 1.2482, 1.2289, 0.2185, 0.2822, 118.25
1353, 1613, 19, 125, 0.7451, 0.7393, 0.7367, -0.0627, 0.5961, 151.38
1354, 1541, 112, 93, 1.0000, 3.3976, 3.0101, -1.5756, 1.0000, 213.64
1354, 1684, 54, 5, 0.7667, 1.3842, 1.0704, -0.8776, 0.4600, 203.33
1354, 1688, 85, 90, 0.9333, 7.9989, -6.4073, -4.7884, 0.8400, 106.67
1354, 1689, 113, 88, 0.7611, 1.9245, 1.7670, 0.7626, 0.3806, 116.40
1354, 1613, 19, 125, 0.6451, 0.7393, 0.7367, -0.0627, 0.5161, 151.38
1355, 1541, 114, 94, 1.0000, 2.2131, 2.1948, 0.2833, 1.0000, 215.61
1355, 1684, 60, 2, 0.8222, 6.1900, 5.7517, -2.2880, 0.5756, 202.43
1355, 1613, 20, 119, 0.9019, 2.5970, 0.6865, -2.5046, 0.8117, 151.89
1355, 1688, 85, 112, 0.9889, 19.6288, -0.3822, 19.6251, 0.9889, 106.90
1355, 1689, 114, 88, 0.8167, 1.2339, 1.2150, 0.2150, 0.4900, 115.50
1356, 1541, 117, 94, 1.0000, 2.7468, 2.7300, 0.3036, 1.0000, 217.38
1356, 1613, 18, 114, 0.9583, 4.9684, -1.6071, -4.7013, 0.9583, 153.00
1356, 1688, 81, 123, 1.0000, 12.7148, -4.0522, 12.0518, 1.0000, 107.91
1356, 1689, 116, 88, 0.8722, 1.7771, 1.7768, -0.0303, 0.6106, 112.00
1356, 1696, 8, 94, 0.6000, 1.4014, 1.0198, 0.9612, 0.1800, 252.33
1356, 1684, 66, 0, 0.7222, 6.1900, 5.7517, -2.2880, 0.5056, 202.43
1357, 1541, 120, 93, 1.0000, 3.1032, 3.0162, -0.7296, 1.0000, 215.83
1357, 1613, 20, 93, 0.9646, 20.3749, 1.8013, -20.2951, 0.9646, 156.18
1357, 1689, 118, 89, 0.9278, 2.1693, 2.0299, 0.7651, 0.7422, 112.00
1357, 1630, 48, 54, 0.5625, 67.4300, -3.7437, -67.3260, 0.2250, 149.00
1357, 1696, 10, 94, 0.7056, 1.8154, 1.8022, 0.2185, 0.2822, 241.38
1357, 1684, 72, -2, 0.6222, 6.1900, 5.7517, -2.2880, 0.4356, 202.43
1358, 1541, 123, 93, 1.0000, 3.0561, 3.0421, -0.2926, 1.0000, 217.61
1358, 1683, 13, 51, 0.6000, 46.6141, -31.9780, 33.9158, 0.1800, 202.33
1358, 1684, 57, 11, 0.8778, 5.1519, -2.8646, 4.2821, 0.7022, 201.50
1358, 1613, 20, 87, 1.0000, 7.0001, 0.0189, -7.0001, 1.0000, 158.08
1358, 1689, 119, 89, 0.9833, 1.2675, 1.2407, 0.2593, 0.8850, 111.00
1358, 1630, 21, 12, 0.6222, 50.4338, -24.9790, -43.8134, 0.3111, 162.20
1358, 1696, 10, 94, 0.7611, 0.4367, 0.4339, -0.0496, 0.3806, 244.10
1359, 1670, 15, 18, 0.6000, 16.3581, 4.8792, -15.6135, 0.1800, 206.00
1359, 1541, 126, 93, 1.0000, 3.0125, 3.0125, -0.0030, 1.0000, 219.15
1359, 1689, 121, 89, 1.0000, 1.7384, 1.7384, -0.0145, 1.0000, 109.70
1359, 1696, 12, 94, 0.8167, 1.5262, 1.5256, -0.0446, 0.4900, 245.92
1359, 1698, 126, 8, 0.6000, 0.9612, 0.9612, 0.0000, 0.1800, 126.00
1359, 1683, -19, 85, 0.5000, 46.6141, -31.9780, 33.9158, 0.1500, 202.33
1359, 1630, -4, -31, 0.5222, 50.4338, -24.9790, -43.8134, 0.2611, 162.20
1360, 1670, 19, 2, 0.6556, 16.8596, 4.2965, -16.3029, 0.2622, 207.25
1360, 1541, 124, 101, 1.0000, 7.2742, -1.6917, 7.0747, 1.0000, 213.60
1360, 1689, 123, 90, 1.0000, 2.1477, 2.0124, 0.7503, 1.0000, 109.91
1360, 1696, 13, 95, 0.8722, 1.4788, 1.2439, 0.7997, 0.6106, 246.93
1360, 1698, 127, 8, 0.5000, 0.9612, 0.9612, 0.0000, 0.1500, 126.00
1361, 1670, 7, 18, 0.7111, 18.0103, -11.4444, 13.9066, 0.3556, 206.40
1361, 1541, 122, 105, 1.0000, 4.4797, -1.8081, 4.0986, 1.0000, 211.58
1361, 1689, 124, 90, 1.0000, 1.2817, 1.2540, 0.2649, 1.0000, 109.50
1361, 1696, 14, 95, 0.9278, 1.0460, 1.0110, 0.2683, 0.7422, 247.94
1361, 1698, 106, 18, 0.6556, 13.0652, -11.8134, 5.5805, 0.2622, 138.00
1362, 1541, 124, 105, 1.0000, 1.9903, 1.9320, 0.4781, 1.0000, 209.17
1362, 1689, 126, 90, 1.0000, 1.7328, 1.7328, -0.0090, 1.0000, 112.00
1362, 1696, 15, 95, 0.9833, 0.9714, 0.9713, -0.0166, 0.8850, 248.72
1362, 1698, 111, 17, 0.7111, 4.1911, 4.1615, -0.4979, 0.3556, 137.80
1363, 1541, 126, 104, 1.0000, 1.7764, 1.7298, -0.4045, 1.0000, 206.19
1363, 1518, 69, 45, 0.5143, 28.3680, -28.3009, 1.9502, 0.3600, 172.71
1363, 1687, 11, 80, 0.6000, 55.8686, -55.3254, 7.7713, 0.1800, 177.50
1363, 1689, 127, 90, 1.0000, 1.2302, 1.2296, -0.0401, 1.0000, 111.64
1363, 1696, 17, 96, 1.0000, 1.9359, 1.7834, 0.7531, 1.0000, 247.95
1364, 1541, 127, 104, 1.0000, 1.1510, 1.1312, -0.2126, 1.0000, 205.86
1364, 1518, 10, 89, 0.5722, 68.9309, -55.8868, 40.3501, 0.4578, 169.38
1364, 1687, -4, 113, 0.6556, 36.3174, -18.3402, 31.3464, 0.2622, 170.62
1364, 1689, 125, 104, 1.0000, 12.5363, -2.1112, 12.3573, 1.0000, 108.07
1364, 1696, 18, 96, 1.0000, 1.3007, 1.2740, 0.2619, 1.0000, 248.59
1364, 1639, 108, 18, 0.5625, 41.9464, 39.3799, 14.4473, 0.2250, 195.75
1364, 1655, 8, 124, 0.5625, 19.6047, -19.2240, 3.8448, 0.2250, 158.50
1365, 1689, 110, 104, 1.0000, 13.3986, -13.3164, 1.4825, 1.0000, 107.72
1365, 1696, 19, 96, 1.0000, 0.9892, 0.9892, -0.0109, 1.0000, 245.17
1365, 1639, 129, 41, 0.6222, 32.3695, 23.3365, 22.4320, 0.3111, 179.80
1365, 1655, 17, 115, 0.6222, 10.4338, 6.8066, -7.9079, 0.3111, 157.40
1365, 1541, 128, 104, 0.9000, 1.1510, 1.1312, -0.2126, 0.9000, 205.86
1365, 1687, -22, 145, 0.5556, 36.3174, -18.3402, 31.3464, 0.2222, 170.62
1366, 1626, 8, 35, 0.5625, 40.7126, -35.1672, -20.5129, 0.2250, 210.50
1366, 1696, 20, 97, 1.0000, 1.2119, 0.9584, 0.7418, 1.0000, 245.62
1366, 1655, 17, 108, 0.6806, 6.9921, 0.3950, -6.9809, 0.4083, 157.33
1366, 1541, 129, 104, 0.8000, 1.1510, 1.1312, -0.2126, 0.8000, 205.86
1366, 1639, 153, 63, 0.5222, 32.3695, 23.3365, 22.4320, 0.2611, 179.80
1367, 1648, 98, 93, 0.5625, 29.9635, 27.1763, -12.6198, 0.2250, 134.75
1367, 1628, 66, 23, 0.5625, 82.0112, 50.2879, -64.7840, 0.2250, 174.50
1367, 1691, 39, 5, 0.6556, 14.1645, 10.4023, -9.6138, 0.2622, 209.75
1367, 1696, 22, 97, 1.0000, 1.7844, 1.7639, 0.2697, 1.0000, 245.93
1367, 1699, 112, 20, 0.6000, 1.3386, 0.9585, 0.9344, 0.1800, 157.00
1367, 1703, 16, 59, 0.6000, 13.3880, 12.4956, -4.8060, 0.1800, 192.67
1367, 1541, 131, 103, 0.7000, 1.1510, 1.1312, -0.2126, 0.7000, 205.86
1367, 1655, 17, 101, 0.5806, 6.9921, 0.3950, -6.9809, 0.3483, 157.33
1368, 1626, 27, 15, 0.6222, 18.1262, 16.2548, -8.0214, 0.3111, 210.60
1368, 1648, 102, 92, 0.6222, 6.9041, 6.2627, -2.9060, 0.3111, 128.40
1368, 1628, 83, 19, 0.6222, 22.6209, 20.5206, -9.5189, 0.3111, 175.40
1368, 1691, 67, -1, 0.7111, 27.4790, 26.7643, -6.2267, 0.3556, 205.40
1368, 1696, 23, 98, 1.0000, 1.4981, 1.2862, 0.7681, 1.0000, 246.40
1368, 1699, 112, 20, 0.7056, 0.3350, 0.2284, 0.2451, 0.2822, 164.75
1368, 1655, 26, 96, 0.7381, 7.6713, 5.0445, -5.7794, 0.5167, 159.29
1368, 1676, 61, 77, 0.5625, 15.5310, 15.5224, 0.5174, 0.2250, 186.50
1368, 1703, 53, 57, 0.6556, 34.8791, 34.7753, -2.6893, 0.2622, 195.25
1368, 1707, 7, 117, 0.6000, 26.5505, -25.9231, -5.7379, 0.1800, 157.67
1368, 1541, 132, 103, 0.6000, 1.1510, 1.1312, -0.2126, 0.6000, 205.86
1369, 1626, 43, 4, 0.6806, 19.2766, 15.9983, -10.7536, 0.4083, 211.83
1369, 1648, 100, 92, 0.6806, 1.4981, -1.3585, 0.6315, 0.4083, 124.17
1369, 1628, 101, 33, 0.6806, 22.3134, 18.1088, 13.0369, 0.4083, 172.33
1369, 1691, 73, -1, 0.7667, 7.2239, 7.1873, -0.7258, 0.4600, 202.17
1369, 1696, 24, 98, 1.0000, 1.0289, 0.9986, 0.2480, 1.0000, 246.69
1369, 1697, 54, 15, 0.6000, 67.1371, -66.5745, 8.6737, 0.1800, 154.50
1369, 1699, 112, 21, 0.7611, 0.7752, -0.0460, 0.7739, 0.3806, 169.20
1369, 1656, 29, 12, 0.5625, 48.7190, 12.1052, -47.1911, 0.2250, 206.38
1369, 1676, 109, 100, 0.6222, 52.0338, 47.1900, 21.9230, 0.3111, 168.00
1369, 1703, 80, 43, 0.7111, 30.9113, 27.9311, -13.2422, 0.3556, 193.20
1369, 1707, 14, 65, 0.6556, 47.7642, 3.6737, -47.6227, 0.2622, 169.25
1369, 1541, 133, 103, 0.5000, 1.1510, 1.1312, -0.2126, 0.5000, 205.86
1370, 1648, 99, 93, 0.7381, 1.3866, -1.2577, 0.5839, 0.5167, 121.00
1370, 1696, 25, 99, 1.0000, 1.2164, 0.9586, 0.7488, 1.0000, 244.47
1370, 1697, 0, 69, 0.6556, 74.2323, -54.8322, 50.0386, 0.2622, 179.62
1370, 1699, 113, 21, 0.8167, 0.7967, 0.7671, 0.2152, 0.4900, 171.00
1370, 1700, 14, 113, 0.6000, 40.6645, 13.4373, 38.3802, 0.1800, 200.00
1370, 1676, 120, 105, 0.6806, 15.0977, 13.5165, 6.7264, 0.4083, 156.17
1370, 1707, 21, 46, 0.7111, 22.6613, 7.5522, -21.3658, 0.3556, 176.80
1370, 1626, 59, -6, 0.5806, 19.2766, 15.9983, -10.7536, 0.3483, 211.83
1371, 1648, 99, 93, 0.7951, 0.2330, -0.2113, 0.0980, 0.6361, 118.88
1371, 1696, 27, 99, 1.0000, 1.7628, 1.7447, 0.2515, 1.0000, 243.50
1371, 1699, 114, 21, 0.8722, 1.0621, 1.0616, -0.0317, 0.6106, 167.86
1371, 1705, 6, 70, 0.6000, 72.0446, -22.2027, 68.5381, 0.1800, 236.00
1371, 1697, -55, 119, 0.5556, 74.2323, -54.8322, 50.0386, 0.2222, 179.62
1371, 1700, 28, 151, 0.5000, 40.6645, 13.4373, 38.3802, 0.1500, 200.00
1371, 1676, 134, 112, 0.5806, 15.0977, 13.5165, 6.7264, 0.3483, 156.17
1372, 1696, 28, 100, 1.0000, 1.4949, 1.2959, 0.7452, 1.0000, 243.84
1372, 1699, 115, 21, 0.9278, 1.0515, 1.0508, -0.0387, 0.7422, 165.12
1372, 1705, 7, 120, 0.6556, 51.5874, -0.9530, 51.5786, 0.2622, 215.00
1373, 1696, 29, 100, 1.0000, 1.0399, 1.0075, 0.2573, 1.0000, 243.70
1373, 1699, 116, 21, 0.9833, 1.0088, 1.0088, -0.0087, 0.8850, 167.89
1373, 1706, 7, 19, 0.6000, 74.2593, 5.6343, -74.0453, 0.1800, 192.67
1373, 1710, 8, 94, 0.6000, 34.4316, -16.8569, -30.0229, 0.1800, 156.67
1373, 1674, 23, 89, 0.5625, 37.1142, -34.6898, 13.1938, 0.2250, 200.50
1373, 1705, 6, 171, 0.5556, 51.5874, -0.9530, 51.5786, 0.2222, 215.00
1374, 1541, 127, 95, 1.0000, 1.2779, -0.4867, -1.1816, 1.0000, 201.25
1374, 1696, 30, 101, 1.0000, 1.2118, 0.9592, 0.7404, 1.0000, 244.24
1374, 1699, 118, 21, 1.0000, 1.7908, 1.7908, 0.0022, 1.0000, 165.70
1374, 1667, 71, 37, 0.5625, 37.3582, 6.5822, 36.7738, 0.2250, 214.25
1374, 1710, 19, 60, 0.6556, 34.4098, 8.5577, -33.3287, 0.2622, 168.25
1374, 1674, 6, 79, 0.6222, 20.5361, -18.8912, -8.0533, 0.3111, 210.80
1374, 1706, 12, -55, 0.5000, 74.2593, 5.6343, -74.0453, 0.1500, 192.67
1375, 1541, 101, 93, 1.0000, 26.1196, -26.0470, -1.9454, 1.0000, 198.01
1375, 1696, 32, 102, 1.0000, 1.9974, 1.7259, 1.0056, 1.0000, 242.59
1375, 1699, 119, 20, 1.0000, 1.4961, 1.2715, -0.7884, 1.0000, 165.91
1375, 1667, 67, 74, 0.6222, 37.4015, -2.3471, 37.3278, 0.3111, 207.00
1375, 1710, 16, 21, 0.7111, 39.2323, -2.5794, -39.1474, 0.3556, 177.20
1375, 1674, 7, 75, 0.6806, 4.1257, 0.0110, -4.1257, 0.4083, 218.17
1375, 1713, 23, 64, 0.6000, 55.7676, -4.6296, -55.5751, 0.1800, 162.67
1376, 1696, 33, 102, 1.0000, 1.3392, 1.3047, 0.3021, 1.0000, 242.61
1376, 1699, 120, 19, 1.0000, 1.4504, 0.9873, -1.0626, 1.0000, 167.50
1376, 1667, 57, 85, 0.6806, 16.0151, -9.6494, 12.7818, 0.4083, 204.58
1376, 1679, 3, 76, 0.5625, 76.2430, 2.8573, 76.1894, 0.2250, 222.38
1376, 1713, 28, 20, 0.6556, 45.1396, 3.6262, -44.9938, 0.2622, 175.25
1376, 1634, 81, 5, 0.5400, 35.6163, 1.9224, -35.5644, 0.2700, 181.20
1376, 1714, 124, 104, 0.6000, 1.9517, 1.9517, 0.0000, 0.1800, 92.67
1377, 1696, 34, 103, 1.0000, 1.2391, 1.0167, 0.7082, 1.0000, 242.17
1377, 1699, 122, 18, 1.0000, 2.0328, 1.7398, -1.0514, 1.0000, 164.69
1377, 1666, 23, 23, 0.5625, 19.7121, 7.6348, 18.1735, 0.2250, 208.75
1377, 1679, 55, 119, 0.6222, 66.9453, 47.9957, 46.6700, 0.3111, 206.30
1377, 1634, 81, 0, 0.6000, 8.0971, 0.4370, -8.0853, 0.3600, 180.17
1377, 1714, 117, 83, 0.6556, 20.0652, -5.9564, -19.1607, 0.2622, 94.75
1377, 1713, 31, -25, 0.5556, 45.1396, 3.6262, -44.9938, 0.2222, 175.25
1378, 1696, 35, 104, 1.0000, 1.3748, 0.9603, 0.9838, 1.0000, 241.72
1378, 1699, 123, 17, 1.0000, 1.6220, 1.2692, -1.0099, 1.0000, 161.86
1378, 1666, 19, 57, 0.6222, 32.4933, -2.1480, 32.4222, 0.3111, 207.00
1378, 1634, 71, 8, 0.6587, 12.3907, -9.8460, 7.5223, 0.4611, 181.14
1378, 1714, 121, 46, 0.7111, 36.0976, 2.7895, -35.9896, 0.3556, 100.00
1378, 1717, 86, 114, 0.6000, 35.7456, -35.5351, 3.8741, 0.1800, 96.33
1378, 1679, 103, 166, 0.5222, 66.9453, 47.9957, 46.6700, 0.2611, 206.30
1379, 1696, 36, 105, 1.0000, 1.4280, 0.9804, 1.0382, 1.0000, 240.88
1379, 1699, 124, 16, 1.0000, 1.4082, 0.9951, -0.9964, 1.0000, 159.73
1379, 1702, 72, 3, 0.6000, 60.5645, -6.7897, -60.1828, 0.1800, 208.00
1379, 1704, 11, 13, 0.6000, 64.7067, -2.9008, -64.6417, 0.1800, 218.67
1379, 1666, 15, 79, 0.6806, 22.8083, -4.0305, 22.4493, 0.4083, 214.17
1379, 1717, 40, 103, 0.6556, 46.5959, -45.6149, -9.5112, 0.2622, 114.00
1379, 1714, 123, 10, 0.6111, 36.0976, 2.7895, -35.9896, 0.3056, 100.00
1380, 1696, 36, 106, 1.0000, 1.0555, 0.2750, 1.0191, 1.0000, 239.83
1380, 1699, 126, 16, 1.0000, 1.7440, 1.7290, -0.2284, 1.0000, 158.31
1380, 1702, 77, 10, 0.6556, 3.2664, 3.2249, 0.5191, 0.2622, 211.00
1380, 1666, 20, 91, 0.7381, 14.0094, 3.8653, 13.4656, 0.5167, 210.29
1380, 1716, 34, 100, 0.6000, 30.2346, 26.8342, 13.9304, 0.1800, 165.00
1380, 1717, 14, 79, 0.7111, 35.3001, -26.8526, -22.9136, 0.3556, 141.60
1380, 1720, 39, 102, 0.6000, 14.6978, -2.8543, -14.4180, 0.1800, 151.67
1380, 1704, 8, -52, 0.5000, 64.7067, -2.9008, -64.6417, 0.1500, 218.67
1381, 1696, 39, 107, 1.0000, 2.3468, 2.1220, 1.0024, 1.0000, 239.98
1381, 1699, 126, 15, 1.0000, 0.8741, 0.5117, -0.7087, 1.0000, 156.74
1381, 1702, 79, 2, 0.7111, 7.6264, 2.6327, -7.1576, 0.3556, 204.40
1381, 1720, 20, 79, 0.6556, 28.4115, -17.4277, -22.4385, 0.2622, 177.50
1381, 1666, 24, 105, 0.6381, 14.0094, 3.8653, 13.4656, 0.4467, 210.29
1381, 1716, 61, 114, 0.5000, 30.2346, 26.8342, 13.9304, 0.1500, 165.00
1381, 1717, -13, 56, 0.6111, 35.3001, -26.8526, -22.9136, 0.3056, 141.60
1382, 1696, 41, 108, 1.0000, 2.5329, 2.3280, 0.9980, 1.0000, 238.10
1382, 1666, 20, 118, 0.7951, 13.2500, -0.4113, 13.2437, 0.6361, 204.38
1382, 1716, 63, 114, 0.6556, 13.9114, 12.4694, 6.1676, 0.2622, 161.25
1382, 1720, 18, 75, 0.7111, 6.2215, -3.4272, -5.1925, 0.3556, 193.00
1382, 1699, 127, 14, 0.9000, 0.8741, 0.5117, -0.7087, 0.9000, 156.74
1383, 1696, 41, 109, 1.0000, 1.2239, 0.7074, 0.9987, 1.0000, 236.87
1383, 1674, 7, 85, 1.0000, 1.0270, -0.1789, -1.0113, 1.0000, 209.12
1383, 1634, 58, 5, 0.9444, 0.8099, 0.8075, 0.0626, 0.9444, 193.00
1383, 1716, 96, 97, 0.7111, 36.4763, 32.3018, -16.9444, 0.3556, 149.80
1383, 1719, 20, 80, 0.6000, 31.4735, 7.4661, -30.5751, 0.1800, 191.00
1383, 1720, 8, 73, 0.7667, 9.7607, -9.3593, -2.7701, 0.4600, 191.83
1383, 1699, 127, 14, 0.8000, 0.8741, 0.5117, -0.7087, 0.8000, 156.74
1383, 1666, 20, 131, 0.6951, 13.2500, -0.4113, 13.2437, 0.5561, 204.38
1384, 1696, 42, 110, 1.0000, 1.1937, 0.6523, 0.9997, 1.0000, 237.00
1384, 1672, 38, 19, 0.5625, 55.7592, 15.5703, -53.5412, 0.2250, 184.25
1384, 1719, 34, 67, 0.6556, 20.0768, 13.1562, -15.1655, 0.2622, 193.00
1384, 1699, 128, 13, 0.7000, 0.8741, 0.5117, -0.7087, 0.7000, 156.74
1385, 1696, 43, 111, 1.0000, 1.3371, 0.8875, 1.0001, 1.0000, 236.53
1385, 1672, 58, 1, 0.6222, 28.6758, 19.5280, -20.9990, 0.3111, 189.00
1385, 1674, 23, 119, 1.0000, 18.0692, 8.7071, 15.8329, 1.0000, 200.18
1385, 1719, 58, 35, 0.7111, 38.8721, 23.4668, -30.9895, 0.3556, 193.00
1385, 1699, 128, 12, 0.6000, 0.8741, 0.5117, -0.7087, 0.6000, 156.74
1386, 1696, 43, 112, 1.0000, 1.0460, 0.3066, 1.0001, 1.0000, 236.21
1386, 1632, 42, 37, 0.5400, 44.4526, 37.4249, 23.9876, 0.2700, 218.60
1386, 1634, 28, 1, 1.0000, 11.5747, -7.0593, -9.1727, 1.0000, 196.87
1386, 1699, 129, 12, 0.5000, 0.8741, 0.5117, -0.7087, 0.5000, 156.74
1386, 1672, 78, -20, 0.5222, 28.6758, 19.5280, -20.9990, 0.2611, 189.00
1387, 1696, 44, 113, 1.0000, 1.2159, 0.6916, 1.0000, 1.0000, 235.43
1387, 1672, 84, 1, 0.6806, 12.3393, 11.8641, 3.3912, 0.4083, 199.67
1387, 1708, 11, 86, 0.6000, 58.0268, -42.9385, -39.0307, 0.1800, 158.67
1387, 1632, 84, 27, 0.6000, 42.3622, 41.7668, -7.0773, 0.3600, 212.17
1387, 1634, 15, 4, 1.0000, 13.3255, -12.9206, 3.2601, 1.0000, 197.88
1387, 1690, 31, 8, 0.5625, 24.4140, 19.4053, -14.8148, 0.2250, 197.25
1388, 1696, 45, 114, 1.0000, 1.3922, 0.9687, 1.0000, 1.0000, 234.11
1388, 1699, 121, 10, 1.0000, 1.4268, -1.2233, -0.7343, 1.0000, 154.19
1388, 1708, 2, 115, 0.6556, 25.3698, -12.1078, 22.2942, 0.2622, 158.50
1388, 1632, 123, 46, 0.6587, 43.0119, 39.2369, 17.6207, 0.4611, 200.43
1388, 1634, 13, 6, 1.0000, 2.4985, -1.8391, 1.6912, 1.0000, 198.76
1388, 1690, 76, 35, 0.6222, 48.2109, 42.0881, 23.5135, 0.3111, 195.00
1388, 1692, 26, 117, 0.5625, 55.9713, -11.4464, 54.7884, 0.2250, 188.62
1388, 1727, 110, 79, 0.6000, 55.4535, 54.7884, 8.5628, 0.1800, 164.50
1389, 1696, 47, 115, 1.0000, 1.9919, 1.7227, 1.0000, 1.0000, 233.51
1389, 1634, 14, 5, 1.0000, 1.4288, 1.0629, -0.9548, 1.0000, 200.06
1389, 1654, 23, 91, 0.5400, 34.3431, -28.1371, -19.6914, 0.2700, 160.00
1389, 1690, 84, 43, 0.6806, 14.0925, 10.7226, 9.1446, 0.4083, 193.33
1389, 1692, 30, 115, 0.6222, 3.5893, 2.1483, 2.8754, 0.3111, 180.70
1389, 1701, 51, 99, 0.5625, 0.0958, -0.0303, 0.0909, 0.2250, 161.25
1389, 1727, 126, 19, 0.6556, 56.6168, 19.6410, -53.1007, 0.2622, 151.12
1389, 1708, -10, 137, 0.5556, 25.3698, -12.1078, 22.2942, 0.2222, 158.50
1389, 1632, 163, 64, 0.5587, 43.0119, 39.2369, 17.6207, 0.3911, 200.43
1390, 1696, 48, 116, 1.0000, 1.6865, 1.3580, 1.0000, 1.0000, 232.65
1390, 1702, 22, 70, 1.0000, 19.1641, -4.7755, 18.5596, 1.0000, 221.43
1390, 1634, 14, 4, 1.0000, 1.3350, 0.3831, -1.2789, 1.0000, 201.16
1390, 1654, 14, 62, 0.6000, 30.1433, -10.3561, -28.3084, 0.3600, 166.50
1390, 1692, 29, 119, 0.6806, 4.1229, -1.1858, 3.9487, 0.4083, 175.42
1390, 1701, 39, 90, 0.6222, 13.8103, -11.2163, -8.0572, 0.3111, 166.80
1390, 1727, 146, -34, 0.5556, 56.6168, 19.6410, -53.1007, 0.2222, 151.12
1391, 1696, 49, 118, 1.0000, 1.9808, 1.0529, 1.6778, 1.0000, 232.08
1391, 1709, 98, 94, 0.6000, 54.0862, 44.0794, -31.3420, 0.1800, 135.67
1391, 1722, 55, 88, 0.6000, 38.5174, -8.6610, -37.5310, 0.1800, 153.83
1391, 1654, 4, 34, 0.5000, 30.1433, -10.3561, -28.3084, 0.3000, 166.50
1391, 1692, 27, 123, 0.5806, 4.1229, -1.1858, 3.9487, 0.3483, 175.42
1391, 1701, 27, 82, 0.5222, 13.8103, -11.2163, -8.0572, 0.2611, 166.80
1392, 1696, 50, 119, 1.0000, 1.6496, 0.9646, 1.3382, 1.0000, 232.05
1392, 1709, 111, 88, 0.6556, 18.3569, 16.2205, -8.5950, 0.2622, 128.75
1392, 1722, 75, 42, 0.6556, 48.0648, 17.1540, -44.8995, 0.2622, 161.88
1392, 1701, 7, 63, 0.6806, 21.8795, -16.4862, -14.3847, 0.4083, 169.50
1392, 1693, 62, 10, 0.5625, 25.6461, 23.4890, 10.2952, 0.2250, 212.00
1392, 1729, 99, 93, 0.6000, 7.3050, -6.6991, 2.9129, 0.1800, 108.00
1393, 1696, 50, 121, 1.0000, 1.7488, 0.3031, 1.7223, 1.0000, 230.71
1393, 1709, 118, 78, 0.7111, 12.2294, 7.7981, -9.4205, 0.3556, 124.60
1393, 1693, 80, 39, 0.6222, 32.4067, 18.5318, 26.5851, 0.3111, 206.80
1393, 1728, 122, 104, 0.6000, 25.2456, 6.6121, 24.3643, 0.1800, 99.83
1393, 1729, 98, 93, 0.6556, 1.6677, -1.5362, 0.6490, 0.2622, 107.00
1393, 1722, 92, -3, 0.5556, 48.0648, 17.1540, -44.8995, 0.2222, 161.88
1394, 1696, 53, 120, 1.0000, 1.9827, 1.9825, -0.0227, 1.0000, 230.66
1394, 1712, 32, 120, 0.6000, 1.9562, 1.9562, 0.0034, 0.1800, 148.00
1394, 1718, 43, 40, 0.6000, 67.1890, -6.7871, -66.8454, 0.1800, 174.67
1394, 1693, 86, 44, 0.6806, 9.8568, 6.9366, 7.0029, 0.4083, 203.67
1394, 1728, 99, 111, 0.6556, 22.0653, -20.0736, 9.1613, 0.2622, 101.12
1394, 1729, 99, 93, 0.7111, 0.3752, 0.3419, -0.1545, 0.3556, 106.40
1395, 1696, 54, 121, 1.0000, 1.6657, 1.6296, 0.3452, 1.0000, 230.14
1395, 1712, 38, 86, 0.6556, 31.6905, 6.0231, -31.1128, 0.2622, 164.00
1395, 1718, 26, -1, 0.6556, 46.3094, -15.9546, -43.4743, 0.2622, 184.25
1395, 1728, 78, 103, 0.7111, 22.1482, -20.8571, -7.4514, 0.3556, 109.30
1395, 1729, 99, 93, 0.7667, 0.3390, 0.3111, -0.1347, 0.4600, 106.00
1396, 1691, 65, 44, 1.0000, 28.5932, 16.0534, -23.6613, 1.0000, 194.17
1396, 1696, 55, 122, 1.0000, 1.4270, 1.1524, 0.8416, 1.0000, 230.28
1396, 1712, 61, 58, 0.7111, 35.7922, 21.9270, -28.2894, 0.3556, 173.00
1396, 1729, 99, 93, 0.8222, 0.0591, 0.0546, -0.0228, 0.5756, 105.71
1396, 1718, 10, -45, 0.5556, 46.3094, -15.9546, -43.4743, 0.2222, 184.25
1397, 1696, 57, 123, 1.0000, 1.9228, 1.6208, 1.0345, 1.0000, 230.48
1397, 1729, 99, 93, 0.8778, 0.0257, -0.0235, 0.0105, 0.7022, 105.50
1397, 1732, 96, 6, 0.6000, 3.5393, -2.0104, 2.9129, 0.1800, 188.00
1398, 1696, 58, 124, 1.0000, 1.6710, 1.3023, 1.0471, 1.0000, 230.51
1398, 1729, 99, 93, 0.9333, 0.0160, -0.0147, 0.0063, 0.8400, 105.33
1398, 1732, 122, 15, 0.6556, 25.0668, 23.5334, 8.6327, 0.2622, 171.75
1399, 1696, 60, 124, 1.0000, 1.7353, 1.6948, 0.3729, 1.0000, 229.54
1399, 1729, 99, 93, 0.9889, 0.0017, -0.0016, 0.0007, 0.9889, 105.20
1399, 1732, 114, 27, 0.7111, 13.5981, -6.2704, 12.0660, 0.3556, 166.20
1399, 1734, 65, 18, 0.6000, 1.0017, 0.0253, 1.0014, 0.1800, 204.67
1400, 1696, 61, 126, 1.0000, 1.8488, 1.3210, 1.2935, 1.0000, 229.18
1400, 1686, 32, 99, 0.5625, 80.2632, -23.3345, 76.7964, 0.2250, 187.12
1400, 1692, 52, 117, 1.0000, 0.7919, -0.5660, -0.5538, 1.0000, 163.97
1400, 1729, 99, 93, 1.0000, 0.0016, 0.0014, -0.0006, 1.0000, 105.09
1400, 1734, 66, 19, 0.7056, 1.2780, 0.7914, 1.0034, 0.2822, 202.00
1400, 1711, 47, 85, 0.5625, 1.0198, 1.0198, 0.0000, 0.2250, 251.50
1401, 1696, 62, 127, 1.0000, 1.6513, 1.0467, 1.2772, 1.0000, 229.20
1401, 1643, 20, 57, 0.5400, 57.7297, -57.4333, 5.8426, 0.2700, 212.00
1401, 1725, 8, 57, 0.6000, 70.0953, -11.6817, -69.1150, 0.1800, 162.33
1401, 1729, 99, 93, 1.0000, 0.0007, 0.0007, -0.0003, 1.0000, 105.00
1401, 1681, 56, 61, 0.5625, 54.7675, -43.1428, 33.7369, 0.2250, 168.00
1401, 1730, 89, 3, 0.6000, 26.2335, -26.2168, -0.9371, 0.1800, 151.00
1401, 1734, 66, 20, 0.7611, 1.0301, 0.2434, 1.0009, 0.3806, 199.60
1401, 1711, 49, 86, 0.6722, 1.9711, 1.8022, 0.7984, 0.3361, 251.40
1402, 1696, 53, 122, 1.0000, 7.7453, -6.6465, -3.9765, 1.0000, 227.42
1402, 1643, -1, 74, 0.6000, 28.9199, -24.2843, 15.7046, 0.3600, 208.83
1402, 1725, 30, 17, 0.6556, 46.8949, 18.8949, -42.9199, 0.2622, 170.75
1402, 1729, 99, 93, 1.0000, 0.0000, 0.0000, -0.0000, 1.0000, 104.85
1402, 1681, 20, 91, 0.6222, 47.5587, -36.6682, 30.2865, 0.3111, 171.60
1402, 1730, 67, 8, 0.6556, 22.4367, -21.9635, 4.5835, 0.2622, 159.00
1402, 1734, 67, 20, 0.8167, 0.8077, 0.7855, 0.1880, 0.4900, 197.83
1402, 1711, 51, 86, 0.7306, 2.0732, 2.0584, 0.2474, 0.4383, 251.50
1402, 1741, 83, 115, 0.6000, 19.6047, 19.2240, -3.8448, 0.1800, 133.33
1403, 1729, 99, 93, 1.0000, 0.0001, -0.0001, 0.0000, 1.0000, 104.71
1403, 1730, 39, 18, 0.7111, 29.5845, -27.9646, 9.6551, 0.3556, 168.80
1403, 1734, 67, 21, 0.8722, 0.7701, 0.2220, 0.7374, 0.6106, 196.29
1403, 1735, 32, 20, 0.6000, 42.6691, -13.2099, -40.5727, 0.1800, 212.67
1403, 1737, 9, 58, 0.6000, 24.3549, -9.3714, -22.4797, 0.1800, 180.67
1403, 1711, 53, 85, 0.7881, 2.2096, 2.0446, -0.8377, 0.5517, 245.29
1403, 1740, 91, 14, 0.6000, 30.2501, 19.4316, -23.1836, 0.1800, 186.33
1403, 1696, 47, 118, 0.9000, 7.7453, -6.6465, -3.9765, 0.9000, 227.42
1403, 1643, -25, 89, 0.5000, 28.9199, -24.2843, 15.7046, 0.3000, 208.83
1403, 1725, 49, -26, 0.5556, 46.8949, 18.8949, -42.9199, 0.2222, 170.75
1403, 1681, -17, 121, 0.5222, 47.5587, -36.6682, 30.2865, 0.2611, 171.60
1403, 1741, 103, 111, 0.5000, 19.6047, 19.2240, -3.8448, 0.1500, 133.33
1404, 1729, 99, 93, 1.0000, 0.0000, -0.0000, 0.0000, 1.0000, 104.60
1404, 1734, 68, 21, 0.9278, 0.8028, 0.7729, 0.2173, 0.7422, 196.88
1404, 1735, 54, 19, 0.6556, 19.7055, 19.1773, -4.5319, 0.2622, 208.00
1404, 1737, 2, 42, 0.6556, 17.7127, -7.2074, -16.1800, 0.2622, 185.25
1404, 1711, 55, 87, 0.8451, 2.3977, 2.0068, 1.3122, 0.6761, 246.50
1404, 1740, 90, 1, 0.6556, 13.1870, 0.9676, -13.1514, 0.2622, 182.25
1404, 1741, 124, 98, 0.6556, 22.3740, 20.4355, -9.1096, 0.2622, 122.50
1404, 1675, 59, 36, 0.5400, 20.7495, -20.1852, -4.8060, 0.2700, 191.20
1404, 1743, 104, 28, 0.6000, 1.9517, 1.9517, 0.0000, 0.1800, 163.67
1405, 1729, 99, 93, 1.0000, 0.0000, -0.0000, -0.0000, 1.0000, 104.50
1405, 1711, 57, 87, 0.9019, 2.0683, 1.9964, 0.5408, 0.8117, 247.44
1405, 1741, 127, 96, 0.7111, 4.9415, 4.2188, -2.5728, 0.3556, 113.40
1405, 1675, 17, 60, 0.6000, 45.0498, -39.7169, 21.2615, 0.3600, 188.50
1405, 1742, 60, 35, 0.6000, 46.2313, -39.3088, 24.3340, 0.1800, 171.00
1405, 1743, 117, 30, 0.6556, 11.7169, 11.6076, 1.5967, 0.2622, 160.75
1405, 1734, 69, 21, 0.8278, 0.8028, 0.7729, 0.2173, 0.6622, 196.88
1405, 1735, 73, 14, 0.5556, 19.7055, 19.1773, -4.5319, 0.2222, 208.00
1405, 1737, -6, 26, 0.5556, 17.7127, -7.2074, -16.1800, 0.2222, 185.25
1405, 1740, 91, -12, 0.5556, 13.1870, 0.9676, -13.1514, 0.2222, 182.25
1406, 1729, 99, 93, 1.0000, 0.0000, 0.0000, -0.0000, 1.0000, 104.35
1406, 1734, 78, 11, 0.9333, 7.9990, 5.5938, -5.7179, 0.8400, 194.44
1406, 1735, 106, 28, 0.7111, 27.6619, 26.8728, 6.5603, 0.3556, 196.40
1406, 1711, 59, 87, 0.9583, 1.9979, 1.9979, 0.0064, 0.9583, 244.70
1406, 1740, 113, 4, 0.7111, 14.1626, 13.6376, 3.8204, 0.3556, 190.40
1406, 1675, 10, 104, 0.6587, 43.8527, -9.0300, 42.9130, 0.4611, 184.00
1406, 1742, 21, 86, 0.6556, 63.0358, -39.3119, 49.2756, 0.2622, 175.50
1406, 1743, 120, 60, 0.7111, 28.4183, 4.1707, 28.1106, 0.3556, 150.00
1407, 1729, 99, 93, 1.0000, 0.0000, 0.0000, -0.0000, 1.0000, 104.22
1407, 1734, 55, 6, 0.9889, 21.6171, -20.9220, -5.4374, 0.9889, 195.40
1407, 1737, 0, 24, 0.7111, 3.6067, 1.1397, -3.4219, 0.3556, 188.00
1407, 1711, 61, 88, 1.0000, 2.1269, 1.9998, 0.7244, 1.0000, 241.50
1407, 1675, 1, 147, 0.5587, 43.8527, -9.0300, 42.9130, 0.3911, 184.00
1407, 1742, -18, 136, 0.5556, 63.0358, -39.3119, 49.2756, 0.2222, 175.50
1407, 1743, 124, 88, 0.6111, 28.4183, 4.1707, 28.1106, 0.3056, 150.00
1408, 1729, 99, 93, 1.0000, 0.0000, -0.0000, 0.0000, 1.0000, 104.11
1408, 1711, 62, 88, 1.0000, 1.2352, 1.2099, 0.2489, 1.0000, 240.54
1409, 1729, 99, 93, 1.0000, 0.0000, -0.0000, 0.0000, 1.0000, 104.00
1409, 1711, 64, 88, 1.0000, 1.7232, 1.7232, -0.0116, 1.0000, 240.12
1409, 1721, 59, 116, 0.5625, 0.0678, 0.0606, 0.0303, 0.2250, 147.75
1410, 1729, 99, 93, 1.0000, 0.0000, -0.0000, 0.0000, 1.0000, 103.86
1410, 1711, 66, 89, 1.0000, 2.1433, 2.0102, 0.7433, 1.0000, 241.04
1410, 1721, 59, 116, 0.6722, 0.0274, -0.0245, -0.0123, 0.3361, 148.80
1411, 1729, 99, 93, 1.0000, 0.0000, 0.0000, -0.0000, 1.0000, 103.73
1411, 1711, 67, 88, 1.0000, 1.3626, 1.2647, -0.5071, 1.0000, 238.90
1411, 1721, 59, 116, 0.5722, 0.0274, -0.0245, -0.0123, 0.2861, 148.80
1412, 1729, 99, 93, 1.0000, 0.0000, 0.0000, -0.0000, 1.0000, 103.61
1412, 1711, 70, 90, 1.0000, 2.7994, 2.5019, 1.2560, 1.0000, 239.53
1412, 1721, 54, 126, 0.6806, 6.3626, -2.8494, 5.6889, 0.4083, 143.33
1412, 1677, 66, 39, 0.5400, 43.9322, -43.2540, 7.6896, 0.2700, 167.60
1412, 1695, 37, 43, 0.5400, 34.9649, -27.8455, -21.1464, 0.2700, 199.80
1413, 1729, 99, 93, 1.0000, 0.0000, 0.0000, -0.0000, 1.0000, 103.46
1413, 1711, 72, 90, 1.0000, 2.3537, 2.2910, 0.5397, 1.0000, 239.09
1413, 1677, 65, 40, 0.6000, 5.3377, -5.0433, 1.7482, 0.3600, 175.83
1413, 1715, 6, 18, 0.5625, 0.9910, 0.9905, -0.0293, 0.2250, 219.25
1414, 1729, 99, 93, 1.0000, 0.0000, -0.0000, 0.0000, 1.0000, 103.36
1414, 1711, 73, 90, 1.0000, 1.2740, 1.2737, 0.0248, 1.0000, 237.42
1414, 1677, 70, 39, 0.6587, 3.7393, 3.7181, -0.3971, 0.4611, 185.14
1414, 1695, 35, 37, 0.6000, 3.2852, 3.2815, -0.1570, 0.3600, 199.67
1414, 1715, 8, 17, 0.6722, 1.9744, 1.8087, -0.7918, 0.3361, 219.20
1415, 1729, 99, 93, 1.0000, 0.0000, -0.0000, 0.0000, 1.0000, 103.31
1415, 1711, 76, 91, 1.0000, 2.5361, 2.4398, 0.6921, 1.0000, 238.34
1415, 1695, 42, 70, 0.6587, 32.5715, 6.2234, 31.9714, 0.4611, 198.14
1415, 1715, 9, 17, 0.7306, 1.2749, 1.2517, -0.2418, 0.4383, 219.00
1415, 1677, 73, 39, 0.5587, 3.7393, 3.7181, -0.3971, 0.3911, 185.14
1416, 1729, 96, 85, 1.0000, 7.7628, -2.2306, -7.4354, 1.0000, 104.59
1416, 1711, 78, 91, 1.0000, 2.2922, 2.2768, 0.2658, 1.0000, 239.18
1416, 1715, 10, 17, 0.7881, 0.9745, 0.9742, 0.0268, 0.5517, 218.57
1416, 1723, 8, 89, 0.5625, 12.5325, -12.4956, -0.9612, 0.2250, 182.25
1416, 1749, 80, 26, 0.6000, 0.9905, 0.9905, 0.0000, 0.1800, 200.17
1417, 1711, 79, 92, 1.0000, 1.4973, 1.2928, 0.7553, 1.0000, 239.71
1417, 1715, 11, 17, 0.8451, 0.9596, 0.9587, 0.0403, 0.6761, 218.12
1417, 1723, 0, 58, 0.6222, 29.6345, -9.2277, -28.1612, 0.3111, 186.60
1417, 1749, 81, 26, 0.7056, 1.0104, 1.0104, 0.0000, 0.2822, 197.38
1417, 1750, 29, 127, 0.6000, 0.9905, 0.9905, 0.0000, 0.1800, 182.33
1418, 1711, 81, 92, 1.0000, 1.6965, 1.6760, 0.2630, 1.0000, 240.14
1418, 1715, 12, 17, 0.9019, 0.9899, 0.9898, 0.0097, 0.8117, 221.44
1418, 1723, 1, 20, 0.6806, 37.0531, 1.1030, -37.0367, 0.4083, 189.83
1418, 1749, 82, 27, 0.7611, 1.2917, 1.0044, 0.8122, 0.3806, 196.10
1418, 1750, 31, 127, 0.7056, 1.8087, 1.8087, 0.0000, 0.2822, 192.00
1419, 1711, 83, 92, 1.0000, 1.9741, 1.9741, -0.0061, 1.0000, 238.57
1419, 1747, 27, 121, 0.6000, 56.7785, -31.2776, 47.3868, 0.1800, 175.33
1419, 1715, 14, 16, 0.9583, 1.9711, 1.8010, -0.8011, 0.9583, 221.60
1419, 1749, 82, 27, 0.8167, 0.3206, 0.1882, 0.2595, 0.4900, 194.92
1419, 1750, 32, 126, 0.7611, 1.4922, 1.2517, -0.8122, 0.3806, 185.00
1419, 1723, 2, -17, 0.5806, 37.0531, 1.1030, -37.0367, 0.3483, 189.83
1420, 1711, 85, 93, 1.0000, 2.1541, 2.0382, 0.6972, 1.0000, 239.25
1420, 1715, 15, 16, 1.0000, 1.3021, 1.2731, -0.2731, 1.0000, 220.27
1420, 1749, 84, 27, 0.8722, 1.5449, 1.5447, -0.0224, 0.6106, 193.50
1420, 1750, 34, 127, 0.8167, 1.8695, 1.7860, 0.5523, 0.4900, 182.00
1420, 1758, 2, 106, 0.6000, 5.1825, -4.7767, -2.0104, 0.1800, 155.67
1420, 1747, -4, 168, 0.5000, 56.7785, -31.2776, 47.3868, 0.1500, 175.33
1421, 1711, 87, 93, 1.0000, 2.0408, 2.0198, 0.2915, 1.0000, 239.88
1421, 1715, 16, 16, 1.0000, 0.9860, 0.9859, 0.0141, 1.0000, 220.33
1421, 1749, 85, 27, 0.9278, 1.2861, 1.2855, -0.0415, 0.7422, 193.44
1421, 1750, 34, 126, 0.8722, 0.6666, 0.4134, -0.5229, 0.6106, 179.00
1421, 1754, 85, 37, 0.6000, 33.7063, -33.6933, 0.9359, 0.1800, 151.00
1421, 1755, 2, 55, 0.6000, 0.5048, 0.5046, -0.0128, 0.1800, 215.00
1421, 1757, 31, 104, 0.6556, 15.5014, 8.7820, 12.7738, 0.2622, 180.75
1421, 1758, 18, 92, 0.6556, 19.2864, 14.0697, -13.1912, 0.2622, 163.75
1422, 1711, 89, 93, 1.0000, 2.0026, 2.0025, 0.0162, 1.0000, 238.35
1422, 1715, 17, 16, 1.0000, 0.9587, 0.9578, 0.0422, 1.0000, 219.77
1422, 1748, 0, 55, 0.6000, 44.1588, -3.8350, 43.9919, 0.1800, 206.67
1422, 1749, 86, 28, 0.9833, 1.2914, 1.0230, 0.7881, 0.8850, 191.72
1422, 1750, 36, 127, 0.9278, 1.6078, 1.5074, 0.5591, 0.7422, 182.50
1422, 1753, 78, 93, 0.6000, 69.5925, -40.6379, 56.4950, 0.1800, 135.67
1422, 1754, 28, 27, 0.6556, 55.5780, -54.7782, -9.3951, 0.2622, 166.75
1422, 1755, 3, 56, 0.7056, 1.2402, 0.9205, 0.8311, 0.2822, 211.25
1422, 1757, 48, 111, 0.7111, 18.0320, 16.5291, 7.2070, 0.3556, 171.20
1422, 1758, 37, 82, 0.7111, 21.4127, 18.7507, -10.3398, 0.3556, 164.60
1422, 1760, 121, 39, 0.6000, 55.7708, 40.3997, 38.4480, 0.1800, 164.33
1423, 1711, 91, 92, 1.0000, 2.1394, 1.9980, -0.7650, 1.0000, 235.40
1423, 1715, 18, 15, 1.0000, 1.2509, 0.9869, -0.7686, 1.0000, 220.29
1423, 1749, 86, 28, 1.0000, 0.3242, 0.1750, 0.2729, 1.0000, 190.05
1423, 1754, 7, 25, 0.7111, 23.5556, -23.4503, -2.2250, 0.3556, 174.60
1423, 1755, 0, 58, 0.7611, 2.9112, -2.2176, 1.8860, 0.3806, 207.40
1423, 1758, 39, 83, 0.7667, 2.6635, 2.5191, 0.8649, 0.4600, 166.83
1423, 1765, 88, 47, 0.6000, 36.1825, 23.0688, -27.8748, 0.1800, 182.00
1423, 1748, -4, 99, 0.5000, 44.1588, -3.8350, 43.9919, 0.1500, 206.67
1423, 1750, 37, 127, 0.8278, 1.6078, 1.5074, 0.5591, 0.6622, 182.50
1423, 1753, 38, 149, 0.5000, 69.5925, -40.6379, 56.4950, 0.1500, 135.67
1423, 1757, 64, 118, 0.6111, 18.0320, 16.5291, 7.2070, 0.3056, 171.20
1423, 1760, 161, 77, 0.5000, 55.7708, 40.3997, 38.4480, 0.1500, 164.33
1424, 1711, 93, 94, 1.0000, 2.2869, 1.9987, 1.1113, 1.0000, 233.76
1424, 1715, 20, 15, 1.0000, 1.8011, 1.7786, -0.2837, 1.0000, 220.53
1424, 1750, 23, 127, 0.9333, 7.9887, -7.9887, 0.0296, 0.8400, 178.56
1424, 1764, 20, 15, 0.6000, 60.8640, -43.0222, -43.0525, 0.1800, 194.33
1424, 1765, 118, 34, 0.6556, 32.5186, 29.1954, -14.3208, 0.2622, 168.50
1424, 1724, 125, 82, 0.5625, 51.2156, 32.7101, -39.4092, 0.2250, 98.50
1424, 1749, 86, 28, 0.9000, 0.3242, 0.1750, 0.2729, 0.9000, 190.05
1424, 1755, -2, 60, 0.6611, 2.9112, -2.2176, 1.8860, 0.3306, 207.40
1424, 1757, 81, 125, 0.5111, 18.0320, 16.5291, 7.2070, 0.2556, 171.20
1425, 1711, 95, 95, 1.0000, 2.3998, 1.9998, 1.3266, 1.0000, 234.03
1425, 1715, 21, 15, 1.0000, 1.2876, 1.2876, 0.0036, 1.0000, 220.69
1425, 1749, 91, 28, 1.0000, 2.7045, 2.7032, -0.0828, 1.0000, 188.32
1425, 1755, 1, 59, 0.8167, 0.7184, 0.5947, 0.4030, 0.4900, 207.33
1425, 1757, 95, 122, 0.7667, 15.8039, 15.5529, 2.8052, 0.4600, 160.67
1425, 1764, 0, -1, 0.6556, 28.1226, -21.7950, -17.7725, 0.2622, 202.00
1425, 1765, 147, 20, 0.5556, 32.5186, 29.1954, -14.3208, 0.2222, 168.50
1426, 1711, 98, 94, 1.0000, 2.7312, 2.7145, -0.3014, 1.0000, 232.11
1426, 1715, 22, 18, 1.0000, 2.5511, 0.9970, 2.3482, 1.0000, 219.71
1426, 1749, 91, 28, 1.0000, 0.6538, 0.6529, -0.0348, 1.0000, 187.62
1426, 1755, 2, 60, 0.8722, 1.3567, 1.0756, 0.8268, 0.6106, 205.71
1426, 1757, 87, 127, 0.8222, 8.7532, -7.4561, 4.5854, 0.5756, 151.43
1426, 1761, 16, 61, 0.6000, 66.5418, -63.3108, 20.4829, 0.1800, 186.33
1426, 1764, 16, -2, 0.7111, 14.1877, 13.9336, -2.6729, 0.3556, 211.80
1426, 1724, 124, 8, 0.6222, 37.2712, -5.4515, -36.8703, 0.3111, 102.00
1427, 1711, 99, 93, 1.0000, 1.9276, 1.6111, -1.0583, 1.0000, 227.88
1427, 1749, 92, 29, 1.0000, 1.0214, 0.6555, 0.7833, 1.0000, 187.12
1427, 1755, 3, 60, 0.9278, 1.0939, 1.0741, 0.2073, 0.7422, 205.88
1427, 1759, 94, 98, 0.6000, 79.1606, 75.8203, -22.7527, 0.1800, 159.50
1427, 1724, 123, 36, 0.6806, 25.9696, -1.0541, 25.9482, 0.4083, 106.83
1427, 1715, 23, 20, 0.9000, 2.5511, 0.9970, 2.3482, 0.9000, 219.71
1427, 1761, -47, 82, 0.5000, 66.5418, -63.3108, 20.4829, 0.1500, 186.33
1428, 1711, 99, 93, 1.0000, 0.5242, 0.2952, -0.4331, 1.0000, 223.91
1428, 1745, 78, 101, 0.6000, 24.9890, 4.9030, 24.5033, 0.1800, 158.00
1428, 1715, 16, 27, 1.0000, 6.0463, -3.4480, 4.9668, 1.0000, 219.33
1428, 1749, 93, 29, 1.0000, 0.9664, 0.9235, 0.2848, 1.0000, 186.50
1428, 1755, 3, 61, 0.9833, 0.7972, 0.2026, 0.7710, 0.8850, 204.56
1428, 1759, 123, 99, 0.6556, 32.4535, 32.4132, -1.6166, 0.2622, 140.88
1429, 1711, 99, 93, 1.0000, 0.1293, -0.1264, -0.0272, 1.0000, 220.19
1429, 1745, 102, 112, 0.6556, 25.5316, 22.6210, 11.8384, 0.2622, 142.75
1429, 1715, 10, 5, 1.0000, 20.0920, -6.4679, -19.0225, 1.0000, 219.16
1429, 1749, 95, 29, 1.0000, 1.7934, 1.7934, -0.0053, 1.0000, 186.13
1429, 1759, 125, 101, 0.7111, 5.3720, 4.8666, 2.2746, 0.3556, 130.50
1429, 1766, 70, 39, 0.6000, 73.9400, -11.2111, -73.0851, 0.1800, 144.67
1429, 1755, 3, 62, 0.8833, 0.7972, 0.2026, 0.7710, 0.7950, 204.56
1430, 1711, 99, 93, 1.0000, 0.1223, -0.1074, 0.0585, 1.0000, 216.65
1430, 1745, 104, 123, 0.7111, 11.6808, 3.1436, 11.2499, 0.3556, 137.60
1430, 1749, 96, 29, 1.0000, 1.3071, 1.3064, -0.0423, 1.0000, 184.94
1430, 1755, 5, 62, 1.0000, 1.1511, 1.0297, 0.5146, 1.0000, 203.80
1430, 1766, 46, 0, 0.6556, 47.8035, -22.9763, -41.9197, 0.2622, 160.75
1431, 1711, 99, 93, 1.0000, 0.0437, -0.0297, 0.0321, 1.0000, 213.32
1431, 1749, 97, 30, 1.0000, 1.2517, 1.0026, 0.7494, 1.0000, 184.59
1431, 1754, 28, 14, 1.0000, 0.9488, 0.9478, 0.0432, 1.0000, 203.08
1431, 1755, 9, 59, 1.0000, 4.2904, 3.5418, -2.4215, 1.0000, 203.55
1431, 1738, 81, 32, 0.5625, 76.2925, 71.9753, -25.3003, 0.2250, 198.00
1431, 1768, 75, 124, 0.6000, 14.5547, -13.0120, 6.5212, 0.1800, 114.67
1431, 1766, 23, -42, 0.5556, 47.8035, -22.9763, -41.9197, 0.2222, 160.75
1432, 1711, 99, 93, 1.0000, 0.0067, 0.0038, 0.0055, 1.0000, 210.17
1432, 1749, 98, 29, 1.0000, 1.0646, 0.9568, -0.4668, 1.0000, 185.00
1432, 1755, 9, 59, 1.0000, 1.2928, 0.9912, -0.8299, 1.0000, 202.75
1432, 1768, 79, 109, 0.6556, 13.0348, 2.3654, -12.8184, 0.2622, 118.75
1432, 1769, 4, 79, 0.6000, 54.1270, -15.3499, 51.9048, 0.1800, 219.00
1432, 1770, 11, 88, 0.6000, 10.9825, 8.6801, 6.7284, 0.1800, 196.00
1433, 1711, 107, 100, 1.0000, 9.2303, 6.8652, 6.1698, 1.0000, 207.14
1433, 1768, 108, 98, 0.7111, 29.7269, 27.5025, -11.2827, 0.3556, 124.20
1433, 1770, 95, 120, 0.6556, 82.7422, 77.0062, 30.2707, 0.2622, 173.00
1433, 1749, 99, 29, 0.9000, 1.0646, 0.9568, -0.4668, 0.9000, 185.00
1433, 1755, 10, 58, 0.9000, 1.2928, 0.9912, -0.8299, 0.9000, 202.75
1433, 1769, -12, 131, 0.5000, 54.1270, -15.3499, 51.9048, 0.1500, 219.00
1434, 1711, 116, 99, 1.0000, 8.1396, 8.1283, -0.4285, 1.0000, 208.32
1434, 1746, 95, 12, 0.6000, 9.8334, -9.7844, -0.9798, 0.1800, 150.00
1434, 1749, 100, 30, 1.0000, 1.1031, 0.9994, 0.4668, 1.0000, 183.74
1434, 1755, 12, 52, 1.0000, 3.9492, 1.3372, -3.7159, 1.0000, 202.46
1434, 1764, 20, 7, 1.0000, 0.8989, -0.8914, 0.1159, 1.0000, 235.25
1434, 1744, 107, 49, 0.5625, 19.4537, -0.9253, 19.4316, 0.2250, 147.75
1434, 1769, 15, 129, 0.6556, 22.3605, 8.7518, 20.5767, 0.2622, 210.75
1434, 1770, 172, 151, 0.5556, 82.7422, 77.0062, 30.2707, 0.2222, 173.00
1435, 1711, 119, 97, 1.0000, 4.3375, 4.1476, -1.2694, 1.0000, 209.42
1435, 1746, 91, 7, 0.6556, 6.7884, -4.5867, -5.0045, 0.2622, 152.75
1435, 1749, 102, 30, 1.0000, 1.7796, 1.7723, 0.1613, 1.0000, 183.65
1435, 1755, 28, 57, 1.0000, 15.7691, 15.1973, 4.2078, 1.0000, 200.50
1435, 1762, 10, 62, 0.6000, 76.6102, -50.1697, 57.8976, 0.1800, 196.33
1435, 1744, 110, 100, 0.6222, 48.4658, 2.1751, 48.4169, 0.3111, 137.60
1435, 1769, 18, 113, 0.7111, 14.4876, 3.4241, -14.0771, 0.3556, 201.40
1436, 1711, 121, 97, 1.0000, 2.7315, 2.6767, -0.5445, 1.0000, 210.46
1436, 1749, 103, 30, 1.0000, 1.3024, 1.3024, -0.0039, 1.0000, 182.52
1436, 1755, 16, 60, 1.0000, 10.4832, -9.9094, 3.4207, 1.0000, 201.47
1436, 1775, 27, 13, 0.6000, 5.7379, -5.7379, 0.0000, 0.1800, 217.00
1436, 1746, 87, 2, 0.5556, 6.7884, -4.5867, -5.0045, 0.2222, 152.75
1436, 1762, -40, 120, 0.5000, 76.6102, -50.1697, 57.8976, 0.1500, 196.33
1436, 1744, 112, 148, 0.5222, 48.4658, 2.1751, 48.4169, 0.2611, 137.60
1437, 1711, 123, 97, 1.0000, 1.9607, 1.9601, -0.0468, 1.0000, 211.54
1437, 1746, 91, 32, 0.7111, 15.7264, 0.5061, 15.7182, 0.3556, 155.80
1437, 1749, 104, 29, 1.0000, 1.2687, 1.0100, -0.7677, 1.0000, 181.75
1437, 1775, 15, 16, 0.6556, 11.9391, -11.6964, 2.3951, 0.2622, 214.75
1438, 1711, 126, 97, 1.0000, 2.5501, 2.5492, 0.0709, 1.0000, 212.58
1438, 1775, 18, 6, 0.7111, 9.2133, 1.9497, -9.0046, 0.3556, 215.00
1438, 1749, 105, 28, 0.9000, 1.2687, 1.0100, -0.7677, 0.9000, 181.75
1439, 1749, 106, 31, 1.0000, 1.4409, 0.9668, 1.0684, 1.0000, 181.24
1439, 1775, 20, 10, 0.7667, 3.9464, 2.1599, 3.3028, 0.4600, 220.50
1439, 1726, 109, 32, 0.5400, 45.6949, 42.2928, -17.3016, 0.2700, 194.80
1439, 1711, 128, 97, 0.9000, 2.5501, 2.5492, 0.0709, 0.9000, 212.58
1440, 1745, 99, 93, 1.0000, 0.0355, -0.0345, -0.0086, 1.0000, 122.67
1440, 1749, 108, 31, 1.0000, 1.7804, 1.7401, 0.3766, 1.0000, 180.56
1440, 1733, 8, 12, 0.5625, 56.1771, -55.4899, 8.7595, 0.2250, 197.25
1440, 1739, 82, 124, 0.5625, 67.1961, 66.2015, 11.5183, 0.2250, 150.25
1440, 1775, 20, 13, 0.8222, 3.0767, 0.4140, 3.0487, 0.5756, 224.71
1440, 1726, 125, 19, 0.6000, 23.0248, 19.1953, -12.7154, 0.3600, 184.83
1440, 1711, 131, 97, 0.8000, 2.5501, 2.5492, 0.0709, 0.8000, 212.58
1441, 1749, 108, 31, 1.0000, 0.5749, 0.5749, -0.0042, 1.0000, 179.62
1441, 1733, -4, 61, 0.6222, 48.5781, -15.8522, 45.9189, 0.3111, 196.40
1441, 1739, 120, 115, 0.6222, 41.3614, 40.6460, -7.6596, 0.3111, 141.60
1441, 1726, 107, 12, 0.6587, 17.9232, -16.2725, -7.5133, 0.4611, 180.29
1441, 1649, 22, 65, 0.5143, 25.8214, -6.4265, 25.0089, 0.3600, 202.14
1441, 1780, 14, 83, 0.6000, 9.2227, -6.5818, -6.4606, 0.1800, 187.00
1441, 1783, 20, 78, 0.6000, 74.8507, -66.3900, -34.5686, 0.1800, 140.00
1441, 1711, 133, 97, 0.7000, 2.5501, 2.5492, 0.0709, 0.7000, 212.58
1442, 1749, 110, 32, 1.0000, 1.5841, 1.4362, 0.6683, 1.0000, 179.06
1442, 1733, -3, 116, 0.6806, 53.7358, 0.1992, 53.7354, 0.4083, 189.17
1442, 1739, 127, 103, 0.6806, 15.1658, 9.4118, -11.8920, 0.4083, 131.50
1442, 1649, 20, 90, 0.5722, 24.9557, -1.6885, 24.8985, 0.4578, 200.25
1442, 1780, 14, 82, 0.6556, 1.8237, -0.7917, -1.6429, 0.2622, 189.00
1442, 1783, 8, 60, 0.6556, 25.6110, -16.3146, -19.7423, 0.2622, 156.62
1442, 1711, 136, 97, 0.6000, 2.5501, 2.5492, 0.0709, 0.6000, 212.58
1442, 1726, 90, 5, 0.5587, 17.9232, -16.2725, -7.5133, 0.3911, 180.29
1443, 1749, 110, 32, 1.0000, 0.6062, 0.5323, 0.2900, 1.0000, 177.87
1443, 1752, 101, 13, 0.6000, 55.7198, 54.8526, -9.7926, 0.1800, 183.67
1443, 1649, 22, 125, 0.6296, 33.9474, 1.8882, 33.8948, 0.5667, 194.67
1443, 1779, 94, 10, 0.6000, 65.5144, 64.8539, -9.2788, 0.1800, 192.33
1443, 1780, 15, 83, 0.7111, 0.6296, 0.5625, 0.2829, 0.3556, 188.90
1443, 1783, 9, 37, 0.7111, 23.0217, -0.9758, -23.0010, 0.3556, 165.30
1443, 1711, 139, 97, 0.5000, 2.5501, 2.5492, 0.0709, 0.5000, 212.58
1443, 1733, -2, 169, 0.5806, 53.7358, 0.1992, 53.7354, 0.3483, 189.17
1443, 1739, 136, 91, 0.5806, 15.1658, 9.4118, -11.8920, 0.3483, 131.50
1444, 1752, 107, 9, 0.6556, 11.5951, 10.6515, -4.5816, 0.2622, 180.75
1444, 1736, 69, 82, 0.5625, 81.2990, 61.2466, 53.4639, 0.2250, 193.50
1444, 1780, 17, 84, 0.7667, 2.2112, 1.9076, 1.1183, 0.4600, 192.08
1444, 1694, 78, 41, 0.5250, 46.1669, 46.1669, 0.0293, 0.3150, 201.67
1444, 1790, 94, 121, 0.6000, 24.9339, -24.0007, 6.7577, 0.1800, 91.67
1444, 1749, 111, 32, 0.9000, 0.6062, 0.5323, 0.2900, 0.9000, 177.87
1444, 1649, 24, 158, 0.5296, 33.9474, 1.8882, 33.8948, 0.4767, 194.67
1444, 1779, 159, 0, 0.5000, 65.5144, 64.8539, -9.2788, 0.1500, 192.33
1445, 1749, 115, 33, 1.0000, 2.5769, 2.5336, 0.4705, 1.0000, 176.20
1445, 1773, 21, 91, 0.6000, 33.1026, 3.8595, -32.8769, 0.1800, 162.33
1445, 1780, 18, 84, 0.8222, 1.3855, 1.3479, 0.3206, 0.5756, 195.36
1445, 1785, 27, 19, 0.6000, 9.3278, -0.5174, 9.3134, 0.1800, 219.33
1445, 1789, 74, 81, 0.6000, 36.2621, -35.4742, 7.5177, 0.1800, 141.33
1445, 1790, 88, 126, 0.6556, 8.9637, -7.0663, 5.5149, 0.2622, 94.25
1445, 1752, 117, 5, 0.5556, 11.5951, 10.6515, -4.5816, 0.2222, 180.75
1446, 1749, 115, 33, 1.0000, 0.8295, 0.8176, 0.1397, 1.0000, 175.12
1446, 1752, 103, 6, 0.7111, 4.2556, -4.0826, -1.2011, 0.3556, 175.20
1446, 1773, 30, 34, 0.6556, 55.5598, 8.9038, -54.8417, 0.2622, 176.50
1446, 1780, 19, 84, 0.8778, 0.9928, 0.9918, -0.0447, 0.7022, 200.31
1446, 1694, 118, 46, 0.5841, 16.3459, 16.1081, 2.7782, 0.4089, 192.43
1446, 1785, 85, 18, 0.6556, 55.3342, 55.3342, -0.0696, 0.2622, 207.25
1446, 1786, 97, 11, 0.6000, 63.2619, 62.9215, 6.5533, 0.1800, 195.00
1446, 1789, 81, 61, 0.6556, 17.7309, 3.2752, -17.4258, 0.2622, 148.50
1446, 1790, 91, 127, 0.7111, 2.5249, 2.3651, 0.8838, 0.3556, 96.80
1447, 1749, 115, 33, 1.0000, 0.0407, -0.0387, -0.0125, 1.0000, 174.13
1447, 1773, 37, 2, 0.7111, 34.8337, 7.1584, -34.0903, 0.3556, 183.20
1447, 1780, 20, 84, 0.9333, 0.9532, 0.9515, -0.0565, 0.8400, 203.11
1447, 1694, 98, 21, 0.6424, 29.8163, -18.0921, -23.7000, 0.5139, 189.62
1447, 1790, 94, 126, 0.7667, 2.5350, 2.4961, -0.4422, 0.4600, 97.17
1447, 1785, 140, 18, 0.5556, 55.3342, 55.3342, -0.0696, 0.2222, 207.25
1447, 1786, 160, 17, 0.5000, 63.2619, 62.9215, 6.5533, 0.1500, 195.00
1447, 1789, 84, 43, 0.5556, 17.7309, 3.2752, -17.4258, 0.2222, 148.50
1448, 1749, 118, 34, 1.0000, 2.0858, 1.9724, 0.6783, 1.0000, 172.87
1448, 1776, 17, 70, 0.6000, 57.1122, 15.4336, 54.9873, 0.1800, 204.00
1448, 1780, 21, 85, 0.9889, 1.2690, 0.9856, 0.7994, 0.9889, 206.60
1448, 1789, 79, 40, 0.7111, 9.0018, -1.6679, -8.8459, 0.3556, 155.80
1448, 1790, 92, 105, 0.8222, 20.0663, -2.0004, -19.9664, 0.5756, 99.86
1448, 1773, 44, -32, 0.6111, 34.8337, 7.1584, -34.0903, 0.3056, 183.20
1448, 1694, 80, -3, 0.5424, 29.8163, -18.0921, -23.7000, 0.4339, 189.62
1449, 1695, 38, 42, 1.0000, 9.6698, 7.5656, 6.0222, 1.0000, 172.68
1449, 1749, 119, 34, 1.0000, 1.6445, 1.6145, 0.3125, 1.0000, 172.16
1449, 1776, 37, 99, 0.6556, 37.6438, 19.6265, 32.1225, 0.2622, 196.00
1449, 1780, 23, 85, 1.0000, 1.8324, 1.8134, 0.2634, 1.0000, 206.27
1450, 1776, 62, 95, 0.7111, 24.6174, 24.4984, -2.4177, 0.3556, 188.40
1450, 1780, 24, 86, 1.0000, 1.4894, 1.2623, 0.7906, 1.0000, 207.25
1450, 1749, 121, 34, 0.9000, 1.6445, 1.6145, 0.3125, 0.9000, 172.16
1451, 1749, 122, 34, 1.0000, 1.4499, 1.4484, -0.0650, 1.0000, 171.24
1451, 1780, 25, 86, 1.0000, 1.0009, 0.9768, 0.2184, 1.0000, 208.92
1451, 1751, 36, 31, 0.5625, 0.9905, 0.9905, 0.0000, 0.2250, 231.50
1452, 1749, 123, 35, 1.0000, 1.3030, 1.1177, 0.6698, 1.0000, 170.18
1452, 1780, 26, 86, 1.0000, 0.9586, 0.9580, -0.0342, 1.0000, 209.29
1452, 1751, 50, 13, 0.6222, 20.5812, 12.9858, -15.9673, 0.3111, 226.80
1452, 1795, 59, 13, 0.6000, 38.2794, -18.2628, -33.6420, 0.1800, 203.67
1452, 1797, 22, 90, 0.6000, 38.3036, -36.5256, 11.5344, 0.1800, 194.33
1453, 1749, 124, 35, 1.0000, 1.0310, 0.9810, 0.3173, 1.0000, 168.91
1453, 1780, 27, 87, 1.0000, 1.2525, 0.9895, 0.7680, 1.0000, 208.40
1453, 1751, 54, 0, 0.6806, 14.6610, 4.7151, -13.8821, 0.4083, 224.17
1453, 1763, 32, 13, 0.5625, 9.9354, -7.5480, 6.4606, 0.2250, 205.50
1453, 1795, 40, 4, 0.6556, 21.8763, -18.5225, -11.6401, 0.2622, 205.50
1453, 1797, 24, 44, 0.6556, 40.5347, -1.9170, -40.4893, 0.2622, 197.25
1454, 1749, 126, 35, 1.0000, 1.6663, 1.6658, 0.0411, 1.0000, 168.81
1454, 1780, 28, 87, 1.0000, 1.0344, 1.0021, 0.2566, 1.0000, 207.94
1454, 1751, 38, 9, 0.7381, 16.9392, -14.8131, 8.2164, 0.5167, 221.86
1454, 1763, 52, 46, 0.6222, 35.8459, 17.4381, 31.3184, 0.3111, 208.60
1454, 1795, 7, 2, 0.7111, 32.0558, -31.9377, -2.7484, 0.3556, 209.40
1454, 1797, 8, 24, 0.7111, 25.9168, -14.8159, -21.2643, 0.3556, 199.20
1454, 1800, 111, 13, 0.7056, 2.5246, -0.7984, -2.3951, 0.2822, 148.00
1454, 1801, 36, 23, 0.7056, 0.7984, 0.7984, 0.0000, 0.2822, 204.50
1455, 1749, 127, 36, 1.0000, 1.4747, 1.3205, 0.6566, 1.0000, 167.51
1455, 1780, 29, 88, 1.0000, 1.2715, 1.0021, 0.7827, 1.0000, 207.79
1455, 1763, 69, 85, 0.6806, 41.7492, 16.9050, 38.1736, 0.4083, 201.67
1455, 1800, 97, 5, 0.7111, 15.4989, -13.2431, -8.0522, 0.3556, 151.40
1455, 1801, 33, 16, 0.7111, 6.8568, -2.1893, -6.4978, 0.3556, 205.10
1455, 1795, -25, -1, 0.6111, 32.0558, -31.9377, -2.7484, 0.3056, 209.40
1455, 1797, -7, 3, 0.6111, 25.9168, -14.8159, -21.2643, 0.3056, 199.20
1456, 1780, 31, 88, 1.0000, 1.8099, 1.7951, 0.2312, 1.0000, 207.58
1456, 1800, 93, 0, 0.7667, 6.8134, -4.9386, -4.6939, 0.4600, 153.00
1456, 1801, 38, 5, 0.7667, 11.7340, 4.0667, -11.0068, 0.4600, 208.92
1456, 1806, 51, 13, 0.6000, 21.8606, 11.2917, -18.7185, 0.1800, 208.67
1456, 1749, 128, 37, 0.9000, 1.4747, 1.3205, 0.6566, 0.9000, 167.51
1457, 1780, 32, 88, 1.0000, 1.2741, 1.2739, -0.0261, 1.0000, 208.34
1457, 1801, 41, 7, 0.8222, 3.5002, 3.2118, 1.3914, 0.5756, 208.93
1457, 1806, 65, 2, 0.6556, 17.6768, 13.1553, -11.8071, 0.2622, 206.50
1457, 1749, 130, 37, 0.8000, 1.4747, 1.3205, 0.6566, 0.8000, 167.51
1457, 1800, 88, -4, 0.6667, 6.8134, -4.9386, -4.6939, 0.4000, 153.00
1458, 1780, 33, 89, 1.0000, 1.2372, 0.9875, 0.7454, 1.0000, 208.62
1458, 1794, 33, 9, 0.6000, 4.1843, -3.7444, -1.8676, 0.1800, 227.67
1458, 1800, 92, 13, 0.8222, 8.3615, 0.3095, 8.3558, 0.5756, 154.71
1458, 1801, 62, 5, 0.8778, 20.0881, 19.9714, -2.1628, 0.7022, 206.56
1458, 1806, 101, 0, 0.7111, 35.2465, 35.1788, -2.1839, 0.3556, 195.40
1458, 1749, 131, 38, 0.7000, 1.4747, 1.3205, 0.6566, 0.7000, 167.51
1459, 1780, 34, 90, 1.0000, 1.4217, 0.9579, 1.0506, 1.0000, 209.50
1459, 1801, 84, 9, 0.9333, 21.7606, 21.3910, 3.9941, 0.8400, 202.50
1459, 1749, 132, 38, 0.6000, 1.4747, 1.3205, 0.6566, 0.6000, 167.51
1459, 1794, 30, 7, 0.5000, 4.1843, -3.7444, -1.8676, 0.1500, 227.67
1459, 1806, 137, -2, 0.6111, 35.2465, 35.1788, -2.1839, 0.3056, 195.40
1460, 1749, 123, 48, 1.0000, 3.3256, -1.4783, 2.9790, 1.0000, 166.32
1460, 1774, 119, 13, 0.6556, 10.2127, -6.3797, 7.9749, 0.2622, 133.00
1460, 1780, 35, 90, 1.0000, 1.0244, 0.9865, 0.2762, 1.0000, 209.57
1460, 1794, 28, 1, 0.7056, 5.0088, -2.5100, -4.3345, 0.2822, 225.75
1460, 1801, 87, 10, 0.9889, 4.4972, 4.2166, 1.5635, 0.9889, 199.25
1460, 1771, 67, 103, 0.5625, 46.8727, 45.1764, 12.4956, 0.2250, 180.00
1461, 1749, 119, 42, 1.0000, 6.3901, -4.2704, -4.7536, 1.0000, 165.54
1461, 1774, 118, 16, 0.7111, 3.4736, -1.1580, 3.2749, 0.3556, 132.00
1461, 1776, 30, 69, 1.0000, 1.5174, 1.0103, 1.1321, 1.0000, 189.94
1461, 1780, 36, 91, 1.0000, 1.2373, 1.0010, 0.7273, 1.0000, 209.28
1461, 1763, 99, 93, 1.0000, 0.1572, 0.1266, 0.0932, 1.0000, 151.58
1461, 1794, 25, -3, 0.6056, 5.0088, -2.5100, -4.3345, 0.2422, 225.75
1462, 1774, 120, 44, 0.7667, 26.8723, 2.0923, 26.7908, 0.4600, 130.75
1462, 1780, 37, 91, 1.0000, 1.0287, 1.0023, 0.2319, 1.0000, 209.35
1462, 1794, 7, 43, 0.7111, 28.4436, -12.1796, 25.7040, 0.3556, 222.20
1462, 1771, 92, 116, 0.6222, 9.8927, 7.8437, 6.0284, 0.3111, 163.60
1463, 1780, 37, 91, 1.0000, 0.2366, 0.2361, -0.0162, 1.0000, 208.70
1463, 1812, 70, 13, 0.6000, 75.4859, 15.1685, -73.9462, 0.1800, 184.00
1463, 1771, 49, 123, 0.6806, 42.0692, -41.5593, 6.5298, 0.4083, 158.33
1463, 1774, 123, 71, 0.6667, 26.8723, 2.0923, 26.7908, 0.4000, 130.75
1464, 1780, 39, 93, 1.0000, 2.0847, 1.4670, 1.4812, 1.0000, 208.21
1464, 1812, 85, -61, 0.5000, 75.4859, 15.1685, -73.9462, 0.1500, 184.00
1465, 1780, 40, 94, 1.0000, 1.8584, 1.2928, 1.3350, 1.0000, 208.31
1465, 1731, 35, 68, 0.5400, 80.5035, -62.0034, 51.3457, 0.2700, 179.00
1465, 1813, 19, 49, 0.6000, 57.5237, -42.0845, -39.2158, 0.1800, 173.33
1466, 1780, 41, 94, 1.0000, 1.0919, 1.0471, 0.3097, 1.0000, 208.38
1466, 1731, 15, 94, 0.6000, 36.7739, -23.9672, 27.8907, 0.3600, 179.67
1466, 1813, 13, 3, 0.6556, 46.4595, -9.3501, -45.5090, 0.2622, 184.50
1467, 1780, 42, 95, 1.0000, 1.1858, 0.9755, 0.6741, 1.0000, 208.53
1467, 1731, 4, 107, 0.6587, 18.9278, -12.0718, 14.5785, 0.4611, 177.29
1467, 1811, 79, 43, 0.6000, 40.5239, -2.8760, -40.4217, 0.1800, 173.67
1467, 1635, 3, 50, 0.5062, 43.6282, -37.0175, -23.0895, 0.4050, 190.25
1467, 1782, 39, 126, 0.5625, 30.2766, -30.0405, 3.7740, 0.2250, 143.75
1467, 1813, 4, -43, 0.5556, 46.4595, -9.3501, -45.5090, 0.2222, 184.50
1468, 1780, 44, 97, 1.0000, 2.4331, 1.7266, 1.7144, 1.0000, 208.18
1468, 1811, 79, 36, 0.6556, 9.5954, -0.6917, -9.5705, 0.2622, 175.75
1468, 1781, 55, 86, 0.5625, 0.0000, 0.0000, 0.0000, 0.2250, 174.50
1468, 1782, 5, 126, 0.6222, 32.9830, -32.9705, 0.9055, 0.3111, 151.40
1469, 1780, 44, 97, 1.0000, 0.8255, 0.5632, 0.6036, 1.0000, 207.37
1469, 1804, 2, 73, 0.6000, 54.2503, -32.0775, 43.7507, 0.1800, 199.33
1469, 1811, 79, 39, 0.7111, 1.9533, 0.1353, 1.9487, 0.3556, 177.20
1469, 1781, 55, 86, 0.6722, 0.0000, 0.0000, 0.0000, 0.3361, 174.00
1469, 1826, 92, 58, 0.6000, 43.2025, 2.7775, 43.1131, 0.1800, 162.67
1469, 1782, -28, 127, 0.5222, 32.9830, -32.9705, 0.9055, 0.2611, 151.40
1470, 1780, 45, 98, 1.0000, 1.0139, 0.7075, 0.7262, 1.0000, 207.39
1470, 1804, 8, 110, 0.6556, 37.2473, 2.2295, 37.1806, 0.2622, 186.00
1470, 1781, 55, 86, 0.7306, 0.0000, 0.0000, 0.0000, 0.4383, 173.33
1470, 1824, 26, 1, 0.6000, 1.8506, -1.8506, 0.0000, 0.1800, 219.11
1470, 1826, 49, 108, 0.6556, 63.0310, -38.5995, 49.8296, 0.2622, 158.00
1471, 1780, 47, 98, 1.0000, 1.6881, 1.6744, 0.2142, 1.0000, 207.68
1471, 1799, 39, 81, 0.6000, 79.3576, 37.0376, 70.1844, 0.1800, 207.67
1471, 1804, 10, 109, 0.7111, 2.5160, 2.1414, 1.3208, 0.3556, 182.20
1471, 1777, 90, 110, 0.5625, 0.0000, 0.0000, 0.0000, 0.2250, 110.75
1471, 1781, 55, 86, 0.7881, 0.0000, 0.0000, 0.0000, 0.5517, 173.00
1471, 1791, 4, 95, 0.5625, 10.6340, -2.7775, -10.2649, 0.2250, 176.12
1471, 1824, 24, 1, 0.5000, 1.8506, -1.8506, 0.0000, 0.1500, 219.11
1471, 1826, 11, 158, 0.5556, 63.0310, -38.5995, 49.8296, 0.2222, 158.00
1472, 1780, 48, 99, 1.0000, 1.5092, 1.3338, 0.7061, 1.0000, 207.07
1472, 1793, 14, 30, 0.6000, 37.1327, -21.4911, 30.2816, 0.1800, 219.00
1472, 1799, 59, 82, 0.6556, 23.3812, 21.9864, 7.9547, 0.2622, 204.00
1472, 1811, 79, 41, 0.8778, 0.1513, -0.0106, -0.1509, 0.7022, 179.38
1472, 1781, 55, 86, 0.8451, 0.0000, 0.0000, 0.0000, 0.6761, 173.00
1472, 1824, 37, 18, 0.6556, 12.2036, 6.8693, 10.0867, 0.2622, 216.33
1472, 1791, 0, 63, 0.6222, 30.0607, -3.9087, -29.8055, 0.3111, 191.10
1473, 1780, 49, 100, 1.0000, 1.4391, 1.0394, 0.9953, 1.0000, 206.39
1473, 1793, 9, 54, 0.6556, 25.2194, -6.4405, 24.3831, 0.2622, 214.00
1473, 1799, 62, 79, 0.7111, 4.8248, 3.9331, -2.7946, 0.3556, 200.20
1473, 1811, 79, 41, 0.9333, 0.0858, -0.0061, -0.0856, 0.8400, 179.78
1473, 1781, 55, 86, 0.9019, 0.0000, 0.0000, 0.0000, 0.8117, 173.11
1473, 1824, 55, 36, 0.7111, 24.4961, 17.4438, 17.1980, 0.3556, 216.67
1473, 1791, 3, 20, 0.6806, 42.1737, 2.3732, -42.1069, 0.4083, 197.33
1473, 1833, 54, 98, 0.6000, 31.1934, 20.5600, -23.4587, 0.1800, 148.67
