# Advanced Satellite Tracking Log
# Input: D:\khenk\Downloads\parallel_run5_2025-12-20260128T124203Z-3-001\parallel_run5_2025-12\cam0_tile0_max_iqr2.0_down32.mp4
# Output: D:\khenk\Downloads\SNC Sat Tracking Peng\comparison_results\run_20260323_103700\advanced_baseline\output_video.mp4
#
# frame, track_id, x, y, confidence, speed, vx, vy, quality, intensity
#================================================================================
2, 9, 81, 34, 0.6000, 17.5610, -13.3333, 11.4286, 0.1800, 180.67
2, 15, 26, 43, 0.6000, 53.9845, -53.2997, 8.5714, 0.1800, 208.00
2, 16, 118, 3, 0.6000, 36.5024, 9.5238, -35.2381, 0.1800, 147.67
2, 17, 17, 12, 0.6000, 30.0654, -5.6807, -29.5238, 0.1800, 222.67
2, 24, 59, 59, 0.6000, 36.6388, -36.1905, 5.7143, 0.1800, 178.33
2, 42, 56, 94, 0.6000, 1.9048, 1.9048, 0.0000, 0.1800, 172.33
2, 50, 106, 112, 0.6000, 0.9866, -0.9860, 0.0336, 0.1800, 135.78
2, 56, 62, 107, 0.6000, 30.5636, -27.5182, -13.2997, 0.1800, 218.00
3, 2, 12, 20, 0.6000, 24.0888, -15.6011, 18.3542, 0.1800, 218.33
3, 6, 5, 10, 0.6000, 0.8873, 0.1127, 0.8801, 0.1800, 223.33
3, 9, 80, 36, 0.6556, 4.8069, -2.8680, 3.8576, 0.2622, 189.00
3, 12, 97, 23, 0.6556, 10.8672, 9.0421, -6.0280, 0.2622, 167.50
3, 17, 13, -1, 0.6556, 16.2115, -4.5698, -15.5541, 0.2622, 221.25
3, 30, 52, 46, 0.6000, 41.3916, 36.6708, -19.1968, 0.1800, 192.33
3, 38, 5, 76, 0.6000, 0.9936, 0.9928, 0.0376, 0.1800, 201.67
3, 42, 62, 91, 0.6556, 6.2174, 5.7919, -2.2605, 0.2622, 169.25
3, 50, 104, 112, 0.7056, 1.7620, -1.7620, -0.0037, 0.2822, 139.33
3, 51, 123, 112, 0.6000, 1.3520, 0.9928, 0.9177, 0.1800, 81.67
3, 62, 12, 16, 0.6000, 8.5187, -3.8768, 7.5854, 0.1800, 219.67
3, 63, 86, 30, 0.6000, 45.9715, 44.7619, 10.4762, 0.1800, 190.67
3, 68, 21, 126, 0.6000, 28.3163, 19.0476, 20.9524, 0.1800, 163.67
3, 69, 94, 122, 0.6000, 1.8403, 1.8375, -0.1008, 0.1800, 172.00
3, 15, -28, 51, 0.5000, 53.9845, -53.2997, 8.5714, 0.1500, 208.00
3, 16, 127, -32, 0.5000, 36.5024, 9.5238, -35.2381, 0.1500, 147.67
3, 24, 23, 65, 0.5000, 36.6388, -36.1905, 5.7143, 0.1500, 178.33
3, 56, 34, 94, 0.5000, 30.5636, -27.5182, -13.2997, 0.1500, 218.00
4, 2, 11, 35, 0.6556, 16.2256, -3.0252, 15.9411, 0.2622, 217.25
4, 6, 6, 9, 0.7056, 0.8745, 0.7302, -0.4811, 0.2822, 225.25
4, 9, 81, 36, 0.7111, 0.6868, 0.6829, -0.0725, 0.3556, 194.90
4, 24, 14, 64, 0.6556, 21.1431, -21.0117, 2.3536, 0.2622, 179.62
4, 30, 87, 30, 0.6556, 39.5132, 35.6771, -16.9833, 0.2622, 188.75
4, 38, 7, 76, 0.7056, 1.7634, 1.7634, -0.0090, 0.2822, 209.25
4, 42, 68, 94, 0.7111, 6.1124, 5.6928, 2.2258, 0.3556, 166.80
4, 50, 103, 113, 0.7611, 1.4885, -1.2811, 0.7578, 0.3806, 136.27
4, 51, 125, 112, 0.7056, 1.7835, 1.7634, 0.2670, 0.2822, 82.50
4, 56, 19, 75, 0.6556, 26.6934, -21.0166, -16.4572, 0.2622, 210.25
4, 62, 7, 23, 0.6556, 8.7737, -4.7949, 7.3476, 0.2622, 227.25
4, 63, 127, 52, 0.6556, 47.1929, 42.2981, 20.9296, 0.2622, 170.00
4, 68, 40, 125, 0.6556, 18.8351, 18.7366, 1.9234, 0.2622, 158.75
4, 69, 97, 124, 0.7056, 3.1720, 2.7852, 1.5180, 0.2822, 192.75
4, 12, 107, 17, 0.5556, 10.8672, 9.0421, -6.0280, 0.2222, 167.50
4, 17, 8, -17, 0.5556, 16.2115, -4.5698, -15.5541, 0.2222, 221.25
5, 6, 6, 9, 0.7611, 0.3879, 0.2541, -0.2931, 0.3806, 227.50
5, 9, 83, 34, 0.7667, 1.9784, 1.4425, -1.3540, 0.4600, 195.17
5, 12, 121, 3, 0.7111, 15.9450, 12.0576, -10.4335, 0.3556, 162.80
5, 20, 31, 30, 0.6000, 17.3868, -3.5819, -17.0138, 0.1800, 206.33
5, 33, 64, 74, 0.6000, 31.5144, -31.3950, 2.7402, 0.1800, 158.67
5, 38, 8, 76, 0.7611, 1.2821, 1.2821, -0.0083, 0.3806, 203.00
5, 41, 65, 92, 0.6000, 1.3430, 0.9762, 0.9224, 0.1800, 165.00
5, 50, 102, 113, 0.8167, 1.0374, -0.9962, 0.2894, 0.4900, 138.56
5, 51, 126, 112, 0.7611, 1.2823, 1.2821, -0.0225, 0.3806, 81.60
5, 56, 1, 33, 0.7111, 43.5029, -17.5179, -39.8199, 0.3556, 218.00
5, 62, 6, 24, 0.7111, 2.1170, -1.2531, 1.7063, 0.3556, 223.20
5, 68, 64, 123, 0.7111, 23.5654, 23.4787, -2.0200, 0.3556, 153.60
5, 69, 99, 125, 0.7611, 2.6661, 2.3089, 1.3330, 0.3806, 204.40
5, 73, 88, 29, 0.6000, 40.5816, -31.3950, 25.7143, 0.1800, 160.33
5, 74, 126, 54, 0.6000, 23.8095, 23.8095, 0.0000, 0.1800, 136.33
5, 2, 8, 51, 0.5556, 16.2256, -3.0252, 15.9411, 0.2222, 217.25
5, 24, -7, 67, 0.5556, 21.1431, -21.0117, 2.3536, 0.2222, 179.62
5, 30, 123, 13, 0.5556, 39.5132, 35.6771, -16.9833, 0.2222, 188.75
5, 42, 74, 96, 0.6111, 6.1124, 5.6928, 2.2258, 0.3056, 166.80
5, 63, 170, 73, 0.5556, 47.1929, 42.2981, 20.9296, 0.2222, 170.00
6, 2, 11, 72, 0.7111, 18.5439, 0.4118, 18.5393, 0.3556, 210.80
6, 6, 8, 15, 0.8167, 5.5219, 1.5192, 5.3088, 0.4900, 226.25
6, 9, 85, 36, 0.8222, 2.2271, 1.9789, 1.0217, 0.5756, 202.86
6, 12, 124, 2, 0.7667, 4.3708, 3.5733, -2.5170, 0.4600, 161.00
6, 20, 31, 26, 0.6556, 5.3962, -1.1117, -5.2805, 0.2622, 211.50
6, 33, 23, 75, 0.6556, 39.4137, -39.3821, 1.5760, 0.2622, 165.50
6, 38, 9, 77, 0.8167, 1.2547, 0.9964, 0.7625, 0.4900, 202.33
6, 50, 100, 114, 0.8722, 1.8794, -1.7181, 0.7618, 0.6106, 141.62
6, 51, 127, 113, 0.8167, 1.2275, 0.9964, 0.7169, 0.4900, 80.50
6, 59, 88, 112, 0.6556, 5.8566, 3.2851, -4.8485, 0.2622, 114.50
6, 69, 102, 126, 0.8167, 2.9608, 2.7678, 1.0515, 0.4900, 212.17
6, 73, 71, 57, 0.6556, 33.3356, -19.0891, 27.3289, 0.2622, 168.75
6, 83, 33, 95, 0.6000, 24.7619, -24.7619, 0.0000, 0.1800, 167.33
6, 86, 27, 127, 0.6000, 1.9384, 1.9384, 0.0000, 0.1800, 183.33
6, 41, 66, 93, 0.5000, 1.3430, 0.9762, 0.9224, 0.1500, 165.00
6, 42, 79, 99, 0.5111, 6.1124, 5.6928, 2.2258, 0.2556, 166.80
6, 62, 5, 26, 0.6111, 2.1170, -1.2531, 1.7063, 0.3056, 223.20
6, 68, 88, 121, 0.6111, 23.5654, 23.4787, -2.0200, 0.3056, 153.60
6, 74, 150, 54, 0.5000, 23.8095, 23.8095, 0.0000, 0.1500, 136.33
7, 2, 20, 79, 0.7667, 12.0237, 8.8962, 8.0886, 0.4600, 210.17
7, 6, 8, 23, 0.8222, 7.4360, 0.5428, 7.4162, 0.5756, 223.50
7, 9, 86, 36, 0.8778, 1.4352, 1.3093, 0.5877, 0.7022, 202.75
7, 12, 124, 2, 0.8222, 0.6659, 0.4034, 0.5297, 0.5756, 158.86
7, 20, 12, 11, 0.7111, 21.9350, -16.7224, -14.1952, 0.3556, 213.40
7, 38, 10, 77, 0.8722, 1.0020, 0.9577, 0.2944, 0.6106, 201.00
7, 39, 12, 39, 0.6000, 41.1067, 9.9581, -39.8823, 0.1800, 191.67
7, 41, 66, 93, 0.7056, 0.6859, 0.4713, 0.4983, 0.2822, 165.00
7, 50, 99, 114, 0.9278, 1.3053, -1.2802, 0.2546, 0.7422, 142.92
7, 62, 5, 36, 0.7667, 6.4389, -0.6004, 6.4109, 0.4600, 219.83
7, 69, 104, 127, 0.8722, 2.4489, 2.2480, 0.9712, 0.6106, 218.29
7, 73, 61, 94, 0.7111, 38.1655, -11.3122, 36.4505, 0.3556, 166.80
7, 80, 33, 30, 0.6000, 37.7677, -25.7335, -27.6440, 0.1800, 199.33
7, 81, 126, 97, 0.6000, 31.9464, 10.1699, 30.2844, 0.1800, 99.67
7, 86, 28, 127, 0.7056, 1.2672, 1.2672, 0.0000, 0.2822, 187.25
7, 33, -16, 77, 0.5556, 39.4137, -39.3821, 1.5760, 0.2222, 165.50
7, 51, 128, 114, 0.7167, 1.2275, 0.9964, 0.7169, 0.4300, 80.50
7, 59, 91, 107, 0.5556, 5.8566, 3.2851, -4.8485, 0.2222, 114.50
7, 68, 111, 119, 0.5111, 23.5654, 23.4787, -2.0200, 0.2556, 153.60
7, 83, 8, 95, 0.5000, 24.7619, -24.7619, 0.0000, 0.1500, 167.33
8, 6, 27, 42, 0.8778, 24.6903, 16.7922, 18.1006, 0.7022, 222.69
8, 9, 87, 37, 0.9333, 1.2868, 0.9753, 0.8393, 0.8400, 204.44
8, 19, 52, 48, 0.6000, 39.5457, 39.2807, 4.5706, 0.1800, 203.00
8, 28, 51, 60, 0.6000, 4.6193, 0.9008, -4.5306, 0.1800, 206.33
8, 38, 11, 77, 0.9278, 0.9841, 0.9841, 0.0038, 0.7422, 202.62
8, 39, 26, 0, 0.6556, 41.1850, 13.7059, -38.8375, 0.2622, 203.25
8, 41, 67, 93, 0.7611, 0.8631, 0.8589, 0.0848, 0.3806, 164.80
8, 42, 87, 114, 0.7667, 7.3001, 4.4642, 5.7760, 0.4600, 157.50
8, 50, 97, 114, 0.9833, 1.7571, -1.7571, -0.0112, 0.8850, 143.87
8, 59, 98, 93, 0.7111, 11.5172, 5.3234, -10.2131, 0.3556, 114.80
8, 71, 60, 96, 0.6000, 29.7892, 29.7361, -1.7785, 0.1800, 160.33
8, 80, 10, 8, 0.6556, 32.3500, -23.3686, -22.3704, 0.2622, 211.50
8, 81, 113, 117, 0.6556, 23.1730, -9.9526, 20.9269, 0.2622, 98.50
8, 86, 30, 127, 0.7611, 1.7394, 1.7394, 0.0000, 0.3806, 183.80
8, 87, 80, 36, 0.6000, 8.7805, -6.6667, 5.7143, 0.1800, 173.33
8, 89, 35, 47, 0.6000, 6.3587, 5.6807, 2.8571, 0.1800, 206.33
8, 20, -5, -3, 0.6111, 21.9350, -16.7224, -14.1952, 0.3056, 213.40
8, 51, 129, 114, 0.6167, 1.2275, 0.9964, 0.7169, 0.3700, 80.50
8, 62, 4, 42, 0.6667, 6.4389, -0.6004, 6.4109, 0.4000, 219.83
8, 69, 106, 128, 0.7722, 2.4489, 2.2480, 0.9712, 0.5406, 218.29
9, 9, 88, 37, 0.9889, 0.9742, 0.9454, 0.2349, 0.9889, 207.70
9, 22, 64, 93, 0.6000, 44.2286, -9.1880, 43.2637, 0.1800, 202.50
9, 28, 33, 46, 0.6556, 20.7189, -15.6715, -13.5527, 0.2622, 206.25
9, 41, 68, 94, 0.8167, 1.2552, 1.0216, 0.7294, 0.4900, 164.50
9, 50, 96, 115, 1.0000, 1.4455, -1.2617, 0.7054, 1.0000, 139.73
9, 59, 106, 68, 0.7667, 25.5572, 7.5286, -24.4231, 0.4600, 120.17
9, 64, 85, 31, 0.6556, 13.9577, 12.1652, -6.8429, 0.2622, 216.50
9, 77, 105, 20, 0.6000, 19.9734, 11.7217, 16.1721, 0.1800, 165.33
9, 86, 30, 127, 0.8167, 0.4785, 0.4785, 0.0000, 0.4900, 179.17
9, 19, 91, 52, 0.5000, 39.5457, 39.2807, 4.5706, 0.1500, 203.00
9, 38, 12, 77, 0.8278, 0.9841, 0.9841, 0.0038, 0.6622, 202.62
9, 39, 40, -39, 0.5556, 41.1850, 13.7059, -38.8375, 0.2222, 203.25
9, 42, 91, 120, 0.6667, 7.3001, 4.4642, 5.7760, 0.4000, 157.50
9, 51, 130, 115, 0.5167, 1.2275, 0.9964, 0.7169, 0.3100, 80.50
9, 62, 4, 48, 0.5667, 6.4389, -0.6004, 6.4109, 0.3400, 219.83
9, 69, 109, 129, 0.6722, 2.4489, 2.2480, 0.9712, 0.4706, 218.29
9, 71, 90, 94, 0.5000, 29.7892, 29.7361, -1.7785, 0.1500, 160.33
9, 80, -14, -14, 0.5556, 32.3500, -23.3686, -22.3704, 0.2222, 211.50
9, 81, 104, 138, 0.5556, 23.1730, -9.9526, 20.9269, 0.2222, 98.50
9, 87, 74, 42, 0.5000, 8.7805, -6.6667, 5.7143, 0.1500, 173.33
9, 89, 40, 50, 0.5000, 6.3587, 5.6807, 2.8571, 0.1500, 206.33
10, 9, 88, 37, 1.0000, 0.2213, 0.2188, -0.0328, 1.0000, 205.64
10, 22, 61, 126, 0.6556, 34.3590, -3.5163, 34.1786, 0.2622, 185.88
10, 28, 21, 13, 0.7111, 32.6212, -11.9929, -30.3367, 0.3556, 208.20
10, 38, 14, 78, 0.9833, 1.6356, 1.5520, 0.5163, 0.8850, 200.78
10, 41, 74, 90, 0.8222, 6.6093, 5.5860, -3.5327, 0.5756, 164.86
10, 50, 95, 115, 1.0000, 1.0341, -0.9932, 0.2881, 1.0000, 141.21
10, 51, 127, 112, 0.8722, 0.5793, -0.3108, -0.4889, 0.6106, 79.86
10, 86, 28, 127, 0.8722, 2.3487, -2.3487, 0.0000, 0.6106, 173.86
10, 87, 65, 65, 0.6556, 17.5894, -7.6843, 15.8221, 0.2622, 177.00
10, 42, 96, 125, 0.5667, 7.3001, 4.4642, 5.7760, 0.3400, 157.50
10, 59, 113, 43, 0.6667, 25.5572, 7.5286, -24.4231, 0.4000, 120.17
10, 64, 97, 24, 0.5556, 13.9577, 12.1652, -6.8429, 0.2222, 216.50
10, 69, 111, 130, 0.5722, 2.4489, 2.2480, 0.9712, 0.4006, 218.29
10, 77, 117, 36, 0.5000, 19.9734, 11.7217, 16.1721, 0.1500, 165.33
11, 9, 89, 38, 1.0000, 1.0089, 0.7096, 0.7172, 1.0000, 206.25
11, 23, 41, 34, 0.6000, 37.5888, -32.6362, -18.6493, 0.1800, 204.67
11, 38, 16, 77, 1.0000, 2.0232, 1.9279, -0.6137, 1.0000, 198.70
11, 41, 99, 92, 0.8778, 22.5733, 22.5188, 1.5670, 0.7022, 158.25
11, 50, 93, 116, 1.0000, 1.8558, -1.6969, 0.7514, 1.0000, 140.28
11, 51, 127, 85, 0.8778, 25.9547, -0.0776, -25.9546, 0.7022, 81.62
11, 64, 108, 21, 0.7111, 12.4886, 11.4846, -4.9060, 0.3556, 203.20
11, 77, 123, 65, 0.6556, 25.4010, 8.7836, 23.8340, 0.2622, 154.50
11, 87, 67, 93, 0.7111, 26.7437, 1.4354, 26.7051, 0.3556, 178.80
11, 89, 66, 67, 0.6556, 13.6165, 11.3727, 7.4881, 0.2622, 204.50
11, 94, 123, 76, 0.6000, 1.6285, -0.5193, -1.5434, 0.1800, 91.00
11, 97, 1, 32, 0.6000, 25.9989, -10.4426, 23.8095, 0.1800, 237.67
11, 22, 58, 160, 0.5556, 34.3590, -3.5163, 34.1786, 0.2222, 185.88
11, 59, 121, 19, 0.5667, 25.5572, 7.5286, -24.4231, 0.3400, 120.17
11, 86, 25, 127, 0.7722, 2.3487, -2.3487, 0.0000, 0.5406, 173.86
12, 9, 90, 38, 1.0000, 1.0410, 1.0030, 0.2787, 1.0000, 206.46
12, 23, 12, 18, 0.6556, 33.7097, -29.2215, -16.8063, 0.2622, 201.75
12, 38, 16, 78, 1.0000, 0.6902, 0.5405, 0.4292, 1.0000, 198.91
12, 50, 93, 116, 1.0000, 0.6186, -0.5567, 0.2696, 1.0000, 138.33
12, 55, 57, 94, 0.6000, 51.7705, 44.0668, -27.1718, 0.1800, 155.00
12, 64, 122, 5, 0.7667, 20.1578, 13.4149, -15.0458, 0.4600, 194.17
12, 78, 27, 42, 0.6000, 40.0696, 22.8798, 32.8951, 0.1800, 213.33
12, 87, 70, 98, 0.7667, 7.3532, 2.3765, 6.9586, 0.4600, 175.92
12, 89, 75, 87, 0.7111, 21.7163, 9.6025, 19.4780, 0.3556, 197.00
12, 94, 102, 60, 0.6556, 24.4935, -19.7496, -14.4874, 0.2622, 108.50
12, 97, 1, 36, 0.6556, 6.6047, -1.3421, 6.4669, 0.2622, 234.75
12, 98, 31, 81, 0.6000, 6.0982, 4.7619, 3.8095, 0.1800, 197.33
12, 77, 132, 89, 0.5556, 25.4010, 8.7836, 23.8340, 0.2222, 154.50
13, 9, 90, 38, 1.0000, 0.2796, 0.2796, 0.0018, 1.0000, 204.96
13, 38, 17, 79, 1.0000, 1.2102, 0.6782, 1.0023, 1.0000, 197.33
13, 50, 91, 117, 1.0000, 1.6112, -1.4366, 0.7295, 1.0000, 138.60
13, 93, 79, 87, 0.6000, 45.6323, -40.2690, 21.4642, 0.1800, 131.00
13, 96, 74, 101, 0.6000, 21.2849, -8.0592, -19.7002, 0.1800, 119.00
13, 97, 4, 34, 0.7111, 2.5011, 2.3933, -0.7264, 0.3556, 231.73
13, 23, -17, 1, 0.5556, 33.7097, -29.2215, -16.8063, 0.2222, 201.75
13, 55, 101, 66, 0.5000, 51.7705, 44.0668, -27.1718, 0.1500, 155.00
13, 64, 135, -10, 0.6667, 20.1578, 13.4149, -15.0458, 0.4000, 194.17
13, 78, 50, 75, 0.5000, 40.0696, 22.8798, 32.8951, 0.1500, 213.33
13, 94, 82, 46, 0.5556, 24.4935, -19.7496, -14.4874, 0.2222, 108.50
13, 98, 36, 85, 0.5000, 6.0982, 4.7619, 3.8095, 0.1500, 197.33
14, 9, 92, 39, 1.0000, 1.6484, 1.4826, 0.7205, 1.0000, 203.90
14, 28, 15, 4, 0.8778, 1.5432, 1.5416, 0.0692, 0.7022, 215.96
14, 38, 18, 80, 1.0000, 1.4347, 0.9356, 1.0876, 1.0000, 196.46
14, 50, 89, 117, 1.0000, 2.0005, -1.9821, 0.2706, 1.0000, 138.22
14, 76, 18, 7, 0.6000, 13.6681, -12.0341, 6.4806, 0.1800, 225.00
14, 93, 31, 82, 0.6556, 46.7850, -46.7545, -1.6901, 0.2622, 147.88
14, 94, 86, 30, 0.7111, 16.3852, -5.9982, -15.2478, 0.3556, 121.00
14, 96, 70, 94, 0.6556, 9.3108, -4.0230, -8.3968, 0.2622, 130.00
14, 97, 5, 33, 0.7667, 1.6471, 1.1079, -1.2189, 0.4600, 230.86
14, 99, 35, 38, 0.6000, 7.3045, 0.0751, -7.3041, 0.1800, 205.33
15, 9, 93, 38, 1.0000, 1.3775, 1.2928, -0.4756, 1.0000, 203.41
15, 38, 27, 76, 1.0000, 8.9781, 8.3304, -3.3483, 1.0000, 195.79
15, 50, 88, 118, 1.0000, 1.5396, -1.3577, 0.7260, 1.0000, 137.77
15, 62, 17, 61, 0.8222, 3.0084, 2.3177, 1.9180, 0.5756, 216.86
15, 76, 10, 11, 0.6556, 9.5028, -8.1113, 4.9507, 0.2622, 222.75
15, 97, 7, 32, 0.8222, 1.9610, 1.6081, -1.1222, 0.5756, 232.60
15, 98, 38, 118, 0.6556, 14.2635, 1.8979, 14.1366, 0.2622, 184.50
15, 99, 29, 25, 0.6556, 13.8108, -5.3182, -12.7457, 0.2622, 207.25
15, 100, 43, 122, 0.6556, 15.1070, -15.1070, 0.0000, 0.2622, 140.50
15, 101, 125, 48, 0.6000, 48.6364, 27.6190, 40.0336, 0.1800, 150.33
15, 93, -16, 80, 0.5556, 46.7850, -46.7545, -1.6901, 0.2222, 147.88
15, 96, 66, 86, 0.5556, 9.3108, -4.0230, -8.3968, 0.2222, 130.00
16, 9, 97, 31, 1.0000, 7.1188, 3.3001, -6.3077, 1.0000, 200.74
16, 10, 107, 54, 0.6000, 33.7700, -5.7102, 33.2837, 0.1800, 145.00
16, 38, 37, 80, 1.0000, 9.6497, 9.2385, 2.7868, 1.0000, 195.53
16, 42, 102, 116, 0.8222, 1.9106, 0.9773, -1.6417, 0.5756, 149.00
16, 50, 86, 118, 1.0000, 1.7428, -1.7208, 0.2762, 1.0000, 138.96
16, 62, 20, 79, 0.8778, 18.5220, 2.9537, 18.2849, 0.7022, 217.62
16, 76, 3, 16, 0.7111, 8.9104, -7.5143, 4.7886, 0.3556, 219.40
16, 96, 63, 75, 0.7111, 10.2916, -3.6107, -9.6374, 0.3556, 135.80
16, 97, 8, 32, 0.8778, 1.2265, 1.2050, -0.2286, 0.7022, 235.40
16, 99, 12, 10, 0.7111, 21.3238, -15.7092, -14.4197, 0.3556, 208.80
16, 100, 24, 118, 0.7111, 19.3710, -18.9691, -3.9257, 0.3556, 142.80
16, 98, 40, 132, 0.5556, 14.2635, 1.8979, 14.1366, 0.2222, 184.50
16, 101, 153, 88, 0.5000, 48.6364, 27.6190, 40.0336, 0.1500, 150.33
17, 10, 108, 102, 0.6556, 45.6122, -0.0863, 45.6122, 0.2622, 137.75
17, 11, 3, 52, 0.6000, 30.8056, -11.4403, 28.6026, 0.1800, 206.33
17, 18, 95, 40, 0.6000, 0.9435, 0.9435, -0.0067, 0.1800, 192.00
17, 38, 43, 87, 1.0000, 9.7872, 7.0161, 6.8237, 1.0000, 194.94
17, 50, 85, 119, 1.0000, 1.4552, -1.2636, 0.7217, 1.0000, 139.19
17, 61, 20, 7, 0.6000, 0.9398, 0.9397, 0.0076, 0.1800, 230.33
17, 62, 21, 84, 0.9333, 6.1742, 1.4778, 5.9948, 0.8400, 216.00
17, 76, 0, 33, 0.7667, 15.9546, -3.2123, 15.6279, 0.4600, 217.50
17, 96, 56, 69, 0.7667, 9.2880, -7.0232, -6.0779, 0.4600, 145.67
17, 97, 10, 32, 0.9333, 1.7734, 1.7717, 0.0777, 0.8400, 237.57
17, 110, 25, 57, 0.6000, 46.8756, 4.7619, -46.6331, 0.1800, 178.00
17, 9, 100, 25, 0.9000, 7.1188, 3.3001, -6.3077, 0.9000, 200.74
17, 99, -4, -4, 0.6111, 21.3238, -15.7092, -14.4197, 0.3056, 208.80
17, 100, 5, 114, 0.6111, 19.3710, -18.9691, -3.9257, 0.3056, 142.80
18, 13, 59, 80, 0.6000, 54.4349, 27.7258, 46.8449, 0.1800, 216.00
18, 18, 96, 40, 0.7056, 1.0259, 1.0259, 0.0030, 0.2822, 191.00
18, 50, 84, 119, 1.0000, 1.0417, -1.0032, 0.2806, 1.0000, 140.12
18, 61, 21, 6, 0.7056, 1.2775, 1.0275, -0.7592, 0.2822, 227.25
18, 62, 22, 83, 0.9889, 0.9787, 0.9053, -0.3719, 0.9889, 213.40
18, 97, 11, 32, 0.9889, 1.2468, 1.2454, 0.0595, 0.9889, 239.32
18, 100, -1, 114, 0.7667, 11.2569, -11.1354, -1.6494, 0.4600, 144.67
18, 110, 45, 3, 0.6556, 55.5667, 17.8705, -52.6147, 0.2622, 186.00
18, 117, 30, 64, 0.6000, 34.3518, -24.7619, 23.8095, 0.1800, 197.67
18, 120, 94, 29, 0.6000, 45.8727, -30.4762, -34.2857, 0.1800, 135.33
18, 9, 103, 19, 0.8000, 7.1188, 3.3001, -6.3077, 0.8000, 200.74
18, 10, 108, 148, 0.5556, 45.6122, -0.0863, 45.6122, 0.2222, 137.75
18, 11, -9, 80, 0.5000, 30.8056, -11.4403, 28.6026, 0.1500, 206.33
18, 38, 50, 94, 0.9000, 9.7872, 7.0161, 6.8237, 0.9000, 194.94
18, 96, 49, 63, 0.6667, 9.2880, -7.0232, -6.0779, 0.4000, 145.67
18, 99, -19, -19, 0.5111, 21.3238, -15.7092, -14.4197, 0.2556, 208.80
19, 9, 101, 9, 1.0000, 7.6985, 1.0561, -7.6257, 1.0000, 198.25
19, 11, 21, 84, 0.6556, 18.8847, 11.9183, 14.6487, 0.2622, 212.00
19, 18, 97, 41, 0.7611, 1.2725, 1.0168, 0.7652, 0.3806, 193.60
19, 38, 47, 90, 1.0000, 0.9156, 0.7945, 0.4549, 1.0000, 194.06
19, 50, 82, 120, 1.0000, 1.8128, -1.6649, 0.7172, 1.0000, 139.67
19, 61, 22, 6, 0.7611, 1.0554, 1.0179, -0.2790, 0.3806, 231.40
19, 62, 26, 87, 1.0000, 5.6493, 4.1214, 3.8638, 1.0000, 210.45
19, 96, 41, 47, 0.8222, 13.8032, -7.3423, -11.6884, 0.5756, 154.71
19, 97, 13, 31, 1.0000, 1.9265, 1.7640, -0.7744, 1.0000, 240.38
19, 116, 5, 7, 0.6000, 10.2922, 1.0241, -10.2412, 0.1800, 207.67
19, 117, 14, 114, 0.6556, 49.5139, -17.2747, 46.4027, 0.2622, 188.25
19, 13, 87, 127, 0.5000, 54.4349, 27.7258, 46.8449, 0.1500, 216.00
19, 110, 63, -50, 0.5556, 55.5667, 17.8705, -52.6147, 0.2222, 186.00
19, 120, 64, -5, 0.5000, 45.8727, -30.4762, -34.2857, 0.1500, 135.33
20, 9, 102, 9, 1.0000, 1.2379, 0.9386, -0.8071, 1.0000, 196.08
20, 11, 34, 98, 0.7111, 18.8633, 12.4319, 14.1870, 0.3556, 204.20
20, 13, 90, 127, 0.6556, 25.0017, 14.1222, 20.6313, 0.2622, 194.00
20, 18, 98, 41, 0.8167, 1.0441, 1.0026, 0.2913, 0.4900, 195.00
20, 38, 39, 82, 1.0000, 9.8034, -6.8839, -6.9798, 1.0000, 194.39
20, 48, 30, 67, 0.6000, 37.5412, 2.8848, -37.4302, 0.1800, 174.33
20, 50, 81, 120, 1.0000, 1.3367, -1.3060, 0.2849, 1.0000, 140.16
20, 61, 24, 6, 0.8167, 1.7672, 1.7672, 0.0043, 0.4900, 230.33
20, 96, 37, 38, 0.8778, 10.9745, -4.7435, -9.8964, 0.7022, 161.62
20, 97, 14, 31, 1.0000, 1.2689, 1.2369, -0.2832, 1.0000, 241.18
20, 106, 8, 25, 0.6000, 33.3942, -26.9446, 19.7271, 0.1800, 217.00
20, 62, 31, 91, 0.9000, 5.6493, 4.1214, 3.8638, 0.9000, 210.45
20, 116, 6, -3, 0.5000, 10.2922, 1.0241, -10.2412, 0.1500, 207.67
20, 117, -4, 161, 0.5556, 49.5139, -17.2747, 46.4027, 0.2222, 188.25
21, 13, 109, 125, 0.7111, 18.8033, 18.8031, -0.0904, 0.3556, 175.40
21, 18, 99, 41, 0.8722, 0.9986, 0.9986, 0.0012, 0.6106, 193.14
21, 38, 37, 80, 1.0000, 3.1935, -2.2642, -2.2521, 1.0000, 193.74
21, 48, 46, 33, 0.6556, 38.0248, 14.3759, -35.2026, 0.2622, 180.75
21, 50, 79, 121, 1.0000, 1.8724, -1.7313, 0.7129, 1.0000, 140.09
21, 61, 25, 6, 0.8722, 1.2931, 1.2924, 0.0420, 0.6106, 233.00
21, 79, 60, 36, 0.6000, 9.8079, 8.5727, 4.7648, 0.1800, 202.33
21, 96, 21, 25, 0.9333, 18.8797, -14.5537, -12.0264, 0.8400, 166.67
21, 97, 16, 31, 1.0000, 1.7621, 1.7621, 0.0076, 1.0000, 242.01
21, 106, 3, 29, 0.6556, 10.3112, -8.3096, 6.1049, 0.2622, 214.75
21, 9, 103, 8, 0.9000, 1.2379, 0.9386, -0.8071, 0.9000, 196.08
21, 62, 35, 95, 0.8000, 5.6493, 4.1214, 3.8638, 0.8000, 210.45
22, 9, 104, 11, 1.0000, 1.6029, 0.9940, 1.2575, 1.0000, 193.57
22, 18, 100, 42, 0.9278, 1.2280, 0.9991, 0.7141, 0.7422, 192.38
22, 50, 78, 121, 1.0000, 1.3264, -1.2944, 0.2892, 1.0000, 140.61
22, 97, 17, 31, 1.0000, 1.2382, 1.2374, 0.0422, 1.0000, 242.73
22, 131, 122, 52, 0.6000, 31.1968, 16.1905, -26.6667, 0.1800, 119.00
22, 48, 60, -3, 0.5556, 38.0248, 14.3759, -35.2026, 0.2222, 180.75
22, 61, 26, 6, 0.7722, 1.2931, 1.2924, 0.0420, 0.5406, 233.00
22, 79, 68, 41, 0.5000, 9.8079, 8.5727, 4.7648, 0.1500, 202.33
22, 96, 6, 13, 0.8333, 18.8797, -14.5537, -12.0264, 0.7500, 166.67
22, 106, -6, 35, 0.5556, 10.3112, -8.3096, 6.1049, 0.2222, 214.75
23, 9, 100, 4, 1.0000, 7.3886, -3.5825, -6.4619, 1.0000, 191.83
23, 18, 101, 42, 0.9833, 1.0388, 0.9998, 0.2819, 0.8850, 192.56
23, 50, 77, 121, 1.0000, 1.0185, -1.0184, 0.0189, 1.0000, 141.38
23, 61, 27, 5, 0.9278, 1.0724, 0.9211, -0.5494, 0.7422, 234.12
23, 79, 83, 60, 0.6556, 17.8129, 11.9415, 13.2174, 0.2622, 196.75
23, 97, 19, 31, 1.0000, 1.7601, 1.7600, 0.0141, 1.0000, 242.94
23, 131, 125, 22, 0.6556, 30.1703, 4.3975, -29.8481, 0.2622, 123.50
23, 132, 110, 116, 0.6000, 2.9852, 2.8283, 0.9553, 0.1800, 91.33
23, 135, 26, 87, 0.6000, 1.3944, 0.9860, 0.9860, 0.1800, 180.67
23, 136, 81, 99, 0.6000, 1.0202, 1.0196, 0.0336, 0.1800, 140.17
23, 96, -8, 1, 0.7333, 18.8797, -14.5537, -12.0264, 0.6600, 166.67
24, 18, 101, 42, 1.0000, 0.2526, 0.2525, 0.0072, 1.0000, 190.15
24, 50, 83, 123, 1.0000, 5.3791, 5.2117, 1.3317, 1.0000, 140.28
24, 57, 13, 101, 0.6000, 23.0423, 12.5532, -19.3227, 0.1800, 149.33
24, 61, 27, 5, 0.9833, 0.2493, 0.1906, -0.1607, 0.8850, 233.67
24, 79, 116, 76, 0.7111, 35.1793, 31.7911, 15.0635, 0.3556, 178.40
24, 97, 21, 30, 1.0000, 2.1636, 2.0191, -0.7773, 1.0000, 243.51
24, 106, 6, 52, 0.7111, 8.5299, 3.2632, 7.8810, 0.3556, 210.60
24, 131, 126, 17, 0.7111, 7.5421, 1.0332, -7.4710, 0.3556, 123.40
24, 132, 110, 116, 0.7056, 0.8245, 0.7831, 0.2580, 0.2822, 90.75
24, 135, 27, 88, 0.7056, 1.4262, 1.0085, 1.0085, 0.2822, 185.50
24, 136, 83, 100, 0.7056, 1.9115, 1.7583, 0.7498, 0.2822, 141.38
24, 139, 16, 114, 0.6000, 1.3708, -0.9524, 0.9860, 0.1800, 169.00
24, 9, 96, -3, 0.9000, 7.3886, -3.5825, -6.4619, 0.9000, 191.83
24, 96, -23, -11, 0.6333, 18.8797, -14.5537, -12.0264, 0.5700, 166.67
25, 18, 103, 41, 1.0000, 1.6388, 1.4399, -0.7825, 1.0000, 187.32
25, 57, 35, 68, 0.6556, 37.6278, 21.5056, -30.8766, 0.2622, 160.00
25, 61, 29, 4, 1.0000, 1.6227, 1.4463, -0.7360, 1.0000, 234.00
25, 97, 22, 30, 1.0000, 1.3008, 1.2685, -0.2882, 1.0000, 244.19
25, 126, 74, 121, 0.6000, 1.8283, -1.8282, -0.0133, 0.1800, 133.50
25, 132, 112, 116, 0.7611, 1.4431, 1.4428, -0.0307, 0.3806, 90.60
25, 134, 52, 34, 0.6000, 15.3641, 5.4933, -14.3484, 0.1800, 213.33
25, 135, 28, 88, 0.7611, 1.0335, 1.0049, 0.2414, 0.3806, 193.40
25, 136, 81, 100, 0.7611, 1.7993, -1.7789, 0.2704, 0.3806, 140.30
25, 139, 15, 115, 0.7056, 1.4288, -1.0122, 1.0085, 0.2822, 163.75
25, 141, 118, 97, 0.6000, 0.9860, 0.9860, 0.0000, 0.1800, 91.00
25, 9, 93, -9, 0.8000, 7.3886, -3.5825, -6.4619, 0.8000, 191.83
25, 50, 89, 124, 0.9000, 5.3791, 5.2117, 1.3317, 0.9000, 140.28
25, 79, 148, 91, 0.6111, 35.1793, 31.7911, 15.0635, 0.3056, 178.40
25, 96, -37, -23, 0.5333, 18.8797, -14.5537, -12.0264, 0.4800, 166.67
25, 131, 127, 9, 0.6111, 7.5421, 1.0332, -7.4710, 0.3056, 123.40
26, 18, 104, 43, 1.0000, 1.7344, 1.2937, 1.1552, 1.0000, 188.46
26, 61, 29, 4, 1.0000, 0.6164, 0.5531, -0.2723, 1.0000, 233.91
26, 97, 24, 30, 1.0000, 1.7239, 1.7239, 0.0025, 1.0000, 244.68
26, 126, 73, 121, 0.7056, 1.3124, -1.3124, 0.0054, 0.2822, 139.12
26, 132, 113, 117, 0.8167, 1.3973, 1.2004, 0.7150, 0.4900, 89.67
26, 135, 29, 89, 0.8167, 1.2267, 1.0006, 0.7096, 0.4900, 192.50
26, 136, 81, 101, 0.8167, 0.7771, -0.1698, 0.7583, 0.4900, 139.42
26, 139, 12, 111, 0.7611, 4.3853, -2.5378, -3.5764, 0.3806, 162.60
26, 141, 120, 98, 0.7056, 1.9164, 1.7620, 0.7535, 0.2822, 89.00
26, 147, 21, 91, 0.6000, 54.9002, 16.2241, 52.4482, 0.1800, 192.33
26, 9, 89, -16, 0.7000, 7.3886, -3.5825, -6.4619, 0.7000, 191.83
26, 57, 57, 37, 0.5556, 37.6278, 21.5056, -30.8766, 0.2222, 160.00
26, 134, 57, 20, 0.5000, 15.3641, 5.4933, -14.3484, 0.1500, 213.33
27, 18, 105, 43, 1.0000, 1.2146, 1.0556, 0.6008, 1.0000, 189.88
27, 61, 31, 4, 1.0000, 1.4883, 1.4883, -0.0012, 1.0000, 232.92
27, 97, 25, 30, 1.0000, 1.2369, 1.2362, 0.0422, 1.0000, 245.22
27, 107, 50, 32, 0.6000, 46.8554, 44.9847, 13.1076, 0.1800, 206.00
27, 126, 72, 120, 0.7611, 1.2606, -1.0064, -0.7592, 0.3806, 138.50
27, 132, 114, 118, 0.8722, 1.4516, 1.0129, 1.0397, 0.6106, 88.57
27, 135, 31, 89, 0.8722, 1.7758, 1.7598, 0.2379, 0.6106, 194.00
27, 136, 85, 100, 0.8722, 4.0463, 4.0135, -0.5139, 0.6106, 137.93
27, 140, 15, 113, 0.6000, 40.6308, -28.6635, 28.7970, 0.1800, 185.00
27, 9, 86, -22, 0.6000, 7.3886, -3.5825, -6.4619, 0.6000, 191.83
27, 139, 10, 107, 0.6611, 4.3853, -2.5378, -3.5764, 0.3306, 162.60
27, 141, 122, 99, 0.6056, 1.9164, 1.7620, 0.7535, 0.2422, 89.00
27, 147, 38, 144, 0.5000, 54.9002, 16.2241, 52.4482, 0.1500, 192.33
28, 18, 106, 44, 1.0000, 1.2686, 0.9785, 0.8075, 1.0000, 189.11
28, 61, 32, 4, 1.0000, 1.2722, 1.2716, 0.0409, 1.0000, 233.54
28, 97, 27, 29, 1.0000, 1.8977, 1.7459, -0.7436, 1.0000, 245.11
28, 126, 71, 120, 0.8167, 1.0000, -0.9569, -0.2904, 0.4900, 140.92
28, 132, 116, 118, 0.9278, 1.7578, 1.7319, 0.3010, 0.7422, 88.69
28, 134, 36, 8, 0.6556, 10.6300, -7.4617, -7.5710, 0.2622, 208.50
28, 135, 32, 90, 0.9278, 1.4949, 1.2958, 0.7454, 0.7422, 193.38
28, 141, 122, 98, 0.7611, 0.9928, 0.9927, -0.0085, 0.3806, 87.60
28, 45, 4, 114, 0.5625, 1.0196, 1.0196, 0.0000, 0.2250, 218.25
28, 9, 82, -29, 0.5000, 7.3886, -3.5825, -6.4619, 0.5000, 191.83
28, 107, 95, 45, 0.5000, 46.8554, 44.9847, 13.1076, 0.1500, 206.00
28, 136, 89, 100, 0.7722, 4.0463, 4.0135, -0.5139, 0.5406, 137.93
28, 139, 7, 104, 0.5611, 4.3853, -2.5378, -3.5764, 0.2806, 162.60
28, 140, -14, 141, 0.5000, 40.6308, -28.6635, 28.7970, 0.1500, 185.00
29, 18, 107, 44, 1.0000, 1.0142, 0.9822, 0.2527, 1.0000, 188.50
29, 61, 33, 3, 1.0000, 1.2610, 1.0399, -0.7133, 1.0000, 232.93
29, 97, 29, 29, 1.0000, 2.0338, 2.0121, -0.2964, 1.0000, 245.48
29, 126, 70, 120, 0.8722, 0.9825, -0.9825, -0.0017, 0.6106, 139.36
29, 132, 117, 119, 0.9833, 1.4739, 1.2872, 0.7181, 0.8850, 88.39
29, 134, 7, 11, 0.7111, 28.0243, -27.8748, 2.8908, 0.3556, 209.80
29, 135, 33, 90, 0.9833, 1.0383, 1.0053, 0.2595, 0.8850, 193.33
29, 141, 123, 98, 0.8167, 0.9557, 0.9546, -0.0453, 0.4900, 87.83
29, 45, 6, 114, 0.6722, 1.7583, 1.7583, 0.0000, 0.3361, 216.90
29, 136, 93, 99, 0.6722, 4.0463, 4.0135, -0.5139, 0.4706, 137.93
30, 18, 108, 45, 1.0000, 1.2206, 0.9956, 0.7060, 1.0000, 188.16
30, 61, 34, 3, 1.0000, 1.0237, 0.9751, -0.3117, 1.0000, 232.70
30, 88, 32, 8, 0.6000, 22.9647, -5.7909, -22.2226, 0.1800, 209.00
30, 97, 30, 29, 1.0000, 1.2911, 1.2911, -0.0081, 1.0000, 245.83
30, 126, 69, 120, 0.9278, 1.0003, -0.9995, 0.0416, 0.7422, 141.06
30, 132, 119, 120, 1.0000, 2.0146, 1.7542, 0.9906, 1.0000, 88.05
30, 135, 34, 91, 1.0000, 1.2115, 0.9583, 0.7411, 1.0000, 193.40
30, 141, 124, 98, 0.8722, 0.9841, 0.9839, -0.0158, 0.6106, 89.00
30, 45, 8, 115, 0.7306, 2.1772, 2.0389, 0.7636, 0.4383, 213.58
30, 136, 97, 99, 0.5722, 4.0463, 4.0135, -0.5139, 0.4006, 137.93
31, 18, 109, 45, 1.0000, 1.0367, 1.0009, 0.2702, 1.0000, 186.85
31, 61, 36, 2, 1.0000, 1.8616, 1.7055, -0.7463, 1.0000, 234.09
31, 88, 32, 4, 0.6556, 6.0775, -0.8197, -6.0220, 0.2622, 210.00
31, 97, 32, 29, 1.0000, 1.7141, 1.7136, 0.0407, 1.0000, 246.22
31, 126, 68, 119, 0.9833, 1.2430, -1.0024, -0.7351, 0.8850, 141.50
31, 135, 35, 91, 1.0000, 1.0167, 0.9823, 0.2622, 1.0000, 192.09
31, 136, 92, 101, 0.9278, 1.0875, 1.0120, 0.3983, 0.7422, 135.31
31, 141, 126, 99, 0.9278, 1.9113, 1.7555, 0.7556, 0.7422, 87.25
31, 45, 10, 115, 0.7881, 2.0706, 2.0500, 0.2911, 0.5517, 218.79
31, 132, 121, 121, 0.9000, 2.0146, 1.7542, 0.9906, 0.9000, 88.05
32, 18, 110, 45, 1.0000, 1.0011, 1.0011, 0.0080, 1.0000, 186.19
32, 61, 37, 2, 1.0000, 1.3429, 1.3137, -0.2786, 1.0000, 233.32
32, 88, 32, 6, 0.7111, 0.7322, -0.3175, 0.6597, 0.3556, 211.40
32, 97, 34, 29, 1.0000, 1.9896, 1.9895, 0.0178, 1.0000, 246.59
32, 126, 67, 119, 1.0000, 1.0452, -1.0010, -0.3006, 1.0000, 142.75
32, 132, 122, 122, 1.0000, 1.8435, 1.5284, 1.0307, 1.0000, 89.50
32, 136, 101, 120, 0.9333, 20.4397, 8.5117, 18.5831, 0.8400, 133.17
32, 139, 10, 80, 0.7667, 5.7259, 0.3966, -5.7121, 0.4600, 165.33
32, 141, 127, 99, 0.9833, 1.3349, 1.3006, 0.3006, 0.8850, 88.33
32, 45, 11, 115, 0.8451, 1.2533, 1.2533, 0.0014, 0.6761, 221.69
32, 35, 85, 104, 0.5625, 0.9866, 0.9860, 0.0336, 0.2250, 128.25
32, 135, 36, 91, 0.9000, 1.0167, 0.9823, 0.2622, 0.9000, 192.09
33, 18, 111, 46, 1.0000, 1.2042, 1.0003, 0.6704, 1.0000, 184.82
33, 61, 38, 2, 1.0000, 1.0274, 1.0274, -0.0054, 1.0000, 233.42
33, 97, 36, 28, 1.0000, 2.1681, 2.0389, -0.7373, 1.0000, 246.77
33, 126, 66, 118, 1.0000, 1.2534, -1.0001, -0.7556, 1.0000, 142.68
33, 132, 123, 122, 1.0000, 1.1444, 1.1158, 0.2544, 1.0000, 89.79
33, 135, 38, 91, 1.0000, 1.5492, 1.5473, -0.0756, 1.0000, 190.92
33, 146, 24, 82, 0.6000, 50.7161, 16.5991, 47.9228, 0.1800, 203.67
33, 45, 12, 114, 0.9019, 1.2374, 0.9459, -0.7978, 0.8117, 218.44
33, 43, 10, 119, 0.5625, 8.5037, -8.0592, 2.7133, 0.2250, 162.12
33, 31, 110, 28, 0.5625, 54.3912, 39.3488, -37.5510, 0.2250, 184.00
33, 35, 86, 104, 0.6722, 1.0085, 1.0085, -0.0037, 0.3361, 127.90
33, 36, 22, 114, 0.5625, 39.5616, -28.3739, 27.5689, 0.2250, 186.75
33, 37, 14, 96, 0.5625, 53.4653, 4.6261, 53.2648, 0.2250, 188.75
33, 47, 95, 103, 0.5625, 27.8036, -20.0769, -19.2343, 0.2250, 99.00
33, 88, 32, 6, 0.6111, 0.7322, -0.3175, 0.6597, 0.3056, 211.40
33, 141, 128, 99, 0.8833, 1.3349, 1.3006, 0.3006, 0.7950, 88.33
34, 18, 112, 46, 1.0000, 1.0452, 1.0000, 0.3041, 1.0000, 183.57
34, 61, 50, 0, 1.0000, 10.2863, 10.1935, -1.3780, 1.0000, 231.82
34, 88, 39, 1, 0.7667, 4.7785, 3.9551, -2.6817, 0.4600, 215.83
34, 97, 37, 28, 1.0000, 1.3207, 1.2836, -0.3109, 1.0000, 246.93
34, 126, 65, 118, 1.0000, 1.0346, -0.9999, -0.2657, 1.0000, 143.21
34, 132, 125, 123, 1.0000, 1.8433, 1.7089, 0.6910, 1.0000, 88.35
34, 135, 39, 92, 1.0000, 1.3698, 1.1704, 0.7115, 1.0000, 190.31
34, 146, 24, 118, 0.6556, 37.0971, 1.9019, 37.0484, 0.2622, 193.00
34, 45, 15, 115, 0.9583, 2.4836, 2.4450, 0.4364, 0.9583, 219.80
34, 7, 55, 32, 0.5625, 51.3647, 50.3895, 9.9613, 0.2250, 203.75
34, 75, 120, 124, 0.5625, 1.6623, -0.4885, -1.5889, 0.2250, 78.00
34, 34, 112, 28, 0.5625, 36.3904, 3.8095, -36.1905, 0.2250, 130.75
34, 141, 130, 100, 0.7833, 1.3349, 1.3006, 0.3006, 0.7050, 88.33
34, 35, 87, 104, 0.5722, 1.0085, 1.0085, -0.0037, 0.2861, 127.90
35, 18, 113, 47, 1.0000, 1.2398, 0.9999, 0.7329, 1.0000, 183.07
35, 61, 68, 19, 1.0000, 23.2942, 17.2179, 15.6896, 1.0000, 228.57
35, 88, 40, 1, 0.8222, 2.0087, 1.8626, -0.7519, 0.5756, 217.14
35, 97, 39, 28, 1.0000, 1.6907, 1.6906, -0.0184, 1.0000, 247.12
35, 126, 64, 118, 1.0000, 0.9999, -0.9999, 0.0041, 1.0000, 143.19
35, 132, 126, 124, 1.0000, 1.6120, 1.2790, 0.9812, 1.0000, 89.54
35, 45, 16, 115, 1.0000, 1.6136, 1.5867, 0.2929, 1.0000, 219.91
35, 35, 87, 105, 0.7306, 0.7094, 0.4485, 0.5496, 0.4383, 128.75
35, 34, 115, 15, 0.6222, 16.9350, 3.2952, -16.6113, 0.3111, 134.40
35, 135, 40, 93, 0.9000, 1.3698, 1.1704, 0.7115, 0.9000, 190.31
35, 141, 131, 100, 0.6833, 1.3349, 1.3006, 0.3006, 0.6150, 88.33
35, 146, 25, 155, 0.5556, 37.0971, 1.9019, 37.0484, 0.2222, 193.00
36, 18, 114, 47, 1.0000, 1.0417, 1.0000, 0.2919, 1.0000, 182.98
36, 88, 42, 1, 0.8778, 1.6778, 1.6740, 0.1132, 0.7022, 217.25
36, 97, 41, 28, 1.0000, 1.9787, 1.9783, 0.0403, 1.0000, 247.40
36, 126, 63, 118, 1.0000, 1.0009, -1.0000, 0.0425, 1.0000, 143.32
36, 132, 119, 122, 1.0000, 6.3599, -6.2568, -1.1404, 1.0000, 88.83
36, 45, 19, 115, 1.0000, 2.5097, 2.5091, 0.0537, 1.0000, 219.92
36, 32, 2, 67, 0.5625, 12.5520, -6.3143, 10.8482, 0.2250, 196.75
36, 35, 88, 106, 0.7881, 1.2615, 0.8483, 0.9337, 0.5517, 127.07
36, 47, 70, 48, 0.6222, 19.0903, -5.6165, -18.2454, 0.3111, 122.20
36, 75, 113, 111, 0.6222, 8.0663, -3.8393, -7.0940, 0.3111, 79.40
36, 65, 43, 49, 0.5625, 0.9508, 0.0538, 0.9493, 0.2250, 210.75
36, 135, 41, 93, 0.8000, 1.3698, 1.1704, 0.7115, 0.8000, 190.31
36, 141, 132, 100, 0.5833, 1.3349, 1.3006, 0.3006, 0.5250, 88.33
36, 34, 118, -2, 0.5222, 16.9350, 3.2952, -16.6113, 0.2611, 134.40
37, 18, 116, 47, 1.0000, 1.6938, 1.6938, 0.0163, 1.0000, 181.37
37, 88, 43, 1, 0.9333, 1.1221, 1.1129, 0.1438, 0.8400, 216.78
37, 97, 42, 28, 1.0000, 1.3173, 1.3171, 0.0204, 1.0000, 247.56
37, 126, 62, 117, 1.0000, 1.2259, -1.0000, -0.7091, 1.0000, 143.90
37, 132, 116, 120, 1.0000, 3.5861, -2.9123, -2.0926, 1.0000, 88.22
37, 45, 20, 115, 1.0000, 1.5328, 1.5326, -0.0220, 1.0000, 219.38
37, 47, 84, 30, 0.6806, 21.9049, 12.4602, -18.0157, 0.4083, 130.83
37, 75, 101, 103, 0.6806, 13.8152, -11.1905, -8.1013, 0.4083, 85.67
37, 53, 25, 115, 0.5625, 0.9866, 0.9860, -0.0336, 0.2250, 176.75
37, 135, 43, 94, 0.7000, 1.3698, 1.1704, 0.7115, 0.7000, 190.31
37, 35, 89, 107, 0.6881, 1.2615, 0.8483, 0.9337, 0.4817, 127.07
38, 18, 117, 48, 1.0000, 1.4809, 1.3312, 0.6487, 1.0000, 181.15
38, 88, 44, 0, 0.9889, 1.2139, 0.9452, -0.7617, 0.9889, 216.80
38, 97, 44, 27, 1.0000, 1.8470, 1.7030, -0.7150, 1.0000, 247.36
38, 114, 64, 52, 0.6000, 41.5864, 9.6367, 40.4545, 0.1800, 199.33
38, 4, 89, 29, 0.5625, 28.7649, -27.1976, 9.3654, 0.2250, 145.25
38, 45, 22, 115, 1.0000, 1.7278, 1.7277, -0.0174, 1.0000, 221.29
38, 32, 9, 80, 0.6222, 7.9633, 5.0878, 6.1260, 0.3111, 193.20
38, 35, 90, 107, 0.8451, 1.1660, 1.0550, 0.4965, 0.6761, 125.69
38, 75, 95, 91, 0.7381, 13.7477, -6.7032, -12.0027, 0.5167, 90.86
38, 53, 27, 115, 0.6722, 1.7620, 1.7620, 0.0037, 0.3361, 174.00
38, 126, 61, 116, 0.9000, 1.2259, -1.0000, -0.7091, 0.9000, 143.90
38, 132, 113, 118, 0.9000, 3.5861, -2.9123, -2.0926, 0.9000, 88.22
38, 135, 44, 95, 0.6000, 1.3698, 1.1704, 0.7115, 0.6000, 190.31
38, 47, 97, 12, 0.5806, 21.9049, 12.4602, -18.0157, 0.3483, 130.83
39, 18, 118, 48, 1.0000, 1.0883, 1.0430, 0.3105, 1.0000, 180.34
39, 88, 44, 0, 1.0000, 0.3278, 0.1708, -0.2798, 1.0000, 216.59
39, 97, 46, 27, 1.0000, 2.0023, 1.9763, -0.3218, 1.0000, 247.51
39, 114, 63, 89, 0.6556, 38.1997, 0.3628, 38.1980, 0.2622, 193.50
39, 126, 60, 116, 1.0000, 1.1519, -1.0000, -0.5717, 1.0000, 145.66
39, 135, 46, 92, 1.0000, 1.4642, 1.4527, -0.1836, 1.0000, 189.32
39, 4, 64, 34, 0.6222, 25.7457, -25.2593, 4.9813, 0.3111, 155.00
39, 45, 24, 115, 1.0000, 1.9566, 1.9566, -0.0040, 1.0000, 223.20
39, 32, 13, 83, 0.6806, 5.3090, 4.0591, 3.4218, 0.4083, 187.83
39, 35, 91, 107, 0.9019, 1.0276, 1.0239, 0.0875, 0.8117, 124.39
39, 65, 41, 68, 0.6222, 7.5351, -0.8357, 7.4886, 0.3111, 207.20
39, 53, 28, 115, 0.7306, 1.2811, 1.2811, 0.0057, 0.4383, 173.67
39, 91, 85, 30, 0.5625, 20.9483, 20.7740, -2.6966, 0.2250, 198.25
39, 82, 90, 106, 0.5625, 24.9427, -24.6655, 3.7084, 0.2250, 95.50
39, 154, 1, 48, 0.6000, 18.5179, -3.7759, -18.1289, 0.1800, 184.33
39, 75, 88, 79, 0.6381, 13.7477, -6.7032, -12.0027, 0.4467, 90.86
40, 18, 119, 48, 1.0000, 0.9656, 0.9647, 0.0414, 1.0000, 179.52
40, 88, 54, 4, 1.0000, 10.2741, 9.4703, 3.9839, 1.0000, 215.46
40, 97, 47, 27, 1.0000, 1.3279, 1.3275, -0.0304, 1.0000, 247.65
40, 114, 63, 119, 0.7111, 30.8895, 0.4176, 30.8867, 0.3556, 182.80
40, 126, 46, 122, 1.0000, 12.9705, -11.9772, 4.9780, 1.0000, 147.15
40, 135, 32, 112, 1.0000, 22.9647, -12.9621, 18.9568, 1.0000, 189.30
40, 4, 44, 50, 0.6806, 25.2499, -20.2310, 15.1084, 0.4083, 164.17
40, 45, 26, 115, 1.0000, 2.0236, 2.0236, 0.0010, 1.0000, 223.12
40, 26, 66, 38, 0.5625, 29.8829, 22.4923, -19.6744, 0.2250, 198.50
40, 35, 91, 108, 0.9583, 0.7600, 0.2455, 0.7192, 0.9583, 123.35
40, 75, 109, 61, 0.7951, 17.5778, 8.8964, -15.1603, 0.6361, 95.75
40, 65, 47, 91, 0.6806, 22.6609, 5.5332, 21.9750, 0.4083, 204.67
40, 53, 31, 124, 0.7381, 8.7813, 2.5250, 8.4105, 0.5167, 166.86
40, 91, 117, 23, 0.6222, 31.3659, 30.5970, -6.9022, 0.3111, 185.80
40, 82, 60, 115, 0.6222, 30.4440, -29.1950, 8.6309, 0.3111, 108.00
40, 153, 11, 67, 0.6000, 27.0739, 2.7633, 26.9325, 0.1800, 199.00
40, 154, 8, 26, 0.6556, 22.2426, 5.7432, -21.4883, 0.2622, 189.25
40, 32, 17, 87, 0.5806, 5.3090, 4.0591, 3.4218, 0.3483, 187.83
41, 18, 120, 49, 1.0000, 1.1691, 0.9752, 0.6448, 1.0000, 179.24
41, 88, 57, 5, 1.0000, 3.5016, 3.2102, 1.3985, 1.0000, 214.04
41, 97, 49, 27, 1.0000, 1.6973, 1.6969, 0.0382, 1.0000, 247.78
41, 109, 44, 53, 0.6000, 23.0227, 21.3085, -8.7174, 0.1800, 200.67
41, 126, 32, 116, 1.0000, 15.0548, -14.4387, -4.2628, 1.0000, 148.86
41, 4, 12, 63, 0.7381, 33.5949, -30.7875, 13.4441, 0.5167, 168.57
41, 45, 28, 115, 1.0000, 2.0170, 2.0170, 0.0010, 1.0000, 220.59
41, 26, 112, 22, 0.6222, 46.5485, 43.6053, -16.2891, 0.3111, 185.00
41, 29, 39, 61, 0.5625, 38.8157, 37.6528, -9.4299, 0.2250, 182.00
41, 35, 92, 108, 1.0000, 0.7491, 0.6978, 0.2723, 1.0000, 122.77
41, 65, 49, 97, 0.7381, 8.1974, 2.8479, 7.6868, 0.5167, 200.86
41, 53, 44, 128, 0.7951, 12.8643, 12.2356, 3.9723, 0.6361, 162.38
41, 66, 14, 44, 0.5625, 0.0761, 0.0633, 0.0422, 0.2250, 206.75
41, 91, 123, 21, 0.6806, 8.8243, 8.5478, -2.1917, 0.4083, 177.00
41, 82, 54, 116, 0.6806, 8.4898, -8.2682, 1.9271, 0.4083, 118.50
41, 153, 34, 103, 0.6556, 41.1088, 20.5591, 35.5986, 0.2622, 185.75
41, 114, 63, 150, 0.6111, 30.8895, 0.4176, 30.8867, 0.3056, 182.80
41, 154, 14, 4, 0.5556, 22.2426, 5.7432, -21.4883, 0.2222, 189.25
42, 18, 121, 49, 1.0000, 1.0424, 0.9937, 0.3147, 1.0000, 178.84
42, 97, 51, 28, 1.0000, 2.0985, 1.9697, 0.7238, 1.0000, 247.81
42, 109, 54, 41, 0.6556, 16.4023, 11.0199, -12.1490, 0.2622, 200.75
42, 45, 30, 114, 1.0000, 2.1285, 2.0037, -0.7180, 1.0000, 218.37
42, 29, 52, 53, 0.6222, 17.9515, 16.0774, -7.9858, 0.3111, 184.80
42, 35, 93, 109, 1.0000, 1.2399, 0.9899, 0.7466, 1.0000, 121.62
42, 65, 56, 113, 0.7951, 17.2280, 6.4511, 15.9746, 0.6361, 198.00
42, 66, 16, 45, 0.6722, 1.6731, 1.4981, 0.7451, 0.3361, 205.40
42, 102, 11, 0, 0.5625, 0.9860, 0.9860, 0.0000, 0.2250, 245.88
42, 103, 87, 30, 0.5625, 0.0000, 0.0000, 0.0000, 0.2250, 174.25
42, 88, 60, 7, 0.9000, 3.5016, 3.2102, 1.3985, 0.9000, 214.04
42, 114, 64, 181, 0.5111, 30.8895, 0.4176, 30.8867, 0.2556, 182.80
42, 126, 17, 112, 0.9000, 15.0548, -14.4387, -4.2628, 0.9000, 148.86
42, 4, -19, 77, 0.6381, 33.5949, -30.7875, 13.4441, 0.4467, 168.57
42, 26, 156, 6, 0.5222, 46.5485, 43.6053, -16.2891, 0.2611, 185.00
42, 53, 56, 132, 0.6951, 12.8643, 12.2356, 3.9723, 0.5561, 162.38
42, 91, 132, 19, 0.5806, 8.8243, 8.5478, -2.1917, 0.3483, 177.00
42, 82, 46, 118, 0.5806, 8.4898, -8.2682, 1.9271, 0.3483, 118.50
42, 153, 54, 139, 0.5556, 41.1088, 20.5591, 35.5986, 0.2222, 185.75
43, 18, 123, 39, 1.0000, 8.1615, 1.6707, -7.9886, 1.0000, 177.09
43, 97, 52, 28, 1.0000, 1.3791, 1.3386, 0.3320, 1.0000, 247.90
43, 109, 46, 22, 0.7111, 18.6745, -5.5848, -17.8198, 0.3556, 200.40
43, 45, 32, 114, 1.0000, 2.0243, 1.9990, -0.3194, 1.0000, 217.25
43, 35, 94, 109, 1.0000, 1.0749, 1.0414, 0.2662, 1.0000, 121.58
43, 65, 57, 117, 0.8519, 4.8066, 1.1395, 4.6696, 0.7667, 196.22
43, 90, 10, 12, 0.5625, 14.5655, 9.3246, -11.1896, 0.2250, 208.25
43, 102, 12, 0, 0.6722, 1.0085, 1.0085, 0.0000, 0.3361, 245.70
43, 103, 87, 30, 0.6722, 0.0000, 0.0000, 0.0000, 0.3361, 174.40
43, 85, 109, 123, 0.5625, 0.0336, 0.0336, 0.0000, 0.2250, 106.50
43, 88, 63, 8, 0.8000, 3.5016, 3.2102, 1.3985, 0.8000, 214.04
43, 126, 3, 107, 0.8000, 15.0548, -14.4387, -4.2628, 0.8000, 148.86
43, 29, 68, 45, 0.5222, 17.9515, 16.0774, -7.9858, 0.2611, 184.80
43, 53, 69, 136, 0.5951, 12.8643, 12.2356, 3.9723, 0.4761, 162.38
43, 66, 17, 46, 0.5722, 1.6731, 1.4981, 0.7451, 0.2861, 205.40
44, 97, 54, 28, 1.0000, 1.6927, 1.6923, 0.0369, 1.0000, 248.10
44, 109, 41, 12, 0.7667, 12.3202, -5.2638, -11.1391, 0.4600, 201.50
44, 126, 6, 107, 1.0000, 7.7679, -7.2711, -2.7335, 1.0000, 149.45
44, 148, 70, 54, 0.6000, 51.9760, -51.8343, 3.8348, 0.1800, 157.67
44, 45, 34, 114, 1.0000, 1.9991, 1.9989, -0.0287, 1.0000, 215.17
44, 35, 95, 110, 1.0000, 1.2548, 1.0188, 0.7325, 1.0000, 121.54
44, 65, 55, 115, 0.9083, 1.9678, -1.3226, -1.4570, 0.9083, 192.70
44, 90, 24, 0, 0.6222, 17.6696, 13.3291, -11.5995, 0.3111, 210.60
44, 66, 35, 43, 0.6806, 11.0868, 11.0305, -1.1162, 0.4083, 205.17
44, 102, 12, 0, 0.7306, 0.2414, 0.2414, 0.0000, 0.4383, 244.58
44, 103, 87, 30, 0.7306, 0.0000, 0.0000, 0.0000, 0.4383, 175.00
44, 85, 109, 126, 0.6722, 2.2605, -0.0037, 2.2605, 0.3361, 102.40
44, 69, 124, 103, 0.5495, 4.3806, 4.3485, -0.5293, 0.5495, 97.82
44, 18, 124, 31, 0.9000, 8.1615, 1.6707, -7.9886, 0.9000, 177.09
44, 88, 67, 10, 0.7000, 3.5016, 3.2102, 1.3985, 0.7000, 214.04
45, 97, 55, 28, 1.0000, 1.2750, 1.2745, -0.0379, 1.0000, 247.56
45, 148, 42, 59, 0.6556, 31.9772, -31.6101, 4.8317, 0.2622, 169.75
45, 45, 36, 113, 1.0000, 2.1081, 1.9997, -0.6675, 1.0000, 213.90
45, 29, 71, 32, 0.6806, 7.8813, 4.1992, -6.6694, 0.4083, 186.17
45, 32, 40, 111, 0.7381, 6.8020, 4.6143, 4.9976, 0.5167, 182.43
45, 35, 95, 111, 1.0000, 1.0355, 0.2708, 0.9995, 1.0000, 121.07
45, 65, 54, 114, 0.9646, 1.8157, -1.4089, -1.1453, 0.9646, 190.09
45, 150, 9, 56, 0.6000, 54.0707, 6.6004, 53.6664, 0.1800, 214.00
45, 102, 7, 0, 0.7881, 4.6415, -4.6415, 0.0000, 0.5517, 242.36
45, 103, 87, 30, 0.7881, 0.0000, 0.0000, 0.0000, 0.5517, 174.86
45, 58, 55, 95, 0.5625, 1.0196, 1.0196, 0.0000, 0.2250, 186.00
45, 122, 69, 56, 0.5625, 34.3386, 1.9048, -34.2857, 0.2250, 176.00
45, 18, 126, 23, 0.8000, 8.1615, 1.6707, -7.9886, 0.8000, 177.09
45, 88, 70, 11, 0.6000, 3.5016, 3.2102, 1.3985, 0.6000, 214.04
45, 90, 38, -12, 0.5222, 17.6696, 13.3291, -11.5995, 0.2611, 210.60
45, 85, 109, 128, 0.5722, 2.2605, -0.0037, 2.2605, 0.2861, 102.40
46, 18, 123, 26, 1.0000, 3.7605, -0.2291, -3.7535, 1.0000, 175.28
46, 97, 57, 28, 1.0000, 1.7011, 1.7009, -0.0246, 1.0000, 247.65
46, 148, 3, 58, 0.7111, 37.6956, -37.6947, -0.2539, 0.3556, 186.40
46, 45, 37, 112, 1.0000, 1.6417, 1.2981, -1.0050, 1.0000, 211.77
46, 14, 116, 105, 0.5625, 55.0274, -7.6537, 54.4925, 0.2250, 125.25
46, 35, 95, 110, 1.0000, 0.4142, -0.0417, -0.4121, 1.0000, 120.25
46, 150, 19, 110, 0.6556, 54.7785, 9.4505, 53.9571, 0.2622, 199.75
46, 102, 2, 2, 0.8451, 5.0931, -4.8608, 1.5206, 0.6761, 239.56
46, 103, 87, 30, 0.8451, 0.0000, 0.0000, 0.0000, 0.6761, 174.38
46, 58, 57, 96, 0.6722, 1.9130, 1.7583, 0.7535, 0.3361, 182.00
46, 122, 74, 46, 0.6222, 14.4819, 4.2849, -13.8334, 0.3111, 180.20
46, 88, 73, 12, 0.5000, 3.5016, 3.2102, 1.3985, 0.5000, 214.04
47, 97, 59, 28, 1.0000, 1.9772, 1.9771, -0.0056, 1.0000, 247.84
47, 45, 39, 111, 1.0000, 1.9786, 1.6726, -1.0569, 1.0000, 209.08
47, 21, 72, 56, 0.5625, 12.9697, -3.8213, -12.3940, 0.2250, 186.00
47, 35, 96, 111, 1.0000, 0.7674, 0.6621, 0.3878, 1.0000, 119.74
47, 40, 127, 51, 0.5625, 0.9440, 0.9439, -0.0085, 0.2250, 129.00
47, 103, 87, 30, 0.9019, 0.0000, 0.0000, 0.0000, 0.8117, 174.00
47, 58, 69, 94, 0.6806, 11.3814, 11.2017, -2.0145, 0.4083, 178.83
47, 156, 126, 104, 0.6000, 0.9860, 0.9860, 0.0000, 0.1800, 90.67
47, 148, -35, 58, 0.6111, 37.6956, -37.6947, -0.2539, 0.3056, 186.40
47, 150, 28, 164, 0.5556, 54.7785, 9.4505, 53.9571, 0.2222, 199.75
47, 122, 78, 32, 0.5222, 14.4819, 4.2849, -13.8334, 0.2611, 180.20
48, 88, 61, 10, 1.0000, 0.5879, -0.4633, 0.3619, 1.0000, 212.61
48, 97, 60, 28, 1.0000, 1.3631, 1.3631, 0.0015, 1.0000, 247.93
48, 109, 16, 1, 0.9889, 2.3968, 2.3267, 0.5753, 0.9889, 220.00
48, 45, 40, 111, 1.0000, 1.3109, 1.2680, -0.3323, 1.0000, 207.49
48, 21, 46, 44, 0.6222, 25.8095, -22.9705, -11.7680, 0.3111, 188.80
48, 35, 98, 112, 1.0000, 1.9789, 1.7340, 0.9535, 1.0000, 118.86
48, 40, 118, 45, 0.6222, 9.6306, -8.0482, -5.2892, 0.3111, 126.20
48, 103, 87, 30, 0.9583, 0.0000, 0.0000, 0.0000, 0.9583, 173.80
48, 122, 71, 38, 0.6806, 2.8549, -1.8858, -2.1434, 0.4083, 190.50
48, 156, 117, 107, 0.6556, 7.6229, -7.2800, 2.2605, 0.2622, 91.75
48, 157, 80, 111, 0.6000, 33.2431, -32.9249, 4.5886, 0.1800, 114.00
48, 130, 19, 47, 0.5625, 0.9524, 0.9524, 0.0000, 0.2250, 205.75
48, 58, 80, 92, 0.5806, 11.3814, 11.2017, -2.0145, 0.3483, 178.83
49, 88, 54, 11, 1.0000, 7.4475, -7.3881, 0.9389, 1.0000, 211.83
49, 97, 62, 28, 1.0000, 1.6854, 1.6854, 0.0017, 1.0000, 248.10
49, 45, 41, 110, 1.0000, 1.2176, 1.0156, -0.6717, 1.0000, 205.43
49, 21, 19, 23, 0.6806, 33.2989, -26.9948, -19.4960, 0.4083, 192.50
49, 35, 99, 113, 1.0000, 1.7502, 1.3800, 1.0765, 1.0000, 118.71
49, 103, 87, 30, 1.0000, 0.0000, 0.0000, 0.0000, 1.0000, 174.00
49, 104, 85, 20, 0.5625, 47.2064, -24.3372, -40.4493, 0.2250, 139.75
49, 156, 117, 107, 0.7111, 1.5157, -1.2692, 0.8285, 0.3556, 99.00
49, 157, 51, 112, 0.6556, 30.1566, -30.0839, 2.0923, 0.2622, 123.50
49, 111, 26, 11, 0.5625, 14.5224, -13.8032, -4.5134, 0.2250, 213.00
49, 125, 63, 98, 0.5625, 45.7190, -45.6807, -1.8711, 0.2250, 120.62
49, 133, 58, 99, 0.5625, 48.5535, -39.9328, -27.6190, 0.2250, 143.50
49, 40, 109, 40, 0.5222, 9.6306, -8.0482, -5.2892, 0.2611, 126.20
50, 88, 41, 18, 1.0000, 13.9440, -12.3065, 6.5563, 1.0000, 211.03
50, 97, 74, 31, 1.0000, 10.3317, 9.9791, 2.6763, 1.0000, 246.65
50, 45, 49, 112, 1.0000, 6.5413, 6.4476, 1.1030, 1.0000, 203.84
50, 35, 103, 125, 1.0000, 10.7554, 3.1838, 10.2733, 1.0000, 117.53
50, 103, 87, 30, 1.0000, 0.0000, 0.0000, 0.0000, 1.0000, 174.17
50, 58, 100, 113, 0.7381, 13.1426, 10.0488, 8.4705, 0.5167, 170.71
50, 156, 119, 107, 0.7667, 1.3410, 1.3410, -0.0134, 0.4600, 96.33
50, 157, 42, 116, 0.7111, 11.0415, -10.5616, 3.2199, 0.3556, 135.00
50, 111, 15, 14, 0.6222, 11.6890, -11.5683, 1.6756, 0.3111, 211.60
50, 125, 40, 108, 0.6222, 27.3448, -25.9833, 8.5210, 0.3111, 128.50
50, 161, 7, 56, 0.6000, 0.9860, 0.9860, 0.0000, 0.1800, 208.00
50, 21, -8, 4, 0.5806, 33.2989, -26.9948, -19.4960, 0.3483, 192.50
51, 45, 62, 101, 1.0000, 15.3540, 12.5185, -8.8900, 1.0000, 202.59
51, 103, 87, 30, 1.0000, 0.0000, 0.0000, 0.0000, 1.0000, 174.54
51, 156, 121, 108, 0.8222, 2.3139, 2.2241, 0.6383, 0.5756, 99.00
51, 130, 20, 28, 0.6222, 7.6384, 0.2188, -7.6353, 0.3111, 205.40
51, 125, 40, 111, 0.6806, 4.3902, -2.8182, 3.3662, 0.4083, 133.58
51, 158, 113, 103, 0.6000, 1.2496, 0.8321, 0.9322, 0.1800, 96.67
51, 160, 62, 12, 0.6000, 17.6155, 17.5116, 1.9106, 0.1800, 207.33
51, 161, 8, 56, 0.7056, 1.0085, 1.0085, 0.0000, 0.2822, 211.25
51, 97, 84, 34, 0.9000, 10.3317, 9.9791, 2.6763, 0.9000, 246.65
51, 35, 106, 135, 0.9000, 10.7554, 3.1838, 10.2733, 0.9000, 117.53
51, 157, 32, 119, 0.6111, 11.0415, -10.5616, 3.2199, 0.3056, 135.00
51, 111, 3, 16, 0.5222, 11.6890, -11.5683, 1.6756, 0.2611, 211.60
52, 97, 85, 33, 1.0000, 5.0195, 4.9552, 0.8008, 1.0000, 244.82
52, 45, 77, 95, 1.0000, 15.7286, 14.5719, -5.9202, 1.0000, 201.03
52, 40, 78, 32, 0.6806, 10.7477, -10.4257, -2.6111, 0.4083, 140.17
52, 103, 87, 30, 1.0000, 0.0000, 0.0000, 0.0000, 1.0000, 174.50
52, 111, 9, 37, 0.6806, 13.1914, -1.3326, 13.1239, 0.4083, 214.17
52, 130, 36, 8, 0.6806, 24.5074, 14.7209, -19.5935, 0.4083, 209.00
52, 158, 114, 104, 0.7056, 1.4701, 1.0548, 1.0241, 0.2822, 101.75
52, 160, 77, 17, 0.6556, 16.2364, 15.6561, 4.3020, 0.2622, 200.50
52, 35, 109, 145, 0.8000, 10.7554, 3.1838, 10.2733, 0.8000, 117.53
52, 161, 9, 56, 0.6056, 1.0085, 1.0085, 0.0000, 0.2422, 211.25
53, 103, 87, 30, 1.0000, 0.0000, 0.0000, 0.0000, 1.0000, 174.53
53, 119, 70, 99, 0.5625, 28.3879, -27.8394, 5.5535, 0.2250, 128.25
53, 158, 116, 105, 0.7611, 2.0727, 1.8056, 1.0179, 0.3806, 102.80
53, 160, 99, 5, 0.7111, 23.3264, 21.0179, -10.1177, 0.3556, 196.80
53, 60, 61, 125, 0.5625, 13.6092, 10.5434, 8.6050, 0.2250, 189.75
53, 123, 52, 115, 0.5625, 5.3875, 3.8095, 3.8095, 0.2250, 161.75
53, 97, 89, 34, 0.9000, 5.0195, 4.9552, 0.8008, 0.9000, 244.82
53, 45, 92, 89, 0.9000, 15.7286, 14.5719, -5.9202, 0.9000, 201.03
53, 35, 112, 156, 0.7000, 10.7554, 3.1838, 10.2733, 0.7000, 117.53
53, 130, 50, -12, 0.5806, 24.5074, 14.7209, -19.5935, 0.3483, 209.00
53, 161, 10, 56, 0.5056, 1.0085, 1.0085, 0.0000, 0.2022, 211.25
54, 103, 87, 30, 1.0000, 0.0000, 0.0000, 0.0000, 1.0000, 174.62
54, 119, 17, 101, 0.6222, 49.9587, -49.9010, 2.4022, 0.3111, 135.60
54, 158, 117, 106, 0.8167, 1.6416, 1.2993, 1.0033, 0.4900, 104.00
54, 160, 103, 1, 0.7667, 7.2793, 5.7338, -4.4846, 0.4600, 193.83
54, 161, 12, 56, 0.7611, 1.4106, 1.4106, 0.0000, 0.3806, 219.40
54, 123, 55, 115, 0.6222, 3.4539, 3.2952, 1.0347, 0.3111, 170.80
54, 97, 94, 35, 0.8000, 5.0195, 4.9552, 0.8008, 0.8000, 244.82
54, 45, 107, 83, 0.8000, 15.7286, 14.5719, -5.9202, 0.8000, 201.03
54, 35, 115, 166, 0.6000, 10.7554, 3.1838, 10.2733, 0.6000, 117.53
55, 97, 87, 30, 1.0000, 1.4128, 0.0572, -1.4117, 1.0000, 243.25
55, 149, 36, 4, 0.6000, 8.2685, 7.7432, 2.9002, 0.1800, 217.00
55, 103, 82, 32, 1.0000, 4.5694, -4.3350, 1.4450, 1.0000, 175.94
55, 158, 119, 107, 0.8722, 2.0224, 1.7587, 0.9987, 0.6106, 103.14
55, 161, 23, 52, 0.7667, 10.8411, 10.0472, -4.0721, 0.4600, 216.67
55, 60, 86, 126, 0.6222, 12.8332, 12.8226, -0.5213, 0.3111, 175.20
55, 123, 57, 115, 0.7306, 2.2424, 2.2394, -0.1162, 0.4383, 176.75
55, 129, 70, 100, 0.5625, 2.1697, 1.9481, 0.9553, 0.2250, 176.00
55, 163, 1, 6, 0.6000, 0.9530, 0.0336, 0.9524, 0.1800, 232.33
55, 45, 121, 77, 0.7000, 15.7286, 14.5719, -5.9202, 0.7000, 201.03
55, 35, 119, 176, 0.5000, 10.7554, 3.1838, 10.2733, 0.5000, 117.53
55, 119, -33, 103, 0.5222, 49.9587, -49.9010, 2.4022, 0.2611, 135.60
55, 160, 109, -4, 0.6667, 7.2793, 5.7338, -4.4846, 0.4000, 193.83
56, 97, 87, 30, 1.0000, 0.5448, -0.1778, -0.5149, 1.0000, 241.76
56, 149, 52, 11, 0.6556, 16.3917, 14.9069, 6.8169, 0.2622, 213.00
56, 125, 44, 110, 0.9646, 1.2263, -1.2263, -0.0029, 0.9646, 148.59
56, 158, 120, 108, 0.9278, 1.6017, 1.2520, 0.9990, 0.7422, 107.25
56, 161, 30, 39, 0.8222, 13.5405, 7.2573, -11.4314, 0.5756, 214.29
56, 127, 58, 5, 0.5625, 31.6493, -31.4512, 3.5359, 0.2250, 177.25
56, 123, 59, 116, 0.7881, 1.9860, 1.9026, 0.5694, 0.5517, 173.79
56, 129, 71, 100, 0.6722, 1.2903, 1.2643, 0.2580, 0.3361, 172.80
56, 163, 4, 4, 0.7056, 3.2589, 3.0103, -1.2483, 0.2822, 227.50
56, 45, 136, 72, 0.6000, 15.7286, 14.5719, -5.9202, 0.6000, 201.03
56, 60, 99, 125, 0.5222, 12.8332, 12.8226, -0.5213, 0.2611, 175.20
57, 97, 87, 30, 1.0000, 0.0984, -0.0968, -0.0176, 1.0000, 240.31
57, 67, 45, 67, 0.5625, 54.2025, -49.0452, -23.0755, 0.2250, 147.25
57, 158, 121, 110, 0.9833, 2.0111, 0.9882, 1.7516, 0.8850, 108.56
57, 161, 43, 23, 0.8778, 20.4237, 12.7805, -15.9307, 0.7022, 213.88
57, 127, 35, 18, 0.6222, 27.2782, -24.2198, 12.5500, 0.3111, 183.80
57, 60, 114, 123, 0.6806, 14.2888, 14.2202, -1.3984, 0.4083, 157.50
57, 123, 60, 115, 0.8451, 1.2790, 1.1641, -0.5297, 0.6761, 174.12
57, 129, 84, 99, 0.6806, 11.6867, 11.6597, -0.7941, 0.4083, 165.50
57, 162, 94, 2, 0.6000, 31.3144, -25.0192, -18.8316, 0.1800, 158.00
57, 142, 53, 108, 0.5625, 2.1597, 1.9384, -0.9524, 0.2250, 161.75
57, 1, 16, 55, 0.5400, 36.1066, 7.7199, 35.2717, 0.2700, 199.00
57, 45, 150, 66, 0.5000, 15.7286, 14.5719, -5.9202, 0.5000, 201.03
57, 149, 67, 18, 0.5556, 16.3917, 14.9069, 6.8169, 0.2222, 213.00
57, 163, 8, 3, 0.6056, 3.2589, 3.0103, -1.2483, 0.2422, 227.50
58, 97, 87, 30, 1.0000, 0.0792, -0.0191, 0.0768, 1.0000, 238.92
58, 67, 4, 33, 0.6222, 53.3308, -42.1039, -32.7328, 0.3111, 159.40
58, 158, 123, 111, 1.0000, 2.1452, 1.7055, 1.3012, 1.0000, 108.90
58, 138, 34, 18, 0.5625, 12.0649, -10.1709, 6.4896, 0.2250, 211.75
58, 127, 13, 32, 0.6806, 26.0050, -22.3344, 13.3205, 0.4083, 186.50
58, 123, 59, 116, 0.9019, 0.7650, -0.5968, 0.4786, 0.8117, 171.78
58, 129, 88, 100, 0.7381, 5.0440, 5.0262, 0.4240, 0.5167, 161.71
58, 162, 91, -2, 0.6556, 8.5660, -6.2787, -5.8270, 0.2622, 181.75
58, 142, 72, 102, 0.6222, 17.9642, 17.0908, -5.5332, 0.3111, 160.80
58, 161, 56, 7, 0.7778, 20.4237, 12.7805, -15.9307, 0.6222, 213.88
58, 60, 128, 122, 0.5806, 14.2888, 14.2202, -1.3984, 0.3483, 157.50
58, 163, 11, 2, 0.5056, 3.2589, 3.0103, -1.2483, 0.2022, 227.50
59, 97, 87, 30, 1.0000, 0.0433, 0.0074, 0.0427, 1.0000, 237.61
59, 149, 89, 43, 0.7111, 16.4375, 11.8192, 11.4236, 0.3556, 205.60
59, 158, 124, 112, 1.0000, 1.6370, 1.2882, 1.0100, 1.0000, 107.27
59, 138, 8, 45, 0.6222, 34.0646, -23.4949, 24.6655, 0.3111, 211.20
59, 161, 60, 6, 0.9333, 10.7440, 8.0776, -7.0842, 0.8400, 209.56
59, 127, 2, 51, 0.7381, 22.0115, -11.8680, 18.5380, 0.5167, 184.86
59, 123, 66, 115, 0.9583, 5.7358, 5.7137, -0.5039, 0.9583, 172.50
59, 129, 90, 101, 0.7951, 2.7200, 2.5127, 1.0413, 0.6361, 156.88
59, 162, 93, -1, 0.7111, 1.7883, 1.7556, 0.3404, 0.3556, 196.40
59, 142, 78, 100, 0.6806, 7.0376, 6.7751, -1.9040, 0.4083, 160.50
59, 67, -38, 0, 0.5222, 53.3308, -42.1039, -32.7328, 0.2611, 159.40
60, 97, 87, 30, 1.0000, 0.0109, 0.0073, 0.0082, 1.0000, 236.29
60, 70, 82, 121, 0.5625, 9.8528, 9.6622, -1.9285, 0.2250, 124.25
60, 115, 13, 31, 0.5625, 13.5326, 2.8252, 13.2344, 0.2250, 211.25
60, 158, 119, 115, 1.0000, 4.8228, -4.1618, 2.4370, 1.0000, 105.00
60, 138, -1, 90, 0.6806, 43.9830, -11.1225, 42.5535, 0.4083, 210.50
60, 123, 69, 116, 1.0000, 3.0746, 3.0334, 0.5017, 1.0000, 171.36
60, 129, 90, 101, 0.8519, 0.4052, 0.2266, 0.3359, 0.7667, 153.78
60, 1, 41, 109, 0.6000, 16.4955, 8.5424, 14.1113, 0.3600, 196.00
60, 142, 85, 98, 0.5806, 7.0376, 6.7751, -1.9040, 0.3483, 160.50
61, 97, 87, 30, 1.0000, 0.0042, 0.0024, -0.0034, 1.0000, 235.04
61, 84, 82, 103, 0.5625, 47.1562, -40.5234, -24.1157, 0.2250, 111.25
61, 115, 5, 40, 0.6222, 11.2943, -6.7554, 9.0513, 0.3111, 208.80
61, 159, 127, 114, 0.6000, 1.3467, 0.9498, 0.9547, 0.1800, 96.83
61, 123, 70, 116, 1.0000, 1.8718, 1.8529, 0.2651, 1.0000, 176.67
61, 129, 90, 101, 0.9083, 0.2810, -0.2801, -0.0236, 0.9083, 150.50
61, 162, 99, 0, 0.8222, 2.4733, 2.4530, 0.3165, 0.5756, 206.81
61, 1, 41, 110, 0.6587, 2.1080, 0.7724, 1.9614, 0.4611, 191.57
61, 8, 38, 21, 0.5400, 13.5268, 10.8189, -8.1194, 0.2700, 201.20
61, 167, 7, 67, 0.6000, 46.5174, -46.5103, -0.8148, 0.1800, 191.67
61, 169, 82, 34, 0.6000, 2.1899, 1.9720, 0.9524, 0.1800, 251.33
61, 158, 115, 117, 0.9000, 4.8228, -4.1618, 2.4370, 0.9000, 105.00
61, 138, -12, 132, 0.5806, 43.9830, -11.1225, 42.5535, 0.3483, 210.50
62, 97, 87, 31, 1.0000, 0.6608, -0.0001, 0.6608, 1.0000, 233.89
62, 70, 93, 103, 0.6222, 11.4423, 5.3571, -10.1108, 0.3111, 122.20
62, 84, 65, 84, 0.6222, 28.4454, -20.8206, -19.3816, 0.3111, 122.00
62, 159, 125, 105, 0.6556, 7.4065, -1.2467, -7.3008, 0.2622, 91.62
62, 123, 72, 116, 1.0000, 1.7933, 1.7930, 0.0281, 1.0000, 178.15
62, 129, 82, 102, 0.9646, 7.0508, -7.0154, 0.7059, 0.9646, 150.82
62, 162, 100, 0, 0.8778, 1.2177, 1.2174, -0.0288, 0.7022, 212.33
62, 163, 19, 15, 0.7611, 3.6113, 2.2039, 2.8608, 0.3806, 223.40
62, 169, 83, 34, 0.7056, 1.2897, 1.2635, 0.2587, 0.2822, 251.50
62, 170, 121, 35, 0.6000, 51.2413, 48.6050, 16.2241, 0.1800, 174.00
62, 115, -2, 49, 0.5222, 11.2943, -6.7554, 9.0513, 0.2611, 208.80
62, 158, 111, 120, 0.8000, 4.8228, -4.1618, 2.4370, 0.8000, 105.00
62, 167, -39, 66, 0.5000, 46.5174, -46.5103, -0.8148, 0.1500, 191.67
63, 70, 94, 66, 0.6806, 34.0239, 0.9237, -34.0113, 0.4083, 129.00
63, 158, 110, 121, 1.0000, 3.4551, -2.7995, 2.0249, 1.0000, 107.00
63, 123, 75, 116, 1.0000, 2.7065, 2.7063, -0.0280, 1.0000, 176.36
63, 129, 80, 102, 1.0000, 2.6529, -2.6388, 0.2731, 1.0000, 148.83
63, 162, 102, 0, 0.9333, 1.6623, 1.6613, -0.0556, 0.8400, 211.85
63, 169, 85, 34, 0.7611, 1.7340, 1.7337, -0.0291, 0.3806, 245.90
63, 46, 77, 90, 0.5400, 40.6409, 36.7460, -17.3614, 0.2700, 166.00
63, 84, 44, 65, 0.5222, 28.4454, -20.8206, -19.3816, 0.2611, 122.00
63, 159, 124, 98, 0.5556, 7.4065, -1.2467, -7.3008, 0.2222, 91.62
63, 170, 170, 52, 0.5000, 51.2413, 48.6050, 16.2241, 0.1500, 174.00
64, 70, 91, 32, 0.7381, 34.3808, -2.7084, -34.2740, 0.5167, 135.29
64, 84, 25, 55, 0.6806, 24.2523, -19.7345, -14.0970, 0.4083, 135.00
64, 158, 107, 126, 1.0000, 5.8751, -2.9099, 5.1038, 1.0000, 105.43
64, 123, 83, 105, 1.0000, 12.5461, 7.6475, -9.9459, 1.0000, 173.47
64, 162, 103, 0, 0.9889, 1.1916, 1.1915, -0.0146, 0.9889, 213.37
64, 8, 43, 0, 0.6000, 6.6613, -0.2703, -6.6558, 0.3600, 204.67
64, 169, 87, 35, 0.8167, 2.1296, 2.0058, 0.7157, 0.4900, 246.92
64, 46, 113, 58, 0.6000, 47.2320, 36.4163, -30.0784, 0.3600, 161.00
64, 152, 28, 3, 0.5625, 52.6000, 4.7955, -52.3810, 0.2250, 221.75
64, 129, 78, 102, 0.9000, 2.6529, -2.6388, 0.2731, 0.9000, 148.83
65, 115, 7, 78, 0.6806, 10.1149, 2.7743, 9.7270, 0.4083, 204.17
65, 162, 97, 5, 1.0000, 7.3044, -5.4729, 4.8375, 1.0000, 207.70
65, 169, 89, 35, 0.8722, 2.0598, 2.0408, 0.2794, 0.6106, 247.64
65, 49, 85, 105, 0.5400, 13.7657, 8.2594, -11.0125, 0.2700, 146.60
65, 158, 104, 132, 0.9000, 5.8751, -2.9099, 5.1038, 0.9000, 105.43
65, 123, 91, 95, 0.9000, 12.5461, 7.6475, -9.9459, 0.9000, 173.47
65, 8, 43, -7, 0.5000, 6.6613, -0.2703, -6.6558, 0.3000, 204.67
65, 46, 149, 28, 0.5000, 47.2320, 36.4163, -30.0784, 0.3000, 161.00
66, 162, 93, 12, 1.0000, 7.7683, -4.3710, 6.4220, 1.0000, 203.47
66, 169, 90, 36, 0.9278, 1.4710, 1.2591, 0.7607, 0.7422, 248.19
66, 151, 8, 0, 0.5625, 2.6937, 1.9048, -1.9048, 0.2250, 217.25
66, 158, 101, 137, 0.8000, 5.8751, -2.9099, 5.1038, 0.8000, 105.43
66, 123, 98, 85, 0.8000, 12.5461, 7.6475, -9.9459, 0.8000, 173.47
67, 1, 68, 107, 1.0000, 1.2604, 1.2339, -0.2572, 1.0000, 176.62
67, 169, 92, 36, 0.9833, 1.7210, 1.7014, 0.2595, 0.8850, 248.94
67, 49, 101, 104, 0.6000, 7.7949, 7.7219, 1.0643, 0.3600, 140.50
67, 175, 12, 9, 0.6000, 17.8936, -16.1905, 7.6190, 0.1800, 220.67
67, 178, 51, 26, 0.6000, 48.0740, 40.0000, -26.6667, 0.1800, 199.00
67, 179, 58, 73, 0.6000, 35.4723, 30.5098, 18.0952, 0.1800, 208.33
67, 158, 98, 142, 0.7000, 5.8751, -2.9099, 5.1038, 0.7000, 105.43
67, 123, 106, 75, 0.7000, 12.5461, 7.6475, -9.9459, 0.7000, 173.47
68, 169, 94, 36, 1.0000, 1.9901, 1.9901, -0.0087, 1.0000, 249.25
68, 49, 104, 106, 0.6587, 3.6077, 3.2034, 1.6595, 0.4611, 134.86
68, 151, 27, 1, 0.6222, 10.6813, 10.6614, 0.6521, 0.3111, 219.40
68, 173, 34, 53, 0.6000, 48.4053, -41.3477, 25.1682, 0.1800, 208.33
68, 155, 30, 72, 0.5625, 14.8258, -1.7603, 14.7209, 0.2250, 198.25
68, 175, 6, 29, 0.6556, 20.0655, -7.4115, 18.6465, 0.2622, 215.50
68, 178, 74, 14, 0.6556, 28.8231, 25.1811, -14.0245, 0.2622, 194.25
68, 179, 92, 103, 0.6556, 43.5618, 33.1397, 28.2735, 0.2622, 188.50
68, 182, 76, 21, 0.6000, 24.5781, -20.0000, 14.2857, 0.1800, 161.00
68, 184, 49, 24, 0.6000, 27.5855, -27.5854, 0.0336, 0.1800, 191.00
68, 158, 95, 147, 0.6000, 5.8751, -2.9099, 5.1038, 0.6000, 105.43
68, 123, 114, 65, 0.6000, 12.5461, 7.6475, -9.9459, 0.6000, 173.47
69, 112, 29, 54, 0.5625, 39.8841, 25.1526, 30.9530, 0.2250, 205.50
69, 118, 34, 57, 0.5625, 14.5866, -14.3047, 2.8542, 0.2250, 201.25
69, 169, 97, 36, 1.0000, 2.7843, 2.7839, -0.0423, 1.0000, 245.73
69, 49, 105, 107, 0.7167, 2.0593, 1.6467, 1.2366, 0.5733, 130.12
69, 175, 10, 55, 0.7111, 25.1374, 3.2072, 24.9319, 0.3556, 211.80
69, 178, 107, 2, 0.7111, 34.5644, 32.2783, -12.3616, 0.3556, 184.20
69, 182, 52, 27, 0.6556, 24.0132, -22.7629, 7.6477, 0.2622, 169.62
69, 184, 25, 22, 0.6556, 24.8819, -24.8359, -1.5107, 0.2622, 195.00
69, 186, 97, 32, 0.6000, 36.2030, -29.5238, -20.9524, 0.1800, 129.00
69, 158, 92, 152, 0.5000, 5.8751, -2.9099, 5.1038, 0.5000, 105.43
69, 123, 121, 55, 0.5000, 12.5461, 7.6475, -9.9459, 0.5000, 173.47
69, 151, 38, 1, 0.5222, 10.6813, 10.6614, 0.6521, 0.2611, 219.40
69, 173, -8, 78, 0.5000, 48.4053, -41.3477, 25.1682, 0.1500, 208.33
69, 179, 125, 132, 0.5556, 43.5618, 33.1397, 28.2735, 0.2222, 188.50
70, 112, 63, 82, 0.6222, 43.3235, 32.4318, 28.7246, 0.3111, 200.20
70, 113, 51, 41, 0.5625, 16.5460, 15.4933, 5.8075, 0.2250, 194.75
70, 159, 113, 74, 0.7111, 3.0838, -1.6648, -2.5958, 0.3556, 96.30
70, 118, 13, 56, 0.6222, 19.8535, -19.8534, 0.0450, 0.3111, 202.60
70, 169, 106, 47, 1.0000, 12.6443, 8.2374, 9.5929, 1.0000, 237.75
70, 151, 67, 3, 0.6806, 21.4259, 21.3958, 1.1360, 0.4083, 218.00
70, 175, 8, 79, 0.7667, 24.4179, -1.5201, 24.3706, 0.4600, 206.67
70, 182, 33, 51, 0.7111, 30.1399, -20.2490, 22.3246, 0.3556, 186.30
70, 184, 2, 17, 0.7111, 23.6419, -23.0765, -5.1394, 0.3556, 198.60
70, 53, 118, 100, 0.5444, 28.9917, 28.2757, -6.4033, 0.5444, 136.58
70, 186, 84, 28, 0.6556, 16.1427, -14.8006, -6.4444, 0.2622, 140.75
70, 187, 88, 86, 0.6000, 32.3810, 32.3810, 0.0000, 0.1800, 174.67
70, 178, 139, -11, 0.6111, 34.5644, 32.2783, -12.3616, 0.3056, 184.20
71, 112, 97, 107, 0.6806, 41.9426, 33.8020, 24.8316, 0.4083, 184.83
71, 113, 53, 42, 0.6222, 4.4631, 4.1785, 1.5681, 0.3111, 194.80
71, 118, 4, 66, 0.6806, 13.3229, -9.9979, 8.8058, 0.4083, 199.50
71, 155, 27, 88, 0.6222, 3.4541, -0.9073, 3.3328, 0.3111, 194.60
71, 175, 12, 101, 0.8222, 22.7420, 3.5960, 22.4559, 0.5756, 200.43
71, 182, 11, 78, 0.7667, 33.9558, -21.2214, 26.5075, 0.4600, 185.08
71, 186, 79, 26, 0.7111, 7.1927, -6.9296, -1.9276, 0.3556, 151.40
71, 187, 93, 86, 0.6556, 8.7950, 8.7950, 0.0000, 0.2622, 162.25
71, 190, 82, 121, 0.6000, 18.9042, -12.3810, 14.2857, 0.1800, 119.00
71, 169, 114, 57, 0.9000, 12.6443, 8.2374, 9.5929, 0.9000, 237.75
71, 178, 171, -23, 0.5111, 34.5644, 32.2783, -12.3616, 0.2556, 184.20
71, 184, -21, 12, 0.6111, 23.6419, -23.0765, -5.1394, 0.3056, 198.60
72, 113, 54, 51, 0.6806, 8.4222, 1.8238, 8.2224, 0.4083, 198.17
72, 169, 122, 63, 1.0000, 11.2483, 8.0489, 7.8574, 1.0000, 227.38
72, 183, 69, 2, 0.6000, 6.5355, 5.4411, -3.6204, 0.1800, 188.17
72, 187, 99, 103, 0.7111, 16.6554, 6.6477, 15.2712, 0.3556, 154.50
72, 112, 131, 132, 0.5806, 41.9426, 33.8020, 24.8316, 0.3483, 184.83
72, 118, -6, 75, 0.5806, 13.3229, -9.9979, 8.8058, 0.3483, 199.50
72, 155, 26, 92, 0.5222, 3.4541, -0.9073, 3.3328, 0.2611, 194.60
72, 175, 16, 124, 0.7222, 22.7420, 3.5960, 22.4559, 0.5056, 200.43
72, 184, -44, 6, 0.5111, 23.6419, -23.0765, -5.1394, 0.2556, 198.60
72, 190, 70, 135, 0.5000, 18.9042, -12.3810, 14.2857, 0.1500, 119.00
73, 113, 76, 62, 0.7381, 22.2849, 19.1984, 11.3154, 0.5167, 198.57
73, 186, 81, 29, 0.8222, 2.1467, 1.6109, 1.4190, 0.5756, 163.14
73, 193, 39, 3, 0.6000, 49.6436, 2.9244, -49.5574, 0.1800, 214.67
73, 194, 15, 76, 0.6000, 19.0714, 0.9524, 19.0476, 0.1800, 185.33
73, 169, 130, 71, 0.9000, 11.2483, 8.0489, 7.8574, 0.9000, 227.38
73, 175, 19, 146, 0.6222, 22.7420, 3.5960, 22.4559, 0.4356, 200.43
73, 183, 74, -1, 0.5000, 6.5355, 5.4411, -3.6204, 0.1500, 188.17
74, 155, 27, 87, 0.6806, 1.3074, 0.2080, -1.2907, 0.4083, 188.67
74, 183, 90, 3, 0.6556, 11.2002, 11.1797, 0.6768, 0.2622, 183.88
74, 186, 86, 30, 0.8778, 5.4817, 5.3583, 1.1568, 0.7022, 164.25
74, 198, 68, 23, 0.6000, 20.1806, -19.0476, -6.6667, 0.1800, 175.67
74, 169, 138, 79, 0.8000, 11.2483, 8.0489, 7.8574, 0.8000, 227.38
74, 175, 23, 169, 0.5222, 22.7420, 3.5960, 22.4559, 0.3656, 200.43
74, 193, 42, -47, 0.5000, 49.6436, 2.9244, -49.5574, 0.1500, 214.67
74, 194, 16, 95, 0.5000, 19.0714, 0.9524, 19.0476, 0.1500, 185.33
75, 198, 57, 26, 0.6556, 12.0155, -11.9551, 1.2033, 0.2622, 181.50
75, 169, 146, 87, 0.7000, 11.2483, 8.0489, 7.8574, 0.7000, 227.38
75, 183, 101, 3, 0.5556, 11.2002, 11.1797, 0.6768, 0.2222, 183.88
76, 144, 39, 59, 0.5625, 28.9073, 0.9612, 28.8913, 0.2250, 199.25
76, 124, 13, 92, 0.5625, 51.1202, -50.0137, 10.5784, 0.2250, 178.50
76, 169, 126, 99, 1.0000, 9.3334, -1.0044, 9.2792, 1.0000, 216.57
76, 25, 75, 44, 0.5400, 30.6318, -27.5811, 13.3263, 0.2700, 162.20
76, 85, 106, 108, 0.5563, 1.9730, 1.9719, 0.0653, 0.4450, 108.50
76, 205, 41, 52, 0.6000, 1.3952, 1.0196, -0.9524, 0.1800, 225.00
76, 198, 45, 27, 0.5556, 12.0155, -11.9551, 1.2033, 0.2222, 181.50
77, 195, 17, 80, 0.6000, 19.0139, -6.3198, 17.9329, 0.1800, 187.67
77, 204, 18, 59, 0.6000, 22.7731, -16.5188, 15.6762, 0.1800, 206.00
77, 205, 42, 52, 0.7056, 1.0376, 1.0048, -0.2587, 0.2822, 222.00
77, 121, 108, 116, 0.5400, 2.9244, 2.9244, 0.0000, 0.2700, 204.00
78, 183, 105, 1, 0.7111, 1.8729, 1.7173, -0.7474, 0.3556, 177.90
78, 198, 22, 22, 0.7111, 11.6514, -11.5140, -1.7841, 0.3556, 187.00
78, 204, 14, 78, 0.6556, 18.9843, -5.5638, 18.1507, 0.2622, 199.00
78, 121, 110, 116, 0.6500, 2.2757, 2.2757, 0.0000, 0.3900, 203.17
78, 195, 10, 98, 0.5000, 19.0139, -6.3198, 17.9329, 0.1500, 187.67
78, 205, 43, 52, 0.6056, 1.0376, 1.0048, -0.2587, 0.2422, 222.00
79, 183, 98, 4, 0.7667, 7.3769, -6.6374, 3.2194, 0.4600, 174.50
79, 188, 12, 74, 0.6000, 20.7030, -2.7898, -20.5142, 0.1800, 173.67
79, 204, 17, 98, 0.7111, 20.0344, 2.4159, 19.8882, 0.3556, 192.20
79, 205, 36, 47, 0.7611, 4.3422, -3.4236, -2.6710, 0.3806, 219.00
79, 121, 113, 116, 0.7087, 2.7444, 2.7444, 0.0000, 0.4961, 207.29
80, 183, 92, 8, 0.8222, 7.2000, -6.2976, 3.4900, 0.5756, 174.00
80, 188, 11, 52, 0.6556, 21.9539, -1.5769, -21.8972, 0.2622, 180.50
80, 105, 47, 52, 0.5400, 1.8095, 1.8094, -0.0217, 0.2700, 225.60
80, 195, 6, 126, 0.6556, 14.9604, -2.9319, 14.6703, 0.2622, 178.00
80, 204, 38, 126, 0.7667, 32.8442, 18.5475, 27.1059, 0.4600, 185.33
80, 205, 18, 53, 0.7667, 18.0736, -17.4349, 4.7622, 0.4600, 214.83
80, 121, 115, 116, 0.7667, 2.2436, 2.2436, 0.0000, 0.6133, 204.12
81, 171, 24, 23, 0.6000, 36.4040, -35.5818, -7.6934, 0.1800, 199.00
81, 188, 14, 28, 0.7111, 23.8511, 2.8365, -23.6819, 0.3556, 184.40
81, 105, 47, 51, 0.6500, 0.9379, 0.5631, -0.7501, 0.3900, 223.67
81, 121, 118, 116, 0.8241, 2.7462, 2.7462, 0.0000, 0.7417, 204.78
81, 195, 3, 141, 0.5556, 14.9604, -2.9319, 14.6703, 0.2222, 178.00
82, 44, 53, 95, 0.5400, 0.0034, -0.0015, -0.0031, 0.2700, 166.80
82, 188, 22, 11, 0.7667, 19.5367, 7.4268, -18.0701, 0.4600, 188.33
82, 105, 49, 51, 0.7087, 1.5211, 1.4963, -0.2731, 0.4961, 226.71
82, 121, 120, 116, 0.8811, 2.2552, 2.2552, 0.0000, 0.8811, 207.00
82, 171, -11, 16, 0.5000, 36.4040, -35.5818, -7.6934, 0.1500, 199.00
83, 44, 53, 95, 0.6500, 0.0016, 0.0007, 0.0014, 0.3900, 167.00
83, 105, 51, 51, 0.7667, 2.0174, 2.0174, 0.0052, 0.6133, 225.50
83, 195, 7, 126, 0.7111, 3.7765, 1.0873, -3.6166, 0.3556, 172.70
83, 200, 114, 31, 0.6556, 5.2530, -4.4263, -2.8287, 0.2622, 129.25
83, 121, 123, 116, 0.9379, 2.7431, 2.7431, 0.0000, 0.9379, 209.18
83, 209, 66, 86, 0.6000, 33.1012, 22.9428, 23.8605, 0.1800, 196.00
83, 188, 30, -7, 0.6667, 19.5367, 7.4268, -18.0701, 0.4000, 188.33
84, 44, 52, 100, 0.7087, 4.6439, -0.7629, 4.5808, 0.4961, 167.14
84, 105, 52, 51, 0.8241, 1.3167, 1.3160, 0.0417, 0.7417, 228.33
84, 200, 113, 31, 0.7111, 1.1198, -0.9433, -0.6035, 0.3556, 134.00
84, 121, 125, 116, 0.9944, 2.2598, 2.2598, 0.0000, 0.9944, 205.58
84, 209, 72, 120, 0.6556, 33.1596, 8.9473, 31.9297, 0.2622, 181.75
84, 188, 37, -25, 0.5667, 19.5367, 7.4268, -18.0701, 0.3400, 188.33
85, 52, 8, 98, 0.5400, 36.0943, -24.0440, -26.9199, 0.2700, 165.60
85, 105, 54, 51, 0.8811, 1.7343, 1.7343, 0.0153, 0.8811, 230.40
85, 200, 115, 31, 0.8167, 0.9896, 0.9803, 0.1360, 0.4900, 136.50
85, 203, 40, 10, 0.6000, 15.3709, 12.1833, 9.3718, 0.1800, 219.00
85, 211, 29, 60, 0.6000, 8.3205, 6.3922, -5.3264, 0.1800, 190.00
85, 44, 51, 105, 0.6087, 4.6439, -0.7629, 4.5808, 0.4261, 167.14
85, 121, 127, 116, 0.8944, 2.2598, 2.2598, 0.0000, 0.8944, 205.58
85, 209, 81, 152, 0.5556, 33.1596, 8.9473, 31.9297, 0.2222, 181.75
86, 105, 50, 56, 0.9379, 5.6067, -3.2958, 4.5357, 0.9379, 226.73
86, 200, 116, 31, 0.8722, 1.2670, 1.2599, 0.1339, 0.6106, 138.00
86, 203, 53, 47, 0.6556, 35.3262, 12.6065, 33.0002, 0.2622, 218.25
86, 211, 25, 28, 0.6556, 28.3266, -1.9089, -28.2622, 0.2622, 196.25
86, 44, 51, 109, 0.5087, 4.6439, -0.7629, 4.5808, 0.3561, 167.14
86, 121, 130, 116, 0.7944, 2.2598, 2.2598, 0.0000, 0.7944, 205.58
87, 192, 28, 27, 0.6000, 20.9476, 13.3188, -16.1682, 0.1800, 192.33
87, 211, 9, 9, 0.7111, 25.5042, -15.2876, -20.4146, 0.3556, 199.60
87, 3, 54, 32, 0.5250, 9.6750, -9.6246, 0.9860, 0.3150, 202.83
87, 215, 50, 30, 0.6000, 25.7847, 1.9048, 25.7143, 0.1800, 205.67
87, 105, 47, 61, 0.8379, 5.6067, -3.2958, 4.5357, 0.8379, 226.73
87, 200, 117, 31, 0.7722, 1.2670, 1.2599, 0.1339, 0.5406, 138.00
87, 203, 66, 80, 0.5556, 35.3262, 12.6065, 33.0002, 0.2222, 218.25
87, 121, 132, 116, 0.6944, 2.2598, 2.2598, 0.0000, 0.6944, 205.58
88, 44, 58, 109, 0.7667, 2.6104, 2.1242, 1.5173, 0.6133, 165.00
88, 105, 26, 66, 0.9444, 14.3007, -13.4051, 4.9815, 0.9444, 224.42
88, 192, 49, 6, 0.6556, 28.2952, 19.6030, -20.4045, 0.2622, 194.75
88, 200, 119, 31, 0.9278, 1.5549, 1.5548, -0.0144, 0.7422, 138.12
88, 203, 70, 94, 0.7111, 23.4113, 8.1078, 21.9626, 0.3556, 207.40
88, 168, 82, 112, 0.5625, 8.6916, 4.3181, -7.5431, 0.2250, 119.25
88, 3, 45, 34, 0.5841, 9.5218, -9.3573, 1.7620, 0.4089, 202.00
88, 215, 59, 79, 0.6556, 46.1214, 8.0524, 45.4131, 0.2622, 194.00
88, 121, 134, 116, 0.5944, 2.2598, 2.2598, 0.0000, 0.5944, 205.58
88, 211, -7, -12, 0.6111, 25.5042, -15.2876, -20.4146, 0.3056, 199.60
89, 95, 110, 107, 0.5400, 50.8316, 18.3767, 47.3935, 0.2700, 147.00
89, 200, 117, 31, 0.9833, 1.9933, -1.9933, -0.0116, 0.8850, 137.89
89, 213, 21, 12, 0.6000, 0.8148, 0.8148, 0.0000, 0.1800, 230.00
89, 214, 108, 13, 0.6000, 7.2195, -0.8955, -7.1637, 0.1800, 158.33
89, 219, 109, 4, 0.6000, 5.6743, -4.8627, -2.9244, 0.1800, 137.33
89, 44, 60, 111, 0.6667, 2.6104, 2.1242, 1.5173, 0.5333, 165.00
89, 192, 69, -15, 0.5556, 28.2952, 19.6030, -20.4045, 0.2222, 194.75
89, 215, 67, 124, 0.5556, 46.1214, 8.0524, 45.4131, 0.2222, 194.00
90, 177, 24, 10, 0.6000, 22.4394, 22.2508, 2.9035, 0.1800, 223.33
90, 206, 54, 12, 0.6000, 31.9879, -16.8692, -27.1782, 0.1800, 229.67
90, 213, 22, 12, 0.7056, 1.0668, 1.0668, 0.0000, 0.2822, 235.50
90, 214, 105, 2, 0.6556, 10.8979, -2.5605, -10.5928, 0.2622, 156.75
90, 3, 19, 26, 0.6424, 14.1074, -13.3589, -4.5344, 0.5139, 205.50
90, 219, 87, 15, 0.6556, 21.3669, -19.3665, 9.0269, 0.2622, 146.25
90, 220, 27, 67, 0.6000, 18.1104, -15.8811, 8.7050, 0.1800, 229.33
90, 224, 39, 127, 0.6000, 36.7871, 34.2857, 13.3333, 0.1800, 169.00
90, 44, 62, 112, 0.5667, 2.6104, 2.1242, 1.5173, 0.4533, 165.00
91, 213, 22, 12, 0.7611, 0.2862, 0.2862, 0.0000, 0.3806, 239.40
91, 3, 16, 26, 0.7000, 3.9521, -3.9121, -0.5606, 0.6300, 205.33
91, 217, 27, 87, 0.6000, 1.8455, -0.0538, -1.8447, 0.1800, 180.17
91, 219, 65, 45, 0.7111, 36.0157, -22.5000, 28.1225, 0.3556, 157.60
91, 220, 9, 73, 0.6556, 18.7035, -17.7471, 5.9042, 0.2622, 217.75
91, 177, 47, 13, 0.5000, 22.4394, 22.2508, 2.9035, 0.1500, 223.33
91, 206, 37, -16, 0.5000, 31.9879, -16.8692, -27.1782, 0.1500, 229.67
91, 214, 103, -9, 0.5556, 10.8979, -2.5605, -10.5928, 0.2222, 156.75
91, 224, 73, 140, 0.5000, 36.7871, 34.2857, 13.3333, 0.1500, 169.00
92, 177, 61, 41, 0.6556, 24.8320, 18.0622, 17.0407, 0.2622, 218.25
92, 168, 72, 98, 0.6222, 5.0438, -4.4224, -2.4253, 0.3111, 130.00
92, 213, 23, 13, 0.8167, 1.0486, 0.7180, 0.7643, 0.4900, 242.00
92, 217, 29, 86, 0.7056, 2.0144, 1.5404, -1.2981, 0.2822, 181.88
92, 220, -8, 78, 0.5556, 18.7035, -17.7471, 5.9042, 0.2222, 217.75
93, 44, 63, 125, 0.8241, 3.7259, 0.6978, 3.6600, 0.7417, 162.67
93, 177, 66, 46, 0.7111, 8.4781, 6.0142, 5.9755, 0.3556, 214.80
93, 108, 34, 1, 0.5400, 38.8320, -4.8163, -38.5322, 0.2700, 211.60
93, 168, 54, 72, 0.6806, 30.3713, -17.6937, -24.6850, 0.4083, 142.33
93, 213, 24, 13, 0.8722, 1.0375, 0.9950, 0.2940, 0.6106, 243.43
93, 217, 30, 86, 0.7611, 1.3596, 1.3391, -0.2353, 0.3806, 182.10
93, 223, 47, 47, 0.6000, 51.0979, -51.0683, 1.7371, 0.1800, 182.67
94, 213, 24, 13, 0.9278, 0.2831, 0.2831, 0.0033, 0.7422, 242.38
94, 217, 26, 86, 0.8167, 3.5366, -3.5352, 0.0994, 0.4900, 181.58
94, 185, 53, 68, 0.5625, 21.7518, -10.4426, 19.0812, 0.2250, 211.00
94, 44, 64, 129, 0.7241, 3.7259, 0.6978, 3.6600, 0.6517, 162.67
94, 223, -4, 49, 0.5000, 51.0979, -51.0683, 1.7371, 0.1500, 182.67
95, 201, 6, 16, 0.6556, 9.8420, -2.0084, -9.6349, 0.2622, 196.75
95, 213, 25, 13, 0.9833, 0.7188, 0.7176, -0.0418, 0.8850, 239.72
95, 217, 25, 86, 0.8722, 1.5462, -1.5445, 0.0722, 0.6106, 183.07
95, 218, 73, 4, 0.6000, 27.4371, -27.4371, 0.0266, 0.1800, 166.67
95, 185, 33, 87, 0.6222, 26.9871, -19.4262, 18.7330, 0.3111, 204.60
95, 44, 64, 132, 0.6241, 3.7259, 0.6978, 3.6600, 0.5617, 162.67
96, 213, 26, 14, 1.0000, 1.2327, 0.9930, 0.7303, 1.0000, 239.60
96, 218, 65, 10, 0.6556, 11.8223, -10.5642, 5.3070, 0.2622, 185.75
96, 222, 63, 44, 0.6000, 33.0801, -3.6165, 32.8818, 0.1800, 220.00
96, 185, 29, 90, 0.6806, 6.6482, -4.9979, 4.3839, 0.4083, 202.50
96, 44, 65, 136, 0.5241, 3.7259, 0.6978, 3.6600, 0.4717, 162.67
96, 201, 4, 7, 0.5556, 9.8420, -2.0084, -9.6349, 0.2222, 196.75
97, 5, 80, 32, 0.5250, 14.3581, -12.2316, -7.5195, 0.3150, 172.83
97, 213, 26, 13, 1.0000, 0.5308, 0.2960, -0.4406, 1.0000, 240.36
97, 216, 32, 87, 0.6000, 6.8050, 6.5424, 1.8725, 0.1800, 183.33
97, 218, 67, 12, 0.7111, 2.0072, 0.4725, 1.9509, 0.3556, 195.80
97, 222, 60, 77, 0.5000, 33.0801, -3.6165, 32.8818, 0.1500, 220.00
97, 185, 24, 94, 0.5806, 6.6482, -4.9979, 4.3839, 0.3483, 202.50
98, 201, 2, 2, 0.7111, 3.9310, -1.2173, -3.7377, 0.3556, 201.40
98, 5, 41, 13, 0.5841, 39.6454, -35.2953, -18.0555, 0.4089, 180.29
98, 213, 27, 13, 1.0000, 0.7687, 0.7113, -0.2914, 1.0000, 239.83
98, 218, 70, 12, 0.7667, 3.3311, 3.2490, 0.7348, 0.4600, 200.67
98, 174, 96, 55, 0.5625, 25.0777, 24.2738, 6.2987, 0.2250, 220.50
98, 228, 36, 8, 0.6000, 17.6790, 17.4100, 3.0723, 0.1800, 216.67
98, 216, 38, 89, 0.5000, 6.8050, 6.5424, 1.8725, 0.1500, 183.33
99, 177, 73, 49, 0.8778, 0.9832, 0.9444, -0.2735, 0.7022, 227.38
99, 213, 28, 14, 1.0000, 1.1985, 0.9866, 0.6804, 1.0000, 238.31
99, 218, 72, 12, 0.8222, 1.9199, 1.9199, -0.0123, 0.5756, 207.00
99, 228, 44, 2, 0.6556, 10.9781, 9.4533, -5.5815, 0.2622, 218.00
99, 201, 1, -2, 0.6111, 3.9310, -1.2173, -3.7377, 0.3056, 201.40
100, 213, 28, 14, 1.0000, 0.4529, 0.3078, 0.3322, 1.0000, 237.71
100, 216, 36, 88, 0.6556, 0.4248, 0.4204, 0.0608, 0.2622, 185.00
100, 174, 127, 35, 0.6222, 18.8072, 14.3596, -12.1456, 0.3111, 199.60
100, 92, 44, 58, 0.5250, 33.2666, -26.5096, 20.0974, 0.3150, 224.17
100, 201, 0, -6, 0.5111, 3.9310, -1.2173, -3.7377, 0.2556, 201.40
100, 228, 54, -4, 0.5556, 10.9781, 9.4533, -5.5815, 0.2222, 218.00
101, 213, 29, 14, 1.0000, 0.7067, 0.7058, 0.0369, 1.0000, 237.47
101, 216, 37, 88, 0.7111, 0.7145, 0.7133, -0.0422, 0.3556, 184.20
101, 228, 70, 12, 0.7111, 14.7876, 13.1085, 6.8440, 0.3556, 211.40
101, 230, 66, 43, 0.6000, 50.6547, 5.3778, -50.3684, 0.1800, 171.00
101, 197, 110, 52, 0.5625, 2.1361, 1.9106, 0.9553, 0.2250, 147.25
101, 202, 14, 36, 0.5625, 42.6450, -20.9524, -37.1429, 0.2250, 200.25
101, 174, 141, 23, 0.5222, 18.8072, 14.3596, -12.1456, 0.2611, 199.60
102, 27, 61, 38, 0.5250, 34.6110, 1.9174, -34.5579, 0.3150, 179.00
102, 213, 30, 14, 1.0000, 0.9811, 0.9805, -0.0358, 1.0000, 238.31
102, 216, 37, 78, 0.7667, 9.2299, 0.2025, -9.2277, 0.4600, 186.83
102, 202, 7, 5, 0.6222, 33.1051, -8.7049, -31.9401, 0.3111, 204.40
102, 230, 72, -8, 0.5000, 50.6547, 5.3778, -50.3684, 0.1500, 171.00
103, 27, 44, 8, 0.5841, 33.9208, -14.5673, -30.6335, 0.4089, 182.86
103, 213, 30, 14, 1.0000, 0.3201, 0.3194, -0.0216, 1.0000, 239.06
103, 176, 10, 14, 0.5625, 34.8983, -32.2098, 13.4320, 0.2250, 215.75
103, 216, 37, 68, 0.6667, 9.2299, 0.2025, -9.2277, 0.4000, 186.83
103, 202, -2, -27, 0.5222, 33.1051, -8.7049, -31.9401, 0.2611, 204.40
104, 213, 31, 14, 1.0000, 0.7005, 0.7005, -0.0039, 1.0000, 238.50
104, 216, 19, 60, 0.8222, 13.7435, -10.5683, -8.7860, 0.5756, 189.71
104, 176, -2, 22, 0.6222, 16.9955, -14.5796, 8.7340, 0.3111, 215.80
104, 197, 113, 54, 0.6722, 1.0419, 0.8372, 0.6202, 0.3361, 144.40
104, 239, 8, 50, 0.6000, 5.4270, -0.0668, -5.4266, 0.1800, 202.67
105, 213, 32, 14, 1.0000, 0.9742, 0.9742, 0.0017, 1.0000, 239.00
105, 221, 3, 22, 0.6000, 49.8563, -42.0560, -26.7759, 0.1800, 209.33
105, 25, 1, 106, 0.5062, 10.1557, -0.4087, 10.1474, 0.4050, 180.38
105, 176, -17, 31, 0.5222, 16.9955, -14.5796, 8.7340, 0.2611, 215.80
105, 197, 114, 55, 0.5722, 1.0419, 0.8372, 0.6202, 0.2861, 144.40
105, 239, 8, 45, 0.5000, 5.4270, -0.0668, -5.4266, 0.1500, 202.67
106, 213, 32, 15, 1.0000, 0.7809, 0.3306, 0.7074, 1.0000, 239.80
106, 197, 85, 47, 0.6806, 16.7148, -16.2371, -3.9676, 0.4083, 156.50
106, 239, 9, 51, 0.6556, 0.9546, 0.5739, 0.7628, 0.2622, 208.00
106, 72, 123, 106, 0.5250, 7.9493, -2.0482, -7.6809, 0.3150, 74.83
106, 25, 2, 107, 0.5630, 2.4987, 0.5999, 2.4256, 0.5067, 178.00
106, 244, 38, 6, 0.6000, 27.9389, -18.4341, -20.9944, 0.1800, 216.33
106, 181, 30, 1, 0.5625, 50.5540, -49.4566, -10.4762, 0.2250, 226.25
106, 250, 63, 75, 0.6000, 25.6724, 21.9384, -13.3333, 0.1800, 184.00
106, 251, 1, 95, 0.6000, 8.9563, -7.5854, 4.7619, 0.1800, 177.33
106, 221, -39, -5, 0.5000, 49.8563, -42.0560, -26.7759, 0.1500, 209.33
107, 213, 33, 15, 1.0000, 0.7681, 0.6956, 0.3258, 1.0000, 240.43
107, 227, 11, 68, 0.6000, 39.9258, 2.8446, 39.8243, 0.1800, 193.67
107, 239, 9, 51, 0.7111, 0.5209, 0.1581, 0.4963, 0.3556, 210.00
107, 72, 124, 106, 0.5841, 1.0129, 0.3193, -0.9613, 0.4089, 76.57
107, 244, 26, 6, 0.6556, 13.0522, -12.8262, -2.4182, 0.2622, 217.75
107, 248, 34, 63, 0.6000, 30.4361, -30.2093, 3.7084, 0.1800, 206.67
107, 250, 68, 59, 0.6556, 17.0490, 6.6994, -15.6776, 0.2622, 188.00
107, 251, 0, 96, 0.6556, 2.4435, -2.0731, 1.2934, 0.2622, 179.50
108, 213, 34, 15, 1.0000, 0.9687, 0.9680, 0.0358, 1.0000, 240.77
108, 227, 3, 92, 0.6556, 27.2094, -6.7590, 26.3565, 0.2622, 188.75
108, 239, 10, 52, 0.8167, 1.1277, 0.7461, 0.8456, 0.4900, 212.83
108, 72, 125, 108, 0.6424, 1.8941, 1.1738, 1.4866, 0.5139, 76.38
108, 25, 0, 120, 0.6194, 6.8401, -1.0737, 6.7553, 0.6194, 173.30
108, 244, 10, 6, 0.7111, 16.0257, -16.0178, 0.5031, 0.3556, 219.80
108, 248, 4, 51, 0.6556, 31.5103, -30.0310, -9.5413, 0.2622, 206.75
108, 249, 40, 83, 0.6000, 3.7467, 0.9322, 3.6288, 0.1800, 189.00
108, 250, 68, 40, 0.7111, 19.3159, 1.1293, -19.2829, 0.3556, 189.00
108, 251, -2, 97, 0.5556, 2.4435, -2.0731, 1.2934, 0.2222, 179.50
109, 213, 35, 15, 1.0000, 1.0360, 1.0353, -0.0371, 1.0000, 241.09
109, 225, 19, 68, 0.6000, 54.1615, -5.7677, -53.8535, 0.1800, 169.67
109, 232, 109, 54, 0.6000, 22.6288, 21.6448, 6.6004, 0.1800, 179.00
109, 239, 10, 52, 0.8722, 0.3598, 0.2594, 0.2493, 0.6106, 211.43
109, 72, 126, 108, 0.7000, 1.3527, 1.1607, 0.6946, 0.6300, 78.67
109, 137, 88, 46, 0.5250, 10.0930, 7.1368, 7.1368, 0.3150, 194.17
109, 249, 44, 90, 0.6556, 7.2082, 3.3036, 6.4066, 0.2622, 187.00
109, 251, 2, 94, 0.7111, 1.6420, 1.2902, -1.0156, 0.3556, 181.20
109, 227, -4, 119, 0.5556, 27.2094, -6.7590, 26.3565, 0.2222, 188.75
109, 244, -6, 7, 0.6111, 16.0257, -16.0178, 0.5031, 0.3056, 219.80
109, 248, -26, 42, 0.5556, 31.5103, -30.0310, -9.5413, 0.2222, 206.75
109, 250, 69, 20, 0.6111, 19.3159, 1.1293, -19.2829, 0.3056, 189.00
110, 225, 22, 39, 0.6556, 32.1334, 1.4375, -32.1013, 0.2622, 177.50
110, 239, 10, 54, 0.9278, 1.5000, -0.0097, 1.4999, 0.7422, 209.81
110, 137, 91, 48, 0.5841, 3.7345, 2.9936, 2.2327, 0.4089, 192.29
110, 250, 67, 11, 0.7667, 13.8412, -0.7055, -13.8232, 0.4600, 189.00
110, 251, 0, 100, 0.7667, 5.2430, -1.0938, 5.1276, 0.4600, 178.50
110, 213, 36, 15, 0.9000, 1.0360, 1.0353, -0.0371, 0.9000, 241.09
110, 232, 130, 60, 0.5000, 22.6288, 21.6448, 6.6004, 0.1500, 179.00
110, 72, 127, 109, 0.6000, 1.3527, 1.1607, 0.6946, 0.5400, 78.67
110, 244, -22, 7, 0.5111, 16.0257, -16.0178, 0.5031, 0.2556, 219.80
110, 249, 47, 96, 0.5556, 7.2082, 3.3036, 6.4066, 0.2222, 187.00
111, 213, 37, 15, 1.0000, 1.0069, 1.0068, -0.0074, 1.0000, 240.65
111, 225, 11, 7, 0.7111, 33.6187, -9.4164, -32.2730, 0.3556, 187.60
111, 239, 11, 53, 0.9833, 0.7574, 0.7224, -0.2274, 0.8850, 212.17
111, 196, 41, 88, 0.5625, 31.3128, 0.0217, -31.3128, 0.2250, 161.50
111, 137, 91, 47, 0.6424, 1.2781, 0.9240, -0.8830, 0.5139, 191.19
111, 250, 66, -3, 0.6667, 13.8412, -0.7055, -13.8232, 0.4000, 189.00
111, 251, -1, 105, 0.6667, 5.2430, -1.0938, 5.1276, 0.4000, 178.50
112, 213, 37, 15, 1.0000, 0.3058, 0.3058, -0.0003, 1.0000, 241.10
112, 234, 27, 38, 0.6000, 20.1854, -2.8457, -19.9838, 0.1800, 206.67
112, 239, 11, 54, 1.0000, 0.5356, 0.2773, 0.4582, 1.0000, 213.45
112, 196, 44, 53, 0.6222, 35.2241, 2.2681, -35.1510, 0.3111, 172.20
112, 137, 93, 46, 0.7000, 1.5893, 1.4448, -0.6622, 0.6300, 192.83
112, 249, 50, 121, 0.7111, 11.5966, 1.8656, 11.4455, 0.3556, 179.40
112, 225, 2, -25, 0.6111, 33.6187, -9.4164, -32.2730, 0.3056, 187.60
112, 250, 66, -17, 0.5667, 13.8412, -0.7055, -13.8232, 0.3400, 189.00
112, 251, -2, 110, 0.5667, 5.2430, -1.0938, 5.1276, 0.3400, 178.50
113, 213, 37, 16, 1.0000, 0.6905, -0.0235, 0.6901, 1.0000, 240.94
113, 137, 95, 46, 0.7572, 1.9487, 1.9448, -0.1242, 0.7572, 190.05
113, 251, 18, 118, 0.8222, 9.7090, 7.4300, 6.2497, 0.5756, 176.29
113, 54, 49, 62, 0.5250, 25.5450, 8.0054, -24.2582, 0.3150, 185.83
113, 212, 11, 98, 0.5625, 7.8510, -4.5134, 6.4240, 0.2250, 177.25
113, 210, 2, 8, 0.5625, 0.9860, 0.9860, 0.0000, 0.2250, 222.50
113, 234, 24, 18, 0.5000, 20.1854, -2.8457, -19.9838, 0.1500, 206.67
113, 239, 11, 54, 0.9000, 0.5356, 0.2773, 0.4582, 0.9000, 213.45
113, 196, 46, 18, 0.5222, 35.2241, 2.2681, -35.1510, 0.2611, 172.20
114, 213, 38, 16, 1.0000, 0.7013, 0.6154, 0.3365, 1.0000, 240.72
114, 239, 12, 55, 1.0000, 0.7482, 0.4765, 0.5768, 1.0000, 213.41
114, 137, 96, 46, 0.8141, 1.2969, 1.2960, 0.0492, 0.8141, 190.59
114, 54, 63, 40, 0.5841, 26.2389, 13.1720, -22.6931, 0.4089, 186.71
114, 212, 4, 103, 0.6222, 8.7320, -6.6534, 5.6551, 0.3111, 174.90
114, 210, 3, 8, 0.6722, 1.0085, 1.0085, 0.0000, 0.3361, 221.00
114, 166, 104, 22, 0.5400, 15.8690, 8.6050, -13.3333, 0.2700, 175.40
114, 259, 42, 90, 0.6000, 34.2653, 34.2521, -0.9524, 0.1800, 179.00
115, 213, 39, 16, 1.0000, 0.9855, 0.9843, 0.0490, 1.0000, 240.02
115, 239, 12, 56, 1.0000, 0.9220, 0.1149, 0.9148, 1.0000, 213.12
115, 54, 85, 28, 0.6424, 24.8976, 21.3546, -12.8012, 0.5139, 185.88
115, 254, 16, 100, 0.6000, 36.2751, -29.0340, -21.7464, 0.1800, 150.33
115, 210, 4, 8, 0.7306, 1.0049, 1.0049, 0.0000, 0.4383, 222.67
115, 258, 49, 44, 0.6000, 24.5040, 10.7532, 22.0185, 0.1800, 214.67
115, 260, 3, 92, 0.6000, 0.9560, 0.0376, -0.9553, 0.1800, 177.17
115, 137, 97, 46, 0.7141, 1.2969, 1.2960, 0.0492, 0.7141, 190.59
115, 212, -2, 109, 0.5222, 8.7320, -6.6534, 5.6551, 0.2611, 174.90
115, 259, 76, 89, 0.5000, 34.2653, 34.2521, -0.9524, 0.1500, 179.00
116, 213, 40, 16, 1.0000, 1.0596, 1.0591, -0.0339, 1.0000, 240.12
116, 239, 13, 56, 1.0000, 0.7876, 0.7434, 0.2602, 1.0000, 212.19
116, 137, 100, 45, 0.8708, 2.0772, 2.0058, -0.5397, 0.8708, 190.12
116, 247, 7, 27, 0.6000, 15.0013, 0.0000, -15.0013, 0.1800, 201.67
116, 54, 105, 22, 0.7000, 21.1494, 19.9833, -6.9256, 0.6300, 181.50
116, 254, 1, 91, 0.6556, 19.5297, -16.4838, -10.4734, 0.2622, 156.50
116, 212, 4, 104, 0.6806, 1.0553, 1.0489, -0.1158, 0.4083, 175.75
116, 210, 5, 8, 0.7881, 1.0006, 1.0006, 0.0000, 0.5517, 221.71
116, 166, 111, 21, 0.6000, 3.3453, 3.2498, 0.7936, 0.3600, 169.50
116, 258, 52, 88, 0.6556, 42.8748, 4.0148, 42.6864, 0.2622, 202.25
116, 260, 13, 97, 0.6556, 9.3586, 8.3199, 4.2850, 0.2622, 173.62
117, 213, 40, 16, 1.0000, 0.3682, 0.3673, -0.0259, 1.0000, 240.42
117, 233, 82, 53, 0.6000, 32.2613, -31.7419, -5.7655, 0.1800, 146.67
117, 239, 13, 57, 1.0000, 0.7789, 0.2646, 0.7326, 1.0000, 211.54
117, 137, 101, 45, 0.9274, 1.2681, 1.2591, -0.1509, 0.9274, 189.58
117, 210, 6, 8, 0.8451, 0.9995, 0.9995, 0.0000, 0.6761, 223.62
117, 166, 125, 4, 0.6587, 20.2663, 12.9762, -15.5674, 0.4611, 164.71
117, 260, 23, 113, 0.7111, 17.7238, 9.9296, 14.6812, 0.3556, 168.70
117, 172, 23, 70, 0.5400, 0.9524, 0.0000, -0.9524, 0.2700, 213.00
117, 247, 7, 12, 0.5000, 15.0013, 0.0000, -15.0013, 0.1500, 201.67
117, 54, 125, 15, 0.6000, 21.1494, 19.9833, -6.9256, 0.5400, 181.50
117, 254, -16, 81, 0.5556, 19.5297, -16.4838, -10.4734, 0.2222, 156.50
117, 258, 56, 131, 0.5556, 42.8748, 4.0148, 42.6864, 0.2222, 202.25
118, 213, 41, 16, 1.0000, 0.6635, 0.6634, -0.0073, 1.0000, 239.79
118, 233, 51, 50, 0.6556, 31.5595, -31.3243, -3.8458, 0.2622, 162.00
118, 239, 13, 57, 1.0000, 0.2441, -0.0060, 0.2441, 1.0000, 211.77
118, 54, 128, 26, 0.7572, 10.4764, 9.8186, 3.6536, 0.7572, 175.05
118, 210, 7, 8, 0.9019, 0.9997, 0.9997, 0.0000, 0.8117, 225.11
118, 172, 23, 69, 0.6500, 1.0122, 0.0000, -1.0122, 0.3900, 210.67
118, 214, 74, 14, 0.5143, 22.8280, -22.8258, -0.3164, 0.3600, 183.29
118, 262, 64, 43, 0.6000, 17.5715, 6.6667, 16.2577, 0.1800, 192.33
118, 264, 88, 31, 0.6000, 52.5452, -38.0952, -36.1905, 0.1800, 124.67
118, 137, 102, 45, 0.8274, 1.2681, 1.2591, -0.1509, 0.8274, 189.58
118, 166, 138, -12, 0.5587, 20.2663, 12.9762, -15.5674, 0.3911, 164.71
118, 260, 33, 128, 0.6111, 17.7238, 9.9296, 14.6812, 0.3056, 168.70
119, 213, 42, 17, 1.0000, 1.1458, 0.9376, 0.6585, 1.0000, 240.27
119, 239, 14, 58, 1.0000, 1.0323, 0.7151, 0.7445, 1.0000, 211.03
119, 242, 1, 55, 0.6000, 35.9820, -19.0695, 30.5132, 0.1800, 201.00
119, 137, 104, 44, 0.9837, 1.5314, 1.4489, -0.4960, 0.9837, 187.75
119, 253, 6, 119, 0.6000, 5.0735, 4.7103, -1.8851, 0.1800, 150.67
119, 210, 8, 8, 0.9583, 1.0000, 1.0000, 0.0000, 0.9583, 226.20
119, 172, 23, 68, 0.7087, 1.0107, 0.0000, -1.0107, 0.4961, 212.71
119, 263, 45, 93, 0.6000, 41.6022, 15.5635, 38.5814, 0.1800, 190.33
119, 267, 86, 29, 0.6000, 32.7849, 29.5574, 14.1849, 0.1800, 198.33
119, 233, 20, 46, 0.5556, 31.5595, -31.3243, -3.8458, 0.2222, 162.00
119, 262, 70, 60, 0.5000, 17.5715, 6.6667, 16.2577, 0.1500, 192.33
119, 264, 50, -5, 0.5000, 52.5452, -38.0952, -36.1905, 0.1500, 124.67
120, 213, 42, 17, 1.0000, 0.5108, 0.3740, 0.3478, 1.0000, 240.71
120, 233, 16, 54, 0.7111, 15.8106, -15.4522, 3.3476, 0.3556, 171.80
120, 239, 14, 58, 1.0000, 0.3834, 0.2834, 0.2582, 1.0000, 210.50
120, 242, -1, 91, 0.6556, 35.9092, -3.8069, 35.7068, 0.2622, 196.50
120, 137, 90, 32, 1.0000, 17.0735, -12.9838, -11.0872, 1.0000, 186.70
120, 253, 9, 107, 0.6556, 10.9863, 3.6180, -10.3734, 0.2622, 152.25
120, 210, 9, 8, 1.0000, 1.0000, 1.0000, 0.0000, 1.0000, 225.64
120, 172, 23, 68, 0.7667, 0.2378, 0.0000, -0.2378, 0.6133, 215.38
120, 263, 52, 109, 0.6556, 21.2389, 8.3344, 19.5353, 0.2622, 183.75
120, 267, 119, 33, 0.6556, 33.3212, 32.8810, 5.3982, 0.2622, 179.25
120, 269, 87, 107, 0.6000, 17.7506, -4.7283, -17.1092, 0.1800, 114.67
121, 213, 43, 17, 1.0000, 0.6817, 0.6785, 0.0655, 1.0000, 240.84
121, 239, 15, 59, 1.0000, 1.0578, 0.7552, 0.7407, 1.0000, 210.25
121, 252, 56, 95, 0.6000, 32.1658, -6.6688, -31.4669, 0.1800, 146.67
121, 210, 10, 8, 1.0000, 1.0000, 1.0000, 0.0000, 1.0000, 225.00
121, 172, 24, 67, 0.8241, 1.0371, 0.7603, -0.7054, 0.7417, 215.22
121, 269, 81, 73, 0.6556, 31.5732, -5.8181, -31.0326, 0.2622, 133.25
121, 242, -4, 127, 0.5556, 35.9092, -3.8069, 35.7068, 0.2222, 196.50
121, 253, 13, 97, 0.5556, 10.9863, 3.6180, -10.3734, 0.2222, 152.25
121, 263, 61, 129, 0.5556, 21.2389, 8.3344, 19.5353, 0.2222, 183.75
121, 267, 152, 39, 0.5556, 33.3212, 32.8810, 5.3982, 0.2222, 179.25
122, 213, 44, 17, 1.0000, 0.9423, 0.9418, -0.0285, 1.0000, 241.13
122, 239, 15, 59, 1.0000, 0.3723, 0.2643, 0.2622, 1.0000, 209.45
122, 210, 11, 8, 1.0000, 1.0000, 1.0000, 0.0000, 1.0000, 225.38
122, 172, 24, 66, 0.8811, 1.0392, 0.2961, -0.9961, 0.8811, 215.70
122, 269, 85, 32, 0.7111, 40.5699, 3.0640, -40.4541, 0.3556, 141.20
122, 252, 50, 64, 0.5000, 32.1658, -6.6688, -31.4669, 0.1500, 146.67
123, 213, 45, 17, 1.0000, 1.0281, 1.0277, -0.0275, 1.0000, 241.51
123, 239, 15, 60, 1.0000, 0.7354, -0.0050, 0.7354, 1.0000, 209.07
123, 253, 10, 105, 0.7111, 1.5007, -0.5079, 1.4121, 0.3556, 154.30
123, 210, 12, 8, 1.0000, 1.0000, 1.0000, 0.0000, 1.0000, 224.79
123, 172, 24, 66, 0.9379, 0.2900, 0.0054, -0.2899, 0.9379, 214.18
123, 226, 47, 98, 0.5625, 28.1502, 27.2038, 7.2377, 0.2250, 171.75
123, 229, 115, 22, 0.5625, 20.8419, 5.7479, -20.0336, 0.2250, 178.88
123, 269, 88, -9, 0.6111, 40.5699, 3.0640, -40.4541, 0.3056, 141.20
124, 213, 45, 17, 1.0000, 0.3881, 0.3879, -0.0098, 1.0000, 241.15
124, 239, 16, 60, 1.0000, 0.7423, 0.6927, 0.2669, 1.0000, 209.12
124, 210, 13, 9, 1.0000, 1.2386, 1.0000, 0.7308, 1.0000, 225.20
124, 172, 24, 65, 0.9944, 0.7174, -0.0417, -0.7162, 0.9944, 214.67
124, 226, 69, 114, 0.6222, 26.9444, 22.7778, 14.3934, 0.3111, 166.00
124, 229, 116, 19, 0.6222, 5.6451, 1.5484, -5.4286, 0.3111, 172.10
125, 213, 46, 17, 1.0000, 0.6562, 0.6562, -0.0003, 1.0000, 241.46
125, 239, 16, 61, 1.0000, 0.7875, 0.2935, 0.7308, 1.0000, 208.89
125, 210, 14, 9, 1.0000, 1.0478, 1.0000, 0.3128, 1.0000, 224.84
125, 172, 24, 64, 1.0000, 0.9910, -0.0177, -0.9908, 1.0000, 214.31
125, 226, 118, 123, 0.6806, 47.0258, 46.0157, 9.6945, 0.4083, 150.50
125, 44, 86, 46, 0.5402, 50.9461, -4.8082, -50.7187, 0.5402, 111.00
125, 229, 117, 13, 0.5222, 5.6451, 1.5484, -5.4286, 0.2611, 172.10
126, 213, 47, 18, 1.0000, 1.1191, 0.9236, 0.6320, 1.0000, 241.35
126, 239, 16, 62, 1.0000, 0.9984, 0.0185, 0.9982, 1.0000, 208.67
126, 172, 24, 63, 1.0000, 1.0390, -0.0010, -1.0390, 1.0000, 213.43
126, 236, 78, 85, 0.5625, 30.2818, 26.7003, -14.2857, 0.2250, 168.25
126, 210, 15, 9, 0.9000, 1.0478, 1.0000, 0.3128, 0.9000, 224.84
126, 226, 164, 133, 0.5806, 47.0258, 46.0157, 9.6945, 0.3483, 150.50
127, 213, 48, 18, 1.0000, 1.0827, 1.0223, 0.3564, 1.0000, 241.04
127, 239, 13, 60, 1.0000, 3.1369, -2.9278, -1.1262, 1.0000, 207.81
127, 191, 93, 18, 0.5625, 52.7016, 49.3869, 18.3956, 0.2250, 204.25
127, 210, 16, 9, 1.0000, 1.0026, 1.0000, -0.0716, 1.0000, 226.09
127, 172, 24, 63, 1.0000, 0.2827, 0.0023, -0.2827, 1.0000, 214.00
127, 229, 104, 7, 0.6806, 6.2290, -5.1750, -3.4670, 0.4083, 169.58
127, 236, 115, 44, 0.6222, 52.1034, 35.8725, -37.7879, 0.3111, 166.40
127, 189, 61, 68, 0.5400, 26.7340, 0.0672, -26.7339, 0.2700, 159.20
128, 213, 48, 18, 1.0000, 0.4129, 0.4048, 0.0816, 1.0000, 241.33
128, 191, 123, 39, 0.6222, 37.8960, 32.1638, 20.0398, 0.3111, 194.20
128, 210, 17, 9, 1.0000, 1.0009, 1.0000, -0.0433, 1.0000, 226.03
128, 256, 9, 31, 0.6000, 10.6666, 4.7783, 9.5364, 0.1800, 206.67
128, 172, 24, 62, 1.0000, 0.6909, 0.0011, -0.6909, 1.0000, 212.50
128, 231, 24, 44, 0.5625, 11.6866, -10.7725, 4.5311, 0.2250, 198.75
128, 189, 79, 20, 0.6000, 47.6145, 15.8163, -44.9109, 0.3600, 161.67
128, 128, 69, 104, 0.5250, 53.6850, -50.5434, -18.0952, 0.3150, 89.00
128, 276, 26, 27, 0.6000, 15.2322, -15.2045, -0.9188, 0.1800, 201.67
128, 239, 10, 59, 0.9000, 3.1369, -2.9278, -1.1262, 0.9000, 207.81
128, 236, 151, 6, 0.5222, 52.1034, 35.8725, -37.7879, 0.2611, 166.40
129, 213, 49, 18, 1.0000, 0.6541, 0.6537, -0.0220, 1.0000, 241.61
129, 210, 18, 10, 1.0000, 1.2278, 1.0000, 0.7125, 1.0000, 225.63
129, 172, 24, 61, 1.0000, 0.9787, 0.0001, -0.9787, 1.0000, 212.71
129, 128, 45, 89, 0.5841, 30.9809, -27.2657, -14.7104, 0.4089, 101.00
129, 276, 5, 24, 0.6556, 20.1249, -19.9661, -2.5229, 0.2622, 201.50
129, 191, 155, 59, 0.5222, 37.8960, 32.1638, 20.0398, 0.2611, 194.20
129, 256, 14, 40, 0.5000, 10.6666, 4.7783, 9.5364, 0.1500, 206.67
129, 189, 95, -25, 0.5000, 47.6145, 15.8163, -44.9109, 0.3000, 161.67
130, 213, 50, 18, 1.0000, 0.9156, 0.9152, -0.0287, 1.0000, 241.92
130, 210, 19, 9, 1.0000, 1.0719, 1.0000, -0.3861, 1.0000, 226.15
130, 256, 42, 29, 0.6556, 18.1825, 18.0583, -2.1219, 0.2622, 207.00
130, 257, 57, 83, 0.6000, 27.4493, 23.9539, 13.4044, 0.1800, 188.00
130, 172, 24, 60, 1.0000, 1.0390, -0.0001, -1.0390, 1.0000, 211.44
130, 231, 17, 64, 0.6222, 10.9215, -2.3312, 10.6698, 0.3111, 203.40
130, 275, 5, 118, 0.6000, 13.2888, -9.7694, 9.0084, 0.1800, 163.00
130, 128, 27, 95, 0.6424, 19.8283, -19.4541, 3.8341, 0.5139, 109.88
130, 238, 65, 97, 0.5625, 1.3708, 0.9860, 0.9524, 0.2250, 155.00
130, 281, 59, 78, 0.6000, 42.5061, 40.0336, 14.2857, 0.1800, 215.67
130, 276, -15, 22, 0.5556, 20.1249, -19.9661, -2.5229, 0.2222, 201.50
131, 213, 51, 18, 1.0000, 1.0184, 1.0183, -0.0125, 1.0000, 242.06
131, 210, 20, 10, 1.0000, 1.0829, 1.0000, 0.4156, 1.0000, 226.33
131, 256, 63, 16, 0.7111, 24.2781, 21.0694, -12.0626, 0.3556, 202.80
131, 257, 69, 100, 0.6556, 20.7104, 13.4054, 15.7865, 0.2622, 180.00
131, 172, 24, 60, 1.0000, 0.3021, -0.0001, -0.3021, 1.0000, 211.42
131, 238, 51, 116, 0.6222, 20.5599, -11.8011, 16.8358, 0.3111, 151.80
131, 281, 70, 96, 0.6556, 23.8269, 15.3818, 18.1968, 0.2622, 201.50
131, 245, 94, 45, 0.5625, 40.7192, 7.6190, -40.0000, 0.2250, 147.50
131, 284, 115, 43, 0.6000, 1.3708, 0.9860, 0.9524, 0.1800, 137.33
131, 231, 15, 74, 0.5222, 10.9215, -2.3312, 10.6698, 0.2611, 203.40
131, 275, -5, 127, 0.5000, 13.2888, -9.7694, 9.0084, 0.1500, 163.00
131, 128, 7, 99, 0.5424, 19.8283, -19.4541, 3.8341, 0.4339, 109.88
132, 213, 51, 19, 1.0000, 0.7372, 0.4202, 0.6057, 1.0000, 242.06
132, 210, 21, 10, 1.0000, 1.0319, 1.0000, 0.2545, 1.0000, 227.50
132, 172, 24, 60, 1.0000, 0.0307, -0.0000, 0.0307, 1.0000, 211.45
132, 231, 27, 97, 0.6806, 18.9832, 6.1585, 17.9565, 0.4083, 197.50
132, 272, 71, 81, 0.6000, 53.0119, -51.2043, 13.7252, 0.1800, 143.33
132, 275, 2, 123, 0.6556, 1.3172, -0.2460, 1.2940, 0.2622, 159.50
132, 238, 48, 121, 0.6806, 7.5093, -4.4532, 6.0463, 0.4083, 150.83
132, 283, 25, 17, 0.6000, 2.1707, -1.9106, -1.0304, 0.1800, 205.00
132, 284, 116, 43, 0.7056, 1.0412, 1.0085, 0.2587, 0.2822, 137.75
132, 287, 58, 107, 0.6000, 1.4041, 0.9928, 0.9928, 0.1800, 157.67
132, 257, 82, 115, 0.5556, 20.7104, 13.4054, 15.7865, 0.2222, 180.00
132, 281, 86, 115, 0.5556, 23.8269, 15.3818, 18.1968, 0.2222, 201.50
133, 213, 52, 19, 1.0000, 0.7455, 0.6509, 0.3633, 1.0000, 241.97
133, 210, 22, 10, 1.0000, 1.0013, 1.0000, 0.0504, 1.0000, 228.43
133, 172, 24, 58, 1.0000, 1.3580, 0.0000, -1.3580, 1.0000, 211.43
133, 231, 47, 118, 0.7381, 27.6109, 18.2336, 20.7340, 0.5167, 189.14
133, 273, 68, 74, 0.6000, 41.3506, 39.3073, 12.8377, 0.1800, 195.10
133, 275, 10, 126, 0.7111, 7.3709, 6.7315, 3.0028, 0.3556, 157.80
133, 199, 18, 66, 0.5400, 10.9013, 10.8649, -0.8901, 0.2700, 191.80
133, 283, 24, 15, 0.7056, 2.1677, -1.2733, -1.7544, 0.2822, 207.50
133, 284, 118, 44, 0.7611, 1.9150, 1.7685, 0.7345, 0.3806, 134.80
133, 290, 29, 1, 0.6000, 2.0244, -1.8039, -0.9188, 0.1800, 220.00
133, 291, 82, 34, 0.6000, 51.2607, 41.9048, 29.5238, 0.1800, 209.33
133, 272, 20, 95, 0.5000, 53.0119, -51.2043, 13.7252, 0.1500, 143.33
133, 238, 43, 127, 0.5806, 7.5093, -4.4532, 6.0463, 0.3483, 150.83
133, 287, 59, 108, 0.5000, 1.4041, 0.9928, 0.9928, 0.1500, 157.67
134, 213, 53, 19, 1.0000, 0.9118, 0.9067, 0.0967, 1.0000, 242.10
134, 210, 23, 10, 1.0000, 1.0002, 1.0000, -0.0184, 1.0000, 228.46
134, 164, 97, 20, 0.5400, 14.3384, 4.8254, 13.5020, 0.2700, 152.60
134, 172, 25, 57, 1.0000, 1.5054, 0.7060, -1.3296, 1.0000, 211.73
134, 273, 103, 97, 0.6556, 41.3556, 35.4332, 21.3254, 0.2622, 176.42
134, 199, 45, 82, 0.6000, 28.7085, 25.3885, 13.4016, 0.3600, 189.17
134, 277, 49, 30, 0.6000, 22.5945, -21.0382, -8.2404, 0.1800, 206.67
134, 284, 118, 44, 0.8167, 0.5803, 0.5273, 0.2423, 0.4900, 132.83
134, 293, 18, 47, 0.6000, 16.1973, 5.1133, 15.3690, 0.1800, 205.00
134, 298, 8, 96, 0.6000, 17.6955, -10.4426, -14.2857, 0.1800, 169.33
134, 231, 65, 139, 0.6381, 27.6109, 18.2336, 20.7340, 0.4467, 189.14
134, 283, 23, 13, 0.6056, 2.1677, -1.2733, -1.7544, 0.2422, 207.50
134, 290, 27, 0, 0.5000, 2.0244, -1.8039, -0.9188, 0.1500, 220.00
134, 291, 124, 64, 0.5000, 51.2607, 41.9048, 29.5238, 0.1500, 209.33
135, 213, 54, 19, 1.0000, 1.0142, 1.0141, -0.0149, 1.0000, 242.36
135, 210, 24, 10, 1.0000, 1.0001, 1.0000, -0.0172, 1.0000, 228.40
135, 172, 25, 57, 1.0000, 0.5093, 0.3255, -0.3917, 1.0000, 211.57
135, 273, 125, 118, 0.7111, 32.1090, 23.9131, 21.4278, 0.3556, 158.53
135, 199, 68, 80, 0.6587, 23.1906, 23.1889, -0.2825, 0.4611, 188.61
135, 240, 11, 34, 0.5625, 15.3442, 4.5973, -14.6393, 0.2250, 197.00
135, 287, 60, 110, 0.7056, 1.1725, 0.6027, 1.0057, 0.2822, 159.50
135, 293, 35, 88, 0.6556, 42.0207, 16.0714, 38.8259, 0.2622, 198.25
135, 298, 15, 81, 0.6556, 15.8894, 4.6859, -15.1827, 0.2622, 172.75
135, 277, 28, 21, 0.5000, 22.5945, -21.0382, -8.2404, 0.1500, 206.67
135, 283, 21, 12, 0.5056, 2.1677, -1.2733, -1.7544, 0.2022, 207.50
135, 284, 119, 44, 0.7167, 0.5803, 0.5273, 0.2423, 0.4300, 132.83
136, 213, 54, 19, 1.0000, 0.4362, 0.4353, -0.0288, 1.0000, 242.54
136, 255, 22, 112, 0.6000, 10.6527, 0.0000, -10.6527, 0.1800, 165.67
136, 210, 19, 16, 1.0000, 6.1174, -3.7996, 4.7944, 1.0000, 227.58
136, 172, 32, 55, 1.0000, 5.7807, 5.6185, -1.3599, 1.0000, 211.08
136, 277, 3, 26, 0.6556, 23.0146, -23.0021, -0.7590, 0.2622, 206.50
136, 240, 4, 16, 0.6222, 18.8982, -5.4661, -18.0905, 0.3111, 198.90
136, 283, 12, 11, 0.7611, 4.7666, -4.5897, -1.2866, 0.3806, 210.00
136, 287, 70, 101, 0.7111, 13.2401, 9.8962, -8.7957, 0.3556, 159.00
136, 288, 6, 123, 0.6000, 8.6238, -8.1944, -2.6871, 0.1800, 147.33
136, 290, 28, 1, 0.7056, 0.1858, -0.0757, 0.1697, 0.2822, 220.00
136, 293, 60, 113, 0.7111, 35.8286, 23.6988, 26.8710, 0.3556, 190.20
136, 298, 17, 68, 0.7111, 13.7204, 1.5483, -13.6327, 0.3556, 176.80
136, 301, 68, 62, 0.6000, 34.8020, -28.3739, -20.1521, 0.1800, 160.67
136, 303, 62, 79, 0.6000, 1.3944, -0.9860, -0.9860, 0.1800, 192.67
136, 273, 149, 139, 0.6111, 32.1090, 23.9131, 21.4278, 0.3056, 158.53
136, 284, 119, 45, 0.6167, 0.5803, 0.5273, 0.2423, 0.3700, 132.83
137, 213, 55, 20, 1.0000, 0.8662, 0.6488, 0.5739, 1.0000, 242.75
137, 255, 12, 105, 0.6556, 12.1752, -9.0459, -8.1490, 0.2622, 166.00
137, 241, 122, 24, 0.5625, 34.0779, -0.9427, -34.0649, 0.2250, 111.75
137, 280, 25, 55, 0.6000, 0.8887, 0.0217, -0.8884, 0.1800, 209.00
137, 246, 48, 21, 0.5625, 25.1390, 22.6698, 10.8649, 0.2250, 210.25
137, 290, 25, 9, 0.7111, 7.7973, -2.4133, 7.4144, 0.3556, 221.20
137, 301, 42, 45, 0.6556, 32.0080, -26.4682, -17.9985, 0.2622, 171.50
137, 303, 61, 107, 0.6556, 23.8785, -1.0085, 23.8572, 0.2622, 181.75
137, 141, 118, 125, 0.5321, 0.0187, 0.0182, 0.0042, 0.5321, 80.14
137, 210, 15, 21, 0.9000, 6.1174, -3.7996, 4.7944, 0.9000, 227.58
137, 172, 37, 54, 0.9000, 5.7807, 5.6185, -1.3599, 0.9000, 211.08
137, 277, -20, 26, 0.5556, 23.0146, -23.0021, -0.7590, 0.2222, 206.50
137, 240, -2, -2, 0.5222, 18.8982, -5.4661, -18.0905, 0.2611, 198.90
137, 283, 8, 10, 0.6611, 4.7666, -4.5897, -1.2866, 0.3306, 210.00
137, 284, 120, 45, 0.5167, 0.5803, 0.5273, 0.2423, 0.3100, 132.83
137, 288, -3, 121, 0.5000, 8.6238, -8.1944, -2.6871, 0.1500, 147.33
137, 293, 83, 140, 0.6111, 35.8286, 23.6988, 26.8710, 0.3056, 190.20
137, 298, 18, 54, 0.6111, 13.7204, 1.5483, -13.6327, 0.3056, 176.80
138, 213, 56, 20, 1.0000, 0.9690, 0.8984, 0.3630, 1.0000, 242.99
138, 164, 102, 47, 0.6000, 5.0842, 0.3352, 5.0732, 0.3600, 153.33
138, 280, 26, 55, 0.7056, 0.8036, 0.7501, -0.2883, 0.2822, 211.25
138, 246, 71, 38, 0.6222, 28.0962, 22.9098, 16.2646, 0.3111, 211.80
138, 301, 25, 13, 0.7111, 34.6519, -17.4628, -29.9300, 0.3556, 180.40
138, 255, 2, 96, 0.5556, 12.1752, -9.0459, -8.1490, 0.2222, 166.00
138, 172, 43, 53, 0.8000, 5.7807, 5.6185, -1.3599, 0.8000, 211.08
138, 283, 3, 8, 0.5611, 4.7666, -4.5897, -1.2866, 0.2806, 210.00
138, 290, 23, 16, 0.6111, 7.7973, -2.4133, 7.4144, 0.3056, 221.20
138, 298, 20, 40, 0.5111, 13.7204, 1.5483, -13.6327, 0.2556, 176.80
138, 303, 60, 131, 0.5556, 23.8785, -1.0085, 23.8572, 0.2222, 181.75
139, 213, 57, 20, 1.0000, 1.0153, 1.0095, 0.1080, 1.0000, 242.68
139, 164, 118, 60, 0.6587, 19.5998, 15.1448, 12.4413, 0.4611, 148.71
139, 280, 22, 57, 0.7611, 3.8606, -3.5418, 1.5362, 0.3806, 210.40
139, 283, 8, 11, 0.8167, 0.7370, -0.6792, 0.2859, 0.4900, 211.17
139, 284, 126, 58, 0.8722, 4.0919, 1.8943, 3.6270, 0.6106, 129.86
139, 290, 37, 24, 0.7667, 10.4344, 7.1475, 7.6020, 0.4600, 218.00
139, 298, 26, 54, 0.7667, 4.2797, 3.5031, -2.4584, 0.4600, 181.17
139, 172, 49, 51, 0.7000, 5.7807, 5.6185, -1.3599, 0.7000, 211.08
139, 246, 94, 54, 0.5222, 28.0962, 22.9098, 16.2646, 0.2611, 211.80
140, 213, 57, 20, 1.0000, 0.4499, 0.4498, -0.0079, 1.0000, 242.46
140, 172, 59, 65, 1.0000, 7.9322, 7.1371, 3.4614, 1.0000, 210.12
140, 280, 15, 55, 0.7667, 7.0114, -6.8108, -1.6651, 0.4600, 208.50
140, 283, 8, 13, 0.8722, 1.7265, -0.0177, 1.7264, 0.6106, 212.00
140, 284, 123, 63, 0.9278, 5.7805, -3.1429, 4.8515, 0.7422, 127.38
140, 246, 100, 59, 0.6806, 16.0567, 13.0865, 9.3038, 0.4083, 202.83
140, 207, 57, 77, 0.5400, 0.9530, -0.9524, -0.0336, 0.2700, 203.50
140, 312, 64, 91, 0.6000, 0.9188, 0.0000, 0.9188, 0.1800, 164.00
140, 164, 133, 72, 0.5587, 19.5998, 15.1448, 12.4413, 0.3911, 148.71
141, 213, 58, 20, 1.0000, 0.6477, 0.6471, -0.0279, 1.0000, 242.14
141, 268, 29, 43, 0.6000, 8.3166, -6.7676, -4.8338, 0.1800, 207.67
141, 270, 93, 22, 1.0000, 8.0965, 4.9708, -6.3910, 1.0000, 174.21
141, 280, 5, 53, 0.8222, 9.1050, -8.9591, -1.6231, 0.5756, 207.43
141, 283, 6, 12, 0.9278, 1.4675, -1.4558, -0.1852, 0.7422, 211.50
141, 284, 122, 65, 0.9833, 2.3938, -1.2479, 2.0427, 0.8850, 126.72
141, 207, 59, 80, 0.6500, 3.6213, 2.0018, 3.0177, 0.3900, 201.25
141, 312, 64, 91, 0.7056, 0.2624, 0.0000, 0.2624, 0.2822, 163.75
141, 172, 66, 68, 0.9000, 7.9322, 7.1371, 3.4614, 0.9000, 210.12
142, 213, 59, 21, 1.0000, 1.0486, 0.8904, 0.5540, 1.0000, 241.53
142, 280, -1, 57, 0.8778, 7.1336, -6.2480, 3.4426, 0.7022, 204.62
142, 284, 121, 68, 1.0000, 3.2486, -0.8037, 3.1476, 1.0000, 124.75
142, 207, 64, 82, 0.7087, 4.3374, 3.9118, 1.8739, 0.4961, 198.07
142, 165, 79, 11, 0.5250, 30.5475, 25.6959, -16.5188, 0.3150, 189.33
142, 143, 106, 91, 0.5143, 1.4184, 1.0196, 0.9860, 0.3600, 110.57
142, 268, 22, 38, 0.5000, 8.3166, -6.7676, -4.8338, 0.1500, 207.67
142, 270, 98, 16, 0.9000, 8.0965, 4.9708, -6.3910, 0.9000, 174.21
142, 283, 5, 12, 0.8278, 1.4675, -1.4558, -0.1852, 0.6622, 211.50
142, 312, 64, 91, 0.6056, 0.2624, 0.0000, 0.2624, 0.2422, 163.75
143, 213, 60, 21, 1.0000, 1.0690, 1.0048, 0.3651, 1.0000, 241.20
143, 180, 66, 76, 0.5400, 52.6987, 48.2352, -21.2254, 0.2700, 170.20
143, 284, 122, 68, 1.0000, 0.6518, 0.6324, 0.1581, 1.0000, 123.32
143, 300, 45, 97, 0.6000, 46.8137, 38.2083, -27.0490, 0.1800, 160.00
143, 143, 107, 92, 0.6222, 1.4236, 1.0048, 1.0085, 0.4978, 109.62
143, 314, 31, 13, 0.7056, 1.0579, 0.7535, 0.7425, 0.2822, 230.50
143, 270, 103, 10, 0.8000, 8.0965, 4.9708, -6.3910, 0.8000, 174.21
143, 280, -7, 60, 0.7778, 7.1336, -6.2480, 3.4426, 0.6222, 204.62
143, 283, 3, 12, 0.7278, 1.4675, -1.4558, -0.1852, 0.5822, 211.50
143, 207, 68, 84, 0.6087, 4.3374, 3.9118, 1.8739, 0.4261, 198.07
143, 312, 64, 92, 0.5056, 0.2624, 0.0000, 0.2624, 0.2022, 163.75
144, 213, 60, 21, 1.0000, 0.4788, 0.4639, 0.1187, 1.0000, 240.85
144, 268, 3, 24, 0.6556, 11.3353, -9.1419, -6.7020, 0.2622, 206.00
144, 280, -1, 82, 0.9333, 14.0229, 0.9458, 13.9910, 0.8400, 201.00
144, 283, 0, 19, 0.9833, 3.5642, -2.2333, 2.7778, 0.8850, 211.44
144, 284, 121, 68, 1.0000, 0.5342, -0.3965, 0.3580, 1.0000, 122.38
144, 300, 75, 59, 0.6556, 47.9374, 30.8627, -36.6809, 0.2622, 165.50
144, 301, 9, 2, 0.9333, 1.8211, -1.3783, -1.1902, 0.8400, 196.56
144, 207, 63, 104, 0.7167, 12.4170, -0.7636, 12.3935, 0.5733, 193.94
144, 312, 49, 95, 0.7111, 6.3530, -6.1643, 1.5368, 0.3556, 163.60
144, 143, 108, 93, 0.6796, 1.4172, 0.9992, 1.0049, 0.6117, 109.89
144, 314, 32, 13, 0.7611, 1.0715, 1.0397, 0.2590, 0.3806, 227.00
144, 315, 32, 125, 0.6000, 6.3397, 6.2496, -1.0651, 0.1800, 151.83
144, 270, 108, 3, 0.7000, 8.0965, 4.9708, -6.3910, 0.7000, 174.21
145, 213, 61, 22, 1.0000, 0.8535, 0.6458, 0.5579, 1.0000, 240.78
145, 270, 96, 1, 1.0000, 5.0982, -0.3591, -5.0855, 1.0000, 173.50
145, 274, 28, 62, 0.6000, 33.6042, -0.9599, -33.5905, 0.1800, 189.67
145, 285, 61, 29, 0.6000, 34.0165, -30.4230, -15.2172, 0.1800, 180.33
145, 299, 84, 98, 0.6000, 37.4783, 33.8875, -16.0080, 0.1800, 136.33
145, 300, 90, 29, 0.7111, 34.6140, 16.2759, -30.5487, 0.3556, 166.80
145, 314, 33, 14, 0.8167, 1.2941, 1.0510, 0.7550, 0.4900, 231.67
145, 315, 56, 109, 0.6556, 27.2532, 22.6449, -15.1640, 0.2622, 158.38
145, 319, 78, 102, 0.6000, 49.7285, 47.7961, -13.7281, 0.1800, 145.67
145, 268, -6, 17, 0.5556, 11.3353, -9.1419, -6.7020, 0.2222, 206.00
145, 283, -2, 22, 0.8833, 3.5642, -2.2333, 2.7778, 0.7950, 211.44
145, 284, 121, 68, 0.9000, 0.5342, -0.3965, 0.3580, 0.9000, 122.38
145, 301, 8, 1, 0.8333, 1.8211, -1.3783, -1.1902, 0.7500, 196.56
145, 143, 109, 94, 0.5796, 1.4172, 0.9992, 1.0049, 0.5217, 109.89
146, 213, 62, 22, 1.0000, 0.9474, 0.8826, 0.3443, 1.0000, 240.82
146, 274, 31, 39, 0.6556, 25.2403, 2.7554, -25.0894, 0.2622, 195.50
146, 283, 1, 19, 1.0000, 0.8283, 0.7901, -0.2487, 1.0000, 211.20
146, 284, 121, 70, 1.0000, 1.0894, -0.0692, 1.0872, 1.0000, 121.42
146, 285, 47, 13, 0.6556, 22.9650, -16.8505, -15.6030, 0.2622, 185.50
146, 304, 86, 29, 0.6000, 17.8258, 13.0696, 12.1220, 0.1800, 177.67
146, 143, 111, 95, 0.7367, 1.8459, 1.5522, 0.9991, 0.7367, 109.20
146, 314, 33, 15, 0.8722, 1.0444, 0.2536, 1.0131, 0.6106, 235.00
146, 315, 84, 101, 0.7111, 28.8203, 27.5194, -8.5611, 0.3556, 151.70
146, 299, 118, 82, 0.5000, 37.4783, 33.8875, -16.0080, 0.1500, 136.33
146, 300, 106, -2, 0.6111, 34.6140, 16.2759, -30.5487, 0.3056, 166.80
146, 301, 6, 0, 0.7333, 1.8211, -1.3783, -1.1902, 0.6600, 196.56
146, 319, 126, 88, 0.5000, 49.7285, 47.7961, -13.7281, 0.1500, 145.67
147, 213, 63, 22, 1.0000, 1.0055, 0.9998, 0.1069, 1.0000, 240.59
147, 235, 25, 73, 0.5625, 28.9435, -23.1587, 17.3608, 0.2250, 199.75
147, 274, 32, 36, 0.7111, 4.9741, 1.1316, -4.8437, 0.3556, 196.80
147, 283, 11, 30, 1.0000, 13.9121, 9.7079, 9.9651, 1.0000, 210.18
147, 304, 89, 31, 0.6556, 5.1905, 3.8005, 3.5351, 0.2622, 176.25
147, 311, 67, 101, 0.6000, 32.3200, -23.3040, -22.3942, 0.1800, 130.67
147, 143, 88, 101, 0.7434, 21.4288, -20.6638, 5.6746, 0.7434, 111.91
147, 314, 34, 16, 0.9278, 1.2553, 0.7019, 1.0407, 0.7422, 236.38
147, 315, 111, 95, 0.7667, 27.8003, 27.0432, -6.4439, 0.4600, 141.92
147, 284, 121, 71, 0.9000, 1.0894, -0.0692, 1.0872, 0.9000, 121.42
147, 285, 30, -3, 0.5556, 22.9650, -16.8505, -15.6030, 0.2222, 185.50
148, 213, 63, 22, 1.0000, 0.4774, 0.4774, -0.0046, 1.0000, 240.30
148, 268, 2, 20, 0.7111, 2.1836, 2.1216, 0.5169, 0.3556, 207.60
148, 284, 116, 54, 1.0000, 9.9259, -2.7567, -9.5354, 1.0000, 121.89
148, 297, 1, 104, 0.7056, 0.2353, -0.0846, -0.2195, 0.2822, 158.75
148, 304, 88, 31, 0.7111, 0.4161, -0.3069, -0.2809, 0.3556, 175.60
148, 311, 53, 71, 0.6556, 32.5983, -14.3799, -29.2552, 0.2622, 146.25
148, 314, 34, 16, 0.9833, 0.3556, 0.2400, 0.2624, 0.8850, 236.11
148, 315, 123, 75, 0.8222, 22.8049, 13.7996, -18.1559, 0.5756, 136.64
148, 274, 33, 31, 0.6111, 4.9741, 1.1316, -4.8437, 0.3056, 196.80
149, 213, 64, 22, 1.0000, 0.6456, 0.6450, -0.0271, 1.0000, 240.10
149, 268, 3, 21, 0.7667, 1.7321, 1.3762, 1.0518, 0.4600, 209.17
149, 278, 8, 16, 0.6000, 19.8303, -4.8106, -19.2380, 0.1800, 215.33
149, 297, 32, 89, 0.7111, 34.0982, 30.6746, -14.8914, 0.3556, 163.60
149, 304, 87, 30, 0.7667, 0.9153, -0.6711, -0.6225, 0.4600, 176.00
149, 314, 34, 17, 1.0000, 0.6986, -0.0078, 0.6986, 1.0000, 236.60
149, 322, 92, 125, 0.6000, 46.0942, 36.2241, 28.5042, 0.1800, 140.33
149, 324, 33, 119, 0.6000, 1.3708, 0.9860, 0.9524, 0.1800, 154.00
149, 311, 39, 42, 0.5556, 32.5983, -14.3799, -29.2552, 0.2222, 146.25
150, 213, 65, 23, 1.0000, 1.0200, 0.8751, 0.5240, 1.0000, 240.25
150, 292, 71, 23, 0.6000, 35.4450, 33.5316, 11.4883, 0.1800, 202.33
150, 304, 87, 30, 0.8222, 0.2888, -0.2114, -0.1967, 0.5756, 176.71
150, 316, 35, 17, 0.6000, 16.9099, -6.4685, 15.6239, 0.1800, 234.00
150, 324, 32, 107, 0.6556, 10.3025, -0.4985, -10.2904, 0.2622, 154.75
150, 278, 3, -4, 0.5000, 19.8303, -4.8106, -19.2380, 0.1500, 215.33
150, 297, 63, 74, 0.6111, 34.0982, 30.6746, -14.8914, 0.3056, 163.60
150, 314, 34, 18, 0.9000, 0.6986, -0.0078, 0.6986, 0.9000, 236.60
150, 322, 128, 154, 0.5000, 46.0942, 36.2241, 28.5042, 0.1500, 140.33
151, 213, 66, 23, 1.0000, 1.0604, 0.9947, 0.3675, 1.0000, 240.05
151, 292, 87, 20, 0.6556, 18.3260, 18.3163, -0.5979, 0.2622, 194.75
151, 314, 32, 16, 1.0000, 1.2481, -1.1157, -0.5593, 1.0000, 234.73
151, 316, 13, 30, 0.6556, 24.4037, -20.1314, 13.7938, 0.2622, 227.00
151, 320, 67, 121, 0.6000, 43.3951, 43.3071, 2.7629, 0.1800, 148.67
151, 324, 27, 96, 0.7111, 11.8266, -4.8923, -10.7673, 0.3556, 162.60
151, 265, 87, 102, 0.5625, 0.0751, 0.0751, 0.0000, 0.2250, 133.12
151, 266, 120, 78, 0.5625, 25.9814, 12.4146, -22.8235, 0.2250, 101.75
151, 297, 93, 59, 0.5111, 34.0982, 30.6746, -14.8914, 0.2556, 163.60
152, 213, 66, 23, 1.0000, 0.5087, 0.4904, 0.1352, 1.0000, 240.11
152, 314, 49, 30, 1.0000, 19.4350, 14.7706, 12.6313, 1.0000, 231.75
152, 320, 95, 121, 0.6556, 30.3767, 30.3655, 0.8245, 0.2622, 136.75
152, 324, 25, 94, 0.7667, 3.1627, -1.7924, -2.6058, 0.4600, 168.00
152, 265, 89, 103, 0.6722, 1.6770, 1.4964, 0.7572, 0.3361, 133.10
152, 325, 96, 7, 0.6000, 39.4887, -26.0670, -29.6625, 0.1800, 135.67
152, 329, 7, 84, 0.6000, 1.9048, 1.9048, 0.0000, 0.1800, 176.83
152, 292, 105, 19, 0.5556, 18.3260, 18.3163, -0.5979, 0.2222, 194.75
152, 316, -7, 44, 0.5556, 24.4037, -20.1314, 13.7938, 0.2222, 227.00
153, 213, 67, 23, 1.0000, 0.6447, 0.6446, 0.0098, 1.0000, 240.33
153, 320, 121, 106, 0.7111, 29.5237, 26.1044, -13.7918, 0.3556, 125.80
153, 265, 91, 103, 0.7306, 2.0867, 2.0679, 0.2789, 0.4383, 130.42
153, 329, 8, 85, 0.7056, 1.4774, 1.2709, 0.7535, 0.2822, 177.88
153, 324, 24, 92, 0.6667, 3.1627, -1.7924, -2.6058, 0.4000, 168.00
153, 325, 70, -23, 0.5000, 39.4887, -26.0670, -29.6625, 0.1500, 135.67
154, 213, 70, 25, 1.0000, 2.6585, 2.4506, 1.0306, 1.0000, 239.64
154, 324, 27, 79, 0.8222, 8.3314, 1.0681, -8.2627, 0.5756, 175.14
154, 265, 92, 103, 0.7881, 1.3349, 1.3349, -0.0040, 0.5517, 130.36
154, 320, 147, 92, 0.6111, 29.5237, 26.1044, -13.7918, 0.3056, 125.80
154, 329, 9, 86, 0.6056, 1.4774, 1.2709, 0.7535, 0.2422, 177.88
155, 213, 81, 29, 1.0000, 8.5606, 7.8779, 3.3498, 1.0000, 238.81
155, 313, 66, 99, 0.6000, 6.7433, 4.7682, 4.7682, 0.1800, 164.00
155, 324, 27, 78, 0.8778, 2.1551, 0.3954, -2.1185, 0.7022, 178.25
155, 329, 22, 83, 0.7111, 7.6261, 7.5443, -1.1139, 0.3556, 179.50
155, 330, 69, 24, 0.6000, 0.9346, 0.9322, -0.0668, 0.1800, 228.67
155, 265, 93, 103, 0.6881, 1.3349, 1.3349, -0.0040, 0.4817, 130.36
156, 265, 94, 103, 0.8451, 0.8896, 0.8891, -0.0293, 0.6761, 128.31
156, 330, 69, 24, 0.7056, 0.2650, 0.2642, 0.0205, 0.2822, 233.50
156, 335, 72, 23, 0.6000, 36.6984, 33.4006, 15.2045, 0.1800, 207.33
156, 213, 88, 32, 0.9000, 8.5606, 7.8779, 3.3498, 0.9000, 238.81
156, 313, 71, 104, 0.5000, 6.7433, 4.7682, 4.7682, 0.1500, 164.00
156, 324, 28, 76, 0.7778, 2.1551, 0.3954, -2.1185, 0.6222, 178.25
157, 265, 95, 103, 0.9019, 0.9495, 0.9495, -0.0081, 0.8117, 126.39
157, 330, 70, 24, 0.7611, 0.7375, 0.7373, 0.0164, 0.3806, 235.80
157, 334, 2, 100, 0.6000, 33.7964, -20.5419, -26.8370, 0.1800, 160.33
157, 336, 72, 44, 0.6000, 40.4321, -36.1569, 18.0952, 0.1800, 170.67
157, 213, 96, 36, 0.8000, 8.5606, 7.8779, 3.3498, 0.8000, 238.81
157, 324, 28, 74, 0.6778, 2.1551, 0.3954, -2.1185, 0.5422, 178.25
157, 335, 105, 39, 0.5000, 36.6984, 33.4006, 15.2045, 0.1500, 207.33
158, 213, 88, 30, 1.0000, 1.6708, 1.6680, 0.0962, 1.0000, 237.93
158, 313, 66, 119, 0.6556, 7.1977, -0.8899, 7.1424, 0.2622, 158.00
158, 265, 97, 104, 0.9583, 1.9087, 1.7522, 0.7570, 0.9583, 125.25
158, 330, 62, 18, 0.7667, 9.1299, -7.4004, -5.3469, 0.4600, 228.83
158, 334, -2, 93, 0.6556, 11.1378, -6.4108, -9.1078, 0.2622, 166.50
158, 336, 36, 66, 0.6556, 42.1045, -36.2061, 21.4920, 0.2622, 178.25
158, 324, 28, 72, 0.5778, 2.1551, 0.3954, -2.1185, 0.4622, 178.25
159, 213, 88, 30, 1.0000, 0.4589, 0.4359, -0.1436, 1.0000, 237.03
159, 265, 97, 104, 1.0000, 0.6341, 0.5582, 0.3009, 1.0000, 124.32
159, 330, 40, 13, 0.8222, 21.1269, -20.5023, -5.0990, 0.5756, 225.71
159, 243, 118, 87, 0.5400, 1.3956, -0.3663, 1.3466, 0.2700, 108.40
159, 336, 0, 95, 0.7111, 45.4468, -36.0551, 27.6666, 0.3556, 177.40
159, 337, 43, 125, 0.7056, 1.9425, 1.6162, 1.0775, 0.2822, 146.50
159, 339, 16, 55, 0.6000, 46.9125, 3.7084, -46.7657, 0.1800, 173.83
159, 286, 61, 103, 0.5625, 4.7689, 3.8431, 2.8235, 0.2250, 160.75
159, 313, 65, 126, 0.5556, 7.1977, -0.8899, 7.1424, 0.2222, 158.00
159, 334, -9, 84, 0.5556, 11.1378, -6.4108, -9.1078, 0.2222, 166.50
160, 313, 67, 120, 0.7111, 0.5763, 0.5423, -0.1951, 0.3556, 155.20
160, 324, 35, 66, 0.9333, 3.1469, 1.9641, -2.4587, 0.8400, 180.22
160, 265, 105, 99, 1.0000, 8.0069, 6.6557, -4.4512, 1.0000, 122.46
160, 334, -1, 95, 0.7111, 3.3422, 2.0282, 2.6565, 0.3556, 169.60
160, 243, 100, 87, 0.6000, 17.3451, -17.3434, 0.2405, 0.3600, 110.83
160, 337, 40, 113, 0.7111, 11.0403, -2.7075, -10.7032, 0.3556, 147.00
160, 339, 39, 22, 0.6556, 40.5391, 20.7457, -34.8286, 0.2622, 189.12
160, 286, 95, 104, 0.6222, 29.7038, 29.6642, 1.5332, 0.3111, 150.40
160, 336, -36, 122, 0.6111, 45.4468, -36.0551, 27.6666, 0.3056, 177.40
161, 313, 67, 121, 0.7667, 0.4243, 0.1883, 0.3803, 0.4600, 151.33
161, 324, 35, 41, 0.9889, 24.4873, 0.2918, -24.4855, 0.9889, 187.50
161, 265, 116, 90, 1.0000, 13.7780, 10.8052, -8.5488, 1.0000, 120.04
161, 243, 70, 110, 0.6587, 35.0660, -28.3520, 20.6346, 0.4611, 112.43
161, 337, 52, 88, 0.7667, 25.8104, 11.0491, -23.3258, 0.4600, 155.67
161, 338, 110, 32, 0.6556, 11.4231, 0.7599, -11.3978, 0.2622, 139.75
161, 286, 104, 104, 0.6806, 11.1372, 11.1355, 0.1947, 0.4083, 144.50
161, 294, 9, 27, 0.5625, 0.0475, 0.0336, 0.0336, 0.2250, 211.75
161, 343, 103, 20, 0.6000, 24.9596, 24.7955, -2.8571, 0.1800, 172.67
161, 344, 73, 26, 0.6000, 0.9530, 0.0336, 0.9524, 0.1800, 239.00
161, 336, -72, 150, 0.5111, 45.4468, -36.0551, 27.6666, 0.2556, 177.40
161, 339, 60, -13, 0.5556, 40.5391, 20.7457, -34.8286, 0.2222, 189.12
162, 313, 67, 123, 0.8222, 1.7046, -0.0060, 1.7046, 0.5756, 149.29
162, 318, 75, 27, 0.6000, 38.4292, -32.6922, -20.1996, 0.1800, 175.00
162, 337, 47, 64, 0.8222, 24.3945, -3.8451, -24.0895, 0.5756, 162.43
162, 294, 10, 28, 0.6722, 1.0604, 0.7498, 0.7498, 0.3361, 215.00
162, 343, 117, 27, 0.6556, 16.1673, 15.0105, 6.0055, 0.2622, 164.50
162, 344, 59, 8, 0.6556, 19.6902, -12.0598, -15.5649, 0.2622, 231.00
162, 302, 32, 64, 0.5625, 28.9927, 27.6863, 8.6050, 0.2250, 206.00
162, 265, 127, 81, 0.9000, 13.7780, 10.8052, -8.5488, 0.9000, 120.04
162, 243, 42, 131, 0.5587, 35.0660, -28.3520, 20.6346, 0.3911, 112.43
162, 338, 111, 21, 0.5556, 11.4231, 0.7599, -11.3978, 0.2222, 139.75
163, 313, 67, 124, 0.8778, 1.3537, -0.0288, 1.3534, 0.7022, 146.69
163, 318, 45, 23, 0.6556, 31.4716, -30.8382, -6.2820, 0.2622, 185.25
163, 328, 0, 105, 0.6000, 27.5497, -3.7542, 27.2927, 0.1800, 174.00
163, 337, 67, 39, 0.8778, 30.6132, 17.8008, -24.9058, 0.7022, 169.38
163, 338, 106, 13, 0.7111, 9.5490, -2.2173, -9.2880, 0.3556, 141.20
163, 286, 102, 105, 0.7951, 1.2934, -1.0950, 0.6884, 0.6361, 136.06
163, 294, 10, 28, 0.7306, 0.3825, 0.2704, 0.2704, 0.4383, 214.00
163, 302, 36, 65, 0.6222, 7.1303, 6.7408, 2.3244, 0.3111, 206.40
163, 265, 138, 73, 0.8000, 13.7780, 10.8052, -8.5488, 0.8000, 120.04
163, 343, 132, 33, 0.5556, 16.1673, 15.0105, 6.0055, 0.2222, 164.50
163, 344, 47, -8, 0.5556, 19.6902, -12.0598, -15.5649, 0.2222, 231.00
164, 265, 127, 76, 1.0000, 4.2463, 2.0161, -3.7372, 1.0000, 118.11
164, 338, 115, 3, 0.7667, 12.5672, 7.9597, -9.7251, 0.4600, 140.17
164, 340, 16, 104, 0.6556, 12.0279, 11.4048, -3.8211, 0.2622, 189.25
164, 294, 14, 31, 0.7881, 4.8862, 3.8161, 3.0516, 0.5517, 212.57
164, 302, 33, 64, 0.6806, 2.1561, -1.8938, -1.0308, 0.4083, 205.83
164, 318, 14, 16, 0.5556, 31.4716, -30.8382, -6.2820, 0.2222, 185.25
164, 328, -4, 133, 0.5000, 27.5497, -3.7542, 27.2927, 0.1500, 174.00
165, 340, 19, 103, 0.7111, 4.4365, 4.2047, -1.4153, 0.3556, 183.60
165, 294, 29, 37, 0.7951, 14.5078, 13.6392, 4.9446, 0.6361, 211.12
165, 302, 30, 62, 0.7381, 2.8862, -2.4682, -1.4960, 0.5167, 206.57
165, 145, 76, 27, 0.5062, 0.9530, 0.0336, 0.9524, 0.4050, 223.12
165, 338, 123, -7, 0.6667, 12.5672, 7.9597, -9.7251, 0.4000, 140.17
166, 340, 29, 91, 0.7667, 14.0423, 9.1132, -10.6834, 0.4600, 184.75
166, 294, 48, 29, 0.8519, 19.4183, 18.4032, -6.1960, 0.7667, 212.67
166, 302, 29, 62, 0.7951, 1.4757, -1.4180, -0.4083, 0.6361, 207.12
166, 145, 77, 27, 0.6130, 0.7932, 0.7498, 0.2587, 0.5517, 221.56
166, 346, 75, 24, 0.6000, 26.8017, 26.7339, -1.9048, 0.1800, 224.67
166, 348, 67, 82, 0.6000, 50.6197, -49.5238, -10.4762, 0.1800, 124.33
167, 317, 60, 34, 0.6000, 57.2330, 52.2998, 23.2454, 0.1800, 204.00
167, 340, 32, 88, 0.8222, 5.3075, 3.6302, -3.8719, 0.5756, 186.79
167, 342, 28, 1, 0.6000, 0.9008, 0.0000, -0.9008, 0.1800, 221.67
167, 302, 28, 61, 0.8519, 1.1764, -0.9363, -0.7123, 0.7667, 210.89
167, 145, 78, 27, 0.6694, 1.0344, 1.0340, -0.0291, 0.6694, 221.70
167, 346, 100, 19, 0.6556, 25.8162, 25.3198, -5.0384, 0.2622, 206.00
167, 348, 21, 99, 0.6556, 48.3787, -46.6055, 12.9782, 0.2622, 135.75
167, 351, 49, 27, 0.6000, 36.3031, 36.1905, -2.8571, 0.1800, 216.33
167, 354, 108, 106, 0.6000, 1.3952, 1.0196, 0.9524, 0.1800, 112.33
168, 317, 115, 55, 0.6556, 58.1115, 54.0507, 21.3418, 0.2622, 183.75
168, 340, 32, 88, 0.8778, 0.0979, 0.0573, 0.0795, 0.7022, 188.44
168, 302, 27, 60, 0.9083, 1.3458, -0.9176, -0.9845, 0.9083, 209.15
168, 145, 79, 28, 0.7258, 1.2702, 1.0494, 0.7157, 0.7258, 221.82
168, 346, 116, 24, 0.7111, 17.0980, 16.4925, 4.5097, 0.3556, 192.20
168, 351, 97, 17, 0.6556, 47.6222, 46.7515, -9.0646, 0.2622, 200.75
168, 356, 115, 29, 0.6000, 5.7600, -5.6807, -0.9524, 0.1800, 129.33
168, 342, 28, 0, 0.5000, 0.9008, 0.0000, -0.9008, 0.1500, 221.67
168, 348, -26, 112, 0.5556, 48.3787, -46.6055, 12.9782, 0.2222, 135.75
168, 354, 109, 107, 0.5000, 1.3952, 1.0196, 0.9524, 0.1500, 112.33
169, 340, 31, 90, 0.9333, 1.4509, -0.5078, 1.3592, 0.8400, 187.72
169, 302, 27, 60, 0.9646, 0.3026, -0.1852, -0.2393, 0.9646, 212.32
169, 145, 80, 28, 0.7819, 1.0519, 1.0141, 0.2794, 0.7819, 221.50
169, 354, 111, 106, 0.7056, 1.5383, 1.5372, -0.0567, 0.2822, 108.25
169, 317, 169, 77, 0.5556, 58.1115, 54.0507, 21.3418, 0.2222, 183.75
169, 346, 132, 29, 0.6111, 17.0980, 16.4925, 4.5097, 0.3056, 192.20
169, 351, 144, 8, 0.5556, 47.6222, 46.7515, -9.0646, 0.2222, 200.75
169, 356, 110, 28, 0.5000, 5.7600, -5.6807, -0.9524, 0.1500, 129.33
170, 340, 31, 91, 0.9889, 1.2875, -0.2023, 1.2715, 0.9889, 189.25
170, 342, 28, 1, 0.7056, 0.1538, 0.0000, 0.1538, 0.2822, 221.25
170, 302, 26, 59, 1.0000, 1.0432, -0.7330, -0.7423, 1.0000, 214.54
170, 145, 80, 28, 0.8380, 0.2424, 0.2423, 0.0047, 0.8380, 223.00
170, 352, 51, 17, 0.6000, 30.1257, -24.2044, -17.9362, 0.1800, 181.00
170, 354, 112, 106, 0.7611, 1.1448, 1.1429, -0.0657, 0.3806, 104.80
170, 356, 91, 19, 0.6556, 14.1797, -13.1395, -5.3307, 0.2622, 141.00
170, 357, 24, 55, 0.6556, 7.7217, -1.5144, 7.5718, 0.2622, 222.50
170, 359, 3, 19, 0.6000, 2.1451, 1.9384, -0.9188, 0.1800, 237.00
170, 360, 54, 28, 0.6000, 2.1597, 1.9384, 0.9524, 0.1800, 234.67
171, 342, 29, 2, 0.7611, 1.1973, 0.8164, 0.8758, 0.3806, 220.40
171, 302, 25, 59, 1.0000, 1.0437, -1.0201, -0.2208, 1.0000, 216.73
171, 145, 81, 29, 0.8940, 0.9980, 0.6987, 0.7126, 0.8940, 222.43
171, 352, 26, 2, 0.6556, 28.9862, -24.9943, -14.6794, 0.2622, 189.25
171, 354, 113, 106, 0.8167, 0.9782, 0.9781, -0.0165, 0.4900, 106.67
171, 359, 5, 20, 0.7056, 2.0795, 2.0207, 0.4912, 0.2822, 241.00
171, 360, 55, 28, 0.7056, 1.2933, 1.2672, 0.2587, 0.2822, 238.75
171, 361, 15, 33, 0.6000, 1.3778, 0.9553, 0.9928, 0.1800, 208.17
171, 356, 77, 14, 0.5556, 14.1797, -13.1395, -5.3307, 0.2222, 141.00
171, 357, 23, 62, 0.5556, 7.7217, -1.5144, 7.5718, 0.2222, 222.50
172, 323, 70, 93, 0.6000, 31.9056, 30.9530, -7.7383, 0.1800, 162.67
172, 332, 45, 91, 0.6000, 14.4289, 14.3966, -0.9649, 0.1800, 189.00
172, 342, 39, 5, 0.7667, 9.1072, 8.7296, 2.5950, 0.4600, 219.50
172, 302, 24, 58, 1.0000, 1.2962, -1.0433, -0.7691, 1.0000, 216.96
172, 145, 82, 29, 0.9500, 1.0316, 0.9915, 0.2847, 0.9500, 222.80
172, 353, 83, 54, 0.7611, 3.7806, -1.9451, -3.2418, 0.3806, 177.20
172, 354, 114, 104, 0.8722, 1.8010, 0.9716, -1.5164, 0.6106, 106.71
172, 356, 77, 26, 0.7111, 7.3409, -5.4660, 4.9002, 0.3556, 145.60
172, 357, 31, 92, 0.7111, 20.7387, 3.8834, 20.3718, 0.3556, 214.60
172, 359, 6, 20, 0.7611, 1.2874, 1.2520, 0.2995, 0.3806, 243.80
172, 360, 56, 28, 0.7611, 0.9763, 0.9759, -0.0291, 0.3806, 242.00
172, 361, 14, 34, 0.7056, 1.1232, -0.4991, 1.0062, 0.2822, 210.00
172, 363, 62, 45, 0.6556, 9.8350, 9.0771, 3.7859, 0.2622, 194.75
172, 352, 1, -12, 0.5556, 28.9862, -24.9943, -14.6794, 0.2222, 189.25
173, 332, 59, 102, 0.6556, 16.7593, 13.7715, 9.5509, 0.2622, 181.00
173, 271, 85, 109, 0.5625, 41.3594, -9.5777, 40.2351, 0.2250, 144.00
173, 302, 32, 54, 1.0000, 8.8045, 7.7339, -4.2079, 1.0000, 217.63
173, 145, 82, 29, 1.0000, 0.2984, 0.2982, 0.0092, 1.0000, 222.12
173, 305, 5, 45, 0.5625, 12.6515, -6.3722, -10.9295, 0.2250, 209.50
173, 353, 58, 43, 0.7667, 26.1711, -23.8965, -10.6716, 0.4600, 181.58
173, 354, 115, 106, 0.9278, 1.3559, 0.9922, 0.9242, 0.7422, 105.75
173, 359, 9, 20, 0.8167, 2.4767, 2.4763, 0.0426, 0.4900, 241.42
173, 360, 57, 28, 0.8167, 0.9531, 0.9519, -0.0488, 0.4900, 243.83
173, 361, 16, 34, 0.7611, 1.2405, 1.2171, 0.2399, 0.3806, 215.80
173, 368, 97, 104, 0.6000, 17.6584, -17.4365, -2.7907, 0.1800, 99.50
173, 369, 17, 17, 0.6000, 20.8003, -20.0000, 5.7143, 0.1800, 227.67
173, 323, 101, 86, 0.5000, 31.9056, 30.9530, -7.7383, 0.1500, 162.67
173, 342, 47, 7, 0.6667, 9.1072, 8.7296, 2.5950, 0.4000, 219.50
173, 357, 34, 112, 0.6111, 20.7387, 3.8834, 20.3718, 0.3056, 214.60
173, 363, 72, 49, 0.5556, 9.8350, 9.0771, 3.7859, 0.2222, 194.75
174, 323, 114, 105, 0.6556, 22.0759, 20.7831, 7.4436, 0.2622, 146.50
174, 342, 44, 4, 0.8222, 2.1825, 2.0824, -0.6533, 0.5756, 224.57
174, 145, 84, 29, 1.0000, 1.4521, 1.4516, -0.0391, 1.0000, 221.71
174, 295, 21, 57, 0.5625, 1.8544, -1.8542, -0.0270, 0.2250, 204.38
174, 353, 38, 36, 0.8222, 21.7523, -20.2628, -7.9110, 0.5756, 185.21
174, 354, 118, 107, 0.9833, 2.8402, 2.5046, 1.3393, 0.8850, 103.89
174, 359, 8, 20, 0.8722, 0.0290, 0.0106, -0.0270, 0.6106, 239.57
174, 360, 59, 28, 0.8722, 1.7453, 1.7453, -0.0145, 0.6106, 243.00
174, 361, 19, 45, 0.7667, 10.2787, 2.8299, 9.8815, 0.4600, 213.17
174, 368, 95, 104, 0.6556, 4.3885, -4.3164, -0.7921, 0.2622, 105.88
174, 370, 27, 2, 0.6000, 30.1171, 23.9356, -18.2791, 0.1800, 211.00
174, 332, 73, 112, 0.5556, 16.7593, 13.7715, 9.5509, 0.2222, 181.00
174, 302, 40, 49, 0.9000, 8.8045, 7.7339, -4.2079, 0.9000, 217.63
174, 369, -3, 23, 0.5000, 20.8003, -20.0000, 5.7143, 0.1500, 227.67
175, 345, 30, 87, 0.6000, 50.5539, 10.4618, 49.4595, 0.1800, 192.33
175, 302, 57, 41, 1.0000, 14.4083, 12.8280, -6.5605, 1.0000, 217.03
175, 295, 14, 67, 0.6222, 11.2595, -6.6139, 9.1122, 0.3111, 200.90
175, 353, 17, 34, 0.8778, 21.2163, -21.0952, -2.2645, 0.7022, 188.44
175, 359, 10, 20, 0.9278, 1.1560, 1.1559, -0.0167, 0.7422, 240.81
175, 360, 60, 28, 0.9278, 1.2973, 1.2973, 0.0014, 0.7422, 244.25
175, 361, 21, 56, 0.8222, 10.8864, 2.4307, 10.6116, 0.5756, 215.86
175, 368, 81, 106, 0.7111, 13.2476, -13.0346, 2.3658, 0.3556, 111.70
175, 370, 50, 5, 0.6556, 23.5828, 23.5827, -0.0584, 0.2622, 208.50
175, 323, 134, 112, 0.5556, 22.0759, 20.7831, 7.4436, 0.2222, 146.50
175, 145, 85, 29, 0.9000, 1.4521, 1.4516, -0.0391, 0.9000, 221.71
175, 354, 120, 108, 0.8833, 2.8402, 2.5046, 1.3393, 0.7950, 103.89
176, 332, 101, 105, 0.7111, 14.0516, 14.0098, -1.0830, 0.3556, 169.20
176, 345, 44, 126, 0.6556, 43.0073, 12.7583, 41.0713, 0.2622, 182.25
176, 295, 7, 90, 0.6806, 21.9697, -6.7668, 20.9017, 0.4083, 195.75
176, 353, 14, 35, 0.9333, 5.2042, -5.0965, 1.0532, 0.8400, 191.17
176, 354, 120, 107, 1.0000, 1.0277, 1.0246, -0.0788, 1.0000, 102.40
176, 359, 12, 20, 0.9833, 1.9585, 1.9585, -0.0026, 0.8850, 242.39
176, 360, 61, 28, 0.9833, 1.0080, 1.0080, 0.0027, 0.8850, 238.56
176, 361, 22, 69, 0.8778, 12.6078, 1.2795, 12.5427, 0.7022, 213.50
176, 363, 92, 53, 0.7111, 7.0216, 6.8891, 1.3575, 0.3556, 190.00
176, 368, 78, 107, 0.7667, 3.7190, -3.5771, 1.0175, 0.4600, 115.58
176, 145, 87, 29, 0.8000, 1.4521, 1.4516, -0.0391, 0.8000, 221.71
176, 370, 74, 5, 0.5556, 23.5828, 23.5827, -0.0584, 0.2222, 208.50
177, 341, 3, 93, 0.6000, 24.5157, -10.5829, -22.1139, 0.1800, 170.67
177, 295, 13, 115, 0.7381, 25.3902, 4.4983, 24.9886, 0.5167, 190.64
177, 305, 7, 28, 0.6222, 3.4844, 2.5357, -2.3898, 0.3111, 211.80
177, 354, 122, 108, 1.0000, 1.8031, 1.6788, 0.6577, 1.0000, 104.73
177, 359, 13, 20, 1.0000, 1.3608, 1.3608, 0.0014, 1.0000, 243.65
177, 360, 63, 29, 1.0000, 1.8636, 1.7068, 0.7484, 1.0000, 237.00
177, 373, 72, 40, 0.6000, 14.5771, -9.8501, -10.7456, 0.1800, 197.33
177, 345, 56, 167, 0.5556, 43.0073, 12.7583, 41.0713, 0.2222, 182.25
177, 145, 88, 29, 0.7000, 1.4521, 1.4516, -0.0391, 0.7000, 221.71
177, 361, 23, 81, 0.7778, 12.6078, 1.2795, 12.5427, 0.6222, 213.50
177, 363, 99, 54, 0.6111, 7.0216, 6.8891, 1.3575, 0.3056, 190.00
177, 368, 75, 108, 0.6667, 3.7190, -3.5771, 1.0175, 0.4000, 115.58
178, 341, 1, 67, 0.6556, 25.1891, -3.6489, -24.9234, 0.2622, 176.25
178, 145, 87, 30, 1.0000, 0.7080, 0.6269, 0.3291, 1.0000, 220.33
178, 305, 17, 22, 0.6806, 11.5823, 9.8375, -6.1133, 0.4083, 211.00
178, 350, 121, 5, 0.6000, 13.9848, 13.1729, -4.6955, 0.1800, 136.83
178, 354, 123, 108, 1.0000, 1.2995, 1.2698, 0.2764, 1.0000, 105.50
178, 359, 15, 20, 1.0000, 1.7467, 1.7467, 0.0010, 1.0000, 244.41
178, 360, 64, 29, 1.0000, 1.3211, 1.2858, 0.3035, 1.0000, 236.09
178, 361, 32, 89, 0.9333, 11.2472, 5.2712, 9.9354, 0.8400, 209.50
178, 308, 33, 57, 0.5625, 51.8741, 17.5309, -48.8220, 0.2250, 180.75
178, 370, 103, 2, 0.7111, 16.3057, 16.2643, -1.1606, 0.3556, 198.40
178, 373, 34, 25, 0.6556, 37.2925, -34.2524, -14.7480, 0.2622, 203.00
178, 376, 19, 54, 0.6000, 1.3708, -0.9524, -0.9860, 0.1800, 229.67
178, 295, 17, 140, 0.6381, 25.3902, 4.4983, 24.9886, 0.4467, 190.64
178, 363, 106, 56, 0.5111, 7.0216, 6.8891, 1.3575, 0.2556, 190.00
179, 341, 15, 51, 0.7111, 20.9072, 12.2421, -16.9482, 0.3556, 185.20
179, 145, 84, 23, 1.0000, 6.7897, -2.3167, -6.3823, 1.0000, 217.79
179, 310, 120, 110, 0.5625, 7.8294, 7.5941, -1.9049, 0.2250, 83.75
179, 354, 124, 108, 1.0000, 1.0119, 1.0117, 0.0176, 1.0000, 105.46
179, 359, 17, 20, 1.0000, 1.9921, 1.9921, 0.0002, 1.0000, 245.12
179, 360, 65, 29, 1.0000, 1.0112, 1.0111, 0.0121, 1.0000, 236.25
179, 361, 46, 103, 0.9889, 19.5496, 13.8964, 13.7505, 0.9889, 204.55
179, 376, 32, 53, 0.6556, 11.0899, 11.0439, -1.0085, 0.2622, 229.00
179, 350, 134, 1, 0.5000, 13.9848, 13.1729, -4.6955, 0.1500, 136.83
179, 370, 120, 1, 0.6111, 16.3057, 16.2643, -1.1606, 0.3056, 198.40
179, 373, 0, 10, 0.5556, 37.2925, -34.2524, -14.7480, 0.2222, 203.00
180, 310, 126, 108, 0.6222, 6.9787, 6.6728, -2.0434, 0.3111, 89.40
180, 354, 114, 114, 1.0000, 9.9347, -8.5372, 5.0809, 1.0000, 105.71
180, 359, 18, 21, 1.0000, 1.4936, 1.3002, 0.7349, 1.0000, 245.73
180, 360, 67, 29, 1.0000, 1.6967, 1.6962, -0.0411, 1.0000, 237.69
180, 361, 78, 116, 1.0000, 32.4678, 29.7759, 12.9444, 1.0000, 196.77
180, 376, 58, 46, 0.7111, 24.8490, 24.0239, -6.3499, 0.3556, 224.80
180, 145, 82, 17, 0.9000, 6.7897, -2.3167, -6.3823, 0.9000, 217.79
181, 145, 72, 10, 1.0000, 9.2308, -6.4934, -6.5607, 1.0000, 215.85
181, 310, 128, 109, 0.6806, 2.2396, 2.2243, 0.2612, 0.4083, 97.67
181, 359, 20, 21, 1.0000, 1.7336, 1.7055, 0.3105, 1.0000, 246.39
181, 360, 68, 29, 1.0000, 1.2926, 1.2925, -0.0192, 1.0000, 238.21
181, 376, 77, 51, 0.7667, 20.1503, 19.7807, 3.8418, 0.4600, 223.33
181, 379, 112, 116, 0.6000, 10.8157, 3.7835, 10.1324, 0.1800, 99.67
181, 326, 20, 118, 0.5625, 0.9530, 0.9524, 0.0336, 0.2250, 157.50
181, 237, 9, 72, 0.5250, 40.1923, -9.5238, -39.0476, 0.3150, 167.67
181, 354, 105, 119, 0.9000, 9.9347, -8.5372, 5.0809, 0.9000, 105.71
182, 341, 17, 51, 0.8778, 0.9997, -0.9915, -0.1276, 0.7022, 209.00
182, 359, 21, 21, 1.0000, 1.2557, 1.2556, 0.0192, 1.0000, 246.77
182, 360, 70, 30, 1.0000, 1.8887, 1.7441, 0.7248, 1.0000, 236.53
182, 309, 33, 102, 0.5625, 0.9469, -0.0056, 0.9469, 0.2250, 179.00
182, 326, 21, 119, 0.6722, 1.2597, 1.0122, 0.7498, 0.3361, 160.40
182, 331, 52, 49, 0.5625, 25.0245, 16.1905, -19.0812, 0.2250, 195.00
182, 310, 130, 109, 0.5806, 2.2396, 2.2243, 0.2612, 0.3483, 97.67
182, 376, 97, 55, 0.6667, 20.1503, 19.7807, 3.8418, 0.4000, 223.33
182, 379, 116, 127, 0.5000, 10.8157, 3.7835, 10.1324, 0.1500, 99.67
183, 341, 16, 49, 0.9333, 2.0224, -1.0504, -1.7282, 0.8400, 213.11
183, 359, 23, 21, 1.0000, 1.7237, 1.7232, -0.0401, 1.0000, 247.28
183, 360, 69, 29, 1.0000, 0.4387, -0.1680, -0.4052, 1.0000, 235.28
183, 309, 33, 102, 0.6722, 0.2671, 0.0024, 0.2671, 0.3361, 176.20
183, 374, 66, 43, 0.6556, 12.2205, -6.0635, -10.6101, 0.2622, 204.00
183, 378, 90, 109, 0.6000, 21.8523, -21.7797, 1.7803, 0.1800, 106.00
183, 379, 112, 121, 0.6556, 1.1489, -0.2225, 1.1271, 0.2622, 99.25
183, 380, 4, 90, 0.7611, 1.0798, 0.7636, -0.7636, 0.3806, 171.00
183, 331, 89, 31, 0.6222, 38.2705, 33.7842, -17.9795, 0.3111, 192.60
183, 326, 22, 120, 0.5722, 1.2597, 1.0122, 0.7498, 0.2861, 160.40
184, 359, 25, 21, 1.0000, 1.9958, 1.9957, -0.0206, 1.0000, 247.50
184, 360, 72, 30, 1.0000, 1.8563, 1.8067, 0.4263, 1.0000, 233.21
184, 309, 38, 92, 0.6806, 10.2611, 4.5802, -9.1821, 0.4083, 177.00
184, 374, 64, 40, 0.7111, 4.4888, -2.2273, -3.8972, 0.3556, 204.80
184, 378, 78, 116, 0.6556, 14.3729, -12.7414, 6.6510, 0.2622, 111.00
184, 379, 112, 121, 0.7111, 0.6056, -0.2621, 0.5460, 0.3556, 103.20
184, 326, 23, 120, 0.7306, 1.1408, 1.0043, 0.5411, 0.4383, 159.67
184, 380, 4, 90, 0.8167, 0.4116, 0.2911, -0.2911, 0.4900, 171.00
184, 331, 111, 16, 0.6806, 27.9825, 23.2566, -15.5612, 0.4083, 184.67
184, 201, 2, 26, 0.5495, 9.5796, -7.6824, 5.7227, 0.5495, 218.18
185, 359, 26, 21, 1.0000, 1.3278, 1.3278, -0.0028, 1.0000, 247.92
185, 360, 66, 39, 1.0000, 9.1195, -4.1697, 8.1104, 1.0000, 231.31
185, 374, 60, 38, 0.7667, 4.3966, -3.7875, -2.2328, 0.4600, 203.33
185, 327, 76, 29, 0.5625, 44.8573, -37.4391, 24.7080, 0.2250, 171.75
185, 326, 26, 122, 0.7881, 3.0624, 2.5661, 1.6713, 0.5517, 157.86
185, 380, 4, 90, 0.8722, 0.0019, 0.0014, -0.0014, 0.6106, 171.43
185, 309, 43, 83, 0.5806, 10.2611, 4.5802, -9.1821, 0.3483, 177.00
185, 378, 66, 123, 0.5556, 14.3729, -12.7414, 6.6510, 0.2222, 111.00
186, 359, 28, 21, 1.0000, 1.6982, 1.6982, 0.0020, 1.0000, 248.08
186, 360, 66, 56, 1.0000, 15.7056, -0.7299, 15.6886, 1.0000, 230.34
186, 378, 48, 126, 0.7111, 16.1898, -15.4809, 4.7382, 0.3556, 118.20
186, 326, 26, 122, 0.8451, 0.9924, 0.8243, 0.5527, 0.6761, 157.38
186, 380, 4, 90, 0.9278, 0.0591, -0.0418, 0.0418, 0.7422, 172.25
186, 187, 34, 106, 0.5365, 0.9947, 0.2534, 0.9619, 0.5365, 172.79
186, 374, 57, 35, 0.6667, 4.3966, -3.7875, -2.2328, 0.4000, 203.33
187, 359, 30, 21, 1.0000, 1.9711, 1.9711, 0.0014, 1.0000, 248.22
187, 360, 65, 60, 1.0000, 5.8239, -1.0786, 5.7231, 1.0000, 228.97
187, 327, 15, 50, 0.6222, 30.7168, -29.4352, 8.7801, 0.3111, 177.60
187, 380, 4, 89, 0.9833, 0.7352, -0.0167, -0.7351, 0.8850, 173.22
187, 331, 113, 15, 0.8519, 0.5339, -0.5272, 0.0841, 0.7667, 170.33
187, 383, 78, 31, 0.6556, 13.5877, -13.5668, -0.7535, 0.2622, 195.38
187, 388, 93, 95, 0.6000, 23.0373, -22.8676, 2.7907, 0.1800, 108.67
187, 393, 29, 74, 0.6000, 53.8243, 12.3810, -52.3810, 0.1800, 188.33
187, 374, 53, 33, 0.5667, 4.3966, -3.7875, -2.2328, 0.3400, 203.33
187, 378, 33, 131, 0.6111, 16.1898, -15.4809, 4.7382, 0.3056, 118.20
187, 326, 27, 123, 0.7451, 0.9924, 0.8243, 0.5527, 0.5961, 157.38
188, 359, 31, 21, 1.0000, 1.3339, 1.3339, 0.0003, 1.0000, 248.55
188, 360, 76, 77, 1.0000, 17.4527, 8.9099, 15.0070, 1.0000, 226.60
188, 374, 48, 11, 0.8222, 11.2496, -4.1718, -10.4475, 0.5756, 201.14
188, 378, 16, 125, 0.7667, 16.2129, -16.1703, -1.1744, 0.4600, 123.33
188, 327, 0, 63, 0.6806, 21.2065, -16.9000, 12.8104, 0.4083, 182.33
188, 326, 28, 123, 0.9019, 0.9215, 0.8393, 0.3806, 0.8117, 157.00
188, 380, 4, 89, 1.0000, 0.3006, -0.0005, -0.3006, 1.0000, 173.20
188, 279, 31, 5, 0.5400, 4.4943, 2.6966, 3.5955, 0.2700, 219.00
188, 383, 75, 31, 0.7111, 4.2220, -4.2129, -0.2762, 0.3556, 197.10
188, 385, 112, 72, 0.6000, 26.4364, 8.0898, 25.1682, 0.1800, 138.67
188, 388, 70, 98, 0.6556, 22.8013, -22.5945, 3.0636, 0.2622, 120.50
188, 393, 37, 20, 0.6556, 54.1035, 8.6373, -53.4095, 0.2622, 193.50
189, 359, 33, 21, 1.0000, 1.6940, 1.6940, -0.0001, 1.0000, 248.66
189, 326, 29, 124, 0.9583, 1.2835, 0.9639, 0.8475, 0.9583, 157.30
189, 380, 3, 89, 1.0000, 0.7412, -0.7411, -0.0122, 1.0000, 172.91
189, 388, 59, 87, 0.7111, 15.2425, -12.1809, -9.1629, 0.3556, 130.60
189, 395, 25, 42, 0.6000, 34.3422, 19.3470, 28.3739, 0.1800, 210.67
189, 378, 0, 124, 0.6667, 16.2129, -16.1703, -1.1744, 0.4000, 123.33
189, 327, -17, 76, 0.5806, 21.2065, -16.9000, 12.8104, 0.3483, 182.33
189, 383, 71, 31, 0.6111, 4.2220, -4.2129, -0.2762, 0.3056, 197.10
189, 385, 120, 97, 0.5000, 26.4364, 8.0898, 25.1682, 0.1500, 138.67
189, 393, 45, -33, 0.5556, 54.1035, 8.6373, -53.4095, 0.2222, 193.50
190, 359, 35, 21, 1.0000, 1.9660, 1.9660, -0.0001, 1.0000, 248.72
190, 326, 33, 126, 1.0000, 3.7189, 3.2647, 1.7811, 1.0000, 156.00
190, 279, 58, 2, 0.6000, 15.1831, 15.0804, -1.7632, 0.3600, 216.83
190, 388, 50, 89, 0.7667, 9.0202, -8.9970, 0.6459, 0.4600, 137.33
190, 395, 56, 82, 0.6556, 48.7632, 29.8193, 38.5831, 0.2622, 200.50
190, 400, 27, 43, 0.6000, 32.4147, -0.1008, 32.4146, 0.1800, 207.33
190, 378, -16, 123, 0.5667, 16.2129, -16.1703, -1.1744, 0.3400, 123.33
190, 383, 67, 30, 0.5111, 4.2220, -4.2129, -0.2762, 0.2556, 197.10
191, 359, 37, 21, 1.0000, 2.0349, 2.0349, -0.0000, 1.0000, 247.98
191, 326, 33, 126, 1.0000, 1.3130, 1.1715, 0.5928, 1.0000, 154.83
191, 289, 18, 109, 0.5400, 19.7181, -11.9726, -15.6673, 0.2700, 152.00
191, 279, 78, 13, 0.6587, 21.7964, 19.6031, 9.5291, 0.4611, 214.29
191, 400, 27, 49, 0.6556, 9.5449, 0.0110, 9.5449, 0.2622, 208.25
191, 403, 86, 31, 0.6000, 38.4858, 24.7283, -29.4902, 0.1800, 190.67
191, 388, 41, 90, 0.6667, 9.0202, -8.9970, 0.6459, 0.4000, 137.33
191, 395, 86, 121, 0.5556, 48.7632, 29.8193, 38.5831, 0.2222, 200.50
192, 359, 38, 21, 1.0000, 1.3369, 1.3369, 0.0000, 1.0000, 248.18
192, 326, 33, 126, 1.0000, 0.0259, -0.0094, -0.0242, 1.0000, 154.23
192, 279, 89, 29, 0.7167, 19.0482, 11.3298, 15.3124, 0.5733, 209.00
192, 383, 63, 31, 0.7667, 2.7130, -2.7107, 0.1114, 0.4600, 198.92
192, 400, 20, 67, 0.7111, 17.9120, -6.0913, 16.8444, 0.3556, 205.00
192, 402, 115, 108, 0.6000, 10.0395, 9.9158, -1.5712, 0.1800, 99.33
192, 403, 111, 2, 0.5000, 38.4858, 24.7283, -29.4902, 0.1500, 190.67
193, 306, 98, 112, 0.5625, 56.2439, 56.1689, 2.9022, 0.2250, 141.50
193, 359, 40, 21, 1.0000, 1.6703, 1.6703, 0.0000, 1.0000, 248.44
193, 289, 16, 65, 0.6000, 23.1585, 0.4886, -23.1534, 0.3600, 159.00
193, 279, 89, 32, 0.7741, 4.5339, 1.4026, 4.3115, 0.6967, 205.33
193, 383, 33, 44, 0.8222, 31.6318, -28.9963, 12.6408, 0.5756, 201.93
193, 326, 33, 126, 0.9000, 0.0259, -0.0094, -0.0242, 0.9000, 154.23
193, 400, 14, 83, 0.6111, 17.9120, -6.0913, 16.8444, 0.3056, 205.00
193, 402, 125, 106, 0.5000, 10.0395, 9.9158, -1.5712, 0.1500, 99.33
194, 359, 42, 22, 1.0000, 2.0652, 1.9508, 0.6776, 1.0000, 248.69
194, 326, 35, 127, 1.0000, 1.0634, 0.9517, 0.4745, 1.0000, 153.64
194, 289, 23, 48, 0.6587, 18.2616, 6.2604, -17.1549, 0.4611, 164.86
194, 279, 86, 34, 0.8311, 3.6634, -2.7202, 2.4538, 0.8311, 204.40
194, 402, 119, 108, 0.6556, 0.6986, 0.6813, 0.1549, 0.2622, 96.00
194, 411, 55, 65, 0.6000, 1.4184, -1.0196, 0.9860, 0.1800, 216.33
195, 359, 43, 22, 1.0000, 1.4003, 1.3588, 0.3382, 1.0000, 248.32
195, 326, 23, 126, 1.0000, 10.1611, -10.1437, -0.5951, 1.0000, 154.13
195, 392, 43, 101, 0.6000, 42.9470, 36.1562, -23.1770, 0.1800, 161.00
195, 402, 104, 99, 0.7111, 16.0769, -13.6573, -8.4820, 0.3556, 98.40
195, 411, 53, 66, 0.7056, 2.0270, -1.7583, 1.0085, 0.2822, 217.50
195, 289, 29, 31, 0.5587, 18.2616, 6.2604, -17.1549, 0.3911, 164.86
196, 359, 45, 22, 1.0000, 1.6858, 1.6850, 0.0526, 1.0000, 248.55
196, 375, 12, 50, 0.6000, 12.5373, 0.0058, 12.5373, 0.1800, 221.00
196, 392, 69, 83, 0.6556, 32.2245, 26.5864, -18.2094, 0.2622, 162.00
196, 402, 100, 96, 0.7667, 5.4469, -4.4195, -3.1838, 0.4600, 100.67
196, 407, 12, 34, 0.6000, 24.2028, 0.1001, 24.2026, 0.1800, 228.67
196, 411, 52, 67, 0.7611, 1.6237, -1.2754, 1.0049, 0.3806, 216.60
196, 362, 31, 48, 0.5625, 0.9866, 0.9860, 0.0336, 0.2250, 231.50
197, 359, 47, 22, 1.0000, 1.9522, 1.9520, -0.0326, 1.0000, 248.77
197, 389, 121, 108, 0.6000, 6.0395, 3.7708, -4.7177, 0.1800, 84.67
197, 208, 24, 24, 0.5143, 12.6656, 12.5340, -1.8207, 0.3600, 209.00
197, 407, 2, 49, 0.6556, 18.5538, -8.3891, 16.5489, 0.2622, 230.50
197, 411, 50, 68, 0.8167, 2.0237, -1.7590, 1.0006, 0.4900, 221.83
197, 362, 15, 37, 0.6222, 17.1392, -14.0616, -9.7992, 0.3111, 228.40
197, 375, 12, 62, 0.5000, 12.5373, 0.0058, 12.5373, 0.1500, 221.00
197, 392, 95, 65, 0.5556, 32.2245, 26.5864, -18.2094, 0.2222, 162.00
197, 402, 96, 93, 0.6667, 5.4469, -4.4195, -3.1838, 0.4000, 100.67
198, 359, 49, 22, 1.0000, 2.0312, 2.0310, -0.0261, 1.0000, 248.90
198, 375, 32, 74, 0.6556, 16.6223, 11.2949, 12.1954, 0.2622, 215.00
198, 208, 36, 27, 0.5722, 12.5425, 12.2920, 2.4941, 0.4578, 211.00
198, 406, 16, 6, 0.6000, 11.0235, -9.0615, 6.2776, 0.1800, 216.33
198, 407, 1, 51, 0.7111, 4.3565, -2.3478, 3.6697, 0.3556, 233.60
198, 411, 49, 69, 0.8722, 1.6020, -1.2520, 0.9995, 0.6106, 218.71
198, 362, 12, 27, 0.6806, 10.4052, -3.7546, -9.7042, 0.4083, 224.67
198, 389, 125, 104, 0.5000, 6.0395, 3.7708, -4.7177, 0.1500, 84.67
199, 359, 51, 22, 1.0000, 2.0247, 2.0247, -0.0078, 1.0000, 249.09
199, 375, 53, 93, 0.7111, 27.3314, 20.2957, 18.3054, 0.3556, 206.40
199, 208, 37, 28, 0.6296, 2.4163, 2.1191, 1.1609, 0.5667, 211.33
199, 406, 10, 31, 0.6556, 23.2365, -5.8050, 22.4997, 0.2622, 224.50
199, 411, 47, 70, 0.9278, 2.0100, -1.7437, 0.9997, 0.7422, 219.25
199, 362, 9, 23, 0.7381, 5.5783, -3.2054, -4.5654, 0.5167, 222.29
199, 364, 78, 45, 0.5625, 53.0776, 23.4706, -47.6064, 0.2250, 180.00
199, 407, -1, 55, 0.6111, 4.3565, -2.3478, 3.6697, 0.3056, 233.60
200, 359, 53, 22, 1.0000, 2.0074, 2.0074, 0.0006, 1.0000, 249.27
200, 382, 64, 37, 0.6000, 23.7760, -14.2699, 19.0177, 0.1800, 184.00
200, 208, 36, 28, 0.6867, 0.9867, -0.9835, 0.0793, 0.6867, 212.30
200, 406, 11, 48, 0.7111, 17.3948, -0.1833, 17.3938, 0.3556, 220.00
200, 362, 5, 13, 0.7951, 10.2042, -3.7325, -9.4971, 0.6361, 222.12
200, 364, 98, 3, 0.6222, 47.4626, 20.7824, -42.6708, 0.3111, 177.60
200, 417, 79, 33, 0.7667, 7.5289, -6.8800, 3.0578, 0.4600, 173.50
200, 420, 99, 65, 0.6000, 2.0099, 1.7977, -0.8989, 0.1800, 156.00
200, 421, 126, 3, 0.6000, 27.6343, 27.6190, -0.9188, 0.1800, 154.33
200, 411, 45, 71, 0.8278, 2.0100, -1.7437, 0.9997, 0.6622, 219.25
201, 359, 54, 22, 1.0000, 1.3497, 1.3497, 0.0017, 1.0000, 249.29
201, 382, 35, 52, 0.6556, 30.6790, -26.6719, 15.1595, 0.2622, 191.25
201, 389, 126, 109, 0.6556, 1.6471, 0.6295, 1.5220, 0.2622, 85.25
201, 208, 35, 28, 0.7434, 0.6980, -0.6841, -0.1388, 0.7434, 212.82
201, 362, 4, 11, 0.8519, 3.1124, -0.9580, -2.9613, 0.7667, 223.56
201, 414, 9, 32, 0.6000, 5.3246, 2.7370, 4.5673, 0.1800, 212.33
201, 424, 89, 11, 0.6000, 19.1195, 2.0056, -19.0140, 0.1800, 169.33
201, 406, 11, 65, 0.6111, 17.3948, -0.1833, 17.3938, 0.3056, 220.00
201, 411, 44, 72, 0.7278, 2.0100, -1.7437, 0.9997, 0.5822, 219.25
201, 364, 119, -40, 0.5222, 47.4626, 20.7824, -42.6708, 0.2611, 177.60
201, 417, 72, 36, 0.6667, 7.5289, -6.8800, 3.0578, 0.4000, 173.50
201, 420, 101, 64, 0.5000, 2.0099, 1.7977, -0.8989, 0.1500, 156.00
201, 421, 154, 2, 0.5000, 27.6343, 27.6190, -0.9188, 0.1500, 154.33
202, 359, 56, 22, 1.0000, 1.6494, 1.6494, 0.0008, 1.0000, 249.46
202, 382, 3, 53, 0.7111, 31.7305, -31.5796, 3.0910, 0.3556, 193.20
202, 394, 19, 4, 0.6000, 1.3343, 0.9473, -0.9397, 0.1800, 225.00
202, 406, 5, 97, 0.7667, 26.0215, -3.2572, 25.8168, 0.4600, 211.00
202, 411, 43, 73, 0.9833, 1.6244, -1.2800, 1.0001, 0.8850, 217.11
202, 362, 6, 11, 0.9083, 0.9763, 0.9426, 0.2545, 0.9083, 224.40
202, 414, 9, 32, 0.6556, 1.0305, 0.8267, 0.6153, 0.2622, 215.12
202, 417, 78, 55, 0.8222, 12.1381, 0.5272, 12.1266, 0.5756, 176.29
202, 366, 110, 115, 0.5625, 0.9548, 0.0672, 0.9524, 0.2250, 102.62
202, 389, 127, 110, 0.5556, 1.6471, 0.6295, 1.5220, 0.2222, 85.25
202, 424, 91, -8, 0.5000, 19.1195, 2.0056, -19.0140, 0.1500, 169.33
203, 359, 58, 22, 1.0000, 1.9297, 1.9297, 0.0001, 1.0000, 249.56
203, 389, 115, 117, 0.7111, 7.5513, -6.1816, 4.3370, 0.3556, 85.20
203, 394, 33, 0, 0.6556, 12.7930, 12.3614, -3.2949, 0.2622, 224.25
203, 404, 41, 76, 0.6000, 36.3686, 6.6004, -35.7646, 0.1800, 166.33
203, 411, 25, 53, 0.9889, 24.8432, -16.9842, -18.1307, 0.9889, 213.60
203, 362, 7, 12, 0.9646, 1.3701, 1.2637, 0.5293, 0.9646, 224.18
203, 414, 10, 30, 0.7611, 1.3393, 0.7075, -1.1372, 0.3806, 220.90
203, 415, 50, 97, 0.6000, 16.8837, 8.2995, -14.7029, 0.1800, 155.67
203, 417, 71, 68, 0.8778, 14.1136, -6.4593, 12.5487, 0.7022, 177.62
203, 366, 111, 115, 0.6722, 0.7897, 0.7462, 0.2587, 0.3361, 103.30
203, 371, 3, 54, 0.5625, 55.0515, -23.8980, -49.5939, 0.2250, 170.50
203, 382, -29, 56, 0.6111, 31.7305, -31.5796, 3.0910, 0.3056, 193.20
204, 359, 60, 22, 1.0000, 2.0267, 2.0267, -0.0001, 1.0000, 249.70
204, 394, 51, 14, 0.7111, 21.0558, 17.3782, 11.8888, 0.3556, 220.60
204, 404, 38, 38, 0.6556, 37.5084, -1.1461, -37.4909, 0.2622, 174.50
204, 355, 99, 8, 0.5625, 0.9092, -0.0090, 0.9091, 0.2250, 150.50
204, 362, 8, 13, 1.0000, 1.4468, 1.1091, 0.9290, 1.0000, 223.83
204, 414, 9, 29, 0.8167, 1.4271, -0.6150, -1.2878, 0.4900, 219.58
204, 415, 61, 94, 0.6556, 10.9837, 10.0592, -4.4107, 0.2622, 157.75
204, 420, 114, 74, 0.6556, 5.3318, 4.3399, 3.0974, 0.2622, 142.75
204, 424, 69, -1, 0.6556, 8.4512, -8.4431, -0.3713, 0.2622, 175.25
204, 366, 113, 115, 0.7306, 1.7921, 1.7918, -0.0291, 0.4383, 101.25
204, 371, 7, 7, 0.6222, 47.7267, -0.1193, -47.7265, 0.3111, 179.20
204, 425, 34, 50, 0.6000, 46.4634, 7.1575, 45.9088, 0.1800, 213.67
204, 389, 109, 121, 0.6111, 7.5513, -6.1816, 4.3370, 0.3056, 85.20
205, 359, 61, 21, 1.0000, 1.5313, 1.3937, -0.6342, 1.0000, 248.79
205, 394, 65, 23, 0.7667, 17.6095, 14.7625, 9.6001, 0.4600, 212.83
205, 296, 39, 110, 0.5400, 56.3931, -37.9322, 41.7292, 0.2700, 216.00
205, 355, 99, 8, 0.6722, 0.2809, 0.0038, 0.2809, 0.3361, 154.00
205, 414, 9, 28, 0.8722, 1.1410, -0.3378, -1.0899, 0.6106, 222.64
205, 321, 84, 40, 0.5400, 12.9264, 12.8935, 0.9210, 0.2700, 234.00
205, 366, 115, 116, 0.7881, 2.2217, 2.1033, 0.7157, 0.5517, 98.64
205, 425, 42, 85, 0.6556, 36.7901, 7.5248, 36.0123, 0.2622, 203.75
205, 431, 93, 10, 0.6000, 0.9524, 0.9524, 0.0000, 0.1800, 167.33
205, 389, 103, 126, 0.5111, 7.5513, -6.1816, 4.3370, 0.2556, 85.20
205, 404, 37, 1, 0.5556, 37.5084, -1.1461, -37.4909, 0.2222, 174.50
205, 415, 71, 90, 0.5556, 10.9837, 10.0592, -4.4107, 0.2222, 157.75
205, 420, 118, 77, 0.5556, 5.3318, 4.3399, 3.0974, 0.2222, 142.75
205, 424, 61, -1, 0.5556, 8.4512, -8.4431, -0.3713, 0.2222, 175.25
205, 371, 7, -41, 0.5222, 47.7267, -0.1193, -47.7265, 0.2611, 179.20
206, 359, 64, 22, 1.0000, 2.3033, 2.2867, 0.2761, 1.0000, 248.95
206, 389, 115, 121, 0.7667, 1.4539, 1.2723, 0.7037, 0.4600, 85.00
206, 414, 9, 27, 0.9278, 0.9931, -0.0393, -0.9924, 0.7422, 223.31
206, 415, 73, 82, 0.7111, 8.5205, 5.7399, -6.2969, 0.3556, 160.60
206, 321, 109, 34, 0.6000, 24.1144, 23.5822, -5.0383, 0.3600, 214.67
206, 366, 115, 116, 0.8451, 0.6163, 0.5493, 0.2794, 0.6761, 101.69
206, 425, 41, 124, 0.7111, 38.5096, 0.3047, 38.5084, 0.3556, 197.10
206, 431, 82, 2, 0.6556, 11.7022, -9.5369, -6.7815, 0.2622, 170.25
206, 355, 99, 8, 0.5722, 0.2809, 0.0038, 0.2809, 0.2861, 154.00
207, 359, 66, 21, 1.0000, 2.3038, 2.2770, -0.3501, 1.0000, 248.35
207, 414, 10, 26, 0.9833, 1.2670, 0.7982, -0.9840, 0.8850, 223.50
207, 420, 116, 97, 0.7111, 8.6053, -0.0361, 8.6053, 0.3556, 132.40
207, 366, 117, 116, 0.9019, 1.4200, 1.4200, 0.0047, 0.8117, 101.50
207, 415, 79, 76, 0.6111, 8.5205, 5.7399, -6.2969, 0.3056, 160.60
207, 321, 133, 29, 0.5000, 24.1144, 23.5822, -5.0383, 0.3000, 214.67
207, 425, 42, 162, 0.6111, 38.5096, 0.3047, 38.5084, 0.3056, 197.10
207, 431, 72, -5, 0.5556, 11.7022, -9.5369, -6.7815, 0.2222, 170.25
208, 359, 68, 21, 1.0000, 2.1178, 2.1027, -0.2522, 1.0000, 248.51
208, 414, 11, 15, 0.9889, 10.2188, 1.0746, -10.1622, 0.9889, 221.85
208, 415, 79, 45, 0.7667, 20.6769, 2.5126, -20.5236, 0.4600, 165.83
208, 420, 118, 98, 0.7667, 2.2929, 1.5156, 1.7206, 0.4600, 124.83
208, 366, 118, 116, 0.9583, 1.2326, 1.2320, -0.0391, 0.9583, 101.35
208, 425, 42, 201, 0.5111, 38.5096, 0.3047, 38.5084, 0.2556, 197.10
209, 359, 70, 22, 1.0000, 2.0773, 2.0055, 0.5415, 1.0000, 248.57
209, 355, 100, 12, 0.7306, 1.2223, 0.3238, 1.1786, 0.4383, 154.00
209, 377, 9, 50, 0.5625, 14.9836, -14.5253, -3.6771, 0.2250, 198.00
209, 428, 17, 26, 0.6000, 0.8575, 0.0333, 0.8568, 0.1800, 203.00
209, 333, 32, 80, 0.5400, 1.4184, -1.0196, 0.9860, 0.2700, 199.40
209, 414, 12, 5, 0.8889, 10.2188, 1.0746, -10.1622, 0.8889, 221.85
209, 420, 119, 100, 0.6667, 2.2929, 1.5156, 1.7206, 0.4000, 124.83
209, 366, 119, 116, 0.8583, 1.2326, 1.2320, -0.0391, 0.8583, 101.35
210, 359, 72, 22, 1.0000, 2.0161, 1.9832, 0.3631, 1.0000, 248.72
210, 355, 101, 13, 0.7881, 1.3792, 0.8988, 1.0461, 0.5517, 153.86
210, 414, 6, 5, 1.0000, 5.1731, -2.8482, -4.3184, 1.0000, 221.32
210, 366, 121, 117, 1.0000, 1.6001, 1.5044, 0.5450, 1.0000, 104.41
210, 428, 14, 17, 0.6556, 8.6252, -3.0543, -8.0663, 0.2622, 205.50
210, 333, 30, 81, 0.6500, 2.0270, -1.7583, 1.0085, 0.3900, 200.00
210, 442, 101, 110, 0.6000, 36.0735, 34.0304, 11.9678, 0.1800, 138.67
210, 282, 40, 110, 0.5250, 44.9237, 38.0952, 23.8095, 0.3150, 176.50
211, 359, 74, 21, 1.0000, 2.0522, 1.9891, -0.5050, 1.0000, 248.07
211, 366, 122, 117, 1.0000, 1.1489, 1.1370, 0.1651, 1.0000, 105.04
211, 377, 9, 50, 0.6222, 1.6244, 1.6167, 0.1576, 0.3111, 202.80
211, 428, 13, 14, 0.7111, 3.1085, -0.3675, -3.0867, 0.3556, 206.40
211, 441, 40, 61, 0.6000, 1.3894, 0.9656, 0.9990, 0.1800, 210.50
211, 355, 102, 14, 0.6881, 1.3792, 0.8988, 1.0461, 0.4817, 153.86
211, 414, 3, 0, 0.9000, 5.1731, -2.8482, -4.3184, 0.9000, 221.32
211, 333, 28, 82, 0.5500, 2.0270, -1.7583, 1.0085, 0.3300, 200.00
211, 442, 135, 122, 0.5000, 36.0735, 34.0304, 11.9678, 0.1500, 138.67
212, 359, 76, 21, 1.0000, 2.0309, 1.9969, -0.3700, 1.0000, 248.16
212, 405, 20, 39, 0.6000, 36.8546, -9.6190, 35.5772, 0.1800, 201.67
212, 366, 123, 117, 1.0000, 0.9813, 0.9812, -0.0134, 1.0000, 104.96
212, 372, 39, 69, 0.5625, 12.7522, 10.3154, 7.4974, 0.2250, 202.00
212, 377, 10, 50, 0.6806, 1.2340, 1.2107, 0.2388, 0.4083, 206.00
212, 428, 14, 14, 0.7667, 0.3051, 0.3051, -0.0015, 0.4600, 209.50
212, 333, 27, 83, 0.7087, 1.8388, -1.5423, 1.0012, 0.4961, 199.43
212, 441, 40, 62, 0.7056, 1.0352, 0.2540, 1.0036, 0.2822, 209.38
212, 282, 93, 128, 0.5841, 26.2171, 25.2083, 7.2027, 0.4089, 165.29
212, 355, 103, 15, 0.5881, 1.3792, 0.8988, 1.0461, 0.4117, 153.86
212, 414, 1, -4, 0.8000, 5.1731, -2.8482, -4.3184, 0.8000, 221.32
213, 359, 78, 21, 1.0000, 2.0039, 2.0003, -0.1198, 1.0000, 248.26
213, 401, 112, 111, 0.6000, 24.7203, 21.2802, 12.5796, 0.1800, 115.67
213, 405, 8, 71, 0.6556, 35.1380, -11.6874, 33.1374, 0.2622, 196.25
213, 355, 101, 15, 0.8451, 0.5992, -0.1594, 0.5776, 0.6761, 153.62
213, 366, 123, 117, 1.0000, 0.2397, 0.2378, -0.0297, 1.0000, 103.82
213, 377, 11, 50, 0.7381, 0.9943, 0.9920, 0.0669, 0.5167, 208.71
213, 428, 15, 15, 0.8222, 1.0362, 0.9339, 0.4489, 0.5756, 211.57
213, 333, 34, 82, 0.7167, 6.7464, 6.7227, -0.5658, 0.5733, 197.38
213, 441, 41, 63, 0.7611, 1.2387, 0.7291, 1.0015, 0.3806, 207.90
213, 282, 125, 120, 0.6424, 32.0719, 31.4269, -6.4002, 0.5139, 155.25
213, 446, 102, 62, 0.6000, 16.1624, -11.4286, -11.4286, 0.1800, 118.00
213, 414, -2, -8, 0.7000, 5.1731, -2.8482, -4.3184, 0.7000, 221.32
214, 359, 80, 21, 1.0000, 2.0008, 2.0008, 0.0023, 1.0000, 247.91
214, 401, 127, 119, 0.6556, 17.8098, 15.5543, 8.6748, 0.2622, 110.00
214, 355, 111, 36, 0.8519, 21.7340, 9.6309, 19.4836, 0.7667, 151.89
214, 366, 124, 113, 1.0000, 3.7274, 0.6811, -3.6647, 1.0000, 101.70
214, 377, 11, 51, 0.7951, 0.7874, 0.1948, 0.7630, 0.6361, 210.75
214, 441, 41, 64, 0.8167, 1.0287, 0.2411, 1.0000, 0.4900, 206.75
214, 446, 89, 38, 0.6556, 26.1051, -12.8997, -22.6953, 0.2622, 127.00
214, 405, -3, 105, 0.5556, 35.1380, -11.6874, 33.1374, 0.2222, 196.25
214, 414, -5, -13, 0.6000, 5.1731, -2.8482, -4.3184, 0.6000, 221.32
214, 282, 156, 114, 0.5424, 32.0719, 31.4269, -6.4002, 0.4339, 155.25
215, 359, 83, 22, 1.0000, 2.6699, 2.5965, 0.6217, 1.0000, 248.00
215, 401, 129, 119, 0.7111, 4.0195, 3.7082, 1.5509, 0.3556, 115.00
215, 377, 11, 51, 0.8519, 0.2821, -0.0717, 0.2729, 0.7667, 211.39
215, 441, 41, 65, 0.8722, 0.9999, -0.0129, 0.9998, 0.6106, 206.21
215, 414, -8, -17, 0.5000, 5.1731, -2.8482, -4.3184, 0.5000, 221.32
215, 366, 125, 109, 0.9000, 3.7274, 0.6811, -3.6647, 0.9000, 101.70
215, 446, 76, 15, 0.5556, 26.1051, -12.8997, -22.6953, 0.2222, 127.00
216, 359, 85, 21, 1.0000, 2.3742, 2.3647, -0.2126, 1.0000, 248.08
216, 426, 46, 21, 0.6000, 28.9177, 28.5246, 4.7516, 0.1800, 216.67
216, 377, 22, 48, 0.9083, 10.4814, 10.0109, -3.1053, 0.9083, 210.55
216, 381, 107, 33, 0.5625, 7.7019, 6.7734, -3.6662, 0.2250, 164.25
216, 399, 75, 124, 0.5625, 3.0117, -0.9524, -2.8571, 0.2250, 136.75
216, 401, 133, 121, 0.6111, 4.0195, 3.7082, 1.5509, 0.3056, 115.00
216, 366, 125, 105, 0.8000, 3.7274, 0.6811, -3.6647, 0.8000, 101.70
216, 441, 41, 66, 0.7722, 0.9999, -0.0129, 0.9998, 0.5406, 206.21
217, 359, 87, 21, 1.0000, 2.1183, 2.1024, -0.2589, 1.0000, 248.16
217, 365, 12, 52, 0.5625, 12.1978, 8.6279, 8.6224, 0.2250, 209.75
217, 366, 116, 107, 1.0000, 3.6846, -3.3406, -1.5545, 1.0000, 101.31
217, 426, 94, 40, 0.6556, 48.9185, 45.7924, 17.2069, 0.2622, 205.00
217, 377, 25, 47, 0.9646, 3.8836, 3.6990, -1.1832, 0.9646, 209.32
217, 381, 118, 41, 0.6222, 13.0269, 11.0056, 6.9697, 0.3111, 161.60
217, 399, 75, 123, 0.6722, 1.5513, -0.2587, -1.5295, 0.3361, 136.80
217, 441, 41, 67, 0.6722, 0.9999, -0.0129, 0.9998, 0.4706, 206.21
218, 359, 89, 21, 1.0000, 1.9916, 1.9882, -0.1170, 1.0000, 247.91
218, 365, 3, 82, 0.6222, 28.1021, -6.6827, 27.2960, 0.3111, 203.80
218, 426, 125, 38, 0.7111, 32.1604, 32.1585, 0.3445, 0.3556, 188.40
218, 381, 122, 44, 0.6806, 5.6152, 4.6790, 3.1044, 0.4083, 158.83
218, 399, 75, 122, 0.7306, 0.9530, 0.0291, -0.9525, 0.4383, 138.33
218, 396, 32, 113, 0.5625, 16.1905, 16.1905, 0.0000, 0.2250, 166.50
218, 377, 29, 45, 0.8646, 3.8836, 3.6990, -1.1832, 0.8646, 209.32
218, 441, 41, 68, 0.5722, 0.9999, -0.0129, 0.9998, 0.4006, 206.21
219, 359, 100, 18, 1.0000, 8.6870, 8.3647, -2.3443, 1.0000, 246.03
219, 365, -1, 108, 0.6806, 26.6658, -3.5584, 26.4273, 0.4083, 199.42
219, 441, 44, 67, 0.9278, 1.0207, 0.9575, 0.3537, 0.7422, 206.44
219, 381, 124, 44, 0.7381, 1.9919, 1.7473, 0.9564, 0.5167, 159.57
219, 399, 74, 120, 0.7881, 1.8162, -0.7157, -1.6692, 0.5517, 141.29
219, 426, 157, 39, 0.6111, 32.1604, 32.1585, 0.3445, 0.3056, 188.40
219, 377, 33, 44, 0.7646, 3.8836, 3.6990, -1.1832, 0.7646, 209.32
220, 359, 103, 17, 1.0000, 5.0872, 4.8737, -1.4584, 1.0000, 244.37
220, 427, 22, 19, 0.6000, 52.9316, 3.8448, -52.7918, 0.1800, 207.00
220, 377, 40, 43, 1.0000, 5.3831, 5.2424, -1.2228, 1.0000, 208.71
220, 439, 12, 24, 0.6000, 52.8132, 9.4352, -51.9636, 0.1800, 204.67
220, 441, 46, 68, 0.9833, 2.0397, 1.8416, 0.8768, 0.8850, 205.72
220, 381, 126, 49, 0.7951, 5.0406, 2.2773, 4.4968, 0.6361, 158.38
220, 399, 74, 119, 0.8451, 1.2947, -0.2794, -1.2642, 0.6761, 143.50
220, 396, 78, 101, 0.6222, 24.6801, 23.8183, -6.4649, 0.3111, 161.60
221, 359, 103, 16, 1.0000, 1.2529, 0.7469, -1.0059, 1.0000, 242.44
221, 441, 47, 68, 1.0000, 1.3381, 1.3091, 0.2772, 1.0000, 206.05
221, 399, 74, 116, 0.9019, 2.5175, -0.0047, -2.5175, 0.8117, 142.56
221, 409, 11, 55, 0.5625, 0.9524, 0.0000, 0.9524, 0.2250, 239.25
221, 453, 7, 74, 0.6000, 11.6528, 6.6667, -9.5574, 0.1800, 184.00
221, 427, 26, -34, 0.5000, 52.9316, 3.8448, -52.7918, 0.1500, 207.00
221, 377, 45, 42, 0.9000, 5.3831, 5.2424, -1.2228, 0.9000, 208.71
221, 439, 22, -28, 0.5000, 52.8132, 9.4352, -51.9636, 0.1500, 204.67
221, 381, 128, 54, 0.6951, 5.0406, 2.2773, 4.4968, 0.5561, 158.38
221, 396, 102, 95, 0.5222, 24.6801, 23.8183, -6.4649, 0.2611, 161.60
222, 359, 103, 21, 1.0000, 3.7504, 0.5847, 3.7045, 1.0000, 240.99
222, 377, 65, 54, 1.0000, 14.7911, 13.3865, 6.2911, 1.0000, 208.65
222, 399, 74, 116, 0.9583, 0.8098, 0.0391, -0.8089, 0.9583, 145.30
222, 409, 11, 55, 0.6722, 0.2587, 0.0000, 0.2587, 0.3361, 234.40
222, 455, 98, 22, 0.6000, 2.0056, 2.0056, 0.0000, 0.1800, 252.33
222, 456, 126, 44, 0.6000, 31.6851, 22.9580, 21.8375, 0.1800, 162.33
222, 457, 83, 48, 0.6000, 16.1905, -14.2857, 7.6190, 0.1800, 174.00
222, 441, 48, 68, 0.9000, 1.3381, 1.3091, 0.2772, 0.9000, 206.05
222, 381, 130, 58, 0.5951, 5.0406, 2.2773, 4.4968, 0.4761, 158.38
222, 453, 13, 65, 0.5000, 11.6528, 6.6667, -9.5574, 0.1500, 184.00
223, 359, 104, 24, 1.0000, 3.2538, 0.7892, 3.1566, 1.0000, 239.31
223, 365, 3, 113, 0.8519, 1.2074, 1.2048, -0.0782, 0.7667, 197.39
223, 441, 50, 69, 1.0000, 1.5332, 1.4629, 0.4590, 1.0000, 206.41
223, 386, 87, 95, 0.5625, 21.7603, 11.1745, 18.6719, 0.2250, 173.75
223, 399, 74, 114, 1.0000, 1.4464, 0.0164, -1.4463, 1.0000, 144.18
223, 409, 10, 55, 0.7306, 0.7641, -0.7636, -0.0291, 0.4383, 228.92
223, 453, 33, 68, 0.6556, 13.8668, 13.6104, -2.6544, 0.2622, 187.00
223, 455, 100, 22, 0.7056, 2.0133, 2.0133, 0.0000, 0.2822, 252.50
223, 457, 64, 49, 0.6556, 19.0629, -18.9503, 2.0694, 0.2622, 181.25
223, 456, 149, 66, 0.5000, 31.6851, 22.9580, 21.8375, 0.1500, 162.33
224, 435, 5, 92, 0.6000, 7.9147, -7.6795, 1.9149, 0.1800, 175.00
224, 441, 33, 70, 1.0000, 14.7720, -14.7458, 0.8786, 1.0000, 205.21
224, 444, 56, 115, 0.6000, 27.3717, -9.5069, 25.6676, 0.1800, 153.67
224, 386, 86, 103, 0.6222, 9.9788, 0.2382, 9.9760, 0.3111, 164.20
224, 399, 77, 115, 1.0000, 2.4531, 2.2308, 1.0203, 1.0000, 142.83
224, 409, 9, 56, 0.7881, 1.2753, -1.0555, 0.7157, 0.5517, 226.43
224, 453, 43, 61, 0.7111, 12.8939, 11.1444, -6.4850, 0.3556, 191.00
224, 455, 102, 22, 0.7611, 2.0042, 2.0042, 0.0000, 0.3806, 252.60
224, 457, 60, 48, 0.7111, 5.0925, -5.0872, -0.2325, 0.3556, 187.00
224, 460, 24, 8, 0.6000, 11.8998, 1.0304, -11.8551, 0.1800, 223.67
224, 461, 16, 21, 0.7056, 0.7498, 0.7498, 0.0000, 0.2822, 240.25
224, 413, 47, 122, 0.5625, 0.0000, 0.0000, 0.0000, 0.2250, 167.50
224, 359, 105, 27, 0.9000, 3.2538, 0.7892, 3.1566, 0.9000, 239.31
225, 432, 123, 37, 0.6000, 18.4921, 18.2649, -2.8896, 0.1800, 133.67
225, 435, 0, 110, 0.6556, 16.6976, -5.8849, 15.6262, 0.2622, 169.50
225, 437, 75, 111, 0.6000, 1.3584, 0.9639, -0.9571, 0.1800, 158.00
225, 397, 52, 72, 0.5625, 40.5572, 10.0953, -39.2807, 0.2250, 162.50
225, 409, 10, 56, 0.8451, 0.5425, 0.4650, 0.2794, 0.6761, 222.94
225, 455, 105, 22, 0.8167, 2.7641, 2.7641, 0.0000, 0.4900, 253.00
225, 457, 62, 48, 0.7667, 0.9088, 0.8209, -0.3900, 0.4600, 189.17
225, 460, 31, 3, 0.6556, 8.5350, 6.2975, -5.7609, 0.2622, 218.50
225, 461, 17, 21, 0.7611, 1.0340, 1.0340, 0.0000, 0.3806, 238.00
225, 413, 55, 117, 0.6222, 8.1504, 6.7815, -4.5210, 0.3111, 162.40
225, 359, 106, 31, 0.8000, 3.2538, 0.7892, 3.1566, 0.8000, 239.31
225, 444, 47, 140, 0.5000, 27.3717, -9.5069, 25.6676, 0.1500, 153.67
225, 386, 86, 113, 0.5222, 9.9788, 0.2382, 9.9760, 0.2611, 164.20
225, 399, 79, 117, 0.9000, 2.4531, 2.2308, 1.0203, 0.9000, 142.83
225, 453, 55, 54, 0.6111, 12.8939, 11.1444, -6.4850, 0.3056, 191.00
226, 359, 107, 40, 1.0000, 5.6277, 1.0548, 5.5280, 1.0000, 237.66
226, 429, 101, 27, 1.0000, 12.2891, 11.9625, -2.8147, 1.0000, 173.83
226, 437, 76, 107, 0.7056, 4.1645, 1.0169, -4.0384, 0.2822, 152.50
226, 444, 51, 125, 0.6556, 2.9549, -1.6629, 2.4426, 0.2622, 153.50
226, 386, 74, 111, 0.6806, 7.0598, -6.5828, 2.5509, 0.4083, 161.50
226, 397, 84, 30, 0.6222, 50.5619, 28.8528, -41.5213, 0.3111, 165.00
226, 455, 107, 22, 0.8722, 2.2932, 2.2932, 0.0000, 0.6106, 253.29
226, 461, 18, 20, 0.8167, 1.2983, 1.0494, -0.7644, 0.4900, 235.00
226, 413, 57, 115, 0.6806, 2.9871, 2.4854, -1.6569, 0.4083, 159.00
226, 432, 142, 34, 0.5000, 18.4921, 18.2649, -2.8896, 0.1500, 133.67
226, 435, -6, 125, 0.5556, 16.6976, -5.8849, 15.6262, 0.2222, 169.50
226, 399, 81, 118, 0.8000, 2.4531, 2.2308, 1.0203, 0.8000, 142.83
226, 457, 63, 48, 0.6667, 0.9088, 0.8209, -0.3900, 0.4000, 189.17
226, 460, 37, -3, 0.5556, 8.5350, 6.2975, -5.7609, 0.2222, 218.50
227, 429, 106, 26, 1.0000, 5.6473, 5.6127, -0.6239, 1.0000, 173.17
227, 435, 8, 123, 0.7111, 7.7352, 5.7614, 5.1614, 0.3556, 175.80
227, 437, 90, 96, 0.7111, 15.8205, 12.4596, -9.7491, 0.3556, 146.80
227, 444, 41, 121, 0.7111, 9.8493, -9.3626, -3.0578, 0.3556, 152.00
227, 455, 109, 22, 0.9278, 2.0031, 2.0031, 0.0000, 0.7422, 253.25
227, 461, 18, 20, 0.8722, 0.3883, 0.2538, -0.2939, 0.6106, 237.43
227, 463, 2, 19, 0.6000, 39.5840, -39.5742, 0.8801, 0.1800, 219.00
227, 359, 108, 45, 0.9000, 5.6277, 1.0548, 5.5280, 0.9000, 237.66
227, 399, 83, 119, 0.7000, 2.4531, 2.2308, 1.0203, 0.7000, 142.83
227, 397, 113, -11, 0.5222, 50.5619, 28.8528, -41.5213, 0.2611, 165.00
227, 413, 59, 114, 0.5806, 2.9871, 2.4854, -1.6569, 0.3483, 159.00
228, 359, 99, 77, 1.0000, 19.6854, -4.3311, 19.2030, 1.0000, 235.92
228, 429, 106, 28, 1.0000, 1.6418, 1.4044, 0.8504, 1.0000, 172.32
228, 437, 97, 89, 0.7667, 10.8721, 7.6601, -7.7152, 0.4600, 143.83
228, 455, 112, 22, 0.9833, 2.7099, 2.7099, 0.0000, 0.8850, 253.22
228, 461, 19, 20, 0.9278, 0.7022, 0.7022, -0.0033, 0.7422, 239.62
228, 413, 75, 106, 0.7381, 11.5068, 10.3391, -5.0505, 0.5167, 157.14
228, 464, 43, 18, 0.6000, 5.4316, 0.0751, 5.4311, 0.1800, 200.33
228, 367, 23, 19, 0.5400, 0.0000, 0.0000, 0.0000, 0.2700, 231.60
228, 399, 85, 120, 0.6000, 2.4531, 2.2308, 1.0203, 0.6000, 142.83
228, 463, -37, 20, 0.5000, 39.5840, -39.5742, 0.8801, 0.1500, 219.00
229, 399, 95, 119, 1.0000, 4.2096, 4.1671, 0.5961, 1.0000, 140.15
229, 455, 114, 22, 1.0000, 2.2839, 2.2839, 0.0000, 1.0000, 253.20
229, 462, 4, 18, 0.6000, 20.4270, -12.6172, 16.0646, 0.1800, 232.00
229, 367, 21, 19, 0.6500, 1.5070, -1.5070, 0.0000, 0.3900, 231.67
229, 423, 58, 70, 0.5625, 0.9860, 0.9860, 0.0000, 0.2250, 192.75
229, 429, 107, 28, 0.9000, 1.6418, 1.4044, 0.8504, 0.9000, 172.32
229, 437, 105, 81, 0.6667, 10.8721, 7.6601, -7.7152, 0.4000, 143.83
229, 461, 20, 20, 0.8278, 0.7022, 0.7022, -0.0033, 0.6622, 239.62
229, 464, 43, 23, 0.5000, 5.4316, 0.0751, 5.4311, 0.1500, 200.33
230, 455, 117, 22, 1.0000, 2.7526, 2.7526, 0.0000, 1.0000, 253.36
230, 461, 21, 19, 0.9833, 1.1938, 1.0764, -0.5163, 0.8850, 239.22
230, 367, 7, 20, 0.6587, 12.7921, -12.7693, 0.7636, 0.4611, 233.71
230, 423, 59, 70, 0.6722, 1.0085, 1.0085, 0.0000, 0.3361, 194.80
230, 467, 43, 105, 0.6000, 37.8085, 27.6863, 25.7479, 0.1800, 174.83
230, 429, 109, 29, 0.8000, 1.6418, 1.4044, 0.8504, 0.8000, 172.32
230, 399, 99, 120, 0.9000, 4.2096, 4.1671, 0.5961, 0.9000, 140.15
230, 462, -9, 35, 0.5000, 20.4270, -12.6172, 16.0646, 0.1500, 232.00
231, 429, 112, 19, 1.0000, 4.1713, 2.1008, -3.6037, 1.0000, 171.00
231, 349, 46, 59, 0.5400, 25.8478, -21.6504, 14.1198, 0.2700, 202.80
231, 455, 119, 22, 1.0000, 2.2669, 2.2669, 0.0000, 1.0000, 253.50
231, 461, 22, 19, 1.0000, 1.0507, 1.0398, -0.1513, 1.0000, 240.50
231, 464, 30, 23, 0.7056, 5.3765, -5.2750, 1.0394, 0.2822, 197.25
231, 423, 61, 71, 0.7306, 1.9263, 1.7685, 0.7636, 0.4383, 194.83
231, 399, 103, 120, 0.8000, 4.2096, 4.1671, 0.5961, 0.8000, 140.15
231, 367, -6, 21, 0.5587, 12.7921, -12.7693, 0.7636, 0.3911, 233.71
231, 467, 71, 131, 0.5000, 37.8085, 27.6863, 25.7479, 0.1500, 174.83
232, 399, 103, 113, 1.0000, 3.4481, 2.4157, -2.4604, 1.0000, 136.93
232, 349, 20, 80, 0.6000, 32.6668, -25.8773, 19.9370, 0.3600, 199.50
232, 455, 121, 22, 1.0000, 1.9969, 1.9969, 0.0000, 1.0000, 253.46
232, 461, 22, 19, 1.0000, 0.2572, 0.2568, 0.0148, 1.0000, 240.59
232, 464, 9, 11, 0.7111, 23.6353, -20.7211, -11.3693, 0.3556, 202.00
232, 467, 77, 102, 0.6556, 16.2888, 15.5735, -4.7741, 0.2622, 167.88
232, 429, 114, 16, 0.9000, 4.1713, 2.1008, -3.6037, 0.9000, 171.00
232, 423, 63, 72, 0.6306, 1.9263, 1.7685, 0.7636, 0.3783, 194.83
233, 399, 118, 115, 1.0000, 13.9775, 13.8655, 1.7659, 1.0000, 133.13
233, 349, 1, 91, 0.6587, 23.2084, -19.6519, 12.3463, 0.4611, 201.86
233, 455, 124, 22, 1.0000, 2.6886, 2.6886, 0.0000, 1.0000, 253.43
233, 461, 22, 19, 1.0000, 0.0544, -0.0466, 0.0280, 1.0000, 240.79
233, 467, 78, 99, 0.7111, 4.3681, 2.7032, -3.4312, 0.3556, 166.50
233, 471, 11, 21, 0.6000, 1.9720, 1.9720, 0.0000, 0.1800, 253.33
233, 429, 116, 12, 0.8000, 4.1713, 2.1008, -3.6037, 0.8000, 171.00
233, 464, -12, 0, 0.6111, 23.6353, -20.7211, -11.3693, 0.3056, 202.00
233, 423, 64, 72, 0.5306, 1.9263, 1.7685, 0.7636, 0.3183, 194.83
234, 387, 22, 12, 0.5625, 28.4665, 11.5590, -26.0141, 0.2250, 209.00
234, 349, -2, 92, 0.7167, 4.8352, -4.4867, 1.8022, 0.5733, 200.62
234, 455, 126, 23, 1.0000, 2.4075, 2.2952, 0.7266, 1.0000, 253.33
234, 461, 22, 19, 1.0000, 0.0592, -0.0584, 0.0094, 1.0000, 240.54
234, 471, 13, 21, 0.7056, 2.0170, 2.0170, 0.0000, 0.2822, 253.75
234, 436, 10, 62, 0.5625, 37.1140, -18.1961, -32.3473, 0.2250, 182.25
234, 473, 96, 42, 0.6000, 19.0757, -18.9804, 1.9048, 0.1800, 141.00
234, 429, 118, 8, 0.7000, 4.1713, 2.1008, -3.6037, 0.7000, 171.00
235, 349, -1, 91, 0.7741, 1.2254, 0.4411, -1.1433, 0.6967, 199.67
235, 461, 22, 19, 1.0000, 0.0175, -0.0175, -0.0003, 1.0000, 240.11
235, 471, 15, 21, 0.7611, 2.0099, 2.0099, 0.0000, 0.3806, 253.20
235, 436, 2, 11, 0.6222, 49.4999, -8.6714, -48.7345, 0.3111, 188.60
235, 440, 87, 30, 0.5625, 0.0000, 0.0000, 0.0000, 0.2250, 173.25
235, 429, 120, 5, 0.6000, 4.1713, 2.1008, -3.6037, 0.6000, 171.00
235, 455, 128, 24, 0.9000, 2.4075, 2.2952, 0.7266, 0.9000, 253.33
235, 473, 77, 44, 0.5000, 19.0757, -18.9804, 1.9048, 0.1500, 141.00
236, 429, 119, 4, 1.0000, 3.1250, 1.2043, -2.8837, 1.0000, 169.74
236, 461, 22, 19, 1.0000, 0.0022, 0.0015, -0.0016, 1.0000, 240.97
236, 423, 67, 72, 0.7881, 1.0493, 1.0481, 0.0500, 0.5517, 194.00
236, 307, 9, 64, 0.5250, 19.9721, 5.5114, -19.1966, 0.3150, 183.50
236, 471, 17, 21, 0.8167, 2.0013, 2.0013, 0.0000, 0.4900, 253.33
236, 473, 76, 32, 0.6556, 10.4973, -8.5859, -6.0395, 0.2622, 147.75
236, 440, 87, 30, 0.6722, 0.0000, 0.0000, 0.0000, 0.3361, 173.20
236, 455, 131, 24, 0.8000, 2.4075, 2.2952, 0.7266, 0.8000, 253.33
236, 436, -6, -38, 0.5222, 49.4999, -8.6714, -48.7345, 0.2611, 188.60
237, 461, 21, 20, 1.0000, 1.0189, -0.7191, 0.7219, 1.0000, 241.28
237, 418, 108, 91, 0.5625, 52.9921, -10.3898, 51.9636, 0.2250, 116.25
237, 419, 107, 37, 0.5625, 19.7034, -19.6808, -0.9436, 0.2250, 128.75
237, 423, 68, 72, 0.8451, 0.9970, 0.9970, -0.0027, 0.6761, 193.75
237, 307, 10, 61, 0.5841, 5.3059, 1.6474, -5.0437, 0.4089, 191.71
237, 440, 87, 30, 0.7306, 0.0000, 0.0000, 0.0000, 0.4383, 173.33
237, 477, 7, 7, 0.6000, 12.4143, -11.5851, 4.4609, 0.1800, 206.67
237, 481, 101, 106, 0.6000, 12.3711, -6.6331, -10.4426, 0.1800, 94.00
237, 429, 120, 1, 0.9000, 3.1250, 1.2043, -2.8837, 0.9000, 169.74
237, 455, 133, 25, 0.7000, 2.4075, 2.2952, 0.7266, 0.7000, 253.33
237, 471, 19, 21, 0.7167, 2.0013, 2.0013, 0.0000, 0.4300, 253.33
237, 473, 68, 25, 0.5556, 10.4973, -8.5859, -6.0395, 0.2222, 147.75
238, 423, 69, 73, 0.9019, 1.2463, 0.9943, 0.7513, 0.8117, 192.89
238, 307, 10, 63, 0.6424, 1.5641, 0.6465, 1.4243, 0.5139, 195.38
238, 471, 22, 20, 0.8722, 2.6085, 2.5497, -0.5507, 0.6106, 251.71
238, 440, 87, 30, 0.7881, 0.0000, 0.0000, 0.0000, 0.5517, 173.57
238, 481, 102, 105, 0.6556, 2.8657, -0.3074, -2.8491, 0.2622, 97.25
238, 429, 121, -2, 0.8000, 3.1250, 1.2043, -2.8837, 0.8000, 169.74
238, 455, 135, 26, 0.6000, 2.4075, 2.2952, 0.7266, 0.6000, 253.33
238, 461, 20, 21, 0.9000, 1.0189, -0.7191, 0.7219, 0.9000, 241.28
238, 477, -5, 11, 0.5000, 12.4143, -11.5851, 4.4609, 0.1500, 206.67
239, 461, 18, 20, 1.0000, 1.6402, -1.6399, 0.0338, 1.0000, 239.21
239, 307, 10, 64, 0.7000, 1.2786, 0.0064, 1.2786, 0.6300, 199.67
239, 471, 24, 21, 0.9278, 2.2424, 2.1553, 0.6188, 0.7422, 251.62
239, 440, 87, 30, 0.8451, 0.0000, 0.0000, 0.0000, 0.6761, 173.88
239, 481, 104, 105, 0.7111, 1.5458, 1.5135, 0.3139, 0.3556, 99.60
239, 429, 123, -5, 0.7000, 3.1250, 1.2043, -2.8837, 0.7000, 169.74
239, 455, 138, 26, 0.5000, 2.4075, 2.2952, 0.7266, 0.5000, 253.33
239, 423, 70, 74, 0.8019, 1.2463, 0.9943, 0.7513, 0.7217, 192.89
240, 454, 51, 117, 0.6000, 40.1291, 28.8501, 27.8930, 0.1800, 171.00
240, 307, 10, 65, 0.7572, 1.0459, -0.0928, 1.0418, 0.7572, 201.70
240, 471, 26, 21, 0.9833, 2.0071, 1.9819, 0.3172, 0.8850, 250.61
240, 472, 23, 46, 0.6000, 45.0366, -4.5573, 44.8054, 0.1800, 226.00
240, 474, 121, 39, 0.6000, 13.0576, 11.8436, -5.4981, 0.1800, 136.00
240, 440, 87, 30, 0.9019, 0.0000, 0.0000, 0.0000, 0.8117, 174.00
240, 477, 0, 1, 0.6556, 3.2250, -0.4099, -3.1989, 0.2622, 212.00
240, 372, 63, 113, 0.5143, 11.9214, 11.0576, -4.4552, 0.3600, 149.57
240, 429, 124, -8, 0.6000, 3.1250, 1.2043, -2.8837, 0.6000, 169.74
240, 423, 71, 74, 0.7019, 1.2463, 0.9943, 0.7513, 0.6317, 192.89
240, 481, 105, 106, 0.6111, 1.5458, 1.5135, 0.3139, 0.3056, 99.60
241, 307, 11, 66, 0.8141, 1.2236, 0.7392, 0.9751, 0.8141, 203.36
241, 471, 29, 21, 1.0000, 2.7178, 2.7175, 0.0372, 1.0000, 251.05
241, 440, 87, 30, 0.9583, 0.0000, 0.0000, 0.0000, 0.9583, 174.00
241, 481, 107, 107, 0.7667, 1.8932, 1.6903, 0.8527, 0.4600, 99.67
241, 485, 22, 17, 0.6000, 0.9530, 0.0336, -0.9524, 0.1800, 233.89
241, 429, 125, -10, 0.5000, 3.1250, 1.2043, -2.8837, 0.5000, 169.74
241, 454, 80, 145, 0.5000, 40.1291, 28.8501, 27.8930, 0.1500, 171.00
241, 423, 72, 75, 0.6019, 1.2463, 0.9943, 0.7513, 0.5417, 192.89
241, 472, 19, 91, 0.5000, 45.0366, -4.5573, 44.8054, 0.1500, 226.00
241, 474, 133, 34, 0.5000, 13.0576, 11.8436, -5.4981, 0.1500, 136.00
241, 477, -1, -2, 0.5556, 3.2250, -0.4099, -3.1989, 0.2222, 212.00
242, 430, 124, 39, 0.5625, 21.8340, 21.6748, 2.6323, 0.2250, 166.75
242, 471, 31, 21, 1.0000, 2.2941, 2.2938, -0.0322, 1.0000, 251.41
242, 440, 87, 30, 1.0000, 0.0000, 0.0000, 0.0000, 1.0000, 173.91
242, 481, 108, 107, 0.8222, 1.1800, 1.1601, 0.2160, 0.5756, 103.29
242, 438, 39, 117, 0.5625, 3.3995, -1.0750, -3.2250, 0.2250, 134.75
242, 485, 23, 18, 0.7056, 0.8984, 0.7498, 0.4948, 0.2822, 233.29
242, 486, 2, 53, 0.6000, 15.5736, -7.1688, 13.8256, 0.1800, 219.00
242, 423, 73, 76, 0.5019, 1.2463, 0.9943, 0.7513, 0.4517, 192.89
242, 307, 12, 67, 0.7141, 1.2236, 0.7392, 0.9751, 0.7141, 203.36
243, 451, 62, 108, 0.6000, 42.6549, 42.6109, -1.9369, 0.1800, 150.00
243, 423, 74, 74, 0.9583, 1.0032, 1.0017, 0.0539, 0.9583, 192.45
243, 307, 11, 66, 0.8708, 0.1169, 0.0020, -0.1168, 0.8708, 203.71
243, 430, 129, 39, 0.6222, 5.9978, 5.9652, 0.6249, 0.3111, 158.20
243, 471, 33, 21, 1.0000, 2.0129, 2.0128, -0.0189, 1.0000, 251.29
243, 474, 124, 19, 0.6556, 7.1993, -1.2668, -7.0870, 0.2622, 132.25
243, 440, 87, 30, 1.0000, 0.0000, 0.0000, 0.0000, 1.0000, 173.83
243, 481, 110, 108, 0.8778, 1.8771, 1.7301, 0.7281, 0.7022, 103.75
243, 485, 24, 17, 0.7611, 1.1310, 1.0340, -0.4584, 0.3806, 230.13
243, 486, -5, 67, 0.5000, 15.5736, -7.1688, 13.8256, 0.1500, 219.00
244, 451, 115, 95, 0.6556, 53.5192, 52.1955, -11.8296, 0.2622, 135.25
244, 423, 69, 63, 0.9646, 11.2976, -4.9288, -10.1658, 0.9646, 190.95
244, 307, 5, 56, 0.9274, 11.1276, -5.6002, -9.6156, 0.9274, 205.19
244, 430, 128, 39, 0.6806, 0.1475, -0.0547, -0.1370, 0.4083, 153.67
244, 471, 36, 21, 1.0000, 2.6956, 2.6956, -0.0030, 1.0000, 251.27
244, 474, 124, 18, 0.7111, 1.4841, -0.6202, -1.3483, 0.3556, 130.80
244, 440, 87, 30, 1.0000, 0.0000, 0.0000, 0.0000, 1.0000, 173.69
244, 481, 111, 108, 0.9333, 1.2768, 1.2532, 0.2445, 0.8400, 104.22
244, 438, 38, 116, 0.6722, 0.5275, -0.4583, -0.2611, 0.3361, 138.60
244, 372, 68, 88, 0.5722, 7.0049, -1.4288, -6.8576, 0.4578, 153.75
244, 485, 23, 17, 0.8167, 0.5393, -0.4795, -0.2468, 0.4900, 230.53
244, 486, 11, 68, 0.6556, 8.9609, 6.3359, 6.3368, 0.2622, 219.75
245, 459, 3, 13, 0.6000, 13.4498, -12.5532, -4.8284, 0.1800, 212.67
245, 430, 127, 39, 0.7381, 0.8688, -0.8575, -0.1393, 0.5167, 148.29
245, 471, 38, 21, 1.0000, 2.2920, 2.2920, 0.0016, 1.0000, 251.39
245, 440, 87, 30, 1.0000, 0.0000, 0.0000, 0.0000, 1.0000, 173.64
245, 481, 113, 108, 0.9889, 1.7543, 1.7542, -0.0127, 0.9889, 104.50
245, 483, 12, 71, 0.6000, 53.0081, 7.3569, -52.4951, 0.1800, 164.50
245, 372, 67, 86, 0.6296, 2.3578, -1.3032, -1.9649, 0.5667, 156.67
245, 485, 25, 17, 0.8722, 1.1868, 1.1865, -0.0285, 0.6106, 232.10
245, 451, 168, 83, 0.5556, 53.5192, 52.1955, -11.8296, 0.2222, 135.25
245, 438, 37, 116, 0.5722, 0.5275, -0.4583, -0.2611, 0.2861, 138.60
245, 486, 17, 74, 0.5556, 8.9609, 6.3359, 6.3368, 0.2222, 219.75
246, 471, 41, 20, 1.0000, 2.8383, 2.7440, -0.7255, 1.0000, 251.50
246, 440, 87, 30, 1.0000, 0.0000, 0.0000, 0.0000, 1.0000, 173.67
246, 481, 114, 108, 1.0000, 1.2518, 1.2511, -0.0405, 1.0000, 104.45
246, 483, 28, 29, 0.6556, 46.0416, 14.3475, -43.7491, 0.2622, 177.88
246, 485, 26, 17, 0.9278, 1.2880, 1.2878, 0.0248, 0.7422, 234.96
246, 447, 124, 90, 0.5625, 48.5284, 16.1905, 45.7479, 0.2250, 132.00
246, 459, -9, 8, 0.5000, 13.4498, -12.5532, -4.8284, 0.1500, 212.67
246, 430, 126, 39, 0.6381, 0.8688, -0.8575, -0.1393, 0.4467, 148.29
247, 471, 43, 20, 1.0000, 2.2987, 2.2770, -0.3148, 1.0000, 251.72
247, 358, 73, 88, 0.5400, 46.6240, -46.4702, -3.7843, 0.2700, 82.20
247, 475, 0, 57, 0.6000, 20.0019, -1.8921, -19.9122, 0.1800, 185.67
247, 440, 87, 30, 1.0000, 0.0000, 0.0000, 0.0000, 1.0000, 173.69
247, 481, 115, 109, 1.0000, 1.2389, 0.9859, 0.7503, 1.0000, 105.42
247, 485, 27, 16, 0.9833, 1.3132, 1.0863, -0.7378, 0.8850, 233.96
247, 448, 74, 49, 0.5625, 13.3214, -12.7728, 3.7835, 0.2250, 197.50
247, 488, 31, 18, 0.6000, 48.0457, 30.4762, -37.1429, 0.1800, 194.00
247, 483, 42, -15, 0.5556, 46.0416, 14.3475, -43.7491, 0.2222, 177.88
248, 471, 45, 20, 1.0000, 2.0046, 2.0045, -0.0240, 1.0000, 251.91
248, 358, 44, 101, 0.6000, 33.6126, -32.0058, 10.2684, 0.3600, 95.67
248, 475, 9, 36, 0.6556, 22.1511, 7.7807, -20.7397, 0.2622, 189.25
248, 440, 87, 30, 1.0000, 0.0000, 0.0000, 0.0000, 1.0000, 173.76
248, 481, 117, 109, 1.0000, 1.7466, 1.7219, 0.2925, 1.0000, 106.23
248, 438, 26, 114, 0.7306, 3.7586, -3.7248, -0.5030, 0.4383, 141.17
248, 485, 27, 16, 1.0000, 0.3863, 0.2444, -0.2992, 1.0000, 233.87
248, 448, 58, 47, 0.6222, 15.9189, -15.8713, -1.2304, 0.3111, 199.60
248, 488, 61, -19, 0.5000, 48.0457, 30.4762, -37.1429, 0.1500, 194.00
249, 468, 122, 90, 0.6000, 43.4934, 41.3586, 13.4588, 0.1800, 148.67
249, 471, 48, 20, 1.0000, 2.6725, 2.6722, 0.0393, 1.0000, 251.97
249, 475, 23, 18, 0.7111, 22.2076, 13.0166, -17.9929, 0.3556, 192.60
249, 440, 87, 30, 1.0000, 0.0000, 0.0000, 0.0000, 1.0000, 173.78
249, 481, 118, 109, 1.0000, 1.2778, 1.2778, 0.0023, 1.0000, 108.00
249, 438, 4, 89, 0.7381, 31.5174, -20.8442, -23.6404, 0.5167, 145.71
249, 485, 28, 16, 1.0000, 0.6804, 0.6803, -0.0113, 1.0000, 234.92
249, 384, 85, 44, 0.5400, 26.2029, 25.1948, 7.1985, 0.2700, 191.80
249, 358, 12, 111, 0.5000, 33.6126, -32.0058, 10.2684, 0.3000, 95.67
249, 448, 42, 46, 0.5222, 15.9189, -15.8713, -1.2304, 0.2611, 199.60
250, 429, 117, 0, 1.0000, 0.9628, -0.6570, 0.7037, 1.0000, 168.11
250, 471, 51, 20, 1.0000, 3.0120, 3.0119, 0.0215, 1.0000, 251.32
250, 475, 35, 1, 0.7667, 21.4351, 12.2382, -17.5980, 0.4600, 196.00
250, 440, 87, 30, 1.0000, 0.0000, 0.0000, 0.0000, 1.0000, 173.79
250, 481, 120, 109, 1.0000, 1.7629, 1.7624, -0.0416, 1.0000, 108.80
250, 485, 28, 16, 1.0000, 0.2465, 0.2431, 0.0405, 1.0000, 236.14
250, 487, 19, 47, 0.6000, 14.0120, -0.9551, -13.9794, 0.1800, 197.67
250, 384, 110, 49, 0.6000, 25.8411, 25.2977, 5.2715, 0.3600, 182.83
250, 448, 24, 49, 0.6806, 16.9123, -16.8615, 1.3095, 0.4083, 199.67
250, 468, 164, 104, 0.5000, 43.4934, 41.3586, 13.4588, 0.1500, 148.67
251, 429, 88, 4, 1.0000, 28.0677, -27.8274, 3.6646, 1.0000, 168.21
251, 471, 53, 20, 1.0000, 2.3524, 2.3524, 0.0035, 1.0000, 249.42
251, 440, 87, 30, 1.0000, 0.0000, 0.0000, 0.0000, 1.0000, 173.85
251, 481, 121, 110, 1.0000, 1.4580, 1.2566, 0.7394, 1.0000, 109.56
251, 443, 63, 104, 0.5625, 51.2247, 51.1899, 1.8879, 0.2250, 154.50
251, 398, 81, 2, 0.5400, 51.1431, -44.9653, -24.3667, 0.2700, 138.60
251, 485, 29, 15, 1.0000, 1.0249, 0.7329, -0.7164, 1.0000, 236.67
251, 487, 27, 20, 0.6556, 26.1380, 6.5584, -25.3019, 0.2622, 206.25
251, 448, 3, 74, 0.7381, 31.2014, -20.9404, 23.1307, 0.5167, 196.14
251, 494, 31, 106, 0.6000, 54.1234, 23.8095, 48.6050, 0.1800, 183.00
251, 475, 47, -17, 0.6667, 21.4351, 12.2382, -17.5980, 0.4000, 196.00
251, 384, 135, 55, 0.5000, 25.8411, 25.2977, 5.2715, 0.3000, 182.83
252, 471, 55, 20, 1.0000, 1.9976, 1.9976, -0.0019, 1.0000, 249.09
252, 440, 87, 30, 1.0000, 0.0000, 0.0000, 0.0000, 1.0000, 173.95
252, 481, 123, 110, 1.0000, 1.7666, 1.7412, 0.2982, 1.0000, 109.59
252, 443, 111, 116, 0.6222, 48.8326, 47.7192, 10.3685, 0.3111, 141.00
252, 485, 29, 17, 1.0000, 1.9031, 0.2724, 1.8835, 1.0000, 237.98
252, 487, 30, 11, 0.7111, 11.2784, 4.0589, -10.5227, 0.3556, 216.00
252, 452, 75, 8, 0.5625, 16.4458, -16.2360, -2.6187, 0.2250, 158.75
252, 475, 60, -34, 0.5667, 21.4351, 12.2382, -17.5980, 0.3400, 196.00
252, 494, 55, 155, 0.5000, 54.1234, 23.8095, 48.6050, 0.1500, 183.00
253, 471, 56, 20, 1.0000, 1.2431, 1.2431, -0.0015, 1.0000, 247.84
253, 440, 87, 30, 1.0000, 0.0000, 0.0000, 0.0000, 1.0000, 174.00
253, 481, 124, 110, 1.0000, 1.2589, 1.2589, 0.0099, 1.0000, 110.28
253, 485, 29, 19, 1.0000, 1.6438, 0.0032, 1.6438, 1.0000, 236.94
253, 487, 32, 12, 0.7667, 1.3947, 1.3564, -0.3249, 0.4600, 222.50
253, 452, 57, 33, 0.6222, 29.1205, -17.9829, 22.9045, 0.3111, 166.00
253, 493, 18, 49, 0.6000, 12.0013, 8.9553, -7.9896, 0.1800, 196.00
253, 310, 111, 114, 0.5495, 21.3668, -11.3477, 18.1044, 0.5495, 85.82
253, 501, 1, 85, 0.6000, 0.8059, 0.8050, -0.0376, 0.1800, 179.33
253, 443, 158, 126, 0.5222, 48.8326, 47.7192, 10.3685, 0.2611, 141.00
254, 471, 60, 20, 1.0000, 3.0307, 3.0307, -0.0004, 1.0000, 248.15
254, 440, 87, 30, 1.0000, 0.0000, 0.0000, 0.0000, 1.0000, 173.96
254, 485, 39, 23, 1.0000, 9.2414, 8.6288, 3.3087, 1.0000, 234.95
254, 487, 31, 13, 0.8222, 0.6614, -0.0899, 0.6552, 0.5756, 226.29
254, 452, 30, 54, 0.6806, 34.0714, -26.6926, 21.1747, 0.4083, 168.67
254, 491, 10, 58, 0.6000, 1.3473, -0.9420, -0.9632, 0.1800, 203.67
254, 493, 34, 47, 0.6556, 15.1207, 14.9124, -2.5008, 0.2622, 197.25
254, 501, 1, 85, 0.7056, 0.2942, 0.2940, 0.0090, 0.2822, 184.50
254, 505, 62, 46, 0.6000, 10.6479, 10.4762, -1.9048, 0.1800, 220.67
254, 481, 125, 110, 0.9000, 1.2589, 1.2589, 0.0099, 0.9000, 110.28
255, 471, 62, 19, 1.0000, 2.7078, 2.6186, -0.6896, 1.0000, 246.77
255, 440, 87, 30, 1.0000, 0.0000, 0.0000, 0.0000, 1.0000, 173.88
255, 481, 127, 111, 1.0000, 1.5555, 1.4687, 0.5122, 1.0000, 110.16
255, 485, 56, 23, 1.0000, 16.0411, 16.0345, 0.4625, 1.0000, 234.77
255, 408, 29, 20, 0.5400, 0.0333, 0.0000, -0.0333, 0.2700, 205.80
255, 491, 5, 39, 0.6556, 17.6655, -4.8277, -16.9930, 0.2622, 203.00
255, 493, 58, 31, 0.7111, 27.4570, 23.3993, -14.3653, 0.3556, 198.33
255, 496, 18, 12, 0.6000, 9.2588, -4.5580, 8.0592, 0.1800, 212.67
255, 501, 0, 98, 0.7111, 11.4840, -0.7611, 11.4588, 0.3556, 182.40
255, 505, 69, 29, 0.6556, 16.9110, 8.1200, -14.8340, 0.2622, 215.25
256, 471, 65, 19, 1.0000, 2.8303, 2.8106, -0.3329, 1.0000, 247.02
256, 440, 87, 30, 1.0000, 0.0000, 0.0000, 0.0000, 1.0000, 173.76
256, 481, 127, 122, 1.0000, 9.9832, 0.3717, 9.9763, 1.0000, 108.40
256, 485, 60, 23, 1.0000, 5.6546, 5.6407, 0.3970, 1.0000, 233.65
256, 408, 29, 21, 0.6500, 0.7733, 0.0000, 0.7733, 0.3900, 212.00
256, 491, 2, 29, 0.7111, 11.1850, -3.1834, -10.7224, 0.3556, 202.40
256, 496, 16, 30, 0.6556, 16.4514, -2.8833, 16.1968, 0.2622, 210.00
256, 501, 5, 111, 0.7667, 13.4653, 4.2531, 12.7760, 0.4600, 178.67
256, 493, 82, 17, 0.6111, 27.4570, 23.3993, -14.3653, 0.3056, 198.33
256, 505, 78, 14, 0.5556, 16.9110, 8.1200, -14.8340, 0.2222, 215.25
257, 471, 68, 19, 1.0000, 2.9727, 2.9724, -0.0454, 1.0000, 247.06
257, 485, 61, 23, 1.0000, 1.3598, 1.3561, 0.1000, 1.0000, 233.14
257, 410, 13, 76, 0.5400, 17.2372, 6.5796, 15.9321, 0.2700, 190.80
257, 408, 23, 32, 0.6587, 11.5202, -5.3405, 10.2076, 0.4611, 212.43
257, 491, 6, 21, 0.7667, 8.4070, 3.3110, -7.7276, 0.4600, 203.17
257, 496, 22, 63, 0.7111, 32.1202, 5.6423, 31.6207, 0.3556, 206.80
257, 497, 5, 30, 0.6000, 46.6752, -40.7724, 22.7198, 0.1800, 227.50
257, 501, 24, 126, 0.8222, 22.9678, 17.0122, 15.4306, 0.5756, 178.57
257, 515, 45, 90, 0.6000, 32.3919, -15.4884, 28.4490, 0.1800, 177.33
257, 261, 3, 102, 0.5062, 23.8185, -20.9524, -11.3277, 0.4050, 139.75
257, 440, 87, 30, 0.9000, 0.0000, 0.0000, 0.0000, 0.9000, 173.76
257, 481, 128, 132, 0.9000, 9.9832, 0.3717, 9.9763, 0.9000, 108.40
258, 471, 71, 19, 1.0000, 3.0190, 3.0188, 0.0346, 1.0000, 247.28
258, 485, 61, 24, 1.0000, 0.8163, 0.4161, 0.7023, 1.0000, 233.68
258, 410, 11, 83, 0.6000, 8.3965, -0.3859, 8.3877, 0.3600, 194.50
258, 408, 11, 35, 0.7167, 11.8296, -11.2091, 3.7810, 0.5733, 211.00
258, 491, 17, 3, 0.8222, 20.1607, 10.1307, -17.4305, 0.5756, 207.19
258, 496, 45, 92, 0.7667, 35.6006, 20.9157, 28.8086, 0.4600, 200.83
258, 501, 29, 129, 0.8778, 7.7680, 6.6410, 4.0299, 0.7022, 179.12
258, 502, 64, 75, 0.6000, 47.4151, 44.8054, -15.5135, 0.1800, 175.67
258, 505, 96, 1, 0.7111, 12.1617, 9.0400, -8.1355, 0.3556, 204.20
258, 515, 25, 115, 0.6556, 32.3824, -19.7101, 25.6931, 0.2622, 174.00
258, 261, 0, 101, 0.5630, 5.8380, -4.9374, -3.1152, 0.5067, 142.56
258, 517, 8, 61, 0.6000, 4.8300, -4.7283, 0.9860, 0.1800, 205.33
258, 440, 87, 30, 0.8000, 0.0000, 0.0000, 0.0000, 0.8000, 173.76
258, 481, 128, 142, 0.8000, 9.9832, 0.3717, 9.9763, 0.8000, 108.40
258, 497, -36, 53, 0.5000, 46.6752, -40.7724, 22.7198, 0.1500, 227.50
259, 471, 73, 19, 1.0000, 2.3407, 2.3406, 0.0251, 1.0000, 247.55
259, 440, 87, 30, 1.0000, 0.0000, 0.0000, 0.0000, 1.0000, 173.65
259, 485, 62, 24, 1.0000, 0.7469, 0.6877, 0.2914, 1.0000, 234.08
259, 501, 32, 125, 0.9333, 4.3240, 3.1103, -3.0038, 0.8400, 175.89
259, 504, 123, 125, 0.6000, 23.5142, 23.0567, 4.6157, 0.1800, 86.00
259, 261, 3, 102, 0.6194, 2.0045, 1.6790, 1.0951, 0.6194, 148.90
259, 517, 3, 81, 0.6556, 18.3004, -5.0646, 17.5856, 0.2622, 199.75
259, 520, 26, 124, 0.6000, 45.1775, 22.0626, 39.4240, 0.1800, 177.00
259, 481, 128, 152, 0.7000, 9.9832, 0.3717, 9.9763, 0.7000, 108.40
259, 410, 11, 92, 0.5000, 8.3965, -0.3859, 8.3877, 0.3000, 194.50
259, 408, 0, 39, 0.6167, 11.8296, -11.2091, 3.7810, 0.4933, 211.00
259, 491, 27, -15, 0.7222, 20.1607, 10.1307, -17.4305, 0.5056, 207.19
259, 496, 66, 120, 0.6667, 35.6006, 20.9157, 28.8086, 0.4000, 200.83
259, 502, 109, 60, 0.5000, 47.4151, 44.8054, -15.5135, 0.1500, 175.67
259, 505, 105, -7, 0.6111, 12.1617, 9.0400, -8.1355, 0.3056, 204.20
259, 515, 5, 141, 0.5556, 32.3824, -19.7101, 25.6931, 0.2222, 174.00
260, 471, 76, 19, 1.0000, 2.6640, 2.6640, 0.0066, 1.0000, 247.74
260, 440, 87, 30, 1.0000, 0.0000, 0.0000, 0.0000, 1.0000, 173.56
260, 485, 63, 26, 1.0000, 1.7447, 0.9564, 1.4591, 1.0000, 232.73
260, 410, 12, 84, 0.6587, 1.1500, 0.4899, -1.0404, 0.4611, 194.43
260, 261, 5, 103, 0.6758, 2.2954, 2.1236, 0.8712, 0.6758, 150.64
260, 517, 19, 113, 0.7111, 33.1069, 14.0300, 29.9871, 0.3556, 190.00
260, 481, 129, 162, 0.6000, 9.9832, 0.3717, 9.9763, 0.6000, 108.40
260, 408, -11, 43, 0.5167, 11.8296, -11.2091, 3.7810, 0.4133, 211.00
260, 491, 37, -32, 0.6222, 20.1607, 10.1307, -17.4305, 0.4356, 207.19
260, 501, 35, 122, 0.8333, 4.3240, 3.1103, -3.0038, 0.7500, 175.89
260, 504, 146, 129, 0.5000, 23.5142, 23.0567, 4.6157, 0.1500, 86.00
260, 505, 114, -16, 0.5111, 12.1617, 9.0400, -8.1355, 0.2556, 204.20
260, 520, 48, 164, 0.5000, 45.1775, 22.0626, 39.4240, 0.1500, 177.00
261, 471, 78, 20, 1.0000, 2.3738, 2.2788, 0.6646, 1.0000, 247.09
261, 440, 87, 30, 1.0000, 0.0000, 0.0000, 0.0000, 1.0000, 173.46
261, 485, 64, 30, 1.0000, 3.6287, 1.0307, 3.4793, 1.0000, 230.79
261, 503, 8, 32, 0.6000, 55.0691, -1.8498, -55.0380, 0.1800, 181.00
261, 261, 5, 103, 0.7319, 0.5721, 0.5478, 0.1649, 0.7319, 152.67
261, 523, 41, 2, 0.6000, 47.5696, 36.7460, -30.2093, 0.1800, 213.50
261, 481, 129, 172, 0.5000, 9.9832, 0.3717, 9.9763, 0.5000, 108.40
261, 491, 47, -49, 0.5222, 20.1607, 10.1307, -17.4305, 0.3656, 207.19
261, 517, 33, 143, 0.6111, 33.1069, 14.0300, 29.9871, 0.3056, 190.00
262, 471, 81, 20, 1.0000, 2.7094, 2.6878, 0.3414, 1.0000, 247.35
262, 440, 87, 30, 1.0000, 0.0000, 0.0000, 0.0000, 1.0000, 173.38
262, 390, 22, 71, 0.5400, 27.8395, -7.6537, -26.7668, 0.2700, 172.00
262, 261, 13, 102, 0.7880, 6.9921, 6.9401, -0.8517, 0.7880, 154.38
262, 434, 31, 86, 0.5400, 0.0000, 0.0000, 0.0000, 0.2700, 178.00
262, 527, 28, 125, 0.6000, 0.9524, 0.0000, -0.9524, 0.1800, 171.67
262, 485, 65, 33, 0.9000, 3.6287, 1.0307, 3.4793, 0.9000, 230.79
262, 503, 6, -23, 0.5000, 55.0691, -1.8498, -55.0380, 0.1500, 181.00
262, 523, 77, -28, 0.5000, 47.5696, 36.7460, -30.2093, 0.1500, 213.50
263, 471, 84, 21, 1.0000, 3.0515, 2.9661, 0.7168, 1.0000, 246.34
263, 440, 87, 30, 1.0000, 0.0000, 0.0000, 0.0000, 1.0000, 173.33
263, 390, 4, 43, 0.6000, 32.7159, -17.2234, -27.8152, 0.3600, 176.50
263, 470, 12, 108, 0.5625, 30.6682, 9.9747, 29.0007, 0.2250, 173.50
263, 518, 67, 29, 0.6000, 40.0326, -9.0679, -38.9921, 0.1800, 194.33
263, 434, 18, 110, 0.6000, 23.2734, -11.3026, 20.3446, 0.3600, 177.50
263, 527, 26, 123, 0.7056, 2.3214, -1.5070, -1.7657, 0.2822, 166.00
263, 485, 66, 37, 0.8000, 3.6287, 1.0307, 3.4793, 0.8000, 230.79
263, 261, 20, 101, 0.6880, 6.9921, 6.9401, -0.8517, 0.6880, 154.38
264, 471, 86, 21, 1.0000, 2.4055, 2.3846, 0.3158, 1.0000, 246.45
264, 440, 87, 30, 1.0000, 0.0000, 0.0000, 0.0000, 1.0000, 173.29
264, 485, 77, 56, 1.0000, 11.1511, 5.0403, 9.9469, 1.0000, 229.80
264, 470, 28, 126, 0.6222, 24.1714, 15.2201, 18.7778, 0.3111, 170.90
264, 518, 72, 10, 0.6556, 22.0751, 3.3054, -21.8262, 0.2622, 191.00
264, 390, -14, 15, 0.5000, 32.7159, -17.2234, -27.8152, 0.3000, 176.50
264, 261, 27, 100, 0.5880, 6.9921, 6.9401, -0.8517, 0.5880, 154.38
264, 434, 7, 130, 0.5000, 23.2734, -11.3026, 20.3446, 0.3000, 177.50
264, 527, 25, 121, 0.6056, 2.3214, -1.5070, -1.7657, 0.2422, 166.00
265, 471, 89, 22, 1.0000, 2.7658, 2.6790, 0.6876, 1.0000, 246.64
265, 440, 87, 30, 1.0000, 0.0000, 0.0000, 0.0000, 1.0000, 173.34
265, 485, 84, 85, 1.0000, 27.8888, 6.6824, 27.0764, 1.0000, 226.85
265, 261, 22, 115, 0.8440, 5.9349, 2.0746, 5.5605, 0.8440, 155.07
265, 470, 32, 127, 0.6806, 5.9386, 5.0615, 3.1062, 0.4083, 169.25
265, 476, 21, 16, 0.5625, 4.4774, 4.4773, -0.0269, 0.2250, 216.50
265, 527, 26, 123, 0.7611, 0.1109, 0.0170, 0.1096, 0.3806, 162.60
265, 534, 120, 126, 0.7056, 0.7498, -0.7498, 0.0000, 0.2822, 88.00
265, 419, 30, 21, 0.5143, 26.2908, -25.6426, 5.8019, 0.3600, 188.71
265, 518, 75, -12, 0.5556, 22.0751, 3.3054, -21.8262, 0.2222, 191.00
266, 471, 91, 22, 1.0000, 2.3153, 2.2943, 0.3115, 1.0000, 246.82
266, 440, 87, 30, 1.0000, 0.0000, 0.0000, 0.0000, 1.0000, 173.39
266, 449, 27, 92, 0.5625, 32.0243, 23.1180, -22.1611, 0.2250, 163.00
266, 347, 114, 66, 0.5250, 0.9435, -0.0076, 0.9435, 0.3150, 117.33
266, 476, 40, 6, 0.6222, 19.6171, 17.3677, -9.1210, 0.3111, 212.20
266, 527, 12, 108, 0.7667, 18.1178, -12.4345, -13.1772, 0.4600, 165.17
266, 479, 18, 64, 0.5625, 0.0746, -0.0334, -0.0668, 0.2250, 204.00
266, 534, 124, 125, 0.7611, 3.6286, 3.5474, -0.7636, 0.3806, 84.80
266, 419, 14, 6, 0.5722, 21.4706, -17.7946, -12.0140, 0.4578, 191.88
266, 535, 70, 27, 0.6000, 1.0202, 1.0196, 0.0336, 0.1800, 226.67
266, 537, 7, 84, 0.6000, 21.0358, -1.8711, -20.9524, 0.1800, 170.00
266, 485, 90, 112, 0.9000, 27.8888, 6.6824, 27.0764, 0.9000, 226.85
267, 471, 94, 23, 1.0000, 2.7625, 2.6764, 0.6842, 1.0000, 247.05
267, 440, 87, 30, 1.0000, 0.0000, 0.0000, 0.0000, 1.0000, 173.47
267, 485, 117, 128, 1.0000, 27.3907, 17.8566, 20.7700, 1.0000, 221.24
267, 470, 31, 123, 0.7951, 1.8987, -0.5674, -1.8119, 0.6361, 167.31
267, 479, 17, 65, 0.6722, 1.0821, -0.7496, 0.7803, 0.3361, 204.50
267, 531, 7, 42, 0.6000, 51.3262, 5.3997, -51.0414, 0.1800, 186.67
267, 482, 124, 22, 0.5625, 29.8785, 29.3667, -5.5063, 0.2250, 151.25
267, 535, 71, 28, 0.7056, 1.2538, 1.0048, 0.7498, 0.2822, 221.00
267, 536, 49, 113, 0.6000, 26.0442, -16.4061, 20.2272, 0.1800, 158.00
267, 540, 47, 69, 0.6000, 1.3708, -0.9524, -0.9860, 0.1800, 210.67
267, 541, 27, 91, 0.6000, 27.2274, 24.7283, 11.3950, 0.1800, 186.67
267, 476, 57, -4, 0.5222, 19.6171, 17.3677, -9.1210, 0.2611, 212.20
267, 534, 128, 124, 0.6611, 3.6286, 3.5474, -0.7636, 0.3306, 84.80
267, 537, 5, 63, 0.5000, 21.0358, -1.8711, -20.9524, 0.1500, 170.00
268, 471, 97, 23, 1.0000, 2.9708, 2.9539, 0.3169, 1.0000, 247.18
268, 440, 87, 30, 1.0000, 0.0000, 0.0000, 0.0000, 1.0000, 173.60
268, 479, 19, 66, 0.7306, 1.6420, 1.2539, 1.0601, 0.4383, 203.42
268, 535, 72, 28, 0.7611, 1.0352, 0.9992, 0.2704, 0.3806, 218.80
268, 536, 46, 116, 0.6556, 7.6007, -4.8336, 5.8657, 0.2622, 156.00
268, 537, 8, 37, 0.6556, 23.5436, 0.6410, -23.5349, 0.2622, 177.25
268, 540, 47, 68, 0.7056, 1.0412, -0.2587, -1.0085, 0.2822, 212.50
268, 541, 47, 105, 0.6556, 24.4600, 20.2924, 13.6569, 0.2622, 179.50
268, 531, 12, -9, 0.5000, 51.3262, 5.3997, -51.0414, 0.1500, 186.67
268, 534, 131, 124, 0.5611, 3.6286, 3.5474, -0.7636, 0.2806, 84.80
269, 471, 99, 24, 1.0000, 2.4957, 2.4009, 0.6813, 1.0000, 247.35
269, 440, 87, 30, 1.0000, 0.0000, 0.0000, 0.0000, 1.0000, 173.72
269, 509, 7, 91, 0.6000, 37.7237, -20.9236, 31.3892, 0.1800, 184.33
269, 479, 20, 66, 0.7881, 1.3827, 1.3518, 0.2906, 0.5517, 205.21
269, 535, 72, 29, 0.8167, 0.7938, 0.2346, 0.7583, 0.4900, 219.67
269, 536, 24, 116, 0.7111, 20.2327, -20.2310, 0.2605, 0.3556, 156.80
269, 537, 9, 34, 0.7111, 5.3002, 1.0562, -5.1939, 0.3556, 181.80
269, 540, 46, 67, 0.7611, 1.2447, -0.7345, -1.0049, 0.3806, 213.60
269, 541, 67, 118, 0.5556, 24.4600, 20.2924, 13.6569, 0.2222, 179.50
270, 471, 102, 24, 1.0000, 2.6933, 2.6741, 0.3207, 1.0000, 247.44
270, 440, 87, 30, 1.0000, 0.0000, 0.0000, 0.0000, 1.0000, 173.70
270, 347, 115, 71, 0.6341, 1.3879, 0.3222, 1.3499, 0.4439, 116.86
270, 479, 21, 66, 0.8451, 1.0993, 1.0985, -0.0419, 0.6761, 204.10
270, 535, 74, 29, 0.8722, 1.4877, 1.4661, 0.2524, 0.6106, 217.86
270, 544, 24, 89, 0.6000, 20.9307, 10.5770, -18.0616, 0.1800, 172.33
270, 509, -14, 122, 0.5000, 37.7237, -20.9236, 31.3892, 0.1500, 184.33
270, 540, 45, 66, 0.6611, 1.2447, -0.7345, -1.0049, 0.3306, 213.60
271, 471, 105, 25, 1.0000, 3.0076, 2.9303, 0.6776, 1.0000, 247.53
271, 440, 87, 30, 1.0000, 0.0000, 0.0000, 0.0000, 1.0000, 173.71
271, 500, 23, 62, 0.6000, 15.2098, -8.6596, -12.5040, 0.1800, 193.00
271, 507, 25, 90, 0.6000, 23.3221, -7.6644, -22.0268, 0.1800, 175.33
271, 479, 22, 67, 0.9019, 1.2087, 0.9872, 0.6974, 0.8117, 204.54
271, 535, 75, 29, 0.9278, 1.2929, 1.2929, -0.0120, 0.7422, 217.56
271, 544, 32, 75, 0.6556, 16.5361, 8.8625, -13.9606, 0.2622, 183.50
271, 347, 115, 72, 0.5341, 1.3879, 0.3222, 1.3499, 0.3739, 116.86
271, 540, 45, 65, 0.5611, 1.2447, -0.7345, -1.0049, 0.2806, 213.60
272, 471, 108, 25, 1.0000, 3.0401, 3.0228, 0.3242, 1.0000, 247.64
272, 440, 87, 30, 1.0000, 0.0000, 0.0000, 0.0000, 1.0000, 173.67
272, 347, 109, 46, 0.6424, 14.8801, -3.3442, -14.4995, 0.5139, 120.38
272, 500, 27, 44, 0.6556, 17.8904, 2.1600, -17.7595, 0.2622, 198.50
272, 507, 19, 56, 0.6556, 33.1844, -6.6458, -32.5121, 0.2622, 180.75
272, 479, 22, 67, 0.9583, 0.3628, 0.2287, 0.2816, 0.9583, 204.32
272, 535, 77, 29, 0.9833, 1.7995, 1.7990, -0.0418, 0.8850, 219.50
272, 540, 33, 76, 0.7667, 6.5261, -5.2082, 3.9324, 0.4600, 212.67
272, 544, 30, 61, 0.7111, 14.2699, -1.1818, -14.2209, 0.3556, 191.00
273, 471, 111, 25, 1.0000, 3.0271, 3.0266, 0.0553, 1.0000, 246.90
273, 440, 87, 30, 1.0000, 0.0000, 0.0000, 0.0000, 1.0000, 173.62
273, 500, 54, 26, 0.7111, 29.9471, 24.0405, -17.8573, 0.3556, 197.60
273, 507, 26, 4, 0.7111, 49.7989, 5.4269, -49.5023, 0.3556, 188.60
273, 479, 22, 68, 1.0000, 0.7590, -0.0546, 0.7571, 1.0000, 203.56
273, 529, 20, 23, 0.6000, 41.3668, 10.2344, -40.0808, 0.1800, 198.00
273, 535, 78, 30, 1.0000, 1.4719, 1.2767, 0.7326, 1.0000, 217.55
273, 552, 20, 115, 0.6000, 24.2956, 10.5098, 21.9048, 0.1800, 180.33
273, 544, 29, 47, 0.6111, 14.2699, -1.1818, -14.2209, 0.3056, 191.00
274, 471, 115, 26, 1.0000, 3.6726, 3.6259, 0.5839, 1.0000, 247.09
274, 440, 87, 30, 1.0000, 0.0000, 0.0000, 0.0000, 1.0000, 173.56
274, 479, 23, 68, 1.0000, 0.7365, 0.6870, 0.2653, 1.0000, 204.31
274, 535, 79, 39, 1.0000, 8.5384, 0.9930, 8.4805, 1.0000, 216.68
274, 536, 43, 62, 0.9889, 17.2129, 9.1105, -14.6042, 0.9889, 171.95
274, 544, 31, 21, 0.7667, 20.6489, 0.7248, -20.6361, 0.4600, 190.50
274, 552, 29, 127, 0.6556, 15.9590, 9.6233, 12.7311, 0.2622, 172.00
274, 507, 31, -45, 0.6111, 49.7989, 5.4269, -49.5023, 0.3056, 188.60
274, 529, 31, -17, 0.5000, 41.3668, 10.2344, -40.0808, 0.1500, 198.00
275, 471, 119, 25, 1.0000, 3.9821, 3.9722, -0.2804, 1.0000, 245.68
275, 440, 87, 30, 1.0000, 0.0000, 0.0000, 0.0000, 1.0000, 173.55
275, 466, 10, 80, 0.5625, 40.4361, -1.9279, 40.3901, 0.2250, 195.88
275, 479, 24, 69, 1.0000, 1.2650, 1.0301, 0.7343, 1.0000, 207.51
275, 553, 15, 94, 0.6000, 39.2839, -36.8211, -13.6905, 0.1800, 162.33
275, 554, 124, 118, 0.6000, 42.6248, 7.6190, 41.9384, 0.1800, 100.33
275, 555, 127, 125, 0.6000, 12.7063, 2.8571, 12.3810, 0.1800, 71.33
275, 535, 80, 48, 0.9000, 8.5384, 0.9930, 8.4805, 0.9000, 216.68
275, 544, 32, 1, 0.6667, 20.6489, 0.7248, -20.6361, 0.4000, 190.50
275, 552, 39, 139, 0.5556, 15.9590, 9.6233, 12.7311, 0.2222, 172.00
276, 471, 122, 25, 1.0000, 3.4617, 3.4502, -0.2810, 1.0000, 245.84
276, 440, 87, 30, 1.0000, 0.0000, 0.0000, 0.0000, 1.0000, 173.51
276, 525, 79, 3, 0.6000, 23.5236, 5.7027, -22.8220, 0.1800, 185.00
276, 479, 25, 70, 1.0000, 1.4580, 1.0601, 1.0009, 1.0000, 207.98
276, 544, 28, 0, 0.8222, 9.1108, -1.6962, -8.9515, 0.5756, 195.00
276, 553, -3, 75, 0.6556, 27.5513, -20.4976, -18.4098, 0.2622, 168.25
276, 558, 36, 79, 0.6000, 1.3944, 0.9860, 0.9860, 0.1800, 199.33
276, 535, 81, 56, 0.8000, 8.5384, 0.9930, 8.4805, 0.8000, 216.68
276, 554, 131, 160, 0.5000, 42.6248, 7.6190, 41.9384, 0.1500, 100.33
276, 555, 130, 137, 0.5000, 12.7063, 2.8571, 12.3810, 0.1500, 71.33
277, 471, 126, 25, 1.0000, 3.6797, 3.6780, -0.1115, 1.0000, 244.29
277, 440, 87, 30, 1.0000, 0.0000, 0.0000, 0.0000, 1.0000, 173.48
277, 466, 35, 121, 0.6222, 22.5897, 14.1041, 17.6456, 0.3111, 191.70
277, 479, 26, 70, 1.0000, 1.0669, 1.0208, 0.3103, 1.0000, 207.84
277, 530, 14, 95, 0.6000, 27.1454, 5.6764, 26.5453, 0.1800, 179.00
277, 557, 16, 92, 0.6000, 18.1124, -4.6261, 17.5116, 0.1800, 186.67
277, 558, 39, 63, 0.6556, 14.2848, 2.5155, -14.0616, 0.2622, 212.25
277, 525, 84, -20, 0.5000, 23.5236, 5.7027, -22.8220, 0.1500, 185.00
277, 535, 82, 65, 0.7000, 8.5384, 0.9930, 8.4805, 0.7000, 216.68
277, 553, -23, 56, 0.5556, 27.5513, -20.4976, -18.4098, 0.2222, 168.25
278, 440, 87, 30, 1.0000, 0.0000, 0.0000, 0.0000, 1.0000, 173.44
278, 500, 84, 32, 0.9889, 0.3801, 0.1530, 0.3479, 0.9889, 202.30
278, 466, 39, 121, 0.6806, 4.9991, 4.6614, 1.8061, 0.4083, 189.92
278, 479, 27, 70, 1.0000, 0.9998, 0.9996, -0.0220, 1.0000, 209.04
278, 530, 18, 125, 0.6556, 29.7820, 4.6350, 29.4191, 0.2622, 171.00
278, 557, 16, 95, 0.6556, 5.0876, -0.5690, 5.0556, 0.2622, 185.00
278, 558, 38, 58, 0.7111, 5.2818, 0.0301, -5.2817, 0.3556, 220.00
278, 489, 5, 30, 0.5625, 13.5359, -8.5714, -10.4762, 0.2250, 200.25
278, 471, 130, 25, 0.9000, 3.6797, 3.6780, -0.1115, 0.9000, 244.29
278, 535, 83, 73, 0.6000, 8.5384, 0.9930, 8.4805, 0.6000, 216.68
279, 440, 86, 31, 1.0000, 0.8589, -0.6074, 0.6074, 1.0000, 173.73
279, 500, 77, 38, 1.0000, 8.6138, -6.2854, 5.8900, 1.0000, 199.82
279, 479, 28, 71, 1.0000, 1.1978, 0.9966, 0.6645, 1.0000, 209.10
279, 543, 9, 90, 0.6000, 50.0444, -37.6695, 32.9462, 0.1800, 190.67
279, 558, 36, 59, 0.7667, 1.8841, -1.8838, 0.0347, 0.4600, 225.50
279, 471, 133, 25, 0.8000, 3.6797, 3.6780, -0.1115, 0.8000, 244.29
279, 530, 23, 154, 0.5556, 29.7820, 4.6350, 29.4191, 0.2222, 171.00
279, 535, 84, 82, 0.5000, 8.5384, 0.9930, 8.4805, 0.5000, 216.68
279, 557, 16, 100, 0.5556, 5.0876, -0.5690, 5.0556, 0.2222, 185.00
280, 479, 28, 71, 1.0000, 0.4070, 0.2802, 0.2952, 1.0000, 209.15
280, 557, 17, 116, 0.7111, 11.0001, 0.4466, 10.9910, 0.3556, 179.80
280, 558, 34, 58, 0.8222, 2.3715, -2.2510, -0.7462, 0.5756, 222.93
280, 489, 2, 10, 0.6222, 10.1671, -0.5673, -10.1512, 0.3111, 203.40
280, 561, 34, 65, 0.6000, 27.2388, 21.9048, -16.1905, 0.1800, 183.33
280, 471, 137, 25, 0.7000, 3.6797, 3.6780, -0.1115, 0.7000, 244.29
280, 543, -29, 123, 0.5000, 50.0444, -37.6695, 32.9462, 0.1500, 190.67
281, 532, 85, 58, 0.6000, 49.4949, -33.5316, -36.4057, 0.1800, 115.67
281, 484, 125, 96, 0.5625, 1.3370, 0.9435, 0.9473, 0.2250, 102.75
281, 557, 25, 122, 0.7667, 9.7941, 7.2002, 6.6394, 0.4600, 173.83
281, 558, 34, 59, 0.8778, 0.7528, -0.5849, 0.4739, 0.7022, 222.56
281, 561, 73, 33, 0.6556, 46.4630, 36.0898, -29.2632, 0.2622, 186.75
281, 471, 141, 24, 0.6000, 3.6797, 3.6780, -0.1115, 0.6000, 244.29
281, 479, 28, 71, 0.9000, 0.4070, 0.2802, 0.2952, 0.9000, 209.15
281, 489, 2, 0, 0.5222, 10.1671, -0.5673, -10.1512, 0.2611, 203.40
282, 479, 30, 73, 1.0000, 1.3916, 0.9637, 1.0039, 1.0000, 209.51
282, 532, 67, 24, 0.6556, 40.5729, -20.5814, -34.9652, 0.2622, 133.75
282, 484, 127, 97, 0.6722, 2.0550, 1.7816, 1.0241, 0.3361, 108.00
282, 546, 29, 1, 0.6000, 15.2396, -14.9756, -2.8244, 0.1800, 222.00
282, 549, 4, 12, 0.6000, 5.3015, -3.7358, -3.7616, 0.1800, 208.00
282, 557, 38, 118, 0.8222, 13.0183, 12.6642, -3.0156, 0.5756, 171.64
282, 499, 8, 79, 0.5625, 7.1394, 3.4953, 6.2253, 0.2250, 182.25
282, 561, 118, 13, 0.7111, 49.3522, 44.7381, -20.8361, 0.3556, 175.20
282, 513, 17, 44, 0.5625, 0.9530, 0.0336, 0.9524, 0.2250, 202.50
282, 471, 144, 24, 0.5000, 3.6797, 3.6780, -0.1115, 0.5000, 244.29
283, 532, 37, -2, 0.7111, 39.3358, -29.1513, -26.4104, 0.3556, 152.40
283, 549, 4, 12, 0.6556, 1.5310, -1.0881, -1.0770, 0.2622, 208.75
283, 450, 60, 74, 0.5400, 47.2583, 46.9367, -5.5041, 0.2700, 181.80
283, 492, 79, 79, 0.5625, 25.3102, -13.8036, -21.2148, 0.2250, 129.75
283, 508, 40, 116, 0.5625, 7.2446, 4.6637, -5.5438, 0.2250, 141.25
283, 479, 31, 74, 0.9000, 1.3916, 0.9637, 1.0039, 0.9000, 209.51
283, 484, 129, 98, 0.5722, 2.0550, 1.7816, 1.0241, 0.2861, 108.00
283, 546, 14, -2, 0.5000, 15.2396, -14.9756, -2.8244, 0.1500, 222.00
283, 557, 51, 115, 0.7222, 13.0183, 12.6642, -3.0156, 0.5056, 171.64
283, 561, 163, -7, 0.6111, 49.3522, 44.7381, -20.8361, 0.3056, 175.20
284, 479, 36, 75, 1.0000, 3.3479, 3.1844, 1.0334, 1.0000, 208.48
284, 546, 5, 6, 0.6556, 12.0641, -11.7256, 2.8377, 0.2622, 220.00
284, 549, 4, 12, 0.7111, 0.1277, 0.0865, 0.0939, 0.3556, 208.40
284, 492, 83, 33, 0.6222, 42.7850, 1.9453, -42.7407, 0.3111, 138.80
284, 508, 41, 115, 0.6222, 2.0672, 1.3172, -1.5932, 0.3111, 143.40
284, 513, 30, 46, 0.6222, 7.6001, 7.5312, 1.0208, 0.3111, 201.80
284, 495, 79, 1, 0.5625, 29.5699, -7.6190, -28.5714, 0.2250, 176.25
284, 532, 7, -28, 0.6111, 39.3358, -29.1513, -26.4104, 0.3056, 152.40
284, 557, 63, 112, 0.6222, 13.0183, 12.6642, -3.0156, 0.4356, 171.64
285, 549, 4, 14, 0.8167, 1.7322, 0.1916, 1.7216, 0.4900, 208.83
285, 499, 18, 89, 0.6222, 4.2961, 3.4528, 2.5563, 0.3111, 180.20
285, 508, 41, 115, 0.6806, 0.8872, 0.6344, -0.6202, 0.4083, 147.00
285, 498, 71, 27, 0.5625, 13.5623, -4.6637, -12.7352, 0.2250, 183.00
285, 479, 39, 76, 0.9000, 3.3479, 3.1844, 1.0334, 0.9000, 208.48
285, 546, -7, 8, 0.5556, 12.0641, -11.7256, 2.8377, 0.2222, 220.00
285, 492, 85, -10, 0.5222, 42.7850, 1.9453, -42.7407, 0.2611, 138.80
285, 513, 38, 47, 0.5222, 7.6001, 7.5312, 1.0208, 0.2611, 201.80
286, 479, 36, 75, 1.0000, 0.1408, -0.1213, -0.0716, 1.0000, 208.41
286, 499, 20, 96, 0.6806, 7.2536, 2.2657, 6.8906, 0.4083, 177.67
286, 508, 42, 115, 0.7381, 0.8144, 0.8144, -0.0044, 0.5167, 147.86
286, 549, 4, 15, 0.7167, 1.7322, 0.1916, 1.7216, 0.4300, 208.83
287, 479, 38, 70, 1.0000, 4.5291, 1.1842, -4.3715, 1.0000, 207.76
287, 484, 127, 107, 0.7306, 2.3969, -0.5594, 2.3307, 0.4383, 101.33
287, 381, 66, 118, 0.5402, 20.5927, -20.5683, -1.0022, 0.5402, 153.69
287, 499, 23, 100, 0.7381, 4.5516, 2.6814, 3.6780, 0.5167, 175.86
287, 508, 42, 114, 0.7951, 0.7098, 0.2185, -0.6753, 0.6361, 149.75
287, 498, 62, 2, 0.6222, 13.2515, -4.6186, -12.4206, 0.3111, 181.20
287, 511, 104, 6, 0.5625, 29.3389, 17.1429, -23.8095, 0.2250, 168.00
287, 469, 83, 51, 0.5400, 53.5674, -18.0280, -50.4426, 0.2700, 139.60
287, 563, 5, 53, 0.6000, 38.3555, 3.8431, -38.1625, 0.1800, 184.00
287, 549, 4, 17, 0.6167, 1.7322, 0.1916, 1.7216, 0.3700, 208.83
288, 466, 40, 86, 1.0000, 18.9569, 5.5941, -18.1127, 1.0000, 180.61
288, 478, 42, 29, 0.5625, 27.5309, 21.3055, -17.4363, 0.2250, 205.50
288, 479, 30, 55, 1.0000, 14.8076, -6.5166, -13.2966, 1.0000, 209.33
288, 484, 127, 107, 0.7881, 0.3569, -0.1092, 0.3398, 0.5517, 98.14
288, 499, 31, 115, 0.7951, 16.0543, 7.5594, 14.1632, 0.6361, 174.62
288, 508, 43, 113, 0.8519, 1.2545, 0.7286, -1.0212, 0.7667, 152.56
288, 513, 63, 36, 0.6806, 9.0150, 8.2995, -3.5198, 0.4083, 200.17
288, 563, 11, 38, 0.6556, 19.4381, 5.5521, -18.6283, 0.2622, 188.00
288, 433, 6, 72, 0.5250, 10.8323, -8.5378, -6.6667, 0.3150, 180.00
288, 566, 30, 67, 0.6000, 24.7619, 0.0336, -24.7619, 0.1800, 184.33
288, 567, 34, 78, 0.6000, 20.9313, -13.2661, -16.1905, 0.1800, 204.67
288, 549, 5, 19, 0.5167, 1.7322, 0.1916, 1.7216, 0.3100, 208.83
288, 498, 57, -10, 0.5222, 13.2515, -4.6186, -12.4206, 0.2611, 181.20
289, 484, 126, 108, 0.8451, 0.9906, -0.7464, 0.6512, 0.6761, 98.12
289, 499, 35, 120, 0.8519, 6.9222, 4.0225, 5.6336, 0.7667, 171.78
289, 508, 43, 113, 0.9083, 0.3817, 0.2464, -0.2915, 0.9083, 152.60
289, 510, 50, 95, 0.5625, 17.5662, 17.3550, 2.7157, 0.2250, 177.25
289, 566, 27, 51, 0.6556, 17.4224, -2.2642, -17.2747, 0.2622, 190.75
289, 567, 16, 76, 0.6556, 18.3117, -17.9454, -3.6440, 0.2622, 198.50
289, 563, 16, 19, 0.5556, 19.4381, 5.5521, -18.6283, 0.2222, 188.00
290, 484, 122, 96, 0.8519, 10.9945, -3.3138, -10.4832, 0.7667, 96.33
290, 549, 6, 17, 0.8722, 0.5655, 0.4753, 0.3064, 0.6106, 208.43
290, 499, 36, 120, 0.9083, 1.4686, 1.1977, 0.8499, 0.9083, 173.20
290, 508, 44, 112, 0.9646, 1.0453, 0.7518, -0.7263, 0.9646, 154.00
290, 510, 56, 95, 0.6222, 7.5817, 7.5351, 0.8398, 0.3111, 185.20
290, 563, 28, 1, 0.7111, 20.3860, 8.9717, -18.3057, 0.3556, 194.60
290, 567, 5, 89, 0.7111, 16.3943, -11.7236, 11.4600, 0.3556, 192.20
290, 533, 126, 83, 0.5625, 9.3492, 3.8095, -8.5378, 0.2250, 88.38
290, 566, 25, 33, 0.5556, 17.4224, -2.2642, -17.2747, 0.2222, 190.75
291, 499, 36, 119, 0.9646, 0.8062, 0.6346, -0.4972, 0.9646, 171.09
291, 549, 6, 17, 0.7722, 0.5655, 0.4753, 0.3064, 0.5406, 208.43
291, 508, 45, 111, 0.8646, 1.0453, 0.7518, -0.7263, 0.8646, 154.00
291, 510, 63, 96, 0.5222, 7.5817, 7.5351, 0.8398, 0.2611, 185.20
291, 563, 37, -17, 0.6111, 20.3860, 8.9717, -18.3057, 0.3056, 194.60
292, 499, 37, 120, 1.0000, 0.9456, 0.8316, 0.4500, 1.0000, 169.50
292, 508, 45, 110, 1.0000, 1.1969, 0.5268, -1.0748, 1.0000, 154.75
292, 522, 52, 14, 0.5625, 0.9508, -0.0538, 0.9493, 0.2250, 219.75
292, 570, 37, 93, 0.6000, 0.9860, 0.9860, 0.0000, 0.1800, 188.67
292, 571, 37, 80, 0.6000, 41.9480, -26.6667, -32.3810, 0.1800, 160.67
292, 549, 7, 18, 0.6722, 0.5655, 0.4753, 0.3064, 0.4706, 208.43
293, 549, 2, 8, 0.9278, 3.9738, -1.6605, -3.6102, 0.7422, 209.88
293, 499, 38, 120, 1.0000, 1.0187, 0.9890, 0.2444, 1.0000, 168.08
293, 506, 111, 105, 0.5625, 53.7818, 53.0991, 8.5423, 0.2250, 141.75
293, 508, 45, 110, 1.0000, 0.2731, 0.1016, -0.2535, 1.0000, 155.77
293, 510, 59, 96, 0.6806, 0.4025, -0.3939, 0.0828, 0.4083, 184.67
293, 522, 53, 14, 0.6722, 0.8215, 0.7795, 0.2593, 0.3361, 219.20
293, 570, 39, 93, 0.7056, 1.7620, 1.7620, 0.0000, 0.2822, 188.00
293, 571, 26, 51, 0.6556, 32.0194, -13.2710, -29.1397, 0.2622, 179.75
293, 573, 123, 112, 0.6000, 1.3708, -0.9524, 0.9860, 0.1800, 91.00
294, 499, 38, 122, 1.0000, 1.5766, 0.2564, 1.5556, 1.0000, 166.21
294, 508, 34, 114, 1.0000, 10.7459, -10.0152, 3.8949, 1.0000, 156.29
294, 510, 61, 96, 0.7381, 1.3094, 1.3094, -0.0082, 0.5167, 188.86
294, 433, 10, 50, 0.5841, 4.6128, 3.7469, -2.6905, 0.4089, 182.71
294, 522, 52, 15, 0.7306, 0.8697, -0.4679, 0.7331, 0.4383, 220.75
294, 533, 125, 42, 0.6222, 10.8922, -1.3156, -10.8124, 0.3111, 90.10
294, 570, 33, 92, 0.7611, 4.8874, -4.8274, -0.7636, 0.3806, 185.20
294, 571, 24, 44, 0.7111, 9.9609, -2.9228, -9.5225, 0.3556, 186.40
294, 573, 122, 113, 0.7056, 1.4288, -1.0122, 1.0085, 0.2822, 91.00
295, 499, 40, 122, 1.0000, 1.5833, 1.4815, 0.5585, 1.0000, 165.93
295, 560, 44, 81, 0.6000, 26.8492, 26.6953, 2.8711, 0.1800, 183.67
295, 510, 51, 90, 0.7951, 10.3455, -8.7981, -5.4428, 0.6361, 190.62
295, 519, 42, 93, 0.5625, 6.6292, -5.5258, 3.6622, 0.2250, 180.50
295, 433, 25, 46, 0.6424, 15.1282, 14.6423, -3.8035, 0.5139, 190.12
295, 522, 52, 16, 0.7881, 1.0477, -0.2921, 1.0062, 0.5517, 221.79
295, 573, 121, 114, 0.7611, 1.4252, -1.0107, 1.0049, 0.3806, 91.80
295, 533, 124, 31, 0.5222, 10.8922, -1.3156, -10.8124, 0.2611, 90.10
295, 570, 28, 91, 0.6611, 4.8874, -4.8274, -0.7636, 0.3306, 185.20
295, 571, 21, 35, 0.6111, 9.9609, -2.9228, -9.5225, 0.3056, 186.40
296, 499, 41, 122, 1.0000, 1.2925, 1.2924, -0.0136, 1.0000, 165.56
296, 560, 53, 89, 0.6556, 13.5507, 11.2237, 7.5927, 0.2622, 186.25
296, 510, 39, 82, 0.8519, 13.3840, -11.1416, -7.4159, 0.7667, 194.67
296, 519, 42, 93, 0.6222, 1.4214, -0.8900, 1.1083, 0.3111, 181.40
296, 522, 52, 17, 0.8451, 1.0420, -0.0445, 1.0411, 0.6761, 222.69
296, 570, 17, 104, 0.7667, 11.1109, -8.4754, 7.1847, 0.4600, 181.17
296, 573, 120, 115, 0.8167, 1.4163, -1.0023, 1.0006, 0.4900, 94.50
297, 499, 42, 122, 1.0000, 1.0450, 1.0414, -0.0867, 1.0000, 163.68
297, 560, 51, 91, 0.7111, 2.4107, -0.1053, 2.4084, 0.3556, 184.90
297, 519, 38, 100, 0.6806, 7.3403, -4.1822, 6.0323, 0.4083, 179.67
297, 522, 52, 17, 0.9019, 0.2603, 0.0251, 0.2591, 0.8117, 224.94
297, 573, 117, 117, 0.8722, 3.0736, -2.5199, 1.7598, 0.6106, 92.86
297, 534, 124, 103, 0.5563, 1.9283, 0.0497, 1.9277, 0.4450, 97.00
298, 499, 43, 123, 1.0000, 1.2182, 0.9732, 0.7328, 1.0000, 164.69
298, 560, 47, 94, 0.7667, 4.8978, -3.9692, 2.8695, 0.4600, 183.75
298, 522, 52, 18, 0.9583, 0.7015, 0.0165, 0.7013, 0.9583, 226.15
298, 573, 111, 120, 0.9278, 6.7401, -6.1274, 2.8078, 0.7422, 92.38
298, 480, 45, 18, 0.5400, 23.6310, -18.0616, 15.2381, 0.2700, 204.00
298, 575, 119, 117, 0.6000, 10.8413, -2.7899, 10.4762, 0.1800, 104.00
298, 519, 33, 106, 0.5806, 7.3403, -4.1822, 6.0323, 0.3483, 179.67
299, 416, 52, 92, 0.5250, 1.3578, 0.9570, 0.9633, 0.3150, 180.17
299, 522, 52, 19, 1.0000, 0.9901, 0.0029, 0.9901, 1.0000, 225.95
299, 391, 3, 80, 0.5143, 14.5079, -14.2467, 2.7402, 0.3600, 182.14
299, 480, 19, 44, 0.6000, 34.6434, -24.5097, 24.4835, 0.3600, 203.33
299, 575, 118, 119, 0.6556, 3.9134, -1.5369, 3.5990, 0.2622, 105.75
299, 499, 44, 124, 0.9000, 1.2182, 0.9732, 0.7328, 0.9000, 164.69
299, 573, 105, 123, 0.8278, 6.7401, -6.1274, 2.8078, 0.6622, 92.38
300, 416, 53, 92, 0.6341, 1.0534, 1.0201, 0.2628, 0.4439, 183.43
300, 499, 46, 124, 1.0000, 1.6472, 1.5484, 0.5619, 1.0000, 164.97
300, 562, 49, 107, 0.6000, 20.9605, 19.1161, 8.5975, 0.1800, 166.00
300, 519, 41, 122, 0.7381, 7.9688, 2.3599, 7.6113, 0.5167, 174.29
300, 522, 52, 20, 1.0000, 1.0406, -0.0013, 1.0406, 1.0000, 226.12
300, 575, 117, 120, 0.7111, 1.2032, -0.9640, 0.7201, 0.3556, 106.00
300, 550, 7, 11, 0.5625, 45.1409, -21.9875, -39.4240, 0.2250, 206.75
300, 573, 98, 125, 0.7278, 6.7401, -6.1274, 2.8078, 0.5822, 92.38
300, 480, -5, 69, 0.5000, 34.6434, -24.5097, 24.4835, 0.3000, 203.33
301, 416, 54, 92, 0.6924, 1.0133, 1.0129, -0.0280, 0.5539, 182.31
301, 499, 39, 106, 1.0000, 17.5519, -6.6379, -16.2483, 1.0000, 164.93
301, 512, 52, 93, 0.5625, 53.1102, -41.1932, 33.5233, 0.2250, 204.25
301, 522, 52, 20, 1.0000, 0.2790, -0.0010, 0.2790, 1.0000, 226.58
301, 533, 102, 34, 0.6806, 4.4352, -3.9523, 2.0126, 0.4083, 101.25
301, 575, 115, 120, 0.7667, 1.7499, -1.6725, 0.5147, 0.4600, 104.67
301, 576, 31, 51, 0.6000, 16.2360, 11.9302, 11.0125, 0.1800, 210.33
301, 562, 68, 115, 0.5000, 20.9605, 19.1161, 8.5975, 0.1500, 166.00
301, 573, 92, 128, 0.6278, 6.7401, -6.1274, 2.8078, 0.5022, 92.38
302, 416, 48, 102, 0.7000, 10.4599, -5.1137, 9.1246, 0.6300, 181.83
302, 562, 75, 103, 0.6556, 12.8289, 12.4353, -3.1534, 0.2622, 164.75
302, 516, 30, 26, 0.5625, 0.0120, -0.0085, -0.0085, 0.2250, 201.75
302, 522, 52, 21, 1.0000, 0.6931, -0.0002, 0.6931, 1.0000, 227.32
302, 573, 103, 125, 0.9833, 1.1129, -0.7032, 0.8626, 0.8850, 92.89
302, 575, 115, 121, 0.8222, 0.9899, -0.4980, 0.8556, 0.5756, 101.86
302, 576, 34, 54, 0.6556, 5.7944, 4.2286, 3.9616, 0.2622, 210.00
303, 562, 79, 96, 0.7111, 7.8288, 3.8901, -6.7939, 0.3556, 168.00
303, 522, 52, 22, 1.0000, 0.9809, 0.0001, 0.9809, 1.0000, 227.77
303, 573, 104, 126, 1.0000, 1.2431, 0.8173, 0.9366, 1.0000, 93.80
303, 575, 114, 122, 0.8778, 1.2393, -0.7102, 1.0156, 0.7022, 102.12
303, 576, 34, 54, 0.7111, 0.0162, -0.0134, 0.0091, 0.3556, 208.40
304, 516, 20, 25, 0.6222, 5.4125, -5.3861, -0.5342, 0.3111, 202.60
304, 522, 52, 22, 1.0000, 0.3127, 0.0001, 0.3127, 1.0000, 229.16
304, 573, 106, 126, 1.0000, 1.8983, 1.8833, 0.2386, 1.0000, 93.82
304, 575, 113, 123, 0.9333, 1.4076, -0.9625, 1.0270, 0.8400, 100.33
304, 576, 35, 53, 0.7667, 1.0737, 0.9076, -0.5736, 0.4600, 207.42
304, 580, 71, 36, 0.6000, 30.5833, 2.7300, 30.4612, 0.1800, 199.00
305, 522, 53, 23, 1.0000, 1.0094, 0.7225, 0.7050, 1.0000, 230.50
305, 575, 113, 124, 0.9889, 1.0421, -0.2640, 1.0080, 0.9889, 100.10
305, 576, 35, 55, 0.8222, 1.3532, 0.3484, 1.3076, 0.5756, 206.79
305, 580, 60, 82, 0.6556, 44.4889, -9.0650, 43.5556, 0.2622, 192.00
305, 582, 3, 91, 0.6000, 2.6709, 1.9384, 1.8375, 0.1800, 230.83
305, 516, 15, 25, 0.5222, 5.4125, -5.3861, -0.5342, 0.2611, 202.60
306, 522, 53, 23, 1.0000, 0.4104, 0.3172, 0.2603, 1.0000, 229.53
306, 575, 112, 125, 1.0000, 1.2341, -0.7244, 0.9991, 1.0000, 98.73
306, 545, 23, 20, 0.5625, 26.8636, -23.0458, 13.8036, 0.2250, 206.06
306, 576, 36, 55, 0.8778, 0.9615, 0.7646, 0.5831, 0.7022, 206.31
306, 580, 34, 105, 0.7111, 35.4414, -24.3134, 25.7867, 0.3556, 187.80
306, 582, 4, 91, 0.7056, 1.3715, 1.2672, 0.5247, 0.2822, 226.00
307, 567, 58, 112, 1.0000, 1.3151, 1.0877, 0.7392, 1.0000, 171.71
307, 522, 53, 24, 1.0000, 0.7185, 0.0263, 0.7180, 1.0000, 228.82
307, 524, 43, 70, 0.5625, 45.6355, -35.4477, 28.7414, 0.2250, 203.00
307, 576, 37, 56, 0.9333, 1.2821, 1.0052, 0.7959, 0.8400, 207.50
307, 582, 7, 91, 0.7611, 2.5034, 2.5030, -0.0467, 0.3806, 231.40
307, 559, 21, 72, 0.5625, 2.8571, 0.0000, -2.8571, 0.2250, 189.12
307, 575, 111, 126, 0.9000, 1.2341, -0.7244, 0.9991, 0.9000, 98.73
307, 580, 10, 131, 0.6111, 35.4414, -24.3134, 25.7867, 0.3056, 187.80
308, 433, 67, 92, 1.0000, 8.6165, 7.7257, -3.8153, 1.0000, 186.76
308, 568, 40, 106, 0.6000, 41.1450, 39.4891, 11.5548, 0.1800, 163.00
308, 516, 11, 1, 0.6806, 7.7361, -1.4568, -7.5977, 0.4083, 210.83
308, 522, 54, 24, 1.0000, 0.7278, 0.6711, 0.2815, 1.0000, 228.22
308, 524, 28, 95, 0.6222, 31.1016, -18.0902, 25.2993, 0.3111, 198.10
308, 575, 110, 127, 1.0000, 1.4696, -1.0777, 0.9992, 1.0000, 99.75
308, 576, 37, 57, 0.9889, 1.0199, 0.2724, 0.9829, 0.9889, 206.65
308, 582, 8, 91, 0.8167, 1.5369, 1.5341, -0.0942, 0.4900, 235.33
308, 559, 32, 56, 0.6222, 17.3656, 9.7956, -14.3391, 0.3111, 192.10
309, 568, 76, 117, 0.6556, 38.1857, 36.4273, 11.4542, 0.2622, 155.25
309, 522, 55, 24, 1.0000, 1.0076, 1.0075, 0.0122, 1.0000, 229.17
309, 524, 10, 123, 0.6806, 33.0561, -18.0707, 27.6795, 0.4083, 190.08
309, 576, 38, 57, 1.0000, 0.7665, 0.7213, 0.2593, 1.0000, 205.68
309, 582, 10, 90, 0.8722, 1.9204, 1.7490, -0.7931, 0.6106, 231.86
309, 559, 35, 45, 0.6806, 11.5635, 3.5900, -10.9921, 0.4083, 193.58
309, 575, 109, 128, 0.9000, 1.4696, -1.0777, 0.9992, 0.9000, 99.75
310, 522, 55, 25, 1.0000, 0.7510, 0.3551, 0.6617, 1.0000, 228.93
310, 576, 30, 66, 1.0000, 11.1662, -7.4035, 8.3589, 1.0000, 207.21
310, 582, 12, 91, 0.9278, 2.0260, 1.9711, 0.4688, 0.7422, 234.25
310, 587, 61, 96, 0.6000, 13.3179, 11.7217, 6.3220, 0.1800, 191.00
310, 568, 112, 128, 0.5556, 38.1857, 36.4273, 11.4542, 0.2222, 155.25
310, 524, -8, 150, 0.5806, 33.0561, -18.0707, 27.6795, 0.3483, 190.08
310, 575, 108, 129, 0.8000, 1.4696, -1.0777, 0.9992, 0.8000, 99.75
310, 559, 39, 34, 0.5806, 11.5635, 3.5900, -10.9921, 0.3483, 193.58
311, 522, 56, 25, 1.0000, 0.7623, 0.6979, 0.3067, 1.0000, 229.46
311, 575, 90, 105, 1.0000, 12.2241, -7.9734, -9.2658, 1.0000, 101.69
311, 582, 13, 90, 0.9833, 1.3494, 1.2693, -0.4580, 0.8850, 231.89
311, 535, 62, 115, 0.5333, 0.8687, 0.7128, 0.4965, 0.5333, 168.13
311, 587, 67, 95, 0.6556, 6.6380, 6.6284, -0.3558, 0.2622, 183.25
311, 589, 113, 19, 0.7111, 11.0122, -9.1627, 6.1085, 0.3556, 126.00
312, 522, 56, 26, 1.0000, 0.7774, 0.2705, 0.7288, 1.0000, 229.73
312, 582, 15, 91, 1.0000, 1.7876, 1.7156, 0.5021, 1.0000, 233.80
312, 559, 25, 27, 0.7381, 7.0758, -5.0197, -4.9869, 0.5167, 200.36
312, 589, 83, 39, 0.7667, 33.4571, -27.9550, 18.3819, 0.4600, 139.67
312, 592, 2, 3, 0.6000, 55.1753, 0.0376, -55.1753, 0.1800, 213.67
312, 587, 74, 95, 0.5556, 6.6380, 6.6284, -0.3558, 0.2222, 183.25
313, 522, 57, 26, 1.0000, 0.7623, 0.7022, 0.2967, 1.0000, 230.18
313, 582, 14, 88, 1.0000, 2.2108, -0.9959, -1.9738, 1.0000, 228.09
313, 587, 79, 73, 0.7111, 14.0982, 5.9983, -12.7585, 0.3556, 180.20
313, 589, 63, 37, 0.8222, 20.0438, -20.0287, 0.7782, 0.5756, 148.71
313, 592, 2, -52, 0.5000, 55.1753, 0.0376, -55.1753, 0.1500, 213.67
314, 522, 57, 26, 1.0000, 0.2942, 0.2935, 0.0204, 1.0000, 229.00
314, 572, 65, 117, 0.6000, 0.9607, 0.9607, -0.0036, 0.1800, 150.50
314, 582, 13, 88, 1.0000, 1.0924, -0.6591, -0.8712, 1.0000, 223.42
314, 589, 56, 47, 0.8778, 12.1575, -8.7894, 8.3995, 0.7022, 154.62
314, 593, 78, 31, 0.6000, 21.9384, 0.0336, 21.9384, 0.1800, 182.67
315, 522, 58, 27, 1.0000, 0.9534, 0.7056, 0.6412, 1.0000, 229.26
315, 572, 66, 118, 0.7056, 1.2682, 1.0185, 0.7557, 0.2822, 153.88
315, 582, 20, 90, 1.0000, 6.0342, 5.8599, 1.4401, 1.0000, 225.69
315, 593, 78, 53, 0.5000, 21.9384, 0.0336, 21.9384, 0.1500, 182.67
316, 522, 58, 28, 1.0000, 1.0346, 0.2981, 0.9907, 1.0000, 228.41
316, 572, 67, 119, 0.7611, 1.4509, 1.0118, 1.0399, 0.3806, 154.30
316, 582, 23, 90, 1.0000, 4.0263, 3.9625, 0.7139, 1.0000, 227.79
316, 593, 78, 34, 0.6556, 1.3150, -0.0112, -1.3149, 0.2622, 181.00
316, 594, 68, 100, 0.6000, 0.9866, 0.9860, 0.0336, 0.1800, 172.00
317, 522, 60, 27, 1.0000, 1.4043, 1.3741, -0.2898, 1.0000, 229.22
317, 572, 67, 119, 0.8167, 0.3719, 0.2373, 0.2863, 0.4900, 152.83
317, 582, 25, 90, 1.0000, 1.4645, 1.4627, 0.0708, 1.0000, 229.27
317, 593, 75, 43, 0.7111, 9.2415, -3.1453, 8.6898, 0.3556, 183.20
317, 594, 76, 95, 0.6556, 8.3658, 7.0365, -4.5247, 0.2622, 167.50
317, 566, 9, 9, 0.5143, 7.2931, -7.0009, 2.0438, 0.3600, 224.00
318, 522, 68, 25, 1.0000, 7.5224, 7.3374, -1.6580, 1.0000, 228.05
318, 572, 58, 122, 0.8222, 8.7114, -8.4184, 2.2404, 0.5756, 150.43
318, 582, 26, 90, 1.0000, 1.4881, 1.4860, -0.0793, 1.0000, 230.69
318, 594, 78, 93, 0.7111, 2.9614, 2.4506, -1.6626, 0.3556, 168.20
318, 569, 82, 10, 0.5625, 0.9188, 0.9188, 0.0000, 0.2250, 171.25
319, 582, 28, 90, 1.0000, 1.8739, 1.8735, -0.0428, 1.0000, 232.00
319, 490, 23, 42, 0.5400, 33.6600, -26.4688, 20.7941, 0.2700, 196.40
319, 569, 64, 25, 0.6222, 20.1554, -15.5613, 12.8096, 0.3111, 184.60
319, 522, 76, 24, 0.9000, 7.5224, 7.3374, -1.6580, 0.9000, 228.05
319, 594, 80, 92, 0.6111, 2.9614, 2.4506, -1.6626, 0.3056, 168.20
320, 522, 84, 12, 1.0000, 10.7132, 7.8001, -7.3438, 1.0000, 226.50
320, 582, 30, 90, 1.0000, 2.0266, 2.0266, -0.0053, 1.0000, 233.11
320, 490, 11, 60, 0.6000, 23.6038, -14.3201, 18.7636, 0.3600, 196.83
320, 594, 80, 94, 0.7667, 1.0334, 0.9170, 0.4765, 0.4600, 166.67
320, 569, 60, 29, 0.6806, 7.4421, -5.0590, 5.4582, 0.4083, 196.33
320, 445, 59, 97, 0.5143, 3.9694, 2.8235, 2.7899, 0.3600, 180.71
320, 601, 10, 45, 0.6000, 5.5821, -2.8571, 4.7955, 0.1800, 203.67
321, 548, 14, 42, 0.5625, 33.5579, -31.8372, 10.6079, 0.2250, 197.00
321, 582, 32, 89, 1.0000, 2.1615, 2.0299, -0.7426, 1.0000, 233.95
321, 569, 62, 29, 0.7381, 1.1232, 1.1024, 0.2150, 0.5167, 199.86
321, 445, 71, 120, 0.5722, 22.9556, 10.5753, 20.3745, 0.4578, 178.50
321, 522, 92, 4, 0.9000, 10.7132, 7.8001, -7.3438, 0.9000, 226.50
321, 490, -3, 79, 0.5000, 23.6038, -14.3201, 18.7636, 0.3000, 196.83
321, 594, 81, 94, 0.6667, 1.0334, 0.9170, 0.4765, 0.4000, 166.67
321, 601, 7, 50, 0.5000, 5.5821, -2.8571, 4.7955, 0.1500, 203.67
322, 522, 87, 11, 1.0000, 0.9021, 0.7556, 0.4929, 1.0000, 225.05
322, 548, 10, 44, 0.6222, 8.7006, -7.9018, 3.6417, 0.3111, 198.20
322, 582, 34, 89, 1.0000, 2.0303, 2.0081, -0.2994, 1.0000, 234.90
322, 594, 87, 96, 0.8222, 3.9043, 3.7322, 1.1464, 0.5756, 161.29
322, 445, 74, 126, 0.6296, 8.9529, 4.2721, 7.8678, 0.5667, 175.33
322, 601, 15, 60, 0.6556, 8.2964, 2.8638, 7.7865, 0.2622, 203.25
322, 604, 30, 71, 0.6556, 16.2330, -15.0738, 6.0244, 0.2622, 210.12
322, 526, 73, 104, 0.5400, 0.9866, 0.0336, 0.9860, 0.2700, 159.00
323, 412, 21, 26, 0.5143, 53.5697, -40.6725, -34.8635, 0.3600, 191.14
323, 548, 4, 36, 0.6806, 9.4289, -6.4212, -6.9045, 0.4083, 199.08
323, 579, 18, 63, 0.6000, 54.2062, 14.5092, -52.2283, 0.1800, 167.67
323, 582, 36, 89, 1.0000, 1.9988, 1.9987, -0.0087, 1.0000, 235.86
323, 445, 88, 127, 0.6867, 13.1765, 13.0837, 1.5606, 0.6867, 169.00
323, 601, 22, 67, 0.7111, 10.2732, 7.2001, 7.3278, 0.3556, 200.60
323, 526, 74, 105, 0.6500, 1.2567, 0.7498, 1.0085, 0.3900, 161.33
323, 594, 91, 97, 0.7222, 3.9043, 3.7322, 1.1464, 0.5056, 161.29
323, 604, 14, 77, 0.5556, 16.2330, -15.0738, 6.0244, 0.2222, 210.12
324, 579, 40, 11, 0.6556, 56.0136, 21.2634, -51.8207, 0.2622, 179.00
324, 582, 37, 89, 1.0000, 1.2555, 1.2548, 0.0415, 1.0000, 236.09
324, 594, 87, 95, 0.8778, 0.7312, -0.3136, -0.6605, 0.7022, 161.88
324, 445, 92, 126, 0.7434, 4.3073, 4.2689, -0.5738, 0.7434, 163.82
324, 601, 48, 67, 0.7667, 23.7899, 23.7740, 0.8706, 0.4600, 203.83
324, 526, 65, 101, 0.6587, 8.8807, -8.1287, -3.5764, 0.4611, 165.00
324, 528, 71, 39, 0.5400, 0.0000, 0.0000, 0.0000, 0.2700, 218.00
324, 606, 49, 32, 0.6000, 21.0510, -2.8908, 20.8515, 0.1800, 201.33
325, 582, 39, 89, 1.0000, 1.6936, 1.6935, 0.0184, 1.0000, 236.74
325, 594, 77, 114, 0.9333, 19.5410, -9.6797, 16.9751, 0.8400, 161.22
325, 528, 75, 43, 0.6000, 5.3730, 3.7993, 3.7993, 0.3600, 209.67
325, 606, 27, 45, 0.6556, 24.0891, -19.6100, 13.9905, 0.2622, 201.25
325, 579, 61, -41, 0.5556, 56.0136, 21.2634, -51.8207, 0.2222, 179.00
325, 445, 96, 126, 0.6434, 4.3073, 4.2689, -0.5738, 0.6434, 163.82
325, 526, 57, 97, 0.5587, 8.8807, -8.1287, -3.5764, 0.3911, 165.00
326, 582, 31, 83, 1.0000, 8.5534, -6.8342, -5.1434, 1.0000, 235.46
326, 606, 8, 56, 0.7111, 22.2737, -19.0279, 11.5783, 0.3556, 202.80
326, 577, 20, 61, 0.5625, 1.0202, 1.0196, 0.0336, 0.2250, 209.50
326, 528, 79, 47, 0.5000, 5.3730, 3.7993, 3.7993, 0.3000, 209.67
327, 582, 27, 72, 1.0000, 10.9440, -3.8647, -10.2389, 1.0000, 233.76
327, 595, 65, 102, 0.6000, 7.3648, 5.6646, -4.7066, 0.1800, 169.00
327, 577, 21, 61, 0.6722, 1.0048, 1.0048, -0.0037, 0.3361, 211.60
327, 538, 126, 7, 0.5400, 35.8900, 35.2717, -6.6331, 0.2700, 162.80
327, 606, -11, 68, 0.6111, 22.2737, -19.0279, 11.5783, 0.3056, 202.80
328, 585, 91, 15, 0.6000, 25.8797, 23.1491, 11.5707, 0.1800, 191.00
328, 595, 67, 102, 0.6556, 2.4391, 2.3665, -0.5905, 0.2622, 166.75
328, 605, 120, 5, 0.6000, 3.6628, -3.6626, 0.0422, 0.1800, 133.33
328, 577, 22, 61, 0.7306, 0.9992, 0.9992, -0.0057, 0.4383, 209.50
328, 542, 93, 96, 0.5400, 1.0196, 1.0196, 0.0000, 0.2700, 133.60
328, 610, 70, 38, 0.6000, 50.9940, 42.8235, 27.6863, 0.1800, 221.00
328, 582, 24, 62, 0.9000, 10.9440, -3.8647, -10.2389, 0.9000, 233.76
328, 606, -30, 80, 0.5111, 22.2737, -19.0279, 11.5783, 0.2556, 202.80
329, 585, 95, 23, 0.6556, 11.1364, 6.2977, 9.1847, 0.2622, 184.75
329, 514, 56, 67, 0.5400, 35.9775, -11.3784, 34.1309, 0.2700, 210.60
329, 595, 71, 99, 0.7111, 4.7592, 3.9479, -2.6578, 0.3556, 161.00
329, 605, 96, 14, 0.6556, 22.9264, -21.6327, 7.5925, 0.2622, 143.75
329, 577, 23, 61, 0.7881, 0.9990, 0.9990, -0.0016, 0.5517, 208.86
329, 542, 96, 97, 0.6500, 2.6224, 2.5118, 0.7535, 0.3900, 132.00
329, 614, 48, 73, 0.6000, 35.0880, 34.9857, -2.6780, 0.1800, 178.00
329, 551, 80, 109, 0.5400, 1.3708, 0.9860, 0.9524, 0.2700, 156.20
329, 615, 63, 101, 0.6000, 22.1947, -21.8711, -3.7759, 0.1800, 144.67
329, 610, 112, 66, 0.5000, 50.9940, 42.8235, 27.6863, 0.1500, 221.00
330, 585, 112, 35, 0.7111, 19.5246, 16.1130, 11.0263, 0.3556, 176.20
330, 514, 55, 119, 0.6000, 49.7352, -1.6974, 49.7062, 0.3600, 198.00
330, 605, 69, 6, 0.7111, 27.3244, -26.5743, -6.3585, 0.3556, 157.00
330, 577, 25, 61, 0.8451, 1.7600, 1.7600, 0.0002, 0.6761, 208.75
330, 542, 97, 97, 0.7087, 1.5759, 1.5515, 0.2762, 0.4961, 130.14
330, 614, 60, 70, 0.6556, 14.9855, 14.6633, -3.0906, 0.2622, 181.00
330, 551, 70, 105, 0.6000, 9.4617, -8.7871, -3.5088, 0.3600, 161.00
330, 615, 21, 95, 0.6556, 39.5007, -39.1075, -5.5594, 0.2622, 149.75
330, 595, 75, 97, 0.6111, 4.7592, 3.9479, -2.6578, 0.3056, 161.00
331, 586, 45, 53, 0.6000, 20.7958, -9.6843, 18.4032, 0.1800, 204.00
331, 596, 82, 109, 0.6000, 0.9469, 0.9469, -0.0101, 0.1800, 139.00
331, 564, 8, 53, 0.5625, 33.8500, 6.6246, -33.1954, 0.2250, 183.75
331, 577, 26, 61, 0.9019, 1.2961, 1.2961, 0.0003, 0.8117, 207.44
331, 542, 98, 97, 0.7667, 0.9901, 0.9900, -0.0045, 0.6133, 131.75
331, 614, 59, 70, 0.7111, 1.7444, 1.5574, -0.7857, 0.3556, 185.40
331, 551, 68, 104, 0.6587, 2.6646, -2.5851, -0.6463, 0.4611, 158.86
331, 514, 54, 169, 0.5000, 49.7352, -1.6974, 49.7062, 0.3000, 198.00
331, 595, 79, 94, 0.5111, 4.7592, 3.9479, -2.6578, 0.2556, 161.00
331, 605, 42, -1, 0.6111, 27.3244, -26.5743, -6.3585, 0.3056, 157.00
331, 615, -18, 90, 0.5556, 39.5007, -39.1075, -5.5594, 0.2222, 149.75
332, 586, 31, 70, 0.6556, 21.9872, -13.9185, 17.0209, 0.2622, 202.00
332, 596, 83, 110, 0.7056, 1.2756, 1.0244, 0.7601, 0.2822, 138.00
332, 598, 56, 34, 0.6000, 45.1801, 31.4736, 32.4138, 0.1800, 209.33
332, 577, 27, 61, 0.9583, 1.0054, 1.0054, 0.0001, 0.9583, 206.80
332, 542, 103, 97, 0.8241, 4.7179, 4.7177, -0.0417, 0.7417, 129.22
332, 551, 69, 106, 0.7167, 1.4766, 1.0588, 1.0292, 0.5733, 158.88
332, 618, 26, 5, 0.6000, 0.9860, 0.0000, -0.9860, 0.1800, 242.67
332, 614, 61, 69, 0.6111, 1.7444, 1.5574, -0.7857, 0.3056, 185.40
333, 596, 83, 110, 0.7611, 0.3768, 0.2526, 0.2796, 0.3806, 137.10
333, 577, 29, 60, 1.0000, 1.8625, 1.7059, -0.7476, 1.0000, 206.14
333, 612, 19, 49, 0.6000, 43.0799, -28.1106, 32.6446, 0.1800, 202.33
333, 618, 26, 4, 0.7056, 1.0085, 0.0000, -1.0085, 0.2822, 238.75
333, 619, 45, 43, 0.6000, 55.8172, -49.5238, 25.7479, 0.1800, 182.67
333, 586, 17, 87, 0.5556, 21.9872, -13.9185, 17.0209, 0.2222, 202.00
333, 598, 87, 66, 0.5000, 45.1801, 31.4736, 32.4138, 0.1500, 209.33
333, 542, 108, 97, 0.7241, 4.7179, 4.7177, -0.0417, 0.6517, 129.22
333, 551, 70, 107, 0.6167, 1.4766, 1.0588, 1.0292, 0.4933, 158.88
334, 596, 85, 111, 0.8167, 1.6602, 1.4759, 0.7603, 0.4900, 135.75
334, 564, 26, 2, 0.6222, 14.4482, 6.0112, -13.1383, 0.3111, 193.00
334, 577, 30, 61, 1.0000, 1.3589, 1.2858, 0.4398, 1.0000, 206.21
334, 618, 14, 10, 0.7111, 11.8456, -10.6898, 5.1035, 0.3556, 235.00
334, 542, 113, 97, 0.6241, 4.7179, 4.7177, -0.0417, 0.5617, 129.22
334, 612, -9, 82, 0.5000, 43.0799, -28.1106, 32.6446, 0.1500, 202.33
334, 619, -5, 69, 0.5000, 55.8172, -49.5238, 25.7479, 0.1500, 182.67
335, 596, 95, 111, 0.8222, 8.8977, 8.8941, 0.2519, 0.5756, 132.07
335, 597, 23, 118, 0.6000, 24.7284, -24.0463, -5.7677, 0.1800, 140.00
335, 564, 27, 0, 0.6806, 2.8488, 1.0835, -2.6347, 0.4083, 198.67
335, 577, 31, 61, 1.0000, 1.0530, 1.0112, 0.2937, 1.0000, 206.04
335, 609, 98, 18, 0.6000, 17.4810, -5.5149, 16.5882, 0.1800, 155.67
335, 542, 117, 97, 0.5241, 4.7179, 4.7177, -0.0417, 0.4717, 129.22
335, 618, 3, 15, 0.6111, 11.8456, -10.6898, 5.1035, 0.3056, 235.00
336, 595, 87, 91, 0.7667, 1.8314, 1.7139, -0.6452, 0.4600, 154.83
336, 597, 17, 107, 0.6556, 13.3632, -8.0898, -10.6362, 0.2622, 139.75
336, 577, 33, 61, 1.0000, 1.6971, 1.6962, 0.0556, 1.0000, 208.39
336, 609, 98, 21, 0.6556, 5.0227, -0.8944, 4.9424, 0.2622, 156.00
336, 588, 72, 94, 0.5625, 21.6381, -13.3333, -17.0420, 0.2250, 125.00
336, 596, 103, 111, 0.7222, 8.8977, 8.8941, 0.2519, 0.5056, 132.07
337, 595, 88, 110, 0.8222, 18.6893, 1.0606, 18.6592, 0.5756, 152.29
337, 597, 12, 70, 0.7111, 34.2000, -5.9644, -33.6758, 0.3556, 149.40
337, 599, 25, 46, 0.6000, 42.1749, -8.6420, 41.2800, 0.1800, 216.67
337, 577, 34, 61, 1.0000, 1.2927, 1.2925, -0.0215, 1.0000, 208.77
337, 609, 100, 21, 0.7111, 1.2263, 1.1555, 0.4107, 0.3556, 155.20
337, 596, 112, 112, 0.6222, 8.8977, 8.8941, 0.2519, 0.4356, 132.07
338, 599, 2, 77, 0.6556, 38.8099, -21.2438, 32.4794, 0.2622, 207.75
338, 577, 35, 61, 1.0000, 1.0176, 1.0175, -0.0178, 1.0000, 209.59
338, 609, 108, 14, 0.7667, 9.5126, 7.4504, -5.9144, 0.4600, 154.50
338, 588, 87, 61, 0.6222, 19.0578, 9.9522, -16.2528, 0.3111, 129.20
338, 596, 121, 112, 0.5222, 8.8977, 8.8941, 0.2519, 0.3656, 132.07
338, 597, 6, 37, 0.6111, 34.2000, -5.9644, -33.6758, 0.3056, 149.40
339, 596, 127, 125, 0.8778, 9.0339, 7.8741, 4.4284, 0.7022, 123.31
339, 607, 85, 30, 0.6000, 53.4845, 53.4074, -2.8711, 0.1800, 204.33
339, 556, 37, 62, 0.5400, 7.9326, 4.6374, -6.4359, 0.2700, 195.20
339, 620, 17, 58, 0.6000, 2.7302, -0.0334, 2.7300, 0.1800, 204.50
339, 621, 100, 21, 0.6000, 26.7969, 26.6512, 2.7907, 0.1800, 177.33
339, 599, -19, 110, 0.5556, 38.8099, -21.2438, 32.4794, 0.2222, 207.75
339, 577, 36, 61, 0.9000, 1.0176, 1.0175, -0.0178, 0.9000, 209.59
339, 609, 115, 8, 0.6667, 9.5126, 7.4504, -5.9144, 0.4000, 154.50
339, 588, 97, 45, 0.5222, 19.0578, 9.9522, -16.2528, 0.2611, 129.20
340, 577, 38, 62, 1.0000, 1.5973, 1.5038, 0.5387, 1.0000, 209.97
340, 556, 51, 33, 0.6000, 29.8357, 12.7461, -26.9760, 0.3600, 194.67
340, 588, 101, 17, 0.6806, 23.5211, 6.4259, -22.6263, 0.4083, 132.67
340, 621, 106, 21, 0.6556, 8.5290, 8.4921, 0.7921, 0.2622, 171.50
340, 574, 114, 96, 0.5625, 21.7385, 19.0476, 10.4762, 0.2250, 113.50
340, 596, 135, 129, 0.7778, 9.0339, 7.8741, 4.4284, 0.6222, 123.31
340, 607, 138, 27, 0.5000, 53.4845, 53.4074, -2.8711, 0.1500, 204.33
340, 609, 123, 2, 0.5667, 9.5126, 7.4504, -5.9144, 0.3400, 154.50
340, 620, 17, 61, 0.5000, 2.7302, -0.0334, 2.7300, 0.1500, 204.50
341, 577, 39, 62, 1.0000, 1.1793, 1.1656, 0.1794, 1.0000, 211.19
341, 621, 106, 22, 0.7111, 0.7866, 0.3820, 0.6877, 0.3556, 170.80
341, 574, 119, 97, 0.6222, 7.2613, 6.6806, 2.8455, 0.3111, 111.40
341, 596, 143, 134, 0.6778, 9.0339, 7.8741, 4.4284, 0.5422, 123.31
341, 556, 63, 6, 0.5000, 29.8357, 12.7461, -26.9760, 0.3000, 194.67
341, 588, 108, -5, 0.5806, 23.5211, 6.4259, -22.6263, 0.3483, 132.67
342, 577, 41, 62, 1.0000, 1.7137, 1.7137, -0.0059, 1.0000, 211.66
342, 581, 45, 72, 0.5625, 12.7466, 12.1769, 3.7680, 0.2250, 193.75
342, 620, 20, 61, 0.7056, 1.4226, 1.2279, 0.7184, 0.2822, 206.88
342, 621, 105, 23, 0.7667, 0.9681, -0.3270, 0.9112, 0.4600, 166.50
342, 574, 120, 97, 0.6806, 1.5320, 1.4983, -0.3196, 0.4083, 109.00
342, 623, 80, 56, 0.6000, 21.8475, 13.5831, 17.1118, 0.1800, 197.33
342, 596, 151, 138, 0.5778, 9.0339, 7.8741, 4.4284, 0.4622, 123.31
343, 577, 42, 62, 1.0000, 1.2922, 1.2918, -0.0303, 1.0000, 212.47
343, 581, 66, 95, 0.6222, 28.4348, 19.4254, 20.7652, 0.3111, 188.00
343, 574, 121, 96, 0.7381, 1.2481, 1.1270, -0.5363, 0.5167, 108.71
343, 624, 34, 122, 0.6000, 6.7345, 4.7955, -4.7283, 0.1800, 147.33
343, 620, 21, 62, 0.6056, 1.4226, 1.2279, 0.7184, 0.2422, 206.88
343, 621, 105, 24, 0.6667, 0.9681, -0.3270, 0.9112, 0.4000, 166.50
343, 623, 93, 73, 0.5000, 21.8475, 13.5831, 17.1118, 0.1500, 197.33
344, 577, 43, 62, 1.0000, 1.0179, 1.0178, -0.0128, 1.0000, 214.40
344, 581, 94, 117, 0.6806, 35.1233, 27.6741, 21.6286, 0.4083, 177.33
344, 620, 20, 63, 0.7611, 0.9971, -0.1119, 0.9908, 0.3806, 206.70
344, 621, 119, 21, 0.8222, 8.4124, 8.3269, -1.1966, 0.5756, 164.57
344, 574, 122, 96, 0.7951, 0.9863, 0.9742, -0.1537, 0.6361, 110.38
344, 624, 51, 118, 0.6556, 16.1908, 15.6063, -4.3111, 0.2622, 149.75
345, 577, 45, 62, 1.0000, 1.6626, 1.6626, -0.0010, 1.0000, 215.30
345, 613, 116, 76, 0.6000, 49.6938, 41.2014, 27.7833, 0.1800, 175.33
345, 620, 20, 63, 0.8167, 0.2463, -0.0901, 0.2292, 0.4900, 204.58
345, 574, 124, 96, 0.8519, 1.7467, 1.7465, 0.0209, 0.7667, 108.89
345, 624, 81, 116, 0.7111, 28.1134, 28.0027, -2.4922, 0.3556, 144.20
345, 581, 122, 138, 0.5806, 35.1233, 27.6741, 21.6286, 0.3483, 177.33
346, 574, 126, 97, 0.9083, 2.2049, 2.0531, 0.8039, 0.9083, 108.05
346, 624, 112, 119, 0.7667, 31.4543, 31.3351, 2.7356, 0.4600, 138.17
346, 577, 47, 62, 0.9000, 1.6626, 1.6626, -0.0010, 0.9000, 215.30
346, 613, 158, 104, 0.5000, 49.6938, 41.2014, 27.7833, 0.1500, 175.33
346, 620, 20, 63, 0.7167, 0.2463, -0.0901, 0.2292, 0.4300, 204.58
347, 577, 48, 62, 1.0000, 1.5711, 1.5711, 0.0015, 1.0000, 215.83
347, 591, 14, 20, 0.5625, 1.8808, 0.0000, -1.8808, 0.2250, 204.50
347, 620, 21, 65, 0.8722, 1.1480, 0.5618, 1.0011, 0.6106, 203.36
347, 624, 119, 121, 0.8222, 9.6578, 9.4108, 2.1703, 0.5756, 132.00
347, 574, 128, 98, 0.8083, 2.2049, 2.0531, 0.8039, 0.8083, 108.05
348, 577, 68, 61, 1.0000, 17.3619, 17.3477, -0.7031, 1.0000, 215.33
348, 591, 14, 18, 0.6722, 2.0532, 0.0000, -2.0532, 0.3361, 209.60
348, 620, 19, 58, 0.9278, 6.1655, -1.4075, -6.0027, 0.7422, 202.19
348, 602, 8, 113, 0.5625, 28.1313, -13.6173, 24.6158, 0.2250, 187.75
348, 574, 130, 98, 0.7083, 2.2049, 2.0531, 0.8039, 0.7083, 108.05
349, 591, 13, 15, 0.7306, 2.9003, -0.7631, -2.7981, 0.4383, 209.17
349, 628, 50, 62, 0.6000, 0.9228, 0.9224, 0.0269, 0.1800, 210.83
349, 577, 86, 60, 0.9000, 17.3619, 17.3477, -0.7031, 0.9000, 215.33
349, 620, 18, 52, 0.8278, 6.1655, -1.4075, -6.0027, 0.6622, 202.19
349, 574, 132, 99, 0.6083, 2.2049, 2.0531, 0.8039, 0.6083, 108.05
350, 577, 95, 68, 1.0000, 13.6684, 13.1797, 3.6225, 1.0000, 213.00
350, 578, 82, 77, 0.5625, 7.7918, 6.7641, -3.8677, 0.2250, 159.50
350, 591, 13, 13, 0.7881, 2.3150, -0.2910, -2.2966, 0.5517, 211.29
350, 628, 52, 62, 0.7056, 1.7903, 1.7903, -0.0093, 0.2822, 220.88
350, 632, 88, 120, 0.6000, 1.4041, 0.9928, 0.9928, 0.1800, 126.00
350, 633, 85, 31, 0.6000, 27.8186, -27.5518, 3.8431, 0.1800, 146.67
350, 574, 134, 100, 0.5083, 2.2049, 2.0531, 0.8039, 0.5083, 108.05
351, 578, 102, 90, 0.6222, 21.4669, 18.4227, 11.0197, 0.3111, 149.20
351, 591, 13, 11, 0.8451, 1.9985, -0.0014, -1.9984, 0.6761, 213.50
351, 627, 37, 102, 0.6000, 24.3228, -14.7355, -19.3511, 0.1800, 156.33
351, 628, 39, 65, 0.7111, 12.0595, -11.6687, 3.0450, 0.3556, 215.10
351, 632, 90, 121, 0.7056, 2.0303, 1.7634, 1.0062, 0.2822, 128.25
351, 633, 54, 59, 0.6556, 39.3404, -30.8677, 24.3897, 0.2622, 162.75
351, 634, 114, 28, 0.6000, 1.2208, 0.9177, 0.8050, 0.1800, 143.00
351, 635, 18, 1, 0.6000, 0.9530, 0.0336, 0.9524, 0.1800, 253.00
351, 577, 109, 71, 0.9000, 13.6684, 13.1797, 3.6225, 0.9000, 213.00
352, 591, 13, 9, 0.9019, 1.9567, 0.0418, -1.9563, 0.8117, 214.56
352, 627, 6, 86, 0.6556, 33.7009, -29.4450, -16.3933, 0.2622, 179.12
352, 628, 5, 73, 0.7667, 32.2931, -31.4625, 7.2773, 0.4600, 211.42
352, 632, 91, 121, 0.7611, 1.3043, 1.2821, 0.2399, 0.3806, 128.80
352, 633, 17, 79, 0.7111, 41.4888, -35.9813, 20.6558, 0.3556, 166.00
352, 634, 115, 29, 0.7056, 1.4677, 1.0242, 1.0512, 0.2822, 144.75
352, 635, 18, 2, 0.7056, 1.0122, -0.0037, 1.0122, 0.2822, 252.25
352, 640, 125, 65, 0.6000, 10.1239, 7.6190, -6.6667, 0.1800, 110.00
352, 578, 120, 102, 0.5222, 21.4669, 18.4227, 11.0197, 0.2611, 149.20
353, 591, 13, 8, 0.9583, 1.2313, 0.0167, -1.2312, 0.9583, 216.05
353, 627, -1, 62, 0.7111, 24.9769, -8.9039, -23.3359, 0.3556, 181.70
353, 632, 92, 122, 0.8167, 1.2230, 0.9964, 0.7092, 0.4900, 133.33
353, 634, 110, 37, 0.7111, 8.3570, -4.3238, 7.1515, 0.3556, 144.20
353, 635, 18, 2, 0.7611, 0.2472, -0.0057, 0.2471, 0.3806, 252.20
353, 639, 35, 66, 0.6000, 13.3416, 12.8479, -3.5957, 0.1800, 191.00
353, 640, 117, 33, 0.6556, 29.4486, -5.4656, -28.9369, 0.2622, 115.50
354, 616, 60, 78, 0.6000, 20.5202, -19.3671, -6.7821, 0.1800, 163.33
354, 591, 12, 5, 1.0000, 2.5576, -0.7470, -2.4461, 1.0000, 217.50
354, 632, 93, 123, 0.8722, 1.3834, 0.9577, 0.9983, 0.6106, 133.14
354, 634, 110, 65, 0.7667, 26.2702, -0.2692, 26.2688, 0.4600, 141.83
354, 635, 19, 3, 0.8167, 1.0429, 0.7628, 0.7112, 0.4900, 252.17
354, 639, 52, 69, 0.6556, 16.7237, 16.6105, 1.9426, 0.2622, 191.50
354, 643, 100, 103, 0.6000, 33.0179, -24.6655, -21.9499, 0.1800, 101.00
354, 644, 72, 0, 0.6000, 4.0406, 2.8571, -2.8571, 0.1800, 183.67
354, 627, -10, 39, 0.6111, 24.9769, -8.9039, -23.3359, 0.3056, 181.70
354, 640, 112, 4, 0.5556, 29.4486, -5.4656, -28.9369, 0.2222, 115.50
355, 591, 12, 3, 1.0000, 2.3163, -0.3058, -2.2960, 1.0000, 217.46
355, 626, 6, 91, 0.6000, 16.2323, 2.8184, 15.9858, 0.1800, 182.00
355, 632, 94, 124, 0.9278, 1.4330, 0.9841, 1.0416, 0.7422, 133.12
355, 635, 19, 4, 0.8722, 1.0404, 0.2941, 0.9980, 0.6106, 252.57
355, 639, 60, 64, 0.7111, 9.9183, 9.0062, -4.1547, 0.3556, 191.00
355, 644, 71, 0, 0.7056, 0.7764, 0.0225, -0.7760, 0.2822, 186.62
355, 645, 96, 15, 0.6000, 1.3708, 0.9860, -0.9524, 0.1800, 194.00
355, 616, 40, 71, 0.5000, 20.5202, -19.3671, -6.7821, 0.1500, 163.33
355, 643, 75, 81, 0.5000, 33.0179, -24.6655, -21.9499, 0.1500, 101.00
356, 616, 23, 74, 0.6556, 18.3054, -18.2215, -1.7506, 0.2622, 170.75
356, 591, 11, 2, 1.0000, 1.5154, -0.7524, -1.3154, 1.0000, 218.42
356, 632, 95, 125, 0.9833, 1.4260, 0.9999, 1.0167, 0.8850, 135.67
356, 635, 19, 4, 0.9278, 0.2853, 0.0036, 0.2852, 0.7422, 252.88
356, 608, 31, 27, 0.5625, 41.2837, -39.5918, -11.6976, 0.2250, 215.25
356, 639, 62, 63, 0.7667, 3.1551, 2.5433, -1.8672, 0.4600, 199.67
356, 643, 83, 88, 0.6556, 8.8170, -6.4440, -6.0179, 0.2622, 113.00
356, 521, 126, 36, 0.5250, 4.4748, 4.1899, -1.5712, 0.3150, 130.67
356, 644, 70, 1, 0.7611, 1.4120, -1.1269, 0.8507, 0.3806, 187.70
356, 645, 97, 14, 0.7056, 1.4288, 1.0085, -1.0122, 0.2822, 196.25
356, 650, 9, 87, 0.6000, 1.9384, 1.9384, 0.0000, 0.1800, 245.00
356, 626, 9, 107, 0.5000, 16.2323, 2.8184, 15.9858, 0.1500, 182.00
357, 616, 5, 75, 0.7111, 18.0463, -17.9872, 1.4596, 0.3556, 173.10
357, 591, 11, 0, 1.0000, 1.6908, -0.2673, -1.6695, 1.0000, 219.68
357, 632, 104, 125, 1.0000, 7.7344, 7.7303, 0.2530, 1.0000, 131.10
357, 635, 30, 4, 0.9333, 9.7312, 9.7312, -0.0338, 0.8400, 250.00
357, 608, 15, 6, 0.6222, 26.8423, -18.3418, -19.5981, 0.3111, 222.60
357, 639, 62, 63, 0.8222, 0.4371, 0.4236, -0.1078, 0.5756, 205.57
357, 642, 87, 25, 0.6000, 28.6543, -26.1579, 11.6976, 0.1800, 148.33
357, 643, 83, 88, 0.7111, 0.6069, -0.4135, -0.4442, 0.3556, 120.20
357, 521, 127, 36, 0.6341, 1.0655, 0.9977, -0.3741, 0.4439, 128.43
357, 645, 98, 14, 0.7611, 1.0349, 1.0049, -0.2471, 0.3806, 197.20
357, 647, 116, 56, 0.6000, 25.0541, -3.7084, 24.7782, 0.1800, 130.33
357, 650, 10, 86, 0.7056, 1.4743, 1.2672, -0.7535, 0.2822, 238.88
357, 644, 69, 2, 0.6611, 1.4120, -1.1269, 0.8507, 0.3306, 187.70
358, 591, 19, 5, 1.0000, 7.6390, 6.5797, 3.8811, 1.0000, 221.90
358, 626, 9, 115, 0.6556, 6.3622, 0.6918, 6.3244, 0.2622, 174.25
358, 600, 46, 26, 0.5625, 32.2537, 18.7629, 26.2346, 0.2250, 216.00
358, 639, 63, 65, 0.8778, 1.8444, 0.5548, 1.7590, 0.7022, 203.88
358, 642, 75, 36, 0.6556, 18.0566, -14.1403, 11.2291, 0.2622, 155.00
358, 521, 123, 32, 0.6924, 4.4469, -3.2894, -2.9924, 0.5539, 130.62
358, 644, 62, 4, 0.8167, 4.7535, -4.4237, 1.7397, 0.4900, 190.42
358, 645, 99, 13, 0.8167, 1.2276, 1.0006, -0.7112, 0.4900, 193.00
358, 647, 116, 61, 0.6556, 7.2873, -1.0591, 7.2099, 0.2622, 128.25
358, 650, 11, 86, 0.7611, 1.0142, 0.9759, -0.2762, 0.3806, 234.70
358, 616, -13, 77, 0.6111, 18.0463, -17.9872, 1.4596, 0.3056, 173.10
358, 632, 111, 125, 0.9000, 7.7344, 7.7303, 0.2530, 0.9000, 131.10
358, 635, 40, 4, 0.8333, 9.7312, 9.7312, -0.0338, 0.7500, 250.00
358, 608, -3, -13, 0.5222, 26.8423, -18.3418, -19.5981, 0.2611, 222.60
359, 591, 21, 7, 1.0000, 3.8784, 2.8406, 2.6406, 1.0000, 223.84
359, 600, 81, 43, 0.6222, 37.3886, 32.6689, 18.1836, 0.3111, 209.80
359, 635, 65, 3, 0.9889, 18.7656, 18.7566, -0.5796, 0.9889, 245.30
359, 639, 65, 63, 0.9333, 1.8766, 1.6780, -0.8403, 0.8400, 206.78
359, 642, 41, 62, 0.7111, 39.5943, -31.5200, 23.9624, 0.3556, 165.40
359, 644, 56, 14, 0.8222, 10.7637, -5.8453, 9.0383, 0.5756, 194.93
359, 645, 100, 12, 0.8722, 1.4124, 0.9995, -0.9980, 0.6106, 193.29
359, 647, 113, 89, 0.7111, 26.2027, -2.1919, 26.1109, 0.3556, 122.80
359, 649, 9, 76, 0.6000, 27.9724, -12.4558, 25.0461, 0.1800, 201.00
359, 650, 13, 86, 0.8167, 1.7163, 1.7163, 0.0045, 0.4900, 235.42
359, 652, 11, 56, 0.6000, 5.1541, 1.9720, -4.7619, 0.1800, 206.67
359, 616, -31, 78, 0.5111, 18.0463, -17.9872, 1.4596, 0.2556, 173.10
359, 626, 10, 122, 0.5556, 6.3622, 0.6918, 6.3244, 0.2222, 174.25
359, 632, 119, 126, 0.8000, 7.7344, 7.7303, 0.2530, 0.8000, 131.10
359, 521, 119, 29, 0.5924, 4.4469, -3.2894, -2.9924, 0.4739, 130.62
360, 591, 21, 7, 1.0000, 0.5491, 0.1811, 0.5183, 1.0000, 225.56
360, 465, 75, 48, 0.5143, 49.3757, 46.9360, 15.3287, 0.3600, 227.57
360, 600, 115, 41, 0.6806, 33.9675, 33.9668, 0.2091, 0.4083, 194.17
360, 632, 121, 121, 1.0000, 5.6313, 5.3535, -1.7469, 1.0000, 125.00
360, 635, 68, 4, 1.0000, 4.1520, 4.1082, 0.6020, 1.0000, 240.18
360, 547, 57, 73, 0.5250, 29.1177, 14.8603, 25.0402, 0.3150, 206.17
360, 639, 72, 66, 0.9889, 6.8882, 6.6714, 1.7142, 0.9889, 205.40
360, 521, 102, 13, 0.7000, 16.0528, -11.6911, -11.0004, 0.6300, 136.22
360, 645, 89, 14, 0.8778, 9.6620, -9.5838, 1.2267, 0.7022, 188.38
360, 650, 14, 86, 0.8722, 1.2796, 1.2789, 0.0417, 0.6106, 237.00
360, 644, 50, 23, 0.7222, 10.7637, -5.8453, 9.0383, 0.5056, 194.93
360, 649, -3, 101, 0.5000, 27.9724, -12.4558, 25.0461, 0.1500, 201.00
360, 652, 13, 51, 0.5000, 5.1541, 1.9720, -4.7619, 0.1500, 206.67
361, 591, 20, 8, 1.0000, 0.6513, -0.3677, 0.5376, 1.0000, 225.72
361, 622, 14, 9, 0.6000, 31.6066, -30.8763, 6.7549, 0.1800, 207.33
361, 547, 50, 108, 0.5841, 34.1531, -3.9805, 33.9204, 0.4089, 199.43
361, 644, 55, 44, 0.8778, 16.3405, -0.1035, 16.3401, 0.7022, 196.56
361, 650, 16, 86, 0.9278, 1.7605, 1.7604, 0.0156, 0.7422, 235.50
361, 652, 36, 33, 0.6556, 18.7709, 13.8715, -12.6463, 0.2622, 205.25
361, 600, 149, 42, 0.5806, 33.9675, 33.9668, 0.2091, 0.3483, 194.17
361, 632, 126, 119, 0.9000, 5.6313, 5.3535, -1.7469, 0.9000, 125.00
361, 639, 79, 67, 0.8889, 6.8882, 6.6714, 1.7142, 0.8889, 205.40
362, 465, 127, 46, 0.5722, 23.4720, 23.2804, -2.9929, 0.4578, 214.00
362, 650, 17, 86, 0.9833, 1.2594, 1.2594, 0.0000, 0.8850, 233.56
362, 652, 57, 24, 0.7111, 21.8751, 20.1000, -8.6317, 0.3556, 205.40
362, 471, 127, 34, 0.5088, 0.1094, 0.0851, -0.0688, 0.5088, 115.18
362, 622, -17, 16, 0.5000, 31.6066, -30.8763, 6.7549, 0.1500, 207.33
362, 632, 132, 118, 0.8000, 5.6313, 5.3535, -1.7469, 0.8000, 125.00
362, 639, 85, 69, 0.7889, 6.8882, 6.6714, 1.7142, 0.7889, 205.40
363, 650, 19, 86, 1.0000, 1.7389, 1.7389, -0.0023, 1.0000, 234.40
363, 584, 46, 126, 0.5400, 0.0000, 0.0000, 0.0000, 0.2700, 144.60
363, 659, 12, 81, 0.6000, 1.3708, 0.9860, 0.9524, 0.1800, 216.00
363, 660, 26, 81, 0.6000, 1.3469, 0.9524, 0.9524, 0.1800, 186.00
363, 632, 137, 116, 0.7000, 5.6313, 5.3535, -1.7469, 0.7000, 125.00
363, 639, 92, 71, 0.6889, 6.8882, 6.6714, 1.7142, 0.6889, 205.40
364, 650, 21, 85, 1.0000, 2.1383, 2.0046, -0.7443, 1.0000, 232.91
364, 584, 63, 119, 0.6000, 15.6096, 14.3864, -6.0574, 0.3600, 143.33
364, 658, 70, 27, 0.6556, 15.2387, -15.0701, -2.2605, 0.2622, 174.25
364, 659, 13, 81, 0.7056, 1.0412, 1.0085, 0.2587, 0.2822, 208.75
364, 660, 26, 83, 0.7056, 1.7845, 0.2587, 1.7657, 0.2822, 185.75
364, 542, 123, 93, 0.5375, 2.0381, 2.0381, -0.0006, 0.5375, 108.25
364, 661, 61, 7, 0.6000, 1.3708, -0.9860, 0.9524, 0.1800, 215.00
364, 665, 21, 13, 0.6000, 48.0881, 6.7003, -47.6190, 0.1800, 222.44
364, 632, 143, 114, 0.6000, 5.6313, 5.3535, -1.7469, 0.6000, 125.00
364, 639, 99, 72, 0.5889, 6.8882, 6.6714, 1.7142, 0.5889, 205.40
365, 632, 124, 106, 1.0000, 3.5103, -0.8669, -3.4016, 1.0000, 121.25
365, 638, 20, 61, 0.6000, 53.1457, -53.1119, -1.8964, 0.1800, 209.67
365, 650, 22, 85, 1.0000, 1.3376, 1.3021, -0.3060, 1.0000, 234.75
365, 660, 26, 83, 0.7611, 0.5241, -0.0291, 0.5233, 0.3806, 185.60
365, 542, 125, 93, 0.5902, 1.9769, 1.9769, 0.0004, 0.5902, 108.00
365, 584, 77, 113, 0.5000, 15.6096, 14.3864, -6.0574, 0.3000, 143.33
365, 658, 54, 25, 0.5556, 15.2387, -15.0701, -2.2605, 0.2222, 174.25
365, 659, 14, 81, 0.6056, 1.0412, 1.0085, 0.2587, 0.2422, 208.75
365, 661, 60, 8, 0.5000, 1.3708, -0.9860, 0.9524, 0.1500, 215.00
365, 665, 27, -35, 0.5000, 48.0881, 6.7003, -47.6190, 0.1500, 222.44
366, 626, 28, 127, 0.7111, 2.9917, 2.9749, -0.3164, 0.3556, 168.00
366, 639, 100, 56, 1.0000, 4.8140, 3.9313, -2.7783, 1.0000, 203.00
366, 650, 16, 83, 1.0000, 5.1262, -4.9065, -1.4844, 1.0000, 231.15
366, 658, 58, 9, 0.7111, 11.3059, -4.2517, -10.4760, 0.3556, 180.80
366, 659, 3, 82, 0.7111, 5.6501, -5.6313, 0.4601, 0.3556, 202.60
366, 660, 24, 85, 0.8167, 2.1571, -1.5776, 1.4712, 0.4900, 196.67
366, 661, 75, 37, 0.6556, 18.5320, 8.1489, 16.6442, 0.2622, 211.00
366, 638, -33, 59, 0.5000, 53.1457, -53.1119, -1.8964, 0.1500, 209.67
367, 639, 111, 34, 1.0000, 24.1088, 10.9891, -21.4586, 1.0000, 196.58
367, 650, 15, 84, 1.0000, 1.5496, -1.5423, 0.1505, 1.0000, 228.93
367, 583, 12, 122, 0.5400, 37.5498, -37.4524, -2.7024, 0.2700, 159.60
367, 658, 48, 1, 0.7667, 12.2255, -9.7009, -7.4401, 0.4600, 182.00
367, 668, 22, 13, 0.6000, 1.3708, 0.9524, 0.9860, 0.1800, 248.33
367, 660, 23, 86, 0.7167, 2.1571, -1.5776, 1.4712, 0.4300, 196.67
367, 661, 84, 54, 0.5556, 18.5320, 8.1489, 16.6442, 0.2222, 211.00
368, 650, 25, 84, 1.0000, 8.1423, 8.1370, 0.2948, 1.0000, 227.27
368, 660, 17, 86, 0.8722, 3.8899, -3.8575, 0.5009, 0.6106, 196.00
368, 668, 46, 10, 0.6556, 20.7872, 20.6033, -2.7590, 0.2622, 236.75
368, 669, 20, 62, 0.6000, 0.9860, 0.9860, 0.0000, 0.1800, 205.00
369, 650, 30, 83, 1.0000, 5.2096, 5.1716, -0.6280, 1.0000, 228.88
369, 660, 16, 87, 0.9278, 1.3010, -1.0003, 0.8320, 0.7422, 193.00
369, 669, 21, 62, 0.7056, 1.0085, 1.0085, 0.0000, 0.2822, 204.25
369, 671, 7, 20, 0.6000, 19.8960, 5.7479, 19.0476, 0.1800, 236.67
369, 668, 66, 7, 0.5556, 20.7872, 20.6033, -2.7590, 0.2222, 236.75
370, 650, 31, 83, 1.0000, 1.6907, 1.6613, -0.3140, 1.0000, 229.82
370, 660, 18, 88, 0.9833, 1.3682, 0.9264, 1.0068, 0.8850, 191.67
370, 669, 22, 62, 0.7611, 1.0049, 1.0049, 0.0000, 0.3806, 208.80
370, 671, 12, 60, 0.6556, 37.2025, 5.3159, 36.8208, 0.2622, 222.75
370, 672, 55, 11, 0.6000, 1.3708, -0.9860, 0.9524, 0.1800, 204.33
371, 650, 32, 83, 1.0000, 1.3592, 1.3587, -0.0356, 1.0000, 231.00
371, 655, 12, 124, 0.6000, 53.3912, -12.2846, 51.9587, 0.1800, 168.67
371, 660, 18, 89, 1.0000, 1.1435, 0.5033, 1.0267, 1.0000, 191.20
371, 669, 24, 62, 0.8167, 1.7651, 1.7651, 0.0000, 0.4900, 206.17
371, 672, 54, 12, 0.7056, 1.4288, -1.0085, 1.0122, 0.2822, 205.00
371, 671, 17, 97, 0.5556, 37.2025, 5.3159, 36.8208, 0.2222, 222.75
372, 650, 34, 82, 1.0000, 1.9108, 1.7795, -0.6961, 1.0000, 232.26
372, 660, 19, 91, 1.0000, 1.9444, 0.8158, 1.7650, 1.0000, 189.73
372, 669, 25, 62, 0.8722, 1.2935, 1.2935, 0.0000, 0.6106, 206.57
372, 672, 53, 12, 0.7611, 1.0349, -1.0049, 0.2471, 0.3806, 207.40
372, 674, 37, 66, 0.6000, 25.4943, 9.1771, -23.7853, 0.1800, 184.33
372, 676, 24, 16, 0.6000, 1.3469, 0.9524, 0.9524, 0.1800, 235.17
372, 655, -1, 176, 0.5000, 53.3912, -12.2846, 51.9587, 0.1500, 168.67
373, 650, 35, 82, 1.0000, 1.3091, 1.2763, -0.2913, 1.0000, 232.95
373, 660, 20, 92, 1.0000, 1.6396, 1.0005, 1.2989, 1.0000, 190.04
373, 669, 26, 62, 0.9278, 1.0030, 1.0030, 0.0000, 0.7422, 204.88
373, 672, 52, 13, 0.8167, 1.2276, -1.0006, 0.7112, 0.4900, 213.50
373, 674, 43, 59, 0.6556, 10.6542, 6.4562, -8.4752, 0.2622, 188.75
373, 590, 36, 87, 0.5400, 34.1790, -2.7531, -34.0680, 0.2700, 153.20
373, 676, 25, 16, 0.7056, 1.0447, 1.0122, 0.2587, 0.2822, 237.88
374, 650, 37, 81, 1.0000, 1.8799, 1.7259, -0.7453, 1.0000, 234.00
374, 660, 20, 93, 1.0000, 1.0447, 0.2799, 1.0065, 1.0000, 190.96
374, 669, 27, 62, 0.9833, 0.9581, 0.9581, 0.0000, 0.8850, 204.00
374, 672, 50, 14, 0.8722, 2.0231, -1.7598, 0.9980, 0.6106, 213.43
374, 674, 68, 41, 0.7111, 28.5679, 22.5438, -17.5472, 0.3556, 194.60
374, 590, 58, 68, 0.6000, 28.4001, 18.8855, -21.2109, 0.3600, 157.50
374, 676, 25, 17, 0.7611, 0.7750, 0.2471, 0.7345, 0.3806, 240.70
375, 650, 31, 92, 1.0000, 10.2921, -4.5748, 9.2195, 1.0000, 231.32
375, 654, 43, 62, 0.6000, 20.4511, 16.2421, -12.4274, 0.1800, 198.67
375, 660, 21, 94, 1.0000, 1.1909, 0.7076, 0.9580, 1.0000, 189.61
375, 669, 28, 62, 1.0000, 0.9828, 0.9828, 0.0000, 1.0000, 205.70
375, 672, 49, 14, 0.9278, 1.3269, -1.2958, 0.2852, 0.7422, 213.12
375, 676, 26, 17, 0.8167, 0.7514, 0.7112, 0.2423, 0.4900, 243.08
375, 679, 22, 120, 0.6000, 31.0300, 20.9860, 22.8571, 0.1800, 211.00
375, 590, 77, 47, 0.5000, 28.4001, 18.8855, -21.2109, 0.3000, 157.50
376, 650, 29, 96, 1.0000, 5.2703, -2.2216, 4.7792, 1.0000, 229.04
376, 654, 49, 49, 0.6556, 14.6021, 7.5320, -12.5096, 0.2622, 197.50
376, 617, 40, 80, 0.5625, 0.9620, 0.9620, 0.0061, 0.2250, 203.38
376, 660, 22, 95, 1.0000, 1.3929, 0.9882, 0.9817, 1.0000, 188.43
376, 669, 30, 62, 1.0000, 1.7426, 1.7426, 0.0000, 1.0000, 205.82
376, 672, 48, 15, 0.9833, 1.2354, -1.0053, 0.7180, 0.8850, 212.33
376, 676, 26, 18, 0.8722, 0.7840, 0.2377, 0.7471, 0.6106, 243.93
376, 679, 40, 125, 0.6556, 19.0602, 17.7433, 6.9618, 0.2622, 198.25
376, 680, 4, 97, 0.6000, 1.3268, 0.8801, -0.9928, 0.1800, 202.83
376, 630, 61, 32, 0.5625, 43.0749, -29.4566, -31.4286, 0.2250, 191.50
377, 650, 9, 97, 1.0000, 17.8034, -17.7541, 1.3243, 1.0000, 230.12
377, 617, 41, 80, 0.6722, 1.0176, 1.0176, -0.0027, 0.3361, 205.30
377, 666, 56, 116, 0.6556, 18.2229, 1.5109, 18.1602, 0.2622, 157.25
377, 676, 27, 18, 0.9278, 0.7878, 0.7451, 0.2557, 0.7422, 245.06
377, 679, 61, 126, 0.7111, 21.4171, 21.3354, 1.8695, 0.3556, 187.20
377, 680, 1, 79, 0.6556, 16.3827, -2.7527, -16.1498, 0.2622, 197.38
377, 654, 57, 37, 0.5556, 14.6021, 7.5320, -12.5096, 0.2222, 197.50
377, 660, 23, 96, 0.9000, 1.3929, 0.9882, 0.9817, 0.9000, 188.43
377, 669, 32, 62, 0.9000, 1.7426, 1.7426, 0.0000, 0.9000, 205.82
377, 672, 47, 16, 0.8833, 1.2354, -1.0053, 0.7180, 0.7950, 212.33
378, 617, 44, 79, 0.7306, 2.6506, 2.5378, -0.7650, 0.4383, 207.83
378, 660, 31, 98, 1.0000, 5.0652, 4.8235, 1.5458, 1.0000, 187.47
378, 666, 57, 121, 0.7111, 6.7867, 1.3163, 6.6578, 0.3556, 160.20
378, 669, 32, 62, 1.0000, 1.0201, 1.0201, 0.0000, 1.0000, 205.83
378, 672, 46, 16, 1.0000, 1.1021, -0.9681, 0.5267, 1.0000, 212.20
378, 676, 31, 28, 0.9333, 9.5862, 3.2665, 9.0125, 0.8400, 240.83
378, 630, 26, 17, 0.6222, 16.6883, -16.0434, -4.5942, 0.3111, 203.20
378, 680, -2, 62, 0.5556, 16.3827, -2.7527, -16.1498, 0.2222, 197.38
379, 617, 45, 79, 0.7881, 1.6103, 1.5838, -0.2913, 0.5517, 214.00
379, 660, 32, 99, 1.0000, 1.8589, 1.4434, 1.1713, 1.0000, 186.50
379, 666, 58, 120, 0.7667, 1.0517, 1.0462, -0.1081, 0.4600, 161.92
379, 672, 31, 19, 1.0000, 13.5269, -13.1537, 3.1559, 1.0000, 212.45
379, 455, 98, 64, 0.5205, 1.9374, 1.9369, 0.0438, 0.5205, 166.95
379, 669, 33, 62, 0.9000, 1.0201, 1.0201, 0.0000, 0.9000, 205.83
379, 676, 34, 37, 0.8333, 9.5862, 3.2665, 9.0125, 0.7500, 240.83
379, 630, 10, 13, 0.5222, 16.6883, -16.0434, -4.5942, 0.2611, 203.20
380, 617, 47, 78, 0.8451, 1.9196, 1.7621, -0.7615, 0.6761, 217.12
380, 666, 58, 120, 0.8222, 0.3172, 0.1979, -0.2479, 0.5756, 161.93
380, 669, 45, 60, 1.0000, 7.0618, 6.9768, -1.0928, 1.0000, 206.46
380, 672, 27, 20, 1.0000, 5.2547, -5.1193, 1.1849, 1.0000, 215.83
380, 564, 28, 45, 0.5365, 4.9577, 4.8453, 1.0498, 0.5365, 237.86
380, 677, 44, 18, 0.6000, 1.3175, -0.9271, 0.9361, 0.1800, 207.00
380, 631, 48, 56, 0.5625, 4.5410, 2.7300, -3.6288, 0.2250, 206.75
380, 660, 33, 100, 0.9000, 1.8589, 1.4434, 1.1713, 0.9000, 186.50
380, 676, 37, 46, 0.7333, 9.5862, 3.2665, 9.0125, 0.6600, 240.83
381, 617, 48, 78, 0.9019, 1.2383, 1.2119, -0.2542, 0.8117, 219.11
381, 660, 28, 98, 1.0000, 2.2170, -2.1115, -0.6759, 1.0000, 186.47
381, 666, 59, 120, 0.8778, 0.7002, 0.6960, -0.0762, 0.7022, 164.19
381, 669, 80, 54, 1.0000, 32.4448, 31.9642, -5.5641, 1.0000, 205.00
381, 672, 28, 21, 1.0000, 0.7704, -0.1387, 0.7578, 1.0000, 218.69
381, 677, 43, 19, 0.7056, 1.4564, -1.0317, 1.0280, 0.2822, 211.25
381, 676, 40, 55, 0.6333, 9.5862, 3.2665, 9.0125, 0.5700, 240.83
382, 617, 50, 78, 0.9583, 1.7237, 1.7236, 0.0113, 0.9583, 218.30
382, 660, 10, 93, 1.0000, 17.1572, -16.4789, -4.7762, 1.0000, 185.50
382, 666, 60, 120, 0.9333, 1.0026, 1.0025, 0.0073, 0.8400, 164.61
382, 672, 30, 21, 1.0000, 1.4712, 1.4655, 0.1299, 1.0000, 221.00
382, 676, 37, 63, 0.9889, 8.6634, 1.1448, 8.5874, 0.9889, 236.85
382, 677, 42, 19, 0.7611, 1.0527, -1.0212, 0.2556, 0.3806, 210.80
382, 631, 41, 45, 0.6222, 7.0073, -3.9139, -5.8123, 0.3111, 205.20
383, 656, 87, 116, 0.6000, 16.5774, -16.4633, 1.9415, 0.1800, 98.33
383, 617, 52, 76, 1.0000, 2.4769, 2.0060, -1.4529, 1.0000, 221.64
383, 666, 61, 121, 0.9889, 1.3082, 1.0443, 0.7878, 0.9889, 163.95
383, 672, 30, 22, 1.0000, 0.9217, 0.6217, 0.6804, 1.0000, 222.93
383, 676, 38, 64, 1.0000, 1.7692, 0.9815, 1.4720, 1.0000, 233.05
383, 679, 100, 122, 0.8778, 1.6269, 1.5310, 0.5503, 0.7022, 165.38
383, 637, 17, 112, 0.5625, 17.1540, -11.5851, 12.6508, 0.2250, 187.50
383, 677, 41, 19, 0.6611, 1.0527, -1.0212, 0.2556, 0.3306, 210.80
383, 631, 38, 39, 0.5222, 7.0073, -3.9139, -5.8123, 0.2611, 205.20
384, 617, 53, 76, 1.0000, 1.4286, 1.3004, -0.5916, 1.0000, 221.54
384, 666, 62, 121, 1.0000, 1.0563, 1.0160, 0.2893, 1.0000, 163.32
384, 672, 30, 23, 1.0000, 1.0022, 0.0312, 1.0017, 1.0000, 224.94
384, 676, 40, 63, 1.0000, 1.7892, 1.7311, -0.4523, 1.0000, 234.71
384, 677, 40, 20, 0.8167, 1.0912, -0.9967, 0.4444, 0.4900, 210.00
384, 656, 70, 118, 0.5000, 16.5774, -16.4633, 1.9415, 0.1500, 98.33
385, 617, 55, 75, 1.0000, 1.8738, 1.7112, -0.7637, 1.0000, 223.96
385, 666, 62, 121, 1.0000, 0.2254, 0.2253, -0.0059, 1.0000, 161.71
385, 672, 30, 24, 1.0000, 1.0527, -0.0821, 1.0495, 1.0000, 226.71
385, 676, 41, 63, 1.0000, 1.3417, 1.2868, -0.3800, 1.0000, 234.35
385, 677, 39, 21, 0.8722, 1.3358, -0.9979, 0.8880, 0.6106, 209.57
385, 631, 35, 6, 0.6806, 14.8270, -1.7436, -14.7242, 0.4083, 206.50
385, 637, 15, 114, 0.6222, 0.6453, 0.3961, -0.5095, 0.3111, 184.40
385, 646, 124, 66, 0.5625, 0.0000, 0.0000, 0.0000, 0.2250, 123.50
386, 656, 59, 108, 0.6556, 8.4813, -7.6882, -3.5810, 0.2622, 112.00
386, 617, 57, 75, 1.0000, 1.9990, 1.9859, -0.2286, 1.0000, 226.04
386, 666, 64, 122, 1.0000, 1.6565, 1.4865, 0.7308, 1.0000, 161.65
386, 672, 31, 24, 1.0000, 0.7569, 0.7043, 0.2773, 1.0000, 228.28
386, 422, 76, 35, 0.5000, 52.3781, -45.6515, 25.6789, 0.4500, 155.11
386, 676, 51, 68, 1.0000, 10.2721, 9.2702, 4.4248, 1.0000, 230.82
386, 677, 38, 22, 0.9278, 1.4393, -0.9997, 1.0355, 0.7422, 210.62
386, 574, 64, 119, 0.5365, 34.8666, -34.7413, -2.9540, 0.5365, 83.00
386, 637, 14, 104, 0.6806, 9.4807, -0.8409, -9.4434, 0.4083, 182.83
386, 653, 19, 96, 0.5625, 0.9243, 0.1008, 0.9188, 0.2250, 215.50
387, 656, 26, 96, 0.7111, 33.3976, -31.3779, -11.4380, 0.3556, 133.80
387, 617, 59, 74, 1.0000, 2.1585, 2.0383, -0.7103, 1.0000, 227.97
387, 666, 65, 122, 1.0000, 1.3178, 1.2898, 0.2701, 1.0000, 160.36
387, 422, 20, 49, 0.5556, 57.2640, -55.1229, 15.5124, 0.5556, 159.60
387, 653, 4, 99, 0.6222, 13.0665, -12.8206, 2.5229, 0.3111, 205.20
387, 695, 115, 93, 0.6000, 2.1597, 1.9384, -0.9524, 0.1800, 97.17
387, 676, 61, 72, 0.9000, 10.2721, 9.2702, 4.4248, 0.9000, 230.82
387, 677, 37, 23, 0.8278, 1.4393, -0.9997, 1.0355, 0.6622, 210.62
388, 617, 60, 74, 1.0000, 1.3196, 1.2920, -0.2687, 1.0000, 228.44
388, 666, 66, 123, 1.0000, 1.2916, 1.0374, 0.7695, 1.0000, 161.07
388, 676, 54, 69, 1.0000, 0.1007, -0.0215, 0.0984, 1.0000, 227.77
388, 692, 63, 45, 0.6000, 22.2154, 17.4365, -13.7657, 0.1800, 204.00
388, 695, 116, 94, 0.7056, 1.3604, 1.2672, 0.4948, 0.2822, 96.62
388, 696, 44, 94, 0.6000, 13.8408, 8.3345, -11.0501, 0.1800, 170.00
388, 677, 36, 24, 0.7278, 1.4393, -0.9997, 1.0355, 0.5822, 210.62
388, 653, -9, 101, 0.5222, 13.0665, -12.8206, 2.5229, 0.2611, 205.20
389, 617, 62, 73, 1.0000, 1.8374, 1.6870, -0.7281, 1.0000, 229.88
389, 666, 67, 123, 1.0000, 1.0037, 0.9727, 0.2475, 1.0000, 160.62
389, 675, 21, 6, 0.6000, 0.9498, 0.9498, -0.0027, 0.1800, 240.00
389, 677, 35, 24, 0.9833, 1.1638, -1.0002, 0.5950, 0.8850, 211.00
389, 646, 115, 65, 0.6722, 2.8806, -2.8630, -0.3181, 0.3361, 131.60
389, 539, 101, 18, 0.5143, 9.2354, -4.5580, -8.0323, 0.3600, 150.14
389, 695, 117, 95, 0.7611, 1.4473, 0.9759, 1.0688, 0.3806, 94.70
389, 696, 57, 73, 0.6556, 23.0931, 12.9858, -19.0961, 0.2622, 169.50
389, 692, 80, 31, 0.5000, 22.2154, 17.4365, -13.7657, 0.1500, 204.00
390, 617, 64, 73, 1.0000, 1.9934, 1.9740, -0.2774, 1.0000, 230.72
390, 666, 68, 124, 1.0000, 1.2374, 0.9844, 0.7498, 1.0000, 160.06
390, 675, 22, 6, 0.7056, 1.0232, 1.0232, 0.0012, 0.2822, 242.25
390, 646, 116, 65, 0.7306, 1.1838, 1.1825, -0.0559, 0.4383, 135.17
390, 692, 101, 17, 0.6556, 23.7233, 19.1870, -13.9518, 0.2622, 191.00
390, 696, 87, 65, 0.7111, 29.6413, 28.1130, -9.3950, 0.3556, 169.60
390, 677, 34, 25, 0.8833, 1.1638, -1.0002, 0.5950, 0.7950, 211.00
390, 695, 118, 96, 0.6611, 1.4473, 0.9759, 1.0688, 0.3306, 94.70
391, 617, 65, 73, 1.0000, 1.3240, 1.3239, -0.0077, 1.0000, 229.39
391, 666, 69, 124, 1.0000, 1.0290, 0.9980, 0.2506, 1.0000, 160.00
391, 675, 23, 7, 0.7611, 1.2704, 1.0150, 0.7640, 0.3806, 244.00
391, 677, 32, 27, 1.0000, 2.2154, -1.5507, 1.5821, 1.0000, 213.05
391, 646, 119, 65, 0.7881, 2.2484, 2.2484, 0.0154, 0.5517, 133.14
391, 694, 31, 102, 0.6000, 34.9254, -24.2527, 25.1314, 0.1800, 185.00
391, 695, 120, 95, 0.8167, 1.5254, 1.5245, -0.0521, 0.4900, 94.58
391, 697, 11, 22, 0.6000, 22.5472, -22.3866, -2.6864, 0.1800, 206.00
391, 667, 17, 127, 0.5625, 23.0964, -18.0952, 14.3529, 0.2250, 167.75
391, 692, 120, 3, 0.5556, 23.7233, 19.1870, -13.9518, 0.2222, 191.00
391, 696, 115, 56, 0.6111, 29.6413, 28.1130, -9.3950, 0.3056, 169.60
392, 617, 67, 72, 1.0000, 1.8268, 1.6999, -0.6691, 1.0000, 230.47
392, 666, 69, 125, 1.0000, 0.7849, 0.2437, 0.7461, 1.0000, 159.95
392, 675, 27, 4, 0.8167, 4.3030, 3.2957, -2.7667, 0.4900, 237.00
392, 677, 32, 29, 1.0000, 1.9909, -0.4007, 1.9502, 1.0000, 216.68
392, 646, 122, 65, 0.8451, 2.9662, 2.9662, 0.0133, 0.6761, 131.62
392, 695, 121, 95, 0.8722, 1.1494, 1.1469, -0.0751, 0.6106, 94.93
392, 694, 7, 127, 0.5000, 34.9254, -24.2527, 25.1314, 0.1500, 185.00
392, 697, -11, 20, 0.5000, 22.5472, -22.3866, -2.6864, 0.1500, 206.00
393, 617, 69, 71, 1.0000, 2.2159, 1.9725, -1.0096, 1.0000, 230.54
393, 666, 70, 125, 1.0000, 0.7486, 0.7033, 0.2564, 1.0000, 159.60
393, 673, 25, 7, 0.6000, 0.9607, 0.9607, -0.0018, 0.1800, 240.33
393, 675, 28, 1, 0.8722, 3.2822, 1.8738, -2.6947, 0.6106, 234.71
393, 677, 32, 35, 1.0000, 5.7612, 0.0655, 5.7609, 1.0000, 215.46
393, 693, 52, 64, 0.6000, 7.3396, 0.0000, -7.3396, 0.1800, 199.33
393, 695, 121, 95, 0.9278, 0.2233, 0.2223, -0.0213, 0.7422, 93.44
394, 617, 71, 71, 1.0000, 2.0672, 2.0362, -0.3564, 1.0000, 230.15
394, 666, 71, 126, 1.0000, 1.2395, 0.9934, 0.7413, 1.0000, 160.86
394, 673, 26, 7, 0.7056, 1.0185, 1.0185, 0.0008, 0.2822, 243.50
394, 675, 28, 1, 0.9278, 0.6683, 0.2350, -0.6257, 0.7422, 233.38
394, 684, 80, 66, 0.6000, 15.9475, -0.9501, -15.9192, 0.1800, 185.67
394, 693, 35, 34, 0.6556, 30.1845, -14.4339, -26.5098, 0.2622, 212.50
394, 695, 124, 95, 0.9833, 2.1777, 2.1777, 0.0023, 0.8850, 92.50
394, 677, 32, 41, 0.9000, 5.7612, 0.0655, 5.7609, 0.9000, 215.46
395, 617, 73, 70, 1.0000, 2.1386, 2.0214, -0.6982, 1.0000, 230.36
395, 666, 72, 126, 1.0000, 1.0737, 1.0415, 0.2611, 1.0000, 160.82
395, 673, 24, 15, 0.7111, 6.9880, -1.2781, 6.8702, 0.3556, 236.20
395, 675, 27, 7, 0.9833, 5.5827, -0.9476, 5.5017, 0.8850, 235.56
395, 677, 36, 63, 1.0000, 15.2512, 2.2097, 15.0903, 1.0000, 213.73
395, 684, 79, 41, 0.6556, 23.5623, -1.0224, -23.5401, 0.2622, 191.00
395, 693, 32, 28, 0.7111, 9.9073, -4.5524, -8.7994, 0.3556, 220.00
395, 695, 125, 96, 1.0000, 1.7554, 1.5864, 0.7517, 1.0000, 92.15
395, 704, 45, 89, 0.6000, 28.9136, 9.1771, -27.4186, 0.1800, 162.67
396, 617, 74, 70, 1.0000, 1.3380, 1.3103, -0.2705, 1.0000, 230.60
396, 666, 73, 127, 1.0000, 1.2564, 1.0180, 0.7365, 1.0000, 160.39
396, 673, 36, 32, 0.7667, 19.2259, 10.0669, 16.3796, 0.4600, 231.33
396, 675, 28, 9, 1.0000, 2.2234, 0.3677, 2.1927, 1.0000, 237.20
396, 458, 62, 124, 0.5062, 28.3701, -15.2923, 23.8959, 0.4050, 137.50
396, 685, 37, 94, 0.6000, 1.8948, 1.8948, 0.0145, 0.1800, 209.00
396, 687, 31, 119, 0.6000, 3.3910, -1.8754, -2.8252, 0.1800, 151.33
396, 662, 77, 37, 0.5625, 35.6287, -33.3353, -12.5763, 0.2250, 150.31
396, 704, 56, 63, 0.6556, 28.1403, 10.2421, -26.2102, 0.2622, 171.25
396, 677, 38, 78, 0.9000, 15.2512, 2.2097, 15.0903, 0.9000, 213.73
396, 684, 78, 18, 0.5556, 23.5623, -1.0224, -23.5401, 0.2222, 191.00
396, 695, 127, 97, 0.9000, 1.7554, 1.5864, 0.7517, 0.9000, 92.15
397, 617, 76, 69, 1.0000, 1.8090, 1.6672, -0.7021, 1.0000, 231.21
397, 666, 74, 127, 1.0000, 1.0359, 1.0012, 0.2659, 1.0000, 159.38
397, 673, 44, 46, 0.8222, 16.7930, 8.6106, 14.4174, 0.5756, 226.71
397, 675, 29, 8, 1.0000, 1.0432, 1.0426, 0.0349, 1.0000, 238.82
397, 677, 38, 94, 1.0000, 15.4383, 0.9822, 15.4070, 1.0000, 214.68
397, 458, 28, 125, 0.5630, 31.7340, -31.4326, 4.3633, 0.5067, 140.56
397, 685, 37, 117, 0.6556, 19.6698, 0.5347, 19.6625, 0.2622, 192.75
397, 693, 35, 36, 0.8222, 4.6545, 1.5812, 4.3777, 0.5756, 219.10
397, 662, 36, 31, 0.6222, 40.5618, -39.9618, -6.9505, 0.3111, 170.45
397, 710, 56, 62, 0.6000, 25.8703, -10.7459, -23.5329, 0.1800, 155.00
397, 687, 29, 116, 0.5000, 3.3910, -1.8754, -2.8252, 0.1500, 151.33
397, 695, 128, 97, 0.8000, 1.7554, 1.5864, 0.7517, 0.8000, 92.15
397, 704, 66, 37, 0.5556, 28.1403, 10.2421, -26.2102, 0.2222, 171.25
398, 617, 78, 68, 1.0000, 2.1869, 1.9555, -0.9791, 1.0000, 230.90
398, 673, 57, 63, 0.8778, 20.3955, 12.5153, 16.1042, 0.7022, 222.12
398, 675, 31, 8, 1.0000, 1.8974, 1.8725, -0.3066, 1.0000, 239.75
398, 677, 44, 117, 1.0000, 22.5271, 5.4195, 21.8655, 1.0000, 211.03
398, 458, 21, 123, 0.6194, 9.6435, -9.5278, -1.4897, 0.6194, 143.20
398, 685, 38, 124, 0.7111, 8.7607, 0.7134, 8.7316, 0.3556, 183.40
398, 662, -1, 23, 0.6806, 37.8574, -37.0512, -7.7714, 0.4083, 175.71
398, 704, 87, 29, 0.7111, 22.2935, 16.1549, -15.3629, 0.3556, 171.80
398, 709, 76, 88, 0.6556, 13.5859, -13.4908, 1.6051, 0.2622, 137.25
398, 710, 19, 33, 0.6556, 45.0871, -34.6222, -28.8817, 0.2622, 167.25
398, 666, 75, 127, 0.9000, 1.0359, 1.0012, 0.2659, 0.9000, 159.38
398, 695, 130, 98, 0.7000, 1.7554, 1.5864, 0.7517, 0.7000, 92.15
399, 617, 79, 68, 1.0000, 1.4000, 1.3532, -0.3588, 1.0000, 230.60
399, 673, 61, 65, 0.9333, 6.4736, 5.0520, 4.0477, 0.8400, 218.89
399, 675, 32, 8, 1.0000, 1.3326, 1.3270, -0.1222, 1.0000, 240.04
399, 709, 45, 66, 0.7111, 35.6554, -29.5279, -19.9852, 0.3556, 149.80
399, 666, 76, 128, 0.8000, 1.0359, 1.0012, 0.2659, 0.8000, 159.38
399, 458, 11, 122, 0.5194, 9.6435, -9.5278, -1.4897, 0.5194, 143.20
399, 685, 39, 133, 0.6111, 8.7607, 0.7134, 8.7316, 0.3056, 183.40
399, 695, 131, 99, 0.6000, 1.7554, 1.5864, 0.7517, 0.6000, 92.15
399, 662, -38, 15, 0.5806, 37.8574, -37.0512, -7.7714, 0.3483, 175.71
399, 710, -15, 4, 0.5556, 45.0871, -34.6222, -28.8817, 0.2222, 167.25
400, 617, 81, 67, 1.0000, 1.8227, 1.6883, -0.6870, 1.0000, 231.33
400, 675, 33, 9, 1.0000, 1.2553, 0.9976, 0.7620, 1.0000, 240.96
400, 687, 26, 107, 0.7056, 3.2936, -1.1161, -3.0987, 0.2822, 153.50
400, 666, 77, 128, 0.7000, 1.0359, 1.0012, 0.2659, 0.7000, 159.38
400, 695, 133, 100, 0.5000, 1.7554, 1.5864, 0.7517, 0.5000, 92.15
400, 709, 15, 46, 0.6111, 35.6554, -29.5279, -19.9852, 0.3056, 149.80
401, 617, 83, 66, 1.0000, 2.1766, 1.9561, -0.9545, 1.0000, 230.36
401, 675, 33, 9, 1.0000, 0.3613, 0.1874, 0.3089, 1.0000, 241.37
401, 687, 19, 98, 0.7111, 11.2815, -6.9048, -8.9216, 0.3556, 156.00
401, 625, 87, 30, 0.5400, 0.0000, 0.0000, 0.0000, 0.2700, 173.40
401, 666, 78, 128, 0.6000, 1.0359, 1.0012, 0.2659, 0.6000, 159.38
401, 709, -14, 26, 0.5111, 35.6554, -29.5279, -19.9852, 0.2556, 149.80
402, 617, 85, 66, 1.0000, 2.0642, 2.0322, -0.3620, 1.0000, 230.98
402, 675, 35, 9, 1.0000, 1.4539, 1.4539, 0.0068, 1.0000, 242.22
402, 687, 17, 96, 0.7667, 3.5318, -2.2478, -2.7242, 0.4600, 157.83
402, 625, 87, 30, 0.6500, 0.0000, 0.0000, 0.0000, 0.3900, 173.50
402, 666, 79, 128, 0.5000, 1.0359, 1.0012, 0.2659, 0.5000, 159.38
403, 617, 87, 66, 1.0000, 2.0242, 2.0241, -0.0170, 1.0000, 229.99
403, 675, 36, 9, 1.0000, 1.2926, 1.2919, -0.0425, 1.0000, 242.85
403, 687, 8, 94, 0.8222, 8.5539, -8.2934, -2.0949, 0.5756, 170.86
403, 625, 87, 30, 0.7087, 0.0000, 0.0000, 0.0000, 0.4961, 173.86
403, 719, 5, 90, 0.6000, 3.7761, 0.0336, -3.7759, 0.1800, 220.67
404, 617, 89, 65, 1.0000, 2.0963, 2.0067, -0.6063, 1.0000, 229.59
404, 675, 37, 10, 1.0000, 1.2846, 1.0453, 0.7467, 1.0000, 242.36
404, 687, 7, 94, 0.8778, 2.1117, -2.0730, -0.4023, 0.7022, 178.94
404, 625, 87, 30, 0.7667, 0.0000, 0.0000, 0.0000, 0.6133, 173.75
404, 719, 5, 89, 0.7056, 1.7919, -0.0037, -1.7919, 0.2822, 206.50
404, 720, 8, 0, 0.6000, 20.0227, -20.0000, -0.9524, 0.1800, 226.67
405, 617, 90, 65, 1.0000, 1.3775, 1.3415, -0.3128, 1.0000, 229.33
405, 675, 39, 10, 1.0000, 1.7629, 1.7386, 0.2914, 1.0000, 242.92
405, 707, 119, 40, 0.6000, 5.6024, 0.0227, 5.6023, 0.1800, 137.67
405, 625, 87, 30, 0.8241, 0.0000, 0.0000, 0.0000, 0.7417, 173.78
405, 719, 10, 89, 0.7611, 4.5786, 4.5756, -0.1656, 0.3806, 195.00
405, 721, 42, 48, 0.6000, 7.6450, -7.5854, 0.9524, 0.1800, 204.33
405, 687, 5, 93, 0.7778, 2.1117, -2.0730, -0.4023, 0.6222, 178.94
405, 720, -12, -1, 0.5000, 20.0227, -20.0000, -0.9524, 0.1500, 226.67
406, 617, 92, 64, 1.0000, 1.7980, 1.6523, -0.7092, 1.0000, 229.73
406, 675, 40, 10, 1.0000, 1.2777, 1.2777, 0.0037, 1.0000, 243.53
406, 687, 2, 91, 0.9333, 2.8333, -2.4417, -1.4373, 0.8400, 177.72
406, 707, 123, 55, 0.6556, 14.9959, 3.7796, 14.5117, 0.2622, 130.50
406, 625, 87, 30, 0.8811, 0.0000, 0.0000, 0.0000, 0.8811, 173.80
406, 721, 14, 56, 0.6556, 26.3882, -25.4318, 7.0402, 0.2622, 202.50
406, 719, 15, 89, 0.6611, 4.5786, 4.5756, -0.1656, 0.3306, 195.00
407, 617, 94, 64, 1.0000, 1.9609, 1.9346, -0.3203, 1.0000, 229.11
407, 675, 41, 10, 1.0000, 1.0016, 1.0007, -0.0409, 1.0000, 243.98
407, 707, 118, 73, 0.7111, 17.2673, -3.9562, 16.8080, 0.3556, 125.20
407, 625, 87, 30, 0.9379, 0.0000, 0.0000, 0.0000, 0.9379, 174.18
407, 719, 17, 95, 0.8167, 4.8250, 3.3163, 3.5047, 0.4900, 189.67
407, 565, 13, 95, 0.5143, 1.9384, 1.9384, 0.0000, 0.3600, 220.24
407, 723, 41, 38, 0.6000, 0.9530, 0.0336, 0.9524, 0.1800, 251.33
407, 687, 0, 90, 0.8333, 2.8333, -2.4417, -1.4373, 0.7500, 177.72
407, 721, -11, 63, 0.5556, 26.3882, -25.4318, 7.0402, 0.2222, 202.50
408, 617, 96, 63, 1.0000, 2.1420, 2.0285, -0.6882, 1.0000, 229.52
408, 675, 42, 10, 1.0000, 0.9597, 0.9595, -0.0167, 1.0000, 244.30
408, 603, 16, 62, 0.5400, 3.9915, -0.9684, 3.8722, 0.2700, 200.60
408, 707, 117, 75, 0.7667, 4.7632, -2.0598, 4.2948, 0.4600, 121.83
408, 719, 17, 95, 0.8722, 1.1676, 0.6489, 0.9707, 0.6106, 186.57
408, 565, 14, 95, 0.6222, 1.2672, 1.2672, 0.0000, 0.4978, 223.02
408, 722, 68, 5, 0.6000, 0.9928, 0.0000, 0.9928, 0.1800, 221.00
408, 723, 42, 39, 0.7056, 1.2597, 0.7498, 1.0122, 0.2822, 252.25
408, 687, -3, 88, 0.7333, 2.8333, -2.4417, -1.4373, 0.6600, 177.72
408, 625, 87, 30, 0.8379, 0.0000, 0.0000, 0.0000, 0.8379, 174.18
409, 617, 97, 63, 1.0000, 1.4207, 1.3855, -0.3142, 1.0000, 228.89
409, 675, 43, 11, 1.0000, 1.2351, 0.9837, 0.7469, 1.0000, 244.63
409, 707, 117, 74, 0.8222, 0.8345, -0.2102, -0.8076, 0.5756, 119.86
409, 663, 16, 46, 0.5625, 15.1228, 7.4974, 13.1334, 0.2250, 196.25
409, 625, 87, 30, 0.9944, 0.0000, 0.0000, 0.0000, 0.9944, 174.08
409, 719, 16, 95, 0.9278, 1.0013, -0.9927, -0.1315, 0.7422, 191.96
409, 565, 5, 104, 0.6296, 11.1950, -8.1868, 7.6356, 0.5667, 215.69
409, 722, 69, 6, 0.7056, 1.2593, 0.7572, 1.0062, 0.2822, 227.25
409, 723, 42, 39, 0.7611, 0.3663, 0.2704, 0.2471, 0.3806, 252.80
409, 729, 10, 120, 0.6000, 31.2135, -0.8426, 31.2021, 0.1800, 166.33
409, 687, -5, 87, 0.6333, 2.8333, -2.4417, -1.4373, 0.5700, 177.72
410, 617, 99, 62, 1.0000, 1.7930, 1.6581, -0.6823, 1.0000, 229.15
410, 675, 44, 11, 1.0000, 1.0451, 0.9994, 0.3058, 1.0000, 245.06
410, 603, 13, 86, 0.6000, 13.3086, -1.5564, 13.2173, 0.3600, 195.67
410, 664, 2, 26, 0.5625, 0.0128, 0.0000, -0.0128, 0.2250, 207.25
410, 663, 16, 50, 0.6222, 5.4820, 1.4078, 5.2981, 0.3111, 200.60
410, 625, 87, 30, 1.0000, 0.0000, 0.0000, 0.0000, 1.0000, 174.15
410, 565, 4, 112, 0.6867, 8.4507, -1.7766, 8.2619, 0.6867, 208.62
410, 722, 76, 7, 0.7111, 6.4641, 6.3858, 1.0032, 0.3556, 217.40
410, 723, 43, 40, 0.8167, 1.0396, 0.7583, 0.7112, 0.4900, 253.17
410, 686, 13, 112, 0.5625, 19.5654, 12.3137, -15.2045, 0.2250, 146.25
410, 687, -8, 85, 0.5333, 2.8333, -2.4417, -1.4373, 0.4800, 177.72
410, 729, 9, 151, 0.5000, 31.2135, -0.8426, 31.2021, 0.1500, 166.33
411, 617, 101, 62, 1.0000, 1.9522, 1.9260, -0.3185, 1.0000, 228.48
411, 675, 50, 9, 1.0000, 5.6311, 5.4371, -1.4650, 1.0000, 243.22
411, 664, 13, 21, 0.6222, 10.8239, 9.8298, -4.5312, 0.3111, 207.60
411, 712, 66, 8, 0.6000, 38.7029, 38.5997, -2.8240, 0.1800, 196.67
411, 625, 87, 30, 1.0000, 0.0000, 0.0000, 0.0000, 1.0000, 174.29
411, 723, 44, 41, 0.8722, 1.4218, 1.0127, 0.9980, 0.6106, 253.43
411, 603, 11, 100, 0.5000, 13.3086, -1.5564, 13.2173, 0.3000, 195.67
411, 663, 17, 56, 0.5222, 5.4820, 1.4078, 5.2981, 0.2611, 200.60
411, 565, 2, 120, 0.5867, 8.4507, -1.7766, 8.2619, 0.5867, 208.62
411, 722, 82, 8, 0.6111, 6.4641, 6.3858, 1.0032, 0.3056, 217.40
412, 617, 103, 61, 1.0000, 2.1342, 2.0232, -0.6794, 1.0000, 228.45
412, 603, 22, 100, 0.6587, 7.5665, 5.1696, 5.5252, 0.4611, 188.71
412, 701, 59, 75, 0.6000, 42.5272, 41.4219, -9.6325, 0.1800, 178.33
412, 664, 32, 19, 0.6806, 17.4171, 17.3380, -1.6584, 0.4083, 203.50
412, 712, 119, 9, 0.6556, 51.1666, 51.1617, 0.7054, 0.2622, 181.50
412, 625, 87, 30, 1.0000, 0.0000, 0.0000, 0.0000, 1.0000, 174.40
412, 722, 80, 4, 0.7667, 2.3669, 1.5779, -1.7642, 0.4600, 210.33
412, 723, 45, 41, 0.9278, 1.0785, 1.0401, 0.2852, 0.7422, 250.62
412, 686, 16, 86, 0.6222, 12.5779, 0.3629, -12.5727, 0.3111, 153.60
412, 733, 11, 7, 0.6000, 4.1357, 2.9244, 2.9244, 0.1800, 250.01
412, 734, 47, 12, 0.6000, 1.3725, 0.9188, 1.0196, 0.1800, 237.67
412, 740, 12, 51, 0.6000, 3.9105, 3.9104, 0.0336, 0.1800, 205.00
412, 741, 79, 65, 0.6000, 1.9384, 1.9384, 0.0000, 0.1800, 202.33
412, 675, 56, 8, 0.9000, 5.6311, 5.4371, -1.4650, 0.9000, 243.22
413, 617, 105, 60, 1.0000, 2.2383, 2.0272, -0.9489, 1.0000, 228.06
413, 675, 70, 10, 1.0000, 10.3456, 10.3351, 0.4651, 1.0000, 242.13
413, 603, 23, 98, 0.7167, 1.6807, 1.4887, -0.7801, 0.5733, 194.12
413, 701, 84, 65, 0.6556, 29.6936, 27.8969, -10.1723, 0.2622, 180.75
413, 664, 48, 13, 0.7381, 17.7233, 16.6451, -6.0874, 0.5167, 210.29
413, 625, 87, 30, 1.0000, 0.0000, 0.0000, 0.0000, 1.0000, 174.44
413, 723, 45, 41, 0.9833, 0.2644, 0.2622, -0.0338, 0.8850, 250.56
413, 686, 15, 84, 0.6806, 2.6214, -0.5565, -2.5617, 0.4083, 156.67
413, 733, 15, 11, 0.7056, 5.3496, 3.7827, 3.7827, 0.2822, 249.39
413, 734, 73, 8, 0.6556, 23.1363, 22.8675, -3.5162, 0.2622, 222.75
413, 740, 12, 52, 0.7056, 0.7970, 0.2702, 0.7498, 0.2822, 204.25
413, 741, 78, 64, 0.7056, 0.7908, -0.2398, -0.7535, 0.2822, 195.75
413, 712, 170, 10, 0.5556, 51.1666, 51.1617, 0.7054, 0.2222, 181.50
413, 722, 82, 2, 0.6667, 2.3669, 1.5779, -1.7642, 0.4000, 210.33
414, 617, 106, 61, 1.0000, 1.4046, 1.3884, 0.2128, 1.0000, 226.72
414, 675, 72, 12, 1.0000, 3.3698, 2.8899, 1.7332, 1.0000, 241.46
414, 603, 23, 97, 0.7741, 1.2205, 0.5864, -1.0704, 0.6967, 198.56
414, 701, 111, 75, 0.7111, 28.0041, 26.9964, 7.4449, 0.3556, 167.40
414, 664, 51, 11, 0.7951, 5.0426, 4.5928, -2.0817, 0.6361, 215.38
414, 663, 17, 85, 0.6806, 9.6666, -0.1059, 9.6660, 0.4083, 195.50
414, 625, 87, 30, 1.0000, 0.0000, 0.0000, 0.0000, 1.0000, 174.41
414, 723, 46, 41, 1.0000, 0.7008, 0.6986, -0.0558, 1.0000, 249.10
414, 686, 7, 72, 0.7381, 13.5317, -7.1669, -11.4779, 0.5167, 158.57
414, 733, 18, 14, 0.7611, 4.6622, 3.2967, 3.2967, 0.3806, 250.31
414, 740, 10, 54, 0.7611, 2.1465, -1.1731, 1.7976, 0.3806, 204.60
414, 741, 78, 64, 0.7611, 0.4380, -0.3400, -0.2762, 0.3806, 192.20
414, 651, 124, 91, 0.5400, 1.0196, 1.0196, 0.0000, 0.2700, 95.40
414, 744, 12, 42, 0.6000, 16.6599, 8.5714, 14.2857, 0.1800, 213.17
414, 722, 84, 1, 0.5667, 2.3669, 1.5779, -1.7642, 0.3400, 210.33
414, 734, 96, 4, 0.5556, 23.1363, 22.8675, -3.5162, 0.2222, 222.75
415, 617, 108, 59, 1.0000, 1.8892, 1.6434, -0.9319, 1.0000, 226.52
415, 675, 71, 13, 1.0000, 1.4341, -0.3771, 1.3836, 1.0000, 239.70
415, 664, 52, 12, 0.8519, 0.8593, 0.8543, 0.0928, 0.7667, 219.78
415, 625, 87, 30, 1.0000, 0.0000, 0.0000, 0.0000, 1.0000, 174.44
415, 723, 47, 42, 1.0000, 1.2258, 0.9878, 0.7258, 1.0000, 249.18
415, 725, 3, 29, 0.6000, 19.6161, -6.4806, -18.5147, 0.1800, 204.33
415, 733, 21, 17, 0.8167, 4.2414, 2.9991, 2.9991, 0.4900, 250.95
415, 740, 10, 55, 0.8167, 1.4260, -0.4866, 1.3405, 0.4900, 204.00
415, 651, 124, 91, 0.6500, 0.2513, 0.2513, 0.0000, 0.3900, 93.33
415, 701, 138, 82, 0.6111, 28.0041, 26.9964, 7.4449, 0.3056, 167.40
415, 741, 78, 64, 0.6611, 0.4380, -0.3400, -0.2762, 0.3306, 192.20
415, 744, 20, 56, 0.5000, 16.6599, 8.5714, 14.2857, 0.1500, 213.17
416, 617, 110, 59, 1.0000, 1.9989, 1.9124, -0.5818, 1.0000, 225.92
416, 675, 71, 15, 1.0000, 1.7893, 0.1442, 1.7835, 1.0000, 237.81
416, 664, 52, 13, 0.9083, 1.1804, 0.4202, 1.1031, 0.9083, 223.30
416, 625, 87, 30, 1.0000, 0.0000, 0.0000, 0.0000, 1.0000, 174.47
416, 722, 100, 2, 0.8222, 5.8874, 5.8841, -0.1967, 0.5756, 209.43
416, 723, 47, 43, 1.0000, 1.0888, 0.3013, 1.0462, 1.0000, 249.67
416, 733, 24, 20, 0.8722, 4.1814, 2.9567, 2.9567, 0.6106, 251.12
416, 737, 32, 43, 0.6000, 31.6704, 26.0312, 18.0385, 0.1800, 203.17
416, 740, 9, 56, 0.8722, 1.2785, -0.7789, 1.0139, 0.6106, 203.71
416, 741, 85, 65, 0.8167, 3.9449, 3.8939, 0.6320, 0.4900, 189.00
416, 743, 10, 2, 0.6000, 20.4359, 7.9896, -18.8094, 0.1800, 212.33
416, 744, 20, 83, 0.6556, 22.1058, 3.7997, 21.7767, 0.2622, 206.62
416, 657, 29, 126, 0.5400, 22.5240, 18.1289, 13.3669, 0.2700, 156.60
416, 699, 73, 97, 0.5625, 14.2857, -8.5714, 11.4286, 0.2250, 156.00
416, 700, 107, 56, 0.5625, 26.2035, 24.7619, -8.5714, 0.2250, 177.25
416, 748, 27, 94, 0.6000, 4.2743, -1.9384, 3.8095, 0.1800, 202.00
416, 725, -3, 11, 0.5000, 19.6161, -6.4806, -18.5147, 0.1500, 204.33
416, 651, 124, 91, 0.5500, 0.2513, 0.2513, 0.0000, 0.3300, 93.33
417, 617, 112, 58, 1.0000, 2.1601, 2.0187, -0.7687, 1.0000, 225.79
417, 675, 71, 15, 1.0000, 0.5488, 0.1191, 0.5358, 1.0000, 237.25
417, 664, 53, 13, 0.9646, 0.8977, 0.7998, 0.4078, 0.9646, 226.18
417, 625, 87, 30, 1.0000, 0.0000, 0.0000, 0.0000, 1.0000, 174.55
417, 723, 47, 42, 1.0000, 0.4097, -0.0245, -0.4090, 1.0000, 247.62
417, 733, 27, 23, 0.9278, 4.2190, 2.9833, 2.9833, 0.7422, 251.41
417, 748, 29, 94, 0.7056, 1.4343, 0.9933, 1.0347, 0.2822, 202.50
417, 750, 28, 125, 0.6000, 20.6751, 15.5259, 13.6530, 0.1800, 156.00
417, 722, 106, 2, 0.7222, 5.8874, 5.8841, -0.1967, 0.5056, 209.43
417, 737, 58, 61, 0.5000, 31.6704, 26.0312, 18.0385, 0.1500, 203.17
417, 740, 8, 57, 0.7722, 1.2785, -0.7789, 1.0139, 0.5406, 203.71
417, 741, 89, 66, 0.7167, 3.9449, 3.8939, 0.6320, 0.4300, 189.00
417, 743, 18, -17, 0.5000, 20.4359, 7.9896, -18.8094, 0.1500, 212.33
417, 744, 24, 105, 0.5556, 22.1058, 3.7997, 21.7767, 0.2222, 206.62
418, 617, 113, 57, 1.0000, 1.7072, 1.4210, -0.9461, 1.0000, 224.72
418, 675, 71, 17, 1.0000, 1.4175, 0.0277, 1.4173, 1.0000, 236.40
418, 664, 54, 13, 1.0000, 1.0081, 1.0081, -0.0052, 1.0000, 228.33
418, 625, 87, 30, 1.0000, 0.0000, 0.0000, 0.0000, 1.0000, 174.62
418, 723, 49, 44, 1.0000, 1.8020, 1.4050, 1.1283, 1.0000, 248.14
418, 733, 31, 27, 0.9833, 5.3054, 3.7515, 3.7515, 0.8850, 251.54
418, 737, 88, 66, 0.6556, 30.1948, 28.4180, 10.2049, 0.2622, 197.12
418, 740, 7, 59, 0.9278, 1.8472, -1.0542, 1.5169, 0.7422, 204.50
418, 741, 101, 64, 0.8222, 8.6599, 8.6397, -0.5922, 0.5756, 181.71
418, 651, 123, 83, 0.7087, 3.3290, -0.5233, -3.2877, 0.4961, 92.43
418, 744, 32, 124, 0.7111, 20.9772, 6.0714, 20.0793, 0.3556, 195.90
418, 699, 51, 117, 0.6222, 15.1836, -11.3421, 10.0946, 0.3111, 153.60
418, 747, 19, 119, 0.6000, 34.6850, -17.9773, 29.6625, 0.1800, 177.00
418, 748, 28, 88, 0.7111, 5.4631, -0.1474, -5.4612, 0.3556, 199.00
418, 750, 53, 127, 0.6556, 24.4644, 24.2441, 3.2753, 0.2622, 148.00
418, 722, 112, 2, 0.6222, 5.8874, 5.8841, -0.1967, 0.4356, 209.43
419, 617, 117, 56, 1.0000, 3.0330, 2.8585, -1.0140, 1.0000, 223.04
419, 666, 103, 119, 1.0000, 1.6038, 1.4627, -0.6577, 1.0000, 157.04
419, 675, 71, 18, 1.0000, 1.2477, -0.0068, 1.2477, 1.0000, 235.89
419, 664, 56, 13, 1.0000, 1.7973, 1.7962, -0.0615, 1.0000, 230.38
419, 625, 87, 30, 1.0000, 0.0000, 0.0000, 0.0000, 1.0000, 174.59
419, 723, 49, 45, 1.0000, 1.4095, 0.6053, 1.2729, 1.0000, 248.13
419, 683, 33, 91, 0.5625, 41.4849, -16.6605, 37.9924, 0.2250, 215.50
419, 733, 34, 30, 1.0000, 4.6718, 3.3035, 3.3035, 1.0000, 250.71
419, 740, 6, 60, 0.9833, 1.5355, -1.0275, 1.1410, 0.8850, 203.33
419, 651, 122, 70, 0.7167, 12.9622, -0.9356, -12.9284, 0.5733, 93.50
419, 744, 33, 127, 0.7667, 4.5122, 1.4436, 4.2750, 0.4600, 188.42
419, 657, 48, 125, 0.6000, 4.7520, 3.3408, -3.3794, 0.3600, 154.67
419, 699, 40, 127, 0.6806, 14.9965, -11.2206, 9.9495, 0.4083, 159.00
419, 748, 24, 83, 0.7667, 6.6463, -4.0231, -5.2903, 0.4600, 196.33
419, 750, 87, 123, 0.7111, 32.2051, 32.0760, -2.8814, 0.3556, 140.20
419, 722, 118, 1, 0.5222, 5.8874, 5.8841, -0.1967, 0.3656, 209.43
419, 737, 116, 76, 0.5556, 30.1948, 28.4180, 10.2049, 0.2222, 197.12
419, 741, 109, 63, 0.7222, 8.6599, 8.6397, -0.5922, 0.5056, 181.71
419, 747, 1, 149, 0.5000, 34.6850, -17.9773, 29.6625, 0.1500, 177.00
420, 617, 118, 57, 1.0000, 2.0405, 2.0325, 0.1804, 1.0000, 222.75
420, 675, 59, 14, 1.0000, 10.8245, -10.2877, -3.3664, 1.0000, 235.41
420, 664, 50, 2, 1.0000, 11.0544, -4.8085, -9.9538, 1.0000, 229.29
420, 625, 87, 30, 1.0000, 0.0000, 0.0000, 0.0000, 1.0000, 174.48
420, 723, 50, 45, 1.0000, 0.8529, 0.7656, 0.3758, 1.0000, 248.44
420, 683, 32, 124, 0.6222, 33.3830, -3.4145, 33.2079, 0.3111, 201.00
420, 733, 38, 34, 1.0000, 5.3094, 3.7543, 3.7543, 1.0000, 251.01
420, 737, 128, 90, 0.7111, 22.3672, 18.5724, 12.4643, 0.3556, 173.50
420, 690, 88, 63, 0.5625, 49.8639, 32.9351, 37.4391, 0.2250, 186.00
420, 657, 36, 98, 0.6587, 26.9088, -10.4423, -24.8000, 0.4611, 166.43
420, 755, 3, 36, 0.6000, 1.0196, 1.0196, 0.0000, 0.1800, 254.00
420, 740, 5, 61, 0.8833, 1.5355, -1.0275, 1.1410, 0.7950, 203.33
420, 741, 118, 63, 0.6222, 8.6599, 8.6397, -0.5922, 0.4356, 181.71
420, 699, 29, 137, 0.5806, 14.9965, -11.2206, 9.9495, 0.3483, 159.00
420, 748, 20, 78, 0.6667, 6.6463, -4.0231, -5.2903, 0.4000, 196.33
420, 750, 119, 120, 0.6111, 32.2051, 32.0760, -2.8814, 0.3056, 140.20
421, 617, 120, 56, 1.0000, 1.8673, 1.8459, -0.2814, 1.0000, 222.06
421, 675, 57, 13, 1.0000, 3.7007, -3.5954, -0.8766, 1.0000, 235.93
421, 664, 44, -1, 1.0000, 7.0296, -5.9184, -3.7931, 1.0000, 228.80
421, 625, 87, 30, 1.0000, 0.0000, 0.0000, 0.0000, 1.0000, 174.50
421, 723, 50, 45, 1.0000, 0.2435, 0.2409, -0.0354, 1.0000, 247.35
421, 733, 42, 38, 1.0000, 5.6623, 4.0039, 4.0039, 1.0000, 251.13
421, 740, 4, 62, 1.0000, 1.3738, -0.9945, 0.9478, 1.0000, 202.60
421, 690, 107, 118, 0.6222, 56.9732, 20.5734, 53.1289, 0.3111, 170.60
421, 748, 11, 78, 0.8222, 6.9688, -6.6165, -2.1877, 0.5756, 193.71
421, 755, 1, 47, 0.6556, 9.9995, -2.0092, 9.7956, 0.2622, 243.00
421, 683, 28, 157, 0.5222, 33.3830, -3.4145, 33.2079, 0.2611, 201.00
421, 737, 146, 102, 0.6111, 22.3672, 18.5724, 12.4643, 0.3056, 173.50
421, 741, 127, 62, 0.5222, 8.6599, 8.6397, -0.5922, 0.3656, 181.71
421, 750, 151, 117, 0.5111, 32.2051, 32.0760, -2.8814, 0.2556, 140.20
422, 617, 122, 55, 1.0000, 2.0613, 1.8991, -0.8013, 1.0000, 221.12
422, 675, 58, 14, 1.0000, 0.8326, 0.8183, 0.1537, 1.0000, 236.26
422, 713, 6, 37, 0.6000, 1.9357, 1.9356, -0.0053, 0.1800, 235.00
422, 625, 87, 30, 1.0000, 0.0000, 0.0000, 0.0000, 1.0000, 174.64
422, 718, 116, 1, 0.7056, 2.7243, 0.0052, -2.7243, 0.2822, 140.00
422, 723, 51, 47, 1.0000, 1.5233, 0.6997, 1.3530, 1.0000, 247.67
422, 733, 46, 42, 1.0000, 5.7120, 4.0390, 4.0390, 1.0000, 251.28
422, 756, 82, 0, 0.6000, 54.1896, 54.1825, -0.8801, 0.1800, 228.00
422, 737, 165, 115, 0.5111, 22.3672, 18.5724, 12.4643, 0.2556, 173.50
422, 740, 3, 63, 0.9000, 1.3738, -0.9945, 0.9478, 0.9000, 202.60
422, 690, 128, 171, 0.5222, 56.9732, 20.5734, 53.1289, 0.2611, 170.60
422, 748, 5, 76, 0.7222, 6.9688, -6.6165, -2.1877, 0.5056, 193.71
422, 755, -1, 57, 0.5556, 9.9995, -2.0092, 9.7956, 0.2222, 243.00
423, 617, 124, 55, 1.0000, 2.0172, 1.9694, -0.4364, 1.0000, 220.98
423, 713, 7, 38, 0.7056, 1.4836, 1.2763, 0.7566, 0.2822, 239.00
423, 625, 87, 30, 1.0000, 0.0000, 0.0000, 0.0000, 1.0000, 174.81
423, 718, 116, 1, 0.7611, 0.3139, 0.0007, -0.3139, 0.3806, 139.60
423, 723, 52, 51, 1.0000, 4.2804, 0.9865, 4.1652, 1.0000, 246.26
423, 733, 49, 45, 1.0000, 4.6458, 3.2851, 3.2851, 1.0000, 251.41
423, 738, 97, 64, 0.6000, 46.2141, -25.4212, 38.5941, 0.1800, 143.67
423, 698, 69, 22, 0.5625, 54.3002, 52.2104, 14.9194, 0.2250, 218.25
423, 756, 112, 0, 0.6556, 33.9193, 33.9182, -0.2760, 0.2622, 210.00
423, 703, 36, 120, 0.5625, 0.9866, 0.0336, -0.9860, 0.2250, 149.50
423, 706, 85, 2, 0.5625, 23.9811, 13.3333, -19.9328, 0.2250, 219.00
423, 758, 53, 8, 0.6000, 44.3189, 43.8095, 6.7003, 0.1800, 216.33
423, 740, 2, 64, 0.8000, 1.3738, -0.9945, 0.9478, 0.8000, 202.60
423, 748, -2, 73, 0.6222, 6.9688, -6.6165, -2.1877, 0.4356, 193.71
424, 617, 125, 53, 1.0000, 1.9065, 1.4170, -1.2755, 1.0000, 219.82
424, 713, 7, 29, 0.7111, 8.1220, 0.2172, -8.1191, 0.3556, 235.20
424, 625, 87, 30, 1.0000, 0.0000, 0.0000, 0.0000, 1.0000, 175.00
424, 733, 53, 49, 1.0000, 5.2155, 3.6879, 3.6879, 1.0000, 251.19
424, 738, 87, 106, 0.6556, 43.9191, -12.5718, 42.0814, 0.2622, 138.25
424, 740, 8, 38, 1.0000, 10.2228, 1.8664, -10.0510, 1.0000, 207.36
424, 748, 3, 49, 0.8778, 11.4551, -1.8283, -11.3082, 0.7022, 197.88
424, 757, 27, 2, 0.6000, 1.9545, -1.7640, -0.8417, 0.1800, 223.83
424, 758, 86, 4, 0.6556, 35.3123, 35.2578, -1.9605, 0.2622, 226.00
424, 705, 100, 113, 0.5625, 10.1239, -6.6667, -7.6190, 0.2250, 95.25
424, 718, 116, 0, 0.6611, 0.3139, 0.0007, -0.3139, 0.3306, 139.60
424, 723, 53, 56, 0.9000, 4.2804, 0.9865, 4.1652, 0.9000, 246.26
424, 756, 146, 0, 0.5556, 33.9193, 33.9182, -0.2760, 0.2222, 210.00
425, 617, 127, 53, 1.0000, 1.7873, 1.6406, -0.7091, 1.0000, 219.22
425, 713, 10, 22, 0.7667, 7.3613, 2.1903, -7.0280, 0.4600, 230.33
425, 625, 87, 30, 1.0000, 0.0000, 0.0000, 0.0000, 1.0000, 175.04
425, 723, 58, 53, 1.0000, 3.2181, 3.1585, 0.6163, 1.0000, 246.62
425, 733, 53, 50, 1.0000, 1.1456, 0.3638, 1.0863, 1.0000, 250.55
425, 755, 1, 68, 0.7111, 3.8677, 0.7531, 3.7937, 0.3556, 232.20
425, 703, 17, 127, 0.6222, 11.4488, -10.7859, 3.8390, 0.3111, 156.80
425, 705, 71, 89, 0.6222, 33.7813, -25.9229, -21.6606, 0.3111, 107.80
425, 670, 95, 71, 0.5400, 14.2857, 11.4286, -8.5714, 0.2700, 151.20
425, 718, 116, 0, 0.5611, 0.3139, 0.0007, -0.3139, 0.2806, 139.60
425, 738, 74, 148, 0.5556, 43.9191, -12.5718, 42.0814, 0.2222, 138.25
425, 757, 25, 1, 0.5000, 1.9545, -1.7640, -0.8417, 0.1500, 223.83
425, 758, 122, 3, 0.5556, 35.3123, 35.2578, -1.9605, 0.2222, 226.00
426, 713, 15, 18, 0.8222, 6.5884, 5.3876, -3.7923, 0.5756, 229.29
426, 625, 87, 30, 1.0000, 0.0000, 0.0000, 0.0000, 1.0000, 174.93
426, 723, 69, 48, 1.0000, 10.5720, 9.6333, -4.3550, 1.0000, 245.16
426, 636, 85, 6, 0.5400, 2.1322, 0.9560, 1.9058, 0.2700, 195.50
426, 733, 52, 51, 1.0000, 1.3979, -0.4209, 1.3331, 1.0000, 248.60
426, 753, 45, 2, 0.6000, 2.0142, 0.9008, -1.8016, 0.1800, 206.00
426, 755, 0, 70, 0.7667, 2.2673, -0.6669, 2.1670, 0.4600, 223.17
426, 757, 26, 13, 0.6556, 5.9916, -0.4947, 5.9712, 0.2622, 221.38
426, 705, 60, 59, 0.6806, 31.9517, -13.2149, -29.0908, 0.4083, 131.83
426, 670, 119, 41, 0.6000, 35.4200, 22.6953, -27.1938, 0.3600, 147.67
426, 617, 129, 52, 0.9000, 1.7873, 1.6406, -0.7091, 0.9000, 219.22
426, 703, 6, 131, 0.5222, 11.4488, -10.7859, 3.8390, 0.2611, 156.80
427, 713, 24, 2, 0.8778, 17.2434, 8.6135, -14.9380, 0.7022, 229.12
427, 625, 87, 30, 1.0000, 0.0000, 0.0000, 0.0000, 1.0000, 174.97
427, 636, 85, 8, 0.6500, 2.0606, 0.2651, 2.0435, 0.3900, 205.08
427, 733, 53, 51, 1.0000, 0.6299, 0.4694, 0.4201, 1.0000, 247.46
427, 689, 65, 87, 0.5625, 27.3258, -27.3094, -0.9469, 0.2250, 148.25
427, 755, 0, 71, 0.8222, 1.1382, -0.3123, 1.0945, 0.5756, 221.43
427, 757, 13, 32, 0.7111, 21.6274, -11.8027, 18.1230, 0.3556, 219.10
427, 705, 40, 32, 0.7381, 33.5933, -18.8440, -27.8103, 0.5167, 140.00
427, 617, 130, 51, 0.8000, 1.7873, 1.6406, -0.7091, 0.8000, 219.22
427, 723, 78, 44, 0.9000, 10.5720, 9.6333, -4.3550, 0.9000, 245.16
427, 753, 46, 0, 0.5000, 2.0142, 0.9008, -1.8016, 0.1500, 206.00
427, 670, 142, 14, 0.5000, 35.4200, 22.6953, -27.1938, 0.3000, 147.67
428, 713, 38, -1, 0.9333, 13.9095, 13.1991, -4.3886, 0.8400, 227.89
428, 625, 87, 30, 1.0000, 0.0000, 0.0000, 0.0000, 1.0000, 175.13
428, 723, 75, 30, 1.0000, 9.6366, 2.3326, -9.3500, 1.0000, 242.90
428, 726, 74, 70, 0.6000, 41.4177, 0.0021, 41.4177, 0.1800, 198.33
428, 636, 85, 9, 0.7087, 1.2651, -0.0265, 1.2649, 0.4961, 206.00
428, 733, 54, 52, 1.0000, 1.2032, 0.9888, 0.6857, 1.0000, 247.75
428, 689, 34, 81, 0.6222, 30.2759, -29.7600, -5.5653, 0.3111, 156.40
428, 753, 57, 2, 0.6556, 6.4681, 6.4678, 0.0559, 0.2622, 205.25
428, 757, 12, 41, 0.7667, 9.9613, -2.0252, 9.7533, 0.4600, 220.33
428, 703, 16, 127, 0.6806, 2.3171, 2.1914, -0.7530, 0.4083, 161.67
428, 705, 18, 6, 0.7951, 34.3010, -22.1116, -26.2228, 0.6361, 150.88
428, 761, 95, 71, 0.6556, 6.9470, -5.2745, 4.5210, 0.2622, 152.50
428, 714, 12, 35, 0.5625, 4.8104, -0.8852, -4.7283, 0.2250, 241.50
428, 764, 71, 65, 0.6000, 24.9989, -7.6190, 23.8095, 0.1800, 221.08
428, 617, 132, 51, 0.7000, 1.7873, 1.6406, -0.7091, 0.7000, 219.22
428, 755, 0, 72, 0.7222, 1.1382, -0.3123, 1.0945, 0.5056, 221.43
429, 625, 87, 30, 1.0000, 0.0000, 0.0000, 0.0000, 1.0000, 175.28
429, 636, 85, 11, 0.7667, 1.7141, -0.0487, 1.7134, 0.6133, 212.12
429, 733, 54, 52, 1.0000, 0.4473, 0.3746, 0.2445, 1.0000, 247.38
429, 757, 10, 51, 0.8222, 10.5200, -2.1577, 10.2963, 0.5756, 217.43
429, 714, 7, 29, 0.6222, 7.5343, -4.7871, -5.8181, 0.3111, 236.40
429, 764, 74, 73, 0.6556, 10.2780, 0.9446, 10.2345, 0.2622, 225.44
429, 766, 14, 97, 0.6000, 19.3981, -6.3864, -18.3166, 0.1800, 159.33
429, 770, 15, 42, 0.6000, 53.3418, 0.9524, -53.3333, 0.1800, 194.67
429, 617, 133, 50, 0.6000, 1.7873, 1.6406, -0.7091, 0.6000, 219.22
429, 713, 51, -5, 0.8333, 13.9095, 13.1991, -4.3886, 0.7500, 227.89
429, 726, 74, 111, 0.5000, 41.4177, 0.0021, 41.4177, 0.1500, 198.33
429, 689, 5, 75, 0.5222, 30.2759, -29.7600, -5.5653, 0.2611, 156.40
429, 753, 63, 2, 0.5556, 6.4681, 6.4678, 0.0559, 0.2222, 205.25
429, 755, -1, 73, 0.6222, 1.1382, -0.3123, 1.0945, 0.4356, 221.43
429, 761, 90, 76, 0.5556, 6.9470, -5.2745, 4.5210, 0.2222, 152.50
430, 625, 87, 30, 1.0000, 0.0000, 0.0000, 0.0000, 1.0000, 175.39
430, 726, 91, 125, 0.6556, 27.9038, 9.6847, 26.1693, 0.2622, 174.25
430, 636, 85, 13, 0.8241, 1.9963, -0.0149, 1.9962, 0.7417, 216.67
430, 733, 55, 53, 1.0000, 1.0016, 0.7135, 0.7029, 1.0000, 247.75
430, 752, 106, 114, 0.7056, 0.0100, 0.0056, -0.0083, 0.2822, 94.75
430, 753, 64, 8, 0.7111, 4.7931, 3.3718, 3.4065, 0.3556, 202.60
430, 542, 29, 113, 0.5259, 27.6520, -27.3359, -4.1693, 0.5259, 97.78
430, 761, 88, 83, 0.7111, 6.8522, -3.2568, 6.0288, 0.3556, 151.00
430, 714, 5, 20, 0.6806, 9.4631, -2.4029, -9.1530, 0.4083, 232.83
430, 766, 13, 94, 0.6556, 5.6698, -1.8782, -5.3496, 0.2622, 161.25
430, 770, 26, 6, 0.6556, 38.9707, 9.3007, -37.8446, 0.2622, 195.25
430, 617, 135, 49, 0.5000, 1.7873, 1.6406, -0.7091, 0.5000, 219.22
430, 713, 65, -10, 0.7333, 13.9095, 13.1991, -4.3886, 0.6600, 227.89
430, 755, -1, 74, 0.5222, 1.1382, -0.3123, 1.0945, 0.3656, 221.43
430, 764, 74, 84, 0.5556, 10.2780, 0.9446, 10.2345, 0.2222, 225.44
431, 625, 87, 30, 1.0000, 0.0000, 0.0000, 0.0000, 1.0000, 175.38
431, 724, 10, 31, 0.6000, 11.8263, -6.7836, -9.6874, 0.1800, 221.67
431, 641, 85, 81, 0.5400, 7.5549, 4.8348, 5.8053, 0.2700, 212.62
431, 636, 84, 21, 0.8311, 7.3707, -0.7547, 7.3320, 0.8311, 212.20
431, 733, 56, 54, 1.0000, 1.3822, 0.9691, 0.9856, 1.0000, 248.08
431, 752, 106, 114, 0.7611, 0.0067, 0.0037, -0.0056, 0.3806, 94.40
431, 755, 2, 64, 0.8778, 2.7633, 0.7616, -2.6563, 0.7022, 216.38
431, 714, 5, 16, 0.7381, 4.1764, -0.2188, -4.1707, 0.5167, 229.29
431, 715, 17, 45, 0.5625, 49.8166, 15.1422, -47.4596, 0.2250, 195.08
431, 713, 78, -14, 0.6333, 13.9095, 13.1991, -4.3886, 0.5700, 227.89
431, 726, 101, 151, 0.5556, 27.9038, 9.6847, 26.1693, 0.2222, 174.25
431, 753, 68, 11, 0.6111, 4.7931, 3.3718, 3.4065, 0.3056, 202.60
431, 761, 85, 89, 0.6111, 6.8522, -3.2568, 6.0288, 0.3056, 151.00
431, 766, 11, 88, 0.5556, 5.6698, -1.8782, -5.3496, 0.2222, 161.25
431, 770, 35, -31, 0.5556, 38.9707, 9.3007, -37.8446, 0.2222, 195.25
432, 625, 87, 30, 1.0000, 0.0000, 0.0000, 0.0000, 1.0000, 175.26
432, 724, 10, 12, 0.6556, 17.7186, -1.0718, -17.6862, 0.2622, 220.00
432, 641, 90, 86, 0.6000, 7.3675, 5.0780, 5.3380, 0.3600, 218.01
432, 636, 77, 32, 0.8879, 12.5986, -6.3363, 10.8893, 0.8879, 213.91
432, 733, 56, 53, 1.0000, 0.4839, 0.3391, -0.3451, 1.0000, 247.12
432, 752, 106, 114, 0.8167, 0.0011, 0.0006, -0.0009, 0.4900, 94.17
432, 753, 86, 16, 0.7667, 12.9974, 12.3012, 4.1966, 0.4600, 211.33
432, 755, 18, 44, 0.9333, 24.3816, 15.2808, -18.9989, 0.8400, 220.22
432, 714, 4, 12, 0.7951, 4.1097, -0.4978, -4.0794, 0.6361, 228.12
432, 715, 22, 14, 0.6222, 34.4767, 7.0352, -33.7513, 0.3111, 199.27
432, 766, 4, 95, 0.7111, 5.0549, -4.8989, 1.2463, 0.3556, 179.20
432, 716, 41, 30, 0.5625, 46.7698, -43.9046, 16.1183, 0.2250, 179.88
432, 713, 91, -19, 0.5333, 13.9095, 13.1991, -4.3886, 0.4800, 227.89
432, 761, 81, 95, 0.5111, 6.8522, -3.2568, 6.0288, 0.2556, 151.00
433, 625, 87, 30, 1.0000, 0.0000, 0.0000, 0.0000, 1.0000, 175.14
433, 641, 96, 91, 0.6587, 7.6805, 5.8131, 5.0199, 0.4611, 220.04
433, 636, 75, 35, 0.9444, 3.9802, -2.3785, 3.1914, 0.9444, 213.04
433, 733, 58, 55, 1.0000, 1.7335, 1.3794, 1.0500, 1.0000, 245.97
433, 752, 109, 115, 0.8722, 3.1346, 3.0409, 0.7608, 0.6106, 94.00
433, 753, 89, 18, 0.8222, 4.0426, 3.1606, 2.5206, 0.5756, 217.57
433, 714, 4, 12, 0.8519, 0.2440, -0.1582, -0.1858, 0.7667, 226.56
433, 716, 18, 43, 0.6222, 29.0440, -25.7826, 13.3720, 0.3111, 193.90
433, 708, 113, 67, 0.5625, 2.0337, 2.0337, -0.0073, 0.2250, 156.75
433, 724, 9, -5, 0.5556, 17.7186, -1.0718, -17.6862, 0.2222, 220.00
433, 715, 29, -20, 0.5222, 34.4767, 7.0352, -33.7513, 0.2611, 199.27
434, 625, 86, 30, 1.0000, 0.6459, -0.6459, 0.0000, 1.0000, 174.84
434, 641, 101, 96, 0.7167, 7.2567, 5.2986, 4.9583, 0.5733, 221.71
434, 733, 58, 55, 1.0000, 0.8307, 0.6089, 0.5651, 1.0000, 245.13
434, 752, 111, 114, 0.9278, 1.9939, 1.9402, -0.4595, 0.7422, 94.25
434, 753, 89, 20, 0.8778, 1.8981, 0.2182, 1.8856, 0.7022, 222.25
434, 761, 102, 117, 0.7667, 10.7738, 5.5152, 9.2551, 0.4600, 141.33
434, 714, 4, 14, 0.9083, 1.2882, 0.0122, 1.2881, 0.9083, 226.70
434, 764, 54, 108, 0.7111, 8.0407, -5.5348, 5.8325, 0.3556, 213.55
434, 708, 114, 67, 0.6722, 1.2348, 1.2348, -0.0080, 0.3361, 148.80
434, 636, 73, 38, 0.8444, 3.9802, -2.3785, 3.1914, 0.8444, 213.04
434, 716, -8, 57, 0.5222, 29.0440, -25.7826, 13.3720, 0.2611, 193.90
435, 641, 107, 102, 0.7741, 8.1350, 5.7596, 5.7451, 0.6967, 224.07
435, 636, 78, 37, 1.0000, 2.0526, 1.7641, 1.0493, 1.0000, 212.58
435, 733, 59, 56, 1.0000, 1.0777, 0.7446, 0.7792, 1.0000, 245.24
435, 753, 94, 19, 0.9333, 4.9966, 4.9800, -0.4066, 0.8400, 217.67
435, 774, 74, 17, 0.6000, 53.5083, 53.1331, -6.3254, 0.1800, 226.33
435, 752, 113, 114, 0.8278, 1.9939, 1.9402, -0.4595, 0.6622, 94.25
435, 708, 115, 67, 0.5722, 1.2348, 1.2348, -0.0080, 0.2861, 148.80
436, 641, 113, 108, 0.8311, 8.5313, 6.0105, 6.0546, 0.8311, 226.02
436, 636, 78, 40, 1.0000, 2.5158, 0.6418, 2.4325, 1.0000, 212.61
436, 733, 60, 56, 1.0000, 0.9839, 0.9409, 0.2879, 1.0000, 245.41
436, 735, 79, 16, 0.6000, 36.0456, 35.8365, 3.8768, 0.1800, 213.67
436, 702, 19, 98, 0.5625, 21.7438, -13.3510, -17.1622, 0.2250, 160.50
436, 708, 118, 67, 0.7306, 1.9967, 1.9967, 0.0007, 0.4383, 145.50
436, 772, 17, 39, 0.6000, 1.3473, 0.9632, 0.9420, 0.1800, 217.33
436, 752, 115, 113, 0.7278, 1.9939, 1.9402, -0.4595, 0.5822, 94.25
436, 753, 99, 19, 0.8333, 4.9966, 4.9800, -0.4066, 0.7500, 217.67
436, 774, 127, 10, 0.5000, 53.5083, 53.1331, -6.3254, 0.1500, 226.33
437, 641, 119, 114, 0.8879, 8.5539, 6.0389, 6.0580, 0.8879, 226.71
437, 636, 79, 40, 1.0000, 1.0867, 0.7523, 0.7842, 1.0000, 213.83
437, 733, 61, 56, 1.0000, 1.0147, 1.0146, 0.0091, 1.0000, 245.69
437, 735, 89, 17, 0.6556, 13.5479, 13.4282, 1.7969, 0.2622, 202.00
437, 702, 1, 80, 0.6222, 24.7153, -17.3210, -17.6303, 0.3111, 174.20
437, 708, 120, 67, 0.7881, 2.0415, 2.0415, 0.0006, 0.5517, 144.00
437, 772, 17, 39, 0.7056, 0.3661, 0.2549, 0.2628, 0.2822, 214.75
437, 778, 64, 7, 0.6000, 0.9957, 0.0751, 0.9928, 0.1800, 198.67
437, 752, 117, 113, 0.6278, 1.9939, 1.9402, -0.4595, 0.5022, 94.25
437, 753, 104, 19, 0.7333, 4.9966, 4.9800, -0.4066, 0.6600, 217.67
438, 641, 125, 120, 0.9444, 8.5053, 6.0136, 6.0147, 0.9444, 227.02
438, 636, 79, 41, 1.0000, 0.7383, 0.2003, 0.7106, 1.0000, 214.97
438, 733, 62, 57, 1.0000, 1.1938, 1.0177, 0.6240, 1.0000, 245.18
438, 735, 92, 25, 0.7111, 8.1428, 4.1130, 7.0276, 0.3556, 212.60
438, 657, 55, 93, 1.0000, 20.0925, 11.2758, 16.6302, 1.0000, 185.33
438, 702, -2, 77, 0.6806, 5.7251, -3.8518, -4.2356, 0.4083, 181.17
438, 708, 121, 67, 0.8451, 1.2519, 1.2519, 0.0001, 0.6761, 142.62
438, 772, 16, 41, 0.7611, 1.6968, -0.7960, 1.4985, 0.3806, 212.40
438, 778, 65, 7, 0.7056, 0.7800, 0.7392, 0.2490, 0.2822, 197.50
438, 752, 119, 112, 0.5278, 1.9939, 1.9402, -0.4595, 0.4222, 94.25
439, 636, 80, 42, 1.0000, 1.1685, 0.7226, 0.9183, 1.0000, 214.91
439, 733, 63, 57, 1.0000, 1.0551, 1.0064, 0.3167, 1.0000, 244.52
439, 657, 63, 103, 1.0000, 12.7450, 8.1826, 9.7714, 1.0000, 185.12
439, 752, 123, 106, 0.9833, 3.2229, 2.4948, -2.0404, 0.8850, 92.78
439, 702, 0, 80, 0.7381, 2.0172, 1.0557, 1.7189, 0.5167, 187.29
439, 772, 18, 40, 0.8167, 1.9657, 1.9521, -0.2310, 0.4900, 212.50
439, 730, 20, 52, 0.5625, 0.9860, 0.9860, 0.0000, 0.2250, 223.50
439, 648, 7, 7, 0.5250, 4.7288, -4.7283, -0.0672, 0.3150, 218.50
439, 641, 131, 126, 0.8444, 8.5053, 6.0136, 6.0147, 0.8444, 227.02
439, 708, 122, 67, 0.7451, 1.2519, 1.2519, 0.0001, 0.5961, 142.62
439, 778, 66, 7, 0.6056, 0.7800, 0.7392, 0.2490, 0.2422, 197.50
440, 733, 64, 58, 1.0000, 1.2291, 1.0002, 0.7144, 1.0000, 244.02
440, 708, 125, 68, 0.9019, 2.0667, 1.9925, 0.5488, 0.8117, 142.89
440, 772, 19, 41, 0.8722, 0.9751, 0.8611, 0.4575, 0.6106, 212.86
440, 778, 66, 9, 0.7611, 1.1428, 0.5381, 1.0081, 0.3806, 197.00
440, 730, 22, 52, 0.6722, 1.7620, 1.7620, 0.0000, 0.3361, 228.00
440, 739, 57, 50, 0.5625, 27.2720, 11.4286, -24.7619, 0.2250, 206.00
440, 783, 64, 103, 0.6000, 36.3904, 36.1905, -3.8095, 0.1800, 171.67
440, 784, 52, 108, 0.6000, 2.1296, 1.9048, -0.9524, 0.1800, 159.67
440, 641, 137, 132, 0.7444, 8.5053, 6.0136, 6.0147, 0.7444, 227.02
440, 636, 81, 43, 0.9000, 1.1685, 0.7226, 0.9183, 0.9000, 214.91
440, 752, 125, 104, 0.8833, 3.2229, 2.4948, -2.0404, 0.7950, 92.78
441, 636, 87, 31, 1.0000, 7.6894, 3.8329, -6.6661, 1.0000, 212.53
441, 733, 65, 58, 1.0000, 1.0476, 0.9989, 0.3155, 1.0000, 243.74
441, 752, 125, 107, 1.0000, 1.1272, 0.8666, 0.7208, 1.0000, 90.90
441, 778, 93, 5, 0.7667, 24.6447, 24.3726, -3.6518, 0.4600, 190.33
441, 730, 21, 52, 0.7306, 0.2460, -0.2460, 0.0000, 0.4383, 222.83
441, 739, 67, 12, 0.6222, 37.6469, 10.6392, -36.1123, 0.3111, 205.60
441, 785, 6, 30, 0.6000, 32.0006, -19.0476, 25.7143, 0.1800, 210.67
441, 641, 143, 138, 0.6444, 8.5053, 6.0136, 6.0147, 0.6444, 227.02
441, 708, 127, 69, 0.8019, 2.0667, 1.9925, 0.5488, 0.7217, 142.89
441, 772, 20, 41, 0.7722, 0.9751, 0.8611, 0.4575, 0.5406, 212.86
441, 783, 100, 99, 0.5000, 36.3904, 36.1905, -3.8095, 0.1500, 171.67
441, 784, 54, 107, 0.5000, 2.1296, 1.9048, -0.9524, 0.1500, 159.67
442, 733, 66, 58, 1.0000, 1.0001, 0.9994, 0.0375, 1.0000, 243.90
442, 735, 92, 33, 0.8778, 1.7945, 0.0084, 1.7944, 0.7022, 226.88
442, 752, 125, 107, 1.0000, 0.3125, 0.1333, 0.2826, 1.0000, 90.00
442, 711, 34, 93, 0.5625, 27.9113, 3.8179, 27.6489, 0.2250, 188.25
442, 772, 32, 40, 0.8778, 7.0001, 6.9802, -0.5284, 0.7022, 211.38
442, 648, 0, 23, 0.5841, 6.7332, -1.9112, 6.4563, 0.4089, 218.71
442, 783, 123, 89, 0.6556, 29.9985, 29.0928, -7.3156, 0.2622, 169.00
442, 784, 69, 109, 0.6556, 9.6024, 9.5839, 0.5954, 0.2622, 161.50
442, 786, 10, 14, 0.6000, 11.1806, 9.1771, -6.3864, 0.1800, 216.50
442, 787, 33, 120, 0.6000, 0.7242, 0.5121, 0.5121, 0.1800, 150.67
442, 641, 149, 144, 0.5444, 8.5053, 6.0136, 6.0147, 0.5444, 227.02
442, 708, 129, 69, 0.7019, 2.0667, 1.9925, 0.5488, 0.6317, 142.89
442, 730, 21, 52, 0.6306, 0.2460, -0.2460, 0.0000, 0.3783, 222.83
442, 739, 78, -24, 0.5222, 37.6469, 10.6392, -36.1123, 0.2611, 205.60
442, 785, -13, 56, 0.5000, 32.0006, -19.0476, 25.7143, 0.1500, 210.67
443, 733, 67, 58, 1.0000, 1.0006, 0.9999, -0.0373, 1.0000, 244.02
443, 735, 93, 34, 0.9333, 1.4401, 0.7834, 1.2083, 0.8400, 230.00
443, 752, 125, 107, 1.0000, 0.0740, -0.0738, 0.0054, 1.0000, 88.50
443, 711, 34, 121, 0.6222, 28.1312, 1.0618, 28.1111, 0.3111, 179.40
443, 772, 48, 66, 0.9333, 28.8959, 15.9546, 24.0920, 0.8400, 210.22
443, 730, 21, 42, 0.7881, 5.5298, -0.1855, -5.5267, 0.5517, 220.86
443, 648, 0, 25, 0.6424, 2.2081, -0.2671, 2.1919, 0.5139, 216.50
443, 783, 130, 88, 0.7111, 8.4153, 8.2296, -1.7580, 0.3556, 177.80
443, 784, 73, 109, 0.7111, 4.0426, 4.0372, 0.2101, 0.3556, 167.60
443, 786, 27, 2, 0.6556, 19.4668, 15.5423, -11.7215, 0.2622, 217.38
443, 787, 34, 98, 0.6556, 20.3138, 0.9014, -20.2938, 0.2622, 157.75
443, 708, 131, 70, 0.6019, 2.0667, 1.9925, 0.5488, 0.5417, 142.89
444, 718, 105, 0, 0.8167, 0.7659, -0.7606, 0.0895, 0.4900, 142.00
444, 733, 68, 57, 1.0000, 1.2053, 1.0000, -0.6728, 1.0000, 243.56
444, 735, 93, 36, 0.9889, 1.7840, 0.2590, 1.7651, 0.9889, 232.10
444, 752, 125, 107, 1.0000, 0.0619, -0.0483, -0.0387, 1.0000, 87.23
444, 711, 41, 128, 0.6806, 11.4653, 6.0007, 9.7695, 0.4083, 175.17
444, 784, 74, 109, 0.7667, 1.6976, 1.6976, -0.0051, 0.4600, 163.67
444, 787, 33, 57, 0.7111, 38.3549, -0.5055, -38.3515, 0.3556, 177.20
444, 708, 133, 70, 0.5019, 2.0667, 1.9925, 0.5488, 0.4517, 142.89
444, 730, 21, 37, 0.6881, 5.5298, -0.1855, -5.5267, 0.4817, 220.86
444, 648, -1, 27, 0.5424, 2.2081, -0.2671, 2.1919, 0.4339, 216.50
444, 783, 138, 86, 0.6111, 8.4153, 8.2296, -1.7580, 0.3056, 177.80
444, 786, 42, -10, 0.5556, 19.4668, 15.5423, -11.7215, 0.2222, 217.38
445, 733, 69, 57, 1.0000, 1.0622, 1.0000, -0.3580, 1.0000, 242.48
445, 735, 94, 38, 1.0000, 2.1817, 0.7913, 2.0331, 1.0000, 234.18
445, 752, 117, 104, 1.0000, 7.1397, -6.7692, -2.2699, 1.0000, 87.21
445, 730, 29, 24, 0.7951, 10.6118, 4.4795, -9.6200, 0.6361, 219.88
445, 784, 74, 110, 0.8222, 0.7354, 0.0728, 0.7318, 0.5756, 162.29
445, 688, 51, 70, 0.5400, 38.0595, -20.0000, -32.3810, 0.2700, 168.10
445, 711, 47, 138, 0.5806, 11.4653, 6.0007, 9.7695, 0.3483, 175.17
445, 787, 33, 19, 0.6111, 38.3549, -0.5055, -38.3515, 0.3056, 177.20
446, 733, 70, 57, 1.0000, 1.0025, 1.0000, -0.0711, 1.0000, 241.73
446, 735, 95, 40, 1.0000, 2.2878, 1.0323, 2.0416, 1.0000, 235.50
446, 752, 107, 105, 1.0000, 10.2212, -10.2034, 0.6032, 1.0000, 87.93
446, 765, 85, 51, 0.6000, 2.1420, 0.9649, 1.9124, 0.1800, 203.00
446, 730, 35, 15, 0.8519, 11.0755, 5.9239, -9.3582, 0.7667, 218.33
446, 688, 37, 37, 0.6000, 35.9498, -14.4743, -32.9072, 0.3600, 175.58
447, 733, 72, 57, 1.0000, 1.6344, 1.6342, 0.0277, 1.0000, 242.08
447, 735, 96, 42, 1.0000, 2.2608, 1.0374, 2.0088, 1.0000, 236.23
447, 765, 85, 52, 0.7056, 1.3123, 0.2616, 1.2859, 0.2822, 199.50
447, 730, 52, 14, 0.9083, 16.3045, 16.1636, -2.1383, 0.9083, 216.00
447, 782, 78, 105, 0.6000, 0.8995, 0.8993, 0.0217, 0.1800, 155.00
447, 688, 30, 21, 0.6587, 19.5126, -8.0486, -17.7753, 0.4611, 183.07
447, 746, 98, 18, 0.5625, 48.9142, 40.3792, -27.6064, 0.2250, 193.25
447, 754, 72, 14, 0.5625, 1.3778, 0.9928, 0.9553, 0.2250, 195.75
448, 733, 76, 49, 1.0000, 7.0637, 3.2451, -6.2742, 1.0000, 240.70
448, 735, 96, 43, 1.0000, 1.1966, 0.1914, 1.1812, 1.0000, 234.75
448, 765, 86, 53, 0.7611, 1.2302, 0.7345, 0.9869, 0.3806, 200.20
448, 730, 69, 15, 0.9646, 16.7678, 16.7192, 1.2752, 0.9646, 212.27
448, 782, 80, 106, 0.7056, 1.9517, 1.8018, 0.7501, 0.2822, 161.50
448, 754, 90, 30, 0.6222, 20.7313, 15.3926, 13.8872, 0.3111, 189.40
448, 788, 25, 122, 0.6000, 5.8794, -5.7788, -1.0828, 0.1800, 153.33
448, 791, 55, 49, 0.6000, 23.8768, 23.8768, 0.0000, 0.1800, 207.33
449, 735, 97, 45, 1.0000, 1.8925, 0.7409, 1.7415, 1.0000, 235.83
449, 768, 34, 49, 0.6000, 39.2989, -38.5363, -7.7039, 0.1800, 213.67
449, 782, 82, 106, 0.7611, 2.0891, 2.0711, 0.2731, 0.3806, 166.80
449, 733, 79, 43, 0.9000, 7.0637, 3.2451, -6.2742, 0.9000, 240.70
449, 765, 87, 54, 0.6611, 1.2302, 0.7345, 0.9869, 0.3306, 200.20
449, 730, 86, 17, 0.8646, 16.7678, 16.7192, 1.2752, 0.8646, 212.27
449, 754, 105, 44, 0.5222, 20.7313, 15.3926, 13.8872, 0.2611, 189.40
449, 788, 19, 121, 0.5000, 5.8794, -5.7788, -1.0828, 0.1500, 153.33
449, 791, 79, 49, 0.5000, 23.8768, 23.8768, 0.0000, 0.1500, 207.33
450, 733, 80, 31, 1.0000, 9.2266, 2.2479, -8.9486, 1.0000, 239.15
450, 735, 87, 47, 1.0000, 9.7480, -9.5355, 2.0242, 1.0000, 232.78
450, 765, 75, 58, 0.7667, 7.1595, -6.6598, 2.6279, 0.4600, 209.33
450, 767, 48, 114, 0.6000, 14.4910, 11.5890, -8.6997, 0.1800, 165.67
450, 768, 4, 27, 0.6556, 37.5377, -31.6331, -20.2096, 0.2622, 212.25
450, 730, 86, 9, 1.0000, 8.0144, 7.1379, -3.6444, 1.0000, 208.92
450, 782, 84, 105, 0.8167, 2.1953, 2.0560, -0.7695, 0.4900, 165.17
450, 754, 99, 47, 0.6806, 8.6246, 3.0683, 8.0604, 0.4083, 200.33
450, 788, 16, 113, 0.6556, 6.6365, -4.4521, -4.9215, 0.2622, 157.75
450, 791, 96, 28, 0.6556, 23.3429, 20.1101, -11.8523, 0.2622, 200.00
451, 733, 78, 16, 1.0000, 14.2330, -1.1091, -14.1897, 1.0000, 237.93
451, 735, 75, 58, 1.0000, 15.1626, -11.2569, 10.1580, 1.0000, 234.09
451, 767, 82, 107, 0.6556, 31.9708, 31.0462, -7.6333, 0.2622, 177.50
451, 780, 9, 86, 0.7611, 1.5630, 1.1052, 1.1052, 0.3806, 197.50
451, 793, 29, 49, 0.6000, 36.8475, -27.7594, -24.2313, 0.1800, 186.00
451, 768, -28, 7, 0.5556, 37.5377, -31.6331, -20.2096, 0.2222, 212.25
451, 782, 86, 104, 0.7167, 2.1953, 2.0560, -0.7695, 0.4300, 165.17
451, 788, 11, 108, 0.5556, 6.6365, -4.4521, -4.9215, 0.2222, 157.75
451, 791, 116, 16, 0.5556, 23.3429, 20.1101, -11.8523, 0.2222, 200.00
452, 733, 78, 12, 1.0000, 5.6032, -0.4335, -5.5864, 1.0000, 236.50
452, 735, 73, 64, 1.0000, 6.9846, -3.1574, 6.2303, 1.0000, 232.58
452, 767, 124, 113, 0.7111, 41.3867, 41.1482, 4.4368, 0.3556, 157.80
452, 780, 10, 86, 0.8167, 1.1274, 1.0859, 0.3030, 0.4900, 200.42
452, 782, 87, 107, 0.8722, 1.7957, 1.4420, 1.0701, 0.6106, 167.43
452, 788, 3, 94, 0.7111, 12.1647, -6.6807, -10.1661, 0.3556, 167.80
452, 793, 4, 25, 0.6556, 34.5204, -24.5936, -24.2241, 0.2622, 191.50
453, 780, 14, 83, 0.8722, 5.1176, 4.0739, -3.0973, 0.6106, 194.36
453, 782, 89, 107, 0.9278, 1.8714, 1.8391, 0.3465, 0.7422, 167.88
453, 733, 77, 7, 0.9000, 5.6032, -0.4335, -5.5864, 0.9000, 236.50
453, 735, 70, 70, 0.9000, 6.9846, -3.1574, 6.2303, 0.9000, 232.58
453, 767, 165, 117, 0.6111, 41.3867, 41.1482, 4.4368, 0.3056, 157.80
453, 788, -4, 84, 0.6111, 12.1647, -6.6807, -10.1661, 0.3056, 167.80
453, 793, -20, 1, 0.5556, 34.5204, -24.5936, -24.2241, 0.2222, 191.50
454, 733, 83, 8, 1.0000, 3.4154, 2.5894, -2.2271, 1.0000, 234.96
454, 735, 65, 75, 1.0000, 6.8503, -3.9377, 5.6055, 1.0000, 230.13
454, 780, 16, 71, 0.8778, 11.1456, 1.4167, -11.0552, 0.7022, 194.19
454, 782, 91, 108, 0.9833, 2.1478, 2.0171, 0.7377, 0.8850, 171.67
454, 788, 3, 94, 0.7667, 1.9425, 1.2274, 1.5056, 0.4600, 168.83
454, 802, 25, 25, 0.6000, 6.5002, 0.9928, 6.4240, 0.1800, 213.67
455, 735, 65, 76, 1.0000, 1.1241, -0.6868, 0.8899, 1.0000, 227.88
455, 731, 90, 64, 0.5625, 11.5168, -0.0075, 11.5168, 0.2250, 170.50
455, 780, 26, 51, 0.9333, 20.6839, 9.7751, -18.2283, 0.8400, 195.83
455, 782, 93, 108, 1.0000, 2.0442, 2.0298, 0.2426, 1.0000, 172.80
455, 798, 77, 15, 0.6000, 49.3237, 47.4596, 13.4320, 0.1800, 208.33
455, 802, 34, 31, 0.6556, 10.1135, 7.8208, 6.4123, 0.2622, 217.25
455, 769, 77, 63, 0.5625, 1.9746, 0.1008, 1.9720, 0.2250, 223.25
455, 803, 39, 16, 0.6000, 14.5034, 14.3866, 1.8375, 0.1800, 202.00
455, 804, 58, 46, 0.6000, 52.2492, 51.3613, 9.5910, 0.1800, 207.00
455, 733, 85, 5, 0.9000, 3.4154, 2.5894, -2.2271, 0.9000, 234.96
456, 735, 60, 65, 1.0000, 10.8623, -3.7892, -10.1799, 1.0000, 226.45
456, 731, 90, 65, 0.6222, 3.1674, 0.0034, 3.1674, 0.3111, 174.20
456, 780, 28, 26, 0.9889, 24.5779, 2.8761, -24.4090, 0.9889, 196.95
456, 782, 95, 108, 1.0000, 2.0096, 2.0095, -0.0116, 1.0000, 172.50
456, 797, 120, 121, 0.6000, 9.0648, -5.3908, 7.2876, 0.1800, 81.00
456, 802, 57, 45, 0.7111, 25.3938, 21.8339, 12.9663, 0.3556, 215.60
456, 762, 28, 19, 0.5625, 10.7519, -10.7196, -0.8321, 0.2250, 204.75
456, 769, 74, 55, 0.6222, 7.6487, -3.0250, -7.0250, 0.3111, 218.40
456, 803, 81, 20, 0.6556, 38.6925, 38.5304, 3.5387, 0.2622, 196.00
456, 733, 88, 3, 0.8000, 3.4154, 2.5894, -2.2271, 0.8000, 234.96
456, 798, 124, 28, 0.5000, 49.3237, 47.4596, 13.4320, 0.1500, 208.33
456, 804, 110, 55, 0.5000, 52.2492, 51.3613, 9.5910, 0.1500, 207.00
457, 735, 37, 51, 1.0000, 26.1883, -22.2051, -13.8838, 1.0000, 226.07
457, 731, 92, 67, 0.6806, 2.4878, 1.5287, 1.9627, 0.4083, 174.33
457, 780, 38, 18, 1.0000, 13.2157, 8.7438, -9.9096, 1.0000, 198.77
457, 782, 97, 109, 1.0000, 2.1177, 1.9994, 0.6978, 1.0000, 172.96
457, 802, 78, 63, 0.7667, 27.4663, 20.9447, 17.7685, 0.4600, 221.50
457, 762, 18, 19, 0.6222, 10.1569, -10.1526, -0.2949, 0.3111, 205.40
457, 769, 85, 33, 0.6806, 22.5260, 9.5681, -20.3930, 0.4083, 211.33
457, 803, 109, 28, 0.7111, 30.1114, 29.0484, 7.9300, 0.3556, 185.60
457, 733, 90, 1, 0.7000, 3.4154, 2.5894, -2.2271, 0.7000, 234.96
457, 797, 114, 129, 0.5000, 9.0648, -5.3908, 7.2876, 0.1500, 81.00
458, 682, 104, 62, 0.5400, 2.1609, 0.9643, 1.9339, 0.2700, 180.60
458, 731, 92, 67, 0.7381, 0.6491, 0.5823, 0.2867, 0.5167, 178.00
458, 780, 56, 17, 1.0000, 17.5474, 17.3632, -2.5362, 1.0000, 198.29
458, 782, 99, 109, 1.0000, 2.0197, 1.9983, 0.2928, 1.0000, 172.73
458, 797, 88, 124, 0.6556, 17.1861, -17.1673, 0.8037, 0.2622, 90.25
458, 769, 90, 15, 0.7381, 19.0637, 5.6170, -18.2175, 0.5167, 206.57
458, 733, 93, -1, 0.6000, 3.4154, 2.5894, -2.2271, 0.6000, 234.96
458, 762, 8, 19, 0.5222, 10.1569, -10.1526, -0.2949, 0.2611, 205.40
458, 803, 138, 36, 0.6111, 30.1114, 29.0484, 7.9300, 0.3056, 185.60
459, 682, 105, 64, 0.6500, 2.2715, 1.0168, 2.0312, 0.3900, 192.50
459, 731, 92, 68, 0.7951, 0.5878, -0.0002, 0.5878, 0.6361, 177.38
459, 728, 30, 55, 0.5625, 47.8260, 22.1506, -42.3873, 0.2250, 175.25
459, 782, 101, 110, 1.0000, 2.1345, 1.9994, 0.7475, 1.0000, 172.25
459, 796, 58, 28, 0.6556, 14.5865, -2.2639, -14.4097, 0.2622, 206.00
459, 797, 63, 124, 0.7111, 23.9407, -23.9401, -0.1730, 0.3556, 98.80
459, 818, 3, 81, 0.6000, 40.5477, -19.1968, -35.7156, 0.1800, 162.33
459, 821, 53, 112, 0.6000, 17.1693, 9.5238, -14.2857, 0.1800, 147.33
459, 733, 96, -4, 0.5000, 3.4154, 2.5894, -2.2271, 0.5000, 234.96
459, 780, 74, 14, 0.9000, 17.5474, 17.3632, -2.5362, 0.9000, 198.29
460, 682, 105, 66, 0.7087, 2.0350, 0.2475, 2.0199, 0.4961, 194.64
460, 731, 93, 70, 0.8519, 1.8403, 0.6789, 1.7105, 0.7667, 178.00
460, 728, 31, 2, 0.6222, 50.9322, 3.7831, -50.7915, 0.3111, 184.20
460, 780, 87, 18, 1.0000, 15.1832, 15.1468, 1.0496, 1.0000, 197.35
460, 782, 103, 110, 1.0000, 2.0188, 2.0000, 0.2747, 1.0000, 172.63
460, 821, 83, 85, 0.6556, 37.6266, 27.4524, -25.7318, 0.2622, 148.75
460, 827, 64, 64, 0.6000, 34.3386, 19.0476, -28.5714, 0.1800, 183.67
460, 828, 71, 67, 0.6000, 26.9422, 3.8431, -26.6667, 0.1800, 169.83
460, 796, 56, 14, 0.5556, 14.5865, -2.2639, -14.4097, 0.2222, 206.00
460, 818, -16, 46, 0.5000, 40.5477, -19.1968, -35.7156, 0.1500, 162.33
461, 682, 106, 68, 0.7667, 2.1254, 0.7106, 2.0030, 0.6133, 196.06
461, 731, 93, 69, 0.9083, 0.9947, 0.2594, -0.9603, 0.9083, 174.70
461, 780, 90, 19, 1.0000, 4.2589, 4.0803, 1.2204, 1.0000, 196.04
461, 782, 105, 110, 1.0000, 2.0001, 2.0001, 0.0024, 1.0000, 173.53
461, 822, 47, 52, 0.6000, 23.2836, 3.7460, 22.9803, 0.1800, 216.33
461, 824, 17, 68, 0.6000, 40.9688, -22.8676, 33.9928, 0.1800, 204.67
461, 828, 67, 60, 0.6556, 9.8896, -2.7365, -9.5035, 0.2622, 179.62
461, 833, 80, 68, 0.6000, 0.9866, 0.0336, 0.9860, 0.1800, 218.67
461, 728, 35, -48, 0.5222, 50.9322, 3.7831, -50.7915, 0.2611, 184.20
461, 821, 110, 59, 0.5556, 37.6266, 27.4524, -25.7318, 0.2222, 148.75
461, 827, 83, 35, 0.5000, 34.3386, 19.0476, -28.5714, 0.1500, 183.67
462, 682, 107, 70, 0.8241, 2.2335, 0.9977, 1.9983, 0.7417, 198.06
462, 731, 94, 72, 0.9646, 3.2931, 0.7639, 3.2033, 0.9646, 172.64
462, 780, 89, 19, 1.0000, 0.7327, -0.6649, 0.3079, 1.0000, 194.57
462, 781, 17, 67, 0.6000, 41.9473, -26.0867, -32.8490, 0.1800, 169.00
462, 782, 107, 111, 1.0000, 2.1113, 2.0000, 0.6762, 1.0000, 173.79
462, 796, 27, 3, 0.7111, 14.2673, -12.3698, -7.1095, 0.3556, 205.20
462, 821, 120, 42, 0.7111, 27.0596, 17.0332, -21.0260, 0.3556, 141.00
462, 822, 49, 56, 0.6556, 7.1430, 2.5645, 6.6668, 0.2622, 217.50
462, 824, -1, 94, 0.6556, 32.7169, -18.0515, 27.2863, 0.2622, 196.50
462, 827, 105, 25, 0.6556, 27.3723, 20.4158, -18.2328, 0.2622, 175.00
462, 828, 53, 32, 0.7111, 29.0278, -12.9561, -25.9759, 0.3556, 180.10
462, 829, 23, 85, 0.6000, 20.8849, -10.6862, -17.9439, 0.1800, 173.00
462, 830, 68, 93, 0.6000, 32.0076, 25.1682, -19.7750, 0.1800, 150.00
462, 727, 33, 18, 0.5400, 1.0169, 1.0168, 0.0073, 0.2700, 218.80
462, 833, 81, 69, 0.7056, 1.2567, 0.7498, 1.0085, 0.2822, 214.50
463, 682, 108, 72, 0.8811, 2.2538, 1.0412, 1.9989, 0.8811, 203.55
463, 780, 89, 20, 1.0000, 0.7146, -0.0615, 0.7119, 1.0000, 193.53
463, 782, 109, 111, 1.0000, 2.0224, 2.0000, 0.3002, 1.0000, 174.58
463, 796, 17, 0, 0.7667, 11.0928, -10.7538, -2.7214, 0.4600, 209.00
463, 800, 40, 105, 0.6000, 36.7000, 14.1031, 33.8820, 0.1800, 179.67
463, 775, 19, 88, 0.5625, 29.3764, -9.0192, 27.9575, 0.2250, 203.75
463, 822, 50, 54, 0.7111, 1.3419, 1.2147, -0.5703, 0.3556, 223.20
463, 825, 64, 96, 0.6000, 42.9931, -9.0353, 42.0330, 0.1800, 186.67
463, 829, 21, 81, 0.6556, 6.4258, -3.3241, -5.4992, 0.2622, 176.25
463, 830, 119, 87, 0.6556, 48.5488, 47.9570, -7.5576, 0.2622, 134.00
463, 727, 42, 31, 0.6000, 14.2845, 8.0750, 11.7831, 0.3600, 215.17
463, 833, 81, 70, 0.7611, 1.0407, 0.2704, 1.0049, 0.3806, 221.80
463, 834, 12, 101, 0.6000, 0.9243, -0.1008, 0.9188, 0.1800, 168.33
463, 731, 95, 75, 0.8646, 3.2931, 0.7639, 3.2033, 0.8646, 172.64
463, 781, -9, 34, 0.5000, 41.9473, -26.0867, -32.8490, 0.1500, 169.00
463, 824, -19, 121, 0.5556, 32.7169, -18.0515, 27.2863, 0.2222, 196.50
463, 827, 125, 7, 0.5556, 27.3723, 20.4158, -18.2328, 0.2222, 175.00
464, 682, 108, 74, 0.9379, 2.0173, 0.2648, 1.9998, 0.9379, 205.68
464, 782, 111, 112, 1.0000, 2.1314, 2.0000, 0.7369, 1.0000, 174.87
464, 811, 24, 90, 0.6000, 39.0168, -38.9195, 2.7543, 0.1800, 183.67
464, 775, 12, 124, 0.6222, 35.2518, -7.3423, 34.4787, 0.3111, 192.00
464, 822, 51, 54, 0.7667, 0.9535, 0.8540, -0.4242, 0.4600, 228.17
464, 727, 61, 44, 0.6587, 22.2903, 18.2282, 12.8293, 0.4611, 213.86
464, 833, 81, 71, 0.8167, 1.0007, -0.0061, 1.0006, 0.4900, 220.00
464, 834, 17, 92, 0.6556, 8.5692, 4.5321, -7.2727, 0.2622, 188.25
464, 731, 95, 79, 0.7646, 3.2931, 0.7639, 3.2033, 0.7646, 172.64
464, 800, 54, 139, 0.5000, 36.7000, 14.1031, 33.8820, 0.1500, 179.67
464, 825, 55, 138, 0.5000, 42.9931, -9.0353, 42.0330, 0.1500, 186.67
464, 829, 17, 75, 0.5556, 6.4258, -3.3241, -5.4992, 0.2222, 176.25
464, 830, 167, 79, 0.5556, 48.5488, 47.9570, -7.5576, 0.2222, 134.00
465, 682, 109, 76, 0.9944, 2.1189, 0.6995, 2.0001, 0.9944, 207.21
465, 731, 93, 78, 1.0000, 1.7251, -0.5496, 1.6351, 1.0000, 172.00
465, 782, 112, 112, 1.0000, 1.3255, 1.2940, 0.2872, 1.0000, 173.07
465, 794, 29, 117, 0.6000, 22.2251, -2.8796, 22.0378, 0.1800, 163.33
465, 811, 0, 75, 0.6556, 28.8966, -25.8972, -12.8200, 0.2622, 178.75
465, 822, 61, 45, 0.8222, 12.2286, 9.4152, -7.8034, 0.5756, 224.71
465, 829, 11, 56, 0.7111, 14.5924, -5.0230, -13.7007, 0.3556, 181.00
465, 833, 81, 73, 0.8722, 1.7603, -0.0415, 1.7598, 0.6106, 217.71
465, 834, 19, 90, 0.7111, 3.7010, 2.4376, -2.7849, 0.3556, 190.20
465, 775, 4, 158, 0.5222, 35.2518, -7.3423, 34.4787, 0.2611, 192.00
465, 727, 79, 57, 0.5587, 22.2903, 18.2282, 12.8293, 0.3911, 213.86
466, 682, 109, 78, 1.0000, 2.0149, 0.2444, 2.0001, 1.0000, 209.35
466, 731, 107, 57, 1.0000, 23.1984, 12.8868, -19.2898, 1.0000, 169.00
466, 782, 115, 112, 1.0000, 2.3765, 2.3764, 0.0123, 1.0000, 174.55
466, 822, 64, 43, 0.8778, 4.3048, 3.2939, -2.7716, 0.7022, 222.00
466, 727, 88, 59, 0.7167, 14.7241, 12.9280, 7.0474, 0.5733, 209.38
466, 833, 81, 74, 0.9278, 1.2959, -0.0153, 1.2958, 0.7422, 218.00
466, 687, 15, 103, 0.5365, 4.2540, 0.3754, 4.2374, 0.5365, 227.57
466, 834, 20, 91, 0.7667, 1.2842, 1.0336, 0.7621, 0.4600, 193.67
466, 794, 26, 139, 0.5000, 22.2251, -2.8796, 22.0378, 0.1500, 163.33
466, 811, -26, 62, 0.5556, 28.8966, -25.8972, -12.8200, 0.2222, 178.75
467, 682, 110, 80, 1.0000, 2.1306, 0.7343, 2.0000, 1.0000, 211.32
467, 782, 117, 113, 1.0000, 2.3838, 2.2916, 0.6564, 1.0000, 175.34
467, 833, 81, 76, 0.9833, 1.7571, 0.0001, 1.7571, 0.8850, 217.28
467, 834, 21, 92, 0.8222, 1.0631, 0.8037, 0.6959, 0.5756, 197.43
467, 732, 73, 87, 0.5400, 0.0000, 0.0000, 0.0000, 0.2700, 168.20
467, 822, 67, 40, 0.7778, 4.3048, 3.2939, -2.7716, 0.6222, 222.00
468, 682, 111, 82, 1.0000, 2.2379, 1.0041, 2.0000, 1.0000, 208.83
468, 782, 119, 113, 1.0000, 2.0979, 2.0752, 0.3077, 1.0000, 176.24
468, 822, 80, 45, 0.9333, 8.6713, 8.5509, 1.4398, 0.8400, 216.78
468, 833, 82, 77, 1.0000, 1.4657, 0.7498, 1.2594, 1.0000, 217.75
468, 834, 21, 93, 0.8778, 0.9318, 0.1562, 0.9186, 0.7022, 201.38
468, 779, 35, 58, 0.5625, 31.4340, 29.4419, 11.0125, 0.2250, 231.25
468, 736, 91, 40, 0.5400, 43.1580, 42.8908, 4.7955, 0.2700, 208.40
469, 682, 113, 84, 1.0000, 2.6729, 1.7733, 2.0000, 1.0000, 210.59
469, 782, 121, 114, 1.0000, 2.1160, 1.9872, 0.7269, 1.0000, 179.10
469, 833, 82, 78, 1.0000, 1.0379, 0.3044, 0.9922, 1.0000, 216.77
469, 834, 22, 93, 0.9333, 0.7491, 0.7063, 0.2493, 0.8400, 201.11
469, 776, 37, 55, 0.5625, 45.7048, -1.8178, 45.6686, 0.2250, 200.38
469, 732, 94, 86, 0.6000, 11.8645, 11.8523, -0.5387, 0.3600, 162.17
469, 836, 70, 37, 0.6000, 49.3349, -48.6386, 8.2594, 0.1800, 146.33
469, 839, 18, 85, 0.6000, 48.7857, -38.0952, 30.4762, 0.1800, 203.00
469, 822, 88, 46, 0.8333, 8.6713, 8.5509, 1.4398, 0.7500, 216.78
470, 682, 114, 86, 1.0000, 2.4021, 1.3304, 2.0000, 1.0000, 211.26
470, 782, 123, 114, 1.0000, 2.0036, 1.9811, 0.2991, 1.0000, 182.06
470, 807, 44, 26, 0.6000, 42.2377, 41.8509, 5.7027, 0.1800, 208.33
470, 833, 82, 79, 1.0000, 0.9578, 0.0123, 0.9577, 1.0000, 215.96
470, 834, 23, 94, 0.9889, 1.2441, 1.0109, 0.7251, 0.9889, 204.70
470, 776, 12, 94, 0.6222, 45.9863, -22.6115, 40.0432, 0.3111, 193.10
470, 777, 45, 29, 0.5625, 0.9508, 0.0538, 0.9493, 0.2250, 201.00
470, 732, 97, 87, 0.6587, 3.2398, 3.1758, 0.6408, 0.4611, 159.00
470, 779, 60, 56, 0.6222, 10.8128, 10.4735, -2.6872, 0.3111, 229.60
470, 836, 17, 59, 0.6556, 56.3676, -52.7687, 19.8184, 0.2622, 160.50
470, 839, 0, 123, 0.6556, 42.4154, -20.8962, 36.9109, 0.2622, 190.75
470, 822, 97, 48, 0.7333, 8.6713, 8.5509, 1.4398, 0.6600, 216.78
471, 682, 116, 88, 1.0000, 2.6543, 1.7451, 2.0000, 1.0000, 207.78
471, 782, 125, 115, 1.0000, 2.1137, 1.9930, 0.7042, 1.0000, 181.79
471, 807, 82, 30, 0.6556, 38.4617, 38.1826, 4.6246, 0.2622, 202.75
471, 822, 83, 42, 0.9889, 1.6819, -0.7603, -1.5002, 0.9889, 213.60
471, 833, 83, 81, 1.0000, 1.8533, 0.6938, 1.7185, 1.0000, 215.19
471, 834, 23, 94, 1.0000, 0.3715, 0.2831, 0.2406, 1.0000, 206.45
471, 776, 1, 125, 0.6806, 34.5241, -11.9265, 32.3986, 0.4083, 185.42
471, 732, 97, 89, 0.7167, 1.8721, 0.2922, 1.8492, 0.5733, 158.00
471, 779, 62, 55, 0.6806, 3.1014, 2.8106, -1.3110, 0.4083, 227.00
471, 681, 20, 107, 0.5250, 1.3944, 0.9860, 0.9860, 0.3150, 165.33
471, 836, -36, 79, 0.5556, 56.3676, -52.7687, 19.8184, 0.2222, 160.50
471, 839, -21, 160, 0.5556, 42.4154, -20.8962, 36.9109, 0.2222, 190.75
472, 682, 117, 89, 1.0000, 1.8079, 1.2751, 1.2816, 1.0000, 206.71
472, 833, 83, 82, 1.0000, 1.3421, 0.2913, 1.3101, 1.0000, 214.61
472, 834, 24, 95, 1.0000, 1.0429, 0.7246, 0.7500, 1.0000, 207.75
472, 777, 55, 30, 0.6222, 5.4197, 5.3980, 0.4848, 0.3111, 202.80
472, 681, 20, 108, 0.6341, 1.0402, 0.2550, 1.0085, 0.4439, 172.71
472, 840, 40, 61, 0.6000, 0.9866, 0.9860, 0.0336, 0.1800, 210.33
472, 782, 127, 116, 0.9000, 2.1137, 1.9930, 0.7042, 0.9000, 181.79
472, 807, 120, 35, 0.5556, 38.4617, 38.1826, 4.6246, 0.2222, 202.75
472, 776, -11, 158, 0.5806, 34.5241, -11.9265, 32.3986, 0.3483, 185.42
473, 682, 119, 91, 1.0000, 2.4035, 1.7182, 1.6806, 1.0000, 207.88
473, 833, 84, 83, 1.0000, 1.2638, 0.7440, 1.0216, 1.0000, 212.13
473, 834, 25, 95, 1.0000, 1.0305, 0.9994, 0.2514, 1.0000, 207.46
473, 777, 63, 52, 0.6806, 21.8798, 7.7251, 20.4707, 0.4083, 205.33
473, 681, 21, 109, 0.6924, 1.2414, 0.7288, 1.0049, 0.5539, 171.25
473, 840, 32, 54, 0.6556, 8.8869, -6.5265, -6.0317, 0.2622, 211.75
473, 782, 129, 116, 0.8000, 2.1137, 1.9930, 0.7042, 0.8000, 181.79
474, 682, 121, 93, 1.0000, 2.8006, 1.9893, 1.9713, 1.0000, 209.17
474, 773, 73, 34, 0.5625, 34.4759, 31.3892, 14.2585, 0.2250, 208.75
474, 833, 80, 81, 1.0000, 3.5469, -3.3353, -1.2065, 1.0000, 209.75
474, 834, 25, 96, 1.0000, 0.7997, 0.2760, 0.7505, 1.0000, 207.64
474, 777, 57, 75, 0.7381, 22.5071, -4.0203, 22.1451, 0.5167, 202.57
474, 681, 22, 109, 0.7500, 1.0325, 1.0051, 0.2362, 0.6750, 170.00
474, 840, 17, 24, 0.7111, 30.7685, -13.9736, -27.4125, 0.3556, 214.80
474, 842, 8, 104, 0.7056, 1.6849, 0.7535, 1.5070, 0.2822, 169.25
474, 782, 131, 117, 0.7000, 2.1137, 1.9930, 0.7042, 0.7000, 181.79
475, 682, 124, 94, 1.0000, 3.0528, 2.7466, 1.3325, 1.0000, 211.07
475, 771, 83, 86, 0.5625, 53.3444, 47.1241, -24.9989, 0.2250, 169.75
475, 717, 81, 69, 0.5400, 15.5341, -2.8609, -15.2684, 0.2700, 179.00
475, 834, 26, 96, 1.0000, 0.7643, 0.7214, 0.2524, 1.0000, 208.73
475, 838, 30, 3, 0.6000, 43.6701, -14.5860, -41.1622, 0.1800, 210.67
475, 681, 26, 101, 0.7572, 8.6778, 4.0824, -7.6575, 0.7572, 170.00
475, 842, 8, 104, 0.7611, 0.6175, 0.2762, 0.5523, 0.3806, 167.00
475, 790, 55, 36, 0.5625, 0.9860, 0.9860, 0.0000, 0.2250, 199.25
475, 782, 133, 118, 0.6000, 2.1137, 1.9930, 0.7042, 0.6000, 181.79
475, 833, 77, 80, 0.9000, 3.5469, -3.3353, -1.2065, 0.9000, 209.75
475, 840, 3, -3, 0.6111, 30.7685, -13.9736, -27.4125, 0.3056, 214.80
476, 682, 126, 95, 1.0000, 2.5483, 2.3460, 0.9950, 1.0000, 212.98
476, 717, 69, 57, 0.6000, 16.4472, -10.6193, -12.5594, 0.3600, 183.67
476, 834, 24, 109, 1.0000, 11.3998, -1.2711, 11.3287, 1.0000, 205.44
476, 681, 28, 96, 0.8141, 4.7353, 1.4313, -4.5138, 0.8141, 174.00
476, 790, 56, 37, 0.6722, 1.2589, 1.0085, 0.7535, 0.3361, 205.00
476, 742, 102, 28, 0.5400, 0.0951, 0.0672, 0.0672, 0.2700, 155.00
476, 844, 49, 34, 0.6000, 27.7947, -17.1092, -21.9048, 0.1800, 215.00
476, 845, 43, 64, 0.6000, 1.3944, 0.9860, 0.9860, 0.1800, 212.67
476, 782, 135, 118, 0.5000, 2.1137, 1.9930, 0.7042, 0.5000, 181.79
476, 833, 73, 79, 0.8000, 3.5469, -3.3353, -1.2065, 0.8000, 209.75
476, 838, 16, -38, 0.5000, 43.6701, -14.5860, -41.1622, 0.1500, 210.67
476, 842, 8, 105, 0.6611, 0.6175, 0.2762, 0.5523, 0.3306, 167.00
477, 717, 68, 55, 0.6587, 3.8043, -2.7545, -2.6240, 0.4611, 185.00
477, 834, 25, 113, 1.0000, 5.1626, 0.1505, 5.1604, 1.0000, 202.59
477, 790, 60, 31, 0.6806, 6.4938, 4.0592, -5.0688, 0.4083, 203.00
477, 742, 103, 29, 0.6500, 1.0552, 0.7462, 0.7462, 0.3900, 154.50
477, 844, 45, 17, 0.6556, 18.0815, -5.4134, -17.2522, 0.2622, 218.50
477, 845, 47, 68, 0.7056, 5.1834, 3.2690, 4.0225, 0.2822, 209.50
477, 682, 128, 96, 0.9000, 2.5483, 2.3460, 0.9950, 0.9000, 212.98
477, 842, 9, 105, 0.5611, 0.6175, 0.2762, 0.5523, 0.2806, 167.00
478, 717, 70, 56, 0.7167, 2.1896, 2.0263, 0.8299, 0.5733, 188.75
478, 842, 12, 107, 0.8167, 1.8541, 1.5420, 1.0295, 0.4900, 167.00
478, 843, 5, 108, 0.6000, 13.0595, -10.8815, -7.2210, 0.1800, 162.33
478, 844, 42, 12, 0.7111, 7.4438, -3.5767, -6.5282, 0.3556, 217.60
478, 682, 131, 97, 0.8000, 2.5483, 2.3460, 0.9950, 0.8000, 212.98
478, 834, 25, 118, 0.9000, 5.1626, 0.1505, 5.1604, 0.9000, 202.59
478, 790, 64, 26, 0.5806, 6.4938, 4.0592, -5.0688, 0.3483, 203.00
478, 742, 104, 30, 0.5500, 1.0552, 0.7462, 0.7462, 0.3300, 154.50
478, 845, 50, 73, 0.6056, 5.1834, 3.2690, 4.0225, 0.2422, 209.50
479, 842, 12, 108, 0.8722, 1.0724, 0.3303, 1.0203, 0.6106, 167.43
479, 843, 3, 92, 0.6556, 14.7805, -3.3327, -14.3999, 0.2622, 164.25
479, 845, 56, 69, 0.7611, 4.8467, 4.8447, -0.1382, 0.3806, 204.80
479, 682, 133, 98, 0.7000, 2.5483, 2.3460, 0.9950, 0.7000, 212.98
479, 834, 25, 124, 0.8000, 5.1626, 0.1505, 5.1604, 0.8000, 202.59
479, 844, 38, 5, 0.6111, 7.4438, -3.5767, -6.5282, 0.3056, 217.60
480, 823, 78, 35, 1.0000, 4.1245, -3.6055, 2.0030, 1.0000, 174.45
480, 834, 47, 125, 1.0000, 9.7973, 9.0932, 3.6471, 1.0000, 199.67
480, 842, 25, 114, 0.8778, 12.6155, 11.3233, 5.5619, 0.7022, 165.25
480, 742, 106, 30, 0.7087, 1.1427, 1.1066, 0.2847, 0.4961, 154.43
480, 845, 67, 45, 0.7667, 24.5603, 10.5357, -22.1858, 0.4600, 204.00
480, 682, 135, 99, 0.6000, 2.5483, 2.3460, 0.9950, 0.6000, 212.98
480, 843, -1, 78, 0.5556, 14.7805, -3.3327, -14.3999, 0.2222, 164.25
480, 844, 34, -1, 0.5111, 7.4438, -3.5767, -6.5282, 0.2556, 217.60
481, 823, 63, 38, 1.0000, 13.9920, -13.7053, 2.8176, 1.0000, 175.38
481, 842, 29, 116, 0.9333, 5.4433, 5.0636, 1.9974, 0.8400, 163.56
481, 843, 26, 63, 0.7111, 20.1056, 13.7783, -14.6422, 0.3556, 166.20
481, 742, 110, 21, 0.7167, 9.8975, 4.2886, -8.9201, 0.5733, 152.62
481, 760, 42, 100, 0.5400, 34.6102, -4.7283, 34.2857, 0.2700, 197.80
481, 682, 138, 100, 0.5000, 2.5483, 2.3460, 0.9950, 0.5000, 212.98
482, 823, 51, 38, 1.0000, 12.5773, -12.5752, 0.2296, 1.0000, 176.91
482, 828, 90, 91, 1.0000, 1.3750, 0.8078, 1.1127, 1.0000, 187.36
482, 831, 2, 121, 0.6000, 14.7139, -13.5264, 5.7909, 0.1800, 155.00
482, 842, 30, 116, 0.9889, 1.2827, 1.0649, 0.7152, 0.9889, 163.80
482, 629, 61, 38, 0.5062, 10.9792, 10.8197, 1.8645, 0.4050, 197.00
482, 848, 3, 53, 0.6000, 23.1994, -22.5717, 5.3598, 0.1800, 209.67
482, 760, 32, 124, 0.6000, 27.6071, -9.5856, 25.8895, 0.3600, 188.67
482, 805, 16, 30, 0.5625, 0.0000, 0.0000, 0.0000, 0.2250, 220.00
482, 742, 115, 12, 0.6167, 9.8975, 4.2886, -8.9201, 0.4933, 152.62
483, 842, 29, 116, 1.0000, 0.3336, -0.3333, -0.0155, 1.0000, 162.91
483, 805, 26, 44, 0.6222, 15.0701, 9.0421, 12.0561, 0.3111, 222.10
483, 823, 38, 38, 0.9000, 12.5773, -12.5752, 0.2296, 0.9000, 176.91
483, 831, -11, 127, 0.5000, 14.7139, -13.5264, 5.7909, 0.1500, 155.00
483, 848, -20, 58, 0.5000, 23.1994, -22.5717, 5.3598, 0.1500, 209.67
483, 760, 22, 150, 0.5000, 27.6071, -9.5856, 25.8895, 0.3000, 188.67
484, 823, 17, 38, 1.0000, 17.1246, -17.1233, 0.2128, 1.0000, 178.30
484, 842, 19, 113, 1.0000, 9.8652, -9.3542, -3.1340, 1.0000, 162.17
484, 805, 33, 49, 0.6806, 9.2850, 7.1316, 5.9456, 0.4083, 219.58
485, 823, 6, 48, 1.0000, 15.0545, -12.3563, 8.5999, 1.0000, 178.92
485, 805, 49, 66, 0.7381, 21.8973, 15.1616, 15.7993, 0.5167, 217.36
485, 849, 51, 21, 0.6000, 37.6431, 36.0547, -10.8197, 0.1800, 203.33
485, 842, 9, 109, 0.9000, 9.8652, -9.3542, -3.1340, 0.9000, 162.17
486, 823, 1, 76, 1.0000, 25.9199, -6.3651, 25.1262, 1.0000, 179.00
486, 805, 54, 70, 0.7951, 7.5527, 5.5117, 5.1637, 0.6361, 214.44
486, 849, 85, 2, 0.6556, 38.7873, 34.5028, -17.7204, 0.2622, 197.00
486, 733, 126, -1, 0.5031, 5.7550, 4.9545, -2.9280, 0.5031, 175.66
486, 850, 16, 107, 0.6000, 33.9666, 15.6011, 30.1717, 0.1800, 171.67
486, 813, 30, 1, 0.5625, 44.7996, -1.8375, -44.7619, 0.2250, 246.00
487, 629, 88, 68, 0.5630, 8.1997, 3.6535, 7.3408, 0.5067, 195.33
487, 847, 50, 28, 0.6000, 18.6181, 15.6347, 10.1089, 0.1800, 197.67
487, 678, 46, 3, 0.5143, 32.7285, 29.2653, -14.6526, 0.3600, 208.00
487, 805, 54, 70, 0.8519, 0.7089, 0.6008, 0.3763, 0.7667, 214.06
487, 850, 35, 121, 0.6556, 24.4830, 18.1687, 16.4108, 0.2622, 168.50
487, 849, 120, -16, 0.5556, 38.7873, 34.5028, -17.7204, 0.2222, 197.00
488, 841, 106, 107, 0.6000, 15.1140, 14.3393, 4.7767, 0.1800, 110.67
488, 629, 79, 87, 0.6194, 20.1002, -8.2261, 18.3398, 0.6194, 193.00
488, 847, 55, 41, 0.6556, 13.9930, 6.9581, 12.1403, 0.2622, 196.25
488, 815, 22, 114, 0.5625, 11.1770, -11.0125, -1.9106, 0.2250, 152.50
488, 805, 55, 70, 0.7519, 0.7089, 0.6008, 0.3763, 0.6767, 214.06
488, 850, 53, 138, 0.5556, 24.4830, 18.1687, 16.4108, 0.2222, 168.50
489, 847, 72, 49, 0.7111, 17.9104, 15.7734, 8.4842, 0.3556, 203.80
489, 815, 6, 86, 0.6222, 29.1038, -15.3192, -24.7457, 0.3111, 157.60
489, 749, 126, 52, 0.5400, 0.0000, 0.0000, 0.0000, 0.2700, 109.00
489, 806, 76, 30, 0.5625, 38.3583, -38.0616, -4.7619, 0.2250, 165.75
489, 841, 121, 112, 0.5000, 15.1140, 14.3393, 4.7767, 0.1500, 110.67
489, 629, 71, 105, 0.5194, 20.1002, -8.2261, 18.3398, 0.5194, 193.00
490, 847, 91, 48, 0.7667, 17.9962, 17.9961, -0.0625, 0.4600, 198.17
490, 815, 7, 54, 0.6806, 31.0021, -0.3752, -30.9999, 0.4083, 165.67
490, 749, 122, 65, 0.6000, 11.9140, -3.7675, 11.3026, 0.3600, 108.67
490, 806, 53, 36, 0.6222, 25.8580, -25.4209, 4.7347, 0.3111, 171.40
490, 851, 86, 5, 0.6000, 0.9936, 0.0376, 0.9928, 0.1800, 178.33
490, 853, 39, 48, 0.6000, 1.0196, 1.0196, 0.0000, 0.1800, 252.33
491, 847, 103, 60, 0.8222, 17.0259, 12.9165, 11.0927, 0.5756, 192.57
491, 851, 87, 6, 0.7056, 1.2539, 0.7482, 1.0062, 0.2822, 176.50
491, 853, 41, 48, 0.7056, 1.7583, 1.7583, 0.0000, 0.2822, 247.75
491, 817, 36, 101, 0.5625, 20.0905, -1.9048, -20.0000, 0.2250, 151.50
491, 856, 2, 46, 0.6000, 1.3477, 0.9860, 0.9188, 0.1800, 232.17
491, 858, 7, 83, 0.6000, 9.9431, 2.8571, 9.5238, 0.1800, 177.33
491, 749, 118, 76, 0.5000, 11.9140, -3.7675, 11.3026, 0.3000, 108.67
491, 806, 27, 41, 0.5222, 25.8580, -25.4209, 4.7347, 0.2611, 171.40
492, 851, 87, 7, 0.7611, 1.0391, 0.2706, 1.0032, 0.3806, 178.60
492, 853, 42, 48, 0.7611, 1.2754, 1.2754, 0.0000, 0.3806, 248.60
492, 817, 54, 72, 0.6222, 31.2840, 15.3063, -27.2839, 0.3111, 167.20
492, 826, 72, 38, 0.5625, 0.9208, 0.0751, -0.9177, 0.2250, 209.62
492, 856, 3, 45, 0.7056, 1.1217, 1.0085, -0.4912, 0.2822, 231.75
492, 858, 7, 84, 0.6556, 2.7007, 0.7760, 2.5868, 0.2622, 178.75
492, 847, 116, 71, 0.7222, 17.0259, 12.9165, 11.0927, 0.5056, 192.57
493, 749, 103, 86, 0.6587, 9.0347, -6.7836, 5.9673, 0.4611, 109.43
493, 851, 88, 8, 0.8167, 1.2554, 0.7586, 1.0003, 0.4900, 176.17
493, 853, 44, 48, 0.8167, 1.7590, 1.7590, 0.0000, 0.4900, 249.17
493, 817, 85, 60, 0.6806, 32.4703, 29.5277, -13.5068, 0.4083, 168.33
493, 826, 74, 40, 0.6722, 1.9481, 1.4964, 1.2473, 0.3361, 207.50
493, 856, 4, 45, 0.7611, 1.0486, 1.0049, -0.2995, 0.3806, 231.00
493, 858, 7, 84, 0.7111, 0.3034, -0.0872, -0.2906, 0.3556, 178.20
494, 749, 102, 87, 0.7167, 1.6482, -1.3525, 0.9418, 0.5733, 110.00
494, 851, 89, 8, 0.8722, 1.0407, 1.0128, 0.2394, 0.6106, 176.86
494, 853, 45, 48, 0.8722, 1.2520, 1.2520, 0.0000, 0.6106, 249.71
494, 856, 5, 44, 0.8167, 1.2856, 1.0006, -0.8071, 0.4900, 234.33
494, 860, 54, 45, 0.7056, 0.7463, -0.5387, 0.5164, 0.2822, 209.75
494, 814, 60, 73, 0.5625, 30.0103, -29.6246, 4.7955, 0.2250, 158.25
494, 826, 75, 41, 0.5722, 1.9481, 1.4964, 1.2473, 0.2861, 207.50
494, 858, 7, 83, 0.6111, 0.3034, -0.0872, -0.2906, 0.3056, 178.20
495, 851, 89, 8, 0.9278, 0.2889, 0.2841, -0.0523, 0.7422, 175.38
495, 853, 47, 48, 0.9278, 1.7437, 1.7437, 0.0000, 0.7422, 247.71
495, 856, 7, 45, 0.8722, 1.8277, 1.7598, 0.4933, 0.6106, 236.64
495, 832, 15, 123, 0.5625, 19.8607, 11.6410, 16.0914, 0.2250, 178.50
495, 860, 34, 35, 0.7111, 20.4347, -18.2025, -9.2868, 0.3556, 214.60
495, 814, 34, 54, 0.6222, 30.8932, -26.8456, -15.2874, 0.3111, 167.00
495, 858, 7, 83, 0.5111, 0.3034, -0.0872, -0.2906, 0.2556, 178.20
496, 851, 92, 9, 0.9833, 2.3255, 2.2189, 0.6960, 0.8850, 173.44
496, 853, 49, 49, 0.9833, 2.1446, 2.0085, 0.7518, 0.8850, 248.19
496, 826, 78, 40, 0.7306, 1.4028, 1.3961, -0.1369, 0.4383, 204.42
496, 856, 8, 45, 0.9278, 1.3323, 1.2958, 0.3095, 0.7422, 235.50
496, 858, 10, 85, 0.7667, 1.3588, 1.1855, 0.6642, 0.4600, 178.33
496, 860, 10, 10, 0.7667, 33.2877, -23.5878, -23.4879, 0.4600, 216.83
496, 814, 18, 57, 0.6806, 16.6883, -16.6758, 0.6457, 0.4083, 171.33
496, 866, 8, 100, 0.6000, 25.1021, -20.5737, -14.3818, 0.1800, 158.33
497, 851, 93, 9, 1.0000, 1.6197, 1.5942, 0.2865, 1.0000, 174.60
497, 853, 50, 49, 1.0000, 1.3284, 1.2938, 0.3011, 1.0000, 248.17
497, 826, 82, 37, 0.7881, 4.8382, 3.5137, -3.3261, 0.5517, 205.79
497, 856, 9, 43, 0.9833, 1.7674, 1.0053, -1.4537, 0.8850, 235.00
497, 858, 11, 86, 0.6667, 1.3588, 1.1855, 0.6642, 0.4000, 178.33
497, 860, -14, -14, 0.6667, 33.2877, -23.5878, -23.4879, 0.4000, 216.83
497, 866, -13, 86, 0.5000, 25.1021, -20.5737, -14.3818, 0.1500, 158.33
498, 851, 94, 10, 1.0000, 1.3011, 1.0592, 0.7557, 1.0000, 173.64
498, 853, 52, 49, 1.0000, 1.7120, 1.7120, 0.0100, 1.0000, 248.61
498, 826, 84, 31, 0.8451, 5.6525, 2.6177, -5.0098, 0.6761, 202.94
498, 856, 10, 41, 1.0000, 2.3294, 0.9583, -2.1231, 1.0000, 233.27
498, 858, 0, 60, 0.8222, 15.5797, -5.6669, -14.5126, 0.5756, 182.57
498, 879, 73, 85, 0.6000, 15.5036, 11.4286, 10.4762, 0.1800, 177.33
499, 851, 95, 11, 1.0000, 1.3740, 0.9348, 1.0070, 1.0000, 175.42
499, 853, 49, 52, 1.0000, 3.8062, -2.4470, 2.9153, 1.0000, 244.06
499, 879, 108, 99, 0.6556, 34.7480, 31.7373, 14.1480, 0.2622, 156.50
499, 826, 87, 26, 0.7451, 5.6525, 2.6177, -5.0098, 0.5961, 202.94
499, 856, 11, 39, 0.9000, 2.3294, 0.9583, -2.1231, 0.9000, 233.27
500, 851, 96, 12, 1.0000, 1.4180, 0.9638, 1.0401, 1.0000, 175.00
500, 853, 48, 58, 1.0000, 5.0542, -1.2809, 4.8892, 1.0000, 241.13
500, 856, 13, 31, 1.0000, 5.5491, 1.5432, -5.3302, 1.0000, 231.70
500, 691, 55, 49, 0.5143, 1.3477, 0.9188, -0.9860, 0.3600, 228.24
500, 826, 89, 21, 0.6451, 5.6525, 2.6177, -5.0098, 0.5161, 202.94
500, 879, 139, 114, 0.5556, 34.7480, 31.7373, 14.1480, 0.2222, 156.50
501, 751, 40, 19, 0.5400, 24.4065, 23.1548, -7.7157, 0.2700, 223.40
501, 820, 4, 106, 0.5625, 18.2189, -11.3699, -14.2357, 0.2250, 152.75
501, 851, 97, 12, 1.0000, 1.0347, 0.9947, 0.2851, 1.0000, 174.64
501, 867, 32, 33, 0.6000, 43.7005, -14.6393, -41.1756, 0.1800, 197.00
501, 868, 2, 123, 0.6000, 30.1521, -30.1395, -0.8742, 0.1800, 149.67
501, 877, 29, 15, 0.6000, 4.4864, -2.6783, 3.5993, 0.1800, 239.83
501, 691, 57, 49, 0.6222, 1.7876, 1.7694, -0.2550, 0.4978, 230.71
501, 885, 104, 61, 0.6000, 29.0755, 21.9384, 19.0812, 0.1800, 176.00
501, 886, 10, 47, 0.6000, 3.9268, -0.9524, 3.8095, 0.1800, 231.33
501, 853, 46, 62, 0.9000, 5.0542, -1.2809, 4.8892, 0.9000, 241.13
501, 826, 92, 16, 0.5451, 5.6525, 2.6177, -5.0098, 0.4361, 202.94
501, 856, 14, 26, 0.9000, 5.5491, 1.5432, -5.3302, 0.9000, 231.70
502, 751, 44, 19, 0.6000, 6.4372, 6.2951, -1.3453, 0.3600, 220.67
502, 820, 0, 74, 0.6222, 29.3420, -4.7257, -28.9590, 0.3111, 159.20
502, 867, 17, 0, 0.6556, 37.5951, -15.0518, -34.4504, 0.2622, 204.50
502, 877, 25, 19, 0.6556, 5.6913, -3.8867, 4.1574, 0.2622, 240.38
502, 691, 58, 49, 0.6796, 1.2930, 1.2925, 0.0348, 0.6117, 232.63
502, 885, 118, 61, 0.6556, 15.1422, 14.9880, 2.1559, 0.2622, 163.00
502, 886, 4, 59, 0.6556, 12.1619, -5.5332, 10.8303, 0.2622, 229.25
502, 888, 24, 48, 0.6000, 50.6197, -49.5238, 10.4762, 0.1800, 206.33
502, 889, 3, 42, 0.6000, 0.9860, 0.9860, 0.0000, 0.1800, 227.33
502, 892, 15, 47, 0.6000, 17.5093, 12.3810, -12.3810, 0.1800, 207.67
502, 895, 23, 78, 0.6000, 12.1913, 7.6527, -9.4902, 0.1800, 181.33
502, 851, 98, 12, 0.9000, 1.0347, 0.9947, 0.2851, 0.9000, 174.64
502, 853, 45, 67, 0.8000, 5.0542, -1.2809, 4.8892, 0.8000, 241.13
502, 856, 16, 21, 0.8000, 5.5491, 1.5432, -5.3302, 0.8000, 231.70
502, 868, -28, 122, 0.5000, 30.1521, -30.1395, -0.8742, 0.1500, 149.67
503, 795, 126, 14, 0.5625, 28.0678, 28.0512, 0.9673, 0.2250, 166.25
503, 826, 94, 1, 0.8519, 6.6477, 1.7496, -6.4133, 0.7667, 198.61
503, 856, 3, 3, 1.0000, 11.2084, -4.3851, -10.3150, 1.0000, 230.72
503, 877, 22, 23, 0.7111, 5.3156, -3.3698, 4.1110, 0.3556, 243.30
503, 691, 60, 49, 0.7367, 1.7646, 1.7639, 0.0504, 0.7367, 234.47
503, 846, 17, 50, 0.5625, 39.5945, -3.6708, -39.4240, 0.2250, 193.25
503, 887, 72, 45, 0.6000, 18.3810, 0.9928, 18.3542, 0.1800, 206.33
503, 889, 4, 41, 0.7056, 1.2589, 1.0085, -0.7535, 0.2822, 231.25
503, 892, 18, 28, 0.6556, 19.0653, 4.8698, -18.4329, 0.2622, 209.00
503, 895, 48, 53, 0.6556, 32.5973, 23.1639, -22.9351, 0.2622, 189.75
503, 751, 50, 18, 0.5000, 6.4372, 6.2951, -1.3453, 0.3000, 220.67
503, 820, -5, 46, 0.5222, 29.3420, -4.7257, -28.9590, 0.2611, 159.20
503, 851, 99, 13, 0.8000, 1.0347, 0.9947, 0.2851, 0.8000, 174.64
503, 853, 44, 72, 0.7000, 5.0542, -1.2809, 4.8892, 0.7000, 241.13
503, 867, 2, -35, 0.5556, 37.5951, -15.0518, -34.4504, 0.2222, 204.50
503, 885, 133, 63, 0.5556, 15.1422, 14.9880, 2.1559, 0.2222, 163.00
503, 886, -2, 70, 0.5556, 12.1619, -5.5332, 10.8303, 0.2222, 229.25
503, 888, -26, 58, 0.5000, 50.6197, -49.5238, 10.4762, 0.1500, 206.33
504, 809, 26, 62, 0.5625, 39.5589, 0.9647, 39.5471, 0.2250, 206.75
504, 851, 99, 15, 1.0000, 1.2415, 0.5995, 1.0871, 1.0000, 173.53
504, 877, 17, 44, 0.7667, 19.8323, -4.5404, 19.3056, 0.4600, 238.58
504, 691, 56, 56, 0.7434, 6.9374, -3.3103, 6.0966, 0.7434, 231.97
504, 886, 3, 96, 0.7111, 19.9701, 0.1521, 19.9695, 0.3556, 217.00
504, 846, 19, 24, 0.6222, 27.4185, 1.2034, -27.3921, 0.3111, 205.00
504, 887, 83, 70, 0.6556, 26.0035, 9.3352, 24.2701, 0.2622, 200.25
504, 889, 4, 41, 0.7611, 0.3668, 0.2414, -0.2762, 0.3806, 225.50
504, 895, 63, 46, 0.7111, 18.1179, 15.8933, -8.6984, 0.3556, 200.00
504, 901, 39, 122, 0.6000, 17.9908, -14.3484, 10.8531, 0.1800, 150.33
504, 902, 71, 127, 0.6000, 4.5144, -2.7300, 3.5955, 0.1800, 135.67
504, 826, 96, -5, 0.7519, 6.6477, 1.7496, -6.4133, 0.6767, 198.61
504, 856, -1, -7, 0.9000, 11.2084, -4.3851, -10.3150, 0.9000, 230.72
504, 892, 23, 10, 0.5556, 19.0653, 4.8698, -18.4329, 0.2222, 209.00
505, 809, 19, 91, 0.6222, 31.6539, -5.7717, 31.1232, 0.3111, 201.00
505, 851, 100, 16, 1.0000, 1.3771, 0.8937, 1.0476, 1.0000, 173.56
505, 859, 17, 29, 0.6000, 8.7484, 5.6892, 6.6459, 0.1800, 224.33
505, 691, 54, 59, 0.8000, 3.8655, -2.2970, 3.1090, 0.8000, 228.76
505, 846, 26, 2, 0.6806, 23.3141, 6.2701, -22.4551, 0.4083, 204.33
505, 889, 7, 41, 0.8167, 2.2384, 2.2384, 0.0045, 0.4900, 229.25
505, 902, 72, 127, 0.7056, 1.3055, 0.7066, 1.0978, 0.2822, 143.00
505, 826, 98, -12, 0.6519, 6.6477, 1.7496, -6.4133, 0.5867, 198.61
505, 887, 92, 94, 0.5556, 26.0035, 9.3352, 24.2701, 0.2222, 200.25
505, 901, 25, 133, 0.5000, 17.9908, -14.3484, 10.8531, 0.1500, 150.33
506, 751, 76, 27, 0.6587, 9.0728, 8.5565, 3.0171, 0.4611, 215.71
506, 809, 13, 117, 0.6806, 26.8193, -6.0501, 26.1280, 0.4083, 192.83
506, 859, 19, 46, 0.6556, 15.7897, 3.1171, 15.4790, 0.2622, 221.50
506, 889, 8, 41, 0.8722, 1.5866, 1.5860, 0.0417, 0.6106, 228.93
506, 895, 66, 50, 0.8222, 1.5757, 0.0110, 1.5756, 0.5756, 213.29
506, 902, 75, 126, 0.7611, 2.3047, 2.1486, -0.8338, 0.3806, 146.00
506, 904, 6, 36, 0.6000, 25.6807, 0.0336, -25.6807, 0.1800, 209.00
506, 851, 101, 17, 0.9000, 1.3771, 0.8937, 1.0476, 0.9000, 173.56
506, 826, 99, -18, 0.5519, 6.6477, 1.7496, -6.4133, 0.4967, 198.61
506, 846, 32, -20, 0.5806, 23.3141, 6.2701, -22.4551, 0.3483, 204.33
507, 851, 102, 17, 1.0000, 1.1349, 1.0366, 0.4618, 1.0000, 173.00
507, 859, 20, 49, 0.7111, 4.9502, 1.1683, 4.8103, 0.3556, 219.00
507, 887, 112, 116, 0.7111, 16.5634, 9.9242, 13.2611, 0.3556, 177.40
507, 889, 9, 40, 0.9278, 1.2832, 1.0481, -0.7404, 0.7422, 229.31
507, 901, 9, 119, 0.6556, 10.0016, -9.1859, -3.9561, 0.2622, 154.25
507, 902, 77, 123, 0.8167, 3.5663, 2.2451, -2.7709, 0.4900, 141.17
507, 904, 10, 24, 0.6556, 14.2747, 3.7639, -13.7695, 0.2622, 208.50
507, 909, 64, 49, 0.6000, 12.5266, 12.3810, -1.9048, 0.1800, 210.33
507, 913, 36, 115, 0.6000, 10.2575, -3.8095, -9.5238, 0.1800, 142.67
508, 851, 103, 18, 1.0000, 1.3064, 1.0186, 0.8179, 1.0000, 171.78
508, 859, 21, 48, 0.7667, 0.8654, 0.7556, -0.4218, 0.4600, 216.50
508, 889, 9, 40, 0.9833, 0.3493, 0.1812, -0.2986, 0.8850, 231.83
508, 901, 3, 108, 0.7111, 11.5958, -5.6161, -10.1450, 0.3556, 155.00
508, 904, 9, 13, 0.7111, 11.6688, -0.9156, -11.6329, 0.3556, 210.40
508, 909, 93, 44, 0.6556, 27.0628, 26.7215, -4.2849, 0.2622, 200.25
508, 912, 78, 125, 0.6000, 3.8396, 3.7460, -0.8426, 0.1800, 138.33
508, 913, 22, 94, 0.6556, 23.8343, -13.0908, -19.9174, 0.2622, 151.00
508, 915, 8, 34, 0.6000, 8.0939, -7.5854, 2.8235, 0.1800, 219.00
508, 887, 122, 130, 0.6111, 16.5634, 9.9242, 13.2611, 0.3056, 177.40
508, 902, 79, 121, 0.7167, 3.5663, 2.2451, -2.7709, 0.4300, 141.17
509, 851, 104, 19, 1.0000, 1.4191, 1.0024, 1.0045, 1.0000, 171.21
509, 873, 73, 62, 0.6000, 29.4950, 20.8518, -20.8604, 0.1800, 189.33
509, 889, 11, 40, 1.0000, 1.4125, 1.4125, -0.0100, 1.0000, 231.45
509, 902, 90, 121, 0.8222, 7.0331, 6.9591, -1.0173, 0.5756, 136.00
509, 909, 98, 43, 0.7111, 7.5364, 7.4195, -1.3227, 0.3556, 198.20
509, 912, 80, 124, 0.7056, 2.7682, 2.5645, -1.0422, 0.2822, 136.00
509, 913, 10, 75, 0.7111, 22.4742, -11.9378, -19.0415, 0.3556, 156.40
509, 915, 2, 43, 0.6556, 10.6122, -6.5941, 8.3148, 0.2622, 214.00
509, 919, 30, 117, 0.6000, 56.8206, 21.9384, 52.4146, 0.1800, 181.00
509, 920, 120, 64, 0.6000, 1.9384, 1.9384, 0.0000, 0.1800, 130.33
509, 887, 132, 143, 0.5111, 16.5634, 9.9242, 13.2611, 0.2556, 177.40
509, 904, 8, 1, 0.6111, 11.6688, -0.9156, -11.6329, 0.3056, 210.40
510, 851, 105, 20, 1.0000, 1.4346, 0.9982, 1.0303, 1.0000, 171.15
510, 873, 70, 34, 0.6556, 27.0628, 0.5952, -27.0562, 0.2622, 186.50
510, 889, 13, 40, 1.0000, 2.0335, 2.0331, 0.0406, 1.0000, 230.77
510, 902, 112, 117, 0.8778, 20.8214, 20.5659, -3.2517, 0.7022, 130.12
510, 904, 17, 5, 0.7667, 5.1772, 4.5777, -2.4184, 0.4600, 208.17
510, 912, 81, 124, 0.7611, 1.2449, 1.2147, -0.2729, 0.3806, 137.70
510, 913, 7, 64, 0.7667, 12.4769, -3.4086, -12.0022, 0.4600, 163.83
510, 915, 2, 48, 0.7111, 5.0153, -0.6666, 4.9708, 0.3556, 222.20
510, 920, 122, 64, 0.7056, 2.0207, 2.0207, 0.0000, 0.2822, 133.50
510, 923, 27, 2, 0.6000, 47.8027, 10.5098, -46.6331, 0.1800, 248.00
510, 909, 105, 42, 0.6111, 7.5364, 7.4195, -1.3227, 0.3056, 198.20
510, 919, 52, 170, 0.5000, 56.8206, 21.9384, 52.4146, 0.1500, 181.00
511, 851, 106, 21, 1.0000, 1.4227, 0.9988, 1.0132, 1.0000, 170.76
511, 857, 58, 61, 0.6000, 42.7541, 41.4219, 10.5895, 0.1800, 215.67
511, 889, 14, 39, 1.0000, 1.5420, 1.3630, -0.7210, 1.0000, 231.38
511, 912, 82, 125, 0.8167, 1.1785, 0.8540, 0.8121, 0.4900, 134.42
511, 913, 15, 50, 0.8222, 14.7956, 6.5472, -13.2682, 0.5756, 176.86
511, 917, 11, 65, 0.6000, 20.7761, -11.6852, 17.1785, 0.1800, 214.00
511, 920, 124, 65, 0.7611, 2.1554, 2.0156, 0.7636, 0.3806, 133.20
511, 873, 71, 7, 0.5556, 27.0628, 0.5952, -27.0562, 0.2222, 186.50
511, 902, 132, 114, 0.7778, 20.8214, 20.5659, -3.2517, 0.6222, 130.12
511, 915, 1, 53, 0.6111, 5.0153, -0.6666, 4.9708, 0.3056, 222.20
511, 923, 37, -45, 0.5000, 47.8027, 10.5098, -46.6331, 0.1500, 248.00
512, 851, 107, 22, 1.0000, 1.4149, 0.9997, 1.0012, 1.0000, 169.82
512, 857, 76, 71, 0.6556, 24.2255, 21.8615, 10.4380, 0.2622, 205.25
512, 889, 15, 39, 1.0000, 1.0406, 0.9943, -0.3069, 1.0000, 229.73
512, 907, 80, 118, 0.6000, 8.6309, -7.3130, -4.5839, 0.1800, 113.67
512, 912, 78, 123, 0.8722, 3.8549, -3.6705, -1.1782, 0.6106, 132.07
512, 913, 17, 46, 0.8778, 5.3349, 2.2337, -4.8447, 0.7022, 177.38
512, 915, 15, 58, 0.7667, 9.4423, 7.8791, 5.2036, 0.4600, 218.50
512, 917, 9, 68, 0.6556, 6.2930, -3.5678, 5.1838, 0.2622, 207.75
512, 920, 126, 65, 0.8167, 2.0240, 2.0029, 0.2911, 0.4900, 134.17
512, 902, 153, 111, 0.6778, 20.8214, 20.5659, -3.2517, 0.5422, 130.12
513, 851, 108, 23, 1.0000, 1.4131, 1.0001, 0.9984, 1.0000, 169.22
513, 855, 17, 50, 0.6000, 26.0092, 9.6587, 24.1493, 0.1800, 214.56
513, 869, 77, 48, 0.6000, 47.1818, -10.5303, 45.9917, 0.1800, 192.33
513, 889, 16, 39, 1.0000, 0.9421, 0.9419, -0.0191, 1.0000, 230.04
513, 908, 80, 126, 0.6000, 52.5877, 52.5168, 2.7303, 0.1800, 137.67
513, 927, 58, 113, 0.6000, 0.9866, 0.9860, 0.0336, 0.1800, 183.50
513, 857, 98, 81, 0.5556, 24.2255, 21.8615, 10.4380, 0.2222, 205.25
513, 902, 173, 108, 0.5778, 20.8214, 20.5659, -3.2517, 0.4622, 130.12
513, 907, 72, 114, 0.5000, 8.6309, -7.3130, -4.5839, 0.1500, 113.67
513, 912, 74, 122, 0.7722, 3.8549, -3.6705, -1.1782, 0.5406, 132.07
513, 913, 19, 42, 0.7778, 5.3349, 2.2337, -4.8447, 0.6222, 177.38
513, 917, 5, 73, 0.5556, 6.2930, -3.5678, 5.1838, 0.2222, 207.75
513, 920, 128, 65, 0.7167, 2.0240, 2.0029, 0.2911, 0.4300, 134.17
514, 851, 105, 33, 1.0000, 8.9280, -2.4484, 8.5858, 1.0000, 168.54
514, 855, 18, 54, 0.6556, 7.0528, 2.6198, 6.5482, 0.2622, 218.17
514, 889, 16, 39, 1.0000, 0.2525, 0.2494, 0.0393, 1.0000, 228.43
514, 907, 59, 114, 0.6556, 10.7298, -10.5451, -1.9823, 0.2622, 126.75
514, 908, 121, 121, 0.6556, 42.3853, 42.2221, -3.7162, 0.2622, 123.00
514, 927, 44, 121, 0.6556, 13.6090, -11.8011, 6.7779, 0.2622, 175.62
514, 869, 67, 94, 0.5000, 47.1818, -10.5303, 45.9917, 0.1500, 192.33
514, 920, 130, 66, 0.6167, 2.0240, 2.0029, 0.2911, 0.3700, 134.17
515, 855, 13, 63, 0.7111, 9.3878, -4.1023, 8.4441, 0.3556, 215.33
515, 872, 12, 67, 0.6000, 22.5084, 7.6888, 21.1545, 0.1800, 222.00
515, 889, 18, 38, 1.0000, 1.5718, 1.4061, -0.7025, 1.0000, 228.59
515, 893, 91, 116, 0.6000, 55.9630, -1.8964, 55.9309, 0.1800, 160.67
515, 907, 30, 97, 0.7111, 31.4603, -27.5482, -15.1936, 0.3556, 137.20
515, 927, 32, 127, 0.7111, 13.6308, -12.0888, 6.2975, 0.3556, 170.50
515, 851, 102, 42, 0.9000, 8.9280, -2.4484, 8.5858, 0.9000, 168.54
515, 908, 163, 117, 0.5556, 42.3853, 42.2221, -3.7162, 0.2222, 123.00
515, 920, 132, 66, 0.5167, 2.0240, 2.0029, 0.2911, 0.3100, 134.17
516, 851, 100, 52, 1.0000, 9.7760, -2.4227, 9.4710, 1.0000, 168.08
516, 870, 44, 22, 0.6000, 26.4499, 22.1506, 14.4550, 0.1800, 207.33
516, 889, 19, 39, 1.0000, 1.3579, 1.2965, 0.4037, 1.0000, 227.85
516, 918, 42, 56, 0.6000, 15.3279, 12.8935, 8.2887, 0.1800, 203.33
516, 925, 75, 125, 0.6000, 18.2612, 14.5993, 10.9695, 0.1800, 169.00
516, 931, 82, 51, 0.6000, 1.9384, 1.9384, 0.0000, 0.1800, 236.17
516, 855, 9, 71, 0.6111, 9.3878, -4.1023, 8.4441, 0.3056, 215.33
516, 872, 19, 88, 0.5000, 22.5084, 7.6888, 21.1545, 0.1500, 222.00
516, 893, 89, 172, 0.5000, 55.9630, -1.8964, 55.9309, 0.1500, 160.67
516, 927, 20, 133, 0.6111, 13.6308, -12.0888, 6.2975, 0.3056, 170.50
517, 816, 62, 115, 0.5625, 9.1613, -2.8981, -8.6908, 0.2250, 150.00
517, 872, 23, 118, 0.6556, 26.3033, 5.4909, 25.7238, 0.2622, 204.25
517, 889, 20, 37, 1.0000, 1.5598, 1.0673, -1.1374, 1.0000, 227.92
517, 921, 22, 77, 0.6000, 47.3979, -40.8006, -24.1221, 0.1800, 160.33
517, 931, 84, 51, 0.7056, 2.0207, 2.0207, 0.0000, 0.2822, 233.88
517, 851, 98, 61, 0.9000, 9.7760, -2.4227, 9.4710, 0.9000, 168.08
517, 855, 5, 80, 0.5111, 9.3878, -4.1023, 8.4441, 0.2556, 215.33
517, 870, 66, 37, 0.5000, 26.4499, 22.1506, 14.4550, 0.1500, 207.33
517, 918, 55, 65, 0.5000, 15.3279, 12.8935, 8.2887, 0.1500, 203.33
517, 925, 89, 136, 0.5000, 18.2612, 14.5993, 10.9695, 0.1500, 169.00
517, 927, 8, 140, 0.5111, 13.6308, -12.0888, 6.2975, 0.2556, 170.50
518, 851, 83, 90, 1.0000, 22.1398, -9.3432, 20.0717, 1.0000, 167.88
518, 855, 10, 86, 0.7667, 7.6443, -0.3935, 7.6342, 0.4600, 207.94
518, 816, 62, 115, 0.6222, 1.7866, -0.7857, -1.6046, 0.3111, 151.73
518, 889, 30, 46, 1.0000, 11.3875, 8.7940, 7.2346, 1.0000, 226.87
518, 918, 53, 83, 0.6556, 14.3947, 4.3416, 13.7243, 0.2622, 197.00
518, 922, 3, 5, 0.6000, 43.4792, -24.1221, -36.1742, 0.1800, 213.00
518, 925, 118, 121, 0.6556, 23.0229, 22.7285, -3.6698, 0.2622, 146.25
518, 931, 86, 50, 0.7611, 2.1554, 2.0156, -0.7636, 0.3806, 229.40
518, 935, 80, 102, 0.6000, 22.2121, -15.1709, -16.2241, 0.1800, 132.89
518, 872, 29, 143, 0.5556, 26.3033, 5.4909, 25.7238, 0.2222, 204.25
518, 921, -19, 53, 0.5000, 47.3979, -40.8006, -24.1221, 0.1500, 160.33
519, 816, 64, 116, 0.6806, 1.6981, 1.6125, 0.5323, 0.4083, 153.61
519, 870, 83, 54, 0.6556, 14.7084, 11.0562, 9.7003, 0.2622, 204.00
519, 889, 34, 50, 1.0000, 6.1507, 4.5200, 4.1714, 1.0000, 226.40
519, 905, 15, 71, 0.6000, 0.9610, 0.9610, -0.0085, 0.1800, 196.50
519, 931, 88, 51, 0.8167, 2.0581, 2.0029, 0.4734, 0.4900, 225.50
519, 918, 57, 96, 0.5556, 14.3947, 4.3416, 13.7243, 0.2222, 197.00
519, 922, -21, -32, 0.5000, 43.4792, -24.1221, -36.1742, 0.1500, 213.00
519, 925, 141, 117, 0.5556, 23.0229, 22.7285, -3.6698, 0.2222, 146.25
519, 935, 64, 85, 0.5000, 22.2121, -15.1709, -16.2241, 0.1500, 132.89
520, 816, 65, 117, 0.7381, 1.9168, 1.4937, 1.2012, 0.5167, 157.38
520, 870, 85, 55, 0.7111, 2.3588, 1.6988, 1.6365, 0.3556, 202.00
520, 900, 51, 84, 0.6000, 38.1086, 28.7982, -24.9585, 0.1800, 165.00
520, 905, 9, 59, 0.6556, 11.7173, -5.0312, -10.5822, 0.2622, 191.88
520, 918, 71, 123, 0.7111, 23.5951, 9.7659, 21.4792, 0.3556, 186.00
520, 931, 89, 51, 0.8722, 1.2727, 1.2386, 0.2926, 0.6106, 222.64
520, 935, 83, 79, 0.6556, 11.4509, 3.5784, -10.8774, 0.2622, 142.42
520, 889, 39, 54, 0.9000, 6.1507, 4.5200, 4.1714, 0.9000, 226.40
521, 816, 66, 117, 0.7951, 1.1634, 1.0993, 0.3809, 0.6361, 159.46
521, 871, 29, 35, 0.6556, 18.5432, -16.5848, 8.2942, 0.2622, 208.00
521, 880, 85, 93, 0.6000, 15.2955, 8.7105, -12.5730, 0.1800, 141.67
521, 889, 37, 66, 1.0000, 8.5092, 1.3099, 8.4078, 1.0000, 224.90
521, 897, 19, 65, 0.6000, 50.6117, -39.4262, -31.7351, 0.1800, 172.67
521, 900, 83, 85, 0.6556, 31.4015, 31.3148, -2.3315, 0.2622, 162.25
521, 905, 8, 55, 0.7111, 4.7929, -1.2046, -4.6391, 0.3556, 193.70
521, 916, 10, 48, 0.6556, 10.0964, -2.2731, 9.8372, 0.2622, 223.50
521, 931, 91, 51, 0.9278, 1.7036, 1.7030, 0.0451, 0.7422, 220.81
521, 936, 14, 7, 0.6000, 42.4297, 3.5621, -42.2800, 0.1800, 221.67
521, 918, 80, 145, 0.6111, 23.5951, 9.7659, 21.4792, 0.3056, 186.00
521, 935, 86, 68, 0.5556, 11.4509, 3.5784, -10.8774, 0.2222, 142.42
522, 816, 66, 118, 0.8519, 0.7615, 0.2020, 0.7342, 0.7667, 159.30
522, 871, 26, 37, 0.7111, 5.4517, -4.5318, 3.0304, 0.3556, 216.20
522, 889, 37, 67, 1.0000, 2.6282, 0.1560, 2.6235, 1.0000, 224.23
522, 897, -2, 23, 0.6556, 47.4387, -23.6250, -41.1374, 0.2622, 183.25
522, 905, 11, 52, 0.7667, 4.1686, 2.5672, -3.2843, 0.4600, 203.92
522, 916, 17, 69, 0.7111, 20.5383, 6.0335, 19.6321, 0.3556, 216.20
522, 931, 93, 51, 0.9833, 1.9946, 1.9944, -0.0251, 0.8850, 220.28
522, 880, 93, 81, 0.5000, 15.2955, 8.7105, -12.5730, 0.1500, 141.67
522, 900, 114, 83, 0.5556, 31.4015, 31.3148, -2.3315, 0.2222, 162.25
522, 918, 90, 166, 0.5111, 23.5951, 9.7659, 21.4792, 0.2556, 186.00
522, 936, 17, -36, 0.5000, 42.4297, 3.5621, -42.2800, 0.1500, 221.67
523, 816, 66, 118, 0.9083, 0.2398, -0.0832, 0.2249, 0.9083, 158.97
523, 871, 28, 37, 0.7667, 1.4544, 1.4534, -0.0533, 0.4600, 217.67
523, 905, 13, 52, 0.8222, 1.9279, 1.9189, 0.1856, 0.5756, 210.93
523, 916, 18, 88, 0.7667, 19.0797, 1.1034, 19.0478, 0.4600, 208.67
523, 931, 95, 51, 1.0000, 2.0418, 2.0417, -0.0167, 1.0000, 218.15
523, 889, 37, 70, 0.9000, 2.6282, 0.1560, 2.6235, 0.9000, 224.23
523, 897, -25, -19, 0.5556, 47.4387, -23.6250, -41.1374, 0.2222, 183.25
524, 816, 68, 119, 0.9646, 1.6439, 1.4666, 0.7427, 0.9646, 161.97
524, 871, 30, 35, 0.8222, 2.3389, 1.9839, -1.2388, 0.5756, 222.43
524, 880, 97, 51, 0.6556, 14.7932, 3.1525, -14.4534, 0.2622, 165.00
524, 890, 39, 48, 0.6000, 0.9643, 0.9643, -0.0053, 0.1800, 208.33
524, 905, 14, 53, 0.8778, 1.2499, 1.1224, 0.5499, 0.7022, 215.44
524, 916, 28, 106, 0.8222, 20.1428, 8.7099, 18.1623, 0.5756, 201.43
524, 931, 105, 48, 1.0000, 9.9088, 9.4512, -2.9764, 1.0000, 211.95
524, 889, 38, 73, 0.8000, 2.6282, 0.1560, 2.6235, 0.8000, 224.23
525, 816, 69, 120, 1.0000, 1.6779, 1.3363, 1.0148, 1.0000, 163.97
525, 871, 32, 35, 0.8778, 2.1219, 2.0733, -0.4513, 0.7022, 223.00
525, 880, 115, 39, 0.7111, 20.9052, 16.7533, -12.5042, 0.3556, 160.60
525, 889, 40, 68, 1.0000, 1.0919, 1.0641, -0.2452, 1.0000, 223.04
525, 890, 40, 48, 0.7056, 1.0168, 1.0168, 0.0025, 0.2822, 215.25
525, 864, 17, 113, 0.5625, 21.4021, -18.0952, 11.4286, 0.2250, 168.75
525, 837, 52, 6, 0.5400, 38.4614, -28.5714, -25.7479, 0.2700, 182.10
525, 916, 36, 124, 0.7222, 20.1428, 8.7099, 18.1623, 0.5056, 201.43
525, 931, 115, 45, 0.9000, 9.9088, 9.4512, -2.9764, 0.9000, 211.95
526, 816, 70, 120, 1.0000, 1.0965, 1.0604, 0.2793, 1.0000, 165.74
526, 871, 33, 35, 0.9333, 1.2551, 1.2551, 0.0106, 0.8400, 223.11
526, 889, 24, 68, 1.0000, 14.0004, -13.9995, -0.1621, 1.0000, 221.75
526, 890, 45, 59, 0.7111, 11.0361, 4.8272, 9.9244, 0.3556, 214.20
526, 931, 119, 39, 1.0000, 7.8771, 6.5228, -4.4160, 1.0000, 204.79
526, 837, 24, -1, 0.6000, 29.5853, -28.1050, -9.2411, 0.3600, 188.08
526, 939, 82, 31, 0.6000, 6.8677, 5.7143, 3.8095, 0.1800, 185.33
526, 916, 45, 142, 0.6222, 20.1428, 8.7099, 18.1623, 0.4356, 201.43
527, 816, 71, 121, 1.0000, 1.2127, 0.9740, 0.7225, 1.0000, 165.44
527, 871, 34, 34, 0.9889, 1.1762, 0.9408, -0.7059, 0.9889, 224.60
527, 931, 126, 36, 1.0000, 7.5343, 6.7056, -3.4353, 1.0000, 198.65
527, 882, 40, 47, 0.5625, 41.5588, 31.1646, 27.4937, 0.2250, 217.00
527, 939, 98, 37, 0.6556, 15.3988, 14.3617, 5.5557, 0.2622, 179.00
527, 890, 50, 69, 0.6111, 11.0361, 4.8272, 9.9244, 0.3056, 214.20
527, 916, 54, 161, 0.5222, 20.1428, 8.7099, 18.1623, 0.3656, 201.43
527, 837, -4, -10, 0.5000, 29.5853, -28.1050, -9.2411, 0.3000, 188.08
528, 816, 72, 121, 1.0000, 1.0091, 0.9813, 0.2352, 1.0000, 167.41
528, 871, 34, 34, 1.0000, 0.3107, 0.1675, -0.2616, 1.0000, 224.77
528, 931, 127, 35, 1.0000, 1.8960, 1.7481, -0.7341, 1.0000, 194.96
528, 882, 93, 66, 0.6222, 53.8793, 49.9756, 20.1348, 0.3111, 201.40
528, 939, 111, 44, 0.7111, 15.3178, 13.6830, 6.8856, 0.3556, 171.60
529, 816, 73, 122, 1.0000, 1.2448, 0.9966, 0.7459, 1.0000, 167.82
529, 871, 37, 35, 1.0000, 2.3811, 2.2502, 0.7786, 1.0000, 223.96
529, 931, 126, 36, 1.0000, 1.0367, -1.0155, 0.2085, 1.0000, 190.37
529, 932, 49, 20, 0.6000, 35.7382, -33.9042, -11.3014, 0.1800, 198.00
529, 933, 47, 48, 0.6000, 28.6748, -26.3514, 11.3070, 0.1800, 194.00
529, 812, 78, 61, 0.5400, 47.7939, -42.3644, 22.1249, 0.2700, 141.20
529, 939, 122, 45, 0.7667, 11.6752, 11.5332, 1.8157, 0.4600, 159.33
529, 882, 143, 86, 0.5222, 53.8793, 49.9756, 20.1348, 0.2611, 201.40
530, 816, 74, 123, 1.0000, 1.4239, 1.0014, 1.0123, 1.0000, 168.72
530, 871, 38, 34, 1.0000, 1.6424, 1.5795, -0.4500, 1.0000, 225.50
530, 933, 43, 50, 0.6556, 7.5195, -6.7909, 3.2289, 0.2622, 199.75
530, 812, 24, 80, 0.6000, 56.3484, -52.8703, 19.4903, 0.3600, 148.83
530, 931, 125, 36, 0.9000, 1.0367, -1.0155, 0.2085, 0.9000, 190.37
530, 932, 15, 8, 0.5000, 35.7382, -33.9042, -11.3014, 0.1500, 198.00
530, 939, 134, 47, 0.6667, 11.6752, 11.5332, 1.8157, 0.4000, 159.33
531, 816, 75, 123, 1.0000, 1.0423, 1.0011, 0.2904, 1.0000, 169.01
531, 871, 39, 33, 1.0000, 1.4753, 1.0351, -1.0512, 1.0000, 225.82
531, 611, 105, 40, 0.5000, 9.6952, -9.6470, 0.9647, 0.4500, 127.33
531, 759, 23, 81, 0.5250, 19.4160, 17.3647, 8.6862, 0.3150, 190.00
531, 932, 6, 26, 0.6556, 20.5204, -19.9353, 4.8651, 0.2622, 199.50
531, 931, 124, 36, 0.8000, 1.0367, -1.0155, 0.2085, 0.8000, 190.37
531, 933, 36, 54, 0.5556, 7.5195, -6.7909, 3.2289, 0.2222, 199.75
531, 812, -29, 100, 0.5000, 56.3484, -52.8703, 19.4903, 0.3000, 148.83
531, 939, 145, 49, 0.5667, 11.6752, 11.5332, 1.8157, 0.3400, 159.33
532, 816, 76, 124, 1.0000, 1.2289, 1.0002, 0.7140, 1.0000, 169.59
532, 871, 40, 33, 1.0000, 0.9847, 0.9302, -0.3231, 1.0000, 225.97
532, 810, 2, 77, 0.5400, 0.0040, 0.0018, 0.0036, 0.2700, 180.80
532, 611, 104, 40, 0.5556, 2.6364, -2.6233, 0.2623, 0.5556, 131.30
532, 759, 57, 87, 0.5841, 31.8735, 31.1210, 6.8848, 0.4089, 187.71
532, 933, 24, 80, 0.7111, 19.1644, -9.6037, 16.5844, 0.3556, 201.40
532, 854, 28, 1, 0.5625, 0.0000, 0.0000, 0.0000, 0.2250, 220.75
532, 881, 4, 8, 0.5625, 11.0532, -10.0820, 4.5306, 0.2250, 217.00
532, 894, 81, 86, 0.5625, 25.4525, -14.3529, 21.0196, 0.2250, 147.75
532, 932, -14, 31, 0.5556, 20.5204, -19.9353, 4.8651, 0.2222, 199.50
533, 816, 78, 124, 1.0000, 1.7606, 1.7433, 0.2465, 1.0000, 170.46
533, 871, 42, 33, 1.0000, 1.7438, 1.7435, 0.0310, 1.0000, 226.66
533, 810, 17, 54, 0.6000, 23.4267, 12.8189, -19.6083, 0.3600, 183.00
533, 611, 105, 40, 0.6111, 1.0471, 1.0467, -0.0283, 0.6111, 133.36
533, 759, 96, 100, 0.6424, 40.0113, 38.1430, 12.0837, 0.5139, 177.75
533, 854, 16, 17, 0.6222, 17.2599, -10.5966, 13.6241, 0.3111, 218.80
533, 835, 117, 82, 0.5400, 29.8579, -5.3936, 29.3667, 0.2700, 118.60
533, 894, 91, 111, 0.6222, 24.4945, 5.9227, 23.7677, 0.3111, 140.60
534, 816, 79, 124, 1.0000, 1.3059, 1.3059, -0.0061, 1.0000, 170.17
534, 871, 43, 33, 1.0000, 1.2874, 1.2861, 0.0574, 1.0000, 227.68
534, 611, 107, 41, 0.6667, 1.7033, 1.5458, 0.7154, 0.6667, 136.75
534, 759, 122, 103, 0.7000, 27.8242, 27.5899, 3.6037, 0.6300, 166.78
534, 926, 22, 56, 0.6000, 50.6147, -22.2458, 45.4639, 0.1800, 209.67
534, 835, 104, 121, 0.6000, 39.2706, -12.2297, 37.3178, 0.3600, 114.33
534, 894, 83, 123, 0.6806, 14.8318, -5.8890, 13.6126, 0.4083, 137.00
534, 943, 115, 40, 0.6000, 31.9639, 30.5434, 9.4230, 0.1800, 169.67
534, 810, 30, 35, 0.5000, 23.4267, 12.8189, -19.6083, 0.3000, 183.00
534, 854, 5, 30, 0.5222, 17.2599, -10.5966, 13.6241, 0.2611, 218.80
535, 816, 80, 125, 1.0000, 1.2297, 1.0146, 0.6949, 1.0000, 169.94
535, 871, 44, 32, 1.0000, 1.2508, 1.0018, -0.7490, 1.0000, 227.92
535, 810, 44, 10, 0.6587, 26.2555, 13.6609, -22.4217, 0.4611, 187.57
535, 611, 108, 41, 0.7222, 1.2330, 1.2015, 0.2771, 0.7222, 138.31
535, 926, 4, 90, 0.6556, 39.9826, -18.0784, 35.6620, 0.2622, 201.00
535, 852, 25, 21, 0.5625, 38.4867, -36.4139, -12.4601, 0.2250, 201.00
535, 938, 37, 32, 0.6000, 50.3996, -49.6899, 8.4282, 0.1800, 176.00
535, 898, 47, 108, 0.5625, 28.4739, 22.6698, -17.2291, 0.2250, 151.50
535, 911, 54, 48, 0.5625, 12.9948, -12.8479, -1.9481, 0.2250, 209.50
535, 759, 150, 106, 0.6000, 27.8242, 27.5899, 3.6037, 0.5400, 166.78
535, 835, 92, 158, 0.5000, 39.2706, -12.2297, 37.3178, 0.3000, 114.33
535, 894, 77, 137, 0.5806, 14.8318, -5.8890, 13.6126, 0.3483, 137.00
535, 943, 146, 49, 0.5000, 31.9639, 30.5434, 9.4230, 0.1500, 169.67
536, 816, 81, 125, 1.0000, 1.0035, 0.9592, 0.2946, 1.0000, 169.40
536, 871, 46, 32, 1.0000, 1.7465, 1.7216, -0.2941, 1.0000, 227.76
536, 611, 116, 38, 0.7778, 7.4686, 7.1088, -2.2903, 0.7778, 137.57
536, 926, -2, 121, 0.7111, 32.4972, -7.5594, 31.6057, 0.3556, 191.40
536, 852, 3, 27, 0.6222, 24.7358, -24.3911, 4.1148, 0.3111, 201.00
536, 854, 10, 44, 0.6806, 8.0543, 0.0830, 8.0539, 0.4083, 217.33
536, 938, 1, 35, 0.6556, 37.9483, -37.8135, 3.1959, 0.2622, 183.00
536, 898, 79, 92, 0.6222, 34.4170, 30.5130, -15.9212, 0.3111, 148.80
536, 911, 51, 48, 0.6222, 3.7727, -3.7385, -0.5071, 0.3111, 212.40
536, 944, 53, 15, 0.6000, 29.4849, -17.9773, -23.3705, 0.1800, 223.33
536, 810, 58, -12, 0.5587, 26.2555, 13.6609, -22.4217, 0.3911, 187.57
537, 816, 82, 126, 1.0000, 1.2314, 0.9803, 0.7452, 1.0000, 168.67
537, 871, 47, 32, 1.0000, 1.2791, 1.2791, -0.0053, 1.0000, 228.47
537, 611, 120, 35, 0.8333, 5.7993, 4.8318, -3.2070, 0.8333, 136.60
537, 852, 0, 31, 0.6806, 6.3164, -4.9867, 3.8768, 0.4083, 201.17
537, 911, 52, 49, 0.6806, 0.8906, 0.3148, 0.8331, 0.4083, 213.67
537, 945, 102, 107, 0.6000, 14.3174, -0.9524, -14.2857, 0.1800, 105.33
537, 926, -10, 152, 0.6111, 32.4972, -7.5594, 31.6057, 0.3056, 191.40
537, 938, -37, 38, 0.5556, 37.9483, -37.8135, 3.1959, 0.2222, 183.00
537, 898, 109, 76, 0.5222, 34.4170, 30.5130, -15.9212, 0.2611, 148.80
537, 944, 35, -8, 0.5000, 29.4849, -17.9773, -23.3705, 0.1500, 223.33
538, 816, 83, 127, 1.0000, 1.4124, 0.9978, 0.9996, 1.0000, 168.57
538, 871, 49, 32, 1.0000, 1.7581, 1.7576, 0.0409, 1.0000, 228.17
538, 611, 121, 35, 0.8889, 1.2030, 0.8084, -0.8908, 0.8889, 135.75
538, 898, 113, 51, 0.6806, 25.8208, 15.2224, -20.8565, 0.4083, 148.83
538, 911, 55, 49, 0.7381, 2.9834, 2.9576, 0.3915, 0.5167, 213.00
538, 945, 103, 106, 0.6556, 3.1656, 0.4948, -3.1267, 0.2622, 104.75
539, 816, 84, 127, 1.0000, 1.0525, 1.0021, 0.3216, 1.0000, 169.24
539, 871, 50, 32, 1.0000, 1.2606, 1.2605, 0.0171, 1.0000, 227.80
539, 911, 57, 48, 0.7951, 1.9881, 1.8469, -0.7358, 0.6361, 215.38
539, 899, 30, 87, 0.5625, 1.2132, 0.8365, 0.8787, 0.2250, 187.00
539, 611, 122, 34, 0.7889, 1.2030, 0.8084, -0.8908, 0.7889, 135.75
539, 945, 103, 103, 0.5556, 3.1656, 0.4948, -3.1267, 0.2222, 104.75
540, 871, 51, 29, 1.0000, 2.4449, 0.9924, -2.2345, 1.0000, 227.17
540, 611, 120, 35, 0.9444, 0.6122, -0.5101, 0.3386, 0.9444, 135.59
540, 899, 31, 87, 0.6722, 1.1008, 1.0629, 0.2864, 0.3361, 189.40
540, 948, 22, 67, 0.6000, 26.8202, 17.0450, -20.7072, 0.1800, 184.00
540, 917, 27, 56, 0.5143, 20.5990, 16.1741, 12.7561, 0.3600, 198.86
540, 816, 85, 127, 0.9000, 1.0525, 1.0021, 0.3216, 0.9000, 169.24
540, 911, 59, 47, 0.6951, 1.9881, 1.8469, -0.7358, 0.5561, 215.38
541, 611, 121, 34, 1.0000, 0.8741, 0.5965, -0.6389, 1.0000, 135.14
541, 911, 59, 48, 0.8519, 0.7944, 0.7934, -0.0413, 0.7667, 216.11
541, 899, 31, 87, 0.7306, 0.2821, 0.2819, -0.0103, 0.4383, 187.83
541, 930, 105, 110, 0.5625, 45.7242, 37.1429, 26.6667, 0.2250, 151.00
541, 816, 86, 128, 0.8000, 1.0525, 1.0021, 0.3216, 0.8000, 169.24
541, 871, 52, 27, 0.9000, 2.4449, 0.9924, -2.2345, 0.9000, 227.17
541, 948, 39, 46, 0.5000, 26.8202, 17.0450, -20.7072, 0.1500, 184.00
542, 871, 57, 27, 1.0000, 3.3464, 3.1462, -1.1401, 1.0000, 225.29
542, 611, 122, 34, 1.0000, 1.1001, 1.0622, -0.2862, 1.0000, 135.13
542, 911, 61, 48, 0.9083, 1.6779, 1.6776, 0.0307, 0.9083, 216.20
542, 899, 32, 89, 0.7881, 1.6471, 0.7169, 1.4829, 0.5517, 186.57
542, 948, 24, 18, 0.6556, 24.6927, -0.6325, -24.6846, 0.2622, 196.50
542, 910, 111, 40, 0.5625, 25.9076, 7.6190, -24.7619, 0.2250, 147.50
542, 816, 87, 128, 0.7000, 1.0525, 1.0021, 0.3216, 0.7000, 169.24
543, 611, 123, 33, 1.0000, 1.3333, 1.0804, -0.7813, 1.0000, 134.32
543, 792, 11, 100, 0.5250, 0.9511, 0.9511, 0.0113, 0.3150, 167.50
543, 911, 62, 48, 0.9646, 1.2822, 1.2821, 0.0173, 0.9646, 216.55
543, 899, 33, 90, 0.8451, 1.6629, 0.9952, 1.3322, 0.6761, 186.62
543, 799, 116, 44, 0.5250, 33.2525, 29.5772, 15.1960, 0.3150, 169.33
543, 816, 88, 128, 0.6000, 1.0525, 1.0021, 0.3216, 0.6000, 169.24
543, 871, 60, 26, 0.9000, 3.3464, 3.1462, -1.1401, 0.9000, 225.29
543, 948, 24, -6, 0.5556, 24.6927, -0.6325, -24.6846, 0.2222, 196.50
544, 871, 86, 28, 1.0000, 16.2234, 16.2082, 0.7019, 1.0000, 223.40
544, 611, 121, 43, 1.0000, 9.1406, -2.0343, 8.9113, 1.0000, 133.79
544, 792, 12, 100, 0.6341, 1.0224, 1.0224, -0.0051, 0.4439, 173.14
544, 896, 39, 99, 0.5625, 20.5642, -17.7936, -10.3090, 0.2250, 170.25
544, 899, 34, 91, 0.9019, 1.4839, 1.0393, 1.0591, 0.8117, 187.00
544, 945, 111, 100, 0.7111, 1.7110, 1.6919, -0.2548, 0.3556, 107.40
544, 799, 120, 68, 0.5841, 24.0017, 6.8795, 22.9946, 0.4089, 160.86
544, 910, 124, 30, 0.6222, 6.9413, 6.5501, -2.2973, 0.3111, 142.40
544, 957, 74, 66, 0.6000, 30.8677, -3.5621, -30.6615, 0.1800, 175.00
544, 816, 89, 129, 0.5000, 1.0525, 1.0021, 0.3216, 0.5000, 169.24
544, 911, 63, 48, 0.8646, 1.2822, 1.2821, 0.0173, 0.8646, 216.55
545, 865, 78, 59, 0.5625, 54.8164, 20.1928, -50.9617, 0.2250, 167.25
545, 874, 38, 82, 0.5625, 42.5735, 13.4657, -40.3879, 0.2250, 153.75
545, 940, 21, 81, 0.6000, 34.4244, 20.1905, -27.8816, 0.1800, 167.67
545, 941, 15, 121, 0.6000, 10.3507, 9.6121, 3.8398, 0.1800, 159.33
545, 792, 14, 100, 0.6924, 1.7777, 1.7777, -0.0033, 0.5539, 177.50
545, 906, 24, 74, 0.5625, 7.3089, -5.6099, -4.6850, 0.2250, 186.00
545, 945, 111, 114, 0.7667, 14.0499, 0.2181, 14.0482, 0.4600, 109.42
545, 950, 38, 56, 0.6000, 28.6985, 24.6680, 14.6660, 0.1800, 194.00
545, 611, 119, 52, 0.9000, 9.1406, -2.0343, 8.9113, 0.9000, 133.79
545, 911, 65, 48, 0.7646, 1.2822, 1.2821, 0.0173, 0.7646, 216.55
545, 899, 35, 92, 0.8019, 1.4839, 1.0393, 1.0591, 0.7217, 187.00
545, 910, 131, 28, 0.5222, 6.9413, 6.5501, -2.2973, 0.2611, 142.40
545, 957, 71, 35, 0.5000, 30.8677, -3.5621, -30.6615, 0.1500, 175.00
546, 874, 40, 35, 0.6222, 45.8658, 2.9307, -45.7720, 0.3111, 164.40
546, 940, 24, 54, 0.6556, 27.6743, 4.7769, -27.2589, 0.2622, 175.75
546, 941, 16, 121, 0.6556, 2.8390, 2.6352, 1.0564, 0.2622, 157.75
546, 911, 79, 57, 1.0000, 7.6132, 6.6574, 3.6933, 1.0000, 216.33
546, 899, 36, 92, 0.9583, 1.0845, 1.0010, 0.4175, 0.9583, 186.80
546, 906, 20, 73, 0.6222, 5.1114, -4.6565, -2.1078, 0.3111, 186.20
546, 950, 56, 84, 0.6556, 32.4754, 18.8621, 26.4362, 0.2622, 195.25
546, 799, 124, 118, 0.6424, 25.4513, 1.5217, 25.4057, 0.5139, 151.12
546, 792, 16, 100, 0.5924, 1.7777, 1.7777, -0.0033, 0.4739, 177.50
547, 876, 17, 59, 0.5625, 53.5114, -5.8053, 53.1956, 0.2250, 210.75
547, 941, 16, 121, 0.7111, 0.2962, -0.2755, -0.1087, 0.3556, 156.60
547, 792, 16, 101, 0.7500, 1.1408, 0.9976, 0.5532, 0.6750, 179.67
547, 896, 1, 70, 0.6222, 14.9564, -11.6459, -9.3843, 0.3111, 172.80
547, 899, 36, 93, 1.0000, 0.8579, 0.2330, 0.8256, 1.0000, 185.73
547, 924, 42, 73, 0.5625, 1.3254, 0.9372, 0.9372, 0.2250, 229.00
547, 874, 43, -11, 0.5222, 45.8658, 2.9307, -45.7720, 0.2611, 164.40
547, 940, 28, 27, 0.5556, 27.6743, 4.7769, -27.2589, 0.2222, 175.75
547, 911, 85, 61, 0.9000, 7.6132, 6.6574, 3.6933, 0.9000, 216.33
547, 906, 15, 70, 0.5222, 5.1114, -4.6565, -2.1078, 0.2611, 186.20
547, 950, 75, 110, 0.5556, 32.4754, 18.8621, 26.4362, 0.2222, 195.25
547, 799, 126, 143, 0.5424, 25.4513, 1.5217, 25.4057, 0.4339, 151.12
548, 876, 20, 107, 0.6222, 48.3341, 1.4476, 48.3124, 0.3111, 196.60
548, 941, 8, 122, 0.7667, 6.6292, -6.6047, 0.5691, 0.4600, 156.00
548, 792, 19, 81, 0.7572, 18.7161, 2.5136, -18.5465, 0.7572, 178.95
548, 896, 2, 46, 0.6806, 22.9312, 0.4954, -22.9259, 0.4083, 176.83
548, 911, 90, 54, 1.0000, 5.8391, 5.4843, -2.0045, 1.0000, 213.54
548, 906, 12, 74, 0.6806, 3.9735, -3.8410, 1.0175, 0.4083, 188.33
548, 924, 43, 74, 0.6722, 1.4538, 1.0280, 1.0280, 0.3361, 234.20
548, 951, 110, 119, 0.6000, 49.1954, 48.4730, 8.3997, 0.1800, 138.33
548, 963, 9, 30, 0.6000, 21.4021, -18.0952, 11.4286, 0.1800, 215.33
548, 899, 36, 94, 0.9000, 0.8579, 0.2330, 0.8256, 0.9000, 185.73
549, 899, 38, 94, 1.0000, 1.1111, 0.9845, 0.5152, 1.0000, 185.50
549, 906, 1, 84, 0.7381, 13.5960, -10.1816, 9.0103, 0.5167, 191.86
549, 924, 45, 75, 0.7306, 2.0521, 1.7815, 1.0184, 0.4383, 237.17
549, 876, 21, 155, 0.5222, 48.3341, 1.4476, 48.3124, 0.2611, 196.60
549, 941, 2, 122, 0.6667, 6.6292, -6.6047, 0.5691, 0.4000, 156.00
549, 951, 158, 128, 0.5000, 49.1954, 48.4730, 8.3997, 0.1500, 138.33
549, 963, -9, 41, 0.5000, 21.4021, -18.0952, 11.4286, 0.1500, 215.33
550, 906, -1, 86, 0.7951, 4.5811, -3.2590, 3.2194, 0.6361, 194.50
550, 924, 46, 76, 0.7881, 1.6371, 1.2940, 1.0030, 0.5517, 239.43
550, 963, 3, 58, 0.6556, 14.4447, -1.0779, 14.4045, 0.2622, 210.25
550, 899, 39, 95, 0.9000, 1.1111, 0.9845, 0.5152, 0.9000, 185.50
551, 899, 51, 98, 1.0000, 7.3743, 7.0602, 2.1292, 1.0000, 183.62
551, 906, 0, 86, 0.8519, 1.1997, 0.9679, 0.7089, 0.7667, 201.22
551, 924, 47, 77, 0.8451, 1.4130, 0.9998, 0.9985, 0.6761, 241.38
551, 963, 19, 97, 0.7111, 39.8646, 14.8042, 37.0138, 0.3556, 202.20
551, 967, 116, 124, 0.6000, 1.4184, 0.9860, 1.0196, 0.1800, 137.33
552, 899, 70, 113, 1.0000, 22.4034, 17.9259, 13.4379, 1.0000, 180.79
552, 906, 2, 86, 0.9083, 1.6205, 1.6083, -0.1985, 0.9083, 206.60
552, 924, 49, 78, 0.9019, 1.9831, 1.7131, 0.9990, 0.8117, 242.89
552, 967, 117, 125, 0.7056, 1.4236, 1.0085, 1.0048, 0.2822, 138.00
553, 789, 67, 16, 0.5250, 9.1581, -2.8960, 8.6881, 0.3150, 173.50
553, 914, 2, 46, 0.5625, 36.5285, -1.9249, 36.4778, 0.2250, 212.25
553, 906, 2, 86, 0.9646, 0.5059, 0.4731, -0.1792, 0.9646, 211.00
553, 924, 50, 78, 0.9583, 1.3055, 1.2817, 0.2481, 0.9583, 243.20
553, 949, 10, 59, 0.6000, 23.9595, -2.8608, 23.7881, 0.1800, 197.33
553, 967, 118, 126, 0.7611, 1.4172, 1.0049, 0.9992, 0.3806, 139.00
553, 899, 88, 126, 0.9000, 22.4034, 17.9259, 13.4379, 0.9000, 180.79
554, 924, 52, 79, 1.0000, 1.8889, 1.7548, 0.6990, 1.0000, 244.00
554, 949, 15, 72, 0.6556, 15.4337, 3.7385, 14.9741, 0.2622, 195.00
554, 959, 2, 39, 0.6000, 13.7936, -10.1889, 9.2978, 0.1800, 206.00
554, 967, 126, 121, 0.7667, 8.3415, 7.1162, -4.3521, 0.4600, 129.00
554, 968, 101, 108, 0.6000, 26.2037, -23.4038, -11.7854, 0.1800, 88.00
554, 862, 89, 26, 0.5400, 0.0000, 0.0000, 0.0000, 0.2700, 173.00
554, 969, 55, 84, 0.6000, 34.9961, 30.5098, -17.1429, 0.1800, 182.67
554, 899, 106, 140, 0.8000, 22.4034, 17.9259, 13.4379, 0.8000, 180.79
555, 789, 71, 22, 0.5841, 3.5797, 2.3191, 2.7268, 0.4089, 172.71
555, 924, 53, 80, 1.0000, 1.6059, 1.2644, 0.9901, 1.0000, 244.92
555, 949, 26, 100, 0.7111, 27.9650, 10.1341, 26.0641, 0.3556, 196.40
555, 959, 0, 41, 0.6556, 4.0585, -3.0104, 2.7220, 0.2622, 203.25
555, 968, 72, 113, 0.6556, 28.5927, -28.4014, 3.3016, 0.2622, 99.25
555, 899, 124, 153, 0.7000, 22.4034, 17.9259, 13.4379, 0.7000, 180.79
555, 967, 133, 117, 0.6667, 8.3415, 7.1162, -4.3521, 0.4000, 129.00
555, 969, 86, 66, 0.5000, 34.9961, 30.5098, -17.1429, 0.1500, 182.67
556, 789, 84, 30, 0.6424, 14.5387, 12.5510, 7.3381, 0.5139, 173.38
556, 914, 14, 102, 0.6222, 15.6834, 5.1813, 14.8028, 0.3111, 202.40
556, 924, 54, 81, 1.0000, 1.4403, 0.9951, 1.0413, 1.0000, 245.54
556, 968, 44, 102, 0.7111, 29.5395, -27.9936, -9.4308, 0.3556, 115.80
556, 862, 90, 25, 0.6500, 0.7619, 0.5387, -0.5387, 0.3900, 172.00
556, 969, 93, 62, 0.6556, 20.3626, 17.5695, -10.2932, 0.2622, 197.25
556, 899, 142, 166, 0.6000, 22.4034, 17.9259, 13.4379, 0.6000, 180.79
556, 959, -3, 44, 0.5556, 4.0585, -3.0104, 2.7220, 0.2222, 203.25
556, 967, 140, 112, 0.5667, 8.3415, 7.1162, -4.3521, 0.3400, 129.00
557, 789, 88, 45, 0.7000, 14.7780, 5.1143, 13.8648, 0.6300, 174.22
557, 914, 16, 122, 0.6806, 20.1429, 1.9743, 20.0459, 0.4083, 197.83
557, 924, 56, 82, 1.0000, 1.9756, 1.6927, 1.0187, 1.0000, 246.21
557, 862, 83, 12, 0.6587, 13.4082, -6.1367, -11.9214, 0.4611, 174.00
557, 969, 93, 29, 0.7111, 30.9353, 1.5178, -30.8980, 0.3556, 193.60
557, 970, 42, 102, 0.6000, 29.3679, 28.7086, -6.1876, 0.1800, 175.33
557, 875, 46, 71, 0.5400, 0.8909, 0.8852, 0.1008, 0.2700, 217.80
557, 899, 159, 180, 0.5000, 22.4034, 17.9259, 13.4379, 0.5000, 180.79
558, 789, 80, 62, 0.7572, 18.5249, -6.8431, 17.2146, 0.7572, 176.10
558, 924, 57, 83, 1.0000, 1.6359, 1.2935, 1.0016, 1.0000, 246.53
558, 949, 32, 102, 0.8778, 1.9378, 1.2535, -1.4777, 0.7022, 193.50
558, 966, 7, 12, 0.6000, 21.5973, -20.2938, 7.3894, 0.1800, 208.00
558, 970, 51, 92, 0.6556, 14.7072, 11.1574, -9.5820, 0.2622, 174.25
558, 875, 46, 71, 0.6500, 0.2663, 0.2660, -0.0110, 0.3900, 223.33
558, 937, 84, 11, 0.5625, 41.9480, -41.9048, 1.9048, 0.2250, 120.25
558, 878, 47, 102, 0.5400, 34.1930, -33.3333, -7.6190, 0.2700, 143.60
558, 862, 77, 0, 0.5587, 13.4082, -6.1367, -11.9214, 0.3911, 174.00
558, 969, 94, -2, 0.6111, 30.9353, 1.5178, -30.8980, 0.3056, 193.60
559, 924, 59, 84, 1.0000, 2.0102, 1.7451, 0.9978, 1.0000, 247.06
559, 875, 47, 72, 0.7087, 1.0552, 0.7459, 0.7464, 0.4961, 227.00
559, 937, 50, 5, 0.6222, 35.8114, -35.4940, -4.7572, 0.3111, 138.40
559, 878, 39, 80, 0.6000, 23.1123, -11.3142, -20.1535, 0.3600, 150.50
559, 975, 18, 29, 0.6000, 6.6490, 5.5438, -3.6708, 0.1800, 207.67
559, 976, 5, 41, 0.6000, 0.9553, 0.9553, 0.0000, 0.1800, 202.33
559, 789, 73, 80, 0.6572, 18.5249, -6.8431, 17.2146, 0.6572, 176.10
559, 966, -14, 20, 0.5000, 21.5973, -20.2938, 7.3894, 0.1500, 208.00
559, 970, 62, 82, 0.5556, 14.7072, 11.1574, -9.5820, 0.2222, 174.25
560, 816, 95, 123, 1.0000, 0.5308, 0.3070, -0.4330, 1.0000, 166.67
560, 789, 48, 103, 0.8141, 27.3095, -17.8201, 20.6942, 0.8141, 174.00
560, 924, 60, 85, 1.0000, 1.6214, 1.2773, 0.9988, 1.0000, 247.53
560, 903, 39, 101, 0.5625, 7.9709, -7.7319, -1.9374, 0.2250, 165.62
560, 875, 48, 72, 0.7667, 1.0498, 1.0101, 0.2861, 0.6133, 230.50
560, 878, 23, 70, 0.6587, 19.2767, -15.8463, -10.9766, 0.4611, 157.14
560, 975, 34, 40, 0.6556, 17.5706, 15.2224, 8.7752, 0.2622, 207.75
560, 976, 6, 41, 0.7056, 1.0152, 1.0152, 0.0000, 0.2822, 202.00
560, 937, 14, 0, 0.5222, 35.8114, -35.4940, -4.7572, 0.2611, 138.40
561, 816, 79, 120, 1.0000, 16.1360, -15.8849, -2.8354, 1.0000, 164.97
561, 924, 62, 86, 1.0000, 1.9919, 1.7228, 0.9998, 1.0000, 247.94
561, 875, 48, 73, 0.8241, 0.8122, 0.2804, 0.7622, 0.7417, 232.67
561, 977, 46, 101, 0.6000, 52.6292, 27.7056, 44.7463, 0.1800, 182.33
561, 878, 7, 59, 0.5587, 19.2767, -15.8463, -10.9766, 0.3911, 157.14
561, 975, 50, 49, 0.5556, 17.5706, 15.2224, 8.7752, 0.2222, 207.75
561, 976, 7, 41, 0.6056, 1.0152, 1.0152, 0.0000, 0.2422, 202.00
562, 924, 63, 87, 1.0000, 1.6223, 1.2773, 1.0001, 1.0000, 248.32
562, 970, 69, 69, 0.7111, 5.1342, 2.5092, -4.4792, 0.3556, 177.40
562, 875, 49, 73, 0.8811, 0.7623, 0.7183, 0.2553, 0.8811, 234.40
562, 975, 63, 69, 0.7111, 21.2236, 14.2412, 15.7362, 0.3556, 202.00
562, 976, 20, 29, 0.7111, 10.1133, 7.6356, -6.6315, 0.3556, 202.80
562, 977, 78, 123, 0.6556, 40.3825, 31.4600, 25.3183, 0.2622, 166.50
562, 985, 48, 95, 0.6556, 15.3033, 15.0624, 2.7049, 0.2622, 189.75
562, 988, 90, 50, 0.6000, 5.7143, 5.7143, 0.0000, 0.1800, 194.67
563, 924, 65, 88, 1.0000, 1.9889, 1.7191, 1.0001, 1.0000, 248.65
563, 903, 25, 72, 0.6222, 12.0022, -4.1451, -11.2638, 0.3111, 170.30
563, 875, 50, 73, 0.9379, 0.9944, 0.9943, -0.0110, 0.9379, 236.27
563, 990, 120, 66, 0.6000, 2.1747, -1.9384, 0.9860, 0.1800, 134.33
563, 991, 18, 126, 0.6000, 37.2733, -31.4958, 19.9328, 0.1800, 155.67
563, 975, 77, 85, 0.6111, 21.2236, 14.2412, 15.7362, 0.3056, 202.00
563, 977, 110, 149, 0.5556, 40.3825, 31.4600, 25.3183, 0.2222, 166.50
563, 985, 63, 98, 0.5556, 15.3033, 15.0624, 2.7049, 0.2222, 189.75
563, 988, 96, 50, 0.5000, 5.7143, 5.7143, 0.0000, 0.1500, 194.67
564, 924, 66, 89, 1.0000, 1.6265, 1.2828, 1.0000, 1.0000, 248.95
564, 875, 51, 74, 0.9944, 1.2562, 1.0394, 0.7053, 0.9944, 237.67
564, 975, 89, 112, 0.7667, 25.3602, 12.8188, 21.8819, 0.4600, 187.00
564, 985, 71, 94, 0.7111, 11.1273, 11.1011, -0.7627, 0.3556, 184.60
564, 987, 106, 13, 0.6000, 20.0109, 19.8417, -2.5965, 0.1800, 175.33
564, 988, 90, 50, 0.6556, 0.3401, -0.3401, 0.0000, 0.2622, 191.25
564, 990, 106, 57, 0.6556, 14.5258, -12.5698, -7.2800, 0.2622, 138.50
564, 946, 4, 25, 0.5625, 6.4039, 2.8908, 5.7143, 0.2250, 239.00
564, 903, 21, 61, 0.5222, 12.0022, -4.1451, -11.2638, 0.2611, 170.30
564, 991, -13, 146, 0.5000, 37.2733, -31.4958, 19.9328, 0.1500, 155.67
565, 924, 68, 90, 1.0000, 1.9854, 1.7151, 1.0000, 1.0000, 249.09
565, 903, 27, 71, 0.6806, 1.9651, 1.6466, 1.0727, 0.4083, 173.08
565, 875, 51, 74, 1.0000, 0.3972, 0.2735, 0.2880, 1.0000, 239.00
565, 986, 49, 35, 0.6000, 38.4949, -36.9557, 10.7766, 0.1800, 189.67
565, 988, 89, 27, 0.7111, 21.2315, -1.1796, -21.1987, 0.3556, 196.60
565, 975, 102, 133, 0.6667, 25.3602, 12.8188, 21.8819, 0.4000, 187.00
565, 985, 82, 93, 0.6111, 11.1273, 11.1011, -0.7627, 0.3056, 184.60
565, 987, 126, 11, 0.5000, 20.0109, 19.8417, -2.5965, 0.1500, 175.33
565, 990, 93, 50, 0.5556, 14.5258, -12.5698, -7.2800, 0.2222, 138.50
566, 924, 69, 91, 1.0000, 1.6299, 1.2871, 1.0000, 1.0000, 247.10
566, 875, 52, 74, 1.0000, 0.6952, 0.6951, 0.0122, 1.0000, 238.82
566, 985, 91, 113, 0.7667, 14.7451, 9.7226, 11.0856, 0.4600, 172.83
566, 986, 5, 23, 0.6556, 44.2393, -43.3505, -8.8229, 0.2622, 206.00
566, 987, 119, 13, 0.6556, 4.6403, 4.6399, 0.0548, 0.2622, 164.38
566, 990, 77, 55, 0.7111, 14.6098, -14.5989, -0.5634, 0.3556, 151.40
566, 946, 12, 35, 0.6222, 6.5208, 4.1287, 5.0473, 0.3111, 231.60
566, 975, 115, 155, 0.5667, 25.3602, 12.8188, 21.8819, 0.3400, 187.00
567, 924, 71, 93, 1.0000, 2.4074, 1.7108, 1.6938, 1.0000, 246.93
567, 875, 53, 75, 1.0000, 1.2048, 0.9833, 0.6963, 1.0000, 239.90
567, 946, 14, 42, 0.6806, 7.0145, 2.5231, 6.5450, 0.4083, 226.33
567, 953, 2, 81, 0.5625, 46.0242, -39.9664, -22.8235, 0.2250, 176.50
567, 986, -38, 15, 0.5556, 44.2393, -43.3505, -8.8229, 0.2222, 206.00
567, 987, 124, 13, 0.5556, 4.6403, 4.6399, 0.0548, 0.2222, 164.38
568, 924, 73, 94, 1.0000, 2.3868, 1.9810, 1.3312, 1.0000, 247.26
568, 875, 53, 75, 1.0000, 0.4253, 0.3089, 0.2924, 1.0000, 240.47
568, 946, 14, 43, 0.7381, 1.7674, 0.3617, 1.7300, 0.5167, 224.00
569, 924, 74, 95, 1.0000, 1.7091, 1.3539, 1.0430, 1.0000, 247.55
569, 875, 54, 76, 1.0000, 1.0262, 0.7067, 0.7441, 1.0000, 240.56
569, 763, 29, 48, 0.5062, 51.2013, 23.3089, 45.5880, 0.4050, 218.38
569, 954, 14, 69, 0.5625, 52.5170, 4.6637, 52.3095, 0.2250, 201.25
569, 997, 1, 0, 0.6000, 0.9524, 0.9524, 0.0000, 0.1800, 249.00
569, 998, 7, 20, 0.6000, 0.9860, 0.9860, 0.0000, 0.1800, 245.17
569, 946, 15, 45, 0.6381, 1.7674, 0.3617, 1.7300, 0.4467, 224.00
570, 924, 76, 96, 1.0000, 1.9440, 1.6877, 0.9647, 1.0000, 247.83
570, 903, 7, 76, 0.9646, 2.4160, 2.4060, 0.2199, 0.9646, 207.82
570, 960, 0, 88, 0.6000, 12.3974, -7.7459, 9.6797, 0.1800, 176.17
570, 875, 55, 76, 1.0000, 1.0191, 0.9807, 0.2770, 1.0000, 239.64
570, 954, 8, 102, 0.6222, 35.8864, -3.9831, 35.6646, 0.3111, 193.60
570, 997, 2, 0, 0.7056, 1.0122, 1.0122, 0.0000, 0.2822, 249.75
570, 998, 9, 20, 0.7056, 1.7620, 1.7620, 0.0000, 0.2822, 246.62
570, 958, 75, 125, 0.5625, 34.3293, -18.9804, 28.6050, 0.2250, 133.25
570, 1006, 86, 93, 0.6000, 36.6678, -33.3669, 15.2045, 0.1800, 114.33
570, 1011, 92, 117, 0.6000, 0.9188, 0.0000, -0.9188, 0.1800, 105.67
570, 946, 15, 46, 0.5381, 1.7674, 0.3617, 1.7300, 0.3767, 224.00
571, 924, 78, 97, 1.0000, 2.1861, 1.9565, 0.9752, 1.0000, 247.37
571, 960, 0, 90, 0.6556, 3.6224, -1.3358, 3.3671, 0.2622, 177.62
571, 875, 56, 76, 1.0000, 1.0377, 1.0377, 0.0045, 1.0000, 238.74
571, 997, 3, 1, 0.7611, 1.2667, 1.0107, 0.7636, 0.3806, 244.60
571, 998, 9, 20, 0.7611, 0.5175, 0.5175, 0.0000, 0.3806, 243.50
571, 1011, 94, 120, 0.7056, 2.5027, 1.5070, 1.9982, 0.2822, 108.25
571, 956, 50, 105, 0.5625, 0.9866, 0.9860, 0.0336, 0.2250, 170.50
571, 1013, 91, 126, 0.6000, 1.3708, 0.9860, 0.9524, 0.1800, 119.67
571, 954, 5, 138, 0.5222, 35.8864, -3.9831, 35.6646, 0.2611, 193.60
571, 1006, 53, 109, 0.5000, 36.6678, -33.3669, 15.2045, 0.1500, 114.33
572, 924, 79, 98, 1.0000, 1.6833, 1.3587, 0.9937, 1.0000, 247.01
572, 875, 56, 77, 1.0000, 0.7384, 0.3056, 0.6722, 1.0000, 239.40
572, 997, 5, 0, 0.8167, 1.8290, 1.7667, -0.4734, 0.4900, 244.33
572, 998, 11, 20, 0.8167, 1.4695, 1.4695, 0.0000, 0.4900, 240.17
572, 1004, 11, 85, 0.6000, 52.6932, -12.5841, 51.1685, 0.1800, 193.00
572, 1011, 95, 121, 0.7611, 2.0835, 1.3159, 1.6154, 0.3806, 106.60
572, 819, 21, 125, 0.5143, 3.1219, -3.0796, -0.5121, 0.3600, 157.86
572, 1013, 93, 126, 0.7056, 1.7809, 1.7620, 0.2587, 0.2822, 118.25
572, 960, -1, 93, 0.5556, 3.6224, -1.3358, 3.3671, 0.2222, 177.62
573, 924, 82, 99, 1.0000, 2.5576, 2.3535, 1.0011, 1.0000, 245.25
573, 875, 57, 77, 1.0000, 0.7453, 0.6814, 0.3018, 1.0000, 238.95
573, 946, 19, 41, 0.7951, 1.5502, 1.1077, -1.0844, 0.6361, 219.50
573, 997, 6, 0, 0.8722, 1.3259, 1.2933, -0.2926, 0.6106, 245.14
573, 998, 12, 21, 0.8722, 1.4634, 1.2504, 0.7603, 0.6106, 241.29
573, 1004, 25, 128, 0.6556, 45.7815, 10.5950, 44.5387, 0.2622, 182.50
573, 1011, 95, 122, 0.8167, 1.1251, 0.2821, 1.0892, 0.4900, 107.00
573, 956, 54, 105, 0.6722, 2.0871, 2.0871, -0.0112, 0.3361, 170.80
573, 1013, 95, 127, 0.7611, 2.1726, 2.0447, 0.7345, 0.3806, 114.50
574, 924, 83, 100, 1.0000, 1.9109, 1.6274, 1.0017, 1.0000, 244.69
574, 875, 58, 78, 1.0000, 1.2146, 0.9671, 0.7349, 1.0000, 239.59
574, 946, 20, 42, 0.8519, 1.2266, 1.0251, 0.6736, 0.7667, 217.33
574, 997, 7, 0, 0.9278, 1.0037, 1.0027, -0.0451, 0.7422, 245.88
574, 998, 13, 21, 0.9278, 1.0710, 1.0292, 0.2961, 0.7422, 242.62
574, 1011, 96, 123, 0.8722, 1.1634, 0.6782, 0.9452, 0.6106, 108.14
574, 819, 21, 126, 0.6222, 0.6916, 0.3225, 0.6118, 0.4978, 156.62
574, 956, 56, 105, 0.7306, 2.0772, 2.0772, -0.0048, 0.4383, 169.75
574, 1013, 96, 127, 0.8167, 1.3099, 1.2872, 0.2423, 0.4900, 112.75
574, 1014, 104, 51, 0.6000, 2.1015, 1.0196, 1.8375, 0.1800, 163.17
574, 1004, 36, 173, 0.5556, 45.7815, 10.5950, 44.5387, 0.2222, 182.50
575, 924, 84, 101, 1.0000, 1.4750, 1.0837, 1.0007, 1.0000, 244.17
575, 960, 1, 89, 0.7111, 1.5375, 0.7466, -1.3441, 0.3556, 174.80
575, 875, 58, 78, 1.0000, 0.4427, 0.3348, 0.2896, 1.0000, 239.74
575, 997, 8, 0, 0.9833, 0.9584, 0.9580, 0.0251, 0.8850, 246.67
575, 998, 13, 22, 0.9833, 0.7893, 0.2230, 0.7571, 0.8850, 240.70
575, 1002, 103, 20, 0.6000, 10.3493, 8.1611, -6.3642, 0.1800, 169.67
575, 1011, 97, 124, 0.9278, 1.3752, 0.9791, 0.9657, 0.7422, 109.75
575, 956, 57, 105, 0.7881, 1.2489, 1.2489, -0.0002, 0.5517, 169.45
575, 946, 21, 42, 0.7519, 1.2266, 1.0251, 0.6736, 0.6767, 217.33
575, 819, 21, 127, 0.5222, 0.6916, 0.3225, 0.6118, 0.4178, 156.62
575, 1013, 97, 127, 0.7167, 1.3099, 1.2872, 0.2423, 0.4300, 112.75
575, 1014, 105, 53, 0.5000, 2.1015, 1.0196, 1.8375, 0.1500, 163.17
576, 924, 86, 102, 1.0000, 1.8777, 1.5893, 1.0000, 1.0000, 242.25
576, 960, 5, 90, 0.7667, 3.5641, 3.5238, 0.5346, 0.4600, 176.17
576, 875, 59, 79, 1.0000, 0.9952, 0.6951, 0.7122, 1.0000, 239.33
576, 997, 9, 0, 1.0000, 0.9829, 0.9828, 0.0167, 1.0000, 247.50
576, 998, 15, 22, 1.0000, 1.4553, 1.4320, 0.2594, 1.0000, 241.93
576, 1002, 107, 18, 0.6556, 4.4627, 4.0201, -1.9376, 0.2622, 174.00
576, 1011, 98, 125, 0.9833, 1.4382, 1.0390, 0.9945, 0.8850, 109.44
576, 1013, 93, 122, 0.8722, 3.3877, -1.8623, -2.8299, 0.6106, 112.50
576, 1014, 107, 52, 0.7056, 1.6011, 1.5372, 0.4477, 0.2822, 162.38
576, 863, 13, 62, 0.5250, 14.9456, 9.5910, -11.4622, 0.3150, 181.50
576, 1018, 33, 27, 0.6000, 2.1448, 0.9860, -1.9048, 0.1800, 214.00
576, 946, 22, 43, 0.6519, 1.2266, 1.0251, 0.6736, 0.5867, 217.33
576, 956, 58, 105, 0.6881, 1.2489, 1.2489, -0.0002, 0.4817, 169.45
577, 924, 88, 104, 1.0000, 2.5558, 1.9488, 1.6536, 1.0000, 242.57
577, 960, 8, 93, 0.8222, 4.3201, 3.4280, 2.6291, 0.5756, 175.43
577, 875, 60, 78, 1.0000, 1.0480, 0.9663, -0.4056, 1.0000, 237.94
577, 997, 10, 0, 1.0000, 0.9993, 0.9993, 0.0030, 1.0000, 247.00
577, 998, 15, 22, 1.0000, 0.5482, 0.5481, -0.0078, 1.0000, 241.89
577, 1002, 108, 18, 0.7111, 1.3343, 1.1710, -0.6397, 0.3556, 175.20
577, 1011, 99, 126, 1.0000, 1.4295, 1.0187, 1.0029, 1.0000, 109.50
577, 819, 36, 106, 0.6296, 10.3593, 6.1770, -8.3162, 0.5667, 158.11
577, 1013, 91, 107, 0.8778, 14.1939, -2.1502, -14.0301, 0.7022, 114.19
577, 1014, 107, 52, 0.7611, 0.3585, 0.3578, 0.0224, 0.3806, 159.70
577, 863, 34, 37, 0.5841, 30.7585, 19.9100, -23.4451, 0.4089, 185.00
577, 1018, 14, 6, 0.6556, 24.7472, -16.3221, -18.6015, 0.2622, 214.00
577, 946, 23, 44, 0.5519, 1.2266, 1.0251, 0.6736, 0.4967, 217.33
577, 956, 60, 105, 0.5881, 1.2489, 1.2489, -0.0002, 0.4117, 169.45
578, 924, 90, 105, 1.0000, 2.4509, 2.0473, 1.3475, 1.0000, 242.24
578, 960, 12, 96, 0.8778, 5.0048, 3.8514, 3.1961, 0.7022, 175.12
578, 875, 61, 80, 1.0000, 1.4862, 1.0349, 1.0667, 1.0000, 237.52
578, 998, 17, 23, 1.0000, 1.6432, 1.4881, 0.6969, 1.0000, 240.86
578, 1002, 109, 18, 0.7667, 1.3898, 1.3893, 0.0385, 0.4600, 177.67
578, 1011, 100, 127, 1.0000, 1.4169, 1.0018, 1.0020, 1.0000, 111.00
578, 956, 62, 106, 0.8451, 1.7487, 1.6999, 0.4102, 0.6761, 170.65
578, 1013, 93, 78, 0.9333, 27.1116, 1.7412, -27.0557, 0.8400, 119.06
578, 1014, 110, 52, 0.8167, 2.2219, 2.2212, -0.0543, 0.4900, 157.25
578, 863, 59, 13, 0.6424, 34.1373, 24.3750, -23.9001, 0.5139, 187.12
578, 1024, 98, 29, 0.6000, 2.1296, 0.9524, 1.9048, 0.1800, 169.00
578, 997, 11, 0, 0.9000, 0.9993, 0.9993, 0.0030, 0.9000, 247.00
578, 1018, -2, -13, 0.5556, 24.7472, -16.3221, -18.6015, 0.2222, 214.00
579, 924, 91, 106, 1.0000, 1.7515, 1.3889, 1.0671, 1.0000, 240.41
579, 875, 60, 80, 1.0000, 0.6798, -0.3488, 0.5834, 1.0000, 236.69
579, 997, 18, 13, 1.0000, 8.7145, 4.2606, 7.6019, 1.0000, 243.58
579, 998, 18, 22, 1.0000, 1.3472, 1.2723, -0.4432, 1.0000, 241.79
579, 1002, 111, 17, 0.8222, 1.9984, 1.8876, -0.6561, 0.5756, 176.57
579, 1008, 97, 77, 0.6000, 28.6257, -9.3473, -27.0565, 0.1800, 120.50
579, 961, 19, 90, 0.5625, 0.0538, -0.0538, 0.0000, 0.2250, 232.00
579, 1024, 99, 30, 0.7056, 1.6247, 1.0122, 1.2709, 0.2822, 166.50
579, 960, 16, 99, 0.7778, 5.0048, 3.8514, 3.1961, 0.6222, 175.12
579, 1011, 101, 128, 0.9000, 1.4169, 1.0018, 1.0020, 0.9000, 111.00
579, 956, 64, 106, 0.7451, 1.7487, 1.6999, 0.4102, 0.5961, 170.65
579, 1014, 112, 52, 0.7167, 2.2219, 2.2212, -0.0543, 0.4300, 157.25
579, 863, 84, -11, 0.5424, 34.1373, 24.3750, -23.9001, 0.4339, 187.12
580, 924, 93, 107, 1.0000, 1.9236, 1.6598, 0.9723, 1.0000, 239.01
580, 960, 16, 113, 0.9333, 9.3053, 1.8492, 9.1197, 0.8400, 174.67
580, 875, 62, 81, 1.0000, 1.2849, 1.0171, 0.7853, 1.0000, 237.34
580, 997, 44, 22, 1.0000, 25.2903, 23.8680, 8.3617, 1.0000, 240.23
580, 998, 19, 23, 1.0000, 1.1281, 1.0402, 0.4367, 1.0000, 242.10
580, 1002, 112, 17, 0.8778, 1.3076, 1.2822, -0.2562, 0.7022, 175.12
580, 1008, 73, 40, 0.6556, 41.2957, -21.6558, -35.1620, 0.2622, 144.62
580, 956, 66, 106, 0.9019, 2.0419, 2.0416, -0.0348, 0.8117, 168.46
580, 1014, 113, 52, 0.8722, 1.6140, 1.6140, -0.0021, 0.6106, 155.36
580, 961, 20, 91, 0.6722, 1.0893, 0.7795, 0.7609, 0.3361, 236.00
580, 1022, 82, 3, 0.6000, 23.8217, 21.6729, -9.8875, 0.1800, 186.00
580, 1024, 114, 34, 0.7111, 13.6264, 13.2276, 3.2723, 0.3556, 159.40
580, 801, 97, 100, 0.5143, 1.9048, 0.0000, -1.9048, 0.3600, 114.71
580, 1011, 102, 129, 0.8000, 1.4169, 1.0018, 1.0020, 0.8000, 111.00
581, 924, 95, 109, 1.0000, 2.5115, 1.9272, 1.6104, 1.0000, 238.72
581, 960, 21, 120, 0.9889, 8.8582, 4.2010, 7.7986, 0.9889, 172.10
581, 875, 62, 82, 1.0000, 1.1170, 0.5619, 0.9653, 1.0000, 235.72
581, 998, 20, 23, 1.0000, 1.0080, 0.9751, 0.2555, 1.0000, 242.82
581, 1002, 114, 17, 0.9333, 1.7422, 1.7422, -0.0021, 0.8400, 175.22
581, 1008, 49, 6, 0.7111, 41.8119, -23.5219, -34.5682, 0.3556, 157.30
581, 956, 71, 107, 0.9583, 5.1569, 5.1037, 0.7390, 0.9583, 165.92
581, 1014, 103, 35, 0.8778, 18.0942, -9.0771, -15.6526, 0.7022, 156.56
581, 961, 21, 91, 0.7306, 1.0947, 1.0580, 0.2810, 0.4383, 238.83
581, 861, 64, 103, 0.5250, 52.6409, 38.9921, 35.3649, 0.3150, 187.17
581, 801, 79, 122, 0.5722, 24.7830, -15.8236, 19.0738, 0.4578, 117.25
581, 1027, 28, 22, 0.6000, 20.9524, 0.0000, 20.9524, 0.1800, 216.67
581, 1028, 41, 31, 0.6000, 14.8767, 9.5238, 11.4286, 0.1800, 198.33
581, 997, 68, 30, 0.9000, 25.2903, 23.8680, 8.3617, 0.9000, 240.23
581, 1011, 103, 130, 0.7000, 1.4169, 1.0018, 1.0020, 0.7000, 111.00
581, 1022, 104, -7, 0.5000, 23.8217, 21.6729, -9.8875, 0.1500, 186.00
581, 1024, 127, 37, 0.6111, 13.6264, 13.2276, 3.2723, 0.3056, 159.40
582, 924, 97, 110, 1.0000, 2.4285, 2.0235, 1.3428, 1.0000, 238.01
582, 960, 18, 125, 1.0000, 5.7415, -1.7627, 5.4642, 1.0000, 169.55
582, 875, 63, 82, 1.0000, 0.8519, 0.7784, 0.3462, 1.0000, 236.37
582, 998, 22, 23, 1.0000, 1.7059, 1.7054, 0.0426, 1.0000, 243.40
582, 1002, 116, 16, 0.9889, 2.1340, 2.0063, -0.7274, 0.9889, 175.70
582, 956, 73, 107, 1.0000, 1.7293, 1.7041, 0.2940, 1.0000, 164.38
582, 961, 21, 91, 0.7881, 0.2900, 0.2900, -0.0037, 0.5517, 240.86
582, 861, 110, 118, 0.5841, 48.7154, 45.3962, 17.6741, 0.4089, 172.86
582, 1027, 29, 43, 0.6556, 20.7747, 0.7535, 20.7610, 0.2622, 216.75
582, 971, 0, 126, 0.5625, 17.4402, -2.8235, 17.2101, 0.2250, 155.75
582, 972, 24, 93, 0.5625, 27.5959, -19.0140, 20.0000, 0.2250, 190.00
582, 997, 92, 39, 0.8000, 25.2903, 23.8680, 8.3617, 0.8000, 240.23
582, 1008, 26, -29, 0.6111, 41.8119, -23.5219, -34.5682, 0.3056, 157.30
582, 1011, 104, 131, 0.6000, 1.4169, 1.0018, 1.0020, 0.6000, 111.00
582, 1028, 50, 42, 0.5000, 14.8767, 9.5238, 11.4286, 0.1500, 198.33
583, 924, 99, 111, 1.0000, 2.2949, 2.0268, 1.0762, 1.0000, 237.48
583, 875, 64, 83, 1.0000, 1.1779, 0.9645, 0.6761, 1.0000, 236.13
583, 946, 31, 43, 0.9083, 1.3006, 1.2984, -0.0762, 0.9083, 215.60
583, 997, 103, 33, 1.0000, 18.9480, 18.7513, 2.7231, 1.0000, 234.29
583, 998, 23, 23, 1.0000, 1.3138, 1.3137, -0.0215, 1.0000, 243.90
583, 1002, 118, 16, 1.0000, 2.0588, 2.0400, -0.2775, 1.0000, 176.91
583, 956, 72, 107, 1.0000, 0.7941, -0.7940, 0.0115, 1.0000, 162.89
583, 961, 22, 91, 0.8451, 0.7197, 0.7185, -0.0422, 0.6761, 242.00
583, 1020, 117, 53, 0.7056, 3.1388, 3.0494, 0.7436, 0.2822, 125.00
583, 808, 45, 4, 0.5143, 13.7553, -13.6352, 1.8136, 0.3600, 204.71
583, 1027, 31, 66, 0.7111, 22.5180, 1.8033, 22.4457, 0.3556, 213.60
583, 1028, 47, 72, 0.6556, 22.0496, 2.1268, 21.9468, 0.2622, 198.75
583, 1029, 29, 3, 0.6000, 26.1995, -9.7874, -24.3027, 0.1800, 214.17
583, 972, 2, 108, 0.6222, 25.9407, -21.0008, 15.2278, 0.3111, 185.00
583, 960, 16, 131, 0.9000, 5.7415, -1.7627, 5.4642, 0.9000, 169.55
583, 1008, 2, -63, 0.5111, 41.8119, -23.5219, -34.5682, 0.2556, 157.30
583, 1011, 105, 132, 0.5000, 1.4169, 1.0018, 1.0020, 0.5000, 111.00
584, 924, 101, 113, 1.0000, 2.5722, 2.0107, 1.6042, 1.0000, 236.96
584, 875, 65, 83, 1.0000, 1.0596, 1.0208, 0.2840, 1.0000, 235.31
584, 946, 32, 43, 0.9646, 1.0279, 1.0279, -0.0104, 0.9646, 214.91
584, 993, 105, 35, 0.6000, 32.8703, -17.3344, -27.9280, 0.1800, 126.67
584, 998, 24, 24, 1.0000, 1.2420, 1.0274, 0.6979, 1.0000, 244.24
584, 1002, 119, 16, 1.0000, 1.2504, 1.2504, 0.0001, 1.0000, 175.92
584, 956, 72, 107, 1.0000, 0.1612, 0.1563, -0.0395, 1.0000, 162.74
584, 961, 23, 92, 0.9019, 1.2390, 0.9936, 0.7401, 0.8117, 243.22
584, 1020, 119, 53, 0.7611, 1.9084, 1.8894, 0.2686, 0.3806, 125.20
584, 808, 18, 17, 0.5722, 28.1129, -25.4419, 11.9603, 0.4578, 205.75
584, 965, 5, 109, 0.5625, 13.9913, -2.7823, 13.7119, 0.2250, 190.25
584, 1027, 19, 99, 0.7667, 33.8382, -10.1245, 32.2881, 0.4600, 204.50
584, 1028, 33, 115, 0.7111, 42.4849, -12.4979, 40.6051, 0.3556, 186.40
584, 1029, 20, -3, 0.6556, 12.2438, -9.1285, -8.1598, 0.2622, 216.88
584, 972, -3, 111, 0.6806, 8.1171, -6.7509, 4.5069, 0.4083, 185.33
584, 1030, 10, 96, 0.6000, 4.0063, -1.6976, 3.6288, 0.1800, 207.33
584, 960, 15, 136, 0.8000, 5.7415, -1.7627, 5.4642, 0.8000, 169.55
585, 924, 103, 114, 1.0000, 2.4022, 2.0009, 1.3293, 1.0000, 236.56
585, 875, 65, 84, 1.0000, 0.7746, 0.3554, 0.6883, 1.0000, 234.97
585, 946, 28, 36, 1.0000, 7.0496, -3.5708, -6.0783, 1.0000, 212.08
585, 993, 102, 31, 0.6556, 8.9734, -4.7323, -7.6241, 0.2622, 132.75
585, 998, 25, 24, 1.0000, 1.0132, 0.9621, 0.3175, 1.0000, 244.65
585, 1002, 121, 15, 1.0000, 1.8547, 1.7079, -0.7234, 1.0000, 172.85
585, 956, 74, 107, 1.0000, 1.6560, 1.6559, -0.0182, 1.0000, 162.05
585, 961, 23, 92, 0.9583, 0.4141, 0.2870, 0.2985, 0.9583, 244.20
585, 962, 3, 110, 0.5625, 33.7717, -29.8162, -15.8594, 0.2250, 152.00
585, 1020, 121, 53, 0.8167, 1.8048, 1.8048, -0.0060, 0.4900, 125.00
585, 1030, 11, 96, 0.7056, 1.1024, 0.1802, 1.0876, 0.2822, 205.00
585, 960, 13, 142, 0.7000, 5.7415, -1.7627, 5.4642, 0.7000, 169.55
585, 1029, 11, -11, 0.5556, 12.2438, -9.1285, -8.1598, 0.2222, 216.88
585, 972, -9, 116, 0.5806, 8.1171, -6.7509, 4.5069, 0.3483, 185.33
586, 924, 115, 113, 1.0000, 10.0731, 10.0426, -0.7839, 1.0000, 232.99
586, 875, 66, 85, 1.0000, 1.1698, 0.6605, 0.9655, 1.0000, 234.82
586, 946, 26, 25, 1.0000, 10.8584, -2.2136, -10.6304, 1.0000, 215.38
586, 998, 35, 29, 1.0000, 9.7303, 8.7444, 4.2679, 1.0000, 242.62
586, 1002, 123, 15, 1.0000, 2.0157, 1.9964, -0.2784, 1.0000, 174.21
586, 956, 76, 107, 1.0000, 2.1396, 2.1396, -0.0016, 1.0000, 161.18
586, 961, 24, 92, 1.0000, 0.7155, 0.7154, 0.0100, 1.0000, 244.82
586, 962, -3, 104, 0.6222, 11.1087, -8.7114, -6.8931, 0.3111, 154.20
586, 1020, 122, 53, 0.8722, 1.1784, 1.1777, -0.0414, 0.6106, 126.57
586, 1030, 12, 97, 0.7611, 1.2570, 1.0544, 0.6843, 0.3806, 213.00
586, 960, 11, 147, 0.6000, 5.7415, -1.7627, 5.4642, 0.6000, 169.55
586, 993, 97, 23, 0.5556, 8.9734, -4.7323, -7.6241, 0.2222, 132.75
587, 924, 120, 113, 1.0000, 6.0491, 6.0483, -0.0985, 1.0000, 229.49
587, 875, 66, 85, 1.0000, 0.4776, 0.2836, 0.3842, 1.0000, 234.23
587, 993, 119, 12, 0.7111, 14.1466, 10.5169, -9.4615, 0.3556, 133.40
587, 998, 39, 31, 1.0000, 4.9394, 4.5573, 1.9050, 1.0000, 240.59
587, 1002, 124, 15, 1.0000, 1.2851, 1.2851, -0.0032, 1.0000, 175.13
587, 1011, 104, 121, 1.0000, 1.3524, 0.2209, -1.3342, 1.0000, 110.33
587, 956, 80, 108, 1.0000, 3.6485, 3.5741, 0.7331, 1.0000, 159.10
587, 1016, 35, 43, 0.6000, 0.9353, 0.9353, 0.0048, 0.1800, 206.67
587, 961, 25, 93, 1.0000, 1.2149, 0.9909, 0.7028, 1.0000, 245.67
587, 1020, 124, 53, 0.9278, 1.7119, 1.7119, -0.0151, 0.7422, 128.12
587, 1030, 12, 97, 0.8167, 0.3896, 0.3759, 0.1025, 0.4900, 212.00
587, 960, 9, 153, 0.5000, 5.7415, -1.7627, 5.4642, 0.5000, 169.55
587, 962, -11, 98, 0.5222, 11.1087, -8.7114, -6.8931, 0.2611, 154.20
588, 875, 67, 86, 1.0000, 0.9614, 0.6807, 0.6789, 1.0000, 233.83
588, 998, 50, 40, 1.0000, 13.0772, 9.8211, 8.6349, 1.0000, 238.74
588, 1002, 126, 14, 1.0000, 1.8599, 1.7182, -0.7122, 1.0000, 173.56
588, 1011, 120, 114, 1.0000, 16.4729, 15.1792, -6.3992, 1.0000, 108.23
588, 956, 81, 108, 1.0000, 1.2283, 1.1880, 0.3122, 1.0000, 157.98
588, 1016, 33, 25, 0.6556, 15.9369, -1.2403, -15.8886, 0.2622, 206.50
588, 961, 18, 93, 1.0000, 6.3589, -6.3524, 0.2877, 1.0000, 240.08
588, 962, 3, 82, 0.6806, 12.5511, 4.5653, -11.6913, 0.4083, 158.50
588, 1020, 125, 53, 0.9833, 1.2514, 1.2514, 0.0002, 0.8850, 129.33
588, 1030, 14, 98, 0.8722, 1.6728, 1.5178, 0.7034, 0.6106, 210.36
588, 883, 24, 3, 0.5250, 4.1041, -3.6708, 1.8354, 0.3150, 218.67
588, 989, 72, 13, 0.5625, 41.6953, -34.2521, -23.7759, 0.2250, 155.75
588, 1035, 4, 111, 0.6000, 4.1840, 3.7423, 1.8711, 0.1800, 171.33
588, 924, 126, 113, 0.9000, 6.0491, 6.0483, -0.0985, 0.9000, 229.49
589, 924, 123, 116, 1.0000, 1.8377, 0.9241, 1.5885, 1.0000, 226.01
589, 875, 67, 87, 1.0000, 0.9911, 0.3137, 0.9402, 1.0000, 233.22
589, 996, 113, 38, 0.6000, 9.6482, -7.7176, 5.7902, 0.1800, 130.33
589, 956, 81, 108, 1.0000, 0.6774, 0.6771, 0.0183, 1.0000, 157.15
589, 1016, 34, 4, 0.7111, 20.3247, 0.1872, -20.3239, 0.3556, 207.80
589, 1019, 11, 23, 0.6000, 17.8860, -15.1712, -9.4735, 0.1800, 204.67
589, 1020, 127, 53, 1.0000, 1.7466, 1.7466, 0.0023, 1.0000, 129.50
589, 1030, 16, 99, 0.9278, 2.2911, 2.0527, 1.0176, 0.7422, 215.19
589, 883, 24, 4, 0.6341, 1.6758, -1.0681, 1.2912, 0.4439, 218.57
589, 989, 29, -1, 0.6222, 44.2507, -41.7168, -14.7592, 0.3111, 169.20
589, 1033, 28, 13, 0.6000, 33.0531, -31.1646, 11.0125, 0.1800, 203.67
589, 1035, 5, 112, 0.7056, 2.2019, 1.7956, 1.2745, 0.2822, 174.00
589, 1036, 0, 126, 0.6000, 15.6166, -7.3041, 13.8032, 0.1800, 161.33
589, 998, 60, 49, 0.9000, 13.0772, 9.8211, 8.6349, 0.9000, 238.74
589, 1002, 128, 13, 0.9000, 1.8599, 1.7182, -0.7122, 0.9000, 173.56
589, 1011, 135, 108, 0.9000, 16.4729, 15.1792, -6.3992, 0.9000, 108.23
590, 924, 124, 117, 1.0000, 1.7940, 1.1618, 1.3670, 1.0000, 223.33
590, 875, 68, 87, 1.0000, 0.7871, 0.6866, 0.3848, 1.0000, 232.63
590, 996, 109, 40, 0.6556, 4.9435, -4.3614, 2.3274, 0.2622, 136.25
590, 998, 76, 79, 1.0000, 24.4343, 13.3214, 20.4835, 1.0000, 235.49
590, 1030, 25, 95, 0.9333, 8.9308, 8.2020, -3.5336, 0.8400, 219.61
590, 883, 32, 2, 0.6424, 7.8311, 7.7236, -1.2928, 0.5139, 217.50
590, 1035, 8, 116, 0.7611, 4.0996, 2.4620, 3.2780, 0.3806, 165.60
590, 981, 79, 82, 0.5625, 1.3952, -1.0196, 0.9524, 0.2250, 177.12
590, 1002, 129, 13, 0.8000, 1.8599, 1.7182, -0.7122, 0.8000, 173.56
590, 1011, 150, 102, 0.8000, 16.4729, 15.1792, -6.3992, 0.8000, 108.23
590, 956, 82, 108, 0.9000, 0.6774, 0.6771, 0.0183, 0.9000, 157.15
590, 1016, 34, -16, 0.6111, 20.3247, 0.1872, -20.3239, 0.3056, 207.80
590, 1019, -4, 14, 0.5000, 17.8860, -15.1712, -9.4735, 0.1500, 204.67
590, 1020, 129, 53, 0.9000, 1.7466, 1.7466, 0.0023, 0.9000, 129.50
590, 989, -12, -15, 0.5222, 44.2507, -41.7168, -14.7592, 0.2611, 169.20
590, 1033, -3, 24, 0.5000, 33.0531, -31.1646, 11.0125, 0.1500, 203.67
590, 1036, -7, 140, 0.5000, 15.6166, -7.3041, 13.8032, 0.1500, 161.33
591, 924, 125, 118, 1.0000, 1.5575, 1.1092, 1.0934, 1.0000, 220.94
591, 875, 68, 87, 1.0000, 0.3198, 0.3178, 0.0361, 1.0000, 231.68
591, 996, 110, 40, 0.7111, 0.8835, 0.1630, 0.8683, 0.3556, 137.80
591, 1009, 110, 124, 0.6000, 20.4686, -14.4706, 14.4763, 0.1800, 83.00
591, 956, 85, 109, 1.0000, 2.1095, 2.0481, 0.5050, 1.0000, 155.25
591, 1019, 9, 15, 0.6556, 3.9117, 0.7726, -3.8347, 0.2622, 207.25
591, 1030, 28, 94, 0.9889, 3.8968, 3.5973, -1.4982, 0.9889, 222.45
591, 891, 45, 86, 0.5250, 18.5580, -12.6785, 13.5520, 0.3150, 201.17
591, 883, 56, 5, 0.7000, 22.3363, 22.2095, 2.3764, 0.6300, 214.78
591, 1033, 6, 22, 0.6556, 8.8911, -8.2705, 3.2634, 0.2622, 204.25
591, 1041, 6, 43, 0.6000, 54.7299, -35.2045, -41.9048, 0.1800, 237.67
591, 1002, 131, 12, 0.7000, 1.8599, 1.7182, -0.7122, 0.7000, 173.56
591, 1011, 165, 95, 0.7000, 16.4729, 15.1792, -6.3992, 0.7000, 108.23
591, 1016, 34, -37, 0.5111, 20.3247, 0.1872, -20.3239, 0.2556, 207.80
591, 1020, 130, 53, 0.8000, 1.7466, 1.7466, 0.0023, 0.8000, 129.50
591, 1035, 10, 119, 0.6611, 4.0996, 2.4620, 3.2780, 0.3306, 165.60
592, 924, 127, 119, 1.0000, 1.9178, 1.6463, 0.9836, 1.0000, 218.32
592, 875, 70, 89, 1.0000, 1.7916, 1.3155, 1.2162, 1.0000, 231.61
592, 996, 113, 41, 0.7667, 2.3516, 2.2266, 0.7564, 0.4600, 137.67
592, 1009, 100, 128, 0.6556, 11.7372, -9.9690, 6.1951, 0.2622, 88.25
592, 956, 87, 109, 1.0000, 2.1034, 2.0974, 0.1592, 1.0000, 154.83
592, 1019, 10, 5, 0.7111, 9.2162, 1.0097, -9.1607, 0.3556, 208.40
592, 1030, 29, 95, 1.0000, 1.1774, 0.9413, 0.7072, 1.0000, 225.41
592, 891, 23, 96, 0.5841, 23.7196, -21.3820, 10.2679, 0.4089, 196.00
592, 883, 76, 11, 0.7572, 20.9240, 20.3386, 4.9147, 0.7572, 212.10
592, 790, 104, 1, 0.5402, 11.9507, 11.9317, 0.6746, 0.5402, 184.00
592, 1033, 1, 21, 0.7111, 5.2884, -5.2650, -0.4962, 0.3556, 206.80
592, 1035, 16, 127, 0.7667, 7.2976, 4.2322, 5.9450, 0.4600, 169.00
592, 981, 64, 83, 0.6222, 8.0166, -8.0021, 0.4821, 0.3111, 175.70
592, 1002, 133, 11, 0.6000, 1.8599, 1.7182, -0.7122, 0.6000, 173.56
592, 1011, 180, 89, 0.6000, 16.4729, 15.1792, -6.3992, 0.6000, 108.23
592, 1020, 132, 53, 0.7000, 1.7466, 1.7466, 0.0023, 0.7000, 129.50
592, 1041, -29, 1, 0.5000, 54.7299, -35.2045, -41.9048, 0.1500, 237.67
593, 875, 70, 90, 1.0000, 1.4671, 0.6747, 1.3028, 1.0000, 230.72
593, 996, 114, 42, 0.8222, 1.8399, 1.5898, 0.9262, 0.5756, 138.86
593, 999, 123, 38, 0.6000, 32.4808, 29.0529, -14.5234, 0.1800, 154.00
593, 934, 70, 18, 0.5400, 22.6598, -5.7286, -21.9237, 0.2700, 183.80
593, 1025, 42, 43, 0.6000, 17.3913, -2.8542, -17.1555, 0.1800, 207.67
593, 1030, 28, 95, 1.0000, 0.5159, -0.1653, 0.4887, 1.0000, 227.88
593, 891, 11, 115, 0.6424, 21.8307, -12.3179, 18.0235, 0.5139, 191.12
593, 883, 79, 12, 0.8141, 4.7801, 4.5284, 1.5304, 0.8141, 209.18
593, 981, 49, 74, 0.6806, 16.9683, -14.6522, -8.5579, 0.4083, 176.75
593, 924, 128, 120, 0.9000, 1.9178, 1.6463, 0.9836, 0.9000, 218.32
593, 1002, 135, 11, 0.5000, 1.8599, 1.7182, -0.7122, 0.5000, 173.56
593, 1009, 90, 135, 0.5556, 11.7372, -9.9690, 6.1951, 0.2222, 88.25
593, 1011, 195, 82, 0.5000, 16.4729, 15.1792, -6.3992, 0.5000, 108.23
593, 956, 89, 109, 0.9000, 2.1034, 2.0974, 0.1592, 0.9000, 154.83
593, 1020, 134, 53, 0.6000, 1.7466, 1.7466, 0.0023, 0.6000, 129.50
593, 1035, 20, 133, 0.6667, 7.2976, 4.2322, 5.9450, 0.4000, 169.00
594, 875, 71, 90, 1.0000, 0.9086, 0.7565, 0.5031, 1.0000, 229.69
594, 996, 117, 46, 0.8778, 4.1846, 2.5742, 3.2991, 0.7022, 137.88
594, 999, 128, 36, 0.6556, 8.7587, 7.8334, -3.9181, 0.2622, 145.00
594, 934, 62, 5, 0.6000, 16.3253, -7.6361, -14.4293, 0.3600, 185.33
594, 1025, 43, 40, 0.6556, 4.7896, -0.0450, -4.7894, 0.2622, 205.75
594, 1030, 29, 95, 1.0000, 0.5696, 0.5635, 0.0835, 1.0000, 229.96
594, 891, 8, 118, 0.7000, 6.5428, -4.6389, 4.6140, 0.6300, 188.78
594, 929, 51, 88, 0.5250, 2.2202, 2.0056, 0.9524, 0.3150, 234.39
594, 1049, 8, 112, 0.6000, 2.9798, 0.9524, -2.8235, 0.1800, 160.33
594, 924, 130, 121, 0.8000, 1.9178, 1.6463, 0.9836, 0.8000, 218.32
594, 956, 91, 109, 0.8000, 2.1034, 2.0974, 0.1592, 0.8000, 154.83
594, 1020, 136, 53, 0.5000, 1.7466, 1.7466, 0.0023, 0.5000, 129.50
594, 1035, 24, 139, 0.5667, 7.2976, 4.2322, 5.9450, 0.3400, 169.00
594, 981, 35, 65, 0.5806, 16.9683, -14.6522, -8.5579, 0.3483, 176.75
595, 875, 72, 91, 1.0000, 1.1348, 0.9238, 0.6591, 1.0000, 229.63
595, 996, 116, 46, 0.9333, 0.3613, -0.0126, 0.3611, 0.8400, 138.67
595, 956, 92, 109, 1.0000, 1.5816, 1.5804, -0.0625, 1.0000, 153.51
595, 1025, 38, 28, 0.7111, 11.7686, -4.2266, -10.9835, 0.3556, 215.20
595, 1030, 30, 96, 1.0000, 1.2375, 1.0033, 0.7245, 1.0000, 231.54
595, 891, 3, 116, 0.7572, 4.6529, -4.5594, -0.9278, 0.7572, 188.40
595, 981, 3, 77, 0.7381, 24.7224, -24.5069, 3.2571, 0.5167, 176.93
595, 929, 53, 88, 0.6341, 2.0299, 2.0133, 0.2587, 0.4439, 237.05
595, 1043, 32, 15, 0.6000, 21.5983, -17.3614, -12.8479, 0.1800, 211.00
595, 1049, 4, 105, 0.6556, 7.6588, -3.5088, -6.8077, 0.2622, 162.00
595, 1050, 72, 84, 0.6000, 1.0202, -1.0196, 0.0336, 0.1800, 172.33
595, 924, 132, 122, 0.7000, 1.9178, 1.6463, 0.9836, 0.7000, 218.32
595, 999, 135, 32, 0.5556, 8.7587, 7.8334, -3.9181, 0.2222, 145.00
595, 934, 55, -10, 0.5000, 16.3253, -7.6361, -14.4293, 0.3000, 185.33
596, 875, 71, 86, 1.0000, 3.5357, -0.8530, -3.4312, 1.0000, 228.16
596, 996, 117, 46, 0.9889, 0.5692, 0.3835, 0.4205, 0.9889, 139.50
596, 956, 94, 110, 1.0000, 2.0320, 1.8877, 0.7520, 1.0000, 152.08
596, 934, 35, 1, 0.6587, 14.8487, -14.8486, 0.0103, 0.4611, 188.86
596, 1023, 52, 28, 0.6000, 0.9575, 0.9574, 0.0025, 0.1800, 196.67
596, 1025, 37, 26, 0.7667, 3.5898, -0.8406, -3.4900, 0.4600, 221.50
596, 1030, 30, 96, 1.0000, 0.4007, 0.3010, 0.2646, 1.0000, 232.90
596, 947, 28, 1, 0.5400, 0.8655, 0.0000, 0.8655, 0.2700, 231.50
596, 929, 55, 88, 0.6924, 2.0044, 2.0042, -0.0291, 0.5539, 234.17
596, 1043, 17, 5, 0.6556, 18.4987, -15.6921, -9.7959, 0.2622, 207.50
596, 1050, 44, 97, 0.6556, 26.8560, -24.3635, 11.2989, 0.2622, 171.75
596, 924, 133, 123, 0.6000, 1.9178, 1.6463, 0.9836, 0.6000, 218.32
596, 1049, 0, 98, 0.5556, 7.6588, -3.5088, -6.8077, 0.2222, 162.00
597, 875, 73, 70, 1.0000, 13.3075, 1.7852, -13.1872, 1.0000, 226.96
597, 996, 118, 47, 1.0000, 1.2619, 0.9123, 0.8719, 1.0000, 138.27
597, 956, 95, 110, 1.0000, 1.3211, 1.2828, 0.3157, 1.0000, 150.79
597, 1023, 49, 28, 0.7056, 2.7542, -2.7542, -0.0011, 0.2822, 198.00
597, 1025, 39, 26, 0.8222, 1.1241, 1.0804, 0.3104, 0.5756, 225.71
597, 1030, 31, 96, 1.0000, 0.7325, 0.7325, -0.0047, 1.0000, 233.47
597, 947, 30, 1, 0.6500, 1.5461, 1.5197, 0.2847, 0.3900, 235.08
597, 929, 58, 87, 0.7500, 2.8812, 2.7641, -0.8132, 0.6750, 236.15
597, 1049, 9, 86, 0.7111, 10.1463, 3.2662, -9.6062, 0.3556, 163.80
597, 1050, 27, 112, 0.7111, 23.2885, -17.9592, 14.8264, 0.3556, 168.20
597, 994, 120, 110, 0.5625, 2.1597, 1.9384, 0.9524, 0.2250, 98.50
597, 1005, 75, 93, 0.5625, 40.4739, -37.1092, -16.1569, 0.2250, 122.75
597, 1007, 67, 86, 0.5625, 8.1526, -5.7815, -5.7479, 0.2250, 159.25
597, 924, 135, 124, 0.5000, 1.9178, 1.6463, 0.9836, 0.5000, 218.32
597, 1043, 1, -4, 0.5556, 18.4987, -15.6921, -9.7959, 0.2222, 207.50
598, 956, 94, 110, 1.0000, 0.4442, -0.4435, 0.0251, 1.0000, 149.05
598, 1023, 49, 28, 0.7611, 0.3676, -0.3676, -0.0007, 0.3806, 198.20
598, 1025, 52, 28, 0.8778, 12.3511, 12.2705, 1.4087, 0.7022, 222.62
598, 1030, 32, 96, 1.0000, 1.0006, 0.9998, -0.0404, 1.0000, 232.79
598, 1032, 61, 45, 0.6000, 38.0797, -33.0642, 18.8897, 0.1800, 175.00
598, 1034, 14, 7, 0.6000, 36.5814, -36.5694, 0.9372, 0.1800, 201.33
598, 947, 31, 2, 0.7087, 1.5237, 1.3243, 0.7537, 0.4961, 237.64
598, 929, 60, 87, 0.8072, 2.3138, 2.2932, -0.3085, 0.8072, 237.83
598, 1050, 10, 120, 0.7667, 19.0997, -17.0576, 8.5930, 0.4600, 165.33
598, 994, 121, 111, 0.6722, 1.6218, 1.2672, 1.0122, 0.3361, 97.00
598, 970, 66, 4, 0.5402, 17.7557, -16.3947, -6.8176, 0.5402, 166.92
598, 1005, 29, 98, 0.6222, 44.8166, -44.7533, 2.3803, 0.3111, 145.60
598, 1007, 66, 85, 0.6222, 2.1872, -1.5447, -1.5484, 0.3111, 162.20
598, 1012, 8, 101, 0.5625, 9.4499, -5.6807, -7.5518, 0.2250, 158.12
598, 1053, 18, 123, 0.6000, 8.7805, 6.6667, 5.7143, 0.1800, 164.00
598, 996, 119, 48, 0.9000, 1.2619, 0.9123, 0.8719, 0.9000, 138.27
599, 996, 120, 49, 1.0000, 1.5035, 1.0651, 1.0612, 1.0000, 136.58
599, 956, 99, 111, 1.0000, 3.9442, 3.8859, 0.6755, 1.0000, 148.13
599, 1023, 43, 28, 0.8167, 5.0900, -5.0900, -0.0001, 0.4900, 207.67
599, 1025, 56, 28, 0.9333, 4.9484, 4.9281, 0.4478, 0.8400, 219.44
599, 1030, 32, 97, 1.0000, 0.7981, 0.2750, 0.7492, 1.0000, 234.03
599, 1032, 26, 92, 0.6556, 55.1985, -34.3635, 43.1976, 0.2622, 174.25
599, 992, 71, 37, 0.5625, 26.0181, 6.5348, 25.1841, 0.2250, 193.00
599, 947, 32, 2, 0.7667, 1.0764, 1.0480, 0.2460, 0.6133, 239.56
599, 929, 63, 87, 0.8641, 2.7590, 2.7590, -0.0019, 0.8641, 239.39
599, 1044, 48, 40, 0.6000, 14.2913, 8.1278, 11.7550, 0.1800, 218.50
599, 994, 123, 111, 0.7306, 1.7569, 1.7394, 0.2471, 0.4383, 94.83
599, 1007, 66, 86, 0.6806, 0.6052, -0.5778, 0.1801, 0.4083, 167.17
599, 1034, -22, 8, 0.5000, 36.5814, -36.5694, 0.9372, 0.1500, 201.33
599, 1050, -7, 129, 0.6667, 19.0997, -17.0576, 8.5930, 0.4000, 165.33
599, 1005, -15, 100, 0.5222, 44.8166, -44.7533, 2.3803, 0.2611, 145.60
599, 1053, 24, 129, 0.5000, 8.7805, 6.6667, 5.7143, 0.1500, 164.00
600, 996, 121, 50, 1.0000, 1.4474, 1.0229, 1.0241, 1.0000, 136.31
600, 956, 101, 111, 1.0000, 2.5411, 2.5235, 0.2982, 1.0000, 146.49
600, 1023, 42, 28, 0.8722, 1.1249, -1.1249, 0.0001, 0.6106, 213.86
600, 1025, 57, 28, 0.9889, 0.7366, 0.7351, -0.0476, 0.9889, 217.80
600, 1030, 33, 97, 1.0000, 0.7799, 0.7231, 0.2921, 1.0000, 234.76
600, 1032, 15, 123, 0.7111, 35.2158, -13.6503, 32.4626, 0.3556, 171.60
600, 992, 90, 62, 0.6222, 30.5106, 17.8151, 24.7693, 0.3111, 202.60
600, 947, 33, 1, 0.8241, 1.2427, 0.9714, -0.7749, 0.7417, 237.94
600, 994, 124, 112, 0.7881, 1.4321, 1.2430, 0.7112, 0.5517, 93.57
600, 1007, 65, 86, 0.7381, 0.8147, -0.7597, 0.2942, 0.5167, 179.71
600, 1010, 119, 110, 0.5625, 45.8567, 42.8908, 16.2241, 0.2250, 159.00
600, 929, 66, 87, 0.7641, 2.7590, 2.7590, -0.0019, 0.7641, 239.39
600, 1044, 56, 52, 0.5000, 14.2913, 8.1278, 11.7550, 0.1500, 218.50
600, 1050, -24, 137, 0.5667, 19.0997, -17.0576, 8.5930, 0.3400, 165.33
601, 996, 122, 51, 1.0000, 1.4140, 0.9994, 1.0004, 1.0000, 135.21
601, 956, 103, 111, 1.0000, 1.9294, 1.9292, 0.0243, 1.0000, 145.58
601, 1023, 43, 28, 0.9278, 0.3127, 0.3127, 0.0000, 0.7422, 216.00
601, 1030, 34, 97, 1.0000, 0.9987, 0.9987, 0.0036, 1.0000, 235.78
601, 947, 34, 3, 0.8811, 1.5308, 0.9819, 1.1743, 0.8811, 239.65
601, 929, 77, 95, 0.8708, 8.6635, 7.4544, 4.4145, 0.8708, 234.86
601, 1044, 65, 76, 0.6556, 20.3639, 8.3915, 18.5545, 0.2622, 209.12
601, 994, 125, 113, 0.8451, 1.4032, 0.9864, 0.9980, 0.6761, 92.88
601, 1007, 67, 86, 0.7951, 2.0876, 2.0859, 0.0861, 0.6361, 183.12
601, 1054, 29, 105, 0.6000, 4.2443, -1.8711, 3.8095, 0.1800, 201.33
601, 1025, 57, 28, 0.8889, 0.7366, 0.7351, -0.0476, 0.8889, 217.80
601, 1032, 1, 156, 0.6111, 35.2158, -13.6503, 32.4626, 0.3056, 171.60
601, 992, 108, 87, 0.5222, 30.5106, 17.8151, 24.7693, 0.2611, 202.60
602, 996, 123, 52, 1.0000, 1.4095, 0.9965, 0.9967, 1.0000, 133.93
602, 956, 105, 111, 1.0000, 1.8839, 1.8835, -0.0372, 1.0000, 145.31
602, 1025, 45, 29, 1.0000, 6.8234, -6.8027, 0.5312, 1.0000, 220.73
602, 1030, 35, 97, 1.0000, 1.0406, 1.0398, -0.0411, 1.0000, 236.55
602, 974, 65, 59, 0.5625, 46.2274, 21.8085, 40.7597, 0.2250, 199.50
602, 992, 123, 112, 0.6806, 29.8433, 16.3207, 24.9851, 0.4083, 181.33
602, 947, 35, 3, 0.9379, 1.1523, 0.9970, 0.5776, 0.9379, 240.68
602, 929, 78, 102, 0.9274, 6.9544, 2.0016, 6.6602, 0.9274, 225.79
602, 1044, 77, 96, 0.7111, 23.3784, 12.0204, 20.0515, 0.3556, 206.70
602, 994, 127, 114, 0.9019, 2.0066, 1.7153, 1.0412, 0.8117, 93.22
602, 1012, 13, 76, 0.6222, 6.7287, 3.0727, -5.9862, 0.3111, 160.10
602, 1054, 12, 111, 0.6556, 15.8437, -14.8376, 5.5557, 0.2622, 190.25
602, 1015, 45, 3, 0.5625, 25.6349, -6.6331, -24.7619, 0.2250, 198.75
603, 996, 124, 53, 1.0000, 1.4124, 0.9988, 0.9987, 1.0000, 133.56
603, 956, 107, 112, 1.0000, 2.0748, 1.9584, 0.6851, 1.0000, 145.78
603, 1025, 46, 29, 1.0000, 0.3095, 0.2894, 0.1096, 1.0000, 223.25
603, 1030, 35, 97, 1.0000, 0.2647, 0.2641, -0.0168, 1.0000, 237.07
603, 974, 79, 97, 0.6222, 41.6133, 15.2255, 38.7279, 0.3111, 202.20
603, 992, 127, 116, 0.7381, 7.9970, 5.0248, 6.2212, 0.5167, 166.57
603, 947, 36, 3, 0.9944, 1.0031, 1.0015, 0.0575, 0.9944, 241.38
603, 1044, 111, 119, 0.7667, 38.2692, 30.9380, 22.5249, 0.4600, 186.58
603, 1045, 54, 29, 0.6000, 11.2503, 0.9249, -11.2122, 0.1800, 197.33
603, 1012, 12, 52, 0.6806, 23.6725, -0.1953, -23.6717, 0.4083, 169.08
603, 1053, 21, 123, 0.6556, 2.1419, -1.2451, -1.7428, 0.2622, 165.50
603, 1058, 27, 108, 0.6000, 14.0617, 6.6667, -12.3810, 0.1800, 161.00
603, 929, 80, 108, 0.8274, 6.9544, 2.0016, 6.6602, 0.8274, 225.79
603, 994, 129, 115, 0.8019, 2.0066, 1.7153, 1.0412, 0.7217, 93.22
603, 1054, -3, 116, 0.5556, 15.8437, -14.8376, 5.5557, 0.2222, 190.25
604, 996, 125, 54, 1.0000, 1.4142, 1.0000, 1.0000, 1.0000, 133.88
604, 1025, 48, 29, 1.0000, 1.7638, 1.7635, -0.0345, 1.0000, 223.58
604, 1030, 36, 97, 1.0000, 0.6994, 0.6994, -0.0006, 1.0000, 236.76
604, 947, 37, 3, 1.0000, 1.0030, 1.0010, -0.0630, 1.0000, 242.19
604, 929, 78, 124, 0.9837, 11.6384, -0.2121, 11.6365, 0.9837, 218.10
604, 1045, 50, 6, 0.6556, 21.7278, -3.5141, -21.4418, 0.2622, 200.50
604, 994, 127, 113, 0.9583, 0.6481, -0.0857, -0.6424, 0.9583, 91.00
604, 1003, 39, 37, 0.5625, 9.5259, -9.1146, -2.7690, 0.2250, 209.50
604, 1052, 37, 71, 0.6000, 30.8792, 30.2061, 6.4122, 0.1800, 194.33
604, 1053, 22, 124, 0.7111, 0.7906, 0.5892, 0.5272, 0.3556, 162.20
604, 1015, 41, -1, 0.6222, 2.0012, -1.7693, 0.9351, 0.3111, 207.10
604, 1058, 38, 87, 0.6556, 22.7021, 10.8528, -19.9399, 0.2622, 162.50
604, 1059, 52, 79, 0.6000, 26.7221, 15.3053, -21.9048, 0.1800, 225.67
604, 956, 109, 113, 0.9000, 2.0748, 1.9584, 0.6851, 0.9000, 145.78
604, 974, 94, 136, 0.5222, 41.6133, 15.2255, 38.7279, 0.2611, 202.20
605, 996, 126, 55, 1.0000, 1.4145, 1.0002, 1.0002, 1.0000, 133.17
605, 956, 111, 112, 1.0000, 2.0122, 2.0116, 0.0488, 1.0000, 145.32
605, 1025, 49, 30, 1.0000, 1.5389, 1.3061, 0.8138, 1.0000, 225.61
605, 1030, 37, 97, 1.0000, 0.9879, 0.9879, 0.0022, 1.0000, 236.69
605, 982, 78, 100, 0.5625, 48.7212, 44.8314, -19.0762, 0.2250, 162.75
605, 947, 38, 3, 1.0000, 1.0008, 1.0002, -0.0346, 1.0000, 242.86
605, 1045, 37, -2, 0.7111, 15.3574, -12.0935, -9.4657, 0.3556, 204.80
605, 1053, 23, 124, 0.7667, 1.1322, 1.0793, 0.3423, 0.4600, 161.67
605, 1015, 30, 1, 0.6806, 10.4466, -10.3287, 1.5651, 0.4083, 209.75
605, 1057, 76, 79, 0.6000, 45.0080, 42.3467, -15.2473, 0.1800, 178.33
605, 1063, 58, 88, 0.6000, 0.9524, -0.9524, 0.0000, 0.1800, 167.00
605, 1064, 39, 101, 0.6000, 1.8739, 1.8711, 0.1008, 0.1800, 202.33
605, 929, 78, 135, 0.8837, 11.6384, -0.2121, 11.6365, 0.8837, 218.10
605, 994, 127, 112, 0.8583, 0.6481, -0.0857, -0.6424, 0.8583, 91.00
605, 1052, 67, 78, 0.5000, 30.8792, 30.2061, 6.4122, 0.1500, 194.33
605, 1058, 49, 67, 0.5556, 22.7021, 10.8528, -19.9399, 0.2222, 162.50
605, 1059, 67, 57, 0.5000, 26.7221, 15.3053, -21.9048, 0.1500, 225.67
606, 956, 113, 112, 1.0000, 2.0071, 2.0069, -0.0277, 1.0000, 145.33
606, 1030, 38, 97, 1.0000, 1.0403, 1.0403, 0.0010, 1.0000, 237.42
606, 947, 38, 3, 1.0000, 0.2650, 0.2650, -0.0048, 1.0000, 242.80
606, 994, 117, 113, 1.0000, 5.5749, -5.5749, -0.0055, 1.0000, 90.82
606, 1003, 16, 30, 0.6222, 12.1396, -11.5718, -3.6693, 0.3111, 211.60
606, 1052, 81, 99, 0.6556, 25.7610, 21.0122, 14.9035, 0.2622, 194.25
606, 1058, 35, 53, 0.7111, 17.2114, -3.5136, -16.8490, 0.3556, 175.60
606, 1059, 73, 22, 0.6556, 30.6766, 10.3842, -28.8656, 0.2622, 217.25
606, 1063, 43, 70, 0.6556, 20.5223, -13.0683, -15.8236, 0.2622, 173.75
606, 1064, 40, 101, 0.7056, 1.2746, 1.2745, -0.0110, 0.2822, 207.00
606, 1000, 95, 18, 0.5625, 9.4281, -6.6667, 6.6667, 0.2250, 154.50
606, 996, 127, 56, 0.9000, 1.4145, 1.0002, 1.0002, 0.9000, 133.17
606, 929, 78, 147, 0.7837, 11.6384, -0.2121, 11.6365, 0.7837, 218.10
606, 1045, 25, -12, 0.6111, 15.3574, -12.0935, -9.4657, 0.3056, 204.80
606, 1015, 19, 2, 0.5806, 10.4466, -10.3287, 1.5651, 0.3483, 209.75
606, 1057, 119, 64, 0.5000, 45.0080, 42.3467, -15.2473, 0.1500, 178.33
607, 956, 116, 113, 1.0000, 2.7861, 2.7019, 0.6797, 1.0000, 143.97
607, 1030, 38, 97, 1.0000, 0.2837, 0.2837, 0.0001, 1.0000, 238.10
607, 947, 41, 3, 1.0000, 2.1510, 2.1510, 0.0033, 1.0000, 242.44
607, 1003, 6, 21, 0.6806, 13.6022, -10.4698, -8.6836, 0.4083, 210.67
607, 1012, 41, 14, 0.7951, 11.0175, 6.6585, -8.7777, 0.6361, 177.31
607, 1052, 122, 123, 0.7111, 45.7103, 39.3399, 23.2766, 0.3556, 169.80
607, 1059, 93, 7, 0.7111, 24.9441, 18.4578, -16.7785, 0.3556, 205.80
607, 1063, 51, 43, 0.7111, 26.1857, 5.2607, -25.6518, 0.3556, 177.80
607, 1064, 42, 102, 0.7611, 1.9033, 1.7509, 0.7464, 0.3806, 207.20
607, 1000, 94, 19, 0.6222, 2.5608, -1.8107, 1.8107, 0.3111, 155.80
607, 996, 128, 57, 0.8000, 1.4145, 1.0002, 1.0002, 0.8000, 133.17
607, 929, 78, 159, 0.6837, 11.6384, -0.2121, 11.6365, 0.6837, 218.10
608, 956, 117, 113, 1.0000, 1.6725, 1.6406, 0.3249, 1.0000, 143.70
608, 1030, 39, 97, 1.0000, 0.6911, 0.6911, -0.0001, 1.0000, 238.72
608, 947, 42, 4, 1.0000, 1.7640, 1.6064, 0.7288, 1.0000, 243.06
608, 1064, 43, 102, 0.8167, 1.2787, 1.2463, 0.2861, 0.4900, 208.83
608, 1000, 84, 29, 0.6806, 13.2214, -8.9593, 9.7229, 0.4083, 159.83
608, 996, 129, 58, 0.7000, 1.4145, 1.0002, 1.0002, 0.7000, 133.17
608, 929, 77, 170, 0.5837, 11.6384, -0.2121, 11.6365, 0.5837, 218.10
608, 1003, -5, 12, 0.5806, 13.6022, -10.4698, -8.6836, 0.3483, 210.67
609, 956, 120, 113, 1.0000, 2.3949, 2.3945, 0.0426, 1.0000, 142.86
609, 1030, 51, 91, 1.0000, 11.5997, 10.4249, -5.0866, 1.0000, 236.62
609, 947, 33, 10, 1.0000, 9.2965, -7.5866, 5.3729, 1.0000, 243.44
609, 1060, 79, 104, 0.6000, 20.1506, 19.9661, -2.7204, 0.1800, 165.00
609, 1063, 96, 9, 0.8222, 28.1171, 22.4413, -16.9398, 0.5756, 177.43
609, 1064, 44, 103, 0.8722, 1.2463, 0.9860, 0.7622, 0.6106, 210.57
609, 1000, 62, 29, 0.7381, 20.7374, -20.7338, 0.3850, 0.5167, 165.43
609, 1068, 65, 99, 0.6000, 13.5312, 10.4426, 8.6050, 0.1800, 170.83
609, 996, 130, 59, 0.6000, 1.4145, 1.0002, 1.0002, 0.6000, 133.17
610, 956, 121, 113, 1.0000, 1.5724, 1.5721, -0.0344, 1.0000, 142.75
610, 1030, 73, 79, 1.0000, 23.0891, 20.3531, -10.9023, 1.0000, 235.12
610, 1037, 41, 96, 0.6000, 41.4972, 12.5412, 39.5567, 0.1800, 205.67
610, 947, 29, 14, 1.0000, 6.1396, -4.2871, 4.3950, 1.0000, 243.95
610, 1060, 113, 89, 0.6556, 34.7905, 31.9544, -13.7587, 0.2622, 149.58
610, 1064, 46, 103, 0.9278, 1.7336, 1.7147, 0.2553, 0.7422, 214.00
610, 1068, 80, 106, 0.6556, 16.7305, 14.9052, 7.5990, 0.2622, 175.12
610, 996, 131, 60, 0.5000, 1.4145, 1.0002, 1.0002, 0.5000, 133.17
610, 1000, 42, 29, 0.6381, 20.7374, -20.7338, 0.3850, 0.4467, 165.43
611, 956, 123, 114, 1.0000, 1.8409, 1.7211, 0.6533, 1.0000, 142.50
611, 1037, 42, 118, 0.6556, 24.4750, 2.6561, 24.3305, 0.2622, 190.25
611, 995, 100, 9, 0.5625, 7.8260, -7.3396, 2.7157, 0.2250, 159.00
611, 1064, 47, 104, 0.9833, 1.4826, 1.2844, 0.7407, 0.8850, 216.33
611, 1068, 82, 107, 0.7111, 3.7333, 3.3410, 1.6658, 0.3556, 170.90
611, 960, 27, 105, 0.5333, 2.0823, 1.7844, -1.0734, 0.5333, 167.25
611, 1030, 93, 68, 0.9000, 23.0891, 20.3531, -10.9023, 0.9000, 235.12
611, 1060, 145, 75, 0.5556, 34.7905, 31.9544, -13.7587, 0.2222, 149.58
612, 956, 126, 114, 1.0000, 2.6294, 2.6083, 0.3321, 1.0000, 141.09
612, 1030, 102, 66, 1.0000, 14.9792, 13.5903, -6.2993, 1.0000, 232.08
612, 1046, 36, 45, 0.6000, 32.7696, -17.2839, -27.8408, 0.1800, 194.33
612, 995, 82, 7, 0.6222, 15.9394, -15.8743, -1.4392, 0.3111, 163.60
612, 1064, 49, 104, 1.0000, 1.7746, 1.7556, 0.2589, 1.0000, 216.10
612, 1068, 81, 109, 0.7667, 2.0306, -0.8974, 1.8215, 0.4600, 178.58
612, 1037, 44, 142, 0.5556, 24.4750, 2.6561, 24.3305, 0.2222, 190.25
613, 1046, 24, 20, 0.6556, 28.5494, -12.2953, -25.7662, 0.2622, 209.50
613, 1064, 50, 105, 1.0000, 1.4639, 1.2643, 0.7378, 1.0000, 217.09
613, 1065, 49, 9, 0.6000, 39.6201, 20.2504, -34.0540, 0.1800, 205.67
613, 1026, 45, 95, 0.5625, 41.4306, -22.3328, 34.8962, 0.2250, 206.50
613, 956, 128, 114, 0.9000, 2.6294, 2.6083, 0.3321, 0.9000, 141.09
613, 995, 67, 5, 0.5222, 15.9394, -15.8743, -1.4392, 0.2611, 163.60
614, 1064, 51, 106, 1.0000, 1.4133, 0.9949, 1.0038, 1.0000, 217.42
614, 956, 131, 115, 0.8000, 2.6294, 2.6083, 0.3321, 0.8000, 141.09
614, 1046, 12, -6, 0.5556, 28.5494, -12.2953, -25.7662, 0.2222, 209.50
614, 1065, 70, -25, 0.5000, 39.6201, 20.2504, -34.0540, 0.1500, 205.67
615, 1064, 53, 106, 1.0000, 1.7202, 1.6927, 0.3065, 1.0000, 216.15
615, 956, 134, 115, 0.7000, 2.6294, 2.6083, 0.3321, 0.7000, 141.09
616, 1064, 54, 107, 1.0000, 1.4738, 1.2935, 0.7063, 1.0000, 216.21
616, 884, 2, 77, 0.5143, 13.5725, -9.1013, 10.0687, 0.3600, 190.57
616, 1073, 21, 26, 0.6000, 2.2200, -1.0196, 1.9720, 0.1800, 254.00
616, 956, 136, 115, 0.6000, 2.6294, 2.6083, 0.3321, 0.6000, 141.09
617, 1048, 7, 78, 0.6000, 10.8165, 1.9362, -10.6417, 0.1800, 168.33
617, 1064, 56, 108, 1.0000, 2.0022, 1.7451, 0.9816, 1.0000, 217.13
617, 1031, 38, 97, 0.5625, 5.9306, 3.6993, -4.6354, 0.2250, 169.00
617, 1073, 19, 28, 0.7056, 2.6758, -1.7583, 2.0170, 0.2822, 253.50
617, 956, 139, 116, 0.5000, 2.6294, 2.6083, 0.3321, 0.5000, 141.09
618, 1048, 9, 59, 0.6556, 18.0692, 2.0301, -17.9548, 0.2622, 178.50
618, 1064, 57, 109, 1.0000, 1.6458, 1.2773, 1.0379, 1.0000, 217.44
618, 1031, 41, 96, 0.6222, 3.9860, 3.3723, -2.1251, 0.3111, 170.80
618, 1073, 17, 30, 0.7611, 2.8630, -2.0389, 2.0099, 0.3806, 253.80
618, 1075, 48, 51, 0.6000, 36.2707, -1.8375, 36.2241, 0.1800, 207.17
619, 1061, 68, 63, 0.6000, 23.7695, -6.6575, 22.8182, 0.1800, 201.33
619, 1064, 59, 109, 1.0000, 1.7489, 1.7228, 0.3012, 1.0000, 216.56
619, 1031, 47, 99, 0.6806, 6.0605, 5.3346, 2.8761, 0.4083, 184.00
619, 1073, 16, 31, 0.8167, 1.7840, -1.2856, 1.2368, 0.4900, 249.42
619, 1075, 66, 80, 0.6556, 33.8279, 15.2989, 30.1707, 0.2622, 198.12
619, 1048, 11, 41, 0.5556, 18.0692, 2.0301, -17.9548, 0.2222, 178.50
620, 1048, 7, 34, 0.7111, 12.1249, -1.3105, -12.0538, 0.3556, 182.80
620, 1061, 50, 98, 0.6556, 37.6581, -16.9826, 33.6114, 0.2622, 214.25
620, 1064, 60, 110, 1.0000, 1.4486, 1.2773, 0.6833, 1.0000, 216.25
620, 1031, 49, 104, 0.7381, 5.0253, 2.3074, 4.4642, 0.5167, 180.29
620, 1073, 14, 34, 0.8722, 3.0059, -1.7197, 2.4654, 0.6106, 249.93
620, 1075, 78, 107, 0.7111, 30.5037, 12.7180, 27.7260, 0.3556, 185.50
621, 1064, 62, 111, 1.0000, 1.9736, 1.7191, 0.9694, 1.0000, 214.03
621, 1073, 13, 36, 0.9278, 2.6056, -1.2388, 2.2923, 0.7422, 250.31
621, 1040, 71, 31, 0.5625, 29.4459, -25.1736, 15.2757, 0.2250, 184.50
621, 1061, 33, 132, 0.5556, 37.6581, -16.9826, 33.6114, 0.2222, 214.25
621, 1031, 51, 108, 0.6381, 5.0253, 2.3074, 4.4642, 0.4467, 180.29
621, 1075, 91, 135, 0.6111, 30.5037, 12.7180, 27.7260, 0.3056, 185.50
622, 1064, 63, 112, 1.0000, 1.6497, 1.2828, 1.0372, 1.0000, 214.57
622, 1073, 11, 39, 0.9833, 3.2959, -1.7405, 2.7989, 0.8850, 250.61
622, 1040, 49, 60, 0.6222, 35.9169, -23.0231, 27.5675, 0.3111, 190.20
622, 955, 34, 97, 0.5250, 35.4306, 20.9524, 28.5714, 0.3150, 191.50
622, 1082, 68, 36, 0.6000, 43.9026, 40.0000, -18.0952, 0.1800, 207.67
622, 1084, 17, 126, 0.6000, 34.1470, -20.0336, 27.6527, 0.1800, 180.33
622, 1031, 53, 113, 0.5381, 5.0253, 2.3074, 4.4642, 0.3767, 180.29
622, 1075, 104, 163, 0.5111, 30.5037, 12.7180, 27.7260, 0.2556, 185.50
623, 1064, 65, 113, 1.0000, 1.9966, 1.7151, 1.0221, 1.0000, 212.69
623, 1073, 10, 41, 1.0000, 2.6027, -1.2612, 2.2767, 1.0000, 250.75
623, 1040, 48, 77, 0.6806, 18.3051, -2.8852, 18.0763, 0.4083, 190.00
623, 955, 51, 105, 0.5841, 20.1213, 16.9935, 10.7744, 0.4089, 200.57
623, 1082, 113, 9, 0.6556, 51.4062, 44.7722, -25.2595, 0.2622, 196.50
623, 1084, -3, 154, 0.5000, 34.1470, -20.0336, 27.6527, 0.1500, 180.33
624, 1064, 66, 114, 1.0000, 1.6325, 1.2871, 1.0042, 1.0000, 212.30
624, 1031, 41, 124, 0.7951, 6.1251, -3.1427, 5.2574, 0.6361, 176.50
624, 1073, 8, 43, 1.0000, 2.6449, -1.7388, 1.9930, 1.0000, 250.86
624, 955, 53, 104, 0.6424, 4.2730, 4.2666, 0.2329, 0.5139, 207.12
624, 1081, 54, 13, 0.6000, 27.7485, 25.1682, 11.6852, 0.1800, 201.67
624, 1085, 123, 34, 0.6000, 41.6820, 40.9860, 7.5854, 0.1800, 163.00
624, 1082, 158, -16, 0.5556, 51.4062, 44.7722, -25.2595, 0.2222, 196.50
625, 1064, 68, 114, 1.0000, 1.7377, 1.7108, 0.3046, 1.0000, 213.15
625, 1073, 7, 45, 1.0000, 2.3288, -1.2647, 1.9554, 1.0000, 250.96
625, 1042, 64, 116, 0.5625, 28.7775, 22.0923, 18.4410, 0.2250, 168.50
625, 1081, 78, 24, 0.6556, 26.8350, 24.4014, 11.1664, 0.2622, 196.25
625, 1085, 164, 41, 0.5000, 41.6820, 40.9860, 7.5854, 0.1500, 163.00
626, 1064, 69, 115, 1.0000, 1.4536, 1.2913, 0.6673, 1.0000, 212.44
626, 1073, 6, 48, 1.0000, 2.8949, -0.9981, 2.7174, 1.0000, 250.96
626, 1002, 118, 7, 0.5237, 0.1408, 0.1222, -0.0698, 0.5237, 148.42
626, 1081, 96, 50, 0.7111, 30.9569, 18.6516, 24.7072, 0.3556, 187.60
626, 952, 78, 24, 0.5250, 21.7220, -19.7750, 8.9886, 0.3150, 161.50
627, 1064, 71, 116, 1.0000, 1.9564, 1.7066, 0.9565, 1.0000, 211.54
627, 973, 16, 126, 0.5400, 34.7335, 2.8873, 34.6133, 0.2700, 164.40
627, 1073, 6, 49, 1.0000, 1.5956, -0.2278, 1.5792, 1.0000, 249.07
627, 1076, 87, 43, 0.6000, 2.9392, 0.9476, 2.7823, 0.1800, 190.00
627, 955, 58, 100, 0.8141, 1.1428, 0.8039, 0.8122, 0.8141, 196.09
627, 1090, 29, 102, 0.7056, 2.7137, -2.2568, 1.5070, 0.2822, 185.00
627, 1081, 115, 75, 0.6111, 30.9569, 18.6516, 24.7072, 0.3056, 187.60
628, 1064, 72, 117, 1.0000, 1.6584, 1.2955, 1.0353, 1.0000, 211.48
628, 973, 16, 131, 0.6000, 9.5150, 0.7889, 9.4822, 0.3600, 168.33
628, 1073, 3, 52, 1.0000, 3.2309, -2.1230, 2.4355, 1.0000, 249.20
628, 1076, 92, 48, 0.6556, 6.6653, 4.8126, 4.6115, 0.2622, 185.25
628, 1090, 18, 112, 0.7111, 13.9882, -10.7490, 8.9515, 0.3556, 182.20
628, 1055, 68, 117, 0.5625, 19.5658, 14.3193, 13.3333, 0.2250, 222.00
629, 1064, 74, 118, 1.0000, 1.9871, 1.7024, 1.0249, 1.0000, 212.17
629, 1073, 2, 54, 1.0000, 2.7689, -1.6074, 2.2545, 1.0000, 249.12
629, 1051, 27, 103, 0.5625, 1.3179, -0.9210, 0.9427, 0.2250, 168.25
629, 1017, 87, 27, 0.5400, 26.8028, 21.1073, 16.5188, 0.2700, 185.40
629, 1055, 92, 111, 0.6222, 22.9329, 22.7141, -3.1601, 0.3111, 200.40
629, 973, 17, 141, 0.5000, 9.5150, 0.7889, 9.4822, 0.3000, 168.33
629, 1076, 97, 52, 0.5556, 6.6653, 4.8126, 4.6115, 0.2222, 185.25
629, 1090, 7, 121, 0.6111, 13.9882, -10.7490, 8.9515, 0.3056, 182.20
630, 1064, 75, 118, 1.0000, 1.3415, 1.2996, 0.3327, 1.0000, 210.62
630, 1073, 1, 57, 1.0000, 2.9688, -1.0899, 2.7615, 1.0000, 246.79
630, 1051, 26, 104, 0.6722, 1.4558, -1.0339, 1.0249, 0.3361, 168.00
630, 1017, 94, 41, 0.6000, 17.2834, 9.1705, 14.6499, 0.3600, 183.83
630, 1095, 92, 15, 0.6556, 6.0750, -6.0280, 0.7535, 0.2622, 181.75
630, 1090, -4, 129, 0.5111, 13.9882, -10.7490, 8.9515, 0.2556, 182.20
630, 1055, 114, 108, 0.5222, 22.9329, 22.7141, -3.1601, 0.2611, 200.40
631, 1064, 77, 119, 1.0000, 1.8218, 1.6984, 0.6590, 1.0000, 210.53
631, 1073, 0, 58, 1.0000, 1.8436, -0.9435, 1.5839, 1.0000, 247.25
631, 1051, 25, 104, 0.7306, 1.0538, -1.0228, 0.2537, 0.4383, 168.83
631, 1017, 94, 43, 0.6587, 3.2757, 0.5984, 3.2206, 0.4611, 182.71
631, 1055, 115, 110, 0.6806, 10.0033, 10.0026, -0.1141, 0.4083, 180.83
631, 1093, 53, 19, 0.6000, 19.6595, 17.0138, 9.8501, 0.1800, 203.33
631, 1095, 78, 21, 0.7111, 14.0706, -12.8991, 5.6211, 0.3556, 195.90
632, 1064, 79, 120, 1.0000, 2.1834, 1.9692, 0.9433, 1.0000, 210.05
632, 1073, 0, 60, 1.0000, 1.7092, -0.2501, 1.6908, 1.0000, 247.66
632, 1017, 97, 44, 0.7167, 3.7448, 3.4785, 1.3871, 0.5733, 180.25
632, 1093, 85, 39, 0.6556, 34.8105, 29.6280, 18.2743, 0.2622, 215.75
632, 1095, 62, 32, 0.7667, 19.3328, -16.2703, 10.4419, 0.4600, 196.58
632, 1051, 24, 104, 0.6306, 1.0538, -1.0228, 0.2537, 0.3783, 168.83
633, 1064, 80, 121, 1.0000, 1.7194, 1.3759, 1.0311, 1.0000, 209.47
633, 1073, 5, 69, 1.0000, 8.6973, 4.2745, 7.5744, 1.0000, 244.88
633, 1086, 85, 22, 0.6000, 22.0682, 20.4227, 8.3617, 0.1800, 185.00
633, 1089, 20, 71, 0.6000, 14.8501, 1.8419, -14.7355, 0.1800, 183.33
633, 1095, 52, 39, 0.8222, 12.5644, -10.4431, 6.9862, 0.5756, 204.93
633, 1099, 61, 33, 0.6000, 4.0169, -2.8235, 2.8571, 0.1800, 216.00
633, 1051, 23, 105, 0.5306, 1.0538, -1.0228, 0.2537, 0.3183, 168.83
633, 1093, 114, 57, 0.5556, 34.8105, 29.6280, 18.2743, 0.2222, 215.75
634, 1064, 82, 122, 1.0000, 1.9691, 1.6804, 1.0264, 1.0000, 208.73
634, 980, 71, 72, 0.5400, 22.8227, 8.6470, -21.1212, 0.2700, 167.60
634, 1051, 21, 106, 0.7881, 1.5706, -1.4048, 0.7024, 0.5517, 169.43
634, 1086, 116, 18, 0.6556, 30.4054, 30.2710, -2.8564, 0.2622, 171.50
634, 1089, 20, 68, 0.6556, 4.4315, 0.5497, -4.3973, 0.2622, 186.50
634, 1095, 44, 47, 0.8778, 11.6800, -8.4908, 8.0206, 0.7022, 210.94
634, 1099, 61, 33, 0.7056, 1.1001, -0.7797, 0.7760, 0.2822, 212.00
634, 1104, 99, 14, 0.6000, 2.9054, 2.7563, -0.9188, 0.1800, 161.33
634, 1073, 9, 76, 0.9000, 8.6973, 4.2745, 7.5744, 0.9000, 244.88
635, 1064, 84, 122, 1.0000, 1.9762, 1.9442, 0.3545, 1.0000, 208.24
635, 1001, 118, 16, 0.5625, 12.3294, 8.7159, 8.7205, 0.2250, 143.50
635, 980, 79, 41, 0.6000, 30.3896, 8.4098, -29.2028, 0.3600, 174.00
635, 1073, 19, 84, 1.0000, 10.5318, 7.1964, 7.6896, 1.0000, 242.21
635, 1051, 20, 107, 0.8451, 1.4496, -1.0882, 0.9577, 0.6761, 170.00
635, 1086, 127, 12, 0.7111, 14.3338, 13.0376, -5.9564, 0.3556, 163.10
635, 1089, 30, 55, 0.7111, 15.1679, 8.3539, -12.6601, 0.3556, 191.20
635, 1095, 36, 55, 0.9333, 11.3067, -7.8310, 8.1558, 0.8400, 215.67
635, 1102, 53, 105, 0.6000, 41.9298, 35.9545, -21.5727, 0.1800, 172.67
635, 1104, 99, 14, 0.7056, 0.8296, 0.7871, -0.2624, 0.2822, 159.00
635, 1099, 60, 34, 0.6056, 1.1001, -0.7797, 0.7760, 0.2422, 212.00
636, 1064, 86, 122, 1.0000, 2.0283, 2.0283, 0.0023, 1.0000, 206.51
636, 1001, 127, 28, 0.6222, 15.1988, 9.1344, 12.1476, 0.3111, 142.60
636, 980, 88, 14, 0.6587, 29.1692, 8.8297, -27.8007, 0.4611, 172.43
636, 1073, 30, 90, 1.0000, 12.6236, 10.8293, 6.4872, 1.0000, 239.16
636, 1076, 107, 83, 0.7111, 4.3860, 0.6585, 4.3363, 0.3556, 171.40
636, 1051, 19, 108, 0.9019, 1.4169, -0.9817, 1.0217, 0.8117, 172.56
636, 1095, 28, 65, 0.9889, 12.3976, -7.8639, 9.5844, 0.9889, 216.90
636, 1102, 78, 78, 0.6556, 37.1361, 26.1751, -26.3431, 0.2622, 183.25
636, 1066, 93, 42, 0.5625, 5.3933, 0.0334, 5.3932, 0.2250, 188.50
636, 1104, 99, 14, 0.7611, 0.0738, -0.0700, 0.0233, 0.3806, 159.80
636, 1069, 68, 14, 0.5625, 0.9188, 0.9188, 0.0000, 0.2250, 187.00
636, 1086, 140, 6, 0.6111, 14.3338, 13.0376, -5.9564, 0.3056, 163.10
636, 1089, 38, 42, 0.6111, 15.1679, 8.3539, -12.6601, 0.3056, 191.20
636, 1099, 59, 35, 0.5056, 1.1001, -0.7797, 0.7760, 0.2022, 212.00
637, 1064, 87, 124, 1.0000, 1.8470, 1.3795, 1.2281, 1.0000, 206.90
637, 1073, 32, 99, 1.0000, 8.6196, 3.0041, 8.0792, 1.0000, 236.02
637, 1080, 10, 24, 0.6000, 22.4137, -22.0836, -3.8323, 0.1800, 205.00
637, 1051, 17, 108, 0.9583, 1.7514, -1.7315, 0.2635, 0.9583, 172.45
637, 1095, 18, 73, 1.0000, 12.8031, -9.5005, 8.5824, 1.0000, 220.36
637, 1066, 95, 43, 0.6222, 2.2339, 1.5095, 1.6467, 0.3111, 201.20
637, 1104, 99, 14, 0.8167, 0.1490, -0.1413, 0.0471, 0.4900, 160.33
637, 1069, 53, 10, 0.6222, 13.1007, -12.5472, -3.7675, 0.3111, 189.40
637, 1001, 136, 41, 0.5222, 15.1988, 9.1344, 12.1476, 0.2611, 142.60
637, 980, 97, -14, 0.5587, 29.1692, 8.8297, -27.8007, 0.3911, 172.43
637, 1102, 104, 51, 0.5556, 37.1361, 26.1751, -26.3431, 0.2222, 183.25
638, 1064, 90, 126, 1.0000, 3.0153, 2.3002, 1.9496, 1.0000, 205.58
638, 1051, 7, 107, 0.9646, 9.5531, -9.5201, -0.7933, 0.9646, 172.05
638, 1095, 9, 81, 1.0000, 12.3050, -9.3569, 7.9913, 1.0000, 223.08
638, 1099, 66, 51, 0.7111, 5.8312, 1.9651, 5.4901, 0.3556, 209.60
638, 1066, 97, 42, 0.7306, 2.0819, 2.0792, -0.1059, 0.4383, 210.17
638, 1069, 16, 1, 0.6806, 35.4703, -34.4968, -8.2528, 0.4083, 193.83
638, 1115, 110, 81, 0.6000, 54.0513, 13.3333, 52.3810, 0.1800, 147.33
638, 1121, 71, 90, 0.6000, 3.0755, 2.9244, -0.9524, 0.1800, 165.67
638, 1073, 35, 107, 0.9000, 8.6196, 3.0041, 8.0792, 0.9000, 236.02
638, 1080, -12, 20, 0.5000, 22.4137, -22.0836, -3.8323, 0.1500, 205.00
638, 1104, 99, 14, 0.7167, 0.1490, -0.1413, 0.0471, 0.4300, 160.33
639, 1064, 91, 126, 1.0000, 1.6540, 1.6417, 0.2017, 1.0000, 206.10
639, 1077, 20, 113, 0.6000, 5.4586, 3.8569, 3.8627, 0.1800, 172.00
639, 1051, 5, 107, 1.0000, 2.1153, -2.0846, -0.3594, 1.0000, 173.88
639, 1095, 1, 90, 1.0000, 12.0061, -8.2994, 8.6756, 1.0000, 223.27
639, 1066, 98, 43, 0.7881, 1.4223, 1.3374, 0.4840, 0.5517, 211.57
639, 1112, 112, 10, 0.6000, 35.6892, 24.2693, -26.1672, 0.1800, 168.33
639, 1116, 108, 81, 0.6000, 47.9361, 28.4490, 38.5814, 0.1800, 174.67
639, 1121, 73, 90, 0.7056, 2.2903, 2.2757, -0.2587, 0.2822, 164.25
639, 1073, 38, 115, 0.8000, 8.6196, 3.0041, 8.0792, 0.8000, 236.02
639, 1104, 99, 14, 0.6167, 0.1490, -0.1413, 0.0471, 0.3700, 160.33
639, 1069, -18, -7, 0.5806, 35.4703, -34.4968, -8.2528, 0.3483, 193.83
639, 1115, 123, 134, 0.5000, 54.0513, 13.3333, 52.3810, 0.1500, 147.33
640, 1064, 93, 126, 1.0000, 1.7866, 1.7456, 0.3805, 1.0000, 206.55
640, 1051, 7, 107, 1.0000, 1.3435, 1.3432, -0.0253, 1.0000, 172.73
640, 1098, 13, 109, 0.6000, 1.2920, -0.9181, -0.9091, 0.1800, 165.83
640, 1066, 100, 43, 0.8451, 1.7470, 1.7355, 0.2002, 0.6761, 214.00
640, 745, 17, 29, 0.5495, 28.8276, -28.6674, 3.0343, 0.5495, 160.82
640, 1121, 73, 90, 0.7611, 0.4546, 0.4537, 0.0291, 0.3806, 163.60
640, 978, 7, 70, 0.5250, 14.3152, -14.2857, -0.9188, 0.3150, 194.67
640, 1073, 41, 123, 0.7000, 8.6196, 3.0041, 8.0792, 0.7000, 236.02
640, 1077, 24, 117, 0.5000, 5.4586, 3.8569, 3.8627, 0.1500, 172.00
640, 1095, -8, 99, 0.9000, 12.0061, -8.2994, 8.6756, 0.9000, 223.27
640, 1104, 99, 14, 0.5167, 0.1490, -0.1413, 0.0471, 0.3100, 160.33
640, 1112, 136, -16, 0.5000, 35.6892, 24.2693, -26.1672, 0.1500, 168.33
640, 1116, 137, 119, 0.5000, 47.9361, 28.4490, 38.5814, 0.1500, 174.67
641, 1064, 94, 127, 1.0000, 1.5249, 1.2952, 0.8048, 1.0000, 206.43
641, 1051, 11, 110, 1.0000, 4.8974, 3.8460, 3.0319, 1.0000, 172.54
641, 1095, 8, 108, 1.0000, 10.5923, 5.4101, 9.1065, 1.0000, 220.04
641, 1098, 26, 102, 0.6556, 12.7862, 11.0990, -6.3481, 0.2622, 165.62
641, 1066, 101, 44, 0.9019, 1.4525, 1.2317, 0.7698, 0.8117, 215.44
641, 1104, 98, 14, 0.8722, 0.2870, -0.2867, -0.0125, 0.6106, 162.00
641, 1073, 44, 131, 0.6000, 8.6196, 3.0041, 8.0792, 0.6000, 236.02
641, 1121, 74, 90, 0.6611, 0.4546, 0.4537, 0.0291, 0.3306, 163.60
642, 1064, 96, 127, 1.0000, 1.6945, 1.6510, 0.3813, 1.0000, 207.32
642, 1079, 88, 4, 0.6000, 0.9673, 0.9673, -0.0033, 0.1800, 223.67
642, 1051, 13, 112, 1.0000, 2.3945, 1.3517, 1.9765, 1.0000, 172.70
642, 1098, 59, 88, 0.7111, 33.4872, 30.9043, -12.8965, 0.3556, 167.10
642, 1066, 103, 44, 0.9583, 1.7651, 1.7451, 0.2648, 0.9583, 217.10
642, 1109, 10, 4, 0.6000, 15.8413, -15.4321, 3.5772, 0.1800, 211.33
642, 1121, 77, 89, 0.8167, 2.0398, 1.9710, -0.5254, 0.4900, 165.50
642, 978, 1, 56, 0.5841, 7.7201, -1.8434, -7.4968, 0.4089, 195.29
642, 1073, 47, 139, 0.5000, 8.6196, 3.0041, 8.0792, 0.5000, 236.02
643, 1079, 90, 4, 0.7056, 1.7694, 1.7694, 0.0015, 0.2822, 225.50
643, 928, 28, 2, 0.5143, 42.5471, 2.8883, -42.4489, 0.3600, 207.29
643, 1098, 99, 79, 0.7667, 39.5699, 38.4509, -9.3440, 0.4600, 157.58
643, 1101, 15, 65, 0.6000, 31.8908, 0.9372, -31.8770, 0.1800, 170.67
643, 1066, 105, 45, 1.0000, 2.1508, 2.0147, 0.7528, 1.0000, 215.91
643, 1123, 25, 51, 0.6000, 5.7113, -5.3989, -1.8630, 0.1800, 203.67
643, 1071, 103, 62, 0.5625, 54.5188, 29.4419, 45.8855, 0.2250, 192.75
643, 1064, 98, 128, 0.9000, 1.6945, 1.6510, 0.3813, 0.9000, 207.32
643, 1109, -5, 7, 0.5000, 15.8413, -15.4321, 3.5772, 0.1500, 211.33
643, 1121, 79, 89, 0.7167, 2.0398, 1.9710, -0.5254, 0.4300, 165.50
644, 1064, 104, 119, 1.0000, 6.0715, 4.0392, -4.5330, 1.0000, 204.95
644, 1077, 36, 127, 0.6556, 3.9304, 3.0307, 2.5027, 0.2622, 164.00
644, 1079, 91, 4, 0.7611, 1.2853, 1.2853, 0.0010, 0.3806, 230.00
644, 1101, 27, 10, 0.6556, 52.7407, 10.8735, -51.6076, 0.2622, 181.25
644, 1066, 107, 45, 1.0000, 2.0579, 2.0428, 0.2489, 1.0000, 216.58
644, 1109, 8, 4, 0.6556, 0.5754, 0.5659, -0.1045, 0.2622, 212.50
644, 1121, 92, 77, 0.8222, 10.5489, 8.1917, -6.6465, 0.5756, 163.29
644, 1071, 117, 112, 0.6222, 52.2386, 16.0988, 49.6961, 0.3111, 171.20
644, 1123, 20, 49, 0.5000, 5.7113, -5.3989, -1.8630, 0.1500, 203.67
645, 1079, 93, 4, 0.8167, 1.7611, 1.7611, 0.0002, 0.4900, 233.33
645, 1066, 108, 46, 1.0000, 1.4596, 1.2540, 0.7468, 1.0000, 218.69
645, 1070, 10, 89, 0.5625, 22.1809, 5.6023, 21.4618, 0.2250, 185.00
645, 1109, 5, 3, 0.7111, 3.1118, -2.9455, -1.0035, 0.3556, 214.80
645, 1121, 97, 64, 0.8778, 14.0919, 6.0335, -12.7349, 0.7022, 163.25
645, 964, 107, 116, 0.5250, 37.1463, -9.0192, 36.0347, 0.3150, 132.17
645, 1128, 98, 23, 0.6000, 21.5893, 16.6315, -13.7657, 0.1800, 187.33
645, 1064, 108, 114, 0.9000, 6.0715, 4.0392, -4.5330, 0.9000, 204.95
645, 1077, 39, 130, 0.5556, 3.9304, 3.0307, 2.5027, 0.2222, 164.00
645, 1101, 38, -41, 0.5556, 52.7407, 10.8735, -51.6076, 0.2222, 181.25
645, 1071, 133, 162, 0.5222, 52.2386, 16.0988, 49.6961, 0.2611, 171.20
646, 1079, 94, 4, 0.8722, 1.2513, 1.2513, -0.0001, 0.6106, 233.86
646, 1066, 109, 45, 1.0000, 1.0732, 0.9458, -0.5072, 1.0000, 217.00
646, 996, 86, 36, 0.5192, 26.9065, -15.7599, -21.8080, 0.5192, 241.18
646, 1128, 119, 4, 0.6556, 27.6755, 20.6803, -18.3918, 0.2622, 174.50
646, 1039, 27, 47, 0.5400, 43.0002, -1.9048, -42.9580, 0.2700, 177.60
646, 1135, 7, 71, 0.6000, 34.8250, -5.7143, -34.3529, 0.1800, 176.33
646, 1137, 77, 113, 0.6000, 49.6397, 49.5574, -2.8571, 0.1800, 142.67
646, 1064, 112, 110, 0.8000, 6.0715, 4.0392, -4.5330, 0.8000, 204.95
647, 1064, 123, 87, 1.0000, 13.7042, 6.8176, -11.8880, 1.0000, 202.16
647, 1079, 96, 4, 0.9278, 1.7432, 1.7432, -0.0001, 0.7422, 235.38
647, 1066, 112, 47, 1.0000, 2.7336, 2.4538, 1.2048, 1.0000, 218.33
647, 1120, 31, 94, 0.6000, 29.4531, 28.9139, 5.6099, 0.1800, 174.67
647, 1132, 122, 10, 0.6556, 19.7786, 18.8376, 6.0280, 0.2622, 148.00
647, 1135, 23, 38, 0.6556, 35.7721, 12.7645, -33.4172, 0.2622, 183.00
647, 1137, 112, 120, 0.6556, 37.1791, 36.8062, 5.2520, 0.2622, 130.75
647, 1143, 83, 87, 0.6000, 49.9705, 49.5238, -6.6667, 0.1800, 168.83
647, 1128, 140, -15, 0.5556, 27.6755, 20.6803, -18.3918, 0.2222, 174.50
648, 1079, 98, 5, 0.9833, 2.1445, 2.0084, 0.7518, 0.8850, 237.33
648, 1066, 114, 47, 1.0000, 2.3980, 2.3340, 0.5504, 1.0000, 216.75
648, 1070, 14, 120, 0.6222, 8.2052, 0.5933, 8.1837, 0.3111, 179.20
648, 1120, 84, 89, 0.6556, 49.4873, 49.3503, -3.6798, 0.2622, 175.50
648, 1123, 1, 56, 0.6556, 5.0997, -4.7417, 1.8772, 0.2622, 216.06
648, 978, 26, 38, 0.6424, 6.4254, 6.2430, -1.5199, 0.5139, 196.25
648, 1132, 127, 12, 0.7111, 7.2487, 6.9038, 2.2092, 0.3556, 143.20
648, 1143, 126, 85, 0.6556, 43.6668, 43.5915, -2.5643, 0.2622, 147.88
648, 1047, 89, 51, 0.5400, 28.0439, 4.8627, -27.6190, 0.2700, 175.40
648, 1135, 36, 4, 0.5556, 35.7721, 12.7645, -33.4172, 0.2222, 183.00
648, 1137, 149, 125, 0.5556, 37.1791, 36.8062, 5.2520, 0.2222, 130.75
649, 1079, 99, 4, 1.0000, 1.3687, 1.2938, -0.4465, 1.0000, 233.35
649, 1056, 5, 54, 0.5625, 33.8747, -4.7902, 33.5343, 0.2250, 214.17
649, 1066, 115, 48, 1.0000, 1.5373, 1.3190, 0.7896, 1.0000, 215.65
649, 1108, 1, 119, 0.6000, 21.8043, -21.8043, -0.0085, 0.1800, 150.67
649, 1120, 123, 110, 0.7111, 44.3514, 40.2997, 18.5199, 0.3556, 155.60
649, 1124, 71, 110, 0.6000, 0.9098, 0.9098, 0.0000, 0.1800, 199.33
649, 1047, 103, 21, 0.6000, 31.9374, 12.5849, -29.3533, 0.3600, 173.33
649, 1070, 15, 129, 0.5222, 8.2052, 0.5933, 8.1837, 0.2611, 179.20
649, 1123, -4, 58, 0.5556, 5.0997, -4.7417, 1.8772, 0.2222, 216.06
649, 1132, 134, 14, 0.6111, 7.2487, 6.9038, 2.2092, 0.3056, 143.20
649, 1143, 170, 83, 0.5556, 43.6668, 43.5915, -2.5643, 0.2222, 147.88
650, 1079, 101, 5, 1.0000, 1.7701, 1.7120, 0.4498, 1.0000, 234.23
650, 1056, 10, 97, 0.6222, 41.8440, 3.2079, 41.7209, 0.3111, 203.93
650, 1066, 117, 48, 1.0000, 1.6905, 1.6736, 0.2384, 1.0000, 215.33
650, 1124, 72, 112, 0.7056, 1.8379, 1.0394, 1.5157, 0.2822, 192.67
650, 1138, 37, 122, 0.7056, 3.8970, 3.2376, 2.1690, 0.2822, 145.25
650, 1047, 106, 17, 0.6587, 8.5936, 4.7434, -7.1658, 0.4611, 170.00
650, 1072, 122, 115, 0.5625, 10.8915, 8.6387, -6.6331, 0.2250, 88.75
650, 1083, 7, 115, 0.5625, 13.6055, -12.3473, 5.7143, 0.2250, 170.75
650, 1108, -21, 119, 0.5000, 21.8043, -21.8043, -0.0085, 0.1500, 150.67
650, 1120, 163, 128, 0.6111, 44.3514, 40.2997, 18.5199, 0.3056, 155.60
650, 1132, 141, 16, 0.5111, 7.2487, 6.9038, 2.2092, 0.2556, 143.20
651, 1079, 102, 5, 1.0000, 1.2740, 1.2487, 0.2524, 1.0000, 235.71
651, 1066, 119, 49, 1.0000, 2.0953, 1.9683, 0.7183, 1.0000, 215.47
651, 1124, 78, 115, 0.7111, 6.2855, 5.6045, 2.8457, 0.3556, 178.53
651, 1138, 67, 113, 0.7111, 29.4426, 28.3225, -8.0439, 0.3556, 161.80
651, 1151, 123, 44, 0.6000, 49.9618, 40.9860, 28.5714, 0.1800, 162.00
651, 1056, 13, 138, 0.5222, 41.8440, 3.2079, 41.7209, 0.2611, 203.93
652, 1079, 104, 5, 1.0000, 1.7309, 1.7305, 0.0369, 1.0000, 236.35
652, 1066, 121, 49, 1.0000, 2.0534, 2.0364, 0.2633, 1.0000, 215.70
652, 1138, 88, 106, 0.7667, 22.7611, 21.6125, -7.1392, 0.4600, 154.67
652, 1047, 106, 21, 0.7741, 1.6339, 0.0654, 1.6325, 0.6967, 165.11
652, 1155, 11, 53, 0.6000, 2.0544, 1.8375, -0.9188, 0.1800, 235.33
652, 1124, 84, 118, 0.6111, 6.2855, 5.6045, 2.8457, 0.3056, 178.53
652, 1151, 164, 73, 0.5000, 49.9618, 40.9860, 28.5714, 0.1500, 162.00
653, 1077, 52, 122, 0.7611, 2.0878, 1.3535, -1.5896, 0.3806, 159.20
653, 1079, 106, 5, 1.0000, 2.0015, 2.0013, -0.0231, 1.0000, 233.14
653, 1066, 123, 50, 1.0000, 2.1487, 2.0202, 0.7319, 1.0000, 215.71
653, 1131, 3, 11, 0.6000, 26.8524, -24.8769, 10.1089, 0.1800, 228.42
653, 1147, 80, 75, 0.6000, 40.7058, -5.3728, 40.3497, 0.1800, 172.67
653, 1087, 28, 107, 0.5625, 39.2797, -23.8605, 31.2021, 0.2250, 186.25
653, 1155, 14, 52, 0.7056, 2.9647, 2.7852, -1.0159, 0.2822, 231.58
653, 1124, 89, 120, 0.5111, 6.2855, 5.6045, 2.8457, 0.2556, 178.53
653, 1138, 110, 99, 0.6667, 22.7611, 21.6125, -7.1392, 0.4000, 154.67
654, 1077, 42, 98, 0.7667, 25.8891, -9.9383, -23.9055, 0.4600, 161.67
654, 1079, 110, 6, 1.0000, 3.5671, 3.4956, 0.7110, 1.0000, 227.60
654, 1066, 125, 50, 1.0000, 2.0215, 2.0030, 0.2726, 1.0000, 213.11
654, 1107, 98, 85, 0.6000, 25.0097, 9.6167, -23.0869, 0.1800, 118.33
654, 1147, 75, 113, 0.6556, 38.6453, -4.7110, 38.3570, 0.2622, 185.50
654, 1155, 16, 51, 0.7611, 2.5227, 2.3089, -1.0164, 0.3806, 236.27
654, 1158, 109, 20, 0.6000, 25.2486, 24.7955, 4.7619, 0.1800, 170.33
654, 1162, 29, 109, 0.6000, 43.8377, -43.7423, -2.8908, 0.1800, 189.00
654, 1131, -22, 21, 0.5000, 26.8524, -24.8769, 10.1089, 0.1500, 228.42
654, 1138, 131, 92, 0.5667, 22.7611, 21.6125, -7.1392, 0.3400, 154.67
655, 1079, 112, 13, 1.0000, 6.6426, 2.6482, 6.0918, 1.0000, 222.12
655, 1066, 127, 51, 1.0000, 2.1261, 1.9982, 0.7264, 1.0000, 212.33
655, 1106, 40, 122, 0.6000, 2.1528, 1.9256, 0.9628, 0.1800, 147.67
655, 1117, 44, 14, 0.6000, 51.2989, -27.7888, -43.1203, 0.1800, 198.33
655, 1124, 90, 108, 0.7667, 3.7371, 2.1850, -3.0318, 0.4600, 168.03
655, 1155, 19, 50, 0.8167, 2.9443, 2.7678, -1.0039, 0.4900, 239.06
655, 1158, 122, 28, 0.6556, 16.0270, 14.2570, 7.3214, 0.2622, 160.00
655, 1161, 5, 95, 0.6556, 6.0750, -5.2745, -3.0140, 0.2622, 162.25
655, 1107, 107, 62, 0.5000, 25.0097, 9.6167, -23.0869, 0.1500, 118.33
655, 1147, 70, 152, 0.5556, 38.6453, -4.7110, 38.3570, 0.2222, 185.50
655, 1162, -14, 106, 0.5000, 43.8377, -43.7423, -2.8908, 0.1500, 189.00
656, 1079, 112, 15, 1.0000, 2.6350, 0.6125, 2.5629, 1.0000, 217.29
656, 1107, 127, 73, 0.6556, 15.6112, 15.0681, -4.0821, 0.2622, 112.25
656, 1114, 54, 11, 0.6000, 36.0727, -32.6430, -15.3516, 0.1800, 194.50
656, 1117, 27, -3, 0.6556, 27.7277, -18.9921, -20.2021, 0.2622, 204.00
656, 1150, 121, 3, 0.6000, 26.4219, 24.4668, -9.9747, 0.1800, 170.00
656, 1155, 20, 49, 0.8722, 1.7942, 1.4902, -0.9991, 0.6106, 237.26
656, 1091, 17, 10, 0.5625, 6.2712, 6.2145, -0.8417, 0.2250, 230.96
656, 1158, 123, 29, 0.7111, 3.4495, 2.7639, 2.0639, 0.3556, 153.80
656, 1066, 129, 52, 0.9000, 2.1261, 1.9982, 0.7264, 0.9000, 212.33
656, 1106, 42, 123, 0.5000, 2.1528, 1.9256, 0.9628, 0.1500, 147.67
656, 1161, 0, 91, 0.5556, 6.0750, -5.2745, -3.0140, 0.2222, 162.25
657, 1079, 112, 15, 1.0000, 0.2212, -0.1518, 0.1609, 1.0000, 213.00
657, 1114, 44, 12, 0.6556, 13.5053, -13.4978, -0.4511, 0.2622, 197.38
657, 1146, 86, 21, 0.6000, 2.0254, -0.9101, -1.8094, 0.1800, 216.00
657, 1150, 126, 2, 0.6556, 7.8479, 7.5050, -2.2946, 0.2622, 182.50
657, 1155, 24, 48, 0.9278, 3.3540, 3.2017, -0.9991, 0.7422, 239.10
657, 1091, 25, 10, 0.6222, 7.2962, 7.2901, -0.2966, 0.3111, 234.75
657, 1158, 123, 28, 0.7667, 0.3808, -0.2585, -0.2796, 0.4600, 150.17
657, 1168, 106, 81, 0.6000, 43.8177, 29.5574, -32.3473, 0.1800, 182.00
657, 1066, 131, 52, 0.8000, 2.1261, 1.9982, 0.7264, 0.8000, 212.33
657, 1107, 142, 69, 0.5556, 15.6112, 15.0681, -4.0821, 0.2222, 112.25
657, 1117, 8, -23, 0.5556, 27.7277, -18.9921, -20.2021, 0.2222, 204.00
658, 1079, 115, 19, 1.0000, 4.4354, 1.9873, 3.9653, 1.0000, 210.05
658, 1125, 76, 26, 0.6000, 20.0978, 0.9560, 20.0751, 0.1800, 186.33
658, 1146, 86, 18, 0.7056, 2.8539, -0.2793, -2.8402, 0.2822, 225.75
658, 1150, 125, 3, 0.7111, 1.3105, -0.4531, 1.2297, 0.3556, 191.00
658, 1152, 29, 104, 0.6556, 5.1479, 2.5541, 4.4696, 0.2622, 203.25
658, 1155, 27, 47, 0.9833, 3.4493, 3.3012, -0.9998, 0.8850, 240.43
658, 1091, 31, 10, 0.6806, 6.4482, 6.4482, 0.0019, 0.4083, 237.81
658, 1066, 133, 53, 0.7000, 2.1261, 1.9982, 0.7264, 0.7000, 212.33
658, 1114, 30, 12, 0.5556, 13.5053, -13.4978, -0.4511, 0.2222, 197.38
658, 1168, 136, 49, 0.5000, 43.8177, 29.5574, -32.3473, 0.1500, 182.00
659, 1114, 15, 17, 0.7111, 14.6974, -14.4755, 2.5445, 0.3556, 199.50
659, 978, 108, 82, 1.0000, 2.0158, 2.0081, -0.1756, 1.0000, 174.15
659, 1125, 57, 50, 0.6556, 28.1694, -16.3507, 22.9384, 0.2622, 187.25
659, 984, 96, 12, 0.5250, 6.7686, 0.9560, -6.7008, 0.3150, 168.00
659, 1146, 85, 15, 0.7611, 3.1857, -0.7466, -3.0970, 0.3806, 231.20
659, 1150, 122, 5, 0.7667, 2.5660, -2.0313, 1.5679, 0.4600, 201.67
659, 1152, 33, 105, 0.7111, 3.9014, 3.8209, 0.7885, 0.3556, 194.80
659, 1155, 29, 46, 1.0000, 2.5477, 2.3432, -1.0000, 1.0000, 241.58
659, 1091, 38, 9, 0.7381, 6.7856, 6.7472, -0.7204, 0.5167, 240.09
659, 1170, 96, 110, 0.7056, 1.6783, 1.4997, 0.7535, 0.2822, 109.50
659, 1079, 117, 23, 0.9000, 4.4354, 1.9873, 3.9653, 0.9000, 210.05
659, 1066, 135, 54, 0.6000, 2.1261, 1.9982, 0.7264, 0.6000, 212.33
660, 1079, 126, 28, 1.0000, 7.4830, 6.0092, 4.4593, 1.0000, 205.35
660, 984, 96, 11, 0.5841, 1.8705, 0.2651, -1.8517, 0.4089, 169.43
660, 1127, 22, 99, 0.6000, 27.5853, -9.5832, 25.8672, 0.1800, 188.00
660, 1146, 85, 12, 0.8167, 3.0700, -0.2441, -3.0603, 0.4900, 234.83
660, 1148, 50, 22, 0.6000, 31.4835, -25.3103, -18.7243, 0.1800, 194.00
660, 1150, 121, 6, 0.8222, 1.8818, -1.4668, 1.1788, 0.5756, 202.79
660, 1152, 36, 108, 0.7667, 4.9130, 3.3305, 3.6118, 0.4600, 189.50
660, 1155, 32, 45, 1.0000, 2.8683, 2.6883, -1.0001, 1.0000, 242.53
660, 1091, 45, 9, 0.7951, 6.9893, 6.9839, -0.2753, 0.6361, 241.54
660, 1170, 89, 120, 0.7111, 10.9586, -5.5676, 9.4389, 0.3556, 109.20
660, 1066, 137, 55, 0.5000, 2.1261, 1.9982, 0.7264, 0.5000, 212.33
660, 1114, 1, 19, 0.6111, 14.6974, -14.4755, 2.5445, 0.3056, 199.50
660, 1125, 41, 72, 0.5556, 28.1694, -16.3507, 22.9384, 0.2222, 187.25
661, 1106, 49, 126, 0.7056, 1.4862, 1.3709, 0.5738, 0.2822, 147.00
661, 1111, 99, 2, 0.6000, 14.2946, 6.7790, -12.5850, 0.1800, 169.67
661, 1118, 0, 13, 0.6000, 51.7114, -6.7726, -51.2659, 0.1800, 190.67
661, 984, 96, 12, 0.6424, 0.1897, -0.0265, 0.1879, 0.5139, 168.00
661, 1146, 83, 8, 0.8722, 4.0593, -1.5063, -3.7694, 0.6106, 231.50
661, 1150, 120, 7, 0.8778, 1.4142, -1.0181, 0.9816, 0.7022, 205.88
661, 1155, 35, 44, 1.0000, 3.1345, 2.9707, -1.0000, 1.0000, 243.40
661, 1091, 51, 9, 0.8519, 6.2668, 6.2668, -0.0001, 0.7667, 242.65
661, 1079, 132, 32, 0.9000, 7.4830, 6.0092, 4.4593, 0.9000, 205.35
661, 1114, -14, 22, 0.5111, 14.6974, -14.4755, 2.5445, 0.2556, 199.50
661, 1127, 13, 125, 0.5000, 27.5853, -9.5832, 25.8672, 0.1500, 188.00
661, 1148, 24, 3, 0.5000, 31.4835, -25.3103, -18.7243, 0.1500, 194.00
661, 1152, 39, 112, 0.6667, 4.9130, 3.3305, 3.6118, 0.4000, 189.50
661, 1170, 84, 130, 0.6111, 10.9586, -5.5676, 9.4389, 0.3056, 109.20
662, 984, 96, 12, 0.7000, 0.3449, -0.0487, 0.3415, 0.6300, 167.00
662, 1148, 0, 11, 0.6556, 25.0449, -24.7246, -3.9931, 0.2622, 201.50
662, 1150, 120, 7, 0.9333, 0.2401, -0.1553, 0.1831, 0.8400, 206.61
662, 1155, 38, 44, 1.0000, 3.0467, 3.0352, -0.2650, 1.0000, 244.14
662, 1091, 54, 10, 0.9083, 3.0119, 2.9026, 0.8041, 0.9083, 236.68
662, 1079, 138, 37, 0.8000, 7.4830, 6.0092, 4.4593, 0.8000, 205.35
662, 1106, 50, 127, 0.6056, 1.4862, 1.3709, 0.5738, 0.2422, 147.00
662, 1111, 106, -10, 0.5000, 14.2946, 6.7790, -12.5850, 0.1500, 169.67
662, 1118, -7, -39, 0.5000, 51.7114, -6.7726, -51.2659, 0.1500, 190.67
662, 1146, 82, 4, 0.7722, 4.0593, -1.5063, -3.7694, 0.5406, 231.50
662, 1152, 43, 116, 0.5667, 4.9130, 3.3305, 3.6118, 0.3400, 189.50
662, 1170, 78, 139, 0.5111, 10.9586, -5.5676, 9.4389, 0.2556, 109.20
663, 1079, 127, 31, 1.0000, 0.7791, -0.7247, 0.2859, 1.0000, 200.52
663, 1106, 50, 127, 0.7611, 0.6452, 0.4186, 0.4911, 0.3806, 146.00
663, 984, 95, 15, 0.7572, 2.5181, -0.7786, 2.3947, 0.7572, 168.60
663, 1146, 83, 4, 0.9278, 1.9008, 0.0149, -1.9008, 0.7422, 233.94
663, 1148, -4, 12, 0.7111, 5.3369, -5.2899, 0.7067, 0.3556, 203.80
663, 1155, 40, 43, 1.0000, 2.3901, 2.2886, -0.6894, 1.0000, 244.92
663, 1156, 32, 73, 0.6000, 31.6466, 27.2927, 16.0191, 0.1800, 213.50
663, 1091, 65, 8, 0.9646, 10.9577, 10.8894, -1.2207, 0.9646, 237.73
663, 1103, 119, 17, 0.5625, 36.3047, 34.8730, 10.0948, 0.2250, 182.75
663, 1173, 106, 112, 0.6000, 34.9408, -10.4762, 33.3333, 0.1800, 100.00
664, 1106, 78, 119, 0.7667, 26.7904, 25.8764, -6.9379, 0.4600, 155.50
664, 1146, 82, 1, 0.9833, 2.7288, -0.6816, -2.6423, 0.8850, 235.94
664, 1155, 43, 42, 1.0000, 2.8632, 2.6900, -0.9808, 1.0000, 245.59
664, 1091, 74, 8, 1.0000, 9.1022, 9.0834, -0.5836, 1.0000, 238.37
664, 1166, 118, 11, 0.6000, 1.3101, -0.9318, 0.9210, 0.1800, 167.67
664, 1173, 106, 118, 0.6556, 10.0279, -2.0920, 9.8072, 0.2622, 98.75
664, 1122, 105, 111, 0.5625, 3.8431, 3.8431, 0.0000, 0.2250, 99.00
664, 1156, 60, 89, 0.5000, 31.6466, 27.2927, 16.0191, 0.1500, 213.50
665, 1129, 39, 48, 0.6000, 16.4806, 15.4314, -5.7863, 0.1800, 194.67
665, 1155, 46, 42, 1.0000, 2.9935, 2.9766, -0.3176, 1.0000, 246.18
665, 1091, 81, 8, 1.0000, 7.2285, 7.2283, -0.0448, 1.0000, 238.28
665, 1166, 118, 12, 0.7056, 1.0686, -0.2704, 1.0339, 0.2822, 180.75
665, 1105, 44, 2, 0.5625, 20.8207, 3.5550, -20.5150, 0.2250, 217.75
665, 1173, 86, 119, 0.7111, 17.8800, -17.7297, 2.3134, 0.3556, 115.40
665, 1122, 109, 114, 0.6722, 4.6338, 4.0451, 2.2605, 0.3361, 98.00
665, 1146, 81, -2, 0.8833, 2.7288, -0.6816, -2.6423, 0.7950, 235.94
666, 1129, 63, 17, 0.6556, 35.7755, 22.3013, -27.9739, 0.2622, 199.75
666, 1155, 49, 41, 1.0000, 3.1189, 3.0385, -0.7034, 1.0000, 246.58
666, 1091, 89, 8, 1.0000, 7.5475, 7.5472, 0.0680, 1.0000, 238.11
666, 1165, 36, 22, 0.6000, 33.7762, 31.8513, 11.2397, 0.1800, 215.75
666, 1166, 118, 13, 0.7611, 1.0230, 0.0225, 1.0228, 0.3806, 187.40
666, 1146, 81, -4, 0.7833, 2.7288, -0.6816, -2.6423, 0.7050, 235.94
666, 1122, 113, 116, 0.5722, 4.6338, 4.0451, 2.2605, 0.2861, 98.00
667, 1141, 3, 119, 0.6000, 8.1844, -5.7825, -5.7921, 0.1800, 150.67
667, 1155, 52, 41, 1.0000, 3.0322, 3.0208, -0.2623, 1.0000, 247.05
667, 1091, 98, 8, 1.0000, 8.7036, 8.7036, 0.0325, 1.0000, 237.37
667, 1165, 71, 38, 0.6556, 37.4941, 34.1998, 15.3680, 0.2622, 216.31
667, 1166, 117, 15, 0.8167, 1.9077, -0.7164, 1.7681, 0.4900, 193.00
667, 1122, 112, 116, 0.7306, 1.6524, 1.2507, 1.0799, 0.4383, 98.33
667, 1174, 44, 2, 0.6000, 9.3828, -8.1843, -4.5886, 0.1800, 216.00
667, 1129, 85, -11, 0.5556, 35.7755, 22.3013, -27.9739, 0.2222, 199.75
667, 1146, 80, -7, 0.6833, 2.7288, -0.6816, -2.6423, 0.6150, 235.94
668, 1141, 3, 119, 0.6556, 1.1599, -0.8224, -0.8180, 0.2622, 152.75
668, 1155, 55, 40, 1.0000, 3.0873, 3.0032, -0.7155, 1.0000, 245.99
668, 1091, 115, 1, 1.0000, 17.1024, 15.9741, -6.1090, 1.0000, 231.41
668, 1165, 105, 54, 0.7111, 37.7389, 34.3528, 15.6240, 0.3556, 203.05
668, 1166, 117, 16, 0.8722, 1.3219, -0.2788, 1.2921, 0.6106, 198.00
668, 1122, 115, 117, 0.7881, 2.6380, 2.4609, 0.9501, 0.5517, 96.43
668, 1174, 41, 1, 0.6556, 3.4475, -3.1785, -1.3352, 0.2622, 218.75
668, 1146, 79, -9, 0.5833, 2.7288, -0.6816, -2.6423, 0.5250, 235.94
669, 1141, 5, 120, 0.7111, 2.0206, 1.9706, 0.4469, 0.3556, 157.90
669, 1144, 116, 7, 0.6000, 35.6573, 0.9570, -35.6445, 0.1800, 174.31
669, 1155, 57, 40, 1.0000, 2.3096, 2.2921, -0.2836, 1.0000, 246.44
669, 1166, 117, 17, 0.9278, 1.0021, -0.0044, 1.0021, 0.7422, 203.12
669, 1122, 116, 117, 0.8451, 1.5234, 1.5099, 0.2025, 0.6761, 97.56
669, 942, 1, 40, 0.5062, 8.5715, 0.0336, 8.5714, 0.4050, 208.00
669, 1091, 131, -5, 0.9000, 17.1024, 15.9741, -6.1090, 0.9000, 231.41
669, 1165, 139, 70, 0.6111, 37.7389, 34.3528, 15.6240, 0.3056, 203.05
669, 1174, 38, 0, 0.5556, 3.4475, -3.1785, -1.3352, 0.2222, 218.75
670, 1155, 60, 40, 1.0000, 2.6732, 2.6731, -0.0142, 1.0000, 246.75
670, 1166, 117, 18, 0.9833, 0.9587, 0.0392, 0.9579, 0.8850, 205.56
670, 1173, 88, 121, 0.9889, 1.5241, 1.5010, 0.2639, 0.9889, 154.80
670, 1122, 119, 117, 0.9019, 2.5139, 2.5132, -0.0575, 0.8117, 95.83
670, 1174, 39, 1, 0.7111, 0.8523, -0.8462, -0.1020, 0.3556, 219.20
670, 942, 10, 61, 0.5630, 21.0520, 7.5314, 19.6587, 0.5067, 205.56
670, 1180, 52, 110, 0.6000, 1.0196, 1.0196, 0.0000, 0.1800, 164.00
670, 1141, 7, 120, 0.6111, 2.0206, 1.9706, 0.4469, 0.3056, 157.90
670, 1144, 117, -28, 0.5000, 35.6573, 0.9570, -35.6445, 0.1500, 174.31
670, 1091, 147, -11, 0.8000, 17.1024, 15.9741, -6.1090, 0.8000, 231.41
670, 1165, 174, 85, 0.5111, 37.7389, 34.3528, 15.6240, 0.2556, 203.05
671, 1155, 63, 40, 1.0000, 2.9641, 2.9638, 0.0400, 1.0000, 247.13
671, 1166, 118, 19, 1.0000, 1.2448, 0.7639, 0.9829, 1.0000, 205.80
671, 1173, 89, 121, 1.0000, 1.2254, 1.2238, -0.0608, 1.0000, 159.45
671, 1122, 119, 118, 0.9583, 1.0268, 0.7393, 0.7125, 0.9583, 97.35
671, 1174, 24, 8, 0.7667, 14.7743, -13.3587, 6.3106, 0.4600, 219.83
671, 942, 12, 98, 0.6194, 35.2133, 2.7558, 35.1053, 0.6194, 200.70
671, 1141, 9, 121, 0.5111, 2.0206, 1.9706, 0.4469, 0.2556, 157.90
671, 1091, 163, -17, 0.7000, 17.1024, 15.9741, -6.1090, 0.7000, 231.41
671, 1180, 53, 110, 0.5000, 1.0196, 1.0196, 0.0000, 0.1500, 164.00
672, 1155, 66, 40, 1.0000, 3.0372, 3.0371, 0.0212, 1.0000, 247.47
672, 1163, 21, 11, 0.6000, 35.3500, 19.1636, -29.7049, 0.1800, 213.33
672, 1166, 120, 24, 1.0000, 5.0447, 1.7910, 4.7161, 1.0000, 198.09
672, 1097, 54, 10, 0.5625, 22.6881, 19.6937, -11.2655, 0.2250, 206.50
672, 1122, 121, 118, 1.0000, 1.4706, 1.4436, 0.2805, 1.0000, 96.64
672, 1180, 56, 110, 0.7056, 2.0760, 2.0760, 0.0000, 0.2822, 161.50
672, 1091, 179, -23, 0.6000, 17.1024, 15.9741, -6.1090, 0.6000, 231.41
672, 942, 15, 133, 0.5194, 35.2133, 2.7558, 35.1053, 0.5194, 200.70
673, 1141, 12, 122, 0.7667, 1.6440, 1.5330, 0.5939, 0.4600, 156.58
673, 1155, 69, 41, 1.0000, 3.1022, 3.0238, 0.6932, 1.0000, 247.78
673, 1097, 96, 9, 0.6222, 39.0800, 39.0011, -2.4820, 0.3111, 196.00
673, 1122, 123, 120, 1.0000, 2.4961, 1.9714, 1.5311, 1.0000, 96.42
673, 1175, 25, 37, 0.6000, 44.4787, -34.0974, 28.5608, 0.1800, 183.67
673, 1038, 81, 96, 0.5250, 22.7510, 22.4673, -3.5819, 0.3150, 154.00
673, 1180, 70, 125, 0.7111, 18.6769, 13.0643, 13.3473, 0.3556, 152.80
673, 1091, 194, -29, 0.5000, 17.1024, 15.9741, -6.1090, 0.5000, 231.41
673, 1163, 40, -18, 0.5000, 35.3500, 19.1636, -29.7049, 0.1500, 213.33
673, 1166, 122, 29, 0.9000, 5.0447, 1.7910, 4.7161, 0.9000, 198.09
674, 1141, 13, 122, 0.8222, 1.0805, 1.0761, 0.0973, 0.5756, 155.64
674, 1155, 71, 41, 1.0000, 2.3431, 2.3196, 0.3311, 1.0000, 247.85
674, 1163, 58, 2, 0.6556, 18.4035, 18.3336, -1.6018, 0.2622, 209.00
674, 1122, 125, 119, 1.0000, 2.0819, 2.0702, -0.2200, 1.0000, 96.92
674, 1038, 114, 112, 0.5841, 34.6973, 32.0285, 13.3447, 0.4089, 147.71
674, 1183, 119, 116, 0.6000, 4.0002, 3.8768, 0.9860, 0.1800, 99.17
674, 1166, 123, 34, 0.8000, 5.0447, 1.7910, 4.7161, 0.8000, 198.09
674, 1097, 135, 6, 0.5222, 39.0800, 39.0011, -2.4820, 0.2611, 196.00
674, 1175, -10, 65, 0.5000, 44.4787, -34.0974, 28.5608, 0.1500, 183.67
675, 1155, 74, 41, 1.0000, 2.6641, 2.6637, 0.0439, 1.0000, 248.01
675, 1088, 48, 86, 0.5625, 0.0025, 0.0018, 0.0018, 0.2250, 174.50
675, 1163, 67, 10, 0.7111, 11.9695, 9.3919, 7.4204, 0.3556, 206.00
675, 1078, 99, 11, 0.5400, 9.2484, -9.0644, -1.8354, 0.2700, 162.40
675, 1183, 126, 124, 0.6556, 9.4460, 6.3019, 7.0365, 0.2622, 94.62
675, 1141, 14, 122, 0.7222, 1.0805, 1.0761, 0.0973, 0.5056, 155.64
675, 1166, 125, 38, 0.7000, 5.0447, 1.7910, 4.7161, 0.7000, 198.09
675, 1122, 127, 119, 0.9000, 2.0819, 2.0702, -0.2200, 0.9000, 96.92
676, 1141, 14, 123, 0.8778, 0.6459, 0.4109, 0.4983, 0.7022, 158.94
676, 1155, 76, 41, 1.0000, 2.2732, 2.2729, -0.0351, 1.0000, 247.48
676, 1088, 53, 108, 0.6222, 19.3869, 4.5238, 18.8517, 0.3111, 169.60
676, 1166, 124, 39, 1.0000, 3.4992, 0.8409, 3.3966, 1.0000, 190.33
676, 1171, 112, 56, 0.6000, 43.0052, 2.8508, 42.9106, 0.1800, 148.67
676, 1172, 91, 0, 0.6000, 0.9397, 0.9397, 0.0000, 0.1800, 171.00
676, 1078, 97, 9, 0.6000, 3.3870, -2.6973, -2.0484, 0.3600, 162.33
676, 1122, 129, 119, 0.8000, 2.0819, 2.0702, -0.2200, 0.8000, 96.92
676, 1183, 132, 131, 0.5556, 9.4460, 6.3019, 7.0365, 0.2222, 94.62
677, 1141, 15, 123, 0.9333, 0.8463, 0.8363, 0.1297, 0.8400, 158.06
677, 1155, 80, 42, 1.0000, 3.4306, 3.3688, 0.6485, 1.0000, 247.64
677, 1164, 46, 76, 0.6000, 43.7332, 29.9438, -31.8741, 0.1800, 171.67
677, 1067, 69, 124, 0.5400, 30.5416, 30.5267, -0.9536, 0.2700, 144.60
677, 1172, 109, 10, 0.6556, 17.8620, 15.3880, 9.0698, 0.2622, 167.75
677, 1078, 92, 2, 0.6587, 7.9377, -4.3802, -6.6197, 0.4611, 167.86
677, 1149, 119, 116, 0.5625, 0.0752, 0.0672, 0.0336, 0.2250, 104.00
677, 1088, 58, 127, 0.5222, 19.3869, 4.5238, 18.8517, 0.2611, 169.60
677, 1166, 125, 42, 0.9000, 3.4992, 0.8409, 3.3966, 0.9000, 190.33
677, 1171, 115, 99, 0.5000, 43.0052, 2.8508, 42.9106, 0.1500, 148.67
677, 1122, 131, 119, 0.7000, 2.0819, 2.0702, -0.2200, 0.7000, 96.92
678, 1141, 17, 124, 0.9889, 1.9387, 1.7895, 0.7460, 0.9889, 161.55
678, 1155, 82, 43, 1.0000, 2.8270, 2.6431, 1.0029, 1.0000, 247.75
678, 1166, 125, 58, 1.0000, 10.0413, 0.4558, 10.0310, 1.0000, 182.69
678, 1171, 119, 117, 0.6556, 29.1987, 3.6252, 28.9728, 0.2622, 132.00
678, 1067, 94, 113, 0.6000, 27.7755, 25.8789, -10.0877, 0.3600, 137.83
678, 1172, 121, 24, 0.7111, 18.1298, 12.3823, 13.2427, 0.3556, 166.80
678, 1078, 92, 0, 0.7167, 2.2841, -0.5129, -2.2258, 0.5733, 167.75
678, 1149, 101, 96, 0.6222, 23.4755, -15.8310, -17.3343, 0.3111, 106.60
678, 1164, 76, 44, 0.5000, 43.7332, 29.9438, -31.8741, 0.1500, 171.67
678, 1122, 133, 118, 0.6000, 2.0819, 2.0702, -0.2200, 0.6000, 96.92
679, 1155, 84, 42, 1.0000, 2.1047, 2.0876, -0.2680, 1.0000, 246.78
679, 1164, 77, 39, 0.6556, 21.9284, 13.8688, -16.9856, 0.2622, 182.25
679, 1166, 125, 66, 1.0000, 8.8298, 0.0960, 8.8293, 1.0000, 185.57
679, 1172, 125, 39, 0.7667, 15.4555, 5.5365, 14.4298, 0.4600, 156.50
679, 1078, 94, 1, 0.7741, 1.4916, 1.2057, 0.8780, 0.6967, 168.11
679, 1072, 123, 117, 0.5143, 1.4451, 1.3928, -0.3856, 0.3600, 99.71
679, 1187, 120, 25, 0.6000, 23.8622, -0.9524, 23.8431, 0.1800, 162.00
679, 1189, 8, 17, 0.6000, 12.3810, -12.3810, 0.0336, 0.1800, 219.67
679, 1141, 19, 125, 0.8889, 1.9387, 1.7895, 0.7460, 0.8889, 161.55
679, 1171, 123, 146, 0.5556, 29.1987, 3.6252, 28.9728, 0.2222, 132.00
679, 1067, 120, 102, 0.5000, 27.7755, 25.8789, -10.0877, 0.3000, 137.83
679, 1122, 135, 118, 0.5000, 2.0819, 2.0702, -0.2200, 0.5000, 96.92
679, 1149, 85, 79, 0.5222, 23.4755, -15.8310, -17.3343, 0.2611, 106.60
680, 1141, 18, 125, 1.0000, 0.7083, 0.4618, 0.5370, 1.0000, 161.05
680, 1155, 88, 43, 1.0000, 3.2729, 3.2545, 0.3459, 1.0000, 247.04
680, 1164, 78, 37, 0.7111, 3.5698, 2.1315, -2.8635, 0.3556, 188.60
680, 1166, 121, 69, 1.0000, 5.1798, -3.7272, 3.5970, 1.0000, 190.20
680, 1078, 94, 2, 0.8311, 0.8498, 0.5353, 0.6600, 0.8311, 168.40
680, 1149, 62, 86, 0.6806, 19.9712, -19.7253, -3.1239, 0.4083, 117.50
680, 1072, 124, 118, 0.5722, 1.2381, 0.8715, 0.8794, 0.4578, 98.50
680, 1187, 121, 30, 0.6556, 7.2337, 0.4948, 7.2168, 0.2622, 177.00
680, 1188, 69, 14, 0.6556, 5.4861, 5.2782, 1.4960, 0.2622, 196.75
680, 1189, 6, 16, 0.6556, 3.4470, -3.3628, -0.7572, 0.2622, 223.25
680, 1172, 131, 53, 0.6667, 15.4555, 5.5365, 14.4298, 0.4000, 156.50
681, 1141, 19, 125, 1.0000, 0.8141, 0.8073, 0.1047, 1.0000, 160.54
681, 1155, 90, 44, 1.0000, 2.7825, 2.6378, 0.8857, 1.0000, 247.14
681, 1166, 115, 70, 1.0000, 5.3112, -5.2329, 0.9089, 1.0000, 194.25
681, 1072, 126, 118, 0.6296, 1.7060, 1.6643, 0.3746, 0.5667, 97.22
681, 1145, 57, 17, 0.5625, 25.4396, -13.4830, -21.5727, 0.2250, 236.50
681, 1187, 126, 38, 0.7111, 9.3259, 4.8866, 7.9432, 0.3556, 168.20
681, 1188, 71, 14, 0.7611, 2.0113, 1.9388, 0.5352, 0.3806, 197.40
681, 1189, 7, 16, 0.7111, 0.4713, 0.3777, -0.2819, 0.3556, 221.70
681, 1172, 136, 68, 0.5667, 15.4555, 5.5365, 14.4298, 0.3400, 156.50
682, 1141, 21, 126, 1.0000, 1.9164, 1.7715, 0.7310, 1.0000, 161.35
682, 1155, 93, 44, 1.0000, 2.7929, 2.7636, 0.4038, 1.0000, 247.37
682, 1166, 111, 71, 1.0000, 4.7407, -4.5608, 1.2938, 1.0000, 197.47
682, 1072, 127, 119, 0.6867, 1.4917, 1.2720, 0.7791, 0.6867, 99.10
682, 1188, 72, 18, 0.8167, 4.0928, 1.4992, 3.8083, 0.4900, 195.50
682, 1189, 9, 16, 0.7667, 1.3982, 1.3982, 0.0028, 0.4600, 223.42
682, 1092, 20, 21, 0.5400, 4.1125, -2.8571, 2.9580, 0.2700, 209.00
682, 1096, 31, 12, 0.5400, 1.3944, -0.9860, 0.9860, 0.2700, 219.00
682, 1187, 131, 46, 0.6111, 9.3259, 4.8866, 7.9432, 0.3056, 168.20
683, 1155, 96, 45, 1.0000, 3.0231, 2.9400, 0.7038, 1.0000, 246.39
683, 1166, 106, 72, 1.0000, 4.9125, -4.7789, 1.1378, 1.0000, 199.94
683, 1189, 9, 15, 0.8222, 0.8661, 0.4786, -0.7218, 0.5756, 222.93
683, 1066, 124, 27, 0.5173, 1.0140, 1.0140, 0.0102, 0.5173, 224.98
683, 1141, 23, 127, 0.9000, 1.9164, 1.7715, 0.7310, 0.9000, 161.35
683, 1072, 128, 120, 0.5867, 1.4917, 1.2720, 0.7791, 0.5867, 99.10
683, 1187, 136, 54, 0.5111, 9.3259, 4.8866, 7.9432, 0.2556, 168.20
683, 1188, 74, 22, 0.7167, 4.0928, 1.4992, 3.8083, 0.4300, 195.50
684, 1155, 98, 45, 1.0000, 2.3846, 2.3652, 0.3041, 1.0000, 246.11
684, 1166, 102, 74, 1.0000, 4.5865, -4.2408, 1.7467, 1.0000, 202.68
684, 1074, 13, 99, 0.5400, 53.3014, 1.8984, 53.2676, 0.2700, 191.40
684, 1188, 82, 30, 0.8222, 8.0381, 5.3230, 6.0230, 0.5756, 193.14
684, 1189, 10, 15, 0.8778, 0.7924, 0.7428, -0.2761, 0.7022, 222.69
684, 1092, 15, 29, 0.6500, 4.8199, -2.5236, 4.1064, 0.3900, 208.67
684, 1096, 30, 14, 0.6500, 1.1141, -0.4709, 1.0096, 0.3900, 219.33
684, 1193, 7, 49, 0.6000, 50.9722, -20.1896, 46.8032, 0.1800, 213.67
684, 1141, 24, 127, 0.8000, 1.9164, 1.7715, 0.7310, 0.8000, 161.35
685, 1155, 101, 46, 1.0000, 2.7513, 2.6667, 0.6771, 1.0000, 246.22
685, 1166, 97, 76, 1.0000, 5.1321, -4.7147, 2.0273, 1.0000, 204.43
685, 1113, 1, 16, 0.5625, 37.8271, -12.5392, -35.6883, 0.2250, 201.38
685, 1186, 52, 9, 0.6000, 1.3024, -0.9210, -0.9210, 0.1800, 197.67
685, 1189, 11, 15, 0.9333, 0.9778, 0.9778, -0.0001, 0.8400, 224.28
685, 1096, 17, 24, 0.6587, 15.2764, -11.8509, 9.6398, 0.4611, 215.86
685, 1062, 72, 75, 0.5250, 0.0000, 0.0000, 0.0000, 0.3150, 183.33
685, 1141, 26, 128, 0.7000, 1.9164, 1.7715, 0.7310, 0.7000, 161.35
685, 1188, 87, 36, 0.7222, 8.0381, 5.3230, 6.0230, 0.5056, 193.14
685, 1092, 12, 33, 0.5500, 4.8199, -2.5236, 4.1064, 0.3300, 208.67
685, 1193, -13, 96, 0.5000, 50.9722, -20.1896, 46.8032, 0.1500, 213.67
686, 1155, 104, 47, 1.0000, 3.0861, 2.9354, 0.9525, 1.0000, 246.45
686, 1166, 93, 77, 1.0000, 4.4621, -4.2635, 1.3165, 1.0000, 206.64
686, 1186, 54, 11, 0.7056, 2.8316, 2.0022, 2.0022, 0.2822, 197.25
686, 1188, 80, 41, 0.8778, 5.9236, -2.1223, 5.5304, 0.7022, 195.00
686, 1189, 15, 6, 0.9889, 8.9982, 3.3209, -8.3630, 0.9889, 223.55
686, 1092, 12, 43, 0.6587, 7.4999, -1.3706, 7.3736, 0.4611, 208.29
686, 1062, 96, 85, 0.5841, 21.9683, 20.3446, 8.2886, 0.4089, 174.71
686, 1197, 110, 14, 0.6000, 13.5166, -9.4902, -9.6246, 0.1800, 137.67
686, 1141, 28, 129, 0.6000, 1.9164, 1.7715, 0.7310, 0.6000, 161.35
686, 1096, 5, 34, 0.5587, 15.2764, -11.8509, 9.6398, 0.3911, 215.86
687, 1155, 107, 47, 1.0000, 3.0530, 3.0267, 0.4000, 1.0000, 246.63
687, 1166, 89, 79, 1.0000, 4.3493, -3.9999, 1.7080, 1.0000, 208.75
687, 1189, 24, 3, 1.0000, 9.3290, 8.7651, -3.1944, 1.0000, 223.68
687, 1190, 44, 4, 0.6000, 5.5913, 0.9210, -5.5149, 0.1800, 226.00
687, 1062, 107, 84, 0.6424, 12.0607, 12.0375, 0.7470, 0.5139, 167.25
687, 1141, 30, 130, 0.5000, 1.9164, 1.7715, 0.7310, 0.5000, 161.35
687, 1186, 57, 14, 0.6056, 2.8316, 2.0022, 2.0022, 0.2422, 197.25
687, 1188, 77, 47, 0.7778, 5.9236, -2.1223, 5.5304, 0.6222, 195.00
687, 1092, 11, 50, 0.5587, 7.4999, -1.3706, 7.3736, 0.3911, 208.29
687, 1197, 101, 5, 0.5000, 13.5166, -9.4902, -9.6246, 0.1500, 137.67
688, 1155, 110, 48, 1.0000, 3.1012, 3.0271, 0.6739, 1.0000, 246.84
688, 1166, 85, 81, 1.0000, 4.4280, -3.9591, 1.9832, 1.0000, 210.54
688, 1126, 15, 42, 0.5625, 30.6169, -23.0461, 20.1563, 0.2250, 211.00
688, 1186, 63, 27, 0.7111, 9.4837, 4.4871, 8.3551, 0.3556, 197.60
688, 1188, 91, 62, 0.9333, 13.1771, 7.1880, 11.0440, 0.8400, 199.67
688, 1092, 22, 54, 0.7167, 8.3238, 6.3228, 5.4137, 0.5733, 208.12
688, 1094, 46, 79, 0.5400, 0.0480, 0.0400, 0.0266, 0.2700, 185.00
688, 1197, 90, 15, 0.6556, 10.3559, -10.2191, 1.6778, 0.2622, 144.25
688, 1100, 44, 47, 0.5400, 28.5731, -3.6708, 28.3363, 0.2700, 195.20
688, 1204, 53, 36, 0.6000, 27.6882, -18.0616, 20.9860, 0.1800, 195.00
688, 1189, 33, 0, 0.9000, 9.3290, 8.7651, -3.1944, 0.9000, 223.68
688, 1190, 45, -1, 0.5000, 5.5913, 0.9210, -5.5149, 0.1500, 226.00
688, 1062, 119, 85, 0.5424, 12.0607, 12.0375, 0.7470, 0.4339, 167.25
689, 1155, 112, 50, 1.0000, 2.8471, 2.3838, 1.5567, 1.0000, 245.70
689, 1166, 80, 82, 1.0000, 4.8940, -4.7171, 1.3040, 1.0000, 210.15
689, 1126, 12, 45, 0.6222, 7.8606, -5.5744, 5.5422, 0.3111, 209.40
689, 1182, 83, 113, 0.6000, 27.1465, -25.7517, 8.5895, 0.1800, 112.00
689, 1189, 34, 5, 1.0000, 4.8422, 4.6245, 1.4357, 1.0000, 224.21
689, 1092, 34, 50, 0.7741, 11.7576, 11.1848, -3.6254, 0.6967, 207.22
689, 1197, 80, 5, 0.7111, 13.6827, -10.0858, -9.2463, 0.3556, 151.00
689, 1204, 37, 59, 0.6556, 27.5468, -16.2211, 22.2643, 0.2622, 194.50
689, 1205, 86, 113, 0.6000, 27.7203, -14.2521, 23.7759, 0.1800, 116.50
689, 1186, 67, 35, 0.6111, 9.4837, 4.4871, 8.3551, 0.3056, 197.60
690, 1155, 116, 49, 1.0000, 3.2694, 3.2666, 0.1342, 1.0000, 245.87
690, 1166, 76, 84, 1.0000, 4.6361, -4.3101, 1.7077, 1.0000, 211.86
690, 1186, 77, 26, 0.7667, 7.6051, 7.3871, -1.8080, 0.4600, 194.83
690, 1094, 47, 79, 0.6500, 0.5199, 0.5197, -0.0144, 0.3900, 185.33
690, 1015, 28, 2, 0.5444, 7.8403, 4.9798, -6.0557, 0.5444, 204.75
690, 1126, 6, 51, 0.5222, 7.8606, -5.5744, 5.5422, 0.2611, 209.40
690, 1182, 57, 121, 0.5000, 27.1465, -25.7517, 8.5895, 0.1500, 112.00
690, 1189, 39, 6, 0.9000, 4.8422, 4.6245, 1.4357, 0.9000, 224.21
690, 1092, 45, 46, 0.6741, 11.7576, 11.1848, -3.6254, 0.6067, 207.22
690, 1197, 70, -4, 0.6111, 13.6827, -10.0858, -9.2463, 0.3056, 151.00
690, 1204, 20, 81, 0.5556, 27.5468, -16.2211, 22.2643, 0.2222, 194.50
690, 1205, 72, 137, 0.5000, 27.7203, -14.2521, 23.7759, 0.1500, 116.50
691, 1155, 120, 50, 1.0000, 3.9111, 3.8911, 0.3950, 1.0000, 246.09
691, 1166, 72, 85, 1.0000, 4.2133, -4.0218, 1.2560, 1.0000, 213.44
691, 1182, 63, 115, 0.6556, 8.3302, -8.3298, 0.0797, 0.2622, 120.75
691, 1189, 65, 26, 1.0000, 21.0745, 17.1283, 12.2782, 1.0000, 221.50
691, 1092, 44, 49, 0.8311, 4.3144, 4.3144, 0.0062, 0.8311, 206.60
691, 1094, 47, 80, 0.7087, 0.7912, 0.1376, 0.7792, 0.4961, 185.86
691, 1196, 125, 8, 0.6000, 5.5186, -0.9234, -5.4408, 0.1800, 152.67
691, 1205, 86, 116, 0.6556, 1.9686, 1.3779, -1.4060, 0.2622, 115.12
692, 1155, 123, 50, 1.0000, 3.4707, 3.4647, 0.2029, 1.0000, 246.30
692, 1166, 68, 86, 1.0000, 4.0854, -3.9610, 1.0005, 1.0000, 214.69
692, 1182, 34, 117, 0.7111, 27.6278, -27.5608, 1.9225, 0.3556, 126.00
692, 1094, 48, 80, 0.7667, 0.8013, 0.7461, 0.2923, 0.6133, 185.25
692, 1205, 78, 121, 0.7111, 8.1721, -6.7256, 4.6422, 0.3556, 117.70
692, 1092, 49, 49, 0.7311, 4.3144, 4.3144, 0.0062, 0.7311, 206.60
692, 1196, 124, 3, 0.5000, 5.5186, -0.9234, -5.4408, 0.1500, 152.67
693, 1155, 126, 51, 1.0000, 3.1650, 3.0970, 0.6523, 1.0000, 246.50
693, 1166, 64, 88, 1.0000, 4.3189, -3.9795, 1.6783, 1.0000, 214.88
693, 1126, 1, 64, 0.6806, 4.7693, -1.9271, 4.3626, 0.4083, 201.33
693, 1092, 60, 45, 0.8879, 8.4104, 8.1479, -2.0848, 0.8879, 206.73
693, 1110, 58, 31, 0.5400, 22.7380, -17.3614, 14.6834, 0.2700, 189.00
693, 1182, 6, 119, 0.6111, 27.6278, -27.5608, 1.9225, 0.3056, 126.00
693, 1094, 49, 80, 0.6667, 0.8013, 0.7461, 0.2923, 0.5333, 185.25
694, 1141, 40, 118, 1.0000, 1.9716, 1.5240, -1.2508, 1.0000, 159.96
694, 1166, 60, 89, 1.0000, 4.2036, -3.9971, 1.3015, 1.0000, 216.26
694, 1092, 65, 40, 0.9444, 7.4031, 5.8936, -4.4801, 0.9444, 205.00
694, 1094, 51, 91, 0.7741, 6.1966, 1.6379, 5.9762, 0.6967, 183.78
694, 1157, 107, 11, 0.5625, 0.9469, 0.9469, -0.0056, 0.2250, 151.50
694, 1110, 50, 42, 0.6000, 15.2681, -9.6347, 11.8443, 0.3600, 190.17
694, 1155, 129, 52, 0.9000, 3.1650, 3.0970, 0.6523, 0.9000, 246.50
695, 1141, 61, 111, 1.0000, 21.5852, 20.5516, -6.5993, 1.0000, 160.37
695, 1166, 56, 90, 1.0000, 4.1316, -4.0020, 1.0270, 1.0000, 217.38
695, 1153, 36, 103, 0.5625, 33.3639, 28.6093, -17.1656, 0.2250, 174.50
695, 1092, 71, 39, 1.0000, 6.0516, 5.6586, -2.1454, 1.0000, 206.00
695, 1157, 89, 8, 0.6222, 15.9179, -15.6278, -3.0252, 0.3111, 154.60
695, 1110, 22, 46, 0.6587, 25.9931, -25.6903, 3.9557, 0.4611, 194.14
695, 1210, 30, 22, 0.6000, 18.7750, 12.8479, -13.6905, 0.1800, 209.67
695, 1212, 121, 13, 0.6000, 0.9524, -0.9524, 0.0000, 0.1800, 174.50
695, 1215, 94, 115, 0.6000, 31.5247, 31.3950, 2.8571, 0.1800, 138.33
695, 1155, 132, 52, 0.8000, 3.1650, 3.0970, 0.6523, 0.8000, 246.50
695, 1094, 53, 97, 0.6741, 6.1966, 1.6379, 5.9762, 0.6067, 183.78
696, 1141, 79, 108, 1.0000, 19.2909, 18.8401, -4.1463, 1.0000, 158.91
696, 1166, 52, 92, 1.0000, 4.3357, -4.0014, 1.6696, 1.0000, 218.53
696, 1153, 52, 82, 0.6222, 27.2613, 17.7965, -20.6509, 0.3111, 175.20
696, 1094, 69, 99, 0.8311, 11.1572, 10.4104, 4.0133, 0.8311, 180.50
696, 1157, 84, 7, 0.6806, 5.9585, -5.8544, -1.1087, 0.4083, 157.33
696, 1167, 65, 17, 0.5625, 15.0500, -15.0500, 0.0167, 0.2250, 182.25
696, 1110, 2, 58, 0.7167, 23.8659, -20.6222, 12.0127, 0.5733, 193.88
696, 1210, 34, 14, 0.6556, 10.0488, 5.2528, -8.5665, 0.2622, 209.25
696, 1212, 119, 13, 0.7056, 1.7657, -1.7657, 0.0000, 0.2822, 177.38
696, 1215, 100, 115, 0.6556, 9.3259, 9.2935, 0.7760, 0.2622, 130.50
696, 1155, 135, 53, 0.7000, 3.1650, 3.0970, 0.6523, 0.7000, 246.50
696, 1092, 77, 36, 0.9000, 6.0516, 5.6586, -2.1454, 0.9000, 206.00
697, 1166, 48, 93, 1.0000, 4.2076, -4.0003, 1.3043, 1.0000, 219.58
697, 1185, 84, 8, 0.6000, 44.5724, 44.3117, 4.8142, 0.1800, 207.17
697, 1092, 79, 41, 1.0000, 4.1127, 3.8019, 1.5685, 1.0000, 206.29
697, 1157, 75, 5, 0.7381, 9.2518, -9.1276, -1.5107, 0.5167, 164.00
697, 1167, 30, 13, 0.6222, 32.5433, -32.3217, -3.7918, 0.3111, 187.30
697, 1210, 36, 12, 0.7111, 3.3796, 1.7697, -2.8792, 0.3556, 206.40
697, 1177, 5, 28, 0.5625, 49.7082, -10.7196, -48.5386, 0.2250, 186.25
697, 1212, 118, 13, 0.7611, 1.2868, -1.2868, 0.0000, 0.3806, 182.30
697, 1216, 64, 42, 0.6000, 16.8102, -8.1843, 14.6834, 0.1800, 196.33
697, 1141, 98, 103, 0.9000, 19.2909, 18.8401, -4.1463, 0.9000, 158.91
697, 1155, 139, 53, 0.6000, 3.1650, 3.0970, 0.6523, 0.6000, 246.50
697, 1153, 70, 61, 0.5222, 27.2613, 17.7965, -20.6509, 0.2611, 175.20
697, 1215, 109, 116, 0.5556, 9.3259, 9.2935, 0.7760, 0.2222, 130.50
698, 1166, 44, 94, 1.0000, 4.1309, -3.9999, 1.0319, 1.0000, 219.13
698, 1185, 127, 32, 0.6556, 48.1755, 43.0194, 21.6845, 0.2622, 187.88
698, 1092, 80, 41, 1.0000, 0.9077, 0.7200, 0.5526, 1.0000, 206.40
698, 1208, 16, 40, 0.6000, 12.1640, -2.7157, 11.8570, 0.1800, 210.67
698, 1210, 43, 5, 0.7667, 9.5588, 6.7888, -6.7292, 0.4600, 210.67
698, 1212, 117, 13, 0.8167, 0.9978, -0.9978, 0.0000, 0.4900, 185.58
698, 1215, 115, 115, 0.7111, 7.4463, 7.4411, -0.2777, 0.3556, 121.40
698, 1216, 62, 45, 0.6556, 4.9109, -2.4213, 4.2725, 0.2622, 197.25
698, 1178, 2, 119, 0.5625, 34.1399, -17.1429, 29.5238, 0.2250, 166.25
698, 1222, 18, 92, 0.6000, 51.4974, 1.9048, 51.4622, 0.1800, 200.00
698, 1141, 117, 99, 0.8000, 19.2909, 18.8401, -4.1463, 0.8000, 158.91
698, 1155, 142, 54, 0.5000, 3.1650, 3.0970, 0.6523, 0.5000, 246.50
698, 1157, 65, 4, 0.6381, 9.2518, -9.1276, -1.5107, 0.4467, 164.00
698, 1167, -2, 9, 0.5222, 32.5433, -32.3217, -3.7918, 0.2611, 187.30
699, 1166, 40, 96, 1.0000, 4.3301, -3.9999, 1.6584, 1.0000, 220.18
699, 1092, 77, 29, 1.0000, 11.0637, -2.5697, -10.7612, 1.0000, 205.62
699, 1208, 15, 44, 0.6556, 5.3666, -1.5995, 5.1227, 0.2622, 211.75
699, 1212, 116, 12, 0.8722, 1.2227, -0.9576, -0.7603, 0.6106, 183.36
699, 1141, 136, 95, 0.7000, 19.2909, 18.8401, -4.1463, 0.7000, 158.91
699, 1185, 170, 54, 0.5556, 48.1755, 43.0194, 21.6845, 0.2222, 187.88
699, 1210, 50, -2, 0.6667, 9.5588, 6.7888, -6.7292, 0.4000, 210.67
699, 1215, 123, 115, 0.6111, 7.4463, 7.4411, -0.2777, 0.3056, 121.40
699, 1216, 60, 49, 0.5556, 4.9109, -2.4213, 4.2725, 0.2222, 197.25
699, 1222, 20, 144, 0.5000, 51.4974, 1.9048, 51.4622, 0.1500, 200.00
700, 1166, 36, 97, 1.0000, 4.2087, -4.0000, 1.3090, 1.0000, 221.12
700, 1092, 70, 10, 1.0000, 18.9976, -6.4152, -17.8817, 1.0000, 204.41
700, 1208, 15, 45, 0.7111, 1.1182, -0.2327, 1.0937, 0.3556, 216.20
700, 1210, 51, 5, 0.8222, 3.9433, 3.6542, 1.4819, 0.5756, 209.71
700, 1212, 115, 12, 0.9278, 1.0274, -0.9838, -0.2961, 0.7422, 181.81
700, 1141, 155, 91, 0.6000, 19.2909, 18.8401, -4.1463, 0.6000, 158.91
700, 1215, 130, 115, 0.5111, 7.4463, 7.4411, -0.2777, 0.2556, 121.40
701, 1166, 32, 98, 1.0000, 4.1325, -4.0000, 1.0382, 1.0000, 221.89
701, 1199, 59, 107, 0.6000, 9.7313, -1.9039, 9.5432, 0.1800, 169.67
701, 1212, 114, 12, 0.9833, 0.9998, -0.9998, -0.0054, 0.8850, 183.50
701, 1141, 173, 87, 0.5000, 19.2909, 18.8401, -4.1463, 0.5000, 158.91
701, 1092, 63, -8, 0.9000, 18.9976, -6.4152, -17.8817, 0.9000, 204.41
701, 1208, 15, 46, 0.6111, 1.1182, -0.2327, 1.0937, 0.3056, 216.20
702, 1166, 14, 93, 1.0000, 16.0453, -15.5876, -3.8052, 1.0000, 220.55
702, 1199, 46, 124, 0.6556, 20.1251, -11.8661, 16.2547, 0.2622, 165.00
702, 1208, 13, 45, 0.7667, 0.9369, -0.9368, 0.0126, 0.4600, 214.92
702, 1212, 113, 11, 1.0000, 1.2259, -1.0023, -0.7059, 1.0000, 184.45
702, 1216, 34, 53, 0.7111, 8.4757, -8.3607, 1.3919, 0.3556, 203.20
702, 1217, 88, 19, 0.6000, 25.9824, 16.4676, -20.0974, 0.1800, 203.67
702, 1228, 113, 18, 0.6000, 1.9384, 0.0000, 1.9384, 0.1800, 147.17
702, 1092, 57, -25, 0.8000, 18.9976, -6.4152, -17.8817, 0.8000, 204.41
703, 1202, 57, 105, 0.6000, 34.6359, 34.4235, -3.8299, 0.1800, 160.00
703, 1208, 10, 44, 0.8222, 2.7250, -2.5918, -0.8416, 0.5756, 214.07
703, 1212, 112, 11, 1.0000, 1.0410, -1.0010, -0.2858, 1.0000, 181.05
703, 1217, 100, 7, 0.6556, 18.0245, 12.5658, -12.9222, 0.2622, 195.75
703, 1220, 94, 112, 0.6000, 12.9937, 12.8610, 1.8528, 0.1800, 119.67
703, 1227, 29, 18, 0.6000, 0.9936, 0.0376, 0.9928, 0.1800, 209.67
703, 1228, 112, 18, 0.7056, 0.9119, -0.7535, 0.5137, 0.2822, 145.38
703, 1231, 53, 110, 0.6000, 48.7034, 47.5854, -10.3754, 0.1800, 153.00
703, 1166, -2, 89, 0.9000, 16.0453, -15.5876, -3.8052, 0.9000, 220.55
703, 1092, 50, -43, 0.7000, 18.9976, -6.4152, -17.8817, 0.7000, 204.41
703, 1199, 34, 140, 0.5556, 20.1251, -11.8661, 16.2547, 0.2222, 165.00
704, 1166, 0, 95, 1.0000, 6.2814, -6.0711, 1.6119, 1.0000, 219.16
704, 1191, 85, 0, 0.6000, 37.3155, 34.7776, -13.5264, 0.1800, 185.67
704, 1202, 87, 98, 0.6556, 31.4978, 30.6872, -7.0998, 0.2622, 153.25
704, 1212, 111, 11, 1.0000, 1.0001, -1.0000, -0.0112, 1.0000, 182.29
704, 1217, 115, 5, 0.7111, 15.7041, 15.4369, -2.8848, 0.3556, 183.60
704, 1227, 48, 8, 0.6556, 18.8489, 16.6489, -8.8371, 0.2622, 208.25
704, 1228, 115, 18, 0.7611, 2.7788, 2.7781, -0.0638, 0.3806, 145.80
704, 1208, 8, 43, 0.7222, 2.7250, -2.5918, -0.8416, 0.5056, 214.07
704, 1220, 107, 114, 0.5000, 12.9937, 12.8610, 1.8528, 0.1500, 119.67
704, 1231, 101, 100, 0.5000, 48.7034, 47.5854, -10.3754, 0.1500, 153.00
705, 1191, 117, 12, 0.6556, 33.8638, 32.8054, 8.3999, 0.2622, 172.25
705, 1208, 7, 30, 0.8778, 7.8644, -1.5569, -7.7087, 0.7022, 211.94
705, 1212, 110, 11, 1.0000, 1.0006, -0.9999, 0.0388, 1.0000, 180.81
705, 1219, 58, 100, 0.6000, 50.8984, -12.1145, 49.4357, 0.1800, 200.67
705, 1220, 114, 118, 0.6556, 10.2678, 9.7682, 3.1641, 0.2622, 113.00
705, 1227, 84, 1, 0.7111, 34.3711, 33.6080, -7.2022, 0.3556, 200.60
705, 1228, 118, 19, 0.8167, 2.7785, 2.6977, 0.6653, 0.4900, 145.67
705, 1184, 22, 47, 0.5625, 6.9598, -2.6780, -6.4240, 0.2250, 197.50
705, 1233, 30, 18, 0.6000, 21.5920, -14.2857, 16.1905, 0.1800, 203.67
705, 1202, 117, 90, 0.5556, 31.4978, 30.6872, -7.0998, 0.2222, 153.25
705, 1217, 131, 2, 0.6111, 15.7041, 15.4369, -2.8848, 0.3056, 183.60
706, 1176, 39, 50, 0.5625, 52.7847, 37.7939, 36.8489, 0.2250, 208.75
706, 1212, 109, 10, 1.0000, 1.2279, -0.9999, -0.7127, 1.0000, 181.25
706, 1220, 117, 119, 0.7111, 3.8304, 3.5089, 1.5360, 0.3556, 109.20
706, 1228, 119, 19, 0.8722, 1.4138, 1.3891, 0.2631, 0.6106, 143.86
706, 1233, 26, 44, 0.6556, 24.5861, -5.3872, 23.9887, 0.2622, 207.25
706, 1191, 150, 21, 0.5556, 33.8638, 32.8054, 8.3999, 0.2222, 172.25
706, 1217, 146, -1, 0.5111, 15.7041, 15.4369, -2.8848, 0.2556, 183.60
706, 1219, 46, 149, 0.5000, 50.8984, -12.1145, 49.4357, 0.1500, 200.67
706, 1227, 117, -7, 0.6111, 34.3711, 33.6080, -7.2022, 0.3056, 200.60
707, 1212, 100, 8, 1.0000, 7.7435, -7.5398, -1.7644, 1.0000, 179.83
707, 1220, 118, 119, 0.7667, 1.4790, 1.4734, 0.1287, 0.4600, 107.67
707, 1181, 21, 90, 0.5625, 45.5855, -32.2447, -32.2230, 0.2250, 155.25
707, 1228, 120, 20, 0.9278, 1.1835, 0.9010, 0.7674, 0.7422, 146.88
707, 1184, 10, 39, 0.6222, 7.5530, -6.3928, -4.0224, 0.3111, 197.80
707, 1233, 15, 83, 0.7111, 39.4990, -10.8063, 37.9920, 0.3556, 199.80
708, 1198, 127, 29, 0.6000, 4.3155, 1.9285, -3.8606, 0.1800, 118.67
708, 1212, 90, 3, 1.0000, 10.8326, -9.6155, -4.9887, 1.0000, 179.47
708, 1220, 120, 119, 0.8222, 1.5977, 1.5889, -0.1676, 0.5756, 105.57
708, 1181, 9, 55, 0.6222, 37.7483, -14.9277, -34.6712, 0.3111, 162.80
708, 1130, 28, 56, 0.5400, 1.8151, -0.0266, -1.8149, 0.2700, 199.00
708, 1228, 121, 21, 0.9833, 1.3620, 0.9054, 1.0175, 0.8850, 148.89
708, 1184, 9, 38, 0.6806, 1.7394, -1.5752, -0.7378, 0.4083, 198.67
708, 1233, 2, 108, 0.7667, 29.1029, -12.5081, 26.2779, 0.4600, 192.83
708, 1139, 56, 102, 0.5400, 0.0475, -0.0336, -0.0336, 0.2700, 169.40
709, 1212, 89, 1, 1.0000, 3.5874, -3.0350, -1.9127, 1.0000, 178.91
709, 1220, 122, 120, 0.8778, 2.0371, 1.9198, 0.6813, 0.7022, 106.88
709, 1130, 14, 56, 0.6000, 12.1569, -12.1441, -0.5581, 0.3600, 200.33
709, 1142, 80, 36, 0.5400, 23.8001, 19.3728, 13.8253, 0.2700, 198.40
709, 1228, 122, 21, 1.0000, 1.0182, 0.9776, 0.2847, 1.0000, 148.90
709, 979, 105, 9, 0.5062, 30.8648, -19.8995, -23.5933, 0.4050, 127.75
709, 1184, 9, 41, 0.7381, 1.8808, -0.4589, 1.8240, 0.5167, 198.43
709, 1139, 56, 101, 0.6500, 0.7498, 0.0037, -0.7498, 0.3900, 168.67
709, 1192, 38, 1, 0.5625, 18.7789, -16.2241, -9.4566, 0.2250, 204.75
709, 1236, 45, 43, 0.6000, 15.5367, 15.2717, -2.8571, 0.1800, 206.67
709, 1198, 129, 25, 0.5000, 4.3155, 1.9285, -3.8606, 0.1500, 118.67
709, 1181, -6, 21, 0.5222, 37.7483, -14.9277, -34.6712, 0.2611, 162.80
709, 1233, -10, 135, 0.6667, 29.1029, -12.5081, 26.2779, 0.4000, 192.83
710, 1220, 124, 120, 0.9333, 2.0492, 2.0293, 0.2847, 0.8400, 107.67
710, 1130, 10, 57, 0.6587, 5.2918, -5.2316, 0.7956, 0.4611, 200.29
710, 1228, 123, 22, 1.0000, 1.2333, 1.0050, 0.7149, 1.0000, 147.27
710, 979, 92, 0, 0.5630, 17.6049, -13.7326, -11.0159, 0.5067, 131.78
710, 1192, 29, 2, 0.6222, 9.7293, -9.6684, -1.0871, 0.3111, 208.00
710, 1236, 86, 29, 0.6556, 40.1488, 38.0429, -12.8321, 0.2622, 198.00
710, 1242, 58, 114, 0.6000, 43.3202, 36.1905, 23.8095, 0.1800, 192.67
710, 1212, 86, -1, 0.9000, 3.5874, -3.0350, -1.9127, 0.9000, 178.91
710, 1184, 8, 42, 0.6381, 1.8808, -0.4589, 1.8240, 0.4467, 198.43
710, 1139, 56, 100, 0.5500, 0.7498, 0.0037, -0.7498, 0.3300, 168.67
711, 1220, 126, 120, 0.9889, 2.0229, 2.0229, 0.0093, 0.9889, 105.80
711, 1130, 5, 55, 0.7167, 5.1758, -4.8112, -1.9082, 0.5733, 200.12
711, 1228, 124, 23, 1.0000, 1.4122, 1.0053, 0.9917, 1.0000, 147.25
711, 1184, 8, 43, 0.7951, 1.2377, -0.3906, 1.1745, 0.6361, 198.75
711, 1139, 55, 99, 0.7087, 1.2241, -0.5496, -1.0938, 0.4961, 169.29
711, 1192, 23, 3, 0.6806, 6.2226, -6.0148, 1.5950, 0.4083, 209.17
711, 1212, 82, -3, 0.8000, 3.5874, -3.0350, -1.9127, 0.8000, 178.91
711, 1236, 124, 16, 0.5556, 40.1488, 38.0429, -12.8321, 0.2222, 198.00
711, 1242, 94, 138, 0.5000, 43.3202, 36.1905, 23.8095, 0.1500, 192.67
712, 1228, 125, 23, 1.0000, 1.0442, 1.0014, 0.2959, 1.0000, 148.15
712, 979, 59, -1, 0.6194, 16.8022, -16.7556, 1.2514, 0.6194, 138.00
712, 1139, 55, 99, 0.7667, 0.2981, -0.1509, -0.2572, 0.6133, 169.75
712, 1154, 17, 109, 0.5400, 14.5761, 5.3989, -13.5394, 0.2700, 151.40
712, 1192, 7, 6, 0.7381, 15.5790, -15.4090, 2.2953, 0.5167, 211.86
712, 1242, 108, 118, 0.6556, 23.7217, 23.7054, -0.8784, 0.2622, 171.25
712, 1212, 79, -4, 0.7000, 3.5874, -3.0350, -1.9127, 0.7000, 178.91
712, 1220, 128, 120, 0.8889, 2.0229, 2.0229, 0.0093, 0.8889, 105.80
712, 1130, 0, 53, 0.6167, 5.1758, -4.8112, -1.9082, 0.4933, 200.12
713, 1228, 126, 24, 1.0000, 1.2271, 0.9998, 0.7115, 1.0000, 146.43
713, 1139, 54, 98, 0.8241, 1.0265, -0.7438, -0.7075, 0.7417, 169.33
713, 1242, 111, 116, 0.7111, 4.6775, 4.4307, -1.4993, 0.3556, 156.50
713, 1212, 76, -6, 0.6000, 3.5874, -3.0350, -1.9127, 0.6000, 178.91
713, 1220, 130, 120, 0.7889, 2.0229, 2.0229, 0.0093, 0.7889, 105.80
713, 1130, -5, 51, 0.5167, 5.1758, -4.8112, -1.9082, 0.4133, 200.12
713, 979, 42, 0, 0.5194, 16.8022, -16.7556, 1.2514, 0.5194, 138.00
713, 1192, -9, 8, 0.6381, 15.5790, -15.4090, 2.2953, 0.4467, 211.86
714, 1130, 5, 46, 0.7741, 3.2663, 1.1547, -3.0554, 0.6967, 201.56
714, 1228, 127, 25, 1.0000, 1.4046, 0.9997, 0.9867, 1.0000, 146.47
714, 1139, 54, 97, 0.8811, 1.0266, -0.2653, -0.9917, 0.8811, 168.80
714, 1154, 40, 77, 0.6000, 20.4310, 12.2862, -16.3241, 0.3600, 155.33
714, 1243, 97, 8, 0.7056, 0.7496, -0.7496, 0.0000, 0.2822, 164.25
714, 1212, 73, -8, 0.5000, 3.5874, -3.0350, -1.9127, 0.5000, 178.91
714, 1220, 132, 120, 0.6889, 2.0229, 2.0229, 0.0093, 0.6889, 105.80
714, 1192, -24, 10, 0.5381, 15.5790, -15.4090, 2.2953, 0.3767, 211.86
715, 1228, 125, 23, 1.0000, 1.6593, -1.1925, -1.1538, 1.0000, 144.88
715, 1139, 53, 96, 0.9379, 1.2805, -0.7475, -1.0396, 0.9379, 168.36
715, 1241, 34, 9, 0.6000, 53.3126, 16.3389, -50.7471, 0.1800, 200.33
715, 1243, 96, 2, 0.7111, 5.4414, -1.0355, -5.3420, 0.3556, 163.40
715, 1220, 134, 120, 0.5889, 2.0229, 2.0229, 0.0093, 0.5889, 105.80
715, 1154, 52, 61, 0.5000, 20.4310, 12.2862, -16.3241, 0.3000, 155.33
716, 1225, 33, 5, 0.6000, 22.0160, -1.9005, -21.9338, 0.1800, 203.33
716, 1139, 53, 96, 0.9944, 0.3746, -0.2601, -0.2695, 0.9944, 168.00
716, 1154, 44, 44, 0.6587, 16.6344, 0.5301, -16.6259, 0.4611, 161.71
716, 1228, 124, 22, 0.9000, 1.6593, -1.1925, -1.1538, 0.9000, 144.88
716, 1241, 50, -41, 0.5000, 53.3126, 16.3389, -50.7471, 0.1500, 200.33
716, 1243, 95, -3, 0.6111, 5.4414, -1.0355, -5.3420, 0.3056, 163.40
717, 1225, 31, -17, 0.5000, 22.0160, -1.9005, -21.9338, 0.1500, 203.33
717, 1228, 123, 21, 0.8000, 1.6593, -1.1925, -1.1538, 0.8000, 144.88
717, 1139, 53, 96, 0.8944, 0.3746, -0.2601, -0.2695, 0.8944, 168.00
717, 1154, 44, 27, 0.5587, 16.6344, 0.5301, -16.6259, 0.3911, 161.71
717, 1243, 94, -9, 0.5111, 5.4414, -1.0355, -5.3420, 0.2556, 163.40
718, 1245, 34, 27, 0.6000, 32.2184, 26.1338, 18.8428, 0.1800, 216.00
718, 1248, 8, 51, 0.6000, 4.8300, 4.7283, 0.9860, 0.1800, 201.00
719, 1198, 114, 0, 0.7056, 3.2562, -2.4422, -2.1538, 0.2822, 124.00
719, 1223, 62, 85, 0.6000, 36.9739, -9.6509, 35.6922, 0.1800, 202.67
719, 1240, 28, 4, 0.6000, 48.8173, -5.5948, -48.4957, 0.1800, 217.00
719, 1244, 35, 17, 0.6000, 34.2638, 17.0964, -29.6938, 0.1800, 203.00
719, 1254, 0, 41, 0.6000, 0.9524, 0.0000, -0.9524, 0.1800, 226.33
719, 1255, 8, 69, 0.6000, 25.1168, -19.9664, 15.2381, 0.1800, 201.00
719, 1256, 16, 125, 0.6000, 56.7380, 7.6190, 56.2241, 0.1800, 189.33
719, 1245, 60, 46, 0.5000, 32.2184, 26.1338, 18.8428, 0.1500, 216.00
719, 1248, 13, 52, 0.5000, 4.8300, 4.7283, 0.9860, 0.1500, 201.00
720, 1198, 114, 0, 0.7611, 0.2532, -0.1989, -0.1568, 0.3806, 129.80
720, 1248, 30, 54, 0.6556, 11.6830, 11.5800, 1.5484, 0.2622, 199.75
720, 1254, 1, 40, 0.7056, 1.2619, 0.7535, -1.0122, 0.2822, 219.75
720, 1255, 5, 73, 0.6556, 7.3133, -5.4359, 4.8924, 0.2622, 200.50
720, 1119, 6, 88, 0.5250, 3.0861, 2.9244, -0.9860, 0.3150, 255.00
720, 1211, 1, 53, 0.5625, 37.7033, -37.1092, 6.6667, 0.2250, 201.00
720, 1223, 53, 120, 0.5000, 36.9739, -9.6509, 35.6922, 0.1500, 202.67
720, 1240, 23, -44, 0.5000, 48.8173, -5.5948, -48.4957, 0.1500, 217.00
720, 1244, 53, -13, 0.5000, 34.2638, 17.0964, -29.6938, 0.1500, 203.00
720, 1256, 23, 181, 0.5000, 56.7380, 7.6190, 56.2241, 0.1500, 189.33
721, 1198, 114, 0, 0.8167, 0.1039, 0.0751, 0.0718, 0.4900, 131.50
721, 1223, 78, 125, 0.6556, 20.7999, 9.7016, 18.3987, 0.2622, 181.00
721, 1169, 57, 44, 0.5400, 49.4275, -47.0716, 15.0778, 0.2700, 158.00
721, 1248, 41, 47, 0.7111, 12.9233, 11.4883, -5.9185, 0.3556, 201.20
721, 1254, 1, 40, 0.7611, 0.3706, 0.2762, -0.2471, 0.3806, 225.40
721, 1255, 5, 74, 0.7111, 1.3478, -0.1591, 1.3384, 0.3556, 197.10
721, 1119, 8, 87, 0.6341, 2.4892, 2.2757, -1.0085, 0.4439, 254.71
721, 1259, 105, 8, 0.6556, 21.2249, 6.0244, -20.3520, 0.2622, 159.12
722, 1224, 65, 103, 0.6000, 52.8624, 25.1746, 46.4831, 0.1800, 184.33
722, 1248, 68, 39, 0.7667, 26.8425, 25.6864, -7.7929, 0.4600, 204.00
722, 1254, 2, 39, 0.8167, 1.0408, 0.7600, -0.7112, 0.4900, 227.00
722, 1119, 10, 86, 0.6924, 2.2212, 1.9808, -1.0049, 0.5539, 251.19
722, 1223, 87, 144, 0.5556, 20.7999, 9.7016, 18.3987, 0.2222, 181.00
722, 1255, 5, 75, 0.6111, 1.3478, -0.1591, 1.3384, 0.3056, 197.10
722, 1259, 111, -12, 0.5556, 21.2249, 6.0244, -20.3520, 0.2222, 159.12
723, 1248, 97, 46, 0.8222, 28.3260, 27.9230, 4.7609, 0.5756, 198.43
723, 1254, 2, 38, 0.8722, 1.0294, 0.2522, -0.9980, 0.6106, 225.43
723, 1255, 5, 76, 0.7667, 1.1430, 0.0198, 1.1428, 0.4600, 194.75
723, 1119, 13, 85, 0.7500, 2.8954, 2.7170, -1.0006, 0.6750, 247.78
723, 1260, 50, 91, 0.6000, 1.3469, -0.9524, -0.9524, 0.1800, 175.83
723, 1224, 90, 149, 0.5000, 52.8624, 25.1746, 46.4831, 0.1500, 184.33
724, 1237, 45, 1, 0.6000, 1.3450, 0.9511, 0.9511, 0.1800, 238.67
724, 1248, 112, 32, 0.8778, 20.4367, 16.7180, -11.7543, 0.7022, 191.50
724, 1253, 12, 14, 0.6000, 21.8325, 0.9234, -21.8130, 0.1800, 209.67
724, 1254, 12, 40, 0.8778, 9.1420, 9.0593, 1.2267, 0.7022, 222.25
724, 1255, 28, 75, 0.8222, 21.3889, 21.3815, -0.5642, 0.5756, 194.64
724, 1119, 15, 85, 0.8072, 2.2910, 2.2785, -0.2392, 0.8072, 248.50
724, 1260, 50, 90, 0.7056, 1.0447, -0.2587, -1.0122, 0.2822, 175.88
725, 1134, 4, 80, 0.5400, 27.8597, 0.9574, -27.8433, 0.2700, 176.60
725, 1237, 43, 3, 0.7056, 2.1708, -1.2450, 1.7782, 0.2822, 229.50
725, 1254, 18, 38, 0.9333, 5.8481, 5.7812, -0.8825, 0.8400, 220.67
725, 1257, 3, 40, 0.6000, 36.6353, -1.7883, -36.5916, 0.1800, 192.67
725, 1119, 18, 84, 0.8641, 2.8484, 2.7601, -0.7036, 0.8641, 248.64
725, 1260, 49, 89, 0.7611, 1.2494, -0.7345, -1.0107, 0.3806, 174.90
725, 1263, 95, 9, 0.7056, 0.0116, 0.0110, -0.0037, 0.2822, 159.25
725, 1253, 13, -8, 0.5000, 21.8325, 0.9234, -21.8130, 0.1500, 209.67
726, 1134, 20, 33, 0.6000, 46.7351, 13.8516, -44.6352, 0.3600, 181.67
726, 1237, 30, 2, 0.7111, 12.0679, -12.0265, -0.9982, 0.3556, 227.80
726, 1254, 37, 36, 0.9889, 17.6648, 17.5467, -2.0399, 0.9889, 219.00
726, 1257, 7, 12, 0.6556, 29.4532, 3.2296, -29.2756, 0.2622, 193.00
726, 1119, 20, 83, 0.9208, 2.4686, 2.2594, -0.9946, 0.9208, 249.17
726, 1260, 49, 89, 0.8167, 0.3395, -0.2423, -0.2378, 0.4900, 175.75
726, 1263, 95, 9, 0.6056, 0.0116, 0.0110, -0.0037, 0.2422, 159.25
727, 1134, 45, 1, 0.6587, 41.0946, 24.0236, -33.3412, 0.4611, 188.86
727, 1237, 27, 1, 0.7667, 4.4506, -4.4044, -0.6398, 0.4600, 226.83
727, 1254, 73, 44, 1.0000, 34.6798, 33.9898, 6.8834, 1.0000, 217.64
727, 1257, 13, -3, 0.7111, 16.9934, 6.0016, -15.8983, 0.3556, 195.00
727, 1119, 22, 82, 0.9774, 2.2474, 1.9913, -1.0417, 0.9774, 248.58
727, 1258, 36, 51, 0.6000, 37.5492, -22.0815, 30.3702, 0.1800, 199.33
727, 1260, 49, 88, 0.8722, 0.7055, 0.0132, -0.7054, 0.6106, 175.07
727, 1267, 21, 35, 0.6000, 39.9299, -23.8229, 32.0447, 0.1800, 217.17
727, 1263, 95, 9, 0.5056, 0.0116, 0.0110, -0.0037, 0.2022, 159.25
728, 1232, 34, 120, 0.7056, 4.1580, 4.0135, -1.0864, 0.2822, 160.50
728, 1237, 27, 1, 0.8222, 0.1208, 0.0693, -0.0989, 0.5756, 226.29
728, 1119, 25, 81, 1.0000, 2.8865, 2.7011, -1.0177, 1.0000, 248.68
728, 1258, 30, 77, 0.6556, 27.7513, -8.1229, 26.5358, 0.2622, 196.25
728, 1260, 49, 88, 0.9278, 0.2435, 0.0404, -0.2401, 0.7422, 176.44
728, 1263, 108, 8, 0.7111, 5.3636, 5.3477, -0.4127, 0.3556, 158.20
728, 1269, 72, 46, 0.6000, 29.8102, -28.5714, 8.5042, 0.1800, 174.67
728, 1134, 69, -32, 0.5587, 41.0946, 24.0236, -33.3412, 0.3911, 188.86
728, 1257, 19, -18, 0.6111, 16.9934, 6.0016, -15.8983, 0.3056, 195.00
728, 1267, -3, 67, 0.5000, 39.9299, -23.8229, 32.0447, 0.1500, 217.17
729, 1232, 67, 104, 0.7111, 35.8376, 32.2678, -15.5922, 0.3556, 158.40
729, 1252, 88, 102, 0.6000, 54.8763, 54.5855, -5.6424, 0.1800, 146.67
729, 1119, 27, 80, 1.0000, 2.4991, 2.2898, -1.0010, 1.0000, 248.77
729, 1269, 51, 30, 0.6556, 25.1185, -22.0769, -11.9811, 0.2622, 179.75
729, 1270, 109, 2, 0.6000, 21.5920, -14.2857, -16.1905, 0.1800, 134.00
729, 1271, 118, 31, 0.6000, 3.9025, 3.7759, 0.9860, 0.1800, 150.44
729, 1237, 27, 1, 0.7222, 0.1208, 0.0693, -0.0989, 0.5056, 226.29
729, 1258, 21, 103, 0.5556, 27.7513, -8.1229, 26.5358, 0.2222, 196.25
730, 1119, 34, 84, 1.0000, 7.2741, 6.4241, 3.4121, 1.0000, 244.84
730, 1269, 19, 16, 0.7111, 34.3818, -31.0999, -14.6597, 0.3556, 190.00
730, 1270, 88, 1, 0.6556, 20.6605, -20.4573, -2.8905, 0.2622, 154.25
730, 1271, 118, 29, 0.7056, 1.6266, 1.0384, -1.2520, 0.2822, 145.21
730, 1232, 99, 89, 0.6111, 35.8376, 32.2678, -15.5922, 0.3056, 158.40
730, 1252, 142, 97, 0.5000, 54.8763, 54.5855, -5.6424, 0.1500, 146.67
731, 1195, 10, 91, 0.5625, 23.1700, -20.1135, 11.5020, 0.2250, 206.25
731, 1119, 48, 100, 1.0000, 18.8457, 12.5947, 14.0190, 1.0000, 240.15
731, 1270, 84, 1, 0.7111, 5.6466, -5.6395, 0.2827, 0.3556, 172.20
731, 1271, 120, 29, 0.7611, 1.5334, 1.4166, -0.5871, 0.3806, 144.17
731, 1273, 42, 39, 0.6000, 24.9764, -2.8283, 24.8157, 0.1800, 206.67
731, 1274, 48, 7, 0.6000, 0.9866, 0.0336, 0.9860, 0.1800, 215.00
731, 1232, 131, 73, 0.5111, 35.8376, 32.2678, -15.5922, 0.2556, 158.40
732, 1195, 0, 91, 0.6222, 11.7146, -11.5963, 1.6609, 0.3111, 207.20
732, 1270, 85, 2, 0.7667, 0.5328, 0.0654, 0.5288, 0.4600, 180.17
732, 1273, 37, 64, 0.6556, 25.0364, -4.5690, 24.6160, 0.2622, 203.25
732, 1274, 43, 37, 0.6556, 26.2668, -4.5247, 25.8742, 0.2622, 214.00
732, 1119, 60, 114, 0.9000, 18.8457, 12.5947, 14.0190, 0.9000, 240.15
732, 1271, 121, 28, 0.6611, 1.5334, 1.4166, -0.5871, 0.3306, 144.17
733, 1195, -2, 91, 0.6806, 2.4957, -2.4096, 0.6495, 0.4083, 200.92
733, 1119, 83, 106, 1.0000, 18.6857, 18.6076, 1.7064, 1.0000, 233.58
733, 1274, 42, 45, 0.7111, 10.1579, -0.8991, 10.1180, 0.3556, 211.80
733, 1271, 123, 28, 0.5611, 1.5334, 1.4166, -0.5871, 0.2806, 144.17
733, 1273, 33, 89, 0.5556, 25.0364, -4.5690, 24.6160, 0.2222, 203.25
734, 1195, -1, 92, 0.7381, 1.0898, 0.7712, 0.7701, 0.5167, 198.93
734, 1273, 13, 93, 0.7111, 18.6478, -13.5006, 12.8637, 0.3556, 202.80
734, 1274, 43, 45, 0.7667, 0.9097, 0.3163, 0.8529, 0.4600, 211.50
734, 1179, 39, 76, 0.5400, 32.0268, 27.6527, -16.1569, 0.2700, 212.80
734, 1229, 8, 31, 0.5625, 52.2945, -28.5042, -43.8431, 0.2250, 248.75
735, 1195, 0, 94, 0.7951, 1.8536, 0.6434, 1.7384, 0.6361, 196.69
735, 1132, 54, 47, 0.5495, 27.8971, -26.0494, 9.9839, 0.5495, 156.27
735, 1276, 36, 30, 0.6000, 23.4529, -16.9783, -16.1795, 0.1800, 206.33
735, 1179, 45, 72, 0.6000, 10.3760, 9.0050, -5.1547, 0.3600, 219.83
736, 1201, 97, 30, 0.5625, 4.8158, 3.8509, 2.8918, 0.2250, 161.50
736, 1272, 62, 98, 0.7056, 3.6552, -2.2770, 2.8593, 0.2822, 159.00
736, 1133, 8, 29, 0.5250, 0.9082, 0.9068, 0.0499, 0.3150, 217.08
736, 1276, 21, 18, 0.6556, 20.1387, -15.1234, -13.2985, 0.2622, 208.50
736, 1179, 59, 53, 0.6587, 21.9514, 13.4480, -17.3498, 0.4611, 218.57
737, 1201, 102, 34, 0.6222, 6.1443, 4.8243, 3.8052, 0.3111, 160.60
737, 1221, 54, 47, 0.5625, 10.4151, 10.2495, 1.8498, 0.2250, 205.75
737, 1271, 125, 11, 0.8167, 3.8952, 0.6391, -3.8424, 0.4900, 142.81
737, 1133, 8, 28, 0.6341, 0.8278, 0.2777, -0.7798, 0.4439, 218.93
737, 1276, 20, 16, 0.7111, 3.7799, -2.5735, -2.7685, 0.3556, 211.40
737, 1234, 98, 12, 0.5625, 0.9194, -0.9188, 0.0336, 0.2250, 171.75
737, 1272, 60, 101, 0.6056, 3.6552, -2.2770, 2.8593, 0.2422, 159.00
737, 1179, 73, 36, 0.5587, 21.9514, 13.4480, -17.3498, 0.3911, 218.57
738, 1201, 110, 33, 0.6806, 8.1527, 8.1369, -0.5081, 0.4083, 157.00
738, 1218, 50, 71, 0.5625, 2.9806, 2.8252, -0.9498, 0.2250, 230.75
738, 1133, 9, 27, 0.6924, 1.2937, 0.7460, -1.0570, 0.5539, 222.81
738, 1276, 26, 6, 0.7667, 10.7569, 5.8080, -9.0541, 0.4600, 211.67
738, 1234, 98, 12, 0.6722, 0.2624, -0.2624, -0.0037, 0.3361, 169.20
738, 1272, 57, 104, 0.5056, 3.6552, -2.2770, 2.8593, 0.2022, 159.00
739, 1218, 52, 70, 0.6722, 2.5378, 2.3225, -1.0228, 0.3361, 235.60
739, 1221, 58, 47, 0.6222, 0.6277, 0.6231, -0.0755, 0.3111, 206.80
739, 1133, 9, 27, 0.7500, 0.3787, 0.2441, -0.2895, 0.6750, 223.50
739, 1234, 102, 9, 0.7306, 4.4752, 3.8411, -2.2964, 0.4383, 165.83
739, 1201, 119, 32, 0.5806, 8.1527, 8.1369, -0.5081, 0.3483, 157.00
739, 1276, 32, -3, 0.6667, 10.7569, 5.8080, -9.0541, 0.4000, 211.67
740, 1201, 126, 40, 0.7381, 8.7591, 7.7819, 4.0206, 0.5167, 152.57
740, 1218, 55, 69, 0.7306, 2.9541, 2.7743, -1.0149, 0.4383, 238.33
740, 1221, 48, 48, 0.6806, 9.0335, -9.0089, 0.6663, 0.4083, 207.33
740, 1272, 38, 101, 0.7111, 6.9467, -6.9424, 0.2454, 0.3556, 160.20
740, 1133, 9, 26, 0.8072, 0.7186, -0.0142, -0.7185, 0.8072, 224.75
740, 1234, 103, 9, 0.7881, 1.7387, 1.5025, -0.8749, 0.5517, 164.57
741, 1218, 57, 68, 0.7881, 2.4616, 2.2483, -1.0023, 0.5517, 240.00
741, 1221, 42, 52, 0.7381, 6.6401, -5.7451, 3.3294, 0.5167, 206.29
741, 1133, 10, 25, 0.8641, 1.2241, 0.7149, -0.9937, 0.8641, 227.50
741, 1234, 103, 9, 0.8451, 0.0145, 0.0145, 0.0002, 0.6761, 162.62
741, 1238, 113, 6, 0.5625, 2.1451, -0.9188, 1.9384, 0.2250, 190.58
741, 1201, 134, 44, 0.6381, 8.7591, 7.7819, 4.0206, 0.4467, 152.57
742, 1218, 60, 67, 0.8451, 2.9197, 2.7436, -0.9987, 0.6761, 241.88
742, 1133, 10, 25, 0.9208, 0.4041, 0.2845, -0.2871, 0.9208, 229.79
742, 1280, 52, 122, 0.6000, 5.3101, -3.1889, 4.2459, 0.1800, 137.67
742, 1238, 117, 12, 0.6222, 6.7668, 3.5052, 5.7882, 0.3111, 178.87
742, 1201, 142, 48, 0.5381, 8.7591, 7.7819, 4.0206, 0.3767, 152.57
742, 1221, 37, 55, 0.6381, 6.6401, -5.7451, 3.3294, 0.4467, 206.29
742, 1234, 103, 9, 0.7451, 0.0145, 0.0145, 0.0002, 0.5961, 162.62
743, 1218, 62, 66, 0.9019, 2.4651, 2.2535, -0.9992, 0.8117, 242.78
743, 1133, 11, 24, 0.9774, 1.0406, 0.7556, -0.7154, 0.9774, 230.50
743, 1234, 91, 15, 0.8519, 8.0974, -7.3448, 3.4091, 0.7667, 163.11
743, 1238, 105, 33, 0.6806, 21.5731, -10.8129, 18.6676, 0.4083, 174.22
743, 1284, 27, 21, 0.6000, 1.1317, 1.0122, 0.5061, 0.1800, 215.67
743, 1140, 9, 46, 0.5250, 46.1571, -32.1950, -33.0751, 0.3150, 193.50
743, 1280, 49, 126, 0.5000, 5.3101, -3.1889, 4.2459, 0.1500, 137.67
744, 1218, 65, 65, 0.9583, 2.9193, 2.7428, -0.9999, 0.9583, 243.80
744, 1226, 15, 26, 0.5625, 0.0136, -0.0113, -0.0076, 0.2250, 201.00
744, 1133, 11, 24, 1.0000, 0.3622, 0.2643, -0.2476, 1.0000, 230.89
744, 1238, 97, 65, 0.7381, 31.8770, -8.4548, 30.7353, 0.5167, 170.62
744, 1284, 19, 14, 0.6556, 9.2039, -6.8359, -6.1629, 0.2622, 214.50
745, 1218, 68, 64, 1.0000, 3.1694, 3.0075, -1.0001, 1.0000, 244.55
745, 1226, 18, 8, 0.6222, 16.1552, 3.0283, -15.8688, 0.3111, 203.60
745, 1133, 11, 23, 1.0000, 0.7333, -0.0051, -0.7332, 1.0000, 232.17
745, 1284, 16, 2, 0.7111, 12.3267, -4.2196, -11.5820, 0.3556, 211.00
746, 1218, 70, 63, 1.0000, 2.5063, 2.2981, -1.0000, 1.0000, 245.25
746, 1133, 12, 22, 1.0000, 1.2190, 0.6927, -1.0031, 1.0000, 232.09
746, 1278, 29, 24, 0.6000, 12.2870, -6.6059, -10.3601, 0.1800, 209.00
746, 1226, 22, -8, 0.5222, 16.1552, 3.0283, -15.8688, 0.2611, 203.60
746, 1284, 11, -10, 0.6111, 12.3267, -4.2196, -11.5820, 0.3056, 211.00
747, 1218, 73, 63, 1.0000, 2.7225, 2.7100, -0.2609, 1.0000, 245.77
747, 1133, 12, 21, 1.0000, 1.0828, 0.2935, -1.0422, 1.0000, 231.97
747, 1278, 29, 22, 0.6556, 3.1673, -1.1222, -2.9618, 0.2622, 217.25
747, 1194, 106, 28, 0.5400, 16.6534, 7.4446, 14.8967, 0.2700, 147.60
747, 1284, 7, -21, 0.5111, 12.3267, -4.2196, -11.5820, 0.2556, 211.00
748, 1218, 75, 62, 1.0000, 2.3547, 2.2508, -0.6917, 1.0000, 246.29
748, 1133, 13, 21, 1.0000, 0.7999, 0.7451, -0.2910, 1.0000, 232.86
748, 1280, 23, 122, 0.6556, 5.6296, -5.4362, -1.4629, 0.2622, 140.75
748, 1278, 28, 19, 0.5556, 3.1673, -1.1222, -2.9618, 0.2222, 217.25
749, 1264, 110, 11, 0.6000, 6.9873, -3.8783, -5.8121, 0.1800, 142.33
749, 1218, 77, 62, 1.0000, 2.0130, 1.9971, -0.2523, 1.0000, 245.00
749, 1133, 13, 20, 1.0000, 0.7399, 0.2773, -0.6860, 1.0000, 233.13
749, 1278, 31, 24, 0.7111, 1.9598, 1.1863, 1.5600, 0.3556, 217.20
749, 1194, 116, 35, 0.6000, 4.9726, 4.5340, 2.0422, 0.3600, 148.50
749, 1249, 51, 57, 0.5625, 17.4541, -15.2045, 8.5714, 0.2250, 230.50
749, 1280, 18, 121, 0.5556, 5.6296, -5.4362, -1.4629, 0.2222, 140.75
750, 1264, 82, 13, 0.6556, 25.1743, -25.1647, 0.6955, 0.2622, 154.12
750, 1218, 81, 60, 1.0000, 3.7101, 3.4132, -1.4543, 1.0000, 245.62
750, 1133, 13, 19, 1.0000, 0.9738, 0.0044, -0.9737, 1.0000, 232.32
750, 1278, 32, 25, 0.7667, 1.8101, 1.1721, 1.3794, 0.4600, 219.67
750, 1280, 12, 127, 0.7111, 6.1993, -5.5193, 2.8228, 0.3556, 142.80
750, 1249, 39, 75, 0.6222, 20.7744, -12.4311, 16.6447, 0.3111, 223.60
750, 1194, 121, 37, 0.5000, 4.9726, 4.5340, 2.0422, 0.3000, 148.50
751, 1264, 68, 11, 0.7111, 14.9417, -14.8002, -2.0517, 0.3556, 159.70
751, 1218, 83, 59, 1.0000, 2.9248, 2.6132, -1.3137, 1.0000, 245.82
751, 1133, 14, 19, 1.0000, 0.7462, 0.6722, -0.3240, 1.0000, 233.26
751, 1289, 16, 71, 0.6000, 7.4346, 0.0090, 7.4346, 0.1800, 189.67
751, 1290, 104, 61, 0.6000, 47.3368, -10.0247, 46.2631, 0.1800, 139.67
751, 1249, 33, 94, 0.6806, 19.7916, -6.3963, 18.7295, 0.4083, 216.17
751, 1293, 39, 76, 0.6000, 18.9964, 5.7815, -18.0952, 0.1800, 187.67
752, 1264, 55, 4, 0.7667, 14.8182, -13.4427, -6.2349, 0.4600, 171.42
752, 1218, 86, 58, 1.0000, 2.9636, 2.7651, -1.0662, 1.0000, 244.35
752, 1133, 14, 18, 1.0000, 0.7622, 0.3018, -0.7000, 1.0000, 233.98
752, 1289, 21, 80, 0.6556, 9.4167, 4.5467, 8.2463, 0.2622, 183.25
752, 1249, 35, 97, 0.7381, 4.8009, 0.9011, 4.7156, 0.5167, 210.14
752, 1293, 39, 73, 0.6556, 4.9782, 0.7912, -4.9149, 0.2622, 192.75
752, 1294, 66, 9, 0.6000, 12.4356, 10.4762, 6.7003, 0.1800, 213.00
752, 1296, 96, 15, 0.6000, 23.1724, 22.8571, 3.8095, 0.1800, 172.00
752, 1290, 94, 107, 0.5000, 47.3368, -10.0247, 46.2631, 0.1500, 139.67
753, 1264, 30, 3, 0.8222, 23.7541, -23.7207, -1.2591, 0.5756, 178.79
753, 1218, 101, 64, 1.0000, 13.7940, 12.9562, 4.7342, 1.0000, 239.12
753, 1133, 15, 17, 1.0000, 1.2190, 0.7349, -0.9725, 1.0000, 234.80
753, 1194, 124, 38, 0.6587, 1.2710, 1.2007, 0.4169, 0.4611, 144.86
753, 1289, 22, 90, 0.7111, 9.7327, 0.9069, 9.6904, 0.3556, 189.20
753, 1293, 38, 73, 0.7111, 0.5080, -0.4619, -0.2115, 0.3556, 192.60
753, 1294, 73, 12, 0.6556, 8.7703, 8.1200, 3.3141, 0.2622, 205.00
753, 1296, 119, 19, 0.5000, 23.1724, 22.8571, 3.8095, 0.1500, 172.00
754, 1133, 15, 17, 1.0000, 0.4423, 0.2896, -0.3343, 1.0000, 235.52
754, 1289, 27, 118, 0.7667, 26.6688, 5.0337, 26.1895, 0.4600, 181.67
754, 1294, 74, 12, 0.7111, 1.6496, 1.6135, 0.3432, 0.3556, 200.20
754, 1304, 91, 57, 0.6000, 2.0544, 1.8375, -0.9188, 0.1800, 226.67
754, 1264, 6, 2, 0.7222, 23.7541, -23.7207, -1.2591, 0.5056, 178.79
754, 1218, 114, 68, 0.9000, 13.7940, 12.9562, 4.7342, 0.9000, 239.12
754, 1293, 38, 73, 0.6111, 0.5080, -0.4619, -0.2115, 0.3056, 192.60
755, 1133, 15, 16, 1.0000, 0.6941, 0.0144, -0.6940, 1.0000, 235.34
755, 1281, 42, 95, 0.6000, 44.2124, -38.3300, -22.0350, 0.1800, 144.67
755, 1207, 93, 51, 0.5400, 49.7607, -25.0730, -42.9822, 0.2700, 100.60
755, 1300, 29, 1, 0.6000, 12.6127, -12.4840, -1.7977, 0.1800, 216.33
755, 1304, 94, 56, 0.7056, 2.9647, 2.7852, -1.0159, 0.2822, 232.25
755, 1266, 22, 90, 0.5625, 39.1905, -39.0812, 2.9244, 0.2250, 186.50
755, 1308, 31, 5, 0.6000, 22.1947, -3.7759, -21.8711, 0.1800, 224.67
755, 1218, 127, 73, 0.8000, 13.7940, 12.9562, 4.7342, 0.8000, 239.12
755, 1293, 37, 73, 0.5111, 0.5080, -0.4619, -0.2115, 0.2556, 192.60
755, 1294, 76, 12, 0.6111, 1.6496, 1.6135, 0.3432, 0.3056, 200.20
756, 1133, 16, 15, 1.0000, 1.1657, 0.6525, -0.9659, 1.0000, 235.19
756, 1247, 103, 27, 0.5625, 2.0754, -0.9307, 1.8550, 0.2250, 158.75
756, 1293, 37, 72, 0.7667, 0.5698, -0.4015, -0.4044, 0.4600, 193.17
756, 1207, 58, 6, 0.6000, 55.8194, -33.6510, -44.5355, 0.3600, 122.33
756, 1300, 19, 3, 0.6556, 10.8506, -10.7117, 1.7307, 0.2622, 220.00
756, 1302, 16, 127, 0.6000, 4.4504, 4.4504, 0.0000, 0.1800, 151.00
756, 1304, 97, 55, 0.7611, 3.2362, 3.0725, -1.0164, 0.3806, 235.80
756, 1306, 86, 45, 0.6000, 42.3043, 32.1199, 27.5313, 0.1800, 190.67
756, 1308, 28, -1, 0.6556, 8.8515, -3.2989, -8.2138, 0.2622, 223.50
756, 1218, 140, 78, 0.7000, 13.7940, 12.9562, 4.7342, 0.7000, 239.12
756, 1281, 3, 73, 0.5000, 44.2124, -38.3300, -22.0350, 0.1500, 144.67
756, 1294, 77, 12, 0.5111, 1.6496, 1.6135, 0.3432, 0.2556, 200.20
757, 1133, 16, 15, 1.0000, 0.4633, 0.3091, -0.3452, 1.0000, 235.81
757, 1277, 8, 29, 0.6000, 17.4167, 5.7945, 16.4245, 0.1800, 206.67
757, 1246, 102, 36, 0.5625, 16.3213, 9.4777, 13.2875, 0.2250, 165.25
757, 1247, 103, 28, 0.6722, 1.3353, -0.2734, 1.3070, 0.3361, 165.40
757, 1293, 40, 89, 0.8222, 16.3791, 2.3705, 16.2067, 0.5756, 187.57
757, 1300, 12, 11, 0.7111, 9.8033, -6.8814, 6.9821, 0.3556, 218.20
757, 1304, 100, 54, 0.8167, 3.2194, 3.0589, -1.0039, 0.4900, 238.33
757, 1146, 29, 1, 0.5333, 15.2710, -15.1397, -1.9982, 0.5333, 203.07
757, 1311, 85, 95, 0.7056, 2.3828, 2.2605, 0.7535, 0.2822, 144.25
757, 1218, 153, 83, 0.6000, 13.7940, 12.9562, 4.7342, 0.6000, 239.12
757, 1207, 25, -38, 0.5000, 55.8194, -33.6510, -44.5355, 0.3000, 122.33
757, 1302, 20, 127, 0.5000, 4.4504, 4.4504, 0.0000, 0.1500, 151.00
757, 1306, 118, 73, 0.5000, 42.3043, 32.1199, 27.5313, 0.1500, 190.67
757, 1308, 25, -10, 0.5556, 8.8515, -3.2989, -8.2138, 0.2222, 223.50
758, 1133, 17, 14, 1.0000, 1.0005, 0.7250, -0.6895, 1.0000, 236.39
758, 1277, 25, 52, 0.6556, 26.9791, 15.9001, 21.7958, 0.2622, 203.75
758, 1246, 114, 39, 0.6222, 13.0533, 12.5064, 3.7389, 0.3111, 158.20
758, 1247, 102, 30, 0.7306, 1.9143, -0.7424, 1.7645, 0.4383, 165.17
758, 1213, 87, 46, 0.5400, 51.1667, 48.4353, 16.4942, 0.2700, 201.80
758, 1300, 3, 21, 0.7667, 13.3000, -8.7068, 10.0539, 0.4600, 215.67
758, 1304, 102, 53, 0.8722, 2.4636, 2.2519, -0.9991, 0.6106, 240.71
758, 1308, 28, 0, 0.7111, 2.1872, 0.3927, 2.1516, 0.3556, 223.20
758, 1310, 51, 67, 0.6000, 48.2405, 47.7065, -7.1575, 0.1800, 199.00
758, 1311, 85, 95, 0.7611, 0.8733, 0.8285, 0.2762, 0.3806, 144.20
758, 1218, 165, 87, 0.5000, 13.7940, 12.9562, 4.7342, 0.5000, 239.12
759, 1133, 17, 13, 1.0000, 1.0059, 0.3015, -0.9597, 1.0000, 236.83
759, 1277, 37, 71, 0.7111, 22.2903, 11.9340, 18.8265, 0.3556, 202.00
759, 1247, 101, 31, 0.7881, 1.6031, -1.0077, 1.2468, 0.5517, 166.00
759, 1294, 97, 17, 0.7667, 5.6959, 5.5370, 1.3360, 0.4600, 192.83
759, 1304, 105, 52, 0.9278, 2.8790, 2.7001, -0.9991, 0.7422, 241.00
759, 1310, 95, 56, 0.6556, 45.4058, 44.1598, -10.5643, 0.2622, 190.25
759, 1311, 85, 95, 0.8167, 0.0142, -0.0134, -0.0045, 0.4900, 143.83
759, 1246, 127, 42, 0.5222, 13.0533, 12.5064, 3.7389, 0.2611, 158.20
759, 1300, -5, 31, 0.6667, 13.3000, -8.7068, 10.0539, 0.4000, 215.67
760, 1133, 17, 13, 1.0000, 0.3565, 0.0246, -0.3557, 1.0000, 236.60
760, 1247, 101, 32, 0.8451, 1.0232, -0.2800, 0.9842, 0.6761, 165.88
760, 1304, 108, 51, 0.9833, 3.1540, 2.9913, -0.9998, 0.8850, 241.89
760, 1311, 82, 94, 0.8722, 2.5361, -2.4060, -0.8020, 0.6106, 143.71
760, 1277, 49, 89, 0.6111, 22.2903, 11.9340, 18.8265, 0.3056, 202.00
760, 1300, -14, 42, 0.5667, 13.3000, -8.7068, 10.0539, 0.3400, 215.67
760, 1310, 139, 45, 0.5556, 45.4058, 44.1598, -10.5643, 0.2222, 190.25
761, 1133, 18, 12, 1.0000, 0.9335, 0.6338, -0.6853, 1.0000, 237.06
761, 1247, 100, 34, 0.9019, 1.8584, -0.7185, 1.7139, 0.8117, 169.67
761, 1304, 111, 50, 1.0000, 3.2011, 3.0409, -1.0000, 1.0000, 243.20
761, 1305, 126, 85, 0.6000, 16.5795, 5.5475, 15.6239, 0.1800, 100.00
761, 1314, 4, 80, 0.6000, 2.1899, 1.9720, -0.9524, 0.1800, 235.67
761, 1277, 61, 108, 0.5111, 22.2903, 11.9340, 18.8265, 0.2556, 202.00
761, 1311, 80, 93, 0.7722, 2.5361, -2.4060, -0.8020, 0.5406, 143.71
762, 1133, 18, 11, 1.0000, 1.0043, 0.3155, -0.9535, 1.0000, 237.56
762, 1277, 75, 111, 0.7667, 17.8052, 12.9375, 12.2331, 0.4600, 191.17
762, 1247, 99, 35, 0.9583, 1.6243, -0.9945, 1.2843, 0.9583, 169.30
762, 1214, 57, 71, 0.5400, 1.2920, 0.9181, 0.9091, 0.2700, 176.80
762, 1304, 114, 49, 1.0000, 3.1793, 3.0179, -1.0001, 1.0000, 243.64
762, 1230, 33, 75, 0.5400, 6.1405, -2.6404, 5.5438, 0.2700, 197.00
762, 1313, 2, 80, 0.6000, 4.5439, -2.6780, 3.6708, 0.1800, 191.17
762, 1314, 5, 81, 0.7056, 1.3570, 1.2635, 0.4948, 0.2822, 239.75
762, 1305, 131, 100, 0.5000, 16.5795, 5.5475, 15.6239, 0.1500, 100.00
763, 1133, 21, 13, 1.0000, 2.6168, 2.0464, 1.6309, 1.0000, 236.61
763, 1136, 46, 73, 0.5250, 55.6742, 12.5896, -54.2321, 0.3150, 161.50
763, 1247, 98, 37, 1.0000, 2.0404, -1.0395, 1.7557, 1.0000, 170.27
763, 1304, 116, 48, 1.0000, 2.4732, 2.2621, -1.0000, 1.0000, 242.62
763, 1312, 28, 56, 0.6000, 31.5772, -24.4501, -19.9828, 0.1800, 188.67
763, 1314, 7, 81, 0.7611, 1.7604, 1.7337, 0.3052, 0.3806, 242.40
763, 1317, 50, 6, 0.6000, 25.5800, 6.4991, -24.7406, 0.1800, 219.67
763, 1319, 49, 32, 0.6000, 29.5852, -16.1905, -24.7619, 0.1800, 207.00
763, 1313, 0, 83, 0.5000, 4.5439, -2.6780, 3.6708, 0.1500, 191.17
764, 1136, 65, 38, 0.5841, 41.5666, 18.4710, -37.2371, 0.4089, 174.57
764, 1247, 98, 39, 1.0000, 2.0263, -0.2735, 2.0077, 1.0000, 173.58
764, 1214, 46, 71, 0.6000, 5.9801, -5.9801, -0.0299, 0.3600, 180.75
764, 1304, 119, 47, 1.0000, 2.8694, 2.6895, -1.0000, 1.0000, 243.12
764, 1312, 9, 25, 0.6556, 35.5991, -19.6766, -29.6669, 0.2622, 193.00
764, 1314, 9, 81, 0.8167, 2.0063, 2.0058, 0.0443, 0.4900, 244.50
764, 1319, 48, 5, 0.6556, 26.4750, -2.8905, -26.3168, 0.2622, 208.50
764, 1282, 88, 97, 0.5625, 1.3469, 0.9524, 0.9524, 0.2250, 132.25
764, 1323, 73, 87, 0.6000, 45.4445, 7.6527, 44.7955, 0.1800, 196.67
764, 1133, 23, 15, 0.9000, 2.6168, 2.0464, 1.6309, 0.9000, 236.61
764, 1317, 56, -19, 0.5000, 25.5800, 6.4991, -24.7406, 0.1500, 219.67
765, 1136, 86, 5, 0.6424, 39.0864, 20.3945, -33.3438, 0.5139, 174.62
765, 1286, 44, 33, 0.6000, 25.0821, 24.1529, -6.7641, 0.1800, 205.00
765, 1247, 97, 40, 1.0000, 1.4749, -0.6951, 1.3008, 1.0000, 173.54
765, 1214, 32, 66, 0.6587, 14.9863, -14.2088, -4.7643, 0.4611, 182.64
765, 1304, 122, 46, 1.0000, 3.1452, 2.9820, -1.0000, 1.0000, 243.54
765, 1313, 0, 100, 0.6556, 7.3952, -0.3357, 7.3876, 0.2622, 184.38
765, 1314, 20, 70, 0.8222, 13.8284, 9.6436, -9.9109, 0.5756, 237.14
765, 1316, 96, 19, 0.7056, 1.2096, -0.5410, 1.0819, 0.2822, 163.12
765, 1319, 42, 0, 0.7111, 9.4263, -5.0622, -7.9516, 0.3556, 209.00
765, 1282, 89, 97, 0.6722, 1.0447, 1.0122, 0.2587, 0.3361, 132.80
765, 1133, 25, 17, 0.8000, 2.6168, 2.0464, 1.6309, 0.8000, 236.61
765, 1312, -11, -5, 0.5556, 35.5991, -19.6766, -29.6669, 0.2222, 193.00
765, 1323, 80, 131, 0.5000, 45.4445, 7.6527, 44.7955, 0.1500, 196.67
766, 1286, 58, 38, 0.6556, 15.9720, 15.5958, 3.4463, 0.2622, 202.50
766, 1301, 9, 78, 0.6000, 3.4129, -1.8921, -2.8403, 0.1800, 215.67
766, 1214, 17, 64, 0.7167, 14.6551, -14.4337, -2.5378, 0.5733, 184.19
766, 1304, 125, 45, 1.0000, 3.2006, 3.0403, -1.0000, 1.0000, 244.10
766, 1230, 13, 81, 0.6000, 5.7496, -5.7286, 0.4902, 0.3600, 206.17
766, 1316, 78, 16, 0.7111, 16.8655, -16.6234, -2.8478, 0.3556, 168.30
766, 1324, 105, 40, 0.7056, 0.0090, 0.0090, 0.0000, 0.2822, 150.50
766, 1133, 27, 18, 0.7000, 2.6168, 2.0464, 1.6309, 0.7000, 236.61
766, 1136, 106, -28, 0.5424, 39.0864, 20.3945, -33.3438, 0.4339, 174.62
766, 1247, 96, 41, 0.9000, 1.4749, -0.6951, 1.3008, 0.9000, 173.54
766, 1313, 0, 107, 0.5556, 7.3952, -0.3357, 7.3876, 0.2222, 184.38
766, 1319, 37, -8, 0.6111, 9.4263, -5.0622, -7.9516, 0.3056, 209.00
766, 1282, 90, 97, 0.5722, 1.0447, 1.0122, 0.2587, 0.2861, 132.80
767, 1247, 95, 43, 1.0000, 1.7935, -1.0726, 1.4374, 1.0000, 176.07
767, 1301, 9, 78, 0.7056, 0.9670, -0.5368, -0.8043, 0.2822, 209.75
767, 1307, 10, 27, 0.6000, 30.2385, -29.2795, 7.5549, 0.1800, 211.33
767, 1230, 13, 81, 0.6587, 0.1182, -0.1167, -0.0188, 0.4611, 213.14
767, 1325, 38, 63, 0.6000, 13.2524, -9.7694, 8.9546, 0.1800, 205.33
767, 1328, 17, 86, 0.6000, 28.6688, -28.6548, -0.8955, 0.1800, 177.00
767, 1333, 96, 21, 0.6000, 33.3871, 26.7339, -20.0000, 0.1800, 206.67
767, 1133, 29, 20, 0.6000, 2.6168, 2.0464, 1.6309, 0.6000, 236.61
767, 1286, 74, 42, 0.5556, 15.9720, 15.5958, 3.4463, 0.2222, 202.50
767, 1214, 3, 61, 0.6167, 14.6551, -14.4337, -2.5378, 0.4933, 184.19
767, 1304, 128, 44, 0.9000, 3.2006, 3.0403, -1.0000, 0.9000, 244.10
767, 1316, 61, 13, 0.6111, 16.8655, -16.6234, -2.8478, 0.3056, 168.30
767, 1324, 105, 40, 0.6056, 0.0090, 0.0090, 0.0000, 0.2422, 150.50
768, 1247, 94, 44, 1.0000, 1.5289, -1.0414, 1.1194, 1.0000, 176.53
768, 1301, 10, 79, 0.7611, 1.1654, 0.8115, 0.8363, 0.3806, 203.40
768, 1214, 9, 61, 0.7741, 2.6454, -2.3754, -1.1643, 0.6967, 185.61
768, 1230, 16, 81, 0.7167, 2.1161, 2.1153, -0.0598, 0.5733, 218.12
768, 1313, 0, 106, 0.7111, 0.9001, 0.1068, 0.8938, 0.3556, 179.50
768, 1325, 36, 65, 0.6556, 4.1523, -3.0851, 2.7792, 0.2622, 207.50
768, 1333, 109, 13, 0.6556, 17.4014, 14.7707, -9.1998, 0.2622, 190.75
768, 1133, 31, 21, 0.5000, 2.6168, 2.0464, 1.6309, 0.5000, 236.61
768, 1304, 131, 43, 0.8000, 3.2006, 3.0403, -1.0000, 0.8000, 244.10
768, 1307, -20, 34, 0.5000, 30.2385, -29.2795, 7.5549, 0.1500, 211.33
768, 1316, 45, 10, 0.5111, 16.8655, -16.6234, -2.8478, 0.2556, 168.30
768, 1324, 105, 40, 0.5056, 0.0090, 0.0090, 0.0000, 0.2022, 150.50
768, 1328, -12, 85, 0.5000, 28.6688, -28.6548, -0.8955, 0.1500, 177.00
769, 1247, 94, 46, 1.0000, 1.7377, -0.2744, 1.7159, 1.0000, 177.19
769, 1301, 11, 79, 0.8167, 1.2319, 1.1521, 0.4361, 0.4900, 199.83
769, 1313, 3, 99, 0.7667, 6.9879, 2.4773, -6.5341, 0.4600, 178.08
769, 1321, 14, 28, 0.6000, 44.6957, -43.5760, -9.9414, 0.1800, 199.67
769, 1325, 36, 64, 0.7111, 0.9345, 0.1536, -0.9218, 0.3556, 213.80
769, 1304, 134, 42, 0.7000, 3.2006, 3.0403, -1.0000, 0.7000, 244.10
769, 1333, 124, 4, 0.5556, 17.4014, 14.7707, -9.1998, 0.2222, 190.75
770, 1247, 93, 47, 1.0000, 1.4585, -0.6829, 1.2888, 1.0000, 177.94
770, 1301, 19, 81, 0.8222, 7.3665, 7.1967, 1.5725, 0.5756, 207.14
770, 1302, 54, 123, 0.7056, 2.0556, 2.0147, -0.4082, 0.2822, 154.25
770, 1304, 126, 36, 1.0000, 2.6525, -0.5266, -2.5997, 1.0000, 236.03
770, 1324, 100, 35, 0.7611, 2.2924, -1.6210, -1.6209, 0.3806, 152.60
770, 1325, 37, 62, 0.7667, 1.6037, 0.5083, -1.5210, 0.4600, 211.00
770, 1321, -30, 18, 0.5000, 44.6957, -43.5760, -9.9414, 0.1500, 199.67
771, 1247, 93, 49, 1.0000, 1.7515, -0.2565, 1.7326, 1.0000, 178.33
771, 1301, 23, 81, 0.8778, 4.1433, 4.1084, 0.5370, 0.7022, 213.12
771, 1304, 108, 18, 1.0000, 24.0873, -16.8384, -17.2241, 1.0000, 230.85
771, 1324, 96, 22, 0.7667, 13.4124, -3.6539, -12.9051, 0.4600, 156.50
771, 1325, 37, 62, 0.8222, 0.4782, 0.1716, -0.4463, 0.5756, 213.86
771, 1331, 63, 38, 0.6000, 16.5917, -12.5974, 10.7978, 0.1800, 189.33
771, 1332, 51, 39, 0.7056, 2.4297, 0.7795, 2.3012, 0.2822, 206.00
771, 1302, 56, 123, 0.6056, 2.0556, 2.0147, -0.4082, 0.2422, 154.25
772, 1301, 24, 81, 0.9333, 2.0473, 2.0471, -0.0243, 0.8400, 217.56
772, 1302, 80, 106, 0.7111, 16.2574, 13.5836, -8.9326, 0.3556, 149.20
772, 1304, 103, 14, 1.0000, 8.8886, -6.6862, -5.8568, 1.0000, 226.36
772, 983, 118, 20, 0.5495, 39.5373, 27.2970, -28.6019, 0.5495, 190.82
772, 1325, 37, 61, 0.8778, 0.7126, -0.0086, -0.7126, 0.7022, 212.12
772, 1331, 61, 40, 0.6556, 4.5850, -3.1386, 3.3423, 0.2622, 191.00
772, 1283, 65, 94, 0.5625, 2.8571, 2.8571, 0.0000, 0.2250, 169.00
772, 1247, 93, 51, 0.9000, 1.7515, -0.2565, 1.7326, 0.9000, 178.33
772, 1332, 52, 41, 0.6056, 2.4297, 0.7795, 2.3012, 0.2422, 206.00
773, 1247, 91, 51, 1.0000, 1.4162, -0.9997, 1.0031, 1.0000, 178.79
773, 1301, 26, 81, 0.9889, 1.7126, 1.7104, -0.0876, 0.9889, 221.30
773, 1302, 94, 99, 0.7667, 16.0620, 14.1520, -7.5967, 0.4600, 143.83
773, 1315, 32, 48, 0.6000, 43.0972, 11.3396, -41.5786, 0.1800, 207.67
773, 1331, 54, 39, 0.7111, 7.1883, -7.1246, -0.9549, 0.3556, 196.00
773, 1332, 52, 43, 0.5056, 2.4297, 0.7795, 2.3012, 0.2022, 206.00
774, 1247, 91, 52, 1.0000, 1.0080, -0.3251, 0.9542, 1.0000, 178.82
774, 1301, 28, 81, 1.0000, 1.8827, 1.8825, -0.0299, 1.0000, 224.00
774, 1315, 36, 5, 0.6556, 43.0879, 4.7341, -42.8270, 0.2622, 207.75
774, 1282, 89, 106, 0.7306, 1.3451, -0.4082, 1.2817, 0.4383, 127.00
774, 1331, 53, 38, 0.7667, 1.7213, -1.4959, -0.8515, 0.4600, 199.17
774, 1332, 64, 59, 0.7111, 9.4280, 5.2202, 7.8509, 0.3556, 203.40
774, 1283, 68, 95, 0.6722, 1.5432, 1.4462, 0.5387, 0.3361, 167.00
774, 1206, 71, 39, 0.5250, 0.0000, 0.0000, 0.0000, 0.3150, 216.67
775, 1247, 92, 51, 1.0000, 0.8521, 0.7263, -0.4456, 1.0000, 178.50
775, 1265, 69, 96, 0.5625, 29.0380, 0.9706, -29.0218, 0.2250, 139.25
775, 1301, 30, 81, 1.0000, 1.9974, 1.9974, 0.0014, 1.0000, 223.50
775, 1320, 49, 21, 0.6000, 40.4738, 38.5830, -12.2261, 0.1800, 199.67
775, 1330, 64, 20, 0.6000, 13.7591, 4.6174, 12.9612, 0.1800, 204.67
775, 1331, 54, 39, 0.8222, 1.3595, 1.2306, 0.5780, 0.5756, 200.43
775, 1315, 41, -38, 0.5556, 43.0879, 4.7341, -42.8270, 0.2222, 207.75
775, 1282, 89, 107, 0.6306, 1.3451, -0.4082, 1.2817, 0.3783, 127.00
775, 1283, 70, 96, 0.5722, 1.5432, 1.4462, 0.5387, 0.2861, 167.00
776, 1265, 49, 63, 0.6222, 36.9136, -17.0811, -32.7238, 0.3111, 160.00
776, 1301, 32, 82, 1.0000, 2.1578, 2.0161, 0.7688, 1.0000, 225.92
776, 1331, 56, 40, 0.8778, 1.8271, 1.4521, 1.1089, 0.7022, 201.25
776, 1283, 71, 95, 0.7306, 1.4536, 1.4530, -0.0412, 0.4383, 167.50
776, 1206, 48, 50, 0.5841, 14.2231, -12.9297, 5.9261, 0.4089, 213.86
776, 1209, 18, 1, 0.5250, 0.9524, 0.0000, 0.9524, 0.3150, 252.67
776, 1251, 29, 21, 0.5400, 55.5017, -51.3950, -20.9524, 0.2700, 200.00
776, 1247, 92, 51, 0.9000, 0.8521, 0.7263, -0.4456, 0.9000, 178.50
776, 1282, 88, 109, 0.5306, 1.3451, -0.4082, 1.2817, 0.3183, 127.00
776, 1320, 87, 8, 0.5000, 40.4738, 38.5830, -12.2261, 0.1500, 199.67
776, 1330, 68, 33, 0.5000, 13.7591, 4.6174, 12.9612, 0.1500, 204.67
777, 1265, 11, 31, 0.6806, 48.1903, -36.1343, -31.8843, 0.4083, 166.67
777, 1301, 33, 82, 1.0000, 1.2768, 1.2426, 0.2935, 1.0000, 227.64
777, 1282, 96, 101, 0.7881, 3.3906, 2.6954, -2.0570, 0.5517, 124.71
777, 1320, 92, 18, 0.6556, 19.7237, 19.7236, 0.0453, 0.2622, 190.75
777, 1330, 68, 23, 0.6556, 1.9725, 1.9725, -0.0077, 0.2622, 202.12
777, 1283, 73, 95, 0.7881, 1.8818, 1.8814, -0.0404, 0.5517, 165.57
777, 1206, 21, 61, 0.6424, 27.7277, -25.4483, 11.0095, 0.5139, 209.88
777, 1209, 18, 2, 0.6341, 1.0122, 0.0000, 1.0122, 0.4439, 252.43
777, 1247, 93, 50, 0.8000, 0.8521, 0.7263, -0.4456, 0.8000, 178.50
778, 1301, 35, 82, 1.0000, 1.7084, 1.7084, -0.0001, 1.0000, 229.47
778, 1320, 109, 20, 0.7111, 17.4316, 17.3716, 1.4448, 0.3556, 190.00
778, 1330, 69, 23, 0.7111, 1.0729, 1.0688, 0.0937, 0.3556, 210.10
778, 1283, 74, 95, 0.8451, 1.2679, 1.2679, -0.0094, 0.6761, 165.25
778, 1285, 59, 8, 0.5625, 50.9947, 49.3627, -12.7977, 0.2250, 213.00
778, 1209, 18, 2, 0.6924, 0.2471, 0.0000, 0.2471, 0.5539, 251.12
778, 1265, -26, -1, 0.5806, 48.1903, -36.1343, -31.8843, 0.3483, 166.67
778, 1206, -4, 72, 0.5424, 27.7277, -25.4483, 11.0095, 0.4339, 209.88
779, 1301, 37, 82, 1.0000, 1.9982, 1.9977, -0.0426, 1.0000, 230.88
779, 1235, 8, 110, 0.5400, 35.9728, -3.7597, 35.7757, 0.2700, 162.60
779, 1283, 76, 95, 0.9019, 1.7346, 1.7346, 0.0021, 0.8117, 166.11
779, 1285, 104, 6, 0.6222, 45.4167, 45.3102, -3.1093, 0.3111, 200.60
779, 1239, 56, 44, 0.5400, 43.2449, 35.8185, -24.2313, 0.2700, 193.40
779, 1209, 18, 3, 0.7500, 0.7112, 0.0000, 0.7112, 0.6750, 251.56
780, 1301, 39, 82, 1.0000, 2.0416, 2.0415, -0.0166, 1.0000, 232.06
780, 1235, 4, 119, 0.6000, 13.1657, -4.1079, 12.5084, 0.3600, 170.00
780, 1283, 77, 95, 0.9583, 1.2507, 1.2507, 0.0022, 0.9583, 164.40
780, 1239, 101, 10, 0.6000, 55.6885, 44.5947, -33.3545, 0.3600, 186.33
780, 1209, 18, 4, 0.8072, 0.9980, 0.0000, 0.9980, 0.8072, 251.90
780, 1261, 81, 95, 0.5400, 16.9567, -10.4762, 13.3333, 0.2700, 145.80
780, 1285, 149, 3, 0.5222, 45.4167, 45.3102, -3.1093, 0.2611, 200.60
781, 1301, 41, 82, 1.0000, 2.0167, 2.0167, -0.0003, 1.0000, 233.11
781, 1283, 81, 95, 1.0000, 3.2343, 3.2343, 0.0006, 1.0000, 162.36
781, 1209, 18, 4, 0.8641, 0.2852, 0.0000, 0.2852, 0.8641, 252.18
781, 1261, 67, 97, 0.6000, 13.8755, -13.3945, 3.6215, 0.3600, 147.67
781, 1235, 0, 131, 0.5000, 13.1657, -4.1079, 12.5084, 0.3000, 170.00
781, 1239, 146, -24, 0.5000, 55.6885, 44.5947, -33.3545, 0.3000, 186.33
782, 1301, 43, 82, 1.0000, 2.0006, 2.0006, 0.0023, 1.0000, 234.11
782, 1283, 81, 95, 1.0000, 1.1264, 1.1264, -0.0001, 1.0000, 161.33
782, 1209, 18, 5, 0.9208, 0.7180, 0.0000, 0.7180, 0.9208, 252.25
782, 1297, 4, 96, 0.5625, 18.5987, -15.1422, 10.7994, 0.2250, 177.75
782, 1261, 50, 107, 0.6587, 19.7379, -17.2906, 9.5195, 0.4611, 147.29
782, 1336, 71, 38, 0.6000, 47.7961, 9.9876, -46.7409, 0.1800, 173.67
783, 1301, 45, 82, 1.0000, 1.9977, 1.9977, 0.0010, 1.0000, 235.15
783, 1209, 6, 1, 0.9274, 11.0330, -10.4657, -3.4924, 0.9274, 252.19
783, 1250, 44, 68, 0.5400, 34.9828, -22.4404, -26.8370, 0.2700, 160.40
783, 1336, 96, 0, 0.6556, 45.4474, 22.7445, -39.3466, 0.2622, 171.83
783, 1338, 95, 25, 0.7056, 0.0201, -0.0090, -0.0180, 0.2822, 171.00
783, 1283, 83, 95, 0.9000, 1.1264, 1.1264, -0.0001, 0.9000, 161.33
783, 1261, 32, 116, 0.5587, 19.7379, -17.2906, 9.5195, 0.3911, 147.29
784, 1301, 47, 83, 1.0000, 2.1313, 1.9990, 0.7392, 1.0000, 236.00
784, 1283, 84, 96, 1.0000, 1.4078, 1.2988, 0.5431, 1.0000, 160.08
784, 1250, 12, 58, 0.6000, 33.2864, -31.2769, -11.3904, 0.3600, 166.50
784, 1220, 119, 108, 0.5333, 1.7407, 1.7407, -0.0093, 0.5333, 94.13
784, 1261, 16, 106, 0.7167, 16.9502, -16.8270, -2.0396, 0.5733, 148.88
784, 1209, -4, -3, 0.8274, 11.0330, -10.4657, -3.4924, 0.8274, 252.19
784, 1336, 119, -40, 0.5556, 45.4474, 22.7445, -39.3466, 0.2222, 171.83
784, 1338, 95, 25, 0.6056, 0.0201, -0.0090, -0.0180, 0.2422, 171.00
785, 1301, 49, 83, 1.0000, 2.0235, 1.9999, 0.3081, 1.0000, 236.73
785, 1283, 85, 96, 1.0000, 1.0978, 1.0849, 0.1681, 1.0000, 160.14
785, 1342, 112, 3, 0.6556, 9.7215, 5.3874, -8.0922, 0.2622, 153.00
785, 1250, -20, 47, 0.5000, 33.2864, -31.2769, -11.3904, 0.3000, 166.50
785, 1338, 95, 25, 0.5056, 0.0201, -0.0090, -0.0180, 0.2022, 171.00
786, 1301, 51, 83, 1.0000, 2.0002, 2.0001, 0.0168, 1.0000, 237.43
786, 1338, 93, 26, 0.7611, 0.9189, -0.8231, 0.4085, 0.3806, 173.20
786, 1283, 86, 96, 0.9000, 1.0978, 1.0849, 0.1681, 0.9000, 160.14
786, 1342, 117, -6, 0.5556, 9.7215, 5.3874, -8.0922, 0.2222, 153.00
787, 1301, 53, 83, 1.0000, 2.0005, 2.0001, -0.0405, 1.0000, 238.08
787, 1283, 88, 96, 1.0000, 1.5092, 1.5082, -0.0539, 1.0000, 158.67
787, 1275, 58, 55, 0.5400, 11.4933, -7.6190, 8.6050, 0.2700, 214.70
787, 1350, 14, 8, 0.6000, 4.1357, 2.9244, 2.9244, 0.1800, 254.08
787, 1355, 10, 65, 0.6000, 26.4158, -13.2997, -22.8235, 0.1800, 196.00
787, 1338, 92, 26, 0.6611, 0.9189, -0.8231, 0.4085, 0.3306, 173.20
788, 1301, 55, 83, 1.0000, 2.0001, 2.0000, -0.0202, 1.0000, 238.52
788, 1283, 90, 97, 1.0000, 2.0280, 1.8981, 0.7141, 1.0000, 157.06
788, 1309, 32, 115, 0.5625, 8.3616, 5.9125, -5.9125, 0.2250, 137.25
788, 1275, 61, 75, 0.6000, 18.9251, 0.9446, 18.9015, 0.3600, 209.42
788, 1350, 17, 10, 0.7056, 3.7888, 3.0292, 2.2757, 0.2822, 253.96
788, 1353, 2, 2, 0.6000, 17.6724, -15.5635, -8.3721, 0.1800, 215.67
788, 1355, -3, 42, 0.5000, 26.4158, -13.2997, -22.8235, 0.1500, 196.00
789, 1301, 57, 83, 1.0000, 2.0000, 2.0000, -0.0025, 1.0000, 238.96
789, 1283, 92, 97, 1.0000, 2.0557, 2.0319, 0.3116, 1.0000, 155.00
789, 1309, 28, 93, 0.6222, 21.2895, -3.2310, -21.0429, 0.3111, 146.80
789, 1350, 23, 9, 0.7611, 6.1689, 6.0748, -1.0734, 0.3806, 242.17
789, 1355, 24, 27, 0.6556, 20.8271, 9.4023, -18.5840, 0.2622, 199.25
789, 1275, 61, 94, 0.5000, 18.9251, 0.9446, 18.9015, 0.3000, 209.42
789, 1353, -14, -6, 0.5000, 17.6724, -15.5635, -8.3721, 0.1500, 215.67
790, 1301, 59, 83, 1.0000, 2.0000, 2.0000, 0.0021, 1.0000, 239.48
790, 1329, 28, 26, 0.6000, 30.2197, -23.2131, 19.3489, 0.1800, 202.00
790, 1287, 70, 49, 0.5625, 0.9575, 0.9574, -0.0075, 0.2250, 198.62
790, 1309, 14, 65, 0.6806, 29.8519, -12.7866, -26.9747, 0.4083, 155.50
790, 1275, 59, 106, 0.6587, 15.0354, -0.9515, 15.0053, 0.4611, 201.36
790, 1350, 27, 9, 0.8167, 4.1680, 4.1679, 0.0238, 0.4900, 238.64
790, 1355, 23, 13, 0.7111, 13.9923, -0.7003, -13.9748, 0.3556, 210.07
790, 1322, 104, 40, 0.5625, 0.8852, 0.8852, 0.0000, 0.2250, 159.08
790, 1283, 94, 97, 0.9000, 2.0557, 2.0319, 0.3116, 0.9000, 155.00
791, 1301, 61, 84, 1.0000, 2.1228, 2.0000, 0.7115, 1.0000, 238.52
791, 1329, 12, 62, 0.6556, 37.1559, -16.8320, 33.1247, 0.2622, 200.50
791, 1283, 95, 98, 1.0000, 1.5502, 1.4779, 0.4677, 1.0000, 153.22
791, 1287, 81, 74, 0.6222, 24.1009, 10.0775, 21.8929, 0.3111, 194.70
791, 1350, 36, 7, 0.8222, 8.4561, 8.3456, -1.3626, 0.5756, 234.69
791, 1322, 106, 40, 0.6722, 1.7730, 1.7730, 0.0000, 0.3361, 162.87
791, 1305, 83, 84, 0.5250, 54.7254, -36.0792, -41.1481, 0.3150, 102.83
791, 1275, 58, 121, 0.5587, 15.0354, -0.9515, 15.0053, 0.3911, 201.36
792, 1301, 64, 84, 1.0000, 2.7253, 2.7060, 0.3238, 1.0000, 239.09
792, 1283, 97, 98, 1.0000, 1.8277, 1.8225, 0.1375, 1.0000, 151.53
792, 1287, 83, 84, 0.6806, 11.4097, 2.7990, 11.0611, 0.4083, 192.08
792, 1322, 107, 39, 0.7306, 1.5061, 1.2982, -0.7636, 0.4383, 161.06
792, 1133, 25, 27, 0.5069, 5.2232, -5.1643, -0.7826, 0.5069, 212.45
792, 1329, -5, 95, 0.5556, 37.1559, -16.8320, 33.1247, 0.2222, 200.50
792, 1350, 45, 6, 0.7222, 8.4561, 8.3456, -1.3626, 0.5056, 234.69
793, 1301, 66, 84, 1.0000, 2.3257, 2.3255, 0.0333, 1.0000, 239.62
793, 1283, 99, 98, 1.0000, 2.0040, 2.0040, -0.0131, 1.0000, 150.75
793, 1160, 91, 26, 0.5143, 37.5076, 14.4205, -34.6247, 0.3600, 197.29
793, 1322, 109, 39, 0.7881, 1.7894, 1.7655, -0.2911, 0.5517, 161.90
793, 1133, 27, 27, 0.5519, 1.3460, 1.3429, 0.0906, 0.5519, 212.21
793, 1359, 81, 83, 0.6000, 34.3386, 32.3810, -11.4286, 0.1800, 157.00
793, 1350, 53, 5, 0.6222, 8.4561, 8.3456, -1.3626, 0.4356, 234.69
794, 1301, 68, 84, 1.0000, 2.0362, 2.0358, -0.0376, 1.0000, 239.92
794, 1283, 100, 99, 1.0000, 1.4875, 1.3239, 0.6782, 1.0000, 149.71
794, 1160, 112, 0, 0.5722, 33.9567, 19.7985, -27.5876, 0.4578, 191.00
794, 1335, 81, 84, 0.6000, 29.6199, 2.8419, 29.4832, 0.1800, 193.00
794, 1322, 111, 39, 0.8451, 2.0115, 2.0115, -0.0014, 0.6761, 162.54
794, 1133, 26, 14, 0.5974, 11.3212, -0.2647, -11.3181, 0.5974, 212.18
794, 1359, 125, 61, 0.6556, 47.6704, 42.7028, -21.1883, 0.2622, 142.00
794, 1360, 97, 55, 0.6000, 56.6440, 19.0812, 53.3333, 0.1800, 174.00
794, 1350, 61, 3, 0.5222, 8.4561, 8.3456, -1.3626, 0.3656, 234.69
795, 1301, 70, 84, 1.0000, 1.9631, 1.9630, -0.0233, 1.0000, 240.27
795, 1283, 102, 99, 1.0000, 1.7171, 1.6880, 0.3144, 1.0000, 148.23
795, 1350, 62, 1, 0.8778, 6.1065, 5.8858, -1.6267, 0.7022, 229.48
795, 1322, 111, 39, 0.9019, 0.5283, 0.5266, 0.0418, 0.8117, 161.98
795, 1360, 108, 106, 0.6556, 52.7787, 11.9514, 51.4077, 0.2622, 156.50
795, 1335, 84, 113, 0.5000, 29.6199, 2.8419, 29.4832, 0.1500, 193.00
795, 1359, 168, 39, 0.5556, 47.6704, 42.7028, -21.1883, 0.2222, 142.00
796, 1301, 72, 85, 1.0000, 2.0916, 1.9763, 0.6849, 1.0000, 240.44
796, 1283, 104, 99, 1.0000, 1.9659, 1.9656, 0.0352, 1.0000, 148.26
796, 1335, 107, 108, 0.6556, 17.7239, 14.4083, 10.3217, 0.2622, 170.25
796, 1350, 93, 16, 0.9333, 32.6506, 29.4811, 14.0330, 0.8400, 221.54
796, 1322, 114, 38, 0.9583, 2.2893, 2.1681, -0.7351, 0.9583, 160.88
796, 1212, 31, 26, 0.5179, 12.7545, 7.9646, 9.9621, 0.5179, 240.83
796, 1360, 120, 158, 0.5556, 52.7787, 11.9514, 51.4077, 0.2222, 156.50
797, 1301, 74, 85, 1.0000, 2.0227, 1.9948, 0.3346, 1.0000, 240.75
797, 1283, 105, 100, 1.0000, 1.4945, 1.3417, 0.6583, 1.0000, 147.15
797, 1335, 110, 109, 0.7111, 3.9007, 3.7096, 1.2061, 0.3556, 155.40
797, 1354, 21, 63, 0.6000, 54.9191, -49.6706, 23.4295, 0.1800, 218.00
797, 1322, 115, 38, 1.0000, 1.5670, 1.5379, -0.3006, 1.0000, 159.44
797, 1133, 41, 4, 0.6435, 6.3194, 6.1444, -1.4770, 0.6435, 212.05
797, 1363, 80, 91, 0.6000, 17.4272, 0.9928, -17.3989, 0.1800, 142.33
798, 1301, 79, 91, 1.0000, 6.7506, 4.7280, 4.8184, 1.0000, 239.39
798, 1283, 107, 100, 1.0000, 1.7194, 1.6915, 0.3084, 1.0000, 145.82
798, 1354, -3, 86, 0.6556, 35.9128, -27.2190, 23.4277, 0.2622, 208.25
798, 1322, 117, 38, 1.0000, 1.7873, 1.7873, -0.0122, 1.0000, 158.65
798, 1363, 62, 60, 0.6556, 33.2293, -15.6517, -29.3123, 0.2622, 154.75
798, 1366, 10, 44, 0.6000, 15.3442, 7.6527, -13.2997, 0.1800, 237.67
798, 1369, 33, 95, 0.6000, 1.3708, 0.9860, 0.9524, 0.1800, 179.33
799, 1283, 109, 101, 1.0000, 2.0912, 1.9620, 0.7236, 1.0000, 145.13
799, 1292, 5, 58, 0.5625, 1.9275, 1.9275, -0.0038, 0.2250, 227.50
799, 1322, 119, 38, 1.0000, 1.9825, 1.9821, 0.0403, 1.0000, 157.68
799, 1279, 77, 85, 0.5400, 0.0325, 0.0000, -0.0325, 0.2700, 173.30
799, 1301, 84, 96, 0.9000, 6.7506, 4.7280, 4.8184, 0.9000, 239.39
799, 1354, -30, 109, 0.5556, 35.9128, -27.2190, 23.4277, 0.2222, 208.25
799, 1363, 46, 31, 0.5556, 33.2293, -15.6517, -29.3123, 0.2222, 154.75
799, 1366, 17, 31, 0.5000, 15.3442, 7.6527, -13.2997, 0.1500, 237.67
799, 1369, 34, 96, 0.5000, 1.3708, 0.9860, 0.9524, 0.1500, 179.33
800, 1301, 80, 95, 1.0000, 1.9893, -0.3459, 1.9590, 1.0000, 237.15
800, 1283, 110, 102, 1.0000, 1.6715, 1.3522, 0.9826, 1.0000, 143.57
800, 1292, 7, 59, 0.6722, 2.1700, 2.0341, 0.7560, 0.3361, 232.60
800, 1322, 120, 37, 1.0000, 1.4755, 1.2899, -0.7163, 1.0000, 158.27
800, 1279, 80, 85, 0.6500, 3.0361, 3.0361, 0.0134, 0.3900, 186.58
800, 1366, 46, 34, 0.6556, 19.8888, 19.4687, -4.0662, 0.2622, 230.50
800, 1369, 44, 109, 0.6556, 9.5055, 5.8583, 7.4857, 0.2622, 169.25
800, 1334, 43, 0, 0.5625, 14.3174, 14.2857, -0.9524, 0.2250, 220.50
801, 1301, 78, 96, 1.0000, 1.5928, -1.1493, 1.1027, 1.0000, 235.07
801, 1283, 112, 102, 1.0000, 1.7249, 1.6867, 0.3612, 1.0000, 143.59
801, 1292, 8, 59, 0.7306, 1.2886, 1.2585, 0.2768, 0.4383, 236.00
801, 1322, 122, 37, 1.0000, 1.7305, 1.7027, -0.3089, 1.0000, 158.39
801, 1279, 83, 85, 0.7087, 2.6429, 2.6428, 0.0092, 0.4961, 194.64
801, 1364, 25, 15, 0.6000, 52.4476, -52.2525, 4.5202, 0.1800, 202.00
801, 1366, 87, 27, 0.7111, 39.2841, 38.5712, -7.4497, 0.3556, 217.60
801, 1369, 50, 116, 0.5556, 9.5055, 5.8583, 7.4857, 0.2222, 169.25
802, 1301, 78, 98, 1.0000, 1.6458, -0.5034, 1.5670, 1.0000, 232.93
802, 1283, 113, 103, 1.0000, 1.4530, 1.2819, 0.6841, 1.0000, 143.02
802, 1292, 10, 60, 0.7881, 1.8734, 1.7123, 0.7598, 0.5517, 238.43
802, 1322, 124, 37, 1.0000, 1.9827, 1.9826, -0.0214, 1.0000, 157.43
802, 1279, 86, 85, 0.7667, 2.8585, 2.8585, 0.0016, 0.6133, 202.19
802, 1369, 82, 123, 0.7111, 22.4248, 21.2407, 7.1906, 0.3556, 157.00
802, 1334, 90, 0, 0.6222, 25.0092, 25.0092, 0.0567, 0.3111, 210.40
802, 1379, 17, 49, 0.6000, 51.2094, 16.2241, -48.5714, 0.1800, 233.67
802, 1364, -27, 19, 0.5000, 52.4476, -52.2525, 4.5202, 0.1500, 202.00
803, 1283, 115, 105, 1.0000, 2.3437, 1.6922, 1.6215, 1.0000, 142.08
803, 1292, 10, 59, 0.8451, 0.6964, 0.4762, -0.5082, 0.6761, 235.88
803, 1322, 125, 37, 1.0000, 1.3169, 1.3164, 0.0389, 1.0000, 156.37
803, 1279, 88, 85, 0.8241, 2.2370, 2.2370, -0.0007, 0.7417, 208.06
803, 1379, 40, 17, 0.6556, 39.9587, 21.7245, -33.5372, 0.2622, 227.00
803, 1383, 37, 98, 0.6000, 1.3469, 0.9524, 0.9524, 0.1800, 180.33
803, 1301, 77, 99, 0.9000, 1.6458, -0.5034, 1.5670, 0.9000, 232.93
803, 1334, 115, 0, 0.5222, 25.0092, 25.0092, 0.0567, 0.2611, 210.40
804, 1283, 116, 105, 1.0000, 1.4829, 1.3035, 0.7068, 1.0000, 142.56
804, 1292, 13, 61, 0.9019, 2.5115, 2.2043, 1.2035, 0.8117, 237.44
804, 1322, 127, 36, 1.0000, 1.8401, 1.7026, -0.6979, 1.0000, 157.41
804, 1279, 89, 86, 0.8811, 1.4277, 1.2115, 0.7555, 0.8811, 206.65
804, 1373, 26, 59, 0.6000, 45.9874, 23.3951, 39.5918, 0.1800, 226.67
804, 1383, 9, 99, 0.6556, 23.8750, -23.8535, 1.0122, 0.2622, 198.50
804, 1301, 77, 101, 0.8000, 1.6458, -0.5034, 1.5670, 0.8000, 232.93
804, 1379, 62, -16, 0.5556, 39.9587, 21.7245, -33.5372, 0.2222, 227.00
805, 1301, 77, 103, 1.0000, 1.7472, -0.2381, 1.7309, 1.0000, 230.73
805, 1283, 117, 106, 1.0000, 1.2707, 1.0339, 0.7388, 1.0000, 141.13
805, 1292, 14, 61, 0.9583, 1.6471, 1.5526, 0.5500, 0.9583, 239.00
805, 1326, 7, 97, 0.5625, 54.9611, -27.5698, 47.5460, 0.2250, 212.50
805, 1279, 93, 85, 0.9379, 3.1897, 3.1573, -0.4533, 0.9379, 211.05
805, 1373, 34, 100, 0.6556, 41.6941, 10.2850, 40.4056, 0.2622, 208.25
805, 1383, 0, 100, 0.7111, 10.4421, -10.3931, 1.0107, 0.3556, 191.40
805, 1384, 21, 18, 0.7056, 0.7498, -0.0037, 0.7498, 0.2822, 252.00
805, 1387, 50, 36, 0.6000, 29.6187, 29.5574, 1.9048, 0.1800, 203.67
805, 1322, 129, 35, 0.9000, 1.8401, 1.7026, -0.6979, 0.9000, 157.41
806, 1301, 72, 91, 1.0000, 11.0784, -4.3368, -10.1943, 1.0000, 229.06
806, 1283, 118, 108, 1.0000, 1.8454, 0.9635, 1.5740, 1.0000, 140.85
806, 1292, 16, 61, 1.0000, 1.7910, 1.7905, 0.0421, 1.0000, 239.45
806, 1279, 95, 85, 0.9944, 2.5969, 2.5803, -0.2934, 0.9944, 214.54
806, 1384, 21, 18, 0.7611, 0.2705, -0.0057, 0.2704, 0.3806, 252.20
806, 1386, 19, 45, 0.6556, 23.4705, -17.3343, 15.8236, 0.2622, 208.50
806, 1387, 90, 44, 0.6556, 39.5877, 38.9090, 7.2989, 0.2622, 194.75
806, 1322, 130, 35, 0.8000, 1.8401, 1.7026, -0.6979, 0.8000, 157.41
806, 1373, 45, 140, 0.5556, 41.6941, 10.2850, 40.4056, 0.2222, 208.25
806, 1383, -10, 101, 0.6111, 10.4421, -10.3931, 1.0107, 0.3056, 191.40
807, 1283, 119, 109, 1.0000, 1.6643, 0.9747, 1.3491, 1.0000, 141.74
807, 1292, 30, 64, 1.0000, 12.5764, 12.3886, 2.1650, 1.0000, 235.75
807, 1279, 97, 85, 1.0000, 2.0634, 2.0627, -0.0514, 1.0000, 214.38
807, 1382, 31, 40, 0.6000, 31.4301, 18.8750, -25.1314, 0.1800, 187.67
807, 1384, 21, 19, 0.8167, 0.7583, -0.0016, 0.7583, 0.4900, 251.83
807, 1386, 15, 62, 0.7111, 17.4120, -5.5937, 16.4891, 0.3556, 213.40
807, 1387, 127, 55, 0.7111, 38.6862, 37.1405, 10.8264, 0.3556, 177.20
807, 1388, 56, 37, 0.6000, 30.1155, -27.7980, -11.5851, 0.1800, 198.33
807, 1301, 68, 81, 0.9000, 11.0784, -4.3368, -10.1943, 0.9000, 229.06
807, 1322, 132, 34, 0.7000, 1.8401, 1.7026, -0.6979, 0.7000, 157.41
808, 1283, 120, 111, 1.0000, 1.9959, 0.9932, 1.7312, 1.0000, 140.75
808, 1292, 34, 64, 1.0000, 4.8730, 4.7932, 0.8786, 1.0000, 233.62
808, 1279, 100, 85, 1.0000, 2.6776, 2.6775, 0.0231, 1.0000, 216.14
808, 1384, 21, 19, 0.8722, 0.2524, 0.0002, 0.2524, 0.6106, 249.86
808, 1386, 19, 84, 0.7667, 21.8375, 3.4502, 21.5632, 0.4600, 207.50
808, 1072, 35, 39, 0.5281, 51.0740, -50.0649, -10.1023, 0.5281, 122.59
808, 1298, 10, 100, 0.5400, 1.9048, 1.9048, 0.0000, 0.2700, 202.80
808, 1322, 134, 33, 0.6000, 1.8401, 1.7026, -0.6979, 0.6000, 157.41
808, 1382, 50, 15, 0.5000, 31.4301, 18.8750, -25.1314, 0.1500, 187.67
808, 1387, 164, 66, 0.6111, 38.6862, 37.1405, 10.8264, 0.3056, 177.20
808, 1388, 29, 25, 0.5000, 30.1155, -27.7980, -11.5851, 0.1500, 198.33
809, 1283, 121, 112, 1.0000, 1.6637, 1.0010, 1.3288, 1.0000, 141.62
809, 1279, 102, 85, 1.0000, 2.2731, 2.2730, 0.0174, 1.0000, 218.40
809, 1382, 84, 11, 0.6556, 30.5855, 27.5587, -13.2662, 0.2622, 183.75
809, 1384, 22, 19, 0.9278, 0.7564, 0.7563, -0.0120, 0.7422, 245.69
809, 1388, 32, 36, 0.6556, 10.4033, -10.3609, 0.9383, 0.2622, 206.00
809, 1298, 9, 101, 0.6500, 0.7896, -0.2361, 0.7535, 0.3900, 201.50
809, 1292, 38, 65, 0.9000, 4.8730, 4.7932, 0.8786, 0.9000, 233.62
809, 1322, 135, 33, 0.5000, 1.8401, 1.7026, -0.6979, 0.5000, 157.41
809, 1386, 23, 106, 0.6667, 21.8375, 3.4502, 21.5632, 0.4000, 207.50
809, 1387, 202, 77, 0.5111, 38.6862, 37.1405, 10.8264, 0.2556, 177.20
810, 1283, 122, 114, 1.0000, 1.9607, 1.0018, 1.6855, 1.0000, 143.00
810, 1292, 34, 64, 1.0000, 0.2953, -0.1932, -0.2234, 1.0000, 231.14
810, 1279, 105, 85, 1.0000, 2.7423, 2.7423, 0.0038, 1.0000, 215.44
810, 1200, 11, 56, 0.5143, 12.0287, -10.1415, -6.4685, 0.3600, 203.00
810, 1382, 120, 1, 0.7111, 36.0776, 34.6439, -10.0696, 0.3556, 173.00
810, 1384, 22, 20, 0.9833, 0.7703, 0.2987, 0.7100, 0.8850, 246.61
810, 1388, 24, 34, 0.7111, 7.9053, -7.5742, -2.2637, 0.3556, 207.40
810, 1298, 12, 101, 0.7087, 1.9758, 1.9564, 0.2762, 0.4961, 205.43
810, 1295, 38, 0, 0.5400, 41.2688, -41.2594, -0.8801, 0.2700, 192.00
810, 1390, 76, 111, 0.7056, 3.0103, 0.0000, 3.0103, 0.2822, 152.50
810, 1386, 26, 127, 0.5667, 21.8375, 3.4502, 21.5632, 0.3400, 207.50
811, 1283, 123, 116, 1.0000, 2.1940, 1.0008, 1.9525, 1.0000, 144.61
811, 1292, 28, 65, 1.0000, 5.6942, -5.6583, 0.6386, 1.0000, 227.47
811, 1279, 107, 85, 1.0000, 2.2755, 2.2755, -0.0011, 1.0000, 217.59
811, 1367, 84, 75, 0.7611, 2.1745, -0.7806, -2.0295, 0.3806, 155.76
811, 1200, 9, 55, 0.5722, 3.5748, -3.0186, -1.9149, 0.4578, 201.88
811, 1384, 22, 21, 1.0000, 1.0337, 0.0077, 1.0337, 1.0000, 246.95
811, 1298, 13, 100, 0.7667, 1.7254, 1.5446, -0.7689, 0.6133, 205.88
811, 1390, 76, 114, 0.7611, 2.6260, 0.0000, 2.6260, 0.3806, 149.00
811, 1303, 24, 64, 0.5400, 2.1697, 1.9481, 0.9553, 0.2700, 254.20
811, 1343, 82, 53, 0.5625, 44.6681, 37.1765, 24.7619, 0.2250, 201.50
811, 1393, 88, 54, 0.6000, 0.9866, 0.0336, 0.9860, 0.1800, 203.67
812, 1283, 124, 118, 1.0000, 2.2653, 1.0001, 2.0326, 1.0000, 143.52
812, 1279, 110, 86, 1.0000, 2.8199, 2.7261, 0.7214, 1.0000, 214.44
812, 1367, 89, 56, 0.7667, 18.9372, 4.4783, -18.4001, 0.4600, 163.30
812, 1384, 22, 22, 1.0000, 1.0578, -0.0415, 1.0570, 1.0000, 247.68
812, 1298, 15, 102, 0.8241, 2.1812, 1.8312, 1.1849, 0.7417, 206.67
812, 1390, 76, 115, 0.8167, 1.3270, 0.0000, 1.3270, 0.4900, 146.33
812, 1303, 46, 51, 0.6000, 22.3826, 19.4365, -11.0996, 0.3600, 246.17
812, 1393, 98, 66, 0.6556, 13.6150, 8.2849, 10.8041, 0.2622, 190.00
812, 1346, 81, 4, 0.5625, 57.0740, 47.6190, -31.4622, 0.2250, 218.50
813, 1283, 125, 120, 1.0000, 2.2604, 0.9999, 2.0272, 1.0000, 143.37
813, 1279, 112, 85, 1.0000, 2.3106, 2.2754, -0.4014, 1.0000, 214.53
813, 1367, 100, 45, 0.8222, 16.2070, 10.5357, -12.3152, 0.5756, 162.54
813, 1384, 22, 22, 1.0000, 0.2798, -0.0182, 0.2792, 1.0000, 248.29
813, 1298, 16, 102, 0.8811, 1.3665, 1.2417, 0.5704, 0.8811, 209.50
813, 1390, 76, 117, 0.8722, 1.6506, 0.0000, 1.6506, 0.6106, 146.14
813, 1303, 70, 31, 0.6587, 30.1969, 23.6960, -18.7177, 0.4611, 240.43
813, 1393, 99, 68, 0.7111, 3.8154, 2.2684, 3.0678, 0.3556, 182.80
814, 1283, 126, 120, 1.0000, 1.2537, 0.9999, 0.7562, 1.0000, 143.33
814, 1279, 115, 85, 1.0000, 2.7371, 2.7214, -0.2930, 1.0000, 215.35
814, 1367, 102, 44, 0.8778, 3.9170, 3.2937, -2.1201, 0.7022, 163.47
814, 1384, 22, 23, 1.0000, 0.6907, -0.0013, 0.6907, 1.0000, 248.81
814, 1298, 17, 102, 0.9379, 0.9739, 0.9726, 0.0491, 0.9379, 211.27
814, 1303, 96, 2, 0.7167, 38.0818, 25.3132, -28.4511, 0.5733, 230.38
814, 1392, 42, 118, 0.6556, 13.2762, -3.0714, 12.9160, 0.2622, 164.25
814, 1393, 99, 69, 0.7667, 0.5552, 0.4225, 0.3603, 0.4600, 178.83
814, 1341, 91, 56, 0.5625, 39.0900, -17.4365, 34.9857, 0.2250, 163.00
814, 1390, 76, 119, 0.7722, 1.6506, 0.0000, 1.6506, 0.5406, 146.14
815, 1279, 118, 85, 1.0000, 2.9914, 2.9907, -0.0676, 1.0000, 216.62
815, 1372, 84, 5, 0.6000, 56.4040, 56.2751, 3.8112, 0.1800, 219.33
815, 1378, 50, 106, 0.6000, 28.9257, -25.6789, -13.3150, 0.1800, 137.00
815, 1384, 22, 23, 1.0000, 0.2491, 0.0022, 0.2491, 1.0000, 249.25
815, 1298, 19, 102, 0.9944, 1.7067, 1.7054, -0.0643, 0.9944, 211.58
815, 1390, 76, 121, 0.9278, 2.0686, 0.0000, 2.0686, 0.7422, 144.38
815, 1341, 97, 90, 0.6222, 34.4406, 2.4981, 34.3499, 0.3111, 180.78
815, 1347, 86, 41, 0.5625, 37.1765, 0.0000, 37.1765, 0.2250, 210.50
815, 1348, 34, 63, 0.5625, 0.0000, 0.0000, 0.0000, 0.2250, 195.50
815, 1351, 89, 58, 0.5625, 49.9342, 40.9524, 28.5714, 0.2250, 201.25
815, 1398, 8, 32, 0.6000, 31.3979, -7.6863, 30.4426, 0.1800, 220.67
815, 1283, 127, 121, 0.9000, 1.2537, 0.9999, 0.7562, 0.9000, 143.33
815, 1367, 106, 42, 0.7778, 3.9170, 3.2937, -2.1201, 0.6222, 163.47
815, 1303, 121, -27, 0.6167, 38.0818, 25.3132, -28.4511, 0.4933, 230.38
815, 1392, 38, 131, 0.5556, 13.2762, -3.0714, 12.9160, 0.2222, 164.25
816, 1279, 120, 85, 1.0000, 2.3348, 2.3347, 0.0165, 1.0000, 216.55
816, 1378, 46, 103, 0.6556, 8.1085, -7.1984, -3.7325, 0.2622, 144.50
816, 1384, 22, 24, 1.0000, 0.7264, 0.0012, 0.7264, 1.0000, 249.63
816, 1298, 21, 102, 1.0000, 2.0344, 2.0341, -0.0330, 1.0000, 210.73
816, 1390, 75, 123, 0.9833, 2.1803, -0.7697, 2.0399, 0.8850, 144.56
816, 1392, 33, 126, 0.7111, 5.1303, -4.3997, 2.6385, 0.3556, 161.80
816, 1347, 90, 62, 0.6222, 23.9461, 3.7675, 23.6479, 0.3111, 203.00
816, 1348, 32, 66, 0.6722, 3.3698, -1.5070, 3.0140, 0.3361, 206.80
816, 1351, 107, 93, 0.6222, 40.4320, 21.6722, 34.1330, 0.3111, 211.56
816, 1403, 44, 30, 0.6000, 25.7143, 25.7143, 0.0000, 0.1800, 193.00
816, 1406, 48, 31, 0.6000, 38.7539, 18.1289, -34.2521, 0.1800, 239.00
816, 1283, 128, 122, 0.8000, 1.2537, 0.9999, 0.7562, 0.8000, 143.33
816, 1367, 109, 40, 0.6778, 3.9170, 3.2937, -2.1201, 0.5422, 163.47
816, 1372, 141, 9, 0.5000, 56.4040, 56.2751, 3.8112, 0.1500, 219.33
816, 1303, 146, -55, 0.5167, 38.0818, 25.3132, -28.4511, 0.4133, 230.38
816, 1341, 99, 124, 0.5222, 34.4406, 2.4981, 34.3499, 0.2611, 180.78
816, 1398, 1, 62, 0.5000, 31.3979, -7.6863, 30.4426, 0.1500, 220.67
817, 1283, 126, 118, 1.0000, 1.0462, -0.1531, -1.0350, 1.0000, 141.35
817, 1279, 123, 85, 1.0000, 2.6949, 2.6948, 0.0186, 1.0000, 217.61
817, 1378, 48, 104, 0.7111, 1.4925, 1.4495, 0.3559, 0.3556, 146.70
817, 1384, 22, 25, 1.0000, 0.9986, 0.0002, 0.9986, 1.0000, 249.97
817, 1298, 22, 103, 1.0000, 1.5083, 1.3145, 0.7395, 1.0000, 210.54
817, 1390, 75, 125, 1.0000, 2.0283, -0.3015, 2.0058, 1.0000, 144.30
817, 1344, 89, 22, 0.5625, 20.1328, -16.9783, 10.8197, 0.2250, 169.00
817, 1347, 100, 94, 0.6806, 31.8590, 9.0164, 30.5565, 0.4083, 185.33
817, 1348, 34, 67, 0.7306, 1.4732, 0.9748, 1.1046, 0.4383, 208.83
817, 1398, 27, 84, 0.6556, 28.0299, 11.2506, 25.6729, 0.2622, 220.50
817, 1403, 71, 38, 0.6556, 27.4271, 26.5754, 6.7815, 0.2622, 198.25
817, 1406, 75, 23, 0.6556, 27.7826, 25.2558, -11.5766, 0.2622, 219.50
817, 1408, 35, 53, 0.6000, 53.5927, 33.3669, -41.9384, 0.1800, 207.33
817, 1392, 29, 128, 0.6111, 5.1303, -4.3997, 2.6385, 0.3056, 161.80
817, 1351, 129, 127, 0.5222, 40.4320, 21.6722, 34.1330, 0.2611, 211.56
818, 1283, 106, 99, 1.0000, 22.2205, -16.1761, -15.2343, 1.0000, 140.32
818, 1279, 126, 85, 1.0000, 2.9670, 2.9670, 0.0060, 1.0000, 218.88
818, 1200, 5, 52, 0.6296, 0.4124, 0.4018, 0.0928, 0.5667, 202.67
818, 1291, 84, 31, 0.5400, 1.3424, -0.9435, 0.9548, 0.2700, 182.20
818, 1384, 23, 25, 1.0000, 0.7880, 0.7182, 0.3241, 1.0000, 250.15
818, 1298, 23, 103, 1.0000, 1.0216, 0.9736, 0.3093, 1.0000, 211.17
818, 1390, 74, 127, 1.0000, 2.1338, -0.7528, 1.9966, 1.0000, 143.82
818, 1344, 75, 36, 0.6222, 18.9283, -13.6037, 13.1613, 0.3111, 174.60
818, 1348, 35, 68, 0.7881, 1.5475, 1.3556, 0.7465, 0.5517, 215.43
818, 1398, 44, 125, 0.7111, 42.4746, 16.7699, 39.0238, 0.3556, 202.40
818, 1403, 92, 55, 0.7111, 27.0710, 21.6667, 16.2295, 0.3556, 192.60
818, 1404, 48, 31, 0.6556, 13.7111, 13.6292, -1.4964, 0.2622, 216.50
818, 1406, 100, 3, 0.7111, 31.5054, 25.2238, -18.8772, 0.3556, 211.60
818, 1408, 47, 7, 0.6556, 48.4456, 15.0781, -46.0394, 0.2622, 207.00
818, 1357, 88, 9, 0.5625, 1.0202, 0.0336, 1.0196, 0.2250, 212.00
818, 1347, 109, 124, 0.5806, 31.8590, 9.0164, 30.5565, 0.3483, 185.33
819, 1370, 48, 9, 0.6000, 46.3339, 43.3422, -16.3795, 0.1800, 196.00
819, 1200, 13, 76, 0.6867, 24.5656, 8.0903, 23.1952, 0.6867, 200.20
819, 1291, 78, 45, 0.6000, 13.5514, -5.5607, 12.3580, 0.3600, 186.50
819, 1384, 23, 26, 1.0000, 0.7691, 0.3193, 0.6997, 1.0000, 250.25
819, 1298, 24, 103, 1.0000, 0.9413, 0.9412, 0.0166, 1.0000, 213.66
819, 1390, 74, 127, 1.0000, 0.5827, -0.2642, 0.5193, 1.0000, 142.33
819, 1344, 53, 74, 0.6806, 41.2746, -21.0907, 35.4791, 0.4083, 174.17
819, 1348, 37, 68, 0.8451, 1.9049, 1.9006, 0.1271, 0.6761, 220.00
819, 1404, 52, 31, 0.7111, 5.8082, 5.7829, -0.5412, 0.3556, 214.80
819, 1357, 88, 11, 0.6722, 1.7583, -0.0037, 1.7583, 0.3361, 212.80
819, 1279, 129, 85, 0.9000, 2.9670, 2.9670, 0.0060, 0.9000, 218.88
819, 1403, 114, 71, 0.6111, 27.0710, 21.6667, 16.2295, 0.3056, 192.60
819, 1406, 125, -15, 0.6111, 31.5054, 25.2238, -18.8772, 0.3056, 211.60
819, 1408, 62, -39, 0.5556, 48.4456, 15.0781, -46.0394, 0.2222, 207.00
820, 1365, 34, 31, 0.6000, 32.4391, -31.9154, -5.8053, 0.1800, 205.33
820, 1370, 100, 0, 0.6556, 51.2393, 50.3037, -9.7467, 0.2622, 186.25
820, 1291, 90, 64, 0.6587, 20.8577, 10.2963, 18.1392, 0.4611, 188.43
820, 1384, 23, 26, 1.0000, 0.2646, 0.0287, 0.2630, 1.0000, 250.18
820, 1298, 26, 104, 1.0000, 1.8441, 1.7100, 0.6904, 1.0000, 213.21
820, 1390, 76, 121, 1.0000, 5.6792, 2.2092, -5.2319, 1.0000, 138.77
820, 1348, 39, 69, 0.9019, 2.1700, 2.0550, 0.6969, 0.8117, 223.89
820, 1404, 53, 32, 0.7667, 1.2533, 0.9842, 0.7760, 0.4600, 212.67
820, 1357, 89, 12, 0.7306, 1.4835, 0.7578, 1.2754, 0.4383, 212.33
820, 1327, 42, 77, 0.5400, 51.9478, -50.4426, 12.4146, 0.2700, 183.80
820, 1279, 132, 85, 0.8000, 2.9670, 2.9670, 0.0060, 0.8000, 218.88
820, 1344, 32, 109, 0.5806, 41.2746, -21.0907, 35.4791, 0.3483, 174.17
820, 1403, 135, 88, 0.5111, 27.0710, 21.6667, 16.2295, 0.2556, 192.60
821, 1365, 2, 20, 0.6556, 33.7189, -32.0042, -10.6157, 0.2622, 212.50
821, 1291, 94, 69, 0.7167, 8.1598, 4.7365, 6.6444, 0.5733, 187.31
821, 1384, 23, 27, 1.0000, 0.7138, -0.0385, 0.7128, 1.0000, 250.43
821, 1298, 27, 104, 1.0000, 1.3453, 1.3130, 0.2930, 1.0000, 214.64
821, 1348, 40, 70, 0.9583, 1.6331, 1.2846, 1.0084, 0.9583, 227.00
821, 1357, 100, 4, 0.7381, 12.6320, 10.2272, -7.4143, 0.5167, 203.86
821, 1327, 7, 83, 0.6000, 37.7510, -37.0723, 7.1267, 0.3600, 180.33
821, 1279, 135, 85, 0.7000, 2.9670, 2.9670, 0.0060, 0.7000, 218.88
821, 1370, 150, -10, 0.5556, 51.2393, 50.3037, -9.7467, 0.2222, 186.25
821, 1390, 79, 116, 0.9000, 5.6792, 2.2092, -5.2319, 0.9000, 138.77
821, 1404, 54, 33, 0.6667, 1.2533, 0.9842, 0.7760, 0.4000, 212.67
822, 1291, 94, 69, 0.7741, 0.6435, 0.2573, 0.5898, 0.6967, 186.61
822, 1384, 23, 27, 1.0000, 0.2866, -0.0224, 0.2857, 1.0000, 250.64
822, 1298, 29, 104, 1.0000, 1.7475, 1.7474, 0.0193, 1.0000, 213.29
822, 1348, 42, 71, 1.0000, 2.0017, 1.7053, 1.0482, 1.0000, 229.27
822, 1404, 54, 32, 0.8222, 0.4995, 0.4962, 0.0569, 0.5756, 215.43
822, 1159, 49, 77, 0.5000, 18.8301, 0.9762, 18.8047, 0.4500, 217.33
822, 1279, 138, 85, 0.6000, 2.9670, 2.9670, 0.0060, 0.6000, 218.88
822, 1365, -30, 9, 0.5556, 33.7189, -32.0042, -10.6157, 0.2222, 212.50
822, 1390, 81, 111, 0.8000, 5.6792, 2.2092, -5.2319, 0.8000, 138.77
822, 1327, -30, 90, 0.5000, 37.7510, -37.0723, 7.1267, 0.3000, 180.33
823, 1384, 31, 29, 1.0000, 7.1156, 6.9742, 1.4118, 1.0000, 248.93
823, 1298, 30, 104, 1.0000, 1.2794, 1.2789, -0.0377, 1.0000, 211.88
823, 1348, 44, 71, 1.0000, 2.0062, 1.9872, 0.2750, 1.0000, 231.42
823, 1402, 67, 36, 0.6000, 51.3358, 50.6640, 8.2778, 0.1800, 207.67
823, 1404, 55, 32, 0.8778, 0.8631, 0.8627, -0.0287, 0.7022, 215.50
823, 1413, 91, 17, 0.6000, 32.3810, -32.3810, 0.0000, 0.1800, 148.67
823, 1414, 6, 37, 0.6000, 27.4874, -26.6667, 6.6667, 0.1800, 221.33
823, 1415, 82, 32, 0.6000, 12.3810, 11.4286, -4.7619, 0.1800, 188.67
823, 1279, 141, 85, 0.5000, 2.9670, 2.9670, 0.0060, 0.5000, 218.88
824, 1384, 38, 27, 1.0000, 6.9202, 6.7640, -1.4623, 1.0000, 246.85
824, 1298, 31, 104, 1.0000, 1.0055, 1.0053, -0.0198, 1.0000, 213.50
824, 1348, 46, 72, 1.0000, 2.1541, 2.0392, 0.6944, 1.0000, 231.50
824, 1402, 106, 44, 0.6556, 40.9077, 40.1589, 7.7911, 0.2622, 193.50
824, 1404, 56, 32, 0.9333, 1.0199, 1.0197, -0.0187, 0.8400, 216.22
824, 1159, 57, 110, 0.5556, 16.7279, 4.2688, 16.1741, 0.5556, 212.30
824, 1413, 69, 24, 0.6556, 24.6147, -23.8651, 6.0280, 0.2622, 159.50
824, 1415, 83, 31, 0.6556, 3.3628, 3.1041, -1.2934, 0.2622, 188.50
824, 1416, 127, 116, 0.7056, 1.0656, 0.7535, 0.7535, 0.2822, 124.81
824, 1420, 73, 72, 0.6000, 38.1327, -38.0280, -2.8235, 0.1800, 153.33
824, 1414, -21, 43, 0.5000, 27.4874, -26.6667, 6.6667, 0.1500, 221.33
825, 1298, 33, 104, 1.0000, 1.6678, 1.6678, -0.0029, 1.0000, 211.93
825, 1348, 47, 73, 1.0000, 1.6164, 1.2833, 0.9828, 1.0000, 233.18
825, 1404, 57, 32, 0.9889, 1.0268, 1.0268, -0.0030, 0.9889, 217.40
825, 1159, 59, 114, 0.6111, 5.5930, 2.6659, 4.9168, 0.6111, 206.73
825, 1243, 69, 26, 0.5444, 20.6770, -19.0948, 7.9325, 0.5444, 214.75
825, 1420, 22, 63, 0.6556, 50.2297, -49.5367, -8.3148, 0.2622, 165.00
825, 1384, 45, 25, 0.9000, 6.9202, 6.7640, -1.4623, 0.9000, 246.85
825, 1402, 146, 52, 0.5556, 40.9077, 40.1589, 7.7911, 0.2222, 193.50
825, 1413, 45, 30, 0.5556, 24.6147, -23.8651, 6.0280, 0.2222, 159.50
825, 1415, 87, 30, 0.5556, 3.3628, 3.1041, -1.2934, 0.2222, 188.50
825, 1416, 128, 117, 0.6056, 1.0656, 0.7535, 0.7535, 0.2422, 124.81
826, 1384, 53, 15, 1.0000, 9.6640, 7.5120, -6.0797, 1.0000, 244.69
826, 1298, 35, 104, 1.0000, 2.0094, 2.0094, 0.0019, 1.0000, 213.33
826, 1348, 49, 74, 1.0000, 1.9851, 1.6911, 1.0396, 1.0000, 234.50
826, 1404, 58, 32, 1.0000, 1.0074, 1.0074, 0.0016, 1.0000, 217.27
826, 1159, 59, 113, 0.6667, 0.5886, 0.3945, -0.4368, 0.6667, 202.92
826, 1413, 24, 30, 0.7111, 22.2708, -22.1071, 2.6955, 0.3556, 178.20
826, 1415, 92, 22, 0.7111, 6.7193, 4.4162, -5.0642, 0.3556, 189.40
826, 1417, 120, 11, 0.7056, 2.2445, 2.2445, 0.0000, 0.2822, 138.38
826, 1420, -2, 46, 0.7111, 31.5631, -26.9533, -16.4242, 0.3556, 171.40
826, 1371, 3, 77, 0.5625, 52.0420, -20.9188, 47.6527, 0.2250, 223.00
826, 1416, 128, 117, 0.5056, 1.0656, 0.7535, 0.7535, 0.2022, 124.81
827, 1384, 53, 9, 1.0000, 6.5329, 1.5865, -6.3373, 1.0000, 243.26
827, 1298, 36, 104, 1.0000, 1.3565, 1.3565, 0.0013, 1.0000, 215.06
827, 1348, 50, 74, 1.0000, 1.2859, 1.2520, 0.2930, 1.0000, 235.66
827, 1404, 59, 32, 1.0000, 0.9989, 0.9989, 0.0010, 1.0000, 216.00
827, 1415, 105, 6, 0.7667, 20.0138, 12.7761, -15.4053, 0.4600, 185.17
827, 1416, 124, 112, 0.7611, 2.2267, -1.3556, -1.7666, 0.3806, 114.25
827, 1417, 121, 11, 0.7611, 1.5752, 1.5752, 0.0000, 0.3806, 135.70
827, 1371, -1, 106, 0.6222, 31.6776, -6.4481, 31.0143, 0.3111, 221.80
827, 1422, 93, 26, 0.6000, 56.6139, -23.7423, -51.3950, 0.1800, 144.33
827, 1420, -29, 29, 0.6111, 31.5631, -26.9533, -16.4242, 0.3056, 171.40
828, 1298, 38, 104, 1.0000, 1.6983, 1.6983, 0.0003, 1.0000, 216.50
828, 1348, 52, 75, 1.0000, 1.8558, 1.7239, 0.6873, 1.0000, 236.44
828, 1413, 23, 31, 0.8222, 1.5245, 1.4267, 0.5373, 0.5756, 199.86
828, 1416, 118, 82, 0.7667, 28.7335, -6.0180, -28.0962, 0.4600, 112.54
828, 1417, 122, 10, 0.8167, 1.2891, 1.0380, -0.7644, 0.4900, 135.75
828, 1425, 102, 0, 0.6000, 12.9068, 10.4426, -7.5854, 0.1800, 156.67
828, 1426, 96, 12, 0.6000, 1.3708, 0.9524, 0.9860, 0.1800, 161.00
828, 1384, 55, 3, 0.9000, 6.5329, 1.5865, -6.3373, 0.9000, 243.26
828, 1404, 60, 32, 0.9000, 0.9989, 0.9989, 0.0010, 0.9000, 216.00
828, 1415, 118, -10, 0.6667, 20.0138, 12.7761, -15.4053, 0.4000, 185.17
828, 1371, -8, 137, 0.5222, 31.6776, -6.4481, 31.0143, 0.2611, 221.80
828, 1422, 69, -26, 0.5000, 56.6139, -23.7423, -51.3950, 0.1500, 144.33
829, 1298, 39, 104, 1.0000, 1.2705, 1.2705, -0.0001, 1.0000, 217.75
829, 1348, 54, 76, 1.0000, 2.2214, 1.9965, 0.9740, 1.0000, 237.19
829, 1417, 124, 10, 0.8722, 1.7169, 1.6916, -0.2940, 0.6106, 134.79
829, 1377, 58, 115, 0.5625, 50.7997, 49.4375, -11.6852, 0.2250, 158.25
829, 1425, 104, -1, 0.6556, 4.1565, 3.6026, -2.0731, 0.2622, 158.50
829, 1426, 94, 26, 0.6556, 12.4728, -2.0018, 12.3111, 0.2622, 165.50
829, 1384, 57, -4, 0.8000, 6.5329, 1.5865, -6.3373, 0.8000, 243.26
829, 1404, 61, 32, 0.8000, 0.9989, 0.9989, 0.0010, 0.8000, 216.00
829, 1415, 131, -25, 0.5667, 20.0138, 12.7761, -15.4053, 0.3400, 185.17
830, 1298, 41, 104, 1.0000, 1.7021, 1.7021, -0.0001, 1.0000, 216.22
830, 1348, 56, 77, 1.0000, 2.2910, 2.0423, 1.0381, 1.0000, 238.03
830, 1318, 122, 81, 0.5400, 29.6238, 29.5629, 1.8972, 0.2700, 211.53
830, 1404, 64, 26, 1.0000, 3.0665, 1.8217, -2.4668, 1.0000, 214.00
830, 1417, 125, 10, 0.9278, 1.2638, 1.2638, -0.0033, 0.7422, 133.31
830, 1377, 94, 83, 0.6222, 47.9606, 37.8904, -29.4030, 0.3111, 158.20
830, 1425, 105, 0, 0.7111, 0.7604, 0.7258, 0.2267, 0.3556, 158.10
830, 1426, 93, 42, 0.7111, 15.8603, -0.8575, 15.8371, 0.3556, 166.40
830, 1430, 5, 100, 0.6000, 1.2993, 0.9188, -0.9188, 0.1800, 181.67
830, 1384, 58, -10, 0.7000, 6.5329, 1.5865, -6.3373, 0.7000, 243.26
831, 1298, 42, 105, 1.0000, 1.4639, 1.2935, 0.6856, 1.0000, 216.00
831, 1348, 58, 78, 1.0000, 2.2631, 2.0196, 1.0213, 1.0000, 238.78
831, 1318, 127, 82, 0.6000, 9.0883, 8.9960, 1.2917, 0.3600, 196.10
831, 1404, 53, 6, 1.0000, 21.8092, -10.2228, -19.2649, 1.0000, 213.43
831, 1417, 126, 10, 0.9833, 1.0036, 1.0027, 0.0418, 0.8850, 132.39
831, 1425, 105, 1, 0.7667, 1.2632, 0.5164, 1.1528, 0.4600, 156.58
831, 1426, 92, 79, 0.7667, 34.0667, -0.7998, 34.0573, 0.4600, 167.00
831, 1430, 6, 99, 0.7056, 1.4366, 1.0159, -1.0159, 0.2822, 192.92
831, 1384, 60, -16, 0.6000, 6.5329, 1.5865, -6.3373, 0.6000, 243.26
831, 1377, 132, 54, 0.5222, 47.9606, 37.8904, -29.4030, 0.2611, 158.20
832, 1298, 43, 104, 1.0000, 1.0811, 1.0240, -0.3468, 1.0000, 215.26
832, 1348, 58, 87, 1.0000, 7.3812, 0.5901, 7.3576, 1.0000, 235.26
832, 1318, 128, 83, 0.6587, 1.4064, 0.9981, 0.9908, 0.4611, 180.52
832, 1425, 106, 1, 0.8222, 0.9472, 0.8554, 0.4069, 0.5756, 155.93
832, 1430, 8, 99, 0.7611, 1.7978, 1.7799, -0.2528, 0.3806, 204.53
832, 1203, 70, 123, 0.5062, 17.3517, -17.1092, -2.8908, 0.4050, 116.62
832, 1322, 112, 31, 0.5214, 0.1251, 0.1247, -0.0098, 0.5214, 142.29
832, 1432, 25, 25, 0.6000, 33.6278, -30.4426, 14.2857, 0.1800, 200.67
832, 1435, 94, 32, 0.6000, 1.9387, 0.0336, 1.9384, 0.1800, 205.33
832, 1384, 61, -23, 0.5000, 6.5329, 1.5865, -6.3373, 0.5000, 243.26
832, 1417, 127, 10, 0.8833, 1.0036, 1.0027, 0.0418, 0.7950, 132.39
833, 1298, 45, 105, 1.0000, 1.6847, 1.6392, 0.3889, 1.0000, 214.42
833, 1318, 127, 84, 0.7167, 0.9683, -0.1661, 0.9540, 0.5733, 170.95
833, 1425, 102, 13, 0.8778, 11.2625, -3.5683, 10.6823, 0.7022, 155.31
833, 1430, 9, 98, 0.8167, 1.4782, 1.2950, -0.7129, 0.4900, 205.86
833, 1435, 95, 34, 0.7056, 2.1553, 0.7498, 2.0207, 0.2822, 202.00
833, 1381, 62, 76, 0.5625, 38.1594, 37.1765, 8.6050, 0.2250, 198.25
833, 1348, 59, 94, 0.9000, 7.3812, 0.5901, 7.3576, 0.9000, 235.26
833, 1417, 128, 10, 0.7833, 1.0036, 1.0027, 0.0418, 0.7050, 132.39
833, 1432, -5, 39, 0.5000, 33.6278, -30.4426, 14.2857, 0.1500, 200.67
834, 1298, 47, 105, 1.0000, 2.0047, 1.9885, 0.2540, 1.0000, 215.11
834, 1411, 53, 32, 0.6000, 47.2251, -7.6199, -46.6063, 0.1800, 189.67
834, 1417, 127, 18, 1.0000, 3.2608, 0.1627, 3.2567, 1.0000, 130.75
834, 1430, 11, 97, 0.8722, 2.0238, 1.7608, -0.9978, 0.6106, 204.31
834, 1203, 57, 116, 0.5630, 6.0880, -4.9169, -3.5900, 0.5067, 117.44
834, 1432, 4, 57, 0.6556, 18.1916, -7.8945, 16.3894, 0.2622, 198.50
834, 1435, 95, 35, 0.7611, 1.2809, 0.2704, 1.2520, 0.3806, 199.20
834, 1381, 98, 96, 0.6222, 41.0660, 36.4574, 18.9015, 0.3111, 183.40
834, 1348, 60, 101, 0.8000, 7.3812, 0.5901, 7.3576, 0.8000, 235.26
834, 1318, 127, 85, 0.6167, 0.9683, -0.1661, 0.9540, 0.4933, 170.95
834, 1425, 98, 24, 0.7778, 11.2625, -3.5683, 10.6823, 0.6222, 155.31
835, 1298, 48, 106, 1.0000, 1.5678, 1.3875, 0.7300, 1.0000, 215.42
835, 1407, 94, 87, 0.6000, 1.3552, 0.9548, 0.9617, 0.1800, 185.56
835, 1430, 12, 97, 0.9278, 1.2854, 1.2534, -0.2849, 0.7422, 203.27
835, 1203, 63, 85, 0.6194, 28.7419, 5.0867, -28.2882, 0.6194, 130.90
835, 1432, 0, 73, 0.7111, 17.0128, -5.2101, 16.1953, 0.3556, 194.00
835, 1435, 95, 36, 0.8167, 0.9474, -0.0061, 0.9474, 0.4900, 196.33
835, 1021, 33, 65, 0.5402, 33.1767, -30.3692, -13.3568, 0.5402, 167.00
835, 1440, 47, 27, 0.6000, 29.5699, -28.5714, -7.6190, 0.1800, 199.00
835, 1348, 60, 109, 0.7000, 7.3812, 0.5901, 7.3576, 0.7000, 235.26
835, 1318, 127, 86, 0.5167, 0.9683, -0.1661, 0.9540, 0.4133, 170.95
835, 1411, 46, -14, 0.5000, 47.2251, -7.6199, -46.6063, 0.1500, 189.67
835, 1417, 127, 21, 0.9000, 3.2608, 0.1627, 3.2567, 0.9000, 130.75
835, 1381, 135, 115, 0.5222, 41.0660, 36.4574, 18.9015, 0.2611, 183.40
836, 1298, 50, 107, 1.0000, 1.9600, 1.6896, 0.9933, 1.0000, 214.44
836, 1345, 75, 35, 0.5625, 43.5068, 41.6440, 12.5942, 0.2250, 209.75
836, 1400, 46, 27, 0.6000, 28.9115, 26.0470, 12.5469, 0.1800, 207.33
836, 1407, 94, 89, 0.7056, 1.7924, 0.2664, 1.7725, 0.2822, 177.17
836, 1417, 127, 54, 1.0000, 20.1353, -0.0356, 20.1353, 1.0000, 128.59
836, 1430, 14, 96, 0.9833, 1.8825, 1.7402, -0.7179, 0.8850, 203.69
836, 1435, 96, 39, 0.8722, 2.5666, 0.7188, 2.4639, 0.6106, 196.29
836, 1440, 31, 21, 0.6556, 18.7522, -17.5559, -6.5905, 0.2622, 202.00
836, 1348, 61, 116, 0.6000, 7.3812, 0.5901, 7.3576, 0.6000, 235.26
837, 1400, 71, 39, 0.6556, 28.0983, 25.1851, 12.4588, 0.2622, 209.50
837, 1407, 95, 90, 0.7611, 1.4837, 0.7376, 1.2874, 0.3806, 173.73
837, 1430, 15, 95, 1.0000, 1.6034, 1.2589, -0.9929, 1.0000, 208.82
837, 1435, 97, 41, 0.9278, 2.5537, 1.0368, 2.3337, 0.7422, 196.88
837, 1438, 79, 125, 0.6000, 11.6837, 9.8770, 6.2413, 0.1800, 122.33
837, 1440, 23, 23, 0.7111, 8.9760, -8.8268, 1.6298, 0.3556, 204.40
837, 1298, 52, 108, 0.9000, 1.9600, 1.6896, 0.9933, 0.9000, 214.44
837, 1348, 61, 123, 0.5000, 7.3812, 0.5901, 7.3576, 0.5000, 235.26
838, 1298, 52, 108, 1.0000, 1.1493, 1.0233, 0.5232, 1.0000, 213.46
838, 1348, 55, 109, 1.0000, 2.6765, -0.9493, 2.5025, 1.0000, 231.52
838, 1407, 95, 92, 0.8167, 1.7781, 0.2424, 1.7615, 0.4900, 166.78
838, 1376, 49, 92, 0.5625, 14.9487, -1.8542, -14.8333, 0.2250, 175.75
838, 1430, 17, 95, 1.0000, 1.7629, 1.7379, -0.2959, 1.0000, 211.11
838, 1435, 97, 42, 0.9833, 1.3468, 0.3040, 1.3120, 0.8850, 197.22
838, 1438, 94, 124, 0.6556, 14.4644, 14.4607, -0.3278, 0.2622, 117.00
838, 1337, 47, 85, 0.5400, 0.0000, 0.0000, 0.0000, 0.2700, 178.00
838, 1389, 71, 83, 0.5625, 2.0544, 1.8375, 0.9188, 0.2250, 208.50
838, 1339, 61, 6, 0.5400, 43.1618, -41.8711, -10.4762, 0.2700, 161.40
838, 1400, 96, 51, 0.5556, 28.0983, 25.1851, 12.4588, 0.2222, 209.50
838, 1440, 15, 25, 0.6111, 8.9760, -8.8268, 1.6298, 0.3056, 204.40
839, 1407, 95, 92, 0.8722, 0.4911, -0.0136, 0.4909, 0.6106, 162.52
839, 1418, 91, 12, 0.6000, 34.9202, -28.6093, -20.0231, 0.1800, 136.67
839, 1430, 18, 94, 1.0000, 1.4510, 1.2647, -0.7113, 1.0000, 212.10
839, 1435, 98, 44, 1.0000, 1.8216, 0.7158, 1.6750, 1.0000, 196.80
839, 1389, 73, 84, 0.6722, 2.2715, 2.0317, 1.0159, 0.3361, 217.80
839, 1339, 3, 6, 0.6000, 55.8583, -55.8423, -1.3384, 0.3600, 169.67
839, 1443, 34, 35, 0.6000, 14.2839, 0.9524, 14.2521, 0.1800, 210.67
839, 1298, 53, 109, 0.9000, 1.1493, 1.0233, 0.5232, 0.9000, 213.46
839, 1438, 109, 124, 0.5556, 14.4644, 14.4607, -0.3278, 0.2222, 117.00
840, 1298, 55, 109, 1.0000, 1.5515, 1.4778, 0.4726, 1.0000, 212.64
840, 1407, 96, 94, 0.9278, 1.6141, 0.7154, 1.4469, 0.7422, 161.27
840, 1430, 20, 94, 1.0000, 1.7513, 1.7332, -0.2517, 1.0000, 208.71
840, 1435, 97, 44, 1.0000, 0.6946, -0.4981, 0.4841, 1.0000, 194.21
840, 1438, 98, 123, 0.7111, 0.5958, 0.0251, -0.5953, 0.3556, 114.00
840, 1389, 75, 85, 0.7306, 2.2727, 2.0328, 1.0164, 0.4383, 223.67
840, 1418, 63, -8, 0.5000, 34.9202, -28.6093, -20.0231, 0.1500, 136.67
840, 1339, -52, 5, 0.5000, 55.8583, -55.8423, -1.3384, 0.3000, 169.67
840, 1443, 35, 49, 0.5000, 14.2839, 0.9524, 14.2521, 0.1500, 210.67
841, 1298, 71, 121, 1.0000, 16.0811, 13.0589, 9.3845, 1.0000, 210.49
841, 1407, 97, 96, 0.9833, 2.2552, 1.0363, 2.0030, 0.8850, 159.69
841, 1430, 14, 83, 1.0000, 10.5431, -4.5772, -9.4977, 1.0000, 206.37
841, 1435, 99, 47, 1.0000, 3.1286, 1.1654, 2.9034, 1.0000, 193.03
841, 1337, 21, 95, 0.6000, 11.1945, -10.4483, 4.0186, 0.3600, 180.00
841, 1389, 77, 85, 0.7881, 2.0221, 2.0079, 0.2395, 0.5517, 227.29
841, 1443, 9, 55, 0.6556, 17.2195, -14.0639, 9.9357, 0.2622, 206.25
842, 1298, 77, 124, 1.0000, 8.6498, 7.1943, 4.8022, 1.0000, 208.47
842, 1407, 97, 97, 1.0000, 1.3709, 0.3091, 1.3355, 1.0000, 158.42
842, 1435, 99, 50, 1.0000, 2.6671, 0.5618, 2.6073, 1.0000, 191.64
842, 1337, 21, 96, 0.6587, 1.6448, -1.4053, 0.8547, 0.4611, 184.86
842, 1389, 79, 86, 0.8451, 2.1191, 1.9983, 0.7052, 0.6761, 230.50
842, 1443, 0, 93, 0.7111, 36.8628, -9.3149, 35.6665, 0.3556, 207.80
842, 1430, 10, 73, 0.9000, 10.5431, -4.5772, -9.4977, 0.9000, 206.37
843, 1407, 97, 99, 1.0000, 1.7300, -0.0293, 1.7298, 1.0000, 155.38
843, 1435, 100, 51, 1.0000, 1.5961, 0.7895, 1.3872, 1.0000, 190.74
843, 1337, 22, 96, 0.7167, 0.9797, 0.7941, 0.5738, 0.5733, 189.00
843, 1389, 81, 87, 0.9019, 2.2326, 1.9982, 0.9958, 0.8117, 231.89
843, 1396, 36, 18, 0.5625, 41.0581, -36.7460, -18.3166, 0.2250, 203.25
843, 1399, 16, 4, 0.5625, 22.2093, -17.3989, -13.8032, 0.2250, 220.50
843, 1298, 84, 129, 0.9000, 8.6498, 7.1943, 4.8022, 0.9000, 208.47
843, 1430, 5, 64, 0.8000, 10.5431, -4.5772, -9.4977, 0.8000, 206.37
844, 1407, 98, 100, 1.0000, 1.4230, 0.6805, 1.2498, 1.0000, 154.26
844, 1435, 100, 53, 1.0000, 1.6628, 0.2510, 1.6437, 1.0000, 189.76
844, 1389, 83, 89, 0.9583, 2.6859, 1.9995, 1.7934, 0.9583, 227.75
844, 1396, 7, 27, 0.6222, 30.8096, -30.3589, 5.2508, 0.3111, 202.40
845, 1407, 98, 102, 1.0000, 1.7521, 0.2883, 1.7282, 1.0000, 152.40
845, 1435, 101, 55, 1.0000, 2.0663, 0.7081, 1.9412, 1.0000, 188.08
845, 1389, 85, 89, 1.0000, 2.0799, 2.0001, 0.5708, 1.0000, 229.95
845, 1349, 3, 100, 0.5400, 1.3469, 0.9524, 0.9524, 0.2700, 217.60
845, 1396, -23, 32, 0.5222, 30.8096, -30.3589, 5.2508, 0.2611, 202.40
846, 1407, 99, 103, 1.0000, 1.4735, 0.7482, 1.2694, 1.0000, 150.80
846, 1435, 101, 57, 1.0000, 2.0483, 0.2714, 2.0303, 1.0000, 187.25
846, 1389, 87, 90, 1.0000, 2.1215, 2.0001, 0.7072, 1.0000, 231.62
846, 1349, 3, 100, 0.6500, 0.3658, 0.2587, 0.2587, 0.3900, 212.75
846, 1358, 71, 39, 0.5400, 2.1296, -1.9048, 0.9524, 0.2700, 201.20
847, 1407, 99, 105, 1.0000, 1.7511, 0.2757, 1.7293, 1.0000, 150.01
847, 1435, 101, 57, 1.0000, 0.5944, 0.0082, 0.5943, 1.0000, 185.94
847, 1442, 66, 21, 0.6000, 27.4924, 21.6504, 16.9438, 0.1800, 218.33
847, 1340, 7, 99, 0.5400, 55.6684, -44.9782, 32.8013, 0.2700, 207.20
847, 1389, 89, 90, 1.0000, 2.0105, 2.0000, 0.2050, 1.0000, 229.21
847, 1349, 6, 106, 0.6587, 6.1164, 3.0252, 5.3159, 0.4611, 205.79
847, 1401, 34, 15, 0.5625, 0.0336, 0.0000, -0.0336, 0.2250, 229.75
847, 1450, 102, 64, 0.6000, 39.6630, 22.8571, 32.4146, 0.1800, 178.67
848, 1407, 100, 106, 1.0000, 1.4661, 0.7253, 1.2742, 1.0000, 148.35
848, 1374, 98, 43, 0.5625, 21.5250, 18.2029, 11.4883, 0.2250, 192.50
848, 1433, 57, 23, 0.6000, 0.9499, 0.9499, 0.0091, 0.1800, 195.33
848, 1435, 102, 60, 1.0000, 2.8623, 0.6703, 2.7827, 1.0000, 185.00
848, 1442, 81, 32, 0.6556, 19.8299, 16.0377, 11.6627, 0.2622, 208.75
848, 1389, 92, 90, 1.0000, 2.7351, 2.7350, -0.0220, 1.0000, 224.88
848, 1401, 34, 14, 0.6722, 0.7498, 0.0000, -0.7498, 0.3361, 229.40
848, 1349, 9, 111, 0.5587, 6.1164, 3.0252, 5.3159, 0.3911, 205.79
848, 1450, 125, 96, 0.5000, 39.6630, 22.8571, 32.4146, 0.1500, 178.67
849, 1407, 100, 108, 1.0000, 1.7457, 0.2750, 1.7239, 1.0000, 147.39
849, 1433, 71, 14, 0.6556, 14.4803, 12.3521, -7.5568, 0.2622, 192.75
849, 1435, 103, 64, 1.0000, 3.4412, 1.0100, 3.2897, 1.0000, 183.32
849, 1442, 114, 29, 0.7111, 31.3534, 31.3052, -1.7382, 0.3556, 191.60
849, 1389, 94, 92, 1.0000, 2.7125, 2.3106, 1.4209, 1.0000, 225.35
849, 1401, 34, 13, 0.5722, 0.7498, 0.0000, -0.7498, 0.2861, 229.40
850, 1407, 99, 104, 1.0000, 3.0891, -0.7071, -3.0071, 1.0000, 145.15
850, 1389, 96, 93, 1.0000, 2.4225, 2.0192, 1.3383, 1.0000, 225.52
850, 1401, 28, 1, 0.6806, 7.9031, -3.3163, -7.1736, 0.4083, 227.83
850, 1361, 5, 103, 0.5400, 0.9530, 0.0336, 0.9524, 0.2700, 204.60
850, 1452, 21, 5, 0.6000, 22.9135, -22.8908, 1.0196, 0.1800, 212.67
850, 1453, 2, 97, 0.6000, 1.3708, 0.9860, 0.9524, 0.1800, 207.33
850, 1433, 83, 7, 0.5556, 14.4803, 12.3521, -7.5568, 0.2222, 192.75
850, 1435, 104, 67, 0.9000, 3.4412, 1.0100, 3.2897, 0.9000, 183.32
851, 1374, 104, 65, 0.6222, 6.9191, -1.8139, 6.6771, 0.3111, 183.80
851, 1433, 75, 5, 0.7111, 4.3448, 0.3183, -4.3331, 0.3556, 194.40
851, 1435, 105, 69, 1.0000, 2.7231, 1.0411, 2.5162, 1.0000, 181.07
851, 1389, 98, 94, 1.0000, 2.2382, 1.9599, 1.0810, 1.0000, 226.66
851, 1352, 34, 12, 0.5400, 8.8150, 8.3617, 2.7902, 0.2700, 214.80
851, 1358, 53, 45, 0.6500, 4.3433, -4.1486, 1.2860, 0.3900, 198.00
851, 1391, 74, 39, 0.5625, 38.3357, -28.4490, -25.6959, 0.2250, 158.12
851, 1361, 6, 103, 0.6500, 0.7932, 0.7498, 0.2587, 0.3900, 202.92
851, 1453, 3, 97, 0.7056, 1.0412, 1.0085, 0.2587, 0.2822, 209.25
851, 1407, 99, 101, 0.9000, 3.0891, -0.7071, -3.0071, 0.9000, 145.15
851, 1452, -2, 6, 0.5000, 22.9135, -22.8908, 1.0196, 0.1500, 212.67
852, 1318, 114, 108, 0.7741, 1.6876, -0.9372, 1.4034, 0.6967, 163.07
852, 1374, 103, 66, 0.6806, 1.4199, -0.9199, 1.0816, 0.4083, 177.33
852, 1435, 105, 69, 1.0000, 0.7482, 0.3057, 0.6829, 1.0000, 179.61
852, 1389, 100, 95, 1.0000, 2.2097, 1.9793, 0.9823, 1.0000, 225.71
852, 1352, 36, 12, 0.6000, 2.5847, 2.4524, 0.8162, 0.3600, 214.83
852, 1349, 8, 125, 0.7167, 3.3377, -0.6062, 3.2822, 0.5733, 198.06
852, 1358, 51, 52, 0.6587, 7.4585, -2.3230, 7.0876, 0.4611, 197.57
852, 1391, 34, 26, 0.6222, 41.1280, -38.5651, -14.2915, 0.3111, 167.30
852, 1361, 6, 104, 0.7087, 0.7827, 0.2704, 0.7345, 0.4961, 204.36
852, 1453, 4, 97, 0.7611, 1.0054, 1.0049, -0.0291, 0.3806, 210.40
852, 1458, 1, 61, 0.6000, 1.3469, 0.9524, 0.9524, 0.1800, 209.33
852, 1407, 98, 98, 0.8000, 3.0891, -0.7071, -3.0071, 0.8000, 145.15
853, 1375, 120, 30, 0.5625, 40.5449, 39.6025, 8.6908, 0.2250, 162.00
853, 1435, 105, 71, 1.0000, 1.3048, -0.0293, 1.3045, 1.0000, 177.80
853, 1389, 103, 96, 1.0000, 2.8828, 2.7114, 0.9793, 1.0000, 225.67
853, 1349, 4, 126, 0.7741, 3.8051, -3.5806, 1.2876, 0.6967, 192.61
853, 1391, 9, 21, 0.6806, 27.0941, -26.4884, -5.6971, 0.4083, 172.92
853, 1361, 5, 106, 0.7667, 1.9316, -0.7706, 1.7712, 0.6133, 200.81
853, 1453, 5, 98, 0.8167, 1.2302, 1.0006, 0.7157, 0.4900, 212.00
853, 1455, 80, 22, 0.6000, 11.5490, -3.5957, -10.9750, 0.1800, 184.67
853, 1458, 1, 61, 0.7056, 0.3658, 0.2587, 0.2587, 0.2822, 210.25
853, 1374, 102, 67, 0.5806, 1.4199, -0.9199, 1.0816, 0.3483, 177.33
853, 1352, 38, 13, 0.5000, 2.5847, 2.4524, 0.8162, 0.3000, 214.83
853, 1358, 48, 59, 0.5587, 7.4585, -2.3230, 7.0876, 0.3911, 197.57
854, 1435, 106, 73, 1.0000, 1.9851, 0.6263, 1.8837, 1.0000, 176.19
854, 1389, 108, 110, 1.0000, 13.1335, 4.4538, 12.3553, 1.0000, 219.94
854, 1352, 43, 12, 0.6587, 3.6144, 3.6041, -0.2725, 0.4611, 212.00
854, 1349, 0, 127, 0.8311, 4.2800, -4.1898, 0.8742, 0.8311, 186.65
854, 1361, 7, 106, 0.8241, 1.3171, 1.1851, 0.5747, 0.7417, 201.06
854, 1453, 6, 97, 0.8722, 1.1092, 0.9995, -0.4809, 0.6106, 209.86
854, 1455, 80, 20, 0.6556, 3.3920, -1.0861, -3.2134, 0.2622, 183.00
854, 1458, 2, 62, 0.7611, 1.0387, 0.7345, 0.7345, 0.3806, 207.90
854, 1464, 72, 38, 0.6000, 0.9194, -0.9188, 0.0336, 0.1800, 208.67
855, 1435, 106, 75, 1.0000, 2.0834, 0.3069, 2.0607, 1.0000, 174.34
855, 1389, 116, 122, 1.0000, 14.2524, 7.9610, 11.8217, 1.0000, 214.61
855, 1361, 7, 106, 0.8811, 0.5746, 0.5736, -0.0338, 0.8811, 198.75
855, 1453, 7, 98, 0.9278, 1.1024, 0.9997, 0.4646, 0.7422, 207.81
855, 1458, 2, 62, 0.8167, 0.3427, 0.2423, 0.2423, 0.4900, 206.92
855, 1378, 86, 116, 0.5000, 29.4251, -28.7910, -6.0755, 0.4500, 134.56
855, 1464, 72, 38, 0.7056, 0.2624, -0.2624, -0.0037, 0.2822, 205.75
855, 1465, 23, 8, 0.6000, 22.1374, -9.4902, -20.0000, 0.1800, 208.83
855, 1352, 47, 12, 0.5587, 3.6144, 3.6041, -0.2725, 0.3911, 212.00
855, 1455, 78, 16, 0.5556, 3.3920, -1.0861, -3.2134, 0.2222, 183.00
856, 1435, 107, 77, 1.0000, 2.1739, 0.7251, 2.0494, 1.0000, 172.48
856, 1389, 119, 125, 1.0000, 5.4223, 3.5965, 4.0579, 1.0000, 209.22
856, 1444, 78, 13, 0.6000, 47.2900, 45.8768, 11.4745, 0.1800, 193.00
856, 1361, 7, 107, 0.9379, 0.6562, 0.0527, 0.6541, 0.9379, 200.68
856, 1453, 9, 99, 0.9833, 2.0200, 1.7517, 1.0058, 0.8850, 209.28
856, 1456, 3, 21, 0.6000, 18.7361, -5.3566, -17.9540, 0.1800, 211.00
856, 1458, 3, 63, 0.8722, 1.0566, 0.7471, 0.7471, 0.6106, 208.36
856, 1419, 123, 31, 0.5625, 1.3708, 0.9860, 0.9524, 0.2250, 129.75
856, 1427, 87, 37, 0.5625, 1.3708, 0.9524, 0.9860, 0.2250, 192.25
856, 1464, 72, 38, 0.6056, 0.2624, -0.2624, -0.0037, 0.2422, 205.75
856, 1465, 14, -12, 0.5000, 22.1374, -9.4902, -20.0000, 0.1500, 208.83
857, 1435, 107, 79, 1.0000, 2.0370, 0.3054, 2.0140, 1.0000, 171.13
857, 1437, 25, 57, 0.6000, 56.6087, -54.1678, 16.4438, 0.1800, 196.00
857, 1389, 120, 124, 1.0000, 1.7524, 1.7501, -0.0906, 1.0000, 205.90
857, 1361, 7, 108, 0.9944, 1.0165, -0.0638, 1.0145, 0.9944, 202.62
857, 1453, 10, 99, 1.0000, 1.3433, 1.3011, 0.3341, 1.0000, 209.75
857, 1456, 1, 13, 0.6556, 8.7929, -1.6869, -8.6296, 0.2622, 212.50
857, 1458, 3, 63, 0.9278, 0.3617, 0.2557, 0.2557, 0.7422, 208.94
857, 1427, 87, 37, 0.6722, 0.3632, 0.2587, 0.2550, 0.3361, 189.00
857, 1468, 43, 21, 0.6000, 10.2484, -10.2484, 0.0000, 0.1800, 198.00
857, 1428, 105, 14, 0.5625, 31.1968, -6.6667, -30.4762, 0.2250, 138.25
857, 1471, 82, 115, 0.6000, 1.9384, 1.9384, 0.0000, 0.1800, 168.33
857, 1444, 124, 24, 0.5000, 47.2900, 45.8768, 11.4745, 0.1500, 193.00
857, 1464, 71, 38, 0.5056, 0.2624, -0.2624, -0.0037, 0.2022, 205.75
858, 1435, 108, 81, 1.0000, 2.1178, 0.7008, 1.9985, 1.0000, 169.73
858, 1389, 121, 123, 1.0000, 1.1558, 0.9160, -0.7049, 1.0000, 202.41
858, 1352, 54, 24, 0.7167, 4.6709, 2.5283, 3.9275, 0.5733, 210.62
858, 1410, 32, 107, 0.5625, 43.7214, 3.7083, 43.5639, 0.2250, 184.25
858, 1361, 4, 117, 1.0000, 8.7876, -2.2638, 8.4910, 1.0000, 199.19
858, 1453, 11, 99, 1.0000, 1.0101, 1.0100, -0.0146, 1.0000, 209.86
858, 1458, 2, 63, 0.9833, 0.7604, -0.7604, -0.0086, 0.8850, 208.11
858, 1384, 33, 1, 0.5119, 3.8297, -1.4166, -3.5581, 0.5119, 225.76
858, 1419, 112, 45, 0.6222, 9.5897, -5.9940, 7.4857, 0.3111, 133.00
858, 1427, 88, 38, 0.7306, 1.0347, 0.7345, 0.7288, 0.4383, 189.00
858, 1468, 24, 3, 0.6556, 24.4351, -18.0365, -16.4852, 0.2622, 199.50
858, 1471, 84, 115, 0.7056, 2.0207, 2.0207, 0.0000, 0.2822, 169.00
858, 1421, 79, 111, 0.5625, 34.4046, -34.2857, 2.8571, 0.2250, 107.25
858, 1437, -29, 74, 0.5000, 56.6087, -54.1678, 16.4438, 0.1500, 196.00
858, 1456, 0, 5, 0.5556, 8.7929, -1.6869, -8.6296, 0.2222, 212.50
859, 1435, 109, 83, 1.0000, 2.2199, 0.9700, 1.9968, 1.0000, 168.12
859, 1389, 122, 123, 1.0000, 0.8930, 0.8391, -0.3054, 1.0000, 197.51
859, 1352, 76, 39, 0.7741, 26.1458, 21.4118, 15.0046, 0.6967, 207.56
859, 1453, 12, 99, 1.0000, 0.9604, 0.9587, -0.0564, 1.0000, 209.62
859, 1455, 54, 1, 0.7111, 7.5521, -6.4635, -3.9062, 0.3556, 188.60
859, 1458, 3, 64, 1.0000, 0.8142, 0.4051, 0.7062, 1.0000, 206.70
859, 1460, 36, 7, 0.6000, 0.8884, -0.0400, -0.8875, 0.1800, 213.33
859, 1419, 111, 46, 0.6806, 2.5638, -1.6584, 1.9552, 0.4083, 133.33
859, 1471, 86, 116, 0.7611, 2.1554, 2.0156, 0.7636, 0.3806, 164.60
859, 1423, 14, 96, 0.5625, 15.0693, 8.6387, -12.3473, 0.2250, 178.38
859, 1427, 89, 39, 0.6306, 1.0347, 0.7345, 0.7288, 0.3783, 189.00
859, 1468, 6, -13, 0.5556, 24.4351, -18.0365, -16.4852, 0.2222, 199.50
860, 1389, 115, 123, 1.0000, 5.4436, -5.4435, -0.0234, 1.0000, 193.49
860, 1453, 13, 100, 1.0000, 1.2134, 0.9813, 0.7137, 1.0000, 208.42
860, 1456, 4, 10, 0.7111, 1.5997, 1.4757, 0.6177, 0.3556, 212.20
860, 1458, 4, 65, 1.0000, 1.4516, 1.0214, 1.0314, 1.0000, 205.45
860, 1460, 36, 7, 0.7056, 0.2875, 0.0161, -0.2871, 0.2822, 217.00
860, 1471, 87, 116, 0.8167, 1.2722, 1.2385, 0.2911, 0.4900, 170.33
860, 1421, 24, 124, 0.6222, 27.3790, -26.5125, 6.8335, 0.3111, 117.00
860, 1435, 110, 85, 0.9000, 2.2199, 0.9700, 1.9968, 0.9000, 168.12
860, 1419, 110, 48, 0.5806, 2.5638, -1.6584, 1.9552, 0.3483, 133.33
860, 1427, 89, 39, 0.5306, 1.0347, 0.7345, 0.7288, 0.3183, 189.00
861, 1435, 110, 87, 1.0000, 2.0670, 0.5227, 1.9999, 1.0000, 166.22
861, 1453, 13, 100, 1.0000, 0.4097, 0.2676, 0.3102, 1.0000, 206.96
861, 1458, 4, 65, 1.0000, 0.4798, 0.3593, 0.3180, 1.0000, 205.75
861, 1262, 125, 123, 0.5143, 0.9362, 0.9361, -0.0180, 0.3600, 98.43
861, 1464, 79, 41, 0.7611, 1.8384, 1.7079, 0.6804, 0.3806, 201.80
861, 1471, 89, 116, 0.8722, 1.7049, 1.7049, 0.0014, 0.6106, 167.50
861, 1423, 44, 74, 0.6222, 19.6269, 16.1684, -11.1265, 0.3111, 179.90
861, 1460, 36, 7, 0.6056, 0.2875, 0.0161, -0.2871, 0.2422, 217.00
861, 1421, -2, 131, 0.5222, 27.3790, -26.5125, 6.8335, 0.2611, 117.00
862, 1435, 110, 89, 1.0000, 2.0052, 0.1420, 2.0002, 1.0000, 164.76
862, 1453, 4, 94, 1.0000, 9.4937, -8.0303, -5.0641, 1.0000, 206.23
862, 1458, 5, 66, 1.0000, 1.0186, 0.7295, 0.7108, 1.0000, 206.15
862, 1262, 127, 123, 0.6222, 1.7864, 1.7864, 0.0076, 0.4978, 98.62
862, 1460, 37, 5, 0.7611, 1.1599, 0.5562, -1.0179, 0.3806, 219.50
862, 1464, 86, 16, 0.7667, 25.5497, 7.2531, -24.4986, 0.4600, 195.67
862, 1427, 91, 42, 0.7881, 1.3587, 0.7840, 1.1097, 0.5517, 188.86
862, 1467, 5, 19, 0.6000, 2.0679, -0.9141, 1.8549, 0.1800, 208.67
862, 1471, 91, 117, 0.9278, 2.1198, 1.9958, 0.7142, 0.7422, 170.56
862, 1421, 5, 112, 0.6806, 10.7124, -7.2653, -7.8722, 0.4083, 128.50
862, 1423, 76, 44, 0.6806, 41.6132, 30.5684, -28.2354, 0.4083, 180.25
862, 1429, 114, 108, 0.5625, 0.0000, 0.0000, 0.0000, 0.2250, 100.00
863, 1435, 111, 92, 1.0000, 2.7430, 0.6451, 2.6660, 1.0000, 162.89
863, 1458, 5, 66, 1.0000, 0.3569, 0.2532, 0.2516, 1.0000, 205.64
863, 1460, 31, 9, 0.7667, 6.4593, -5.3282, 3.6514, 0.4600, 218.08
863, 1427, 74, 39, 0.7951, 16.7987, -16.6366, -2.3277, 0.6361, 192.50
863, 1471, 93, 117, 0.9833, 2.0610, 2.0417, 0.2819, 0.8850, 169.06
863, 1262, 129, 123, 0.5222, 1.7864, 1.7864, 0.0076, 0.4178, 98.62
863, 1467, 4, 21, 0.5000, 2.0679, -0.9141, 1.8549, 0.1500, 208.67
863, 1423, 107, 16, 0.5806, 41.6132, 30.5684, -28.2354, 0.3483, 180.25
864, 1435, 112, 94, 1.0000, 2.5363, 0.9641, 2.3459, 1.0000, 161.14
864, 1458, 6, 66, 1.0000, 0.7221, 0.7221, -0.0023, 1.0000, 205.73
864, 1467, 8, 34, 0.6556, 8.2045, 1.6591, 8.0350, 0.2622, 206.25
864, 1471, 94, 117, 1.0000, 1.2698, 1.2698, 0.0072, 1.0000, 170.75
864, 1429, 87, 106, 0.6222, 15.1231, -15.0847, -1.0775, 0.3111, 103.60
865, 1458, 6, 67, 1.0000, 0.7351, 0.2736, 0.6822, 1.0000, 206.25
865, 1467, 10, 44, 0.7111, 10.1186, 2.0637, 9.9060, 0.3556, 207.00
865, 1471, 96, 118, 1.0000, 1.8375, 1.6973, 0.7041, 1.0000, 170.32
865, 1429, 80, 109, 0.6806, 8.4626, -7.9676, 2.8518, 0.4083, 109.17
865, 1472, 85, 108, 0.6000, 19.8099, 19.6195, 2.7402, 0.1800, 143.00
865, 1475, 38, 35, 0.6000, 31.6677, 8.6050, -30.4762, 0.1800, 211.67
865, 1476, 10, 120, 0.6000, 20.5025, -7.5854, 19.0476, 0.1800, 197.33
865, 1435, 113, 96, 0.9000, 2.5363, 0.9641, 2.3459, 0.9000, 161.14
866, 1435, 113, 98, 1.0000, 2.0218, 0.5373, 1.9491, 1.0000, 159.57
866, 1458, 7, 65, 1.0000, 1.3482, 0.7248, -1.1368, 1.0000, 205.71
866, 1262, 127, 127, 0.6796, 1.3832, -0.4831, 1.2960, 0.6117, 97.44
866, 1467, 27, 51, 0.7667, 17.0787, 15.1222, 7.9374, 0.4600, 207.00
866, 1471, 98, 118, 1.0000, 2.0063, 1.9855, 0.2887, 1.0000, 172.29
866, 1429, 60, 103, 0.7381, 19.1573, -18.5123, -4.9293, 0.5167, 118.00
866, 1472, 100, 101, 0.6556, 16.1568, 15.2726, -5.2718, 0.2622, 134.00
866, 1475, 50, 7, 0.6556, 31.0827, 12.1200, -28.6223, 0.2622, 211.00
866, 1476, 3, 139, 0.5000, 20.5025, -7.5854, 19.0476, 0.1500, 197.33
867, 1435, 113, 100, 1.0000, 1.9588, 0.1569, 1.9525, 1.0000, 158.30
867, 1467, 33, 67, 0.8222, 16.1471, 6.9442, 14.5776, 0.5756, 207.00
867, 1471, 100, 119, 1.0000, 2.1729, 2.0400, 0.7483, 1.0000, 173.65
867, 1474, 30, 46, 0.6000, 21.9058, -12.5173, 17.9773, 0.1800, 203.00
867, 1458, 8, 64, 0.9000, 1.3482, 0.7248, -1.1368, 0.9000, 205.71
867, 1262, 127, 128, 0.5796, 1.3832, -0.4831, 1.2960, 0.5217, 97.44
867, 1472, 115, 96, 0.5556, 16.1568, 15.2726, -5.2718, 0.2222, 134.00
867, 1475, 63, -22, 0.5556, 31.0827, 12.1200, -28.6223, 0.2222, 211.00
868, 1435, 114, 103, 1.0000, 2.7101, 0.6347, 2.6347, 1.0000, 157.01
868, 1458, 8, 68, 1.0000, 1.5585, 0.5383, 1.4626, 1.0000, 204.72
868, 1262, 121, 121, 0.7367, 4.7607, -3.2948, -3.4363, 0.7367, 94.10
868, 1471, 102, 119, 1.0000, 2.0373, 2.0191, 0.2719, 1.0000, 178.46
868, 1474, 10, 75, 0.6556, 33.4798, -19.0599, 27.5248, 0.2622, 196.25
868, 1446, 7, 94, 0.5625, 15.3275, -13.2997, -7.6190, 0.2250, 189.75
868, 1467, 40, 81, 0.7222, 16.1471, 6.9442, 14.5776, 0.5056, 207.00
869, 1435, 115, 105, 1.0000, 2.5374, 0.9531, 2.3516, 1.0000, 155.36
869, 1458, 9, 68, 1.0000, 1.0330, 0.8599, 0.5724, 1.0000, 204.21
869, 1470, 79, 42, 0.6000, 24.6066, 6.6459, -23.6922, 0.1800, 197.33
869, 1471, 103, 120, 1.0000, 1.4681, 1.2754, 0.7273, 1.0000, 179.17
869, 1441, 63, 35, 0.5625, 28.0341, 11.0733, 25.7545, 0.2250, 206.50
869, 1474, -9, 103, 0.5556, 33.4798, -19.0599, 27.5248, 0.2222, 196.25
870, 1435, 115, 107, 1.0000, 2.1157, 0.4080, 2.0760, 1.0000, 153.91
870, 1458, 9, 69, 1.0000, 0.7934, 0.2986, 0.7351, 1.0000, 203.50
870, 1412, 71, 119, 0.5625, 0.0048, 0.0034, -0.0034, 0.2250, 132.25
870, 1470, 80, 38, 0.6556, 6.9484, 1.8685, -6.6924, 0.2622, 194.25
870, 1471, 105, 120, 1.0000, 1.7048, 1.6828, 0.2729, 1.0000, 183.91
870, 1441, 61, 49, 0.6222, 15.3072, -0.5061, 15.2989, 0.3111, 204.40
870, 1446, 3, 72, 0.6222, 11.4292, -0.8338, -11.3988, 0.3111, 188.40
870, 1431, 64, 36, 0.5625, 34.8759, -20.0000, 28.5714, 0.2250, 180.50
870, 1445, 2, 16, 0.5625, 19.6469, -7.6527, -18.0952, 0.2250, 205.25
871, 1435, 116, 110, 1.0000, 2.6932, 0.6783, 2.6064, 1.0000, 152.78
871, 1458, 9, 68, 1.0000, 0.4563, 0.0012, -0.4563, 1.0000, 203.14
871, 1471, 107, 121, 1.0000, 2.1032, 1.9748, 0.7237, 1.0000, 186.62
871, 1441, 59, 75, 0.6806, 25.2005, -1.6351, 25.1474, 0.4083, 201.33
871, 1431, 60, 41, 0.6222, 10.5237, -6.1857, 8.5138, 0.3111, 185.60
871, 1470, 82, 31, 0.5556, 6.9484, 1.8685, -6.6924, 0.2222, 194.25
871, 1446, 2, 61, 0.5222, 11.4292, -0.8338, -11.3988, 0.2611, 188.40
872, 1435, 117, 112, 1.0000, 2.5068, 0.9312, 2.3274, 1.0000, 151.36
872, 1458, 10, 70, 1.0000, 1.2454, 0.6495, 1.0626, 1.0000, 202.23
872, 1412, 93, 116, 0.6222, 12.4937, 12.3889, -1.6143, 0.3111, 126.60
872, 1471, 109, 122, 1.0000, 2.2679, 2.0392, 0.9926, 1.0000, 186.58
872, 1446, 14, 36, 0.6806, 20.3976, 6.1355, -19.4530, 0.4083, 191.83
872, 1431, 61, 40, 0.6806, 0.6828, 0.3340, -0.5955, 0.4083, 188.00
873, 1435, 117, 114, 1.0000, 2.1084, 0.4000, 2.0701, 1.0000, 150.57
873, 1458, 11, 70, 1.0000, 1.1547, 1.0001, 0.5771, 1.0000, 202.52
873, 1470, 100, 12, 0.7111, 12.0816, 7.8619, -9.1736, 0.3556, 186.20
873, 1471, 111, 122, 1.0000, 2.0486, 2.0217, 0.3308, 1.0000, 190.18
873, 1412, 106, 114, 0.5222, 12.4937, 12.3889, -1.6143, 0.2611, 126.60
874, 1435, 118, 117, 1.0000, 2.6805, 0.6686, 2.5957, 1.0000, 149.99
874, 1458, 11, 71, 1.0000, 0.8698, 0.3689, 0.7877, 1.0000, 202.12
874, 1362, 58, 122, 0.5400, 20.6153, 9.6044, 18.2414, 0.2700, 154.60
874, 1288, 47, 86, 0.5143, 0.0035, 0.0025, -0.0025, 0.3600, 179.00
874, 1471, 113, 123, 1.0000, 2.1211, 2.0035, 0.6964, 1.0000, 189.97
874, 1431, 60, 39, 0.7951, 0.7442, -0.7232, -0.1754, 0.6361, 192.12
875, 1435, 119, 119, 1.0000, 2.5084, 0.9247, 2.3318, 1.0000, 149.34
875, 1458, 4, 62, 1.0000, 9.0927, -5.4756, -7.2591, 1.0000, 201.72
875, 1288, 61, 88, 0.5722, 12.1699, 12.0758, 1.5108, 0.4578, 177.88
875, 1471, 115, 122, 1.0000, 2.0449, 1.9981, -0.4348, 1.0000, 188.86
875, 1431, 60, 39, 0.8519, 0.3040, -0.3014, 0.0395, 0.7667, 196.89
875, 1434, 103, 13, 0.5625, 23.1079, -21.8039, 7.6527, 0.2250, 141.50
876, 1471, 117, 123, 1.0000, 2.0344, 1.9985, 0.3806, 1.0000, 187.51
876, 1449, 54, 11, 0.5625, 12.8110, 12.6842, -1.7977, 0.2250, 207.25
876, 1434, 100, 14, 0.6222, 5.6019, -5.2071, 2.0657, 0.3111, 143.40
876, 1435, 120, 121, 0.9000, 2.5084, 0.9247, 2.3318, 0.9000, 149.34
877, 1461, 33, 16, 0.6000, 14.6504, -14.5219, -1.9369, 0.1800, 204.67
877, 1463, 76, 34, 0.6000, 18.6085, -2.8969, 18.3817, 0.1800, 186.00
877, 1288, 75, 102, 0.6296, 10.0837, 6.4877, 7.7195, 0.5667, 173.22
877, 1471, 119, 124, 1.0000, 2.2119, 1.9996, 0.9454, 1.0000, 186.36
877, 1449, 77, 17, 0.6222, 21.8162, 21.2883, 4.7701, 0.3111, 200.80
877, 1479, 43, 14, 0.6000, 7.8149, -7.3417, -2.6780, 0.1800, 210.00
877, 1435, 121, 124, 0.8000, 2.5084, 0.9247, 2.3318, 0.8000, 149.34
877, 1434, 95, 16, 0.5222, 5.6019, -5.2071, 2.0657, 0.2611, 143.40
878, 1461, 12, 14, 0.6556, 20.6032, -20.5030, -2.0299, 0.2622, 204.50
878, 1463, 84, 55, 0.6556, 21.1528, 6.7528, 20.0460, 0.2622, 185.25
878, 1288, 67, 124, 0.6867, 22.1350, -7.5207, 20.8182, 0.6867, 169.20
878, 1471, 120, 125, 1.0000, 1.6965, 1.3104, 1.0775, 1.0000, 186.39
878, 1299, 8, 123, 0.5143, 1.2591, 0.9068, 0.8735, 0.3600, 149.43
878, 1449, 83, 15, 0.6806, 8.5361, 8.4709, -1.0532, 0.4083, 196.17
878, 1434, 85, 6, 0.6806, 9.0941, -7.8374, -4.6127, 0.4083, 147.50
878, 1435, 122, 126, 0.7000, 2.5084, 0.9247, 2.3318, 0.7000, 149.34
878, 1479, 36, 12, 0.5000, 7.8149, -7.3417, -2.6780, 0.1500, 210.00
879, 1461, 0, 16, 0.7111, 13.3764, -13.2551, 1.7975, 0.3556, 209.60
879, 1471, 122, 126, 1.0000, 1.9684, 1.6671, 1.0466, 1.0000, 187.81
879, 1299, 8, 124, 0.6222, 1.0871, 0.2777, 1.0510, 0.4978, 154.88
879, 1478, 104, 125, 0.6000, 16.7204, -16.3223, 3.6272, 0.1800, 80.00
879, 1436, 79, 12, 0.5625, 26.9320, -25.6583, 8.1843, 0.2250, 159.50
879, 1483, 53, 89, 0.6000, 29.3942, -10.0948, -27.6064, 0.1800, 155.67
879, 1435, 123, 128, 0.6000, 2.5084, 0.9247, 2.3318, 0.6000, 149.34
879, 1463, 91, 75, 0.5556, 21.1528, 6.7528, 20.0460, 0.2222, 185.25
879, 1449, 92, 14, 0.5806, 8.5361, 8.4709, -1.0532, 0.3483, 196.17
880, 1461, 0, 17, 0.7667, 1.6297, -1.3013, 0.9811, 0.4600, 210.17
880, 1471, 124, 127, 1.0000, 2.2000, 1.9546, 1.0096, 1.0000, 187.89
880, 1299, 9, 125, 0.6796, 1.2762, 0.7460, 1.0355, 0.6117, 158.33
880, 1479, 6, 10, 0.6556, 13.6139, -13.5660, -1.1418, 0.2622, 211.25
880, 1436, 51, 21, 0.6222, 28.4646, -27.1725, 8.4787, 0.3111, 168.80
880, 1483, 66, 51, 0.6556, 37.3539, 9.9346, -36.0085, 0.2622, 167.75
880, 1457, 14, 74, 0.5625, 1.3469, 0.9524, 0.9524, 0.2250, 200.25
880, 1435, 124, 131, 0.5000, 2.5084, 0.9247, 2.3318, 0.5000, 149.34
880, 1478, 88, 128, 0.5000, 16.7204, -16.3223, 3.6272, 0.1500, 80.00
881, 1461, 2, 17, 0.8222, 2.2389, 2.2365, 0.1027, 0.5756, 210.71
881, 1299, 9, 125, 0.7367, 0.3435, 0.2441, 0.2418, 0.7367, 161.90
881, 1457, 44, 75, 0.6222, 25.8976, 25.8779, 1.0122, 0.3111, 199.60
881, 1471, 126, 128, 0.9000, 2.2000, 1.9546, 1.0096, 0.9000, 187.89
881, 1479, -7, 9, 0.5556, 13.6139, -13.5660, -1.1418, 0.2222, 211.25
881, 1436, 24, 29, 0.5222, 28.4646, -27.1725, 8.4787, 0.2611, 168.80
881, 1483, 75, 15, 0.5556, 37.3539, 9.9346, -36.0085, 0.2222, 167.75
882, 1461, 4, 17, 0.8778, 1.7952, 1.7921, -0.1043, 0.7022, 215.62
882, 1299, 10, 126, 0.7934, 1.0252, 0.7461, 0.7032, 0.7934, 162.64
882, 1478, 80, 109, 0.6556, 9.5662, -6.4255, -7.0870, 0.2622, 94.38
882, 1436, 10, 59, 0.6806, 28.3539, -19.3895, 20.6880, 0.4083, 173.83
882, 1457, 51, 75, 0.6806, 9.3634, 9.3602, 0.2471, 0.4083, 200.17
882, 1471, 128, 129, 0.8000, 2.2000, 1.9546, 1.0096, 0.8000, 187.89
883, 1299, 10, 127, 0.8500, 1.0269, 0.2551, 0.9947, 0.8500, 163.50
883, 1478, 80, 109, 0.7111, 0.8060, -0.0712, -0.8028, 0.3556, 102.70
883, 1457, 58, 89, 0.7381, 13.8891, 6.6790, 12.1778, 0.5167, 196.71
883, 1405, 36, 7, 0.5400, 47.0887, -46.7657, -5.5063, 0.2700, 179.20
883, 1471, 130, 130, 0.7000, 2.2000, 1.9546, 1.0096, 0.7000, 187.89
884, 1299, 11, 127, 0.9064, 0.7975, 0.7430, 0.2897, 0.9064, 164.77
884, 1405, 4, 3, 0.6000, 34.3847, -34.0714, -4.6309, 0.3600, 185.17
884, 1471, 132, 131, 0.6000, 2.2000, 1.9546, 1.0096, 0.6000, 187.89
884, 1478, 80, 108, 0.6111, 0.8060, -0.0712, -0.8028, 0.3056, 102.70
885, 1299, 10, 121, 0.9627, 5.2866, -0.4877, -5.2641, 0.9627, 163.79
885, 1447, 20, 41, 0.5625, 35.9776, -18.6417, -30.7713, 0.2250, 198.25
885, 1471, 134, 132, 0.5000, 2.2000, 1.9546, 1.0096, 0.5000, 187.89
885, 1405, -30, -2, 0.5000, 34.3847, -34.0714, -4.6309, 0.3000, 185.17
886, 1299, 10, 119, 1.0000, 2.2025, -0.3090, -2.1807, 1.0000, 163.27
886, 1447, 5, 6, 0.6222, 38.2695, -16.0516, -34.7404, 0.3111, 202.00
886, 1495, 118, 47, 0.6000, 1.8375, 1.8375, 0.0000, 0.1800, 134.00
887, 1451, 25, 38, 0.5625, 13.9952, 13.1840, -4.6955, 0.2250, 203.75
887, 1356, 55, 71, 0.5250, 5.7928, 1.9106, -5.4687, 0.3150, 187.33
887, 1489, 104, 15, 0.6000, 24.1984, 19.2343, 14.6834, 0.1800, 162.00
887, 1495, 118, 47, 0.7056, 0.5247, 0.5247, 0.0000, 0.2822, 132.00
887, 1447, -11, -29, 0.5222, 38.2695, -16.0516, -34.7404, 0.2611, 202.00
888, 1451, 49, 30, 0.6222, 24.1167, 22.6927, -8.1643, 0.3111, 206.40
888, 1489, 119, 16, 0.6556, 15.7041, 15.4600, 2.7582, 0.2622, 156.00
888, 1490, 68, 1, 0.6556, 6.4956, -4.8598, -4.3099, 0.2622, 181.50
888, 1495, 120, 47, 0.7611, 1.4804, 1.4804, 0.0000, 0.3806, 131.20
889, 1451, 64, 27, 0.6806, 16.0789, 15.7678, -3.1477, 0.4083, 203.67
889, 1356, 54, 39, 0.5841, 17.6185, -0.6602, -17.6061, 0.4089, 188.57
889, 1490, 56, 0, 0.7111, 11.6731, -11.5107, -1.9400, 0.3556, 195.40
889, 1495, 120, 47, 0.8167, 0.4879, 0.4879, 0.0000, 0.4900, 129.00
889, 1489, 134, 19, 0.5556, 15.7041, 15.4600, 2.7582, 0.2222, 156.00
890, 1451, 104, 19, 0.7381, 37.8852, 37.1039, -7.6544, 0.5167, 195.57
890, 1356, 51, 30, 0.6424, 9.5196, -2.6336, -9.1481, 0.5139, 190.12
890, 1490, 54, 0, 0.7667, 3.6063, -3.6044, -0.1193, 0.4600, 204.67
890, 1495, 123, 48, 0.8722, 2.3789, 2.2541, 0.7603, 0.6106, 128.43
891, 1485, 122, 67, 0.6000, 49.3731, 4.6534, -49.1533, 0.1800, 90.67
891, 1490, 53, 1, 0.8222, 1.1121, -0.5043, 0.9911, 0.5756, 211.86
891, 1495, 123, 48, 0.9278, 0.8596, 0.8069, 0.2961, 0.7422, 127.62
891, 1356, 49, 21, 0.5424, 9.5196, -2.6336, -9.1481, 0.4339, 190.12
892, 1490, 54, 2, 0.8778, 1.2065, 0.3327, 1.1597, 0.7022, 217.25
892, 1485, 126, 18, 0.5000, 49.3731, 4.6534, -49.1533, 0.1500, 90.67
892, 1495, 124, 48, 0.8278, 0.8596, 0.8069, 0.2961, 0.6622, 127.62
893, 1490, 54, 2, 0.9333, 0.3595, 0.2006, 0.2983, 0.8400, 221.44
893, 1492, 90, 18, 0.6000, 10.7824, -3.6622, -10.1415, 0.1800, 167.67
893, 1473, 5, 7, 0.5625, 2.6641, -2.6632, 0.0668, 0.2250, 216.00
893, 1500, 11, 34, 0.6000, 17.3153, 9.1771, 14.6834, 0.1800, 226.67
893, 1495, 125, 49, 0.7278, 0.8596, 0.8069, 0.2961, 0.5822, 127.62
894, 1462, 56, 67, 0.5625, 30.8136, 4.7478, 30.4456, 0.2250, 198.25
894, 1492, 88, 16, 0.6556, 4.0012, -2.6263, -3.0186, 0.2622, 168.75
894, 1495, 126, 64, 0.9833, 6.4989, 0.9281, 6.4323, 0.8850, 124.56
894, 1499, 95, 97, 0.6000, 12.2067, -8.8343, -8.4236, 0.1800, 88.33
894, 1500, 11, 45, 0.6556, 11.1472, 1.1560, 11.0871, 0.2622, 222.50
894, 1502, 18, 25, 0.6000, 18.7787, -12.7728, -13.7657, 0.1800, 208.67
895, 1395, 21, 39, 0.5400, 33.0584, -11.6090, -30.9530, 0.2700, 193.40
895, 1499, 79, 94, 0.6556, 16.1673, -15.8683, -3.0949, 0.2622, 104.75
895, 1502, 8, 8, 0.6556, 18.8726, -9.8139, -16.1203, 0.2622, 208.50
895, 1424, 80, 27, 0.5400, 23.9672, -16.4436, 17.4365, 0.2700, 177.60
895, 1492, 85, 13, 0.5556, 4.0012, -2.6263, -3.0186, 0.2222, 168.75
895, 1495, 127, 70, 0.8833, 6.4989, 0.9281, 6.4323, 0.7950, 124.56
895, 1500, 13, 56, 0.5556, 11.1472, 1.1560, 11.0871, 0.2222, 222.50
896, 1395, 23, 26, 0.6000, 15.1538, -0.1213, -15.1534, 0.3600, 195.67
896, 1493, 99, 10, 0.6000, 26.2573, -0.9243, -26.2411, 0.1800, 162.00
896, 1499, 67, 91, 0.7111, 12.5448, -12.1242, -3.2211, 0.3556, 118.00
896, 1500, 10, 45, 0.7111, 1.7505, -0.8862, -1.5096, 0.3556, 219.80
896, 1502, 8, 6, 0.7111, 4.2871, -1.1693, -4.1246, 0.3556, 210.20
896, 1424, 67, 51, 0.6000, 27.0902, -13.9107, 23.2459, 0.3600, 181.50
896, 1394, 93, 28, 0.5250, 0.0000, 0.0000, 0.0000, 0.3150, 200.00
896, 1495, 128, 77, 0.7833, 6.4989, 0.9281, 6.4323, 0.7050, 124.56
897, 1395, 20, 11, 0.6587, 15.4756, -2.3673, -15.2935, 0.4611, 198.14
897, 1492, 87, 5, 0.7111, 3.7366, 0.2736, -3.7265, 0.3556, 169.40
897, 1493, 110, -1, 0.6556, 16.0453, 9.5693, -12.8794, 0.2622, 156.62
897, 1495, 119, 95, 0.9889, 11.6606, -3.0243, 11.2616, 0.9889, 120.30
897, 1499, 59, 82, 0.7667, 11.9372, -8.4724, -8.4092, 0.4600, 130.50
897, 1502, 10, 8, 0.7667, 1.8272, 0.9837, 1.5398, 0.4600, 211.17
897, 1424, 39, 61, 0.6587, 28.3456, -25.8593, 11.6092, 0.4611, 183.29
897, 1394, 93, 28, 0.6341, 0.0000, 0.0000, 0.0000, 0.4439, 200.00
898, 1424, 9, 69, 0.7167, 31.0282, -30.0004, 7.9198, 0.5733, 183.50
898, 1394, 93, 28, 0.6924, 0.0000, 0.0000, 0.0000, 0.5539, 200.00
898, 1492, 87, 1, 0.6111, 3.7366, 0.2736, -3.7265, 0.3056, 169.40
898, 1493, 120, -14, 0.5556, 16.0453, 9.5693, -12.8794, 0.2222, 156.62
898, 1499, 51, 74, 0.6667, 11.9372, -8.4724, -8.4092, 0.4000, 130.50
899, 1481, 68, 85, 0.6000, 43.4494, -12.5697, -41.5915, 0.1800, 126.33
899, 1499, 38, 77, 0.8222, 11.0527, -10.9030, -1.8127, 0.5756, 137.43
899, 1492, 87, -2, 0.5111, 3.7366, 0.2736, -3.7265, 0.2556, 169.40
899, 1394, 93, 28, 0.5924, 0.0000, 0.0000, 0.0000, 0.4739, 200.00
900, 1481, 51, 39, 0.6556, 48.9629, -16.9729, -45.9270, 0.2622, 145.50
900, 1499, 28, 86, 0.8778, 13.5920, -10.3162, 8.8498, 0.7022, 142.62
901, 1499, 17, 99, 0.9333, 16.7595, -10.7799, 12.8326, 0.8400, 144.67
901, 1512, 37, 41, 0.7056, 0.7619, 0.5387, 0.5387, 0.2822, 207.75
901, 1481, 34, -7, 0.5556, 48.9629, -16.9729, -45.9270, 0.2222, 145.50
902, 1492, 94, 2, 0.7667, 1.8091, 1.7745, 0.3521, 0.4600, 168.33
902, 1499, 6, 111, 0.9889, 16.2200, -11.0201, 11.9015, 0.9889, 146.50
902, 1394, 83, 33, 0.7500, 3.6243, -3.2417, 1.6209, 0.6750, 198.89
902, 1512, 39, 41, 0.7611, 1.7207, 1.7146, 0.1444, 0.3806, 213.40
902, 1513, 23, 2, 0.6556, 15.3138, 11.8523, -9.6973, 0.2622, 239.00
903, 1492, 93, 25, 0.8222, 22.5551, -0.6022, 22.5470, 0.5756, 172.86
903, 1512, 40, 43, 0.8167, 2.0153, 1.3305, 1.5137, 0.4900, 211.50
903, 1513, 43, 2, 0.7111, 18.8801, 18.8785, -0.2430, 0.3556, 237.60
903, 1480, 31, 6, 0.5625, 36.2656, -18.0952, -31.4286, 0.2250, 207.00
903, 1499, -5, 123, 0.8889, 16.2200, -11.0201, 11.9015, 0.8889, 146.50
904, 1512, 43, 42, 0.8722, 2.5531, 2.5450, -0.2041, 0.6106, 209.71
904, 1499, -16, 135, 0.7889, 16.2200, -11.0201, 11.9015, 0.7889, 146.50
904, 1513, 62, 2, 0.6111, 18.8801, 18.8785, -0.2430, 0.3056, 237.60
905, 1484, 33, 2, 0.6000, 42.5312, -40.6308, -12.5714, 0.1800, 193.67
905, 1518, 9, 44, 0.6000, 25.6386, -21.0698, 14.6082, 0.1800, 197.00
905, 1499, -27, 147, 0.6889, 16.2200, -11.0201, 11.9015, 0.6889, 146.50
905, 1512, 45, 42, 0.7722, 2.5531, 2.5450, -0.2041, 0.5406, 209.71
905, 1513, 80, 2, 0.5111, 18.8801, 18.8785, -0.2430, 0.2556, 237.60
906, 1512, 47, 37, 0.9278, 3.5716, 2.0745, -2.9073, 0.7422, 208.62
906, 1484, -7, -10, 0.5000, 42.5312, -40.6308, -12.5714, 0.1500, 193.67
906, 1499, -38, 159, 0.5889, 16.2200, -11.0201, 11.9015, 0.5889, 146.50
906, 1518, -12, 59, 0.5000, 25.6386, -21.0698, 14.6082, 0.1500, 197.00
907, 1511, 51, 50, 0.6000, 21.3049, 0.0090, 21.3049, 0.1800, 195.33
907, 1512, 47, 37, 0.9833, 0.9405, 0.4506, -0.8256, 0.8850, 209.11
907, 1519, 47, 21, 0.6000, 33.3641, 32.0447, 9.2898, 0.1800, 200.33
908, 1511, 51, 72, 0.6556, 21.4623, -0.0038, 21.4623, 0.2622, 201.12
908, 1512, 46, 37, 1.0000, 0.8848, -0.8793, 0.0982, 1.0000, 208.30
908, 1519, 80, 43, 0.6556, 38.4783, 32.8366, 20.0584, 0.2622, 194.00
909, 1491, 29, 8, 0.6000, 47.1670, -45.4590, -12.5780, 0.1800, 190.00
909, 1512, 46, 37, 1.0000, 0.4409, -0.4116, 0.1581, 1.0000, 208.36
909, 1511, 51, 93, 0.5556, 21.4623, -0.0038, 21.4623, 0.2222, 201.12
909, 1519, 113, 63, 0.5556, 38.4783, 32.8366, 20.0584, 0.2222, 194.00
910, 1512, 37, 34, 1.0000, 8.0668, -7.5112, -2.9420, 1.0000, 207.58
910, 1491, -16, -4, 0.5000, 47.1670, -45.4590, -12.5780, 0.1500, 190.00
911, 1268, 16, 87, 0.5000, 0.0051, -0.0046, 0.0023, 0.4500, 177.33
911, 1522, 18, 12, 0.6556, 13.3388, -9.0457, 9.8029, 0.2622, 217.00
911, 1512, 30, 31, 0.9000, 8.0668, -7.5112, -2.9420, 0.9000, 207.58
912, 1268, 10, 81, 0.5556, 7.4695, -5.2802, -5.2833, 0.5556, 178.30
912, 1522, 13, 19, 0.7111, 8.8620, -4.8467, 7.4192, 0.3556, 215.20
912, 1523, 69, 25, 0.6000, 42.5588, 37.6855, 19.7750, 0.1800, 210.67
913, 1409, 79, 23, 0.5250, 36.6486, 30.9076, -19.6937, 0.3150, 198.33
913, 1522, 10, 23, 0.7667, 5.1494, -3.5878, 3.6938, 0.4600, 212.83
913, 1523, 106, 45, 0.5000, 42.5588, 37.6855, 19.7750, 0.1500, 210.67
914, 1268, 0, 81, 0.6111, 4.9487, -4.9102, 0.6158, 0.6111, 178.64
914, 1504, 101, 34, 0.6000, 30.9588, -2.8856, 30.8241, 0.1800, 157.00
914, 1409, 85, 9, 0.5841, 17.2613, 8.9396, -14.7661, 0.4089, 194.29
914, 1525, 34, 89, 0.6000, 0.9530, 0.9524, 0.0336, 0.1800, 192.33
914, 1522, 6, 26, 0.6667, 5.1494, -3.5878, 3.6938, 0.4000, 212.83
915, 1380, 19, 59, 0.5250, 54.0698, -24.1820, -48.3608, 0.3150, 161.33
915, 1268, 0, 81, 0.6667, 0.5382, -0.2624, 0.4699, 0.6667, 179.58
915, 1525, 35, 90, 0.7056, 1.2597, 1.0122, 0.7498, 0.2822, 192.50
915, 1504, 98, 65, 0.5000, 30.9588, -2.8856, 30.8241, 0.1500, 157.00
915, 1522, 3, 30, 0.5667, 5.1494, -3.5878, 3.6938, 0.3400, 212.83
916, 1380, 1, 4, 0.5841, 56.9151, -18.6006, -53.7898, 0.4089, 171.00
916, 1268, 2, 81, 0.7222, 1.3639, 1.3610, 0.0887, 0.7222, 179.54
916, 1504, 116, 58, 0.6556, 13.3683, 8.7714, 10.0883, 0.2622, 151.00
916, 1525, 35, 91, 0.7611, 1.0631, 0.2471, 1.0340, 0.3806, 190.00
916, 1526, 123, 3, 0.7056, 2.3828, 2.2605, -0.7535, 0.2822, 135.50
916, 1527, 59, 104, 0.6000, 9.3442, 1.5362, -9.2170, 0.1800, 143.67
916, 1439, 41, 8, 0.5250, 39.3703, 39.0812, 4.7619, 0.3150, 231.00
917, 1504, 121, 58, 0.7111, 4.8633, 4.8548, 0.2884, 0.3556, 143.80
917, 1525, 36, 91, 0.8167, 0.7662, 0.7112, 0.2850, 0.4900, 188.83
917, 1527, 55, 95, 0.6556, 9.8338, -3.5758, -9.1606, 0.2622, 146.00
917, 1526, 125, 2, 0.6056, 2.3828, 2.2605, -0.7535, 0.2422, 135.50
918, 1525, 36, 92, 0.8722, 0.7584, 0.2377, 0.7201, 0.6106, 187.71
918, 1527, 37, 83, 0.7111, 20.1790, -16.1460, -12.1036, 0.3556, 153.00
918, 1439, 80, 40, 0.5841, 24.8146, 17.5981, 17.4950, 0.4089, 224.57
918, 1536, 43, 37, 0.7056, 0.0037, 0.0037, 0.0000, 0.2822, 207.25
918, 1526, 127, 2, 0.5056, 2.3828, 2.2605, -0.7535, 0.2022, 135.50
919, 1448, 67, 118, 0.5400, 50.4919, -14.5142, 48.3608, 0.2700, 167.00
919, 1522, 1, 30, 0.8222, 0.7610, -0.6909, 0.3191, 0.5756, 211.57
919, 1525, 37, 92, 0.9278, 0.7825, 0.7451, 0.2390, 0.7422, 188.38
919, 1498, 74, 25, 0.5625, 35.3026, -31.4219, -16.0914, 0.2250, 159.00
919, 1536, 42, 37, 0.7611, 0.7578, -0.7578, 0.0000, 0.3806, 209.00
919, 1541, 5, 2, 0.6000, 1.3708, 0.9860, -0.9524, 0.1800, 235.00
919, 1527, 21, 70, 0.6111, 20.1790, -16.1460, -12.1036, 0.3056, 153.00
920, 1522, 26, 19, 0.8778, 26.6978, 24.5324, -10.5325, 0.7022, 211.25
920, 1525, 38, 92, 0.9833, 1.0113, 1.0112, -0.0113, 0.8850, 187.22
920, 1439, 81, 65, 0.6424, 12.0661, -2.2609, 11.8524, 0.5139, 218.75
920, 1498, 42, 8, 0.6222, 35.7595, -31.7642, -16.4248, 0.3111, 168.40
920, 1535, 30, 4, 0.6000, 11.7374, 1.8716, -11.5872, 0.1800, 211.67
920, 1536, 42, 37, 0.8167, 0.2894, -0.2894, 0.0000, 0.4900, 210.17
920, 1541, 6, 2, 0.7056, 1.0412, 1.0085, -0.2587, 0.2822, 234.00
921, 1525, 38, 93, 1.0000, 0.7665, 0.2947, 0.7076, 1.0000, 188.80
921, 1535, 30, 1, 0.6556, 4.4241, 0.5279, -4.3925, 0.2622, 212.00
921, 1439, 79, 77, 0.5424, 12.0661, -2.2609, 11.8524, 0.4339, 218.75
921, 1498, 10, -8, 0.5222, 35.7595, -31.7642, -16.4248, 0.2611, 168.40
921, 1536, 42, 37, 0.7167, 0.2894, -0.2894, 0.0000, 0.4300, 210.17
921, 1541, 7, 2, 0.6056, 1.0412, 1.0085, -0.2587, 0.2422, 234.00
922, 1525, 39, 93, 1.0000, 0.7684, 0.7119, 0.2890, 1.0000, 189.27
922, 1536, 41, 37, 0.8722, 0.4722, -0.4722, 0.0000, 0.6106, 210.00
922, 1506, 9, 95, 0.5625, 13.6097, -0.5237, -13.5996, 0.2250, 143.25
922, 1535, 31, -4, 0.5556, 4.4241, 0.5279, -4.3925, 0.2222, 212.00
922, 1541, 8, 1, 0.5056, 1.0412, 1.0085, -0.2587, 0.2022, 234.00
923, 1459, 7, 70, 0.5400, 13.4493, -0.9553, -13.4154, 0.2700, 174.00
923, 1469, 112, 34, 0.5400, 45.9728, 45.1834, 8.4830, 0.2700, 172.80
923, 1525, 40, 94, 1.0000, 1.2411, 0.9877, 0.7515, 1.0000, 190.17
923, 1541, 10, 0, 0.7611, 1.5806, 1.4106, -0.7131, 0.3806, 231.60
923, 1506, 2, 77, 0.6222, 19.2262, -6.3989, -18.1301, 0.3111, 150.80
923, 1507, 93, 25, 0.5625, 1.0311, 1.0304, 0.0376, 0.2250, 175.50
924, 1525, 41, 94, 1.0000, 1.0731, 1.0387, 0.2695, 1.0000, 189.38
924, 1497, 7, 6, 0.5625, 30.6482, -30.5937, -1.8272, 0.2250, 205.00
924, 1541, 10, 0, 0.8167, 0.3109, 0.2743, -0.1464, 0.4900, 231.17
924, 1543, 65, 115, 0.6000, 9.6148, -8.0000, -5.3333, 0.1800, 125.67
924, 1507, 94, 25, 0.6722, 0.9973, 0.9972, -0.0090, 0.3361, 173.00
924, 1549, 98, 30, 0.6000, 52.8293, 43.8095, -29.5238, 0.1800, 188.33
924, 1506, -4, 59, 0.5222, 19.2262, -6.3989, -18.1301, 0.2611, 150.80
925, 1525, 41, 94, 1.0000, 0.2874, 0.2874, -0.0014, 1.0000, 188.71
925, 1534, 81, 25, 0.6000, 45.8014, 42.6637, 16.6605, 0.1800, 198.67
925, 1541, 11, 0, 0.8722, 0.6877, 0.6868, 0.0361, 0.6106, 231.00
925, 1507, 96, 25, 0.7306, 1.7584, 1.7583, -0.0083, 0.4383, 174.33
925, 1508, 22, 69, 0.5625, 1.2738, 0.8426, 0.9553, 0.2250, 194.00
925, 1543, 57, 110, 0.5000, 9.6148, -8.0000, -5.3333, 0.1500, 125.67
925, 1549, 141, 0, 0.5000, 52.8293, 43.8095, -29.5238, 0.1500, 188.33
926, 1459, 15, 32, 0.6000, 12.7902, 3.3901, -12.3327, 0.3600, 179.00
926, 1525, 42, 95, 1.0000, 0.9711, 0.6890, 0.6844, 1.0000, 188.20
926, 1534, 111, 38, 0.6556, 34.5077, 31.5258, 14.0322, 0.2622, 186.50
926, 1543, 45, 116, 0.6556, 10.4467, -10.3932, 1.0554, 0.2622, 129.00
926, 1508, 23, 60, 0.6222, 7.3876, 1.0422, -7.3137, 0.3111, 193.80
926, 1541, 12, 0, 0.7722, 0.6877, 0.6868, 0.0361, 0.5406, 231.00
926, 1507, 98, 25, 0.6306, 1.7584, 1.7583, -0.0083, 0.3783, 174.33
927, 1459, 34, 3, 0.6587, 33.5432, 17.9025, -28.3663, 0.4611, 186.57
927, 1524, 39, 95, 0.6000, 39.7347, 29.4870, 26.6338, 0.1800, 181.33
927, 1525, 43, 95, 1.0000, 1.0205, 0.9764, 0.2969, 1.0000, 189.38
927, 1507, 98, 26, 0.7881, 1.1432, 1.0002, 0.5536, 0.5517, 174.00
927, 1546, 55, 28, 0.6000, 19.7521, -18.9927, 5.4241, 0.1800, 209.67
927, 1515, 111, 102, 0.5625, 10.6810, 10.5098, 1.9048, 0.2250, 107.50
927, 1554, 109, 124, 0.6000, 2.0697, 1.8375, 0.9524, 0.1800, 161.67
927, 1534, 142, 52, 0.5556, 34.5077, 31.5258, 14.0322, 0.2222, 186.50
927, 1541, 12, 0, 0.6722, 0.6877, 0.6868, 0.0361, 0.4706, 231.00
927, 1543, 35, 117, 0.5556, 10.4467, -10.3932, 1.0554, 0.2222, 129.00
927, 1508, 24, 53, 0.5222, 7.3876, 1.0422, -7.3137, 0.2611, 193.80
928, 1525, 44, 95, 1.0000, 1.0388, 1.0386, 0.0226, 1.0000, 189.00
928, 1507, 108, 36, 0.7951, 12.9179, 8.7488, 9.5043, 0.6361, 170.00
928, 1546, 34, 26, 0.6556, 20.3069, -20.2978, -0.6081, 0.2622, 209.50
928, 1508, 26, 28, 0.6806, 17.7716, 1.5672, -17.7023, 0.4083, 197.33
928, 1515, 113, 103, 0.6222, 3.8133, 3.5953, 1.2709, 0.3111, 103.80
928, 1554, 110, 124, 0.7056, 1.3041, 1.2782, 0.2587, 0.2822, 169.75
928, 1524, 68, 121, 0.5000, 39.7347, 29.4870, 26.6338, 0.1500, 181.33
928, 1541, 13, 0, 0.5722, 0.6877, 0.6868, 0.0361, 0.4006, 231.00
929, 1507, 114, 39, 0.8519, 7.8146, 6.9809, 3.5123, 0.7667, 166.11
929, 1548, 38, 35, 0.6000, 18.7514, 14.5420, 11.8383, 0.1800, 206.00
929, 1515, 114, 103, 0.6806, 1.4939, 1.4779, 0.2180, 0.4083, 101.50
929, 1554, 112, 125, 0.7611, 1.9040, 1.7566, 0.7345, 0.3806, 174.80
929, 1525, 45, 95, 0.9000, 1.0388, 1.0386, 0.0226, 0.9000, 189.00
929, 1546, 14, 25, 0.5556, 20.3069, -20.2978, -0.6081, 0.2222, 209.50
930, 1543, 31, 101, 0.7111, 5.2382, -1.5503, -5.0035, 0.3556, 137.10
930, 1546, 0, 33, 0.7111, 17.2272, -16.7778, 3.9093, 0.3556, 207.40
930, 1548, 59, 46, 0.6556, 23.2671, 20.3973, 11.1941, 0.2622, 206.50
930, 1515, 116, 104, 0.7381, 1.7028, 1.5686, 0.6625, 0.5167, 103.71
930, 1554, 114, 125, 0.8167, 2.0269, 2.0123, 0.2423, 0.4900, 174.50
930, 1517, 53, 31, 0.5625, 0.9860, 0.0000, 0.9860, 0.2250, 252.25
930, 1559, 81, 120, 0.6000, 28.4078, -21.8711, 18.1289, 0.1800, 124.33
930, 1525, 46, 95, 0.8000, 1.0388, 1.0386, 0.0226, 0.8000, 189.00
930, 1507, 121, 43, 0.7519, 7.8146, 6.9809, 3.5123, 0.6767, 166.11
931, 1525, 46, 97, 1.0000, 0.9773, 0.5955, 0.7750, 1.0000, 188.83
931, 1548, 83, 54, 0.7111, 25.1905, 23.9165, 7.9095, 0.3556, 200.00
931, 1515, 117, 105, 0.7951, 1.5122, 1.1474, 0.9850, 0.6361, 105.62
931, 1554, 116, 125, 0.8722, 2.0400, 2.0400, -0.0132, 0.6106, 168.10
931, 1555, 81, 112, 0.6000, 31.6178, -29.6938, -10.8611, 0.1800, 98.33
931, 1517, 53, 32, 0.6722, 1.0085, 0.0000, 1.0085, 0.3361, 252.80
931, 1507, 128, 46, 0.6519, 7.8146, 6.9809, 3.5123, 0.5867, 166.11
931, 1546, -17, 37, 0.6111, 17.2272, -16.7778, 3.9093, 0.3056, 207.40
931, 1559, 59, 139, 0.5000, 28.4078, -21.8711, 18.1289, 0.1500, 124.33
932, 1525, 50, 121, 1.0000, 21.6818, 3.9006, 21.3280, 1.0000, 186.79
932, 1515, 119, 106, 0.8519, 2.0266, 1.7373, 1.0435, 0.7667, 103.78
932, 1554, 117, 126, 0.9278, 1.4471, 1.2578, 0.7156, 0.7422, 169.58
932, 1555, 48, 98, 0.6556, 35.3385, -32.7769, -13.2094, 0.2622, 118.38
932, 1517, 53, 31, 0.7306, 0.5222, 0.0000, -0.5222, 0.4383, 248.50
932, 1507, 135, 50, 0.5519, 7.8146, 6.9809, 3.5123, 0.4967, 166.11
932, 1546, -34, 40, 0.5111, 17.2272, -16.7778, 3.9093, 0.2556, 207.40
932, 1548, 107, 62, 0.6111, 25.1905, 23.9165, 7.9095, 0.3056, 200.00
933, 1488, 25, 26, 0.5625, 17.3984, 9.6509, -14.4763, 0.2250, 204.00
933, 1550, 58, 116, 0.6000, 50.7565, -17.7395, 47.5556, 0.1800, 178.00
933, 1515, 120, 106, 0.9083, 1.2856, 1.2601, 0.2549, 0.9083, 104.00
933, 1554, 119, 126, 0.9833, 1.7246, 1.7010, 0.2846, 0.8850, 173.07
933, 1555, 13, 107, 0.7111, 34.7264, -34.1171, 6.4767, 0.3556, 127.50
933, 1517, 53, 33, 0.7881, 1.1829, 0.0000, 1.1829, 0.5517, 249.00
933, 1558, 32, 2, 0.6000, 37.6521, -37.6095, -1.7909, 0.1800, 203.67
933, 1560, 61, 84, 0.6000, 51.7106, 21.9875, 46.8032, 0.1800, 190.33
933, 1563, 38, 36, 0.6000, 6.9658, 1.9048, 6.7003, 0.1800, 213.33
933, 1548, 131, 69, 0.5111, 25.1905, 23.9165, 7.9095, 0.2556, 200.00
934, 1488, 26, 24, 0.6222, 4.7261, 2.6215, -3.9323, 0.3111, 206.00
934, 1509, 52, 87, 0.5625, 17.2107, -14.9949, -8.4475, 0.2250, 164.75
934, 1515, 123, 107, 0.9646, 2.6175, 2.5196, 0.7090, 0.9646, 105.64
934, 1554, 122, 126, 1.0000, 2.7377, 2.7377, 0.0080, 1.0000, 171.22
934, 1517, 53, 34, 0.8451, 1.2907, 0.0000, 1.2907, 0.6761, 249.75
934, 1558, 10, 20, 0.6556, 27.7631, -23.0856, 15.4222, 0.2622, 203.25
934, 1560, 60, 121, 0.6556, 37.9397, 2.6319, 37.8483, 0.2622, 178.75
934, 1563, 37, 37, 0.6556, 1.8224, -0.2361, 1.8071, 0.2622, 214.00
934, 1565, 62, 48, 0.6000, 17.7239, -16.5188, 6.4240, 0.1800, 196.33
934, 1566, 37, 30, 0.6000, 29.1307, -5.6807, 28.5714, 0.1800, 237.00
934, 1550, 40, 163, 0.5000, 50.7565, -17.7395, 47.5556, 0.1500, 178.00
934, 1555, -21, 114, 0.6111, 34.7264, -34.1171, 6.4767, 0.3056, 127.50
935, 1488, 26, 25, 0.6806, 0.6414, 0.4787, 0.4269, 0.4083, 206.50
935, 1509, 47, 83, 0.6222, 7.6911, -6.6023, -3.9449, 0.3111, 167.00
935, 1553, 116, 126, 0.6000, 49.5559, 48.0240, 12.2261, 0.1800, 110.33
935, 1515, 127, 122, 1.0000, 14.5005, 3.8343, 13.9844, 1.0000, 102.00
935, 1554, 123, 127, 1.0000, 1.7488, 1.6008, 0.7041, 1.0000, 173.74
935, 1517, 39, 32, 0.8519, 12.1531, -12.0955, -1.1813, 0.7667, 245.33
935, 1558, -1, 27, 0.7111, 14.7329, -12.7048, 7.4597, 0.3556, 202.60
935, 1563, 37, 36, 0.7111, 0.3943, -0.3343, -0.2091, 0.3556, 214.40
935, 1565, 50, 83, 0.6556, 33.7510, -12.3784, 31.3991, 0.2622, 190.75
935, 1566, 8, 55, 0.6556, 36.9598, -26.4214, 25.8445, 0.2622, 229.75
935, 1560, 63, 158, 0.5556, 37.9397, 2.6319, 37.8483, 0.2222, 178.75
936, 1488, 26, 27, 0.7381, 1.5134, -0.1995, 1.5002, 0.5167, 208.57
936, 1533, 80, 107, 0.6000, 44.3244, -44.3138, -0.9695, 0.1800, 97.67
936, 1544, 62, 119, 0.6000, 46.4063, 45.7749, -7.6291, 0.1800, 170.67
936, 1509, 28, 77, 0.6806, 18.1743, -17.2604, -5.6906, 0.4083, 168.17
936, 1554, 124, 127, 1.0000, 1.0268, 0.9854, 0.2886, 1.0000, 172.76
936, 1557, 126, 110, 0.6000, 14.0394, 1.8631, -13.9152, 0.1800, 91.67
936, 1563, 37, 36, 0.7667, 0.3553, -0.0930, -0.3429, 0.4600, 214.67
936, 1565, 19, 125, 0.7111, 50.4850, -29.1019, 41.2531, 0.3556, 189.80
936, 1569, 53, 36, 0.6000, 0.8877, 0.0672, 0.8852, 0.1800, 236.00
936, 1553, 164, 139, 0.5000, 49.5559, 48.0240, 12.2261, 0.1500, 110.33
936, 1515, 131, 136, 0.9000, 14.5005, 3.8343, 13.9844, 0.9000, 102.00
936, 1558, -14, 34, 0.6111, 14.7329, -12.7048, 7.4597, 0.3056, 202.60
936, 1566, -19, 81, 0.5556, 36.9598, -26.4214, 25.8445, 0.2222, 229.75
937, 1488, 27, 27, 0.7951, 0.8016, 0.6181, 0.5104, 0.6361, 209.25
937, 1544, 90, 122, 0.6556, 30.1818, 30.1366, 1.6510, 0.2622, 157.75
937, 1563, 37, 35, 0.8222, 0.8644, 0.0131, -0.8643, 0.5756, 214.93
937, 1569, 53, 36, 0.7056, 0.2661, -0.0073, 0.2660, 0.2822, 237.88
937, 1533, 35, 106, 0.5000, 44.3244, -44.3138, -0.9695, 0.1500, 97.67
937, 1509, 11, 72, 0.5806, 18.1743, -17.2604, -5.6906, 0.3483, 168.17
937, 1515, 134, 150, 0.8000, 14.5005, 3.8343, 13.9844, 0.8000, 102.00
937, 1554, 125, 127, 0.9000, 1.0268, 0.9854, 0.2886, 0.9000, 172.76
937, 1557, 128, 96, 0.5000, 14.0394, 1.8631, -13.9152, 0.1500, 91.67
937, 1565, -10, 166, 0.6111, 50.4850, -29.1019, 41.2531, 0.3056, 189.80
938, 1488, 28, 27, 0.8519, 1.0294, 1.0291, -0.0239, 0.7667, 209.00
938, 1533, 31, 95, 0.6556, 23.1373, -22.2348, -6.3990, 0.2622, 117.75
938, 1563, 37, 36, 0.8778, 0.4842, 0.0186, 0.4838, 0.7022, 214.50
938, 1569, 53, 37, 0.7611, 0.7460, -0.0114, 0.7459, 0.3806, 239.50
938, 1544, 120, 124, 0.5556, 30.1818, 30.1366, 1.6510, 0.2222, 157.75
938, 1515, 138, 164, 0.7000, 14.5005, 3.8343, 13.9844, 0.7000, 102.00
938, 1554, 126, 128, 0.8000, 1.0268, 0.9854, 0.2886, 0.8000, 172.76
939, 1488, 29, 28, 0.9083, 1.2653, 1.0668, 0.6803, 0.9083, 209.00
939, 1542, 55, 37, 0.6000, 57.2205, -51.9279, 24.0349, 0.1800, 182.00
939, 1563, 36, 36, 0.9333, 0.8200, -0.7588, 0.3109, 0.8400, 215.33
939, 1569, 41, 37, 0.7667, 10.7083, -10.7054, 0.2456, 0.4600, 235.25
939, 1533, 8, 89, 0.5556, 23.1373, -22.2348, -6.3990, 0.2222, 117.75
939, 1515, 142, 178, 0.6000, 14.5005, 3.8343, 13.9844, 0.6000, 102.00
939, 1554, 127, 128, 0.7000, 1.0268, 0.9854, 0.2886, 0.7000, 172.76
940, 1488, 29, 28, 0.9646, 0.3682, 0.2573, 0.2634, 0.9646, 210.00
940, 1542, 22, 71, 0.6556, 47.8447, -35.3488, 32.2426, 0.2622, 184.00
940, 1563, 38, 38, 0.9889, 2.5458, 1.9993, 1.5760, 0.9889, 214.80
940, 1567, 112, 32, 0.6000, 38.8662, 35.6242, -15.5401, 0.1800, 196.33
940, 1515, 146, 192, 0.5000, 14.5005, 3.8343, 13.9844, 0.5000, 102.00
940, 1554, 128, 128, 0.6000, 1.0268, 0.9854, 0.2886, 0.6000, 172.76
941, 1488, 29, 28, 1.0000, 0.0574, -0.0573, 0.0013, 1.0000, 210.00
941, 1541, 17, 1, 0.9278, 0.2554, 0.2435, 0.0772, 0.7422, 230.50
941, 1514, 52, 40, 0.5625, 28.5215, 28.4587, -1.8921, 0.2250, 220.50
941, 1563, 40, 39, 1.0000, 2.1042, 1.6383, 1.3206, 1.0000, 214.27
941, 1487, 27, 73, 0.5400, 37.8809, -23.7759, -29.4902, 0.2700, 175.60
941, 1496, 77, 49, 0.5400, 50.7696, 25.7143, -43.7759, 0.2700, 176.90
941, 1542, -13, 103, 0.5556, 47.8447, -35.3488, 32.2426, 0.2222, 184.00
941, 1554, 129, 129, 0.5000, 1.0268, 0.9854, 0.2886, 0.5000, 172.76
941, 1567, 148, 17, 0.5000, 38.8662, 35.6242, -15.5401, 0.1500, 196.33
942, 1488, 30, 28, 1.0000, 0.7055, 0.7045, -0.0379, 1.0000, 210.00
942, 1541, 17, 28, 0.9333, 26.3178, 0.0139, 26.3178, 0.8400, 227.44
942, 1554, 121, 121, 1.0000, 1.8114, -1.0528, -1.4740, 1.0000, 164.40
942, 1514, 86, 62, 0.6222, 38.4038, 33.7272, 18.3666, 0.3111, 212.00
942, 1487, 15, 39, 0.6000, 36.1579, -13.2522, -33.6419, 0.3600, 180.83
942, 1496, 98, 15, 0.6000, 41.8427, 21.3009, -36.0150, 0.3600, 170.75
943, 1501, 40, 43, 0.5625, 28.0646, -0.9689, -28.0479, 0.2250, 192.50
943, 1487, 5, 2, 0.6587, 37.3903, -10.1639, -35.9824, 0.4611, 185.86
943, 1488, 31, 28, 0.9000, 0.7055, 0.7045, -0.0379, 0.9000, 210.00
943, 1514, 120, 80, 0.5222, 38.4038, 33.7272, 18.3666, 0.2611, 212.00
943, 1496, 119, -21, 0.5000, 41.8427, 21.3009, -36.0150, 0.3000, 170.75
944, 1488, 34, 36, 1.0000, 4.9469, 2.2172, 4.4222, 1.0000, 210.43
944, 1501, 49, 10, 0.6222, 33.4444, 8.0328, -32.4654, 0.3111, 194.00
944, 1574, 51, 94, 0.8722, 4.9064, -2.1942, 4.3884, 0.6106, 173.00
944, 1577, 5, 23, 0.6000, 46.3552, -44.0697, 14.3759, 0.1800, 201.00
944, 1532, 54, 122, 0.5625, 18.0953, 0.0336, 18.0952, 0.2250, 171.25
944, 1487, -5, -34, 0.5587, 37.3903, -10.1639, -35.9824, 0.3911, 185.86
945, 1488, 53, 62, 1.0000, 30.4349, 17.7872, 24.6961, 1.0000, 209.07
945, 1501, 56, -2, 0.6806, 15.2357, 6.8760, -13.5959, 0.4083, 204.17
945, 1574, 23, 110, 0.8778, 29.5942, -25.4059, 15.1776, 0.7022, 171.88
945, 1577, -39, 37, 0.5000, 46.3552, -44.0697, 14.3759, 0.1500, 201.00
946, 1572, 21, 50, 0.6000, 0.9501, -0.0064, 0.9501, 0.1800, 196.67
946, 1574, 4, 114, 0.9333, 20.7160, -20.0552, 5.1906, 0.8400, 168.67
946, 1581, 79, 33, 0.6000, 23.3035, 23.2283, 1.8716, 0.1800, 194.67
946, 1539, 30, 74, 0.5625, 0.1055, 0.1001, 0.0334, 0.2250, 190.25
946, 1501, 63, -15, 0.5806, 15.2357, 6.8760, -13.5959, 0.3483, 204.17
947, 1516, 84, 49, 0.5625, 31.6803, -10.5937, 29.8566, 0.2250, 180.50
947, 1570, 60, 91, 0.6000, 52.5172, 13.1785, 50.8369, 0.1800, 192.00
947, 1572, 32, 37, 0.6556, 14.8354, 9.8483, -11.0951, 0.2622, 202.00
947, 1574, 2, 113, 0.9889, 4.1542, -4.1511, -0.1583, 0.9889, 166.30
947, 1575, 14, 10, 0.6000, 26.9492, -24.1041, -12.0521, 0.1800, 214.67
947, 1581, 92, 57, 0.6556, 25.7800, 14.8532, 21.0711, 0.2622, 183.25
947, 1539, 27, 88, 0.6222, 12.5294, -3.0701, 12.1475, 0.3111, 187.00
947, 1503, 32, 31, 0.5400, 0.9866, 0.0336, 0.9860, 0.2700, 214.00
948, 1572, 40, 16, 0.7111, 21.8165, 8.1933, -20.2196, 0.3556, 201.80
948, 1576, 23, 53, 0.6000, 39.6838, -39.1408, 6.5424, 0.1800, 205.33
948, 1581, 124, 63, 0.7111, 30.8150, 29.8795, 7.5354, 0.3556, 166.80
948, 1538, 60, 4, 0.5625, 12.8987, -9.1020, -9.1395, 0.2250, 202.00
948, 1503, 33, 35, 0.6500, 3.3539, 0.7498, 3.2690, 0.3900, 213.00
948, 1586, 3, 25, 0.6000, 0.9524, 0.9524, 0.0000, 0.1800, 203.67
948, 1570, 73, 142, 0.5000, 52.5172, 13.1785, 50.8369, 0.1500, 192.00
948, 1574, -2, 113, 0.8889, 4.1542, -4.1511, -0.1583, 0.8889, 166.30
948, 1575, -10, -2, 0.5000, 26.9492, -24.1041, -12.0521, 0.1500, 214.67
948, 1539, 23, 100, 0.5222, 12.5294, -3.0701, 12.1475, 0.2611, 187.00
949, 1572, 68, 10, 0.7667, 26.2956, 25.3856, -6.8581, 0.4600, 199.17
949, 1486, 94, 110, 0.5400, 9.4976, 9.0846, -2.7703, 0.2700, 109.60
949, 1503, 33, 34, 0.7087, 0.5313, 0.2704, -0.4573, 0.4961, 213.36
949, 1586, 3, 26, 0.7056, 0.7967, 0.2587, 0.7535, 0.2822, 204.50
949, 1576, -17, 59, 0.5000, 39.6838, -39.1408, 6.5424, 0.1500, 205.33
949, 1581, 154, 70, 0.6111, 30.8150, 29.8795, 7.5354, 0.3056, 166.80
950, 1516, 53, 100, 0.6222, 17.4699, -10.4346, 14.0113, 0.3111, 176.40
950, 1482, 36, 75, 0.5400, 41.1205, -41.1091, -0.9651, 0.2700, 183.40
950, 1486, 104, 117, 0.6000, 10.9628, 9.6136, 5.2689, 0.3600, 107.00
950, 1540, 56, 89, 0.5625, 37.2990, -11.7550, -35.3982, 0.2250, 144.25
950, 1503, 33, 34, 0.7667, 0.1141, -0.0061, 0.1140, 0.6133, 213.56
950, 1586, 3, 27, 0.6056, 0.7967, 0.2587, 0.7535, 0.2422, 204.50
951, 1516, 51, 110, 0.6806, 10.6243, -2.7227, 10.2696, 0.4083, 172.67
951, 1521, 55, 87, 0.5625, 21.1772, 2.8576, -20.9835, 0.2250, 159.75
951, 1540, 50, 37, 0.6222, 50.7941, -6.6647, -50.3549, 0.3111, 154.60
951, 1538, 43, 4, 0.6222, 5.2269, -4.7993, 2.0705, 0.3111, 203.60
951, 1503, 32, 35, 0.8241, 1.1886, -0.8056, 0.8739, 0.7417, 213.61
951, 1586, 4, 19, 0.7611, 3.9047, 0.4601, -3.8775, 0.3806, 205.00
951, 1587, 89, 10, 0.6000, 0.9860, 0.9860, 0.0000, 0.1800, 163.67
951, 1486, 114, 122, 0.5000, 10.9628, 9.6136, 5.2689, 0.3000, 107.00
952, 1521, 40, 74, 0.6222, 19.0862, -12.8005, -14.1574, 0.3111, 165.00
952, 1540, 61, 1, 0.6806, 38.6221, 9.0080, -37.5569, 0.4083, 170.50
952, 1503, 34, 34, 0.8811, 1.3003, 1.2211, -0.4468, 0.8811, 213.30
952, 1473, 4, 26, 0.5563, 0.9441, -0.1986, 0.9230, 0.4450, 213.79
952, 1586, 10, 12, 0.7667, 9.2495, 5.5911, -7.3684, 0.4600, 206.67
952, 1587, 74, 34, 0.6556, 24.5510, -12.5546, 21.0981, 0.2622, 171.25
952, 1516, 48, 120, 0.5806, 10.6243, -2.7227, 10.2696, 0.3483, 172.67
952, 1538, 38, 6, 0.5222, 5.2269, -4.7993, 2.0705, 0.2611, 203.60
953, 1521, 40, 57, 0.6806, 17.0160, -1.2395, -16.9708, 0.4083, 172.67
953, 1528, 70, 101, 0.5625, 20.4793, 17.7168, -10.2722, 0.2250, 151.25
953, 1503, 34, 34, 0.9379, 0.6557, 0.5839, -0.2982, 0.9379, 213.00
953, 1587, 75, 58, 0.7111, 23.0216, -0.9116, 23.0035, 0.3556, 172.20
953, 1589, 3, 79, 0.6000, 39.0477, 0.0672, 39.0476, 0.1800, 202.67
953, 1540, 70, -37, 0.5806, 38.6221, 9.0080, -37.5569, 0.3483, 170.50
954, 1528, 95, 77, 0.6222, 32.5944, 24.1128, -21.9309, 0.3111, 145.80
954, 1538, 28, 1, 0.6806, 5.2001, -4.9800, -1.4968, 0.4083, 206.50
954, 1503, 34, 35, 0.9944, 0.7166, 0.0449, 0.7152, 0.9944, 213.92
954, 1473, 5, 27, 0.6130, 0.8208, 0.6507, 0.5003, 0.5517, 213.70
954, 1587, 76, 70, 0.7667, 13.3599, 0.7167, 13.3406, 0.4600, 172.83
954, 1521, 39, 40, 0.5806, 17.0160, -1.2395, -16.9708, 0.3483, 172.67
954, 1589, 3, 118, 0.5000, 39.0477, 0.0672, 39.0476, 0.1500, 202.67
955, 1571, 39, 73, 0.6000, 39.0578, 30.7780, 24.0463, 0.1800, 194.00
955, 1538, 27, 1, 0.7381, 0.9984, -0.9255, -0.3745, 0.5167, 208.43
955, 1589, 28, 123, 0.6556, 24.6533, 13.9849, 20.3029, 0.2622, 190.25
955, 1531, 116, 118, 0.5625, 16.1110, 14.7585, 6.4615, 0.2250, 101.00
955, 1528, 119, 55, 0.5222, 32.5944, 24.1128, -21.9309, 0.2611, 145.80
955, 1503, 34, 36, 0.8944, 0.7166, 0.0449, 0.7152, 0.8944, 213.92
955, 1473, 6, 28, 0.5130, 0.8208, 0.6507, 0.5003, 0.4617, 213.70
955, 1587, 76, 83, 0.6667, 13.3599, 0.7167, 13.3406, 0.4000, 172.83
956, 1385, 82, 52, 0.5062, 11.7286, 2.8446, 11.3784, 0.4050, 183.75
956, 1538, 29, 10, 0.7951, 7.8890, 1.0806, 7.8146, 0.6361, 208.50
956, 1531, 120, 119, 0.6222, 5.3458, 5.0117, 1.8602, 0.3111, 98.40
956, 1592, 75, 39, 0.6000, 41.3756, 19.9328, 36.2577, 0.1800, 211.00
956, 1594, 69, 5, 0.6000, 2.1296, 1.9048, 0.9524, 0.1800, 223.83
956, 1571, 70, 97, 0.5000, 39.0578, 30.7780, 24.0463, 0.1500, 194.00
956, 1503, 34, 36, 0.7944, 0.7166, 0.0449, 0.7152, 0.7944, 213.92
956, 1589, 42, 144, 0.5556, 24.6533, 13.9849, 20.3029, 0.2222, 190.25
957, 1385, 72, 73, 0.5630, 20.8035, -8.2712, 19.0886, 0.5067, 184.44
957, 1503, 31, 34, 1.0000, 1.3792, -1.2860, -0.4983, 1.0000, 214.31
957, 1531, 119, 118, 0.6806, 0.1921, -0.0974, -0.1656, 0.4083, 94.67
957, 1556, 47, 12, 0.5625, 46.3865, 38.6190, -25.6959, 0.2250, 198.75
957, 1397, 45, 72, 0.5062, 52.5584, -48.5259, 20.1896, 0.4050, 176.38
957, 1594, 69, 4, 0.7056, 0.7159, 0.5174, -0.4948, 0.2822, 222.62
957, 1597, 10, 39, 0.6000, 44.7947, -30.2093, -33.0751, 0.1800, 210.00
957, 1538, 30, 17, 0.6951, 7.8890, 1.0806, 7.8146, 0.5561, 208.50
957, 1592, 95, 75, 0.5000, 41.3756, 19.9328, 36.2577, 0.1500, 211.00
958, 1385, 56, 87, 0.6194, 20.8766, -14.8460, 14.6776, 0.6194, 183.60
958, 1538, 30, 34, 0.8519, 12.7799, 0.6285, 12.7645, 0.7667, 208.94
958, 1531, 126, 121, 0.7381, 6.4183, 6.1120, 1.9589, 0.5167, 91.57
958, 1397, 7, 69, 0.5630, 39.9279, -39.9237, 0.5745, 0.5067, 177.33
958, 1592, 87, 72, 0.6556, 14.6084, 4.2193, 13.9858, 0.2622, 199.00
958, 1594, 71, 4, 0.7611, 1.5004, 1.4690, -0.3052, 0.3806, 228.50
958, 1599, 37, 74, 0.6000, 21.1032, 20.0000, 6.7339, 0.1800, 191.00
958, 1597, -20, 6, 0.5000, 44.7947, -30.2093, -33.0751, 0.1500, 210.00
959, 1556, 104, -1, 0.6222, 27.6671, 27.3482, -4.1885, 0.3111, 190.40
959, 1592, 80, 96, 0.7111, 24.6028, -6.2087, 23.8065, 0.3556, 184.00
959, 1593, 99, 10, 0.6000, 10.7822, -4.5042, 9.7963, 0.1800, 152.33
959, 1594, 73, 5, 0.8167, 2.1384, 2.0135, 0.7202, 0.4900, 229.75
959, 1596, 92, 20, 0.6000, 17.6495, 16.1183, -7.1906, 0.1800, 170.33
959, 1599, 46, 72, 0.6556, 9.9638, 9.9533, -0.4571, 0.2622, 193.50
959, 1385, 41, 102, 0.5194, 20.8766, -14.8460, 14.6776, 0.5194, 183.60
959, 1538, 31, 46, 0.7519, 12.7799, 0.6285, 12.7645, 0.6767, 208.94
959, 1531, 132, 123, 0.6381, 6.4183, 6.1120, 1.9589, 0.4467, 91.57
960, 1538, 17, 71, 0.9083, 21.0763, -8.0592, 19.4746, 0.9083, 207.65
960, 1593, 102, 33, 0.6556, 21.4012, 1.6632, 21.3364, 0.2622, 156.75
960, 1594, 74, 8, 0.8722, 3.6127, 1.3218, 3.3622, 0.6106, 222.50
960, 1510, 21, 10, 0.5400, 28.6630, 10.5098, -26.6667, 0.2700, 216.80
960, 1561, 12, 38, 0.5625, 39.7159, -28.6050, -27.5518, 0.2250, 222.50
960, 1531, 138, 125, 0.5381, 6.4183, 6.1120, 1.9589, 0.3767, 91.57
960, 1556, 131, -6, 0.5222, 27.6671, 27.3482, -4.1885, 0.2611, 190.40
960, 1596, 109, 12, 0.5000, 17.6495, 16.1183, -7.1906, 0.1500, 170.33
960, 1599, 56, 72, 0.5556, 9.9638, 9.9533, -0.4571, 0.2222, 193.50
961, 1538, 14, 75, 0.9646, 6.0140, -2.6751, 5.3862, 0.9646, 205.59
961, 1594, 75, 9, 0.9278, 1.5517, 0.9779, 1.2048, 0.7422, 217.94
961, 1510, 20, 0, 0.6000, 12.5310, 0.5813, -12.5175, 0.3600, 217.00
961, 1561, -1, 18, 0.6222, 26.0359, -15.2917, -21.0721, 0.3111, 218.80
961, 1602, 12, 36, 0.6000, 7.6951, 3.8431, 6.6667, 0.1800, 214.83
961, 1593, 104, 54, 0.5556, 21.4012, 1.6632, 21.3364, 0.2222, 156.75
962, 1599, 77, 73, 0.7111, 10.5491, 10.5405, 0.4250, 0.3556, 190.00
962, 1561, -2, 16, 0.6806, 4.5482, -1.8841, -4.1396, 0.4083, 217.83
962, 1602, 14, 37, 0.6556, 3.1178, 2.5380, 1.8107, 0.2622, 213.38
962, 1603, 124, 120, 0.6000, 14.1210, 12.4482, 6.6667, 0.1800, 89.00
962, 1594, 76, 11, 0.8278, 1.5517, 0.9779, 1.2048, 0.6622, 217.94
962, 1510, 20, -13, 0.5000, 12.5310, 0.5813, -12.5175, 0.3000, 217.00
963, 1602, 15, 36, 0.7111, 1.2111, 1.1939, -0.2034, 0.3556, 212.50
963, 1604, 123, 100, 0.6000, 1.9723, -1.9720, -0.0336, 0.1800, 169.00
963, 1594, 77, 12, 0.7278, 1.5517, 0.9779, 1.2048, 0.5822, 217.94
963, 1599, 88, 73, 0.6111, 10.5491, 10.5405, 0.4250, 0.3056, 190.00
963, 1561, -3, 12, 0.5806, 4.5482, -1.8841, -4.1396, 0.3483, 217.83
963, 1603, 136, 126, 0.5000, 14.1210, 12.4482, 6.6667, 0.1500, 89.00
964, 1545, 59, 41, 0.5625, 50.1143, -50.0785, -1.8948, 0.2250, 160.25
964, 1594, 73, 21, 0.9833, 4.5940, -1.0707, 4.4675, 0.8850, 214.28
964, 1602, 16, 35, 0.7667, 1.3946, 0.8499, -1.1057, 0.4600, 213.25
964, 1604, 121, 100, 0.7056, 2.0170, -2.0170, 0.0037, 0.2822, 171.25
964, 1599, 98, 74, 0.5111, 10.5491, 10.5405, 0.4250, 0.2556, 190.00
965, 1584, 77, 10, 0.6000, 57.0291, 56.6316, 6.7221, 0.1800, 204.00
965, 1545, 2, 31, 0.6222, 56.5339, -55.8359, -8.8562, 0.3111, 171.20
965, 1602, 17, 35, 0.8222, 0.9951, 0.9145, -0.3923, 0.5756, 212.64
965, 1603, 127, 121, 0.6556, 1.4880, -1.2004, -0.8793, 0.2622, 85.25
965, 1604, 119, 99, 0.7611, 2.1480, -2.0099, -0.7578, 0.3806, 171.60
965, 1573, 36, 67, 0.5625, 33.0601, 6.6667, 32.3810, 0.2250, 203.00
965, 1494, 47, 67, 0.5250, 32.0457, 12.3810, 29.5574, 0.3150, 207.50
965, 1594, 72, 25, 0.8833, 4.5940, -1.0707, 4.4675, 0.7950, 214.28
966, 1594, 79, 41, 0.9889, 11.1922, 3.3924, 10.6657, 0.9889, 211.45
966, 1599, 106, 56, 0.7667, 8.4168, 6.3635, -5.5089, 0.4600, 183.83
966, 1602, 18, 35, 0.8778, 0.9893, 0.9892, 0.0114, 0.7022, 212.19
966, 1603, 99, 117, 0.7111, 27.1303, -26.7599, -4.4675, 0.3556, 86.00
966, 1604, 117, 99, 0.8167, 2.0221, -2.0013, -0.2894, 0.4900, 174.33
966, 1573, 36, 84, 0.6222, 19.3730, 1.0572, 19.3441, 0.3111, 198.60
966, 1578, 10, 31, 0.5625, 0.9524, 0.0000, 0.9524, 0.2250, 213.75
966, 1584, 133, 16, 0.5000, 57.0291, 56.6316, 6.7221, 0.1500, 204.00
966, 1545, -54, 22, 0.5222, 56.5339, -55.8359, -8.8562, 0.2611, 171.20
967, 1591, 38, 37, 0.6000, 34.7619, -25.5141, 23.6097, 0.1800, 202.33
967, 1602, 19, 34, 0.9333, 1.2288, 1.0084, -0.7023, 0.8400, 212.06
967, 1604, 115, 99, 0.8722, 1.9991, -1.9991, -0.0016, 0.6106, 173.71
967, 1494, 42, 82, 0.5841, 6.1492, -3.9693, 4.6965, 0.4089, 204.29
967, 1578, 1, 34, 0.6222, 7.9450, -7.5351, 2.5192, 0.3111, 211.60
967, 1608, 119, 114, 0.6000, 1.9106, 1.9106, 0.0000, 0.1800, 98.67
967, 1609, 60, 43, 0.6000, 55.7085, -46.6331, 30.4762, 0.1800, 172.33
967, 1594, 82, 51, 0.8889, 11.1922, 3.3924, 10.6657, 0.8889, 211.45
967, 1573, 37, 104, 0.5222, 19.3730, 1.0572, 19.3441, 0.2611, 198.60
968, 1591, 11, 35, 0.6556, 26.9539, -26.9164, 1.4215, 0.2622, 204.00
968, 1602, 20, 34, 0.9889, 1.0404, 1.0048, -0.2699, 0.9889, 213.65
968, 1604, 113, 98, 0.9278, 2.1233, -1.9994, -0.7145, 0.7422, 170.38
968, 1494, 17, 95, 0.6424, 26.3677, -22.9195, 13.0366, 0.5139, 198.50
968, 1578, -1, 34, 0.6806, 2.8749, -2.7615, 0.7994, 0.4083, 211.17
968, 1608, 120, 115, 0.7056, 1.4814, 1.2733, 0.7572, 0.2822, 101.50
968, 1594, 85, 62, 0.7889, 11.1922, 3.3924, 10.6657, 0.7889, 211.45
968, 1609, 13, 73, 0.5000, 55.7085, -46.6331, 30.4762, 0.1500, 172.33
969, 1595, 102, 3, 0.6000, 14.0837, 9.4777, -10.4174, 0.1800, 163.67
969, 1602, 22, 34, 1.0000, 1.7645, 1.7645, -0.0006, 1.0000, 214.32
969, 1562, 28, 33, 0.5625, 7.1754, -4.6106, 5.4981, 0.2250, 207.50
969, 1604, 111, 98, 0.9833, 2.0197, -1.9999, -0.2820, 0.8850, 166.89
969, 1568, 80, 6, 0.5625, 51.8857, 51.6872, 4.5340, 0.2250, 220.50
969, 1591, -16, 36, 0.5556, 26.9539, -26.9164, 1.4215, 0.2222, 204.00
969, 1594, 89, 73, 0.6889, 11.1922, 3.3924, 10.6657, 0.6889, 211.45
969, 1494, -5, 109, 0.5424, 26.3677, -22.9195, 13.0366, 0.4339, 198.50
969, 1578, -4, 35, 0.5806, 2.8749, -2.7615, 0.7994, 0.3483, 211.17
969, 1608, 121, 116, 0.6056, 1.4814, 1.2733, 0.7572, 0.2422, 101.50
970, 1602, 23, 34, 1.0000, 1.2919, 1.2913, 0.0391, 1.0000, 216.71
970, 1562, 27, 34, 0.6222, 2.6923, -2.1253, 1.6527, 0.3111, 209.00
970, 1604, 109, 98, 1.0000, 2.0001, -2.0000, -0.0072, 1.0000, 164.40
970, 1608, 123, 115, 0.7611, 1.4631, 1.4631, -0.0075, 0.3806, 103.60
970, 1580, 0, 83, 0.5625, 6.8315, -6.8086, -0.5590, 0.2250, 169.00
970, 1594, 92, 83, 0.5889, 11.1922, 3.3924, 10.6657, 0.5889, 211.45
970, 1595, 111, -8, 0.5000, 14.0837, 9.4777, -10.4174, 0.1500, 163.67
971, 1594, 113, 55, 1.0000, 7.9937, 7.9860, 0.3490, 1.0000, 205.23
971, 1602, 24, 34, 1.0000, 0.9998, 0.9997, 0.0150, 1.0000, 217.81
971, 1604, 107, 97, 1.0000, 2.1204, -2.0000, -0.7041, 1.0000, 163.00
971, 1608, 124, 115, 0.8167, 1.1123, 1.1114, -0.0452, 0.4900, 98.33
971, 1611, 88, 12, 0.6000, 11.9410, -11.6410, -2.6595, 0.1800, 162.33
971, 1615, 43, 5, 0.6000, 8.4040, 5.5063, -6.3488, 0.1800, 215.00
971, 1562, 24, 35, 0.5222, 2.6923, -2.1253, 1.6527, 0.2611, 209.00
972, 1595, 127, 3, 0.6556, 8.6123, 8.2924, 2.3254, 0.2622, 155.00
972, 1600, 57, 61, 0.6000, 53.1118, 6.5781, 52.7028, 0.1800, 197.00
972, 1602, 25, 34, 1.0000, 0.9576, 0.9576, 0.0001, 1.0000, 217.11
972, 1562, 20, 34, 0.6806, 3.4084, -3.4083, 0.0134, 0.4083, 208.83
972, 1604, 106, 97, 1.0000, 1.2935, -1.2609, -0.2887, 1.0000, 163.08
972, 1608, 126, 116, 0.8722, 1.8950, 1.7411, 0.7481, 0.6106, 97.14
972, 1611, 75, 21, 0.6556, 14.7999, -12.7433, 7.5264, 0.2622, 173.75
972, 1614, 33, 51, 0.6000, 45.8755, 0.0668, 45.8754, 0.1800, 211.33
972, 1615, 45, 1, 0.6556, 5.8206, 3.1165, -4.9159, 0.2622, 213.25
972, 1616, 3, 36, 0.6000, 3.2325, -1.7310, 2.7300, 0.1800, 213.00
972, 1617, 89, 7, 0.6000, 1.0196, 1.0196, 0.0000, 0.1800, 223.17
973, 1600, 88, 99, 0.6556, 49.1063, 28.3826, 40.0732, 0.2622, 178.25
973, 1602, 27, 34, 1.0000, 1.7395, 1.7395, -0.0021, 1.0000, 217.50
973, 1562, 8, 34, 0.7381, 11.7733, -11.7729, -0.0906, 0.5167, 208.86
973, 1604, 104, 96, 1.0000, 1.8498, -1.6917, -0.7483, 1.0000, 164.54
973, 1608, 127, 116, 0.9278, 1.3035, 1.2698, 0.2945, 0.7422, 97.75
973, 1611, 46, 43, 0.7111, 34.4742, -27.5820, 20.6810, 0.3556, 181.80
973, 1614, 37, 90, 0.6556, 40.0007, 3.7788, 39.8218, 0.2622, 207.25
973, 1616, 3, 36, 0.7056, 0.9926, -0.5694, 0.8131, 0.2822, 215.25
973, 1617, 90, 7, 0.7056, 1.0048, 1.0048, 0.0000, 0.2822, 221.12
973, 1621, 26, 81, 0.6556, 12.4741, -11.2989, -5.2856, 0.2622, 190.75
973, 1624, 5, 109, 0.6000, 2.8910, 2.8908, 0.0336, 0.1800, 237.33
973, 1595, 135, 5, 0.5556, 8.6123, 8.2924, 2.3254, 0.2222, 155.00
973, 1615, 49, -4, 0.5556, 5.8206, 3.1165, -4.9159, 0.2222, 213.25
974, 1564, 58, 34, 0.5625, 44.8134, 44.5610, 4.7495, 0.2250, 205.25
974, 1602, 28, 33, 1.0000, 1.5007, 1.2983, -0.7526, 1.0000, 216.97
974, 1562, 1, 33, 0.7951, 7.0303, -6.9843, -0.8033, 0.6361, 207.88
974, 1604, 103, 95, 1.0000, 1.6043, -1.2523, -1.0027, 1.0000, 164.64
974, 1605, 93, 41, 0.6000, 9.9229, -6.5348, 7.4673, 0.1800, 166.00
974, 1612, 29, 7, 0.6000, 24.3475, 20.1374, -13.6852, 0.1800, 224.00
974, 1614, 36, 106, 0.7111, 18.5736, -0.9029, 18.5517, 0.3556, 198.60
974, 1616, 5, 35, 0.7611, 2.4511, 2.3083, -0.8243, 0.3806, 213.90
974, 1617, 92, 7, 0.7611, 1.7628, 1.7628, 0.0000, 0.3806, 216.50
974, 1620, 44, 47, 0.6000, 5.7804, 1.8979, 5.4599, 0.1800, 202.33
974, 1621, 13, 67, 0.7111, 18.3522, -12.5358, -13.4036, 0.3556, 191.40
974, 1624, 8, 109, 0.7056, 3.0329, 3.0329, -0.0037, 0.2822, 241.75
974, 1600, 117, 139, 0.5556, 49.1063, 28.3826, 40.0732, 0.2222, 178.25
974, 1608, 128, 116, 0.8278, 1.3035, 1.2698, 0.2945, 0.6622, 97.75
975, 1477, 29, 92, 0.5250, 31.2993, -26.0432, -17.3608, 0.3150, 160.33
975, 1564, 96, 15, 0.6222, 42.2114, 39.0379, -16.0576, 0.3111, 195.60
975, 1602, 29, 33, 1.0000, 1.0539, 1.0100, -0.3011, 1.0000, 216.74
975, 1604, 101, 94, 1.0000, 2.0166, -1.7276, -1.0401, 1.0000, 162.80
975, 1605, 81, 72, 0.6556, 30.3101, -11.7523, 27.9390, 0.2622, 171.00
975, 1580, 0, 84, 0.6222, 2.2149, 2.1713, 0.4373, 0.3111, 170.40
975, 1612, 34, 3, 0.6556, 8.8792, 6.8287, -5.6754, 0.2622, 224.25
975, 1616, 13, 34, 0.7667, 7.1784, 7.0778, -1.1972, 0.4600, 214.08
975, 1617, 93, 8, 0.8167, 1.4996, 1.2901, 0.7644, 0.4900, 220.08
975, 1619, 36, 17, 0.6000, 26.3648, 21.5449, -15.1960, 0.1800, 204.50
975, 1620, 44, 48, 0.6556, 1.7068, 0.5182, 1.6262, 0.2622, 205.50
975, 1621, 6, 41, 0.7667, 25.4160, -7.7197, -24.2152, 0.4600, 191.67
975, 1623, 13, 64, 0.6000, 43.1044, -3.5819, -42.9554, 0.1800, 172.33
975, 1624, 9, 110, 0.7611, 1.6798, 1.4991, 0.7578, 0.3806, 243.80
975, 1625, 34, 9, 0.6000, 9.6349, 9.5910, 0.9188, 0.1800, 218.50
975, 1626, 76, 92, 0.6000, 18.6703, -4.7283, 18.0616, 0.1800, 174.83
975, 1562, -6, 32, 0.6951, 7.0303, -6.9843, -0.8033, 0.5561, 207.88
975, 1608, 130, 117, 0.7278, 1.3035, 1.2698, 0.2945, 0.5822, 97.75
975, 1614, 35, 125, 0.6111, 18.5736, -0.9029, 18.5517, 0.3056, 198.60
976, 1477, 9, 87, 0.5841, 21.5809, -20.6614, -6.2323, 0.4089, 161.86
976, 1602, 30, 33, 1.0000, 0.9595, 0.9595, -0.0098, 1.0000, 217.08
976, 1604, 100, 93, 1.0000, 1.6318, -1.2761, -1.0170, 1.0000, 163.56
976, 1580, 7, 107, 0.6806, 23.6517, 7.3156, 22.4919, 0.4083, 174.00
976, 1616, 25, 33, 0.8222, 11.5850, 11.5325, -1.1009, 0.5756, 214.21
976, 1579, 53, 63, 0.5625, 24.8327, -5.3355, -24.2527, 0.2250, 179.25
976, 1617, 94, 9, 0.8722, 1.4538, 1.0011, 1.0542, 0.6106, 213.60
976, 1619, 59, 0, 0.6556, 28.2483, 22.6295, -16.9078, 0.2622, 203.62
976, 1620, 45, 48, 0.7611, 0.9514, 0.7032, 0.6408, 0.3806, 209.20
976, 1621, 10, 18, 0.8222, 23.4874, 2.6975, -23.3320, 0.5756, 193.71
976, 1623, 14, 32, 0.6556, 33.1344, 0.4100, -33.1319, 0.2622, 180.25
976, 1624, 11, 111, 0.8167, 1.9651, 1.6586, 1.0539, 0.4900, 244.12
976, 1625, 58, 20, 0.6556, 24.3453, 22.1706, 10.0579, 0.2622, 213.88
976, 1626, 73, 117, 0.6556, 24.0211, -3.5576, 23.7562, 0.2622, 165.12
976, 1564, 135, -2, 0.5222, 42.2114, 39.0379, -16.0576, 0.2611, 195.60
976, 1562, -13, 32, 0.5951, 7.0303, -6.9843, -0.8033, 0.4761, 207.88
976, 1605, 69, 99, 0.5556, 30.3101, -11.7523, 27.9390, 0.2222, 171.00
976, 1608, 131, 117, 0.6278, 1.3035, 1.2698, 0.2945, 0.5022, 97.75
976, 1612, 41, -3, 0.5556, 8.8792, 6.8287, -5.6754, 0.2222, 224.25
977, 1477, 3, 81, 0.6424, 9.5069, -7.2510, -6.1485, 0.5139, 163.88
977, 1604, 99, 92, 1.0000, 1.4197, -1.0067, -1.0011, 1.0000, 164.00
977, 1605, 59, 123, 0.7111, 27.7321, -10.8605, 25.5170, 0.3556, 164.80
977, 1612, 58, 1, 0.7111, 12.3877, 12.3841, -0.3000, 0.3556, 219.60
977, 1616, 44, 41, 0.8778, 19.3547, 17.8869, 7.3935, 0.7022, 212.69
977, 1579, 19, 35, 0.6222, 40.9770, -29.8451, -28.0781, 0.3111, 184.80
977, 1617, 96, 8, 0.9278, 1.7740, 1.7142, -0.4566, 0.7422, 209.15
977, 1620, 45, 49, 0.8167, 0.7954, 0.1927, 0.7717, 0.4900, 209.33
977, 1624, 13, 113, 0.8722, 2.6583, 1.9413, 1.8161, 0.6106, 245.39
977, 1625, 90, 24, 0.7111, 31.6099, 31.3119, 4.3302, 0.3556, 203.90
977, 1602, 31, 33, 0.9000, 0.9595, 0.9595, -0.0098, 0.9000, 217.08
977, 1608, 132, 117, 0.5278, 1.3035, 1.2698, 0.2945, 0.4222, 97.75
977, 1580, 15, 130, 0.5806, 23.6517, 7.3156, 22.4919, 0.3483, 174.00
977, 1619, 81, -17, 0.5556, 28.2483, 22.6295, -16.9078, 0.2222, 203.62
977, 1621, 13, -6, 0.7222, 23.4874, 2.6975, -23.3320, 0.5056, 193.71
977, 1623, 15, -1, 0.5556, 33.1344, 0.4100, -33.1319, 0.2222, 180.25
977, 1626, 69, 141, 0.5556, 24.0211, -3.5576, 23.7562, 0.2222, 165.12
978, 1604, 98, 90, 1.0000, 1.9624, -0.9591, -1.7120, 1.0000, 164.78
978, 1605, 43, 128, 0.7667, 17.1004, -15.6158, 6.9691, 0.4600, 163.50
978, 1616, 65, 60, 0.9333, 26.8987, 20.4283, 17.4994, 0.8400, 210.61
978, 1579, 10, 15, 0.6806, 22.9762, -11.0741, -20.1313, 0.4083, 188.33
978, 1617, 98, 9, 0.9833, 2.0760, 2.0337, 0.4167, 0.8850, 209.24
978, 1620, 46, 49, 0.8722, 0.7621, 0.7351, 0.2013, 0.6106, 211.86
978, 1624, 15, 115, 0.9278, 2.8941, 2.0268, 2.0660, 0.7422, 246.59
978, 1529, 75, 41, 0.5400, 3.5819, -3.5819, 0.0000, 0.2700, 185.20
978, 1625, 110, 17, 0.7667, 21.7618, 20.9384, -5.9297, 0.4600, 194.75
978, 1627, 93, 12, 0.6000, 11.3804, -3.6288, 10.7864, 0.1800, 165.67
978, 1634, 100, 15, 0.6556, 21.3087, -21.0945, -3.0140, 0.2622, 130.75
978, 1547, 122, 57, 0.5400, 0.1063, 0.1008, 0.0336, 0.2700, 116.40
978, 1602, 32, 33, 0.8000, 0.9595, 0.9595, -0.0098, 0.8000, 217.08
979, 1602, 34, 33, 1.0000, 1.4113, 1.4111, 0.0263, 1.0000, 216.61
979, 1604, 98, 90, 1.0000, 0.6674, -0.2704, -0.6102, 1.0000, 163.13
979, 1617, 97, 10, 1.0000, 0.9997, -0.1868, 0.9820, 1.0000, 206.77
979, 1620, 46, 50, 0.9278, 0.7708, 0.2526, 0.7282, 0.7422, 211.75
979, 1624, 16, 117, 0.9833, 2.4128, 1.2674, 2.0530, 0.8850, 240.47
979, 1529, 67, 59, 0.6000, 17.8508, -7.9594, 15.9781, 0.3600, 187.00
979, 1625, 123, 20, 0.8222, 14.1616, 14.0493, 1.7801, 0.5756, 186.93
979, 1588, 107, 14, 0.5625, 13.6452, -13.3828, -2.6632, 0.2250, 141.00
979, 1634, 94, 14, 0.7111, 6.9714, -6.9630, -0.3411, 0.3556, 136.80
979, 1547, 122, 57, 0.6500, 0.0116, -0.0110, -0.0037, 0.3900, 115.67
979, 1635, 17, 48, 0.6556, 11.9140, 6.7815, 9.7956, 0.2622, 203.00
979, 1616, 85, 78, 0.8333, 26.8987, 20.4283, 17.4994, 0.7500, 210.61
979, 1579, -1, -5, 0.5806, 22.9762, -11.0741, -20.1313, 0.3483, 188.33
979, 1627, 90, 23, 0.5000, 11.3804, -3.6288, 10.7864, 0.1500, 165.67
980, 1602, 35, 33, 1.0000, 1.1043, 1.1042, 0.0069, 1.0000, 215.88
980, 1604, 96, 88, 1.0000, 1.9756, -1.3803, -1.4134, 1.0000, 163.32
980, 1608, 121, 114, 0.9833, 1.7548, -1.6755, -0.5214, 0.8850, 95.00
980, 1616, 94, 85, 0.9889, 18.5045, 14.1424, 11.9335, 0.9889, 203.75
980, 1617, 100, 9, 1.0000, 1.8946, 1.8504, -0.4069, 1.0000, 206.15
980, 1620, 47, 50, 0.9833, 0.7932, 0.7532, 0.2488, 0.8850, 213.89
980, 1624, 17, 119, 1.0000, 2.2267, 0.9551, 2.0115, 1.0000, 241.03
980, 1529, 67, 84, 0.6587, 24.2320, -0.9399, 24.2138, 0.4611, 183.29
980, 1625, 126, 18, 0.8778, 3.6909, 3.5954, -0.8340, 0.7022, 178.94
980, 1588, 98, 15, 0.6222, 9.4667, -9.4665, -0.0737, 0.3111, 144.20
980, 1634, 91, 8, 0.7667, 6.7308, -3.4041, -5.8065, 0.4600, 141.33
980, 1547, 125, 57, 0.7087, 2.2735, 2.2735, -0.0057, 0.4961, 114.43
980, 1635, 24, 57, 0.7111, 11.3917, 7.0667, 8.9349, 0.3556, 202.80
980, 1636, 12, 34, 0.6000, 24.7174, 0.8426, -24.7030, 0.1800, 188.67
980, 1644, 13, 35, 0.6000, 17.1693, 9.5238, -14.2857, 0.1800, 204.67
980, 1645, 31, 61, 0.6000, 9.4281, 6.6667, 6.6667, 0.1800, 185.33
981, 1602, 36, 32, 1.0000, 1.2314, 0.9862, -0.7374, 1.0000, 216.40
981, 1604, 95, 87, 1.0000, 1.8021, -1.2942, -1.2541, 1.0000, 163.07
981, 1617, 101, 9, 1.0000, 1.5610, 1.5288, -0.3154, 1.0000, 209.06
981, 1620, 47, 51, 1.0000, 0.7934, 0.2508, 0.7527, 1.0000, 213.50
981, 1368, 11, 105, 0.5000, 10.0017, -9.2888, -3.7083, 0.4500, 164.78
981, 1624, 18, 121, 1.0000, 2.2077, 0.9418, 1.9967, 1.0000, 241.84
981, 1583, 109, 13, 0.5625, 14.3061, -11.7384, -8.1778, 0.2250, 131.75
981, 1547, 126, 58, 0.7667, 1.8021, 1.6327, 0.7628, 0.6133, 114.44
981, 1635, 33, 76, 0.7667, 19.9724, 8.5861, 18.0326, 0.4600, 201.50
981, 1636, 7, 1, 0.6556, 31.7444, -4.2580, -31.4575, 0.2622, 198.50
981, 1639, 12, 37, 0.6000, 30.9521, -15.6762, 26.6887, 0.1800, 214.33
981, 1642, 17, 36, 0.6000, 0.9185, 0.0376, 0.9177, 0.1800, 213.33
981, 1644, 27, 12, 0.6556, 25.9874, 13.8894, -21.9643, 0.2622, 208.75
981, 1645, 65, 63, 0.6556, 30.5517, 30.4439, 2.5643, 0.2622, 190.00
981, 1608, 119, 113, 0.8833, 1.7548, -1.6755, -0.5214, 0.7950, 95.00
981, 1616, 109, 97, 0.8889, 18.5045, 14.1424, 11.9335, 0.8889, 203.75
981, 1529, 66, 109, 0.5587, 24.2320, -0.9399, 24.2138, 0.3911, 183.29
981, 1625, 129, 18, 0.7778, 3.6909, 3.5954, -0.8340, 0.6222, 178.94
981, 1588, 89, 14, 0.5222, 9.4667, -9.4665, -0.0737, 0.2611, 144.20
981, 1634, 88, 2, 0.6667, 6.7308, -3.4041, -5.8065, 0.4000, 141.33
982, 1602, 37, 32, 1.0000, 1.0271, 0.9791, -0.3103, 1.0000, 216.11
982, 1604, 94, 85, 1.0000, 2.0523, -1.0747, -1.7484, 1.0000, 163.07
982, 1617, 102, 9, 1.0000, 1.0935, 1.0913, -0.0697, 1.0000, 209.05
982, 1620, 40, 49, 1.0000, 6.2572, -6.1255, -1.2767, 1.0000, 210.73
982, 1624, 23, 125, 1.0000, 5.8281, 4.6786, 3.4752, 1.0000, 234.19
982, 1625, 127, 19, 0.9333, 0.4361, 0.1587, 0.4061, 0.8400, 171.94
982, 1627, 79, 41, 0.6556, 7.1876, -3.5551, 6.2469, 0.2622, 170.75
982, 1635, 21, 106, 0.8222, 30.1930, -9.9742, 28.4980, 0.5756, 196.00
982, 1639, 6, 64, 0.6556, 27.5074, -6.7931, 26.6554, 0.2622, 209.50
982, 1642, 18, 36, 0.7056, 0.7944, 0.7482, 0.2670, 0.2822, 211.50
982, 1644, 31, 9, 0.7111, 7.1251, 4.6153, -5.4283, 0.3556, 209.80
982, 1645, 82, 64, 0.7111, 18.7580, 18.6896, 1.5999, 0.3556, 194.20
982, 1616, 123, 109, 0.7889, 18.5045, 14.1424, 11.9335, 0.7889, 203.75
982, 1634, 85, -4, 0.5667, 6.7308, -3.4041, -5.8065, 0.3400, 141.33
982, 1547, 128, 59, 0.6667, 1.8021, 1.6327, 0.7628, 0.5333, 114.44
982, 1636, 3, -30, 0.5556, 31.7444, -4.2580, -31.4575, 0.2222, 198.50
983, 1602, 36, 24, 1.0000, 6.5387, -0.4521, -6.5231, 1.0000, 215.76
983, 1604, 93, 84, 1.0000, 1.6408, -0.9865, -1.3111, 1.0000, 162.46
983, 1610, 21, 124, 0.6000, 1.3541, 0.9560, 0.9590, 0.1800, 205.33
983, 1617, 104, 10, 1.0000, 1.8472, 1.6883, 0.7497, 1.0000, 209.48
983, 1625, 105, 17, 0.9889, 20.8684, -20.8134, -1.5149, 0.9889, 170.45
983, 1583, 90, 15, 0.6222, 9.6738, -9.3529, 2.4709, 0.3111, 138.60
983, 1627, 79, 62, 0.7111, 20.2787, 0.2844, 20.2768, 0.3556, 178.60
983, 1642, 5, 35, 0.7111, 11.2075, -11.1799, -0.7859, 0.3556, 210.60
983, 1644, 38, 5, 0.7667, 8.5026, 7.3808, -4.2212, 0.4600, 209.33
983, 1616, 137, 121, 0.6889, 18.5045, 14.1424, 11.9335, 0.6889, 203.75
983, 1624, 28, 128, 0.9000, 5.8281, 4.6786, 3.4752, 0.9000, 234.19
983, 1547, 129, 59, 0.5667, 1.8021, 1.6327, 0.7628, 0.4533, 114.44
983, 1639, 0, 91, 0.5556, 27.5074, -6.7931, 26.6554, 0.2222, 209.50
983, 1645, 101, 66, 0.6111, 18.7580, 18.6896, 1.5999, 0.3056, 194.20
984, 1602, 31, 13, 1.0000, 11.6875, -4.6629, -10.7171, 1.0000, 215.40
984, 1604, 92, 84, 1.0000, 1.0363, -0.9811, -0.3338, 1.0000, 162.90
984, 1610, 22, 126, 0.7056, 2.0468, 1.0204, 1.7743, 0.2822, 210.25
984, 1617, 105, 10, 1.0000, 1.3228, 1.2805, 0.3317, 1.0000, 210.38
984, 1583, 84, 27, 0.6806, 12.0131, -5.8112, 10.5141, 0.4083, 144.33
984, 1627, 80, 66, 0.7667, 6.2995, 0.4852, 6.2808, 0.4600, 183.83
984, 1639, 8, 111, 0.7111, 23.2610, 2.1143, 23.1647, 0.3556, 200.60
984, 1641, 37, 32, 0.6000, 27.1942, 26.9521, 3.6204, 0.1800, 203.67
984, 1624, 33, 132, 0.8000, 5.8281, 4.6786, 3.4752, 0.8000, 234.19
984, 1642, -6, 34, 0.6111, 11.2075, -11.1799, -0.7859, 0.3056, 210.60
985, 1604, 91, 83, 1.0000, 1.1739, -0.9931, -0.6259, 1.0000, 163.10
985, 1617, 106, 10, 1.0000, 1.0146, 1.0142, 0.0268, 1.0000, 209.23
985, 1368, 10, 68, 0.5556, 11.1006, 2.3419, -10.8507, 0.5556, 167.00
985, 1627, 80, 65, 0.8222, 0.5049, 0.1383, -0.4856, 0.5756, 187.57
985, 1641, 44, 32, 0.6556, 9.1992, 9.1324, 1.1063, 0.2622, 206.50
985, 1656, 11, 41, 0.6000, 0.8434, 0.8426, 0.0376, 0.1800, 210.00
985, 1602, 26, 2, 0.9000, 11.6875, -4.6629, -10.7171, 0.9000, 215.40
985, 1610, 23, 128, 0.6056, 2.0468, 1.0204, 1.7743, 0.2422, 210.25
985, 1624, 37, 135, 0.7000, 5.8281, 4.6786, 3.4752, 0.7000, 234.19
985, 1583, 79, 37, 0.5806, 12.0131, -5.8112, 10.5141, 0.3483, 144.33
986, 1604, 89, 83, 1.0000, 1.6998, -1.6815, -0.2489, 1.0000, 162.90
986, 1617, 107, 10, 1.0000, 0.9629, 0.9621, -0.0405, 1.0000, 208.22
986, 1368, 10, 31, 0.6111, 36.4016, 0.5878, -36.3968, 0.6111, 170.09
986, 1627, 88, 63, 0.8778, 7.2812, 7.0338, -1.8817, 0.7022, 185.88
986, 1641, 44, 31, 0.7111, 1.0120, 0.5751, -0.8326, 0.3556, 210.00
986, 1656, 15, 42, 0.7056, 3.3971, 3.3137, 0.7482, 0.2822, 212.00
986, 1610, 24, 129, 0.5056, 2.0468, 1.0204, 1.7743, 0.2022, 210.25
986, 1624, 42, 139, 0.6000, 5.8281, 4.6786, 3.4752, 0.6000, 234.19
987, 1604, 86, 83, 1.0000, 2.6929, -2.6929, -0.0157, 1.0000, 162.54
987, 1617, 109, 11, 1.0000, 1.8309, 1.6951, 0.6920, 1.0000, 207.37
987, 1641, 43, 31, 0.7667, 0.5917, -0.3476, -0.4789, 0.4600, 214.17
987, 1656, 15, 42, 0.7611, 1.1420, 1.1095, 0.2706, 0.3806, 209.00
987, 1520, 71, 30, 0.5250, 31.3905, 24.7782, -19.2719, 0.3150, 200.83
987, 1664, 50, 45, 0.6000, 30.5236, 29.5574, 7.6190, 0.1800, 206.67
987, 1665, 51, 56, 0.6000, 2.1448, 0.9860, 1.9048, 0.1800, 214.67
987, 1368, 11, -6, 0.5111, 36.4016, 0.5878, -36.3968, 0.5111, 170.09
987, 1624, 47, 142, 0.5000, 5.8281, 4.6786, 3.4752, 0.5000, 234.19
988, 1604, 86, 83, 1.0000, 0.3817, -0.3801, 0.0352, 1.0000, 162.55
988, 1617, 110, 11, 1.0000, 1.3567, 1.3189, 0.3179, 1.0000, 207.56
988, 1628, 58, 36, 0.6000, 13.5299, -13.2296, -2.8349, 0.1800, 227.33
988, 1641, 45, 31, 0.8222, 1.3320, 1.3308, -0.0566, 0.5756, 213.00
988, 1656, 16, 43, 0.8167, 1.0354, 0.7047, 0.7586, 0.4900, 211.50
988, 1520, 115, 13, 0.5841, 44.9262, 41.2828, -17.7225, 0.4089, 191.57
988, 1665, 51, 56, 0.7056, 0.5768, 0.2550, 0.5174, 0.2822, 214.50
988, 1667, 33, 14, 0.6000, 11.7803, 11.4286, -2.8571, 0.1800, 204.67
988, 1664, 80, 52, 0.5000, 30.5236, 29.5574, 7.6190, 0.1500, 206.67
989, 1617, 111, 11, 1.0000, 1.0335, 1.0330, 0.0330, 1.0000, 206.46
989, 1641, 46, 30, 0.8778, 1.5086, 1.3180, -0.7339, 0.7022, 216.88
989, 1656, 14, 42, 0.8722, 1.5104, -1.4204, -0.5138, 0.6106, 210.71
989, 1658, 57, 42, 0.6000, 37.5745, 37.1785, -5.4408, 0.1800, 200.00
989, 1663, 8, 22, 0.6000, 17.4803, -14.4152, -9.8875, 0.1800, 210.33
989, 1665, 51, 56, 0.7611, 0.0677, -0.0348, -0.0581, 0.3806, 212.20
989, 1667, 35, 14, 0.6556, 3.9349, 3.8576, -0.7760, 0.2622, 206.75
989, 1671, 84, 83, 0.6000, 3.9268, 0.9524, -3.8095, 0.1800, 151.50
989, 1604, 86, 83, 0.9000, 0.3817, -0.3801, 0.0352, 0.9000, 162.55
989, 1628, 44, 33, 0.5000, 13.5299, -13.2296, -2.8349, 0.1500, 227.33
990, 1604, 83, 84, 1.0000, 1.8189, -1.7424, 0.5221, 1.0000, 163.40
990, 1617, 110, 20, 1.0000, 7.6971, -0.4406, 7.6845, 1.0000, 203.82
990, 1628, 24, 17, 0.6556, 20.1763, -17.1395, -10.6451, 0.2622, 226.50
990, 1638, 72, 40, 0.6000, 40.8577, 24.3603, 32.8013, 0.1800, 195.67
990, 1641, 47, 30, 0.9333, 1.0922, 1.0636, -0.2484, 0.8400, 220.56
990, 1647, 43, 63, 0.6000, 25.5800, -12.1833, -22.4923, 0.1800, 183.67
990, 1656, 20, 39, 0.9278, 5.3725, 4.7023, -2.5987, 0.7422, 210.62
990, 1658, 105, 36, 0.6556, 47.5316, 47.1218, -6.2283, 0.2622, 189.25
990, 1664, 108, 40, 0.6556, 17.5656, 17.2188, -3.4735, 0.2622, 191.75
990, 1665, 52, 57, 0.8167, 0.9771, 0.7140, 0.6669, 0.4900, 211.83
990, 1667, 35, 15, 0.7111, 0.8538, -0.0725, 0.8507, 0.3556, 210.80
990, 1671, 73, 64, 0.6556, 19.3689, -9.5369, -16.8583, 0.2622, 161.62
990, 1672, 47, 50, 0.6000, 28.1703, 25.7479, 11.4286, 0.1800, 219.00
990, 1663, -6, 12, 0.5000, 17.4803, -14.4152, -9.8875, 0.1500, 210.33
991, 1604, 81, 84, 1.0000, 2.0230, -2.0124, 0.2063, 1.0000, 163.82
991, 1530, 9, 59, 0.5400, 45.0793, -37.5097, -25.0034, 0.2700, 174.80
991, 1633, 123, 112, 0.6000, 43.0245, 41.9536, -9.5398, 0.1800, 98.67
991, 1641, 48, 30, 0.9889, 0.9778, 0.9777, 0.0166, 0.9889, 218.50
991, 1656, 22, 32, 0.9333, 7.5542, 2.7673, -7.0291, 0.8400, 210.89
991, 1665, 53, 58, 0.8722, 1.4602, 1.0399, 1.0251, 0.6106, 210.29
991, 1667, 35, 15, 0.7667, 0.4710, 0.1749, 0.4373, 0.4600, 211.83
991, 1672, 78, 44, 0.6556, 30.5613, 30.3393, -3.6774, 0.2622, 210.75
991, 1673, 18, 45, 0.6000, 4.6187, 3.7084, 2.7531, 0.1800, 212.33
991, 1674, 114, 12, 0.6000, 0.8858, 0.8852, -0.0336, 0.1800, 180.67
991, 1617, 110, 28, 0.9000, 7.6971, -0.4406, 7.6845, 0.9000, 203.82
991, 1628, 7, 6, 0.5556, 20.1763, -17.1395, -10.6451, 0.2222, 226.50
991, 1638, 96, 73, 0.5000, 40.8577, 24.3603, 32.8013, 0.1500, 195.67
991, 1647, 31, 41, 0.5000, 25.5800, -12.1833, -22.4923, 0.1500, 183.67
991, 1658, 152, 30, 0.5556, 47.5316, 47.1218, -6.2283, 0.2222, 189.25
991, 1664, 126, 37, 0.5556, 17.5656, 17.2188, -3.4735, 0.2222, 191.75
991, 1671, 63, 47, 0.5556, 19.3689, -9.5369, -16.8583, 0.2222, 161.62
992, 1604, 81, 85, 1.0000, 0.9862, -0.7126, 0.6818, 1.0000, 165.47
992, 1628, 25, 15, 0.7111, 3.0665, 2.9246, 0.9222, 0.3556, 222.80
992, 1638, 89, 77, 0.6556, 18.2042, 6.9619, 16.8204, 0.2622, 185.25
992, 1641, 49, 29, 1.0000, 1.2403, 0.9837, -0.7555, 1.0000, 217.45
992, 1647, 29, 36, 0.6556, 14.0153, -6.4481, -12.4440, 0.2622, 191.00
992, 1648, 55, 86, 0.7056, 0.0087, 0.0073, 0.0048, 0.2822, 172.50
992, 1656, 34, 30, 0.9889, 10.5569, 10.3021, -2.3057, 0.9889, 210.70
992, 1664, 112, 22, 0.7111, 9.8531, -0.5043, -9.8402, 0.3556, 182.90
992, 1665, 53, 58, 0.9278, 0.4267, 0.3011, 0.3023, 0.7422, 210.38
992, 1667, 32, 10, 0.8222, 5.0515, -2.2144, -4.5403, 0.5756, 213.57
992, 1671, 64, 38, 0.7111, 13.2866, -3.8510, -12.7162, 0.3556, 168.30
992, 1672, 83, 41, 0.7111, 8.2712, 7.7705, -2.8341, 0.3556, 205.20
992, 1673, 19, 62, 0.6556, 15.2957, 1.8163, 15.1875, 0.2622, 207.25
992, 1674, 115, 12, 0.7056, 1.0195, 1.0195, 0.0037, 0.2822, 178.83
992, 1617, 109, 36, 0.8000, 7.6971, -0.4406, 7.6845, 0.8000, 203.82
992, 1633, 165, 103, 0.5000, 43.0245, 41.9536, -9.5398, 0.1500, 98.67
993, 1604, 79, 86, 1.0000, 1.6525, -1.3360, 0.9726, 1.0000, 166.11
993, 1582, 74, 40, 0.5625, 27.7030, -5.8086, 27.0872, 0.2250, 177.75
993, 1638, 84, 121, 0.7111, 41.4338, -4.1331, 41.2271, 0.3556, 171.40
993, 1641, 51, 29, 1.0000, 1.8114, 1.7926, -0.2602, 1.0000, 217.25
993, 1647, 24, 17, 0.7111, 19.2872, -5.0075, -18.6258, 0.3556, 194.40
993, 1648, 55, 86, 0.7611, 0.0058, 0.0048, 0.0032, 0.3806, 173.20
993, 1665, 53, 58, 0.9833, 0.0458, -0.0337, -0.0311, 0.8850, 209.22
993, 1674, 117, 13, 0.7611, 1.9443, 1.7857, 0.7693, 0.3806, 180.67
993, 1617, 109, 43, 0.7000, 7.6971, -0.4406, 7.6845, 0.7000, 203.82
993, 1656, 44, 28, 0.8889, 10.5569, 10.3021, -2.3057, 0.8889, 210.70
993, 1672, 91, 38, 0.6111, 8.2712, 7.7705, -2.8341, 0.3056, 205.20
993, 1673, 21, 77, 0.5556, 15.2957, 1.8163, 15.1875, 0.2222, 207.25
994, 1604, 78, 86, 1.0000, 1.2880, -1.2279, 0.3889, 1.0000, 166.58
994, 1641, 52, 29, 1.0000, 1.2729, 1.2728, 0.0143, 1.0000, 218.31
994, 1648, 59, 91, 0.7667, 5.9712, 3.8228, 4.5870, 0.4600, 171.50
994, 1656, 71, 39, 1.0000, 20.9559, 20.1609, 5.7172, 1.0000, 210.27
994, 1673, 21, 90, 0.7111, 13.9742, 0.7337, 13.9550, 0.3556, 203.40
994, 1674, 122, 17, 0.7667, 6.5677, 5.1189, 4.1149, 0.4600, 171.22
994, 1675, 50, 115, 0.6000, 28.2734, 26.6331, -9.4902, 0.1800, 163.67
994, 1617, 109, 51, 0.6000, 7.6971, -0.4406, 7.6845, 0.6000, 203.82
994, 1638, 80, 162, 0.6111, 41.4338, -4.1331, 41.2271, 0.3056, 171.40
994, 1665, 53, 58, 0.8833, 0.0458, -0.0337, -0.0311, 0.7950, 209.22
995, 1604, 76, 87, 1.0000, 1.8403, -1.7100, 0.6801, 1.0000, 168.03
995, 1582, 38, 69, 0.6222, 23.4514, -19.5587, 12.9393, 0.3111, 182.40
995, 1641, 53, 28, 1.0000, 1.2408, 0.9850, -0.7547, 1.0000, 217.43
995, 1647, 17, 2, 0.8222, 12.3161, -5.8208, -10.8538, 0.5756, 198.71
995, 1590, 77, 2, 0.5625, 33.2363, 33.1827, -1.8879, 0.2250, 206.00
995, 1665, 55, 61, 1.0000, 1.9233, 1.0592, 1.6053, 1.0000, 207.80
995, 1617, 108, 59, 0.5000, 7.6971, -0.4406, 7.6845, 0.5000, 203.82
995, 1648, 63, 96, 0.6667, 5.9712, 3.8228, 4.5870, 0.4000, 171.50
995, 1673, 22, 104, 0.6111, 13.9742, 0.7337, 13.9550, 0.3056, 203.40
995, 1674, 127, 21, 0.6667, 6.5677, 5.1189, 4.1149, 0.4000, 171.22
995, 1675, 77, 106, 0.5000, 28.2734, 26.6331, -9.4902, 0.1500, 163.67
996, 1604, 75, 87, 1.0000, 1.3715, -1.3396, 0.2941, 1.0000, 169.20
996, 1582, 15, 66, 0.6806, 22.2809, -22.2004, -1.8927, 0.4083, 181.33
996, 1641, 54, 28, 1.0000, 0.9922, 0.9576, -0.2596, 1.0000, 218.67
996, 1590, 120, 12, 0.6222, 41.9976, 41.1212, 8.5349, 0.3111, 202.80
996, 1665, 55, 61, 1.0000, 0.5772, 0.3184, 0.4814, 1.0000, 207.73
996, 1573, 34, 128, 0.5062, 6.3172, 6.2544, -0.8887, 0.4050, 176.75
996, 1675, 87, 125, 0.6556, 18.4555, 17.2798, 6.4818, 0.2622, 148.75
996, 1466, 117, 103, 0.5062, 25.9076, 7.6190, 24.7619, 0.4050, 123.00
996, 1648, 67, 100, 0.5667, 5.9712, 3.8228, 4.5870, 0.3400, 171.50
996, 1673, 23, 118, 0.5111, 13.9742, 0.7337, 13.9550, 0.2556, 203.40
996, 1674, 133, 26, 0.5667, 6.5677, 5.1189, 4.1149, 0.3400, 171.22
997, 1604, 73, 87, 1.0000, 1.6956, -1.6953, 0.0341, 1.0000, 169.92
997, 1641, 56, 27, 1.0000, 1.9415, 1.7787, -0.7782, 1.0000, 218.56
997, 1648, 66, 103, 0.8222, 4.2469, 1.8740, 3.8111, 0.5756, 165.71
997, 1665, 56, 61, 1.0000, 0.7180, 0.7168, -0.0415, 1.0000, 206.58
997, 1673, 24, 123, 0.7667, 10.3296, 1.0294, 10.2782, 0.4600, 194.17
997, 1607, 25, 41, 0.5625, 0.9328, 0.9322, 0.0334, 0.2250, 207.75
997, 1466, 120, 118, 0.5630, 16.1682, 3.5764, 15.7677, 0.5067, 118.11
997, 1678, 113, 78, 0.6000, 34.1000, 27.6190, 20.0000, 0.1800, 163.33
997, 1582, -7, 64, 0.5806, 22.2809, -22.2004, -1.8927, 0.3483, 181.33
997, 1590, 161, 21, 0.5222, 41.9976, 41.1212, 8.5349, 0.2611, 202.80
997, 1675, 104, 131, 0.5556, 18.4555, 17.2798, 6.4818, 0.2222, 148.75
998, 1604, 65, 81, 1.0000, 7.8433, -6.4222, -4.5024, 1.0000, 171.22
998, 1641, 53, 28, 1.0000, 2.7129, -2.6565, 0.5504, 1.0000, 217.06
998, 1648, 71, 113, 0.8778, 10.5810, 4.3591, 9.6413, 0.7022, 163.12
998, 1665, 52, 64, 1.0000, 4.0237, -3.4229, 2.1153, 1.0000, 205.85
998, 1670, 33, 65, 0.6000, 3.3987, 1.8808, -2.8309, 0.1800, 197.33
998, 1573, 59, 116, 0.5630, 14.7376, 13.3049, -6.3385, 0.5067, 173.89
998, 1607, 25, 41, 0.6722, 0.2644, 0.2642, -0.0102, 0.3361, 208.40
998, 1678, 129, 95, 0.6556, 24.5975, 17.2972, 17.4883, 0.2622, 140.50
998, 1673, 25, 133, 0.6667, 10.3296, 1.0294, 10.2782, 0.4000, 194.17
999, 1604, 64, 79, 1.0000, 3.5872, -2.5840, -2.4881, 1.0000, 173.13
999, 1631, 84, 58, 0.6000, 27.3542, 27.0789, -3.8708, 0.1800, 193.67
999, 1648, 87, 125, 0.9333, 18.9569, 15.1353, 11.4143, 0.8400, 159.44
999, 1649, 71, 87, 0.6000, 0.9594, -0.9594, -0.0046, 0.1800, 177.50
999, 1652, 99, 90, 0.6000, 31.7764, 13.4367, -28.7958, 0.1800, 113.67
999, 1655, 107, 35, 0.6000, 33.1776, 6.6887, 32.4964, 0.1800, 165.00
999, 1670, 54, 62, 0.6556, 18.9658, 18.7148, -3.0756, 0.2622, 198.25
999, 1607, 26, 42, 0.7306, 1.0552, 0.7373, 0.7549, 0.4383, 208.33
999, 1613, 20, 30, 0.5625, 0.0380, -0.0269, -0.0269, 0.2250, 209.75
999, 1680, 121, 28, 0.6000, 12.7316, -2.8235, 12.4146, 0.1800, 176.00
999, 1681, 23, 18, 0.6000, 16.6577, -16.2241, -3.7759, 0.1800, 207.67
999, 1641, 50, 28, 0.9000, 2.7129, -2.6565, 0.5504, 0.9000, 217.06
999, 1665, 48, 66, 0.9000, 4.0237, -3.4229, 2.1153, 0.9000, 205.85
999, 1673, 26, 144, 0.5667, 10.3296, 1.0294, 10.2782, 0.3400, 194.17
999, 1678, 146, 113, 0.5556, 24.5975, 17.2972, 17.4883, 0.2222, 140.50
1000, 1604, 57, 73, 1.0000, 8.1780, -5.9434, -5.6174, 1.0000, 173.54
1000, 1631, 122, 40, 0.6556, 39.4228, 35.9745, -16.1244, 0.2622, 171.00
1000, 1641, 37, 24, 1.0000, 8.7743, -8.5022, -2.1683, 1.0000, 216.33
1000, 1649, 69, 88, 0.7056, 1.9282, -1.7736, 0.7567, 0.2822, 186.88
1000, 1601, 32, 24, 0.5625, 5.7579, -5.6807, 0.9397, 0.2250, 206.75
1000, 1670, 77, 49, 0.7111, 25.7277, 22.6477, -12.2066, 0.3556, 198.60
1000, 1607, 26, 42, 0.7881, 0.3777, 0.2427, 0.2894, 0.5517, 210.14
1000, 1613, 25, 29, 0.6222, 4.6358, 4.5745, -0.7515, 0.3111, 205.60
1000, 1618, 33, 15, 0.5625, 7.6799, -2.6966, 7.1909, 0.2250, 198.50
1000, 1680, 122, 30, 0.6556, 3.3592, -0.0262, 3.3591, 0.2622, 162.50
1000, 1683, 56, 10, 0.6000, 49.5851, -41.8039, -26.6667, 0.1800, 173.33
1000, 1648, 102, 136, 0.8333, 18.9569, 15.1353, 11.4143, 0.7500, 159.44
1000, 1652, 113, 61, 0.5000, 31.7764, 13.4367, -28.7958, 0.1500, 113.67
1000, 1655, 113, 67, 0.5000, 33.1776, 6.6887, 32.4964, 0.1500, 165.00
1000, 1681, 6, 14, 0.5000, 16.6577, -16.2241, -3.7759, 0.1500, 207.67
1001, 1649, 67, 88, 0.7611, 2.0700, -2.0513, 0.2773, 0.3806, 194.10
1001, 1655, 120, 80, 0.6556, 22.4165, 6.6425, 21.4098, 0.2622, 151.25
1001, 1660, 21, 89, 0.6000, 33.8858, 9.5626, 32.5086, 0.1800, 200.33
1001, 1601, 14, 24, 0.6222, 16.7336, -16.7314, 0.2712, 0.3111, 202.00
1001, 1668, 71, 6, 0.6000, 22.1233, -3.7928, -21.7958, 0.1800, 187.33
1001, 1607, 27, 42, 0.8451, 0.7468, 0.7468, 0.0019, 0.6761, 210.88
1001, 1613, 41, 18, 0.6806, 17.8587, 14.6642, -10.1930, 0.4083, 205.00
1001, 1681, 2, 0, 0.6556, 13.6361, -9.8000, -9.4817, 0.2622, 213.00
1001, 1687, 61, 26, 0.6000, 1.0202, 1.0196, -0.0336, 0.1800, 200.33
1001, 1604, 51, 67, 0.9000, 8.1780, -5.9434, -5.6174, 0.9000, 173.54
1001, 1631, 157, 24, 0.5556, 39.4228, 35.9745, -16.1244, 0.2222, 171.00
1001, 1648, 117, 148, 0.7333, 18.9569, 15.1353, 11.4143, 0.6600, 159.44
1001, 1670, 100, 37, 0.6111, 25.7277, 22.6477, -12.2066, 0.3056, 198.60
1001, 1680, 121, 33, 0.5556, 3.3592, -0.0262, 3.3591, 0.2222, 162.50
1001, 1683, 15, -17, 0.5000, 49.5851, -41.8039, -26.6667, 0.1500, 173.33
1002, 1604, 30, 47, 1.0000, 19.5103, -14.0612, -13.5254, 1.0000, 174.47
1002, 1649, 66, 87, 0.8167, 1.5002, -1.2881, -0.7690, 0.4900, 201.42
1002, 1655, 123, 82, 0.7111, 5.0102, 2.9954, 4.0162, 0.3556, 140.60
1002, 1660, 22, 94, 0.6556, 9.3925, 2.6497, 9.0110, 0.2622, 196.75
1002, 1601, 4, 24, 0.6806, 10.7362, -10.7362, -0.0223, 0.4083, 202.83
1002, 1668, 71, 2, 0.6556, 6.1655, -0.3137, -6.1575, 0.2622, 188.50
1002, 1670, 106, 27, 0.7667, 16.8177, 12.9502, -10.7298, 0.4600, 190.00
1002, 1607, 27, 43, 0.9019, 0.7589, 0.2556, 0.7146, 0.8117, 210.44
1002, 1618, 20, 30, 0.6222, 10.0904, -6.9468, 7.3184, 0.3111, 200.20
1002, 1681, 1, 0, 0.7111, 2.3520, -1.7646, -1.5550, 0.3556, 217.80
1002, 1687, 62, 26, 0.7056, 1.0048, 1.0048, 0.0037, 0.2822, 206.25
1002, 1648, 132, 159, 0.6333, 18.9569, 15.1353, 11.4143, 0.5700, 159.44
1002, 1613, 56, 8, 0.5806, 17.8587, 14.6642, -10.1930, 0.3483, 205.00
1003, 1643, 35, 17, 0.6000, 31.1438, -13.5370, -28.0479, 0.1800, 204.00
1003, 1646, 19, 88, 0.6556, 13.3420, 9.0492, 9.8042, 0.2622, 190.00
1003, 1649, 64, 87, 0.8722, 1.7513, -1.7188, -0.3358, 0.6106, 206.50
1003, 1607, 24, 46, 0.9583, 3.4005, -2.2639, 2.5373, 0.9583, 209.70
1003, 1618, 7, 32, 0.6806, 12.9259, -12.7069, 2.3693, 0.4083, 200.17
1003, 1681, 2, 1, 0.7667, 1.0333, 0.7137, 0.7472, 0.4600, 218.83
1003, 1684, 88, 87, 0.6000, 53.3158, 46.5641, 25.9684, 0.1800, 178.33
1003, 1687, 63, 25, 0.7611, 1.2541, 0.9992, -0.7578, 0.3806, 205.80
1003, 1648, 148, 170, 0.5333, 18.9569, 15.1353, 11.4143, 0.4800, 159.44
1003, 1655, 126, 86, 0.6111, 5.0102, 2.9954, 4.0162, 0.3056, 140.60
1003, 1660, 25, 103, 0.5556, 9.3925, 2.6497, 9.0110, 0.2222, 196.75
1003, 1601, -7, 24, 0.5806, 10.7362, -10.7362, -0.0223, 0.3483, 202.83
1003, 1668, 71, -4, 0.5556, 6.1655, -0.3137, -6.1575, 0.2222, 188.50
1004, 1643, 19, 11, 0.6556, 18.1659, -15.7265, -9.0927, 0.2622, 206.75
1004, 1646, 22, 91, 0.7111, 4.8756, 3.3067, 3.5828, 0.3556, 189.20
1004, 1649, 63, 86, 0.9278, 1.4606, -1.2381, -0.7749, 0.7422, 206.69
1004, 1680, 119, 42, 0.7111, 3.1479, -0.8103, 3.0418, 0.3556, 152.20
1004, 1687, 65, 25, 0.8167, 1.7870, 1.7634, -0.2894, 0.4900, 207.17
1004, 1618, -6, 34, 0.5806, 12.9259, -12.7069, 2.3693, 0.3483, 200.17
1004, 1684, 134, 113, 0.5000, 53.3158, 46.5641, 25.9684, 0.1500, 178.33
1005, 1649, 62, 85, 0.9833, 1.4122, -0.9885, -1.0086, 0.8850, 206.61
1005, 1660, 23, 126, 0.7111, 11.0653, -0.2760, 11.0619, 0.3556, 187.20
1005, 1680, 97, 48, 0.7667, 21.8788, -21.1701, 5.5235, 0.4600, 155.67
1005, 1687, 66, 25, 0.8722, 1.2937, 1.2937, -0.0016, 0.6106, 207.00
1005, 1643, 4, 2, 0.5556, 18.1659, -15.7265, -9.0927, 0.2222, 206.75
1005, 1646, 25, 95, 0.6111, 4.8756, 3.3067, 3.5828, 0.3056, 189.20
1006, 1649, 60, 85, 1.0000, 1.7320, -1.7077, -0.2892, 1.0000, 205.15
1006, 1657, 26, 47, 0.6000, 8.6406, -7.7301, 3.8606, 0.1800, 201.00
1006, 1662, 7, 96, 0.6000, 46.6344, -28.8955, 36.6036, 0.1800, 178.00
1006, 1687, 67, 24, 0.9278, 1.2317, 1.0033, -0.7145, 0.7422, 206.12
1006, 1630, 34, 45, 0.5625, 33.8869, -26.6331, -20.9524, 0.2250, 193.25
1006, 1646, 29, 98, 0.5111, 4.8756, 3.3067, 3.5828, 0.2556, 189.20
1007, 1649, 58, 84, 1.0000, 2.1529, -2.0324, -0.7101, 1.0000, 202.14
1007, 1687, 69, 24, 0.9833, 1.7331, 1.7100, -0.2820, 0.8850, 207.78
1007, 1630, 27, 41, 0.6222, 11.0803, -9.5072, -5.6909, 0.3111, 194.80
1007, 1657, 19, 51, 0.5000, 8.6406, -7.7301, 3.8606, 0.1500, 201.00
1007, 1662, -22, 132, 0.5000, 46.6344, -28.8955, 36.6036, 0.1500, 178.00
1008, 1649, 58, 84, 1.0000, 0.6302, -0.5791, -0.2487, 1.0000, 202.71
1008, 1657, 4, 56, 0.6556, 12.2876, -11.3861, 4.6198, 0.2622, 194.75
1008, 1666, 106, 42, 0.6000, 46.1655, 18.3060, 42.3810, 0.1800, 166.67
1008, 1630, 26, 33, 0.6806, 8.6629, -1.5477, -8.5235, 0.4083, 198.00
1008, 1696, 30, 43, 0.6000, 12.0349, 0.8426, 12.0054, 0.1800, 216.67
1008, 1687, 71, 24, 0.8833, 1.7331, 1.7100, -0.2820, 0.7950, 207.78
1009, 1649, 56, 83, 1.0000, 1.5814, -1.4025, -0.7307, 1.0000, 202.81
1009, 1666, 102, 100, 0.6556, 55.3308, -1.0441, 55.3209, 0.2622, 151.25
1009, 1585, 49, 18, 0.5400, 26.2667, 21.5616, 15.0013, 0.2700, 201.10
1009, 1687, 71, 23, 1.0000, 1.1162, 1.0109, -0.4733, 1.0000, 207.10
1009, 1695, 13, 18, 0.6000, 12.7800, -8.0564, -9.9209, 0.1800, 216.00
1009, 1696, 14, 65, 0.6556, 24.1357, -13.3442, 20.1113, 0.2622, 209.50
1009, 1697, 91, 3, 0.6000, 38.7272, -8.9219, -37.6855, 0.1800, 167.33
1009, 1551, 84, 15, 0.5250, 34.6552, -12.3473, -32.3810, 0.3150, 179.50
1009, 1657, -7, 61, 0.5556, 12.2876, -11.3861, 4.6198, 0.2222, 194.75
1009, 1630, 25, 24, 0.5806, 8.6629, -1.5477, -8.5235, 0.3483, 198.00
1010, 1649, 55, 83, 1.0000, 1.2639, -1.2346, -0.2706, 1.0000, 203.75
1010, 1585, 80, 30, 0.6000, 32.2848, 29.6997, 12.6583, 0.3600, 198.75
1010, 1687, 73, 19, 1.0000, 4.2868, 1.7216, -3.9259, 1.0000, 205.09
1010, 1695, 8, 7, 0.6556, 11.6263, -4.7599, -10.6073, 0.2622, 219.00
1010, 1551, 85, 4, 0.5841, 14.1130, -1.1060, -14.0696, 0.4089, 177.86
1010, 1588, 52, 18, 0.5062, 37.6213, -35.6545, 12.0048, 0.4050, 167.12
1010, 1666, 101, 155, 0.5556, 55.3308, -1.0441, 55.3209, 0.2222, 151.25
1010, 1696, 1, 85, 0.5556, 24.1357, -13.3442, 20.1113, 0.2222, 209.50
1010, 1697, 82, -34, 0.5000, 38.7272, -8.9219, -37.6855, 0.1500, 167.33
1011, 1649, 54, 82, 1.0000, 1.2688, -1.0382, -0.7294, 1.0000, 206.50
1011, 1657, 2, 55, 0.7111, 2.2455, 1.7089, -1.4566, 0.3556, 195.00
1011, 1695, 7, -1, 0.7111, 8.2489, -2.2173, -7.9453, 0.3556, 221.40
1011, 1698, 32, 58, 0.6000, 0.9679, 0.9656, 0.0668, 0.1800, 203.00
1011, 1585, 109, 43, 0.5000, 32.2848, 29.6997, 12.6583, 0.3000, 198.75
1011, 1687, 75, 15, 0.9000, 4.2868, 1.7216, -3.9259, 0.9000, 205.09
1012, 1649, 53, 81, 1.0000, 1.3976, -0.9799, -0.9965, 1.0000, 205.84
1012, 1630, 22, 27, 0.8519, 0.9543, 0.9538, -0.0306, 0.7667, 202.94
1012, 1698, 30, 50, 0.6556, 6.9750, -1.2657, -6.8592, 0.2622, 203.25
1012, 1703, 33, 46, 0.6000, 1.3708, 0.9860, 0.9524, 0.1800, 223.33
1012, 1704, 24, 35, 0.6000, 14.1469, -4.7283, -13.3333, 0.1800, 206.67
1012, 1687, 76, 11, 0.8000, 4.2868, 1.7216, -3.9259, 0.8000, 205.09
1012, 1695, 4, -8, 0.6111, 8.2489, -2.2173, -7.9453, 0.3056, 221.40
1013, 1649, 51, 81, 1.0000, 1.7338, -1.7035, -0.3227, 1.0000, 205.97
1013, 1630, 20, 37, 0.9083, 9.6839, -1.1636, 9.6138, 0.9083, 202.75
1013, 1698, 32, 46, 0.7111, 4.9199, 0.9311, -4.8310, 0.3556, 203.10
1013, 1703, 33, 57, 0.6556, 10.0575, 0.2550, 10.0542, 0.2622, 216.50
1013, 1704, 23, 34, 0.6556, 3.5256, -2.0506, -2.8680, 0.2622, 206.75
1013, 1552, 94, 124, 0.5250, 0.0475, 0.0336, 0.0336, 0.3150, 110.33
1013, 1707, 36, 5, 0.6000, 47.4527, -37.1765, -29.4902, 0.1800, 203.33
1013, 1687, 78, 7, 0.7000, 4.2868, 1.7216, -3.9259, 0.7000, 205.09
1013, 1695, 2, -16, 0.5111, 8.2489, -2.2173, -7.9453, 0.2556, 221.40
1014, 1649, 50, 80, 1.0000, 1.4903, -1.3160, -0.6995, 1.0000, 206.08
1014, 1688, 118, 93, 0.6000, 51.2805, 17.0761, 48.3538, 0.1800, 138.00
1014, 1630, 29, 50, 0.9646, 14.6759, 8.3287, 12.0836, 0.9646, 202.50
1014, 1698, 34, 45, 0.7667, 2.2334, 2.0682, -0.8431, 0.4600, 205.42
1014, 1703, 34, 61, 0.7111, 4.3855, 0.7288, 4.3245, 0.3556, 213.00
1014, 1704, 22, 27, 0.7111, 7.0107, -0.9001, -6.9527, 0.3556, 209.80
1014, 1552, 102, 110, 0.5841, 13.8339, 6.7779, -12.0598, 0.4089, 109.14
1014, 1687, 80, 3, 0.6000, 4.2868, 1.7216, -3.9259, 0.6000, 205.09
1014, 1707, -1, -24, 0.5000, 47.4527, -37.1765, -29.4902, 0.1500, 203.33
1015, 1649, 49, 79, 1.0000, 1.4167, -1.0295, -0.9732, 1.0000, 206.34
1015, 1687, 83, 0, 1.0000, 4.2460, 2.1261, -3.6754, 1.0000, 202.58
1015, 1698, 34, 47, 0.8222, 1.3191, 0.6538, 1.1456, 0.5756, 206.07
1015, 1624, 63, 74, 0.5306, 35.7401, 28.7357, -21.2512, 0.5306, 160.00
1015, 1703, 30, 80, 0.7667, 18.1236, -3.5815, 17.7662, 0.4600, 204.33
1015, 1704, 23, 25, 0.7667, 2.3459, 0.7200, -2.2327, 0.4600, 208.67
1015, 1507, 107, 47, 0.5333, 1.2082, 1.2078, -0.0299, 0.5333, 171.27
1015, 1688, 135, 141, 0.5000, 51.2805, 17.0761, 48.3538, 0.1500, 138.00
1016, 1649, 48, 78, 1.0000, 1.4143, -0.9624, -1.0364, 1.0000, 206.32
1016, 1687, 83, 0, 1.0000, 0.7014, 0.3572, -0.6036, 1.0000, 200.54
1016, 1698, 35, 47, 0.8778, 0.9062, 0.7120, 0.5605, 0.7022, 205.56
1016, 1705, 34, 48, 0.6000, 35.1177, -11.6410, 33.1321, 0.1800, 207.67
1016, 1706, 38, 58, 0.6000, 39.2696, -16.0377, 35.8454, 0.1800, 207.67
1016, 1703, 26, 98, 0.6667, 18.1236, -3.5815, 17.7662, 0.4000, 204.33
1016, 1704, 23, 23, 0.6667, 2.3459, 0.7200, -2.2327, 0.4000, 208.67
1017, 1649, 46, 78, 1.0000, 1.7098, -1.6798, -0.3192, 1.0000, 206.31
1017, 1694, 35, 50, 0.6000, 45.9321, -32.0105, 32.9407, 0.1800, 200.00
1017, 1698, 35, 47, 0.9333, 0.1827, 0.1766, 0.0470, 0.8400, 206.17
1017, 1704, 23, 26, 0.8222, 0.7385, 0.0946, 0.7324, 0.5756, 208.43
1017, 1705, 35, 65, 0.6556, 18.6612, -0.5695, 18.6525, 0.2622, 210.00
1017, 1706, 10, 102, 0.6556, 50.4776, -26.3347, 43.0637, 0.2622, 196.50
1017, 1654, 85, 28, 0.5625, 35.7226, -24.7619, 25.7479, 0.2250, 166.50
1017, 1713, 15, 4, 0.6000, 19.4248, -19.0476, 3.8095, 0.1800, 220.00
1017, 1714, 21, 40, 0.6000, 1.3708, 0.9524, 0.9860, 0.1800, 211.00
1017, 1687, 84, -1, 0.9000, 0.7014, 0.3572, -0.6036, 0.9000, 200.54
1018, 1649, 45, 77, 1.0000, 1.4862, -1.3233, -0.6764, 1.0000, 207.11
1018, 1694, 19, 89, 0.6556, 42.3290, -18.2426, 38.1962, 0.2622, 197.25
1018, 1698, 36, 48, 0.9889, 1.0096, 0.7275, 0.7001, 0.9889, 207.05
1018, 1701, 127, 115, 0.6000, 20.7798, 0.0000, 20.7798, 0.1800, 96.33
1018, 1704, 15, 26, 0.8778, 7.0670, -7.0593, 0.3284, 0.7022, 207.25
1018, 1705, 51, 76, 0.7111, 18.9437, 14.3015, 12.4230, 0.3556, 203.60
1018, 1710, 81, 19, 0.6000, 34.8212, 34.2351, 6.3620, 0.1800, 196.33
1018, 1654, 37, 54, 0.6222, 51.3617, -44.4009, 25.8183, 0.3111, 173.60
1018, 1661, 108, 5, 0.5625, 9.5092, 9.1020, 2.7531, 0.2250, 154.00
1018, 1714, 21, 40, 0.7056, 0.3632, 0.2587, 0.2550, 0.2822, 212.00
1018, 1687, 84, -2, 0.8000, 0.7014, 0.3572, -0.6036, 0.8000, 200.54
1018, 1706, -17, 145, 0.5556, 50.4776, -26.3347, 43.0637, 0.2222, 196.50
1018, 1713, -4, 8, 0.5000, 19.4248, -19.0476, 3.8095, 0.1500, 220.00
1019, 1649, 44, 76, 1.0000, 1.4154, -1.0399, -0.9601, 1.0000, 208.28
1019, 1698, 36, 48, 1.0000, 0.3626, 0.2521, 0.2606, 1.0000, 207.77
1019, 1710, 108, 9, 0.6556, 29.3922, 28.0672, -8.7254, 0.2622, 184.62
1019, 1714, 20, 41, 0.7611, 1.0767, -0.7926, 0.7288, 0.3806, 215.00
1019, 1718, 35, 53, 0.6000, 4.7619, 4.7619, 0.0000, 0.1800, 215.00
1019, 1687, 84, -2, 0.7000, 0.7014, 0.3572, -0.6036, 0.7000, 200.54
1019, 1694, 0, 127, 0.5556, 42.3290, -18.2426, 38.1962, 0.2222, 197.25
1019, 1701, 127, 136, 0.5000, 20.7798, 0.0000, 20.7798, 0.1500, 96.33
1019, 1704, 8, 26, 0.7778, 7.0670, -7.0593, 0.3284, 0.6222, 207.25
1019, 1654, -7, 80, 0.5222, 51.3617, -44.4009, 25.8183, 0.2611, 173.60
1020, 1649, 43, 75, 1.0000, 1.4151, -0.9650, -1.0350, 1.0000, 208.50
1020, 1687, 90, 8, 1.0000, 3.4830, 2.0378, 2.8246, 1.0000, 198.93
1020, 1698, 37, 49, 1.0000, 1.0716, 0.7541, 0.7613, 1.0000, 208.29
1020, 1659, 79, 41, 0.5625, 0.0000, 0.0000, 0.0000, 0.2250, 185.25
1020, 1710, 111, 6, 0.7111, 6.7061, 5.8393, -3.2975, 0.3556, 180.90
1020, 1714, 21, 42, 0.8167, 1.0911, 0.4246, 1.0051, 0.4900, 219.67
1020, 1718, 36, 53, 0.7056, 2.0469, 2.0469, 0.0000, 0.2822, 216.25
1020, 1704, 1, 27, 0.6778, 7.0670, -7.0593, 0.3284, 0.5422, 207.25
1021, 1649, 42, 74, 1.0000, 1.4146, -0.9764, -1.0236, 1.0000, 208.76
1021, 1622, 7, 110, 0.5625, 5.6215, -4.8216, 2.8903, 0.2250, 158.50
1021, 1687, 90, 8, 1.0000, 0.7529, 0.4295, 0.6183, 1.0000, 196.73
1021, 1704, 6, 37, 0.9333, 4.9169, -2.2074, 4.3935, 0.8400, 207.11
1021, 1659, 79, 41, 0.6722, 0.0000, 0.0000, 0.0000, 0.3361, 185.20
1021, 1715, 70, 77, 0.7056, 0.0307, 0.0000, -0.0307, 0.2822, 177.50
1021, 1653, 40, 117, 0.5625, 36.8652, -36.8534, 0.9322, 0.2250, 133.25
1021, 1710, 117, 3, 0.6111, 6.7061, 5.8393, -3.2975, 0.3056, 180.90
1021, 1714, 21, 43, 0.7167, 1.0911, 0.4246, 1.0051, 0.4300, 219.67
1021, 1718, 39, 53, 0.6056, 2.0469, 2.0469, 0.0000, 0.2422, 216.25
1022, 1649, 40, 74, 1.0000, 1.7071, -1.6760, -0.3240, 1.0000, 210.42
1022, 1687, 93, 8, 1.0000, 2.1278, 2.1252, -0.1037, 1.0000, 194.62
1022, 1659, 80, 51, 0.6806, 9.1874, 0.7630, 9.1557, 0.4083, 189.00
1022, 1661, 127, 3, 0.6222, 3.6861, 3.4338, -1.3402, 0.3111, 149.00
1022, 1714, 20, 43, 0.8722, 0.6675, -0.4662, 0.4777, 0.6106, 217.43
1022, 1719, 18, 32, 0.6000, 37.5977, -21.0322, -31.1646, 0.1800, 201.67
1022, 1676, 106, 120, 0.5625, 1.9384, 0.0000, 1.9384, 0.2250, 95.50
1022, 1720, 82, 11, 0.6000, 24.8059, 22.8908, -9.5574, 0.1800, 191.17
1022, 1715, 70, 77, 0.6056, 0.0307, 0.0000, -0.0307, 0.2422, 177.50
1022, 1718, 41, 53, 0.5056, 2.0469, 2.0469, 0.0000, 0.2022, 216.25
1023, 1649, 39, 73, 1.0000, 1.4927, -1.3378, -0.6622, 1.0000, 211.30
1023, 1687, 94, 8, 1.0000, 1.5547, 1.5491, -0.1320, 1.0000, 192.94
1023, 1659, 74, 67, 0.7381, 15.7901, -5.0595, 14.9576, 0.5167, 186.00
1023, 1714, 20, 41, 0.9278, 1.4796, -0.1560, -1.4714, 0.7422, 216.19
1023, 1715, 72, 80, 0.7611, 1.9845, 1.1051, 1.6484, 0.3806, 176.00
1023, 1718, 38, 55, 0.7611, 0.8364, 0.1552, 0.8219, 0.3806, 213.40
1023, 1720, 104, 10, 0.6556, 22.1791, 22.0282, -2.5831, 0.2622, 183.12
1023, 1669, 56, 14, 0.5625, 48.7567, -48.6050, 3.8431, 0.2250, 183.50
1023, 1661, 131, 2, 0.5222, 3.6861, 3.4338, -1.3402, 0.2611, 149.00
1023, 1719, -3, 1, 0.5000, 37.5977, -21.0322, -31.1646, 0.1500, 201.67
1024, 1649, 38, 73, 1.0000, 1.0871, -1.0518, -0.2746, 1.0000, 211.75
1024, 1685, 33, 89, 0.6000, 25.7343, -8.7189, 24.2123, 0.1800, 210.67
1024, 1659, 56, 71, 0.7951, 17.3361, -16.5566, 5.1399, 0.6361, 187.38
1024, 1715, 75, 71, 0.7667, 8.5773, 2.6515, -8.1572, 0.4600, 178.00
1024, 1718, 38, 55, 0.8167, 0.1805, -0.0299, 0.1780, 0.4900, 211.50
1024, 1676, 107, 123, 0.6722, 1.5860, 0.5387, 1.4917, 0.3361, 95.20
1024, 1720, 123, 18, 0.7111, 20.1579, 18.8402, 7.1683, 0.3556, 174.50
1024, 1721, 45, 64, 0.6000, 31.8976, -22.5717, 22.5383, 0.1800, 210.67
1024, 1669, 14, 46, 0.6222, 51.0442, -42.5756, 28.1572, 0.3111, 183.00
1024, 1537, 92, 19, 0.5143, 1.0196, 1.0196, 0.0000, 0.3600, 193.57
1024, 1727, 95, 65, 0.6000, 37.1429, 0.0000, 37.1429, 0.1800, 156.67
1024, 1687, 96, 8, 0.9000, 1.5547, 1.5491, -0.1320, 0.9000, 192.94
1025, 1649, 36, 72, 1.0000, 1.7775, -1.6369, -0.6928, 1.0000, 211.45
1025, 1685, 22, 122, 0.6556, 33.1571, -10.6407, 31.4033, 0.2622, 199.75
1025, 1687, 93, 18, 1.0000, 5.4629, -0.7331, 5.4135, 1.0000, 192.33
1025, 1640, 70, 22, 0.5625, 16.7981, 15.3913, -6.7294, 0.2250, 198.25
1025, 1718, 43, 64, 0.8222, 8.8974, 4.5728, 7.6324, 0.5756, 211.07
1025, 1676, 109, 125, 0.7306, 2.5349, 1.7146, 1.8671, 0.4383, 93.67
1025, 1537, 80, 11, 0.5722, 12.3302, -10.2977, -6.7815, 0.4578, 191.38
1025, 1679, 32, 8, 0.5625, 10.6253, -9.0644, 5.5438, 0.2250, 219.00
1025, 1727, 66, 105, 0.6556, 47.2932, -24.8657, 40.2286, 0.2622, 164.00
1025, 1659, 40, 76, 0.6951, 17.3361, -16.5566, 5.1399, 0.5561, 187.38
1025, 1715, 77, 63, 0.6667, 8.5773, 2.6515, -8.1572, 0.4000, 178.00
1025, 1720, 141, 25, 0.6111, 20.1579, 18.8402, 7.1683, 0.3056, 174.50
1025, 1721, 22, 87, 0.5000, 31.8976, -22.5717, 22.5383, 0.1500, 210.67
1025, 1669, -29, 74, 0.5222, 51.0442, -42.5756, 28.1572, 0.2611, 183.00
1026, 1649, 35, 72, 1.0000, 1.3506, -1.3157, -0.3051, 1.0000, 211.37
1026, 1687, 95, 19, 1.0000, 2.0805, 1.1602, 1.7270, 1.0000, 192.68
1026, 1640, 99, 16, 0.6222, 27.5949, 26.8491, -6.3719, 0.3111, 193.20
1026, 1715, 80, 53, 0.8222, 9.3549, 2.6409, -8.9744, 0.5756, 182.29
1026, 1676, 109, 125, 0.7881, 0.7438, 0.5628, 0.4863, 0.5517, 94.71
1026, 1685, 12, 153, 0.5556, 33.1571, -10.6407, 31.4033, 0.2222, 199.75
1026, 1718, 48, 71, 0.7222, 8.8974, 4.5728, 7.6324, 0.5056, 211.07
1026, 1720, 160, 32, 0.5111, 20.1579, 18.8402, 7.1683, 0.2556, 174.50
1026, 1727, 41, 146, 0.5556, 47.2932, -24.8657, 40.2286, 0.2222, 164.00
1027, 1649, 34, 71, 1.0000, 1.2598, -1.0500, -0.6962, 1.0000, 211.77
1027, 1687, 96, 18, 1.0000, 1.3373, 1.3329, -0.1086, 1.0000, 192.75
1027, 1640, 111, 4, 0.6806, 17.9978, 13.9394, -11.3847, 0.4083, 189.33
1027, 1693, 126, 50, 0.6000, 49.7969, 28.9411, 40.5234, 0.1800, 142.67
1027, 1715, 98, 21, 0.8778, 34.6432, 17.0133, -30.1778, 0.7022, 180.38
1027, 1718, 46, 68, 0.8778, 1.9330, 1.0843, 1.6002, 0.7022, 210.06
1027, 1679, 20, 15, 0.6222, 6.5769, -5.5625, 3.5090, 0.3111, 218.20
1027, 1676, 110, 126, 0.6881, 0.7438, 0.5628, 0.4863, 0.4817, 94.71
1028, 1649, 32, 71, 1.0000, 1.6563, -1.6273, -0.3082, 1.0000, 212.34
1028, 1622, 5, 109, 0.6222, 1.7952, 1.3191, -1.2177, 0.3111, 158.40
1028, 1687, 99, 18, 1.0000, 2.5933, 2.5751, -0.3065, 1.0000, 192.36
1028, 1718, 42, 59, 0.9333, 9.4403, -3.8775, -8.6073, 0.8400, 210.17
1028, 1679, 22, 46, 0.6806, 28.1422, 1.3434, 28.1101, 0.4083, 214.00
1028, 1729, 12, 8, 0.7056, 0.7535, 0.7535, 0.0000, 0.2822, 222.50
1028, 1689, 61, 110, 0.5625, 1.0202, -0.0336, 1.0196, 0.2250, 197.25
1028, 1640, 125, -7, 0.5806, 17.9978, 13.9394, -11.3847, 0.3483, 189.33
1028, 1693, 155, 90, 0.5000, 49.7969, 28.9411, 40.5234, 0.1500, 142.67
1028, 1676, 110, 126, 0.5881, 0.7438, 0.5628, 0.4863, 0.4117, 94.71
1029, 1649, 31, 71, 1.0000, 1.3217, -1.3211, -0.0369, 1.0000, 212.88
1029, 1687, 99, 18, 1.0000, 0.8963, 0.8890, -0.1136, 1.0000, 191.95
1029, 1651, 24, 82, 0.5625, 39.6051, 19.2357, -34.6201, 0.2250, 158.25
1029, 1729, 12, 8, 0.7611, 0.2762, 0.2762, 0.0000, 0.3806, 221.00
1029, 1689, 61, 111, 0.6722, 1.0048, 0.0037, 1.0048, 0.3361, 200.40
1029, 1622, 6, 108, 0.5222, 1.7952, 1.3191, -1.2177, 0.2611, 158.40
1029, 1679, 23, 74, 0.5806, 28.1422, 1.3434, 28.1101, 0.3483, 214.00
1030, 1649, 30, 70, 1.0000, 1.2221, -1.0569, -0.6135, 1.0000, 214.06
1030, 1622, 21, 90, 0.6806, 13.3348, 8.5823, -10.2060, 0.4083, 163.50
1030, 1687, 101, 17, 1.0000, 1.6112, 1.4361, -0.7306, 1.0000, 191.48
1030, 1651, 51, 72, 0.6222, 29.2160, 25.6396, -14.0068, 0.3111, 164.40
1030, 1729, 13, 9, 0.8167, 1.0779, 0.7600, 0.7644, 0.4900, 222.33
1030, 1689, 61, 112, 0.7306, 0.9992, 0.0057, 0.9992, 0.4383, 199.83
1031, 1649, 28, 70, 1.0000, 1.6496, -1.6177, -0.3227, 1.0000, 214.83
1031, 1687, 102, 17, 1.0000, 1.2387, 1.2034, -0.2938, 1.0000, 191.42
1031, 1651, 79, 43, 0.6806, 38.2689, 27.5034, -26.6095, 0.4083, 167.83
1031, 1699, 14, 31, 0.6000, 16.8512, 3.8569, 16.4038, 0.1800, 206.67
1031, 1729, 14, 9, 0.8722, 1.0543, 1.0125, 0.2939, 0.6106, 222.14
1031, 1689, 60, 114, 0.7881, 1.9213, -0.7628, 1.7634, 0.5517, 196.00
1032, 1649, 27, 70, 1.0000, 1.3260, -1.3246, -0.0619, 1.0000, 215.17
1032, 1687, 103, 16, 1.0000, 1.2595, 1.0184, -0.7410, 1.0000, 190.64
1032, 1699, 40, 52, 0.6556, 30.6182, 22.9237, 20.2973, 0.2622, 210.50
1032, 1717, 9, 24, 0.6000, 9.4820, -0.0043, -9.4820, 0.1800, 206.00
1032, 1729, 6, 12, 0.8778, 7.1884, -6.5199, 3.0272, 0.7022, 221.12
1032, 1689, 60, 115, 0.8451, 1.3267, -0.2941, 1.2937, 0.6761, 195.88
1033, 1649, 25, 70, 1.0000, 1.7012, -1.7011, 0.0260, 1.0000, 215.35
1033, 1687, 105, 16, 1.0000, 1.7274, 1.7061, -0.2700, 1.0000, 189.50
1033, 1699, 48, 61, 0.7111, 13.6471, 9.4083, 9.8858, 0.3556, 210.60
1033, 1717, 6, 2, 0.6556, 20.9450, -2.2665, -20.8220, 0.2622, 211.50
1033, 1726, 52, 72, 0.6000, 48.9678, 1.8715, -48.9320, 0.1800, 167.33
1033, 1689, 60, 116, 0.9019, 1.0033, -0.0036, 1.0033, 0.8117, 193.56
1033, 1629, 68, 29, 0.5400, 0.9883, 0.9860, 0.0672, 0.2700, 187.90
1034, 1649, 24, 70, 1.0000, 1.3272, -1.3270, 0.0260, 1.0000, 215.61
1034, 1687, 106, 16, 1.0000, 1.2983, 1.2983, 0.0009, 1.0000, 188.19
1034, 1726, 42, 15, 0.6556, 56.3008, -8.5390, -55.6495, 0.2622, 175.75
1034, 1689, 60, 117, 0.9583, 0.9591, 0.0417, 0.9582, 0.9583, 190.95
1034, 1629, 79, 15, 0.6000, 15.7016, 10.0506, -12.0634, 0.3600, 184.92
1034, 1717, 4, -19, 0.5556, 20.9450, -2.2665, -20.8220, 0.2222, 211.50
1035, 1649, 22, 70, 1.0000, 1.6806, -1.6806, 0.0096, 1.0000, 215.64
1035, 1687, 108, 15, 1.0000, 1.8772, 1.7467, -0.6874, 1.0000, 187.07
1035, 1682, 63, 13, 0.5625, 34.7370, 32.2555, 12.8935, 0.2250, 212.75
1035, 1689, 59, 119, 1.0000, 1.8781, -0.7303, 1.7303, 1.0000, 189.73
1035, 1629, 104, 9, 0.6587, 24.3535, 23.4078, -6.7206, 0.4611, 180.21
1035, 1650, 44, 54, 0.5400, 0.0000, 0.0000, 0.0000, 0.2700, 206.90
1035, 1726, 33, -41, 0.5556, 56.3008, -8.5390, -55.6495, 0.2222, 175.75
1036, 1649, 20, 70, 1.0000, 1.9480, -1.9480, 0.0005, 1.0000, 215.64
1036, 1687, 109, 15, 1.0000, 1.3077, 1.2740, -0.2952, 1.0000, 186.34
1036, 1708, 27, 61, 0.6000, 17.7814, 16.4438, 6.7660, 0.1800, 205.33
1036, 1676, 120, 123, 0.8451, 1.3921, 1.2917, -0.5191, 0.6761, 93.12
1036, 1682, 93, 29, 0.6222, 34.7599, 30.8627, 15.9920, 0.3111, 205.20
1036, 1689, 59, 120, 1.0000, 1.3375, -0.3028, 1.3028, 1.0000, 190.33
1036, 1650, 45, 55, 0.6500, 1.0656, 0.7535, 0.7535, 0.3900, 209.75
1036, 1629, 128, 2, 0.5587, 24.3535, 23.4078, -6.7206, 0.3911, 180.21
1037, 1649, 19, 69, 1.0000, 1.5411, -1.4090, -0.6242, 1.0000, 215.79
1037, 1687, 111, 14, 1.0000, 1.8780, 1.7247, -0.7431, 1.0000, 185.37
1037, 1676, 92, 122, 0.8519, 27.3522, -27.3353, -0.9632, 0.7667, 94.78
1037, 1689, 59, 121, 1.0000, 1.0146, -0.0145, 1.0145, 1.0000, 191.31
1037, 1650, 46, 56, 0.7087, 1.4704, 1.0397, 1.0397, 0.4961, 210.21
1037, 1732, 71, 41, 0.6000, 10.4764, 0.0672, 10.4762, 0.1800, 204.33
1037, 1733, 63, 113, 0.6000, 40.7915, 7.6527, 40.0672, 0.1800, 182.67
1037, 1708, 44, 68, 0.5000, 17.7814, 16.4438, 6.7660, 0.1500, 205.33
1037, 1682, 124, 45, 0.5222, 34.7599, 30.8627, 15.9920, 0.2611, 205.20
1038, 1649, 18, 69, 1.0000, 1.1112, -1.0518, -0.3587, 1.0000, 216.61
1038, 1687, 112, 14, 1.0000, 1.3054, 1.2751, -0.2798, 1.0000, 184.35
1038, 1708, 57, 73, 0.6556, 15.8434, 14.6379, 6.0619, 0.2622, 203.75
1038, 1689, 59, 122, 1.0000, 0.9609, 0.0400, 0.9600, 1.0000, 190.89
1038, 1650, 46, 56, 0.7667, 0.4053, 0.2866, 0.2866, 0.6133, 211.06
1038, 1732, 74, 60, 0.6556, 18.0567, 2.2532, 17.9156, 0.2622, 203.50
1038, 1733, 70, 153, 0.5000, 40.7915, 7.6527, 40.0672, 0.1500, 182.67
1039, 1649, 16, 69, 1.0000, 1.5677, -1.5653, -0.0864, 1.0000, 217.29
1039, 1687, 114, 14, 1.0000, 1.7214, 1.7214, -0.0064, 1.0000, 183.47
1039, 1708, 60, 74, 0.7111, 4.0372, 3.8339, 1.2648, 0.3556, 201.80
1039, 1689, 59, 125, 1.0000, 2.4426, 0.0191, 2.4425, 1.0000, 188.30
1039, 1730, 115, 11, 0.6000, 37.3061, 0.0000, -37.3061, 0.1800, 123.67
1039, 1650, 47, 56, 0.8241, 0.7211, 0.7199, -0.0403, 0.7417, 214.50
1039, 1505, 47, 63, 0.5062, 36.1181, 25.0192, -26.0491, 0.4050, 178.12
1039, 1732, 84, 69, 0.7111, 13.4418, 9.2162, 9.7848, 0.3556, 198.40
1039, 1702, 88, 36, 0.5625, 45.0627, 37.6637, -24.7406, 0.2250, 201.75
1039, 1695, 72, 26, 0.5062, 53.4281, 52.0474, 12.0680, 0.4050, 205.12
1039, 1709, 5, 53, 0.5625, 5.3638, -3.8095, -3.7759, 0.2250, 215.50
1039, 1737, 105, 10, 0.6000, 26.3868, 13.2997, -22.7899, 0.1800, 163.67
1040, 1649, 15, 68, 1.0000, 1.4470, -1.3206, -0.5913, 1.0000, 217.17
1040, 1687, 114, 12, 1.0000, 1.4917, 0.5705, -1.3783, 1.0000, 182.68
1040, 1689, 58, 125, 1.0000, 1.1532, -0.7246, 0.8970, 1.0000, 189.91
1040, 1677, 7, 59, 0.5625, 0.9415, 0.0167, 0.9413, 0.2250, 197.88
1040, 1505, 74, 28, 0.5630, 43.2284, 26.8220, -33.9010, 0.5067, 178.89
1040, 1732, 86, 69, 0.7667, 3.3766, 3.1852, 1.1206, 0.4600, 195.33
1040, 1709, 5, 41, 0.6222, 10.8376, -0.2812, -10.8340, 0.3111, 212.20
1040, 1738, 91, 35, 0.6000, 32.4152, -20.9188, 24.7619, 0.1800, 155.67
1040, 1743, 81, 53, 0.6000, 23.2348, 7.6527, 21.9384, 0.1800, 206.00
1040, 1744, 56, 36, 0.6000, 20.3989, 20.0336, 3.8431, 0.1800, 201.00
1040, 1708, 64, 75, 0.6111, 4.0372, 3.8339, 1.2648, 0.3056, 201.80
1040, 1730, 115, -26, 0.5000, 37.3061, 0.0000, -37.3061, 0.1500, 123.67
1040, 1650, 48, 56, 0.7241, 0.7211, 0.7199, -0.0403, 0.6517, 214.50
1040, 1737, 118, -13, 0.5000, 26.3868, 13.2997, -22.7899, 0.1500, 163.67
1041, 1649, 13, 69, 1.0000, 1.7072, -1.6849, 0.2753, 1.0000, 217.74
1041, 1687, 114, 11, 1.0000, 1.3330, -0.0182, -1.3328, 1.0000, 181.37
1041, 1689, 58, 125, 1.0000, 0.3173, -0.3172, 0.0077, 1.0000, 188.12
1041, 1677, 6, 59, 0.6722, 0.8103, -0.7642, 0.2695, 0.3361, 197.50
1041, 1505, 77, -1, 0.6194, 30.2427, 5.8326, -29.6749, 0.6194, 179.00
1041, 1709, 16, 15, 0.6806, 26.6323, 9.5551, -24.8592, 0.4083, 214.83
1041, 1737, 125, 4, 0.6556, 10.0257, 9.9923, -0.8168, 0.2622, 155.25
1041, 1711, 32, 10, 0.5625, 38.6738, -32.9624, -20.2272, 0.2250, 199.00
1041, 1738, 74, 35, 0.6556, 17.2526, -16.9972, 2.9581, 0.2622, 167.25
1041, 1744, 78, 29, 0.6556, 22.0164, 21.2522, -5.7505, 0.2622, 192.25
1041, 1708, 68, 76, 0.5111, 4.0372, 3.8339, 1.2648, 0.2556, 201.80
1041, 1650, 48, 56, 0.6241, 0.7211, 0.7199, -0.0403, 0.5617, 214.50
1041, 1732, 89, 70, 0.6667, 3.3766, 3.1852, 1.1206, 0.4000, 195.33
1041, 1743, 88, 75, 0.5000, 23.2348, 7.6527, 21.9384, 0.1500, 206.00
1042, 1649, 12, 69, 1.0000, 1.3733, -1.3441, 0.2819, 1.0000, 217.75
1042, 1687, 117, 12, 1.0000, 2.8900, 2.7063, 1.0139, 1.0000, 180.67
1042, 1677, 5, 60, 0.7306, 1.2807, -1.0455, 0.7397, 0.4383, 196.92
1042, 1709, 20, 9, 0.7381, 9.0649, 4.4479, -7.8987, 0.5167, 217.71
1042, 1711, 10, 7, 0.6222, 23.8147, -23.2603, -5.1085, 0.3111, 202.00
1042, 1738, 67, 29, 0.7111, 9.6121, -8.0901, -5.1905, 0.3556, 173.80
1042, 1740, 25, 27, 0.6556, 7.4655, -3.0287, 6.8236, 0.2622, 218.75
1042, 1689, 58, 125, 0.9000, 0.3173, -0.3172, 0.0077, 0.9000, 188.12
1042, 1650, 49, 56, 0.5241, 0.7211, 0.7199, -0.0403, 0.4717, 214.50
1042, 1505, 83, -30, 0.5194, 30.2427, 5.8326, -29.6749, 0.5194, 179.00
1042, 1737, 135, 3, 0.5556, 10.0257, 9.9923, -0.8168, 0.2222, 155.25
1042, 1744, 99, 23, 0.5556, 22.0164, 21.2522, -5.7505, 0.2222, 192.25
1043, 1649, 11, 68, 1.0000, 1.1744, -1.0692, -0.4857, 1.0000, 218.01
1043, 1687, 118, 12, 1.0000, 1.2655, 1.2654, -0.0058, 1.0000, 179.58
1043, 1708, 66, 81, 0.7667, 2.1035, 0.8331, 1.9315, 0.4600, 199.17
1043, 1677, 4, 61, 0.7881, 1.4562, -1.0517, 1.0072, 0.5517, 196.79
1043, 1632, 55, 86, 0.5400, 0.0000, 0.0000, 0.0000, 0.2700, 175.40
1043, 1650, 49, 58, 0.8811, 0.7879, 0.4626, 0.6378, 0.8811, 214.55
1043, 1709, 20, 10, 0.7951, 0.7482, 0.2587, 0.7021, 0.6361, 221.50
1043, 1740, 7, 36, 0.7111, 18.5145, -16.3828, 8.6250, 0.3556, 215.60
1043, 1743, 86, 96, 0.6556, 12.6663, 0.5318, 12.6551, 0.2622, 190.75
1043, 1712, 28, 19, 0.5625, 38.3909, 26.7003, -27.5854, 0.2250, 200.75
1043, 1689, 57, 125, 0.8000, 0.3173, -0.3172, 0.0077, 0.8000, 188.12
1043, 1711, -13, 2, 0.5222, 23.8147, -23.2603, -5.1085, 0.2611, 202.00
1044, 1649, 9, 68, 1.0000, 1.6073, -1.5684, -0.3516, 1.0000, 218.26
1044, 1687, 118, 11, 1.0000, 0.8772, 0.1488, -0.8645, 1.0000, 178.67
1044, 1677, 3, 62, 0.8451, 1.4524, -1.0133, 1.0405, 0.6761, 197.31
1044, 1632, 55, 86, 0.6500, 0.0000, 0.0000, 0.0000, 0.3900, 174.00
1044, 1650, 50, 59, 0.9379, 1.3121, 0.9031, 0.9518, 0.9379, 215.32
1044, 1740, 3, 38, 0.7667, 5.8970, -5.0414, 3.0592, 0.4600, 213.17
1044, 1743, 86, 99, 0.7111, 2.8637, -0.1125, 2.8615, 0.3556, 179.20
1044, 1744, 121, 12, 0.7111, 13.9372, 12.8074, -5.4967, 0.3556, 183.60
1044, 1712, 68, 7, 0.6222, 40.7215, 38.1330, -14.2869, 0.3111, 197.20
1044, 1749, 74, 13, 0.6000, 4.7619, 0.0000, 4.7619, 0.1800, 185.33
1044, 1708, 67, 83, 0.6667, 2.1035, 0.8331, 1.9315, 0.4000, 199.17
1044, 1689, 57, 125, 0.7000, 0.3173, -0.3172, 0.0077, 0.7000, 188.12
1045, 1649, 8, 68, 1.0000, 1.3386, -1.3335, -0.1160, 1.0000, 218.60
1045, 1687, 121, 10, 1.0000, 2.8406, 2.6184, -1.1015, 1.0000, 177.47
1045, 1677, 2, 63, 0.9019, 1.4230, -0.9977, 1.0147, 0.8117, 197.72
1045, 1650, 50, 59, 0.9944, 0.3868, 0.2745, 0.2724, 0.9944, 214.79
1045, 1740, 5, 38, 0.8222, 1.2278, 1.2246, -0.0879, 0.5756, 212.57
1045, 1743, 87, 98, 0.7667, 0.6963, 0.6610, 0.2191, 0.4600, 171.50
1045, 1749, 78, 30, 0.6556, 16.0582, 3.7675, 15.6100, 0.2622, 187.25
1045, 1716, 55, 64, 0.5625, 12.8674, -7.5182, -10.4426, 0.2250, 194.50
1045, 1750, 86, 43, 0.6000, 6.9334, 6.6667, 1.9048, 0.1800, 184.83
1045, 1708, 68, 85, 0.5667, 2.1035, 0.8331, 1.9315, 0.3400, 199.17
1045, 1632, 55, 86, 0.5500, 0.0000, 0.0000, 0.0000, 0.3300, 174.00
1045, 1744, 134, 6, 0.6111, 13.9372, 12.8074, -5.4967, 0.3056, 183.60
1045, 1712, 106, -8, 0.5222, 40.7215, 38.1330, -14.2869, 0.2611, 197.20
1046, 1649, 5, 68, 1.0000, 2.8548, -2.8548, 0.0007, 1.0000, 218.32
1046, 1687, 125, 11, 1.0000, 3.3098, 3.2962, 0.2995, 1.0000, 176.61
1046, 1677, 2, 64, 0.9583, 1.0295, -0.2454, 0.9999, 0.9583, 198.65
1046, 1632, 66, 77, 0.6587, 7.8542, 6.0788, -4.9736, 0.4611, 174.29
1046, 1650, 52, 55, 1.0000, 4.0124, 1.4682, -3.7341, 1.0000, 214.73
1046, 1749, 85, 45, 0.7111, 16.1674, 5.9621, 15.0279, 0.3556, 187.60
1046, 1716, 31, 30, 0.6222, 37.6021, -21.6716, -30.7288, 0.3111, 197.00
1046, 1750, 113, 53, 0.6556, 25.9553, 24.4159, 8.8059, 0.2622, 169.12
1046, 1751, 75, 15, 0.6000, 42.9925, 19.1968, -38.4687, 0.1800, 198.33
1046, 1754, 53, 57, 0.6000, 44.7801, 31.2021, -32.1199, 0.1800, 197.67
1046, 1755, 47, 12, 0.6000, 18.9761, 18.0952, -5.7143, 0.1800, 217.33
1046, 1740, 6, 38, 0.7222, 1.2278, 1.2246, -0.0879, 0.5056, 212.57
1046, 1744, 147, 1, 0.5111, 13.9372, 12.8074, -5.4967, 0.2556, 183.60
1047, 1649, 4, 68, 1.0000, 0.9154, -0.9150, 0.0245, 1.0000, 218.84
1047, 1687, 126, 11, 1.0000, 1.8697, 1.8397, 0.3336, 1.0000, 175.67
1047, 1677, 1, 65, 1.0000, 1.2177, -0.6981, 0.9978, 1.0000, 198.14
1047, 1754, 84, 43, 0.6556, 34.9926, 31.0372, -16.1607, 0.2622, 200.00
1047, 1755, 75, 12, 0.6556, 26.0253, 26.0130, -0.7986, 0.2622, 207.50
1047, 1650, 53, 51, 0.9000, 4.0124, 1.4682, -3.7341, 0.9000, 214.73
1047, 1749, 91, 60, 0.6111, 16.1674, 5.9621, 15.0279, 0.3056, 187.60
1047, 1716, 10, 0, 0.5222, 37.6021, -21.6716, -30.7288, 0.2611, 197.00
1047, 1750, 137, 62, 0.5556, 25.9553, 24.4159, 8.8059, 0.2222, 169.12
1047, 1751, 94, -23, 0.5000, 42.9925, 19.1968, -38.4687, 0.1500, 198.33
1048, 1649, 3, 68, 1.0000, 1.1411, -1.1410, 0.0152, 1.0000, 218.83
1048, 1687, 123, 11, 1.0000, 2.4125, -2.4099, 0.1110, 1.0000, 174.46
1048, 1708, 57, 99, 0.8222, 4.8175, -2.5654, 4.0777, 0.5756, 193.14
1048, 1677, 0, 65, 1.0000, 1.0226, -0.9901, 0.2558, 1.0000, 198.54
1048, 1650, 66, 44, 1.0000, 9.8635, 8.1524, -5.5522, 1.0000, 214.39
1048, 1749, 69, 78, 0.7667, 19.2676, -9.7922, 16.5938, 0.4600, 185.50
1048, 1754, 105, 49, 0.7111, 22.1249, 21.8267, 3.6207, 0.3556, 191.40
1048, 1755, 81, 13, 0.7111, 8.7190, 8.7074, 0.4505, 0.3556, 203.20
1048, 1760, 58, 4, 0.6000, 2.1597, 1.9384, 0.9524, 0.1800, 204.00
1049, 1649, 2, 67, 1.0000, 1.2466, -1.1071, -0.5731, 1.0000, 219.47
1049, 1755, 93, 17, 0.7667, 11.7401, 10.9971, 4.1102, 0.4600, 197.17
1049, 1760, 59, 5, 0.7056, 1.6218, 1.2672, 1.0122, 0.2822, 210.50
1049, 1687, 121, 11, 0.9000, 2.4125, -2.4099, 0.1110, 0.9000, 174.46
1049, 1677, -1, 65, 0.9000, 1.0226, -0.9901, 0.2558, 0.9000, 198.54
1049, 1650, 75, 39, 0.9000, 9.8635, 8.1524, -5.5522, 0.9000, 214.39
1050, 1649, 0, 67, 1.0000, 1.6539, -1.6123, -0.3687, 1.0000, 219.93
1050, 1677, 3, 79, 1.0000, 8.2167, 1.6824, 8.0426, 1.0000, 198.27
1050, 1650, 85, 26, 1.0000, 13.2855, 9.3756, -9.4129, 1.0000, 211.97
1050, 1760, 60, 6, 0.7611, 1.4049, 0.9759, 1.0107, 0.3806, 210.00
1050, 1724, 0, 116, 0.5625, 0.0000, 0.0000, 0.0000, 0.2250, 163.75
1050, 1687, 118, 11, 0.8000, 2.4125, -2.4099, 0.1110, 0.8000, 174.46
1051, 1650, 83, 10, 1.0000, 15.3737, -0.6399, -15.3603, 1.0000, 209.84
1051, 1760, 60, 7, 0.8167, 1.0197, 0.1875, 1.0023, 0.4900, 212.17
1051, 1578, 34, 52, 0.5444, 21.5254, -11.4738, 18.2125, 0.5444, 210.25
1051, 1764, 2, 47, 0.6000, 9.5232, -6.7339, 6.7339, 0.1800, 202.33
1051, 1649, -1, 67, 0.9000, 1.6539, -1.6123, -0.3687, 0.9000, 219.93
1051, 1677, 4, 87, 0.9000, 8.2167, 1.6824, 8.0426, 0.9000, 198.27
1052, 1677, 20, 90, 1.0000, 11.0457, 9.8244, 5.0485, 1.0000, 197.39
1052, 1692, 53, 64, 0.5625, 56.6656, 35.5153, -44.1548, 0.2250, 171.00
1052, 1650, 90, 1, 1.0000, 11.5765, 5.7707, -10.0356, 1.0000, 207.56
1052, 1760, 61, 8, 0.8722, 1.2150, 0.6911, 0.9993, 0.6106, 210.86
1052, 1722, 12, 41, 0.5625, 9.3400, -8.9219, -2.7633, 0.2250, 196.00
1052, 1765, 70, 25, 0.6000, 15.4809, -10.4426, 11.4286, 0.1800, 187.00
1052, 1649, -3, 66, 0.8000, 1.6539, -1.6123, -0.3687, 0.8000, 219.93
1052, 1764, -5, 54, 0.5000, 9.5232, -6.7339, 6.7339, 0.1500, 202.33
1053, 1692, 84, 14, 0.6222, 58.4391, 31.6533, -49.1242, 0.3111, 170.40
1053, 1760, 61, 9, 0.9278, 1.0283, 0.2419, 0.9994, 0.7422, 213.25
1053, 1722, 1, 47, 0.6222, 11.3048, -10.3635, 4.5161, 0.3111, 196.80
1053, 1764, 3, 81, 0.6556, 18.4974, 1.4966, 18.4368, 0.2622, 195.75
1053, 1765, 56, 60, 0.6556, 34.7495, -14.1517, 31.7373, 0.2622, 194.00
1053, 1766, 67, 62, 0.6000, 17.9748, -4.5134, -17.3989, 0.1800, 186.33
1053, 1649, -5, 66, 0.7000, 1.6539, -1.6123, -0.3687, 0.7000, 219.93
1053, 1650, 95, -9, 0.9000, 11.5765, 5.7707, -10.0356, 0.9000, 207.56
1054, 1760, 62, 10, 0.9833, 1.2474, 0.7459, 0.9999, 0.8850, 214.56
1054, 1724, 27, 107, 0.6222, 9.0537, 8.5891, -2.8630, 0.3111, 162.20
1054, 1764, 19, 91, 0.7111, 17.8043, 14.1058, 10.8637, 0.3556, 194.40
1054, 1766, 85, 37, 0.6556, 28.0751, 14.5476, -24.0120, 0.2622, 188.12
1054, 1728, 85, 120, 0.5625, 15.2431, -6.3864, 13.8408, 0.2250, 114.75
1054, 1649, -6, 65, 0.6000, 1.6539, -1.6123, -0.3687, 0.6000, 219.93
1054, 1692, 115, -35, 0.5222, 58.4391, 31.6533, -49.1242, 0.2611, 170.40
1054, 1650, 101, -19, 0.8000, 11.5765, 5.7707, -10.0356, 0.8000, 207.56
1054, 1722, -9, 51, 0.5222, 11.3048, -10.3635, 4.5161, 0.2611, 196.80
1054, 1765, 41, 91, 0.5556, 34.7495, -14.1517, 31.7373, 0.2222, 194.00
1055, 1760, 62, 11, 1.0000, 1.0340, 0.2629, 1.0000, 1.0000, 216.10
1055, 1722, -1, 49, 0.6806, 0.8721, 0.3986, 0.7756, 0.4083, 195.67
1055, 1763, 88, 29, 0.6000, 41.4977, 36.9134, 18.9594, 0.1800, 190.33
1055, 1766, 87, 13, 0.7111, 24.3867, 3.6619, -24.1102, 0.3556, 186.10
1055, 1649, -8, 65, 0.5000, 1.6539, -1.6123, -0.3687, 0.5000, 219.93
1055, 1650, 107, -29, 0.7000, 11.5765, 5.7707, -10.0356, 0.7000, 207.56
1055, 1724, 35, 104, 0.5222, 9.0537, 8.5891, -2.8630, 0.2611, 162.20
1056, 1760, 63, 11, 1.0000, 0.7820, 0.7387, 0.2567, 1.0000, 214.18
1056, 1724, 48, 109, 0.6806, 10.8931, 10.8067, 1.3695, 0.4083, 159.75
1056, 1650, 113, -39, 0.6000, 11.5765, 5.7707, -10.0356, 0.6000, 207.56
1056, 1763, 125, 48, 0.5000, 41.4977, 36.9134, 18.9594, 0.1500, 190.33
1056, 1766, 91, -11, 0.6111, 24.3867, 3.6619, -24.1102, 0.3056, 186.10
1057, 1741, 109, 39, 0.6000, 39.0075, 35.4422, 16.2923, 0.1800, 180.67
1057, 1746, 54, 85, 0.6000, 26.5021, 17.2476, 20.1217, 0.1800, 185.67
1057, 1760, 63, 12, 1.0000, 0.7427, 0.2644, 0.6941, 1.0000, 212.00
1057, 1768, 76, 79, 0.6000, 50.4533, 23.3089, 44.7463, 0.1800, 194.33
1057, 1769, 101, 29, 0.6000, 31.1487, 29.5503, -9.8501, 0.1800, 211.00
1057, 1691, 14, 45, 0.5400, 15.9428, 4.7955, -15.2045, 0.2700, 192.20
1057, 1772, 95, 109, 0.6000, 0.9530, 0.9524, 0.0336, 0.1800, 109.17
1057, 1650, 119, -49, 0.5000, 11.5765, 5.7707, -10.0356, 0.5000, 207.56
1058, 1760, 64, 13, 1.0000, 1.2281, 0.7329, 0.9854, 1.0000, 212.31
1058, 1691, 15, 43, 0.6000, 3.9573, 2.0432, -3.3890, 0.3600, 193.67
1058, 1774, 52, 61, 0.6000, 15.3108, -13.2997, -7.5854, 0.1800, 194.33
1058, 1741, 144, 56, 0.5000, 39.0075, 35.4422, 16.2923, 0.1500, 180.67
1058, 1746, 72, 105, 0.5000, 26.5021, 17.2476, 20.1217, 0.1500, 185.67
1058, 1768, 99, 124, 0.5000, 50.4533, 23.3089, 44.7463, 0.1500, 194.33
1058, 1769, 131, 19, 0.5000, 31.1487, 29.5503, -9.8501, 0.1500, 211.00
1058, 1772, 96, 109, 0.5000, 0.9530, 0.9524, 0.0336, 0.1500, 109.17
1059, 1760, 64, 14, 1.0000, 1.0750, 0.2692, 1.0408, 1.0000, 212.36
1059, 1691, 16, 44, 0.6587, 1.1535, 0.8887, 0.7353, 0.4611, 198.14
1059, 1772, 96, 112, 0.7056, 1.6759, 0.4821, 1.6051, 0.2822, 109.88
1059, 1774, 50, 60, 0.6556, 4.1761, -3.6252, -2.0731, 0.2622, 196.50
1060, 1760, 65, 14, 1.0000, 0.7852, 0.7285, 0.2931, 1.0000, 211.27
1060, 1772, 97, 113, 0.7611, 1.4894, 0.8637, 1.2134, 0.3806, 108.30
1060, 1774, 32, 61, 0.7111, 16.4271, -16.3973, 0.9903, 0.3556, 197.20
1060, 1691, 17, 45, 0.5587, 1.1535, 0.8887, 0.7353, 0.3911, 198.14
1061, 1759, 29, 63, 0.6000, 27.6967, 26.6300, -7.6124, 0.1800, 191.33
1061, 1760, 74, 19, 1.0000, 8.6439, 7.4988, 4.2996, 1.0000, 209.69
1061, 1767, 72, 70, 0.6000, 16.7182, -9.2798, -13.9062, 0.1800, 181.00
1061, 1691, 17, 47, 0.7167, 1.5006, 0.3375, 1.4622, 0.5733, 198.38
1061, 1772, 98, 114, 0.8167, 1.4260, 1.0217, 0.9948, 0.4900, 108.25
1061, 1774, 13, 64, 0.7667, 19.6075, -19.4828, 2.2083, 0.4600, 197.00
1061, 1777, 6, 93, 0.6000, 35.5431, -17.9773, -30.6615, 0.1800, 153.67
1062, 1759, 66, 73, 0.6556, 36.2561, 35.4302, 7.6944, 0.2622, 192.50
1062, 1760, 79, 38, 1.0000, 17.9763, 6.0513, 16.9272, 1.0000, 208.29
1062, 1767, 68, 67, 0.6556, 5.9026, -4.2463, -4.1000, 0.2622, 185.75
1062, 1691, 18, 47, 0.7741, 0.8994, 0.8246, 0.3592, 0.6967, 199.44
1062, 1772, 98, 115, 0.8722, 1.0045, 0.2677, 0.9681, 0.6106, 108.36
1062, 1690, 16, 49, 0.5400, 9.4578, -7.0908, 6.2587, 0.2700, 199.00
1062, 1777, -12, 62, 0.5000, 35.5431, -17.9773, -30.6615, 0.1500, 153.67
1063, 1756, 45, 47, 0.6000, 1.9188, 1.9188, -0.0055, 0.1800, 207.33
1063, 1762, 36, 14, 0.6000, 30.4103, -30.3508, -1.9007, 0.1800, 208.67
1063, 1767, 68, 70, 0.7111, 1.8674, -0.3493, 1.8344, 0.3556, 186.80
1063, 1691, 19, 48, 0.8311, 1.2412, 1.0279, 0.6956, 0.8311, 200.40
1063, 1772, 99, 116, 0.9278, 1.2180, 0.7118, 0.9884, 0.7422, 107.10
1063, 1690, 1, 70, 0.6000, 23.0949, -13.6242, 18.6482, 0.3600, 197.75
1063, 1731, 52, 11, 0.5625, 6.9243, -1.8711, -6.6667, 0.2250, 199.00
1063, 1759, 101, 81, 0.5556, 36.2561, 35.4302, 7.6944, 0.2222, 192.50
1063, 1760, 85, 55, 0.9000, 17.9763, 6.0513, 16.9272, 0.9000, 208.29
1064, 1756, 46, 46, 0.7056, 1.4872, 1.2827, -0.7525, 0.2822, 209.00
1064, 1759, 113, 81, 0.7111, 22.2229, 21.9632, 3.3873, 0.3556, 172.80
1064, 1760, 83, 77, 1.0000, 19.6416, 1.5371, 19.5813, 1.0000, 206.17
1064, 1762, 27, 17, 0.6556, 11.8448, -11.5798, 2.4915, 0.2622, 215.25
1064, 1767, 69, 72, 0.7667, 2.1182, 0.4858, 2.0617, 0.4600, 188.00
1064, 1772, 100, 117, 0.9833, 1.4098, 0.9936, 1.0001, 0.8850, 107.87
1064, 1690, 2, 80, 0.6587, 10.6868, -1.0395, 10.6362, 0.4611, 194.93
1064, 1547, 54, 15, 0.5365, 15.9291, -15.0543, -5.2063, 0.5365, 171.57
1064, 1691, 20, 49, 0.7311, 1.2412, 1.0279, 0.6956, 0.7311, 200.40
1065, 1761, 90, 90, 0.6000, 52.8403, -37.3638, -37.3638, 0.1800, 116.67
1065, 1767, 69, 72, 0.8222, 0.5710, 0.2363, 0.5198, 0.5756, 187.00
1065, 1772, 101, 118, 1.0000, 1.4441, 1.0401, 1.0018, 1.0000, 107.28
1065, 1778, 28, 122, 0.6000, 44.0601, -26.8639, 34.9231, 0.1800, 166.67
1065, 1756, 47, 45, 0.6056, 1.4872, 1.2827, -0.7525, 0.2422, 209.00
1065, 1760, 85, 96, 0.9000, 19.6416, 1.5371, 19.5813, 0.9000, 206.17
1065, 1762, 15, 20, 0.5556, 11.8448, -11.5798, 2.4915, 0.2222, 215.25
1065, 1691, 21, 49, 0.6311, 1.2412, 1.0279, 0.6956, 0.6311, 200.40
1065, 1690, 1, 90, 0.5587, 10.6868, -1.0395, 10.6362, 0.3911, 194.93
1066, 1760, 88, 89, 1.0000, 5.0643, 2.3646, 4.4784, 1.0000, 203.68
1066, 1761, 76, 64, 0.6556, 31.5020, -16.3540, -26.9244, 0.2622, 134.25
1066, 1767, 67, 75, 0.8778, 2.6589, -1.5085, 2.1896, 0.7022, 187.00
1066, 1617, 93, 111, 0.5145, 5.8677, -5.0519, -2.9847, 0.5145, 73.23
1066, 1691, 21, 50, 0.8879, 0.9097, 0.5980, 0.6855, 0.8879, 200.55
1066, 1772, 102, 119, 1.0000, 1.4269, 1.0172, 1.0007, 1.0000, 109.17
1066, 1735, 8, 73, 0.5625, 21.1463, -12.3810, -17.1429, 0.2250, 188.25
1066, 1756, 49, 45, 0.5056, 1.4872, 1.2827, -0.7525, 0.2022, 209.00
1066, 1778, 1, 157, 0.5000, 44.0601, -26.8639, 34.9231, 0.1500, 166.67
1067, 1756, 47, 49, 0.7611, 1.3579, 0.0680, 1.3562, 0.3806, 207.60
1067, 1758, 36, 25, 0.6000, 36.9260, 20.2588, -30.8725, 0.1800, 200.67
1067, 1761, 59, 22, 0.7111, 44.3642, -17.1883, -40.8992, 0.3556, 146.60
1067, 1767, 66, 76, 0.9333, 2.0527, -1.3746, 1.5244, 0.8400, 186.89
1067, 1691, 25, 59, 0.9444, 8.9256, 3.3552, 8.2710, 0.9444, 200.00
1067, 1772, 103, 120, 1.0000, 1.4150, 1.0011, 1.0000, 1.0000, 110.24
1067, 1735, 19, 51, 0.6222, 22.4164, 7.1863, -21.2333, 0.3111, 195.60
1067, 1779, 80, 39, 0.6000, 31.2838, -16.4436, 26.6136, 0.1800, 172.33
1068, 1756, 18, 46, 0.7667, 27.8709, -27.7154, -2.9405, 0.4600, 206.67
1068, 1758, 67, 0, 0.6556, 38.6952, 28.8910, -25.7417, 0.2622, 198.50
1068, 1762, 5, 26, 0.7111, 4.1960, -3.6351, 2.0958, 0.3556, 213.40
1068, 1691, 22, 87, 1.0000, 25.9638, -1.9419, 25.8911, 1.0000, 199.08
1068, 1772, 103, 121, 1.0000, 1.0339, 0.2628, 0.9999, 1.0000, 111.60
1068, 1731, 37, 7, 0.6222, 3.5151, -3.3750, 0.9823, 0.3111, 201.80
1068, 1735, 17, 20, 0.6806, 30.0065, -1.1010, -29.9863, 0.4083, 198.00
1068, 1739, 107, 37, 0.5625, 19.7715, 8.1565, 18.0106, 0.2250, 151.75
1068, 1779, 64, 69, 0.6556, 33.1613, -16.1822, 28.9449, 0.2622, 175.75
1068, 1782, 60, 19, 0.6000, 7.6783, -7.6190, -0.9524, 0.1800, 209.17
1068, 1761, 42, -19, 0.6111, 44.3642, -17.1883, -40.8992, 0.3056, 146.60
1068, 1767, 65, 78, 0.8333, 2.0527, -1.3746, 1.5244, 0.7500, 186.89
1069, 1767, 64, 79, 0.9889, 1.7124, -0.9463, 1.4272, 0.9889, 186.00
1069, 1772, 104, 121, 1.0000, 0.7391, 0.6883, 0.2692, 1.0000, 111.31
1069, 1700, 78, 39, 0.5400, 19.6306, 7.9785, 17.9362, 0.2700, 185.70
1069, 1758, 95, -26, 0.5556, 38.6952, 28.8910, -25.7417, 0.2222, 198.50
1069, 1762, 1, 28, 0.6111, 4.1960, -3.6351, 2.0958, 0.3056, 213.40
1069, 1731, 34, 8, 0.5222, 3.5151, -3.3750, 0.9823, 0.2611, 201.80
1069, 1735, 15, -10, 0.5806, 30.0065, -1.1010, -29.9863, 0.3483, 198.00
1069, 1779, 48, 98, 0.5556, 33.1613, -16.1822, 28.9449, 0.2222, 175.75
1069, 1782, 53, 18, 0.5000, 7.6783, -7.6190, -0.9524, 0.1500, 209.17
1070, 1606, 25, 52, 0.5250, 0.9609, 0.9609, -0.0038, 0.3150, 197.83
1070, 1767, 72, 71, 1.0000, 10.1920, 7.6456, -6.7395, 1.0000, 187.36
1070, 1772, 105, 122, 1.0000, 1.1974, 0.9806, 0.6872, 1.0000, 110.69
1070, 1731, 5, 24, 0.6806, 20.0684, -17.7867, 9.2938, 0.4083, 201.67
1070, 1781, 14, 14, 0.6556, 12.4387, -12.3910, 1.0886, 0.2622, 213.75
1070, 1783, 9, 73, 0.6000, 1.8711, -1.8711, 0.0000, 0.1800, 200.67
1070, 1762, -2, 30, 0.5111, 4.1960, -3.6351, 2.0958, 0.2556, 213.40
1071, 1606, 26, 53, 0.6341, 1.2683, 1.0184, 0.7560, 0.4439, 200.43
1071, 1772, 106, 123, 1.0000, 1.4281, 1.0402, 0.9784, 1.0000, 110.27
1071, 1700, 103, 46, 0.6000, 12.8777, 12.7849, 1.5436, 0.3600, 181.42
1071, 1734, 66, 70, 0.5625, 0.0372, -0.0333, 0.0166, 0.2250, 188.00
1071, 1782, 35, 29, 0.6556, 9.5555, -8.5822, 4.2016, 0.2622, 206.88
1071, 1783, 10, 73, 0.7056, 0.2325, 0.2325, 0.0000, 0.2822, 202.00
1071, 1767, 80, 65, 0.9000, 10.1920, 7.6456, -6.7395, 0.9000, 187.36
1071, 1781, 1, 15, 0.5556, 12.4387, -12.3910, 1.0886, 0.2222, 213.75
1072, 1606, 26, 54, 0.6924, 1.0694, 0.2485, 1.0401, 0.5539, 203.25
1072, 1772, 107, 124, 1.0000, 1.4571, 1.0207, 1.0398, 1.0000, 110.73
1072, 1700, 106, 46, 0.6587, 3.8075, 3.8000, 0.2387, 0.4611, 178.07
1072, 1734, 62, 82, 0.6222, 11.2925, -3.7886, 10.6380, 0.3111, 184.00
1072, 1739, 122, 75, 0.6222, 7.3954, 2.4167, 6.9894, 0.3111, 143.00
1072, 1782, 17, 30, 0.7111, 17.2079, -17.1199, 1.7385, 0.3556, 209.90
1072, 1783, 12, 73, 0.7611, 1.8557, 1.8557, 0.0000, 0.3806, 199.40
1073, 1606, 27, 54, 0.7500, 0.7663, 0.7108, 0.2864, 0.6750, 205.67
1073, 1772, 107, 125, 1.0000, 1.0611, 0.2886, 1.0211, 1.0000, 110.96
1073, 1782, 14, 30, 0.7667, 5.0474, -5.0465, 0.0995, 0.4600, 211.58
1073, 1783, 3, 76, 0.7667, 8.3177, -7.7353, 3.0578, 0.4600, 196.67
1073, 1610, 1, 107, 0.5000, 18.1467, -16.0081, -8.5466, 0.4500, 161.56
1073, 1757, 30, 22, 0.5625, 39.1496, -39.0476, -2.8235, 0.2250, 219.50
1073, 1700, 109, 46, 0.5587, 3.8075, 3.8000, 0.2387, 0.3911, 178.07
1073, 1734, 58, 93, 0.5222, 11.2925, -3.7886, 10.6380, 0.2611, 184.00
1073, 1739, 125, 82, 0.5222, 7.3954, 2.4167, 6.9894, 0.2611, 143.00
1074, 1606, 28, 55, 0.8072, 1.2302, 0.9976, 0.7198, 0.8072, 206.90
1074, 1772, 108, 125, 1.0000, 0.7372, 0.6765, 0.2930, 1.0000, 112.44
1074, 1739, 119, 109, 0.6806, 18.5724, -1.9827, 18.4662, 0.4083, 130.67
1074, 1782, 9, 30, 0.6667, 5.0474, -5.0465, 0.0995, 0.4000, 211.58
1075, 1606, 29, 56, 0.8641, 1.4399, 1.0411, 0.9947, 0.8641, 206.27
1075, 1772, 109, 125, 1.0000, 0.9681, 0.9676, -0.0315, 1.0000, 113.07
1075, 1734, 75, 105, 0.6806, 9.3946, 6.3693, 6.9058, 0.4083, 176.33
1075, 1784, 70, 74, 0.7611, 4.3169, -3.0525, -3.0525, 0.3806, 195.20
1075, 1787, 16, 74, 0.6000, 1.7979, 1.7979, 0.0000, 0.1800, 196.00
1076, 1606, 30, 56, 0.9208, 1.0564, 1.0166, 0.2872, 0.9208, 205.67
1076, 1784, 69, 73, 0.8167, 1.6465, -1.1643, -1.1643, 0.4900, 195.00
1076, 1787, 14, 71, 0.7056, 2.8544, -1.7285, -2.2715, 0.2822, 196.75
1076, 1772, 110, 125, 0.9000, 0.9681, 0.9676, -0.0315, 0.9000, 113.07
1077, 1606, 35, 66, 0.9274, 10.1166, 4.7383, 8.9384, 0.9274, 203.62
1077, 1772, 111, 126, 1.0000, 1.1480, 1.0376, 0.4911, 1.0000, 112.44
1077, 1784, 69, 73, 0.8722, 0.0076, -0.0054, -0.0054, 0.6106, 193.57
1077, 1791, 72, 30, 0.6000, 0.9866, 0.0336, 0.9860, 0.1800, 203.33
1077, 1787, 12, 69, 0.6056, 2.8544, -1.7285, -2.2715, 0.2422, 196.75
1078, 1606, 24, 88, 0.9837, 22.1105, -9.4447, 19.9918, 0.9837, 202.50
1078, 1772, 125, 124, 1.0000, 11.8025, 11.6407, -1.9473, 1.0000, 110.88
1078, 1790, 37, 23, 0.7056, 1.0734, 0.7645, 0.7535, 0.2822, 215.25
1078, 1791, 78, 40, 0.6556, 10.0386, 5.2709, 8.5436, 0.2622, 198.75
1078, 1792, 20, 76, 0.6556, 12.0796, -0.7535, -12.0561, 0.2622, 193.75
1078, 1784, 69, 73, 0.7722, 0.0076, -0.0054, -0.0054, 0.5406, 193.57
1078, 1787, 10, 67, 0.5056, 2.8544, -1.7285, -2.2715, 0.2022, 196.75
1079, 1598, 111, 50, 0.5143, 18.8765, 17.7092, 6.5348, 0.3600, 148.57
1079, 1784, 72, 75, 0.9278, 2.1510, 1.7706, 1.2214, 0.7422, 192.00
1079, 1787, 5, 65, 0.7611, 3.7721, -3.1350, -2.0978, 0.3806, 196.20
1079, 1790, 37, 22, 0.7611, 0.5689, 0.2933, -0.4874, 0.3806, 218.00
1079, 1791, 80, 42, 0.7111, 3.5682, 1.9274, 3.0029, 0.3556, 196.00
1079, 1792, 12, 70, 0.7111, 9.8035, -7.1482, -6.7091, 0.3556, 188.40
1079, 1803, 11, 12, 0.6000, 27.7630, -27.6190, 2.8235, 0.1800, 213.00
1079, 1772, 136, 122, 0.9000, 11.8025, 11.6407, -1.9473, 0.9000, 110.88
1080, 1776, 54, 97, 0.6000, 2.1617, -0.9625, 1.9356, 0.1800, 168.00
1080, 1784, 72, 75, 0.9833, 0.6131, 0.5046, 0.3482, 0.8850, 192.00
1080, 1790, 38, 23, 0.8167, 0.8972, 0.7649, 0.4689, 0.4900, 216.33
1080, 1791, 79, 42, 0.7667, 0.1050, -0.0330, -0.0996, 0.4600, 193.67
1080, 1803, -1, 20, 0.6556, 16.1611, -14.2832, 7.5613, 0.2622, 213.50
1080, 1772, 148, 120, 0.8000, 11.8025, 11.6407, -1.9473, 0.8000, 110.88
1080, 1787, 2, 63, 0.6611, 3.7721, -3.1350, -2.0978, 0.3306, 196.20
1080, 1792, 5, 63, 0.6111, 9.8035, -7.1482, -6.7091, 0.3056, 188.40
1081, 1787, 2, 64, 0.8167, 1.3833, -1.3464, -0.3171, 0.4900, 198.00
1081, 1790, 38, 25, 0.8722, 1.7892, 0.2516, 1.7714, 0.6106, 216.86
1081, 1791, 79, 41, 0.8222, 0.5580, -0.2930, -0.4749, 0.5756, 192.57
1081, 1792, 14, 45, 0.7667, 13.8430, 2.2902, -13.6522, 0.4600, 190.33
1081, 1808, 74, 20, 0.6000, 1.2993, 0.9188, 0.9188, 0.1800, 187.17
1081, 1772, 159, 118, 0.7000, 11.8025, 11.6407, -1.9473, 0.7000, 110.88
1081, 1776, 53, 99, 0.5000, 2.1617, -0.9625, 1.9356, 0.1500, 168.00
1081, 1784, 73, 76, 0.8833, 0.6131, 0.5046, 0.3482, 0.7950, 192.00
1081, 1803, -16, 28, 0.5556, 16.1611, -14.2832, 7.5613, 0.2222, 213.50
1082, 1742, 28, 10, 0.5625, 15.2285, -15.2285, -0.0038, 0.2250, 214.25
1082, 1787, 13, 47, 0.8222, 18.5318, 9.9638, -15.6253, 0.5756, 198.29
1082, 1723, 119, 11, 0.5400, 49.8822, 44.4162, -22.7031, 0.2700, 180.60
1082, 1790, 39, 24, 0.9278, 0.7548, 0.7427, -0.1342, 0.7422, 219.62
1082, 1807, 34, 52, 0.6000, 8.0236, 0.1001, -8.0230, 0.1800, 204.67
1082, 1808, 56, 8, 0.6556, 18.6539, -15.5613, -10.2867, 0.2622, 190.38
1082, 1772, 171, 116, 0.6000, 11.8025, 11.6407, -1.9473, 0.6000, 110.88
1082, 1784, 73, 76, 0.7833, 0.6131, 0.5046, 0.3482, 0.7050, 192.00
1083, 1776, 51, 102, 0.7056, 1.9294, -1.0219, 1.6365, 0.2822, 169.75
1083, 1753, 26, 77, 0.5625, 27.8027, 23.4166, -14.9884, 0.2250, 175.12
1083, 1790, 40, 24, 0.9833, 1.0557, 1.0082, -0.3130, 0.8850, 220.00
1083, 1813, 122, 10, 0.6000, 34.4950, 23.0555, -25.6583, 0.1800, 152.56
1083, 1818, 33, 83, 0.6000, 3.7663, 3.6708, -0.8426, 0.1800, 186.00
1083, 1823, 41, 8, 0.6000, 0.9530, 0.9524, -0.0336, 0.1800, 211.00
1083, 1828, 123, 107, 0.6000, 2.7888, -1.9720, 1.9720, 0.1800, 120.67
1083, 1772, 183, 114, 0.5000, 11.8025, 11.6407, -1.9473, 0.5000, 110.88
1083, 1784, 74, 76, 0.6833, 0.6131, 0.5046, 0.3482, 0.6150, 192.00
1083, 1807, 34, 44, 0.5000, 8.0236, 0.1001, -8.0230, 0.1500, 204.67
1083, 1808, 40, -2, 0.5556, 18.6539, -15.5613, -10.2867, 0.2222, 190.38
1084, 1776, 33, 88, 0.7111, 21.5447, -17.3447, -12.7804, 0.3556, 171.80
1084, 1753, 27, 55, 0.6222, 21.4714, 4.4996, -20.9947, 0.3111, 176.10
1084, 1790, 40, 25, 1.0000, 0.7061, 0.2938, 0.6421, 1.0000, 221.90
1084, 1813, 127, 6, 0.6556, 10.0062, 7.4060, -6.7287, 0.2622, 147.67
1084, 1818, 51, 62, 0.6556, 24.5660, 16.2117, -18.4573, 0.2622, 193.00
1084, 1823, 41, 8, 0.7056, 0.2587, 0.2587, 0.0037, 0.2822, 210.25
1084, 1828, 122, 109, 0.7056, 2.3801, -1.2635, 2.0170, 0.2822, 112.25
1084, 1784, 74, 77, 0.5833, 0.6131, 0.5046, 0.3482, 0.5250, 192.00
1085, 1790, 41, 25, 1.0000, 0.7756, 0.7120, 0.3075, 1.0000, 221.91
1085, 1802, 30, 3, 0.6000, 38.4494, -38.4065, -1.8149, 0.1800, 195.00
1085, 1771, 71, 39, 0.5625, 0.0000, 0.0000, 0.0000, 0.2250, 228.75
1085, 1812, 117, 50, 0.6000, 25.5194, 8.0861, 24.2044, 0.1800, 140.67
1085, 1828, 120, 110, 0.7611, 2.1352, -1.7337, 1.2463, 0.3806, 111.60
1085, 1753, 32, 34, 0.5222, 21.4714, 4.4996, -20.9947, 0.2611, 176.10
1085, 1813, 134, -1, 0.5556, 10.0062, 7.4060, -6.7287, 0.2222, 147.67
1085, 1818, 67, 44, 0.5556, 24.5660, 16.2117, -18.4573, 0.2222, 193.00
1085, 1823, 41, 8, 0.6056, 0.2587, 0.2587, 0.0037, 0.2422, 210.25
1086, 1752, 55, 86, 0.5625, 11.3080, 11.0028, -2.6092, 0.2250, 178.25
1086, 1790, 41, 25, 1.0000, 0.2505, 0.2488, 0.0298, 1.0000, 220.83
1086, 1804, 104, 19, 0.6000, 28.8590, 27.6398, -8.2995, 0.1800, 163.33
1086, 1812, 122, 56, 0.6556, 9.9394, 5.5354, 8.2554, 0.2622, 134.50
1086, 1818, 91, 37, 0.7111, 23.4184, 20.4888, -11.3415, 0.3556, 188.80
1086, 1824, 39, 63, 0.6000, 10.0588, 8.5532, -5.2935, 0.1800, 197.67
1086, 1828, 108, 113, 0.7667, 11.4497, -11.1790, 2.4746, 0.4600, 109.67
1086, 1832, 126, 88, 0.6000, 30.3213, 20.0000, -22.7899, 0.1800, 105.00
1086, 1802, -8, 1, 0.5000, 38.4494, -38.4065, -1.8149, 0.1500, 195.00
1086, 1823, 42, 8, 0.5056, 0.2587, 0.2587, 0.0037, 0.2022, 210.25
1087, 1742, 2, 19, 0.6222, 3.0893, -1.9871, 2.3654, 0.3111, 213.90
1087, 1784, 77, 78, 1.0000, 0.8586, 0.7454, 0.4261, 1.0000, 191.60
1087, 1752, 93, 81, 0.6222, 36.5671, 36.2857, -4.5276, 0.3111, 169.20
1087, 1790, 42, 25, 1.0000, 0.7313, 0.7305, -0.0343, 1.0000, 219.85
1087, 1804, 123, 9, 0.6556, 22.4061, 20.3848, -9.3002, 0.2622, 155.62
1087, 1771, 71, 39, 0.6722, 0.0000, 0.0000, 0.0000, 0.3361, 231.20
1087, 1823, 44, 3, 0.7611, 2.3406, 1.1241, -2.0530, 0.3806, 211.00
1087, 1824, 40, 62, 0.6556, 2.4681, 2.1093, -1.2816, 0.2622, 198.25
1087, 1828, 90, 118, 0.8222, 17.6065, -16.9998, 4.5825, 0.5756, 105.71
1087, 1812, 128, 64, 0.5556, 9.9394, 5.5354, 8.2554, 0.2222, 134.50
1087, 1818, 111, 26, 0.6111, 23.4184, 20.4888, -11.3415, 0.3056, 188.80
1087, 1832, 146, 65, 0.5000, 30.3213, 20.0000, -22.7899, 0.1500, 105.00
1088, 1742, 14, 42, 0.6806, 25.0042, 11.9915, 21.9411, 0.4083, 214.08
1088, 1784, 69, 63, 1.0000, 16.9264, -7.8715, -14.9848, 1.0000, 193.09
1088, 1790, 42, 26, 1.0000, 0.7614, 0.2705, 0.7117, 1.0000, 219.07
1088, 1771, 71, 39, 0.7306, 0.0000, 0.0000, 0.0000, 0.4383, 233.00
1088, 1818, 120, 27, 0.7667, 14.5488, 13.9912, -3.9891, 0.4600, 178.17
1088, 1823, 64, 4, 0.7667, 19.0040, 18.9670, 1.1840, 0.4600, 207.00
1088, 1828, 70, 119, 0.8778, 20.1885, -20.1407, 1.3892, 0.7022, 109.38
1088, 1832, 124, 53, 0.6556, 17.4176, -3.8841, -16.9790, 0.2622, 110.00
1088, 1752, 130, 77, 0.5222, 36.5671, 36.2857, -4.5276, 0.2611, 169.20
1088, 1804, 144, 0, 0.5556, 22.4061, 20.3848, -9.3002, 0.2222, 155.62
1088, 1824, 42, 61, 0.5556, 2.4681, 2.1093, -1.2816, 0.2222, 198.25
1089, 1790, 43, 26, 1.0000, 0.7926, 0.7294, 0.3100, 1.0000, 218.07
1089, 1771, 76, 42, 0.7381, 5.5358, 4.6061, 3.0707, 0.5167, 226.29
1089, 1821, 37, 78, 0.6000, 30.1841, -23.9126, -18.4193, 0.1800, 182.17
1089, 1834, 28, 23, 0.6000, 50.3070, -47.6190, -16.2241, 0.1800, 214.33
1089, 1835, 115, 120, 0.6000, 3.5085, -1.9384, 2.9244, 0.1800, 130.67
1089, 1742, 26, 63, 0.5806, 25.0042, 11.9915, 21.9411, 0.3483, 214.08
1089, 1828, 49, 120, 0.7778, 20.1885, -20.1407, 1.3892, 0.6222, 109.38
1089, 1832, 120, 36, 0.5556, 17.4176, -3.8841, -16.9790, 0.2222, 110.00
1090, 1790, 43, 27, 1.0000, 0.7946, 0.2740, 0.7458, 1.0000, 220.00
1090, 1771, 78, 43, 0.7951, 2.1060, 1.7523, 1.1682, 0.6361, 224.75
1090, 1821, 16, 64, 0.6556, 26.0579, -21.5804, -14.6049, 0.2622, 186.62
1090, 1824, 51, 57, 0.7111, 4.3642, 3.9466, -1.8630, 0.3556, 199.80
1090, 1828, 56, 122, 0.9333, 5.1378, -4.8387, 1.7274, 0.8400, 112.11
1090, 1835, 115, 121, 0.7056, 1.6065, -0.5137, 1.5222, 0.2822, 122.00
1090, 1686, 57, 90, 0.5250, 23.1810, 21.9048, -7.5854, 0.3150, 177.50
1090, 1837, 78, 79, 0.6000, 38.6000, 36.2241, 13.3333, 0.1800, 195.00
1090, 1834, -20, 6, 0.5000, 50.3070, -47.6190, -16.2241, 0.1500, 214.33
1091, 1790, 44, 26, 1.0000, 0.8469, 0.7238, -0.4397, 1.0000, 220.09
1091, 1771, 77, 44, 0.9019, 0.7647, 0.0128, 0.7646, 0.8117, 221.11
1091, 1822, 7, 116, 0.6000, 41.9803, -41.9382, 1.8800, 0.1800, 154.00
1091, 1824, 78, 39, 0.7667, 31.3656, 26.0470, -17.4744, 0.4600, 202.33
1091, 1773, 87, 21, 0.5625, 0.8903, 0.8901, 0.0166, 0.2250, 173.25
1091, 1833, 91, 31, 0.6000, 38.6297, 27.7594, -26.8639, 0.1800, 184.67
1091, 1835, 115, 123, 0.7611, 1.7059, 0.0638, 1.7047, 0.3806, 125.20
1091, 1837, 102, 116, 0.6556, 43.0024, 25.6497, 34.5152, 0.2622, 173.00
1091, 1838, 35, 40, 0.6000, 48.9235, -19.2719, -44.9678, 0.1800, 183.67
1091, 1821, -6, 50, 0.5556, 26.0579, -21.5804, -14.6049, 0.2222, 186.62
1092, 1790, 43, 27, 1.0000, 0.5919, -0.4359, 0.4003, 1.0000, 219.25
1092, 1770, 56, 9, 0.5625, 19.6744, -19.6744, 0.0193, 0.2250, 183.75
1092, 1771, 77, 45, 0.9583, 0.9185, -0.2533, 0.8829, 0.9583, 221.80
1092, 1773, 90, 38, 0.6222, 14.6657, 2.5652, 14.4396, 0.3111, 173.00
1092, 1833, 123, 26, 0.6556, 32.3414, 31.4414, -7.5768, 0.2622, 169.25
1092, 1835, 115, 125, 0.8167, 1.9595, 0.0992, 1.9570, 0.4900, 120.50
1092, 1686, 83, 58, 0.5841, 20.8735, 11.6260, -17.3361, 0.4089, 182.14
1092, 1838, 25, 18, 0.6556, 27.0832, -11.6651, -24.4423, 0.2622, 189.75
1092, 1822, -35, 118, 0.5000, 41.9803, -41.9382, 1.8800, 0.1500, 154.00
1092, 1837, 127, 151, 0.5556, 43.0024, 25.6497, 34.5152, 0.2222, 173.00
1093, 1790, 45, 28, 1.0000, 1.4666, 1.1081, 0.9607, 1.0000, 219.08
1093, 1770, 35, 14, 0.6222, 21.3212, -20.8332, 4.5357, 0.3111, 189.20
1093, 1771, 79, 46, 1.0000, 1.7150, 1.4016, 0.9884, 1.0000, 219.27
1093, 1826, 117, 119, 0.6000, 25.2444, 21.5552, 13.1398, 0.1800, 101.33
1093, 1835, 118, 124, 0.8722, 3.2334, 3.0700, -1.0149, 0.6106, 111.00
1093, 1686, 85, 37, 0.6424, 20.2539, 3.5226, -19.9452, 0.5139, 182.12
1093, 1773, 92, 52, 0.5222, 14.6657, 2.5652, 14.4396, 0.2611, 173.00
1093, 1833, 155, 18, 0.5556, 32.3414, 31.4414, -7.5768, 0.2222, 169.25
1093, 1838, 13, -6, 0.5556, 27.0832, -11.6651, -24.4423, 0.2222, 189.75
1094, 1790, 45, 29, 1.0000, 1.2227, 0.5752, 1.0790, 1.0000, 220.28
1094, 1770, 17, 4, 0.6806, 20.5538, -18.8220, -8.2579, 0.4083, 192.00
1094, 1840, 67, 120, 0.6000, 36.5946, -36.0559, -6.2565, 0.1800, 111.67
1094, 1842, 42, 5, 0.7611, 0.7636, 0.0000, -0.7636, 0.3806, 217.40
1094, 1771, 80, 47, 0.9000, 1.7150, 1.4016, 0.9884, 0.9000, 219.27
1094, 1826, 138, 132, 0.5000, 25.2444, 21.5552, 13.1398, 0.1500, 101.33
1094, 1835, 121, 123, 0.7722, 3.2334, 3.0700, -1.0149, 0.5406, 111.00
1095, 1790, 46, 29, 1.0000, 0.8572, 0.7866, 0.3409, 1.0000, 221.40
1095, 1799, 29, 40, 0.6000, 33.9532, -32.5735, -9.5805, 0.1800, 200.67
1095, 1835, 124, 125, 0.9278, 2.8972, 2.7567, 0.8912, 0.7422, 104.50
1095, 1842, 43, 5, 0.8167, 0.8180, 0.7644, -0.2911, 0.4900, 216.17
1095, 1846, 87, 37, 0.6000, 22.6756, -20.4823, -9.7291, 0.1800, 132.33
1095, 1770, -2, -4, 0.5806, 20.5538, -18.8220, -8.2579, 0.3483, 192.00
1095, 1771, 81, 48, 0.8000, 1.7150, 1.4016, 0.9884, 0.8000, 219.27
1095, 1840, 31, 113, 0.5000, 36.5946, -36.0559, -6.2565, 0.1500, 111.67
1096, 1790, 46, 29, 1.0000, 0.2730, 0.2724, -0.0183, 1.0000, 222.39
1096, 1771, 88, 37, 1.0000, 5.2211, 3.4908, -3.8826, 1.0000, 215.58
1096, 1773, 107, 85, 0.6806, 12.1198, 4.8439, 11.1098, 0.4083, 163.33
1096, 1840, 15, 115, 0.6556, 24.8374, -24.7588, -1.9747, 0.2622, 123.00
1096, 1842, 42, 1, 0.8722, 3.8313, -0.4664, -3.8028, 0.6106, 216.00
1096, 1846, 52, 27, 0.6556, 35.9250, -34.4871, -10.0621, 0.2622, 147.50
1096, 1646, 47, 124, 0.5495, 3.0842, -0.7816, 2.9835, 0.5495, 138.91
1096, 1745, 48, 71, 0.5400, 1.3944, 0.9860, 0.9860, 0.2700, 197.60
1096, 1799, -3, 31, 0.5000, 33.9532, -32.5735, -9.5805, 0.1500, 200.67
1096, 1835, 127, 126, 0.8278, 2.8972, 2.7567, 0.8912, 0.6622, 104.50
1097, 1790, 47, 30, 1.0000, 0.9349, 0.6920, 0.6286, 1.0000, 223.67
1097, 1809, 124, 31, 0.6000, 52.5801, 52.5715, 0.9499, 0.1800, 172.33
1097, 1771, 107, 37, 1.0000, 17.4872, 17.4865, -0.1569, 1.0000, 209.92
1097, 1745, 46, 76, 0.6500, 4.9374, -1.2520, 4.7760, 0.3900, 198.00
1097, 1835, 130, 127, 0.7278, 2.8972, 2.7567, 0.8912, 0.5822, 104.50
1097, 1840, -10, 113, 0.5556, 24.8374, -24.7588, -1.9747, 0.2222, 123.00
1097, 1842, 42, -3, 0.7722, 3.8313, -0.4664, -3.8028, 0.5406, 216.00
1097, 1846, 17, 17, 0.5556, 35.9250, -34.4871, -10.0621, 0.2222, 147.50
1098, 1790, 48, 30, 1.0000, 1.0206, 0.9745, 0.3032, 1.0000, 224.27
1098, 1842, 44, 0, 0.9278, 1.0143, 1.0143, 0.0032, 0.7422, 217.62
1098, 1853, 112, 68, 0.6000, 12.3810, -11.4286, 4.7619, 0.1800, 90.33
1098, 1809, 176, 32, 0.5000, 52.5801, 52.5715, 0.9499, 0.1500, 172.33
1098, 1835, 132, 128, 0.6278, 2.8972, 2.7567, 0.8912, 0.5022, 104.50
1098, 1745, 45, 81, 0.5500, 4.9374, -1.2520, 4.7760, 0.3300, 198.00
1099, 1790, 48, 30, 1.0000, 0.3563, 0.3540, 0.0405, 1.0000, 224.58
1099, 1811, 123, 32, 0.6000, 25.4559, 23.9511, 8.6224, 0.1800, 152.67
1099, 1820, 27, 99, 1.0000, 9.7265, 5.2219, 8.2059, 1.0000, 186.29
1099, 1836, 27, 64, 0.6000, 1.3241, -0.9400, -0.9325, 0.1800, 186.00
1099, 1842, 43, 3, 0.9833, 3.3457, -0.4572, 3.3143, 0.8850, 217.11
1099, 1745, 37, 93, 0.6587, 10.0581, -5.0531, 8.6967, 0.4611, 191.71
1099, 1780, 55, 86, 0.5625, 0.0000, 0.0000, 0.0000, 0.2250, 174.00
1099, 1835, 135, 128, 0.5278, 2.8972, 2.7567, 0.8912, 0.4222, 104.50
1099, 1853, 101, 73, 0.5000, 12.3810, -11.4286, 4.7619, 0.1500, 90.33
1100, 1790, 49, 31, 1.0000, 0.9470, 0.6889, 0.6499, 1.0000, 224.33
1100, 1811, 130, 45, 0.6556, 15.7005, 8.8765, 12.9505, 0.2622, 144.00
1100, 1820, 31, 115, 1.0000, 15.0735, 4.3859, 14.4213, 1.0000, 183.80
1100, 1745, 32, 96, 0.7167, 6.3920, -5.2280, 3.6777, 0.5733, 190.00
1100, 1780, 49, 82, 0.6222, 6.5135, -5.3002, -3.7859, 0.3111, 174.80
1100, 1836, 26, 63, 0.5000, 1.3241, -0.9400, -0.9325, 0.1500, 186.00
1101, 1790, 49, 31, 1.0000, 0.4203, 0.2795, 0.3139, 1.0000, 224.72
1101, 1795, 96, 34, 0.6000, 35.1706, -29.9857, 18.3800, 0.1800, 140.67
1101, 1815, 84, 39, 0.6000, 10.0438, -9.6213, -2.8827, 0.1800, 165.67
1101, 1827, 81, 58, 0.6000, 48.9614, -23.0386, -43.2024, 0.1800, 144.00
1101, 1836, 28, 43, 0.6556, 11.8552, 0.5863, -11.8407, 0.2622, 189.25
1101, 1853, 87, 85, 0.6556, 9.8300, -7.8501, 5.9164, 0.2622, 107.00
1101, 1811, 138, 58, 0.5556, 15.7005, 8.8765, 12.9505, 0.2222, 144.00
1101, 1820, 36, 129, 0.9000, 15.0735, 4.3859, 14.4213, 0.9000, 183.80
1101, 1745, 27, 100, 0.6167, 6.3920, -5.2280, 3.6777, 0.4933, 190.00
1101, 1780, 44, 78, 0.5222, 6.5135, -5.3002, -3.7859, 0.2611, 174.80
1102, 1790, 50, 31, 1.0000, 0.6955, 0.6941, 0.0444, 1.0000, 225.12
1102, 1745, 21, 91, 0.7741, 6.6282, -5.5451, -3.6311, 0.6967, 189.78
1102, 1780, 28, 83, 0.6806, 11.0590, -10.9998, 1.1428, 0.4083, 175.50
1102, 1853, 76, 88, 0.7111, 10.9171, -10.3175, 3.5683, 0.3556, 119.00
1102, 1861, 54, 86, 0.6000, 32.6043, 32.3810, -3.8095, 0.1800, 184.00
1102, 1795, 66, 53, 0.5000, 35.1706, -29.9857, 18.3800, 0.1500, 140.67
1102, 1815, 75, 36, 0.5000, 10.0438, -9.6213, -2.8827, 0.1500, 165.67
1102, 1820, 40, 144, 0.8000, 15.0735, 4.3859, 14.4213, 0.8000, 183.80
1102, 1827, 58, 14, 0.5000, 48.9614, -23.0386, -43.2024, 0.1500, 144.00
1102, 1836, 28, 31, 0.5556, 11.8552, 0.5863, -11.8407, 0.2222, 189.25
1103, 1790, 51, 32, 1.0000, 1.1616, 0.9711, 0.6373, 1.0000, 225.43
1103, 1801, 97, 26, 0.6000, 55.4372, 49.3899, 25.1776, 0.1800, 193.67
1103, 1827, 36, 15, 0.6556, 29.1187, -22.4080, -18.5951, 0.2622, 160.00
1103, 1843, 50, 1, 0.6556, 8.6746, -8.6574, 0.5454, 0.2622, 198.50
1103, 1745, 20, 90, 0.8311, 1.7095, -1.2216, -1.1958, 0.8311, 189.60
1103, 1789, 55, 87, 0.5625, 18.8792, 7.4168, -17.3614, 0.2250, 168.50
1103, 1748, 3, 6, 0.5400, 5.6559, 0.5121, -5.6326, 0.2700, 221.20
1103, 1820, 44, 158, 0.7000, 15.0735, 4.3859, 14.4213, 0.7000, 183.80
1103, 1853, 66, 92, 0.6111, 10.9171, -10.3175, 3.5683, 0.3056, 119.00
1103, 1861, 86, 82, 0.5000, 32.6043, 32.3810, -3.8095, 0.1500, 184.00
1104, 1790, 51, 32, 1.0000, 0.4900, 0.3734, 0.3173, 1.0000, 225.75
1104, 1795, 43, 42, 0.6556, 14.7868, -14.7462, -1.0949, 0.2622, 157.00
1104, 1801, 128, 51, 0.6556, 41.2622, 32.9162, 24.8814, 0.2622, 175.75
1104, 1815, 59, 6, 0.6556, 15.1252, -8.2142, -12.7004, 0.2622, 172.50
1104, 1827, 6, 8, 0.7111, 30.2510, -29.1204, -8.1928, 0.3556, 166.40
1104, 1843, 49, 1, 0.7111, 1.5478, -1.5408, 0.1469, 0.3556, 203.80
1104, 1745, 21, 90, 0.8879, 0.3317, 0.3252, 0.0652, 0.8879, 189.45
1104, 1853, 41, 88, 0.7667, 18.9631, -18.9551, -0.5501, 0.4600, 130.00
1104, 1789, 56, 84, 0.6222, 5.5147, 2.1183, -5.0916, 0.3111, 170.00
1104, 1861, 89, 89, 0.6556, 15.9579, 15.8511, 1.8430, 0.2622, 169.50
1104, 1820, 49, 172, 0.6000, 15.0735, 4.3859, 14.4213, 0.6000, 183.80
1105, 1790, 52, 32, 1.0000, 0.6840, 0.6821, 0.0507, 1.0000, 225.40
1105, 1795, 37, 35, 0.7111, 9.6593, -7.1541, -6.4901, 0.3556, 166.80
1105, 1815, 39, 8, 0.7111, 19.4455, -19.4345, 0.6541, 0.3556, 181.90
1105, 1835, 127, 125, 0.9833, 0.7780, -0.6991, -0.3414, 0.8850, 99.67
1105, 1843, 50, 1, 0.7667, 0.6395, 0.6391, -0.0217, 0.4600, 203.58
1105, 1845, 1, 13, 0.6000, 6.0674, -3.7944, -4.7345, 0.1800, 214.00
1105, 1789, 58, 78, 0.6806, 6.0689, 2.0937, -5.6963, 0.4083, 176.67
1105, 1858, 57, 82, 0.6000, 47.6987, -24.0968, 41.1644, 0.1800, 177.33
1105, 1861, 92, 87, 0.7111, 4.1908, 4.0986, -0.8742, 0.3556, 164.80
1105, 1793, 100, 34, 0.5625, 0.0000, 0.0000, 0.0000, 0.2250, 156.50
1105, 1801, 161, 76, 0.5556, 41.2622, 32.9162, 24.8814, 0.2222, 175.75
1105, 1820, 53, 187, 0.5000, 15.0735, 4.3859, 14.4213, 0.5000, 183.80
1105, 1745, 21, 90, 0.7879, 0.3317, 0.3252, 0.0652, 0.7879, 189.45
1106, 1790, 52, 33, 1.0000, 0.6906, 0.2886, 0.6274, 1.0000, 226.20
1106, 1841, 35, 20, 0.6000, 23.0300, -18.0704, 14.2774, 0.1800, 203.67
1106, 1843, 52, 1, 0.8222, 1.9848, 1.9846, -0.0289, 0.5756, 206.07
1106, 1845, 1, 12, 0.6556, 2.1173, -0.3108, -2.0944, 0.2622, 216.25
1106, 1789, 58, 77, 0.7381, 1.5119, 0.4898, -1.4304, 0.5167, 179.67
1106, 1793, 103, 34, 0.6722, 2.2715, 2.2715, 0.0000, 0.3361, 155.20
1106, 1794, 79, 11, 0.5625, 28.0782, -25.6471, -11.4286, 0.2250, 156.50
1106, 1835, 126, 125, 0.8833, 0.7780, -0.6991, -0.3414, 0.7950, 99.67
1106, 1858, 33, 123, 0.5000, 47.6987, -24.0968, 41.1644, 0.1500, 177.33
1107, 1790, 52, 33, 1.0000, 0.3224, 0.0291, 0.3211, 1.0000, 225.62
1107, 1789, 58, 82, 0.7951, 4.1045, -0.1178, 4.1028, 0.6361, 182.08
1107, 1748, 0, 0, 0.6000, 1.1613, -1.1135, -0.3299, 0.3600, 222.50
1107, 1794, 52, 23, 0.6222, 27.8183, -26.5828, 8.1984, 0.3111, 163.60
1107, 1835, 126, 124, 0.7833, 0.7780, -0.6991, -0.3414, 0.7050, 99.67
1107, 1841, 17, 35, 0.5000, 23.0300, -18.0704, 14.2774, 0.1500, 203.67
1107, 1843, 54, 1, 0.7222, 1.9848, 1.9846, -0.0289, 0.5056, 206.07
1107, 1845, 1, 9, 0.5556, 2.1173, -0.3108, -2.0944, 0.2222, 216.25
1107, 1793, 105, 34, 0.5722, 2.2715, 2.2715, 0.0000, 0.2861, 155.20
1108, 1790, 54, 33, 1.0000, 1.2640, 1.2627, 0.0569, 1.0000, 225.54
1108, 1829, 46, 2, 0.6000, 41.8499, -39.6042, -13.5246, 0.1800, 188.67
1108, 1835, 104, 107, 0.9889, 10.8514, -8.5344, -6.7021, 0.9889, 100.10
1108, 1841, 11, 62, 0.6556, 24.2253, -11.4544, 21.3462, 0.2622, 200.62
1108, 1843, 54, 2, 0.8778, 1.1770, 1.0379, 0.5551, 0.7022, 208.06
1108, 1789, 59, 83, 0.8519, 1.8900, 0.6475, 1.7756, 0.7667, 181.19
1108, 1748, 5, 13, 0.6587, 13.5609, 4.8403, 12.6676, 0.4611, 220.14
1108, 1864, 52, 113, 0.6000, 1.2597, 0.9234, 0.8568, 0.1800, 142.67
1108, 1793, 109, 24, 0.6806, 6.4331, 3.2932, -5.5262, 0.4083, 156.50
1108, 1794, 36, 36, 0.6806, 21.4116, -17.0968, 12.8902, 0.4083, 172.00
1109, 1790, 54, 34, 1.0000, 0.9133, 0.6728, 0.6177, 1.0000, 226.04
1109, 1831, 8, 21, 0.6000, 36.7534, 0.0000, -36.7534, 0.1800, 204.33
1109, 1843, 55, 2, 0.9333, 0.9665, 0.9542, 0.1540, 0.8400, 208.06
1109, 1854, 40, 102, 0.6000, 31.9456, -22.5750, 22.6028, 0.1800, 183.00
1109, 1857, 108, 24, 0.6000, 31.6876, 28.5282, -13.7928, 0.1800, 171.67
1109, 1829, 7, -11, 0.5000, 41.8499, -39.6042, -13.5246, 0.1500, 188.67
1109, 1841, -1, 83, 0.5556, 24.2253, -11.4544, 21.3462, 0.2222, 200.62
1109, 1789, 60, 85, 0.7519, 1.8900, 0.6475, 1.7756, 0.6767, 181.19
1109, 1748, 10, 26, 0.5587, 13.5609, 4.8403, 12.6676, 0.3911, 220.14
1109, 1864, 53, 114, 0.5000, 1.2597, 0.9234, 0.8568, 0.1500, 142.67
1109, 1793, 112, 19, 0.5806, 6.4331, 3.2932, -5.5262, 0.3483, 156.50
1109, 1794, 19, 49, 0.5806, 21.4116, -17.0968, 12.8902, 0.3483, 172.00
1110, 1790, 54, 35, 1.0000, 0.9755, 0.1321, 0.9665, 1.0000, 226.85
1110, 1831, 11, 6, 0.6556, 18.4795, 3.0158, -18.2317, 0.2622, 207.00
1110, 1841, 20, 91, 0.7111, 15.2008, 7.1273, 13.4264, 0.3556, 198.10
1110, 1843, 56, 2, 0.9889, 0.9778, 0.9776, -0.0207, 0.9889, 209.35
1110, 1845, 8, 8, 0.7111, 2.2915, 2.2294, -0.5297, 0.3556, 220.00
1110, 1789, 55, 86, 0.9083, 2.5170, -2.1987, 1.2252, 0.9083, 180.17
1110, 1864, 37, 111, 0.6556, 8.7782, -8.7103, -1.0898, 0.2622, 144.50
1110, 1800, 65, 80, 0.5625, 11.7197, 9.8875, -6.2920, 0.2250, 175.75
1110, 1816, 38, 80, 0.5625, 20.0730, 17.1429, -10.4426, 0.2250, 181.92
1110, 1854, 18, 124, 0.5000, 31.9456, -22.5750, 22.6028, 0.1500, 183.00
1110, 1857, 136, 10, 0.5000, 31.6876, 28.5282, -13.7928, 0.1500, 171.67
1111, 1790, 54, 35, 1.0000, 0.4180, -0.0527, 0.4146, 1.0000, 227.04
1111, 1843, 57, 2, 1.0000, 0.9984, 0.9980, -0.0295, 1.0000, 209.86
1111, 1845, 8, 6, 0.8167, 1.7820, 0.4044, -1.7355, 0.4900, 219.58
1111, 1854, 8, 113, 0.6556, 16.0890, -15.6439, 3.7584, 0.2622, 176.75
1111, 1864, 5, 99, 0.7111, 31.9207, -29.8460, -11.3203, 0.3556, 150.60
1111, 1793, 114, 23, 0.7381, 1.4967, 1.3202, 0.7052, 0.5167, 154.57
1111, 1797, 93, 30, 0.5625, 34.9267, 8.3345, -33.9177, 0.2250, 186.75
1111, 1806, 62, 83, 0.5625, 20.7598, 15.6386, 13.6530, 0.2250, 202.50
1111, 1816, 49, 69, 0.6222, 15.9647, 11.4377, -11.1377, 0.3111, 195.53
1111, 1831, 15, -12, 0.5556, 18.4795, 3.0158, -18.2317, 0.2222, 207.00
1112, 1790, 55, 36, 1.0000, 0.8958, 0.5803, 0.6825, 1.0000, 227.43
1112, 1845, 11, 5, 0.8722, 2.5505, 2.1914, -1.3048, 0.6106, 224.64
1112, 1793, 94, 21, 0.7951, 18.5900, -18.5437, -1.3115, 0.6361, 156.12
1112, 1800, 88, 65, 0.6222, 13.6950, 11.5539, -7.3525, 0.3111, 175.60
1112, 1797, 92, 2, 0.6222, 28.8318, 0.8710, -28.8186, 0.3111, 185.40
1112, 1806, 60, 114, 0.6222, 29.0193, -0.0125, 29.0193, 0.3111, 190.40
1112, 1816, 69, 42, 0.6806, 32.2199, 19.5243, -25.6306, 0.4083, 203.61
1112, 1843, 58, 2, 0.9000, 0.9984, 0.9980, -0.0295, 0.9000, 209.86
1112, 1854, -8, 117, 0.5556, 16.0890, -15.6439, 3.7584, 0.2222, 176.75
1113, 1790, 54, 37, 1.0000, 0.9791, -0.2963, 0.9332, 1.0000, 227.73
1113, 1845, 12, 4, 0.9278, 1.8312, 1.5249, -1.0139, 0.7422, 226.44
1113, 1800, 90, 64, 0.6806, 3.7446, 3.3652, -1.6424, 0.4083, 177.17
1113, 1806, 58, 122, 0.6806, 9.7406, -1.3003, 9.6534, 0.4083, 182.83
1113, 1816, 85, 11, 0.7381, 34.1480, 15.7147, -30.3173, 0.5167, 199.67
1113, 1843, 59, 2, 0.8000, 0.9984, 0.9980, -0.0295, 0.8000, 209.86
1113, 1797, 93, -27, 0.5222, 28.8318, 0.8710, -28.8186, 0.2611, 185.40
1114, 1790, 54, 37, 1.0000, 0.4838, -0.2775, 0.3963, 1.0000, 227.26
1114, 1843, 60, 3, 1.0000, 1.0855, 1.0021, 0.4173, 1.0000, 209.12
1114, 1845, 14, 3, 0.9833, 2.0323, 1.7908, -0.9609, 0.8850, 226.94
1114, 1800, 91, 65, 0.7381, 0.5802, 0.4013, 0.4191, 0.5167, 177.57
1114, 1871, 72, 80, 0.6000, 22.2125, 20.0672, 9.5238, 0.1800, 227.33
1114, 1806, 57, 131, 0.5806, 9.7406, -1.3003, 9.6534, 0.3483, 182.83
1115, 1790, 54, 38, 1.0000, 0.6768, -0.1011, 0.6692, 1.0000, 226.52
1115, 1843, 61, 3, 1.0000, 1.0047, 1.0005, 0.0914, 1.0000, 209.12
1115, 1845, 16, 1, 1.0000, 2.6475, 1.9894, -1.7470, 1.0000, 227.85
1115, 1863, 38, 63, 0.6000, 39.0784, 33.0836, 20.7990, 0.1800, 196.33
1115, 1864, 5, 96, 0.8778, 2.0575, 2.0530, -0.1363, 0.7022, 158.25
1115, 1871, 92, 89, 0.5000, 22.2125, 20.0672, 9.5238, 0.1500, 227.33
1116, 1790, 54, 38, 1.0000, 0.3079, -0.0045, 0.3079, 1.0000, 226.30
1116, 1843, 74, 9, 1.0000, 12.9019, 11.7402, 5.3506, 1.0000, 206.96
1116, 1845, 16, 0, 1.0000, 1.3839, 0.4986, -1.2910, 1.0000, 228.68
1116, 1863, 75, 80, 0.6556, 40.8109, 36.6245, 18.0050, 0.2622, 197.50
1116, 1871, 124, 105, 0.6556, 29.2608, 26.2630, 12.9016, 0.2622, 188.75
1117, 1790, 54, 39, 1.0000, 0.6633, 0.0171, 0.6631, 1.0000, 225.85
1117, 1843, 102, 12, 1.0000, 26.6217, 26.3882, 3.5185, 1.0000, 202.77
1117, 1845, 16, 0, 1.0000, 0.2583, -0.0998, -0.2382, 1.0000, 228.04
1117, 1856, 17, 59, 0.6000, 22.3618, 15.3287, -16.2813, 0.1800, 192.67
1117, 1867, 49, 19, 0.6000, 31.2679, -27.2038, -15.4155, 0.1800, 209.00
1117, 1870, 8, 34, 0.6556, 10.1854, -4.5796, 9.0978, 0.2622, 205.25
1117, 1830, 92, 44, 0.5625, 21.9261, -20.2648, 8.3721, 0.2250, 146.50
1117, 1863, 112, 98, 0.5556, 40.8109, 36.6245, 18.0050, 0.2222, 197.50
1117, 1871, 150, 118, 0.5556, 29.2608, 26.2630, 12.9016, 0.2222, 188.75
1118, 1790, 55, 40, 1.0000, 1.1261, 0.6220, 0.9387, 1.0000, 225.19
1118, 1843, 110, 13, 1.0000, 9.9772, 9.8885, 1.3272, 1.0000, 199.47
1118, 1786, 20, 89, 0.5625, 36.4859, 16.3190, 32.6330, 0.2250, 196.25
1118, 1856, 17, 27, 0.6556, 29.4798, 1.9662, -29.4141, 0.2622, 196.25
1118, 1830, 75, 49, 0.6222, 18.9987, -17.9716, 6.1622, 0.3111, 157.00
1118, 1877, 99, 39, 0.6000, 26.6837, -21.9048, 15.2381, 0.1800, 138.67
1118, 1845, 16, 0, 0.9000, 0.2583, -0.0998, -0.2382, 0.9000, 228.04
1118, 1867, 22, 4, 0.5000, 31.2679, -27.2038, -15.4155, 0.1500, 209.00
1118, 1870, 3, 44, 0.5556, 10.1854, -4.5796, 9.0978, 0.2222, 205.25
1119, 1790, 55, 40, 1.0000, 0.5581, 0.3639, 0.4231, 1.0000, 225.17
1119, 1856, 41, 1, 0.7111, 34.5824, 21.6376, -26.9770, 0.3556, 199.80
1119, 1877, 79, 43, 0.6556, 20.8483, -20.2662, 4.8924, 0.2622, 150.50
1119, 1879, 71, 6, 0.6000, 34.9454, -8.2594, -33.9553, 0.1800, 188.67
1119, 1844, 64, 3, 0.5625, 19.1426, 19.0476, 1.9048, 0.2250, 203.88
1119, 1882, 112, 3, 0.6000, 1.3952, -0.9524, 1.0196, 0.1800, 166.33
1119, 1845, 16, -1, 0.8000, 0.2583, -0.0998, -0.2382, 0.8000, 228.04
1119, 1830, 57, 56, 0.5222, 18.9987, -17.9716, 6.1622, 0.2611, 157.00
1120, 1790, 56, 41, 1.0000, 0.9653, 0.6964, 0.6685, 1.0000, 225.53
1120, 1798, 125, 30, 0.5625, 2.1335, 1.9058, -0.9590, 0.2250, 120.75
1120, 1830, 38, 51, 0.6806, 18.3387, -18.3370, 0.2461, 0.4083, 165.33
1120, 1877, 76, 42, 0.7111, 4.5825, -4.5786, -0.1888, 0.3556, 157.60
1120, 1844, 68, 4, 0.6222, 6.0618, 5.9271, 1.2709, 0.3111, 202.10
1120, 1882, 111, 4, 0.7056, 1.4263, -1.0122, 1.0048, 0.2822, 162.75
1120, 1845, 16, -1, 0.7000, 0.2583, -0.0998, -0.2382, 0.7000, 228.04
1120, 1856, 63, -26, 0.6111, 34.5824, 21.6376, -26.9770, 0.3056, 199.80
1120, 1879, 62, -28, 0.5000, 34.9454, -8.2594, -33.9553, 0.1500, 188.67
1121, 1790, 56, 41, 1.0000, 0.4687, 0.3455, 0.3168, 1.0000, 225.19
1121, 1798, 126, 30, 0.6722, 1.3149, 1.2882, -0.2637, 0.3361, 122.80
1121, 1872, 11, 42, 0.6000, 44.2013, -21.9257, 38.3799, 0.1800, 205.33
1121, 1830, 22, 63, 0.7381, 19.6763, -16.5284, 10.6757, 0.5167, 168.86
1121, 1877, 64, 47, 0.7667, 11.9330, -11.0246, 4.5665, 0.4600, 164.50
1121, 1844, 68, 4, 0.6806, 0.5078, 0.4586, 0.2180, 0.4083, 200.92
1121, 1882, 110, 6, 0.7611, 2.0320, -1.0107, 1.7628, 0.3806, 161.40
1121, 1845, 16, -1, 0.6000, 0.2583, -0.0998, -0.2382, 0.6000, 228.04
1122, 1790, 57, 42, 1.0000, 0.9316, 0.6646, 0.6529, 1.0000, 225.08
1122, 1845, 13, 0, 1.0000, 0.8096, -0.7985, 0.1337, 1.0000, 229.12
1122, 1872, 12, 98, 0.6556, 54.1703, -1.3201, 54.1542, 0.2622, 195.75
1122, 1844, 69, 4, 0.7381, 0.8466, 0.8404, -0.1020, 0.5167, 201.36
1122, 1882, 109, 7, 0.8167, 1.6337, -1.0023, 1.2901, 0.4900, 161.83
1122, 1798, 127, 30, 0.5722, 1.3149, 1.2882, -0.2637, 0.2861, 122.80
1122, 1877, 53, 52, 0.6667, 11.9330, -11.0246, 4.5665, 0.4000, 164.50
1123, 1790, 58, 41, 1.0000, 0.9634, 0.9284, -0.2577, 1.0000, 224.59
1123, 1866, 77, 95, 0.6000, 32.3712, -17.0676, -27.5063, 0.1800, 118.33
1123, 1870, 0, 76, 0.7111, 6.1452, -0.1169, 6.1441, 0.3556, 196.00
1123, 1844, 70, 4, 0.7951, 1.0203, 1.0179, -0.0706, 0.6361, 204.56
1123, 1882, 105, 5, 0.8722, 3.8628, -3.2802, -2.0400, 0.6106, 160.14
1123, 1889, 88, 40, 0.6000, 27.6696, -12.3473, -24.7619, 0.1800, 174.67
1123, 1845, 12, 0, 0.9000, 0.8096, -0.7985, 0.1337, 0.9000, 229.12
1123, 1872, 11, 152, 0.5556, 54.1703, -1.3201, 54.1542, 0.2222, 195.75
1124, 1790, 58, 43, 1.0000, 0.9858, 0.4361, 0.8841, 1.0000, 225.00
1124, 1798, 120, 21, 0.7306, 4.5573, -2.8088, -3.5889, 0.4383, 127.83
1124, 1866, 50, 65, 0.6556, 38.9553, -25.2302, -29.6809, 0.2622, 140.25
1124, 1870, 14, 100, 0.7667, 27.4393, 14.0808, 23.5509, 0.4600, 192.50
1124, 1844, 71, 4, 0.8519, 1.0302, 1.0301, -0.0121, 0.7667, 204.28
1124, 1882, 99, 5, 0.9278, 6.4454, -6.4236, 0.5298, 0.7422, 159.75
1124, 1886, 107, 11, 0.6000, 2.6063, -2.6057, -0.0538, 0.1800, 153.67
1124, 1889, 62, 31, 0.6556, 26.9259, -24.4646, -11.2467, 0.2622, 179.50
1124, 1855, 74, 63, 0.5625, 29.7533, 19.0476, -22.8571, 0.2250, 182.50
1124, 1890, 72, 40, 0.6000, 14.2925, -11.4622, -8.5378, 0.1800, 202.33
1125, 1790, 59, 43, 1.0000, 0.8972, 0.6640, 0.6034, 1.0000, 225.22
1125, 1870, 32, 127, 0.8222, 31.1162, 16.8019, 26.1899, 0.5756, 186.57
1125, 1844, 71, 4, 0.9083, 0.2450, 0.2450, 0.0057, 0.9083, 202.85
1125, 1882, 93, 4, 0.9333, 5.8976, -5.8118, -1.0021, 0.8400, 160.56
1125, 1886, 105, 11, 0.7056, 2.3835, -2.3835, 0.0187, 0.2822, 152.88
1125, 1889, 40, 7, 0.7111, 31.7590, -22.6315, -22.2812, 0.3556, 186.60
1125, 1855, 84, 53, 0.6222, 16.0415, 11.2016, -11.4828, 0.3111, 185.80
1125, 1890, 39, 49, 0.6556, 30.8080, -30.2266, 5.9568, 0.2622, 205.25
1125, 1896, 91, 80, 0.6000, 26.6837, 21.9048, 15.2381, 0.1800, 183.00
1125, 1866, 25, 36, 0.5556, 38.9553, -25.2302, -29.6809, 0.2222, 140.25
1126, 1790, 59, 43, 1.0000, 0.3791, 0.3256, 0.1941, 1.0000, 225.48
1126, 1886, 106, 12, 0.7611, 0.8096, 0.2275, 0.7770, 0.3806, 154.10
1126, 1855, 81, 41, 0.6806, 12.0105, -1.4261, -11.9256, 0.4083, 185.83
1126, 1896, 96, 83, 0.6556, 8.5282, 7.4566, 4.1388, 0.2622, 175.12
1126, 1844, 71, 4, 0.8083, 0.2450, 0.2450, 0.0057, 0.8083, 202.85
1126, 1882, 87, 3, 0.8333, 5.8976, -5.8118, -1.0021, 0.7500, 160.56
1126, 1889, 17, -15, 0.6111, 31.7590, -22.6315, -22.2812, 0.3056, 186.60
1126, 1890, 9, 54, 0.5556, 30.8080, -30.2266, 5.9568, 0.2222, 205.25
1127, 1790, 60, 44, 1.0000, 0.8624, 0.6440, 0.5735, 1.0000, 226.04
1127, 1886, 105, 13, 0.8167, 1.1083, -0.3301, 1.0580, 0.4900, 153.67
1127, 1896, 96, 82, 0.7111, 0.7972, 0.6476, -0.4649, 0.3556, 171.50
1127, 1844, 72, 4, 0.7083, 0.2450, 0.2450, 0.0057, 0.7083, 202.85
1127, 1882, 81, 2, 0.7333, 5.8976, -5.8118, -1.0021, 0.6600, 160.56
1127, 1855, 80, 29, 0.5806, 12.0105, -1.4261, -11.9256, 0.3483, 185.83
1128, 1790, 61, 44, 1.0000, 0.9716, 0.9157, 0.3247, 1.0000, 226.09
1128, 1873, 1, 30, 0.6000, 0.9482, 0.9482, 0.0085, 0.1800, 225.50
1128, 1844, 68, 1, 0.9646, 1.8299, -1.3520, -1.2332, 0.9646, 201.95
1128, 1882, 75, 5, 0.9889, 6.0160, -5.9938, 0.5159, 0.9889, 163.10
1128, 1886, 104, 15, 0.8722, 2.0394, -0.9231, 1.8185, 0.6106, 158.57
1128, 1888, 56, 0, 0.7056, 2.0499, -1.6300, -1.2431, 0.2822, 195.25
1128, 1894, 98, 5, 0.6000, 3.2138, -1.7640, 2.6864, 0.1800, 174.00
1128, 1896, 88, 87, 0.7667, 8.3224, -6.9547, 4.5710, 0.4600, 166.75
1128, 1788, 81, 98, 0.5400, 1.3708, 0.9860, 0.9524, 0.2700, 145.20
1129, 1790, 61, 44, 1.0000, 0.4597, 0.4515, 0.0865, 1.0000, 225.82
1129, 1873, 2, 30, 0.7056, 1.0236, 1.0236, -0.0038, 0.2822, 231.62
1129, 1882, 75, 5, 1.0000, 0.3993, -0.3705, 0.1490, 1.0000, 166.82
1129, 1886, 103, 16, 0.9278, 1.6859, -1.0683, 1.3042, 0.7422, 162.12
1129, 1896, 88, 89, 0.8222, 2.1204, -1.1530, 1.7795, 0.5756, 164.64
1129, 1897, 25, 28, 0.6000, 28.2430, -5.3459, 27.7325, 0.1800, 216.67
1129, 1788, 82, 99, 0.6500, 1.4288, 1.0085, 1.0122, 0.3900, 143.83
1129, 1903, 22, 89, 0.6000, 39.7547, -25.6471, 30.3754, 0.1800, 201.33
1129, 1844, 67, 0, 0.8646, 1.8299, -1.3520, -1.2332, 0.8646, 201.95
1129, 1888, 54, -1, 0.6056, 2.0499, -1.6300, -1.2431, 0.2422, 195.25
1129, 1894, 96, 7, 0.5000, 3.2138, -1.7640, 2.6864, 0.1500, 174.00
1130, 1790, 62, 45, 1.0000, 0.8629, 0.6625, 0.5529, 1.0000, 225.86
1130, 1882, 77, 5, 1.0000, 1.3926, 1.3925, -0.0113, 1.0000, 167.75
1130, 1886, 102, 18, 0.9833, 2.0435, -1.0373, 1.7607, 0.8850, 162.22
1130, 1887, 71, 38, 0.6000, 39.4418, 19.4687, 34.3020, 0.1800, 206.67
1130, 1851, 56, 66, 0.5625, 37.9651, 3.6204, 37.7921, 0.2250, 201.50
1130, 1897, 4, 79, 0.6556, 51.5886, -18.4158, 48.1896, 0.2622, 202.25
1130, 1788, 83, 100, 0.7087, 1.4252, 1.0049, 1.0107, 0.4961, 142.86
1130, 1552, 58, 44, 0.5365, 26.2946, -26.2017, 2.2088, 0.5365, 131.64
1130, 1910, 112, 65, 0.6000, 1.0196, 1.0196, 0.0000, 0.1800, 130.00
1130, 1873, 3, 30, 0.6056, 1.0236, 1.0236, -0.0038, 0.2422, 231.62
1130, 1888, 53, -2, 0.5056, 2.0499, -1.6300, -1.2431, 0.2022, 195.25
1130, 1896, 87, 90, 0.7222, 2.1204, -1.1530, 1.7795, 0.5056, 164.64
1130, 1903, -4, 119, 0.5000, 39.7547, -25.6471, 30.3754, 0.1500, 201.33
1131, 1790, 63, 45, 1.0000, 0.9613, 0.8982, 0.3426, 1.0000, 226.09
1131, 1873, 4, 31, 0.7611, 1.1462, 1.0046, 0.5519, 0.3806, 227.90
1131, 1882, 79, 6, 1.0000, 2.2207, 2.0976, 0.7292, 1.0000, 170.69
1131, 1886, 101, 19, 1.0000, 1.6025, -1.0044, 1.2486, 1.0000, 163.40
1131, 1887, 75, 53, 0.6556, 18.8527, 6.4984, 17.6973, 0.2622, 207.00
1131, 1894, 76, 28, 0.6556, 12.3103, -8.5867, 8.8210, 0.2622, 177.00
1131, 1851, 33, 99, 0.6222, 38.9567, -19.4359, 33.7620, 0.3111, 194.00
1131, 1910, 114, 65, 0.7056, 1.7583, 1.7583, 0.0000, 0.2822, 128.75
1131, 1912, 103, 82, 0.6000, 1.9720, 1.9720, 0.0000, 0.1800, 133.67
1131, 1896, 86, 92, 0.6222, 2.1204, -1.1530, 1.7795, 0.4356, 164.64
1131, 1897, -14, 128, 0.5556, 51.5886, -18.4158, 48.1896, 0.2222, 202.25
1131, 1788, 84, 101, 0.6087, 1.4252, 1.0049, 1.0107, 0.4261, 142.86
1132, 1790, 63, 45, 1.0000, 0.4593, 0.4472, 0.1051, 1.0000, 226.14
1132, 1886, 100, 21, 1.0000, 2.0069, -0.9963, 1.7421, 1.0000, 162.36
1132, 1887, 61, 66, 0.7111, 18.2835, -12.3611, 13.4717, 0.3556, 206.20
1132, 1892, 19, 111, 0.6000, 40.3744, -39.8465, 6.5075, 0.1800, 167.67
1132, 1894, 45, 46, 0.7111, 34.2306, -29.5308, 17.3109, 0.3556, 183.20
1132, 1851, 6, 124, 0.6806, 37.1305, -25.9621, 26.5450, 0.4083, 186.50
1132, 1788, 86, 102, 0.7667, 1.8454, 1.5518, 0.9987, 0.6133, 140.62
1132, 1552, 33, 52, 0.5889, 11.3374, -10.4986, 4.2798, 0.5889, 136.27
1132, 1912, 105, 82, 0.7056, 2.0170, 2.0170, 0.0000, 0.2822, 131.25
1132, 1873, 5, 32, 0.6611, 1.1462, 1.0046, 0.5519, 0.3306, 227.90
1132, 1896, 84, 94, 0.5222, 2.1204, -1.1530, 1.7795, 0.3656, 164.64
1132, 1910, 116, 65, 0.6056, 1.7583, 1.7583, 0.0000, 0.2422, 128.75
1133, 1790, 63, 45, 1.0000, 0.0997, 0.0996, -0.0055, 1.0000, 226.00
1133, 1817, 70, 52, 0.5625, 22.7686, -13.5097, -18.3275, 0.2250, 180.25
1133, 1873, 4, 24, 0.8167, 3.9407, -0.1152, -3.9390, 0.4900, 223.58
1133, 1886, 99, 22, 1.0000, 1.6047, -0.9979, 1.2567, 1.0000, 165.08
1133, 1785, 61, 3, 0.5400, 41.3656, -8.2561, -40.5333, 0.2700, 213.40
1133, 1788, 94, 92, 0.7741, 11.7439, 7.3863, -9.1303, 0.6967, 139.00
1133, 1860, 34, 57, 0.5625, 40.7984, 0.8735, -40.7891, 0.2250, 191.75
1133, 1910, 117, 65, 0.7611, 1.5423, 1.5423, 0.0000, 0.3806, 125.00
1133, 1912, 106, 82, 0.7611, 1.2463, 1.2463, 0.0000, 0.3806, 128.60
1133, 1892, -21, 117, 0.5000, 40.3744, -39.8465, 6.5075, 0.1500, 167.67
1133, 1851, -20, 151, 0.5806, 37.1305, -25.9621, 26.5450, 0.3483, 186.50
1134, 1790, 63, 42, 1.0000, 2.2359, -0.0323, -2.2357, 1.0000, 225.55
1134, 1817, 69, 47, 0.6222, 7.1186, -2.9166, -6.4937, 0.3111, 184.00
1134, 1886, 98, 23, 1.0000, 1.4090, -0.9997, 0.9929, 1.0000, 165.88
1134, 1860, 21, 28, 0.6222, 31.9845, -11.1141, -29.9914, 0.3111, 194.80
1134, 1910, 118, 65, 0.8167, 1.1055, 1.1055, 0.0000, 0.4900, 124.00
1134, 1911, 32, 55, 0.6000, 35.1388, 26.9944, -22.4953, 0.1800, 194.67
1134, 1912, 108, 82, 0.8167, 1.7102, 1.7102, 0.0000, 0.4900, 127.00
1134, 1918, 9, 106, 0.6000, 0.9866, 0.0336, 0.9860, 0.1800, 163.00
1134, 1919, 1, 95, 0.6000, 9.5713, 0.9524, -9.5238, 0.1800, 161.67
1134, 1788, 101, 83, 0.6741, 11.7439, 7.3863, -9.1303, 0.6067, 139.00
1135, 1817, 65, 46, 0.6806, 4.1986, -3.9060, -1.5399, 0.4083, 190.17
1135, 1886, 98, 25, 1.0000, 1.7214, -0.2568, 1.7021, 1.0000, 166.75
1135, 1896, 90, 105, 0.8778, 3.2317, 0.9022, 3.1033, 0.7022, 160.31
1135, 1860, 8, 1, 0.6806, 29.8436, -12.6047, -27.0510, 0.4083, 199.33
1135, 1904, 72, 55, 0.6000, 17.2054, -7.2997, -15.5801, 0.1800, 206.67
1135, 1910, 120, 65, 0.8722, 1.7277, 1.7277, 0.0000, 0.6106, 121.86
1135, 1911, 49, 42, 0.6556, 23.3508, 18.2465, -14.5714, 0.2622, 195.75
1135, 1912, 110, 82, 0.8722, 1.9977, 1.9977, 0.0000, 0.6106, 125.57
1135, 1805, 32, 97, 0.5400, 15.1517, 13.3513, 7.1637, 0.2700, 182.20
1135, 1914, 67, 55, 0.6000, 32.5954, 11.6410, -30.4458, 0.1800, 188.33
1135, 1918, 3, 106, 0.6556, 5.2844, -5.2782, 0.2550, 0.2622, 164.25
1135, 1919, 5, 79, 0.6556, 15.7403, 3.2727, -15.3964, 0.2622, 165.25
1135, 1920, 0, 123, 0.6000, 2.9021, -0.9177, 2.7531, 0.1800, 153.00
1135, 1790, 63, 40, 0.9000, 2.2359, -0.0323, -2.2357, 0.9000, 225.55
1135, 1788, 109, 74, 0.5741, 11.7439, 7.3863, -9.1303, 0.5167, 139.00
1136, 1790, 63, 41, 1.0000, 0.5862, -0.0272, -0.5856, 1.0000, 225.11
1136, 1817, 65, 46, 0.7381, 0.5041, -0.2997, -0.4053, 0.5167, 196.64
1136, 1886, 97, 26, 1.0000, 1.4650, -0.6942, 1.2900, 1.0000, 167.57
1136, 1888, 26, 18, 0.7111, 5.6554, -4.4847, 3.4455, 0.3556, 197.80
1136, 1788, 112, 82, 0.8311, 6.0538, 5.7209, -1.9798, 0.8311, 139.00
1136, 1904, 66, 50, 0.6556, 8.6389, -6.0146, -6.2012, 0.2622, 209.50
1136, 1910, 121, 65, 0.9278, 1.2655, 1.2655, 0.0000, 0.7422, 123.00
1136, 1911, 58, 18, 0.7111, 24.4041, 10.0370, -22.2445, 0.3556, 195.60
1136, 1912, 101, 90, 0.8778, 10.3401, -7.7864, 6.8037, 0.7022, 124.38
1136, 1805, 35, 105, 0.6000, 9.0317, 4.9576, 7.5494, 0.3600, 180.17
1136, 1914, 79, 39, 0.6556, 21.4729, 11.9824, -17.8188, 0.2622, 187.75
1136, 1915, 21, 108, 0.6000, 19.1112, 12.6172, 14.3543, 0.1800, 173.00
1136, 1918, 1, 104, 0.7611, 3.1213, -2.7024, -1.5619, 0.3806, 164.20
1136, 1919, 5, 76, 0.7111, 4.5335, 1.0756, -4.4040, 0.3556, 168.20
1136, 1896, 91, 108, 0.7778, 3.2317, 0.9022, 3.1033, 0.6222, 160.31
1136, 1860, -4, -26, 0.5806, 29.8436, -12.6047, -27.0510, 0.3483, 199.33
1136, 1920, -1, 126, 0.5000, 2.9021, -0.9177, 2.7531, 0.1500, 153.00
1137, 1790, 61, 35, 1.0000, 4.1784, -1.6141, -3.8541, 1.0000, 224.82
1137, 1817, 67, 47, 0.7951, 1.4985, 1.2356, 0.8478, 0.6361, 202.81
1137, 1886, 96, 27, 1.0000, 1.4141, -0.9854, 1.0142, 1.0000, 167.16
1137, 1849, 65, 50, 0.5625, 51.6134, 18.0285, 48.3623, 0.2250, 213.00
1137, 1896, 92, 107, 0.9333, 1.2917, 1.0220, 0.7899, 0.8400, 156.83
1137, 1788, 115, 82, 0.8879, 2.6597, 2.6552, -0.1551, 0.8879, 137.41
1137, 1910, 123, 65, 0.9833, 1.7500, 1.7500, 0.0000, 0.8850, 121.44
1137, 1919, 15, 59, 0.7667, 17.5931, 8.3422, -15.4896, 0.4600, 173.67
1137, 1923, 78, 39, 0.6000, 36.3096, 9.9821, 34.9106, 0.1800, 194.33
1137, 1904, 60, 44, 0.5556, 8.6389, -6.0146, -6.2012, 0.2222, 209.50
1137, 1911, 68, -4, 0.6111, 24.4041, 10.0370, -22.2445, 0.3056, 195.60
1137, 1805, 40, 112, 0.5000, 9.0317, 4.9576, 7.5494, 0.3000, 180.17
1137, 1914, 91, 21, 0.5556, 21.4729, 11.9824, -17.8188, 0.2222, 187.75
1137, 1915, 34, 122, 0.5000, 19.1112, 12.6172, 14.3543, 0.1500, 173.00
1137, 1918, -2, 103, 0.6611, 3.1213, -2.7024, -1.5619, 0.3306, 164.20
1138, 1849, 59, 88, 0.6222, 39.4811, -3.2412, 39.3478, 0.3111, 205.60
1138, 1896, 96, 110, 0.9889, 4.3128, 3.4877, 2.5369, 0.9889, 151.35
1138, 1904, 40, 28, 0.7111, 18.3837, -14.1647, -11.7183, 0.3556, 208.80
1138, 1906, 115, 28, 0.6000, 21.1628, -5.5805, 20.4138, 0.1800, 131.00
1138, 1914, 107, 13, 0.7111, 18.8781, 14.2447, -12.3883, 0.3556, 180.40
1138, 1919, 31, 36, 0.8222, 26.9398, 15.3300, -22.1527, 0.5756, 182.00
1138, 1923, 66, 56, 0.6556, 21.2910, -9.1505, 19.2244, 0.2622, 205.00
1138, 1927, 37, 69, 0.6000, 24.9262, -18.0952, -17.1429, 0.1800, 184.00
1138, 1790, 59, 32, 0.9000, 4.1784, -1.6141, -3.8541, 0.9000, 224.82
1138, 1886, 95, 28, 0.9000, 1.4141, -0.9854, 1.0142, 0.9000, 167.16
1138, 1910, 125, 65, 0.8833, 1.7500, 1.7500, 0.0000, 0.7950, 121.44
1138, 1918, -5, 101, 0.5611, 3.1213, -2.7024, -1.5619, 0.2806, 164.20
1139, 1736, 70, 48, 0.5250, 48.6665, -47.2686, -11.5803, 0.3150, 139.33
1139, 1886, 93, 29, 1.0000, 1.8478, -1.5742, 0.9676, 1.0000, 168.56
1139, 1906, 108, 36, 0.6556, 12.0074, -6.9413, 9.7978, 0.2622, 133.75
1139, 1910, 126, 66, 1.0000, 1.6239, 1.5293, 0.5462, 1.0000, 119.80
1139, 1919, 35, 33, 0.8778, 7.1519, 5.1262, -4.9873, 0.7022, 187.62
1139, 1923, 61, 56, 0.7111, 5.9872, -5.4477, 2.4838, 0.3556, 210.80
1139, 1927, 25, 41, 0.6556, 29.2859, -12.4499, -26.5078, 0.2622, 188.25
1139, 1649, 5, 109, 0.5076, 1.3748, 0.9634, 0.9808, 0.5076, 167.17
1139, 1849, 55, 127, 0.5222, 39.4811, -3.2412, 39.3478, 0.2611, 205.60
1139, 1896, 99, 112, 0.8889, 4.3128, 3.4877, 2.5369, 0.8889, 151.35
1139, 1914, 121, 0, 0.6111, 18.8781, 14.2447, -12.3883, 0.3056, 180.40
1140, 1736, 19, 62, 0.5841, 51.6326, -50.5680, 10.4304, 0.4089, 146.57
1140, 1886, 93, 32, 1.0000, 2.5108, -0.4435, 2.4713, 1.0000, 169.19
1140, 1896, 96, 110, 1.0000, 0.3239, -0.2599, -0.1933, 1.0000, 147.86
1140, 1906, 108, 56, 0.7111, 19.2775, -1.0597, 19.2484, 0.3556, 134.20
1140, 1910, 124, 43, 1.0000, 20.4537, -1.9270, -20.3628, 1.0000, 120.27
1140, 1927, 3, 12, 0.7111, 35.2608, -21.2985, -28.1016, 0.3556, 196.00
1140, 1869, 6, 29, 0.5625, 17.8333, 4.7955, 17.1765, 0.2250, 215.00
1140, 1914, 135, -12, 0.5111, 18.8781, 14.2447, -12.3883, 0.2556, 180.40
1141, 1839, 105, 41, 0.5625, 57.4452, 42.5077, -38.6400, 0.2250, 173.00
1141, 1896, 98, 112, 1.0000, 2.1264, 1.4728, 1.5338, 1.0000, 144.71
1141, 1850, 22, 17, 0.5625, 12.3906, -12.3906, 0.0034, 0.2250, 207.25
1141, 1929, 45, 104, 0.6000, 32.3355, 28.5378, -15.2045, 0.1800, 158.17
1141, 1886, 92, 34, 0.9000, 2.5108, -0.4435, 2.4713, 0.9000, 169.19
1141, 1906, 107, 75, 0.6111, 19.2775, -1.0597, 19.2484, 0.3056, 134.20
1141, 1927, -19, -16, 0.6111, 35.2608, -21.2985, -28.1016, 0.3056, 196.00
1142, 1886, 92, 35, 1.0000, 1.6445, -0.3769, 1.6008, 1.0000, 169.82
1142, 1896, 99, 113, 1.0000, 1.8328, 1.2914, 1.3006, 1.0000, 143.12
1142, 1869, 26, 61, 0.6222, 18.8511, 10.4802, 15.6694, 0.3111, 210.00
1142, 1929, 73, 114, 0.6556, 29.0062, 28.1086, 7.1601, 0.2622, 152.62
1142, 1819, 22, 89, 0.5400, 54.1435, -41.9048, 34.2857, 0.2700, 205.40
1142, 1930, 60, 54, 0.6000, 9.8054, -8.5714, 4.7619, 0.1800, 225.33
1142, 1927, -40, -44, 0.5111, 35.2608, -21.2985, -28.1016, 0.2556, 196.00
1143, 1886, 91, 36, 1.0000, 1.3837, -0.8289, 1.1080, 1.0000, 169.93
1143, 1896, 100, 114, 1.0000, 1.4462, 1.0251, 1.0202, 1.0000, 140.89
1143, 1850, 14, 32, 0.6222, 8.9954, -2.5788, 8.6178, 0.3111, 206.20
1143, 1923, 55, 55, 0.9333, 2.0348, -2.0058, 0.3428, 0.8400, 219.72
1143, 1869, 21, 86, 0.6806, 24.6616, -2.9424, 24.4855, 0.4083, 205.00
1143, 1814, 92, 8, 0.5400, 0.9013, 0.8989, 0.0668, 0.2700, 175.90
1143, 1930, 45, 64, 0.6556, 17.2835, -14.3842, 9.5819, 0.2622, 218.75
1143, 1929, 101, 121, 0.5556, 29.0062, 28.1086, 7.1601, 0.2222, 152.62
1144, 1886, 90, 37, 1.0000, 1.3981, -1.0227, 0.9533, 1.0000, 170.79
1144, 1896, 102, 115, 1.0000, 2.0512, 1.8083, 0.9683, 1.0000, 139.43
1144, 1850, 15, 34, 0.6806, 2.4264, 0.7492, 2.3079, 0.4083, 208.00
1144, 1869, 17, 114, 0.7381, 27.9504, -4.0960, 27.6486, 0.5167, 198.00
1144, 1814, 94, 9, 0.6500, 1.9405, 1.7942, 0.7394, 0.3900, 178.08
1144, 1775, 56, 105, 0.5250, 39.6251, 38.5844, -9.0220, 0.3150, 169.33
1144, 1930, 14, 90, 0.7111, 38.0896, -29.3545, 24.2721, 0.3556, 208.60
1144, 1931, 51, 124, 0.6000, 29.0621, 28.8304, 3.6622, 0.1800, 155.67
1145, 1896, 103, 116, 1.0000, 1.5772, 1.2290, 0.9884, 1.0000, 136.72
1145, 1850, 17, 34, 0.7381, 1.4690, 1.4074, 0.4209, 0.5167, 207.29
1145, 1814, 95, 9, 0.7087, 1.3331, 1.3066, 0.2642, 0.4961, 180.21
1145, 1775, 111, 93, 0.5841, 54.7494, 53.6139, -11.0927, 0.4089, 159.00
1145, 1886, 89, 38, 0.9000, 1.3981, -1.0227, 0.9533, 0.9000, 170.79
1145, 1930, -16, 114, 0.6111, 38.0896, -29.3545, 24.2721, 0.3056, 208.60
1145, 1931, 79, 127, 0.5000, 29.0621, 28.8304, 3.6622, 0.1500, 155.67
1146, 1886, 88, 40, 1.0000, 1.8285, -1.0209, 1.5169, 1.0000, 171.48
1146, 1896, 105, 117, 1.0000, 2.0616, 1.8024, 1.0006, 1.0000, 136.21
1146, 1814, 96, 9, 0.7667, 1.0013, 1.0012, -0.0070, 0.6133, 179.69
1147, 1886, 87, 43, 1.0000, 2.8044, -1.0058, 2.6178, 1.0000, 172.20
1147, 1896, 106, 118, 1.0000, 1.5646, 1.2020, 1.0016, 1.0000, 135.58
1147, 1928, 125, 110, 0.6000, 16.7939, 0.9098, -16.7692, 0.1800, 84.67
1147, 1814, 97, 10, 0.8241, 1.1964, 0.9560, 0.7193, 0.7417, 178.28
1148, 1886, 87, 43, 1.0000, 0.9845, -0.2908, 0.9405, 1.0000, 173.73
1148, 1896, 107, 119, 1.0000, 1.3851, 0.9580, 1.0004, 1.0000, 136.66
1148, 1814, 99, 10, 0.8811, 1.7613, 1.7387, 0.2812, 0.8811, 179.15
1148, 1875, 20, 34, 0.5625, 0.8148, 0.8148, 0.0000, 0.2250, 220.75
1148, 1928, 126, 93, 0.5000, 16.7939, 0.9098, -16.7692, 0.1500, 84.67
1149, 1886, 86, 45, 1.0000, 1.5659, -0.6724, 1.4142, 1.0000, 174.34
1149, 1896, 109, 120, 1.0000, 2.0556, 1.7960, 0.9999, 1.0000, 136.93
1149, 1796, 40, 43, 0.5400, 9.5996, -9.4132, -1.8826, 0.2700, 201.00
1149, 1814, 100, 10, 0.9379, 1.2982, 1.2982, 0.0055, 0.9379, 178.32
1149, 1932, 55, 107, 0.6000, 30.4421, 24.4501, -18.1359, 0.1800, 154.00
1149, 1875, 21, 34, 0.6722, 1.0668, 1.0668, 0.0000, 0.3361, 226.40
1150, 1886, 84, 35, 1.0000, 7.9870, -1.6564, -7.8134, 1.0000, 174.94
1150, 1896, 110, 121, 1.0000, 1.5933, 1.2405, 0.9999, 1.0000, 137.60
1150, 1796, 30, 21, 0.6000, 21.6593, -9.5069, -19.4614, 0.3600, 202.50
1150, 1926, 47, 58, 0.6000, 15.7303, -13.2392, -8.4950, 0.1800, 200.33
1150, 1928, 102, 95, 0.6556, 9.6652, -9.4107, -2.2036, 0.2622, 90.75
1150, 1814, 101, 10, 0.9944, 1.0108, 1.0101, -0.0394, 0.9944, 178.96
1150, 1932, 78, 66, 0.6556, 44.2332, 23.4782, -37.4880, 0.2622, 163.75
1150, 1875, 22, 34, 0.7306, 1.0492, 1.0492, 0.0000, 0.4383, 230.83
1151, 1896, 112, 122, 1.0000, 2.0564, 1.7969, 1.0000, 1.0000, 136.52
1151, 1917, 125, 95, 0.6000, 1.9161, 1.9161, 0.0082, 0.1800, 85.67
1151, 1796, 29, 16, 0.6587, 7.2554, -2.2644, -6.8930, 0.4611, 203.57
1151, 1926, 43, 58, 0.6556, 5.5232, -5.2667, -1.6636, 0.2622, 201.38
1151, 1928, 71, 102, 0.7111, 30.3419, -29.7938, 5.7411, 0.3556, 104.60
1151, 1814, 101, 10, 1.0000, 0.2168, 0.2162, -0.0168, 1.0000, 177.73
1151, 1875, 23, 35, 0.7881, 1.2658, 1.0090, 0.7643, 0.5517, 228.43
1151, 1886, 83, 27, 0.9000, 7.9870, -1.6564, -7.8134, 0.9000, 174.94
1151, 1932, 102, 29, 0.5556, 44.2332, 23.4782, -37.4880, 0.2222, 163.75
1152, 1896, 113, 124, 1.0000, 2.1877, 1.2139, 1.8201, 1.0000, 137.28
1152, 1796, 29, 17, 0.7167, 0.5621, 0.5222, 0.2081, 0.5733, 206.12
1152, 1810, 83, 49, 0.5400, 0.0084, 0.0038, -0.0076, 0.2700, 184.80
1152, 1926, 42, 59, 0.7111, 1.0937, -0.9769, 0.4918, 0.3556, 206.70
1152, 1814, 103, 11, 1.0000, 1.5960, 1.4151, 0.7382, 1.0000, 176.68
1152, 1875, 24, 35, 0.8451, 1.0388, 0.9963, 0.2940, 0.6761, 231.50
1152, 1876, 122, 20, 0.5625, 28.0226, 27.6398, -4.6157, 0.2250, 155.75
1152, 1917, 127, 95, 0.5000, 1.9161, 1.9161, 0.0082, 0.1500, 85.67
1153, 1896, 114, 125, 1.0000, 1.5839, 0.9648, 1.2560, 1.0000, 137.02
1153, 1922, 9, 18, 0.7056, 1.0669, 0.7538, 0.7550, 0.2822, 215.12
1153, 1810, 82, 51, 0.6500, 1.6938, -0.7575, 1.5150, 0.3900, 187.67
1153, 1926, 42, 59, 0.7667, 0.5668, -0.3693, 0.4300, 0.4600, 206.00
1153, 1814, 105, 11, 1.0000, 2.0509, 2.0272, 0.3104, 1.0000, 176.97
1153, 1875, 24, 35, 0.9019, 0.2413, 0.2413, 0.0033, 0.8117, 231.22
1153, 1883, 39, 64, 0.5625, 37.5490, 1.8016, -37.5057, 0.2250, 171.25
1153, 1900, 28, 124, 0.5625, 36.3893, 25.7143, 25.7479, 0.2250, 167.25
1154, 1896, 116, 126, 1.0000, 2.0232, 1.7725, 0.9755, 1.0000, 135.62
1154, 1862, 19, 57, 0.5625, 43.5273, 15.4918, -40.6771, 0.2250, 172.62
1154, 1922, 10, 18, 0.7611, 1.0747, 1.0386, 0.2762, 0.3806, 214.90
1154, 1810, 78, 55, 0.7087, 4.9106, -3.3306, 3.6085, 0.4961, 191.86
1154, 1926, 44, 60, 0.8222, 2.4477, 2.2930, 0.8564, 0.5756, 206.00
1154, 1814, 106, 12, 1.0000, 1.5616, 1.3704, 0.7488, 1.0000, 175.47
1154, 1875, 26, 36, 0.9583, 1.6168, 1.4526, 0.7099, 0.9583, 229.70
1154, 1900, 33, 129, 0.6222, 10.9403, 7.7378, 7.7341, 0.3111, 163.60
1155, 1896, 117, 127, 1.0000, 1.5788, 1.2544, 0.9587, 1.0000, 136.67
1155, 1922, 10, 18, 0.8167, 0.2862, 0.2862, -0.0047, 0.4900, 215.00
1155, 1814, 107, 12, 1.0000, 1.0361, 0.9996, 0.2725, 1.0000, 174.97
1155, 1875, 27, 36, 1.0000, 1.3244, 1.2936, 0.2838, 1.0000, 229.27
1155, 1900, 32, 128, 0.6806, 0.3569, 0.2552, 0.2495, 0.4083, 160.17
1155, 1859, 67, 38, 0.5400, 18.7841, 18.4293, -3.6333, 0.2700, 221.60
1155, 1810, 75, 58, 0.6087, 4.9106, -3.3306, 3.6085, 0.4261, 191.86
1156, 1896, 108, 124, 1.0000, 9.1632, -8.6500, -3.0237, 1.0000, 134.94
1156, 1917, 112, 70, 0.6556, 7.6843, -3.9904, -6.5669, 0.2622, 90.00
1156, 1922, 11, 19, 0.8722, 1.0171, 0.7199, 0.7185, 0.6106, 215.43
1156, 1725, 55, 87, 0.5143, 23.1923, -9.6019, -21.1112, 0.3600, 156.00
1156, 1810, 69, 74, 0.7167, 11.9431, -4.8944, 10.8942, 0.5733, 188.00
1156, 1814, 108, 12, 1.0000, 0.9420, 0.9420, 0.0013, 1.0000, 174.97
1156, 1938, 11, 117, 0.6000, 28.4595, 10.8815, 26.2970, 0.1800, 147.33
1156, 1898, 87, 57, 0.5625, 7.7737, 7.2910, 2.6966, 0.2250, 205.38
1156, 1859, 82, 36, 0.6000, 16.1326, 15.9231, -2.5915, 0.3600, 220.33
1156, 1875, 28, 36, 0.9000, 1.3244, 1.2936, 0.2838, 0.9000, 229.27
1157, 1916, 8, 32, 0.6000, 39.1724, -32.8892, -21.2786, 0.1800, 201.33
1157, 1917, 84, 58, 0.7111, 29.9889, -27.3914, -12.2084, 0.3556, 110.60
1157, 1922, 12, 19, 0.9278, 1.0335, 0.9947, 0.2805, 0.7422, 218.00
1157, 1725, 54, 48, 0.5722, 36.8500, -2.6374, -36.7554, 0.4578, 162.50
1157, 1925, 67, 111, 0.6000, 52.0751, -3.8512, 51.9325, 0.1800, 170.33
1157, 1814, 110, 12, 1.0000, 1.6935, 1.6930, -0.0423, 1.0000, 173.97
1157, 1875, 28, 37, 1.0000, 0.6268, 0.4117, 0.4727, 1.0000, 228.96
1157, 1896, 99, 121, 0.9000, 9.1632, -8.6500, -3.0237, 0.9000, 134.94
1157, 1938, 22, 143, 0.5000, 28.4595, 10.8815, 26.2970, 0.1500, 147.33
1157, 1859, 98, 33, 0.5000, 16.1326, 15.9231, -2.5915, 0.3000, 220.33
1158, 1916, -1, 18, 0.6556, 19.4767, -12.6597, -14.8011, 0.2622, 211.25
1158, 1922, 12, 20, 0.9833, 0.8098, 0.2873, 0.7571, 0.8850, 217.78
1158, 1814, 111, 13, 1.0000, 1.4895, 1.3173, 0.6952, 1.0000, 174.38
1158, 1859, 105, 19, 0.6587, 14.4301, 10.7956, -9.5752, 0.4611, 209.86
1158, 1902, 4, 45, 0.5625, 1.0218, 1.0196, -0.0672, 0.2250, 242.00
1158, 1940, 80, 57, 0.6000, 32.3950, 29.5238, 13.3333, 0.1800, 203.00
1158, 1941, 35, 64, 0.6000, 2.7413, -1.9384, 1.9384, 0.1800, 210.67
1158, 1925, 63, 163, 0.5000, 52.0751, -3.8512, 51.9325, 0.1500, 170.33
1158, 1875, 28, 37, 0.9000, 0.6268, 0.4117, 0.4727, 0.9000, 228.96
1159, 1916, 0, 17, 0.7111, 2.6989, -0.3939, -2.6700, 0.3556, 216.60
1159, 1922, 12, 21, 1.0000, 1.0098, -0.0322, 1.0093, 1.0000, 217.85
1159, 1725, 44, 0, 0.6296, 22.5044, -5.1510, -21.9070, 0.5667, 167.78
1159, 1814, 112, 12, 1.0000, 1.1032, 1.0318, -0.3904, 1.0000, 173.02
1159, 1875, 42, 56, 1.0000, 13.6206, 8.1405, 10.9203, 1.0000, 227.35
1159, 1902, 6, 45, 0.6722, 1.7584, 1.7583, 0.0073, 0.3361, 244.20
1159, 1941, 34, 65, 0.7056, 1.7921, -1.2672, 1.2672, 0.2822, 214.00
1159, 1940, 110, 70, 0.5000, 32.3950, 29.5238, 13.3333, 0.1500, 203.00
1160, 1922, 14, 21, 1.0000, 1.4611, 1.4307, 0.2967, 1.0000, 219.68
1160, 1814, 114, 13, 1.0000, 1.7203, 1.6692, 0.4158, 1.0000, 171.84
1160, 1898, 98, 79, 0.6222, 6.4915, 1.3472, 6.3502, 0.3111, 191.50
1160, 1902, 8, 44, 0.7306, 2.1732, 2.0389, -0.7521, 0.4383, 246.00
1160, 1940, 97, 48, 0.6556, 8.4659, 5.7851, -6.1810, 0.2622, 193.50
1160, 1941, 33, 66, 0.7611, 1.3801, -0.9759, 0.9759, 0.3806, 212.60
1160, 1916, -1, 14, 0.6111, 2.6989, -0.3939, -2.6700, 0.3056, 216.60
1160, 1725, 39, -22, 0.5296, 22.5044, -5.1510, -21.9070, 0.4767, 167.78
1161, 1922, 14, 21, 1.0000, 0.5944, 0.5937, -0.0300, 1.0000, 221.21
1161, 1814, 115, 14, 1.0000, 1.6171, 1.3033, 0.9572, 1.0000, 171.24
1161, 1893, 10, 104, 0.5625, 18.0026, -11.2462, 14.0577, 0.2250, 183.75
1161, 1939, 1, 32, 0.6000, 49.5433, -2.7206, -49.4686, 0.1800, 188.00
1161, 1902, 10, 43, 0.7881, 2.3043, 2.0500, -1.0522, 0.5517, 245.43
1161, 1909, 72, 65, 0.5625, 21.8677, 17.9362, -12.5096, 0.2250, 191.00
1161, 1940, 121, 24, 0.7111, 32.1941, 22.7518, -22.7775, 0.3556, 182.20
1161, 1941, 32, 68, 0.8167, 1.9626, -0.9519, 1.7163, 0.4900, 211.67
1161, 1898, 99, 85, 0.5222, 6.4915, 1.3472, 6.3502, 0.2611, 191.50
1162, 1922, 4, 26, 1.0000, 9.8081, -8.7896, 4.3522, 1.0000, 220.73
1162, 1825, 25, 116, 0.5400, 31.9443, -7.7505, 30.9898, 0.2700, 180.10
1162, 1814, 116, 14, 1.0000, 1.0987, 1.0315, 0.3782, 1.0000, 170.40
1162, 1902, 12, 43, 0.8451, 2.0352, 2.0136, -0.2957, 0.6761, 246.62
1162, 1909, 85, 58, 0.6222, 15.2474, 13.1577, -7.7045, 0.3111, 192.60
1162, 1941, 30, 69, 0.8722, 2.1637, -1.7453, 1.2789, 0.6106, 212.29
1162, 1913, 65, 41, 0.5625, 13.8412, -13.8408, 0.1127, 0.2250, 178.25
1162, 1944, 34, 38, 0.6000, 1.3708, 0.9860, 0.9524, 0.1800, 241.33
1162, 1945, 28, 57, 0.6000, 29.8591, -27.5854, 11.4286, 0.1800, 212.00
1162, 1948, 74, 64, 0.6000, 10.2736, -8.5378, 5.7143, 0.1800, 209.67
1162, 1950, 70, 108, 0.6000, 26.6837, 15.2381, 21.9048, 0.1800, 162.67
1162, 1939, -1, -18, 0.5000, 49.5433, -2.7206, -49.4686, 0.1500, 188.00
1163, 1814, 118, 14, 1.0000, 1.6585, 1.6584, 0.0199, 1.0000, 169.42
1163, 1893, 0, 111, 0.6222, 4.7897, -4.3326, 2.0420, 0.3111, 198.00
1163, 1902, 14, 42, 0.9019, 2.1231, 1.9980, -0.7181, 0.8117, 247.56
1163, 1913, 40, 49, 0.6222, 24.6279, -23.6741, 6.7876, 0.3111, 178.80
1163, 1943, 29, 55, 0.6000, 35.4134, -10.0572, 33.9553, 0.1800, 200.67
1163, 1944, 35, 38, 0.7056, 1.0412, 1.0085, 0.2587, 0.2822, 240.75
1163, 1948, 72, 78, 0.6556, 13.2197, -3.0853, 12.8546, 0.2622, 200.75
1163, 1909, 98, 50, 0.5222, 15.2474, 13.1577, -7.7045, 0.2611, 192.60
1163, 1941, 28, 70, 0.7722, 2.1637, -1.7453, 1.2789, 0.5406, 212.29
1163, 1945, 0, 68, 0.5000, 29.8591, -27.5854, 11.4286, 0.1500, 212.00
1163, 1950, 86, 130, 0.5000, 26.6837, 15.2381, 21.9048, 0.1500, 162.67
1164, 1825, 25, 119, 0.6000, 2.0765, 0.9952, -1.8225, 0.3600, 176.25
1164, 1814, 119, 15, 1.0000, 1.4554, 1.3090, 0.6360, 1.0000, 168.48
1164, 1893, 0, 111, 0.6806, 0.6266, 0.2190, 0.5870, 0.4083, 207.17
1164, 1898, 107, 115, 0.6806, 9.9854, 2.4327, 9.6846, 0.4083, 174.08
1164, 1902, 15, 41, 0.9583, 1.5922, 1.2455, -0.9920, 0.9583, 248.10
1164, 1909, 95, 58, 0.6806, 3.8976, 3.6848, 1.2701, 0.4083, 189.83
1164, 1941, 27, 71, 0.9278, 1.8140, -1.5597, 0.9263, 0.7422, 210.38
1164, 1913, 16, 67, 0.6806, 29.1527, -23.6908, 16.9890, 0.4083, 180.00
1164, 1943, 12, 105, 0.6556, 50.2915, -15.8184, 47.7390, 0.2622, 192.25
1164, 1944, 36, 38, 0.7611, 1.0054, 1.0049, -0.0291, 0.3806, 242.60
1164, 1945, 12, 68, 0.6556, 7.9021, -5.9096, 5.2459, 0.2622, 205.50
1164, 1950, 67, 124, 0.6556, 7.2031, -3.6007, 6.2386, 0.2622, 156.00
1164, 1948, 69, 91, 0.5556, 13.2197, -3.0853, 12.8546, 0.2222, 200.75
1165, 1825, 26, 117, 0.6587, 2.2251, 0.6746, -2.1204, 0.4611, 172.36
1165, 1814, 120, 15, 1.0000, 1.0818, 1.0383, 0.3037, 1.0000, 166.98
1165, 1893, 2, 112, 0.7381, 1.6156, 1.4559, 0.7003, 0.5167, 213.29
1165, 1902, 17, 41, 1.0000, 1.7228, 1.6981, -0.2910, 1.0000, 248.73
1165, 1941, 29, 74, 0.9833, 3.1789, 1.9607, 2.5021, 0.8850, 208.67
1165, 1921, 58, 24, 0.5625, 34.7949, 31.3143, 15.1691, 0.2250, 205.25
1165, 1944, 37, 38, 0.8167, 1.0018, 1.0006, -0.0488, 0.4900, 244.33
1165, 1945, 3, 65, 0.7111, 9.0633, -8.7556, -2.3416, 0.3556, 205.60
1165, 1948, 79, 116, 0.7111, 20.8582, 4.7075, 20.3201, 0.3556, 185.60
1165, 1913, -8, 84, 0.5806, 29.1527, -23.6908, 16.9890, 0.3483, 180.00
1165, 1943, -4, 152, 0.5556, 50.2915, -15.8184, 47.7390, 0.2222, 192.25
1165, 1950, 64, 130, 0.5556, 7.2031, -3.6007, 6.2386, 0.2222, 156.00
1166, 1814, 122, 15, 1.0000, 1.6483, 1.6478, 0.0402, 1.0000, 166.70
1166, 1933, 120, 20, 0.6000, 54.9120, 52.0921, 17.3705, 0.1800, 172.67
1166, 1893, 3, 113, 0.7951, 1.5927, 1.2799, 0.9479, 0.6361, 218.12
1166, 1902, 19, 40, 1.0000, 2.1141, 1.9901, -0.7133, 1.0000, 249.25
1166, 1941, 43, 73, 0.9889, 12.2881, 12.2706, -0.6569, 0.9889, 206.60
1166, 1921, 87, 57, 0.6222, 43.0774, 29.5189, 31.3734, 0.3111, 201.60
1166, 1944, 38, 38, 0.8722, 0.9996, 0.9995, -0.0145, 0.6106, 245.57
1166, 1946, 45, 23, 0.6000, 32.5992, -20.7379, -25.1525, 0.1800, 204.67
1166, 1959, 63, 79, 0.6000, 29.7491, -22.8235, 19.0812, 0.1800, 185.00
1167, 1814, 123, 16, 1.0000, 1.4633, 1.3133, 0.6454, 1.0000, 165.98
1167, 1878, 88, 59, 0.5625, 32.2434, -20.2588, 25.0842, 0.2250, 150.75
1167, 1936, 44, 20, 0.6000, 17.0061, 4.8022, 16.3140, 0.1800, 218.00
1167, 1852, 76, 28, 0.5400, 30.4335, 14.3789, 26.8225, 0.2700, 198.80
1167, 1902, 20, 39, 1.0000, 1.6352, 1.3023, -0.9889, 1.0000, 247.77
1167, 1960, 26, 75, 0.6000, 43.6936, -43.2075, 6.4991, 0.1800, 194.00
1167, 1933, 172, 38, 0.5000, 54.9120, 52.0921, 17.3705, 0.1500, 172.67
1167, 1941, 55, 72, 0.8889, 12.2881, 12.2706, -0.6569, 0.8889, 206.60
1167, 1921, 117, 89, 0.5222, 43.0774, 29.5189, 31.3734, 0.2611, 201.60
1167, 1944, 39, 38, 0.7722, 0.9996, 0.9995, -0.0145, 0.5406, 245.57
1167, 1946, 24, -2, 0.5000, 32.5992, -20.7379, -25.1525, 0.1500, 204.67
1167, 1959, 40, 98, 0.5000, 29.7491, -22.8235, 19.0812, 0.1500, 185.00
1168, 1814, 124, 16, 1.0000, 1.0910, 1.0445, 0.3152, 1.0000, 165.58
1168, 1878, 60, 67, 0.6222, 28.6571, -26.6282, 10.5910, 0.3111, 158.00
1168, 1936, 45, 23, 0.6556, 4.9435, 2.0730, 4.4879, 0.2622, 214.00
1168, 1852, 96, 51, 0.6000, 30.6630, 19.0636, 24.0166, 0.3600, 193.33
1168, 1902, 23, 38, 1.0000, 2.6570, 2.4455, -1.0389, 1.0000, 248.14
1168, 1944, 42, 38, 0.9278, 2.0984, 2.0983, 0.0050, 0.7422, 241.94
1168, 1959, 14, 110, 0.6556, 28.7449, -24.5102, 15.0173, 0.2622, 181.25
1168, 1962, 88, 61, 0.6000, 15.1200, 13.8183, 6.1374, 0.1800, 208.33
1168, 1960, -18, 81, 0.5000, 43.6936, -43.2075, 6.4991, 0.1500, 194.00
1169, 1814, 126, 16, 1.0000, 1.6381, 1.6375, 0.0466, 1.0000, 165.27
1169, 1936, 46, 22, 0.7111, 1.0138, 0.9020, -0.4628, 0.3556, 217.20
1169, 1902, 25, 38, 1.0000, 2.3132, 2.2953, -0.2874, 1.0000, 248.60
1169, 1944, 43, 39, 0.9833, 1.5261, 1.3164, 0.7720, 0.8850, 238.17
1169, 1865, 61, 31, 0.5400, 34.7162, -20.1107, 28.2979, 0.2700, 179.60
1169, 1878, 33, 78, 0.5222, 28.6571, -26.6282, 10.5910, 0.2611, 158.00
1169, 1852, 115, 75, 0.5000, 30.6630, 19.0636, 24.0166, 0.3000, 193.33
1169, 1959, -10, 125, 0.5556, 28.7449, -24.5102, 15.0173, 0.2222, 181.25
1169, 1962, 102, 67, 0.5000, 15.1200, 13.8183, 6.1374, 0.1500, 208.33
1170, 1814, 127, 17, 1.0000, 1.4619, 1.3173, 0.6340, 1.0000, 164.61
1170, 1878, 6, 77, 0.6806, 27.3988, -27.0804, 4.1650, 0.4083, 158.33
1170, 1936, 47, 21, 0.7667, 1.1575, 0.8063, -0.8305, 0.4600, 216.67
1170, 1902, 27, 37, 1.0000, 2.1697, 2.0575, -0.6889, 1.0000, 249.00
1170, 1944, 44, 39, 1.0000, 1.0122, 0.9662, 0.3016, 1.0000, 235.85
1170, 1865, 35, 57, 0.6000, 36.7104, -25.0717, 26.8153, 0.3600, 182.33
1170, 1920, 32, 127, 0.5250, 13.1602, 12.9207, 2.4993, 0.3150, 163.83
1170, 1959, 4, 116, 0.7111, 1.9518, -1.7223, 0.9181, 0.3556, 195.60
1170, 1962, 91, 62, 0.6556, 0.3700, -0.3566, -0.0986, 0.2622, 202.75
1170, 1965, 2, 75, 0.6000, 19.1050, -19.0812, -0.9524, 0.1800, 186.67
1171, 1936, 47, 21, 0.8222, 0.3056, 0.1764, -0.2496, 0.5756, 214.50
1171, 1902, 29, 36, 1.0000, 2.2066, 1.9788, -0.9763, 1.0000, 249.24
1171, 1944, 44, 39, 1.0000, 0.1984, 0.1981, 0.0098, 1.0000, 235.41
1171, 1865, 17, 79, 0.6587, 29.0796, -18.8014, 22.1840, 0.4611, 184.43
1171, 1962, 70, 53, 0.7111, 21.2662, -19.6279, -8.1853, 0.3556, 205.00
1171, 1814, 128, 17, 0.9000, 1.4619, 1.3173, 0.6340, 0.9000, 164.61
1171, 1965, -17, 74, 0.5000, 19.1050, -19.0812, -0.9524, 0.1500, 186.67
1172, 1936, 49, 22, 0.8778, 1.6755, 1.4776, 0.7897, 0.7022, 212.69
1172, 1902, 30, 35, 1.0000, 1.6354, 1.2633, -1.0386, 1.0000, 248.52
1172, 1944, 45, 39, 1.0000, 0.6766, 0.6753, -0.0413, 1.0000, 233.12
1172, 1920, 52, 111, 0.5841, 13.5473, 9.4025, -9.7531, 0.4089, 161.71
1172, 1814, 130, 18, 0.8000, 1.4619, 1.3173, 0.6340, 0.8000, 164.61
1172, 1865, -2, 101, 0.5587, 29.0796, -18.8014, 22.1840, 0.3911, 184.43
1173, 1902, 32, 35, 1.0000, 1.7037, 1.6758, -0.3067, 1.0000, 248.81
1173, 1944, 46, 39, 1.0000, 0.9867, 0.9865, -0.0187, 1.0000, 233.69
1173, 1814, 131, 19, 0.7000, 1.4619, 1.3173, 0.6340, 0.7000, 164.61
1173, 1936, 50, 23, 0.7778, 1.6755, 1.4776, 0.7897, 0.6222, 212.69
1174, 1825, 55, 86, 1.0000, 0.0999, -0.0370, 0.0928, 1.0000, 170.37
1174, 1936, 47, 39, 0.9333, 10.0396, -1.1242, 9.9765, 0.8400, 217.39
1174, 1902, 25, 28, 1.0000, 8.1269, -5.8391, -5.6526, 1.0000, 248.67
1174, 1908, 73, 83, 0.5625, 21.7882, -17.1981, 13.3773, 0.2250, 177.50
1174, 1944, 36, 35, 1.0000, 9.2126, -8.4563, -3.6556, 1.0000, 235.00
1174, 1971, 98, 120, 0.6000, 2.1899, 1.9720, 0.9524, 0.1800, 112.33
1174, 1814, 132, 19, 0.6000, 1.4619, 1.3173, 0.6340, 0.6000, 164.61
1175, 1814, 122, 21, 1.0000, 1.9367, -1.7197, 0.8909, 1.0000, 163.35
1175, 1936, 49, 41, 0.9889, 2.9368, 1.1725, 2.6926, 0.9889, 220.25
1175, 1971, 120, 124, 0.6556, 19.6225, 19.3476, 3.2727, 0.2622, 102.00
1175, 1902, 19, 23, 0.9000, 8.1269, -5.8391, -5.6526, 0.9000, 248.67
1176, 1814, 122, 21, 1.0000, 0.5406, -0.4897, 0.2290, 1.0000, 162.40
1176, 1908, 37, 121, 0.6222, 26.2755, -17.9277, 19.2093, 0.3111, 176.20
1176, 1884, 73, 85, 0.5400, 50.5362, 36.2241, -35.2381, 0.2700, 164.00
1176, 1972, 11, 81, 0.6000, 5.5821, 4.7955, 2.8571, 0.1800, 187.67
1176, 1902, 13, 17, 0.8000, 8.1269, -5.8391, -5.6526, 0.8000, 248.67
1176, 1971, 139, 127, 0.5556, 19.6225, 19.3476, 3.2727, 0.2222, 102.00
1177, 1902, 15, 4, 1.0000, 8.9887, -2.7061, -8.5717, 1.0000, 247.21
1177, 1908, 13, 123, 0.6806, 23.8002, -23.5184, 3.6519, 0.4083, 188.67
1177, 1924, 45, 29, 0.5625, 33.9521, -32.0160, -11.3014, 0.2250, 193.00
1177, 1884, 107, 67, 0.6000, 40.1041, 34.6918, -20.1202, 0.3600, 159.17
1177, 1972, 11, 82, 0.6556, 1.6208, 0.5362, 1.5295, 0.2622, 187.25
1177, 1973, 41, 31, 0.6000, 3.4900, 2.9244, -1.9048, 0.1800, 245.83
1177, 1974, 59, 44, 0.6000, 10.8588, -2.8571, -10.4762, 0.1800, 196.67
1178, 1895, 75, 47, 0.5625, 21.7580, 18.3956, 11.6196, 0.2250, 199.25
1178, 1902, 15, 4, 1.0000, 1.4921, 0.1939, -1.4794, 1.0000, 245.56
1178, 1924, 23, 3, 0.6222, 33.3798, -23.5384, -23.6675, 0.3111, 196.60
1178, 1934, 54, 80, 0.5625, 31.5068, 9.1812, 30.1395, 0.2250, 205.75
1178, 1972, 9, 82, 0.7611, 1.2056, -1.1907, 0.1890, 0.3806, 187.60
1178, 1973, 42, 31, 0.7056, 1.6077, 1.5222, -0.5174, 0.2822, 248.12
1178, 1974, 69, 10, 0.6556, 32.5459, 8.2660, -31.4786, 0.2622, 193.25
1178, 1884, 142, 47, 0.5000, 40.1041, 34.6918, -20.1202, 0.3000, 159.17
1179, 1895, 104, 30, 0.6222, 30.3602, 27.5780, -12.6962, 0.3111, 188.60
1179, 1934, 60, 94, 0.6222, 17.9623, 6.5458, 16.7271, 0.3111, 197.20
1179, 1972, 8, 83, 0.8167, 1.4344, -1.2965, 0.6137, 0.4900, 185.33
1179, 1973, 44, 30, 0.7611, 1.8449, 1.7047, -0.7054, 0.3806, 249.50
1179, 1978, 43, 60, 0.6000, 28.1396, -11.4286, -25.7143, 0.1800, 182.33
1179, 1924, -1, -21, 0.5222, 33.3798, -23.5384, -23.6675, 0.2611, 196.60
1179, 1974, 77, -22, 0.5556, 32.5459, 8.2660, -31.4786, 0.2222, 193.25
1180, 1895, 119, 5, 0.6806, 28.6444, 16.1047, -23.6884, 0.4083, 180.00
1180, 1908, 15, 122, 0.8519, 2.3485, 2.3465, 0.0986, 0.7667, 210.33
1180, 1934, 70, 125, 0.6806, 30.2287, 8.8354, 28.9086, 0.4083, 189.33
1180, 1972, 4, 81, 0.8722, 3.6263, -3.3771, -1.3211, 0.6106, 181.71
1180, 1973, 46, 30, 0.8167, 1.9666, 1.9570, -0.1936, 0.4900, 249.92
1180, 1747, 69, 44, 0.5062, 13.9651, -6.1919, -12.5173, 0.4050, 203.75
1180, 1978, 47, 26, 0.6556, 32.6342, 1.4169, -32.6035, 0.2622, 184.75
1181, 1949, 42, 122, 0.6000, 38.3181, -11.5332, 36.5412, 0.1800, 167.67
1181, 1969, 30, 46, 0.6000, 22.4311, 17.6146, -13.8883, 0.1800, 195.00
1181, 1973, 47, 29, 0.8722, 1.4626, 1.2659, -0.7326, 0.6106, 247.50
1181, 1747, 59, 24, 0.5630, 21.3188, -9.5504, -19.0599, 0.5067, 203.22
1181, 1975, 97, 68, 0.6000, 17.1531, 17.0676, 1.7102, 0.1800, 172.00
1181, 1978, 51, -1, 0.7111, 27.9181, 3.5327, -27.6937, 0.3556, 188.20
1181, 1934, 78, 154, 0.5806, 30.2287, 8.8354, 28.9086, 0.3483, 189.33
1181, 1972, 1, 80, 0.7722, 3.6263, -3.3771, -1.3211, 0.5406, 181.71
1182, 1969, 43, 49, 0.6556, 13.5430, 13.5358, 0.4429, 0.2622, 197.75
1182, 1973, 50, 28, 0.9278, 2.6756, 2.4763, -1.0131, 0.7422, 248.19
1182, 1747, 58, 20, 0.6194, 5.7211, -1.9436, -5.3808, 0.6194, 203.10
1182, 1975, 103, 69, 0.6556, 6.9156, 6.7836, 1.3447, 0.2622, 163.50
1182, 1949, 31, 158, 0.5000, 38.3181, -11.5332, 36.5412, 0.1500, 167.67
1182, 1972, -2, 79, 0.6722, 3.6263, -3.3771, -1.3211, 0.4706, 181.71
1182, 1978, 54, -29, 0.6111, 27.9181, 3.5327, -27.6937, 0.3056, 188.20
1183, 1935, 26, 120, 0.5625, 39.3737, 9.3246, 38.2537, 0.2250, 181.00
1183, 1972, 2, 61, 0.8778, 8.0677, -0.1978, -8.0653, 0.7022, 184.25
1183, 1973, 52, 28, 0.9833, 2.3144, 2.2959, -0.2927, 0.8850, 248.61
1183, 1975, 101, 69, 0.7111, 0.5830, -0.5166, 0.2703, 0.3556, 161.60
1183, 1982, 18, 82, 0.7111, 7.5202, -3.0542, -6.8720, 0.3556, 185.80
1183, 1984, 82, 14, 0.6000, 21.1293, 12.0429, -17.3614, 0.1800, 184.00
1183, 1969, 56, 49, 0.5556, 13.5430, 13.5358, 0.4429, 0.2222, 197.75
1183, 1747, 56, 15, 0.5194, 5.7211, -1.9436, -5.3808, 0.5194, 203.10
1183, 1978, 58, -56, 0.5111, 27.9181, 3.5327, -27.6937, 0.2556, 188.20
1184, 1955, 60, 24, 0.6000, 23.5503, 19.2941, 13.5039, 0.1800, 206.67
1184, 1969, 72, 52, 0.7111, 14.8852, 14.7684, 1.8608, 0.3556, 194.60
1184, 1972, 2, 53, 0.9333, 8.2221, 0.0622, -8.2219, 0.8400, 185.11
1184, 1973, 53, 26, 1.0000, 1.9569, 1.3004, -1.4623, 1.0000, 246.00
1184, 1975, 101, 69, 0.7667, 0.4316, -0.4215, -0.0929, 0.4600, 158.67
1184, 1982, 17, 80, 0.7667, 2.8668, -1.1643, -2.6197, 0.4600, 186.17
1184, 1988, 48, 89, 0.6000, 1.4184, -1.0196, 0.9860, 0.1800, 182.00
1184, 1984, 94, -3, 0.5000, 21.1293, 12.0429, -17.3614, 0.1500, 184.00
1185, 1955, 64, 26, 0.6556, 7.0360, 6.0009, 3.6735, 0.2622, 203.50
1185, 1973, 56, 26, 1.0000, 2.4769, 2.4151, -0.5500, 1.0000, 246.82
1185, 1975, 102, 69, 0.8222, 0.6824, 0.6783, -0.0748, 0.5756, 156.43
1185, 1982, 8, 74, 0.8222, 9.7826, -7.6390, -6.1111, 0.5756, 186.14
1185, 1988, 24, 90, 0.6556, 20.6206, -20.5960, 1.0085, 0.2622, 183.75
1186, 1955, 64, 25, 0.7111, 0.6163, 0.4720, -0.3963, 0.3556, 202.20
1186, 1973, 58, 26, 1.0000, 2.2763, 2.2763, -0.0060, 1.0000, 247.33
1186, 1975, 103, 70, 0.8778, 1.3179, 1.0845, 0.7489, 0.7022, 156.12
1186, 1982, 10, 59, 0.8778, 13.4536, 1.0720, -13.4108, 0.7022, 187.25
1186, 1987, 57, 104, 0.6000, 18.0669, 1.7977, 17.9773, 0.1800, 168.67
1186, 1988, 1, 115, 0.7111, 32.4191, -23.4504, 22.3846, 0.3556, 177.60
1186, 1989, 121, 44, 0.6000, 54.1695, 41.9384, 34.2857, 0.1800, 163.67
1186, 1996, 45, 91, 0.6000, 46.0919, 41.9720, 19.0476, 0.1800, 229.33
1187, 1955, 73, 21, 0.7667, 8.9875, 8.4791, -2.9798, 0.4600, 198.50
1187, 1973, 60, 25, 1.0000, 2.1538, 2.0521, -0.6538, 1.0000, 247.92
1187, 1975, 104, 71, 0.9333, 1.5133, 1.0792, 1.0609, 0.8400, 155.56
1187, 1982, 12, 49, 0.9333, 11.2103, 1.5240, -11.1063, 0.8400, 187.44
1187, 1987, 50, 125, 0.6556, 20.6794, -5.5300, 19.9263, 0.2622, 163.75
1187, 2000, 114, 22, 0.6000, 0.9524, -0.9524, 0.0000, 0.1800, 140.33
1187, 2001, 84, 22, 0.6000, 39.7840, 29.5238, -26.6667, 0.1800, 195.67
1187, 1988, -23, 137, 0.6111, 32.4191, -23.4504, 22.3846, 0.3056, 177.60
1187, 1989, 163, 78, 0.5000, 54.1695, 41.9384, 34.2857, 0.1500, 163.67
1187, 1996, 87, 110, 0.5000, 46.0919, 41.9720, 19.0476, 0.1500, 229.33
1188, 1955, 96, 8, 0.8222, 24.4131, 20.8801, -12.6499, 0.5756, 192.86
1188, 1973, 62, 25, 1.0000, 1.9987, 1.9796, -0.2754, 1.0000, 248.21
1188, 1975, 104, 71, 0.9889, 0.3900, 0.2540, 0.2960, 0.9889, 156.10
1188, 1987, 48, 128, 0.7111, 5.4751, -2.2800, 4.9778, 0.3556, 161.20
1188, 1996, 71, 120, 0.6556, 17.0920, 9.8745, 13.9510, 0.2622, 207.00
1188, 1998, 22, 82, 0.6000, 3.3612, 2.7967, -1.8645, 0.1800, 173.33
1188, 2000, 114, 23, 0.7056, 0.7967, -0.2587, 0.7535, 0.2822, 139.00
1188, 2001, 124, 18, 0.6556, 38.8405, 38.1592, -7.2430, 0.2622, 177.50
1188, 1982, 13, 37, 0.8333, 11.2103, 1.5240, -11.1063, 0.7500, 187.44
1189, 1973, 64, 25, 1.0000, 1.9833, 1.9832, -0.0167, 1.0000, 246.02
1189, 1975, 105, 72, 1.0000, 1.0082, 0.7035, 0.7222, 1.0000, 155.55
1189, 1983, 58, 47, 0.6000, 24.3304, -11.9509, 21.1931, 0.1800, 205.67
1189, 1990, 57, 34, 0.6000, 25.3953, -17.0676, 18.8047, 0.1800, 188.67
1189, 1952, 21, 90, 0.5625, 0.0000, 0.0000, 0.0000, 0.2250, 187.00
1189, 1953, 119, 116, 0.5625, 2.1899, 1.9720, 0.9524, 0.2250, 98.25
1189, 1955, 117, -5, 0.7222, 24.4131, 20.8801, -12.6499, 0.5056, 192.86
1189, 1982, 15, 26, 0.7333, 11.2103, 1.5240, -11.1063, 0.6600, 187.44
1189, 1987, 46, 133, 0.6111, 5.4751, -2.2800, 4.9778, 0.3056, 161.20
1189, 1996, 81, 134, 0.5556, 17.0920, 9.8745, 13.9510, 0.2222, 207.00
1189, 1998, 25, 80, 0.5000, 3.3612, 2.7967, -1.8645, 0.1500, 173.33
1189, 2000, 114, 24, 0.6056, 0.7967, -0.2587, 0.7535, 0.2422, 139.00
1189, 2001, 162, 10, 0.5556, 38.8405, 38.1592, -7.2430, 0.2222, 177.50
1190, 1973, 66, 24, 1.0000, 2.1108, 1.9959, -0.6868, 1.0000, 244.68
1190, 1982, 10, 11, 0.9889, 12.9003, -1.1421, -12.8497, 0.9889, 189.70
1190, 1998, 22, 78, 0.7056, 2.0744, -0.1499, -2.0690, 0.2822, 178.00
1190, 1952, 21, 90, 0.6722, 0.0000, 0.0000, 0.0000, 0.3361, 186.20
1190, 1947, 67, 42, 0.5625, 1.9384, 1.9384, 0.0000, 0.2250, 243.62
1190, 2007, 87, 90, 0.6000, 27.6190, 0.0000, 27.6190, 0.1800, 156.67
1190, 2008, 60, 112, 0.6000, 26.1515, 4.7619, 25.7143, 0.1800, 161.67
1190, 2009, 3, 121, 0.6000, 2.1296, 1.9048, 0.9524, 0.1800, 155.67
1190, 1975, 106, 73, 0.9000, 1.0082, 0.7035, 0.7222, 0.9000, 155.55
1190, 1983, 46, 69, 0.5000, 24.3304, -11.9509, 21.1931, 0.1500, 205.67
1190, 1990, 39, 53, 0.5000, 25.3953, -17.0676, 18.8047, 0.1500, 188.67
1190, 2000, 113, 24, 0.5056, 0.7967, -0.2587, 0.7535, 0.2022, 139.00
1191, 1973, 68, 23, 1.0000, 2.2446, 2.0008, -1.0173, 1.0000, 245.28
1191, 1975, 107, 72, 1.0000, 1.0792, 1.0788, -0.0312, 1.0000, 154.00
1191, 1982, 15, 3, 1.0000, 9.3457, 4.5912, -8.1402, 1.0000, 192.18
1191, 1983, 41, 99, 0.6556, 27.4207, -8.1772, 26.1731, 0.2622, 199.75
1191, 1998, 7, 67, 0.7111, 16.7426, -13.5244, -9.8694, 0.3556, 177.50
1191, 1952, 21, 90, 0.7306, 0.0000, 0.0000, 0.0000, 0.4383, 186.50
1191, 1953, 122, 116, 0.6722, 1.4816, 1.4805, -0.0567, 0.3361, 99.60
1191, 1947, 68, 42, 0.6722, 1.2672, 1.2672, 0.0000, 0.3361, 245.90
1191, 2007, 87, 118, 0.5000, 27.6190, 0.0000, 27.6190, 0.1500, 156.67
1191, 2008, 65, 138, 0.5000, 26.1515, 4.7619, 25.7143, 0.1500, 161.67
1191, 2009, 5, 122, 0.5000, 2.1296, 1.9048, 0.9524, 0.1500, 155.67
1192, 1973, 70, 21, 1.0000, 2.6726, 2.0010, -1.7716, 1.0000, 243.99
1192, 1975, 108, 73, 1.0000, 1.2711, 1.0385, 0.7329, 1.0000, 152.54
1192, 1982, 31, -1, 1.0000, 15.4609, 14.8293, -4.3737, 1.0000, 194.25
1192, 1983, 41, 119, 0.7111, 20.8248, -0.7762, 20.8104, 0.3556, 188.20
1192, 1991, 85, 14, 0.6000, 15.9930, -8.2538, -13.6985, 0.1800, 176.00
1192, 1953, 124, 117, 0.7306, 1.9964, 1.8623, 0.7194, 0.4383, 103.33
1192, 1947, 69, 43, 0.7306, 1.2391, 0.9759, 0.7636, 0.4383, 241.75
1192, 2007, 70, 121, 0.6556, 17.0137, -9.6973, 13.9795, 0.2622, 152.50
1192, 2008, 54, 128, 0.6556, 7.2513, -4.0546, 6.0118, 0.2622, 157.50
1192, 2009, 5, 126, 0.7056, 2.8077, 0.9641, 2.6370, 0.2822, 168.25
1192, 1998, -6, 58, 0.6111, 16.7426, -13.5244, -9.8694, 0.3056, 177.50
1192, 1952, 21, 90, 0.6306, 0.0000, 0.0000, 0.0000, 0.3783, 186.50
1193, 1868, 9, 67, 0.5400, 45.2262, -29.9857, -33.8565, 0.2700, 168.80
1193, 1973, 72, 22, 1.0000, 2.0018, 2.0003, 0.0757, 1.0000, 244.36
1193, 1975, 109, 73, 1.0000, 1.0411, 1.0033, 0.2780, 1.0000, 152.14
1193, 1907, 75, 74, 0.5400, 18.9662, -7.3677, 17.4767, 0.2700, 192.20
1193, 2000, 106, 29, 0.7611, 2.4470, -2.0180, 1.3839, 0.3806, 141.00
1193, 1952, 21, 90, 0.7881, 0.0000, 0.0000, 0.0000, 0.5517, 186.71
1193, 1953, 125, 117, 0.7881, 1.2837, 1.2537, 0.2757, 0.5517, 106.00
1193, 1947, 71, 43, 0.7881, 1.7408, 1.7163, 0.2911, 0.5517, 243.36
1193, 2008, 22, 123, 0.7111, 29.9389, -29.6041, -4.4650, 0.3556, 154.00
1193, 1982, 46, -5, 0.9000, 15.4609, 14.8293, -4.3737, 0.9000, 194.25
1193, 1983, 40, 140, 0.6111, 20.8248, -0.7762, 20.8104, 0.3056, 188.20
1193, 1991, 76, 0, 0.5000, 15.9930, -8.2538, -13.6985, 0.1500, 176.00
1193, 2007, 60, 135, 0.5556, 17.0137, -9.6973, 13.9795, 0.2222, 152.50
1193, 2009, 6, 129, 0.6056, 2.8077, 0.9641, 2.6370, 0.2422, 168.25
1194, 1973, 74, 21, 1.0000, 2.0368, 2.0000, -0.3853, 1.0000, 244.79
1194, 1975, 110, 74, 1.0000, 1.2543, 0.9958, 0.7627, 1.0000, 152.00
1194, 1907, 54, 92, 0.6000, 26.1906, -18.8971, 18.1341, 0.3600, 187.50
1194, 2000, 74, 26, 0.7667, 31.4200, -31.3293, -2.3858, 0.4600, 150.67
1194, 1952, 10, 70, 0.7951, 20.5857, -10.1293, -17.9212, 0.6361, 187.50
1194, 1953, 127, 117, 0.8451, 1.7354, 1.7354, 0.0041, 0.6761, 103.12
1194, 1947, 72, 43, 0.8451, 1.2789, 1.2789, 0.0014, 0.6761, 244.81
1194, 1963, 56, 85, 0.5625, 41.6977, -37.0756, 19.0812, 0.2250, 167.00
1194, 1982, 61, -9, 0.8000, 15.4609, 14.8293, -4.3737, 0.8000, 194.25
1194, 1983, 39, 161, 0.5111, 20.8248, -0.7762, 20.8104, 0.2556, 188.20
1194, 2009, 7, 131, 0.5056, 2.8077, 0.9641, 2.6370, 0.2022, 168.25
1195, 1880, 40, 42, 0.5400, 37.1651, -23.2181, -29.0201, 0.2700, 188.20
1195, 1973, 76, 19, 1.0000, 2.5573, 1.9999, -1.5938, 1.0000, 245.13
1195, 1975, 111, 74, 1.0000, 1.0303, 0.9979, 0.2565, 1.0000, 151.25
1195, 1907, 35, 107, 0.6587, 24.2156, -18.9582, 15.0659, 0.4611, 183.43
1195, 1947, 74, 43, 0.9019, 1.7609, 1.7604, -0.0418, 0.8117, 244.17
1195, 1963, 30, 87, 0.6222, 27.6699, -27.4264, 3.6629, 0.3111, 169.80
1195, 2010, 10, 24, 0.6000, 11.9247, -10.9750, 4.6637, 0.1800, 210.33
1195, 1982, 76, -14, 0.7000, 15.4609, 14.8293, -4.3737, 0.7000, 194.25
1195, 1953, 129, 117, 0.7451, 1.7354, 1.7354, 0.0041, 0.5961, 103.12
1196, 1880, 36, 16, 0.6000, 26.6870, -6.2743, -25.9390, 0.3600, 191.33
1196, 1973, 78, 18, 1.0000, 2.4287, 2.0000, -1.3780, 1.0000, 245.40
1196, 1975, 112, 75, 1.0000, 1.2445, 0.9998, 0.7412, 1.0000, 149.76
1196, 1907, 25, 116, 0.7167, 15.1191, -11.3554, 9.9821, 0.5733, 180.00
1196, 1947, 75, 43, 0.9583, 1.2595, 1.2594, -0.0167, 0.9583, 245.25
1196, 1963, 5, 85, 0.6806, 25.8710, -25.8459, -1.1392, 0.4083, 171.17
1196, 2010, 2, 25, 0.6556, 8.6149, -8.5136, 1.3172, 0.2622, 207.50
1196, 1982, 90, -18, 0.6000, 15.4609, 14.8293, -4.3737, 0.6000, 194.25
1196, 1953, 130, 117, 0.6451, 1.7354, 1.7354, 0.0041, 0.5161, 103.12
1197, 1973, 80, 17, 1.0000, 2.2730, 2.0000, -1.0800, 1.0000, 244.17
1197, 1975, 113, 75, 1.0000, 1.0332, 1.0002, 0.2589, 1.0000, 149.22
1197, 1947, 76, 43, 1.0000, 0.9913, 0.9913, -0.0005, 1.0000, 243.59
1197, 1961, 106, 27, 0.5625, 39.5339, 31.3412, 24.0968, 0.2250, 182.75
1197, 2012, 75, 38, 0.6000, 44.4360, 20.6495, -39.3466, 0.1800, 191.00
1197, 2013, 53, 13, 0.6000, 13.0847, 9.2898, -9.2147, 0.1800, 195.67
1197, 2014, 8, 2, 0.6000, 0.9860, 0.0000, 0.9860, 0.1800, 250.67
1197, 1880, 30, -9, 0.5000, 26.6870, -6.2743, -25.9390, 0.3000, 191.33
1197, 1982, 105, -23, 0.5000, 15.4609, 14.8293, -4.3737, 0.5000, 194.25
1197, 1907, 13, 126, 0.6167, 15.1191, -11.3554, 9.9821, 0.4933, 180.00
1197, 1953, 132, 117, 0.5451, 1.7354, 1.7354, 0.0041, 0.4361, 103.12
1197, 1963, -21, 84, 0.5806, 25.8710, -25.8459, -1.1392, 0.3483, 171.17
1197, 2010, -7, 26, 0.5556, 8.6149, -8.5136, 1.3172, 0.2222, 207.50
1198, 1885, 78, 28, 0.5400, 22.5294, -19.3191, 11.5907, 0.2700, 164.40
1198, 1973, 83, 16, 1.0000, 2.8610, 2.6897, -0.9750, 1.0000, 244.62
1198, 1975, 111, 74, 1.0000, 2.1106, -1.9733, -0.7490, 1.0000, 147.63
1198, 1993, 27, 39, 0.6000, 39.6567, -38.7340, -8.5047, 0.1800, 207.67
1198, 1947, 68, 47, 1.0000, 8.1207, -7.2191, 3.7190, 1.0000, 241.12
1198, 2003, 78, 43, 1.0000, 1.6622, -0.7433, 1.4867, 1.0000, 186.91
1198, 1961, 117, 73, 0.6222, 45.3577, 13.5315, 43.2923, 0.3111, 172.80
1198, 2013, 66, 13, 0.6556, 11.7359, 11.7295, -0.3898, 0.2622, 193.50
1198, 2014, 11, 26, 0.6556, 20.7233, 2.2605, 20.5996, 0.2622, 239.00
1198, 1881, 33, 98, 0.5250, 13.3673, 0.9524, 13.3333, 0.3150, 181.67
1198, 1966, 33, 109, 0.5625, 1.4184, -0.9860, 1.0196, 0.2250, 175.25
1198, 1874, 39, 33, 0.5250, 1.3708, 0.9860, 0.9524, 0.3150, 237.67
1198, 1907, 2, 136, 0.5167, 15.1191, -11.3554, 9.9821, 0.4133, 180.00
1198, 2012, 96, -2, 0.5000, 44.4360, 20.6495, -39.3466, 0.1500, 191.00
1199, 1885, 42, 34, 0.6000, 33.8541, -33.1405, 6.9141, 0.3600, 171.67
1199, 1973, 85, 15, 1.0000, 2.5284, 2.3330, -0.9745, 1.0000, 245.03
1199, 1907, 11, 125, 0.7741, 3.1582, -2.8659, 1.3271, 0.6967, 178.89
1199, 1947, 63, 59, 1.0000, 12.3802, -5.3290, 11.1745, 1.0000, 238.81
1199, 2003, 79, 42, 1.0000, 0.4515, 0.4332, -0.1273, 1.0000, 188.42
1199, 2009, 16, 127, 0.7611, 1.9377, 1.7836, -0.7573, 0.3806, 171.80
1199, 1881, 32, 110, 0.5841, 12.6732, -0.4948, 12.6636, 0.4089, 178.64
1199, 1966, 35, 88, 0.6222, 17.9452, 2.0055, -17.8328, 0.3111, 177.20
1199, 1874, 24, 24, 0.5841, 14.5108, -12.5546, -7.2764, 0.4089, 233.57
1199, 1975, 109, 73, 0.9000, 2.1106, -1.9733, -0.7490, 0.9000, 147.63
1199, 1993, -12, 31, 0.5000, 39.6567, -38.7340, -8.5047, 0.1500, 207.67
1199, 1961, 131, 116, 0.5222, 45.3577, 13.5315, 43.2923, 0.2611, 172.80
1199, 2013, 77, 13, 0.5556, 11.7359, 11.7295, -0.3898, 0.2222, 193.50
1199, 2014, 13, 46, 0.5556, 20.7233, 2.2605, 20.5996, 0.2222, 239.00
1200, 1885, 34, 35, 0.6587, 11.2942, -11.1501, 1.7980, 0.4611, 176.71
1200, 1973, 87, 14, 1.0000, 2.2732, 2.0454, -0.9918, 1.0000, 245.34
1200, 1980, 104, 2, 0.6000, 22.2047, -1.9302, -22.1207, 0.1800, 153.67
1200, 1985, 46, 111, 0.6000, 45.4851, 31.6831, 32.6355, 0.1800, 168.67
1200, 1953, 126, 104, 0.9019, 3.0695, -0.8270, -2.9560, 0.8117, 100.33
1200, 2003, 80, 44, 1.0000, 1.5736, 1.0287, 1.1908, 1.0000, 189.08
1200, 2009, 17, 110, 0.7667, 17.0828, 1.0911, -17.0479, 0.4600, 170.67
1200, 2013, 104, 20, 0.7111, 20.8711, 20.5503, 3.6453, 0.3556, 184.00
1200, 2014, 24, 71, 0.7111, 23.9823, 7.1597, 22.8886, 0.3556, 228.40
1200, 1881, 31, 114, 0.6424, 5.3065, -1.0688, 5.1977, 0.5139, 176.12
1200, 1966, 60, 56, 0.6806, 37.6188, 22.2429, -30.3386, 0.4083, 180.83
1200, 1968, 40, 33, 0.5625, 31.6819, 30.5098, -8.5378, 0.2250, 210.25
1200, 2023, 36, 107, 0.6000, 4.0406, -2.8571, -2.8571, 0.1800, 156.33
1200, 1975, 107, 73, 0.8000, 2.1106, -1.9733, -0.7490, 0.8000, 147.63
1201, 1973, 89, 13, 1.0000, 2.2053, 1.9654, -1.0003, 1.0000, 245.62
1201, 2003, 83, 45, 1.0000, 2.8510, 2.5607, 1.2535, 1.0000, 190.18
1201, 1942, 3, 33, 0.5625, 48.6473, -44.2172, 20.2829, 0.2250, 202.75
1201, 2014, 38, 86, 0.7667, 21.0301, 13.5763, 16.0609, 0.4600, 223.17
1201, 1881, 29, 115, 0.7000, 2.0707, -1.8642, 0.9014, 0.6300, 175.11
1201, 1968, 78, 39, 0.6222, 37.0918, 36.9072, 3.6963, 0.3111, 204.60
1201, 2024, 116, 77, 0.6000, 0.9866, 0.9860, 0.0336, 0.1800, 134.83
1201, 1975, 105, 72, 0.7000, 2.1106, -1.9733, -0.7490, 0.7000, 147.63
1201, 1980, 102, -20, 0.5000, 22.2047, -1.9302, -22.1207, 0.1500, 153.67
1201, 1985, 77, 143, 0.5000, 45.4851, 31.6831, 32.6355, 0.1500, 168.67
1201, 1953, 125, 101, 0.8019, 3.0695, -0.8270, -2.9560, 0.7217, 100.33
1201, 1966, 82, 26, 0.5806, 37.6188, 22.2429, -30.3386, 0.3483, 180.83
1201, 2023, 33, 104, 0.5000, 4.0406, -2.8571, -2.8571, 0.1500, 156.33
1202, 1973, 93, 12, 1.0000, 3.4697, 3.3220, -1.0016, 1.0000, 244.23
1202, 1953, 103, 89, 0.9083, 15.2144, -12.9928, -7.9161, 0.9083, 101.80
1202, 2003, 83, 44, 1.0000, 1.0090, 0.9370, -0.3743, 1.0000, 194.37
1202, 2014, 54, 88, 0.8222, 16.7190, 16.3402, 3.5388, 0.5756, 216.29
1202, 1881, 28, 115, 0.7572, 1.3658, -1.3198, 0.3517, 0.7572, 177.60
1202, 1968, 100, 22, 0.6806, 27.7654, 23.3024, -15.0969, 0.4083, 197.17
1202, 2022, 75, 46, 0.6000, 29.8090, -14.1763, -26.2223, 0.1800, 138.83
1202, 2023, 32, 94, 0.6556, 7.1160, -1.9849, -6.8335, 0.2622, 162.00
1202, 2024, 117, 78, 0.7056, 1.2567, 1.0085, 0.7498, 0.2822, 133.62
1203, 1973, 94, 11, 1.0000, 1.6676, 1.3340, -1.0007, 1.0000, 243.15
1203, 2003, 93, 38, 1.0000, 10.2278, 8.6765, -5.4154, 1.0000, 193.47
1203, 1881, 27, 117, 0.8141, 1.8263, -0.9961, 1.5307, 0.8141, 178.55
1203, 2022, 50, 14, 0.6556, 39.8378, -24.5694, -31.3591, 0.2622, 154.38
1203, 2023, 15, 84, 0.7111, 18.6948, -16.0829, -9.5307, 0.3556, 163.60
1203, 2024, 118, 79, 0.7611, 1.4419, 1.0049, 1.0340, 0.3806, 130.30
1203, 2014, 71, 92, 0.7222, 16.7190, 16.3402, 3.5388, 0.5056, 216.29
1204, 1885, 0, 36, 0.8879, 13.0999, -9.8626, 8.6219, 0.8879, 190.32
1204, 1973, 96, 9, 1.0000, 2.6755, 2.0937, -1.6657, 1.0000, 243.54
1204, 2003, 102, 21, 1.0000, 17.5915, 8.6907, -15.2949, 1.0000, 191.15
1204, 2014, 82, 120, 0.8778, 22.3256, 13.4586, 17.8129, 0.7022, 202.12
1204, 1881, 26, 118, 0.8708, 1.6090, -0.9518, 1.2973, 0.8708, 177.58
1204, 2022, 41, -2, 0.7111, 20.4143, -10.9892, -17.2041, 0.3556, 166.90
1204, 2023, 2, 82, 0.7667, 13.7998, -13.3847, -3.3591, 0.4600, 162.83
1204, 2024, 119, 79, 0.8167, 1.0404, 1.0006, 0.2850, 0.4900, 128.92
1205, 1885, -1, 39, 0.9444, 3.9647, -1.7600, 3.5527, 0.9444, 190.79
1205, 1973, 98, 8, 1.0000, 2.5488, 2.1662, -1.3430, 1.0000, 243.91
1205, 1881, 25, 120, 0.9274, 2.0506, -0.9822, 1.8001, 0.9274, 177.92
1205, 2024, 120, 80, 0.8722, 1.2319, 0.9995, 0.7201, 0.6106, 128.50
1205, 2027, 78, 40, 0.6000, 25.6959, 25.6959, 0.0376, 0.1800, 196.67
1205, 2003, 111, 6, 0.9000, 17.5915, 8.6907, -15.2949, 0.9000, 191.15
1205, 2022, 30, -19, 0.6111, 20.4143, -10.9892, -17.2041, 0.3056, 166.90
1205, 2023, -12, 79, 0.6667, 13.7998, -13.3847, -3.3591, 0.4000, 162.83
1206, 1973, 101, 7, 1.0000, 2.9262, 2.7275, -1.0598, 1.0000, 244.26
1206, 2003, 105, 1, 1.0000, 9.7095, 0.4252, -9.7002, 1.0000, 189.31
1206, 1881, 24, 121, 0.9837, 1.6105, -1.0002, 1.2622, 0.9837, 176.86
1206, 2024, 121, 81, 0.9278, 1.4105, 0.9997, 0.9950, 0.7422, 130.69
1206, 2027, 109, 30, 0.6556, 31.3224, 30.1922, -8.3379, 0.2622, 182.25
1206, 1905, 88, 45, 0.5400, 0.9860, 0.9860, 0.0000, 0.2700, 189.13
1207, 1973, 103, 6, 1.0000, 2.5449, 2.3529, -0.9697, 1.0000, 243.06
1207, 1881, 23, 123, 1.0000, 2.0146, -1.0027, 1.7474, 1.0000, 176.00
1207, 2024, 122, 81, 0.9833, 1.0404, 1.0000, 0.2873, 0.8850, 130.72
1207, 1905, 90, 45, 0.6500, 1.7620, 1.7620, 0.0000, 0.3900, 193.11
1207, 2033, 43, 43, 0.6000, 1.1653, -0.8426, 0.8050, 0.1800, 224.83
1207, 2027, 139, 22, 0.5556, 31.3224, 30.1922, -8.3379, 0.2222, 182.25
1208, 1973, 105, 5, 1.0000, 2.2743, 2.0556, -0.9731, 1.0000, 243.41
1208, 1881, 22, 125, 1.0000, 2.2465, -1.0010, 2.0111, 1.0000, 175.94
1208, 1968, 101, 20, 0.9646, 0.1656, -0.0453, -0.1593, 0.9646, 179.18
1208, 2024, 122, 82, 1.0000, 0.7586, 0.2525, 0.7153, 1.0000, 128.65
1208, 1905, 91, 45, 0.7087, 1.2811, 1.2811, 0.0000, 0.4961, 197.52
1208, 2033, 43, 44, 0.7056, 1.0891, -0.2850, 1.0512, 0.2822, 221.38
1208, 2039, 26, 31, 0.6000, 1.3469, 0.9524, 0.9524, 0.1800, 208.33
1208, 2045, 6, 102, 0.6000, 8.1490, 2.8908, 7.6190, 0.1800, 226.33
1209, 1973, 108, 3, 1.0000, 3.0819, 2.6112, -1.6369, 1.0000, 243.74
1209, 1995, 52, 83, 0.6000, 20.9305, -17.4160, 11.6090, 0.1800, 181.67
1209, 1881, 21, 126, 1.0000, 1.6221, -1.0000, 1.2772, 1.0000, 175.94
1209, 2024, 123, 83, 1.0000, 1.2112, 0.6965, 0.9909, 1.0000, 126.95
1209, 1905, 93, 46, 0.7667, 1.9194, 1.7606, 0.7644, 0.6133, 201.33
1209, 2033, 42, 45, 0.7611, 1.2902, -0.7574, 1.0445, 0.3806, 219.30
1209, 2037, 11, 27, 0.6000, 0.8328, 0.8321, 0.0334, 0.1800, 206.00
1209, 2039, 26, 32, 0.7056, 1.0447, 0.2587, 1.0122, 0.2822, 208.25
1209, 2045, 9, 109, 0.5000, 8.1490, 2.8908, 7.6190, 0.1500, 226.33
1210, 1973, 110, 2, 1.0000, 2.6855, 2.3213, -1.3504, 1.0000, 244.05
1210, 1995, 23, 91, 0.6556, 28.5897, -27.3233, 8.4148, 0.2622, 183.50
1210, 2024, 124, 83, 1.0000, 1.0323, 0.9877, 0.3000, 1.0000, 126.21
1210, 1905, 103, 37, 0.7741, 11.9798, 8.8546, -8.0692, 0.6967, 195.63
1210, 1891, 8, 93, 0.5250, 16.5803, -3.6415, 16.1755, 0.3150, 189.83
1210, 2033, 42, 47, 0.8167, 1.7910, -0.2473, 1.7739, 0.4900, 222.58
1210, 2044, 69, 77, 0.6000, 48.3731, 46.7075, -12.5841, 0.1800, 184.67
1210, 2045, 29, 105, 0.6556, 12.8014, 12.7485, 1.1627, 0.2622, 210.50
1210, 2049, 46, 61, 0.6000, 46.5012, 38.0952, 26.6667, 0.1800, 204.67
1210, 2052, 51, 82, 0.6000, 49.1654, 35.2381, 34.2857, 0.1800, 197.67
1210, 1881, 20, 127, 0.9000, 1.6221, -1.0000, 1.2772, 0.9000, 175.94
1210, 2037, 12, 27, 0.5000, 0.8328, 0.8321, 0.0334, 0.1500, 206.00
1210, 2039, 26, 33, 0.6056, 1.0447, 0.2587, 1.0122, 0.2422, 208.25
1211, 1973, 113, 2, 1.0000, 2.7354, 2.7005, -0.4355, 1.0000, 242.87
1211, 1995, 17, 91, 0.7111, 7.9017, -7.7419, 1.5808, 0.3556, 184.40
1211, 2024, 125, 84, 1.0000, 1.2598, 1.0410, 0.7094, 1.0000, 124.42
1211, 1891, 8, 97, 0.5841, 5.0327, -0.3376, 5.0214, 0.4089, 199.14
1211, 2033, 41, 48, 0.8722, 1.4910, -0.7457, 1.2912, 0.6106, 225.36
1211, 2044, 125, 56, 0.6556, 58.0358, 54.5540, -19.7993, 0.2622, 167.50
1211, 2045, 52, 86, 0.7111, 28.1112, 22.1058, -17.3659, 0.3556, 206.80
1211, 2049, 64, 89, 0.6556, 34.6082, 20.8962, 27.5876, 0.2622, 197.75
1211, 2052, 86, 114, 0.6556, 48.0182, 35.1903, 32.6711, 0.2622, 177.00
1211, 1881, 19, 129, 0.8000, 1.6221, -1.0000, 1.2772, 0.8000, 175.94
1211, 2039, 27, 34, 0.5056, 1.0447, 0.2587, 1.0122, 0.2022, 208.25
1212, 1973, 115, 0, 1.0000, 2.6447, 2.3273, -1.2563, 1.0000, 243.19
1212, 1995, 11, 95, 0.7667, 7.3478, -6.6149, 3.1989, 0.4600, 195.33
1212, 1881, 28, 121, 1.0000, 3.9357, 3.1109, -2.4109, 1.0000, 174.17
1212, 2016, 68, 14, 0.6000, 0.9511, 0.9511, -0.0113, 0.1800, 201.33
1212, 2024, 126, 84, 1.0000, 1.0503, 1.0192, 0.2538, 1.0000, 125.54
1212, 1891, 11, 99, 0.6424, 3.3484, 1.8821, 2.7694, 0.5139, 194.62
1212, 2033, 41, 49, 0.9278, 1.0327, -0.2545, 1.0008, 0.7422, 227.06
1212, 2037, 12, 13, 0.6556, 5.6756, 0.2785, -5.6688, 0.2622, 206.75
1212, 2039, 27, 35, 0.7611, 1.0459, 0.3022, 1.0013, 0.3806, 214.20
1212, 2043, 55, 84, 0.8722, 1.5206, 0.0000, -1.5206, 0.6106, 174.36
1212, 2049, 80, 108, 0.7111, 25.6047, 16.4480, 19.6231, 0.3556, 186.00
1212, 2053, 20, 90, 0.6000, 11.8475, 11.8175, -0.8426, 0.1800, 181.33
1212, 2044, 179, 36, 0.5556, 58.0358, 54.5540, -19.7993, 0.2222, 167.50
1212, 2052, 121, 147, 0.5556, 48.0182, 35.1903, 32.6711, 0.2222, 177.00
1213, 2016, 74, 9, 0.6556, 7.1696, 5.5573, -4.5298, 0.2622, 198.00
1213, 2024, 127, 85, 1.0000, 1.2370, 1.0019, 0.7255, 1.0000, 127.30
1213, 2033, 40, 51, 0.9833, 1.8638, -0.7428, 1.7094, 0.8850, 226.06
1213, 2039, 4, 45, 0.7667, 23.0121, -21.1174, 9.1441, 0.4600, 210.08
1213, 2043, 56, 86, 0.9278, 1.1905, 0.7560, 0.9197, 0.7422, 174.06
1213, 1992, 90, 32, 0.5625, 14.3351, 11.0125, -9.1771, 0.2250, 182.25
1213, 2058, 98, 47, 0.6000, 1.0202, 1.0196, 0.0336, 0.1800, 177.67
1213, 1973, 117, -1, 0.9000, 2.6447, 2.3273, -1.2563, 0.9000, 243.19
1213, 1881, 31, 119, 0.9000, 3.9357, 3.1109, -2.4109, 0.9000, 174.17
1213, 1891, 12, 102, 0.5424, 3.3484, 1.8821, 2.7694, 0.4339, 194.62
1213, 2037, 12, 8, 0.5556, 5.6756, 0.2785, -5.6688, 0.2222, 206.75
1213, 2049, 96, 127, 0.6111, 25.6047, 16.4480, 19.6231, 0.3056, 186.00
1213, 2053, 32, 89, 0.5000, 11.8475, 11.8175, -0.8426, 0.1500, 181.33
1214, 2024, 125, 83, 1.0000, 2.2247, -1.8922, -1.1700, 1.0000, 124.84
1214, 1970, 8, 2, 0.5625, 32.1907, -31.5298, -6.4896, 0.2250, 209.50
1214, 1891, 16, 113, 0.7000, 7.7332, 2.7992, 7.2088, 0.6300, 192.00
1214, 2033, 40, 52, 1.0000, 1.3100, -0.2598, 1.2840, 1.0000, 225.45
1214, 2036, 3, 65, 0.6000, 44.2056, 0.9427, 44.1955, 0.1800, 207.67
1214, 2043, 55, 86, 0.9833, 0.7411, -0.4532, 0.5864, 0.8850, 173.61
1214, 1992, 107, 23, 0.6222, 18.2927, 16.0764, -8.7277, 0.3111, 175.00
1214, 2058, 99, 48, 0.7056, 1.2538, 1.0048, 0.7498, 0.2822, 183.25
1214, 1973, 120, -2, 0.8000, 2.6447, 2.3273, -1.2563, 0.8000, 243.19
1214, 2016, 80, 4, 0.5556, 7.1696, 5.5573, -4.5298, 0.2222, 198.00
1214, 2049, 113, 147, 0.5111, 25.6047, 16.4480, 19.6231, 0.2556, 186.00
1215, 2033, 40, 53, 1.0000, 1.0094, 0.0055, 1.0093, 1.0000, 226.32
1215, 2037, 6, 2, 0.7111, 4.1549, -2.4995, -3.3190, 0.3556, 209.00
1215, 2043, 55, 86, 1.0000, 0.3096, -0.2934, 0.0987, 1.0000, 173.05
1215, 1992, 111, 22, 0.6806, 5.6055, 5.2343, -2.0061, 0.4083, 169.67
1215, 2058, 100, 48, 0.7611, 1.0352, 0.9992, 0.2704, 0.3806, 190.00
1215, 1973, 122, -4, 0.7000, 2.6447, 2.3273, -1.2563, 0.7000, 243.19
1215, 2024, 123, 82, 0.9000, 2.2247, -1.8922, -1.1700, 0.9000, 124.84
1215, 1891, 19, 120, 0.6000, 7.7332, 2.7992, 7.2088, 0.5400, 192.00
1215, 2036, 4, 109, 0.5000, 44.2056, 0.9427, 44.1955, 0.1500, 207.67
1216, 2033, 34, 45, 1.0000, 8.8175, -5.1327, -7.1697, 1.0000, 225.29
1216, 2035, 13, 23, 0.6000, 14.5111, 10.2495, 10.2722, 0.1800, 207.33
1216, 2037, 7, 2, 0.7667, 0.6149, 0.2768, -0.5491, 0.4600, 211.33
1216, 2043, 55, 86, 1.0000, 0.0700, -0.0514, -0.0475, 1.0000, 172.86
1216, 2048, 62, 12, 0.6000, 20.0350, 18.2558, 8.2538, 0.1800, 218.00
1216, 2053, 45, 62, 0.6556, 9.8969, 4.6624, -8.7299, 0.2622, 189.25
1216, 1992, 111, 23, 0.7381, 1.3379, 0.4185, 1.2707, 0.5167, 165.29
1216, 2058, 102, 48, 0.8167, 1.7634, 1.7634, -0.0061, 0.4900, 189.17
1216, 1973, 124, -5, 0.6000, 2.6447, 2.3273, -1.2563, 0.6000, 243.19
1216, 2024, 121, 81, 0.8000, 2.2247, -1.8922, -1.1700, 0.8000, 124.84
1217, 2016, 88, 2, 0.7111, 2.9434, 2.8183, -0.8490, 0.3556, 192.00
1217, 1847, 39, 56, 0.5143, 0.9440, -0.0128, 0.9439, 0.3600, 217.86
1217, 2033, 29, 38, 1.0000, 8.5022, -5.0811, -6.8169, 1.0000, 224.08
1217, 2048, 94, 31, 0.6556, 34.3050, 29.8475, 16.9103, 0.2622, 205.00
1217, 2053, 47, 44, 0.7111, 17.6825, 2.2830, -17.5345, 0.3556, 193.20
1217, 2058, 103, 49, 0.8722, 1.4799, 1.2937, 0.7188, 0.6106, 189.57
1217, 2064, 5, 24, 0.6000, 5.1476, -4.7955, -1.8711, 0.1800, 228.67
1217, 1973, 127, -6, 0.5000, 2.6447, 2.3273, -1.2563, 0.5000, 243.19
1217, 2035, 24, 34, 0.5000, 14.5111, 10.2495, 10.2722, 0.1500, 207.33
1217, 2043, 55, 86, 0.9000, 0.0700, -0.0514, -0.0475, 0.9000, 172.86
1218, 1847, 27, 78, 0.5722, 21.8984, -10.5803, 19.1728, 0.4578, 214.88
1218, 1891, 52, 127, 0.7572, 11.1185, 10.8283, 2.5237, 0.7572, 186.40
1218, 2035, 38, 57, 0.6556, 21.3906, 12.5057, 17.3541, 0.2622, 211.75
1218, 2043, 55, 86, 1.0000, 0.0335, 0.0312, -0.0121, 1.0000, 173.04
1218, 2058, 105, 49, 0.9278, 1.7816, 1.7593, 0.2808, 0.7422, 187.62
1218, 2064, 5, 23, 0.7056, 1.3827, -0.5362, -1.2745, 0.2822, 228.88
1218, 2016, 91, 1, 0.6111, 2.9434, 2.8183, -0.8490, 0.3056, 192.00
1218, 2048, 124, 47, 0.5556, 34.3050, 29.8475, 16.9103, 0.2222, 205.00
1219, 1973, 122, 4, 1.0000, 1.2683, 0.5186, 1.1575, 1.0000, 240.26
1219, 2016, 112, 24, 0.7667, 18.6273, 13.4855, 12.8498, 0.4600, 182.83
1219, 2035, 65, 82, 0.7111, 35.9929, 26.3537, 24.5147, 0.3556, 203.60
1219, 2043, 55, 86, 1.0000, 0.0128, 0.0128, -0.0009, 1.0000, 173.19
1219, 2058, 106, 49, 0.9833, 1.2568, 1.2568, 0.0054, 0.8850, 189.89
1219, 2064, 6, 25, 0.7611, 1.3716, 0.4272, 1.3034, 0.3806, 233.10
1220, 1973, 122, 4, 1.0000, 0.3272, 0.1039, 0.3102, 1.0000, 237.76
1220, 1847, 16, 115, 0.6296, 19.1071, -4.8511, 18.4810, 0.5667, 208.33
1220, 2043, 54, 83, 1.0000, 2.3258, -0.7354, -2.2065, 1.0000, 174.18
1220, 2054, 67, 83, 0.6000, 11.4007, 9.3473, -6.5272, 0.1800, 163.67
1220, 2058, 107, 50, 1.0000, 1.2176, 0.9904, 0.7081, 1.0000, 186.10
1220, 2064, 5, 26, 0.8167, 1.5387, -0.5235, 1.4469, 0.4900, 236.58
1220, 2035, 92, 106, 0.6111, 35.9929, 26.3537, 24.5147, 0.3056, 203.60
1221, 1979, 25, 54, 0.5625, 0.9435, 0.9435, 0.0034, 0.2250, 199.00
1221, 2047, 0, 91, 0.6000, 2.6659, -1.8803, -1.8899, 0.1800, 165.67
1221, 2058, 108, 50, 1.0000, 0.9997, 0.9578, 0.2867, 1.0000, 183.59
1221, 2064, 5, 27, 0.8722, 1.1565, -0.2619, 1.1264, 0.6106, 238.21
1221, 1901, 32, 43, 0.5250, 0.9866, 0.0336, 0.9860, 0.3150, 225.33
1221, 1958, 37, 61, 0.5400, 0.9860, 0.0000, 0.9860, 0.2700, 218.90
1221, 2067, 68, 36, 0.6000, 25.3054, -23.8095, 8.5714, 0.1800, 190.67
1221, 1973, 122, 4, 0.9000, 0.3272, 0.1039, 0.3102, 0.9000, 237.76
1221, 1847, 11, 134, 0.5296, 19.1071, -4.8511, 18.4810, 0.4767, 208.33
1221, 2054, 77, 77, 0.5000, 11.4007, 9.3473, -6.5272, 0.1500, 163.67
1222, 1979, 32, 45, 0.6222, 9.8478, 6.3146, -7.5568, 0.3111, 202.00
1222, 2047, 0, 91, 0.7056, 0.7622, -0.5411, -0.5368, 0.2822, 178.00
1222, 2054, 85, 82, 0.6556, 8.7534, 8.7500, -0.2465, 0.2622, 162.25
1222, 2058, 110, 50, 1.0000, 1.7232, 1.7232, 0.0113, 1.0000, 184.12
1222, 2064, 5, 28, 0.9278, 0.9834, -0.0237, 0.9831, 0.7422, 239.56
1222, 1901, 37, 38, 0.5841, 6.2133, 4.5174, -4.2660, 0.4089, 223.57
1222, 1958, 36, 63, 0.6500, 1.9164, -0.7535, 1.7620, 0.3900, 218.75
1222, 2067, 47, 34, 0.6556, 20.7949, -20.7835, -0.6859, 0.2622, 191.50
1222, 2011, 16, 99, 0.5625, 19.2943, -10.4426, 16.2241, 0.2250, 186.75
1222, 1973, 122, 5, 0.8000, 0.3272, 0.1039, 0.3102, 0.8000, 237.76
1223, 1977, 72, 74, 0.5625, 50.6958, 46.9387, 19.1527, 0.2250, 190.75
1223, 1979, 34, 44, 0.6806, 2.9680, 2.1897, -2.0036, 0.4083, 204.67
1223, 2047, 0, 93, 0.7611, 1.5752, 0.0455, 1.5745, 0.3806, 184.40
1223, 2058, 112, 51, 1.0000, 2.1583, 2.0430, 0.6961, 1.0000, 184.50
1223, 2064, 5, 29, 0.9833, 0.9755, 0.0292, 0.9751, 0.8850, 238.00
1223, 1901, 39, 28, 0.6424, 9.4723, 1.6512, -9.3273, 0.5139, 221.00
1223, 1958, 36, 64, 0.7087, 1.3105, -0.2762, 1.2811, 0.4961, 216.36
1223, 2068, 103, 33, 0.6000, 1.0311, 1.0304, 0.0376, 0.1800, 162.00
1223, 1973, 122, 5, 0.7000, 0.3272, 0.1039, 0.3102, 0.7000, 237.76
1223, 2054, 94, 81, 0.5556, 8.7534, 8.7500, -0.2465, 0.2222, 162.25
1223, 2067, 27, 33, 0.5556, 20.7949, -20.7835, -0.6859, 0.2222, 191.50
1224, 1847, 41, 120, 0.7434, 10.6005, 10.5096, -1.3849, 0.7434, 198.18
1224, 2047, 2, 92, 0.8167, 1.6273, 1.6251, -0.0858, 0.4900, 190.83
1224, 1986, 21, 90, 0.5625, 9.5175, -7.6199, 5.7027, 0.2250, 178.25
1224, 2054, 110, 83, 0.7111, 12.9319, 12.9057, 0.8220, 0.3556, 151.20
1224, 2058, 113, 51, 1.0000, 1.3616, 1.3298, 0.2924, 1.0000, 181.75
1224, 1994, 28, 55, 0.5625, 21.0837, -17.8257, 11.2590, 0.2250, 202.75
1224, 2064, 5, 30, 1.0000, 0.9931, 0.0146, 0.9930, 1.0000, 237.75
1224, 1901, 37, 16, 0.7000, 11.4496, -1.5574, -11.3432, 0.6300, 219.44
1224, 1958, 35, 65, 0.7667, 1.2530, -0.7600, 0.9962, 0.6133, 214.56
1224, 2067, 9, 10, 0.7111, 23.3795, -19.0798, -13.5115, 0.3556, 203.40
1224, 2068, 87, 40, 0.6556, 15.3851, -14.1463, 6.0484, 0.2622, 168.75
1224, 2017, 71, 36, 0.5625, 1.9384, 1.9384, 0.0000, 0.2250, 215.75
1224, 2020, 55, 86, 0.5625, 0.0000, 0.0000, 0.0000, 0.2250, 175.00
1224, 1973, 122, 5, 0.6000, 0.3272, 0.1039, 0.3102, 0.6000, 237.76
1224, 1979, 36, 42, 0.5806, 2.9680, 2.1897, -2.0036, 0.3483, 204.67
1225, 2034, 112, 72, 0.6000, 53.1908, -11.5423, -51.9233, 0.1800, 87.00
1225, 2047, 3, 79, 0.8222, 11.8012, 1.3775, -11.7205, 0.5756, 189.71
1225, 1986, 4, 93, 0.6222, 16.2012, -15.7325, 3.8688, 0.3111, 190.20
1225, 2058, 115, 51, 1.0000, 1.7065, 1.7065, 0.0175, 1.0000, 180.57
1225, 1994, 2, 59, 0.6222, 25.2765, -24.8249, 4.7569, 0.3111, 200.20
1225, 2064, 5, 32, 1.0000, 1.7649, 0.0013, 1.7649, 1.0000, 239.32
1225, 1958, 35, 67, 0.8241, 1.7365, -0.2522, 1.7181, 0.7417, 214.06
1225, 2015, 8, 31, 0.5625, 3.6333, 0.0000, -3.6333, 0.2250, 201.75
1225, 2017, 72, 36, 0.6722, 1.2672, 1.2672, 0.0000, 0.3361, 219.00
1225, 2020, 68, 85, 0.6222, 11.3277, 11.3026, -0.7535, 0.3111, 184.70
1225, 2054, 123, 84, 0.6111, 12.9319, 12.9057, 0.8220, 0.3056, 151.20
1225, 1901, 35, 5, 0.6000, 11.4496, -1.5574, -11.3432, 0.5400, 219.44
1225, 2068, 72, 46, 0.5556, 15.3851, -14.1463, 6.0484, 0.2222, 168.75
1226, 2028, 4, 91, 0.6000, 50.6836, -6.7605, 50.2307, 0.1800, 215.33
1226, 1979, 35, 44, 0.7381, 0.4907, -0.0111, 0.4906, 0.5167, 205.57
1226, 2034, 100, 24, 0.6556, 49.7033, -12.2140, -48.1792, 0.2622, 105.00
1226, 1848, 19, 40, 0.5143, 2.8850, 0.0023, -2.8850, 0.3600, 203.57
1226, 2047, 1, 59, 0.8778, 19.0188, -1.2388, -18.9784, 0.7022, 191.12
1226, 1986, -2, 92, 0.6806, 7.1158, -7.0651, -0.8474, 0.4083, 186.00
1226, 2054, 127, 106, 0.7667, 15.6108, 8.1613, 13.3075, 0.4600, 138.00
1226, 2058, 116, 52, 1.0000, 1.4294, 1.2548, 0.6844, 1.0000, 177.41
1226, 2064, 7, 37, 1.0000, 4.5950, 1.5190, 4.3367, 1.0000, 236.29
1226, 1901, 10, 3, 0.7572, 16.3215, -15.0976, -6.2013, 0.7572, 218.80
1226, 1958, 35, 68, 0.8811, 1.2803, 0.0123, 1.2802, 0.8811, 213.65
1226, 2015, 22, 25, 0.6222, 13.3550, 12.1148, -5.6202, 0.3111, 206.40
1226, 2020, 77, 81, 0.6806, 10.0548, 9.4872, -3.3304, 0.4083, 183.50
1226, 1994, -23, 64, 0.5222, 25.2765, -24.8249, 4.7569, 0.2611, 200.20
1226, 2017, 73, 36, 0.5722, 1.2672, 1.2672, 0.0000, 0.2861, 219.00
1227, 1979, 30, 56, 0.7951, 12.5869, -4.9567, 11.5699, 0.6361, 205.21
1227, 1848, 20, 14, 0.5722, 22.6861, 0.7536, -22.6736, 0.4578, 209.62
1227, 2040, 123, 29, 0.6000, 1.9302, 1.9302, -0.0046, 0.1800, 137.50
1227, 2047, 4, 35, 0.9333, 23.9920, 2.3816, -23.8735, 0.8400, 198.00
1227, 2055, 80, 25, 0.6000, 6.1042, -3.8112, -4.7682, 0.1800, 174.00
1227, 2058, 118, 52, 1.0000, 1.7446, 1.7190, 0.2978, 1.0000, 175.91
1227, 2061, 108, 34, 0.6000, 12.3181, 0.0085, -12.3181, 0.1800, 165.33
1227, 2064, 7, 38, 1.0000, 1.5353, 0.5871, 1.4187, 1.0000, 233.27
1227, 1958, 34, 69, 0.9379, 1.2307, -0.7099, 1.0053, 0.9379, 213.95
1227, 2017, 75, 36, 0.7306, 1.4614, 1.4614, 0.0000, 0.4383, 215.67
1227, 2020, 96, 99, 0.7381, 22.7968, 17.2592, 14.8934, 0.5167, 173.29
1227, 2028, -3, 142, 0.5000, 50.6836, -6.7605, 50.2307, 0.1500, 215.33
1227, 2034, 88, -24, 0.5556, 49.7033, -12.2140, -48.1792, 0.2222, 105.00
1227, 1986, -9, 91, 0.5806, 7.1158, -7.0651, -0.8474, 0.3483, 186.00
1227, 2015, 34, 20, 0.5222, 13.3550, 12.1148, -5.6202, 0.2611, 206.40
1228, 1848, 19, 9, 0.6296, 7.1721, -0.4880, -7.1555, 0.5667, 212.00
1228, 2040, 124, 30, 0.7056, 1.4853, 1.2781, 0.7567, 0.2822, 134.38
1228, 2047, 16, 20, 0.9889, 19.6608, 11.0215, -16.2811, 0.9889, 198.50
1228, 2055, 82, 17, 0.6556, 8.2172, 1.2018, -8.1289, 0.2622, 181.00
1228, 2058, 119, 52, 1.0000, 1.2794, 1.2792, 0.0237, 1.0000, 174.42
1228, 2059, 86, 14, 0.6000, 18.2630, -14.2547, -11.4166, 0.1800, 160.33
1228, 2061, 110, 32, 0.6556, 3.7937, 1.5085, -3.4809, 0.2622, 165.75
1228, 2064, 5, 36, 1.0000, 2.2095, -1.5154, -1.6079, 1.0000, 234.46
1228, 1958, 34, 71, 0.9944, 1.7320, -0.2861, 1.7082, 0.9944, 213.62
1228, 2068, 36, 49, 0.7111, 12.2643, -12.2117, 1.1347, 0.3556, 176.60
1228, 2015, 41, 11, 0.6806, 11.8241, 9.2743, -7.3346, 0.4083, 207.67
1228, 2017, 76, 36, 0.7881, 1.1113, 1.1113, 0.0000, 0.5517, 219.00
1228, 2073, 31, 53, 0.6000, 5.8823, -3.6333, 4.6261, 0.1800, 209.00
1229, 1848, 18, 11, 0.6867, 1.2067, -1.0603, 0.5760, 0.6867, 212.50
1229, 2055, 84, 16, 0.7111, 2.3289, 1.6958, -1.5962, 0.3556, 181.20
1229, 2058, 121, 53, 1.0000, 1.8476, 1.7206, 0.6731, 1.0000, 173.24
1229, 2061, 111, 33, 0.7111, 1.7035, 1.3147, 1.0833, 0.3556, 162.60
1229, 2064, 5, 36, 1.0000, 0.6824, -0.6777, -0.0796, 1.0000, 235.83
1229, 1958, 34, 72, 1.0000, 1.2868, -0.0101, 1.2868, 1.0000, 211.96
1229, 2015, 52, 1, 0.7381, 14.1453, 10.4633, -9.5188, 0.5167, 206.71
1229, 2017, 78, 36, 0.8451, 1.7413, 1.7413, 0.0000, 0.6761, 218.38
1229, 2073, 16, 53, 0.6556, 13.9607, -13.9491, 0.5690, 0.2622, 208.50
1229, 1918, 2, 95, 0.5450, 5.0810, -4.7325, 1.8493, 0.5450, 197.00
1229, 2040, 125, 31, 0.6056, 1.4853, 1.2781, 0.7567, 0.2422, 134.38
1229, 2047, 27, 3, 0.8889, 19.6608, 11.0215, -16.2811, 0.8889, 198.50
1229, 2059, 71, 2, 0.5000, 18.2630, -14.2547, -11.4166, 0.1500, 160.33
1230, 2040, 126, 31, 0.7611, 1.0601, 0.9098, 0.5440, 0.3806, 134.90
1230, 2055, 93, 7, 0.7667, 11.2792, 8.1159, -7.8328, 0.4600, 177.33
1230, 2058, 122, 53, 1.0000, 1.3184, 1.2832, 0.3028, 1.0000, 173.82
1230, 2064, 5, 37, 1.0000, 0.9574, -0.0453, 0.9564, 1.0000, 236.59
1230, 1958, 33, 73, 1.0000, 1.2300, -0.7002, 1.0113, 1.0000, 211.04
1230, 2017, 79, 37, 0.9019, 1.4776, 1.2699, 0.7554, 0.8117, 215.44
1230, 2073, 5, 61, 0.7111, 13.6110, -11.5293, 7.2342, 0.3556, 204.00
1230, 1918, 1, 96, 0.5995, 2.4051, -2.0313, 1.2878, 0.5995, 194.55
1230, 2083, 31, 102, 0.6000, 3.9268, 0.9524, 3.8095, 0.1800, 172.00
1230, 2047, 38, -13, 0.7889, 19.6608, 11.0215, -16.2811, 0.7889, 198.50
1230, 2061, 112, 34, 0.6111, 1.7035, 1.3147, 1.0833, 0.3056, 162.60
1230, 2015, 62, -8, 0.6381, 14.1453, 10.4633, -9.5188, 0.4467, 206.71
1231, 1899, 40, 52, 0.5250, 52.0447, -46.1624, 24.0349, 0.3150, 177.17
1231, 2058, 124, 53, 1.0000, 1.7153, 1.7150, 0.0299, 1.0000, 172.45
1231, 2059, 54, 3, 0.6556, 9.9881, -9.8071, -1.8930, 0.2622, 170.75
1231, 2064, 5, 38, 1.0000, 1.1453, 0.0822, 1.1424, 1.0000, 237.15
1231, 1957, 46, 94, 0.5400, 41.9310, -30.1112, 29.1809, 0.2700, 200.40
1231, 1958, 33, 75, 1.0000, 1.7208, -0.2905, 1.6961, 1.0000, 211.63
1231, 2017, 80, 37, 0.9583, 1.0415, 0.9979, 0.2982, 0.9583, 214.80
1231, 2073, 3, 82, 0.7667, 19.6342, -2.3644, 19.4914, 0.4600, 201.00
1231, 2076, 51, 84, 0.6000, 49.3644, -18.3918, 45.8104, 0.1800, 203.87
1231, 2081, 15, 94, 0.6000, 18.8554, -18.2791, 4.6261, 0.1800, 178.00
1231, 2083, 31, 102, 0.7056, 1.0666, 0.2587, 1.0347, 0.2822, 172.00
1231, 2040, 127, 32, 0.6611, 1.0601, 0.9098, 0.5440, 0.3306, 134.90
1231, 2047, 49, -29, 0.6889, 19.6608, 11.0215, -16.2811, 0.6889, 198.50
1231, 2055, 101, -1, 0.6667, 11.2792, 8.1159, -7.8328, 0.4000, 177.33
1231, 2061, 114, 35, 0.5111, 1.7035, 1.3147, 1.0833, 0.2556, 162.60
1231, 2015, 73, -18, 0.5381, 14.1453, 10.4633, -9.5188, 0.3767, 206.71
1232, 2058, 122, 55, 1.0000, 2.0278, -1.5043, 1.3599, 1.0000, 170.61
1232, 2059, 54, 2, 0.7111, 1.2257, -0.8494, -0.8837, 0.3556, 177.50
1232, 2064, 5, 39, 1.0000, 1.0651, 0.0401, 1.0643, 1.0000, 238.03
1232, 1957, 10, 120, 0.6000, 43.5555, -35.1195, 25.7624, 0.3600, 199.00
1232, 1958, 32, 75, 1.0000, 0.9339, -0.7462, 0.5616, 1.0000, 210.62
1232, 2017, 71, 32, 0.9646, 9.1780, -8.0116, -4.4778, 0.9646, 213.18
1232, 2073, 4, 100, 0.8222, 18.5982, 0.0398, 18.5982, 0.5756, 195.57
1232, 2076, 43, 124, 0.6556, 41.8108, -9.8747, 40.6280, 0.2622, 195.65
1232, 2077, 63, 81, 0.6000, 29.5176, -17.9439, 23.4372, 0.1800, 189.00
1232, 2083, 31, 102, 0.7611, 0.1198, -0.0291, -0.1162, 0.3806, 172.00
1232, 2040, 128, 32, 0.5611, 1.0601, 0.9098, 0.5440, 0.2806, 134.90
1232, 2047, 60, -46, 0.5889, 19.6608, 11.0215, -16.2811, 0.5889, 198.50
1232, 2055, 109, -8, 0.5667, 11.2792, 8.1159, -7.8328, 0.3400, 177.33
1232, 2081, -3, 98, 0.5000, 18.8554, -18.2791, 4.6261, 0.1500, 178.00
1233, 2059, 56, 3, 0.7667, 1.8151, 1.6803, 0.6864, 0.4600, 181.25
1233, 2060, 80, 41, 0.6000, 28.9940, -28.8501, 2.8850, 0.1800, 156.33
1233, 2062, 127, 54, 0.6000, 1.9211, 1.9211, -0.0023, 0.1800, 157.33
1233, 2064, 5, 40, 1.0000, 1.0050, 0.0041, 1.0050, 1.0000, 236.97
1233, 1958, 31, 78, 1.0000, 2.3788, -1.0011, 2.1579, 1.0000, 210.18
1233, 2074, 83, 37, 0.6000, 2.0785, 1.8419, -0.9632, 0.1800, 206.56
1233, 2029, 9, 8, 0.5625, 25.1496, -7.1099, -24.1237, 0.2250, 218.75
1233, 2077, 45, 97, 0.6556, 24.5059, -17.6569, 16.9933, 0.2622, 184.75
1233, 2083, 35, 93, 0.7667, 9.3950, 3.7734, -8.6039, 0.4600, 173.33
1233, 2085, 54, 84, 0.6000, 34.7803, 20.1145, 28.3739, 0.1800, 192.44
1233, 2058, 120, 56, 0.9000, 2.0278, -1.5043, 1.3599, 0.9000, 170.61
1233, 1957, -25, 145, 0.5000, 43.5555, -35.1195, 25.7624, 0.3000, 199.00
1233, 2017, 63, 27, 0.8646, 9.1780, -8.0116, -4.4778, 0.8646, 213.18
1233, 2073, 4, 119, 0.7222, 18.5982, 0.0398, 18.5982, 0.5056, 195.57
1233, 2076, 33, 165, 0.5556, 41.8108, -9.8747, 40.6280, 0.2222, 195.65
1234, 2060, 40, 54, 0.6556, 40.6822, -38.8382, 12.1091, 0.2622, 177.75
1234, 2061, 117, 34, 0.7667, 1.1591, 1.1517, -0.1308, 0.4600, 158.83
1234, 2064, 5, 41, 1.0000, 0.9923, -0.0044, 0.9923, 1.0000, 237.57
1234, 1958, 31, 79, 1.0000, 1.6023, -0.3176, 1.5705, 1.0000, 209.22
1234, 1956, 35, 62, 0.5400, 14.9489, -4.7345, 14.1794, 0.2700, 205.80
1234, 2074, 84, 37, 0.7056, 1.3269, 1.3022, -0.2549, 0.2822, 208.42
1234, 2029, 8, 3, 0.6222, 7.6669, -1.4812, -7.5225, 0.3111, 225.60
1234, 2077, 17, 112, 0.7111, 31.1077, -27.0384, 15.3822, 0.3556, 179.20
1234, 2083, 34, 75, 0.8222, 17.0374, -0.8476, -17.0163, 0.5756, 176.14
1234, 2085, 57, 89, 0.6556, 10.1758, 5.8927, 8.2960, 0.2622, 188.33
1234, 2058, 119, 57, 0.8000, 2.0278, -1.5043, 1.3599, 0.8000, 170.61
1234, 2062, 129, 54, 0.5000, 1.9211, 1.9211, -0.0023, 0.1500, 157.33
1235, 2061, 126, 30, 0.8222, 9.7916, 8.7753, -4.3438, 0.5756, 155.86
1235, 2064, 5, 43, 1.0000, 1.7268, -0.0025, 1.7268, 1.0000, 237.60
1235, 1956, 31, 79, 0.6000, 16.7081, -4.3638, 16.1282, 0.3600, 202.17
1235, 2074, 86, 37, 0.7611, 1.7636, 1.7633, 0.0331, 0.3806, 204.13
1235, 2029, 9, 4, 0.6806, 1.2291, 1.1570, 0.4147, 0.4083, 230.50
1235, 2082, 5, 50, 0.6000, 41.9288, -15.4155, -38.9921, 0.1800, 192.67
1235, 2083, 37, 57, 0.8778, 17.7135, 2.9456, -17.4669, 0.7022, 180.75
1235, 2058, 117, 59, 0.7000, 2.0278, -1.5043, 1.3599, 0.7000, 170.61
1235, 2060, 1, 67, 0.5556, 40.6822, -38.8382, 12.1091, 0.2222, 177.75
1235, 1958, 31, 81, 0.9000, 1.6023, -0.3176, 1.5705, 0.9000, 209.22
1235, 2077, -10, 128, 0.6111, 31.1077, -27.0384, 15.3822, 0.3056, 179.20
1235, 2085, 63, 98, 0.5556, 10.1758, 5.8927, 8.2960, 0.2222, 188.33
1236, 2040, 120, 35, 0.8167, 1.8222, -1.6797, 0.7064, 0.4900, 136.42
1236, 2058, 109, 49, 1.0000, 4.2398, -3.6447, -2.1660, 1.0000, 169.37
1236, 2061, 128, 28, 0.8778, 3.1522, 2.8079, -1.4325, 0.7022, 153.75
1236, 2062, 109, 45, 0.6556, 8.4014, -7.5860, -3.6107, 0.2622, 154.00
1236, 2064, 5, 44, 1.0000, 1.3123, -0.0004, 1.3123, 1.0000, 238.25
1236, 1958, 30, 82, 1.0000, 1.4903, -0.4327, 1.4261, 1.0000, 208.47
1236, 1956, 30, 101, 0.6587, 21.6474, -0.9856, 21.6249, 0.4611, 197.71
1236, 2074, 73, 39, 0.7667, 11.0947, -10.9818, 1.5784, 0.4600, 210.61
1236, 2029, 11, 6, 0.7381, 1.8960, 1.4215, 1.2546, 0.5167, 233.64
1236, 2082, 6, 15, 0.6556, 36.2840, -0.9197, -36.2724, 0.2622, 197.25
1236, 2083, 49, 52, 0.9333, 12.2676, 10.4160, -6.4809, 0.8400, 184.11
1236, 2085, 56, 87, 0.7111, 3.4161, -1.9757, -2.7868, 0.3556, 185.47
1236, 2077, -37, 143, 0.5111, 31.1077, -27.0384, 15.3822, 0.2556, 179.20
1237, 2064, 4, 46, 1.0000, 1.8881, -0.7223, 1.7445, 1.0000, 237.34
1237, 2065, 32, 60, 0.6000, 30.2380, 27.9406, 11.5611, 0.1800, 200.67
1237, 1958, 22, 74, 1.0000, 9.5899, -6.6693, -6.8910, 1.0000, 207.70
1237, 2029, 14, 22, 0.7951, 14.5691, 2.6805, 14.3204, 0.6361, 229.44
1237, 2082, 12, 3, 0.7111, 15.1079, 4.7415, -14.3446, 0.3556, 208.80
1237, 1981, 37, 65, 0.5400, 2.7917, 2.7907, -0.0751, 0.2700, 198.00
1237, 2061, 131, 27, 0.7778, 3.1522, 2.8079, -1.4325, 0.6222, 153.75
1237, 2062, 102, 42, 0.5556, 8.4014, -7.5860, -3.6107, 0.2222, 154.00
1237, 1956, 29, 123, 0.5587, 21.6474, -0.9856, 21.6249, 0.3911, 197.71
1238, 2063, 18, 98, 0.6000, 34.1986, 16.4438, 29.9857, 0.1800, 193.67
1238, 2064, 4, 46, 1.0000, 0.6430, -0.3171, 0.5594, 1.0000, 238.08
1238, 2065, 54, 100, 0.6556, 42.8572, 22.7069, 36.3474, 0.2622, 205.00
1238, 1981, 40, 61, 0.6500, 4.8562, 3.0636, -3.7679, 0.3900, 199.83
1238, 2061, 134, 26, 0.6778, 3.1522, 2.8079, -1.4325, 0.5422, 153.75
1238, 1958, 16, 67, 0.9000, 9.5899, -6.6693, -6.8910, 0.9000, 207.70
1238, 2082, 17, -12, 0.6111, 15.1079, 4.7415, -14.3446, 0.3056, 208.80
1239, 2063, 52, 107, 0.6556, 33.0419, 30.8339, 11.8760, 0.2622, 199.75
1239, 2064, 4, 47, 1.0000, 0.6864, -0.0263, 0.6859, 1.0000, 238.67
1239, 1981, 40, 60, 0.7087, 0.9780, 0.7609, -0.6144, 0.4961, 201.00
1239, 2061, 136, 24, 0.5778, 3.1522, 2.8079, -1.4325, 0.4622, 153.75
1239, 2065, 77, 136, 0.5556, 42.8572, 22.7069, 36.3474, 0.2222, 205.00
1240, 2063, 62, 106, 0.7111, 12.9750, 12.9661, 0.4811, 0.3556, 191.00
1240, 2064, 4, 49, 1.0000, 1.6398, 0.0390, 1.6393, 1.0000, 239.30
1240, 1981, 41, 60, 0.6087, 0.9780, 0.7609, -0.6144, 0.4261, 201.00
1241, 2064, 2, 53, 1.0000, 4.3918, -1.3900, 4.1660, 1.0000, 238.12
1241, 1981, 45, 68, 0.7667, 4.9147, 2.4408, 4.2658, 0.6133, 200.88
1242, 2064, 2, 55, 1.0000, 2.4427, -0.6472, 2.3554, 1.0000, 236.98
1242, 2071, 103, 71, 0.6000, 31.9763, 4.7902, 31.6155, 0.1800, 157.33
1242, 1981, 33, 98, 0.7741, 29.6732, -10.3315, 27.8165, 0.6967, 197.56
1243, 2064, 1, 56, 1.0000, 1.3534, -0.7713, 1.1121, 1.0000, 235.67
1243, 2071, 104, 76, 0.6556, 8.8267, 1.3223, 8.7271, 0.2622, 152.00
1243, 2089, 27, 71, 0.6000, 55.6872, 12.4146, 54.2857, 0.1800, 213.33
1244, 2070, 104, 71, 0.6000, 54.7586, 42.3810, -34.6750, 0.1800, 171.00
1244, 2088, 67, 9, 0.7056, 1.0517, 0.7482, 0.7392, 0.2822, 217.75
1244, 2089, 60, 109, 0.6556, 50.5825, 30.4853, 40.3638, 0.2622, 215.00
1244, 2064, 0, 57, 0.9000, 1.3534, -0.7713, 1.1121, 0.9000, 235.67
1244, 2071, 105, 85, 0.5556, 8.8267, 1.3223, 8.7271, 0.2222, 152.00
1245, 2064, 3, 55, 1.0000, 1.3063, 1.0765, -0.7400, 1.0000, 236.21
1245, 2032, 22, 20, 0.5625, 6.4251, 6.4251, -0.0108, 0.2250, 214.00
1245, 2088, 67, 10, 0.7611, 1.0608, 0.2706, 1.0257, 0.3806, 219.00
1245, 2070, 147, 37, 0.5000, 54.7586, 42.3810, -34.6750, 0.1500, 171.00
1245, 2089, 90, 150, 0.5556, 50.5825, 30.4853, 40.3638, 0.2222, 215.00
1246, 2064, 6, 40, 1.0000, 13.1778, 2.5453, -12.9296, 1.0000, 235.24
1246, 2088, 67, 11, 0.8167, 1.0478, -0.0058, 1.0478, 0.4900, 216.67
1246, 2025, 121, 49, 0.5625, 1.9048, 1.9048, 0.0000, 0.2250, 126.25
1246, 2030, 101, 41, 0.5625, 28.0917, -13.2661, -24.7619, 0.2250, 135.25
1247, 2088, 68, 12, 0.8722, 1.2435, 0.7189, 1.0147, 0.6106, 216.14
1247, 1999, 33, 104, 0.5400, 25.4117, -25.1525, -3.6204, 0.2700, 161.00
1247, 2025, 121, 49, 0.6722, 0.5174, 0.5174, 0.0000, 0.3361, 125.60
1247, 2030, 86, 19, 0.6222, 26.4197, -14.9314, -21.7957, 0.3111, 142.60
1247, 2090, 95, 17, 0.6000, 6.7011, -6.6331, -0.9524, 0.1800, 159.67
1248, 2078, 35, 86, 0.6000, 42.8103, 31.6831, 28.7908, 0.1800, 208.67
1248, 2032, 42, 51, 0.6222, 14.0912, 6.5182, 12.4929, 0.3111, 212.40
1248, 2088, 68, 13, 0.9278, 1.0375, 0.2808, 0.9988, 0.7422, 216.62
1248, 1999, 3, 83, 0.6000, 35.6055, -29.8783, -19.3659, 0.3600, 163.33
1248, 2025, 125, 48, 0.7306, 3.8364, 3.7597, -0.7636, 0.4383, 119.67
1248, 2030, 72, 12, 0.6806, 16.7967, -14.4368, -8.5854, 0.4083, 149.67
1248, 2090, 73, 36, 0.6556, 25.7341, -19.8985, 16.3184, 0.2622, 174.25
1248, 2091, 3, 57, 0.6000, 41.7972, -15.1709, 38.9468, 0.1800, 230.67
1249, 2084, 33, 76, 0.6000, 49.9092, -21.1567, -45.2030, 0.1800, 168.00
1249, 2032, 43, 66, 0.6806, 15.7711, 1.1992, 15.7255, 0.4083, 209.67
1249, 2086, 22, 17, 0.6000, 25.4532, -25.2974, 2.8115, 0.1800, 213.67
1249, 2088, 68, 14, 0.9833, 0.9974, 0.0054, 0.9974, 0.8850, 215.00
1249, 1999, -2, 60, 0.6587, 23.2435, -7.7070, -21.9286, 0.4611, 175.71
1249, 2025, 126, 48, 0.7881, 1.3887, 1.3579, -0.2911, 0.5517, 115.43
1249, 2090, 33, 39, 0.7111, 38.0126, -37.7360, 4.5773, 0.3556, 181.20
1249, 2002, 98, 40, 0.5400, 28.9501, -13.2997, -25.7143, 0.2700, 138.00
1249, 2069, 40, 115, 0.5625, 25.5551, 22.8571, -11.4286, 0.2250, 150.50
1249, 2078, 66, 115, 0.5000, 42.8103, 31.6831, 28.7908, 0.1500, 208.67
1249, 2030, 57, 4, 0.5806, 16.7967, -14.4368, -8.5854, 0.3483, 149.67
1249, 2091, -13, 96, 0.5000, 41.7972, -15.1709, 38.9468, 0.1500, 230.67
1250, 2071, 112, 109, 0.7111, 3.4176, 1.1562, 3.2160, 0.3556, 138.80
1250, 2084, 20, 20, 0.6556, 56.4201, -14.0935, -54.6315, 0.2622, 180.00
1250, 2032, 35, 75, 0.7381, 11.9194, -7.2853, 9.4338, 0.5167, 208.29
1250, 2086, 8, 3, 0.6556, 18.6906, -14.8836, -11.3056, 0.2622, 215.25
1250, 2088, 69, 15, 1.0000, 1.2246, 0.7081, 0.9991, 1.0000, 213.80
1250, 2002, 106, 13, 0.6000, 26.9815, 4.6634, -26.5754, 0.3600, 140.50
1250, 2069, 47, 108, 0.6222, 11.9664, 9.2223, -7.6252, 0.3111, 151.00
1250, 1997, 36, 106, 0.5400, 2.1597, 1.9384, 0.9524, 0.2700, 223.70
1250, 1964, 39, 51, 0.5250, 20.8742, -5.7479, -20.0672, 0.3150, 197.83
1250, 2025, 128, 48, 0.6881, 1.3887, 1.3579, -0.2911, 0.4817, 115.43
1251, 2088, 70, 15, 1.0000, 1.0616, 1.0301, 0.2567, 1.0000, 211.86
1251, 2051, 115, 36, 0.5625, 19.8995, 0.0166, 19.8995, 0.2250, 135.50
1251, 2002, 108, 9, 0.6587, 6.9324, 2.6752, -6.3955, 0.4611, 140.86
1251, 2069, 53, 104, 0.6806, 7.2193, 5.7522, -4.3625, 0.4083, 153.17
1251, 1997, 37, 107, 0.6500, 1.6218, 1.2672, 1.0122, 0.3900, 221.25
1251, 1964, 49, 36, 0.5841, 16.9652, 7.4937, -15.2205, 0.4089, 197.36
1251, 2084, 6, -35, 0.5556, 56.4201, -14.0935, -54.6315, 0.2222, 180.00
1251, 2086, -7, -8, 0.5556, 18.6906, -14.8836, -11.3056, 0.2222, 215.25
1251, 2025, 129, 47, 0.5881, 1.3887, 1.3579, -0.2911, 0.4117, 115.43
1252, 2088, 70, 18, 1.0000, 2.1956, 0.3172, 2.1725, 1.0000, 210.54
1252, 2069, 53, 104, 0.7381, 1.0134, 0.8496, -0.5524, 0.5167, 155.14
1252, 1997, 39, 107, 0.7087, 1.7569, 1.7394, 0.2471, 0.4961, 218.79
1252, 1964, 72, 36, 0.6424, 21.9305, 21.8194, -2.2048, 0.5139, 195.56
1252, 2018, 74, 62, 0.5400, 21.4867, -4.7619, 20.9524, 0.2700, 189.40
1253, 2069, 55, 107, 0.7951, 2.6699, 1.7899, 1.9810, 0.6361, 152.88
1253, 1997, 40, 108, 0.7667, 1.4321, 1.2430, 0.7112, 0.6133, 216.56
1253, 2018, 51, 77, 0.6000, 25.9999, -20.8845, 15.4865, 0.3600, 189.50
1253, 2093, 19, 17, 0.6000, 23.5291, -11.8927, -20.3023, 0.1800, 201.00
1253, 2099, 44, 76, 0.6000, 2.9813, -2.8571, -0.8515, 0.1800, 188.83
1253, 2088, 70, 20, 0.9000, 2.1956, 0.3172, 2.1725, 0.9000, 210.54
1254, 2088, 70, 18, 1.0000, 0.1115, -0.1063, 0.0339, 1.0000, 210.73
1254, 2051, 117, 79, 0.6222, 13.1034, 0.7976, 13.0791, 0.3111, 128.40
1254, 2002, 111, 17, 0.8311, 4.5722, 2.9879, 3.4609, 0.8311, 141.70
1254, 2069, 54, 107, 0.8519, 0.8412, -0.2583, 0.8005, 0.7667, 153.22
1254, 1997, 42, 108, 0.8241, 1.7627, 1.7466, 0.2377, 0.7417, 212.31
1254, 2018, 45, 82, 0.6587, 9.2492, -7.0347, 6.0050, 0.4611, 191.86
1254, 2093, 17, 14, 0.6556, 6.8051, -3.4804, -5.8477, 0.2622, 202.75
1254, 2099, 24, 88, 0.6556, 20.8211, -18.1067, 10.2794, 0.2622, 188.62
1254, 2100, 64, 12, 0.6000, 37.0450, 26.6667, -25.7143, 0.1800, 196.00
1254, 2102, 78, 42, 0.6000, 47.3174, 30.4426, -36.2241, 0.1800, 185.33
1254, 2103, 65, 88, 0.6000, 38.3917, 27.6190, -26.6667, 0.1800, 157.33
1255, 2066, 10, 44, 0.5625, 0.0000, 0.0000, 0.0000, 0.2250, 210.00
1255, 2069, 51, 99, 0.9083, 7.8732, -3.4860, -7.0594, 0.9083, 153.20
1255, 1997, 43, 109, 0.8811, 1.4599, 1.2555, 0.7451, 0.8811, 212.58
1255, 2018, 39, 86, 0.7167, 7.9908, -6.5198, 4.6202, 0.5733, 188.62
1255, 2097, 28, 19, 0.6000, 40.9945, -39.5500, -10.7864, 0.1800, 204.00
1255, 2099, 3, 88, 0.7111, 20.0254, -20.0085, 0.8238, 0.3556, 183.20
1255, 2102, 113, 1, 0.6556, 53.4697, 34.6540, -40.7198, 0.2622, 202.00
1255, 2104, 88, 2, 0.6000, 1.3708, -0.9524, 0.9860, 0.1800, 242.22
1255, 2105, 112, 38, 0.6000, 37.1429, 0.0336, 37.1429, 0.1800, 214.33
1255, 2107, 49, 82, 0.6000, 37.9282, -29.5238, -23.8095, 0.1800, 139.67
1255, 2108, 20, 91, 0.6000, 26.6837, 15.2381, -21.9048, 0.1800, 167.33
1255, 2088, 70, 18, 0.9000, 0.1115, -0.1063, 0.0339, 0.9000, 210.73
1255, 2051, 118, 92, 0.5222, 13.1034, 0.7976, 13.0791, 0.2611, 128.40
1255, 2093, 13, 8, 0.5556, 6.8051, -3.4804, -5.8477, 0.2222, 202.75
1255, 2100, 91, -14, 0.5000, 37.0450, 26.6667, -25.7143, 0.1500, 196.00
1255, 2103, 93, 61, 0.5000, 38.3917, 27.6190, -26.6667, 0.1500, 157.33
1256, 2088, 70, 21, 1.0000, 1.5367, -0.0093, 1.5366, 1.0000, 210.04
1256, 2051, 93, 91, 0.6806, 14.6835, -13.9723, 4.5144, 0.4083, 129.83
1256, 2066, 7, 38, 0.6222, 6.1145, -3.0336, -5.3088, 0.3111, 209.40
1256, 1997, 53, 108, 0.8879, 9.2738, 9.2607, -0.4923, 0.8879, 207.26
1256, 2100, 116, -1, 0.6556, 26.2590, 25.8885, -4.3956, 0.2622, 197.88
1256, 2101, 46, 80, 0.6556, 10.1586, 9.0861, 4.5431, 0.2622, 192.75
1256, 2103, 100, 38, 0.6556, 29.5958, 16.1345, -24.8110, 0.2622, 157.75
1256, 2104, 87, 4, 0.7056, 2.0320, -1.0122, 1.7620, 0.2822, 245.42
1256, 2105, 95, 74, 0.6556, 39.1725, -14.3203, 36.4611, 0.2622, 200.25
1256, 2108, 23, 87, 0.6556, 7.2476, 4.1388, -5.9496, 0.2622, 172.25
1256, 2097, -11, 8, 0.5000, 40.9945, -39.5500, -10.7864, 0.1500, 204.00
1256, 2099, -17, 89, 0.6111, 20.0254, -20.0085, 0.8238, 0.3056, 183.20
1256, 2102, 148, -40, 0.5556, 53.4697, 34.6540, -40.7198, 0.2222, 202.00
1256, 2107, 19, 58, 0.5000, 37.9282, -29.5238, -23.8095, 0.1500, 139.67
1257, 2088, 70, 22, 1.0000, 1.2277, 0.0033, 1.2276, 1.0000, 208.50
1257, 2066, 2, 21, 0.6806, 16.2293, -4.1670, -15.6853, 0.4083, 214.33
1257, 2093, 4, 1, 0.7111, 5.7591, -4.3466, -3.7781, 0.3556, 206.40
1257, 2100, 121, 0, 0.7111, 6.3809, 6.3063, 0.9724, 0.3556, 208.50
1257, 2101, 51, 82, 0.7111, 5.1524, 4.8731, 1.6732, 0.3556, 190.20
1257, 2103, 101, 7, 0.7111, 30.4275, 2.0719, -30.3568, 0.3556, 157.60
1257, 2104, 86, 5, 0.7611, 1.6318, -1.0107, 1.2811, 0.3806, 247.33
1257, 2107, 21, 47, 0.6556, 20.4390, -12.2500, -16.3612, 0.2622, 155.00
1257, 2108, 22, 89, 0.7111, 0.8141, -0.4649, 0.6683, 0.3556, 175.20
1257, 2109, 112, 64, 0.6000, 29.6976, 4.6637, 29.3292, 0.1800, 139.83
1257, 2051, 79, 95, 0.5806, 14.6835, -13.9723, 4.5144, 0.3483, 129.83
1257, 1997, 63, 108, 0.7879, 9.2738, 9.2607, -0.4923, 0.7879, 207.26
1257, 2105, 81, 111, 0.5556, 39.1725, -14.3203, 36.4611, 0.2222, 200.25
1258, 2088, 70, 23, 1.0000, 1.0149, 0.0028, 1.0149, 1.0000, 211.28
1258, 2101, 62, 70, 0.7667, 14.4518, 10.4712, -9.9604, 0.4600, 190.17
1258, 2104, 85, 6, 0.8167, 1.4131, -1.0023, 0.9962, 0.4900, 248.61
1258, 2108, 21, 90, 0.7667, 1.3660, -0.7801, 1.1213, 0.4600, 177.00
1258, 2066, -2, 5, 0.5806, 16.2293, -4.1670, -15.6853, 0.3483, 214.33
1258, 1997, 72, 107, 0.6879, 9.2738, 9.2607, -0.4923, 0.6879, 207.26
1258, 2093, 0, -3, 0.6111, 5.7591, -4.3466, -3.7781, 0.3056, 206.40
1258, 2107, 9, 31, 0.5556, 20.4390, -12.2500, -16.3612, 0.2222, 155.00
1258, 2109, 116, 93, 0.5000, 29.6976, 4.6637, 29.3292, 0.1500, 139.83
1259, 1997, 73, 110, 0.9444, 5.9666, 5.9086, 0.8294, 0.9444, 202.07
1259, 2104, 85, 7, 0.8722, 0.9872, -0.2391, 0.9578, 0.6106, 249.10
1259, 2108, 21, 90, 0.8222, 0.3915, -0.2236, 0.3214, 0.5756, 178.43
1259, 2109, 95, 112, 0.6556, 25.5386, -9.9875, 23.5047, 0.2622, 132.12
1259, 2088, 70, 24, 0.9000, 1.0149, 0.0028, 1.0149, 0.9000, 211.28
1259, 2093, -5, -7, 0.5111, 5.7591, -4.3466, -3.7781, 0.2556, 206.40
1259, 2101, 72, 60, 0.6667, 14.4518, 10.4712, -9.9604, 0.4000, 190.17
1260, 2088, 71, 25, 1.0000, 1.1119, 0.5347, 0.9749, 1.0000, 210.15
1260, 2093, 3, 0, 0.7667, 0.6863, 0.5226, 0.4449, 0.4600, 209.50
1260, 2104, 84, 8, 0.9278, 1.2096, -0.7033, 0.9841, 0.7422, 249.46
1260, 2079, 27, 54, 0.5625, 51.8855, -50.3364, 12.5841, 0.2250, 202.75
1260, 1997, 79, 111, 0.8444, 5.9666, 5.9086, 0.8294, 0.8444, 202.07
1260, 2109, 85, 136, 0.5556, 25.5386, -9.9875, 23.5047, 0.2222, 132.12
1261, 2104, 83, 9, 0.9833, 1.4103, -0.9945, 0.9999, 0.8850, 249.63
1261, 2079, -2, 68, 0.6222, 34.8965, -32.0860, 13.7204, 0.3111, 199.20
1261, 2117, 25, 55, 0.6000, 13.7283, -10.9374, 8.2970, 0.1800, 220.00
1261, 2122, 4, 54, 0.6000, 0.9212, 0.0672, 0.9188, 0.1800, 198.50
1261, 2123, 32, 122, 0.6000, 40.4299, 28.5714, 28.6050, 0.1800, 164.00
1261, 2088, 71, 26, 0.9000, 1.1119, 0.5347, 0.9749, 0.9000, 210.15
1261, 1997, 85, 112, 0.7444, 5.9666, 5.9086, 0.8294, 0.7444, 202.07
1262, 2088, 72, 27, 1.0000, 1.1282, 0.5222, 1.0001, 1.0000, 210.31
1262, 1997, 79, 108, 1.0000, 1.4732, 1.1149, -0.9631, 1.0000, 195.29
1262, 2104, 82, 10, 1.0000, 1.4456, -1.0417, 1.0023, 1.0000, 249.07
1262, 2117, 6, 55, 0.6556, 17.6307, -17.6087, 0.8799, 0.2622, 221.00
1262, 2122, 7, 39, 0.6556, 12.7479, 2.2532, -12.5472, 0.2622, 198.12
1262, 2079, -34, 82, 0.5222, 34.8965, -32.0860, 13.7204, 0.2611, 199.20
1262, 2123, 61, 151, 0.5000, 40.4299, 28.5714, 28.6050, 0.1500, 164.00
1263, 2088, 72, 28, 1.0000, 1.0119, 0.1440, 1.0016, 1.0000, 209.03
1263, 2094, 21, 88, 0.6000, 30.8261, 6.6004, 30.1112, 0.1800, 195.00
1263, 2098, 54, 86, 0.6000, 49.8168, -16.8564, 46.8783, 0.1800, 204.78
1263, 2104, 81, 11, 1.0000, 1.4275, -1.0178, 1.0010, 1.0000, 247.24
1263, 2115, 111, 16, 0.6000, 13.5127, 13.5126, -0.0538, 0.1800, 158.00
1263, 2117, 3, 55, 0.7111, 4.2818, -4.2818, -0.0050, 0.3556, 215.20
1263, 2122, 16, 12, 0.7111, 26.7070, 8.4526, -25.3341, 0.3556, 201.10
1263, 1997, 80, 107, 0.9000, 1.4732, 1.1149, -0.9631, 0.9000, 195.29
1264, 2088, 64, 22, 1.0000, 8.5469, -7.1406, -4.6970, 1.0000, 208.28
1264, 1997, 63, 114, 1.0000, 10.1830, -9.6054, 3.3810, 1.0000, 192.13
1264, 2104, 80, 13, 1.0000, 2.0067, -1.0010, 1.7392, 1.0000, 247.89
1264, 2117, 6, 55, 0.7667, 1.7016, 1.6966, -0.1301, 0.4600, 213.83
1264, 2119, 105, 15, 0.7111, 8.6336, -5.5271, 6.6325, 0.3556, 121.20
1264, 2127, 26, 60, 0.6000, 1.3708, 0.9524, 0.9860, 0.1800, 247.33
1264, 2094, 27, 118, 0.5000, 30.8261, 6.6004, 30.1112, 0.1500, 195.00
1264, 2098, 37, 133, 0.5000, 49.8168, -16.8564, 46.8783, 0.1500, 204.78
1264, 2115, 124, 16, 0.5000, 13.5127, 13.5126, -0.0538, 0.1500, 158.00
1264, 2122, 24, -13, 0.6111, 26.7070, 8.4526, -25.3341, 0.3056, 201.10
1265, 2088, 53, 10, 1.0000, 14.8822, -10.3022, -10.7398, 1.0000, 207.02
1265, 2104, 79, 14, 1.0000, 1.6452, -0.9977, 1.3081, 1.0000, 248.44
1265, 2127, 27, 62, 0.7056, 2.0320, 1.0122, 1.7620, 0.2822, 248.50
1265, 2131, 21, 90, 0.6000, 3.0117, 0.9524, -2.8571, 0.1800, 177.67
1265, 2119, 100, 21, 0.6111, 8.6336, -5.5271, 6.6325, 0.3056, 121.20
1266, 2104, 78, 15, 1.0000, 1.4254, -0.9989, 1.0168, 1.0000, 247.40
1266, 2119, 70, 12, 0.7667, 19.8313, -19.6447, -2.7145, 0.4600, 132.17
1266, 2031, 60, 20, 0.5400, 25.1546, 20.7072, 14.2817, 0.2700, 209.00
1266, 2126, 21, 55, 0.6000, 7.6293, -7.1242, 2.7300, 0.1800, 207.33
1266, 2127, 28, 63, 0.7611, 1.6318, 1.0107, 1.2811, 0.3806, 249.00
1266, 2131, 18, 63, 0.6556, 24.2915, -2.7553, -24.1347, 0.2622, 183.50
1267, 2050, 60, 34, 0.5625, 12.8892, -12.5603, 2.8928, 0.2250, 198.25
1267, 2056, 58, 106, 0.5625, 18.4365, -2.8741, 18.2111, 0.2250, 165.25
1267, 2104, 77, 16, 1.0000, 1.3858, -0.9999, 0.9595, 1.0000, 247.91
1267, 2112, 35, 21, 0.6000, 14.9758, 13.9152, -5.5355, 0.1800, 207.33
1267, 2119, 57, 23, 0.8222, 16.8359, -13.6497, 9.8557, 0.5756, 142.71
1267, 2127, 29, 64, 0.8167, 1.4131, 1.0023, 0.9962, 0.4900, 250.00
1267, 2134, 57, 90, 0.6000, 16.3626, 10.1324, 12.8479, 0.1800, 181.67
1267, 2126, 14, 58, 0.5000, 7.6293, -7.1242, 2.7300, 0.1500, 207.33
1267, 2131, 15, 38, 0.5556, 24.2915, -2.7553, -24.1347, 0.2222, 183.50
1268, 2050, 26, 16, 0.6222, 34.7345, -31.3056, -15.0480, 0.3111, 200.20
1268, 2104, 75, 17, 1.0000, 1.9818, -1.7226, 0.9798, 1.0000, 248.23
1268, 2106, 73, 27, 0.6000, 28.0237, -26.7372, 8.3936, 0.1800, 153.67
1268, 2112, 51, 17, 0.6556, 16.1660, 15.4723, -4.6849, 0.2622, 204.00
1268, 2119, 42, 49, 0.8778, 28.9190, -14.6223, 24.9499, 0.7022, 152.38
1268, 2127, 29, 66, 0.8722, 1.7347, 0.2391, 1.7181, 0.6106, 248.29
1268, 2131, 6, 20, 0.7111, 21.8926, -6.1384, -21.0145, 0.3556, 188.20
1268, 2137, 45, 57, 0.6000, 36.8394, -9.1771, -35.6780, 0.1800, 186.67
1268, 2134, 68, 103, 0.5000, 16.3626, 10.1324, 12.8479, 0.1500, 181.67
1269, 2056, 76, 126, 0.6222, 13.5439, 10.3878, 8.6909, 0.3111, 156.80
1269, 1954, 114, 120, 0.5400, 1.9106, 1.9106, 0.0082, 0.2700, 138.80
1269, 2104, 73, 18, 1.0000, 2.2669, -2.0357, 0.9975, 1.0000, 246.16
1269, 2106, 67, 38, 0.6556, 13.4000, -7.0730, 11.3813, 0.2622, 169.25
1269, 2112, 69, 11, 0.7111, 19.1953, 18.3672, -5.5773, 0.3556, 200.20
1269, 2126, 19, 60, 0.6556, 1.7380, 0.8321, 1.5258, 0.2622, 204.50
1269, 2127, 30, 67, 0.9278, 1.4607, 0.7033, 1.2802, 0.7422, 249.12
1269, 2129, 47, 80, 0.6000, 45.5658, 33.5514, -30.8310, 0.1800, 171.33
1269, 2134, 57, 99, 0.6556, 3.5464, -1.5777, 3.1762, 0.2622, 175.75
1269, 2137, 37, 12, 0.6556, 44.4770, -7.9706, -43.7570, 0.2622, 196.25
1269, 2050, -5, 1, 0.5222, 34.7345, -31.3056, -15.0480, 0.2611, 200.20
1269, 2131, 0, -1, 0.6111, 21.8926, -6.1384, -21.0145, 0.3056, 188.20
1270, 1954, 117, 121, 0.6500, 2.8956, 2.7965, 0.7513, 0.3900, 157.00
1270, 2104, 73, 19, 1.0000, 1.1845, -0.6314, 1.0021, 1.0000, 246.37
1270, 2112, 76, 8, 0.7667, 8.6557, 7.8072, -3.7374, 0.4600, 198.00
1270, 2126, 9, 71, 0.7111, 14.3633, -9.4055, 10.8555, 0.3556, 201.00
1270, 2127, 31, 68, 0.9833, 1.4141, 0.9945, 1.0053, 0.8850, 249.78
1270, 2129, 90, 40, 0.6556, 56.4586, 41.4489, -38.3348, 0.2622, 171.00
1270, 2131, 16, 0, 0.7667, 10.4753, 6.6885, -8.0620, 0.4600, 194.67
1270, 2134, 56, 99, 0.7111, 0.9801, -0.9657, 0.1669, 0.3556, 173.20
1270, 2056, 86, 134, 0.5222, 13.5439, 10.3878, 8.6909, 0.2611, 156.80
1270, 2106, 60, 50, 0.5556, 13.4000, -7.0730, 11.3813, 0.2222, 169.25
1270, 2137, 29, -31, 0.5556, 44.4770, -7.9706, -43.7570, 0.2222, 196.25
1271, 1954, 119, 122, 0.7087, 2.5256, 2.3029, 1.0370, 0.4961, 170.57
1271, 2104, 72, 21, 1.0000, 1.8373, -0.6683, 1.7115, 1.0000, 246.82
1271, 2106, 51, 73, 0.7111, 19.7066, -8.3188, 17.8647, 0.3556, 175.20
1271, 2124, 50, 41, 0.6000, 39.9132, 37.0653, -14.8064, 0.1800, 197.00
1271, 2041, 71, 38, 0.5400, 41.2383, 37.7596, -16.5774, 0.2700, 211.60
1271, 2127, 32, 70, 1.0000, 2.0008, 1.0417, 1.7082, 1.0000, 250.30
1271, 2128, 48, 80, 0.6000, 49.5697, 47.8577, -12.9152, 0.1800, 174.67
1271, 2042, 61, 74, 0.5400, 44.0149, 19.6733, -39.3735, 0.2700, 150.80
1271, 2141, 69, 119, 0.6000, 2.8913, 2.7402, 0.9224, 0.1800, 149.33
1271, 2112, 84, 4, 0.6667, 8.6557, 7.8072, -3.7374, 0.4000, 198.00
1271, 2126, -1, 82, 0.6111, 14.3633, -9.4055, 10.8555, 0.3056, 201.00
1271, 2129, 131, 2, 0.5556, 56.4586, 41.4489, -38.3348, 0.2222, 171.00
1272, 1954, 121, 122, 0.7667, 2.0198, 1.9994, 0.2859, 0.6133, 180.50
1272, 2104, 70, 22, 1.0000, 2.0877, -1.6144, 1.3238, 1.0000, 245.53
1272, 2127, 33, 71, 1.0000, 1.6406, 1.0178, 1.2868, 1.0000, 250.73
1272, 2141, 70, 120, 0.7056, 1.8824, 1.5760, 1.0295, 0.2822, 159.50
1272, 2142, 79, 125, 0.6000, 35.7158, -35.1560, 6.2987, 0.1800, 105.67
1272, 2144, 52, 48, 0.6000, 37.3009, -3.7759, 37.1092, 0.1800, 228.83
1272, 2146, 33, 54, 0.6000, 31.7873, -4.7619, 31.4286, 0.1800, 212.67
1272, 2112, 92, 0, 0.5667, 8.6557, 7.8072, -3.7374, 0.3400, 198.00
1272, 2124, 87, 26, 0.5000, 39.9132, 37.0653, -14.8064, 0.1500, 197.00
1272, 2128, 96, 67, 0.5000, 49.5697, 47.8577, -12.9152, 0.1500, 174.67
1273, 1954, 124, 123, 0.8241, 2.8100, 2.7162, 0.7201, 0.7417, 188.78
1273, 2104, 69, 23, 1.0000, 1.6900, -1.3373, 1.0333, 1.0000, 245.37
1273, 2038, 31, 54, 0.5400, 43.8914, -43.8031, 2.7823, 0.2700, 199.20
1273, 2127, 34, 72, 1.0000, 1.4229, 1.0010, 1.0113, 1.0000, 249.33
1273, 2042, 75, 17, 0.6000, 27.3943, 5.3068, -26.8753, 0.3600, 156.83
1273, 2141, 71, 121, 0.7611, 1.4170, 0.9824, 1.0212, 0.3806, 167.40
1273, 2144, 52, 79, 0.6556, 31.9450, -0.2849, 31.9438, 0.2622, 217.12
1273, 2146, 22, 89, 0.6556, 36.4069, -10.3355, 34.9090, 0.2622, 206.75
1273, 2148, 45, 52, 0.6000, 43.2883, -15.6011, -40.3792, 0.1800, 179.67
1273, 2142, 44, 132, 0.5000, 35.7158, -35.1560, 6.2987, 0.1500, 105.67
1274, 1954, 126, 124, 0.8811, 2.4867, 2.2790, 0.9948, 0.8811, 193.50
1274, 2021, 75, 122, 0.5625, 51.1557, -50.2343, 9.6658, 0.2250, 97.25
1274, 2104, 68, 24, 1.0000, 1.4290, -1.0564, 0.9624, 1.0000, 245.80
1274, 2112, 106, 15, 0.8222, 8.1877, 7.4047, 3.4943, 0.5756, 190.57
1274, 2121, 55, 49, 0.6000, 53.3230, -53.1119, 4.7410, 0.1800, 160.67
1274, 2038, 7, 60, 0.6000, 26.9714, -26.4315, 5.3693, 0.3600, 195.00
1274, 2127, 35, 74, 1.0000, 1.9678, 0.9977, 1.6961, 1.0000, 249.38
1274, 2141, 64, 118, 0.7667, 6.6010, -5.9693, -2.8177, 0.4600, 163.17
1274, 2148, 32, 5, 0.6556, 47.8053, -13.6257, -45.8224, 0.2622, 185.50
1274, 2042, 80, -10, 0.5000, 27.3943, 5.3068, -26.8753, 0.3000, 156.83
1274, 2144, 52, 111, 0.5556, 31.9450, -0.2849, 31.9438, 0.2222, 217.12
1274, 2146, 12, 124, 0.5556, 36.4069, -10.3355, 34.9090, 0.2222, 206.75
1275, 2021, 46, 127, 0.6222, 32.2134, -31.7171, 5.6329, 0.3111, 106.60
1275, 2104, 63, 14, 1.0000, 9.1862, -4.4395, -8.0422, 1.0000, 246.07
1275, 2127, 35, 75, 1.0000, 1.3199, 0.2681, 1.2924, 1.0000, 249.79
1275, 2141, 58, 106, 0.8222, 12.1217, -6.2414, -10.3914, 0.5756, 162.29
1275, 2144, 73, 123, 0.7111, 23.7067, 11.9656, 20.4654, 0.3556, 202.90
1275, 2145, 93, 52, 0.6000, 50.9998, 31.2605, 40.2959, 0.1800, 201.33
1275, 2152, 5, 110, 0.7056, 1.5070, 0.0000, -1.5070, 0.2822, 149.75
1275, 2092, 42, 23, 0.5625, 23.1724, 22.8571, 3.8095, 0.2250, 208.00
1275, 1954, 128, 125, 0.7811, 2.4867, 2.2790, 0.9948, 0.7811, 193.50
1275, 2121, 2, 54, 0.5000, 53.3230, -53.1119, 4.7410, 0.1500, 160.67
1275, 2038, -19, 65, 0.5000, 26.9714, -26.4315, 5.3693, 0.3000, 195.00
1275, 2148, 18, -41, 0.5556, 47.8053, -13.6257, -45.8224, 0.2222, 185.50
1276, 2096, 39, 56, 0.6000, 41.0599, -28.0512, 29.9841, 0.1800, 207.67
1276, 2104, 63, 11, 1.0000, 4.0190, -0.5459, -3.9818, 1.0000, 246.36
1276, 2127, 36, 77, 1.0000, 1.8746, 0.6870, 1.7441, 1.0000, 249.93
1276, 2152, 5, 111, 0.7611, 0.2113, 0.0000, 0.2113, 0.3806, 151.40
1276, 2092, 89, 9, 0.6222, 45.4358, 43.8835, -11.7749, 0.3111, 199.00
1276, 1954, 131, 126, 0.6811, 2.4867, 2.2790, 0.9948, 0.6811, 193.50
1276, 2021, 14, 132, 0.5222, 32.2134, -31.7171, 5.6329, 0.2611, 106.60
1276, 2145, 124, 93, 0.5000, 50.9998, 31.2605, 40.2959, 0.1500, 201.33
1277, 2096, 1, 77, 0.6556, 42.6155, -36.2337, 22.4322, 0.2622, 202.50
1277, 2104, 55, 7, 1.0000, 7.5803, -6.4386, -4.0006, 1.0000, 244.47
1277, 2127, 38, 78, 1.0000, 2.1270, 1.7010, 1.2770, 1.0000, 248.41
1277, 2152, 3, 107, 0.8167, 3.8397, -1.5289, -3.5222, 0.4900, 152.67
1277, 1954, 133, 127, 0.5811, 2.4867, 2.2790, 0.9948, 0.5811, 193.50
1277, 2092, 133, -3, 0.5222, 45.4358, 43.8835, -11.7749, 0.2611, 199.00
1278, 2104, 39, 15, 1.0000, 16.0789, -14.7543, 6.3908, 1.0000, 242.76
1278, 2127, 38, 80, 1.0000, 1.8374, 0.6387, 1.7228, 1.0000, 248.62
1278, 2130, 1, 77, 0.6000, 33.7825, -5.7178, -33.2951, 0.1800, 178.67
1278, 2046, 119, 96, 0.5625, 25.2018, -5.6747, -24.5547, 0.2250, 81.25
1278, 2138, 38, 22, 0.6000, 25.5874, 25.3103, 3.7552, 0.1800, 202.00
1278, 2153, 18, 6, 0.6000, 14.1292, 12.6508, -6.2920, 0.1800, 212.33
1278, 2096, -35, 100, 0.5556, 42.6155, -36.2337, 22.4322, 0.2222, 202.50
1278, 2152, 2, 103, 0.7167, 3.8397, -1.5289, -3.5222, 0.4300, 152.67
1279, 2127, 39, 81, 1.0000, 1.4703, 0.7281, 1.2774, 1.0000, 248.86
1279, 2130, 8, 40, 0.6556, 36.1585, 5.2078, -35.7815, 0.2622, 179.50
1279, 2005, 21, 6, 0.5250, 45.4993, -45.1599, -5.5475, 0.3150, 210.50
1279, 2019, 68, 13, 0.5250, 17.4881, 3.7759, -17.0756, 0.3150, 237.67
1279, 2095, 4, 72, 0.5625, 48.1588, -43.8095, 20.0000, 0.2250, 205.62
1279, 2154, 22, 58, 0.6000, 0.9860, 0.9860, 0.0000, 0.1800, 220.67
1279, 2138, 64, 26, 0.5000, 25.5874, 25.3103, 3.7552, 0.1500, 202.00
1279, 2152, 0, 100, 0.6167, 3.8397, -1.5289, -3.5222, 0.3700, 152.67
1279, 2153, 31, -1, 0.5000, 14.1292, 12.6508, -6.2920, 0.1500, 212.33
1280, 2127, 40, 83, 1.0000, 1.9572, 0.9355, 1.7192, 1.0000, 248.92
1280, 2130, 10, 4, 0.7111, 36.3664, 2.6470, -36.2700, 0.3556, 186.20
1280, 2138, 81, 42, 0.6556, 23.4832, 20.9459, 10.6174, 0.2622, 198.00
1280, 2005, -2, 12, 0.5841, 26.7266, -26.3566, 4.4322, 0.4089, 209.86
1280, 2152, 0, 91, 0.8222, 5.7187, -0.9979, -5.6309, 0.5756, 154.86
1280, 2153, 41, 5, 0.6556, 11.4224, 11.4199, 0.2389, 0.2622, 210.75
1280, 2019, 70, 10, 0.5841, 5.3130, 2.5454, -4.6636, 0.4089, 239.86
1280, 2154, 6, 71, 0.6556, 17.4601, -13.3081, 11.3026, 0.2622, 213.00
1280, 1967, 76, 50, 0.5250, 43.8203, 1.9720, -43.7759, 0.3150, 171.33
1280, 2161, 63, 74, 0.6000, 54.2528, -14.2521, -52.3473, 0.1800, 144.67
1281, 2127, 40, 83, 1.0000, 0.6541, 0.3085, 0.5768, 1.0000, 247.32
1281, 2152, 4, 74, 0.8778, 16.9708, 3.8754, -16.5224, 0.7022, 158.88
1281, 2153, 59, 30, 0.7111, 28.8981, 17.2994, 23.1481, 0.3556, 209.50
1281, 1967, 71, 34, 0.5841, 20.5860, -4.0110, -20.1914, 0.4089, 175.43
1281, 2155, 10, 14, 0.6000, 38.2419, -36.6333, -10.9750, 0.1800, 225.00
1281, 2157, 47, 54, 0.6000, 27.2506, -22.9803, 14.6458, 0.1800, 209.67
1281, 2161, 49, 25, 0.6556, 51.7011, -14.4329, -49.6457, 0.2622, 166.25
1281, 2130, 13, -32, 0.6111, 36.3664, 2.6470, -36.2700, 0.3056, 186.20
1281, 2138, 102, 52, 0.5556, 23.4832, 20.9459, 10.6174, 0.2222, 198.00
1281, 2154, -7, 82, 0.5556, 17.4601, -13.3081, 11.3026, 0.2222, 213.00
1282, 2127, 42, 85, 1.0000, 1.9681, 1.3936, 1.3896, 1.0000, 247.62
1282, 2138, 113, 51, 0.7111, 15.8013, 15.2709, 4.0597, 0.3556, 185.40
1282, 2152, 6, 69, 0.9333, 6.4781, 2.2989, -6.0564, 0.8400, 161.78
1282, 2154, -1, 91, 0.7111, 10.0546, -2.1535, 9.8213, 0.3556, 205.00
1282, 1967, 58, 11, 0.6424, 26.2136, -12.4163, -23.0865, 0.5139, 177.88
1282, 2155, -2, 2, 0.6556, 19.1195, -15.2424, -11.5423, 0.2622, 223.75
1282, 2157, 43, 57, 0.6556, 7.9233, -6.6668, 4.2815, 0.2622, 209.75
1282, 2161, 25, -4, 0.7111, 38.3554, -23.2886, -30.4759, 0.3556, 178.40
1282, 2130, 16, -68, 0.5111, 36.3664, 2.6470, -36.2700, 0.2556, 186.20
1283, 2127, 43, 87, 1.0000, 2.3414, 1.2973, 1.9491, 1.0000, 247.73
1283, 2152, 7, 68, 0.9889, 1.8779, 1.0946, -1.5259, 0.9889, 166.35
1283, 2157, 35, 79, 0.7111, 21.7188, -7.8267, 20.2595, 0.3556, 208.60
1283, 2138, 129, 56, 0.6111, 15.8013, 15.2709, 4.0597, 0.3056, 185.40
1283, 1967, 45, -13, 0.5424, 26.2136, -12.4163, -23.0865, 0.4339, 177.88
1283, 2155, -17, -9, 0.5556, 19.1195, -15.2424, -11.5423, 0.2222, 223.75
1283, 2161, 1, -34, 0.6111, 38.3554, -23.2886, -30.4759, 0.3056, 178.40
1284, 2127, 44, 88, 1.0000, 1.7520, 1.0751, 1.3834, 1.0000, 248.04
1284, 2139, 9, 14, 0.6000, 9.8369, 8.5975, -4.7798, 0.1800, 218.00
1284, 2019, 74, 8, 0.6424, 0.9060, 0.4735, 0.7724, 0.5139, 233.25
1284, 2110, 57, 38, 0.5625, 2.1747, -0.9860, 1.9384, 0.2250, 253.00
1284, 2138, 144, 60, 0.5111, 15.8013, 15.2709, 4.0597, 0.2556, 185.40
1284, 2152, 8, 67, 0.8889, 1.8779, 1.0946, -1.5259, 0.8889, 166.35
1284, 2157, 27, 99, 0.6111, 21.7188, -7.8267, 20.2595, 0.3056, 208.60
1285, 2127, 45, 89, 1.0000, 1.4219, 0.9862, 1.0244, 1.0000, 248.12
1285, 2139, 11, 13, 0.6556, 3.4120, 3.1440, -1.3255, 0.2622, 217.75
1285, 2151, 8, 95, 0.6000, 6.7941, -3.7764, -5.6479, 0.1800, 163.33
1285, 2152, 9, 67, 1.0000, 0.9782, 0.8618, -0.4627, 1.0000, 170.14
1285, 2110, 56, 39, 0.6722, 1.6195, -1.0085, 1.2672, 0.3361, 252.40
1285, 2113, 53, 27, 0.5625, 32.5068, -2.8571, -32.3810, 0.2250, 196.75
1286, 2127, 47, 91, 1.0000, 2.3330, 1.6663, 1.6328, 1.0000, 248.40
1286, 2139, 18, 21, 0.7111, 9.3083, 6.9089, 6.2379, 0.3556, 215.40
1286, 2151, 3, 81, 0.6556, 13.8501, -4.8575, -12.9703, 0.2622, 171.00
1286, 2152, 11, 67, 1.0000, 1.7343, 1.7338, -0.0414, 1.0000, 174.38
1286, 2110, 55, 40, 0.7306, 1.4008, -1.0049, 0.9759, 0.4383, 252.33
1286, 2113, 58, 9, 0.6222, 20.4436, 3.7450, -20.0976, 0.3111, 198.00
1286, 2114, 54, 25, 0.5625, 15.9449, -4.6947, 15.2381, 0.2250, 199.50
1286, 2164, 83, 98, 0.6000, 1.0202, 1.0196, 0.0336, 0.1800, 140.00
1287, 2127, 48, 92, 1.0000, 1.8616, 1.3277, 1.3049, 1.0000, 248.65
1287, 2135, 43, 56, 0.6000, 57.7057, -14.4446, 55.8686, 0.1800, 205.00
1287, 2139, 40, 44, 0.7667, 29.3350, 19.7584, 21.6828, 0.4600, 214.33
1287, 2151, 13, 64, 0.7111, 18.7281, 7.8660, -16.9961, 0.3556, 172.00
1287, 2152, 12, 66, 1.0000, 1.4808, 1.2977, -0.7133, 1.0000, 177.12
1287, 2026, 42, 6, 0.5250, 16.2372, -5.4266, -15.3036, 0.3150, 204.83
1287, 2110, 53, 42, 0.7881, 2.4620, -1.7651, 1.7163, 0.5517, 252.43
1287, 2113, 59, 8, 0.6806, 3.6044, 1.7441, -3.1544, 0.4083, 197.50
1287, 2114, 53, 28, 0.6222, 4.3384, -1.3007, 4.1388, 0.3111, 198.20
1287, 2164, 70, 84, 0.6556, 16.3575, -11.0512, -12.0598, 0.2622, 148.50
1288, 2127, 49, 93, 1.0000, 1.4777, 1.0476, 1.0421, 1.0000, 248.37
1288, 2143, 49, 123, 0.6000, 24.1007, 24.0813, -0.9674, 0.1800, 141.67
1288, 2151, 6, 44, 0.7667, 19.6843, -4.7008, -19.1147, 0.4600, 180.33
1288, 2152, 13, 65, 1.0000, 1.4399, 1.0097, -1.0265, 1.0000, 180.32
1288, 2110, 52, 43, 0.8451, 1.8190, -1.2935, 1.2789, 0.6761, 252.75
1288, 2111, 38, 6, 0.5625, 1.1768, 0.8321, -0.8321, 0.2250, 224.00
1288, 2114, 55, 27, 0.6806, 1.7248, 1.6610, -0.4649, 0.4083, 199.67
1288, 2164, 72, 68, 0.7111, 15.8826, 0.3986, -15.8776, 0.3556, 153.80
1288, 2135, 28, 112, 0.5000, 57.7057, -14.4446, 55.8686, 0.1500, 205.00
1289, 2127, 51, 94, 1.0000, 1.9052, 1.6407, 0.9683, 1.0000, 248.61
1289, 2152, 2, 70, 1.0000, 10.5747, -9.6761, 4.2657, 1.0000, 180.43
1289, 2110, 51, 44, 0.9019, 1.4195, -1.0030, 1.0044, 0.8117, 253.00
1289, 2111, 25, 2, 0.6222, 11.8337, -11.1029, -4.0942, 0.3111, 222.80
1289, 2114, 57, 26, 0.7381, 1.7684, 1.5871, -0.7801, 0.5167, 199.57
1289, 2143, 73, 122, 0.5000, 24.1007, 24.0813, -0.9674, 0.1500, 141.67
1289, 2151, 2, 25, 0.6667, 19.6843, -4.7008, -19.1147, 0.4000, 180.33
1289, 2164, 72, 52, 0.6111, 15.8826, 0.3986, -15.8776, 0.3056, 153.80
1290, 2127, 56, 83, 1.0000, 9.6054, 4.6630, -8.3976, 1.0000, 246.21
1290, 2140, 87, 54, 0.6000, 19.2500, -5.7963, -18.3566, 0.1800, 165.00
1290, 2162, 29, 30, 0.6000, 26.2401, 13.9242, 22.2410, 0.1800, 212.00
1290, 2110, 50, 46, 0.9583, 1.9624, -0.9581, 1.7126, 0.9583, 252.90
1290, 2113, 63, 12, 0.7951, 1.2675, 0.9151, 0.8770, 0.6361, 195.75
1290, 2114, 50, 22, 0.7951, 7.2932, -6.5111, -3.2856, 0.6361, 199.50
1290, 2152, -8, 74, 0.9000, 10.5747, -9.6761, 4.2657, 0.9000, 180.43
1290, 2111, 14, -3, 0.5222, 11.8337, -11.1029, -4.0942, 0.2611, 222.80
1291, 2110, 48, 47, 1.0000, 2.1551, -1.7303, 1.2847, 1.0000, 253.09
1291, 2118, 14, 37, 0.5625, 30.6581, -18.7760, -24.2359, 0.2250, 200.25
1291, 2127, 61, 75, 0.9000, 9.6054, 4.6630, -8.3976, 0.9000, 246.21
1291, 2140, 81, 35, 0.5000, 19.2500, -5.7963, -18.3566, 0.1500, 165.00
1291, 2162, 43, 53, 0.5000, 26.2401, 13.9242, 22.2410, 0.1500, 212.00
1292, 2140, 81, 30, 0.6556, 11.6730, -2.8921, -11.3090, 0.2622, 170.25
1292, 2162, 59, 59, 0.6556, 19.9649, 15.0657, 13.1004, 0.2622, 208.00
1292, 2110, 47, 48, 1.0000, 1.6479, -1.3028, 1.0092, 1.0000, 253.00
1292, 2118, 5, 2, 0.6222, 35.3423, -9.5934, -34.0154, 0.3111, 206.40
1292, 2127, 66, 67, 0.8000, 9.6054, 4.6630, -8.3976, 0.8000, 246.21
1293, 2140, 87, 13, 0.7111, 17.2033, 5.8135, -16.1913, 0.3556, 166.20
1293, 1937, 120, 65, 0.5143, 35.3976, 34.3413, -8.5828, 0.3600, 156.86
1293, 2075, 9, 94, 0.5400, 20.9323, 7.4370, -19.5666, 0.2700, 171.20
1293, 2110, 46, 50, 1.0000, 1.9797, -1.0145, 1.7000, 1.0000, 253.00
1293, 2171, 9, 111, 0.6000, 53.4182, -51.6706, -13.5520, 0.1800, 151.33
1293, 2132, 10, 54, 0.5625, 11.0198, -8.1843, -7.3792, 0.2250, 194.50
1293, 2172, 37, 64, 0.6000, 37.8531, -18.0616, -33.2661, 0.1800, 236.00
1293, 2174, 1, 115, 0.6000, 16.1150, -11.3613, -11.4286, 0.1800, 200.00
1293, 2127, 70, 58, 0.7000, 9.6054, 4.6630, -8.3976, 0.7000, 246.21
1293, 2162, 74, 72, 0.5556, 19.9649, 15.0657, 13.1004, 0.2222, 208.00
1293, 2118, -4, -32, 0.5222, 35.3423, -9.5934, -34.0154, 0.2611, 206.40
1294, 2072, 72, 5, 0.5400, 19.2919, -19.0796, -2.8542, 0.2700, 164.40
1294, 2075, 6, 82, 0.6000, 13.5036, -2.3620, -13.2954, 0.3600, 171.17
1294, 2110, 47, 60, 1.0000, 8.6553, 0.5099, 8.6403, 1.0000, 249.75
1294, 2172, 4, 17, 0.6556, 54.5733, -30.5377, -45.2293, 0.2622, 230.75
1294, 2174, 0, 115, 0.6556, 3.4974, -3.1115, -1.5971, 0.2622, 212.75
1294, 2140, 93, -3, 0.6111, 17.2033, 5.8135, -16.1913, 0.3056, 166.20
1294, 2171, -43, 98, 0.5000, 53.4182, -51.6706, -13.5520, 0.1500, 151.33
1295, 2072, 50, 5, 0.6000, 21.1946, -21.1795, -0.8005, 0.3600, 173.67
1295, 2075, 17, 68, 0.6587, 16.7989, 9.6093, -13.7791, 0.4611, 174.14
1295, 2166, 64, 29, 0.6000, 37.4982, -17.4767, -33.1765, 0.1800, 207.00
1295, 2132, 2, 40, 0.6222, 7.9814, -3.4263, -7.2086, 0.3111, 195.00
1295, 2174, 0, 117, 0.7111, 1.6984, 0.3372, 1.6645, 0.3556, 213.60
1295, 2175, 5, 47, 0.6000, 50.2461, -18.2791, -46.8032, 0.1800, 189.00
1295, 2136, 14, 17, 0.5625, 0.0336, 0.0000, 0.0336, 0.2250, 210.00
1295, 2110, 47, 68, 0.9000, 8.6553, 0.5099, 8.6403, 0.9000, 249.75
1295, 2172, -26, -28, 0.5556, 54.5733, -30.5377, -45.2293, 0.2222, 230.75
1296, 2072, 38, 1, 0.6587, 14.0022, -13.6821, -2.9768, 0.4611, 179.71
1296, 2075, 23, 59, 0.7167, 11.7857, 7.0667, -9.4321, 0.5733, 182.62
1296, 2166, 60, 3, 0.6556, 27.9908, -5.9897, -27.3424, 0.2622, 206.75
1296, 2125, 59, 27, 0.5625, 12.9427, 12.8111, -1.8416, 0.2250, 200.00
1296, 2174, 1, 120, 0.7667, 2.4657, 0.5818, 2.3961, 0.4600, 218.33
1296, 2133, 41, 53, 0.5625, 9.9110, 2.8571, -9.4902, 0.2250, 221.25
1296, 2176, 6, 86, 0.6000, 54.7741, -52.3473, -16.1232, 0.1800, 223.00
1296, 2110, 48, 77, 0.8000, 8.6553, 0.5099, 8.6403, 0.8000, 249.75
1296, 2132, -2, 33, 0.5222, 7.9814, -3.4263, -7.2086, 0.2611, 195.00
1296, 2175, -13, 0, 0.5000, 50.2461, -18.2791, -46.8032, 0.1500, 189.00
1297, 2075, 38, 54, 0.7741, 14.6172, 13.5964, -5.3665, 0.6967, 187.06
1297, 2110, 42, 78, 1.0000, 5.9646, -2.0048, 5.6175, 1.0000, 245.90
1297, 2125, 65, 30, 0.6222, 7.3381, 6.9023, 2.4914, 0.3111, 198.80
1297, 2174, 0, 122, 0.8222, 2.2779, -0.5910, 2.1999, 0.5756, 221.00
1297, 2136, 16, 19, 0.6722, 1.5159, 1.0775, 1.0663, 0.3361, 211.40
1297, 2133, 54, 18, 0.6222, 34.1823, 12.0786, -31.9772, 0.3111, 216.00
1297, 2072, 24, -2, 0.5587, 14.0022, -13.6821, -2.9768, 0.3911, 179.71
1297, 2166, 54, -24, 0.5556, 27.9908, -5.9897, -27.3424, 0.2222, 206.75
1297, 2176, -47, 69, 0.5000, 54.7741, -52.3473, -16.1232, 0.1500, 223.00
1298, 2163, 86, 32, 0.6000, 50.0131, 44.9208, 21.9870, 0.1800, 199.67
1298, 2075, 40, 55, 0.8311, 3.1243, 3.1166, 0.2195, 0.8311, 193.15
1298, 2110, 19, 92, 1.0000, 25.0149, -21.4932, 12.7980, 1.0000, 241.66
1298, 2125, 81, 33, 0.6806, 15.5899, 15.3569, 2.6850, 0.4083, 197.67
1298, 2174, 0, 123, 0.8778, 1.2925, -0.3106, 1.2547, 0.7022, 225.25
1298, 2136, 16, 19, 0.7306, 0.4049, 0.2887, 0.2839, 0.4383, 213.33
1298, 2133, 46, -1, 0.6806, 21.2391, -5.8712, -20.4114, 0.4083, 216.00
1298, 2183, 67, 28, 0.6000, 1.0202, 1.0196, 0.0336, 0.1800, 212.67
1299, 2163, 124, 51, 0.6556, 43.2632, 38.8985, 18.9370, 0.2622, 182.25
1299, 2075, 38, 57, 0.8879, 2.3342, -1.6588, 1.6422, 0.8879, 198.77
1299, 2165, 49, 35, 0.6000, 10.0053, -6.6004, -7.5195, 0.1800, 212.67
1299, 2125, 100, 19, 0.7381, 21.6923, 17.8454, -12.3329, 0.5167, 197.79
1299, 2173, 31, 95, 0.6000, 19.9831, -19.2233, -5.4581, 0.1800, 164.33
1299, 2183, 68, 28, 0.7056, 1.0048, 1.0048, -0.0037, 0.2822, 208.00
1299, 2185, 54, 5, 0.6000, 0.9860, 0.9860, 0.0000, 0.1800, 208.33
1299, 2186, 27, 58, 0.6000, 2.1597, 1.9384, -0.9524, 0.1800, 220.00
1299, 2174, 0, 124, 0.7778, 1.2925, -0.3106, 1.2547, 0.6222, 225.25
1299, 2136, 16, 19, 0.6306, 0.4049, 0.2887, 0.2839, 0.3783, 213.33
1299, 2133, 41, -22, 0.5806, 21.2391, -5.8712, -20.4114, 0.3483, 216.00
1300, 2075, 35, 58, 0.9444, 2.9223, -2.6045, 1.3253, 0.9444, 203.21
1300, 2125, 118, 21, 0.7951, 18.3687, 18.3315, 1.1693, 0.6361, 189.19
1300, 2173, 20, 90, 0.6556, 13.0687, -11.8701, -5.4672, 0.2622, 169.50
1300, 2174, 5, 113, 0.9333, 6.9167, 2.8263, -6.3129, 0.8400, 216.22
1300, 2183, 75, 31, 0.7111, 7.0386, 6.3441, 3.0485, 0.3556, 203.60
1300, 2185, 51, 15, 0.6556, 9.4536, -2.7590, 9.0421, 0.2622, 206.50
1300, 2186, 28, 57, 0.7056, 1.6218, 1.2672, -1.0122, 0.2822, 224.50
1300, 2149, 3, 81, 0.5625, 20.1650, 2.8235, -19.9664, 0.2250, 195.00
1300, 2163, 163, 69, 0.5556, 43.2632, 38.8985, 18.9370, 0.2222, 182.25
1300, 2165, 43, 28, 0.5000, 10.0053, -6.6004, -7.5195, 0.1500, 212.67
1300, 2136, 17, 20, 0.5306, 0.4049, 0.2887, 0.2839, 0.3183, 213.33
1301, 2075, 34, 60, 1.0000, 2.3216, -1.4261, 1.8319, 1.0000, 207.19
1301, 2165, 55, 7, 0.6556, 15.8297, 4.1013, -15.2891, 0.2622, 208.75
1301, 2173, 16, 92, 0.7111, 5.0002, -4.9009, 0.9916, 0.3556, 170.80
1301, 2136, 16, 18, 0.7881, 0.5456, -0.1241, -0.5313, 0.5517, 212.43
1301, 2185, 45, 26, 0.7111, 11.6824, -5.7208, 10.1859, 0.3556, 205.00
1301, 2186, 28, 56, 0.7611, 1.0327, 0.2123, -1.0107, 0.3806, 220.40
1301, 2188, 105, 16, 0.6000, 18.4919, -15.2381, 10.4762, 0.1800, 170.33
1301, 2125, 136, 23, 0.6951, 18.3687, 18.3315, 1.1693, 0.5561, 189.19
1301, 2183, 81, 34, 0.6111, 7.0386, 6.3441, 3.0485, 0.3056, 203.60
1302, 2132, 13, 11, 0.6806, 4.6020, 3.4846, -3.0059, 0.4083, 197.67
1302, 2173, 17, 94, 0.7667, 2.0380, 0.6254, 1.9396, 0.4600, 172.50
1302, 2136, 17, 3, 0.7951, 13.9449, 0.7758, -13.9233, 0.6361, 214.75
1302, 2183, 81, 30, 0.7667, 2.8779, 2.6573, -1.1050, 0.4600, 200.67
1302, 2185, 43, 27, 0.7667, 3.1224, -1.7790, 2.5660, 0.4600, 204.50
1302, 2186, 31, 56, 0.8167, 2.2026, 2.1897, -0.2378, 0.4900, 217.17
1302, 2149, 10, 53, 0.6222, 13.8462, 3.6123, -13.3667, 0.3111, 194.80
1302, 2188, 79, 16, 0.6556, 23.7677, -23.7300, 1.3384, 0.2622, 177.75
1302, 2191, 46, 65, 0.6000, 0.9936, 0.9928, 0.0376, 0.1800, 207.67
1302, 2165, 59, -9, 0.5556, 15.8297, 4.1013, -15.2891, 0.2222, 208.75
1303, 2173, 19, 94, 0.8222, 1.8238, 1.7291, 0.5802, 0.5756, 171.71
1303, 2184, 28, 83, 0.6000, 29.6893, 15.4155, 25.3736, 0.1800, 195.00
1303, 2186, 34, 53, 0.8722, 3.8100, 3.0921, -2.2260, 0.6106, 218.57
1303, 2191, 47, 65, 0.7056, 1.0063, 1.0062, -0.0090, 0.2822, 209.50
1303, 2197, 88, 76, 0.6000, 24.9644, -14.6834, -20.1896, 0.1800, 127.67
1303, 2198, 72, 28, 0.6000, 11.4989, -0.9188, 11.4622, 0.1800, 190.67
1303, 2183, 84, 29, 0.6667, 2.8779, 2.6573, -1.1050, 0.4000, 200.67
1303, 2185, 41, 30, 0.6667, 3.1224, -1.7790, 2.5660, 0.4000, 204.50
1303, 2149, 14, 39, 0.5222, 13.8462, 3.6123, -13.3667, 0.2611, 194.80
1303, 2188, 56, 17, 0.5556, 23.7677, -23.7300, 1.3384, 0.2222, 177.75
1304, 2168, 71, 103, 0.6000, 11.1405, 5.7357, 9.5505, 0.1800, 147.33
1304, 2186, 37, 44, 0.8778, 8.9651, 3.1537, -8.3921, 0.7022, 216.38
1304, 2149, 17, 22, 0.6806, 15.8890, 3.5169, -15.4949, 0.4083, 197.83
1304, 2195, 79, 28, 0.6000, 40.6748, -40.5156, -3.5955, 0.1800, 143.33
1304, 2200, 109, 17, 0.6000, 1.9720, 1.9720, 0.0000, 0.1800, 252.00
1304, 2204, 87, 75, 0.6000, 3.0117, 0.9524, 2.8571, 0.1800, 187.33
1304, 2207, 7, 103, 0.6000, 1.3952, 1.0196, 0.9524, 0.1800, 248.67
1304, 2183, 87, 28, 0.5667, 2.8779, 2.6573, -1.1050, 0.3400, 200.67
1304, 2184, 43, 108, 0.5000, 29.6893, 15.4155, 25.3736, 0.1500, 195.00
1304, 2185, 40, 33, 0.5667, 3.1224, -1.7790, 2.5660, 0.3400, 204.50
1304, 2191, 48, 65, 0.6056, 1.0063, 1.0062, -0.0090, 0.2422, 209.50
1304, 2197, 73, 56, 0.5000, 24.9644, -14.6834, -20.1896, 0.1500, 127.67
1304, 2198, 71, 39, 0.5000, 11.4989, -0.9188, 11.4622, 0.1500, 190.67
1305, 2185, 35, 53, 0.8222, 10.3411, -2.9761, 9.9036, 0.5756, 209.29
1305, 2191, 50, 66, 0.7611, 1.6475, 1.5532, 0.5491, 0.3806, 209.40
1305, 2195, 21, 23, 0.6556, 56.6136, -56.4014, -4.8971, 0.2622, 159.50
1305, 2197, 74, 28, 0.6556, 25.1425, -5.7938, -24.4658, 0.2622, 153.00
1305, 2198, 70, 70, 0.6556, 22.4981, -1.0319, 22.4744, 0.2622, 190.50
1305, 2200, 111, 17, 0.7056, 2.0170, 2.0170, 0.0000, 0.2822, 252.75
1305, 2201, 75, 18, 0.6000, 10.7415, 3.6708, -10.0948, 0.1800, 185.00
1305, 2204, 87, 76, 0.7056, 1.5513, 0.2587, 1.5295, 0.2822, 181.38
1305, 2207, 8, 103, 0.7056, 1.0376, 1.0048, 0.2587, 0.2822, 249.50
1305, 2209, 86, 86, 0.6000, 52.3630, 51.4958, -9.4902, 0.1800, 168.17
1305, 2168, 76, 112, 0.5000, 11.1405, 5.7357, 9.5505, 0.1500, 147.33
1305, 2186, 40, 36, 0.7778, 8.9651, 3.1537, -8.3921, 0.6222, 216.38
1306, 2168, 109, 115, 0.6556, 21.5345, 20.6954, 5.9527, 0.2622, 147.75
1306, 2080, 107, 53, 0.5400, 42.1889, -11.3493, -40.6336, 0.2700, 102.80
1306, 2183, 91, 30, 0.8222, 2.3781, 2.3675, 0.2244, 0.5756, 195.86
1306, 2186, 48, 22, 0.9333, 12.7378, 5.7399, -11.3712, 0.8400, 214.44
1306, 2191, 50, 71, 0.8167, 4.8619, 0.3685, 4.8479, 0.4900, 207.67
1306, 2197, 72, 16, 0.7111, 13.7050, -3.1264, -13.3436, 0.3556, 157.40
1306, 2198, 47, 107, 0.7111, 41.2500, -21.4264, 35.2487, 0.3556, 181.40
1306, 2200, 115, 24, 0.7111, 7.0586, 3.5370, 6.1085, 0.3556, 230.80
1306, 2201, 76, 16, 0.6556, 3.4583, 1.8253, -2.9374, 0.2622, 183.25
1306, 2204, 88, 77, 0.7611, 1.2028, 0.7345, 0.9525, 0.3806, 179.90
1306, 2207, 10, 104, 0.7611, 1.9097, 1.7628, 0.7345, 0.3806, 250.60
1306, 2195, -36, 18, 0.5556, 56.6136, -56.4014, -4.8971, 0.2222, 159.50
1306, 2209, 138, 77, 0.5000, 52.3630, 51.4958, -9.4902, 0.1500, 168.17
1307, 2168, 118, 125, 0.7111, 13.9125, 9.9489, 9.7251, 0.3556, 134.80
1307, 2080, 112, 16, 0.6000, 38.1889, 3.5916, -38.0196, 0.3600, 113.78
1307, 2177, 70, 125, 0.6000, 2.1173, 0.9469, 1.8937, 0.1800, 197.33
1307, 2183, 115, 22, 0.8778, 24.2744, 23.0835, -7.5101, 0.7022, 187.75
1307, 2186, 62, 7, 0.9889, 19.9756, 13.0500, -15.1236, 0.9889, 212.00
1307, 2189, 10, 47, 0.6000, 50.7182, -42.0630, 28.3379, 0.1800, 196.00
1307, 2194, 55, 64, 0.6000, 52.5548, -37.1785, 37.1452, 0.1800, 196.33
1307, 2199, 75, 43, 0.6000, 14.4910, -0.9420, 14.4604, 0.1800, 184.67
1307, 2204, 88, 77, 0.8167, 0.2800, 0.2423, 0.1403, 0.4900, 177.75
1307, 2205, 2, 106, 0.6000, 24.1941, -18.8047, 15.2229, 0.1800, 208.33
1307, 2207, 11, 104, 0.8167, 1.3126, 1.2901, 0.2423, 0.4900, 250.50
1307, 2191, 51, 76, 0.7167, 4.8619, 0.3685, 4.8479, 0.4300, 207.67
1307, 2197, 68, 3, 0.6111, 13.7050, -3.1264, -13.3436, 0.3056, 157.40
1307, 2198, 25, 142, 0.6111, 41.2500, -21.4264, 35.2487, 0.3056, 181.40
1307, 2200, 118, 30, 0.6111, 7.0586, 3.5370, 6.1085, 0.3056, 230.80
1307, 2201, 78, 13, 0.5556, 3.4583, 1.8253, -2.9374, 0.2222, 183.25
1308, 2191, 51, 84, 0.8222, 6.5563, 0.3935, 6.5445, 0.5756, 203.43
1308, 2194, 14, 104, 0.6556, 57.5121, -41.0392, 40.2918, 0.2622, 209.75
1308, 2199, 89, 83, 0.6556, 39.0108, 11.9103, 37.1481, 0.2622, 173.00
1308, 2204, 88, 77, 0.8722, 0.0850, -0.0132, -0.0840, 0.6106, 175.21
1308, 2207, 4, 106, 0.8222, 6.7716, -6.6017, 1.5074, 0.5756, 250.86
1308, 2156, 24, 48, 0.5625, 26.9374, -26.6667, -3.8095, 0.2250, 206.00
1308, 2168, 128, 135, 0.6111, 13.9125, 9.9489, 9.7251, 0.3056, 134.80
1308, 2080, 116, -22, 0.5000, 38.1889, 3.5916, -38.0196, 0.3000, 113.78
1308, 2177, 71, 127, 0.5000, 2.1173, 0.9469, 1.8937, 0.1500, 197.33
1308, 2186, 75, -8, 0.8889, 19.9756, 13.0500, -15.1236, 0.8889, 212.00
1308, 2189, -32, 75, 0.5000, 50.7182, -42.0630, 28.3379, 0.1500, 196.00
1308, 2200, 122, 36, 0.5111, 7.0586, 3.5370, 6.1085, 0.2556, 230.80
1308, 2205, -17, 121, 0.5000, 24.1941, -18.8047, 15.2229, 0.1500, 208.33
1309, 2191, 51, 108, 0.8778, 22.5570, 0.0887, 22.5569, 0.7022, 196.75
1309, 2201, 80, 16, 0.7111, 1.3388, 1.0880, 0.7802, 0.3556, 181.40
1309, 2204, 88, 77, 0.9278, 0.0667, -0.0404, -0.0531, 0.7422, 173.31
1309, 2158, 79, 41, 0.5625, 0.1188, 0.1127, 0.0376, 0.2250, 198.50
1309, 2211, 95, 88, 0.6000, 33.5503, -27.6190, -19.0476, 0.1800, 93.00
1309, 2186, 88, -24, 0.7889, 19.9756, 13.0500, -15.1236, 0.7889, 212.00
1309, 2194, -27, 145, 0.5556, 57.5121, -41.0392, 40.2918, 0.2222, 209.75
1309, 2199, 101, 120, 0.5556, 39.0108, 11.9103, 37.1481, 0.2222, 173.00
1310, 2177, 98, 126, 0.6556, 11.0822, 11.0820, 0.0508, 0.2622, 172.25
1310, 2191, 49, 127, 0.9333, 19.1292, -1.5496, 19.0664, 0.8400, 190.89
1310, 2193, 20, 71, 0.6000, 1.3135, -0.9400, 0.9174, 0.1800, 231.33
1310, 2201, 55, 23, 0.7667, 24.3988, -23.4392, 6.7756, 0.4600, 183.33
1310, 2204, 93, 86, 0.9333, 8.7523, 4.4966, 7.5090, 0.8400, 168.83
1310, 2208, 11, 93, 0.6000, 13.8350, -1.8416, -13.7119, 0.1800, 175.11
1310, 2156, 0, 22, 0.6222, 17.6185, -10.2651, -14.3192, 0.3111, 208.00
1310, 2158, 77, 22, 0.6222, 16.7380, -1.5413, -16.6669, 0.3111, 194.60
1310, 2211, 66, 74, 0.6556, 31.9379, -28.5998, -14.2156, 0.2622, 114.50
1310, 2186, 101, -39, 0.6889, 19.9756, 13.0500, -15.1236, 0.6889, 212.00
1311, 2193, 18, 72, 0.7056, 2.0635, -1.7844, 1.0362, 0.2822, 236.50
1311, 2200, 116, 37, 0.7667, 1.6917, -0.8411, 1.4678, 0.4600, 215.17
1311, 2156, 0, 11, 0.6806, 10.7149, -0.5498, -10.7008, 0.4083, 207.83
1311, 2213, 82, 29, 0.6000, 0.9928, 0.9928, 0.0000, 0.1800, 187.33
1311, 2215, 78, 42, 0.6000, 34.4018, 22.8908, -25.6807, 0.1800, 195.67
1311, 2217, 0, 111, 0.6000, 7.4428, -5.7479, 4.7283, 0.1800, 185.33
1311, 2177, 109, 126, 0.5556, 11.0822, 11.0820, 0.0508, 0.2222, 172.25
1311, 2186, 114, -54, 0.5889, 19.9756, 13.0500, -15.1236, 0.5889, 212.00
1311, 2191, 48, 146, 0.8333, 19.1292, -1.5496, 19.0664, 0.7500, 190.89
1311, 2204, 98, 93, 0.8333, 8.7523, 4.4966, 7.5090, 0.7500, 168.83
1311, 2208, 9, 79, 0.5000, 13.8350, -1.8416, -13.7119, 0.1500, 175.11
1311, 2158, 76, 5, 0.5222, 16.7380, -1.5413, -16.6669, 0.2611, 194.60
1311, 2211, 38, 60, 0.5556, 31.9379, -28.5998, -14.2156, 0.2222, 114.50
1312, 2170, 22, 127, 0.6000, 19.1023, -16.4664, 9.6828, 0.1800, 138.00
1312, 2193, 16, 73, 0.7611, 2.2995, -2.0589, 1.0241, 0.3806, 240.20
1312, 2200, 108, 28, 0.8222, 11.6111, -7.9325, -8.4789, 0.5756, 205.29
1312, 2158, 68, 5, 0.6806, 8.6025, -4.9690, -7.0222, 0.4083, 193.17
1312, 2213, 83, 29, 0.7056, 1.0062, 1.0062, 0.0000, 0.2822, 188.00
1312, 2214, 69, 48, 0.6000, 42.7669, -37.7013, 20.1896, 0.1800, 170.33
1312, 2215, 82, 38, 0.6556, 9.3450, 6.2046, -6.9880, 0.2622, 192.50
1312, 2191, 46, 165, 0.7333, 19.1292, -1.5496, 19.0664, 0.6600, 190.89
1312, 2204, 102, 101, 0.7333, 8.7523, 4.4966, 7.5090, 0.6600, 168.83
1312, 2156, 0, 1, 0.5806, 10.7149, -0.5498, -10.7008, 0.3483, 207.83
1312, 2217, -6, 116, 0.5000, 7.4428, -5.7479, 4.7283, 0.1500, 185.33
1313, 2193, 15, 74, 0.8167, 1.6342, -1.2895, 1.0039, 0.4900, 242.67
1313, 2204, 97, 88, 0.9889, 0.8916, 0.5742, -0.6821, 0.9889, 164.55
1313, 2208, 21, 62, 0.6556, 10.6117, 4.3602, -9.6746, 0.2622, 180.33
1313, 2212, 14, 28, 0.6000, 6.4825, -6.2145, 1.8447, 0.1800, 209.67
1313, 2213, 80, 22, 0.7111, 6.7239, -2.8136, -6.1069, 0.3556, 186.40
1313, 2214, 40, 71, 0.6556, 38.0147, -30.6169, 22.5326, 0.2622, 169.50
1313, 2215, 85, 29, 0.7111, 9.2375, 3.8783, -8.3839, 0.3556, 192.00
1313, 2170, 5, 136, 0.5000, 19.1023, -16.4664, 9.6828, 0.1500, 138.00
1313, 2191, 45, 184, 0.6333, 19.1292, -1.5496, 19.0664, 0.5700, 190.89
1314, 2170, 20, 127, 0.6556, 1.4714, 0.9700, -1.1064, 0.2622, 143.50
1314, 2193, 13, 75, 0.8722, 1.9870, -1.7182, 0.9980, 0.6106, 244.00
1314, 2208, 19, 55, 0.7111, 6.7171, -1.4651, -6.5554, 0.3556, 186.87
1314, 2213, 72, 8, 0.7667, 14.9520, -7.3343, -13.0296, 0.4600, 190.50
1314, 2214, 19, 90, 0.7111, 29.5207, -21.5796, 20.1444, 0.3556, 173.20
1314, 2217, 3, 120, 0.6556, 3.5692, 2.3170, 2.7149, 0.2622, 176.50
1314, 2191, 43, 203, 0.5333, 19.1292, -1.5496, 19.0664, 0.4800, 190.89
1314, 2212, 7, 30, 0.5000, 6.4825, -6.2145, 1.8447, 0.1500, 209.67
1315, 2170, 17, 108, 0.7111, 17.5212, -2.7991, -17.2962, 0.3556, 165.40
1315, 2193, 11, 76, 0.9278, 2.2297, -1.9936, 0.9987, 0.7422, 245.12
1315, 2208, 21, 32, 0.7667, 21.8857, 1.2361, -21.8507, 0.4600, 190.22
1315, 2025, 114, 32, 0.5409, 3.9442, 3.8285, 0.9483, 0.5409, 143.27
1315, 2169, 45, 96, 0.5625, 0.0000, 0.0000, 0.0000, 0.2250, 177.00
1315, 2213, 65, -5, 0.6667, 14.9520, -7.3343, -13.0296, 0.4000, 190.50
1315, 2217, 5, 123, 0.5556, 3.5692, 2.3170, 2.7149, 0.2222, 176.50
1316, 2193, 10, 76, 0.9833, 1.3107, -1.2871, 0.2480, 0.8850, 244.78
1316, 2208, 21, 26, 0.8222, 7.1431, 0.6579, -7.1127, 0.5756, 194.19
1316, 2212, 0, 56, 0.6556, 11.7403, -4.1893, 10.9674, 0.2622, 203.75
1316, 2213, 72, 6, 0.8222, 1.5445, 1.4031, 0.6455, 0.5756, 191.29
1316, 2215, 81, 21, 0.8778, 1.5996, 0.9006, 1.3219, 0.7022, 185.75
1316, 2169, 54, 87, 0.6222, 10.6562, 7.5351, -7.5351, 0.3111, 181.40
1316, 2222, 73, 42, 0.6000, 40.3378, 36.7835, 16.5564, 0.1800, 205.33
1317, 2193, 8, 77, 1.0000, 1.8524, -1.7154, 0.6990, 1.0000, 245.30
1317, 2212, 18, 87, 0.7111, 34.2364, 16.4296, 30.0367, 0.3556, 200.80
1317, 2215, 86, 20, 0.9333, 5.3360, 5.2666, -0.8574, 0.8400, 184.44
1317, 2169, 63, 72, 0.6806, 16.7554, 8.8700, -14.2149, 0.4083, 182.00
1317, 2222, 104, 85, 0.6556, 50.8497, 31.8643, 39.6277, 0.2622, 182.50
1317, 2227, 122, 70, 0.6000, 45.7148, 17.3614, 42.2898, 0.1800, 137.50
1317, 2234, 90, 91, 0.6000, 34.2236, 27.6064, 20.2272, 0.1800, 182.00
1318, 2193, 6, 78, 1.0000, 2.2236, -1.9909, 0.9901, 1.0000, 246.00
1318, 2214, 5, 117, 0.9333, 1.7941, 1.7064, -0.5542, 0.8400, 167.00
1318, 2215, 105, 21, 0.9889, 17.7401, 17.7370, 0.3311, 0.9889, 180.50
1318, 2222, 128, 125, 0.7111, 47.1954, 25.2132, 39.8961, 0.3556, 163.60
1318, 2234, 105, 92, 0.6556, 16.7130, 16.3219, 3.5942, 0.2622, 166.75
1318, 2239, 21, 90, 0.6000, 14.2861, 0.1008, -14.2857, 0.1800, 232.00
1318, 2169, 72, 58, 0.5806, 16.7554, 8.8700, -14.2149, 0.3483, 182.00
1318, 2227, 139, 113, 0.5000, 45.7148, 17.3614, 42.2898, 0.1500, 137.50
1319, 2120, 103, 28, 0.5625, 24.2900, -24.1176, -2.8883, 0.2250, 113.00
1319, 2193, 4, 79, 1.0000, 2.2896, -2.0392, 1.0413, 1.0000, 246.50
1319, 2214, 6, 118, 0.9889, 1.4379, 1.1900, 0.8071, 0.9889, 166.30
1319, 2217, 10, 119, 0.7111, 1.6306, 1.1963, -1.1080, 0.3556, 171.40
1319, 2219, 8, 15, 0.6000, 6.6177, 5.4981, -3.6831, 0.1800, 220.33
1319, 2221, 17, 42, 0.6000, 34.3386, -27.2538, 20.8895, 0.1800, 200.33
1319, 2169, 79, 41, 0.7381, 17.7197, 8.0489, -15.7861, 0.5167, 182.14
1319, 2231, 101, 85, 0.6000, 48.0797, 21.4911, 43.0091, 0.1800, 166.83
1319, 2239, 21, 88, 0.6556, 3.8802, -0.0110, -3.8802, 0.2622, 220.75
1319, 2215, 123, 21, 0.8889, 17.7401, 17.7370, 0.3311, 0.8889, 180.50
1319, 2222, 153, 165, 0.6111, 47.1954, 25.2132, 39.8961, 0.3056, 163.60
1319, 2234, 121, 95, 0.5556, 16.7130, 16.3219, 3.5942, 0.2222, 166.75
1320, 2120, 55, 30, 0.6222, 45.0495, -45.0255, 1.4731, 0.3111, 125.40
1320, 2193, 3, 80, 1.0000, 1.6381, -1.2827, 1.0187, 1.0000, 246.69
1320, 2217, 28, 111, 0.7667, 19.1559, 17.4190, -7.9702, 0.4600, 183.17
1320, 2219, 13, 15, 0.6556, 5.4614, 5.4511, -0.3350, 0.2622, 217.50
1320, 2226, 21, 30, 0.6000, 15.6897, 8.0350, 13.4761, 0.1800, 217.00
1320, 2231, 106, 110, 0.6556, 27.8373, 6.6701, 27.0264, 0.2622, 150.12
1320, 2239, 21, 89, 0.7111, 0.4362, -0.0172, 0.4358, 0.3556, 213.20
1320, 2246, 52, 98, 0.6000, 15.7071, -3.8095, -15.2381, 0.1800, 154.00
1320, 2247, 56, 87, 0.6000, 44.1909, -26.6667, -35.2381, 0.1800, 139.33
1320, 2215, 140, 21, 0.7889, 17.7401, 17.7370, 0.3311, 0.7889, 180.50
1320, 2221, -10, 63, 0.5000, 34.3386, -27.2538, 20.8895, 0.1500, 200.33
1320, 2169, 87, 25, 0.6381, 17.7197, 8.0489, -15.7861, 0.4467, 182.14
1320, 2222, 179, 205, 0.5111, 47.1954, 25.2132, 39.8961, 0.2556, 163.60
1321, 2120, 2, 6, 0.6806, 55.7159, -51.5147, -21.2248, 0.4083, 142.00
1321, 2193, 2, 80, 1.0000, 0.9975, -0.9601, 0.2708, 1.0000, 244.32
1321, 2217, 34, 109, 0.8222, 7.5058, 7.0842, -2.4801, 0.5756, 186.00
1321, 2169, 80, 40, 0.7951, 1.9789, -0.9507, 1.7356, 0.6361, 182.62
1321, 2231, 111, 122, 0.7111, 15.3179, 5.7229, 14.2087, 0.3556, 138.10
1321, 2239, 21, 90, 0.7667, 0.7313, -0.0049, 0.7313, 0.4600, 208.50
1321, 2243, 94, 98, 0.7056, 2.3793, 0.7535, 2.2568, 0.2822, 128.50
1321, 2246, 63, 76, 0.6556, 22.4923, 8.7609, -20.7160, 0.2622, 161.75
1321, 2215, 158, 22, 0.6889, 17.7401, 17.7370, 0.3311, 0.6889, 180.50
1321, 2219, 18, 15, 0.5556, 5.4614, 5.4511, -0.3350, 0.2222, 217.50
1321, 2226, 29, 43, 0.5000, 15.6897, 8.0350, 13.4761, 0.1500, 217.00
1321, 2247, 29, 52, 0.5000, 44.1909, -26.6667, -35.2381, 0.1500, 139.33
1322, 2217, 51, 109, 0.8778, 16.5874, 16.5773, -0.5795, 0.7022, 182.50
1322, 2219, 21, 8, 0.7111, 5.5955, 3.8430, -4.0671, 0.3556, 216.60
1322, 2220, 15, 4, 0.6000, 25.9673, -25.9673, 0.0000, 0.1800, 217.33
1322, 2226, 24, 33, 0.6556, 0.3104, 0.2972, 0.0898, 0.2622, 216.25
1322, 2237, 67, 115, 0.6000, 14.6775, 13.6186, 5.4741, 0.1800, 139.33
1322, 2239, 21, 90, 0.8222, 0.2156, 0.0006, 0.2156, 0.5756, 205.14
1322, 2243, 95, 99, 0.7611, 1.8967, 1.0397, 1.5863, 0.3806, 131.40
1322, 2246, 69, 70, 0.7111, 9.8310, 6.7605, -7.1376, 0.3556, 167.00
1322, 2247, 28, 63, 0.6556, 15.4659, -12.4200, -9.2162, 0.2622, 154.25
1322, 2120, -49, -15, 0.5806, 55.7159, -51.5147, -21.2248, 0.3483, 142.00
1322, 2193, 1, 80, 0.9000, 0.9975, -0.9601, 0.2708, 0.9000, 244.32
1322, 2215, 176, 22, 0.5889, 17.7401, 17.7370, 0.3311, 0.5889, 180.50
1322, 2231, 117, 137, 0.6111, 15.3179, 5.7229, 14.2087, 0.3056, 138.10
1323, 2147, 13, 85, 0.5625, 45.5874, -44.5462, 9.6874, 0.2250, 188.00
1323, 2192, 48, 25, 0.6000, 56.4283, -34.7811, -44.4345, 0.1800, 185.00
1323, 2202, 87, 26, 0.6000, 43.7093, -33.6562, -27.8884, 0.1800, 141.67
1323, 2150, 35, 111, 0.5625, 1.9124, 1.9124, 0.0025, 0.2250, 189.62
1323, 2219, 28, 1, 0.7667, 9.6370, 6.2227, -7.3587, 0.4600, 216.50
1323, 2167, 71, 74, 0.5625, 12.6751, 12.1069, -3.7525, 0.2250, 182.25
1323, 2226, 23, 32, 0.7111, 0.7798, -0.3500, -0.6969, 0.3556, 214.20
1323, 2239, 21, 90, 0.8778, 0.0243, 0.0010, -0.0243, 0.7022, 202.62
1323, 2243, 93, 101, 0.8167, 2.1911, -1.2423, 1.8049, 0.4900, 129.33
1323, 2193, 0, 81, 0.8000, 0.9975, -0.9601, 0.2708, 0.8000, 244.32
1323, 2217, 68, 108, 0.7778, 16.5874, 16.5773, -0.5795, 0.6222, 182.50
1323, 2220, -11, 4, 0.5000, 25.9673, -25.9673, 0.0000, 0.1500, 217.33
1323, 2231, 123, 151, 0.5111, 15.3179, 5.7229, 14.2087, 0.2556, 138.10
1323, 2237, 80, 120, 0.5000, 14.6775, 13.6186, 5.4741, 0.1500, 139.33
1323, 2246, 76, 63, 0.6111, 9.8310, 6.7605, -7.1376, 0.3056, 167.00
1323, 2247, 16, 54, 0.5556, 15.4659, -12.4200, -9.2162, 0.2222, 154.25
1324, 2202, 62, 14, 0.6556, 30.2368, -26.5728, -14.4274, 0.2622, 157.25
1324, 2150, 36, 112, 0.6722, 1.4905, 1.2859, 0.7537, 0.3361, 194.50
1324, 2217, 95, 102, 0.9333, 22.8436, 22.5444, -3.6854, 0.8400, 175.78
1324, 2167, 107, 88, 0.6222, 34.4271, 32.3397, 11.8054, 0.3111, 167.40
1324, 2237, 113, 123, 0.6556, 24.7672, 24.4221, 4.1200, 0.2622, 122.25
1324, 2239, 21, 90, 0.9333, 0.0407, 0.0003, -0.0407, 0.8400, 200.44
1324, 2252, 59, 97, 0.6000, 48.0834, -47.6190, 6.6667, 0.1800, 129.83
1324, 2253, 41, 92, 0.6000, 0.9860, 0.9860, 0.0000, 0.1800, 181.67
1324, 2192, 13, -19, 0.5000, 56.4283, -34.7811, -44.4345, 0.1500, 185.00
1324, 2193, -1, 81, 0.7000, 0.9975, -0.9601, 0.2708, 0.7000, 244.32
1324, 2219, 34, -7, 0.6667, 9.6370, 6.2227, -7.3587, 0.4000, 216.50
1324, 2243, 92, 103, 0.7167, 2.1911, -1.2423, 1.8049, 0.4300, 129.33
1325, 2202, 31, 0, 0.7111, 33.5744, -30.5653, -13.8925, 0.3556, 170.20
1325, 2150, 39, 112, 0.7306, 2.5284, 2.5134, 0.2753, 0.4383, 194.25
1325, 2217, 98, 102, 0.9889, 4.2399, 4.2398, 0.0182, 0.9889, 169.20
1325, 2167, 115, 92, 0.6806, 12.0682, 11.0621, 4.8241, 0.4083, 156.33
1325, 2237, 119, 121, 0.7111, 7.5693, 7.4116, -1.5371, 0.3556, 115.00
1325, 2239, 21, 90, 0.9889, 0.0120, -0.0000, -0.0120, 0.9889, 198.70
1325, 2179, 45, 11, 0.5625, 42.3410, 41.3345, 9.1771, 0.2250, 221.50
1325, 2182, 96, 31, 0.5625, 0.9936, -0.9928, 0.0376, 0.2250, 168.00
1325, 2253, 33, 69, 0.6556, 20.6497, -6.5265, -19.5911, 0.2622, 185.00
1325, 2193, -2, 81, 0.6000, 0.9975, -0.9601, 0.2708, 0.6000, 244.32
1325, 2219, 40, -14, 0.5667, 9.6370, 6.2227, -7.3587, 0.3400, 216.50
1325, 2243, 91, 105, 0.6167, 2.1911, -1.2423, 1.8049, 0.3700, 129.33
1325, 2252, 11, 103, 0.5000, 48.0834, -47.6190, 6.6667, 0.1500, 129.83
1326, 2193, 5, 82, 1.0000, 1.1909, 1.1218, 0.3996, 1.0000, 239.77
1326, 2150, 40, 113, 0.7881, 1.7130, 1.5353, 0.7596, 0.5517, 195.64
1326, 2219, 44, 4, 0.8222, 6.1276, 5.3101, 3.0577, 0.5756, 218.57
1326, 2239, 33, 87, 1.0000, 11.1226, 10.6950, -3.0544, 1.0000, 196.91
1326, 2179, 89, 25, 0.6222, 45.0507, 43.0517, 13.2708, 0.3111, 211.80
1326, 2182, 95, 32, 0.6722, 1.2539, -1.0062, 0.7482, 0.3361, 171.40
1326, 2250, 97, 102, 0.6000, 40.6683, 4.5277, 40.4155, 0.1800, 147.00
1326, 2252, 6, 119, 0.6556, 26.2009, -23.5639, 11.4555, 0.2622, 131.62
1326, 2202, 0, -14, 0.6111, 33.5744, -30.5653, -13.8925, 0.3056, 170.20
1326, 2167, 126, 97, 0.5806, 12.0682, 11.0621, 4.8241, 0.3483, 156.33
1326, 2243, 90, 106, 0.5167, 2.1911, -1.2423, 1.8049, 0.3100, 129.33
1326, 2253, 27, 50, 0.5556, 20.6497, -6.5265, -19.5911, 0.2222, 185.00
1327, 2193, 7, 101, 1.0000, 18.2392, 1.8750, 18.1425, 1.0000, 234.84
1327, 2150, 41, 113, 0.8451, 1.0184, 0.9867, 0.2522, 0.6761, 200.81
1327, 2160, 76, 74, 0.5625, 38.4788, -0.9617, 38.4668, 0.2250, 207.25
1327, 2239, 44, 91, 1.0000, 11.4813, 10.9605, 3.4187, 1.0000, 196.08
1327, 2243, 97, 107, 0.8722, 2.0820, 1.5191, 1.4238, 0.6106, 125.86
1327, 2244, 44, 77, 0.6000, 44.4363, 36.8495, -24.8335, 0.1800, 169.33
1327, 2178, 96, 95, 0.5625, 39.0702, 30.6147, -24.2738, 0.2250, 130.75
1327, 2179, 125, 47, 0.6806, 42.4016, 37.1314, 20.4734, 0.4083, 199.00
1327, 2182, 100, 32, 0.7306, 4.3488, 4.3403, 0.2706, 0.4383, 170.83
1327, 2248, 87, 10, 0.6000, 24.8843, -12.5903, -21.4642, 0.1800, 169.00
1327, 2253, 25, 34, 0.7111, 17.8933, -3.8882, -17.4657, 0.3556, 189.80
1327, 2202, -30, -28, 0.5111, 33.5744, -30.5653, -13.8925, 0.2556, 170.20
1327, 2250, 101, 142, 0.5000, 40.6683, 4.5277, 40.4155, 0.1500, 147.00
1327, 2252, -17, 130, 0.5556, 26.2009, -23.5639, 11.4555, 0.2222, 131.62
1328, 2150, 51, 117, 0.8519, 9.2762, 8.4766, 3.7676, 0.7667, 195.28
1328, 2160, 96, 95, 0.6222, 29.5586, 17.0927, 24.1153, 0.3111, 186.60
1328, 2239, 60, 97, 1.0000, 16.8493, 15.6130, 6.3350, 1.0000, 193.69
1328, 2243, 98, 108, 0.9278, 1.5576, 1.1398, 1.0616, 0.7422, 125.88
1328, 2244, 78, 73, 0.6556, 34.4129, 33.7594, -6.6748, 0.2622, 175.25
1328, 2178, 115, 61, 0.6222, 38.3355, 20.1136, -32.6352, 0.3111, 129.70
1328, 2182, 101, 33, 0.7881, 1.9548, 1.8016, 0.7586, 0.5517, 170.46
1328, 2253, 33, 7, 0.7667, 26.5668, 7.1340, -25.5910, 0.4600, 193.67
1328, 2179, 162, 67, 0.5806, 42.4016, 37.1314, 20.4734, 0.3483, 199.00
1328, 2248, 75, -11, 0.5000, 24.8843, -12.5903, -21.4642, 0.1500, 169.00
1329, 2243, 98, 108, 0.9833, 0.3124, 0.2291, 0.2124, 0.8850, 123.11
1329, 2244, 125, 55, 0.7111, 48.7179, 45.7462, -16.7545, 0.3556, 167.40
1329, 2182, 93, 29, 0.7951, 8.3814, -7.5833, -3.5694, 0.6361, 171.66
1329, 2249, 94, 49, 0.6000, 32.7453, -32.6279, -2.7703, 0.1800, 147.33
1329, 2150, 59, 121, 0.7519, 9.2762, 8.4766, 3.7676, 0.6767, 195.28
1329, 2160, 113, 120, 0.5222, 29.5586, 17.0927, 24.1153, 0.2611, 186.60
1329, 2239, 76, 104, 0.9000, 16.8493, 15.6130, 6.3350, 0.9000, 193.69
1329, 2178, 135, 29, 0.5222, 38.3355, 20.1136, -32.6352, 0.2611, 129.70
1329, 2253, 40, -18, 0.6667, 26.5668, 7.1340, -25.5910, 0.4000, 193.67
1330, 2150, 75, 100, 0.9083, 16.3676, 12.6043, -10.4417, 0.9083, 193.95
1330, 2239, 99, 94, 1.0000, 20.0932, 19.8488, -3.1249, 1.0000, 187.29
1330, 2243, 99, 111, 1.0000, 2.3159, 0.6894, 2.2109, 1.0000, 123.90
1330, 2249, 41, 62, 0.6556, 51.4045, -50.3016, 10.5912, 0.2622, 158.50
1330, 2244, 170, 38, 0.6111, 48.7179, 45.7462, -16.7545, 0.3056, 167.40
1330, 2253, 47, -44, 0.5667, 26.5668, 7.1340, -25.5910, 0.3400, 193.67
1331, 2116, 84, 47, 0.5400, 46.5073, -37.6528, 27.2983, 0.2700, 151.00
1331, 2243, 99, 113, 1.0000, 2.3561, 0.2332, 2.3446, 1.0000, 122.55
1331, 2249, 7, 69, 0.7111, 36.3578, -35.6130, 7.3211, 0.3556, 164.20
1331, 2180, 49, 15, 0.5625, 13.5850, 9.2147, 9.9821, 0.2250, 219.50
1331, 2187, 47, 31, 0.5625, 19.6094, -19.0140, -4.7955, 0.2250, 233.00
1332, 2116, 65, 63, 0.6000, 27.2479, -21.3757, 16.8976, 0.3600, 160.67
1332, 2243, 99, 114, 1.0000, 1.3428, -0.0111, 1.3428, 1.0000, 122.00
1332, 2180, 51, 18, 0.6222, 4.5752, 2.6613, 3.7215, 0.3111, 215.80
1332, 2187, 28, 36, 0.6222, 19.0169, -18.7403, 3.2313, 0.3111, 229.20
1332, 2249, -28, 76, 0.6111, 36.3578, -35.6130, 7.3211, 0.3056, 164.20
1333, 2243, 100, 116, 1.0000, 1.8416, 0.7211, 1.6946, 1.0000, 120.31
1333, 2259, 51, 116, 0.6000, 1.3952, 1.0196, 0.9524, 0.1800, 215.00
1333, 2116, 44, 80, 0.5000, 27.2479, -21.3757, 16.8976, 0.3000, 160.67
1333, 2180, 54, 22, 0.5222, 4.5752, 2.6613, 3.7215, 0.2611, 215.80
1333, 2187, 9, 39, 0.5222, 19.0169, -18.7403, 3.2313, 0.2611, 229.20
1334, 2116, 21, 90, 0.6587, 25.8576, -22.1930, 13.2697, 0.4611, 163.71
1334, 2243, 100, 118, 1.0000, 1.9983, 0.2811, 1.9784, 1.0000, 120.64
1334, 2180, 70, 35, 0.6806, 13.9556, 10.7003, 8.9588, 0.4083, 216.67
1334, 2259, 53, 117, 0.7056, 2.0289, 1.7583, 1.0122, 0.2822, 204.50
1334, 2196, 123, 47, 0.5625, 0.0000, 0.0000, 0.0000, 0.2250, 128.75
1334, 2210, 38, 6, 0.5625, 5.7160, 5.6471, -0.8852, 0.2250, 224.75
1335, 2243, 101, 119, 1.0000, 1.4872, 0.7624, 1.2769, 1.0000, 119.73
1335, 2259, 55, 116, 0.7611, 2.1033, 2.0389, -0.5165, 0.3806, 201.40
1335, 2196, 113, 36, 0.6222, 12.8317, -8.2886, -9.7956, 0.3111, 133.20
1335, 1976, 86, 77, 0.5062, 27.7750, 3.6708, 27.5313, 0.4050, 203.88
1335, 2210, 70, 5, 0.6222, 28.7037, 28.6856, -1.0195, 0.3111, 220.00
1335, 2261, 73, 34, 0.6000, 11.5643, -11.3950, 1.9720, 0.1800, 194.67
1335, 2262, 87, 36, 0.6000, 0.9866, -0.9860, 0.0336, 0.1800, 181.67
1336, 2232, 11, 81, 0.6000, 47.0451, -18.2997, 43.3401, 0.1800, 201.33
1336, 2243, 101, 121, 1.0000, 1.7416, 0.2541, 1.7230, 1.0000, 119.00
1336, 2259, 57, 117, 0.8167, 2.0926, 2.0500, 0.4201, 0.4900, 204.83
1336, 2196, 105, 29, 0.6806, 11.1868, -8.3826, -7.4078, 0.4083, 137.00
1336, 1976, 100, 121, 0.5630, 44.1004, 13.1830, 42.0839, 0.5067, 191.83
1336, 2210, 96, 8, 0.6806, 26.7236, 26.5770, 2.7957, 0.4083, 212.17
1336, 2261, 33, 39, 0.6556, 36.5135, -36.2620, 4.2775, 0.2622, 195.75
1336, 2262, 78, 39, 0.6556, 8.1104, -7.7901, 2.2568, 0.2622, 186.75
1336, 2264, 121, 49, 0.6000, 43.9734, 34.9481, -26.6887, 0.1800, 153.00
1337, 2232, 3, 110, 0.6556, 32.1325, -9.5207, 30.6896, 0.2622, 194.75
1337, 2243, 102, 122, 1.0000, 1.4473, 0.7436, 1.2417, 1.0000, 118.88
1337, 2259, 58, 117, 0.8722, 1.2754, 1.2533, 0.2363, 0.6106, 203.21
1337, 2265, 116, 40, 0.6000, 53.8334, -9.0554, -53.0663, 0.1800, 107.00
1337, 2267, 8, 116, 0.6000, 26.4868, -24.7283, -9.4902, 0.1800, 158.33
1337, 2196, 97, 21, 0.5806, 11.1868, -8.3826, -7.4078, 0.3483, 137.00
1337, 2210, 123, 11, 0.5806, 26.7236, 26.5770, 2.7957, 0.3483, 212.17
1337, 2261, -3, 43, 0.5556, 36.5135, -36.2620, 4.2775, 0.2222, 195.75
1337, 2262, 70, 41, 0.5556, 8.1104, -7.7901, 2.2568, 0.2222, 186.75
1337, 2264, 156, 22, 0.5000, 43.9734, 34.9481, -26.6887, 0.1500, 153.00
1338, 2232, -1, 126, 0.7111, 17.5873, -4.1759, 17.0844, 0.3556, 206.40
1338, 2116, 21, 90, 0.8879, 0.2456, 0.2164, -0.1162, 0.8879, 172.27
1338, 2243, 103, 124, 1.0000, 2.0119, 1.0082, 1.7411, 1.0000, 118.13
1338, 2258, 40, 93, 0.6000, 5.0707, -3.5772, 3.5939, 0.1800, 177.00
1338, 2259, 60, 118, 0.9278, 1.8750, 1.7019, 0.7869, 0.7422, 202.69
1338, 2196, 83, 26, 0.7381, 11.2858, -11.2856, -0.0736, 0.5167, 143.00
1338, 2262, 71, 39, 0.7111, 3.1357, -3.1356, -0.0286, 0.3556, 193.00
1338, 1951, 58, 91, 0.5000, 28.2623, -27.5313, -6.3864, 0.4500, 144.67
1338, 2267, -2, 95, 0.6556, 23.2581, -12.0038, -19.9211, 0.2622, 161.50
1338, 2265, 107, -14, 0.5000, 53.8334, -9.0554, -53.0663, 0.1500, 107.00
1339, 2243, 103, 126, 1.0000, 2.0299, 0.2937, 2.0086, 1.0000, 120.75
1339, 2259, 62, 118, 0.9833, 2.0109, 1.9918, 0.2761, 0.8850, 205.50
1339, 2262, 54, 60, 0.7667, 24.7273, -15.2893, 19.4339, 0.4600, 194.50
1339, 1951, 11, 84, 0.5556, 44.9326, -44.3555, -7.1785, 0.5556, 147.40
1339, 2258, 37, 96, 0.5000, 5.0707, -3.5772, 3.5939, 0.1500, 177.00
1339, 2267, -14, 75, 0.5556, 23.2581, -12.0038, -19.9211, 0.2222, 161.50
1340, 2258, 7, 109, 0.6556, 20.2160, -18.3165, 8.5553, 0.2622, 174.75
1340, 2259, 64, 119, 1.0000, 2.1714, 2.0409, 0.7416, 1.0000, 206.55
1340, 2218, 3, 124, 0.5625, 41.9164, -0.9860, 41.9048, 0.2250, 185.25
1340, 2004, 115, 22, 0.5062, 12.4175, -0.9524, -12.3810, 0.4050, 139.50
1340, 2243, 103, 128, 0.9000, 2.0299, 0.2937, 2.0086, 0.9000, 120.75
1341, 2258, 2, 125, 0.7111, 16.6817, -6.3053, 15.4442, 0.3556, 188.40
1341, 2259, 65, 119, 1.0000, 1.3007, 1.2745, 0.2599, 1.0000, 202.56
1341, 2004, 119, 18, 0.5630, 6.6283, 3.5088, -5.6233, 0.5067, 138.22
1341, 2273, 67, 99, 0.6000, 24.9866, 23.8605, -7.4168, 0.1800, 153.00
1341, 2274, 118, 98, 0.6000, 30.9047, 25.7143, 17.1429, 0.1800, 130.00
1341, 2243, 104, 130, 0.8000, 2.0299, 0.2937, 2.0086, 0.8000, 120.75
1342, 2258, 4, 129, 0.7667, 5.4124, 0.9872, 5.3216, 0.4600, 193.67
1342, 2259, 67, 120, 1.0000, 1.8475, 1.6952, 0.7343, 1.0000, 201.35
1342, 2159, 41, 20, 0.5400, 16.0132, 15.5662, 3.7574, 0.2700, 211.80
1342, 2004, 120, 18, 0.6194, 1.4801, 1.4098, -0.4507, 0.6194, 138.10
1342, 2269, 81, 31, 0.6000, 0.8995, 0.8989, 0.0334, 0.1800, 191.00
1342, 2271, 81, 43, 0.6000, 0.9708, -0.1001, 0.9656, 0.1800, 194.67
1342, 2273, 95, 83, 0.6556, 30.5587, 26.6294, -14.9903, 0.2622, 151.00
1342, 2274, 120, 119, 0.6556, 21.0175, 4.7238, 20.4798, 0.2622, 117.50
1342, 2243, 104, 132, 0.7000, 2.0299, 0.2937, 2.0086, 0.7000, 120.75
1343, 2259, 69, 120, 1.0000, 2.0011, 1.9832, 0.2668, 1.0000, 199.44
1343, 2159, 54, 25, 0.6000, 14.0889, 13.2313, 4.8406, 0.3600, 210.50
1343, 2004, 121, 20, 0.6758, 1.6181, 0.7908, 1.4117, 0.6758, 137.82
1343, 2269, 82, 31, 0.7056, 1.0344, 1.0343, -0.0102, 0.2822, 191.50
1343, 2271, 80, 44, 0.7056, 1.2488, -0.7291, 1.0138, 0.2822, 200.50
1343, 2275, 104, 90, 0.7111, 5.1221, 4.5814, -2.2907, 0.3556, 104.40
1343, 2278, 96, 83, 0.6000, 37.7364, 6.6667, -37.1429, 0.1800, 117.83
1343, 2243, 104, 134, 0.6000, 2.0299, 0.2937, 2.0086, 0.6000, 120.75
1343, 2273, 121, 68, 0.5556, 30.5587, 26.6294, -14.9903, 0.2222, 151.00
1343, 2274, 124, 140, 0.5556, 21.0175, 4.7238, 20.4798, 0.2222, 117.50
1344, 2259, 69, 121, 1.0000, 0.9318, 0.5780, 0.7309, 1.0000, 198.80
1344, 2004, 121, 21, 0.7319, 1.3715, 0.0967, 1.3681, 0.7319, 136.58
1344, 2269, 84, 31, 0.7611, 1.7892, 1.7892, -0.0082, 0.3806, 195.00
1344, 2271, 71, 49, 0.7111, 9.9053, -8.6505, 4.8253, 0.3556, 201.20
1344, 2275, 123, 83, 0.7667, 18.4131, 17.0353, -6.9888, 0.4600, 99.33
1344, 2278, 86, 50, 0.6556, 34.2199, -7.2313, -33.4471, 0.2622, 136.38
1344, 2238, 95, 81, 0.5625, 45.3123, -6.5994, 44.8291, 0.2250, 155.75
1344, 2243, 105, 136, 0.5000, 2.0299, 0.2937, 2.0086, 0.5000, 120.75
1344, 2159, 68, 30, 0.5000, 14.0889, 13.2313, 4.8406, 0.3000, 210.50
1345, 2259, 73, 121, 1.0000, 2.8601, 2.8472, 0.2716, 1.0000, 198.14
1345, 2159, 69, 30, 0.6587, 7.0965, 6.6878, 2.3733, 0.4611, 207.86
1345, 2004, 121, 22, 0.7880, 1.0834, -0.0784, 1.0806, 0.7880, 135.88
1345, 2268, 56, 3, 0.6000, 35.2564, 34.4915, -7.3043, 0.1800, 211.33
1345, 2269, 85, 30, 0.8167, 1.5054, 1.2960, -0.7659, 0.4900, 194.83
1345, 2277, 5, 60, 0.6000, 38.7223, 3.5550, 38.5587, 0.1800, 216.00
1345, 2278, 103, 29, 0.7111, 26.6924, 14.0447, -22.6988, 0.3556, 138.30
1345, 2225, 88, 6, 0.5625, 42.2898, 42.2898, 0.0376, 0.2250, 199.00
1345, 2238, 111, 106, 0.6222, 30.6393, 12.4985, 27.9741, 0.3111, 142.60
1345, 2271, 62, 54, 0.6111, 9.9053, -8.6505, 4.8253, 0.3056, 201.20
1345, 2275, 140, 76, 0.6667, 18.4131, 17.0353, -6.9888, 0.4000, 99.33
1346, 2259, 75, 122, 1.0000, 2.6892, 2.5893, 0.7262, 1.0000, 197.39
1346, 2004, 116, 32, 0.8440, 10.4597, -4.6277, 9.3803, 0.8440, 136.89
1346, 2269, 86, 30, 0.8722, 1.0416, 0.9995, -0.2934, 0.6106, 191.86
1346, 2271, 66, 69, 0.7667, 10.4453, -1.0279, 10.3946, 0.4600, 198.75
1346, 2277, 3, 97, 0.6556, 37.0586, -1.1616, 37.0403, 0.2622, 202.75
1346, 2223, 84, 49, 0.5625, 15.9459, 12.4840, 9.9209, 0.2250, 206.75
1346, 2225, 121, 6, 0.6222, 33.4665, 33.4665, -0.0090, 0.3111, 191.80
1346, 2238, 120, 111, 0.6806, 11.8988, 9.2567, 7.4764, 0.4083, 133.67
1346, 2283, 14, 122, 0.6000, 1.3510, 0.9553, 0.9553, 0.1800, 158.33
1346, 2236, 8, 80, 0.5625, 2.8571, 0.0000, -2.8571, 0.2250, 184.50
1346, 2287, 12, 112, 0.6000, 0.9866, 0.9860, 0.0336, 0.1800, 162.67
1346, 2268, 91, -5, 0.5000, 35.2564, 34.4915, -7.3043, 0.1500, 211.33
1346, 2275, 157, 69, 0.5667, 18.4131, 17.0353, -6.9888, 0.3400, 99.33
1347, 2057, 93, 102, 0.5250, 32.8642, 30.7689, -11.5469, 0.3150, 126.33
1347, 2203, 27, 62, 0.5625, 33.7333, 21.8709, -25.6827, 0.2250, 183.50
1347, 2259, 77, 122, 1.0000, 2.1432, 2.1254, 0.2761, 1.0000, 196.83
1347, 2268, 98, 8, 0.6556, 19.7516, 19.3253, 4.0813, 0.2622, 198.25
1347, 2269, 87, 29, 0.9278, 1.2211, 0.9567, -0.7588, 0.7422, 193.25
1347, 2224, 25, 4, 0.5625, 21.8565, -21.7797, -1.8302, 0.2250, 228.75
1347, 2223, 101, 82, 0.6222, 34.0338, 16.7906, 29.6037, 0.3111, 190.00
1347, 2283, 14, 123, 0.7056, 1.0475, 0.2580, 1.0152, 0.2822, 156.75
1347, 2236, 3, 68, 0.6222, 11.4978, -4.5210, -10.5716, 0.3111, 186.20
1347, 2287, 14, 113, 0.7056, 1.9149, 1.7620, 0.7498, 0.2822, 160.50
1347, 2245, 99, 93, 0.5625, 0.0000, 0.0000, 0.0000, 0.2250, 101.75
1347, 2288, 62, 48, 0.6000, 51.8692, -38.0616, -35.2381, 0.1800, 149.17
1347, 2004, 111, 42, 0.7440, 10.4597, -4.6277, 9.3803, 0.7440, 136.89
1347, 2277, 2, 134, 0.5556, 37.0586, -1.1616, 37.0403, 0.2222, 202.75
1347, 2225, 154, 6, 0.5222, 33.4665, 33.4665, -0.0090, 0.2611, 191.80
1348, 2057, 119, 94, 0.5841, 28.0859, 26.5386, -9.1934, 0.4089, 120.43
1348, 2203, 27, 37, 0.6222, 25.5265, 3.1104, -25.3363, 0.3111, 188.20
1348, 2259, 79, 123, 1.0000, 2.0907, 1.9622, 0.7217, 1.0000, 197.01
1348, 2268, 112, 14, 0.7111, 15.3249, 14.3383, 5.4100, 0.3556, 187.80
1348, 2269, 87, 21, 0.9833, 7.0263, 0.2312, -7.0225, 0.8850, 191.22
1348, 2224, 2, 16, 0.6222, 24.7758, -22.6256, 10.0956, 0.3111, 224.20
1348, 2283, 15, 123, 0.7611, 0.7735, 0.7326, 0.2481, 0.3806, 154.80
1348, 2287, 14, 113, 0.7611, 0.5839, 0.5175, 0.2704, 0.3806, 159.20
1348, 2245, 99, 93, 0.6722, 0.0000, 0.0000, 0.0000, 0.3361, 101.60
1348, 2288, 23, 11, 0.6556, 53.5391, -38.9840, -36.6973, 0.2622, 163.88
1348, 2295, 104, 86, 0.6000, 28.6371, 1.9384, -28.5714, 0.1800, 112.00
1348, 2004, 107, 51, 0.6440, 10.4597, -4.6277, 9.3803, 0.6440, 136.89
1348, 2223, 118, 111, 0.5222, 34.0338, 16.7906, 29.6037, 0.2611, 190.00
1348, 2236, -2, 58, 0.5222, 11.4978, -4.5210, -10.5716, 0.2611, 186.20
1349, 2203, 25, 5, 0.6806, 31.1860, -1.6907, -31.1402, 0.4083, 198.17
1349, 2259, 81, 123, 1.0000, 1.9828, 1.9629, 0.2806, 1.0000, 196.54
1349, 2283, 16, 124, 0.8167, 1.2320, 1.0061, 0.7111, 0.4900, 153.50
1349, 2287, 15, 113, 0.8167, 0.7051, 0.7051, -0.0061, 0.4900, 159.83
1349, 2245, 99, 93, 0.7306, 0.0000, 0.0000, 0.0000, 0.4383, 101.00
1349, 2295, 92, 32, 0.6556, 51.6936, -10.0354, -50.7101, 0.2622, 127.75
1349, 2004, 102, 61, 0.5440, 10.4597, -4.6277, 9.3803, 0.5440, 136.89
1349, 2269, 87, 14, 0.8833, 7.0263, 0.2312, -7.0225, 0.7950, 191.22
1349, 2224, -20, 26, 0.5222, 24.7758, -22.6256, 10.0956, 0.2611, 224.20
1349, 2288, -16, -25, 0.5556, 53.5391, -38.9840, -36.6973, 0.2222, 163.88
1350, 2259, 83, 124, 1.0000, 2.1146, 1.9892, 0.7172, 1.0000, 196.21
1350, 2004, 114, 67, 0.9000, 8.4631, 0.7694, 8.4281, 0.9000, 135.50
1350, 2269, 107, 1, 0.9889, 15.4132, 11.3699, -10.4064, 0.9889, 186.60
1350, 2283, 17, 125, 0.8722, 1.4421, 1.0411, 0.9978, 0.6106, 153.00
1350, 2236, 1, 36, 0.6806, 10.8227, 0.3254, -10.8178, 0.4083, 188.33
1350, 2287, 13, 114, 0.8722, 2.2051, -2.0847, 0.7188, 0.6106, 159.57
1350, 2245, 106, 87, 0.7381, 8.1261, 6.1155, -5.3511, 0.5167, 106.00
1350, 2203, 23, -26, 0.5806, 31.1860, -1.6907, -31.1402, 0.3483, 198.17
1350, 2295, 82, -19, 0.5556, 51.6936, -10.0354, -50.7101, 0.2222, 127.75
1351, 2259, 85, 124, 1.0000, 2.0213, 2.0011, 0.2849, 1.0000, 193.99
1351, 2004, 101, 91, 0.9559, 26.2880, -12.3861, 23.1872, 0.9559, 133.47
1351, 2283, 17, 125, 0.9278, 0.3854, 0.2591, 0.2852, 0.7422, 152.50
1351, 2287, 13, 114, 0.9278, 0.3225, -0.1585, 0.2808, 0.7422, 160.00
1351, 2245, 109, 85, 0.7951, 3.7099, 3.0974, -2.0419, 0.6361, 106.25
1351, 2296, 57, 2, 0.6000, 36.1743, 34.2236, -11.7186, 0.1800, 201.67
1351, 2251, 18, 114, 0.5625, 25.6436, -24.7619, 6.6667, 0.2250, 165.00
1351, 2254, 92, 102, 0.5625, 10.9797, -6.7339, 8.6723, 0.2250, 111.00
1351, 2298, 55, 9, 0.6000, 4.8562, 4.7619, 0.9524, 0.1800, 204.33
1352, 2259, 87, 125, 1.0000, 2.1254, 2.0023, 0.7129, 1.0000, 193.40
1352, 2283, 18, 125, 0.9833, 0.7022, 0.7013, -0.0338, 0.8850, 150.67
1352, 2287, 17, 115, 0.9833, 4.0731, 4.0021, 0.7572, 0.8850, 160.33
1352, 2245, 110, 86, 0.8519, 1.9730, 1.8189, 0.7646, 0.7667, 106.89
1352, 2296, 114, 7, 0.6556, 53.7796, 53.7204, 2.5212, 0.2622, 187.25
1352, 2298, 59, 29, 0.6556, 18.1090, 4.3074, 17.5893, 0.2622, 205.50
1352, 2300, 47, 10, 0.6000, 21.7501, 20.9860, 5.7143, 0.1800, 221.33
1352, 2302, 95, 24, 0.6000, 3.4805, 2.8908, -1.9384, 0.1800, 194.17
1352, 2304, 3, 93, 0.6000, 1.3708, 0.9860, 0.9524, 0.1800, 252.00
1352, 2307, 91, 71, 0.6000, 51.9194, -34.2185, -39.0476, 0.1800, 121.67
1352, 2308, 112, 117, 0.6000, 2.1899, 1.9720, 0.9524, 0.1800, 104.00
1353, 2259, 88, 125, 1.0000, 1.3388, 1.3071, 0.2892, 1.0000, 192.12
1353, 2245, 111, 87, 0.9083, 1.1669, 1.0068, 0.5899, 0.9083, 107.90
1353, 2251, 0, 93, 0.6222, 14.1811, -7.1460, -12.2491, 0.3111, 161.00
1353, 2254, 84, 122, 0.6222, 10.9460, -3.8908, 10.2311, 0.3111, 111.60
1353, 2300, 56, 6, 0.6556, 10.4459, 10.2083, -2.2155, 0.2622, 216.50
1353, 2302, 96, 23, 0.7056, 1.9834, 1.5259, -1.2672, 0.2822, 186.38
1353, 2304, 4, 93, 0.7056, 1.0412, 1.0085, 0.2587, 0.2822, 251.75
1353, 2307, 40, 47, 0.6556, 55.2355, -48.5020, -26.4294, 0.2622, 142.75
1353, 2308, 113, 118, 0.7056, 1.6189, 1.2635, 1.0122, 0.2822, 102.83
1353, 2309, 24, 65, 0.6000, 23.0293, 9.5574, -20.9524, 0.1800, 180.00
1353, 2283, 19, 125, 0.8833, 0.7022, 0.7013, -0.0338, 0.7950, 150.67
1353, 2287, 21, 116, 0.8833, 4.0731, 4.0021, 0.7572, 0.7950, 160.33
1353, 2296, 167, 9, 0.5556, 53.7796, 53.7204, 2.5212, 0.2222, 187.25
1353, 2298, 63, 47, 0.5556, 18.1090, 4.3074, 17.5893, 0.2222, 205.50
1354, 2259, 91, 126, 1.0000, 2.4627, 2.3585, 0.7087, 1.0000, 193.41
1354, 2245, 113, 88, 0.9646, 1.8663, 1.6470, 0.8777, 0.9646, 108.00
1354, 2251, 0, 92, 0.6806, 2.1512, -0.6003, -2.0658, 0.4083, 161.67
1354, 2298, 73, 82, 0.7111, 28.8245, 7.2411, 27.9002, 0.3556, 197.20
1354, 2299, 87, 90, 0.6000, 22.1982, -21.5449, -5.3459, 0.1800, 156.67
1354, 2300, 56, 5, 0.7111, 1.8554, 1.0120, -1.5551, 0.3556, 215.40
1354, 2301, 56, 14, 0.6000, 24.9580, -24.1692, -6.2253, 0.1800, 186.00
1354, 2302, 96, 23, 0.7611, 0.2805, 0.1833, -0.2123, 0.3806, 182.50
1354, 2304, 5, 93, 0.7611, 1.0054, 1.0049, -0.0291, 0.3806, 251.60
1354, 2307, 16, 13, 0.7111, 42.5736, -27.0695, -32.8597, 0.3556, 156.40
1354, 2308, 116, 117, 0.7611, 2.5501, 2.4973, -0.5165, 0.3806, 101.27
1354, 2309, 37, 48, 0.6556, 21.4763, 13.1322, -16.9935, 0.2622, 187.50
1354, 2087, 54, 9, 0.5143, 1.9048, 1.9048, 0.0000, 0.3600, 235.29
1354, 2283, 19, 125, 0.7833, 0.7022, 0.7013, -0.0338, 0.7050, 150.67
1354, 2287, 25, 116, 0.7833, 4.0731, 4.0021, 0.7572, 0.7050, 160.33
1354, 2254, 80, 132, 0.5222, 10.9460, -3.8908, 10.2311, 0.2611, 111.60
1355, 2259, 93, 127, 1.0000, 2.4904, 2.2899, 0.9791, 1.0000, 194.51
1355, 2283, 20, 119, 1.0000, 2.5610, 0.6946, -2.4650, 1.0000, 151.20
1355, 2287, 21, 116, 1.0000, 0.7115, 0.6559, 0.2758, 1.0000, 161.50
1355, 2245, 114, 88, 1.0000, 1.2708, 1.2462, 0.2492, 1.0000, 108.25
1355, 2297, 37, 45, 0.6000, 41.6628, 8.1611, 40.8557, 0.1800, 218.33
1355, 2300, 60, 2, 0.7667, 4.9632, 4.2500, -2.5635, 0.4600, 212.33
1355, 2302, 97, 22, 0.8167, 0.9007, 0.6121, -0.6608, 0.4900, 181.75
1355, 2304, 7, 93, 0.8167, 1.7658, 1.7651, -0.0488, 0.4900, 252.17
1355, 2308, 118, 117, 0.8167, 2.3225, 2.2968, -0.3443, 0.4900, 101.06
1355, 2309, 59, 34, 0.7111, 25.2697, 20.3682, -14.9565, 0.3556, 191.40
1355, 2087, 72, 23, 0.5722, 19.7058, 15.5875, 12.0561, 0.4578, 230.00
1355, 2251, -1, 90, 0.5806, 2.1512, -0.6003, -2.0658, 0.3483, 161.67
1355, 2299, 65, 84, 0.5000, 22.1982, -21.5449, -5.3459, 0.1500, 156.67
1355, 2301, 32, 7, 0.5000, 24.9580, -24.1692, -6.2253, 0.1500, 186.00
1355, 2307, -11, -20, 0.6111, 42.5736, -27.0695, -32.8597, 0.3056, 156.40
1356, 2283, 18, 114, 1.0000, 4.7748, -1.4407, -4.5523, 1.0000, 152.27
1356, 2287, 48, 121, 1.0000, 25.2948, 24.8273, 4.8404, 1.0000, 159.55
1356, 2245, 116, 88, 1.0000, 1.7639, 1.7636, -0.0329, 1.0000, 106.92
1356, 2290, 92, 69, 0.6000, 34.4547, -31.5118, 13.9332, 0.1800, 135.83
1356, 2254, 80, 122, 0.6806, 2.4132, -0.6637, -2.3202, 0.4083, 112.67
1356, 2302, 99, 21, 0.8722, 1.9895, 1.7294, -0.9836, 0.6106, 178.21
1356, 2304, 8, 94, 0.8722, 1.4930, 1.2935, 0.7457, 0.6106, 252.00
1356, 2308, 119, 117, 0.8722, 1.2831, 1.2819, -0.0576, 0.6106, 100.05
1356, 2309, 58, 11, 0.7667, 21.6683, 2.0297, -21.5730, 0.4600, 196.17
1356, 2259, 95, 128, 0.9000, 2.4904, 2.2899, 0.9791, 0.9000, 194.51
1356, 2297, 45, 86, 0.5000, 41.6628, 8.1611, 40.8557, 0.1500, 218.33
1356, 2300, 65, 0, 0.6667, 4.9632, 4.2500, -2.5635, 0.4000, 212.33
1357, 2245, 118, 89, 1.0000, 2.1425, 2.0197, 0.7150, 1.0000, 107.29
1357, 2302, 100, 20, 0.9278, 1.6984, 1.3405, -1.0430, 0.7422, 178.69
1357, 2304, 10, 94, 0.9278, 1.7840, 1.7590, 0.2975, 0.7422, 246.56
1357, 2305, 80, 46, 0.6000, 54.1197, -8.1611, -53.5008, 0.1800, 143.33
1357, 2308, 117, 105, 0.8778, 10.7633, -2.1027, -10.5559, 0.7022, 111.29
1357, 2087, 110, 23, 0.6296, 19.6246, 19.5424, -1.7942, 0.5667, 219.67
1357, 2317, 63, 35, 0.6000, 17.1693, -16.1905, -5.7143, 0.1800, 193.67
1357, 2319, 120, 93, 0.6000, 3.1075, 2.9580, -0.9524, 0.1800, 229.00
1357, 2259, 98, 129, 0.8000, 2.4904, 2.2899, 0.9791, 0.8000, 194.51
1357, 2283, 17, 110, 0.9000, 4.7748, -1.4407, -4.5523, 0.9000, 152.27
1357, 2290, 61, 83, 0.5000, 34.4547, -31.5118, 13.9332, 0.1500, 135.83
1357, 2300, 69, -3, 0.5667, 4.9632, 4.2500, -2.5635, 0.3400, 212.33
1358, 2228, 76, 33, 0.5625, 35.3019, 31.3778, 16.1758, 0.2250, 203.50
1358, 2241, 11, 4, 0.5625, 26.8863, -26.4688, -4.7200, 0.2250, 201.75
1358, 2245, 119, 89, 1.0000, 1.3079, 1.2781, 0.2779, 1.0000, 107.00
1358, 2302, 101, 20, 0.9833, 1.0617, 1.0275, -0.2676, 0.8850, 178.72
1358, 2304, 10, 94, 0.9833, 0.5050, 0.5050, 0.0081, 0.8850, 247.50
1358, 2305, 59, 9, 0.6556, 43.6570, -19.2266, -39.1953, 0.2622, 156.25
1358, 2308, 117, 102, 0.9333, 4.1388, -0.2582, -4.1308, 0.8400, 120.04
1358, 2087, 126, 10, 0.6867, 20.2523, 16.2118, -12.1380, 0.6867, 210.70
1358, 2317, 23, 40, 0.6556, 36.9178, -36.7982, 2.9690, 0.2622, 198.50
1358, 2319, 123, 93, 0.7056, 3.0366, 3.0255, -0.2587, 0.2822, 235.50
1358, 2259, 100, 130, 0.7000, 2.4904, 2.2899, 0.9791, 0.7000, 194.51
1358, 2283, 15, 105, 0.8000, 4.7748, -1.4407, -4.5523, 0.8000, 152.27
1359, 2266, 15, 18, 0.6000, 3.4797, -2.8964, 1.9285, 0.1800, 212.67
1359, 2245, 121, 89, 1.0000, 1.7214, 1.7214, 0.0018, 1.0000, 106.44
1359, 2302, 109, 16, 0.9889, 7.8611, 6.9410, -3.6905, 0.9889, 175.05
1359, 2304, 12, 94, 1.0000, 1.4375, 1.4369, -0.0408, 1.0000, 248.25
1359, 2087, 128, 7, 0.7434, 5.7429, 3.9291, -4.1885, 0.7434, 202.82
1359, 2319, 126, 93, 0.7611, 3.0150, 3.0148, 0.0291, 0.3806, 239.00
1359, 2256, 66, 83, 0.5625, 54.1435, 41.9048, -34.2857, 0.2250, 161.75
1359, 2259, 102, 131, 0.6000, 2.4904, 2.2899, 0.9791, 0.6000, 194.51
1359, 2305, 40, -31, 0.5556, 43.6570, -19.2266, -39.1953, 0.2222, 156.25
1359, 2308, 116, 98, 0.8333, 4.1388, -0.2582, -4.1308, 0.7500, 120.04
1359, 2317, -14, 42, 0.5556, 36.9178, -36.7982, 2.9690, 0.2222, 198.50
1360, 2259, 110, 116, 1.0000, 4.8952, 3.7374, -3.1615, 1.0000, 190.34
1360, 2276, 127, 118, 0.6000, 1.9188, 1.9188, 0.0000, 0.1800, 80.00
1360, 2245, 123, 90, 1.0000, 2.1260, 1.9989, 0.7241, 1.0000, 106.76
1360, 2304, 13, 95, 1.0000, 1.4465, 1.2513, 0.7256, 1.0000, 248.68
1360, 2266, 12, 20, 0.5000, 3.4797, -2.8964, 1.9285, 0.1500, 212.67
1360, 2302, 116, 12, 0.8889, 7.8611, 6.9410, -3.6905, 0.8889, 175.05
1360, 2308, 116, 93, 0.7333, 4.1388, -0.2582, -4.1308, 0.6600, 120.04
1360, 2319, 129, 93, 0.6611, 3.0150, 3.0148, 0.0291, 0.3306, 239.00
1361, 2259, 117, 96, 1.0000, 19.8882, 7.0627, -18.5919, 1.0000, 186.59
1361, 2266, 4, 23, 0.6556, 6.3027, -5.7505, 2.5799, 0.2622, 210.25
1361, 2276, 112, 116, 0.6556, 12.3919, -12.2997, -1.5092, 0.2622, 81.50
1361, 2245, 124, 90, 1.0000, 1.3097, 1.2797, 0.2784, 1.0000, 106.67
1361, 2304, 14, 95, 1.0000, 1.0814, 1.0376, 0.3048, 1.0000, 249.21
1361, 2308, 99, 93, 0.9889, 7.6352, -7.1667, -2.6332, 0.9889, 118.43
1361, 2302, 123, 8, 0.7889, 7.8611, 6.9410, -3.6905, 0.7889, 175.05
1361, 2319, 132, 93, 0.5611, 3.0150, 3.0148, 0.0291, 0.2806, 239.00
1362, 2276, 99, 96, 0.7111, 22.3724, -13.1405, -18.1067, 0.3556, 85.60
1362, 2245, 126, 90, 1.0000, 1.7196, 1.7196, 0.0031, 1.0000, 108.53
1362, 2302, 113, 16, 1.0000, 0.9686, 0.1498, 0.9570, 1.0000, 171.59
1362, 2304, 15, 95, 1.0000, 0.9776, 0.9775, 0.0168, 1.0000, 249.65
1362, 2321, 31, 16, 0.6000, 12.7203, -4.5134, 11.8927, 0.1800, 226.83
1362, 2259, 124, 77, 0.9000, 19.8882, 7.0627, -18.5919, 0.9000, 186.59
1362, 2266, -2, 26, 0.5556, 6.3027, -5.7505, 2.5799, 0.2222, 210.25
1363, 2235, 18, 97, 0.5625, 41.6655, -30.8744, -27.9784, 0.2250, 164.00
1363, 2233, 106, 100, 0.5625, 57.3923, 8.6528, 56.7363, 0.2250, 149.25
1363, 2245, 127, 90, 1.0000, 1.2438, 1.2432, -0.0396, 1.0000, 108.45
1363, 2321, 31, 18, 0.6556, 3.5311, -0.5960, 3.4804, 0.2622, 222.38
1363, 2327, 40, 18, 0.6000, 21.6852, -20.9188, 5.7143, 0.1800, 204.00
1363, 2328, 69, 44, 0.6000, 45.6500, -37.0756, 26.6331, 0.1800, 189.00
1363, 2329, 62, 65, 0.6000, 50.9479, 50.5098, 6.6667, 0.1800, 196.67
1363, 2259, 132, 59, 0.8000, 19.8882, 7.0627, -18.5919, 0.8000, 186.59
1363, 2276, 86, 78, 0.6111, 22.3724, -13.1405, -18.1067, 0.3056, 85.60
1363, 2304, 16, 95, 0.9000, 0.9776, 0.9775, 0.0168, 0.9000, 249.65
1364, 2266, 0, 33, 0.7111, 3.5470, -0.3916, 3.5253, 0.3556, 208.20
1364, 2245, 127, 102, 1.0000, 10.4522, 0.2433, 10.4494, 1.0000, 112.67
1364, 2303, 58, 99, 0.6000, 55.8781, -17.9592, 52.9134, 0.1800, 199.67
1364, 2304, 18, 96, 1.0000, 1.6163, 1.5350, 0.5061, 1.0000, 250.04
1364, 2325, 63, 15, 0.6000, 19.9504, -1.7310, -19.8751, 0.1800, 198.00
1364, 2327, 2, 19, 0.6556, 35.1156, -35.0813, 1.5521, 0.2622, 206.50
1364, 2329, 101, 90, 0.6556, 46.1642, 40.0789, 22.9089, 0.2622, 173.00
1364, 2259, 139, 40, 0.7000, 19.8882, 7.0627, -18.5919, 0.7000, 186.59
1364, 2321, 31, 22, 0.5556, 3.5311, -0.5960, 3.4804, 0.2222, 222.38
1364, 2328, 32, 71, 0.5000, 45.6500, -37.0756, 26.6331, 0.1500, 189.00
1365, 2266, 3, 60, 0.7667, 26.0511, 2.5297, 25.9280, 0.4600, 204.50
1365, 2303, 32, 126, 0.6556, 39.0289, -24.7668, 30.1638, 0.2622, 188.62
1365, 2304, 19, 96, 1.0000, 1.1837, 1.1727, 0.1610, 1.0000, 247.20
1365, 2328, 13, 60, 0.6556, 27.5571, -26.9035, 5.9663, 0.2622, 192.75
1365, 2259, 146, 21, 0.6000, 19.8882, 7.0627, -18.5919, 0.6000, 186.59
1365, 2245, 127, 112, 0.9000, 10.4522, 0.2433, 10.4494, 0.9000, 112.67
1365, 2325, 61, -5, 0.5000, 19.9504, -1.7310, -19.8751, 0.1500, 198.00
1365, 2327, -33, 20, 0.5556, 35.1156, -35.0813, 1.5521, 0.2222, 206.50
1365, 2329, 141, 113, 0.5556, 46.1642, 40.0789, 22.9089, 0.2222, 173.00
1366, 2230, 2, 18, 0.5625, 54.5564, -40.4566, -36.6015, 0.2250, 217.50
1366, 2304, 20, 97, 1.0000, 1.2248, 0.9915, 0.7191, 1.0000, 247.44
1366, 2318, 32, 119, 0.6000, 46.9529, 5.6174, 46.6156, 0.1800, 167.67
1366, 2328, 1, 64, 0.7111, 14.4731, -13.8771, 4.1105, 0.3556, 193.20
1366, 2334, 66, 0, 0.7056, 1.9456, -1.0663, -1.6274, 0.2822, 199.50
1366, 2259, 153, 3, 0.5000, 19.8882, 7.0627, -18.5919, 0.5000, 186.59
1366, 2245, 128, 123, 0.8000, 10.4522, 0.2433, 10.4494, 0.8000, 112.67
1366, 2303, 7, 156, 0.5556, 39.0289, -24.7668, 30.1638, 0.2222, 188.62
1367, 2304, 22, 97, 1.0000, 1.7122, 1.6879, 0.2876, 1.0000, 247.59
1367, 2306, 35, 122, 0.6000, 39.6981, -36.2385, 16.2086, 0.1800, 149.00
1367, 2257, 15, 57, 0.5625, 24.4597, 8.2561, 23.0241, 0.2250, 199.50
1367, 2320, 71, 22, 0.6000, 52.7770, -46.0483, -25.7870, 0.1800, 143.33
1367, 2243, 99, 93, 0.5205, 0.0284, 0.0041, 0.0281, 0.5205, 101.00
1367, 2245, 128, 133, 0.7000, 10.4522, 0.2433, 10.4494, 0.7000, 112.67
1367, 2318, 37, 166, 0.5000, 46.9529, 5.6174, 46.6156, 0.1500, 167.67
1367, 2334, 65, -2, 0.6056, 1.9456, -1.0663, -1.6274, 0.2422, 199.50
1368, 2304, 23, 98, 1.0000, 1.4960, 1.3069, 0.7281, 1.0000, 247.89
1368, 2257, 26, 94, 0.6222, 36.3782, 10.0771, 34.9546, 0.3111, 193.80
1368, 2334, 70, 0, 0.7611, 2.3144, 2.3111, 0.1232, 0.3806, 197.20
1368, 2340, 6, 117, 0.6000, 5.6505, 3.1424, -4.6960, 0.1800, 146.33
1368, 2245, 128, 144, 0.6000, 10.4522, 0.2433, 10.4494, 0.6000, 112.67
1368, 2306, -2, 138, 0.5000, 39.6981, -36.2385, 16.2086, 0.1500, 149.00
1368, 2320, 25, -4, 0.5000, 52.7770, -46.0483, -25.7870, 0.1500, 143.33
1369, 2304, 24, 98, 1.0000, 1.0658, 1.0279, 0.2816, 1.0000, 248.05
1369, 2206, 18, 59, 0.5400, 0.9215, 0.9210, -0.0325, 0.2700, 199.80
1369, 2334, 70, 0, 0.8167, 0.6964, 0.6857, 0.1217, 0.4900, 195.33
1369, 2344, 36, 124, 0.6000, 10.9858, -10.9374, 1.0304, 0.1800, 144.33
1369, 2245, 128, 154, 0.5000, 10.4522, 0.2433, 10.4494, 0.5000, 112.67
1369, 2257, 36, 129, 0.5222, 36.3782, 10.0771, 34.9546, 0.2611, 193.80
1369, 2340, 9, 112, 0.5000, 5.6505, 3.1424, -4.6960, 0.1500, 146.33
1370, 2304, 25, 99, 1.0000, 1.2005, 0.9632, 0.7167, 1.0000, 246.10
1370, 2206, 22, 51, 0.6000, 7.5792, 3.3109, -6.8178, 0.3600, 201.00
1370, 2334, 68, 13, 0.8222, 11.6526, -1.6041, 11.5417, 0.5756, 197.57
1370, 2340, 15, 115, 0.6556, 4.7494, 4.7054, -0.6451, 0.2622, 152.25
1370, 2344, 28, 122, 0.6556, 8.7614, -8.5226, -2.0315, 0.2622, 144.50
1370, 2348, 5, 15, 0.6000, 1.0202, 1.0196, -0.0336, 0.1800, 213.28
1371, 2304, 27, 99, 1.0000, 1.7043, 1.6804, 0.2845, 1.0000, 245.19
1371, 2321, 34, 53, 0.7111, 4.7013, 0.7009, 4.6487, 0.3556, 223.30
1371, 2340, 35, 123, 0.7111, 19.9583, 18.3257, 7.9058, 0.3556, 152.40
1371, 2272, 73, 19, 0.5625, 52.5764, -37.5557, -36.7947, 0.2250, 147.12
1371, 2348, 5, 15, 0.7056, 0.2514, 0.2513, 0.0037, 0.2822, 214.71
1371, 2229, 4, 75, 0.5400, 1.9384, 1.9384, 0.0000, 0.2700, 252.20
1371, 2206, 25, 44, 0.5000, 7.5792, 3.3109, -6.8178, 0.3000, 201.00
1371, 2334, 67, 24, 0.7222, 11.6526, -1.6041, 11.5417, 0.5056, 197.57
1371, 2344, 19, 119, 0.5556, 8.7614, -8.5226, -2.0315, 0.2222, 144.50
1372, 2304, 28, 100, 1.0000, 1.5032, 1.3234, 0.7128, 1.0000, 245.41
1372, 2206, 38, 21, 0.6587, 18.6652, 8.7195, -16.5033, 0.4611, 201.29
1372, 2340, 66, 113, 0.7667, 31.1413, 29.9657, -8.4756, 0.4600, 151.17
1372, 2344, 10, 117, 0.7111, 9.1121, -8.8201, -2.2885, 0.3556, 146.00
1372, 2280, 91, 100, 0.5625, 15.0601, -12.2894, -8.7050, 0.2250, 92.50
1372, 2229, 19, 88, 0.6000, 17.4716, 13.3233, 11.3026, 0.3600, 241.50
1372, 2282, 124, 23, 0.5625, 14.9452, 12.8160, -7.6881, 0.2250, 148.75
1372, 2355, 118, 85, 0.6000, 38.7679, 18.0952, 34.2857, 0.1800, 134.67
1372, 2334, 65, 36, 0.6222, 11.6526, -1.6041, 11.5417, 0.4356, 197.57
1372, 2348, 5, 15, 0.6056, 0.2514, 0.2513, 0.0037, 0.2422, 214.71
1373, 2304, 29, 100, 1.0000, 1.0794, 1.0399, 0.2893, 1.0000, 245.22
1373, 2333, 64, 0, 0.6000, 1.8801, 1.8800, -0.0076, 0.1800, 237.33
1373, 2344, 6, 95, 0.7667, 20.5332, -4.2810, -20.0820, 0.4600, 149.67
1373, 2347, 38, 126, 0.6000, 12.8335, 12.7118, 1.7636, 0.1800, 158.00
1373, 2348, 7, 14, 0.7611, 1.1469, 1.0066, -0.5496, 0.3806, 217.57
1373, 2353, 56, 17, 0.6000, 13.5066, -13.4830, 0.7987, 0.1800, 196.67
1373, 2242, 23, 89, 0.5400, 36.4149, -34.0304, 12.9606, 0.2700, 201.20
1373, 2284, 39, 0, 0.5625, 8.1732, -6.6667, -4.7283, 0.2250, 207.88
1373, 2229, 32, 99, 0.5000, 17.4716, 13.3233, 11.3026, 0.3000, 241.50
1373, 2355, 136, 119, 0.5000, 38.7679, 18.0952, 34.2857, 0.1500, 134.67
1374, 2304, 30, 101, 1.0000, 1.1973, 0.9650, 0.7087, 1.0000, 245.62
1374, 2333, 65, 0, 0.7056, 1.2953, 1.2953, 0.0032, 0.2822, 241.75
1374, 2348, 5, 13, 0.8167, 2.2862, -2.0868, -0.9337, 0.4900, 218.64
1374, 2280, 70, 75, 0.6222, 16.6594, -10.4022, -13.0127, 0.3111, 111.00
1374, 2229, 29, 120, 0.6587, 16.8295, 3.5362, 16.4538, 0.4611, 228.29
1374, 2355, 128, 126, 0.6556, 19.2436, 3.2329, 18.9701, 0.2622, 122.25
1374, 2347, 51, 128, 0.5000, 12.8335, 12.7118, 1.7636, 0.1500, 158.00
1374, 2353, 43, 18, 0.5000, 13.5066, -13.4830, 0.7987, 0.1500, 196.67
1375, 2304, 32, 102, 1.0000, 1.9290, 1.6620, 0.9791, 1.0000, 244.12
1375, 2263, 58, 78, 0.5625, 41.0801, -13.2748, 38.8761, 0.2250, 212.00
1375, 2333, 66, 0, 0.7611, 0.9938, 0.9938, 0.0022, 0.3806, 241.00
1375, 2348, 0, 2, 0.8222, 10.9566, -3.9822, -10.2073, 0.5756, 221.48
1375, 2280, 65, 72, 0.6806, 6.5386, -5.2894, -3.8439, 0.4083, 122.17
1375, 2353, 15, 20, 0.6556, 21.7819, -21.7200, 1.6401, 0.2622, 200.75
1375, 2284, 9, 11, 0.6222, 17.6412, -16.3041, 6.7371, 0.3111, 213.70
1375, 2356, 11, 75, 0.6000, 18.4936, -11.5851, 14.4152, 0.1800, 219.67
1375, 2355, 131, 145, 0.5556, 19.2436, 3.2329, 18.9701, 0.2222, 122.25
1376, 2304, 33, 102, 1.0000, 1.3765, 1.3292, 0.3577, 1.0000, 244.08
1376, 2263, 40, 116, 0.6222, 41.9460, -17.3551, 38.1873, 0.3111, 198.20
1376, 2333, 68, 0, 0.8167, 1.7190, 1.7190, 0.0004, 0.4900, 242.83
1376, 2337, 55, 81, 0.6000, 13.3776, 13.2441, -1.8851, 0.1800, 191.17
1376, 2347, 83, 117, 0.6556, 16.0074, 15.5201, -3.9197, 0.2622, 147.00
1376, 2280, 60, 74, 0.7381, 5.2473, -5.1174, 1.1607, 0.5167, 132.43
1376, 2284, 6, 12, 0.6806, 4.2112, -4.0148, 1.2711, 0.4083, 210.42
1376, 2356, 3, 81, 0.6556, 11.6011, -8.9176, 7.4204, 0.2622, 213.50
1376, 2353, -7, 22, 0.5556, 21.7819, -21.7200, 1.6401, 0.2222, 200.75
1377, 2304, 34, 103, 1.0000, 1.2537, 1.0491, 0.6864, 1.0000, 243.63
1377, 2312, 3, 80, 0.6000, 5.4683, -3.8691, -3.8642, 0.1800, 179.33
1377, 2322, 64, 115, 0.6000, 56.8011, -56.4044, -6.7008, 0.1800, 98.67
1377, 2333, 69, 1, 0.8722, 1.4865, 1.2774, 0.7601, 0.6106, 243.86
1377, 2343, 22, 23, 0.6000, 19.2214, 7.4370, 17.7244, 0.1800, 206.67
1377, 2347, 97, 86, 0.7111, 32.7732, 14.3624, -29.4585, 0.3556, 144.60
1377, 2284, 8, 11, 0.7381, 1.6227, 1.5535, -0.4691, 0.5167, 213.79
1377, 2263, 22, 154, 0.5222, 41.9460, -17.3551, 38.1873, 0.2611, 198.20
1377, 2337, 69, 79, 0.5000, 13.3776, 13.2441, -1.8851, 0.1500, 191.17
1377, 2356, -6, 89, 0.5556, 11.6011, -8.9176, 7.4204, 0.2222, 213.50
1378, 2304, 35, 104, 1.0000, 1.3592, 0.9676, 0.9544, 1.0000, 243.18
1378, 2312, 3, 80, 0.6556, 1.4808, -1.0460, -1.0483, 0.2622, 183.00
1378, 2322, 24, 121, 0.6556, 43.0341, -42.8296, 4.1905, 0.2622, 111.25
1378, 2324, 28, 4, 0.6000, 24.3304, -17.2011, -17.2072, 0.1800, 202.67
1378, 2333, 71, 1, 0.9278, 1.7842, 1.7594, 0.2960, 0.7422, 245.25
1378, 2337, 91, 99, 0.6556, 20.9397, 18.2099, 10.3379, 0.2622, 173.62
1378, 2343, 20, 57, 0.6556, 31.7286, -1.6041, 31.6880, 0.2622, 205.00
1378, 2356, 9, 111, 0.7111, 17.0021, 5.0610, 16.2314, 0.3556, 202.40
1378, 2357, 14, 77, 0.6556, 7.9544, -3.7712, -7.0036, 0.2622, 204.25
1378, 2292, 85, 113, 0.5625, 13.9781, -5.5063, 12.8479, 0.2250, 119.75
1378, 2358, 118, 24, 0.6000, 41.3491, 36.1905, 20.0000, 0.1800, 159.33
1378, 2359, 51, 102, 0.6000, 45.9895, 38.1289, 25.7143, 0.1800, 215.17
1379, 2304, 36, 105, 1.0000, 1.4196, 0.9751, 1.0316, 1.0000, 242.38
1379, 2312, 6, 85, 0.7111, 5.6635, 3.1689, 4.6940, 0.3556, 180.60
1379, 2333, 72, 1, 0.9833, 1.2593, 1.2593, 0.0054, 0.8850, 246.33
1379, 2335, 83, 7, 0.6000, 56.4047, 3.8213, -56.2751, 0.1800, 182.67
1379, 2357, 14, 76, 0.7111, 1.8901, -0.2254, -1.8766, 0.3556, 213.40
1379, 2322, -19, 125, 0.5556, 43.0341, -42.8296, 4.1905, 0.2222, 111.25
1379, 2324, 11, -13, 0.5000, 24.3304, -17.2011, -17.2072, 0.1500, 202.67
1379, 2337, 109, 110, 0.5556, 20.9397, 18.2099, 10.3379, 0.2222, 173.62
1379, 2343, 18, 88, 0.5556, 31.7286, -1.6041, 31.6880, 0.2222, 205.00
1379, 2358, 154, 44, 0.5000, 41.3491, 36.1905, 20.0000, 0.1500, 159.33
1379, 2359, 89, 128, 0.5000, 45.9895, 38.1289, 25.7143, 0.1500, 215.17
1380, 2304, 36, 106, 1.0000, 1.0752, 0.3274, 1.0241, 1.0000, 241.38
1380, 2312, 19, 90, 0.7667, 13.0584, 12.0632, 5.0002, 0.4600, 181.67
1380, 2333, 73, 1, 1.0000, 0.9923, 0.9914, -0.0417, 1.0000, 246.90
1380, 2352, 70, 16, 0.6000, 25.1690, 25.1690, -0.0151, 0.1800, 200.33
1380, 2357, 17, 77, 0.7667, 1.9987, 1.9788, 0.2810, 0.4600, 219.83
1380, 2360, 39, 102, 0.6000, 14.5621, -2.8235, -14.2857, 0.1800, 151.67
1380, 2335, 87, -50, 0.5000, 56.4047, 3.8213, -56.2751, 0.1500, 182.67
1381, 2304, 39, 107, 1.0000, 2.2222, 1.9810, 1.0068, 1.0000, 241.47
1381, 2333, 75, 1, 1.0000, 1.7012, 1.7011, -0.0177, 1.0000, 247.64
1381, 2357, 18, 78, 0.8222, 1.9135, 1.5418, 1.1333, 0.5756, 224.86
1381, 2360, 11, 86, 0.6556, 29.5562, -24.8919, -15.9362, 0.2622, 156.50
1381, 2312, 31, 95, 0.6667, 13.0584, 12.0632, 5.0002, 0.4000, 181.67
1381, 2352, 96, 16, 0.5000, 25.1690, 25.1690, -0.0151, 0.1500, 200.33
1382, 2304, 41, 108, 1.0000, 2.4973, 2.2887, 0.9993, 1.0000, 239.72
1382, 2312, 53, 112, 0.8222, 20.9081, 17.3515, 11.6651, 0.5756, 177.71
1382, 2333, 76, 1, 1.0000, 1.2898, 1.2898, -0.0010, 1.0000, 248.25
1382, 2349, 76, 50, 0.9278, 1.8662, -0.5901, 1.7704, 0.7422, 188.50
1382, 2357, 20, 78, 0.8778, 1.8697, 1.8282, 0.3917, 0.7022, 228.62
1382, 2360, 4, 84, 0.7111, 9.6187, -8.7555, -3.9826, 0.3556, 160.20
1383, 2304, 41, 109, 1.0000, 1.3098, 0.8479, 0.9984, 1.0000, 238.55
1383, 2332, 7, 74, 0.6000, 31.2039, 4.8142, -30.8303, 0.1800, 173.33
1383, 2333, 78, 1, 1.0000, 1.7493, 1.7493, 0.0023, 1.0000, 248.62
1383, 2357, 21, 78, 0.9333, 1.2374, 1.2373, -0.0157, 0.8400, 231.22
1383, 2349, 75, 52, 0.8278, 1.8662, -0.5901, 1.7704, 0.6622, 188.50
1384, 2304, 42, 110, 1.0000, 1.2117, 0.6853, 0.9993, 1.0000, 238.62
1384, 2332, 16, 64, 0.6556, 15.6766, 8.8592, -12.9333, 0.2622, 177.00
1384, 2333, 79, 2, 1.0000, 1.4677, 1.2722, 0.7319, 1.0000, 248.79
1384, 2349, 98, 57, 0.9333, 12.9701, 12.4475, 3.6445, 0.8400, 184.33
1384, 2357, 22, 79, 0.9889, 1.1965, 0.9698, 0.7008, 0.9889, 230.80
1385, 2304, 43, 111, 1.0000, 1.3181, 0.8588, 0.9999, 1.0000, 238.14
1385, 2333, 81, 2, 1.0000, 1.7553, 1.7272, 0.3130, 1.0000, 249.00
1385, 2357, 24, 79, 1.0000, 1.7389, 1.7178, 0.2700, 1.0000, 232.82
1385, 2332, 25, 51, 0.5556, 15.6766, 8.8592, -12.9333, 0.2222, 177.00
1385, 2349, 111, 61, 0.8333, 12.9701, 12.4475, 3.6445, 0.7500, 184.33
1386, 2304, 43, 112, 1.0000, 1.0561, 0.3395, 1.0001, 1.0000, 237.81
1386, 2332, 44, 38, 0.7111, 19.3719, 14.3662, -12.9955, 0.3556, 183.00
1386, 2333, 82, 2, 1.0000, 1.2730, 1.2728, 0.0215, 1.0000, 249.19
1386, 2357, 25, 80, 1.0000, 1.4899, 1.2786, 0.7648, 1.0000, 234.67
1386, 2260, 53, 96, 0.5400, 44.8530, -44.7619, 2.8571, 0.2700, 113.80
1387, 2304, 44, 113, 1.0000, 1.2007, 0.6644, 1.0001, 1.0000, 237.04
1387, 2333, 84, 2, 1.0000, 1.7241, 1.7237, -0.0398, 1.0000, 249.41
1387, 2216, 92, 26, 0.5400, 21.1531, -10.5958, -18.3081, 0.2700, 150.60
1387, 2345, 55, 72, 0.6000, 52.8960, 0.9594, -52.8873, 0.1800, 165.00
1387, 2357, 27, 80, 1.0000, 1.7836, 1.7656, 0.2527, 1.0000, 236.08
1387, 2360, 10, 85, 0.8222, 1.4714, 1.4521, 0.2380, 0.5756, 164.14
1387, 2314, 33, 11, 0.5625, 49.4666, -1.6976, -49.4375, 0.2250, 195.50
1387, 2260, 13, 76, 0.6000, 44.0223, -40.7911, -16.5546, 0.3600, 125.33
1387, 2361, 14, 6, 0.6000, 1.3469, 0.9524, -0.9524, 0.1800, 216.33
1388, 2304, 45, 114, 1.0000, 1.3712, 0.9381, 1.0000, 1.0000, 235.79
1388, 2333, 84, 1, 1.0000, 0.9268, 0.5642, -0.7354, 1.0000, 247.31
1388, 2216, 85, 20, 0.6000, 10.3746, -7.4174, -7.2536, 0.3600, 156.67
1388, 2345, 76, 38, 0.6556, 40.7462, 18.3750, -36.3677, 0.2622, 170.25
1388, 2357, 28, 81, 1.0000, 1.4587, 1.2518, 0.7489, 1.0000, 237.43
1388, 2313, 22, 25, 0.5625, 19.4871, 18.7240, 5.3997, 0.2250, 204.50
1388, 2361, 14, 6, 0.7056, 0.3658, 0.2587, -0.2587, 0.2822, 215.50
1388, 2260, -27, 60, 0.5000, 44.0223, -40.7911, -16.5546, 0.3000, 125.33
1389, 2304, 47, 115, 1.0000, 1.9372, 1.6591, 1.0000, 1.0000, 235.19
1389, 2333, 87, 2, 1.0000, 2.1431, 2.1082, 0.3855, 1.0000, 247.39
1389, 2216, 85, 22, 0.6587, 1.4262, -1.3464, 0.4703, 0.4611, 157.57
1389, 2357, 29, 81, 1.0000, 1.0155, 0.9845, 0.2492, 1.0000, 236.63
1389, 2361, 14, 5, 0.7611, 0.7351, -0.0291, -0.7345, 0.3806, 216.80
1389, 2364, 38, 67, 0.6000, 51.6976, 11.7854, -50.3364, 0.1800, 166.67
1389, 2345, 94, 2, 0.5556, 40.7462, 18.3750, -36.3677, 0.2222, 170.25
1390, 2304, 48, 116, 1.0000, 1.7070, 1.3834, 1.0000, 1.0000, 234.35
1390, 2333, 88, 2, 1.0000, 1.6025, 1.5752, 0.2944, 1.0000, 247.78
1390, 2339, 104, 90, 0.6000, 47.3718, 35.8304, -30.9882, 0.1800, 121.17
1390, 2357, 22, 71, 1.0000, 10.8681, -5.8854, -9.1366, 1.0000, 233.91
1390, 2361, 14, 4, 0.8167, 1.0079, -0.0488, -1.0068, 0.4900, 217.50
1390, 2364, 49, 27, 0.6556, 43.4165, 11.1357, -41.9642, 0.2622, 173.75
1390, 2323, 41, 60, 0.5625, 53.5667, -20.1521, 49.6315, 0.2250, 207.50
1390, 2330, 18, 62, 0.5625, 48.5621, -32.3810, -36.1905, 0.2250, 172.25
1390, 2216, 83, 22, 0.5587, 1.4262, -1.3464, 0.4703, 0.3911, 157.57
1391, 2304, 49, 118, 1.0000, 1.9557, 1.0918, 1.6226, 1.0000, 233.78
1391, 2333, 90, 2, 1.0000, 1.7880, 1.7865, 0.0729, 1.0000, 247.88
1391, 2339, 115, 44, 0.6556, 46.0264, 14.1849, -43.7861, 0.2622, 125.62
1391, 2346, 34, 83, 0.6000, 46.2846, -20.3080, -41.5915, 0.1800, 186.00
1391, 2294, 55, 88, 0.5625, 37.6764, -8.4719, -36.7115, 0.2250, 148.25
1391, 2313, 63, 10, 0.6222, 14.3509, 12.5259, -7.0037, 0.3111, 209.80
1391, 2361, 15, 4, 0.8722, 0.7968, 0.7457, -0.2808, 0.6106, 220.43
1391, 2364, 41, -2, 0.7111, 30.7593, -5.8429, -30.1992, 0.3556, 182.00
1391, 2323, 21, 93, 0.6222, 40.3124, -20.2701, 34.8455, 0.3111, 203.80
1391, 2319, 100, 92, 0.5062, 18.7622, -12.7888, 13.7283, 0.4050, 107.56
1392, 2304, 50, 119, 1.0000, 1.6736, 0.9786, 1.3577, 1.0000, 233.71
1392, 2333, 91, 3, 1.0000, 1.4443, 1.2724, 0.6835, 1.0000, 248.20
1392, 2216, 91, 24, 0.7167, 2.9845, 2.8436, 0.9065, 0.5733, 162.12
1392, 2346, 8, 60, 0.6556, 35.8283, -25.0965, -25.5701, 0.2622, 185.25
1392, 2313, 65, 10, 0.6806, 2.2789, 2.1187, -0.8394, 0.4083, 206.33
1392, 2339, 129, 0, 0.5556, 46.0264, 14.1849, -43.7861, 0.2222, 125.62
1392, 2361, 16, 4, 0.7722, 0.7968, 0.7457, -0.2808, 0.5406, 220.43
1392, 2364, 35, -32, 0.6111, 30.7593, -5.8429, -30.1992, 0.3056, 182.00
1392, 2323, 1, 127, 0.5222, 40.3124, -20.2701, 34.8455, 0.2611, 203.80
1393, 2304, 50, 121, 1.0000, 1.7377, 0.3548, 1.7011, 1.0000, 232.43
1393, 2333, 93, 3, 1.0000, 1.7202, 1.6920, 0.3105, 1.0000, 248.37
1393, 2294, 43, 61, 0.6222, 12.2440, -6.0653, -10.6361, 0.3111, 162.60
1393, 2361, 14, 3, 0.9278, 0.6986, -0.5387, -0.4449, 0.7422, 220.12
1393, 2346, -17, 35, 0.5556, 35.8283, -25.0965, -25.5701, 0.2222, 185.25
1393, 2313, 67, 9, 0.5806, 2.2789, 2.1187, -0.8394, 0.3483, 206.33
1394, 2304, 53, 121, 1.0000, 1.8527, 1.8489, 0.1177, 1.0000, 232.34
1394, 2333, 95, 3, 1.0000, 1.9748, 1.9745, 0.0340, 1.0000, 248.65
1394, 2294, 42, 39, 0.6806, 21.3454, -1.1774, -21.3129, 0.4083, 169.00
1394, 2361, 16, 16, 0.9333, 11.5124, 1.3412, 11.4340, 0.8400, 218.56
1394, 2366, 82, 43, 0.6000, 38.4184, 23.8072, -30.1528, 0.1800, 189.67
1394, 2338, 21, 90, 0.5625, 0.0000, 0.0000, 0.0000, 0.2250, 187.50
1394, 2342, 37, 83, 0.5625, 1.0202, 1.0196, 0.0336, 0.2250, 251.25
1395, 2304, 54, 121, 1.0000, 1.6641, 1.6289, 0.3403, 1.0000, 231.82
1395, 2333, 96, 3, 1.0000, 1.3544, 1.3540, -0.0359, 1.0000, 248.90
1395, 2366, 102, 7, 0.6556, 40.9734, 20.0836, -35.7137, 0.2622, 180.50
1395, 2338, 21, 90, 0.6722, 0.0000, 0.0000, 0.0000, 0.3361, 187.80
1395, 2342, 39, 81, 0.6722, 2.3182, 1.7583, -1.5107, 0.3361, 243.40
1396, 2304, 55, 122, 1.0000, 1.4374, 1.2054, 0.7829, 1.0000, 231.91
1396, 2333, 98, 3, 1.0000, 1.6890, 1.6889, -0.0233, 1.0000, 248.33
1396, 2336, 20, 78, 0.5625, 31.5687, -29.2520, 11.8703, 0.2250, 189.75
1396, 2371, 66, 44, 0.7111, 7.9114, -7.7358, 1.6577, 0.3556, 191.40
1396, 2338, 21, 90, 0.7306, 0.0000, 0.0000, 0.0000, 0.4383, 187.83
1396, 2342, 49, 68, 0.6806, 14.9559, 8.9110, -12.0114, 0.4083, 233.33
1396, 2366, 122, -29, 0.5556, 40.9734, 20.0836, -35.7137, 0.2222, 180.50
1397, 2304, 57, 123, 1.0000, 1.8853, 1.5970, 1.0020, 1.0000, 232.06
1397, 2333, 99, 3, 1.0000, 1.2795, 1.2795, -0.0054, 1.0000, 248.09
1397, 2336, 7, 108, 0.6222, 32.0111, -15.6804, 27.9077, 0.3111, 183.60
1397, 2378, 125, 107, 0.7056, 0.0324, -0.0270, -0.0180, 0.2822, 80.00
1397, 2270, 53, 23, 0.5400, 35.8505, -10.4762, -34.2857, 0.2700, 209.00
1397, 2351, 17, 1, 0.5625, 0.9530, 0.9524, -0.0336, 0.2250, 234.50
1397, 2371, 58, 46, 0.6111, 7.9114, -7.7358, 1.6577, 0.3056, 191.40
1397, 2338, 21, 90, 0.6306, 0.0000, 0.0000, 0.0000, 0.3783, 187.83
1397, 2342, 58, 56, 0.5806, 14.9559, 8.9110, -12.0114, 0.3483, 233.33
1398, 2304, 58, 124, 1.0000, 1.6840, 1.3204, 1.0452, 1.0000, 232.06
1398, 2333, 101, 3, 1.0000, 1.6941, 1.6941, 0.0014, 1.0000, 248.27
1398, 2371, 37, 32, 0.7667, 17.2358, -15.5844, -7.3621, 0.4600, 192.83
1398, 2338, 21, 90, 0.7881, 0.0000, 0.0000, 0.0000, 0.5517, 188.00
1398, 2270, 22, 1, 0.6000, 36.9941, -28.4646, -23.6290, 0.3600, 213.33
1398, 2351, 17, 0, 0.6722, 0.7932, 0.2587, -0.7498, 0.3361, 233.60
1398, 2336, -9, 136, 0.5222, 32.0111, -15.6804, 27.9077, 0.2611, 183.60
1398, 2378, 125, 107, 0.6056, 0.0324, -0.0270, -0.0180, 0.2422, 80.00
1399, 2304, 60, 124, 1.0000, 1.7223, 1.6665, 0.4349, 1.0000, 231.12
1399, 2333, 103, 4, 1.0000, 2.0823, 1.9711, 0.6712, 1.0000, 248.40
1399, 2331, 46, 87, 0.5625, 27.4181, -4.6623, -27.0188, 0.2250, 175.50
1399, 2371, 23, 27, 0.8222, 14.6778, -13.9900, -4.4405, 0.5756, 195.29
1399, 2338, 21, 90, 0.8451, 0.0000, 0.0000, 0.0000, 0.6761, 188.00
1399, 2376, 102, 34, 0.6000, 9.3053, 4.5007, 8.1445, 0.1800, 162.33
1399, 2378, 127, 94, 0.7111, 7.8207, 1.0948, -7.7437, 0.3556, 78.40
1399, 2270, -6, -22, 0.5000, 36.9941, -28.4646, -23.6290, 0.3000, 213.33
1399, 2351, 17, -1, 0.5722, 0.7932, 0.2587, -0.7498, 0.2861, 233.60
1400, 2304, 61, 126, 1.0000, 1.8234, 1.3453, 1.2307, 1.0000, 230.75
1400, 2333, 104, 4, 1.0000, 1.4154, 1.3734, 0.3421, 1.0000, 248.25
1400, 2181, 76, 50, 0.5250, 34.0369, 21.0250, 26.7668, 0.3150, 195.25
1400, 2331, 30, 63, 0.6222, 28.1418, -15.0009, -23.8104, 0.3111, 179.60
1400, 2351, 7, 5, 0.6806, 6.2676, -5.6197, 2.7752, 0.4083, 230.50
1400, 2383, 125, 77, 0.7056, 1.4997, 1.4997, 0.0000, 0.2822, 99.00
1400, 2338, 21, 90, 0.7451, 0.0000, 0.0000, 0.0000, 0.5961, 188.00
1400, 2376, 106, 42, 0.5000, 9.3053, 4.5007, 8.1445, 0.1500, 162.33
1400, 2378, 128, 86, 0.6111, 7.8207, 1.0948, -7.7437, 0.3056, 78.40
1401, 2304, 62, 127, 1.0000, 1.6579, 1.0768, 1.2605, 1.0000, 230.74
1401, 2333, 106, 4, 1.0000, 1.6831, 1.6821, 0.0575, 1.0000, 248.47
1401, 2331, 9, 53, 0.6806, 23.5100, -20.1622, -12.0916, 0.4083, 182.00
1401, 2338, 21, 90, 0.9019, 0.0000, 0.0000, 0.0000, 0.8117, 188.11
1401, 2378, 129, 78, 0.5111, 7.8207, 1.0948, -7.7437, 0.2556, 78.40
1401, 2383, 126, 77, 0.6056, 1.4997, 1.4997, 0.0000, 0.2422, 99.00
1402, 2304, 53, 124, 1.0000, 6.8191, -6.5797, -1.7908, 1.0000, 229.17
1402, 2333, 108, 4, 1.0000, 1.9466, 1.9463, -0.0311, 1.0000, 248.23
1402, 2190, 67, 9, 0.5250, 16.3115, 16.3115, 0.0050, 0.3150, 196.33
1402, 2181, 73, 80, 0.5841, 14.3176, -4.3622, 13.6369, 0.4089, 190.36
1402, 2338, 21, 90, 0.9583, 0.0000, 0.0000, 0.0000, 0.9583, 187.90
1402, 2279, 51, 86, 0.5400, 1.9723, 1.9720, 0.0336, 0.2700, 251.20
1402, 2331, -11, 41, 0.5806, 23.5100, -20.1622, -12.0916, 0.3483, 182.00
1402, 2383, 128, 77, 0.5056, 1.4997, 1.4997, 0.0000, 0.2022, 99.00
1403, 2333, 109, 4, 1.0000, 1.3755, 1.3752, -0.0267, 1.0000, 248.44
1403, 2190, 91, 12, 0.5841, 22.7173, 22.6044, 2.2622, 0.4089, 191.57
1403, 2279, 53, 85, 0.6500, 2.1545, 2.0170, -0.7572, 0.3900, 244.00
1403, 2387, 121, 26, 0.6000, 40.4173, 33.3333, 22.8571, 0.1800, 157.33
1403, 2304, 46, 122, 0.9000, 6.8191, -6.5797, -1.7908, 0.9000, 229.17
1403, 2338, 21, 90, 0.8583, 0.0000, 0.0000, 0.0000, 0.8583, 187.90
1404, 2333, 111, 5, 1.0000, 1.7960, 1.6776, 0.6412, 1.0000, 248.22
1404, 2190, 121, 25, 0.6424, 31.5469, 29.0607, 12.2753, 0.5139, 183.88
1404, 2279, 55, 87, 0.7087, 2.3644, 2.0099, 1.2452, 0.4961, 245.57
1404, 2289, 58, 24, 0.5400, 27.4874, 26.6667, 6.6667, 0.2700, 207.20
1404, 2391, 104, 28, 0.6000, 1.9384, 1.9384, 0.0000, 0.1800, 163.67
1404, 2393, 67, 32, 0.6000, 14.2857, -11.4286, -8.5714, 0.1800, 187.00
1404, 2338, 21, 90, 0.7583, 0.0000, 0.0000, 0.0000, 0.7583, 187.90
1404, 2387, 154, 49, 0.5000, 40.4173, 33.3333, 22.8571, 0.1500, 157.33
1405, 2333, 113, 5, 1.0000, 1.9723, 1.9411, 0.3492, 1.0000, 247.87
1405, 2315, 51, 125, 0.5625, 55.9639, 18.2672, 52.8987, 0.2250, 182.25
1405, 2373, 13, 63, 0.6000, 22.9201, 11.3656, 19.9036, 0.1800, 191.33
1405, 2354, 80, 38, 0.5625, 35.5687, -15.5401, 31.9943, 0.2250, 176.75
1405, 2279, 57, 87, 0.7667, 2.0850, 2.0013, 0.5850, 0.6133, 246.75
1405, 2390, 117, 29, 0.6000, 24.6931, 16.5188, 18.3542, 0.1800, 156.00
1405, 2399, 125, 97, 0.6000, 1.3551, 1.0304, -0.8801, 0.1800, 85.00
1405, 2190, 150, 37, 0.5424, 31.5469, 29.0607, 12.2753, 0.4339, 183.88
1405, 2338, 21, 90, 0.6583, 0.0000, 0.0000, 0.0000, 0.6583, 187.90
1405, 2391, 106, 28, 0.5000, 1.9384, 1.9384, 0.0000, 0.1500, 163.67
1405, 2393, 56, 24, 0.5000, 14.2857, -11.4286, -8.5714, 0.1500, 187.00
1406, 2333, 117, 8, 1.0000, 3.8670, 3.3114, 1.9971, 1.0000, 244.82
1406, 2181, 57, 115, 0.6424, 8.2920, -3.8008, 7.3696, 0.5139, 184.56
1406, 2373, 18, 101, 0.6556, 36.2830, 5.4837, 35.8662, 0.2622, 183.00
1406, 2338, 21, 90, 1.0000, 0.0000, 0.0000, 0.0000, 1.0000, 188.00
1406, 2354, 65, 56, 0.6222, 24.8444, -15.3335, 19.5482, 0.3111, 183.20
1406, 2383, 125, 77, 0.7611, 0.4860, -0.4860, 0.0000, 0.3806, 97.80
1406, 2279, 59, 87, 0.8241, 1.9996, 1.9991, 0.0446, 0.7417, 243.78
1406, 2289, 106, 29, 0.6000, 23.8444, 23.7335, 2.2969, 0.3600, 197.67
1406, 2391, 124, 8, 0.6556, 15.9119, 11.1890, -11.3135, 0.2622, 155.25
1406, 2399, 126, 100, 0.7056, 2.2308, 0.9972, 1.9955, 0.2822, 83.00
1406, 2403, 78, 11, 0.6000, 20.8880, 20.4823, -4.0965, 0.1800, 197.00
1406, 2408, 78, 41, 0.6000, 20.5591, 20.0000, 4.7619, 0.1800, 198.33
1406, 2390, 133, 47, 0.5000, 24.6931, 16.5188, 18.3542, 0.1500, 156.00
1407, 2316, 24, 106, 0.5625, 8.8933, 8.6823, -1.9256, 0.2250, 149.75
1407, 2374, 77, 30, 0.6000, 54.2110, -41.9603, -34.3244, 0.1800, 136.33
1407, 2379, 64, 57, 0.6000, 49.6163, 15.1147, -47.2581, 0.1800, 176.33
1407, 2279, 61, 88, 0.8811, 2.1146, 1.9994, 0.6883, 0.8811, 240.35
1407, 2240, 85, 23, 0.5250, 33.4762, -28.1272, 18.1525, 0.3150, 161.83
1407, 2393, 43, 0, 0.6556, 13.4607, -7.4483, -11.2122, 0.2622, 195.50
1407, 2403, 113, 5, 0.6556, 34.9455, 34.4871, -5.6414, 0.2622, 200.25
1407, 2408, 81, 42, 0.6556, 5.5841, 5.4322, 1.2934, 0.2622, 195.00
1407, 2333, 120, 10, 0.9000, 3.8670, 3.3114, 1.9971, 0.9000, 244.82
1407, 2181, 53, 123, 0.5424, 8.2920, -3.8008, 7.3696, 0.4339, 184.56
1407, 2373, 23, 137, 0.5556, 36.2830, 5.4837, 35.8662, 0.2222, 183.00
1407, 2338, 21, 90, 0.9000, 0.0000, 0.0000, 0.0000, 0.9000, 188.00
1407, 2354, 50, 76, 0.5222, 24.8444, -15.3335, 19.5482, 0.2611, 183.20
1407, 2383, 125, 77, 0.6611, 0.4860, -0.4860, 0.0000, 0.3306, 97.80
1407, 2289, 130, 32, 0.5000, 23.8444, 23.7335, 2.2969, 0.3000, 197.67
1407, 2391, 136, -4, 0.5556, 15.9119, 11.1890, -11.3135, 0.2222, 155.25
1407, 2399, 127, 101, 0.6056, 2.2308, 0.9972, 1.9955, 0.2422, 83.00
1408, 2333, 124, 17, 1.0000, 6.0290, 3.7022, 4.7584, 1.0000, 241.50
1408, 2374, 27, 13, 0.6556, 52.1609, -48.7170, -18.6390, 0.2622, 153.75
1408, 2338, 61, 65, 1.0000, 26.5605, 22.4305, -14.2242, 1.0000, 189.00
1408, 2279, 62, 88, 0.9379, 1.2760, 1.2482, 0.2653, 0.9379, 239.41
1408, 2240, 61, 38, 0.5841, 29.6607, -25.3300, 15.4321, 0.4089, 166.29
1408, 2289, 119, 6, 0.6587, 14.3278, 3.8653, -13.7966, 0.4611, 200.86
1408, 2408, 80, 41, 0.7111, 0.6272, -0.6102, -0.1453, 0.3556, 193.20
1408, 2379, 79, 9, 0.5000, 49.6163, 15.1147, -47.2581, 0.1500, 176.33
1408, 2383, 124, 77, 0.5611, 0.4860, -0.4860, 0.0000, 0.2806, 97.80
1408, 2393, 35, -11, 0.5556, 13.4607, -7.4483, -11.2122, 0.2222, 195.50
1408, 2399, 128, 103, 0.5056, 2.2308, 0.9972, 1.9955, 0.2022, 83.00
1408, 2403, 148, 0, 0.5556, 34.9455, 34.4871, -5.6414, 0.2222, 200.25
1409, 2316, 58, 116, 0.6222, 19.1365, 18.3325, 5.4885, 0.3111, 150.20
1409, 2384, 116, 9, 0.6000, 21.6855, 7.4167, -20.3778, 0.1800, 141.50
1409, 2279, 64, 88, 0.9944, 1.6990, 1.6990, 0.0044, 0.9944, 239.04
1409, 2240, 31, 64, 0.6424, 38.2885, -29.2877, 24.6625, 0.5139, 169.62
1409, 2393, 10, 0, 0.7111, 18.0732, -17.9877, 1.7560, 0.3556, 207.00
1409, 2397, 36, 41, 0.6000, 39.1153, 14.5586, -36.3050, 0.1800, 188.67
1409, 2333, 128, 21, 0.9000, 6.0290, 3.7022, 4.7584, 0.9000, 241.50
1409, 2374, -22, -5, 0.5556, 52.1609, -48.7170, -18.6390, 0.2222, 153.75
1409, 2408, 80, 41, 0.6111, 0.6272, -0.6102, -0.1453, 0.3056, 193.20
1410, 2333, 125, 48, 1.0000, 16.3120, 0.4852, 16.3048, 1.0000, 239.07
1410, 2316, 76, 120, 0.6806, 18.4081, 17.7951, 4.7107, 0.4083, 145.50
1410, 2384, 122, 4, 0.6556, 9.6208, 5.9787, -7.5376, 0.2622, 164.62
1410, 2279, 66, 89, 1.0000, 2.1114, 1.9901, 0.7055, 1.0000, 240.12
1410, 2408, 70, 53, 0.7667, 8.5413, -5.5460, 6.4958, 0.4600, 196.50
1410, 2240, 1, 89, 0.5424, 38.2885, -29.2877, 24.6625, 0.4339, 169.62
1410, 2397, 50, 5, 0.5000, 39.1153, 14.5586, -36.3050, 0.1500, 188.67
1411, 2384, 123, 5, 0.7111, 1.3918, 1.2292, 0.6527, 0.3556, 167.20
1411, 2279, 67, 88, 1.0000, 1.3775, 1.3021, -0.4495, 1.0000, 237.89
1411, 2293, 63, 66, 0.5400, 47.5465, 31.7038, -35.4336, 0.2700, 175.60
1411, 2392, 113, 32, 0.6000, 2.8885, 2.7303, 0.9427, 0.1800, 144.67
1411, 2410, 107, 30, 0.6000, 33.0698, 32.4592, 6.3254, 0.1800, 188.67
1411, 2316, 94, 125, 0.5806, 18.4081, 17.7951, 4.7107, 0.3483, 145.50
1412, 2384, 125, 6, 0.7667, 1.9784, 1.8904, 0.5834, 0.4600, 171.83
1412, 2279, 70, 90, 1.0000, 2.7132, 2.4454, 1.1752, 1.0000, 238.63
1412, 2293, 69, 38, 0.6000, 30.7045, 9.2456, -29.2794, 0.3600, 181.33
1412, 2392, 113, 32, 0.7056, 0.8791, 0.8379, 0.2659, 0.2822, 146.00
1412, 2410, 140, 37, 0.5000, 33.0698, 32.4592, 6.3254, 0.1500, 188.67
1413, 2384, 127, 6, 0.8222, 2.0761, 2.0725, 0.1223, 0.5756, 174.29
1413, 2279, 72, 90, 1.0000, 2.3639, 2.2953, 0.5656, 1.0000, 238.22
1413, 2411, 77, 25, 0.6000, 22.2554, -20.4823, 8.7050, 0.1800, 158.00
1413, 2311, 6, 18, 0.5400, 0.9866, 0.9860, -0.0336, 0.2700, 219.00
1413, 2293, 78, 9, 0.5000, 30.7045, 9.2456, -29.2794, 0.3000, 181.33
1413, 2392, 114, 32, 0.6056, 0.8791, 0.8379, 0.2659, 0.2422, 146.00
1414, 2279, 73, 90, 1.0000, 1.3322, 1.3308, 0.0603, 1.0000, 236.50
1414, 2286, 78, 27, 0.5400, 13.8260, 6.5603, -12.1705, 0.2700, 190.20
1414, 2392, 115, 33, 0.7611, 0.9559, 0.8377, 0.4605, 0.3806, 147.20
1414, 2411, 69, 38, 0.6556, 15.9981, -9.3668, 12.9692, 0.2622, 178.75
1414, 2311, 8, 17, 0.6500, 1.9149, 1.7620, -0.7498, 0.3900, 219.00
1414, 2384, 129, 6, 0.7222, 2.0761, 2.0725, 0.1223, 0.5056, 174.29
1415, 2279, 76, 91, 1.0000, 2.4760, 2.3863, 0.6604, 1.0000, 237.53
1415, 2286, 80, 25, 0.6000, 4.4103, 2.6519, -3.5239, 0.3600, 190.42
1415, 2392, 116, 34, 0.8167, 1.3152, 0.9647, 0.8939, 0.4900, 150.50
1415, 2311, 9, 17, 0.7087, 1.3093, 1.2811, -0.2704, 0.4961, 218.86
1415, 2363, 22, 86, 0.5625, 48.9035, -14.3818, 46.7409, 0.2250, 196.50
1415, 2368, 10, 118, 0.5625, 29.5392, -10.4762, 27.6190, 0.2250, 178.00
1415, 2384, 131, 6, 0.6222, 2.0761, 2.0725, 0.1223, 0.4356, 174.29
1415, 2411, 60, 51, 0.5556, 15.9981, -9.3668, 12.9692, 0.2222, 178.75
1416, 2279, 78, 91, 1.0000, 2.2922, 2.2750, 0.2805, 1.0000, 238.45
1416, 2286, 80, 25, 0.6587, 0.9294, 0.8831, 0.2895, 0.4611, 194.79
1416, 2311, 10, 17, 0.7667, 0.9962, 0.9962, 0.0061, 0.6133, 218.50
1416, 2363, 10, 121, 0.6222, 38.4807, -12.7496, 36.3072, 0.3111, 187.20
1416, 2367, 23, 89, 0.5625, 23.1427, -18.8094, 13.4830, 0.2250, 186.75
1416, 2384, 133, 6, 0.5222, 2.0761, 2.0725, 0.1223, 0.3656, 174.29
1416, 2392, 117, 35, 0.7167, 1.3152, 0.9647, 0.8939, 0.4300, 150.50
1417, 2279, 79, 92, 1.0000, 1.5337, 1.3467, 0.7340, 1.0000, 239.05
1417, 2286, 81, 26, 0.7167, 0.9488, 0.7146, 0.6241, 0.5733, 194.06
1417, 2392, 119, 36, 0.8722, 1.8887, 1.5669, 1.0545, 0.6106, 147.29
1417, 2311, 11, 17, 0.8241, 0.9587, 0.9578, 0.0415, 0.7417, 218.11
1417, 2367, 19, 92, 0.6222, 7.0994, -5.7839, 4.1167, 0.3111, 186.60
1417, 2363, -3, 157, 0.5222, 38.4807, -12.7496, 36.3072, 0.2611, 187.20
1418, 2279, 81, 92, 1.0000, 1.6863, 1.6619, 0.2854, 1.0000, 239.52
1418, 2286, 82, 27, 0.7741, 1.3214, 0.9081, 0.9599, 0.6967, 193.72
1418, 2392, 119, 36, 0.9278, 0.4495, 0.3791, 0.2416, 0.7422, 146.25
1418, 2311, 12, 17, 0.8811, 0.9843, 0.9841, 0.0153, 0.8811, 221.10
1418, 2367, 20, 91, 0.6806, 0.4425, 0.3544, -0.2649, 0.4083, 187.00
1418, 2291, 59, 74, 0.5400, 38.3035, -37.1092, -9.4902, 0.2700, 145.60
1419, 2286, 82, 27, 0.8311, 0.3672, 0.2426, 0.2756, 0.8311, 193.25
1419, 2392, 122, 39, 0.9833, 3.7095, 2.2041, 2.9837, 0.8850, 143.67
1419, 2310, 1, 53, 0.5400, 33.6117, -1.8423, 33.5611, 0.2700, 207.20
1419, 2311, 14, 16, 0.9379, 1.9062, 1.7517, -0.7518, 0.9379, 221.27
1419, 2367, 21, 90, 0.7381, 1.2032, 0.9780, -0.7009, 0.5167, 187.14
1419, 2369, 23, 123, 0.5625, 20.6222, 17.0407, 11.6141, 0.2250, 145.75
1419, 2415, 87, 122, 0.6000, 0.9524, 0.9524, 0.0000, 0.1800, 112.83
1419, 2279, 83, 92, 0.9000, 1.6863, 1.6619, 0.2854, 0.9000, 239.52
1420, 2279, 85, 93, 1.0000, 2.1095, 2.0591, 0.4587, 1.0000, 240.23
1420, 2386, 24, 123, 0.6000, 23.1218, 17.2789, 15.3641, 0.1800, 163.33
1420, 2286, 84, 27, 0.8879, 1.4884, 1.4880, -0.0348, 0.8879, 192.50
1420, 2392, 122, 40, 1.0000, 1.3784, 0.8004, 1.1222, 1.0000, 141.60
1420, 2310, 2, 103, 0.6000, 48.4433, 0.2043, 48.4428, 0.3600, 199.00
1420, 2311, 15, 16, 0.9944, 1.3382, 1.3034, -0.3034, 0.9944, 220.08
1420, 2367, 21, 90, 0.7951, 0.3854, 0.3140, -0.2234, 0.6361, 187.25
1420, 2415, 88, 122, 0.5000, 0.9524, 0.9524, 0.0000, 0.1500, 112.83
1421, 2279, 87, 93, 1.0000, 2.0479, 2.0429, 0.1430, 1.0000, 240.87
1421, 2386, 49, 129, 0.6556, 24.4935, 23.6197, 6.4839, 0.2622, 156.75
1421, 2286, 85, 27, 0.9444, 1.2980, 1.2969, -0.0535, 0.9444, 192.54
1421, 2392, 121, 39, 1.0000, 1.0784, -0.7679, -0.7571, 1.0000, 140.86
1421, 2311, 16, 16, 1.0000, 1.0110, 1.0109, -0.0109, 1.0000, 220.15
1421, 2291, 1, 55, 0.6000, 16.4431, -15.3793, -5.8183, 0.3600, 160.00
1421, 2414, 82, 38, 0.8167, 4.3243, 3.0578, -3.0578, 0.4900, 185.17
1421, 2341, 119, 36, 0.5400, 0.1355, 0.1127, 0.0751, 0.2700, 128.60
1421, 2420, 117, 8, 0.6000, 5.7931, -5.7143, -0.9524, 0.1800, 132.00
1421, 2310, 2, 152, 0.5000, 48.4433, 0.2043, 48.4428, 0.3000, 199.00
1422, 2279, 89, 93, 1.0000, 2.0101, 2.0100, -0.0091, 1.0000, 239.17
1422, 2386, 67, 116, 0.7111, 21.2785, 18.6219, -10.2956, 0.3556, 154.20
1422, 2286, 86, 28, 1.0000, 1.2832, 1.0422, 0.7486, 1.0000, 191.42
1422, 2392, 122, 40, 1.0000, 0.4436, 0.3347, 0.2911, 1.0000, 140.38
1422, 2311, 17, 16, 1.0000, 0.9597, 0.9588, 0.0412, 1.0000, 219.64
1422, 2291, -2, 56, 0.6587, 3.8700, -3.8105, 0.6759, 0.4611, 166.14
1422, 2414, 98, 26, 0.8222, 17.4613, 14.1005, -10.2991, 0.5756, 180.71
1422, 2415, 91, 122, 0.7056, 1.4244, 1.4244, 0.0000, 0.2822, 110.62
1422, 2341, 112, 38, 0.6000, 6.2657, -6.0844, 1.4964, 0.3600, 127.83
1422, 2420, 116, 8, 0.6556, 1.5735, -1.5521, -0.2587, 0.2622, 133.25
1422, 2377, 75, 96, 0.5625, 29.2150, -9.5238, 27.6190, 0.2250, 169.50
1422, 2380, 62, 31, 0.5625, 35.4263, -18.0616, 30.4762, 0.2250, 182.75
1423, 2279, 91, 92, 1.0000, 2.1237, 1.9978, -0.7203, 1.0000, 235.95
1423, 2286, 86, 28, 1.0000, 0.3604, 0.2089, 0.2937, 1.0000, 190.25
1423, 2392, 122, 42, 1.0000, 1.7550, 0.2456, 1.7377, 1.0000, 138.65
1423, 2311, 18, 15, 1.0000, 1.2147, 0.9811, -0.7161, 1.0000, 220.13
1423, 2415, 92, 122, 0.7611, 1.0917, 1.0917, 0.0000, 0.3806, 108.70
1423, 2341, 91, 45, 0.6587, 20.1765, -19.0498, 6.6482, 0.4611, 134.57
1423, 2420, 117, 8, 0.7111, 0.1767, 0.1743, 0.0291, 0.3556, 134.00
1423, 2380, 37, 82, 0.6222, 53.7484, -23.7562, 48.2135, 0.3111, 181.80
1423, 2427, 84, 39, 0.6000, 40.0566, 19.0476, -35.2381, 0.1800, 186.33
1423, 2386, 86, 106, 0.6111, 21.2785, 18.6219, -10.2956, 0.3056, 154.20
1423, 2414, 112, 16, 0.7222, 17.4613, 14.1005, -10.2991, 0.5056, 180.71
1424, 2279, 93, 94, 1.0000, 2.2507, 1.9973, 1.0374, 1.0000, 234.16
1424, 2392, 123, 43, 1.0000, 1.6095, 0.8023, 1.3953, 1.0000, 138.75
1424, 2311, 20, 15, 1.0000, 1.7565, 1.7292, -0.3089, 1.0000, 220.38
1424, 2420, 117, 8, 0.7667, 0.2966, 0.2925, 0.0488, 0.4600, 134.50
1424, 2380, 21, 127, 0.6806, 48.8472, -17.0473, 45.7759, 0.4083, 176.00
1424, 2426, 39, 9, 0.6000, 52.9333, -22.9052, -47.7209, 0.1800, 205.00
1424, 2427, 88, 10, 0.6556, 30.4972, 5.9271, -29.9157, 0.2622, 181.75
1424, 2286, 86, 28, 0.9000, 0.3604, 0.2089, 0.2937, 0.9000, 190.25
1424, 2414, 126, 6, 0.6222, 17.4613, 14.1005, -10.2991, 0.4356, 180.71
1424, 2415, 93, 122, 0.6611, 1.0917, 1.0917, 0.0000, 0.3306, 108.70
1424, 2341, 72, 52, 0.5587, 20.1765, -19.0498, 6.6482, 0.3911, 134.57
1425, 2279, 95, 95, 1.0000, 2.3890, 1.9991, 1.3080, 1.0000, 234.44
1425, 2286, 79, 41, 1.0000, 8.1455, -3.9795, 7.1072, 1.0000, 189.97
1425, 2311, 21, 15, 1.0000, 1.3152, 1.3151, -0.0215, 1.0000, 220.53
1425, 2415, 95, 122, 0.8167, 1.5097, 1.5097, 0.0000, 0.4900, 108.58
1425, 2392, 124, 44, 0.9000, 1.6095, 0.8023, 1.3953, 0.9000, 138.75
1425, 2414, 140, -5, 0.5222, 17.4613, 14.1005, -10.2991, 0.3656, 180.71
1425, 2420, 117, 8, 0.6667, 0.2966, 0.2925, 0.0488, 0.4000, 134.50
1425, 2380, 4, 173, 0.5806, 48.8472, -17.0473, 45.7759, 0.3483, 176.00
1425, 2426, 17, -39, 0.5000, 52.9333, -22.9052, -47.7209, 0.1500, 205.00
1425, 2427, 94, -20, 0.5556, 30.4972, 5.9271, -29.9157, 0.2222, 181.75
1426, 2311, 22, 18, 1.0000, 2.4319, 1.0228, 2.2064, 1.0000, 219.61
1426, 2415, 91, 117, 0.8722, 5.8689, -3.5434, -4.6785, 0.6106, 110.79
1426, 2417, 41, 4, 0.6000, 37.4893, 37.4791, 0.8742, 0.1800, 222.67
1426, 2420, 122, 8, 0.8222, 2.7453, 2.7453, -0.0031, 0.5756, 131.86
1426, 2285, 7, 30, 0.5250, 8.1411, -7.2665, 3.6708, 0.3150, 208.50
1426, 2279, 97, 96, 0.9000, 2.3890, 1.9991, 1.3080, 0.9000, 234.44
1426, 2392, 124, 46, 0.8000, 1.6095, 0.8023, 1.3953, 0.8000, 138.75
1427, 2279, 99, 97, 1.0000, 2.2463, 2.0003, 1.0221, 1.0000, 232.37
1427, 2392, 125, 40, 1.0000, 1.7094, 0.6808, -1.5680, 1.0000, 136.43
1427, 2422, 92, 29, 0.7056, 1.0871, 0.7687, 0.7687, 0.2822, 174.00
1427, 2431, 115, 68, 0.6000, 49.6857, 34.2569, 35.9879, 0.1800, 160.00
1427, 2311, 23, 20, 0.9000, 2.4319, 1.0228, 2.2064, 0.9000, 219.61
1427, 2415, 87, 112, 0.7722, 5.8689, -3.5434, -4.6785, 0.5406, 110.79
1427, 2417, 78, 5, 0.5000, 37.4893, 37.4791, 0.8742, 0.1500, 222.67
1427, 2420, 125, 8, 0.7222, 2.7453, 2.7453, -0.0031, 0.5056, 131.86
1428, 2279, 103, 96, 1.0000, 3.3921, 3.3704, -0.3831, 1.0000, 230.51
1428, 2392, 125, 46, 1.0000, 5.1948, 0.1321, 5.1931, 1.0000, 137.28
1428, 2311, 16, 27, 1.0000, 5.9381, -3.3191, 4.9238, 1.0000, 219.26
1428, 2415, 78, 102, 0.8778, 10.2424, -6.7525, -7.7013, 0.7022, 114.19
1428, 2372, 108, 52, 0.5625, 16.7127, -15.7694, 5.5355, 0.2250, 143.00
1428, 2422, 93, 29, 0.7611, 1.0878, 1.0494, 0.2865, 0.3806, 174.90
1428, 2285, 3, 60, 0.5841, 16.6467, -1.3060, 16.5954, 0.4089, 206.43
1428, 2431, 126, 119, 0.6556, 50.7712, 13.4378, 48.9606, 0.2622, 139.75
1428, 2434, 5, 24, 0.6000, 35.2914, 1.9384, -35.2381, 0.1800, 203.67
1428, 2420, 127, 8, 0.6222, 2.7453, 2.7453, -0.0031, 0.4356, 131.86
1429, 2279, 104, 96, 1.0000, 2.0251, 1.9920, -0.3646, 1.0000, 230.72
1429, 2392, 126, 50, 1.0000, 4.4729, 0.7164, 4.4152, 1.0000, 136.62
1429, 2404, 9, 3, 0.6000, 55.2737, 2.9022, -55.1974, 0.1800, 200.00
1429, 2422, 95, 29, 0.8167, 1.8169, 1.8169, -0.0028, 0.4900, 175.92
1429, 2381, 103, 110, 0.5625, 21.8869, 21.8130, -1.7969, 0.2250, 117.00
1429, 2285, 0, 81, 0.6424, 20.8714, -2.3166, 20.7425, 0.5139, 204.19
1429, 2311, 13, 32, 0.9000, 5.9381, -3.3191, 4.9238, 0.9000, 219.26
1429, 2420, 130, 8, 0.5222, 2.7453, 2.7453, -0.0031, 0.3656, 131.86
1429, 2431, 139, 168, 0.5556, 50.7712, 13.4378, 48.9606, 0.2222, 139.75
1429, 2434, 7, -11, 0.5000, 35.2914, 1.9384, -35.2381, 0.1500, 203.67
1430, 2279, 106, 97, 1.0000, 1.8508, 1.7666, 0.5518, 1.0000, 230.83
1430, 2392, 126, 50, 1.0000, 0.3571, 0.2614, 0.2433, 1.0000, 135.86
1430, 2406, 96, 4, 0.6000, 9.7311, 9.6828, 0.9684, 0.1800, 168.33
1430, 2422, 96, 29, 0.8722, 1.3077, 1.3071, -0.0426, 0.6106, 174.64
1430, 2381, 122, 104, 0.6222, 20.4367, 19.5713, -5.8842, 0.3111, 109.60
1430, 2434, 26, 1, 0.6556, 14.5889, 11.7277, -8.6774, 0.2622, 203.00
1430, 2350, 58, 25, 0.5400, 13.5457, -10.5434, -8.5042, 0.2700, 195.00
1430, 2435, 27, 14, 0.6000, 0.9860, 0.9860, 0.0000, 0.1800, 222.00
1430, 2404, 12, -52, 0.5000, 55.2737, 2.9022, -55.1974, 0.1500, 200.00
1430, 2285, -2, 102, 0.5424, 20.8714, -2.3166, 20.7425, 0.4339, 204.19
1431, 2279, 109, 97, 1.0000, 2.5713, 2.5481, 0.3447, 1.0000, 230.93
1431, 2392, 127, 50, 1.0000, 0.7714, 0.7482, 0.1875, 1.0000, 135.13
1431, 2370, 3, 83, 0.5625, 43.8690, -16.9549, -40.4601, 0.2250, 168.25
1431, 2422, 97, 30, 0.9278, 1.2445, 1.0008, 0.7398, 0.7422, 175.19
1431, 2424, 93, 12, 0.6000, 22.3584, -14.8603, -16.7054, 0.1800, 148.67
1431, 2432, 8, 56, 0.6000, 6.1144, 2.7024, -5.4847, 0.1800, 199.00
1431, 2350, 31, 14, 0.6000, 27.5722, -25.4433, -10.6240, 0.3600, 201.50
1431, 2435, 4, 3, 0.6556, 22.3505, -20.0896, -9.7956, 0.2622, 217.50
1431, 2389, 87, 4, 0.5625, 41.9156, 41.9048, -0.9524, 0.2250, 199.75
1431, 2406, 105, 5, 0.5000, 9.7311, 9.6828, 0.9684, 0.1500, 168.33
1431, 2381, 142, 98, 0.5222, 20.4367, 19.5713, -5.8842, 0.2611, 109.60
1431, 2434, 38, -7, 0.5556, 14.5889, 11.7277, -8.6774, 0.2222, 203.00
1432, 2279, 111, 97, 1.0000, 2.3252, 2.3238, 0.0799, 1.0000, 231.36
1432, 2370, 3, 60, 0.6222, 25.2844, -1.8182, -25.2190, 0.3111, 173.60
1432, 2422, 98, 29, 0.9833, 1.0573, 0.9552, -0.4533, 0.8850, 177.06
1432, 2385, 126, 104, 0.5625, 2.1697, 1.9481, 0.9553, 0.2250, 87.50
1432, 2388, 3, 80, 0.5625, 21.7413, -5.6807, 20.9860, 0.2250, 203.25
1432, 2392, 128, 50, 0.9000, 0.7714, 0.7482, 0.1875, 0.9000, 135.13
1432, 2424, 78, -5, 0.5000, 22.3584, -14.8603, -16.7054, 0.1500, 148.67
1432, 2432, 10, 51, 0.5000, 6.1144, 2.7024, -5.4847, 0.1500, 199.00
1432, 2350, 5, 4, 0.5000, 27.5722, -25.4433, -10.6240, 0.3000, 201.50
1432, 2435, -16, -7, 0.5556, 22.3505, -20.0896, -9.7956, 0.2222, 217.50
1433, 2279, 112, 98, 1.0000, 1.5504, 1.4131, 0.6378, 1.0000, 228.85
1433, 2422, 107, 29, 0.9889, 7.7154, 7.7099, -0.2911, 0.9889, 174.25
1433, 2385, 126, 104, 0.6722, 0.5690, 0.5071, 0.2580, 0.3361, 84.80
1433, 2392, 128, 50, 0.8000, 0.7714, 0.7482, 0.1875, 0.8000, 135.13
1433, 2370, 2, 35, 0.5222, 25.2844, -1.8182, -25.2190, 0.2611, 173.60
1434, 2279, 116, 97, 1.0000, 2.9591, 2.9403, -0.3325, 1.0000, 229.51
1434, 2406, 127, 3, 0.6556, 7.3459, 7.3238, -0.5697, 0.2622, 158.75
1434, 2412, 100, 29, 0.6000, 17.1156, -4.8267, 16.4210, 0.1800, 151.33
1434, 2370, 3, 17, 0.6806, 21.3334, -0.0432, -21.3334, 0.4083, 179.00
1434, 2432, 4, 43, 0.6556, 4.7495, -2.0737, -4.2729, 0.2622, 199.00
1434, 2388, 8, 101, 0.6222, 9.6584, 3.5614, 8.9778, 0.3111, 191.40
1434, 2437, 106, 125, 0.6000, 1.4051, 1.0304, 0.9553, 0.1800, 112.83
1434, 2392, 129, 51, 0.7000, 0.7714, 0.7482, 0.1875, 0.7000, 135.13
1434, 2422, 114, 29, 0.8889, 7.7154, 7.7099, -0.2911, 0.8889, 174.25
1434, 2385, 127, 104, 0.5722, 0.5690, 0.5071, 0.2580, 0.2861, 84.80
1435, 2279, 118, 97, 1.0000, 2.6228, 2.6064, -0.2925, 1.0000, 230.10
1435, 2429, 10, 67, 0.6000, 55.9355, -38.5941, -40.4879, 0.1800, 158.00
1435, 2388, 16, 108, 0.6806, 10.6841, 7.5369, 7.5726, 0.4083, 186.83
1435, 2437, 108, 124, 0.7056, 1.8240, 1.7544, -0.4991, 0.2822, 106.38
1435, 2394, 33, 57, 0.5625, 47.5972, -44.9678, 15.6011, 0.2250, 182.25
1435, 2439, 98, 68, 0.6000, 19.8213, -9.2147, 17.5492, 0.1800, 148.67
1435, 2440, 33, 13, 0.6000, 0.9860, 0.9860, 0.0000, 0.1800, 217.00
1435, 2392, 130, 51, 0.6000, 0.7714, 0.7482, 0.1875, 0.6000, 135.13
1435, 2406, 134, 2, 0.5556, 7.3459, 7.3238, -0.5697, 0.2222, 158.75
1435, 2412, 95, 46, 0.5000, 17.1156, -4.8267, 16.4210, 0.1500, 151.33
1435, 2370, 3, -5, 0.5806, 21.3334, -0.0432, -21.3334, 0.3483, 179.00
1435, 2422, 122, 28, 0.7889, 7.7154, 7.7099, -0.2911, 0.7889, 174.25
1435, 2432, 2, 39, 0.5556, 4.7495, -2.0737, -4.2729, 0.2222, 199.00
1436, 2279, 121, 97, 1.0000, 2.8012, 2.7995, -0.0963, 1.0000, 230.67
1436, 2437, 109, 124, 0.7611, 1.3109, 1.2738, -0.3096, 0.3806, 102.90
1436, 2394, 6, 66, 0.6222, 30.6100, -28.9853, 9.8398, 0.3111, 183.40
1436, 2440, 28, 13, 0.7056, 4.2660, -4.2660, 0.0000, 0.2822, 214.25
1436, 2392, 131, 51, 0.5000, 0.7714, 0.7482, 0.1875, 0.5000, 135.13
1436, 2422, 130, 28, 0.6889, 7.7154, 7.7099, -0.2911, 0.6889, 174.25
1436, 2429, -28, 27, 0.5000, 55.9355, -38.5941, -40.4879, 0.1500, 158.00
1436, 2388, 24, 116, 0.5806, 10.6841, 7.5369, 7.5726, 0.3483, 186.83
1436, 2439, 88, 86, 0.5000, 19.8213, -9.2147, 17.5492, 0.1500, 148.67
1437, 2279, 123, 97, 1.0000, 2.3219, 2.3219, 0.0017, 1.0000, 231.31
1437, 2412, 94, 62, 0.6556, 9.8300, -1.4908, 9.7163, 0.2622, 156.00
1437, 2432, 14, 16, 0.7111, 10.9378, 4.4287, -10.0011, 0.3556, 200.80
1437, 2385, 120, 102, 0.7306, 2.3064, -2.1762, -0.7639, 0.4383, 86.33
1437, 2437, 110, 124, 0.8167, 0.9956, 0.9945, -0.0453, 0.4900, 100.58
1437, 2394, 2, 66, 0.6806, 7.0906, -7.0446, 0.8065, 0.4083, 184.00
1437, 2422, 137, 28, 0.5889, 7.7154, 7.7099, -0.2911, 0.5889, 174.25
1437, 2440, 24, 13, 0.6056, 4.2660, -4.2660, 0.0000, 0.2422, 214.25
1438, 2279, 126, 97, 1.0000, 2.6659, 2.6658, 0.0188, 1.0000, 231.92
1438, 2412, 80, 91, 0.7111, 30.7262, -13.2462, 27.7243, 0.3556, 154.60
1438, 2385, 114, 107, 0.7381, 7.9731, -6.2860, 4.9047, 0.5167, 86.43
1438, 2437, 111, 125, 0.8722, 1.2404, 0.9582, 0.7877, 0.6106, 102.07
1438, 2439, 85, 111, 0.6556, 14.0301, -3.1345, 13.6754, 0.2622, 142.25
1438, 2395, 65, 43, 0.5625, 11.0440, 2.7671, 10.6918, 0.2250, 197.25
1438, 2440, 20, 11, 0.7611, 4.0668, -3.9137, -1.1054, 0.3806, 222.40
1438, 2394, -5, 67, 0.5806, 7.0906, -7.0446, 0.8065, 0.3483, 184.00
1439, 2437, 113, 125, 0.9278, 1.7685, 1.7405, 0.3134, 0.7422, 105.69
1439, 2439, 85, 125, 0.7111, 13.8313, -0.3953, 13.8257, 0.3556, 136.00
1439, 2440, 19, 12, 0.8167, 0.9586, -0.8299, 0.4798, 0.4900, 226.67
1439, 2447, 105, 32, 0.6000, 41.7747, 38.0952, -17.1429, 0.1800, 198.67
1439, 2279, 129, 97, 0.9000, 2.6659, 2.6658, 0.0188, 0.9000, 231.92
1440, 2413, 97, 74, 0.6000, 46.6151, 26.0779, 38.6382, 0.1800, 181.00
1440, 2437, 114, 125, 0.9833, 1.2986, 1.2986, 0.0082, 0.8850, 105.61
1440, 2440, 20, 13, 0.8722, 1.1284, 0.2413, 1.1023, 0.6106, 230.00
1440, 2441, 122, 104, 0.6000, 20.9100, -0.9234, -20.8895, 0.1800, 85.33
1440, 2362, 26, 29, 0.5400, 0.9560, 0.9553, 0.0376, 0.2700, 226.50
1440, 2279, 131, 97, 0.8000, 2.6659, 2.6658, 0.0188, 0.8000, 231.92
1440, 2439, 84, 139, 0.6111, 13.8313, -0.3953, 13.8257, 0.3056, 136.00
1440, 2447, 143, 14, 0.5000, 41.7747, 38.0952, -17.1429, 0.1500, 198.67
1441, 2413, 117, 112, 0.6556, 43.5808, 20.6475, 38.3793, 0.2622, 162.50
1441, 2418, 102, 13, 0.6000, 21.3547, -20.2588, -6.7529, 0.1800, 142.33
1441, 2281, 87, 126, 0.5250, 2.1203, 1.9007, 0.9397, 0.3150, 101.58
1441, 2437, 115, 125, 1.0000, 1.0109, 1.0100, -0.0431, 1.0000, 103.85
1441, 2440, 20, 14, 0.9278, 1.1313, 0.2081, 1.1120, 0.7422, 232.75
1441, 2441, 122, 99, 0.6556, 6.3804, -0.2712, -6.3746, 0.2622, 84.25
1441, 2362, 29, 39, 0.6000, 8.6960, 2.5296, 8.3199, 0.3600, 223.58
1441, 2446, 4, 65, 0.6000, 33.6702, -23.3037, 24.3027, 0.1800, 202.00
1441, 2398, 21, 90, 0.5625, 0.1188, -0.0376, 0.1127, 0.2250, 175.00
1441, 2279, 134, 97, 0.7000, 2.6659, 2.6658, 0.0188, 0.7000, 231.92
1441, 2439, 84, 153, 0.5111, 13.8313, -0.3953, 13.8257, 0.2556, 136.00
1442, 2281, 88, 126, 0.6341, 1.3174, 1.2892, 0.2712, 0.4439, 102.93
1442, 2437, 117, 125, 1.0000, 1.7029, 1.7028, -0.0187, 1.0000, 103.59
1442, 2440, 20, 15, 0.9833, 1.0288, 0.0443, 1.0278, 0.8850, 235.22
1442, 2441, 122, 101, 0.7111, 0.3997, 0.0215, 0.3991, 0.3556, 83.60
1442, 2362, 30, 41, 0.6587, 3.4382, 1.5692, 3.0593, 0.4611, 220.79
1442, 2446, -3, 113, 0.6556, 46.2144, -8.6759, 45.3927, 0.2622, 189.75
1442, 2398, 21, 90, 0.6722, 0.0284, 0.0090, -0.0270, 0.3361, 177.40
1442, 2405, 16, 62, 0.5625, 0.9322, 0.9322, 0.0000, 0.2250, 195.88
1442, 2365, 14, 69, 0.5400, 7.3964, -7.1575, 1.8645, 0.2700, 192.40
1442, 2384, 97, 32, 0.5495, 19.8555, -0.5161, 19.8488, 0.5495, 157.91
1442, 2451, 3, 11, 0.6000, 0.9577, -0.1008, -0.9524, 0.1800, 214.00
1442, 2279, 137, 97, 0.6000, 2.6659, 2.6658, 0.0188, 0.6000, 231.92
1442, 2413, 138, 150, 0.5556, 43.5808, 20.6475, 38.3793, 0.2222, 162.50
1442, 2418, 81, 6, 0.5000, 21.3547, -20.2588, -6.7529, 0.1500, 142.33
1443, 2418, 98, 9, 0.6556, 1.7669, 0.0857, -1.7648, 0.2622, 146.75
1443, 2419, 12, 36, 0.6000, 36.1128, -33.8516, 12.5780, 0.1800, 200.00
1443, 2437, 118, 125, 1.0000, 1.2877, 1.2877, -0.0012, 1.0000, 104.88
1443, 2399, 115, 123, 0.5643, 1.4559, 0.9641, 1.0909, 0.3950, 94.29
1443, 2440, 19, 16, 1.0000, 1.2621, -0.7774, 0.9943, 1.0000, 237.00
1443, 2441, 119, 112, 0.7667, 10.6860, -3.0096, 10.2535, 0.4600, 84.17
1443, 2442, 9, 27, 0.6000, 31.6961, -18.4302, 25.7870, 0.1800, 216.67
1443, 2362, 31, 41, 0.7167, 1.2270, 0.9942, 0.7190, 0.5733, 219.19
1443, 2398, 21, 90, 0.7306, 0.0261, 0.0083, -0.0248, 0.4383, 179.33
1443, 2405, 17, 63, 0.6722, 1.2752, 1.0241, 0.7599, 0.3361, 198.70
1443, 2365, 13, 69, 0.6000, 1.5395, -1.4460, 0.5284, 0.3600, 192.33
1443, 2450, 102, 18, 0.6000, 53.2230, -4.4943, -53.0329, 0.1800, 135.67
1443, 2451, 4, 15, 0.7056, 3.5912, 0.7645, 3.5088, 0.2822, 214.50
1443, 2279, 139, 97, 0.5000, 2.6659, 2.6658, 0.0188, 0.5000, 231.92
1443, 2281, 89, 126, 0.5341, 1.3174, 1.2892, 0.2712, 0.3739, 102.93
1443, 2446, -11, 159, 0.5556, 46.2144, -8.6759, 45.3927, 0.2222, 189.75
1444, 2418, 100, 10, 0.7111, 1.9921, 1.8764, 0.6691, 0.3556, 151.80
1444, 2281, 90, 126, 0.6924, 0.9168, 0.9122, -0.0912, 0.5539, 104.94
1444, 2437, 120, 126, 1.0000, 1.8973, 1.7481, 0.7373, 1.0000, 104.12
1444, 2395, 71, 84, 0.6222, 5.5293, 0.4326, 5.5124, 0.3111, 189.40
1444, 2440, 19, 17, 1.0000, 1.0397, -0.3056, 0.9938, 1.0000, 238.64
1444, 2441, 118, 116, 0.8222, 4.6918, -1.1302, 4.5537, 0.5756, 89.57
1444, 2398, 12, 92, 0.7381, 7.7920, -7.6417, 1.5232, 0.5167, 178.29
1444, 2405, 18, 63, 0.7306, 1.0558, 1.0179, 0.2806, 0.4383, 203.08
1444, 2365, 22, 68, 0.6587, 8.0862, 8.0450, -0.8149, 0.4611, 192.57
1444, 2451, 5, 23, 0.7111, 7.5922, 1.0569, 7.5183, 0.3556, 213.20
1444, 2419, -22, 48, 0.5000, 36.1128, -33.8516, 12.5780, 0.1500, 200.00
1444, 2442, -9, 53, 0.5000, 31.6961, -18.4302, 25.7870, 0.1500, 216.67
1444, 2362, 32, 42, 0.6167, 1.2270, 0.9942, 0.7190, 0.4933, 219.19
1444, 2450, 98, -35, 0.5000, 53.2230, -4.4943, -53.0329, 0.1500, 135.67
1445, 2382, 21, 90, 0.5625, 15.9730, -14.4744, 6.7549, 0.2250, 176.25
1445, 2281, 91, 126, 0.7500, 0.9603, 0.9594, -0.0405, 0.6750, 104.61
1445, 2437, 121, 126, 1.0000, 1.3097, 1.2720, 0.3118, 1.0000, 103.39
1445, 2440, 19, 18, 1.0000, 0.9984, -0.0059, 0.9984, 1.0000, 240.00
1445, 2441, 119, 118, 0.8778, 1.8994, 0.8151, 1.7157, 0.7022, 87.88
1445, 2398, 3, 82, 0.7951, 12.4569, -9.0290, -8.5820, 0.6361, 180.38
1445, 2405, 18, 64, 0.7881, 0.7973, 0.2390, 0.7606, 0.5517, 203.07
1445, 2395, 71, 90, 0.5222, 5.5293, 0.4326, 5.5124, 0.2611, 189.40
1445, 2362, 33, 43, 0.5167, 1.2270, 0.9942, 0.7190, 0.4133, 219.19
1445, 2365, 30, 67, 0.5587, 8.0862, 8.0450, -0.8149, 0.3911, 192.57
1445, 2451, 6, 31, 0.6111, 7.5922, 1.0569, 7.5183, 0.3056, 213.20
1446, 2281, 93, 126, 0.8072, 1.7611, 1.7611, -0.0024, 0.8072, 104.85
1446, 2437, 121, 125, 1.0000, 0.7585, 0.2740, -0.7073, 1.0000, 102.17
1446, 2440, 19, 19, 1.0000, 1.0012, 0.0425, 1.0003, 1.0000, 241.00
1446, 2441, 120, 118, 0.9333, 1.4450, 1.2415, 0.7394, 0.8400, 91.78
1446, 2362, 31, 31, 0.7741, 4.4701, -0.2769, -4.4615, 0.6967, 219.17
1446, 2405, 16, 70, 0.8451, 5.7926, -1.5762, 5.5740, 0.6761, 201.31
1446, 2365, 54, 85, 0.7167, 19.9173, 17.2863, 9.8935, 0.5733, 190.38
1446, 2451, 6, 42, 0.7667, 9.5899, 0.4721, 9.5783, 0.4600, 210.83
1446, 2457, 8, 34, 0.6000, 23.7838, -18.9429, 14.3818, 0.1800, 208.67
1447, 2281, 94, 126, 0.8641, 1.2989, 1.2989, 0.0048, 0.8641, 104.32
1447, 2437, 124, 126, 1.0000, 2.1198, 2.0878, 0.3672, 1.0000, 102.22
1447, 2440, 19, 20, 1.0000, 1.0005, 0.0179, 1.0004, 1.0000, 242.00
1447, 2362, 33, 30, 0.8311, 2.3703, 1.5378, -1.8037, 0.8311, 220.45
1447, 2405, 15, 76, 0.7451, 5.7926, -1.5762, 5.5740, 0.5961, 201.31
1447, 2451, 7, 51, 0.6667, 9.5899, 0.4721, 9.5783, 0.4000, 210.83
1447, 2457, -11, 48, 0.5000, 23.7838, -18.9429, 14.3818, 0.1500, 208.67
1448, 2281, 95, 126, 0.9208, 1.0064, 1.0064, 0.0022, 0.9208, 104.54
1448, 2437, 124, 126, 1.0000, 0.9151, 0.8736, 0.2726, 1.0000, 101.53
1448, 2395, 68, 115, 0.6806, 8.2672, -1.0078, 8.2056, 0.4083, 181.67
1448, 2440, 18, 20, 1.0000, 0.7856, -0.7424, 0.2568, 1.0000, 241.23
1448, 2444, 29, 35, 0.6000, 31.1579, -7.5694, 30.2245, 0.1800, 217.00
1448, 2405, 9, 86, 0.8519, 9.0705, -3.8811, 8.1982, 0.7667, 197.94
1448, 2451, 18, 72, 0.8222, 17.0347, 6.6064, 15.7015, 0.5756, 207.86
1448, 2457, 3, 45, 0.6556, 4.3472, -0.3361, 4.3342, 0.2622, 211.75
1449, 2281, 97, 127, 0.9774, 1.8626, 1.7059, 0.7478, 0.9774, 103.96
1449, 2437, 127, 126, 1.0000, 2.2004, 2.1995, 0.0629, 1.0000, 100.44
1449, 2440, 18, 22, 1.0000, 1.4660, -0.3082, 1.4332, 1.0000, 242.09
1449, 2444, 21, 65, 0.6556, 30.8850, -8.1951, 29.7779, 0.2622, 209.75
1449, 2457, 17, 70, 0.7111, 26.3935, 12.6905, 23.1423, 0.3556, 206.40
1449, 2462, 41, 42, 0.6000, 37.6201, -37.6095, 0.8955, 0.1800, 194.67
1449, 2464, 94, 121, 0.7056, 1.0819, 0.7599, 0.7701, 0.2822, 104.25
1449, 2421, 95, 19, 0.5625, 1.4483, 1.0241, 1.0241, 0.2250, 172.75
1449, 2405, 5, 94, 0.7519, 9.0705, -3.8811, 8.1982, 0.6767, 197.94
1450, 2281, 98, 127, 1.0000, 1.3209, 1.2856, 0.3033, 1.0000, 104.68
1450, 2440, 18, 23, 1.0000, 1.2938, -0.0157, 1.2937, 1.0000, 242.62
1450, 2444, 18, 76, 0.7111, 13.5729, -3.5486, 13.1008, 0.3556, 205.20
1450, 2405, 0, 122, 0.9083, 20.2683, -4.6629, 19.7246, 0.9083, 194.05
1450, 2462, 19, 62, 0.6556, 29.7439, -23.8464, 17.7777, 0.2622, 194.75
1450, 2464, 94, 122, 0.7611, 1.0887, 0.2806, 1.0519, 0.3806, 106.80
1450, 2421, 101, 11, 0.6222, 9.5305, 5.7279, -7.6172, 0.3111, 168.00
1450, 2437, 129, 126, 0.9000, 2.2004, 2.1995, 0.0629, 0.9000, 100.44
1451, 2281, 99, 127, 1.0000, 1.0112, 1.0112, 0.0121, 1.0000, 104.37
1451, 2440, 18, 24, 1.0000, 1.0584, 0.0407, 1.0577, 1.0000, 243.14
1451, 2462, 18, 68, 0.7111, 7.8362, -3.0669, 7.2111, 0.3556, 196.00
1451, 2464, 95, 123, 0.8167, 1.2992, 0.7606, 1.0533, 0.4900, 111.50
1451, 2437, 131, 126, 0.8000, 2.2004, 2.1995, 0.0629, 0.8000, 100.44
1451, 2444, 15, 89, 0.6111, 13.5729, -3.5486, 13.1008, 0.3056, 205.20
1451, 2421, 107, 3, 0.5222, 9.5305, 5.7279, -7.6172, 0.2611, 168.00
1452, 2440, 17, 25, 1.0000, 1.2077, -0.7068, 0.9792, 1.0000, 243.55
1452, 2464, 94, 122, 0.8722, 0.7185, -0.5084, -0.5076, 0.6106, 111.00
1452, 2421, 98, 1, 0.6806, 5.3310, -2.8534, -4.5031, 0.4083, 167.83
1452, 2416, 48, 11, 0.5625, 43.9632, 43.8777, 2.7402, 0.2250, 212.00
1452, 2472, 24, 66, 0.6000, 36.1403, -34.2857, -11.4286, 0.1800, 201.67
1452, 2281, 100, 127, 0.9000, 1.0112, 1.0112, 0.0121, 0.9000, 104.37
1452, 2437, 133, 126, 0.7000, 2.2004, 2.1995, 0.0629, 0.7000, 100.44
1453, 2281, 102, 127, 1.0000, 1.5103, 1.5099, -0.0336, 1.0000, 103.97
1453, 2440, 17, 26, 1.0000, 1.0306, -0.3128, 0.9820, 1.0000, 244.12
1453, 2464, 97, 125, 0.9278, 2.7411, 1.9593, 1.9170, 0.7422, 109.38
1453, 2326, 40, 7, 0.5250, 0.8085, -0.0751, 0.8050, 0.3150, 206.50
1453, 2437, 135, 126, 0.6000, 2.2004, 2.1995, 0.0629, 0.6000, 100.44
1453, 2472, -10, 55, 0.5000, 36.1403, -34.2857, -11.4286, 0.1500, 201.67
1454, 2440, 17, 28, 1.0000, 1.7139, -0.0261, 1.7137, 1.0000, 244.64
1454, 2464, 98, 126, 0.9833, 2.2513, 1.6003, 1.5835, 0.8850, 110.00
1454, 2416, 112, 13, 0.6222, 30.5214, 30.5061, 0.9660, 0.3111, 205.20
1454, 2326, 36, 12, 0.5841, 6.1314, -3.7679, 4.8371, 0.4089, 206.71
1454, 2425, 53, 85, 0.5625, 33.1129, 27.7646, 18.0440, 0.2250, 195.50
1454, 2472, 2, 44, 0.6556, 13.8556, -8.1954, -11.1720, 0.2622, 206.50
1454, 2473, 116, 8, 0.6000, 7.2545, 5.6190, -4.5886, 0.1800, 146.50
1454, 2474, 10, 26, 0.6556, 22.0585, -21.8516, 3.0140, 0.2622, 205.50
1454, 2478, 55, 50, 0.6000, 15.1068, 13.6905, 6.3864, 0.1800, 207.67
1454, 2479, 118, 82, 0.6000, 8.7587, -5.6807, 6.6667, 0.1800, 109.67
1454, 2281, 103, 127, 0.9000, 1.5103, 1.5099, -0.0336, 0.9000, 103.97
1454, 2437, 138, 126, 0.5000, 2.2004, 2.1995, 0.0629, 0.5000, 100.44
1455, 2438, 40, 32, 0.6000, 9.5007, 3.8530, 8.6843, 0.1800, 201.33
1455, 2440, 16, 29, 1.0000, 1.4832, -0.6761, 1.3202, 1.0000, 244.98
1455, 2462, 24, 75, 0.9333, 1.0229, 0.9588, -0.3565, 0.8400, 194.22
1455, 2464, 99, 127, 1.0000, 1.5530, 1.0984, 1.0979, 1.0000, 109.80
1455, 2326, 33, 15, 0.6424, 4.3233, -2.9045, 3.2022, 0.5139, 206.81
1455, 2425, 70, 88, 0.6222, 19.9411, 19.1767, 5.4685, 0.3111, 189.80
1455, 2472, 4, 36, 0.7111, 8.7498, 1.1944, -8.6679, 0.3556, 206.60
1455, 2478, 65, 46, 0.6556, 11.1609, 10.8381, -2.6648, 0.2622, 209.75
1455, 2281, 105, 127, 0.8000, 1.5103, 1.5099, -0.0336, 0.8000, 103.97
1455, 2416, 142, 14, 0.5222, 30.5214, 30.5061, 0.9660, 0.2611, 205.20
1455, 2473, 121, 4, 0.5000, 7.2545, 5.6190, -4.5886, 0.1500, 146.50
1455, 2474, -12, 30, 0.5556, 22.0585, -21.8516, 3.0140, 0.2222, 205.50
1455, 2479, 113, 88, 0.5000, 8.7587, -5.6807, 6.6667, 0.1500, 109.67
1456, 2281, 106, 127, 1.0000, 1.3117, 1.3117, 0.0057, 1.0000, 104.74
1456, 2438, 45, 44, 0.6556, 12.3887, 4.8233, 11.4112, 0.2622, 201.75
1456, 2440, 16, 30, 1.0000, 1.0726, -0.3001, 1.0298, 1.0000, 245.28
1456, 2326, 39, 30, 0.7000, 14.6083, 5.5561, 13.5105, 0.6300, 206.83
1456, 2479, 99, 93, 0.6556, 11.3456, -9.9071, 5.5293, 0.2622, 107.75
1456, 2464, 100, 128, 0.9000, 1.5530, 1.0984, 1.0979, 0.9000, 109.80
1456, 2425, 90, 94, 0.5222, 19.9411, 19.1767, 5.4685, 0.2611, 189.80
1456, 2478, 76, 43, 0.5556, 11.1609, 10.8381, -2.6648, 0.2222, 209.75
1457, 2281, 107, 127, 1.0000, 1.0642, 1.0642, 0.0026, 1.0000, 104.25
1457, 2440, 16, 31, 1.0000, 0.9622, -0.0275, 0.9618, 1.0000, 245.69
1457, 2425, 99, 93, 0.6806, 13.8954, 13.7377, 2.0876, 0.4083, 174.83
1457, 2479, 82, 112, 0.7111, 24.1263, -16.4855, 17.6155, 0.3556, 111.00
1457, 2486, 43, 9, 0.6000, 51.6486, -51.4286, 4.7619, 0.1800, 184.67
1457, 2438, 50, 55, 0.5556, 12.3887, 4.8233, 11.4112, 0.2222, 201.75
1457, 2464, 101, 129, 0.8000, 1.5530, 1.0984, 1.0979, 0.8000, 109.80
1458, 2440, 16, 32, 1.0000, 0.9782, 0.0362, 0.9776, 1.0000, 246.06
1458, 2449, 57, 35, 0.6000, 32.5299, -7.6589, 31.6155, 0.1800, 198.00
1458, 2470, 33, 9, 0.6000, 4.0404, -3.6165, -1.8016, 0.1800, 227.67
1458, 2478, 92, 14, 0.7111, 14.9184, 8.3699, -12.3493, 0.3556, 200.80
1458, 2281, 108, 127, 0.9000, 1.0642, 1.0642, 0.0026, 0.9000, 104.25
1458, 2464, 102, 130, 0.7000, 1.5530, 1.0984, 1.0979, 0.7000, 109.80
1458, 2479, 66, 129, 0.6111, 24.1263, -16.4855, 17.6155, 0.3056, 111.00
1458, 2486, -9, 14, 0.5000, 51.6486, -51.4286, 4.7619, 0.1500, 184.67
1459, 2440, 15, 34, 1.0000, 1.8237, -0.6764, 1.6936, 1.0000, 246.33
1459, 2281, 109, 127, 0.8000, 1.0642, 1.0642, 0.0026, 0.8000, 104.25
1459, 2449, 50, 66, 0.5000, 32.5299, -7.6589, 31.6155, 0.1500, 198.00
1459, 2464, 103, 131, 0.6000, 1.5530, 1.0984, 1.0979, 0.6000, 109.80
1459, 2470, 30, 7, 0.5000, 4.0404, -3.6165, -1.8016, 0.1500, 227.67
1459, 2479, 49, 147, 0.5111, 24.1263, -16.4855, 17.6155, 0.2556, 111.00
1460, 2438, 58, 72, 0.7111, 6.4922, 2.8361, 5.8399, 0.3556, 194.80
1460, 2440, 13, 34, 1.0000, 1.8275, -1.7128, 0.6373, 1.0000, 245.44
1460, 2449, 37, 71, 0.6556, 19.5437, -10.3525, 16.5765, 0.2622, 196.50
1460, 2425, 99, 93, 0.8519, 0.7387, -0.7306, -0.1095, 0.7667, 150.33
1460, 2470, 28, 1, 0.7056, 4.9968, -2.5876, -4.2746, 0.2822, 225.75
1460, 2420, 40, 24, 0.5495, 48.5463, -46.7509, 13.0804, 0.5495, 145.36
1460, 2493, 23, 125, 0.6000, 34.3386, 1.9048, 34.2857, 0.1800, 174.33
1460, 2281, 110, 127, 0.7000, 1.0642, 1.0642, 0.0026, 0.7000, 104.25
1460, 2464, 105, 133, 0.5000, 1.5530, 1.0984, 1.0979, 0.5000, 109.80
1461, 2440, 14, 36, 1.0000, 1.4007, -0.0149, 1.4006, 1.0000, 245.78
1461, 2425, 99, 93, 0.9083, 0.1152, -0.1149, -0.0093, 0.9083, 145.60
1461, 2281, 111, 127, 0.6000, 1.0642, 1.0642, 0.0026, 0.6000, 104.25
1461, 2438, 61, 78, 0.6111, 6.4922, 2.8361, 5.8399, 0.3056, 194.80
1461, 2449, 27, 88, 0.5556, 19.5437, -10.3525, 16.5765, 0.2222, 196.50
1461, 2470, 25, -3, 0.6056, 4.9968, -2.5876, -4.2746, 0.2422, 225.75
1461, 2493, 25, 159, 0.5000, 34.3386, 1.9048, 34.2857, 0.1500, 174.33
1462, 2438, 55, 86, 0.7667, 7.3238, -1.9830, 7.0502, 0.4600, 191.50
1462, 2440, 7, 44, 1.0000, 8.5150, -5.2038, 6.7398, 1.0000, 244.48
1462, 2425, 99, 93, 0.9646, 0.0652, 0.0641, 0.0123, 0.9646, 141.82
1462, 2281, 112, 127, 0.5000, 1.0642, 1.0642, 0.0026, 0.5000, 104.25
1462, 2470, 23, -7, 0.5056, 4.9968, -2.5876, -4.2746, 0.2022, 225.75
1463, 2438, 43, 119, 0.8222, 32.6576, -11.5962, 30.5294, 0.5756, 183.00
1463, 2440, 2, 50, 0.9000, 8.5150, -5.2038, 6.7398, 0.9000, 244.48
1464, 2433, 33, 10, 0.5625, 29.4177, 5.5797, -28.8837, 0.2250, 211.38
1464, 2392, 122, 38, 0.5205, 5.2685, 0.5499, -5.2397, 0.5205, 123.34
1464, 2440, -3, 57, 0.8000, 8.5150, -5.2038, 6.7398, 0.8000, 244.48
1465, 2484, 78, 44, 0.6000, 46.9386, 16.7692, -43.8409, 0.1800, 168.67
1465, 2443, 99, 36, 0.5625, 25.3083, 8.2218, 23.9356, 0.2250, 166.00
1465, 2255, 54, 47, 0.5062, 38.1425, -1.0196, -38.1289, 0.4050, 173.50
1465, 2440, -8, 64, 0.7000, 8.5150, -5.2038, 6.7398, 0.7000, 244.48
1466, 2423, 12, 42, 0.5625, 1.3530, -0.9498, 0.9635, 0.2250, 226.62
1466, 2470, 18, 2, 0.7611, 2.1499, -1.3269, 1.6916, 0.3806, 224.20
1466, 2484, 91, 10, 0.6556, 37.1876, 13.2375, -34.7517, 0.2622, 168.25
1466, 2492, 5, 102, 0.6000, 34.8305, 2.7290, 34.7234, 0.1800, 179.67
1466, 2443, 86, 72, 0.6222, 36.4724, -10.4597, 34.9404, 0.3111, 165.00
1466, 2255, 51, 4, 0.5630, 42.8179, -2.5118, -42.7442, 0.5067, 177.22
1466, 2440, -14, 71, 0.6000, 8.5150, -5.2038, 6.7398, 0.6000, 244.48
1467, 2423, 12, 44, 0.6722, 1.7922, -0.2682, 1.7720, 0.3361, 231.90
1467, 2470, 3, 12, 0.7667, 18.0586, -15.0847, 9.9279, 0.4600, 223.83
1467, 2480, 2, 46, 0.6000, 42.7747, -30.2390, 30.2535, 0.1800, 208.33
1467, 2483, 123, 46, 0.6000, 54.6613, 40.4935, -36.7171, 0.1800, 153.67
1467, 2492, 33, 127, 0.6556, 36.5015, 25.1441, 26.4600, 0.2622, 188.25
1467, 2402, 7, 51, 0.5400, 38.6766, -32.2098, -21.4104, 0.2700, 192.20
1467, 2443, 58, 89, 0.6806, 32.3809, -26.3091, 18.8774, 0.4083, 166.83
1467, 2494, 50, 35, 0.6000, 21.3151, 17.8555, 11.6410, 0.1800, 209.00
1467, 2440, -19, 77, 0.5000, 8.5150, -5.2038, 6.7398, 0.5000, 244.48
1467, 2484, 104, -24, 0.5556, 37.1876, 13.2375, -34.7517, 0.2222, 168.25
1468, 2423, 11, 45, 0.7306, 1.4841, -0.7387, 1.2871, 0.4383, 235.75
1468, 2494, 78, 42, 0.6556, 27.1530, 26.1203, 7.4173, 0.2622, 202.25
1468, 2470, -13, 22, 0.6667, 18.0586, -15.0847, 9.9279, 0.4000, 223.83
1468, 2480, -29, 77, 0.5000, 42.7747, -30.2390, 30.2535, 0.1500, 208.33
1468, 2483, 163, 9, 0.5000, 54.6613, 40.4935, -36.7171, 0.1500, 153.67
1468, 2492, 58, 154, 0.5556, 36.5015, 25.1441, 26.4600, 0.2222, 188.25
1469, 2423, 11, 47, 0.7881, 1.7781, -0.2426, 1.7614, 0.5517, 237.93
1469, 2468, 27, 1, 0.6000, 28.8645, 26.0057, -12.5244, 0.1800, 229.33
1469, 2477, 36, 65, 0.6000, 35.4313, 1.9149, 35.3795, 0.1800, 204.33
1469, 2494, 94, 58, 0.7111, 23.2878, 17.2036, 15.6957, 0.3556, 191.20
1470, 2423, 9, 48, 0.8451, 1.9586, -1.5069, 1.2512, 0.6761, 236.44
1470, 2468, 29, -1, 0.6556, 6.5489, 5.5877, -3.4155, 0.2622, 225.83
1470, 2470, 2, 15, 0.8778, 1.4607, 1.0982, 0.9631, 0.7022, 228.04
1470, 2477, 42, 108, 0.6556, 41.9313, 5.8157, 41.5260, 0.2622, 189.25
1470, 2454, 55, 86, 0.5625, 0.0000, 0.0000, 0.0000, 0.2250, 172.50
1470, 2494, 111, 74, 0.6111, 23.2878, 17.2036, 15.6957, 0.3056, 191.20
1471, 2423, 9, 49, 0.9019, 1.1308, -0.5516, 0.9871, 0.8117, 238.17
1471, 2468, 35, -1, 0.7111, 5.5759, 5.5617, -0.3983, 0.3556, 225.27
1471, 2409, 90, 110, 0.5400, 0.0000, 0.0000, 0.0000, 0.2700, 110.80
1471, 2454, 55, 86, 0.6722, 0.0000, 0.0000, 0.0000, 0.3361, 172.20
1471, 2459, 40, 84, 0.5625, 38.7232, -6.5658, -38.1625, 0.2250, 223.44
1471, 2477, 48, 149, 0.5556, 41.9313, 5.8157, 41.5260, 0.2222, 189.25
1472, 2423, 9, 51, 0.9583, 1.7098, 0.0033, 1.7098, 0.9583, 239.85
1472, 2401, 55, 121, 0.5400, 3.7985, 3.6814, -0.9361, 0.2700, 197.50
1472, 2454, 55, 86, 0.7306, 0.0000, 0.0000, 0.0000, 0.4383, 172.33
1472, 2459, 16, 33, 0.6222, 54.2566, -22.1664, -49.5220, 0.3111, 221.95
1472, 2456, 64, 31, 0.5625, 8.8357, 6.7675, -5.6807, 0.2250, 208.00
1472, 2508, 11, 103, 0.6000, 1.0554, 1.0532, -0.0672, 0.1800, 165.00
1472, 2468, 41, -1, 0.6111, 5.5759, 5.5617, -0.3983, 0.3056, 225.27
1473, 2423, 11, 53, 1.0000, 2.5742, 1.5781, 2.0337, 1.0000, 236.14
1473, 2468, 53, 0, 0.7667, 9.3664, 9.3595, 0.3598, 0.4600, 227.22
1473, 2401, 59, 120, 0.6500, 4.2640, 4.1383, -1.0280, 0.3900, 206.58
1473, 2454, 55, 86, 0.7881, 0.0000, 0.0000, 0.0000, 0.5517, 172.57
1473, 2456, 86, 5, 0.6222, 30.7128, 19.8838, -23.4074, 0.3111, 200.80
1473, 2460, 54, 98, 0.5625, 30.5930, 20.1521, -23.0179, 0.2250, 148.25
1473, 2506, 8, 50, 0.6000, 5.6075, 5.5438, -0.8426, 0.1800, 213.00
1473, 2508, 10, 98, 0.7056, 4.5419, -0.5059, -4.5137, 0.2822, 187.50
1473, 2465, 39, 73, 0.5625, 1.3469, 0.9524, 0.9524, 0.2250, 205.50
1473, 2459, -7, -17, 0.5222, 54.2566, -22.1664, -49.5220, 0.2611, 221.95
