# Advanced Satellite Tracking Log
# Input: D:\khenk\Downloads\parallel_run5_2025-12-20260128T124203Z-3-001\parallel_run5_2025-12\cam0_tile0_max_iqr2.0_down32.mp4
# Output: D:\khenk\Downloads\SNC Sat Tracking Peng\comparison_results\run_20260323_103700\particle_assisted\output_video.mp4
#
# frame, track_id, x, y, confidence, speed, vx, vy, quality, intensity
#================================================================================
2, 15, 81, 34, 0.6000, 0.9822, 0.9822, 0.0000, 0.1800, 214.33
2, 17, 17, 12, 0.6000, 29.5220, -5.5646, -28.9928, 0.1800, 222.67
2, 24, 60, 59, 0.6000, 35.9799, -35.5396, 5.6115, 0.1800, 178.33
2, 26, 24, 44, 0.6000, 19.9529, -12.2991, -15.7115, 0.1800, 194.00
2, 34, 63, 105, 0.6000, 59.5613, -45.7335, 38.1576, 0.1800, 167.33
2, 42, 56, 94, 0.6000, 1.8705, 1.8705, 0.0000, 0.1800, 172.33
2, 50, 106, 112, 0.6000, 0.9833, -0.9822, 0.0469, 0.1800, 135.78
2, 56, 58, 123, 0.6000, 30.7823, -30.7225, 1.9174, 0.1800, 207.00
3, 2, 14, 1, 0.6000, 13.4611, -13.4611, 0.0000, 0.1800, 221.33
3, 5, 119, 3, 0.6000, 1.3751, 1.0419, 0.8974, 0.1800, 157.33
3, 6, 5, 10, 0.6000, 0.8614, 0.1445, 0.8492, 0.1800, 223.33
3, 9, 99, 22, 0.6000, 2.0659, 2.0659, 0.0000, 0.1800, 158.67
3, 15, 82, 35, 0.7056, 1.2624, 1.0119, 0.7548, 0.2822, 214.25
3, 16, 102, 54, 0.6000, 8.3438, -3.0988, 7.7470, 0.1800, 143.33
3, 26, 11, 22, 0.6556, 24.8707, -13.2028, -21.0769, 0.2622, 197.50
3, 39, 5, 76, 0.6000, 0.9505, 0.9456, -0.0963, 0.1800, 195.67
3, 42, 62, 91, 0.6556, 6.2331, 5.8073, -2.2643, 0.2622, 169.25
3, 45, 89, 120, 0.6000, 63.1042, 59.0361, 22.2906, 0.1800, 170.33
3, 50, 104, 112, 0.7056, 1.7667, -1.7667, -0.0048, 0.2822, 139.33
3, 51, 123, 112, 0.6000, 1.3390, 0.9937, 0.8974, 0.1800, 81.67
3, 56, 23, 127, 0.6556, 35.2531, -35.0751, 3.5382, 0.2622, 205.50
3, 62, 12, 16, 0.6000, 8.3658, -3.8349, 7.4351, 0.1800, 219.67
3, 63, 53, 44, 0.6000, 27.6177, 13.0935, 24.3165, 0.1800, 195.67
3, 67, 118, 123, 0.6000, 25.1705, 25.1579, 0.7944, 0.1800, 138.33
3, 17, 12, -17, 0.5000, 29.5220, -5.5646, -28.9928, 0.1500, 222.67
3, 24, 24, 64, 0.5000, 35.9799, -35.5396, 5.6115, 0.1500, 178.33
3, 34, 17, 143, 0.5000, 59.5613, -45.7335, 38.1576, 0.1500, 167.33
4, 2, 5, 8, 0.6556, 11.1761, -9.3829, 6.0718, 0.2622, 223.75
4, 5, 94, 1, 0.6556, 21.8084, -21.7728, -1.2466, 0.2622, 159.50
4, 6, 7, 21, 0.6556, 10.2573, 1.4843, 10.1493, 0.2622, 230.00
4, 9, 117, 6, 0.6556, 22.5813, 16.9589, -14.9101, 0.2622, 158.50
4, 15, 82, 35, 0.7611, 0.3689, 0.2432, 0.2774, 0.3806, 215.10
4, 16, 102, 55, 0.6556, 1.9359, -0.7190, 1.7974, 0.2622, 145.25
4, 24, 14, 64, 0.6556, 21.4003, -21.2662, 2.3917, 0.2622, 179.62
4, 26, 1, 9, 0.7111, 17.3402, -10.1123, -14.0863, 0.3556, 201.00
4, 30, 57, 94, 0.6000, 27.9019, 23.3237, 15.3142, 0.1800, 184.33
4, 34, 22, 129, 0.6556, 19.5633, -17.4939, 8.7571, 0.2622, 174.25
4, 39, 7, 76, 0.7056, 1.7782, 1.7781, 0.0224, 0.2822, 204.75
4, 42, 68, 94, 0.7111, 6.1243, 5.7070, 2.2218, 0.3556, 166.80
4, 45, 127, 127, 0.6556, 41.7255, 40.7225, 9.0940, 0.2622, 148.25
4, 50, 103, 113, 0.7611, 1.4900, -1.2842, 0.7556, 0.3806, 136.27
4, 51, 123, 95, 0.6556, 14.9104, 0.2489, -14.9083, 0.2622, 81.00
4, 62, 12, 33, 0.6556, 16.4433, -0.2834, 16.4409, 0.2622, 218.25
4, 63, 61, 62, 0.6556, 20.5881, 8.1956, 18.8865, 0.2622, 195.00
4, 66, 40, 122, 0.6000, 21.5001, 19.6257, 8.7799, 0.1800, 144.67
4, 67, 127, 114, 0.6556, 14.1145, 11.6103, -8.0262, 0.2622, 125.00
4, 56, -12, 130, 0.5556, 35.2531, -35.0751, 3.5382, 0.2222, 205.50
5, 1, 9, 21, 0.6000, 27.0452, -18.7386, 19.5015, 0.1800, 217.67
5, 2, 5, 10, 0.7111, 2.8024, -1.6792, 2.2437, 0.3556, 226.30
5, 6, 3, 29, 0.7111, 8.8505, -3.2873, 8.2174, 0.3556, 233.80
5, 9, 123, 1, 0.7111, 8.7554, 6.7801, -5.5397, 0.3556, 155.60
5, 15, 83, 34, 0.8167, 1.0461, 0.7097, -0.7686, 0.4900, 212.00
5, 20, 31, 30, 0.6000, 17.1845, -3.5402, -16.8159, 0.1800, 206.33
5, 30, 61, 97, 0.6556, 6.7982, 5.6969, 3.7096, 0.2622, 178.00
5, 33, 64, 74, 0.6000, 31.1563, -31.0376, 2.7162, 0.1800, 158.67
5, 34, 22, 129, 0.7111, 1.5043, -1.4710, 0.3149, 0.3556, 176.40
5, 39, 8, 76, 0.7611, 1.2949, 1.2947, 0.0211, 0.3806, 199.40
5, 41, 65, 92, 0.6000, 1.3387, 0.9766, 0.9156, 0.1800, 165.00
5, 50, 102, 113, 0.8167, 1.0377, -0.9967, 0.2888, 0.4900, 138.56
5, 66, 64, 123, 0.6556, 24.2578, 24.1721, 2.0371, 0.2622, 141.75
5, 67, 128, 111, 0.7111, 3.5116, 1.7327, -3.0544, 0.3556, 115.60
5, 5, 72, 0, 0.5556, 21.8084, -21.7728, -1.2466, 0.2222, 159.50
5, 16, 101, 57, 0.5556, 1.9359, -0.7190, 1.7974, 0.2222, 145.25
5, 24, -7, 67, 0.5556, 21.4003, -21.2662, 2.3917, 0.2222, 179.62
5, 26, -9, -5, 0.6111, 17.3402, -10.1123, -14.0863, 0.3056, 201.00
5, 42, 74, 96, 0.6111, 6.1243, 5.7070, 2.2218, 0.3056, 166.80
5, 45, 168, 136, 0.5556, 41.7255, 40.7225, 9.0940, 0.2222, 148.25
5, 51, 123, 80, 0.5556, 14.9104, 0.2489, -14.9083, 0.2222, 81.00
5, 62, 12, 50, 0.5556, 16.4433, -0.2834, 16.4409, 0.2222, 218.25
5, 63, 69, 81, 0.5556, 20.5881, 8.1956, 18.8865, 0.2222, 195.00
6, 1, 0, 70, 0.6556, 46.2113, -10.4133, 45.0228, 0.2622, 208.50
6, 2, 7, 9, 0.7667, 2.2553, 2.2551, -0.0288, 0.4600, 229.58
6, 6, 19, 50, 0.7667, 23.6822, 13.8162, 19.2344, 0.4600, 227.50
6, 9, 123, 2, 0.7667, 0.9432, 0.9432, 0.0005, 0.4600, 155.00
6, 15, 85, 36, 0.8722, 2.1202, 1.7583, 1.1849, 0.6106, 217.29
6, 20, 31, 26, 0.6556, 5.4491, -1.1226, -5.3322, 0.2622, 211.50
6, 33, 32, 93, 0.6556, 36.0619, -31.8980, 16.8220, 0.2622, 163.50
6, 37, 30, 45, 0.6000, 17.8083, 5.8715, -16.8125, 0.1800, 192.33
6, 39, 9, 77, 0.8167, 1.2608, 0.9991, 0.7691, 0.4900, 199.33
6, 50, 100, 114, 0.8722, 1.8792, -1.7178, 0.7619, 0.6106, 141.62
6, 59, 88, 112, 0.6556, 5.8665, 3.2972, -4.8523, 0.2622, 114.50
6, 62, 22, 75, 0.7111, 21.8914, 5.3412, 21.2298, 0.3556, 211.80
6, 67, 127, 112, 0.7667, 0.8138, -0.2662, 0.7690, 0.4600, 108.83
6, 70, 116, 65, 0.6000, 15.2248, -10.2878, 11.2230, 0.1800, 109.00
6, 72, 102, 126, 0.6000, 3.0615, 2.8996, 0.9822, 0.1800, 252.33
6, 26, -19, -20, 0.5111, 17.3402, -10.1123, -14.0863, 0.2556, 201.00
6, 30, 67, 101, 0.5556, 6.7982, 5.6969, 3.7096, 0.2222, 178.00
6, 41, 66, 93, 0.5000, 1.3387, 0.9766, 0.9156, 0.1500, 165.00
6, 42, 79, 99, 0.5111, 6.1243, 5.7070, 2.2218, 0.2556, 166.80
6, 66, 88, 125, 0.5556, 24.2578, 24.1721, 2.0371, 0.2222, 141.75
7, 2, 9, 9, 0.8222, 1.8994, 1.8692, -0.3377, 0.5756, 228.36
7, 9, 123, 3, 0.8222, 0.8263, 0.1270, 0.8165, 0.5756, 153.71
7, 13, 18, 4, 0.6000, 31.9835, -17.0481, -27.0611, 0.1800, 218.33
7, 15, 86, 36, 0.9278, 1.4552, 1.3375, 0.5733, 0.7422, 215.38
7, 20, 31, 27, 0.7111, 0.2682, 0.0552, 0.2624, 0.3556, 212.20
7, 23, 18, 37, 0.6000, 57.6378, -54.1403, -19.7723, 0.1800, 204.00
7, 30, 62, 96, 0.7111, 0.9977, -0.1413, -0.9877, 0.3556, 174.20
7, 37, 30, 42, 0.6556, 4.2913, 0.6577, -4.2406, 0.2622, 198.00
7, 38, 5, 40, 0.6000, 38.8096, 2.7061, -38.7151, 0.1800, 194.00
7, 39, 10, 77, 0.8722, 1.0007, 0.9569, 0.2928, 0.6106, 198.43
7, 41, 66, 93, 0.7056, 0.6879, 0.4710, 0.5014, 0.2822, 165.00
7, 50, 99, 114, 0.9278, 1.3052, -1.2801, 0.2547, 0.7422, 142.92
7, 67, 127, 101, 0.8222, 10.0886, -0.3547, -10.0824, 0.5756, 103.57
7, 72, 104, 127, 0.7056, 2.4997, 2.2858, 1.0119, 0.2822, 253.00
7, 1, -11, 115, 0.5556, 46.2113, -10.4133, 45.0228, 0.2222, 208.50
7, 33, 0, 109, 0.5556, 36.0619, -31.8980, 16.8220, 0.2222, 163.50
7, 59, 91, 107, 0.5556, 5.8665, 3.2972, -4.8523, 0.2222, 114.50
7, 70, 106, 77, 0.5000, 15.2248, -10.2878, 11.2230, 0.1500, 109.00
8, 11, 86, 5, 0.6000, 79.4512, 77.3290, -18.2407, 0.1800, 191.67
8, 12, 81, 35, 0.9333, 6.9309, -5.2623, 4.5106, 0.8400, 173.78
8, 15, 87, 37, 0.9833, 1.3006, 1.0220, 0.8043, 0.8850, 215.67
8, 16, 91, 53, 0.7111, 3.4129, -3.1980, -1.1920, 0.3556, 151.20
8, 19, 71, 25, 0.6000, 61.0302, 58.2496, -18.2120, 0.1800, 194.00
8, 20, 34, 44, 0.7667, 15.7360, 3.2418, 15.3985, 0.4600, 210.17
8, 28, 80, 117, 0.6000, 58.7622, 29.1248, 51.0367, 0.1800, 167.67
8, 37, 30, 43, 0.7111, 0.8044, 0.1884, 0.7820, 0.3556, 201.80
8, 38, 24, 0, 0.6556, 43.1554, 17.5751, -39.4145, 0.2622, 205.00
8, 39, 11, 77, 0.9278, 0.9834, 0.9834, 0.0022, 0.7422, 200.38
8, 41, 67, 93, 0.7611, 0.8629, 0.8586, 0.0860, 0.3806, 164.80
8, 42, 87, 114, 0.7667, 7.2985, 4.4598, 5.7773, 0.4600, 157.50
8, 50, 97, 114, 0.9833, 1.7571, -1.7570, -0.0112, 0.8850, 143.87
8, 59, 98, 93, 0.7111, 11.5172, 5.3235, -10.2131, 0.3556, 114.80
8, 66, 110, 115, 0.7111, 13.8084, 13.2691, -3.8213, 0.3556, 132.40
8, 67, 124, 80, 0.8778, 20.4865, -3.2244, -20.2312, 0.7022, 102.75
8, 70, 99, 90, 0.6556, 15.0503, -8.6138, 12.3416, 0.2622, 110.75
8, 13, 1, -23, 0.5000, 31.9835, -17.0481, -27.0611, 0.1500, 218.33
8, 23, -36, 17, 0.5000, 57.6378, -54.1403, -19.7723, 0.1500, 204.00
8, 72, 106, 128, 0.6056, 2.4997, 2.2858, 1.0119, 0.2422, 253.00
9, 15, 88, 37, 1.0000, 0.9878, 0.9589, 0.2373, 1.0000, 217.80
9, 16, 87, 33, 0.7667, 19.9904, -3.9209, -19.6021, 0.4600, 154.67
9, 22, 104, 23, 0.6000, 39.7702, 30.3234, -25.7325, 0.1800, 204.33
9, 37, 30, 44, 0.7667, 0.8914, -0.0214, 0.8912, 0.4600, 202.50
9, 41, 68, 94, 0.8167, 1.2552, 1.0216, 0.7294, 0.4900, 164.50
9, 50, 96, 115, 1.0000, 1.4455, -1.2617, 0.7054, 1.0000, 139.73
9, 59, 106, 68, 0.7667, 25.5570, 7.5281, -24.4232, 0.4600, 120.17
9, 71, 124, 78, 0.6000, 12.3829, 4.5778, 11.5056, 0.1800, 109.67
9, 11, 164, -14, 0.5000, 79.4512, 77.3290, -18.2407, 0.1500, 191.67
9, 12, 76, 40, 0.8333, 6.9309, -5.2623, 4.5106, 0.7500, 173.78
9, 19, 129, 6, 0.5000, 61.0302, 58.2496, -18.2120, 0.1500, 194.00
9, 28, 109, 168, 0.5000, 58.7622, 29.1248, 51.0367, 0.1500, 167.67
9, 38, 42, -39, 0.5556, 43.1554, 17.5751, -39.4145, 0.2222, 205.00
9, 39, 12, 77, 0.8278, 0.9834, 0.9834, 0.0022, 0.6622, 200.38
9, 42, 91, 120, 0.6667, 7.2985, 4.4598, 5.7773, 0.4000, 157.50
9, 67, 120, 60, 0.7778, 20.4865, -3.2244, -20.2312, 0.6222, 102.75
9, 70, 90, 102, 0.5556, 15.0503, -8.6138, 12.3416, 0.2222, 110.75
9, 72, 109, 129, 0.5056, 2.4997, 2.2858, 1.0119, 0.2022, 253.00
10, 15, 88, 37, 1.0000, 0.2378, 0.2367, -0.0238, 1.0000, 214.82
10, 39, 14, 78, 0.9833, 1.6358, 1.5521, 0.5164, 0.8850, 198.78
10, 41, 74, 90, 0.8222, 6.6095, 5.5860, -3.5329, 0.5756, 164.86
10, 50, 95, 115, 1.0000, 1.0341, -0.9932, 0.2881, 1.0000, 141.21
10, 64, 65, 65, 0.6556, 14.9940, -3.2527, 14.6370, 0.2622, 220.50
10, 12, 71, 44, 0.7333, 6.9309, -5.2623, 4.5106, 0.6600, 173.78
10, 22, 134, -3, 0.5000, 39.7702, 30.3234, -25.7325, 0.1500, 204.33
10, 37, 30, 45, 0.6667, 0.8914, -0.0214, 0.8912, 0.4000, 202.50
10, 42, 96, 125, 0.5667, 7.2985, 4.4598, 5.7773, 0.3400, 157.50
10, 59, 113, 43, 0.6667, 25.5570, 7.5281, -24.4232, 0.4000, 120.17
10, 67, 117, 39, 0.6778, 20.4865, -3.2244, -20.2312, 0.5422, 102.75
10, 71, 128, 89, 0.5000, 12.3829, 4.5778, 11.5056, 0.1500, 109.67
11, 15, 89, 38, 1.0000, 0.9798, 0.6920, 0.6936, 1.0000, 214.67
11, 37, 33, 45, 0.8222, 1.7178, 1.6532, 0.4665, 0.5756, 203.57
11, 39, 16, 77, 1.0000, 2.0232, 1.9279, -0.6136, 1.0000, 196.90
11, 41, 99, 92, 0.8778, 22.5733, 22.5188, 1.5670, 0.7022, 158.25
11, 50, 93, 116, 1.0000, 1.8558, -1.6969, 0.7514, 1.0000, 140.28
11, 59, 108, 21, 0.8222, 23.1938, 0.5624, -23.1870, 0.5756, 124.43
11, 61, 5, 9, 0.6000, 16.6689, -16.6458, -0.8766, 0.1800, 230.67
11, 64, 65, 69, 0.7111, 4.7247, -0.0911, 4.7238, 0.3556, 216.20
11, 70, 68, 122, 0.7111, 14.8479, -10.6840, 10.3108, 0.3556, 117.60
11, 71, 127, 82, 0.6556, 1.6019, 1.4205, 0.7404, 0.2622, 105.75
11, 12, 65, 49, 0.6333, 6.9309, -5.2623, 4.5106, 0.5700, 173.78
12, 15, 90, 38, 1.0000, 1.0301, 0.9876, 0.2929, 1.0000, 214.23
12, 37, 30, 45, 0.8778, 2.7913, -2.7905, 0.0678, 0.7022, 203.12
12, 39, 29, 80, 1.0000, 12.0592, 11.7593, 2.6730, 1.0000, 196.27
12, 42, 93, 116, 0.8222, 1.0924, 0.7509, -0.7933, 0.5756, 151.43
12, 50, 83, 120, 1.0000, 9.4991, -8.6414, 3.9445, 1.0000, 137.49
12, 55, 57, 94, 0.6000, 51.6729, 43.9843, -27.1196, 0.1800, 155.00
12, 64, 74, 87, 0.7667, 18.1433, 7.3314, 16.5961, 0.4600, 208.00
12, 12, 60, 53, 0.5333, 6.9309, -5.2623, 4.5106, 0.4800, 173.78
12, 59, 109, -2, 0.7222, 23.1938, 0.5624, -23.1870, 0.5056, 124.43
12, 61, -11, 8, 0.5000, 16.6689, -16.6458, -0.8766, 0.1500, 230.67
12, 71, 129, 82, 0.5556, 1.6019, 1.4205, 0.7404, 0.2222, 105.75
13, 8, 34, 44, 0.6000, 33.4412, 20.6554, 26.2995, 0.1800, 207.67
13, 15, 90, 38, 1.0000, 0.3117, 0.3112, 0.0174, 1.0000, 212.18
13, 64, 74, 100, 0.8222, 13.2460, 1.1826, 13.1931, 0.5756, 199.57
13, 77, 5, 33, 0.6000, 1.9644, 1.9644, 0.0000, 0.1800, 230.22
13, 37, 27, 45, 0.7778, 2.7913, -2.7905, 0.0678, 0.6222, 203.12
13, 39, 41, 83, 0.9000, 12.0592, 11.7593, 2.6730, 0.9000, 196.27
13, 50, 75, 124, 0.9000, 9.4991, -8.6414, 3.9445, 0.9000, 137.49
13, 55, 101, 67, 0.5000, 51.6729, 43.9843, -27.1196, 0.1500, 155.00
13, 59, 110, -25, 0.6222, 23.1938, 0.5624, -23.1870, 0.4356, 124.43
14, 8, 33, 77, 0.6556, 31.8626, 2.1607, 31.7893, 0.2622, 205.38
14, 15, 88, 31, 1.0000, 6.2508, -2.1995, -5.8510, 1.0000, 209.43
14, 37, 6, 33, 0.9333, 15.1928, -13.5867, -6.7987, 0.8400, 205.72
14, 39, 70, 96, 1.0000, 23.3133, 21.7917, 8.2845, 1.0000, 193.50
14, 55, 94, 39, 0.6556, 31.3271, 15.2404, -27.3700, 0.2622, 163.50
14, 77, 16, 10, 0.6556, 21.8339, 9.5716, -19.6241, 0.2622, 229.92
14, 50, 66, 128, 0.8000, 9.4991, -8.6414, 3.9445, 0.8000, 137.49
14, 64, 75, 113, 0.7222, 13.2460, 1.1826, 13.1931, 0.5056, 199.57
15, 8, 38, 117, 0.7111, 38.9963, 4.2137, 38.7680, 0.3556, 193.50
15, 15, 87, 29, 1.0000, 2.7302, -1.0022, -2.5396, 1.0000, 207.47
15, 39, 85, 105, 1.0000, 18.1987, 15.7226, 9.1647, 1.0000, 188.00
15, 50, 42, 122, 1.0000, 14.9328, -14.9318, -0.1713, 1.0000, 138.45
15, 55, 95, 34, 0.7111, 7.1551, 2.5401, -6.6890, 0.3556, 170.00
15, 77, 19, 5, 0.7111, 8.2600, 4.0243, -7.2133, 0.3556, 232.13
15, 78, 37, 45, 0.6000, 12.5953, -5.1797, 11.4810, 0.1800, 214.00
16, 10, 74, 51, 0.6000, 48.8178, -38.9434, 29.4379, 0.1800, 167.17
16, 12, 55, 40, 0.9889, 2.6343, -2.4725, -0.9089, 0.9889, 176.50
16, 48, 61, 76, 0.6000, 48.7146, 40.8186, -26.5887, 0.1800, 165.67
16, 50, 21, 107, 1.0000, 25.0190, -20.6325, -14.1510, 1.0000, 140.22
16, 78, 22, 78, 0.6556, 33.3012, -13.8880, 30.2670, 0.2622, 216.25
16, 8, 42, 155, 0.6111, 38.9963, 4.2137, 38.7680, 0.3056, 193.50
16, 15, 86, 27, 0.9000, 2.7302, -1.0022, -2.5396, 0.9000, 207.47
17, 10, 26, 58, 0.6556, 47.6566, -46.4750, 10.5463, 0.2622, 174.38
17, 15, 87, 30, 1.0000, 0.6189, 0.2160, 0.5800, 1.0000, 205.44
17, 18, 100, 108, 0.6000, 67.8517, 5.7034, 67.6116, 0.1800, 162.33
17, 25, 109, 102, 0.6000, 45.7641, 1.8903, 45.7250, 0.1800, 131.33
17, 54, 74, 122, 0.6000, 50.7034, 50.4797, 4.7583, 0.1800, 139.00
17, 74, 2, 51, 0.6000, 34.4408, -0.9709, 34.4271, 0.1800, 206.67
17, 80, 20, 7, 0.6000, 1.0996, 1.0901, 0.1445, 0.1800, 220.00
17, 84, 1, 34, 0.6000, 24.8221, -8.4642, 23.3344, 0.1800, 213.00
17, 86, 10, 32, 0.6000, 1.9174, 1.9174, 0.0000, 0.1800, 251.00
17, 8, 46, 194, 0.5111, 38.9963, 4.2137, 38.7680, 0.2556, 193.50
17, 48, 102, 50, 0.5000, 48.7146, 40.8186, -26.5887, 0.1500, 165.67
17, 78, 8, 108, 0.5556, 33.3012, -13.8880, 30.2670, 0.2222, 216.25
18, 15, 87, 30, 1.0000, 0.3761, 0.1344, 0.3512, 1.0000, 203.75
18, 74, 19, 82, 0.6556, 35.3602, 14.9057, 32.0649, 0.2622, 202.50
18, 80, 21, 6, 0.7056, 1.2647, 0.9855, -0.7926, 0.2822, 219.50
18, 86, 11, 32, 0.7056, 1.2739, 1.2739, 0.0000, 0.2822, 252.00
18, 92, 45, 3, 0.6000, 47.3297, 41.1511, -23.3813, 0.1800, 207.33
18, 10, -20, 69, 0.5556, 47.6566, -46.4750, 10.5463, 0.2222, 174.38
18, 18, 105, 175, 0.5000, 67.8517, 5.7034, 67.6116, 0.1500, 162.33
18, 25, 111, 148, 0.5000, 45.7641, 1.8903, 45.7250, 0.1500, 131.33
18, 54, 124, 127, 0.5000, 50.7034, 50.4797, 4.7583, 0.1500, 139.00
18, 84, -7, 57, 0.5000, 24.8221, -8.4642, 23.3344, 0.1500, 213.00
19, 74, 28, 106, 0.7111, 26.5654, 9.4172, 24.8402, 0.3556, 195.00
19, 78, 1, 115, 0.7111, 9.4264, -5.1995, 7.8627, 0.3556, 207.00
19, 80, 34, 5, 0.7111, 11.7184, 11.6690, -1.0754, 0.3556, 218.20
19, 86, 13, 31, 0.7611, 1.9037, 1.7439, -0.7635, 0.3806, 251.80
19, 92, 86, -20, 0.5000, 47.3297, 41.1511, -23.3813, 0.1500, 207.33
20, 59, 102, 10, 0.9889, 1.3660, 0.9343, 0.9965, 0.9889, 133.70
20, 81, 34, 74, 0.6000, 71.2161, 28.5745, 65.2322, 0.1800, 208.67
20, 86, 14, 31, 0.8167, 1.2774, 1.2437, -0.2911, 0.4900, 251.50
20, 74, 37, 131, 0.6111, 26.5654, 9.4172, 24.8402, 0.3056, 195.00
20, 80, 46, 4, 0.6111, 11.7184, 11.6690, -1.0754, 0.3056, 218.20
21, 32, 38, 80, 0.6000, 16.3272, 7.6921, 14.4017, 0.1800, 183.67
21, 73, 109, 121, 0.6000, 20.3424, 19.9819, -3.8131, 0.1800, 110.00
21, 83, 47, 33, 0.6000, 10.9324, 9.9586, -4.5102, 0.1800, 204.67
21, 86, 16, 31, 0.8722, 1.7463, 1.7463, -0.0014, 0.6106, 251.57
21, 74, 47, 156, 0.5111, 26.5654, 9.4172, 24.8402, 0.2556, 195.00
21, 81, 63, 139, 0.5000, 71.2161, 28.5745, 65.2322, 0.1500, 208.67
22, 40, 83, 96, 0.6556, 24.7614, -19.6285, 15.0946, 0.2622, 126.25
22, 73, 113, 121, 0.6556, 6.3612, 6.3537, -0.3075, 0.2622, 104.25
22, 83, 50, 32, 0.6556, 4.0630, 3.8160, -1.3950, 0.2622, 203.50
22, 86, 17, 31, 0.9278, 1.2559, 1.2552, 0.0418, 0.7422, 251.62
22, 91, 38, 68, 0.6000, 46.0578, 18.8686, 42.0154, 0.1800, 205.67
22, 94, 25, 86, 0.6000, 1.3717, 0.9456, 0.9937, 0.1800, 196.00
22, 96, 78, 121, 0.6000, 0.9867, -0.9822, -0.0939, 0.1800, 138.56
22, 32, 45, 95, 0.5000, 16.3272, 7.6921, 14.4017, 0.1500, 183.67
23, 32, 41, 83, 0.6556, 1.2106, 1.1822, -0.2608, 0.2622, 184.50
23, 40, 75, 120, 0.7111, 24.2380, -9.4696, 22.3116, 0.3556, 132.80
23, 73, 114, 122, 0.7111, 1.3244, 1.2686, 0.3806, 0.3556, 105.40
23, 86, 19, 31, 0.9833, 1.7431, 1.7430, 0.0167, 0.8850, 251.00
23, 91, 61, 106, 0.6556, 44.4627, 22.5991, 38.2912, 0.2622, 187.50
23, 94, 26, 87, 0.7056, 1.4333, 1.0191, 1.0079, 0.2822, 192.75
23, 95, 119, 109, 0.6000, 12.9165, 11.7626, -5.3363, 0.1800, 89.67
23, 96, 106, 117, 0.6556, 24.1903, 23.8956, -3.7643, 0.2622, 125.42
23, 83, 54, 31, 0.5556, 4.0630, 3.8160, -1.3950, 0.2222, 203.50
24, 32, 61, 87, 0.7111, 18.3827, 17.9684, 3.8809, 0.3556, 179.80
24, 40, 64, 128, 0.7667, 14.7254, -10.6880, 10.1293, 0.4600, 132.83
24, 43, 5, 38, 0.6000, 68.9081, -41.4927, -55.0153, 0.1800, 183.00
24, 47, 121, 53, 0.6000, 43.7037, 4.8273, -43.4362, 0.1800, 121.67
24, 57, 6, 54, 0.6000, 65.8818, 5.7848, -65.6273, 0.1800, 159.00
24, 73, 111, 117, 0.7667, 5.1783, -2.7356, -4.3967, 0.4600, 102.67
24, 76, 16, 101, 0.6000, 53.1687, -48.1062, -22.6431, 0.1800, 137.67
24, 86, 21, 30, 1.0000, 2.1419, 2.0074, -0.7470, 1.0000, 251.10
24, 91, 85, 126, 0.7111, 32.3357, 23.3988, 22.3180, 0.3556, 172.80
24, 94, 27, 88, 0.7611, 1.4270, 1.0143, 1.0037, 0.3806, 194.20
24, 95, 131, 104, 0.5000, 12.9165, 11.7626, -5.3363, 0.1500, 89.67
24, 96, 130, 113, 0.5556, 24.1903, 23.8956, -3.7643, 0.2222, 125.42
25, 57, 27, 2, 0.6556, 57.2484, 18.9227, -54.0307, 0.2622, 178.50
25, 73, 111, 115, 0.8222, 1.7346, 0.3348, -1.7020, 0.5756, 100.86
25, 79, 115, 121, 0.6000, 44.5946, -4.7329, 44.3427, 0.1800, 92.67
25, 86, 22, 30, 1.0000, 1.3336, 1.2980, -0.3058, 1.0000, 251.45
25, 89, 36, 62, 0.6000, 56.7012, 9.1935, 55.9509, 0.1800, 215.00
25, 94, 28, 88, 0.8167, 1.0301, 1.0027, 0.2360, 0.4900, 199.33
25, 40, 54, 138, 0.6667, 14.7254, -10.6880, 10.1293, 0.4000, 132.83
25, 43, -36, -17, 0.5000, 68.9081, -41.4927, -55.0153, 0.1500, 183.00
25, 47, 126, 10, 0.5000, 43.7037, 4.8273, -43.4362, 0.1500, 121.67
25, 76, -32, 79, 0.5000, 53.1687, -48.1062, -22.6431, 0.1500, 137.67
25, 91, 108, 148, 0.6111, 32.3357, 23.3988, 22.3180, 0.3056, 172.80
26, 47, 119, 19, 0.6556, 14.2405, -1.3546, -14.1759, 0.2622, 125.25
26, 69, 30, 5, 0.6000, 35.6162, -22.1355, -27.9021, 0.1800, 218.00
26, 73, 113, 117, 0.8778, 1.5381, 1.3069, 0.8110, 0.7022, 98.88
26, 83, 53, 33, 0.7111, 0.6157, -0.1802, 0.5887, 0.3556, 202.00
26, 86, 24, 30, 1.0000, 1.7100, 1.7100, -0.0133, 1.0000, 251.58
26, 94, 29, 89, 0.8722, 1.2230, 0.9990, 0.7056, 0.6106, 197.71
26, 57, 46, -52, 0.5556, 57.2484, 18.9227, -54.0307, 0.2222, 178.50
26, 79, 111, 165, 0.5000, 44.5946, -4.7329, 44.3427, 0.1500, 92.67
26, 89, 45, 118, 0.5000, 56.7012, 9.1935, 55.9509, 0.1500, 215.00
27, 73, 114, 118, 0.9333, 1.7839, 1.2041, 1.3163, 0.8400, 97.00
27, 83, 53, 33, 0.7667, 0.1707, -0.1074, 0.1327, 0.4600, 201.50
27, 86, 25, 30, 1.0000, 1.2515, 1.2508, 0.0410, 1.0000, 251.85
27, 89, 14, 117, 0.6556, 28.0081, -13.8976, 24.3169, 0.2622, 206.25
27, 94, 31, 89, 0.9278, 1.7716, 1.7552, 0.2405, 0.7422, 198.38
27, 47, 118, 5, 0.5556, 14.2405, -1.3546, -14.1759, 0.2222, 125.25
27, 69, 8, -23, 0.5000, 35.6162, -22.1355, -27.9021, 0.1500, 218.00
28, 73, 116, 118, 0.9889, 1.8484, 1.8142, 0.3541, 0.9889, 96.25
28, 83, 54, 33, 0.8222, 0.7489, 0.7486, -0.0191, 0.5756, 202.57
28, 86, 21, 14, 1.0000, 14.2737, -3.3877, -13.8659, 1.0000, 249.43
28, 89, 11, 120, 0.7111, 5.5374, -3.4398, 4.3394, 0.3556, 202.20
28, 94, 32, 90, 0.9833, 1.4961, 1.2984, 0.7432, 0.8850, 197.33
28, 53, 17, 115, 0.5625, 14.1536, 14.1227, 0.9353, 0.2250, 193.50
29, 73, 117, 119, 1.0000, 1.4549, 1.2605, 0.7266, 1.0000, 95.32
29, 83, 55, 33, 0.8778, 1.0568, 1.0565, -0.0251, 0.7022, 205.25
29, 85, 29, 29, 0.6000, 1.8819, 1.8817, 0.0259, 0.1800, 236.33
29, 94, 33, 90, 1.0000, 1.0412, 1.0077, 0.2621, 1.0000, 196.90
29, 7, 4, 13, 0.5625, 5.3846, -0.0482, -5.3844, 0.2250, 212.00
29, 27, 16, 55, 0.5625, 29.7463, -14.4067, -26.0248, 0.2250, 189.50
29, 3, 33, 3, 0.5625, 1.3562, 0.9822, -0.9353, 0.2250, 227.50
29, 86, 18, 0, 0.9000, 14.2737, -3.3877, -13.8659, 0.9000, 249.43
30, 73, 122, 125, 1.0000, 7.5187, 4.9021, 5.7010, 1.0000, 94.04
30, 85, 30, 29, 0.7056, 1.2967, 1.2966, -0.0113, 0.2822, 240.50
30, 94, 34, 91, 1.0000, 1.2102, 0.9586, 0.7387, 1.0000, 196.64
30, 7, 22, 3, 0.6222, 18.8131, 15.9498, -9.9768, 0.3111, 211.80
30, 27, 7, 39, 0.6222, 20.1875, -9.6430, -17.7355, 0.3111, 190.40
30, 53, 57, 127, 0.6222, 21.2502, 20.2550, 6.4271, 0.3111, 182.00
30, 3, 34, 3, 0.6722, 1.0453, 1.0119, -0.2619, 0.3361, 227.90
30, 83, 56, 33, 0.7778, 1.0568, 1.0565, -0.0251, 0.6222, 205.25
30, 86, 14, -14, 0.8000, 14.2737, -3.3877, -13.8659, 0.8000, 249.43
31, 83, 57, 33, 0.9333, 1.0265, 1.0265, 0.0020, 0.8400, 203.89
31, 85, 32, 29, 0.7611, 1.7575, 1.7575, -0.0075, 0.3806, 243.40
31, 94, 35, 91, 1.0000, 1.0168, 0.9818, 0.2645, 1.0000, 195.17
31, 7, 36, 1, 0.6806, 14.6021, 14.2965, -2.9714, 0.4083, 219.00
31, 36, 37, 76, 0.5625, 14.3577, -11.3530, -8.7894, 0.2250, 194.25
31, 53, 83, 108, 0.6806, 30.6239, 25.8765, -16.3779, 0.4083, 173.33
31, 3, 33, 6, 0.7306, 3.1241, -0.5204, 3.0805, 0.4383, 225.42
31, 35, 45, 51, 0.5625, 62.4183, -37.0129, -50.2602, 0.2250, 153.25
31, 73, 127, 131, 0.9000, 7.5187, 4.9021, 5.7010, 0.9000, 94.04
31, 27, -2, 21, 0.5222, 20.1875, -9.6430, -17.7355, 0.2611, 190.40
32, 83, 58, 33, 0.9889, 1.0040, 1.0040, 0.0020, 0.9889, 202.30
32, 85, 34, 29, 0.8167, 2.0100, 2.0100, -0.0012, 0.4900, 245.33
32, 94, 49, 87, 1.0000, 12.5729, 12.0233, -3.6769, 1.0000, 193.54
32, 7, 39, 1, 0.7381, 3.9063, 3.8931, 0.3202, 0.5167, 219.29
32, 27, 6, 33, 0.6806, 1.1280, 0.9197, -0.6531, 0.4083, 195.83
32, 36, 11, 44, 0.6222, 37.6133, -24.2726, -28.7332, 0.3111, 195.60
32, 3, 32, 7, 0.7881, 1.6441, -1.1102, 1.2126, 0.5517, 224.21
32, 35, 2, 20, 0.6222, 53.7918, -42.1679, -33.3980, 0.3111, 164.00
32, 73, 132, 137, 0.8000, 7.5187, 4.9021, 5.7010, 0.8000, 94.04
33, 82, 108, 64, 0.6000, 34.1607, 6.6864, 33.4999, 0.1800, 142.33
33, 83, 53, 42, 1.0000, 9.5104, -4.3755, 8.4441, 1.0000, 202.09
33, 85, 36, 28, 0.8722, 2.1759, 2.0390, -0.7597, 0.6106, 246.14
33, 94, 69, 95, 1.0000, 20.6295, 19.5814, 6.4919, 1.0000, 190.93
33, 7, 39, 2, 0.7951, 0.5714, 0.1245, 0.5576, 0.6361, 221.25
33, 29, 25, 87, 0.5625, 9.0150, 0.9383, -8.9660, 0.2250, 175.75
33, 63, 43, 93, 0.5143, 48.9954, -48.3427, -7.9710, 0.3600, 187.71
33, 4, 113, 26, 0.5625, 0.0000, 0.0000, 0.0000, 0.2250, 135.50
33, 73, 137, 142, 0.7000, 7.5187, 4.9021, 5.7010, 0.7000, 94.04
33, 36, -13, 16, 0.5222, 37.6133, -24.2726, -28.7332, 0.2611, 195.60
33, 3, 31, 9, 0.6881, 1.6441, -1.1102, 1.2126, 0.4817, 224.21
33, 35, -40, -13, 0.5222, 53.7918, -42.1679, -33.3980, 0.2611, 164.00
34, 83, 56, 51, 1.0000, 8.7685, 2.0224, 8.5321, 1.0000, 203.33
34, 85, 57, 32, 0.8778, 18.9678, 18.6450, 3.4841, 0.7022, 240.00
34, 7, 50, 0, 0.8519, 10.4176, 10.3246, -1.3889, 0.7667, 219.22
34, 3, 39, 1, 0.8451, 5.3532, 3.9242, -3.6411, 0.6761, 225.94
34, 4, 112, 27, 0.6722, 1.0674, -0.7548, 0.7548, 0.3361, 135.60
34, 52, 38, 93, 0.5625, 39.2548, 24.3165, -30.8164, 0.2250, 155.00
34, 73, 142, 148, 0.6000, 7.5187, 4.9021, 5.7010, 0.6000, 94.04
34, 82, 114, 97, 0.5000, 34.1607, 6.6864, 33.4999, 0.1500, 142.33
34, 94, 89, 101, 0.9000, 20.6295, 19.5814, 6.4919, 0.9000, 190.93
35, 32, 126, 124, 1.0000, 1.6051, 1.1289, 1.1410, 1.0000, 135.62
35, 83, 58, 52, 1.0000, 2.9717, 2.1736, 2.0265, 1.0000, 204.46
35, 97, 13, 41, 0.6000, 26.3670, -23.2401, 12.4547, 0.1800, 218.00
35, 4, 114, 19, 0.6806, 6.8948, 2.0132, -6.5944, 0.4083, 137.83
35, 52, 61, 37, 0.6222, 58.1067, 23.4152, -53.1800, 0.3111, 165.20
35, 51, 45, 26, 0.5143, 78.6255, -78.1209, 8.8934, 0.3600, 132.57
35, 73, 147, 154, 0.5000, 7.5187, 4.9021, 5.7010, 0.5000, 94.04
35, 94, 109, 108, 0.8000, 20.6295, 19.5814, 6.4919, 0.8000, 190.93
35, 7, 60, -1, 0.7519, 10.4176, 10.3246, -1.3889, 0.6767, 219.22
36, 82, 113, 112, 0.6556, 12.2062, 0.7580, 12.1826, 0.2622, 128.00
36, 83, 59, 52, 1.0000, 1.3318, 1.2991, 0.2933, 1.0000, 205.07
36, 94, 112, 101, 1.0000, 13.0677, 13.0231, 1.0791, 1.0000, 184.13
36, 29, 43, 49, 0.6222, 15.1551, 7.0873, -13.3957, 0.3111, 182.00
36, 65, 31, 31, 0.5625, 33.2432, 22.5872, -24.3912, 0.2250, 202.00
36, 97, 4, 42, 0.6556, 11.3496, -11.0888, 2.4191, 0.2622, 213.50
36, 98, 101, 123, 0.7056, 0.0112, 0.0112, 0.0000, 0.2822, 110.00
36, 99, 72, 121, 0.6000, 26.0870, -26.0372, -1.6106, 0.1800, 98.67
36, 7, 71, -2, 0.6519, 10.4176, 10.3246, -1.3889, 0.5867, 219.22
36, 4, 116, 13, 0.5806, 6.8948, 2.0132, -6.5944, 0.3483, 137.83
36, 52, 85, -16, 0.5222, 58.1067, 23.4152, -53.1800, 0.2611, 165.20
37, 82, 117, 121, 0.7111, 9.5223, 3.2321, 8.9570, 0.3556, 118.20
37, 83, 59, 52, 1.0000, 0.2565, 0.1791, -0.1836, 1.0000, 205.00
37, 65, 54, 10, 0.6222, 31.2443, 22.9385, -21.2140, 0.3111, 201.80
37, 58, 5, 72, 0.5625, 46.4462, -6.9460, -45.9239, 0.2250, 162.50
37, 7, 81, -4, 0.5519, 10.4176, 10.3246, -1.3889, 0.4967, 219.22
37, 29, 50, 36, 0.5222, 15.1551, 7.0873, -13.3957, 0.2611, 182.00
37, 97, -7, 44, 0.5556, 11.3496, -11.0888, 2.4191, 0.2222, 213.50
37, 98, 101, 123, 0.6056, 0.0112, 0.0112, 0.0000, 0.2422, 110.00
37, 99, 46, 119, 0.5000, 26.0870, -26.0372, -1.6106, 0.1500, 98.67
38, 83, 61, 52, 1.0000, 1.4113, 1.4067, -0.1129, 1.0000, 204.94
38, 29, 64, 33, 0.6806, 13.3103, 11.0060, -7.4855, 0.4083, 186.00
38, 101, 44, 27, 0.6000, 2.1334, 1.9174, -0.9353, 0.1800, 249.50
38, 65, 77, -11, 0.5222, 31.2443, 22.9385, -21.2140, 0.2611, 201.80
38, 98, 101, 123, 0.5056, 0.0112, 0.0112, 0.0000, 0.2022, 110.00
39, 83, 46, 57, 1.0000, 14.0052, -13.2396, 4.5672, 1.0000, 204.65
39, 44, 61, 89, 0.5625, 2.0734, 1.8447, 0.9466, 0.2250, 175.00
39, 97, 1, 47, 0.7111, 2.1201, 1.3937, 1.5977, 0.3556, 209.60
39, 98, 91, 107, 0.7111, 7.7526, -4.1077, -6.5749, 0.3556, 110.80
39, 99, 45, 92, 0.6556, 12.4559, -4.6409, -11.5590, 0.2622, 118.12
39, 101, 46, 27, 0.7056, 2.0455, 2.0286, -0.2619, 0.2822, 250.12
40, 44, 63, 114, 0.6222, 22.3452, 2.0679, 22.2493, 0.3111, 168.00
40, 99, 44, 56, 0.7111, 35.0326, -1.0395, -35.0172, 0.3556, 136.50
40, 58, 9, -1, 0.6222, 19.4369, 3.1798, -19.1750, 0.3111, 180.60
40, 101, 47, 27, 0.7611, 1.2581, 1.2578, 0.0263, 0.3806, 250.50
40, 108, 4, 82, 0.6000, 8.3145, -8.2765, -0.7944, 0.1800, 172.67
41, 88, 10, 63, 0.6000, 12.6116, -12.5745, 0.9659, 0.1800, 194.00
41, 58, 10, -3, 0.6806, 3.2184, 1.7024, -2.7313, 0.4083, 192.00
41, 101, 49, 27, 0.8167, 1.7135, 1.7129, 0.0482, 0.4900, 250.75
41, 105, 68, 54, 0.6000, 3.7001, 3.5896, 0.8974, 0.1800, 202.33
41, 44, 65, 137, 0.5222, 22.3452, 2.0679, 22.2493, 0.2611, 168.00
41, 108, -4, 81, 0.5000, 8.3145, -8.2765, -0.7944, 0.1500, 172.67
42, 101, 51, 28, 0.8722, 2.1422, 1.9971, 0.7750, 0.6106, 250.50
42, 103, 58, 39, 0.6000, 58.6307, -56.6429, 15.1373, 0.1800, 155.67
42, 112, 121, 49, 0.6000, 0.9833, 0.9822, 0.0469, 0.1800, 166.33
42, 114, 99, 94, 0.6000, 48.6801, 48.6800, 0.0469, 0.1800, 168.33
42, 88, -2, 64, 0.5000, 12.6116, -12.5745, 0.9659, 0.1500, 194.00
42, 105, 71, 55, 0.5000, 3.7001, 3.5896, 0.8974, 0.1500, 202.33
43, 101, 52, 28, 0.9278, 1.3181, 1.2847, 0.2948, 0.7422, 250.56
43, 105, 74, 59, 0.7056, 4.1002, 3.1074, 2.6750, 0.2822, 196.75
43, 112, 123, 39, 0.6556, 9.2327, 1.7667, -9.0621, 0.2622, 156.75
43, 114, 124, 102, 0.6556, 29.5026, 28.7110, 6.7882, 0.2622, 150.25
43, 115, 52, 95, 0.6000, 16.8485, 3.0799, -16.5646, 0.1800, 163.00
43, 72, 122, 53, 0.5143, 67.5054, 4.9986, -67.3201, 0.3600, 100.71
43, 117, 43, 22, 0.6000, 30.2698, -4.5354, -29.9281, 0.1800, 203.33
43, 119, 101, 94, 0.6000, 11.6327, -5.5176, -10.2408, 0.1800, 106.00
43, 103, 1, 54, 0.5000, 58.6307, -56.6429, 15.1373, 0.1500, 155.67
44, 88, 0, 58, 0.6556, 2.7211, -1.6164, -2.1891, 0.2622, 192.25
44, 101, 54, 28, 0.9833, 1.7179, 1.7179, 0.0027, 0.8850, 251.06
44, 103, 0, 25, 0.6556, 27.2542, -25.4571, -9.7326, 0.2622, 168.75
44, 105, 68, 87, 0.7111, 26.2247, -4.8467, 25.7730, 0.3556, 192.60
44, 112, 127, 29, 0.7111, 10.0993, 3.5748, -9.4454, 0.3556, 153.20
44, 113, 122, 51, 0.6000, 12.6638, 9.7941, -8.0278, 0.1800, 136.67
44, 115, 45, 53, 0.6556, 40.4796, -6.3653, -39.9760, 0.2622, 172.25
44, 87, 36, 39, 0.5625, 22.9673, -5.3363, -22.3388, 0.2250, 186.25
44, 117, 41, 10, 0.6556, 14.6957, -2.8335, -14.4199, 0.2622, 204.25
44, 118, 68, 57, 0.6000, 33.1738, 1.0901, -33.1558, 0.1800, 174.00
44, 121, 109, 126, 0.7056, 2.2643, -0.0048, 2.2643, 0.2822, 97.50
44, 114, 153, 109, 0.5556, 29.5026, 28.7110, 6.7882, 0.2222, 150.25
44, 119, 96, 84, 0.5000, 11.6327, -5.5176, -10.2408, 0.1500, 106.00
45, 101, 55, 28, 1.0000, 1.2461, 1.2454, -0.0426, 1.0000, 248.75
45, 113, 125, 49, 0.6556, 4.5368, 3.7986, -2.4806, 0.2622, 145.25
45, 114, 129, 106, 0.7111, 2.2538, -1.6048, 1.5825, 0.3556, 134.40
45, 118, 69, 51, 0.6556, 9.3438, 0.9855, -9.2917, 0.2622, 181.00
45, 119, 68, 90, 0.6556, 18.1103, -18.0786, -1.0711, 0.2622, 118.50
45, 88, -2, 56, 0.5556, 2.7211, -1.6164, -2.1891, 0.2222, 192.25
45, 103, -26, 15, 0.5556, 27.2542, -25.4571, -9.7326, 0.2222, 168.75
45, 112, 130, 20, 0.6111, 10.0993, 3.5748, -9.4454, 0.3056, 153.20
45, 115, 38, 13, 0.5556, 40.4796, -6.3653, -39.9760, 0.2222, 172.25
45, 117, 38, -4, 0.5556, 14.6957, -2.8335, -14.4199, 0.2222, 204.25
45, 121, 109, 128, 0.6056, 2.2643, -0.0048, 2.2643, 0.2422, 97.50
46, 101, 57, 28, 1.0000, 1.7358, 1.7357, -0.0177, 1.0000, 248.95
46, 113, 126, 50, 0.7111, 1.8666, 1.6272, 0.9145, 0.3556, 146.80
46, 87, 13, 16, 0.6222, 16.2385, -12.8162, -9.9717, 0.3111, 191.00
46, 117, 41, 13, 0.7111, 3.5740, 0.4601, 3.5442, 0.3556, 206.20
46, 118, 73, 48, 0.7111, 5.4144, 4.0359, -3.6093, 0.3556, 184.20
46, 119, 41, 108, 0.7111, 30.2947, -25.7514, 15.9573, 0.3556, 126.20
46, 122, 18, 45, 0.6000, 45.3229, 11.4108, 43.8630, 0.1800, 219.33
46, 112, 134, 10, 0.5111, 10.0993, 3.5748, -9.4454, 0.2556, 153.20
46, 121, 109, 130, 0.5056, 2.2643, -0.0048, 2.2643, 0.2022, 97.50
47, 21, 107, 98, 0.5625, 42.4289, 30.4689, 29.5273, 0.2250, 162.25
47, 101, 59, 28, 1.0000, 2.0050, 2.0050, -0.0009, 1.0000, 249.46
47, 113, 113, 59, 0.7667, 14.3346, -12.1611, 7.5887, 0.4600, 144.50
47, 122, 39, 112, 0.6556, 66.6325, 19.7290, 63.6448, 0.2622, 204.75
47, 87, 0, 6, 0.5222, 16.2385, -12.8162, -9.9717, 0.2611, 191.00
48, 88, 16, 26, 0.7111, 11.1370, 5.6398, -9.6034, 0.3556, 200.20
48, 101, 60, 28, 1.0000, 1.3073, 1.3073, 0.0023, 1.0000, 249.62
48, 93, 109, 87, 0.5625, 19.3394, -4.3425, -18.8455, 0.2250, 110.50
48, 125, 117, 44, 0.6000, 11.9459, -10.0531, -6.4529, 0.1800, 125.00
48, 122, 58, 175, 0.5556, 66.6325, 19.7290, 63.6448, 0.2222, 204.75
49, 58, 24, 10, 1.0000, 11.3610, 7.6920, 8.3609, 1.0000, 218.82
49, 101, 62, 28, 1.0000, 1.7065, 1.7065, 0.0011, 1.0000, 250.00
49, 111, 58, 94, 0.6000, 55.6890, -12.8079, 54.1961, 0.1800, 191.33
49, 125, 86, 19, 0.6556, 36.0759, -27.8126, -22.9767, 0.2622, 136.50
49, 126, 17, 106, 0.6000, 49.8316, 11.8108, 48.4117, 0.1800, 206.00
49, 90, 7, 56, 0.5625, 14.7491, -12.1113, 8.4173, 0.2250, 205.00
49, 127, 63, 98, 0.6000, 45.1675, -45.1268, -1.9174, 0.1800, 124.83
50, 21, 127, 116, 0.6222, 1.8102, 1.5564, 0.9243, 0.3111, 144.00
50, 101, 74, 31, 1.0000, 11.0890, 10.7012, 2.9067, 1.0000, 245.80
50, 125, 43, 16, 0.7111, 42.0735, -41.7372, -5.3090, 0.3556, 149.00
50, 90, 5, 57, 0.6222, 3.5506, -2.6551, 2.3574, 0.3111, 204.80
50, 127, 40, 108, 0.6556, 27.4940, -26.1346, 8.5382, 0.2622, 133.62
50, 130, 125, 29, 0.6000, 48.4348, 47.6978, -8.4173, 0.1800, 179.67
50, 111, 45, 148, 0.5000, 55.6890, -12.8079, 54.1961, 0.1500, 191.33
50, 126, 29, 154, 0.5000, 49.8316, 11.8108, 48.4117, 0.1500, 206.00
51, 21, 122, 123, 0.6806, 8.1382, -4.6484, 6.6801, 0.4083, 136.00
51, 101, 78, 32, 1.0000, 5.2495, 5.0960, 1.2601, 1.0000, 242.00
51, 90, 7, 56, 0.6806, 1.3958, 1.3755, -0.2371, 0.4083, 207.50
51, 127, 40, 111, 0.7111, 4.4782, -2.9263, 3.3898, 0.3556, 138.70
51, 128, 40, 18, 0.6000, 8.8882, -3.4933, 8.1730, 0.1800, 207.67
51, 130, 172, 21, 0.5000, 48.4348, 47.6978, -8.4173, 0.1500, 179.67
52, 101, 79, 32, 1.0000, 1.2567, 1.2534, 0.0903, 1.0000, 240.12
52, 90, 10, 41, 0.7381, 14.4012, 2.4400, -14.1930, 0.5167, 210.29
52, 128, 40, 21, 0.6556, 3.3661, -1.1078, 3.1786, 0.2622, 206.00
53, 31, 62, 124, 0.5625, 32.5280, -16.4562, 28.0582, 0.2250, 137.75
53, 104, 4, 6, 0.6000, 84.1064, -79.7863, -26.6089, 0.1800, 191.67
53, 123, 7, 45, 0.6000, 42.3783, -40.9338, -10.9703, 0.1800, 202.67
53, 132, 69, 30, 0.6000, 1.9649, 1.9644, 0.0469, 0.1800, 253.00
53, 133, 68, 99, 0.6000, 3.0021, 2.8527, 0.9353, 0.1800, 167.17
53, 101, 80, 32, 0.9000, 1.2567, 1.2534, 0.0903, 0.9000, 240.12
53, 90, 12, 26, 0.6381, 14.4012, 2.4400, -14.1930, 0.4467, 210.29
53, 128, 38, 24, 0.5556, 3.3661, -1.1078, 3.1786, 0.2222, 206.00
54, 101, 71, 30, 1.0000, 5.0009, -4.8497, -1.2205, 1.0000, 239.17
54, 128, 39, 33, 0.7111, 6.3724, -0.2067, 6.3691, 0.3556, 204.80
54, 132, 45, 22, 0.6556, 21.7110, -20.6193, -6.7977, 0.2622, 240.75
54, 133, 68, 99, 0.7056, 0.8238, 0.7810, 0.2619, 0.2822, 169.88
54, 104, -76, -20, 0.5000, 84.1064, -79.7863, -26.6089, 0.1500, 191.67
54, 123, -34, 34, 0.5000, 42.3783, -40.9338, -10.9703, 0.1500, 202.67
55, 60, 5, 21, 0.5625, 79.2746, -7.7000, -78.8998, 0.2250, 171.75
55, 128, 26, 49, 0.7667, 19.5659, -11.7356, 15.6557, 0.4600, 204.50
55, 132, 26, 28, 0.7111, 19.7779, -19.2898, 4.3670, 0.3556, 232.00
55, 133, 66, 84, 0.7111, 13.8643, -1.6140, -13.7700, 0.3556, 173.10
55, 101, 66, 29, 0.9000, 5.0009, -4.8497, -1.2205, 0.9000, 239.17
56, 101, 53, 13, 1.0000, 13.3100, -9.0938, -9.7189, 1.0000, 237.16
56, 110, 28, 38, 0.6000, 18.7196, 17.0994, 7.6182, 0.1800, 203.33
56, 132, 8, 21, 0.7667, 19.0021, -18.1102, -5.7532, 0.4600, 228.00
56, 133, 55, 66, 0.7667, 20.5103, -10.6663, -17.5186, 0.4600, 176.92
57, 102, 113, 120, 0.6000, 81.2079, 37.4732, 72.0450, 0.1800, 170.33
57, 107, 6, 47, 0.6000, 27.6025, -22.9594, -15.3220, 0.1800, 204.00
57, 135, 35, 19, 0.6000, 34.4322, 31.8455, 13.0935, 0.1800, 224.33
57, 136, 45, 22, 0.6000, 28.3536, -27.0754, -8.4173, 0.1800, 239.00
57, 110, 45, 45, 0.5000, 18.7196, 17.0994, 7.6182, 0.1500, 203.33
57, 132, -10, 15, 0.6667, 19.0021, -18.1102, -5.7532, 0.4000, 228.00
57, 133, 44, 48, 0.6667, 20.5103, -10.6663, -17.5186, 0.4000, 176.92
58, 107, 2, 31, 0.6556, 16.8077, -6.3579, -15.5588, 0.2622, 205.00
58, 109, 115, 102, 0.6000, 80.4552, 71.7725, 36.3559, 0.1800, 159.00
58, 110, 64, 42, 0.6556, 18.0665, 17.9812, 1.7529, 0.2622, 204.50
58, 127, 54, 108, 0.9889, 1.2569, 1.2305, -0.2559, 0.9889, 148.75
58, 134, 17, 56, 0.6000, 1.0420, 1.0420, 0.0000, 0.1800, 228.00
58, 136, 14, 30, 0.6556, 31.4302, -30.9987, 5.1904, 0.2622, 229.25
58, 102, 150, 192, 0.5000, 81.2079, 37.4732, 72.0450, 0.1500, 170.33
58, 135, 66, 32, 0.5000, 34.4322, 31.8455, 13.0935, 0.1500, 224.33
59, 107, 8, 18, 0.7111, 14.3455, 4.4543, -13.6365, 0.3556, 205.80
59, 110, 86, 32, 0.7111, 23.8756, 21.9674, -9.3529, 0.3556, 198.80
59, 134, 18, 57, 0.7056, 1.2505, 0.9920, 0.7614, 0.2822, 223.88
59, 135, 61, 8, 0.6556, 13.6106, 11.1984, -7.7359, 0.2622, 212.00
59, 136, 1, 50, 0.7111, 23.4693, -14.7163, 18.2822, 0.3556, 218.40
59, 109, 187, 139, 0.5000, 80.4552, 71.7725, 36.3559, 0.1500, 159.00
60, 110, 104, 27, 0.7667, 18.6999, 17.9442, -5.2624, 0.4600, 190.83
60, 118, 122, 62, 0.8778, 3.5893, 3.4511, 0.9864, 0.7022, 170.88
60, 134, 19, 56, 0.7611, 1.1020, 0.9914, -0.4812, 0.3806, 220.70
60, 135, 64, 4, 0.7111, 5.8815, 2.8768, -5.1299, 0.3556, 210.80
61, 21, 125, 127, 1.0000, 1.9991, 1.9991, -0.0007, 1.0000, 138.36
61, 120, 79, 102, 0.6000, 41.4101, 41.2324, -3.8326, 0.1800, 147.67
61, 134, 5, 41, 0.7667, 17.9002, -11.9946, -13.2870, 0.4600, 217.08
61, 110, 122, 22, 0.6667, 18.6999, 17.9442, -5.2624, 0.4000, 190.83
62, 106, 21, 52, 0.6000, 23.3579, 18.3327, -14.4743, 0.1800, 189.33
62, 110, 124, 35, 0.8222, 10.2627, 8.6753, 5.4829, 0.5756, 181.43
62, 120, 97, 102, 0.6556, 20.4457, 20.4183, -1.0580, 0.2622, 139.25
62, 138, 82, 102, 0.6556, 6.8348, -6.7930, 0.7548, 0.2622, 131.75
63, 106, 31, 32, 0.6556, 22.6345, 11.0172, -19.7723, 0.2622, 194.50
63, 120, 98, 103, 0.7111, 3.7769, 3.6751, 0.8708, 0.3556, 133.60
63, 138, 80, 102, 0.7111, 2.5123, -2.4969, 0.2774, 0.3556, 130.80
64, 106, 33, 5, 0.7111, 26.1667, 3.1926, -25.9712, 0.3556, 201.40
64, 138, 77, 114, 0.7667, 11.1156, -3.0201, 10.6974, 0.4600, 140.00
64, 144, 28, 1, 0.6000, 4.6482, -2.7588, -3.7410, 0.1800, 221.33
64, 147, 84, 104, 0.6000, 14.7344, 8.3234, -12.1583, 0.1800, 138.67
64, 120, 102, 104, 0.6111, 3.7769, 3.6751, 0.8708, 0.3056, 133.60
65, 116, 8, 79, 0.6000, 49.3922, -25.1215, -42.5264, 0.1800, 155.67
65, 137, 33, 56, 0.6000, 35.8231, -35.7742, 1.8714, 0.1800, 200.67
65, 138, 78, 117, 0.8222, 4.1088, 0.7386, 4.0419, 0.5756, 150.00
65, 100, 46, 103, 0.5625, 15.4567, -6.1953, -14.1607, 0.2250, 154.00
65, 144, 28, 1, 0.7056, 1.3125, -0.7906, -1.0477, 0.2822, 221.25
65, 147, 92, 91, 0.5000, 14.7344, 8.3234, -12.1583, 0.1500, 138.67
66, 106, 33, 4, 0.8222, 2.2591, 0.1576, 2.2536, 0.5756, 211.64
66, 137, 4, 75, 0.6556, 34.3804, -29.7444, 17.2418, 0.2622, 194.50
66, 138, 81, 117, 0.8778, 2.2505, 2.2505, -0.0166, 0.7022, 151.00
66, 100, 21, 81, 0.6222, 30.9775, -22.5369, -21.2530, 0.3111, 159.00
66, 144, 28, 1, 0.7611, 0.1271, 0.0711, 0.1054, 0.3806, 221.00
66, 4, 106, 0, 0.5000, 1.2990, 1.1589, -0.5868, 0.4500, 170.89
66, 149, 76, 23, 0.6000, 12.1942, -10.2878, -6.5468, 0.1800, 178.00
66, 116, -17, 37, 0.5000, 49.3922, -25.1215, -42.5264, 0.1500, 155.67
67, 129, 74, 26, 0.6000, 38.7448, 36.3529, 13.4023, 0.1800, 200.33
67, 138, 84, 116, 0.9333, 3.1014, 3.0436, -0.5960, 0.8400, 152.67
67, 100, 7, 75, 0.6806, 16.9027, -15.1443, -7.5069, 0.4083, 161.33
67, 147, 101, 104, 0.6556, 6.1323, 5.2888, 3.1039, 0.2622, 131.50
67, 4, 108, 0, 0.5556, 1.7330, 1.7284, 0.1264, 0.5556, 179.30
67, 149, 76, 23, 0.6556, 2.3844, -2.1264, -1.0787, 0.2622, 179.25
67, 151, 51, 25, 0.6000, 19.2807, 17.7698, -7.4820, 0.1800, 213.33
67, 137, -26, 93, 0.5556, 34.3804, -29.7444, 17.2418, 0.2222, 194.50
67, 144, 28, 1, 0.6611, 0.1271, 0.0711, 0.1054, 0.3306, 221.00
68, 116, 3, 22, 0.6556, 14.4218, 3.5738, -13.9720, 0.2622, 168.25
68, 129, 90, 31, 0.6556, 19.3187, 18.3731, 5.9700, 0.2622, 193.50
68, 144, 28, 1, 0.8167, 0.1382, 0.0833, 0.1103, 0.4900, 222.17
68, 147, 103, 106, 0.7111, 3.1133, 2.5133, 1.8374, 0.3556, 125.40
68, 149, 52, 24, 0.7111, 21.5803, -21.5753, 0.4618, 0.3556, 183.80
68, 151, 71, 16, 0.6556, 21.2641, 19.3173, -8.8884, 0.2622, 205.00
68, 100, -9, 68, 0.5806, 16.9027, -15.1443, -7.5069, 0.3483, 161.33
69, 116, 9, 8, 0.7111, 15.0475, 5.5804, -13.9745, 0.3556, 181.60
69, 129, 98, 32, 0.7111, 8.9807, 8.8978, 1.2172, 0.3556, 188.40
69, 144, 34, 30, 0.8222, 27.1971, 5.4976, 26.6357, 0.5756, 221.86
69, 151, 95, 6, 0.7111, 25.8398, 23.8592, -9.9215, 0.3556, 194.40
70, 155, 13, 56, 0.6000, 16.8605, -16.8345, 0.9353, 0.1800, 221.00
70, 159, 87, 87, 0.6000, 52.6241, 50.4097, -15.1048, 0.1800, 152.33
70, 151, 119, -4, 0.6111, 25.8398, 23.8592, -9.9215, 0.3056, 194.40
71, 155, 5, 67, 0.6556, 13.1258, -9.2434, 9.3192, 0.2622, 211.75
71, 161, 75, 107, 0.6000, 1.9174, 1.9174, 0.0000, 0.1800, 143.67
71, 151, 143, -14, 0.5111, 25.8398, 23.8592, -9.9215, 0.2556, 194.40
71, 159, 137, 72, 0.5000, 52.6241, 50.4097, -15.1048, 0.1500, 152.33
72, 131, 53, 52, 0.6000, 17.9420, 14.4686, 10.6102, 0.1800, 208.00
72, 160, 124, 43, 0.6000, 64.8801, 15.8967, -62.9024, 0.1800, 116.33
72, 161, 106, 108, 0.6556, 26.9467, 26.9361, 0.7548, 0.2622, 130.25
72, 155, -5, 76, 0.5556, 13.1258, -9.2434, 9.3192, 0.2222, 211.75
73, 131, 78, 63, 0.6556, 25.3875, 22.7918, 11.1831, 0.2622, 206.25
73, 142, 37, 53, 0.6000, 0.9342, 0.9337, 0.0297, 0.1800, 219.33
73, 161, 115, 109, 0.7111, 11.2251, 11.1767, 1.0410, 0.3556, 123.60
73, 165, 37, 29, 0.6000, 18.7357, -18.5173, 2.8527, 0.1800, 199.67
73, 168, 15, 77, 0.6000, 3.9685, 2.8527, -2.7588, 0.1800, 177.67
73, 160, 140, -20, 0.5000, 64.8801, 15.8967, -62.9024, 0.1500, 116.33
74, 142, 35, 43, 0.6556, 9.1820, -1.2416, -9.0977, 0.2622, 216.25
74, 161, 116, 110, 0.7667, 2.1422, 1.8664, 1.0513, 0.4600, 126.33
74, 165, 19, 23, 0.6556, 18.6408, -18.0888, -4.5024, 0.2622, 200.75
74, 168, 35, 56, 0.6556, 26.2010, 18.1408, -18.9051, 0.2622, 183.25
74, 131, 100, 74, 0.5556, 25.3875, 22.7918, 11.1831, 0.2222, 206.25
75, 131, 110, 67, 0.7111, 14.9646, 14.9551, 0.5333, 0.3556, 191.20
75, 142, 14, 13, 0.7111, 33.5779, -18.8908, -27.7599, 0.3556, 217.80
75, 152, 7, 52, 0.6000, 10.3220, 4.6431, 9.2188, 0.1800, 195.67
75, 165, 10, 5, 0.7111, 19.1037, -9.5659, -16.5362, 0.3556, 203.60
75, 168, 42, 51, 0.7111, 10.2256, 7.8212, -6.5873, 0.3556, 196.80
76, 152, 21, 62, 0.6556, 16.5535, 13.5001, 9.5793, 0.2622, 195.00
76, 168, 42, 51, 0.7667, 1.2211, 1.1039, -0.5221, 0.4600, 201.33
76, 142, -5, -15, 0.6111, 33.5779, -18.8908, -27.7599, 0.3056, 217.80
76, 165, 1, -11, 0.6111, 19.1037, -9.5659, -16.5362, 0.3056, 203.60
77, 152, 41, 55, 0.7111, 19.5878, 18.8537, -5.3124, 0.3556, 198.60
77, 158, 16, 83, 0.6000, 10.2814, 4.5559, -9.2168, 0.1800, 173.67
78, 152, 69, 41, 0.7667, 30.4741, 27.3897, -13.3595, 0.4600, 205.83
78, 158, 17, 77, 0.6556, 5.9441, 1.3921, -5.7788, 0.2622, 174.75
78, 171, 10, 25, 0.6000, 34.7919, -7.1311, -34.0532, 0.1800, 202.33
79, 139, 18, 80, 0.6000, 52.2163, -12.4307, 50.7151, 0.1800, 201.00
79, 152, 94, 28, 0.8222, 27.5894, 24.4815, -12.7212, 0.5756, 205.14
79, 158, 13, 73, 0.7111, 5.6789, -3.1363, -4.7343, 0.3556, 176.40
79, 170, 50, 48, 0.6000, 70.9970, -54.1222, 45.9495, 0.1800, 185.33
79, 172, 15, 10, 0.7056, 0.7500, 0.7500, 0.0000, 0.2822, 233.25
79, 171, 2, -9, 0.5000, 34.7919, -7.1311, -34.0532, 0.1500, 202.33
80, 139, 6, 127, 0.6556, 48.7007, -11.7531, 47.2612, 0.2622, 188.00
80, 158, 14, 56, 0.7667, 15.5119, 0.8939, -15.4861, 0.4600, 179.33
80, 172, 15, 10, 0.7611, 0.2695, 0.2695, 0.0000, 0.3806, 230.80
80, 173, 46, 52, 0.6000, 10.7738, 9.7544, 4.5747, 0.1800, 219.33
80, 170, -4, 94, 0.5000, 70.9970, -54.1222, 45.9495, 0.1500, 185.33
81, 158, 22, 26, 0.8222, 29.7173, 6.9092, -28.9030, 0.5756, 183.71
81, 172, 16, 11, 0.8167, 1.0764, 0.7579, 0.7644, 0.4900, 234.33
81, 173, 48, 52, 0.6556, 3.1042, 3.0491, 0.5823, 0.2622, 218.00
81, 174, 21, 63, 0.6000, 20.2865, -20.2645, 0.9461, 0.1800, 206.33
81, 139, -6, 174, 0.5556, 48.7007, -11.7531, 47.2612, 0.2222, 188.00
82, 46, 74, 124, 0.5400, 35.9904, 21.2839, 29.0225, 0.2700, 156.40
82, 140, 58, 71, 0.6000, 61.2321, 43.3044, 43.2909, 0.1800, 196.00
82, 157, 51, 94, 0.6000, 34.0026, 32.0570, 11.3371, 0.1800, 179.00
82, 172, 22, 12, 0.8722, 5.6732, 5.5744, 1.0542, 0.6106, 230.57
82, 173, 49, 51, 0.7111, 1.4112, 1.3551, -0.3940, 0.3556, 223.40
82, 158, 29, -3, 0.7222, 29.7173, 6.9092, -28.9030, 0.5056, 183.71
82, 174, 1, 64, 0.5000, 20.2865, -20.2645, 0.9461, 0.1500, 206.33
83, 157, 57, 96, 0.6556, 9.6996, 9.1497, 3.2194, 0.2622, 176.25
83, 173, 51, 51, 0.7667, 1.6183, 1.6011, -0.2352, 0.4600, 222.33
83, 176, 67, 18, 0.6000, 11.2417, 2.8849, -10.8652, 0.1800, 199.33
83, 179, 109, 33, 0.6000, 70.3549, 64.5169, -28.0604, 0.1800, 173.67
83, 140, 102, 115, 0.5000, 61.2321, 43.3044, 43.2909, 0.1500, 196.00
83, 172, 28, 13, 0.7722, 5.6732, 5.5744, 1.0542, 0.5406, 230.57
84, 146, 53, 101, 0.6000, 19.1056, -14.4355, 12.5156, 0.1800, 166.33
84, 154, 31, 125, 0.6000, 15.3902, 14.2857, 5.7251, 0.1800, 162.67
84, 157, 69, 118, 0.7111, 23.0279, 12.1683, 19.5503, 0.3556, 168.80
84, 172, 23, 12, 0.9278, 0.0832, -0.0397, -0.0731, 0.7422, 227.88
84, 173, 52, 51, 0.8222, 1.1782, 1.1777, -0.0324, 0.5756, 226.43
84, 174, 1, 39, 0.6556, 10.4666, -3.4449, -9.8834, 0.2622, 206.50
84, 175, 89, 37, 0.6000, 27.4360, 24.0040, 13.2870, 0.1800, 189.00
84, 176, 87, 1, 0.6556, 24.3425, 18.2257, -16.1363, 0.2622, 192.00
84, 179, 173, 5, 0.5000, 70.3549, 64.5169, -28.0604, 0.1500, 173.67
85, 145, 65, 29, 0.6000, 50.6425, 47.2196, 18.3022, 0.1800, 209.33
85, 146, 21, 99, 0.6556, 29.6029, -29.6002, 0.3993, 0.2622, 166.25
85, 172, 38, 11, 0.9333, 13.6096, 13.5827, -0.8552, 0.8400, 226.33
85, 173, 54, 51, 0.8778, 1.7443, 1.7441, 0.0219, 0.7022, 229.25
85, 174, 15, 13, 0.7111, 28.1333, 12.9232, -24.9894, 0.3556, 209.40
85, 154, 46, 130, 0.5000, 15.3902, 14.2857, 5.7251, 0.1500, 162.67
85, 157, 82, 137, 0.6111, 23.0279, 12.1683, 19.5503, 0.3056, 168.80
85, 175, 113, 50, 0.5000, 27.4360, 24.0040, 13.2870, 0.1500, 189.00
85, 176, 106, -15, 0.5556, 24.3425, 18.2257, -16.1363, 0.2222, 192.00
86, 154, 73, 126, 0.6556, 21.8807, 21.8795, 0.2323, 0.2622, 153.00
86, 173, 53, 51, 0.9333, 0.2699, -0.2696, 0.0131, 0.8400, 227.78
86, 181, 116, 31, 0.6000, 0.9822, 0.9822, 0.0000, 0.1800, 149.67
86, 145, 113, 48, 0.5000, 50.6425, 47.2196, 18.3022, 0.1500, 209.33
86, 146, -9, 99, 0.5556, 29.6029, -29.6002, 0.3993, 0.2222, 166.25
87, 173, 54, 35, 0.9889, 14.5186, 0.4065, -14.5129, 0.9889, 226.50
87, 181, 88, 27, 0.6556, 24.1918, -23.8956, -3.7739, 0.2622, 152.00
87, 154, 95, 127, 0.5556, 21.8807, 21.8795, 0.2323, 0.2222, 153.00
88, 145, 121, 42, 0.6556, 12.3572, 12.3207, 0.9493, 0.2622, 188.50
88, 154, 83, 113, 0.7111, 8.3393, 2.2431, -8.0320, 0.3556, 146.60
88, 173, 53, 11, 1.0000, 22.3591, -0.5693, -22.3519, 1.0000, 224.73
88, 181, 64, 14, 0.7111, 26.6983, -24.1829, -11.3131, 0.3556, 164.80
89, 164, 68, 38, 0.6000, 65.8351, 62.0684, 21.9494, 0.1800, 212.00
89, 184, 4, 42, 0.6000, 1.3226, 0.9353, 0.9353, 0.1800, 220.33
89, 145, 134, 43, 0.5556, 12.3572, 12.3207, 0.9493, 0.2222, 188.50
89, 173, 53, -11, 0.9000, 22.3591, -0.5693, -22.3519, 0.9000, 224.73
89, 181, 40, 3, 0.6111, 26.6983, -24.1829, -11.3131, 0.3056, 164.80
90, 150, 13, 80, 0.6000, 73.2538, 10.6334, 72.4779, 0.1800, 201.00
90, 173, 53, 8, 1.0000, 1.5328, -0.0429, 1.5322, 1.0000, 223.17
90, 181, 22, 11, 0.7667, 20.6955, -20.6949, -0.1548, 0.4600, 179.33
90, 184, 4, 42, 0.7056, 0.3704, 0.2619, 0.2619, 0.2822, 221.25
90, 189, 26, 90, 0.6000, 31.0892, 21.5108, -22.4460, 0.1800, 167.33
90, 164, 130, 60, 0.5000, 65.8351, 62.0684, 21.9494, 0.1500, 212.00
91, 177, 11, 41, 0.6000, 8.8425, 2.7671, -8.3984, 0.1800, 200.33
91, 180, 28, 89, 0.6000, 39.1372, -12.1041, -37.2184, 0.1800, 173.50
91, 184, 4, 43, 0.7611, 0.7377, -0.0263, 0.7372, 0.3806, 227.00
91, 188, 10, 72, 0.6000, 16.6851, -16.0570, 4.5352, 0.1800, 200.00
91, 189, 62, 51, 0.6556, 49.8323, 33.9510, -36.4772, 0.2622, 176.25
91, 193, 122, 31, 0.6000, 5.6115, 5.6115, 0.0000, 0.1800, 133.67
91, 150, 23, 152, 0.5000, 73.2538, 10.6334, 72.4779, 0.1500, 201.00
92, 177, 16, 29, 0.6556, 12.4284, 4.6179, -11.5387, 0.2622, 201.75
92, 180, 9, 62, 0.6556, 33.5369, -17.9418, -28.3340, 0.2622, 178.62
92, 184, 5, 43, 0.8167, 0.7563, 0.7162, 0.2429, 0.4900, 225.50
92, 189, 93, 40, 0.7111, 34.8619, 31.8018, -14.2829, 0.3556, 171.60
92, 188, -6, 76, 0.5000, 16.6851, -16.0570, 4.5352, 0.1500, 200.00
92, 193, 127, 31, 0.5000, 5.6115, 5.6115, 0.0000, 0.1500, 133.67
93, 75, 42, 48, 0.5250, 8.3695, -5.4303, -6.3686, 0.3150, 196.67
93, 141, 14, 92, 0.5625, 51.4292, 2.6336, 51.3617, 0.2250, 180.00
93, 183, 34, 4, 0.6000, 35.8948, -4.3948, -35.6248, 0.1800, 213.00
93, 186, 67, 44, 0.6000, 31.0215, -31.0071, -0.9461, 0.1800, 180.00
93, 177, 20, 17, 0.5556, 12.4284, 4.6179, -11.5387, 0.2222, 201.75
93, 180, -9, 34, 0.5556, 33.5369, -17.9418, -28.3340, 0.2222, 178.62
93, 184, 6, 43, 0.7167, 0.7563, 0.7162, 0.2429, 0.4300, 225.50
93, 189, 125, 25, 0.6111, 34.8619, 31.8018, -14.2829, 0.3056, 171.60
94, 75, 40, 43, 0.5841, 5.5363, -2.4279, -4.9755, 0.4089, 197.00
94, 184, 5, 45, 0.8722, 1.0250, 0.0052, 1.0250, 0.6106, 222.00
94, 196, 99, 6, 0.6000, 54.4795, 34.6513, -42.0394, 0.1800, 191.17
94, 198, 14, 88, 0.6000, 15.9623, -15.8523, 1.8705, 0.1800, 180.33
94, 183, 30, -32, 0.5000, 35.8948, -4.3948, -35.6248, 0.1500, 213.00
94, 186, 36, 43, 0.5000, 31.0215, -31.0071, -0.9461, 0.1500, 180.00
95, 177, 28, 1, 0.7111, 9.5054, 3.9861, -8.6293, 0.3556, 205.80
95, 75, 27, 17, 0.6424, 26.9039, -12.3862, -23.8831, 0.5139, 199.69
95, 184, 6, 20, 0.8778, 22.1961, 0.7350, -22.1839, 0.7022, 217.75
95, 186, 48, 71, 0.6556, 16.6556, -6.6582, 15.2669, 0.2622, 184.75
95, 197, 99, 48, 0.6000, 31.1813, 31.1684, -0.8974, 0.1800, 217.67
95, 198, 2, 79, 0.6556, 14.3051, -12.0053, -7.7786, 0.2622, 180.75
95, 196, 134, -36, 0.5000, 54.4795, 34.6513, -42.0394, 0.1500, 191.17
96, 169, 91, 39, 0.6000, 40.2272, 20.2705, 34.7467, 0.1800, 176.50
96, 75, 24, 11, 0.7000, 8.4314, -3.6067, -7.6211, 0.6300, 204.00
96, 186, 33, 87, 0.7111, 21.3681, -14.2433, 15.9287, 0.3556, 186.20
96, 190, 52, 124, 0.6000, 23.7490, 23.7331, -0.8674, 0.1800, 157.67
96, 197, 119, 56, 0.6556, 21.9410, 20.9375, 6.5595, 0.2622, 191.00
96, 198, 4, 50, 0.7111, 26.7741, -0.0438, -26.7741, 0.3556, 184.80
96, 177, 32, -8, 0.6111, 9.5054, 3.9861, -8.6293, 0.3056, 205.80
97, 75, 25, 12, 0.7572, 0.4865, 0.4745, -0.1076, 0.7572, 208.40
97, 49, 77, 37, 0.5250, 70.9149, 20.1884, -67.9806, 0.3150, 156.33
97, 169, 112, 74, 0.5000, 40.2272, 20.2705, 34.7467, 0.1500, 176.50
97, 177, 36, -16, 0.5111, 9.5054, 3.9861, -8.6293, 0.2556, 205.80
97, 190, 76, 123, 0.5000, 23.7490, 23.7331, -0.8674, 0.1500, 157.67
97, 197, 140, 62, 0.5556, 21.9410, 20.9375, 6.5595, 0.2222, 191.00
98, 169, 99, 58, 0.6556, 6.9215, 2.0603, 6.6078, 0.2622, 171.62
98, 177, 42, 0, 0.7667, 5.0356, 4.8043, 1.5087, 0.4600, 207.67
99, 190, 104, 113, 0.6556, 16.5456, 15.9773, -4.2991, 0.2622, 142.00
99, 198, 7, 47, 0.8778, 1.9665, 0.7672, 1.8107, 0.7022, 193.75
99, 169, 101, 64, 0.5556, 6.9215, 2.0603, 6.6078, 0.2222, 171.62
100, 193, 126, 34, 0.6556, 1.6081, -1.5397, 0.4639, 0.2622, 129.25
100, 195, 44, 58, 0.6000, 33.1376, -26.4074, 20.0188, 0.1800, 207.33
100, 198, 7, 48, 0.9333, 1.2500, 0.1741, 1.2378, 0.8400, 196.78
100, 190, 120, 109, 0.5556, 16.5456, 15.9773, -4.2991, 0.2222, 142.00
101, 190, 122, 76, 0.7111, 22.0325, 7.5071, -20.7141, 0.3556, 135.40
101, 193, 111, 51, 0.7111, 22.0891, -14.7492, 16.4435, 0.3556, 132.00
101, 195, 8, 52, 0.6556, 34.7743, -34.6434, -3.0143, 0.2622, 215.25
101, 204, 58, 73, 0.6000, 22.4655, 22.4460, -0.9353, 0.1800, 194.00
102, 185, 11, 6, 0.6000, 35.0425, -34.9288, 2.8200, 0.1800, 210.00
102, 204, 75, 61, 0.6556, 20.6712, 17.6079, -10.8288, 0.2622, 190.50
102, 209, 60, 58, 0.6000, 36.6949, 22.4930, -28.9928, 0.1800, 189.33
102, 195, -26, 49, 0.5556, 34.7743, -34.6434, -3.0143, 0.2222, 215.25
103, 182, 30, 85, 0.6000, 36.4215, -8.6061, -35.3901, 0.1800, 159.33
103, 204, 81, 48, 0.7111, 14.2900, 7.3470, -12.2567, 0.3556, 195.00
103, 208, 24, 80, 0.6000, 0.8140, 0.1445, -0.8011, 0.1800, 191.56
103, 209, 75, 45, 0.6556, 22.4605, 16.0936, -15.6675, 0.2622, 193.50
103, 185, -24, 9, 0.5000, 35.0425, -34.9288, 2.8200, 0.1500, 210.00
104, 182, 18, 59, 0.6556, 29.4858, -11.4477, -27.1728, 0.2622, 171.25
104, 185, -1, 21, 0.6556, 8.3681, -2.5884, 7.9578, 0.2622, 211.50
104, 201, 63, 39, 0.6000, 7.2992, 0.0000, -7.2992, 0.1800, 210.67
104, 167, 75, 12, 0.5625, 33.2369, 33.1325, 2.6322, 0.2250, 224.50
104, 204, 83, 39, 0.7667, 9.5519, 2.5295, -9.2109, 0.4600, 194.50
104, 206, 8, 51, 0.6000, 5.3392, -0.0794, -5.3386, 0.1800, 202.67
104, 208, 23, 80, 0.7056, 0.8453, -0.7926, -0.2938, 0.2822, 194.17
104, 209, 77, 44, 0.7111, 3.5543, 2.9665, -1.9577, 0.3556, 197.80
105, 178, 6, 118, 0.6000, 82.7135, -57.0234, 59.9154, 0.1800, 191.00
105, 185, 0, 22, 0.7111, 2.2962, 1.1560, 1.9840, 0.3556, 212.20
105, 203, 76, 12, 0.6000, 38.8175, 38.8057, 0.9564, 0.1800, 207.67
105, 206, 9, 49, 0.7056, 1.8343, 0.7853, -1.6577, 0.2822, 205.50
105, 208, 22, 79, 0.7611, 1.3200, -1.0754, -0.7655, 0.3806, 194.03
105, 210, 9, 90, 0.6000, 0.9766, 0.9766, 0.0000, 0.1800, 174.00
105, 182, 7, 31, 0.5556, 29.4858, -11.4477, -27.1728, 0.2222, 171.25
105, 201, 63, 31, 0.5000, 7.2992, 0.0000, -7.2992, 0.1500, 210.67
105, 204, 85, 30, 0.6667, 9.5519, 2.5295, -9.2109, 0.4000, 194.50
105, 209, 79, 42, 0.6111, 3.5543, 2.9665, -1.9577, 0.3056, 197.80
106, 201, 33, 15, 0.6556, 20.7397, -16.7881, -12.1777, 0.2622, 221.75
106, 204, 81, 12, 0.8222, 14.2934, -1.3609, -14.2285, 0.5756, 203.14
106, 206, 9, 51, 0.7611, 0.9120, 0.3013, 0.8608, 0.3806, 209.20
106, 208, 23, 78, 0.8167, 1.1170, 0.4696, -1.0134, 0.4900, 193.69
106, 210, 2, 94, 0.6556, 6.9778, -5.8460, 3.8097, 0.2622, 178.00
106, 214, 123, 106, 0.6000, 8.0177, -2.0659, -7.7470, 0.1800, 76.67
106, 178, -51, 178, 0.5000, 82.7135, -57.0234, 59.9154, 0.1500, 191.00
106, 203, 115, 13, 0.5000, 38.8175, 38.8057, 0.9564, 0.1500, 207.67
107, 201, 25, 8, 0.7111, 11.3499, -8.4369, -7.5920, 0.3556, 221.80
107, 204, 83, 10, 0.8778, 3.2852, 1.1162, -3.0897, 0.7022, 208.12
107, 206, 9, 51, 0.8167, 0.5699, 0.0005, 0.5699, 0.4900, 210.67
107, 208, 23, 77, 0.8722, 1.0923, 0.3365, -1.0392, 0.6106, 194.60
107, 210, 0, 95, 0.7111, 2.6914, -2.2928, 1.4095, 0.3556, 179.60
107, 214, 124, 106, 0.6556, 1.0578, 0.3054, -1.0127, 0.2622, 79.25
108, 162, 82, 37, 1.0000, 6.8597, -3.8051, 5.7076, 1.0000, 176.39
108, 68, 45, 120, 0.5250, 28.2487, 19.0110, 20.8943, 0.3150, 166.50
108, 156, 6, 50, 0.5625, 29.2517, -26.1635, -13.0817, 0.2250, 211.50
108, 206, 10, 52, 0.8722, 1.1188, 0.7202, 0.8561, 0.6106, 213.00
108, 208, 38, 82, 0.8778, 13.6045, 12.9142, 4.2785, 0.7022, 194.52
108, 214, 125, 108, 0.7111, 1.8850, 1.1712, 1.4770, 0.3556, 78.40
108, 218, 43, 89, 0.6000, 10.3880, 3.5723, 9.7544, 0.1800, 183.67
108, 220, 76, 11, 0.6000, 47.8809, 10.2878, -46.7626, 0.1800, 195.33
108, 210, -2, 97, 0.6111, 2.6914, -2.2928, 1.4095, 0.3056, 179.60
109, 14, 27, 74, 0.5250, 66.0368, -60.1463, 27.2630, 0.3150, 190.83
109, 163, 92, 104, 0.5625, 0.0481, -0.0466, 0.0117, 0.2250, 121.00
109, 206, 10, 52, 0.9278, 0.3675, 0.2750, 0.2438, 0.7422, 211.75
109, 210, 2, 94, 0.7667, 1.5094, 1.1692, -0.9545, 0.4600, 181.00
109, 214, 126, 108, 0.7667, 1.3556, 1.1618, 0.6984, 0.4600, 81.50
109, 218, 44, 91, 0.6556, 3.5730, 1.8626, 3.0491, 0.2622, 183.00
109, 162, 78, 43, 0.9000, 6.8597, -3.8051, 5.7076, 0.9000, 176.39
109, 220, 86, -36, 0.5000, 47.8809, 10.2878, -46.7626, 0.1500, 195.33
110, 162, 61, 60, 1.0000, 16.2210, -11.0708, 11.8556, 1.0000, 176.79
110, 163, 91, 101, 0.6722, 2.3997, -0.7404, -2.2827, 0.3361, 126.60
110, 206, 5, 49, 0.9833, 5.1389, -4.5836, -2.3236, 0.8850, 211.22
110, 210, 0, 100, 0.8222, 5.2559, -1.1138, 5.1365, 0.5756, 178.71
110, 214, 127, 109, 0.6667, 1.3556, 1.1618, 0.6984, 0.4000, 81.50
110, 218, 46, 94, 0.5556, 3.5730, 1.8626, 3.0491, 0.2222, 183.00
111, 162, 34, 61, 1.0000, 23.7387, -23.5492, 2.9940, 1.0000, 177.35
111, 194, 88, 13, 0.6000, 0.9655, 0.9655, -0.0098, 0.1800, 195.67
111, 199, 90, 8, 0.6000, 22.9737, 22.7978, -2.8371, 0.1800, 174.00
111, 163, 91, 100, 0.7306, 1.6265, -0.2664, -1.6046, 0.4383, 126.33
111, 210, -1, 105, 0.7222, 5.2559, -1.1138, 5.1365, 0.5056, 178.71
111, 214, 128, 110, 0.5667, 1.3556, 1.1618, 0.6984, 0.3400, 81.50
112, 162, 11, 56, 1.0000, 23.3077, -23.0865, -3.2036, 1.0000, 178.51
112, 194, 90, 13, 0.7056, 1.7709, 1.7709, 0.0044, 0.2822, 209.25
112, 199, 112, 2, 0.6556, 22.9126, 22.2811, -5.3421, 0.2622, 166.25
112, 163, 90, 99, 0.7881, 1.2899, -0.7580, -1.0436, 0.5517, 129.29
112, 207, 26, 106, 0.6000, 33.2515, -5.6193, 32.7733, 0.1800, 178.00
112, 214, 122, 94, 0.8222, 6.2785, -1.9160, -5.9790, 0.5756, 83.43
112, 215, 25, 37, 0.6000, 20.0924, 20.0044, -1.8787, 0.1800, 202.67
112, 223, 9, 90, 0.6000, 21.1685, -14.0288, 15.8523, 0.1800, 190.33
112, 210, -2, 110, 0.6222, 5.2559, -1.1138, 5.1365, 0.4356, 178.71
113, 194, 91, 13, 0.7611, 1.2864, 1.2864, 0.0029, 0.3806, 203.00
113, 163, 90, 97, 0.8451, 1.7083, -0.2529, -1.6895, 0.6761, 129.62
113, 215, 49, 57, 0.6556, 29.0502, 23.5931, 16.9493, 0.2622, 204.25
113, 216, 67, 15, 0.6000, 43.2748, 22.9429, -36.6924, 0.1800, 204.33
113, 217, 87, 37, 0.6000, 31.3296, -26.6157, -16.5273, 0.1800, 153.00
113, 218, 49, 92, 0.7111, 1.1612, 0.9714, -0.6362, 0.3556, 180.40
113, 223, 5, 93, 0.6556, 6.4658, -4.6837, 4.4576, 0.2622, 184.50
113, 224, 11, 97, 0.6000, 7.6642, -4.3907, 6.2818, 0.1800, 176.00
113, 199, 134, -3, 0.5556, 22.9126, 22.2811, -5.3421, 0.2222, 166.25
113, 207, 21, 139, 0.5000, 33.2515, -5.6193, 32.7733, 0.1500, 178.00
113, 210, -3, 115, 0.5222, 5.2559, -1.1138, 5.1365, 0.3656, 178.71
114, 194, 93, 13, 0.8167, 1.7613, 1.7613, 0.0005, 0.4900, 204.33
114, 163, 89, 96, 0.9019, 1.4653, -0.7442, -1.2622, 0.8117, 131.22
114, 207, 44, 124, 0.6556, 12.1272, 10.5210, 6.0313, 0.2622, 169.00
114, 215, 52, 89, 0.7111, 31.3571, 5.3019, 30.9056, 0.3556, 200.40
114, 217, 64, 37, 0.6556, 24.0191, -23.9420, -1.9231, 0.2622, 162.75
114, 218, 44, 90, 0.7667, 5.2484, -4.9094, -1.8558, 0.4600, 180.67
114, 223, 3, 94, 0.7111, 3.1312, -2.9364, 1.0871, 0.3556, 181.80
114, 224, 4, 103, 0.6556, 8.7868, -6.6920, 5.6943, 0.2622, 173.38
114, 225, 46, 67, 0.6000, 56.6212, 27.4969, -49.4962, 0.1800, 182.67
114, 216, 90, -22, 0.5000, 43.2748, 22.9429, -36.6924, 0.1500, 204.33
115, 194, 94, 14, 0.8722, 1.4640, 1.2513, 0.7600, 0.6106, 208.29
115, 163, 89, 94, 0.9583, 1.7728, -0.2568, -1.7541, 0.9583, 131.80
115, 210, 21, 119, 0.8778, 6.7526, 5.8394, 3.3910, 0.7022, 176.50
115, 217, 48, 43, 0.7111, 17.3650, -16.7694, 4.5089, 0.3556, 170.20
115, 218, 25, 73, 0.8222, 22.8337, -17.1118, -15.1184, 0.5756, 184.86
115, 223, 3, 92, 0.7667, 1.0907, -0.4373, -0.9992, 0.4600, 179.92
115, 228, 87, 30, 0.7056, 0.0244, 0.0048, -0.0239, 0.2822, 169.00
115, 207, 54, 130, 0.5556, 12.1272, 10.5210, 6.0313, 0.2222, 169.00
115, 215, 58, 120, 0.6111, 31.3571, 5.3019, 30.9056, 0.3056, 200.40
115, 224, -2, 109, 0.5556, 8.7868, -6.6920, 5.6943, 0.2222, 173.38
115, 225, 74, 17, 0.5000, 56.6212, 27.4969, -49.4962, 0.1500, 182.67
116, 194, 95, 14, 0.9278, 1.0305, 0.9871, 0.2959, 0.7422, 209.75
116, 163, 88, 93, 1.0000, 1.4641, -0.7402, -1.2632, 1.0000, 134.09
116, 217, 30, 51, 0.7667, 19.2254, -17.4287, 8.1150, 0.4600, 175.00
116, 223, 3, 93, 0.8222, 0.3593, 0.2686, 0.2387, 0.5756, 179.21
116, 224, 4, 104, 0.7111, 1.0402, 1.0351, -0.1028, 0.3556, 174.70
116, 225, 95, 17, 0.6556, 32.4399, 24.0593, -21.7600, 0.2622, 182.25
116, 228, 78, 45, 0.7111, 15.0212, -7.6274, 12.9406, 0.3556, 172.40
117, 194, 97, 14, 0.9833, 1.7098, 1.7098, 0.0054, 0.8850, 208.22
117, 163, 88, 92, 1.0000, 1.0282, -0.2622, -0.9942, 1.0000, 135.25
117, 217, 13, 57, 0.8222, 18.2913, -17.1945, 6.2387, 0.5756, 179.00
117, 223, 5, 102, 0.8778, 8.9191, 1.7120, 8.7533, 0.7022, 177.69
117, 225, 126, 0, 0.7111, 34.7277, 30.1009, -17.3189, 0.3556, 173.00
117, 228, 80, 54, 0.7667, 9.5248, 0.1488, 9.5237, 0.4600, 178.17
117, 191, 38, 52, 0.5625, 50.6377, 23.4282, -44.8921, 0.2250, 174.50
117, 230, 39, 18, 0.6000, 45.1613, 25.2987, -37.4101, 0.1800, 220.00
118, 194, 98, 15, 1.0000, 1.4672, 1.2862, 0.7059, 1.0000, 208.10
118, 163, 87, 90, 1.0000, 1.8496, -0.7355, -1.6971, 1.0000, 136.15
118, 217, 11, 58, 0.8778, 3.8390, -3.6856, 1.0743, 0.7022, 183.50
118, 223, 2, 120, 0.9333, 16.5448, -2.5042, 16.3542, 0.8400, 174.50
118, 191, 57, 14, 0.6222, 43.5381, 19.3746, -38.9897, 0.3111, 183.60
118, 228, 80, 63, 0.6667, 9.5248, 0.1488, 9.5237, 0.4000, 178.17
118, 230, 64, -20, 0.5000, 45.1613, 25.2987, -37.4101, 0.1500, 220.00
119, 194, 99, 15, 1.0000, 1.0498, 1.0102, 0.2858, 1.0000, 207.50
119, 143, 8, 8, 0.5400, 0.7253, 0.7243, -0.0397, 0.2700, 227.20
119, 234, 7, 104, 0.6000, 13.3659, -6.5227, 11.6663, 0.1800, 174.67
119, 235, 92, 124, 0.6000, 1.3890, 0.9822, 0.9822, 0.1800, 113.00
119, 163, 86, 88, 0.9000, 1.8496, -0.7355, -1.6971, 0.9000, 136.15
119, 223, -1, 136, 0.8333, 16.5448, -2.5042, 16.3542, 0.7500, 174.50
119, 191, 76, -25, 0.5222, 43.5381, 19.3746, -38.9897, 0.2611, 183.60
120, 194, 101, 15, 1.0000, 1.7002, 1.7002, 0.0112, 1.0000, 208.62
120, 163, 86, 87, 1.0000, 1.6509, -0.5334, -1.5624, 1.0000, 137.07
120, 205, 2, 91, 0.6000, 34.5710, 1.9150, 34.5179, 0.1800, 188.00
120, 143, 9, 8, 0.6500, 1.0875, 1.0874, 0.0119, 0.3900, 226.00
120, 148, 48, 96, 0.5400, 6.6325, -6.0629, 2.6892, 0.2700, 168.60
120, 235, 88, 108, 0.6556, 13.7849, -3.5167, -13.3288, 0.2622, 114.00
120, 236, 15, 56, 0.6000, 46.4464, -26.1401, 38.3923, 0.1800, 226.00
120, 223, -3, 152, 0.7333, 16.5448, -2.5042, 16.3542, 0.6600, 174.50
120, 234, 1, 116, 0.5000, 13.3659, -6.5227, 11.6663, 0.1500, 174.67
121, 194, 102, 16, 1.0000, 1.4663, 1.2905, 0.6962, 1.0000, 211.88
121, 163, 82, 73, 1.0000, 12.9128, -3.8532, -12.3245, 1.0000, 140.53
121, 166, 59, 17, 0.5625, 62.4366, -60.5154, -15.3696, 0.2250, 141.25
121, 219, 29, 123, 0.6000, 34.4890, -34.2784, -3.8059, 0.1800, 140.67
121, 227, 43, 17, 0.6000, 0.8600, 0.8599, 0.0117, 0.1800, 235.67
121, 143, 10, 8, 0.7087, 1.0691, 1.0691, 0.0097, 0.4961, 224.86
121, 205, 4, 125, 0.5000, 34.5710, 1.9150, 34.5179, 0.1500, 188.00
121, 223, -6, 169, 0.6333, 16.5448, -2.5042, 16.3542, 0.5700, 174.50
121, 235, 84, 95, 0.5556, 13.7849, -3.5167, -13.3288, 0.2222, 114.00
121, 236, -11, 95, 0.5000, 46.4464, -26.1401, 38.3923, 0.1500, 226.00
122, 194, 104, 16, 1.0000, 1.7705, 1.7462, 0.2925, 1.0000, 211.82
122, 163, 101, 42, 1.0000, 32.6814, 16.1222, -28.4280, 1.0000, 141.50
122, 166, 6, 15, 0.6222, 54.4567, -54.3465, -3.4634, 0.3111, 154.60
122, 205, 27, 125, 0.6556, 20.6881, 13.8942, 15.3281, 0.2622, 180.50
122, 219, 12, 126, 0.6556, 18.7564, -18.6541, 1.9563, 0.2622, 141.25
122, 227, 44, 17, 0.7056, 1.0586, 1.0586, -0.0047, 0.2822, 239.50
122, 143, 11, 8, 0.7667, 1.0136, 1.0136, 0.0020, 0.6133, 225.50
122, 148, 20, 91, 0.6000, 15.3322, -15.0707, -2.8200, 0.3600, 169.00
122, 234, 1, 125, 0.6556, 6.1060, -1.1872, 5.9894, 0.2622, 168.25
122, 235, 84, 84, 0.7111, 12.2335, -1.7144, -12.1128, 0.3556, 125.60
122, 236, 6, 70, 0.6556, 3.7521, -1.8192, 3.2815, 0.2622, 215.75
122, 192, 52, 94, 0.5625, 72.8690, -53.6517, 49.3091, 0.2250, 175.50
122, 223, -8, 185, 0.5333, 16.5448, -2.5042, 16.3542, 0.4800, 174.50
123, 194, 105, 16, 1.0000, 1.2746, 1.2745, 0.0175, 1.0000, 211.57
123, 205, 31, 127, 0.7111, 5.3657, 4.4034, 3.0660, 0.3556, 176.20
123, 227, 45, 17, 0.7611, 1.0399, 1.0399, -0.0033, 0.3806, 242.60
123, 143, 12, 8, 0.8241, 0.9952, 0.9952, -0.0007, 0.7417, 224.56
123, 234, 2, 126, 0.7111, 1.2005, 0.7567, 0.9320, 0.3556, 165.20
123, 166, -48, 12, 0.5222, 54.4567, -54.3465, -3.4634, 0.2611, 154.60
123, 219, -6, 128, 0.5556, 18.7564, -18.6541, 1.9563, 0.2222, 141.25
123, 148, 5, 89, 0.5000, 15.3322, -15.0707, -2.8200, 0.3000, 169.00
123, 235, 82, 72, 0.6111, 12.2335, -1.7144, -12.1128, 0.3056, 125.60
123, 236, 5, 74, 0.5556, 3.7521, -1.8192, 3.2815, 0.2222, 215.75
124, 194, 107, 17, 1.0000, 1.8559, 1.7250, 0.6844, 1.0000, 212.59
124, 227, 45, 17, 0.8167, 0.2423, 0.2423, -0.0006, 0.4900, 240.17
124, 143, 13, 9, 0.8811, 1.2502, 0.9962, 0.7554, 0.8811, 225.20
124, 234, 6, 122, 0.7667, 5.4958, 4.2534, -3.4802, 0.4600, 162.50
124, 235, 52, 58, 0.7667, 22.3240, -18.1111, -13.0518, 0.4600, 136.33
124, 239, 28, 111, 0.6000, 18.7381, 17.7028, 6.1423, 0.1800, 158.50
124, 124, 69, 116, 0.5400, 27.6335, -25.2518, -11.2230, 0.2700, 110.00
125, 194, 107, 17, 1.0000, 0.6314, 0.5568, 0.2978, 1.0000, 210.97
125, 227, 46, 17, 0.8722, 0.7028, 0.7028, 0.0003, 0.6106, 242.00
125, 143, 14, 9, 0.9379, 1.0428, 0.9992, 0.2985, 0.9379, 224.68
125, 148, 1, 60, 0.6587, 12.9139, -4.1544, -12.2275, 0.4611, 172.57
125, 234, 8, 111, 0.8222, 10.1466, 2.2288, -9.8988, 0.5756, 166.43
125, 124, 50, 101, 0.6000, 24.6042, -19.9032, -14.4647, 0.3600, 120.17
125, 202, 14, 107, 0.5625, 36.0999, -35.4926, 6.5937, 0.2250, 168.50
125, 242, 87, 42, 0.6000, 25.1736, -25.1579, 0.8883, 0.1800, 164.33
125, 239, 46, 117, 0.5000, 18.7381, 17.7028, 6.1423, 0.1500, 158.50
126, 194, 110, 17, 1.0000, 2.1164, 2.1163, 0.0237, 1.0000, 209.81
126, 211, 116, 124, 0.6000, 63.1853, 57.0807, 27.0957, 0.1800, 133.00
126, 227, 47, 18, 0.9278, 1.2493, 0.9944, 0.7561, 0.7422, 241.38
126, 143, 29, 2, 0.9444, 14.9532, 13.7086, -5.9727, 0.9444, 224.38
126, 237, 39, 29, 0.6000, 30.1974, 10.9128, -28.1566, 0.1800, 197.33
126, 240, 42, 1, 0.6000, 19.5344, 17.8230, -7.9959, 0.1800, 215.33
126, 124, 17, 71, 0.6587, 42.3255, -31.4924, -28.2786, 0.4611, 130.43
126, 202, 2, 113, 0.6222, 16.5142, -15.2415, 6.3574, 0.3111, 165.60
126, 242, 70, 39, 0.6556, 18.5113, -18.4032, -1.9976, 0.2622, 183.50
127, 194, 111, 18, 1.0000, 1.7113, 1.5734, 0.6731, 1.0000, 210.39
127, 222, 116, 42, 0.6000, 56.5670, 36.4979, -43.2172, 0.1800, 169.50
127, 227, 48, 18, 0.9833, 1.0834, 1.0414, 0.2986, 0.8850, 240.00
127, 242, 43, 29, 0.7111, 27.9472, -26.3722, -9.2496, 0.3556, 186.20
127, 211, 173, 151, 0.5000, 63.1853, 57.0807, 27.0957, 0.1500, 133.00
127, 143, 43, -4, 0.8444, 14.9532, 13.7086, -5.9727, 0.8444, 224.38
127, 237, 50, 1, 0.5000, 30.1974, 10.9128, -28.1566, 0.1500, 197.33
127, 240, 60, -7, 0.5000, 19.5344, 17.8230, -7.9959, 0.1500, 215.33
127, 202, -14, 119, 0.5222, 16.5142, -15.2415, 6.3574, 0.2611, 165.60
128, 194, 112, 18, 1.0000, 1.1225, 1.0809, 0.3028, 1.0000, 209.93
128, 227, 48, 18, 1.0000, 0.2700, 0.2699, 0.0077, 1.0000, 241.30
128, 237, 33, 5, 0.6556, 11.3924, -4.7300, -10.3641, 0.2622, 201.50
128, 239, 67, 103, 0.6556, 8.6458, 7.4546, -4.3793, 0.2622, 153.62
128, 240, 80, 2, 0.6556, 19.0558, 18.9624, 1.8844, 0.2622, 206.50
128, 200, 24, 44, 0.5625, 11.5573, -10.6511, 4.4863, 0.2250, 198.75
128, 242, 17, 11, 0.7667, 31.2552, -25.7197, -17.7592, 0.4600, 192.67
128, 243, 19, 39, 0.6000, 17.7823, -10.6376, 14.2496, 0.1800, 203.67
128, 222, 152, -2, 0.5000, 56.5670, 36.4979, -43.2172, 0.1500, 169.50
128, 143, 57, -10, 0.7444, 14.9532, 13.7086, -5.9727, 0.7444, 224.38
129, 194, 114, 19, 1.0000, 1.8012, 1.6458, 0.7318, 1.0000, 208.55
129, 227, 32, 21, 1.0000, 14.3376, -14.1696, 2.1885, 1.0000, 238.18
129, 239, 71, 87, 0.7111, 16.6331, 4.3492, -16.0545, 0.3556, 163.50
129, 240, 89, 26, 0.7111, 24.1206, 9.6436, 22.1089, 0.3556, 199.80
129, 241, 48, 63, 0.6000, 42.2223, 22.8369, 35.5134, 0.1800, 197.67
129, 200, 5, 27, 0.6222, 22.5845, -17.8342, -13.8564, 0.3111, 199.20
129, 243, 30, 68, 0.6556, 28.4352, 8.0938, 27.2590, 0.2622, 202.50
129, 244, 113, 42, 0.6000, 1.0395, 1.0377, 0.0610, 0.1800, 141.33
129, 247, 15, 108, 0.6000, 20.9129, 9.3525, 18.7050, 0.1800, 162.00
129, 143, 71, -16, 0.6444, 14.9532, 13.7086, -5.9727, 0.6444, 224.38
129, 237, 28, -6, 0.5556, 11.3924, -4.7300, -10.3641, 0.2222, 201.50
129, 242, -9, -7, 0.6667, 31.2552, -25.7197, -17.7592, 0.4000, 192.67
130, 194, 113, 12, 1.0000, 5.2921, -0.1077, -5.2910, 1.0000, 205.57
130, 241, 66, 97, 0.6556, 38.9459, 18.3047, 34.3761, 0.2622, 187.25
130, 243, 29, 98, 0.7111, 30.3269, 0.5983, 30.3210, 0.3556, 196.40
130, 244, 114, 42, 0.7056, 0.9909, 0.9907, -0.0207, 0.2822, 140.25
130, 153, 58, 85, 0.5400, 12.5268, -5.5646, -11.2230, 0.2700, 157.60
130, 248, 122, 37, 0.6000, 1.3890, 0.9822, -0.9822, 0.1800, 146.67
130, 249, 42, 30, 0.6000, 40.2540, 23.4282, -32.7338, 0.1800, 224.67
130, 143, 84, -22, 0.5444, 14.9532, 13.7086, -5.9727, 0.5444, 224.38
130, 200, -13, 13, 0.5222, 22.5845, -17.8342, -13.8564, 0.2611, 199.20
130, 247, 24, 127, 0.5000, 20.9129, 9.3525, 18.7050, 0.1500, 162.00
131, 221, 66, 96, 0.6000, 19.2573, 5.7910, 18.3659, 0.1800, 173.67
131, 143, 64, 14, 1.0000, 6.9098, 4.6634, 5.0988, 1.0000, 221.42
131, 244, 115, 43, 0.7611, 1.2415, 0.9916, 0.7471, 0.3806, 140.00
131, 247, 48, 120, 0.6556, 18.3709, 17.8427, 4.3734, 0.2622, 156.25
131, 248, 125, 38, 0.7056, 2.5701, 2.5215, 0.4976, 0.2822, 144.00
131, 249, 41, 12, 0.6556, 19.8369, 2.0148, -19.7343, 0.2622, 220.50
131, 194, 113, 7, 0.9000, 5.2921, -0.1077, -5.2910, 0.9000, 205.57
131, 241, 84, 132, 0.5556, 38.9459, 18.3047, 34.3761, 0.2222, 187.25
131, 243, 30, 129, 0.6111, 30.3269, 0.5983, 30.3210, 0.3056, 196.40
132, 221, 68, 99, 0.6556, 5.8493, 3.0821, 4.9715, 0.2622, 174.75
132, 244, 116, 43, 0.8167, 1.0389, 0.9981, 0.2881, 0.4900, 139.83
132, 247, 51, 120, 0.7111, 4.2942, 4.2906, 0.1760, 0.3556, 154.20
132, 153, 29, 61, 0.6000, 19.8043, -15.9037, -11.8017, 0.3600, 165.88
132, 248, 127, 37, 0.7611, 2.3686, 2.3251, -0.4518, 0.3806, 145.60
132, 249, 33, 1, 0.7111, 13.9565, -6.9123, -12.1245, 0.3556, 220.40
132, 252, 50, 91, 0.6000, 15.9241, -7.0829, -14.2622, 0.1800, 164.00
132, 194, 113, 2, 0.8000, 5.2921, -0.1077, -5.2910, 0.8000, 205.57
133, 221, 69, 99, 0.7111, 1.1645, 1.1442, 0.2162, 0.3556, 174.00
133, 239, 70, 76, 0.9333, 6.2594, 2.9436, -5.5240, 0.8400, 175.50
133, 244, 118, 44, 0.8722, 1.9189, 1.7608, 0.7628, 0.6106, 137.43
133, 253, 69, 44, 0.6000, 61.9510, 10.7170, -61.0170, 0.1800, 161.67
133, 194, 113, -3, 0.7000, 5.2921, -0.1077, -5.2910, 0.7000, 205.57
133, 153, 13, 49, 0.5000, 19.8043, -15.9037, -11.8017, 0.3000, 165.88
133, 248, 129, 37, 0.6611, 2.3686, 2.3251, -0.4518, 0.3306, 145.60
133, 252, 43, 77, 0.5000, 15.9241, -7.0829, -14.2622, 0.1500, 164.00
134, 221, 65, 84, 0.7667, 14.1670, -3.8353, -13.6380, 0.4600, 175.33
134, 244, 118, 44, 0.9278, 0.5978, 0.5406, 0.2552, 0.7422, 135.62
134, 153, 17, 47, 0.6587, 7.6882, -4.1469, -6.4738, 0.4611, 170.76
134, 252, 48, 83, 0.6556, 2.7243, -0.2902, -2.7088, 0.2622, 167.00
134, 255, 46, 28, 0.6000, 25.0936, 21.4639, 12.9997, 0.1800, 206.67
134, 259, 8, 75, 0.6000, 37.2554, -11.1761, -35.5396, 0.1800, 177.33
134, 194, 113, -9, 0.6000, 5.2921, -0.1077, -5.2910, 0.6000, 205.57
134, 248, 132, 36, 0.5611, 2.3686, 2.3251, -0.4518, 0.2806, 145.60
134, 253, 80, -17, 0.5000, 61.9510, 10.7170, -61.0170, 0.1500, 161.67
135, 194, 86, 1, 1.0000, 7.2879, -7.1617, -1.3503, 1.0000, 204.20
135, 255, 71, 20, 0.6556, 24.7360, 24.1437, -5.3807, 0.2622, 200.25
135, 244, 119, 44, 0.8278, 0.5978, 0.5406, 0.2552, 0.6622, 135.62
135, 252, 47, 80, 0.5556, 2.7243, -0.2902, -2.7088, 0.2222, 167.00
135, 259, -4, 39, 0.5000, 37.2554, -11.1761, -35.5396, 0.1500, 177.33
136, 244, 123, 57, 0.9333, 8.0081, 2.5565, 7.5891, 0.8400, 132.89
136, 254, 3, 103, 0.6000, 24.9973, -10.8607, -22.5147, 0.1800, 153.67
136, 259, 11, 11, 0.6556, 31.6958, 3.2991, -31.5236, 0.2622, 188.00
136, 255, 95, 15, 0.5556, 24.7360, 24.1437, -5.3807, 0.2222, 200.25
137, 226, 124, 118, 0.6000, 81.4090, 58.0433, 57.0824, 0.1800, 161.00
137, 213, 25, 55, 0.5625, 0.8835, 0.0233, -0.8832, 0.2250, 205.25
137, 255, 122, 21, 0.7111, 25.9179, 25.8973, 1.0334, 0.3556, 184.60
137, 260, 13, 126, 0.6000, 8.4638, 8.0265, 2.6857, 0.1800, 149.00
137, 244, 125, 65, 0.8333, 8.0081, 2.5565, 7.5891, 0.7500, 132.89
137, 254, -8, 81, 0.5000, 24.9973, -10.8607, -22.5147, 0.1500, 153.67
137, 259, 14, -21, 0.5556, 31.6958, 3.2991, -31.5236, 0.2222, 188.00
138, 244, 123, 61, 0.9889, 1.1820, -0.1844, 1.1675, 0.9889, 130.60
138, 213, 26, 55, 0.6722, 0.8039, 0.7498, -0.2898, 0.3361, 207.80
138, 226, 182, 175, 0.5000, 81.4090, 58.0433, 57.0824, 0.1500, 161.00
138, 255, 148, 22, 0.6111, 25.9179, 25.8973, 1.0334, 0.3056, 184.60
138, 260, 21, 128, 0.5000, 8.4638, 8.0265, 2.6857, 0.1500, 149.00
139, 244, 123, 62, 1.0000, 0.7043, -0.1976, 0.6760, 1.0000, 129.27
139, 213, 26, 54, 0.7306, 0.8018, 0.2729, -0.7539, 0.4383, 207.00
139, 255, 174, 23, 0.5111, 25.9179, 25.8973, 1.0334, 0.2556, 184.60
140, 244, 122, 63, 1.0000, 1.1708, -0.8056, 0.8495, 1.0000, 127.67
140, 213, 35, 49, 0.7381, 9.0381, 7.6383, -4.8315, 0.5167, 206.29
141, 244, 125, 50, 1.0000, 11.3504, 2.7133, -11.0214, 1.0000, 127.31
141, 213, 32, 17, 0.7951, 29.2852, -1.7078, -29.2354, 0.6361, 211.00
141, 269, 33, 48, 0.6000, 65.2844, -41.4750, -50.4171, 0.1800, 172.67
142, 258, 21, 118, 0.6556, 5.0867, 4.3031, 2.7125, 0.2622, 158.25
142, 260, 47, 126, 0.6556, 6.4003, 6.3516, -0.7884, 0.2622, 141.50
142, 263, 82, 11, 0.6000, 15.5306, -11.8809, -10.0022, 0.1800, 158.67
142, 273, 89, 32, 0.6000, 23.5619, -16.6210, -16.7004, 0.1800, 160.67
142, 276, 121, 68, 0.6000, 3.8191, -0.8011, 3.7341, 0.1800, 116.50
142, 282, 28, 114, 0.6000, 44.3136, -30.8633, 31.7986, 0.1800, 176.33
142, 283, 106, 91, 0.6000, 1.4226, 1.0291, 0.9822, 0.1800, 110.00
142, 269, -8, -2, 0.5000, 65.2844, -41.4750, -50.4171, 0.1500, 172.67
143, 238, 47, 95, 0.6000, 28.9756, 28.9112, -1.9295, 0.1800, 169.33
143, 263, 68, 3, 0.6556, 15.8607, -13.4684, -8.3763, 0.2622, 171.25
143, 273, 78, 12, 0.6556, 22.1853, -11.4262, -19.0165, 0.2622, 163.50
143, 274, 87, 36, 0.6000, 56.6500, -2.7772, -56.5818, 0.1800, 147.67
143, 276, 122, 68, 0.7056, 0.5496, 0.4652, 0.2927, 0.2822, 114.62
143, 281, 53, 75, 0.6000, 1.0464, -1.0419, -0.0963, 0.1800, 207.00
143, 283, 107, 92, 0.7056, 1.4277, 1.0071, 1.0119, 0.2822, 108.25
143, 258, 25, 121, 0.5556, 5.0867, 4.3031, 2.7125, 0.2222, 158.25
143, 260, 53, 125, 0.5556, 6.4003, 6.3516, -0.7884, 0.2222, 141.50
143, 282, -2, 145, 0.5000, 44.3136, -30.8633, 31.7986, 0.1500, 176.33
144, 238, 65, 103, 0.6556, 20.4380, 19.1948, 7.0194, 0.2622, 168.25
144, 249, 60, 21, 1.0000, 0.2177, 0.2177, -0.0010, 1.0000, 221.38
144, 258, 29, 116, 0.7111, 4.2106, 3.9993, -1.3169, 0.3556, 158.40
144, 260, 50, 114, 0.7111, 6.6143, 1.0141, -6.5361, 0.3556, 143.20
144, 276, 121, 68, 0.7611, 0.6134, -0.4850, 0.3755, 0.3806, 114.10
144, 281, 49, 92, 0.6556, 15.5505, -3.2736, 15.2020, 0.2622, 196.00
144, 283, 108, 93, 0.7611, 1.4181, 0.9988, 1.0067, 0.3806, 109.00
144, 263, 55, -6, 0.5556, 15.8607, -13.4684, -8.3763, 0.2222, 171.25
144, 273, 67, -7, 0.5556, 22.1853, -11.4262, -19.0165, 0.2222, 163.50
144, 274, 84, -21, 0.5000, 56.6500, -2.7772, -56.5818, 0.1500, 147.67
145, 238, 81, 102, 0.7111, 17.0329, 17.0312, -0.2387, 0.3556, 160.80
145, 257, 28, 63, 0.6000, 32.9144, -0.9337, -32.9012, 0.1800, 187.00
145, 258, 55, 107, 0.7667, 25.6944, 24.3316, -8.2570, 0.4600, 161.67
145, 264, 61, 31, 0.6000, 44.1082, -7.3981, -43.4834, 0.1800, 187.10
145, 281, 67, 118, 0.7111, 28.8873, 14.9582, 24.7129, 0.3556, 184.20
145, 283, 89, 97, 0.7667, 16.9067, -16.5827, 3.2940, 0.4600, 113.00
145, 276, 121, 68, 0.6611, 0.6134, -0.4850, 0.3755, 0.3306, 114.10
146, 257, 29, 47, 0.6556, 18.5335, 0.4846, -18.5271, 0.2622, 193.75
146, 263, 33, 14, 0.7111, 13.3415, -11.3595, 6.9971, 0.3556, 188.00
146, 264, 50, 10, 0.6556, 26.4378, -10.5367, -24.2474, 0.2622, 190.57
146, 276, 121, 70, 0.8167, 1.0757, -0.0490, 1.0746, 0.4900, 113.42
146, 281, 89, 127, 0.7667, 23.7966, 21.4676, 10.2675, 0.4600, 172.67
146, 232, 111, 95, 0.5625, 8.7043, 8.5111, -1.8236, 0.2250, 112.50
146, 238, 98, 102, 0.6111, 17.0329, 17.0312, -0.2387, 0.3056, 160.80
147, 257, 29, 45, 0.7111, 3.2985, 0.2991, -3.2849, 0.3556, 195.60
147, 232, 112, 95, 0.6222, 2.4066, 2.3478, -0.5286, 0.3111, 108.60
147, 238, 115, 102, 0.5111, 17.0329, 17.0312, -0.2387, 0.2556, 160.80
147, 264, 39, -15, 0.5556, 26.4378, -10.5367, -24.2474, 0.2222, 190.57
147, 276, 121, 71, 0.7167, 1.0757, -0.0490, 1.0746, 0.4300, 113.42
148, 212, 36, 110, 0.5625, 80.9891, 23.0092, 77.6519, 0.2250, 189.25
148, 276, 123, 38, 0.8222, 18.5097, 1.1372, -18.4748, 0.5756, 114.50
148, 279, 57, 66, 0.6000, 55.4813, -21.9263, 50.9648, 0.1800, 179.67
148, 232, 120, 76, 0.6806, 18.3075, 7.3824, -16.7530, 0.4083, 108.00
149, 245, 91, 126, 0.6000, 53.8517, 53.1456, 8.6918, 0.1800, 126.00
149, 257, 30, 47, 0.8222, 0.7834, 0.2584, 0.7396, 0.5756, 200.57
149, 279, 33, 119, 0.6556, 57.7157, -23.3477, 52.7825, 0.2622, 172.50
149, 284, 39, 1, 0.6000, 30.9265, 30.9155, 0.8240, 0.1800, 219.33
149, 285, 7, 15, 0.6000, 6.9681, 5.2797, -4.5473, 0.1800, 214.00
149, 286, 35, 88, 0.6000, 21.0070, -19.5934, -7.5759, 0.1800, 167.67
149, 232, 127, 59, 0.5806, 18.3075, 7.3824, -16.7530, 0.3483, 108.00
150, 257, 31, 46, 0.8778, 0.9771, 0.7589, -0.6154, 0.7022, 204.88
150, 284, 72, 20, 0.6556, 36.8859, 32.7015, 17.0641, 0.2622, 207.50
150, 286, 6, 84, 0.6556, 27.8653, -27.3937, -5.1050, 0.2622, 171.00
150, 245, 144, 134, 0.5000, 53.8517, 53.1456, 8.6918, 0.1500, 126.00
150, 279, 10, 171, 0.5556, 57.7157, -23.3477, 52.7825, 0.2222, 172.50
150, 285, 13, 11, 0.5000, 6.9681, 5.2797, -4.5473, 0.1500, 214.00
151, 250, 25, 95, 0.6000, 28.3476, 23.1311, 16.3872, 0.1800, 185.00
151, 257, 31, 45, 0.9333, 1.1387, 0.2281, -1.1156, 0.8400, 208.22
151, 284, 87, 21, 0.7111, 17.3106, 17.1449, 2.3893, 0.3556, 200.40
151, 285, 31, 16, 0.6556, 12.9136, 12.8925, 0.7371, 0.2622, 214.50
151, 286, 1, 83, 0.7111, 7.5522, -7.5003, -0.8832, 0.3556, 172.10
152, 250, 41, 122, 0.6556, 30.0160, 16.8636, 24.8310, 0.2622, 174.50
152, 285, 43, 44, 0.7111, 28.8504, 11.8176, 26.3191, 0.3556, 211.60
152, 289, 89, 103, 0.6000, 2.0913, 1.8705, 0.9353, 0.1800, 131.17
152, 284, 104, 23, 0.6111, 17.3106, 17.1449, 2.3893, 0.3056, 200.40
153, 250, 49, 128, 0.7111, 12.0350, 8.5276, 8.4924, 0.3556, 174.00
153, 286, 8, 85, 0.8222, 3.0604, 2.8727, 1.0552, 0.5756, 173.50
153, 287, 106, 103, 0.6000, 43.8843, 43.6614, 4.4181, 0.1800, 138.00
153, 289, 91, 103, 0.7056, 2.0502, 2.0334, 0.2619, 0.2822, 127.62
153, 292, 41, 123, 0.6000, 5.0365, 4.6763, 1.8705, 0.1800, 145.67
153, 294, 81, 125, 0.6000, 1.3226, 0.9353, 0.9353, 0.1800, 122.33
154, 289, 108, 104, 0.7111, 15.7901, 15.7729, 0.7372, 0.3556, 121.30
154, 291, 36, 9, 0.6000, 2.6248, -0.8011, 2.4995, 0.1800, 213.00
154, 292, 61, 123, 0.6556, 17.9223, 17.9147, 0.5239, 0.2622, 143.75
154, 294, 91, 106, 0.6556, 18.4512, 8.5644, -16.3431, 0.2622, 124.25
154, 233, 119, 81, 0.5625, 21.4822, -0.8883, -21.4639, 0.2250, 90.25
154, 287, 149, 107, 0.5000, 43.8843, 43.6614, 4.4181, 0.1500, 138.00
155, 289, 123, 105, 0.7667, 14.9243, 14.8903, 1.0073, 0.4600, 115.42
155, 291, 38, 20, 0.6556, 10.0415, 1.2242, 9.9666, 0.2622, 214.75
155, 292, 74, 107, 0.7111, 19.9285, 13.6072, -14.5599, 0.3556, 144.80
155, 294, 110, 102, 0.7111, 19.0669, 18.2962, -5.3664, 0.3556, 119.80
155, 295, 40, 69, 0.6000, 1.3390, -0.9937, -0.8974, 0.1800, 213.67
156, 277, 25, 127, 0.6000, 39.7873, -39.0475, 7.6371, 0.1800, 154.67
156, 291, 39, 23, 0.7111, 4.3214, 1.3221, 4.1142, 0.3556, 222.40
156, 292, 93, 101, 0.7667, 19.6968, 18.6308, -6.3919, 0.4600, 139.67
156, 294, 120, 85, 0.7667, 19.2300, 11.0790, -15.7178, 0.4600, 117.00
156, 233, 109, 45, 0.6222, 18.5248, -5.3628, -17.7316, 0.3111, 101.00
156, 295, 39, 68, 0.7056, 1.4413, -1.0079, -1.0303, 0.2822, 221.75
157, 265, 60, 101, 0.6000, 39.3132, -36.5644, 14.4423, 0.1800, 139.00
157, 291, 40, 22, 0.7667, 1.2678, 1.0902, -0.6472, 0.4600, 223.50
157, 292, 97, 102, 0.8222, 5.7498, 5.7444, -0.2494, 0.5756, 135.57
157, 233, 75, 24, 0.6806, 37.7914, -32.0041, -20.0979, 0.4083, 125.00
157, 295, 38, 66, 0.7611, 2.0506, -1.0037, -1.7881, 0.3806, 219.40
157, 301, 53, 102, 0.6000, 37.5046, 35.8962, -10.8652, 0.1800, 164.00
157, 277, -14, 134, 0.5000, 39.7873, -39.0475, 7.6371, 0.1500, 154.67
157, 294, 131, 69, 0.6667, 19.2300, 11.0790, -15.7178, 0.4000, 117.00
158, 265, 14, 89, 0.6556, 45.5817, -44.7074, -8.8846, 0.2622, 148.00
158, 291, 40, 23, 0.8222, 0.7175, 0.2236, 0.6817, 0.5756, 224.71
158, 292, 114, 106, 0.8778, 16.3015, 15.8076, 3.9825, 0.7022, 131.38
158, 301, 96, 102, 0.6556, 41.9826, 41.9717, -0.9567, 0.2622, 151.75
158, 304, 55, 103, 0.6556, 21.5870, 12.8311, -17.3598, 0.2622, 149.50
158, 306, 8, 28, 0.6000, 56.2714, -3.5063, -56.1620, 0.1800, 187.67
158, 295, 37, 64, 0.6611, 2.0506, -1.0037, -1.7881, 0.3306, 219.40
159, 291, 41, 24, 0.8778, 1.3145, 0.6903, 1.1187, 0.7022, 228.50
159, 292, 126, 120, 0.9333, 17.2561, 11.8475, 12.5463, 0.8400, 125.56
159, 293, 81, 42, 0.6000, 76.9886, 14.5120, -75.6085, 0.1800, 165.00
159, 295, 17, 52, 0.7667, 14.2651, -12.0535, -7.6293, 0.4600, 216.00
159, 301, 121, 89, 0.7111, 29.2910, 26.7708, -11.8866, 0.3556, 140.20
159, 304, 93, 101, 0.7111, 35.4145, 35.2578, -3.3269, 0.3556, 142.60
159, 307, 41, 123, 0.6000, 34.1804, 27.8677, 19.7911, 0.1800, 157.17
159, 265, -30, 80, 0.5556, 45.5817, -44.7074, -8.8846, 0.2222, 148.00
159, 306, 5, -29, 0.5000, 56.2714, -3.5063, -56.1620, 0.1500, 187.67
160, 267, 39, 110, 0.6000, 29.5961, 9.6470, 27.9797, 0.1800, 181.33
160, 291, 42, 24, 0.9333, 1.0476, 0.9950, 0.3278, 0.8400, 229.22
160, 302, 28, 79, 0.6000, 42.4201, 7.8433, 41.6887, 0.1800, 201.33
160, 305, 35, 48, 0.6000, 10.7467, -8.0278, 7.1447, 0.1800, 209.67
160, 307, 67, 123, 0.6556, 26.7035, 26.6157, 2.1633, 0.2622, 153.88
160, 292, 138, 132, 0.8333, 17.2561, 11.8475, 12.5463, 0.7500, 125.56
160, 293, 95, -33, 0.5000, 76.9886, 14.5120, -75.6085, 0.1500, 165.00
160, 301, 148, 77, 0.6111, 29.2910, 26.7708, -11.8866, 0.3056, 140.20
161, 267, 65, 117, 0.6556, 26.4095, 24.4959, 9.8699, 0.2622, 166.50
161, 268, 16, 86, 0.6000, 7.7850, -0.9610, -7.7255, 0.1800, 171.33
161, 270, 100, 104, 0.6000, 0.9593, 0.9593, -0.0018, 0.1800, 108.00
161, 272, 107, 47, 0.6000, 24.5743, 24.0989, 4.8103, 0.1800, 173.67
161, 291, 43, 25, 0.9889, 1.2710, 1.0433, 0.7259, 0.9889, 231.80
161, 302, 44, 125, 0.6556, 48.2358, 14.7583, 45.9225, 0.2622, 186.50
161, 305, 17, 48, 0.6556, 16.9611, -16.9475, 0.6795, 0.2622, 207.00
161, 307, 71, 122, 0.7111, 6.2254, 6.1334, -1.0661, 0.3556, 149.50
161, 246, 110, 30, 0.5625, 8.7738, 4.5824, -7.4820, 0.2250, 150.00
161, 261, 112, 28, 0.5625, 33.1126, 32.7808, 4.6763, 0.2250, 174.75
161, 262, 73, 26, 0.5625, 0.9364, 0.0469, 0.9353, 0.2250, 241.25
162, 268, 17, 85, 0.6556, 2.1532, 0.4898, -2.0967, 0.2622, 171.50
162, 270, 102, 104, 0.7056, 1.7732, 1.7732, 0.0008, 0.2822, 109.75
162, 291, 44, 25, 1.0000, 1.0428, 1.0173, 0.2295, 1.0000, 232.36
162, 246, 115, 28, 0.6222, 5.8364, 5.0931, -2.8502, 0.3111, 148.00
162, 262, 59, 8, 0.6222, 19.7218, -12.0811, -15.5883, 0.3111, 234.40
162, 309, 32, 37, 0.6556, 21.3019, 19.6193, 8.2977, 0.2622, 216.50
162, 267, 90, 127, 0.5556, 26.4095, 24.4959, 9.8699, 0.2222, 166.50
162, 272, 131, 52, 0.5000, 24.5743, 24.0989, 4.8103, 0.1500, 173.67
162, 302, 59, 171, 0.5556, 48.2358, 14.7583, 45.9225, 0.2222, 186.50
162, 305, 0, 49, 0.5556, 16.9611, -16.9475, 0.6795, 0.2222, 207.00
163, 267, 122, 111, 0.7111, 29.0707, 28.6481, -4.9388, 0.3556, 151.20
163, 268, 30, 67, 0.7111, 20.3099, 11.7521, -16.5644, 0.3556, 178.80
163, 270, 102, 105, 0.7611, 0.9265, 0.5245, 0.7638, 0.3806, 109.10
163, 291, 45, 25, 1.0000, 1.0004, 1.0003, -0.0183, 1.0000, 231.00
163, 308, 33, 43, 0.6000, 70.5751, 29.7672, -63.9903, 0.1800, 194.33
163, 246, 113, 11, 0.6806, 16.1332, -1.0193, -16.1009, 0.4083, 149.33
163, 309, 72, 29, 0.7111, 38.2395, 37.7469, -6.1185, 0.3556, 217.80
163, 262, 47, -8, 0.5222, 19.7218, -12.0811, -15.5883, 0.2611, 234.40
164, 268, 46, 42, 0.7667, 28.4368, 15.8761, -23.5924, 0.4600, 184.17
164, 270, 109, 113, 0.7667, 9.3872, 6.0574, 7.1713, 0.4600, 105.25
164, 229, 37, 36, 0.5625, 33.9876, -33.8634, -2.9026, 0.2250, 221.25
164, 291, 46, 26, 1.0000, 1.2323, 0.9976, 0.7235, 1.0000, 232.85
164, 307, 67, 126, 0.8778, 1.9217, -0.3115, 1.8963, 0.7022, 144.75
164, 246, 116, 2, 0.7381, 9.9178, 2.6915, -9.5456, 0.5167, 147.29
164, 261, 128, 8, 0.6222, 9.3552, -0.5718, -9.3377, 0.3111, 164.60
164, 309, 112, 11, 0.7667, 43.8208, 40.5809, -16.5363, 0.4600, 205.83
164, 308, 63, -21, 0.5000, 70.5751, 29.7672, -63.9903, 0.1500, 194.33
165, 270, 120, 126, 0.8222, 16.4566, 10.6379, 12.5560, 0.5756, 100.64
165, 229, 11, 30, 0.6222, 27.7555, -27.2433, -5.3078, 0.3111, 217.40
165, 291, 48, 26, 1.0000, 1.7849, 1.7630, 0.2790, 1.0000, 234.00
165, 305, 9, 53, 0.7111, 2.9248, 2.5801, 1.3775, 0.3556, 205.60
165, 246, 119, -8, 0.6381, 9.9178, 2.6915, -9.5456, 0.4467, 147.29
165, 261, 128, -2, 0.5222, 9.3552, -0.5718, -9.3377, 0.2611, 164.60
165, 309, 153, -6, 0.6667, 43.8208, 40.5809, -16.5363, 0.4000, 205.83
166, 229, 8, 29, 0.6806, 5.8115, -5.5966, -1.5657, 0.4083, 216.33
166, 291, 49, 27, 1.0000, 1.5013, 1.2918, 0.7650, 1.0000, 233.40
166, 271, 90, 65, 0.5625, 37.7012, -26.1871, -27.1223, 0.2250, 117.00
166, 311, 75, 28, 0.6000, 54.7965, 43.9099, -32.7808, 0.1800, 207.67
166, 270, 131, 139, 0.7222, 16.4566, 10.6379, 12.5560, 0.5056, 100.64
166, 309, 194, -22, 0.5667, 43.8208, 40.5809, -16.5363, 0.3400, 205.83
167, 291, 50, 27, 1.0000, 1.0332, 1.0015, 0.2539, 1.0000, 233.56
167, 296, 21, 102, 0.6000, 15.7434, -8.5302, 13.2322, 0.1800, 179.83
167, 266, 29, 82, 0.5625, 71.7735, 20.1536, 68.8859, 0.2250, 208.25
167, 271, 76, 28, 0.6222, 38.8118, -15.6365, -35.5225, 0.3111, 138.20
167, 311, 102, 15, 0.6556, 33.6928, 29.6752, -15.9557, 0.2622, 193.25
167, 313, 121, 29, 0.6000, 19.6007, 5.7054, 18.7520, 0.1800, 136.00
167, 270, 141, 151, 0.6222, 16.4566, 10.6379, 12.5560, 0.4356, 100.64
167, 229, 2, 28, 0.5806, 5.8115, -5.5966, -1.5657, 0.3483, 216.33
168, 291, 51, 27, 1.0000, 0.9582, 0.9581, -0.0124, 1.0000, 234.47
168, 311, 117, 22, 0.7111, 16.4784, 15.8403, 4.5413, 0.3556, 182.00
168, 313, 116, 54, 0.6556, 24.2850, -2.9666, 24.1031, 0.2622, 132.75
168, 270, 152, 164, 0.5222, 16.4566, 10.6379, 12.5560, 0.3656, 100.64
168, 296, 13, 116, 0.5000, 15.7434, -8.5302, 13.2322, 0.1500, 179.83
168, 271, 61, -7, 0.5222, 38.8118, -15.6365, -35.5225, 0.2611, 138.20
169, 291, 52, 27, 1.0000, 0.9841, 0.9832, -0.0422, 1.0000, 233.94
169, 296, 12, 108, 0.6556, 4.6662, -4.4180, 1.5015, 0.2622, 176.12
169, 256, 27, 60, 0.5625, 0.1221, 0.1221, 0.0000, 0.2250, 206.88
169, 271, 58, -2, 0.6806, 14.3208, -7.8520, -11.9763, 0.4083, 147.67
169, 313, 114, 78, 0.5556, 24.2850, -2.9666, 24.1031, 0.2222, 132.75
170, 288, 1, 38, 0.6000, 69.8473, -32.7764, -61.6794, 0.1800, 180.67
170, 291, 54, 28, 1.0000, 1.8944, 1.7470, 0.7325, 1.0000, 233.74
170, 297, 11, 11, 0.6000, 85.3985, -15.2760, -84.0211, 0.1800, 192.67
170, 256, 26, 59, 0.6722, 1.1073, -0.8034, -0.7619, 0.3361, 213.30
170, 313, 112, 106, 0.7111, 26.2448, -2.1685, 26.1551, 0.3556, 124.40
170, 314, 80, 29, 0.6000, 7.1469, 3.5097, -6.2258, 0.1800, 194.33
170, 315, 76, 106, 0.6000, 38.1421, -37.7392, 5.5289, 0.1800, 108.33
170, 322, 15, 33, 0.6000, 17.2452, -11.2230, -13.0935, 0.1800, 223.33
170, 296, 7, 109, 0.5556, 4.6662, -4.4180, 1.5015, 0.2222, 176.12
171, 291, 55, 28, 1.0000, 1.3407, 1.3058, 0.3037, 1.0000, 234.60
171, 304, 120, 13, 1.0000, 1.0245, 1.0080, 0.1827, 1.0000, 129.12
171, 256, 25, 59, 0.7306, 1.1127, -1.0764, -0.2819, 0.4383, 218.25
171, 313, 113, 110, 0.7667, 5.8086, 0.3573, 5.7976, 0.4600, 123.00
171, 314, 81, 28, 0.6556, 2.2387, 1.8949, -1.1922, 0.2622, 199.50
171, 315, 39, 102, 0.6556, 37.2553, -37.1902, -2.2005, 0.2622, 122.50
171, 278, 52, 41, 0.5625, 0.0482, 0.0482, 0.0000, 0.2250, 199.50
171, 322, 0, 19, 0.6556, 19.2262, -13.7100, -13.4791, 0.2622, 219.75
171, 325, 15, 34, 0.6000, 23.0810, -8.6050, -21.4169, 0.1800, 195.67
171, 288, -32, -23, 0.5000, 69.8473, -32.7764, -61.6794, 0.1500, 180.67
171, 297, -5, -73, 0.5000, 85.3985, -15.2760, -84.0211, 0.1500, 192.67
172, 291, 56, 28, 1.0000, 1.0134, 1.0133, 0.0146, 1.0000, 235.57
172, 304, 121, 14, 1.0000, 1.1892, 0.9707, 0.6869, 1.0000, 132.49
172, 256, 24, 58, 0.7881, 1.3030, -1.0578, -0.7608, 0.5517, 218.50
172, 314, 82, 29, 0.7111, 1.0698, 0.9975, 0.3865, 0.3556, 205.20
172, 278, 62, 45, 0.6222, 9.8564, 9.0966, 3.7949, 0.3111, 196.00
172, 325, 13, 31, 0.6556, 6.1185, -3.0930, -5.2792, 0.2622, 200.62
172, 315, 2, 100, 0.5556, 37.2553, -37.1902, -2.2005, 0.2222, 122.50
172, 322, -13, 6, 0.5556, 19.2262, -13.7100, -13.4791, 0.2222, 219.75
173, 291, 57, 28, 1.0000, 0.9599, 0.9590, -0.0401, 1.0000, 236.36
173, 187, 85, 109, 0.5400, 41.3092, -9.5659, 40.1864, 0.2700, 146.40
173, 251, 60, 103, 0.5625, 14.9814, -11.0648, 10.1000, 0.2250, 159.00
173, 256, 23, 57, 0.8451, 1.4306, -1.0112, -1.0121, 0.6761, 218.19
173, 314, 82, 29, 0.7667, 0.3377, 0.1043, 0.3212, 0.4600, 206.33
173, 322, 1, 5, 0.7111, 6.2457, 2.3142, -5.8011, 0.3556, 218.60
173, 324, 29, 88, 0.6000, 17.0101, -16.8159, -2.5636, 0.1800, 177.33
173, 325, 15, 33, 0.7111, 1.7487, 1.5184, 0.8675, 0.3556, 208.30
173, 238, 98, 104, 0.5062, 15.4986, -15.4986, 0.0427, 0.4050, 118.62
173, 326, 40, 30, 0.6000, 18.9143, 2.8058, 18.7050, 0.1800, 225.00
173, 278, 72, 49, 0.5222, 9.8564, 9.0966, 3.7949, 0.2611, 196.00
174, 291, 59, 28, 1.0000, 1.7116, 1.7115, -0.0192, 1.0000, 236.43
174, 256, 19, 48, 0.8519, 8.4952, -3.2638, -7.8432, 0.7667, 216.17
174, 314, 84, 29, 0.8222, 1.4239, 1.4224, 0.0663, 0.5756, 207.57
174, 324, 12, 110, 0.6556, 25.2897, -16.7613, 18.9375, 0.2622, 173.00
174, 326, 39, 38, 0.6556, 9.0125, 0.0310, 9.0124, 0.2622, 220.50
175, 291, 60, 28, 1.0000, 1.3109, 1.3109, -0.0020, 1.0000, 237.12
175, 251, 32, 96, 0.6222, 15.0953, -14.1451, -5.2710, 0.3111, 166.20
175, 256, 17, 36, 0.9083, 12.2777, -2.6414, -11.9902, 0.9083, 215.65
175, 275, 60, 20, 0.5625, 80.0886, -64.9285, -46.8878, 0.2250, 126.50
175, 324, 10, 116, 0.7111, 8.0153, -3.2033, 7.3474, 0.3556, 172.80
175, 326, 24, 55, 0.7111, 21.4248, -14.1001, 16.1310, 0.3556, 222.80
175, 314, 85, 29, 0.7222, 1.4239, 1.4224, 0.0663, 0.5056, 207.57
176, 291, 61, 28, 1.0000, 1.0238, 1.0238, 0.0021, 1.0000, 235.36
176, 300, 24, 68, 0.6000, 57.2975, -43.3044, 37.5198, 0.1800, 193.00
176, 251, 30, 96, 0.6806, 3.2350, -3.2119, -0.3853, 0.4083, 171.33
176, 256, 12, 21, 0.9646, 15.4971, -4.3307, -14.8797, 0.9646, 219.23
176, 310, 41, 10, 0.6000, 65.9979, -65.4570, 8.4323, 0.1800, 176.33
176, 314, 86, 30, 0.8778, 1.2113, 1.0945, 0.5189, 0.7022, 205.62
176, 278, 92, 53, 0.6806, 7.0207, 6.8883, 1.3572, 0.4083, 191.83
176, 326, 7, 65, 0.7667, 19.4574, -16.0820, 10.9526, 0.4600, 220.17
177, 291, 63, 29, 1.0000, 1.8275, 1.6798, 0.7196, 1.0000, 234.88
177, 300, 0, 94, 0.6556, 38.0516, -26.1746, 27.6191, 0.2622, 188.50
177, 251, 31, 98, 0.7381, 1.5735, 0.7862, 1.3630, 0.5167, 172.86
177, 256, 12, 18, 1.0000, 4.1061, -0.5547, -4.0684, 1.0000, 222.21
177, 314, 85, 29, 0.9333, 0.8558, -0.5635, -0.6441, 0.8400, 203.48
177, 318, 20, 60, 0.6000, 64.7597, -0.9248, -64.7531, 0.1800, 168.67
177, 324, 15, 116, 0.8222, 1.9886, 1.9885, -0.0078, 0.5756, 170.00
177, 325, 42, 28, 0.9333, 0.7583, -0.3621, -0.6663, 0.8400, 217.78
177, 328, 72, 40, 0.6000, 14.4075, -9.7355, -10.6205, 0.1800, 197.33
177, 329, 14, 31, 0.6000, 71.6621, -67.2634, -24.7202, 0.1800, 201.67
177, 332, 48, 52, 0.6000, 70.8715, 4.2726, -70.7426, 0.1800, 161.00
177, 310, -24, 19, 0.5000, 65.9979, -65.4570, 8.4323, 0.1500, 176.33
177, 326, -9, 76, 0.6667, 19.4574, -16.0820, 10.9526, 0.4000, 220.17
178, 291, 64, 29, 1.0000, 1.3372, 1.2985, 0.3196, 1.0000, 234.59
178, 256, 15, 19, 1.0000, 2.0302, 1.9361, 0.6109, 1.0000, 224.50
178, 312, 116, 11, 0.6000, 7.5716, 7.5116, 0.9516, 0.1800, 141.83
178, 314, 87, 30, 1.0000, 1.2556, 1.1706, 0.4540, 1.0000, 202.83
178, 318, 18, 18, 0.6556, 44.9982, -1.7912, -44.9626, 0.2622, 178.25
178, 328, 51, 43, 0.6556, 19.8863, -19.8498, 1.2040, 0.2622, 198.50
178, 300, -26, 121, 0.5556, 38.0516, -26.1746, 27.6191, 0.2222, 188.50
178, 329, -53, 6, 0.5000, 71.6621, -67.2634, -24.7202, 0.1500, 201.67
178, 332, 53, -18, 0.5000, 70.8715, 4.2726, -70.7426, 0.1500, 161.00
179, 291, 65, 29, 1.0000, 1.0258, 1.0254, 0.0286, 1.0000, 234.71
179, 233, 19, 118, 1.0000, 3.6000, 2.2296, 2.8264, 1.0000, 184.07
179, 256, 17, 20, 1.0000, 2.5012, 2.3544, 0.8445, 1.0000, 226.54
179, 314, 87, 30, 1.0000, 0.5838, 0.5216, 0.2623, 1.0000, 202.08
179, 328, 34, 31, 0.7111, 19.6736, -16.7312, -10.3498, 0.3556, 198.80
179, 334, 86, 30, 0.6000, 75.8477, -18.6470, -73.5198, 0.1800, 125.00
179, 335, 78, 57, 0.6000, 51.8423, -20.7367, -47.5143, 0.1800, 149.00
179, 312, 123, 12, 0.5000, 7.5716, 7.5116, 0.9516, 0.1500, 141.83
179, 318, 16, -27, 0.5556, 44.9982, -1.7912, -44.9626, 0.2222, 178.25
180, 291, 74, 37, 1.0000, 9.6659, 7.3174, 6.3154, 1.0000, 232.93
180, 256, 18, 21, 1.0000, 1.7132, 1.3934, 0.9967, 1.0000, 228.30
180, 314, 88, 30, 1.0000, 0.7932, 0.7925, 0.0340, 1.0000, 200.28
180, 319, 78, 51, 0.6000, 42.8285, -25.2281, 34.6096, 0.1800, 180.17
180, 328, 26, 4, 0.7667, 27.0108, -8.8394, -25.5235, 0.4600, 202.50
180, 335, 66, 26, 0.6556, 35.1217, -13.0491, -32.6076, 0.2622, 175.50
180, 337, 36, 68, 0.6000, 15.0805, 1.8705, 14.9640, 0.1800, 215.33
180, 334, 67, -44, 0.5000, 75.8477, -18.6470, -73.5198, 0.1500, 125.00
181, 291, 77, 51, 1.0000, 13.9924, 3.9083, 13.4355, 1.0000, 232.37
181, 314, 71, 29, 1.0000, 15.0729, -15.0523, -0.7892, 1.0000, 203.72
181, 319, 51, 80, 0.6556, 39.6721, -26.2706, 29.7276, 0.2622, 176.88
181, 320, 46, 28, 0.6000, 67.7672, -67.6639, -3.7409, 0.1800, 173.33
181, 335, 69, 8, 0.7111, 20.3162, 1.7490, -20.2408, 0.3556, 176.20
181, 337, 36, 70, 0.6556, 3.4758, 0.5239, 3.4361, 0.2622, 206.25
181, 338, 10, 69, 0.6556, 15.1917, -6.7882, 13.5907, 0.2622, 221.25
182, 311, 74, 54, 1.0000, 29.0994, -17.4174, 23.3111, 1.0000, 168.54
182, 319, 22, 118, 0.7111, 47.1122, -29.2520, 36.9307, 0.3556, 175.90
182, 337, 33, 95, 0.7111, 23.1798, -3.1068, 22.9707, 0.3556, 199.00
182, 291, 81, 65, 0.9000, 13.9924, 3.9083, 13.4355, 0.9000, 232.37
182, 320, -22, 24, 0.5000, 67.7672, -67.6639, -3.7409, 0.1500, 173.33
182, 338, 3, 82, 0.5556, 15.1917, -6.7882, 13.5907, 0.2222, 221.25
183, 312, 127, 24, 0.6556, 3.1958, 0.6501, 3.1290, 0.2622, 136.12
183, 338, 6, 93, 0.7111, 12.1250, -1.5825, 12.0213, 0.3556, 210.60
183, 340, 105, 106, 0.6000, 2.6922, -2.6922, 0.0000, 0.1800, 97.33
183, 291, 85, 78, 0.8000, 13.9924, 3.9083, 13.4355, 0.8000, 232.37
183, 319, -8, 155, 0.6111, 47.1122, -29.2520, 36.9307, 0.3056, 175.90
183, 337, 30, 118, 0.6111, 23.1798, -3.1068, 22.9707, 0.3056, 199.00
184, 312, 122, 30, 0.7111, 7.6566, -5.1820, 5.6365, 0.3556, 134.90
184, 328, 28, 1, 0.9333, 0.8005, 0.0588, 0.7983, 0.8400, 208.56
184, 340, 94, 102, 0.6556, 10.6228, -9.9218, -3.7949, 0.2622, 103.25
184, 341, 86, 29, 0.6000, 1.3226, -0.9353, -0.9353, 0.1800, 177.83
184, 342, 93, 32, 0.6000, 1.3226, 0.9353, 0.9353, 0.1800, 191.50
184, 291, 89, 92, 0.7000, 13.9924, 3.9083, 13.4355, 0.7000, 232.37
184, 319, -37, 191, 0.5111, 47.1122, -29.2520, 36.9307, 0.2556, 175.90
184, 338, 4, 105, 0.6111, 12.1250, -1.5825, 12.0213, 0.3056, 210.60
185, 312, 120, 31, 0.7667, 2.3749, -1.7820, 1.5699, 0.4600, 132.75
185, 280, 29, 12, 0.5625, 80.4746, -61.8973, -51.4284, 0.2250, 190.00
185, 290, 26, 122, 0.5625, 3.2718, 2.7312, 1.8014, 0.2250, 182.25
185, 338, 15, 127, 0.7667, 18.4906, 5.9608, 17.5035, 0.4600, 206.33
185, 299, 62, 45, 0.5625, 72.1023, -17.7314, -69.8881, 0.2250, 140.00
185, 341, 87, 30, 0.7056, 0.6970, 0.4928, 0.4928, 0.2822, 177.12
185, 342, 94, 32, 0.7056, 1.0499, 1.0167, 0.2619, 0.2822, 193.62
185, 343, 118, 108, 0.6000, 1.9881, 1.9875, 0.0482, 0.1800, 110.67
185, 344, 112, 16, 0.6000, 2.8527, 2.8527, 0.0000, 0.1800, 147.67
185, 291, 92, 105, 0.6000, 13.9924, 3.9083, 13.4355, 0.6000, 232.37
185, 340, 84, 98, 0.5556, 10.6228, -9.9218, -3.7949, 0.2222, 103.25
186, 290, 26, 122, 0.6722, 1.0094, 0.8362, 0.5654, 0.3361, 176.60
186, 338, 17, 129, 0.8222, 4.4461, 1.7076, 4.1052, 0.5756, 203.29
186, 341, 87, 30, 0.7611, 0.4296, 0.3038, 0.3038, 0.3806, 176.10
186, 342, 94, 32, 0.7611, 0.2525, 0.2511, -0.0263, 0.3806, 192.60
186, 343, 117, 94, 0.6556, 12.1976, -1.0201, -12.1549, 0.2622, 106.25
186, 344, 112, 16, 0.7056, 0.7810, 0.7810, 0.0000, 0.2822, 148.25
186, 345, 67, 56, 0.6556, 12.9196, 1.5095, 12.8311, 0.2622, 205.25
186, 349, 75, 31, 0.6000, 1.9180, 1.9174, 0.0469, 0.1800, 227.33
186, 351, 42, 90, 0.6000, 40.7006, -25.3457, 31.8455, 0.1800, 223.67
186, 291, 96, 119, 0.5000, 13.9924, 3.9083, 13.4355, 0.5000, 232.37
186, 312, 119, 32, 0.6667, 2.3749, -1.7820, 1.5699, 0.4000, 132.75
187, 291, 91, 95, 1.0000, 5.4706, 1.8338, 5.1541, 1.0000, 229.26
187, 340, 81, 114, 0.7111, 6.7307, -3.1384, 5.9542, 0.3556, 107.00
187, 341, 87, 30, 0.8167, 0.0623, 0.0440, 0.0440, 0.4900, 175.75
187, 342, 95, 32, 0.8167, 0.7137, 0.7120, -0.0482, 0.4900, 193.67
187, 344, 113, 15, 0.7611, 1.0202, 0.6766, -0.7635, 0.3806, 146.00
187, 345, 65, 60, 0.7111, 4.8156, -0.9722, 4.7164, 0.3556, 204.80
187, 349, 67, 19, 0.6556, 12.6949, -7.0287, -10.5716, 0.2622, 219.00
187, 351, 32, 109, 0.6556, 24.3406, -12.3459, 20.9772, 0.2622, 211.25
187, 312, 117, 34, 0.5667, 2.3749, -1.7820, 1.5699, 0.3400, 132.75
187, 290, 27, 123, 0.5722, 1.0094, 0.8362, 0.5654, 0.2861, 176.60
187, 343, 116, 82, 0.5556, 12.1976, -1.0201, -12.1549, 0.2222, 106.25
188, 312, 96, 33, 0.8222, 9.6821, -9.6655, 0.5668, 0.5756, 148.50
188, 327, 33, 6, 0.6000, 49.3580, -42.7464, -24.6771, 0.1800, 192.33
188, 290, 33, 109, 0.6806, 8.6932, 3.6003, -7.9126, 0.4083, 174.39
188, 336, 30, 10, 0.6000, 11.1261, 0.0000, -11.1261, 0.1800, 228.00
188, 341, 78, 31, 0.8222, 7.6651, -7.6299, 0.7332, 0.5756, 179.79
188, 342, 89, 30, 0.8722, 5.3113, -5.0846, -1.5353, 0.6106, 191.43
188, 343, 113, 74, 0.7111, 10.0121, -1.8397, -9.8416, 0.3556, 108.20
188, 345, 76, 77, 0.7667, 18.5140, 9.3466, 15.9815, 0.4600, 200.50
188, 349, 39, 18, 0.7111, 25.0288, -24.9775, -1.6014, 0.3556, 217.00
188, 350, 78, 40, 0.6000, 25.4893, -24.7283, -6.1821, 0.1800, 165.67
188, 351, 16, 126, 0.7111, 22.8544, -14.9586, 17.2790, 0.3556, 198.80
188, 344, 114, 14, 0.6611, 1.0202, 0.6766, -0.7635, 0.3306, 146.00
189, 336, 34, 0, 0.6556, 10.7919, 3.7932, -10.1033, 0.2622, 226.50
189, 344, 114, 16, 0.8167, 0.7258, 0.4704, 0.5527, 0.4900, 146.50
189, 346, 14, 42, 0.6000, 49.2160, -38.8504, 30.2136, 0.1800, 200.00
189, 349, 25, 11, 0.7667, 16.7808, -15.3789, -6.7146, 0.4600, 215.17
189, 350, 42, 28, 0.6556, 36.9065, -35.2025, -11.0849, 0.2622, 178.50
189, 327, -10, -18, 0.5000, 49.3580, -42.7464, -24.6771, 0.1500, 192.33
189, 343, 111, 64, 0.6111, 10.0121, -1.8397, -9.8416, 0.3056, 108.20
189, 345, 85, 93, 0.6667, 18.5140, 9.3466, 15.9815, 0.4000, 200.50
189, 351, 2, 143, 0.6111, 22.8544, -14.9586, 17.2790, 0.3056, 198.80
190, 317, 35, 109, 0.6000, 8.7220, -8.6692, 0.9575, 0.1800, 167.00
190, 344, 117, 16, 0.8722, 3.2149, 3.2089, 0.1967, 0.6106, 145.57
190, 336, 38, -10, 0.5556, 10.7919, 3.7932, -10.1033, 0.2222, 226.50
190, 343, 109, 54, 0.5111, 10.0121, -1.8397, -9.8416, 0.2556, 108.20
190, 346, -25, 72, 0.5000, 49.2160, -38.8504, 30.2136, 0.1500, 200.00
190, 350, 7, 17, 0.5556, 36.9065, -35.2025, -11.0849, 0.2222, 178.50
190, 351, -13, 160, 0.5111, 22.8544, -14.9586, 17.2790, 0.2556, 198.80
191, 317, 34, 110, 0.6556, 2.5761, -2.3657, 1.0198, 0.2622, 165.62
191, 330, 83, 13, 0.6000, 73.7895, -41.1550, -61.2467, 0.1800, 123.67
191, 343, 99, 32, 0.7667, 15.8253, -5.3465, -14.8948, 0.4600, 120.83
191, 344, 123, 10, 0.8778, 7.2957, 4.9629, -5.3476, 0.7022, 143.38
191, 350, 12, 26, 0.7111, 11.6986, -11.6781, 0.6915, 0.3556, 184.20
192, 317, 35, 111, 0.7111, 1.4340, 1.0153, 1.0127, 0.3556, 167.10
192, 343, 88, 28, 0.8222, 11.7815, -10.8695, -4.5451, 0.5756, 128.14
192, 348, 64, 30, 0.6000, 20.5639, -14.5696, 14.5120, 0.1800, 194.00
192, 298, 17, 125, 0.5625, 15.9268, -15.8993, -0.9353, 0.2250, 144.25
192, 330, 42, -49, 0.5000, 73.7895, -41.1550, -61.2467, 0.1500, 123.67
192, 344, 128, 5, 0.7778, 7.2957, 4.9629, -5.3476, 0.6222, 143.38
193, 317, 36, 112, 0.7667, 1.2407, 0.7318, 1.0020, 0.4600, 168.42
193, 348, 32, 46, 0.6556, 34.1809, -30.2784, 15.8603, 0.2622, 200.50
193, 353, 87, 25, 0.6000, 77.5289, 76.2360, 14.0997, 0.1800, 199.67
193, 354, 99, 112, 0.6000, 6.6649, 6.1648, -2.5330, 0.1800, 101.67
193, 344, 133, -1, 0.6778, 7.2957, 4.9629, -5.3476, 0.5422, 143.38
194, 317, 36, 113, 0.8222, 1.0075, 0.1315, 0.9989, 0.5756, 168.64
194, 339, 98, 11, 0.6000, 50.7018, 35.8619, -35.8412, 0.1800, 184.67
194, 348, 17, 59, 0.7111, 20.7579, -16.1085, 13.0923, 0.3556, 200.20
194, 354, 102, 112, 0.6556, 2.8759, 2.7368, -0.8834, 0.2622, 101.75
194, 298, 6, 124, 0.6222, 4.0171, -3.9873, -0.4886, 0.3111, 146.80
194, 357, 101, 33, 0.6000, 0.9364, 0.0469, -0.9353, 0.1800, 186.83
194, 360, 55, 65, 0.6000, 1.4226, -1.0291, 0.9822, 0.1800, 216.33
194, 344, 138, -6, 0.5778, 7.2957, 4.9629, -5.3476, 0.4622, 143.38
194, 353, 163, 40, 0.5000, 77.5289, 76.2360, 14.0997, 0.1500, 199.67
195, 317, 37, 114, 0.8778, 1.2244, 0.7074, 0.9993, 0.7022, 170.06
195, 231, 52, 94, 0.5400, 26.0717, -20.2686, -16.3987, 0.2700, 154.40
195, 354, 102, 113, 0.7111, 1.2293, 0.9561, 0.7728, 0.3556, 101.60
195, 357, 103, 35, 0.7056, 1.9547, 1.5048, 1.2476, 0.2822, 189.38
195, 359, 18, 48, 0.6000, 10.3758, 6.3300, -8.2212, 0.1800, 206.33
195, 360, 53, 66, 0.7056, 2.0318, -1.7619, 1.0119, 0.2822, 217.50
195, 339, 134, -25, 0.5000, 50.7018, 35.8619, -35.8412, 0.1500, 184.67
195, 298, 2, 123, 0.5222, 4.0171, -3.9873, -0.4886, 0.2611, 146.80
196, 317, 37, 115, 0.9333, 1.0309, 0.2510, 0.9999, 0.8400, 172.50
196, 231, 30, 79, 0.6000, 26.0988, -21.3437, -15.0198, 0.3600, 160.00
196, 331, 102, 97, 0.6000, 0.9632, 0.9632, 0.0076, 0.1800, 109.67
196, 354, 103, 113, 0.7667, 0.8441, 0.7301, 0.4236, 0.4600, 101.00
196, 357, 104, 35, 0.7611, 1.4336, 1.3105, 0.5812, 0.3806, 191.70
196, 359, 13, 28, 0.6556, 18.6639, -3.4247, -18.3470, 0.2622, 206.50
196, 360, 52, 67, 0.7611, 1.6255, -1.2762, 1.0067, 0.3806, 216.60
196, 363, 125, 22, 0.6000, 6.5000, 0.0469, 6.4998, 0.1800, 122.67
197, 317, 37, 116, 0.9889, 1.0001, -0.0073, 1.0001, 0.9889, 171.85
197, 231, 5, 43, 0.6587, 41.5388, -25.0362, -33.1460, 0.4611, 168.86
197, 354, 104, 113, 0.8222, 0.9047, 0.9034, 0.0491, 0.5756, 101.57
197, 357, 91, 35, 0.7667, 11.1856, -11.1855, 0.0399, 0.4600, 196.92
197, 359, 3, 11, 0.7111, 19.3456, -8.9761, -17.1372, 0.3556, 208.60
197, 360, 50, 68, 0.8167, 2.0236, -1.7587, 1.0008, 0.4900, 221.83
197, 363, 108, 34, 0.6556, 18.4803, -14.3455, 11.6503, 0.2622, 132.12
197, 331, 103, 97, 0.5000, 0.9632, 0.9632, 0.0076, 0.1500, 109.67
198, 317, 38, 117, 1.0000, 1.2349, 0.7245, 1.0000, 1.0000, 171.23
198, 331, 76, 98, 0.6556, 14.5898, -14.5801, 0.5336, 0.2622, 120.50
198, 354, 105, 113, 0.9278, 1.0034, 1.0025, -0.0430, 0.7422, 101.28
198, 359, 4, 1, 0.7667, 10.7425, 0.1329, -10.7417, 0.4600, 209.83
198, 360, 53, 90, 0.8222, 20.1683, 2.5497, 20.0065, 0.5756, 214.00
198, 363, 104, 37, 0.7111, 6.2957, -5.2792, 3.4302, 0.3556, 137.70
199, 317, 38, 118, 1.0000, 1.0379, 0.2778, 1.0000, 1.0000, 169.79
199, 331, 56, 95, 0.7111, 19.8827, -19.6553, -2.9984, 0.3556, 130.80
199, 354, 121, 110, 0.9333, 15.0835, 14.7658, -3.0793, 0.8400, 100.14
199, 363, 93, 37, 0.7667, 10.6313, -10.6247, 0.3752, 0.4600, 148.25
199, 365, 16, 17, 0.6000, 9.8734, 0.9937, 9.8233, 0.1800, 212.00
199, 366, 87, 30, 0.7056, 0.0239, -0.0191, 0.0143, 0.2822, 177.25
199, 367, 84, 21, 0.6000, 74.1359, 69.9976, -24.4226, 0.1800, 184.33
199, 372, 35, 28, 0.6000, 0.9353, -0.9353, 0.0000, 0.1800, 220.67
199, 373, 105, 113, 0.6000, 49.7181, 47.6978, 14.0288, 0.1800, 141.50
199, 359, 4, -10, 0.6667, 10.7425, 0.1329, -10.7417, 0.4000, 209.83
200, 317, 38, 119, 1.0000, 1.0000, 0.0004, 1.0000, 1.0000, 169.88
200, 321, 18, 18, 0.5625, 10.9897, 9.0228, -6.2740, 0.2250, 208.00
200, 363, 80, 40, 0.8222, 12.9562, -12.4746, 3.4997, 0.5756, 155.07
200, 365, 7, 27, 0.6556, 12.2660, -7.3409, 9.8267, 0.2622, 210.75
200, 366, 87, 30, 0.7611, 0.0396, -0.0316, 0.0237, 0.3806, 176.40
200, 367, 131, 2, 0.6556, 52.9391, 49.2465, -19.4249, 0.2622, 170.75
200, 370, 99, 65, 0.6000, 1.9748, 1.7663, -0.8832, 0.1800, 156.00
200, 372, 35, 28, 0.7056, 0.2619, -0.2619, 0.0000, 0.2822, 220.75
200, 373, 126, 126, 0.6556, 27.8880, 24.6800, 12.9862, 0.2622, 126.12
200, 375, 94, 35, 0.6000, 30.2075, -3.7410, 29.9750, 0.1800, 170.33
200, 376, 27, 1, 0.6000, 12.2505, 11.2230, -4.9109, 0.1800, 213.00
200, 354, 136, 107, 0.8333, 15.0835, 14.7658, -3.0793, 0.7500, 100.14
200, 359, 5, -21, 0.5667, 10.7425, 0.1329, -10.7417, 0.3400, 209.83
201, 317, 39, 120, 1.0000, 1.2323, 0.7201, 1.0000, 1.0000, 170.18
201, 321, 19, 6, 0.6222, 11.2729, 2.0081, -11.0926, 0.3111, 212.20
201, 366, 94, 36, 0.7667, 8.1233, 6.1059, 5.3577, 0.4600, 179.33
201, 372, 35, 28, 0.7611, 0.0263, 0.0263, 0.0000, 0.3806, 220.20
201, 375, 74, 68, 0.6556, 38.0354, -18.4075, 33.2845, 0.2622, 176.75
201, 377, 31, 49, 0.6000, 29.7536, 19.5984, 22.3870, 0.1800, 209.00
201, 354, 151, 103, 0.7333, 15.0835, 14.7658, -3.0793, 0.6600, 100.14
201, 365, 0, 37, 0.5556, 12.2660, -7.3409, 9.8267, 0.2222, 210.75
201, 367, 180, -17, 0.5556, 52.9391, 49.2465, -19.4249, 0.2222, 170.75
201, 370, 101, 64, 0.5000, 1.9748, 1.7663, -0.8832, 0.1500, 156.00
201, 373, 151, 139, 0.5556, 27.8880, 24.6800, 12.9862, 0.2222, 126.12
201, 376, 39, -4, 0.5000, 12.2505, 11.2230, -4.9109, 0.1500, 213.00
202, 317, 35, 113, 1.0000, 6.7771, -3.4994, -5.8037, 1.0000, 169.03
202, 321, 19, 3, 0.6806, 4.0428, 0.3103, -4.0309, 0.4083, 216.17
202, 365, 5, 51, 0.7111, 12.2427, -0.5819, 12.2289, 0.3556, 211.00
202, 366, 97, 38, 0.8222, 3.7105, 3.0986, 2.0411, 0.5756, 186.43
202, 370, 110, 38, 0.6556, 16.2973, 5.9198, -15.1841, 0.2622, 164.25
202, 372, 35, 28, 0.8167, 0.0482, 0.0482, 0.0000, 0.4900, 225.17
202, 374, 42, 112, 0.6556, 8.2988, -6.4408, -5.2332, 0.2622, 139.25
202, 375, 45, 77, 0.7111, 29.8965, -27.6547, 11.3586, 0.3556, 181.40
202, 376, 36, 0, 0.6556, 3.1706, 3.1639, -0.2066, 0.2622, 215.50
202, 377, 75, 58, 0.6556, 42.2643, 40.9162, 10.5895, 0.2622, 205.00
202, 379, 6, 12, 0.6000, 0.9353, 0.9353, 0.0000, 0.1800, 229.33
202, 380, 88, 30, 0.6000, 21.2817, -20.5286, -5.6115, 0.1800, 191.33
202, 382, 110, 115, 0.6000, 0.9400, 0.0939, 0.9353, 0.1800, 103.17
202, 354, 166, 100, 0.6333, 15.0835, 14.7658, -3.0793, 0.5700, 100.14
203, 366, 98, 37, 0.8778, 1.8207, 1.8207, -0.0019, 0.7022, 187.25
203, 370, 95, 12, 0.7111, 28.1974, -12.6132, -25.2191, 0.3556, 163.40
203, 372, 34, 28, 0.8722, 0.7456, -0.7456, 0.0000, 0.6106, 222.00
203, 374, 40, 78, 0.7111, 32.2201, -2.1884, -32.1457, 0.3556, 150.00
203, 376, 36, 0, 0.7111, 0.3247, 0.2505, 0.2066, 0.3556, 216.80
203, 377, 112, 93, 0.7111, 49.0286, 36.9419, 32.2351, 0.3556, 183.00
203, 379, 7, 12, 0.7056, 1.0167, 1.0167, 0.0000, 0.2822, 227.50
203, 380, 84, 29, 0.6556, 5.9775, -5.7672, -1.5716, 0.2622, 187.25
203, 382, 111, 115, 0.7056, 0.7899, 0.7452, 0.2619, 0.2822, 103.88
203, 317, 31, 108, 0.9000, 6.7771, -3.4994, -5.8037, 0.9000, 169.03
203, 354, 180, 97, 0.5333, 15.0835, 14.7658, -3.0793, 0.4800, 100.14
203, 321, 20, -1, 0.5806, 4.0428, 0.3103, -4.0309, 0.3483, 216.17
204, 366, 99, 38, 0.9333, 1.1096, 1.0073, 0.4654, 0.8400, 187.78
204, 374, 35, 53, 0.7667, 26.5678, -4.5844, -26.1692, 0.4600, 161.33
204, 379, 11, 8, 0.7611, 5.0497, 3.3052, -3.8177, 0.3806, 224.80
204, 380, 86, 30, 0.7111, 0.5931, 0.5716, 0.1581, 0.3556, 184.80
204, 382, 113, 115, 0.7611, 1.7889, 1.7887, -0.0263, 0.3806, 101.30
204, 377, 149, 125, 0.6111, 49.0286, 36.9419, 32.2351, 0.3056, 183.00
205, 323, 84, 40, 0.5625, 12.8873, 12.8546, 0.9182, 0.2250, 232.00
205, 366, 101, 38, 0.9889, 1.6566, 1.6470, 0.1780, 0.9889, 190.50
205, 374, 33, 29, 0.8222, 24.6093, -2.9229, -24.4351, 0.5756, 171.43
205, 380, 87, 30, 0.7667, 1.0968, 1.0580, 0.2892, 0.4600, 183.67
205, 382, 115, 116, 0.8167, 2.2209, 2.1022, 0.7162, 0.4900, 98.25
205, 379, 14, 4, 0.6611, 5.0497, 3.3052, -3.8177, 0.3306, 224.80
206, 366, 102, 39, 1.0000, 1.4616, 1.2461, 0.7640, 1.0000, 190.09
206, 374, 33, 25, 0.8778, 5.0433, -0.3882, -5.0284, 0.7022, 179.38
206, 380, 87, 30, 0.8222, 0.3233, 0.3119, 0.0850, 0.5756, 183.00
206, 382, 115, 116, 0.8722, 0.6162, 0.5493, 0.2792, 0.6106, 101.79
206, 386, 11, 27, 0.6000, 48.9038, -48.5862, 5.5646, 0.1800, 232.67
206, 393, 86, 104, 0.6000, 24.5940, 23.4282, 7.4820, 0.1800, 149.33
206, 394, 36, 58, 0.6000, 52.4740, -0.7944, -52.4680, 0.1800, 167.17
206, 379, 17, 0, 0.5611, 5.0497, 3.3052, -3.8177, 0.2806, 224.80
207, 323, 104, 39, 0.6222, 9.7861, 9.7690, -0.5776, 0.3111, 223.00
207, 366, 89, 25, 1.0000, 17.4791, -11.9873, -12.7210, 1.0000, 188.25
207, 382, 117, 116, 0.9278, 1.4201, 1.4201, 0.0046, 0.7422, 101.56
207, 383, 63, 40, 0.6000, 47.8695, -47.3265, 7.1903, 0.1800, 150.67
207, 384, 52, 103, 0.6000, 1.9653, 0.0397, 1.9649, 0.1800, 163.00
207, 395, 40, 125, 0.7056, 0.7500, -0.0048, 0.7500, 0.2822, 177.62
207, 386, -37, 32, 0.5000, 48.9038, -48.5862, 5.5646, 0.1500, 232.67
207, 393, 109, 111, 0.5000, 24.5940, 23.4282, 7.4820, 0.1500, 149.33
207, 394, 35, 6, 0.5000, 52.4740, -0.7944, -52.4680, 0.1500, 167.17
208, 323, 106, 40, 0.6806, 2.7863, 2.7252, 0.5804, 0.4083, 215.00
208, 379, 15, 4, 0.8167, 0.4635, 0.4573, -0.0756, 0.4900, 223.33
208, 382, 118, 116, 0.9833, 1.2327, 1.2321, -0.0392, 0.8850, 101.39
208, 383, 17, 28, 0.6556, 47.1466, -46.0828, -9.9588, 0.2622, 164.75
208, 384, 63, 94, 0.6556, 12.6418, 9.8864, -7.8786, 0.2622, 160.75
208, 394, 5, -1, 0.6556, 31.8753, -17.2706, -26.7911, 0.2622, 181.38
208, 395, 41, 126, 0.7611, 1.2799, 0.7556, 1.0331, 0.3806, 178.50
208, 396, 20, 91, 0.6000, 26.6342, -15.4004, -21.7304, 0.1800, 155.00
209, 323, 107, 40, 0.7381, 1.2180, 1.1812, 0.2971, 0.5167, 212.29
209, 368, 83, 32, 0.6000, 77.8680, 73.2901, -26.3055, 0.1800, 191.67
209, 379, 17, 23, 0.8222, 18.6418, 1.6987, 18.5642, 0.5756, 220.29
209, 382, 113, 111, 1.0000, 6.1581, -4.2021, -4.5017, 1.0000, 99.85
209, 395, 41, 127, 0.8167, 1.0880, 0.2888, 1.0490, 0.4900, 179.58
209, 400, 65, 97, 0.6000, 35.5555, 30.7694, 17.8167, 0.1800, 189.67
209, 383, -29, 18, 0.5556, 47.1466, -46.0828, -9.9588, 0.2222, 164.75
209, 384, 73, 86, 0.5556, 12.6418, 9.8864, -7.8786, 0.2222, 160.75
209, 394, -12, -28, 0.5556, 31.8753, -17.2706, -26.7911, 0.2222, 181.38
209, 396, 5, 69, 0.5000, 26.6342, -15.4004, -21.7304, 0.1500, 155.00
210, 382, 104, 110, 1.0000, 8.6664, -8.6010, -1.0625, 1.0000, 100.23
210, 393, 121, 117, 0.6556, 5.2277, 4.7426, 2.1993, 0.2622, 145.75
210, 395, 48, 125, 0.8222, 6.2144, 6.0839, -1.2668, 0.5756, 175.21
210, 400, 92, 102, 0.6556, 28.2754, 27.5225, 6.4814, 0.2622, 172.50
210, 368, 156, 5, 0.5000, 77.8680, 73.2901, -26.3055, 0.1500, 191.67
211, 393, 122, 117, 0.7111, 1.2583, 1.2341, 0.2455, 0.3556, 139.00
211, 395, 50, 125, 0.9278, 2.3975, 2.3097, -0.6430, 0.7422, 171.94
211, 399, 71, 25, 0.6000, 46.2438, 30.9898, -34.3238, 0.1800, 209.83
211, 400, 119, 108, 0.5556, 28.2754, 27.5225, 6.4814, 0.2222, 172.50
212, 371, 73, 21, 0.6000, 50.1792, 50.1706, 0.9285, 0.1800, 226.67
212, 384, 91, 98, 0.7111, 7.1075, 6.0523, 3.7264, 0.3556, 153.20
212, 396, 10, 41, 0.6556, 9.8719, 1.0338, -9.8176, 0.2622, 166.00
212, 399, 99, 9, 0.6556, 33.1387, 27.9897, -17.7412, 0.2622, 195.62
212, 400, 124, 99, 0.7111, 14.7581, 14.4775, -2.8643, 0.3556, 155.00
212, 395, 52, 124, 0.8278, 2.3975, 2.3097, -0.6430, 0.6622, 171.94
213, 358, 8, 70, 0.6000, 31.9422, -11.5370, 29.7859, 0.1800, 194.33
213, 371, 100, 16, 0.6556, 29.6350, 29.3269, -4.2619, 0.2622, 214.50
213, 387, 112, 41, 0.6000, 0.8961, 0.0466, 0.8949, 0.1800, 150.17
213, 389, 123, 115, 0.6000, 60.4604, 44.0845, 41.3766, 0.1800, 157.33
213, 404, 15, 15, 0.7056, 0.7500, 0.7500, 0.0000, 0.2822, 218.00
213, 405, 36, 84, 0.6000, 26.4087, -4.4870, -26.0248, 0.1800, 159.67
213, 395, 54, 124, 0.7278, 2.3975, 2.3097, -0.6430, 0.5822, 171.94
213, 396, 11, 31, 0.5556, 9.8719, 1.0338, -9.8176, 0.2222, 166.00
213, 399, 127, -9, 0.5556, 33.1387, 27.9897, -17.7412, 0.2222, 195.62
214, 371, 115, 35, 0.7111, 23.9405, 17.2187, 16.6332, 0.3556, 199.20
214, 387, 115, 42, 0.7056, 2.4887, 2.2590, 1.0444, 0.2822, 156.38
214, 393, 124, 113, 0.8778, 3.9935, 0.7129, -3.9294, 0.7022, 120.00
214, 395, 76, 127, 0.9333, 10.2970, 10.2465, 1.0190, 0.8400, 168.39
214, 396, 27, 23, 0.7111, 13.3291, 10.0414, -8.7656, 0.3556, 183.80
214, 404, 16, 16, 0.7611, 1.2846, 1.0331, 0.7635, 0.3806, 216.20
214, 358, -3, 100, 0.5000, 31.9422, -11.5370, 29.7859, 0.1500, 194.33
214, 389, 167, 156, 0.5000, 60.4604, 44.0845, 41.3766, 0.1500, 157.33
214, 405, 32, 58, 0.5000, 26.4087, -4.4870, -26.0248, 0.1500, 159.67
215, 358, 22, 88, 0.6556, 10.8244, 8.7225, 6.4098, 0.2622, 201.50
215, 387, 116, 42, 0.7611, 1.6105, 1.5882, 0.2671, 0.3806, 160.30
215, 404, 17, 16, 0.8167, 1.0887, 1.0490, 0.2911, 0.4900, 220.67
215, 405, 20, 36, 0.6556, 25.3500, -8.4940, -23.8846, 0.2622, 170.00
215, 406, 28, 1, 0.6000, 0.9263, -0.9229, -0.0794, 0.1800, 212.00
215, 407, 21, 72, 0.6556, 11.4989, -4.5239, -10.5716, 0.2622, 191.88
215, 371, 133, 52, 0.6111, 23.9405, 17.2187, 16.6332, 0.3056, 199.20
215, 393, 125, 109, 0.7778, 3.9935, 0.7129, -3.9294, 0.6222, 120.00
216, 358, 23, 88, 0.7111, 2.3496, 2.1583, 0.9288, 0.3556, 198.20
216, 387, 109, 34, 0.7667, 9.5716, -6.6027, -6.9296, 0.4600, 155.42
216, 404, 18, 16, 0.8722, 1.0141, 1.0141, 0.0014, 0.6106, 224.71
216, 406, 44, 18, 0.6556, 20.8394, 14.2005, 15.2521, 0.2622, 208.75
216, 407, 23, 49, 0.7111, 21.4988, 1.3974, -21.4533, 0.3556, 194.10
216, 393, 125, 105, 0.6778, 3.9935, 0.7129, -3.9294, 0.5422, 120.00
216, 405, 12, 12, 0.5556, 25.3500, -8.4940, -23.8846, 0.2222, 170.00
217, 378, 8, 46, 0.6000, 5.5846, 4.7903, 2.8707, 0.1800, 197.00
217, 387, 101, 17, 0.8222, 17.9969, -7.3349, -16.4343, 0.5756, 156.79
217, 393, 116, 107, 0.9333, 3.7356, -3.4684, -1.3873, 0.8400, 117.28
217, 404, 19, 16, 0.9278, 0.9992, 0.9983, -0.0418, 0.7422, 225.12
217, 406, 83, 31, 0.7111, 38.0242, 35.9024, 12.5243, 0.3556, 201.80
217, 407, 24, 44, 0.7667, 6.7457, 1.1918, -6.6395, 0.4600, 194.58
218, 404, 20, 16, 0.9833, 0.9974, 0.9973, -0.0167, 0.8850, 223.56
218, 378, 13, 49, 0.5000, 5.5846, 4.7903, 2.8707, 0.1500, 197.00
218, 407, 25, 38, 0.6667, 6.7457, 1.1918, -6.6395, 0.4000, 194.58
219, 378, 17, 54, 0.6556, 6.1847, 4.5835, 4.1523, 0.2622, 197.50
219, 404, 21, 17, 1.0000, 1.2476, 0.9992, 0.7470, 1.0000, 226.70
219, 405, 28, 7, 0.7111, 5.4972, 4.9599, -2.3704, 0.3556, 177.60
219, 406, 123, 45, 0.8222, 21.6472, 21.0464, 5.0647, 0.5756, 191.57
219, 347, 46, 66, 0.5625, 53.6254, -48.6800, 22.4930, 0.2250, 172.00
220, 378, 43, 67, 0.7111, 26.5797, 23.7413, 11.9511, 0.3556, 198.00
220, 404, 22, 17, 1.0000, 1.0458, 1.0001, 0.3058, 1.0000, 228.36
220, 347, 1, 104, 0.6222, 57.7000, -45.3160, 35.7177, 0.3111, 169.20
220, 411, 0, 109, 0.6000, 23.3813, 0.0000, 23.3813, 0.1800, 181.33
221, 404, 20, 18, 1.0000, 1.4311, -1.2173, 0.7524, 1.0000, 227.25
221, 411, 1, 114, 0.6556, 7.3419, 0.7548, 7.3030, 0.2622, 191.50
221, 347, -44, 139, 0.5222, 57.7000, -45.3160, 35.7177, 0.2611, 169.20
222, 411, 2, 113, 0.7111, 1.1090, 1.0410, 0.3824, 0.3556, 193.20
222, 355, 11, 53, 0.5625, 35.8281, -1.9644, 35.7743, 0.2250, 211.50
222, 413, 103, 23, 0.6000, 0.8531, 0.1408, 0.8414, 0.1800, 158.67
222, 415, 84, 48, 0.6000, 15.8993, -14.0288, 7.4820, 0.1800, 174.00
222, 404, 19, 19, 0.9000, 1.4311, -1.2173, 0.7524, 0.9000, 227.25
223, 381, 66, 88, 0.6000, 33.7500, 0.9720, 33.7360, 0.1800, 191.00
223, 390, 74, 117, 0.6000, 47.9249, 2.8766, 47.8385, 0.1800, 157.67
223, 404, 23, 20, 1.0000, 1.8247, 1.4776, 1.0706, 1.0000, 228.69
223, 411, 3, 113, 0.7667, 1.0625, 1.0513, -0.1536, 0.4600, 193.50
223, 355, 30, 71, 0.6222, 25.4683, 16.0907, 19.7415, 0.3111, 208.40
223, 364, 118, 41, 0.5625, 9.5133, -8.8296, -3.5415, 0.2250, 153.00
223, 413, 104, 38, 0.6556, 13.1235, 0.7404, 13.1026, 0.2622, 159.75
223, 415, 64, 49, 0.6556, 19.1394, -19.0244, 2.0954, 0.2622, 181.25
224, 381, 76, 117, 0.6556, 30.7713, 8.5569, 29.5576, 0.2622, 175.25
224, 404, 24, 9, 1.0000, 9.4940, 1.2853, -9.4066, 1.0000, 227.36
224, 410, 77, 45, 0.8222, 16.4475, -9.1234, 13.6852, 0.5756, 180.57
224, 411, 3, 113, 0.8222, 0.2659, 0.2403, -0.1138, 0.5756, 191.29
224, 355, 43, 109, 0.6806, 38.4423, 13.0439, 36.1616, 0.4083, 198.83
224, 364, 110, 11, 0.6222, 28.0833, -8.0599, -26.9019, 0.3111, 150.80
224, 415, 60, 48, 0.7111, 5.1579, -5.1536, -0.2107, 0.3556, 187.00
224, 390, 77, 165, 0.5000, 47.9249, 2.8766, 47.8385, 0.1500, 157.67
224, 413, 105, 51, 0.5556, 13.1235, 0.7404, 13.1026, 0.2222, 159.75
225, 404, 31, 3, 1.0000, 8.8265, 6.1933, -6.2889, 1.0000, 225.73
225, 411, 4, 114, 0.8778, 1.0369, 0.7110, 0.7546, 0.7022, 192.19
225, 415, 62, 48, 0.7667, 0.8938, 0.8063, -0.3856, 0.4600, 189.17
225, 381, 84, 146, 0.5556, 30.7713, 8.5569, 29.5576, 0.2222, 175.25
225, 410, 68, 59, 0.7222, 16.4475, -9.1234, 13.6852, 0.5056, 180.57
225, 355, 56, 145, 0.5806, 38.4423, 13.0439, 36.1616, 0.3483, 198.83
225, 364, 102, -16, 0.5222, 28.0833, -8.0599, -26.9019, 0.2611, 150.80
226, 333, 28, 16, 0.5625, 1.3613, 0.9593, -0.9659, 0.2250, 222.00
226, 411, 5, 115, 0.9333, 1.4649, 1.0020, 1.0686, 0.8400, 190.83
226, 417, 75, 106, 0.6000, 20.9129, 18.7050, -9.3525, 0.1800, 140.00
226, 404, 37, -3, 0.9000, 8.8265, 6.1933, -6.2889, 0.9000, 225.73
226, 410, 59, 73, 0.6222, 16.4475, -9.1234, 13.6852, 0.4356, 180.57
227, 333, 29, 16, 0.6722, 1.0523, 1.0191, -0.2622, 0.3361, 226.40
227, 410, 56, 70, 0.8778, 9.4510, -6.4089, 6.9461, 0.7022, 182.00
227, 411, 5, 115, 0.9889, 0.3918, 0.2677, 0.2861, 0.9889, 187.80
227, 417, 92, 95, 0.6556, 20.4718, 17.3150, -10.9218, 0.2622, 136.00
227, 419, 2, 19, 0.6000, 40.1377, -40.1220, 1.1230, 0.1800, 218.33
228, 333, 30, 16, 0.7306, 1.0126, 1.0122, 0.0285, 0.4383, 230.83
228, 411, 6, 117, 1.0000, 1.6694, 0.7299, 1.5014, 1.0000, 185.64
228, 413, 98, 79, 0.7111, 6.8325, -1.8229, 6.5848, 0.3556, 155.20
228, 417, 98, 88, 0.7111, 10.1410, 6.9663, -7.3696, 0.3556, 134.60
228, 419, -38, 20, 0.5000, 40.1377, -40.1220, 1.1230, 0.1500, 218.33
229, 333, 31, 16, 0.7881, 1.0031, 1.0019, 0.0491, 0.5517, 229.43
229, 409, 7, 77, 0.6000, 36.3256, -7.4901, -35.5450, 0.1800, 171.00
229, 411, 7, 117, 1.0000, 1.1281, 1.0050, 0.5124, 1.0000, 183.29
229, 423, 1, 113, 0.6000, 1.3562, 0.9353, 0.9822, 0.1800, 180.33
229, 417, 105, 81, 0.6111, 10.1410, 6.9663, -7.3696, 0.3056, 134.60
230, 333, 33, 15, 0.8451, 1.9107, 1.7592, -0.7455, 0.6761, 228.62
230, 411, 8, 118, 1.0000, 1.2818, 1.0404, 0.7488, 1.0000, 183.73
230, 421, 82, 32, 0.7611, 2.9764, -2.7635, 1.1054, 0.3806, 175.00
230, 423, 2, 114, 0.7056, 1.4345, 1.0167, 1.0119, 0.2822, 189.25
230, 424, 49, 126, 0.6000, 5.5864, 4.6482, 3.0988, 0.1800, 147.33
230, 409, 0, 42, 0.5000, 36.3256, -7.4901, -35.5450, 0.1500, 171.00
231, 333, 34, 15, 0.9019, 1.3291, 1.2954, -0.2975, 0.8117, 231.00
231, 409, 3, 71, 0.6556, 1.8951, -1.8111, 0.5579, 0.2622, 174.50
231, 361, 4, 74, 0.5625, 70.2260, -63.8992, 29.1305, 0.2250, 191.00
231, 411, 14, 111, 1.0000, 8.2419, 5.6597, -5.9913, 1.0000, 181.75
231, 243, 7, 20, 0.5402, 29.4386, -4.4553, -29.0995, 0.5402, 199.77
231, 423, 2, 115, 0.7611, 1.0376, 0.2511, 1.0067, 0.3806, 186.20
231, 421, 79, 33, 0.6611, 2.9764, -2.7635, 1.1054, 0.3306, 175.00
231, 424, 54, 129, 0.5000, 5.5864, 4.6482, 3.0988, 0.1500, 147.33
232, 333, 35, 15, 0.9583, 1.0053, 1.0053, -0.0081, 0.9583, 229.20
232, 409, 1, 76, 0.7111, 5.4336, -1.6581, 5.1745, 0.3556, 176.00
232, 411, 29, 96, 1.0000, 20.5275, 14.3252, -14.7027, 1.0000, 181.37
232, 423, 3, 115, 0.8167, 0.7503, 0.7120, 0.2364, 0.4900, 186.17
232, 421, 77, 34, 0.5611, 2.9764, -2.7635, 1.1054, 0.2806, 175.00
233, 333, 19, 5, 0.9646, 16.5992, -13.9926, -8.9298, 0.9646, 227.82
233, 411, 27, 78, 1.0000, 17.7502, -0.9493, -17.7248, 1.0000, 181.72
233, 421, 72, 40, 0.8167, 4.6863, -3.5480, 3.0616, 0.4900, 180.33
233, 423, 3, 116, 0.8722, 0.7443, 0.2374, 0.7054, 0.6106, 183.33
233, 321, 12, 2, 0.5000, 9.0856, 6.3457, -6.5023, 0.4500, 247.44
233, 427, 19, 80, 0.6000, 12.8212, 12.5432, -2.6551, 0.1800, 182.33
234, 423, 4, 117, 0.9278, 1.2440, 0.7449, 0.9963, 0.7422, 183.92
234, 392, 77, 96, 0.5625, 3.0021, 0.9353, -2.8527, 0.2250, 152.75
234, 430, 96, 42, 0.6000, 18.7049, -18.6112, 1.8705, 0.1800, 141.00
234, 421, 68, 43, 0.7167, 4.6863, -3.5480, 3.0616, 0.4300, 180.33
234, 427, 31, 78, 0.5000, 12.8212, 12.5432, -2.6551, 0.1500, 182.33
235, 423, 4, 118, 0.9833, 1.0736, 0.2594, 1.0418, 0.8850, 183.43
235, 392, 76, 96, 0.6722, 0.9235, -0.4928, -0.7810, 0.3361, 155.40
235, 385, 87, 30, 0.5625, 0.0000, 0.0000, 0.0000, 0.2250, 173.25
235, 421, 65, 46, 0.6167, 4.6863, -3.5480, 3.0616, 0.3700, 180.33
235, 430, 77, 44, 0.5000, 18.7049, -18.6112, 1.8705, 0.1500, 141.00
236, 421, 67, 72, 0.8222, 12.4089, -1.2707, 12.3436, 0.5756, 181.57
236, 423, 5, 119, 1.0000, 1.2586, 0.7411, 1.0173, 1.0000, 185.18
236, 321, 19, 2, 0.5556, 1.7778, 1.2892, 1.2242, 0.5556, 243.80
236, 392, 76, 94, 0.7306, 1.4718, -0.3038, -1.4401, 0.4383, 157.17
236, 430, 86, 31, 0.6556, 7.3729, -3.3245, -6.5809, 0.2622, 149.00
236, 385, 104, 35, 0.6222, 15.0387, 14.3407, 4.5286, 0.3111, 169.00
237, 369, 108, 91, 0.5625, 55.6221, -18.6872, 52.3890, 0.2250, 111.00
237, 423, 5, 119, 1.0000, 0.3674, 0.2622, 0.2574, 1.0000, 184.74
237, 425, 41, 15, 0.6000, 0.8839, 0.8832, -0.0350, 0.1800, 218.67
237, 392, 76, 93, 0.7881, 1.2005, -0.0440, -1.1997, 0.5517, 159.00
237, 430, 86, 29, 0.7111, 1.8690, 0.1006, -1.8663, 0.3556, 154.00
237, 316, 101, 106, 0.5400, 12.1294, -6.4998, -10.2408, 0.2700, 92.00
237, 385, 118, 40, 0.5222, 15.0387, 14.3407, 4.5286, 0.2611, 169.00
238, 423, 6, 121, 1.0000, 1.6088, 0.7354, 1.4309, 1.0000, 183.22
238, 392, 75, 92, 0.8451, 1.2506, -0.7332, -1.0131, 0.6761, 159.50
238, 433, 73, 72, 0.6000, 42.5903, 38.7181, 17.7439, 0.1800, 189.33
238, 316, 102, 105, 0.6000, 2.9047, -0.3287, -2.8860, 0.3600, 94.50
238, 425, 42, 15, 0.5000, 0.8839, 0.8832, -0.0350, 0.1500, 218.67
239, 423, 7, 121, 1.0000, 1.1466, 1.0018, 0.5577, 1.0000, 181.67
239, 425, 43, 15, 0.7056, 1.0648, 1.0646, 0.0190, 0.2822, 217.75
239, 392, 74, 91, 0.9019, 1.4227, -1.0351, -0.9760, 0.8117, 159.56
239, 385, 123, 27, 0.6806, 6.4312, 4.6587, -4.4336, 0.4083, 163.00
239, 316, 104, 105, 0.6587, 1.5212, 1.4949, 0.2819, 0.4611, 96.57
239, 433, 112, 90, 0.5000, 42.5903, 38.7181, 17.7439, 0.1500, 189.33
240, 423, 7, 123, 1.0000, 1.5101, 0.3106, 1.4778, 1.0000, 181.65
240, 425, 44, 15, 0.7611, 1.0236, 1.0236, 0.0070, 0.3806, 217.00
240, 431, 86, 35, 0.6000, 24.9165, -22.8081, -10.0310, 0.1800, 158.00
240, 392, 73, 90, 0.8019, 1.4227, -1.0351, -0.9760, 0.7217, 159.56
240, 316, 105, 106, 0.5587, 1.5212, 1.4949, 0.2819, 0.3911, 96.57
241, 423, 9, 123, 1.0000, 1.5319, 1.4312, 0.5463, 1.0000, 182.94
241, 425, 45, 15, 0.8167, 0.9997, 0.9997, -0.0001, 0.4900, 215.67
241, 316, 107, 107, 0.7167, 1.8970, 1.6926, 0.8566, 0.5733, 97.00
241, 403, 22, 17, 0.5625, 0.9364, 0.0469, -0.9353, 0.2250, 236.54
241, 392, 72, 89, 0.7019, 1.4227, -1.0351, -0.9760, 0.6317, 159.56
241, 431, 63, 25, 0.5000, 24.9165, -22.8081, -10.0310, 0.1500, 158.00
242, 423, 9, 123, 1.0000, 0.5721, 0.5721, 0.0062, 1.0000, 184.70
242, 425, 46, 16, 0.8722, 1.2525, 0.9966, 0.7587, 0.6106, 216.71
242, 392, 70, 89, 0.9583, 1.5435, -1.4247, -0.5939, 0.9583, 161.40
242, 316, 108, 107, 0.7741, 1.1822, 1.1618, 0.2189, 0.6967, 100.11
242, 436, 125, 39, 0.6000, 1.5432, 1.5432, 0.0000, 0.1800, 124.33
242, 403, 23, 18, 0.6722, 0.8974, 0.7500, 0.4928, 0.3361, 235.53
243, 423, 10, 124, 1.0000, 0.9784, 0.7442, 0.6351, 1.0000, 183.54
243, 425, 47, 16, 0.9278, 1.0415, 0.9987, 0.2953, 0.7422, 215.56
243, 392, 69, 89, 1.0000, 1.1039, -1.0986, -0.1083, 1.0000, 163.91
243, 391, 63, 108, 0.5625, 26.6840, 15.1249, 21.9835, 0.2250, 178.25
243, 316, 110, 108, 0.8311, 1.8775, 1.7304, 0.7286, 0.8311, 100.80
243, 436, 126, 39, 0.7056, 1.1359, 1.1359, 0.0000, 0.2822, 124.25
243, 403, 24, 17, 0.7306, 1.1307, 1.0331, -0.4598, 0.4383, 232.53
243, 438, 59, 37, 0.6000, 15.8723, 15.3771, 3.9337, 0.1800, 204.33
244, 423, 11, 125, 1.0000, 1.3790, 0.9542, 0.9956, 1.0000, 182.95
244, 425, 48, 17, 0.9833, 1.2543, 1.0000, 0.7571, 0.8850, 215.61
244, 392, 62, 81, 1.0000, 9.1397, -6.2194, -6.6973, 1.0000, 164.25
244, 431, 36, 21, 0.6556, 9.7687, -9.6283, -1.6498, 0.2622, 181.25
244, 391, 63, 126, 0.6222, 18.3404, 1.3469, 18.2909, 0.3111, 175.20
244, 316, 111, 108, 0.8879, 1.2767, 1.2531, 0.2443, 0.8879, 101.45
244, 436, 124, 22, 0.7111, 15.4187, -1.3298, -15.3612, 0.3556, 124.40
244, 403, 23, 17, 0.7881, 0.5397, -0.4798, -0.2471, 0.5517, 232.52
244, 438, 104, 43, 0.6556, 43.6265, 43.2553, 5.6794, 0.2622, 190.75
245, 423, 12, 126, 1.0000, 1.4688, 1.0204, 1.0565, 1.0000, 184.01
245, 425, 49, 17, 1.0000, 1.0333, 1.0002, 0.2595, 1.0000, 217.85
245, 388, 67, 87, 0.5625, 1.3419, -0.9694, -0.9278, 0.2250, 162.75
245, 431, 37, 21, 0.7111, 0.4325, 0.4205, -0.1008, 0.3556, 195.60
245, 316, 113, 108, 0.9444, 1.7542, 1.7542, -0.0129, 0.9444, 101.92
245, 436, 118, 6, 0.7667, 16.8261, -6.0043, -15.7184, 0.4600, 125.83
245, 403, 25, 17, 0.8451, 1.1868, 1.1865, -0.0284, 0.6761, 233.65
245, 438, 130, 40, 0.7111, 28.0622, 28.0202, -1.5349, 0.3556, 175.80
245, 392, 56, 75, 0.9000, 9.1397, -6.2194, -6.6973, 0.9000, 164.25
245, 391, 65, 144, 0.5222, 18.3404, 1.3469, 18.2909, 0.2611, 175.20
246, 423, 12, 126, 1.0000, 0.4463, 0.3107, 0.3204, 1.0000, 184.96
246, 425, 50, 18, 1.0000, 1.2415, 1.0001, 0.7356, 1.0000, 218.05
246, 388, 66, 87, 0.6722, 1.0508, -1.0142, -0.2751, 0.3361, 165.40
246, 316, 123, 94, 1.0000, 15.6079, 9.6545, -12.2637, 1.0000, 99.92
246, 403, 26, 17, 0.9019, 1.2881, 1.2878, 0.0249, 0.8117, 236.02
246, 443, 29, 32, 0.6000, 50.7196, -4.6763, -50.5036, 0.1800, 200.67
246, 392, 50, 68, 0.8000, 9.1397, -6.2194, -6.6973, 0.8000, 164.25
246, 438, 158, 39, 0.6111, 28.0622, 28.0202, -1.5349, 0.3056, 175.80
247, 423, 13, 127, 1.0000, 0.9591, 0.6789, 0.6775, 1.0000, 185.67
247, 425, 51, 18, 1.0000, 1.0342, 1.0000, 0.2636, 1.0000, 218.38
247, 388, 65, 86, 0.7306, 1.2534, -1.0092, -0.7434, 0.4383, 169.33
247, 403, 31, 17, 0.9583, 4.8452, 4.8451, 0.0140, 0.9583, 233.12
247, 352, 116, 123, 0.5400, 29.7663, -3.4451, 29.5662, 0.2700, 91.60
247, 392, 43, 61, 0.7000, 9.1397, -6.2194, -6.6973, 0.7000, 164.25
247, 316, 133, 82, 0.9000, 15.6079, 9.6545, -12.2637, 0.9000, 99.92
247, 443, 25, -18, 0.5000, 50.7196, -4.6763, -50.5036, 0.1500, 200.67
248, 423, 6, 125, 1.0000, 5.6231, -5.3170, -1.8301, 1.0000, 183.92
248, 424, 78, 126, 0.6556, 1.3960, 0.2719, -1.3692, 0.2622, 140.75
248, 425, 52, 18, 1.0000, 1.0000, 1.0000, -0.0019, 1.0000, 220.65
248, 388, 64, 88, 0.7881, 1.6294, -1.0014, 1.2854, 0.5517, 168.14
248, 392, 54, 64, 1.0000, 3.7105, -0.7760, -3.6284, 1.0000, 165.54
248, 403, 44, 20, 0.9646, 11.6856, 11.4680, 2.2446, 0.9646, 235.11
248, 352, 116, 129, 0.6000, 9.0349, -1.1190, 8.9653, 0.3600, 93.00
248, 444, 11, 61, 0.6556, 10.8067, 9.8120, 4.5286, 0.2622, 190.00
248, 316, 143, 70, 0.8000, 15.6079, 9.6545, -12.2637, 0.8000, 99.92
249, 420, 123, 88, 0.6000, 77.2509, 17.3714, 75.2724, 0.1800, 128.67
249, 425, 53, 19, 1.0000, 1.2147, 1.0000, 0.6896, 1.0000, 222.39
249, 428, 8, 58, 0.6000, 58.6296, -18.2636, -55.7124, 0.1800, 167.67
249, 388, 63, 85, 0.8451, 2.6523, -0.9992, -2.4569, 0.6761, 170.00
249, 398, 10, 53, 0.5625, 17.1134, -0.9457, 17.0872, 0.2250, 212.75
249, 412, 0, 56, 0.5625, 1.1812, -0.9626, 0.6845, 0.2250, 191.62
249, 444, 20, 62, 0.7111, 8.9967, 8.9514, 0.9011, 0.3556, 191.20
249, 424, 78, 125, 0.5556, 1.3960, 0.2719, -1.3692, 0.2222, 140.75
249, 316, 152, 58, 0.7000, 15.6079, 9.6545, -12.2637, 0.7000, 99.92
249, 403, 55, 22, 0.8646, 11.6856, 11.4680, 2.2446, 0.8646, 235.11
249, 352, 114, 138, 0.5000, 9.0349, -1.1190, 8.9653, 0.3000, 93.00
250, 425, 51, 20, 1.0000, 1.5611, -1.1799, 1.0221, 1.0000, 223.53
250, 388, 62, 83, 0.9019, 2.1378, -0.9995, -1.8897, 0.8117, 172.33
250, 398, 7, 59, 0.6222, 7.5181, -2.5367, 7.0773, 0.3111, 212.80
250, 316, 116, 67, 1.0000, 7.4392, -5.2990, -5.2213, 1.0000, 100.93
250, 403, 83, 4, 1.0000, 22.9291, 20.9771, -9.2576, 1.0000, 230.60
250, 412, 3, 55, 0.6722, 2.8232, 2.7912, -0.4235, 0.3361, 194.50
250, 444, 33, 74, 0.7667, 16.8888, 12.6852, 11.1499, 0.4600, 190.17
250, 356, 28, 16, 0.5400, 0.0469, 0.0469, 0.0000, 0.2700, 238.80
250, 420, 141, 164, 0.5000, 77.2509, 17.3714, 75.2724, 0.1500, 128.67
250, 428, -11, 2, 0.5000, 58.6296, -18.2636, -55.7124, 0.1500, 167.67
251, 425, 53, 20, 1.0000, 0.8466, 0.7773, 0.3356, 1.0000, 222.90
251, 388, 61, 82, 0.9583, 1.5069, -0.9999, -1.1273, 0.9583, 172.55
251, 412, 8, 57, 0.7306, 4.4034, 4.2138, 1.2781, 0.4383, 195.58
251, 444, 61, 93, 0.8222, 31.2975, 25.6915, 17.8741, 0.5756, 182.71
251, 356, 29, 15, 0.6500, 1.0640, 0.7500, -0.7548, 0.3900, 239.50
251, 398, 5, 66, 0.5222, 7.5181, -2.5367, 7.0773, 0.2611, 212.80
252, 425, 55, 20, 1.0000, 1.9638, 1.9638, -0.0136, 1.0000, 224.05
252, 388, 59, 82, 1.0000, 1.7708, -1.7640, -0.1549, 1.0000, 176.68
252, 398, 0, 85, 0.6806, 14.2914, -3.7506, 13.7905, 0.4083, 205.67
252, 412, 9, 57, 0.7881, 2.0402, 1.9649, 0.5493, 0.5517, 194.79
252, 444, 90, 114, 0.8778, 36.2326, 29.3520, 21.2428, 0.7022, 173.38
252, 356, 30, 14, 0.7087, 1.4666, 1.0331, -1.0410, 0.4961, 241.71
252, 445, 29, 18, 0.6000, 0.8583, 0.8434, -0.1589, 0.1800, 225.00
252, 456, 12, 124, 0.6000, 21.5108, 0.0000, 21.5108, 0.1800, 154.00
253, 425, 56, 20, 1.0000, 1.4650, 1.4638, -0.0593, 1.0000, 223.92
253, 388, 58, 81, 1.0000, 1.4500, -1.2918, -0.6586, 1.0000, 178.71
253, 412, 11, 59, 0.8451, 2.2751, 1.6641, 1.5513, 0.6761, 196.44
253, 356, 31, 14, 0.7667, 1.0876, 1.0490, -0.2869, 0.6133, 243.38
253, 445, 29, 19, 0.7056, 0.8596, 0.2902, 0.8091, 0.2822, 224.38
253, 452, 21, 51, 0.6000, 41.3344, -23.4289, -34.0532, 0.1800, 189.33
253, 298, 22, 84, 0.5000, 26.3775, -10.3119, -24.2783, 0.4500, 147.67
253, 456, 12, 146, 0.5000, 21.5108, 0.0000, 21.5108, 0.1500, 154.00
254, 425, 57, 22, 1.0000, 1.7492, 1.0544, 1.3957, 1.0000, 224.71
254, 388, 57, 81, 1.0000, 1.0277, -1.0014, -0.2310, 1.0000, 180.81
254, 412, 10, 58, 0.9019, 0.4852, -0.4150, -0.2515, 0.8117, 197.72
254, 356, 31, 13, 0.8241, 0.7633, 0.2538, -0.7199, 0.7417, 244.00
254, 445, 29, 20, 0.7611, 1.0838, -0.0050, 1.0838, 0.3806, 225.50
254, 450, 52, 18, 0.6000, 28.4339, 23.0414, 16.6607, 0.1800, 209.33
254, 452, 12, 37, 0.6556, 19.6465, -10.8272, -16.3938, 0.2622, 192.25
254, 455, 90, 52, 0.6000, 19.2468, -13.2638, -13.9467, 0.1800, 118.00
254, 458, 89, 80, 0.6000, 19.4688, -18.0763, -7.2305, 0.1800, 91.00
254, 460, 62, 46, 0.6000, 10.4564, 10.2878, -1.8705, 0.1800, 220.67
255, 425, 58, 22, 1.0000, 1.1484, 0.9498, 0.6454, 1.0000, 225.07
255, 388, 56, 80, 1.0000, 1.2168, -0.9581, -0.7501, 1.0000, 181.82
255, 397, 24, 111, 0.5625, 13.8982, -7.7117, -11.5624, 0.2250, 136.25
255, 434, 5, 35, 0.6000, 35.7384, -18.2465, 30.7294, 0.1800, 209.33
255, 412, 10, 58, 0.9583, 0.5148, -0.4013, -0.3224, 0.9583, 197.60
255, 356, 32, 13, 0.8811, 0.7417, 0.7022, -0.2386, 0.8811, 243.50
255, 445, 29, 20, 0.8167, 0.2988, -0.0442, 0.2955, 0.4900, 227.08
255, 449, 13, 22, 0.6000, 25.2119, -16.9685, 18.6470, 0.1800, 214.67
255, 450, 70, 28, 0.6556, 21.4628, 18.6325, 10.6529, 0.2622, 206.75
255, 451, 1, 98, 0.6000, 18.2686, -4.2726, 17.7620, 0.1800, 201.33
255, 452, 0, 29, 0.7111, 14.3045, -11.5752, -8.4044, 0.3556, 195.60
255, 455, 62, 30, 0.6556, 34.7136, -27.2069, -21.5596, 0.2622, 139.17
255, 458, 87, 80, 0.6556, 3.5243, -3.4093, -0.8929, 0.2622, 108.00
255, 460, 72, 44, 0.5000, 10.4564, 10.2878, -1.8705, 0.1500, 220.67
256, 425, 58, 23, 1.0000, 0.8166, 0.2661, 0.7720, 1.0000, 224.57
256, 388, 56, 80, 1.0000, 0.3499, -0.2315, -0.2624, 1.0000, 182.23
256, 397, 7, 110, 0.6222, 15.9927, -15.6789, -3.1526, 0.3111, 141.00
256, 434, 0, 78, 0.6556, 42.1562, -6.5207, 41.6488, 0.2622, 200.75
256, 412, 12, 59, 1.0000, 1.5870, 1.4351, 0.6775, 1.0000, 199.91
256, 356, 32, 12, 0.9379, 0.7783, 0.2401, -0.7404, 0.9379, 244.55
256, 445, 29, 21, 0.8722, 0.7170, -0.0163, 0.7169, 0.6106, 229.36
256, 449, 5, 57, 0.6556, 34.5209, -9.0900, 33.3026, 0.2622, 210.25
256, 450, 87, 31, 0.7111, 18.0149, 17.5624, 4.0127, 0.3556, 199.60
256, 451, 21, 125, 0.6556, 30.9002, 17.5935, 25.4026, 0.2622, 186.75
256, 455, 44, 7, 0.7111, 29.5413, -18.7619, -22.8183, 0.3556, 154.03
256, 458, 75, 77, 0.7111, 12.0401, -11.7998, -2.3932, 0.3556, 125.80
256, 459, 16, 58, 0.6000, 78.2197, -59.9352, 50.2602, 0.1800, 185.67
256, 460, 76, 68, 0.6556, 14.3406, 6.9942, 12.5194, 0.2622, 213.75
256, 422, 49, 52, 0.5625, 34.3097, -12.9997, 31.7516, 0.2250, 230.25
256, 452, -11, 21, 0.6111, 14.3045, -11.5752, -8.4044, 0.3056, 195.60
257, 425, 66, 20, 1.0000, 7.3952, 6.9464, -2.5372, 1.0000, 225.64
257, 388, 46, 90, 1.0000, 12.6559, -8.9215, 8.9766, 1.0000, 181.97
257, 397, 0, 103, 0.6806, 10.1672, -7.7910, -6.5325, 0.4083, 145.50
257, 442, 21, 36, 0.6000, 48.1881, 15.2200, -45.7214, 0.1800, 193.00
257, 412, 13, 60, 1.0000, 1.7387, 1.3706, 1.0697, 1.0000, 199.92
257, 356, 33, 12, 0.9944, 0.7845, 0.7398, -0.2612, 0.9944, 245.00
257, 445, 29, 22, 0.9278, 0.9922, 0.0001, 0.9922, 0.7422, 229.94
257, 449, 10, 79, 0.7111, 23.2022, 4.2329, 22.8129, 0.3556, 204.40
257, 460, 91, 82, 0.7111, 19.4826, 13.8873, 13.6644, 0.3556, 201.20
257, 422, 26, 68, 0.6222, 28.7295, -21.7911, 18.7224, 0.3111, 223.00
257, 434, -7, 120, 0.5556, 42.1562, -6.5207, 41.6488, 0.2222, 200.75
257, 450, 105, 35, 0.6111, 18.0149, 17.5624, 4.0127, 0.3056, 199.60
257, 451, 39, 150, 0.5556, 30.9002, 17.5935, 25.4026, 0.2222, 186.75
257, 452, -23, 13, 0.5111, 14.3045, -11.5752, -8.4044, 0.2556, 195.60
257, 455, 26, -16, 0.6111, 29.5413, -18.7619, -22.8183, 0.3056, 154.03
257, 459, -44, 108, 0.5000, 78.2197, -59.9352, 50.2602, 0.1500, 185.67
258, 425, 71, 19, 1.0000, 5.4697, 5.3081, -1.3198, 1.0000, 226.83
258, 388, 26, 113, 1.0000, 27.8640, -18.4997, 20.8366, 1.0000, 180.91
258, 397, 2, 86, 0.7381, 15.7917, 0.0789, -15.7915, 0.5167, 150.86
258, 434, 2, 104, 0.7111, 9.0960, 2.3344, 8.7914, 0.3556, 193.60
258, 442, 20, 0, 0.6556, 37.7314, 1.2444, -37.7109, 0.2622, 202.58
258, 412, 12, 60, 1.0000, 0.5461, -0.4498, 0.3098, 1.0000, 200.77
258, 356, 33, 11, 1.0000, 0.7847, 0.2645, -0.7388, 1.0000, 243.85
258, 445, 29, 22, 0.9833, 0.2867, 0.0024, 0.2867, 0.8850, 232.72
258, 450, 118, 41, 0.7667, 15.9590, 15.1697, 4.9571, 0.4600, 186.83
258, 453, 94, 118, 0.6000, 78.3665, 73.7729, 26.4361, 0.1800, 142.33
258, 422, 9, 83, 0.6806, 22.6252, -16.9950, 14.9355, 0.4083, 221.33
259, 425, 74, 19, 1.0000, 2.7345, 2.7275, -0.1957, 1.0000, 228.00
259, 388, 24, 128, 1.0000, 16.4936, -3.8881, 16.0287, 1.0000, 180.31
259, 397, 3, 82, 0.7951, 5.0877, 1.1763, -4.9498, 0.6361, 154.88
259, 412, 14, 60, 1.0000, 1.1567, 1.1561, -0.0378, 1.0000, 201.93
259, 356, 34, 11, 1.0000, 0.7826, 0.7365, -0.2647, 1.0000, 243.93
259, 445, 29, 23, 1.0000, 0.7155, 0.0010, 0.7155, 1.0000, 234.35
259, 446, 80, 24, 0.6000, 71.6843, 71.6293, -2.8076, 0.1800, 196.33
259, 416, 86, 33, 0.5625, 44.0258, 17.4688, -40.4117, 0.2250, 177.50
259, 458, 51, 76, 0.8778, 0.9645, -0.2322, -0.9362, 0.7022, 160.25
259, 442, 22, -38, 0.5556, 37.7314, 1.2444, -37.7109, 0.2222, 202.58
259, 450, 133, 46, 0.6667, 15.9590, 15.1697, 4.9571, 0.4000, 186.83
259, 453, 168, 144, 0.5000, 78.3665, 73.7729, 26.4361, 0.1500, 142.33
259, 422, -8, 98, 0.5806, 22.6252, -16.9950, 14.9355, 0.3483, 221.33
260, 425, 76, 19, 1.0000, 2.4878, 2.4844, 0.1293, 1.0000, 229.00
260, 412, 15, 61, 1.0000, 1.4532, 1.2711, 0.7043, 1.0000, 202.20
260, 356, 35, 11, 1.0000, 1.0019, 1.0019, 0.0019, 1.0000, 244.47
260, 445, 29, 24, 1.0000, 0.9910, 0.0000, 0.9910, 1.0000, 236.05
260, 458, 52, 75, 0.9333, 1.3126, 0.7738, -1.0603, 0.8400, 167.11
260, 446, 152, 21, 0.5000, 71.6843, 71.6293, -2.8076, 0.1500, 196.33
260, 450, 149, 51, 0.5667, 15.9590, 15.1697, 4.9571, 0.3400, 186.83
261, 425, 78, 20, 1.0000, 2.2495, 2.1060, 0.7908, 1.0000, 228.97
261, 441, 63, 32, 0.6000, 62.5546, 31.7622, -53.8910, 0.1800, 181.67
261, 412, 15, 61, 1.0000, 0.4192, 0.3169, 0.2745, 1.0000, 203.81
261, 356, 35, 10, 1.0000, 0.7561, 0.3104, -0.6894, 1.0000, 245.12
261, 445, 29, 25, 1.0000, 1.0392, -0.0001, 1.0392, 1.0000, 234.71
261, 454, 30, 86, 0.6000, 19.5792, 19.5559, -0.9547, 0.1800, 173.67
262, 425, 81, 20, 1.0000, 2.6886, 2.6656, 0.3506, 1.0000, 229.94
262, 408, 26, 95, 0.5625, 4.7789, -3.8255, -2.8642, 0.2250, 168.00
262, 412, 16, 62, 1.0000, 1.0344, 0.6977, 0.7637, 1.0000, 203.41
262, 356, 36, 10, 1.0000, 0.7639, 0.7045, -0.2954, 1.0000, 244.53
262, 454, 33, 86, 0.6556, 5.7210, 5.7150, -0.2622, 0.2622, 174.75
262, 435, 5, 33, 0.5625, 37.9487, -22.2114, 30.7694, 0.2250, 211.75
262, 466, 76, 67, 0.6000, 37.8979, -10.2878, 36.4748, 0.1800, 178.33
262, 441, 95, -22, 0.5000, 62.5546, 31.7622, -53.8910, 0.1500, 181.67
262, 445, 29, 26, 0.9000, 1.0392, -0.0001, 1.0392, 0.9000, 234.71
263, 425, 84, 21, 1.0000, 3.0802, 2.9926, 0.7294, 1.0000, 229.40
263, 408, 9, 102, 0.6222, 16.5391, -15.4115, 6.0022, 0.3111, 173.60
263, 412, 16, 62, 1.0000, 0.3424, 0.2257, 0.2575, 1.0000, 204.56
263, 356, 37, 10, 1.0000, 0.9797, 0.9795, -0.0205, 1.0000, 245.11
263, 445, 29, 26, 1.0000, 0.4605, -0.0000, 0.4605, 1.0000, 236.27
263, 435, 0, 46, 0.6222, 17.3128, -7.8197, 15.4462, 0.3111, 209.20
263, 454, 39, 86, 0.5556, 5.7210, 5.7150, -0.2622, 0.2222, 174.75
263, 466, 66, 104, 0.5000, 37.8979, -10.2878, 36.4748, 0.1500, 178.33
264, 425, 86, 21, 1.0000, 2.3727, 2.3556, 0.2845, 1.0000, 230.11
264, 412, 17, 63, 1.0000, 1.0465, 0.7385, 0.7414, 1.0000, 204.05
264, 356, 38, 10, 1.0000, 1.0382, 1.0375, 0.0375, 1.0000, 244.58
264, 445, 43, 23, 1.0000, 13.0097, 12.6819, -2.9022, 1.0000, 233.61
264, 454, 62, 91, 0.7111, 16.0315, 15.7751, 2.8559, 0.3556, 171.80
264, 408, -6, 109, 0.5222, 16.5391, -15.4115, 6.0022, 0.2611, 173.60
264, 435, -8, 61, 0.5222, 17.3128, -7.8197, 15.4462, 0.2611, 209.20
265, 425, 89, 22, 1.0000, 2.7894, 2.6979, 0.7086, 1.0000, 230.88
265, 408, 3, 114, 0.6806, 5.8325, -1.1192, 5.7241, 0.4083, 171.00
265, 412, 24, 55, 1.0000, 9.5422, 6.2428, -7.2167, 1.0000, 203.70
265, 356, 38, 9, 1.0000, 0.7586, 0.3057, -0.6943, 1.0000, 245.10
265, 362, 49, 72, 0.5400, 31.3281, -29.5310, -10.4581, 0.2700, 181.80
265, 445, 67, 26, 1.0000, 22.3259, 22.1968, 2.3969, 1.0000, 232.30
265, 463, 32, 21, 0.6000, 23.6070, -22.9807, 5.4018, 0.1800, 207.67
265, 464, 33, 27, 0.6000, 41.8754, -39.7660, 13.1231, 0.1800, 203.67
265, 466, 91, 111, 0.6556, 12.7531, 8.3860, 9.6081, 0.2622, 160.50
266, 425, 91, 22, 1.0000, 2.2868, 2.2689, 0.2858, 1.0000, 231.59
266, 412, 47, 56, 1.0000, 21.0777, 21.0777, -0.0339, 1.0000, 203.19
266, 356, 41, 5, 1.0000, 4.7829, 2.8119, -3.8690, 1.0000, 242.71
266, 362, 18, 64, 0.6000, 31.9942, -30.9187, -8.2258, 0.3600, 186.17
266, 445, 87, 30, 1.0000, 20.8895, 20.5706, 3.6363, 1.0000, 228.72
266, 435, 2, 79, 0.6806, 10.5063, 2.8366, 10.1162, 0.4083, 204.17
266, 463, 14, 6, 0.6556, 22.2832, -18.7362, -12.0622, 0.2622, 209.25
266, 469, 6, 73, 0.6000, 14.4681, -11.5207, 8.7521, 0.1800, 196.67
266, 472, 7, 83, 0.6000, 4.4714, 3.5723, 2.6892, 0.1800, 185.67
266, 464, -7, 40, 0.5000, 41.8754, -39.7660, 13.1231, 0.1500, 203.67
266, 466, 100, 121, 0.5556, 12.7531, 8.3860, 9.6081, 0.2222, 160.50
267, 425, 94, 23, 1.0000, 2.7988, 2.7065, 0.7127, 1.0000, 232.32
267, 362, 4, 40, 0.6587, 27.3577, -15.8966, -22.2652, 0.4611, 189.43
267, 445, 90, 31, 1.0000, 5.4255, 5.2967, 1.1749, 1.0000, 225.62
267, 462, 40, 9, 0.6000, 0.8313, 0.8296, -0.0544, 0.1800, 234.00
267, 465, 71, 28, 0.6000, 1.2524, 0.8296, 0.9383, 0.1800, 205.00
267, 468, 18, 64, 0.6000, 14.6998, -7.8128, 12.4517, 0.1800, 202.83
267, 402, 47, 114, 0.5400, 24.3345, 24.3165, -0.9353, 0.2700, 158.60
267, 412, 68, 56, 0.9000, 21.0777, 21.0777, -0.0339, 0.9000, 203.19
267, 356, 44, 1, 0.9000, 4.7829, 2.8119, -3.8690, 0.9000, 242.71
267, 463, -4, -6, 0.5556, 22.2832, -18.7362, -12.0622, 0.2222, 209.25
267, 469, -5, 82, 0.5000, 14.4681, -11.5207, 8.7521, 0.1500, 196.67
267, 472, 10, 85, 0.5000, 4.4714, 3.5723, 2.6892, 0.1500, 185.67
268, 425, 97, 23, 1.0000, 2.9973, 2.9833, 0.2895, 1.0000, 232.92
268, 462, 40, 9, 0.7056, 0.3075, 0.3068, 0.0208, 0.2822, 239.25
268, 465, 72, 28, 0.7056, 1.1000, 1.0676, 0.2651, 0.2822, 206.25
268, 468, 7, 82, 0.6556, 20.3607, -10.1971, 17.6232, 0.2622, 197.62
268, 472, 29, 75, 0.6556, 13.1405, 12.3641, -4.4499, 0.2622, 189.50
268, 402, 51, 114, 0.6000, 6.8152, 6.8102, -0.2619, 0.3600, 157.17
268, 440, 46, 69, 0.5625, 27.9012, 17.7698, -21.5108, 0.2250, 194.25
268, 476, 15, 32, 0.6000, 47.8464, -30.9102, -36.5218, 0.1800, 211.33
268, 412, 89, 55, 0.8000, 21.0777, 21.0777, -0.0339, 0.8000, 203.19
268, 356, 47, -3, 0.8000, 4.7829, 2.8119, -3.8690, 0.8000, 242.71
269, 425, 99, 24, 1.0000, 2.4559, 2.3514, 0.7088, 1.0000, 233.52
269, 356, 48, 1, 1.0000, 2.1851, 2.0659, -0.7120, 1.0000, 241.14
269, 448, 23, 90, 0.6000, 27.7052, -23.0544, -15.3647, 0.1800, 173.50
269, 462, 41, 9, 0.7611, 0.7668, 0.7667, 0.0149, 0.3806, 241.60
269, 465, 72, 29, 0.7611, 0.7900, 0.2845, 0.7370, 0.3806, 209.80
269, 468, 5, 93, 0.7111, 12.2418, -3.4972, 11.7317, 0.3556, 191.70
269, 471, 20, 66, 0.6000, 0.8508, 0.8477, -0.0725, 0.1800, 202.33
269, 472, 45, 68, 0.7111, 17.4401, 15.6883, -7.6179, 0.3556, 195.20
269, 412, 110, 55, 0.7000, 21.0777, 21.0777, -0.0339, 0.7000, 203.19
269, 402, 58, 114, 0.5000, 6.8152, 6.8102, -0.2619, 0.3000, 157.17
269, 476, -16, -5, 0.5000, 47.8464, -30.9102, -36.5218, 0.1500, 211.33
270, 425, 102, 24, 1.0000, 2.7056, 2.6896, 0.2935, 1.0000, 234.02
270, 448, 19, 78, 0.6556, 14.0301, -6.3272, -12.5224, 0.2622, 178.12
270, 462, 42, 9, 0.8167, 1.0121, 1.0121, 0.0026, 0.4900, 243.50
270, 465, 74, 29, 0.8167, 1.5012, 1.4815, 0.2425, 0.4900, 209.33
270, 469, 13, 105, 0.6556, 9.4671, 5.4050, 7.7726, 0.2622, 187.00
270, 471, 21, 66, 0.7056, 1.0610, 1.0607, 0.0278, 0.2822, 200.83
270, 402, 57, 116, 0.6587, 2.8578, 2.5951, 1.1969, 0.4611, 155.00
270, 440, 57, 15, 0.6222, 27.7074, 3.8848, -27.4338, 0.3111, 199.40
270, 476, 4, 16, 0.6556, 5.1718, -2.6119, -4.4638, 0.2622, 212.00
270, 412, 131, 55, 0.6000, 21.0777, 21.0777, -0.0339, 0.6000, 203.19
270, 356, 50, 0, 0.9000, 2.1851, 2.0659, -0.7120, 0.9000, 241.14
271, 425, 105, 25, 1.0000, 3.0414, 2.9587, 0.7045, 1.0000, 234.50
271, 448, 22, 62, 0.7111, 14.8783, 1.4223, -14.8101, 0.3556, 181.30
271, 462, 42, 9, 0.8722, 0.2782, 0.2782, -0.0011, 0.6106, 244.29
271, 465, 75, 29, 0.8722, 1.2881, 1.2880, -0.0148, 0.6106, 210.21
271, 469, 15, 109, 0.7111, 4.7020, 2.8586, 3.7332, 0.3556, 185.40
271, 471, 22, 67, 0.7611, 1.3036, 1.0425, 0.7827, 0.3806, 202.27
271, 412, 152, 55, 0.5000, 21.0777, 21.0777, -0.0339, 0.5000, 203.19
271, 356, 52, -1, 0.8000, 2.1851, 2.0659, -0.7120, 0.8000, 241.14
271, 402, 60, 117, 0.5587, 2.8578, 2.5951, 1.1969, 0.3911, 155.00
271, 440, 61, -12, 0.5222, 27.7074, 3.8848, -27.4338, 0.2611, 199.40
271, 476, 1, 11, 0.5556, 5.1718, -2.6119, -4.4638, 0.2222, 212.00
272, 425, 108, 25, 1.0000, 3.0473, 3.0328, 0.2976, 1.0000, 234.97
272, 448, 20, 53, 0.7667, 10.0644, -1.5935, -9.9375, 0.4600, 183.92
272, 462, 43, 9, 0.9278, 0.7171, 0.7171, -0.0008, 0.7422, 242.50
272, 465, 77, 29, 0.9278, 1.8017, 1.8013, -0.0409, 0.7422, 213.31
272, 471, 27, 62, 0.7667, 6.4602, 4.8289, -4.2914, 0.4600, 205.39
272, 356, 54, -1, 0.7000, 2.1851, 2.0659, -0.7120, 0.7000, 241.14
273, 425, 111, 25, 1.0000, 3.0236, 3.0235, 0.0268, 1.0000, 234.49
273, 462, 56, 23, 0.9333, 17.2049, 11.5189, 12.7798, 0.8400, 237.11
273, 465, 78, 30, 0.9833, 1.4711, 1.2702, 0.7422, 0.8850, 211.83
273, 478, 16, 108, 0.6000, 19.3420, 11.0822, 15.8523, 0.1800, 169.00
273, 356, 56, -2, 0.6000, 2.1851, 2.0659, -0.7120, 0.6000, 241.14
273, 471, 32, 58, 0.6667, 6.4602, 4.8289, -4.2914, 0.4000, 205.39
274, 425, 115, 26, 1.0000, 3.7296, 3.6757, 0.6313, 1.0000, 235.01
274, 462, 77, 40, 0.9889, 26.0233, 20.2468, 16.3486, 0.9889, 234.20
274, 465, 79, 30, 1.0000, 1.0334, 0.9891, 0.2992, 1.0000, 211.75
274, 471, 43, 62, 0.8222, 8.1944, 8.1809, 0.4708, 0.5756, 205.05
274, 437, 116, 75, 0.5625, 1.0031, 0.0397, 1.0023, 0.2250, 112.75
274, 477, 32, 20, 0.6000, 15.0163, -10.5184, 10.7170, 0.1800, 216.67
274, 478, 29, 125, 0.6556, 20.5565, 12.2148, 16.5339, 0.2622, 163.50
274, 356, 58, -3, 0.5000, 2.1851, 2.0659, -0.7120, 0.5000, 241.14
275, 425, 119, 25, 1.0000, 4.0212, 4.0061, -0.3483, 1.0000, 233.76
275, 356, 73, 26, 1.0000, 7.5355, 4.8377, 5.7776, 1.0000, 238.57
275, 465, 81, 31, 1.0000, 1.8640, 1.7032, 0.7575, 1.0000, 213.41
275, 471, 43, 61, 0.8778, 1.2548, 1.1865, -0.4085, 0.7022, 208.04
275, 479, 13, 89, 0.6000, 47.6210, 0.9937, 47.6107, 0.1800, 194.00
275, 481, 127, 124, 0.6000, 12.4778, 2.8058, 12.1583, 0.1800, 71.33
275, 462, 98, 57, 0.8889, 26.0233, 20.2468, 16.3486, 0.8889, 234.20
275, 477, 22, 31, 0.5000, 15.0163, -10.5184, 10.7170, 0.1500, 216.67
275, 478, 41, 141, 0.5556, 20.5565, 12.2148, 16.5339, 0.2222, 163.50
276, 425, 122, 25, 1.0000, 3.4114, 3.3989, -0.2913, 1.0000, 234.23
276, 465, 84, 32, 1.0000, 2.9507, 2.7738, 1.0062, 1.0000, 211.04
276, 471, 41, 61, 0.9333, 1.4936, -1.4775, -0.2188, 0.8400, 210.59
276, 477, 14, 41, 0.6556, 13.7643, -8.9343, 10.4706, 0.2622, 212.75
276, 484, 21, 74, 0.6000, 12.7208, 10.2878, -7.4820, 0.1800, 180.17
276, 485, 32, 92, 0.6000, 1.3906, 1.0291, 0.9353, 0.1800, 190.17
276, 488, 20, 111, 0.6000, 1.3562, 0.9822, 0.9353, 0.1800, 185.33
276, 462, 118, 73, 0.7889, 26.0233, 20.2468, 16.3486, 0.7889, 234.20
276, 479, 14, 137, 0.5000, 47.6210, 0.9937, 47.6107, 0.1500, 194.00
276, 481, 130, 137, 0.5000, 12.4778, 2.8058, 12.1583, 0.1500, 71.33
277, 425, 126, 25, 1.0000, 3.6869, 3.6858, -0.0896, 1.0000, 232.81
277, 418, 30, 37, 0.5625, 60.3983, -49.3422, 34.8326, 0.2250, 190.00
277, 470, 14, 95, 0.6000, 27.1045, 5.6670, 26.5055, 0.1800, 179.00
277, 471, 39, 60, 0.9889, 2.3859, -2.2519, -0.7884, 0.9889, 214.63
277, 477, 13, 43, 0.7111, 2.9063, -1.8433, 2.2469, 0.3556, 210.00
277, 485, 18, 93, 0.6556, 11.8676, -11.8240, 1.0167, 0.2622, 187.62
277, 488, 34, 118, 0.6556, 13.8494, 12.3335, 6.3001, 0.2622, 182.75
277, 462, 138, 89, 0.6889, 26.0233, 20.2468, 16.3486, 0.6889, 234.20
277, 465, 87, 33, 0.9000, 2.9507, 2.7738, 1.0062, 0.9000, 211.04
277, 484, 31, 67, 0.5000, 12.7208, 10.2878, -7.4820, 0.1500, 180.17
278, 418, 4, 75, 0.6222, 47.3523, -29.1647, 37.3050, 0.3111, 188.60
278, 470, 18, 125, 0.6556, 29.7980, 4.6384, 29.4348, 0.2622, 171.00
278, 471, 38, 60, 1.0000, 1.4338, -1.4083, -0.2690, 1.0000, 217.94
278, 477, 22, 65, 0.7667, 21.7204, 8.2435, 20.0953, 0.4600, 206.00
278, 482, 22, 112, 0.6000, 1.1725, 0.9156, 0.7324, 0.1800, 177.33
278, 484, 47, 57, 0.6556, 16.0742, 13.4726, -8.7676, 0.2622, 187.88
278, 485, 15, 93, 0.7111, 3.7261, -3.7176, 0.2511, 0.3556, 186.10
278, 488, 38, 119, 0.7111, 5.3623, 5.1683, 1.4296, 0.3556, 182.40
278, 425, 130, 25, 0.9000, 3.6869, 3.6858, -0.0896, 0.9000, 232.81
278, 462, 158, 106, 0.5889, 26.0233, 20.2468, 16.3486, 0.5889, 234.20
278, 465, 89, 34, 0.8000, 2.9507, 2.7738, 1.0062, 0.8000, 211.04
279, 362, 46, 10, 1.0000, 0.2417, 0.2412, -0.0163, 1.0000, 211.15
279, 480, 28, 40, 0.6000, 0.8298, -0.0181, 0.8296, 0.1800, 229.33
279, 482, 23, 112, 0.7056, 1.0844, 1.0322, 0.3325, 0.2822, 175.25
279, 484, 74, 40, 0.7111, 30.4280, 25.8303, -16.0829, 0.3556, 185.30
279, 485, 8, 92, 0.7667, 7.3843, -7.3390, -0.8168, 0.4600, 183.08
279, 488, 39, 118, 0.7667, 1.0096, 0.9383, -0.3726, 0.4600, 181.67
279, 425, 133, 25, 0.8000, 3.6869, 3.6858, -0.0896, 0.8000, 232.81
279, 418, -26, 112, 0.5222, 47.3523, -29.1647, 37.3050, 0.2611, 188.60
279, 465, 92, 35, 0.7000, 2.9507, 2.7738, 1.0062, 0.7000, 211.04
279, 470, 23, 154, 0.5556, 29.7980, 4.6384, 29.4348, 0.2222, 171.00
280, 437, 119, 95, 0.6722, 4.1925, 0.6530, 4.1414, 0.3361, 106.60
280, 480, 28, 41, 0.7056, 1.0676, 0.0069, 1.0676, 0.2822, 229.00
280, 482, 24, 113, 0.7611, 1.2918, 1.0231, 0.7886, 0.3806, 175.00
280, 488, 38, 117, 0.8222, 1.1818, -0.3940, -1.1141, 0.5756, 182.43
280, 492, 20, 93, 0.6000, 14.2760, 7.4820, 12.1583, 0.1800, 174.67
280, 493, 35, 65, 0.6000, 27.1353, -0.8414, -27.1223, 0.1800, 213.00
280, 425, 137, 25, 0.7000, 3.6869, 3.6858, -0.0896, 0.7000, 232.81
280, 465, 95, 36, 0.6000, 2.9507, 2.7738, 1.0062, 0.6000, 211.04
280, 484, 100, 24, 0.6111, 30.4280, 25.8303, -16.0829, 0.3056, 185.30
280, 485, 0, 91, 0.6667, 7.3843, -7.3390, -0.8168, 0.4000, 183.08
281, 465, 87, 32, 1.0000, 0.3196, -0.0523, -0.3153, 1.0000, 208.88
281, 474, 35, 0, 0.6000, 9.4770, 9.4770, -0.0228, 0.1800, 218.00
281, 480, 28, 42, 0.7611, 1.0474, 0.0050, 1.0474, 0.3806, 229.60
281, 482, 26, 120, 0.7667, 6.6076, 1.7684, 6.3665, 0.4600, 169.83
281, 488, 39, 117, 0.8778, 0.6041, 0.4766, -0.3712, 0.7022, 181.50
281, 491, 10, 21, 0.6000, 64.5866, -25.9766, -59.1324, 0.1800, 196.17
281, 492, 32, 96, 0.6556, 12.3848, 11.9075, 3.4051, 0.2622, 175.62
281, 493, 43, 8, 0.6556, 53.2829, 6.5215, -52.8823, 0.2622, 217.50
281, 425, 141, 25, 0.6000, 3.6869, 3.6858, -0.0896, 0.6000, 232.81
281, 437, 120, 99, 0.5722, 4.1925, 0.6530, 4.1414, 0.2861, 106.60
281, 484, 125, 8, 0.5111, 30.4280, 25.8303, -16.0829, 0.2556, 185.30
281, 485, -7, 91, 0.5667, 7.3843, -7.3390, -0.8168, 0.3400, 183.08
282, 465, 87, 30, 1.0000, 1.7452, -0.0503, -1.7445, 1.0000, 206.54
282, 439, 38, 83, 0.5625, 0.0181, -0.0145, 0.0109, 0.2250, 191.25
282, 474, 42, 10, 0.6556, 11.5272, 7.9687, 8.3292, 0.2622, 214.50
282, 437, 125, 118, 0.6806, 12.5974, 3.2146, 12.1803, 0.4083, 101.17
282, 480, 28, 43, 0.8167, 1.0082, 0.0009, 1.0082, 0.4900, 226.33
282, 482, 34, 123, 0.8222, 8.0165, 7.4014, 3.0795, 0.5756, 163.43
282, 488, 39, 116, 0.9333, 0.7808, 0.2395, -0.7432, 0.8400, 178.94
282, 492, 41, 95, 0.7111, 8.7474, 8.7407, -0.3425, 0.3556, 175.30
282, 447, 17, 44, 0.5625, 0.9364, 0.0469, 0.9353, 0.2250, 202.50
282, 425, 144, 24, 0.5000, 3.6869, 3.6858, -0.0896, 0.5000, 232.81
282, 491, -16, -38, 0.5000, 64.5866, -25.9766, -59.1324, 0.1500, 196.17
282, 493, 49, -44, 0.5556, 53.2829, 6.5215, -52.8823, 0.2222, 217.50
283, 465, 87, 30, 1.0000, 0.6009, -0.0128, -0.6008, 1.0000, 204.37
283, 439, 39, 84, 0.6722, 1.0698, 0.7621, 0.7508, 0.3361, 193.20
283, 474, 48, 12, 0.7111, 6.9755, 6.2709, 3.0552, 0.3556, 221.40
283, 480, 28, 44, 0.8722, 0.9963, -0.0004, 0.9963, 0.6106, 224.57
283, 486, 33, 82, 0.6000, 37.4532, 32.1364, -19.2352, 0.1800, 174.33
283, 492, 62, 77, 0.7667, 25.5151, 19.9436, -15.9145, 0.4600, 177.25
283, 457, 70, 47, 0.5625, 72.9502, -54.7417, -48.2191, 0.2250, 121.75
283, 495, 16, 117, 0.6000, 0.8987, -0.8974, 0.0482, 0.1800, 159.33
283, 437, 128, 130, 0.5806, 12.5974, 3.2146, 12.1803, 0.3483, 101.17
283, 482, 41, 126, 0.7222, 8.0165, 7.4014, 3.0795, 0.5056, 163.43
284, 465, 86, 29, 1.0000, 1.0395, -0.7352, -0.7349, 1.0000, 202.53
284, 439, 40, 84, 0.7306, 1.0793, 1.0441, 0.2735, 0.4383, 196.83
284, 474, 50, 12, 0.7667, 1.9948, 1.9942, -0.0490, 0.4600, 222.33
284, 480, 31, 46, 0.9278, 2.8664, 2.2676, 1.7533, 0.7422, 221.38
284, 447, 31, 57, 0.6222, 10.6708, 8.0826, 6.9670, 0.3111, 207.20
284, 457, 6, 5, 0.6222, 76.0333, -62.8493, -42.7905, 0.3111, 140.20
284, 494, 4, 12, 0.7056, 0.0251, -0.0112, -0.0224, 0.2822, 212.50
284, 495, 26, 115, 0.6556, 8.9678, 8.8364, -1.5292, 0.2622, 161.00
284, 503, 31, 114, 0.6000, 3.7879, 3.7879, 0.0000, 0.1800, 159.00
284, 482, 49, 129, 0.6222, 8.0165, 7.4014, 3.0795, 0.4356, 163.43
284, 486, 66, 62, 0.5000, 37.4532, 32.1364, -19.2352, 0.1500, 174.33
285, 465, 87, 30, 1.0000, 0.6832, 0.4358, 0.5262, 1.0000, 200.79
285, 474, 49, 11, 0.8222, 0.4875, -0.1516, -0.4633, 0.5756, 226.36
285, 480, 30, 55, 0.9333, 8.0652, 0.1440, 8.0640, 0.8400, 224.00
285, 482, 64, 127, 0.8778, 10.6917, 10.6371, 1.0792, 0.7022, 162.50
285, 485, 0, 94, 0.8222, 1.1483, 0.9081, 0.7029, 0.5756, 180.79
285, 447, 34, 73, 0.6806, 15.4486, 2.9520, 15.1639, 0.4083, 207.28
285, 494, 4, 14, 0.7611, 1.5056, -0.0105, 1.5055, 0.3806, 212.20
285, 414, 76, 76, 0.5400, 35.1435, -0.0963, 35.1433, 0.2700, 179.20
285, 439, 41, 84, 0.6306, 1.0793, 1.0441, 0.2735, 0.3783, 196.83
285, 457, -56, -38, 0.5222, 76.0333, -62.8493, -42.7905, 0.2611, 140.20
285, 495, 35, 114, 0.5556, 8.9678, 8.8364, -1.5292, 0.2222, 161.00
285, 503, 35, 114, 0.5000, 3.7879, 3.7879, 0.0000, 0.1500, 159.00
286, 465, 87, 30, 1.0000, 0.4431, 0.2940, 0.3315, 1.0000, 199.31
286, 439, 42, 85, 0.7881, 1.1292, 1.0251, 0.4736, 0.5517, 200.29
286, 474, 50, 12, 0.8778, 0.7248, 0.4152, 0.5941, 0.7022, 229.94
286, 480, 28, 61, 0.9889, 6.9344, -1.7822, 6.7014, 0.9889, 223.70
286, 482, 82, 119, 0.9333, 18.9644, 17.5481, -7.1911, 0.8400, 157.11
286, 486, 83, 49, 0.6556, 15.7373, 12.8398, -9.0995, 0.2622, 181.50
286, 447, 30, 91, 0.7381, 18.7467, -3.1028, 18.4882, 0.5167, 203.81
286, 495, 31, 116, 0.7111, 1.2456, 1.1118, 0.5617, 0.3556, 163.80
286, 414, 57, 97, 0.6000, 28.1602, -16.6752, 22.6922, 0.3600, 174.83
286, 497, 34, 35, 0.6000, 37.2125, -36.1298, 8.9110, 0.1800, 195.33
286, 503, 40, 118, 0.7056, 5.1164, 4.6383, 2.1595, 0.2822, 154.75
286, 494, 4, 15, 0.6611, 1.5056, -0.0105, 1.5055, 0.3306, 212.20
287, 439, 43, 85, 0.8451, 1.0111, 1.0045, 0.1159, 0.6761, 199.62
287, 474, 50, 12, 0.9333, 0.3455, 0.1807, 0.2945, 0.8400, 231.39
287, 480, 36, 69, 1.0000, 10.0901, 6.7799, 7.4728, 1.0000, 221.00
287, 486, 84, 48, 0.7111, 2.2526, 1.7872, -1.3711, 0.3556, 186.00
287, 447, 24, 101, 0.7951, 11.9080, -6.1660, 10.1873, 0.6361, 198.96
287, 497, 4, 51, 0.6556, 33.9348, -30.4684, 14.9415, 0.2622, 199.00
287, 498, 20, 49, 0.6000, 31.6461, 9.7965, -30.0915, 0.1800, 192.33
287, 499, 50, 17, 0.6000, 69.8651, 35.4323, -60.2136, 0.1800, 188.00
287, 501, 31, 34, 0.6000, 61.8789, 10.5290, -60.9766, 0.1800, 183.33
287, 503, 64, 119, 0.7111, 22.2777, 22.2359, 1.3646, 0.3556, 152.40
287, 482, 99, 112, 0.8333, 18.9644, 17.5481, -7.1911, 0.7500, 157.11
287, 494, 4, 17, 0.5611, 1.5056, -0.0105, 1.5055, 0.2806, 212.20
287, 414, 40, 120, 0.5000, 28.1602, -16.6752, 22.6922, 0.3000, 174.83
288, 467, 21, 47, 0.6000, 16.5559, 16.4430, 1.9301, 0.1800, 202.67
288, 439, 43, 86, 0.9019, 0.7750, 0.2382, 0.7375, 0.8117, 200.89
288, 474, 50, 12, 0.9889, 0.0272, 0.0084, 0.0258, 0.9889, 230.15
288, 480, 40, 84, 1.0000, 14.6912, 4.4726, 13.9939, 1.0000, 217.67
288, 482, 122, 92, 0.9889, 25.1558, 20.3067, -14.8476, 0.9889, 150.50
288, 447, 30, 116, 0.8519, 15.7526, 4.9744, 14.9466, 0.7667, 195.30
288, 494, 11, 41, 0.7667, 11.2403, 2.8793, 10.8653, 0.4600, 210.17
288, 414, 32, 94, 0.6587, 13.0924, -11.9973, -5.2417, 0.4611, 175.57
288, 497, 1, 71, 0.7111, 20.4173, -5.7016, 19.6050, 0.3556, 195.00
288, 498, 41, 27, 0.6556, 30.5625, 19.8290, -23.2568, 0.2622, 195.25
288, 426, 28, 53, 0.5400, 0.9833, -0.0469, -0.9822, 0.2700, 225.00
288, 508, 50, 95, 0.6000, 2.1579, 1.8705, 1.0761, 0.1800, 190.00
288, 499, 86, -43, 0.5000, 69.8651, 35.4323, -60.2136, 0.1500, 188.00
288, 501, 41, -27, 0.5000, 61.8789, 10.5290, -60.9766, 0.1500, 183.33
289, 439, 44, 86, 0.9583, 0.7526, 0.7019, 0.2716, 0.9583, 201.90
289, 474, 51, 12, 1.0000, 0.7415, 0.7408, -0.0331, 1.0000, 232.23
289, 482, 125, 90, 1.0000, 5.3749, 4.5534, -2.8558, 1.0000, 144.50
289, 447, 34, 120, 0.9083, 6.6023, 4.3273, 4.9865, 0.9083, 190.67
289, 426, 27, 52, 0.6500, 1.2596, -0.7500, -1.0119, 0.3900, 222.50
289, 508, 51, 95, 0.7056, 1.3024, 1.2786, 0.2476, 0.2822, 185.50
289, 467, 38, 49, 0.5000, 16.5559, 16.4430, 1.9301, 0.1500, 202.67
289, 480, 45, 98, 0.9000, 14.6912, 4.4726, 13.9939, 0.9000, 217.67
289, 497, -4, 91, 0.6111, 20.4173, -5.7016, 19.6050, 0.3056, 195.00
289, 498, 61, 4, 0.5556, 30.5625, 19.8290, -23.2568, 0.2222, 195.25
290, 439, 45, 86, 1.0000, 0.9933, 0.9933, -0.0003, 1.0000, 203.18
290, 474, 52, 13, 1.0000, 1.2854, 1.0457, 0.7475, 1.0000, 233.12
290, 480, 63, 113, 1.0000, 19.2899, 12.4740, 14.7139, 1.0000, 212.46
290, 447, 35, 120, 0.9646, 1.7163, 1.6602, 0.4354, 0.9646, 190.24
290, 426, 23, 48, 0.7087, 4.6818, -3.3237, -3.2973, 0.4961, 219.43
290, 505, 35, 91, 0.6556, 12.1464, 0.7814, 12.1213, 0.2622, 193.50
290, 508, 54, 95, 0.7611, 2.5159, 2.5154, -0.0501, 0.3806, 191.80
291, 439, 46, 87, 1.0000, 1.2566, 1.0418, 0.7027, 1.0000, 203.50
291, 474, 52, 13, 1.0000, 0.4113, 0.2913, 0.2904, 1.0000, 233.58
291, 303, 121, 110, 0.5143, 67.9449, 67.6188, 6.6486, 0.3600, 146.00
291, 447, 36, 119, 1.0000, 0.9469, 0.7617, -0.5624, 1.0000, 186.89
291, 496, 47, 11, 0.6000, 20.9579, 18.3637, 10.1000, 0.1800, 217.00
291, 426, 23, 48, 0.7667, 1.1775, -0.3936, -1.1098, 0.6133, 216.88
291, 480, 76, 128, 0.9000, 19.2899, 12.4740, 14.7139, 0.9000, 212.46
291, 505, 36, 103, 0.5556, 12.1464, 0.7814, 12.1213, 0.2222, 193.50
291, 508, 56, 95, 0.6611, 2.5159, 2.5154, -0.0501, 0.3306, 191.80
292, 467, 36, 79, 0.6556, 9.6635, 0.1696, 9.6620, 0.2622, 197.50
292, 439, 47, 87, 1.0000, 1.0585, 1.0182, 0.2892, 1.0000, 201.92
292, 474, 52, 14, 1.0000, 0.7669, -0.0413, 0.7658, 1.0000, 233.75
292, 447, 34, 123, 1.0000, 3.9034, -1.5048, 3.6017, 1.0000, 183.59
292, 505, 37, 120, 0.7111, 14.8427, 1.1074, 14.8013, 0.3556, 185.20
292, 508, 58, 96, 0.8167, 2.1417, 2.0760, 0.5266, 0.4900, 186.50
292, 480, 88, 142, 0.8000, 19.2899, 12.4740, 14.7139, 0.8000, 212.46
292, 496, 65, 21, 0.5000, 20.9579, 18.3637, 10.1000, 0.1500, 217.00
292, 426, 23, 46, 0.6667, 1.1775, -0.3936, -1.1098, 0.5333, 216.88
293, 467, 39, 92, 0.7111, 13.6518, 2.2500, 13.4651, 0.3556, 195.20
293, 439, 48, 88, 1.0000, 1.2503, 1.0012, 0.7488, 1.0000, 201.07
293, 474, 53, 14, 1.0000, 0.7487, 0.7057, 0.2501, 1.0000, 232.63
293, 426, 25, 49, 0.8241, 1.2749, 0.9028, 0.9002, 0.7417, 216.56
293, 505, 38, 122, 0.7667, 3.5250, 1.0419, 3.3675, 0.4600, 179.50
293, 508, 59, 96, 0.8722, 1.2218, 1.2127, 0.1490, 0.6106, 185.86
293, 461, 9, 18, 0.5625, 51.1974, -48.3127, 16.9428, 0.2250, 185.25
293, 480, 101, 157, 0.7000, 19.2899, 12.4740, 14.7139, 0.7000, 212.46
293, 447, 33, 127, 0.9000, 3.9034, -1.5048, 3.6017, 0.9000, 183.59
294, 439, 48, 89, 1.0000, 1.0378, 0.2669, 1.0029, 1.0000, 200.27
294, 474, 52, 15, 1.0000, 0.8880, -0.4827, 0.7454, 1.0000, 232.38
294, 480, 93, 121, 1.0000, 6.1669, 5.9452, -1.6386, 1.0000, 206.21
294, 496, 62, 43, 0.6556, 10.8830, 1.9841, 10.7006, 0.2622, 213.00
294, 508, 61, 96, 0.9278, 1.6898, 1.6897, -0.0173, 0.7422, 189.38
294, 447, 31, 130, 0.8000, 3.9034, -1.5048, 3.6017, 0.8000, 183.59
295, 439, 49, 89, 1.0000, 0.7542, 0.6860, 0.3135, 1.0000, 200.44
295, 474, 52, 16, 1.0000, 1.0509, -0.2907, 1.0099, 1.0000, 232.12
295, 490, 3, 105, 0.6000, 30.2650, -14.2929, 26.6774, 0.1800, 173.33
295, 496, 47, 77, 0.7111, 35.5411, -13.1822, 33.0060, 0.3556, 208.20
295, 508, 45, 93, 0.9333, 13.9709, -13.7834, -2.2813, 0.8400, 188.67
295, 447, 30, 134, 0.7000, 3.9034, -1.5048, 3.6017, 0.7000, 183.59
296, 439, 50, 90, 1.0000, 1.2040, 0.9783, 0.7019, 1.0000, 200.06
296, 474, 52, 17, 1.0000, 1.0422, -0.0440, 1.0413, 1.0000, 231.94
296, 490, -12, 131, 0.5000, 30.2650, -14.2929, 26.6774, 0.1500, 173.33
296, 447, 28, 138, 0.6000, 3.9034, -1.5048, 3.6017, 0.6000, 183.59
297, 439, 49, 90, 1.0000, 0.4738, -0.3968, 0.2588, 1.0000, 198.92
297, 474, 52, 17, 1.0000, 0.2687, 0.0254, 0.2675, 1.0000, 232.53
297, 515, 47, 12, 0.6000, 67.7462, 8.1248, -67.2573, 0.1800, 210.00
297, 447, 27, 141, 0.5000, 3.9034, -1.5048, 3.6017, 0.5000, 183.59
298, 439, 51, 91, 1.0000, 1.3107, 1.0967, 0.7178, 1.0000, 199.45
298, 474, 52, 18, 1.0000, 0.6966, 0.0169, 0.6964, 1.0000, 232.75
298, 487, 46, 94, 0.6000, 11.0044, 8.6838, -6.7594, 0.1800, 172.33
298, 490, 2, 113, 0.6556, 3.9978, 3.0672, -2.5642, 0.2622, 168.50
298, 121, 119, 117, 0.5321, 1.8943, 1.8617, 0.3501, 0.5321, 94.14
298, 515, 56, -55, 0.5000, 67.7462, 8.1248, -67.2573, 0.1500, 210.00
299, 439, 43, 85, 1.0000, 8.0506, -6.5440, -4.6892, 1.0000, 199.22
299, 474, 52, 19, 1.0000, 0.9855, 0.0031, 0.9855, 1.0000, 232.33
299, 487, 52, 91, 0.6556, 7.6541, 6.8859, -3.3421, 0.2622, 179.25
299, 490, 19, 107, 0.7111, 16.9599, 15.7743, -6.2297, 0.3556, 167.80
299, 506, 13, 9, 0.6000, 81.7718, -2.8072, -81.7236, 0.1800, 188.67
299, 514, 4, 80, 0.6556, 12.4257, -12.2184, 2.2604, 0.2622, 182.50
300, 474, 52, 20, 1.0000, 1.0401, -0.0013, 1.0401, 1.0000, 232.14
300, 486, 113, 42, 1.0000, 1.2398, 1.2246, 0.1932, 1.0000, 175.27
300, 487, 54, 91, 0.7111, 2.1901, 2.1618, -0.3511, 0.3556, 184.00
300, 502, 49, 107, 0.6000, 20.9336, 19.0917, 8.5862, 0.1800, 166.00
300, 506, 10, -73, 0.5000, 81.7718, -2.8072, -81.7236, 0.1500, 188.67
300, 514, -8, 82, 0.5556, 12.4257, -12.2184, 2.2604, 0.2222, 182.50
301, 474, 52, 20, 1.0000, 0.2884, -0.0010, 0.2884, 1.0000, 232.13
301, 487, 54, 92, 0.7667, 0.6835, 0.5852, 0.3531, 0.4600, 182.42
301, 519, 29, 27, 0.6000, 15.9779, 9.8715, -12.5637, 0.1800, 206.00
301, 502, 68, 115, 0.5000, 20.9336, 19.0917, 8.5862, 0.1500, 166.00
302, 474, 52, 21, 1.0000, 0.6892, -0.0002, 0.6892, 1.0000, 232.33
302, 487, 48, 102, 0.8222, 10.8189, -5.4385, 9.3527, 0.5756, 181.79
302, 502, 75, 103, 0.6556, 12.8395, 12.4473, -3.1491, 0.2622, 164.75
302, 519, 31, 24, 0.6556, 4.8310, 2.9847, -3.7987, 0.2622, 205.50
303, 402, 25, 37, 1.0000, 1.2772, -0.8369, -0.9648, 1.0000, 177.15
303, 474, 52, 22, 1.0000, 0.9763, 0.0001, 0.9763, 1.0000, 232.40
303, 487, 40, 113, 0.8778, 13.2864, -8.2738, 10.3958, 0.7022, 177.31
303, 502, 79, 96, 0.7111, 7.8296, 3.8947, -6.7923, 0.3556, 168.00
303, 519, 34, 21, 0.5556, 4.8310, 2.9847, -3.7987, 0.2222, 205.50
304, 474, 52, 22, 1.0000, 0.3202, 0.0001, 0.3202, 1.0000, 233.08
304, 509, 76, 97, 0.6000, 66.2098, 60.1426, -27.6877, 0.1800, 149.67
304, 517, 115, 43, 0.6000, 59.1199, 46.0945, 37.0197, 0.1800, 172.83
305, 474, 53, 23, 1.0000, 1.0011, 0.7142, 0.7015, 1.0000, 233.78
305, 519, 52, 20, 0.7111, 7.9110, 7.8532, -0.9545, 0.3556, 203.20
305, 509, 136, 70, 0.5000, 66.2098, 60.1426, -27.6877, 0.1500, 149.67
305, 517, 161, 80, 0.5000, 59.1199, 46.0945, 37.0197, 0.1500, 172.83
306, 474, 53, 23, 1.0000, 0.4162, 0.3214, 0.2644, 1.0000, 233.04
306, 507, 90, 99, 0.6000, 35.8026, 33.5617, 12.4675, 0.1800, 156.33
306, 516, 22, 70, 0.6000, 70.3909, -9.2803, 69.7765, 0.1800, 203.33
306, 525, 7, 103, 0.6000, 30.4490, -13.3267, 27.3777, 0.1800, 178.33
307, 474, 53, 24, 1.0000, 0.7138, 0.0310, 0.7131, 1.0000, 232.45
307, 511, 121, 13, 0.6000, 50.4254, 42.1031, -27.7498, 0.1800, 179.00
307, 524, 42, 68, 0.6000, 30.8765, 1.8006, 30.8240, 0.1800, 200.67
307, 527, 59, 89, 0.6000, 3.7882, 0.0469, 3.7879, 0.1800, 171.33
307, 507, 123, 112, 0.5000, 35.8026, 33.5617, 12.4675, 0.1500, 156.33
307, 516, 12, 140, 0.5000, 70.3909, -9.2803, 69.7765, 0.1500, 203.33
307, 525, -6, 131, 0.5000, 30.4490, -13.3267, 27.3777, 0.1500, 178.33
308, 474, 54, 24, 1.0000, 0.7227, 0.6639, 0.2857, 1.0000, 231.93
308, 522, 8, 91, 0.6000, 0.8479, 0.8477, 0.0181, 0.1800, 226.67
308, 524, 33, 95, 0.6556, 28.4960, -7.8305, 27.3990, 0.2622, 195.12
308, 527, 43, 104, 0.6556, 19.4216, -13.5907, 13.8741, 0.2622, 168.25
308, 511, 163, -15, 0.5000, 50.4254, 42.1031, -27.7498, 0.1500, 179.00
309, 474, 41, 12, 1.0000, 15.0727, -10.8607, -10.4514, 1.0000, 231.42
309, 522, 10, 90, 0.7056, 1.9767, 1.8215, -0.7678, 0.2822, 222.75
309, 524, 48, 119, 0.7111, 27.5495, 12.8852, 24.3505, 0.3556, 186.50
309, 527, 13, 122, 0.7111, 33.6336, -28.6714, 17.5832, 0.3556, 164.60
310, 522, 12, 91, 0.7611, 2.1400, 2.0861, 0.4772, 0.3806, 228.40
310, 425, 123, 12, 0.5100, 0.0657, 0.0656, -0.0016, 0.5100, 121.07
310, 524, 61, 143, 0.6111, 27.5495, 12.8852, 24.3505, 0.3056, 186.50
310, 527, -16, 140, 0.6111, 33.6336, -28.6714, 17.5832, 0.3056, 164.60
311, 522, 26, 72, 0.7667, 20.8744, 12.7593, -16.5209, 0.4600, 226.67
311, 483, 61, 24, 0.5625, 62.5016, -61.9639, 8.1810, 0.2250, 148.75
311, 530, 51, 92, 0.6000, 1.3890, 0.9822, 0.9822, 0.1800, 184.33
311, 531, 66, 94, 0.6000, 1.9174, 1.9174, 0.0000, 0.1800, 171.00
311, 532, 63, 98, 0.6000, 1.3562, 0.9822, 0.9353, 0.1800, 177.33
312, 483, 3, 56, 0.6222, 65.8967, -59.1218, 29.1031, 0.3111, 160.80
312, 528, 53, 26, 0.6000, 37.4238, 37.0345, -5.3844, 0.1800, 219.00
312, 529, 14, 89, 0.6000, 30.0523, 11.7144, 27.6751, 0.1800, 221.67
312, 530, 31, 72, 0.6556, 24.1868, -17.1026, -17.1026, 0.2622, 191.50
312, 531, 54, 92, 0.6556, 10.1605, -10.0477, -1.5095, 0.2622, 174.00
312, 532, 64, 98, 0.7056, 1.0453, 1.0119, 0.2619, 0.2822, 176.75
313, 528, 80, 11, 0.6556, 31.3386, 27.7663, -14.5307, 0.2622, 210.50
313, 529, 18, 94, 0.6556, 9.8316, 5.0341, 8.4451, 0.2622, 229.00
313, 530, 5, 59, 0.7111, 28.0824, -24.7401, -13.2871, 0.3556, 193.00
313, 531, 38, 93, 0.7111, 15.3992, -15.3977, 0.2087, 0.3556, 173.70
313, 532, 68, 120, 0.7111, 20.0979, 3.2973, 19.8256, 0.3556, 167.00
313, 533, 37, 80, 0.6000, 53.1102, -39.6227, -35.3658, 0.1800, 152.00
313, 483, -57, 86, 0.5222, 65.8967, -59.1218, 29.1031, 0.2611, 160.80
314, 510, 67, 34, 0.6000, 1.9383, 1.9383, -0.0033, 0.1800, 203.00
314, 529, 20, 93, 0.7111, 1.9132, 1.8308, -0.5554, 0.3556, 233.80
314, 531, 27, 74, 0.7667, 20.0052, -11.2866, -16.5173, 0.4600, 181.08
314, 533, 4, 58, 0.6556, 41.1177, -33.8777, -23.3017, 0.2622, 167.25
314, 528, 107, -4, 0.5556, 31.3386, 27.7663, -14.5307, 0.2222, 210.50
314, 530, -19, 46, 0.6111, 28.0824, -24.7401, -13.2871, 0.3056, 193.00
314, 532, 71, 140, 0.6111, 20.0979, 3.2973, 19.8256, 0.3056, 167.00
315, 510, 59, 28, 0.6556, 8.1899, -6.2641, -5.2760, 0.2622, 211.25
315, 489, 24, 4, 0.5625, 6.8221, -6.2780, 2.6699, 0.2250, 222.25
315, 504, 27, 73, 0.5625, 20.5117, 14.0288, -14.9640, 0.2250, 179.00
315, 530, -44, 33, 0.5111, 28.0824, -24.7401, -13.2871, 0.2556, 193.00
315, 533, -30, 35, 0.5556, 41.1177, -33.8777, -23.3017, 0.2222, 167.25
316, 510, 57, 27, 0.7111, 2.7920, -2.5379, -1.1638, 0.3556, 210.10
316, 489, 16, 7, 0.6222, 7.9373, -7.2927, 3.1334, 0.3111, 221.40
316, 504, 17, 41, 0.6222, 30.0228, -7.3927, -29.0984, 0.3111, 184.00
317, 510, 37, 11, 0.7667, 23.2439, -18.4022, -14.1999, 0.4600, 210.75
317, 489, 9, 10, 0.6806, 7.8391, -7.2032, 3.0927, 0.4083, 220.33
317, 504, 7, 24, 0.6806, 20.7772, -9.1379, -18.6599, 0.4083, 189.00
317, 429, 74, 44, 0.5250, 12.2060, -3.5896, 11.6663, 0.3150, 178.67
317, 535, 59, 29, 0.6000, 33.7191, 14.4548, -30.4636, 0.1800, 230.33
317, 536, 29, 74, 0.6000, 7.3068, -7.0829, -1.7948, 0.1800, 197.00
318, 401, 78, 35, 0.5250, 58.2802, 0.9219, -58.2729, 0.3150, 159.50
318, 489, 2, 42, 0.7381, 29.8436, -7.0348, 29.0026, 0.5167, 214.86
318, 529, 27, 73, 0.9333, 1.3224, 1.1681, 0.6200, 0.8400, 223.28
318, 429, 79, 70, 0.5841, 24.2690, 3.4685, 24.0199, 0.4089, 178.00
318, 535, 70, 22, 0.6556, 16.0462, 11.9088, -10.7546, 0.2622, 221.25
318, 536, 19, 50, 0.6556, 22.8891, -9.0239, -21.0352, 0.2622, 200.25
319, 518, 60, 27, 0.6000, 22.1037, 18.2465, 12.4756, 0.1800, 217.00
319, 536, 13, 38, 0.7111, 14.6446, -6.9736, -12.8776, 0.3556, 200.00
319, 542, 27, 48, 0.6000, 66.0968, -48.3748, -45.0408, 0.1800, 184.00
319, 535, 82, 11, 0.5556, 16.0462, 11.9088, -10.7546, 0.2222, 221.25
320, 518, 64, 29, 0.6556, 7.1261, 5.7660, 4.1875, 0.2622, 226.50
320, 429, 80, 95, 0.6424, 10.8231, 0.3139, 10.8185, 0.5139, 175.62
320, 535, 87, 29, 0.7111, 9.7915, 7.8967, 5.7893, 0.3556, 211.40
320, 536, 22, 19, 0.7667, 20.2363, 7.8267, -18.6615, 0.4600, 204.58
320, 542, -21, 2, 0.5000, 66.0968, -48.3748, -45.0408, 0.1500, 184.00
321, 518, 64, 29, 0.7111, 0.5247, 0.5190, -0.0774, 0.3556, 225.40
321, 429, 74, 103, 0.7000, 10.2935, -5.5913, 8.6425, 0.6300, 174.44
321, 536, 27, 15, 0.8222, 7.5342, 4.7309, -5.8636, 0.5756, 209.21
322, 518, 64, 27, 0.7667, 1.4095, 0.1221, -1.4042, 0.4600, 227.00
322, 536, 27, 15, 0.8778, 0.5948, 0.5690, -0.1732, 0.7022, 211.56
322, 513, 14, 43, 0.5625, 1.3376, 1.0761, 0.7944, 0.2250, 198.25
322, 545, 29, 79, 0.6000, 0.9822, 0.0000, 0.9822, 0.1800, 209.00
323, 518, 64, 27, 0.8222, 0.5152, -0.0307, -0.5143, 0.5756, 228.64
323, 536, 26, 15, 0.9333, 0.4812, -0.4810, -0.0120, 0.8400, 215.39
323, 513, 18, 59, 0.6222, 14.2419, 3.2667, 13.8622, 0.3111, 198.40
323, 544, 49, 15, 0.6000, 55.1591, 33.3003, -43.9729, 0.1800, 203.00
323, 545, 24, 69, 0.6556, 9.8970, -4.5286, -8.8001, 0.2622, 204.25
324, 518, 65, 27, 0.8778, 0.7548, 0.7546, 0.0194, 0.7022, 231.44
324, 540, 65, 102, 0.6000, 34.6639, -24.9880, -24.0247, 0.1800, 134.00
324, 513, 28, 80, 0.6806, 22.3609, 9.4586, 20.2620, 0.4083, 200.83
324, 545, 17, 60, 0.7111, 10.7165, -6.2458, -8.7082, 0.3556, 203.20
324, 544, 83, -29, 0.5000, 55.1591, 33.3003, -43.9729, 0.1500, 203.00
325, 518, 75, 42, 0.9333, 16.1096, 8.9075, 13.4229, 0.8400, 224.39
325, 540, 22, 63, 0.6556, 54.8666, -40.7692, -36.7180, 0.2622, 153.75
325, 513, 30, 84, 0.7381, 6.5083, 3.1304, 5.7060, 0.5167, 200.71
325, 545, 22, 45, 0.7667, 14.7230, 3.6291, -14.2687, 0.4600, 202.83
326, 432, 52, 67, 0.5250, 0.0664, 0.0469, 0.0469, 0.3150, 217.33
326, 540, -19, 26, 0.5556, 54.8666, -40.7692, -36.7180, 0.2222, 153.75
327, 500, 92, 96, 0.5625, 1.9109, 1.9108, -0.0118, 0.2250, 127.00
327, 537, 83, 104, 0.6000, 23.6786, 23.5102, -2.8191, 0.1800, 148.00
327, 543, 118, 5, 0.6000, 79.6436, 79.5590, 3.6702, 0.1800, 187.33
327, 546, 20, 16, 0.6000, 50.0045, -5.3713, -49.7151, 0.1800, 197.33
327, 432, 63, 97, 0.5841, 28.1743, 9.8073, 26.4123, 0.4089, 214.29
328, 526, 67, 32, 0.6000, 28.9212, -0.9678, 28.9050, 0.1800, 199.33
328, 500, 93, 96, 0.6722, 1.2861, 1.2861, 0.0053, 0.3361, 127.60
328, 537, 88, 105, 0.6556, 7.4977, 7.4975, -0.0527, 0.2622, 143.50
328, 432, 78, 110, 0.6424, 20.2033, 14.2883, 14.2836, 0.5139, 205.38
328, 514, 65, 103, 0.5143, 34.2452, 33.9235, -4.6825, 0.3600, 158.43
328, 554, 22, 61, 0.6000, 0.9822, 0.9822, 0.0000, 0.1800, 215.33
328, 543, 198, 8, 0.5000, 79.6436, 79.5590, 3.6702, 0.1500, 187.33
328, 546, 14, -34, 0.5000, 50.0045, -5.3713, -49.7151, 0.1500, 197.33
329, 526, 52, 71, 0.6556, 40.2436, -13.0851, 38.0569, 0.2622, 193.25
329, 500, 96, 97, 0.7306, 2.6278, 2.5135, 0.7667, 0.4383, 127.00
329, 514, 75, 99, 0.5722, 12.6795, 11.9544, -4.2265, 0.4578, 155.88
329, 554, 23, 61, 0.7056, 1.0119, 1.0119, 0.0000, 0.2822, 212.75
329, 555, 66, 31, 0.6000, 68.1863, 52.1940, -43.8765, 0.1800, 198.33
329, 537, 95, 104, 0.5556, 7.4977, 7.4975, -0.0527, 0.2222, 143.50
329, 432, 92, 125, 0.5424, 20.2033, 14.2883, 14.2836, 0.4339, 205.38
330, 526, 21, 97, 0.7111, 39.6705, -29.0832, 26.9800, 0.3556, 187.60
330, 500, 97, 97, 0.7881, 1.5628, 1.5354, 0.2915, 0.5517, 125.86
330, 538, 58, 121, 0.6000, 25.0964, -21.8562, 12.3345, 0.1800, 139.67
330, 554, 25, 61, 0.7611, 1.7703, 1.7703, 0.0000, 0.3806, 211.80
330, 555, 109, -2, 0.6556, 55.9232, 44.5451, -33.8104, 0.2622, 187.88
331, 500, 98, 97, 0.8451, 0.9841, 0.9841, -0.0003, 0.6761, 128.00
331, 538, 31, 122, 0.6556, 26.6189, -26.5463, 1.9643, 0.2622, 142.25
331, 541, 124, 60, 0.6000, 63.8237, 0.9560, -63.8166, 0.1800, 95.00
331, 512, 72, 26, 0.5625, 0.9100, 0.9100, -0.0059, 0.2250, 213.50
331, 554, 26, 61, 0.8167, 1.2919, 1.2919, 0.0000, 0.4900, 209.33
331, 555, 154, -36, 0.5556, 55.9232, 44.5451, -33.8104, 0.2222, 187.88
332, 500, 103, 97, 0.9019, 4.7179, 4.7177, -0.0424, 0.8117, 125.89
332, 512, 73, 26, 0.6722, 1.0398, 1.0398, 0.0026, 0.3361, 219.60
332, 554, 27, 61, 0.8722, 1.0007, 1.0007, 0.0000, 0.6106, 208.14
332, 561, 67, 117, 0.6000, 46.7813, 9.3995, 45.8273, 0.1800, 178.67
332, 538, 4, 124, 0.5556, 26.6189, -26.5463, 1.9643, 0.2222, 142.25
332, 541, 125, -4, 0.5000, 63.8237, 0.9560, -63.8166, 0.1500, 95.00
333, 500, 103, 97, 0.9583, 0.1618, 0.1610, -0.0164, 0.9583, 125.20
333, 512, 74, 26, 0.7306, 1.0263, 1.0263, 0.0017, 0.4383, 217.00
333, 550, 34, 14, 0.6000, 13.6503, -13.5306, -1.8041, 0.1800, 203.33
333, 554, 29, 60, 0.9278, 1.8731, 1.7138, -0.7560, 0.7422, 207.06
333, 523, 18, 53, 0.5625, 19.8193, -11.6181, -16.0570, 0.2250, 197.25
333, 559, 44, 43, 0.6000, 14.8549, -12.4673, 8.0767, 0.1800, 200.00
333, 561, 76, 163, 0.5000, 46.7813, 9.3995, 45.8273, 0.1500, 178.67
334, 500, 89, 106, 0.9646, 15.2753, -12.7869, 8.3564, 0.9646, 122.73
334, 537, 104, 97, 0.7111, 1.9547, 0.9840, -1.6890, 0.3556, 140.60
334, 512, 75, 26, 0.7881, 1.0042, 1.0042, 0.0003, 0.5517, 217.14
334, 550, 13, 11, 0.6556, 20.3614, -20.1623, -2.8405, 0.2622, 207.50
334, 554, 30, 61, 0.9833, 1.3596, 1.2818, 0.4532, 0.8850, 207.06
334, 559, 32, 51, 0.5000, 14.8549, -12.4673, 8.0767, 0.1500, 200.00
335, 539, 23, 118, 0.6000, 24.7011, -24.0199, -5.7612, 0.1800, 140.00
335, 512, 76, 25, 0.8451, 1.2546, 0.9978, -0.7604, 0.6761, 219.00
335, 549, 24, 11, 0.6000, 79.5970, -78.9521, 10.1117, 0.1800, 172.00
335, 554, 31, 61, 1.0000, 1.0491, 1.0072, 0.2934, 1.0000, 206.75
335, 523, 13, 23, 0.6222, 15.1541, -1.1713, -15.1088, 0.3111, 197.20
335, 559, 18, 54, 0.6556, 14.0424, -13.0860, 5.0936, 0.2622, 200.50
335, 550, -7, 8, 0.5556, 20.3614, -20.1623, -2.8405, 0.2222, 207.50
336, 539, 17, 107, 0.6556, 13.3709, -8.0981, -10.6397, 0.2622, 139.75
336, 512, 77, 25, 0.9019, 1.0415, 0.9985, -0.2962, 0.8117, 218.78
336, 554, 33, 61, 1.0000, 1.7049, 1.7042, 0.0514, 1.0000, 209.68
336, 523, 24, 2, 0.6806, 22.6552, 9.7216, -20.4633, 0.4083, 200.17
336, 563, 33, 5, 0.6000, 7.6297, 7.1414, 2.6857, 0.1800, 223.33
336, 549, -55, 21, 0.5000, 79.5970, -78.9521, 10.1117, 0.1500, 172.00
336, 559, 5, 59, 0.5556, 14.0424, -13.0860, 5.0936, 0.2222, 200.50
337, 512, 78, 25, 0.9583, 0.9998, 0.9997, -0.0054, 0.9583, 218.70
337, 554, 34, 61, 1.0000, 1.2889, 1.2887, -0.0230, 1.0000, 210.04
337, 559, 11, 66, 0.7111, 6.2754, -1.8724, 5.9896, 0.3556, 198.00
337, 521, 87, 111, 0.5625, 22.3844, 14.5030, 17.0507, 0.2250, 152.75
337, 539, 9, 96, 0.5556, 13.3709, -8.0981, -10.6397, 0.2222, 139.75
337, 563, 40, 7, 0.5000, 7.6297, 7.1414, 2.6857, 0.1500, 223.33
338, 539, 31, 70, 0.7111, 21.7227, 8.9717, -19.7835, 0.3556, 150.60
338, 512, 79, 25, 1.0000, 1.0010, 1.0001, 0.0417, 1.0000, 218.18
338, 554, 35, 61, 1.0000, 1.0135, 1.0134, -0.0174, 1.0000, 210.96
338, 563, 48, 1, 0.6556, 7.7030, 7.3616, -2.2679, 0.2622, 220.00
338, 521, 91, 115, 0.6222, 7.7879, 5.0667, 5.9144, 0.3111, 147.80
339, 512, 80, 24, 1.0000, 1.2356, 1.0001, -0.7256, 1.0000, 218.00
339, 554, 20, 58, 1.0000, 13.1092, -12.9239, -2.1962, 1.0000, 210.29
339, 521, 91, 115, 0.6806, 0.9853, 0.7092, 0.6840, 0.4083, 146.83
339, 566, 100, 21, 0.6000, 26.2165, 26.0729, 2.7404, 0.1800, 177.33
339, 563, 55, -1, 0.5556, 7.7030, 7.3616, -2.2679, 0.2222, 220.00
340, 537, 67, 92, 0.9889, 0.3048, -0.1679, -0.2544, 0.9889, 157.90
340, 512, 81, 24, 1.0000, 1.0455, 1.0000, -0.3049, 1.0000, 219.08
340, 521, 91, 115, 0.7381, 0.3388, 0.2967, 0.1636, 0.5167, 146.29
340, 566, 106, 21, 0.6556, 8.6538, 8.6165, 0.8028, 0.2622, 171.50
340, 571, 126, 119, 0.6000, 45.0477, 29.9281, 33.6691, 0.1800, 99.00
341, 512, 82, 24, 1.0000, 1.0001, 1.0000, -0.0168, 1.0000, 219.29
341, 558, 35, 64, 0.6000, 68.6905, -32.5661, 60.4800, 0.1800, 205.00
341, 521, 92, 116, 0.7951, 1.0702, 0.7795, 0.7334, 0.6361, 145.50
341, 566, 106, 22, 0.7111, 0.8478, 0.4841, 0.6960, 0.3556, 170.80
341, 571, 156, 153, 0.5000, 45.0477, 29.9281, 33.6691, 0.1500, 99.00
342, 512, 83, 23, 1.0000, 1.2156, 1.0000, -0.6912, 1.0000, 219.87
342, 557, 86, 30, 0.6000, 21.1793, 19.7868, -7.5529, 0.1800, 196.33
342, 521, 93, 116, 0.8519, 1.0501, 1.0203, 0.2480, 0.7667, 143.11
342, 566, 105, 23, 0.7667, 0.9628, -0.3063, 0.9128, 0.4600, 166.50
342, 567, 55, 76, 0.6000, 3.1813, 1.7159, -2.6789, 0.1800, 186.33
342, 569, 21, 59, 0.6000, 26.5681, -9.7147, 24.7283, 0.1800, 227.33
342, 558, 3, 124, 0.5000, 68.6905, -32.5661, 60.4800, 0.1500, 205.00
343, 512, 84, 23, 1.0000, 1.0421, 1.0000, -0.2933, 1.0000, 220.75
343, 557, 89, 29, 0.6556, 6.0513, 5.6570, -2.1485, 0.2622, 191.00
343, 558, 32, 124, 0.6556, 26.5722, 1.9807, 26.4983, 0.2622, 188.00
343, 564, 10, 18, 0.6000, 14.5423, -6.4970, -13.0103, 0.1800, 207.33
343, 521, 95, 117, 0.9083, 1.9664, 1.8132, 0.7609, 0.9083, 141.60
343, 567, 67, 77, 0.6556, 11.2482, 11.2479, -0.0796, 0.2622, 184.25
343, 572, 81, 114, 0.6000, 1.3890, 0.9822, 0.9822, 0.1800, 131.67
343, 573, 65, 99, 0.6000, 44.7155, 35.5865, -27.0754, 0.1800, 156.67
343, 566, 105, 24, 0.6667, 0.9628, -0.3063, 0.9128, 0.4000, 166.50
343, 569, 11, 83, 0.5000, 26.5681, -9.7147, 24.7283, 0.1500, 227.33
344, 512, 85, 22, 1.0000, 1.2451, 1.0000, -0.7418, 1.0000, 219.65
344, 557, 88, 30, 0.7111, 0.5293, -0.4931, 0.1922, 0.3556, 187.80
344, 521, 96, 117, 0.9646, 1.3197, 1.2968, 0.2450, 0.9646, 140.00
344, 566, 119, 21, 0.8222, 8.4017, 8.3159, -1.1975, 0.5756, 164.57
344, 569, 19, 65, 0.6556, 0.4287, 0.3110, 0.2950, 0.2622, 222.00
344, 572, 57, 118, 0.6556, 21.1320, -20.8765, 3.2762, 0.2622, 138.00
344, 573, 94, 61, 0.6556, 47.3948, 29.5726, -37.0369, 0.2622, 158.25
344, 558, 34, 151, 0.5556, 26.5722, 1.9807, 26.4983, 0.2222, 188.00
344, 564, 4, 5, 0.5000, 14.5423, -6.4970, -13.0103, 0.1500, 207.33
344, 567, 79, 76, 0.5556, 11.2482, 11.2479, -0.0796, 0.2222, 184.25
345, 512, 86, 21, 1.0000, 1.4127, 1.0000, -0.9979, 1.0000, 217.89
345, 551, 39, 95, 0.6000, 59.3312, -36.3559, 46.8875, 0.1800, 200.00
345, 557, 87, 30, 0.7667, 1.0838, -1.0126, 0.3865, 0.4600, 185.67
345, 521, 97, 118, 1.0000, 1.2482, 0.9933, 0.7559, 1.0000, 138.58
345, 569, 20, 63, 0.7111, 1.3906, 0.6067, -1.2513, 0.3556, 216.40
345, 580, 84, 116, 0.6000, 25.2239, -25.1579, -1.8236, 0.1800, 114.67
345, 572, 36, 121, 0.5556, 21.1320, -20.8765, 3.2762, 0.2222, 138.00
345, 573, 124, 24, 0.5556, 47.3948, 29.5726, -37.0369, 0.2222, 158.25
346, 512, 87, 21, 1.0000, 1.0517, 1.0000, -0.3258, 1.0000, 216.05
346, 557, 87, 30, 0.8222, 0.3278, -0.3065, 0.1164, 0.5756, 184.14
346, 564, 24, 1, 0.6556, 7.9399, 6.7999, -4.0990, 0.2622, 209.00
346, 521, 98, 118, 1.0000, 0.9857, 0.9552, 0.2436, 1.0000, 137.92
346, 567, 91, 74, 0.7111, 7.1758, 7.1016, -1.0289, 0.3556, 180.60
346, 573, 111, 12, 0.7111, 23.0501, 5.1557, -22.4661, 0.3556, 156.80
346, 579, 125, 43, 0.6000, 33.7165, 6.3782, -33.1077, 0.1800, 110.00
346, 580, 40, 99, 0.6556, 44.3671, -41.8012, -14.8693, 0.2622, 131.25
346, 551, 2, 142, 0.5000, 59.3312, -36.3559, 46.8875, 0.1500, 200.00
347, 512, 88, 20, 1.0000, 1.2189, 1.0000, -0.6969, 1.0000, 215.65
347, 521, 99, 119, 1.0000, 1.2413, 0.9844, 0.7561, 1.0000, 138.50
347, 581, 79, 93, 0.6000, 49.8686, 43.0755, 25.1274, 0.1800, 212.67
347, 564, 30, -3, 0.5556, 7.9399, 6.7999, -4.0990, 0.2222, 209.00
347, 567, 98, 73, 0.6111, 7.1758, 7.1016, -1.0289, 0.3056, 180.60
347, 579, 131, 10, 0.5000, 33.7165, 6.3782, -33.1077, 0.1500, 110.00
347, 580, -2, 84, 0.5556, 44.3671, -41.8012, -14.8693, 0.2222, 131.25
348, 512, 89, 19, 1.0000, 1.3938, 1.0000, -0.9708, 1.0000, 214.57
348, 521, 100, 120, 1.0000, 1.4275, 1.0007, 1.0181, 1.0000, 138.00
348, 567, 121, 95, 0.7667, 20.4805, 16.3539, 12.3289, 0.4600, 164.17
348, 583, 14, 18, 0.6000, 1.9644, 0.0000, -1.9644, 0.1800, 218.00
348, 581, 122, 118, 0.5000, 49.8686, 43.0755, 25.1274, 0.1500, 212.67
349, 512, 90, 19, 1.0000, 1.0543, 1.0000, -0.3340, 1.0000, 214.05
349, 521, 101, 121, 1.0000, 1.4455, 1.0025, 1.0414, 1.0000, 138.50
349, 583, 13, 15, 0.7056, 2.8793, -0.7548, -2.7786, 0.2822, 215.25
349, 586, 78, 77, 0.6000, 56.9401, -34.1978, 45.5269, 0.1800, 147.67
350, 512, 91, 18, 1.0000, 1.2173, 1.0000, -0.6941, 1.0000, 213.87
350, 521, 102, 122, 1.0000, 1.4240, 1.0008, 1.0130, 1.0000, 139.41
350, 583, 13, 13, 0.7611, 2.3076, -0.2774, -2.2909, 0.3806, 217.00
350, 586, 33, 105, 0.6556, 52.8984, -43.6835, 29.8328, 0.2622, 154.25
350, 587, 88, 120, 0.6000, 1.4054, 0.9937, 0.9937, 0.1800, 126.00
351, 512, 92, 18, 1.0000, 1.0364, 1.0000, -0.2722, 1.0000, 213.88
351, 562, 1, 88, 0.6000, 0.9582, 0.9582, 0.0049, 0.1800, 230.00
351, 521, 102, 122, 1.0000, 0.3359, 0.2380, 0.2370, 1.0000, 138.39
351, 578, 37, 102, 0.6000, 24.2500, -14.6909, -19.2935, 0.1800, 156.33
351, 583, 13, 11, 0.8167, 1.9975, 0.0042, -1.9975, 0.4900, 219.00
351, 587, 90, 121, 0.7056, 2.0341, 1.7669, 1.0079, 0.2822, 128.25
351, 588, 18, 1, 0.6000, 0.9364, 0.0469, 0.9353, 0.1800, 253.00
351, 586, -11, 135, 0.5556, 52.8984, -43.6835, 29.8328, 0.2222, 154.25
352, 512, 93, 18, 1.0000, 1.0001, 1.0000, -0.0140, 1.0000, 212.82
352, 562, 3, 87, 0.7056, 1.9289, 1.7742, -0.7569, 0.2822, 234.38
352, 578, 4, 75, 0.6556, 40.6315, -30.9852, -26.2838, 0.2622, 165.50
352, 583, 13, 9, 0.8722, 1.9574, 0.0418, -1.9569, 0.6106, 219.57
352, 587, 91, 121, 0.7611, 1.3065, 1.2842, 0.2404, 0.3806, 128.80
352, 588, 18, 2, 0.7056, 1.0167, -0.0048, 1.0167, 0.2822, 252.25
352, 521, 102, 122, 0.9000, 0.3359, 0.2380, 0.2370, 0.9000, 138.39
353, 512, 93, 19, 1.0000, 0.7900, 0.3143, 0.7248, 1.0000, 210.25
353, 562, 4, 87, 0.7611, 1.3181, 1.2885, -0.2775, 0.3806, 238.50
353, 521, 105, 124, 1.0000, 1.8379, 1.5456, 0.9945, 1.0000, 140.32
353, 583, 13, 8, 0.9278, 1.2277, 0.0157, -1.2276, 0.7422, 220.81
353, 587, 92, 122, 0.8167, 1.2232, 0.9967, 0.7092, 0.4900, 133.33
353, 588, 18, 2, 0.7611, 0.2512, -0.0079, 0.2511, 0.3806, 252.20
353, 484, 115, 29, 0.5444, 0.3559, 0.2342, 0.2679, 0.5444, 153.25
353, 547, 35, 66, 0.5625, 13.0403, 12.5637, -3.4933, 0.2250, 190.25
353, 597, 89, 68, 0.6000, 26.4770, -10.4755, -24.3165, 0.1800, 137.67
353, 578, -27, 49, 0.5556, 40.6315, -30.9852, -26.2838, 0.2222, 165.50
354, 512, 86, 25, 1.0000, 7.4972, -5.4694, 5.1276, 1.0000, 208.98
354, 562, 6, 87, 0.8167, 1.7616, 1.7616, 0.0045, 0.4900, 238.08
354, 521, 106, 125, 1.0000, 1.5893, 1.1997, 1.0423, 1.0000, 141.10
354, 570, 120, 31, 0.6000, 13.1910, 11.4050, -6.6279, 0.1800, 139.00
354, 583, 12, 5, 0.9833, 2.5656, -0.7517, -2.4530, 0.8850, 222.06
354, 587, 93, 123, 0.8722, 1.3832, 0.9575, 0.9982, 0.6106, 133.14
354, 588, 19, 3, 0.8167, 1.0430, 0.7621, 0.7120, 0.4900, 252.17
354, 547, 52, 69, 0.6222, 16.8123, 16.7014, 1.9282, 0.3111, 190.80
354, 598, 72, 0, 0.6000, 3.9679, 2.8058, -2.8058, 0.1800, 183.67
354, 597, 79, 44, 0.5000, 26.4770, -10.4755, -24.3165, 0.1500, 137.67
355, 562, 7, 87, 0.8722, 1.2518, 1.2511, 0.0419, 0.6106, 239.93
355, 521, 122, 124, 1.0000, 13.8193, 13.8106, -0.4899, 1.0000, 138.14
355, 583, 12, 3, 1.0000, 2.3158, -0.3034, -2.2958, 1.0000, 221.55
355, 587, 94, 124, 0.9278, 1.4329, 0.9839, 1.0416, 0.7422, 133.12
355, 588, 19, 4, 0.8722, 1.0402, 0.2942, 0.9977, 0.6106, 252.57
355, 547, 60, 64, 0.6806, 9.9927, 9.0825, -4.1667, 0.4083, 190.50
355, 597, 71, 38, 0.6556, 16.5120, -9.0921, -13.7834, 0.2622, 157.75
355, 598, 71, 0, 0.7056, 0.7864, 0.0310, -0.7858, 0.2822, 186.62
355, 601, 96, 15, 0.6000, 1.3562, 0.9822, -0.9353, 0.1800, 194.00
355, 570, 132, 25, 0.5000, 13.1910, 11.4050, -6.6279, 0.1500, 139.00
356, 562, 9, 87, 0.9278, 1.7431, 1.7430, 0.0157, 0.7422, 240.94
356, 583, 11, 2, 1.0000, 1.5108, -0.7542, -1.3091, 1.0000, 222.32
356, 587, 95, 125, 0.9833, 1.4260, 0.9999, 1.0167, 0.8850, 135.67
356, 588, 19, 4, 0.9278, 0.2851, 0.0037, 0.2850, 0.7422, 252.88
356, 547, 62, 63, 0.7381, 3.1698, 2.5595, -1.8699, 0.5167, 198.00
356, 597, 32, 26, 0.7111, 38.5385, -36.4183, -12.6065, 0.3556, 168.00
356, 598, 70, 1, 0.7611, 1.4015, -1.1200, 0.8426, 0.3806, 187.70
356, 599, 126, 36, 0.6000, 4.5248, 4.2367, -1.5888, 0.1800, 133.33
356, 601, 97, 14, 0.7056, 1.4345, 1.0119, -1.0167, 0.2822, 196.25
356, 521, 135, 124, 0.9000, 13.8193, 13.8106, -0.4899, 0.9000, 138.14
357, 562, 10, 86, 0.9833, 1.4643, 1.2566, -0.7517, 0.8850, 238.67
357, 574, 27, 0, 0.6000, 1.3551, -0.9650, -0.9514, 0.1800, 224.00
357, 583, 11, 0, 1.0000, 1.6919, -0.2647, -1.6711, 1.0000, 223.46
357, 587, 104, 125, 1.0000, 7.7344, 7.7303, 0.2530, 1.0000, 131.10
357, 588, 19, 5, 0.9833, 0.7191, -0.0417, 0.7179, 0.8850, 252.78
357, 547, 62, 63, 0.7951, 0.4318, 0.4183, -0.1070, 0.6361, 203.38
357, 593, 101, 109, 0.6000, 26.2413, 17.2112, 19.8086, 0.1800, 129.33
357, 596, 39, 5, 0.6000, 73.7313, -73.2920, -8.0366, 0.1800, 165.33
357, 599, 127, 36, 0.7056, 1.1029, 1.0327, -0.3873, 0.2822, 128.75
357, 601, 98, 14, 0.7611, 1.0376, 1.0067, -0.2511, 0.3806, 197.20
357, 521, 149, 123, 0.8000, 13.8193, 13.8106, -0.4899, 0.8000, 138.14
357, 598, 69, 2, 0.6611, 1.4015, -1.1200, 0.8426, 0.3306, 187.70
358, 562, 11, 86, 1.0000, 1.0381, 0.9928, -0.3034, 1.0000, 236.60
358, 574, 15, 11, 0.6556, 14.4632, -10.8479, 9.5659, 0.2622, 221.25
358, 588, 20, 6, 1.0000, 1.2325, 0.7303, 0.9929, 1.0000, 252.80
358, 547, 63, 65, 0.8519, 1.8438, 0.5504, 1.7597, 0.7667, 202.11
358, 595, 106, 125, 0.7056, 3.1016, -3.0086, -0.7539, 0.2822, 122.38
358, 598, 62, 4, 0.8167, 4.7548, -4.4247, 1.7408, 0.4900, 190.42
358, 599, 123, 32, 0.7111, 4.4431, -3.2826, -2.9943, 0.3556, 132.20
358, 601, 99, 13, 0.8167, 1.2283, 1.0008, -0.7120, 0.4900, 193.00
358, 556, 2, 64, 0.5625, 12.5236, -2.8058, -12.2052, 0.2250, 185.38
358, 521, 163, 123, 0.7000, 13.8193, 13.8106, -0.4899, 0.7000, 138.14
358, 583, 11, -2, 0.9000, 1.6919, -0.2647, -1.6711, 0.9000, 223.46
358, 587, 111, 125, 0.9000, 7.7344, 7.7303, 0.2530, 0.9000, 131.10
358, 593, 119, 129, 0.5000, 26.2413, 17.2112, 19.8086, 0.1500, 129.33
358, 596, -34, -3, 0.5000, 73.7313, -73.2920, -8.0366, 0.1500, 165.33
359, 562, 13, 86, 1.0000, 1.7021, 1.7021, -0.0109, 1.0000, 236.82
359, 534, 65, 4, 0.5625, 30.0403, 18.1662, -23.9251, 0.2250, 196.50
359, 574, 10, 51, 0.7111, 36.8380, -5.3764, 36.4436, 0.3556, 220.40
359, 588, 20, 7, 1.0000, 1.0824, 0.3028, 1.0392, 1.0000, 252.82
359, 547, 65, 63, 0.9083, 1.8757, 1.6771, -0.8401, 0.9083, 204.90
359, 592, 51, 119, 0.6000, 50.9182, -32.1248, 39.5052, 0.1800, 165.00
359, 598, 56, 14, 0.8222, 10.7647, -5.8460, 9.0390, 0.5756, 194.93
359, 601, 100, 12, 0.8722, 1.4121, 0.9993, -0.9977, 0.6106, 193.29
359, 556, 24, 35, 0.6222, 32.1426, 18.8383, -26.0435, 0.3111, 190.90
359, 521, 177, 122, 0.6000, 13.8193, 13.8106, -0.4899, 0.6000, 138.14
359, 583, 10, -3, 0.8000, 1.6919, -0.2647, -1.6711, 0.8000, 223.46
359, 587, 119, 126, 0.8000, 7.7344, 7.7303, 0.2530, 0.8000, 131.10
359, 595, 102, 124, 0.6056, 3.1016, -3.0086, -0.7539, 0.2422, 122.38
359, 599, 120, 29, 0.6111, 4.4431, -3.2826, -2.9943, 0.3056, 132.20
360, 562, 14, 86, 1.0000, 1.2907, 1.2900, 0.0412, 1.0000, 237.62
360, 534, 67, 1, 0.6222, 7.2610, 4.2827, -5.8635, 0.3111, 195.00
360, 587, 121, 121, 1.0000, 5.6313, 5.3535, -1.7469, 1.0000, 125.00
360, 588, 20, 7, 1.0000, 0.2784, 0.0145, 0.2781, 1.0000, 252.83
360, 547, 67, 63, 0.9646, 2.1666, 2.0881, -0.5776, 0.9646, 204.73
360, 475, 118, 41, 0.5250, 75.2985, 74.9351, -7.3885, 0.3150, 194.67
360, 599, 94, 26, 0.7667, 16.4422, -16.1147, -3.2654, 0.4600, 138.17
360, 601, 101, 12, 0.9278, 1.0395, 0.9996, -0.2850, 0.7422, 191.75
360, 556, 45, 3, 0.6806, 37.5794, 20.2725, -31.6423, 0.4083, 191.75
360, 607, 43, 105, 0.6000, 56.8527, 17.0223, 54.2446, 0.1800, 190.33
360, 521, 191, 122, 0.5000, 13.8193, 13.8106, -0.4899, 0.5000, 138.14
360, 583, 10, -5, 0.7000, 1.6919, -0.2647, -1.6711, 0.7000, 223.46
360, 592, 18, 158, 0.5000, 50.9182, -32.1248, 39.5052, 0.1500, 165.00
360, 595, 99, 124, 0.5056, 3.1016, -3.0086, -0.7539, 0.2022, 122.38
360, 598, 50, 23, 0.7222, 10.7647, -5.8460, 9.0390, 0.5056, 194.93
361, 562, 16, 86, 1.0000, 1.7493, 1.7492, 0.0189, 1.0000, 236.65
361, 583, 0, 0, 1.0000, 3.4546, -3.4249, 0.4516, 1.0000, 224.12
361, 588, 20, 8, 1.0000, 0.6941, -0.0400, 0.6929, 1.0000, 250.96
361, 547, 68, 63, 1.0000, 1.3205, 1.3169, -0.0981, 1.0000, 204.92
361, 590, 56, 46, 0.6000, 25.7327, -16.7726, -19.5154, 0.1800, 200.67
361, 598, 37, 32, 0.8778, 13.5863, -10.0129, 9.1831, 0.7022, 195.69
361, 601, 102, 11, 0.9833, 1.2310, 0.9999, -0.7179, 0.8850, 191.28
361, 604, 48, 107, 0.6000, 33.0474, -9.9405, 31.5169, 0.1800, 174.33
361, 534, 72, -5, 0.5222, 7.2610, 4.2827, -5.8635, 0.2611, 195.00
361, 587, 126, 119, 0.9000, 5.6313, 5.3535, -1.7469, 0.9000, 125.00
361, 556, 65, -29, 0.5806, 37.5794, 20.2725, -31.6423, 0.3483, 191.75
361, 607, 60, 160, 0.5000, 56.8527, 17.0223, 54.2446, 0.1500, 190.33
362, 562, 17, 86, 1.0000, 1.2721, 1.2721, 0.0016, 1.0000, 235.32
362, 588, 20, 9, 1.0000, 0.9812, -0.0191, 0.9810, 1.0000, 251.11
362, 590, 42, 25, 0.6556, 25.5745, -14.7489, -20.8932, 0.2622, 200.25
362, 595, 93, 121, 0.7611, 3.3516, -3.1610, -1.1143, 0.3806, 117.90
362, 598, 15, 58, 0.9333, 32.5515, -21.1954, 24.7054, 0.8400, 197.72
362, 601, 104, 10, 1.0000, 2.0099, 1.7476, -0.9929, 1.0000, 188.45
362, 604, 45, 128, 0.6556, 22.2894, -3.8229, 21.9591, 0.2622, 168.75
362, 608, 24, 80, 0.6000, 13.3169, 13.3166, -0.0963, 0.1800, 190.67
362, 473, 127, 34, 0.5250, 0.1050, 0.0469, -0.0939, 0.3150, 116.50
362, 583, -3, 0, 0.9000, 3.4546, -3.4249, 0.4516, 0.9000, 224.12
362, 587, 132, 118, 0.8000, 5.6313, 5.3535, -1.7469, 0.8000, 125.00
362, 547, 69, 63, 0.9000, 1.3205, 1.3169, -0.0981, 0.9000, 204.92
363, 562, 19, 86, 1.0000, 1.7272, 1.7272, -0.0022, 1.0000, 235.77
363, 588, 21, 10, 1.0000, 1.2670, 0.7246, 1.0394, 1.0000, 251.37
363, 547, 71, 63, 1.0000, 1.4392, 1.4379, 0.0610, 1.0000, 204.77
363, 590, 27, 3, 0.7111, 26.3775, -14.6767, -21.9173, 0.3556, 200.60
363, 601, 105, 9, 1.0000, 1.6671, 1.3036, -1.0392, 1.0000, 192.77
363, 608, 27, 81, 0.6556, 4.9250, 4.8627, 0.7814, 0.2622, 190.00
363, 473, 127, 34, 0.6341, 0.0107, -0.0048, 0.0096, 0.4439, 116.29
363, 565, 45, 111, 0.5625, 0.9833, 0.0469, 0.9822, 0.2250, 170.00
363, 609, 62, 6, 0.6000, 0.9353, -0.9353, 0.0000, 0.1800, 201.00
363, 583, -7, 1, 0.8000, 3.4546, -3.4249, 0.4516, 0.8000, 224.12
363, 587, 137, 116, 0.7000, 5.6313, 5.3535, -1.7469, 0.7000, 125.00
363, 595, 90, 120, 0.6611, 3.3516, -3.1610, -1.1143, 0.3306, 117.90
363, 604, 41, 150, 0.5556, 22.2894, -3.8229, 21.9591, 0.2222, 168.75
364, 562, 21, 85, 1.0000, 2.1225, 1.9953, -0.7237, 1.0000, 234.66
364, 588, 21, 11, 1.0000, 1.0682, 0.3172, 1.0200, 1.0000, 251.28
364, 547, 73, 63, 1.0000, 1.8849, 1.8848, 0.0223, 1.0000, 205.50
364, 590, 7, -1, 0.7667, 20.4248, -19.4996, -6.0777, 0.4600, 202.83
364, 595, 89, 96, 0.7667, 14.3814, -1.8795, -14.2580, 0.4600, 121.08
364, 601, 106, 9, 1.0000, 1.0498, 1.0123, -0.2781, 1.0000, 193.71
364, 608, 39, 66, 0.7111, 17.1866, 10.7144, -13.4380, 0.3556, 192.40
364, 565, 28, 87, 0.6222, 25.3302, -14.3455, -20.8765, 0.3111, 173.00
364, 609, 66, 24, 0.6556, 16.2346, 3.5119, 15.8502, 0.2622, 194.25
364, 611, 86, 87, 0.6000, 5.6889, -0.9353, -5.6115, 0.1800, 142.00
364, 583, -10, 1, 0.7000, 3.4546, -3.4249, 0.4516, 0.7000, 224.12
364, 587, 143, 114, 0.6000, 5.6313, 5.3535, -1.7469, 0.6000, 125.00
364, 473, 127, 34, 0.5341, 0.0107, -0.0048, 0.0096, 0.3739, 116.29
365, 562, 26, 83, 1.0000, 4.5479, 4.1960, -1.7541, 1.0000, 231.74
365, 587, 124, 106, 1.0000, 3.5103, -0.8669, -3.4016, 1.0000, 121.25
365, 588, 27, 3, 1.0000, 8.5522, 5.0537, -6.8993, 1.0000, 249.50
365, 601, 107, 8, 1.0000, 1.1831, 0.9590, -0.6929, 1.0000, 193.19
365, 608, 41, 61, 0.7667, 6.2333, 3.3778, -5.2387, 0.4600, 193.00
365, 565, 17, 62, 0.6806, 27.4376, -12.1510, -24.6003, 0.4083, 179.67
365, 583, -14, 2, 0.6000, 3.4546, -3.4249, 0.4516, 0.6000, 224.12
365, 547, 75, 63, 0.9000, 1.8849, 1.8848, 0.0223, 0.9000, 205.50
365, 609, 70, 40, 0.5556, 16.2346, 3.5119, 15.8502, 0.2222, 194.25
365, 611, 85, 82, 0.5000, 5.6889, -0.9353, -5.6115, 0.1500, 142.00
366, 562, 43, 89, 1.0000, 16.4157, 15.8331, 4.3347, 1.0000, 228.64
366, 547, 76, 68, 1.0000, 3.1324, 1.5063, 2.7465, 1.0000, 203.53
366, 601, 108, 7, 1.0000, 1.3872, 0.9808, -0.9810, 1.0000, 194.61
366, 473, 112, 32, 0.6424, 6.2208, -6.1669, -0.8168, 0.5139, 117.38
366, 565, 16, 58, 0.7381, 5.8508, -1.7787, -5.5739, 0.5167, 184.00
366, 611, 99, 57, 0.6556, 18.1049, 7.6094, -16.4282, 0.2622, 151.25
366, 583, -17, 2, 0.5000, 3.4546, -3.4249, 0.4516, 0.5000, 224.12
366, 608, 45, 56, 0.6667, 6.2333, 3.3778, -5.2387, 0.4000, 193.00
367, 583, 0, 1, 1.0000, 1.0349, 1.0309, 0.0916, 1.0000, 226.11
367, 547, 89, 95, 1.0000, 27.7678, 12.0491, 25.0174, 1.0000, 199.06
367, 601, 109, 7, 1.0000, 1.0460, 0.9981, -0.3127, 1.0000, 194.63
367, 611, 120, 13, 0.7111, 45.3430, 19.3608, -41.0018, 0.3556, 148.00
367, 562, 59, 93, 0.9000, 16.4157, 15.8331, 4.3347, 0.9000, 228.64
368, 601, 110, 6, 1.0000, 1.2253, 1.0022, -0.7050, 1.0000, 195.59
368, 613, 29, 117, 0.6000, 34.4501, 13.1405, 31.8455, 0.1800, 175.33
368, 562, 75, 97, 0.8000, 16.4157, 15.8331, 4.3347, 0.8000, 228.64
369, 601, 111, 4, 1.0000, 1.9704, 1.0013, -1.6970, 1.0000, 194.62
369, 609, 81, 64, 0.7111, 5.9729, 2.7653, 5.2943, 0.3556, 193.80
369, 618, 8, 21, 0.6000, 15.8993, -14.0288, 7.4820, 0.1800, 240.00
369, 562, 91, 102, 0.7000, 16.4157, 15.8331, 4.3347, 0.7000, 228.64
369, 613, 43, 148, 0.5000, 34.4501, 13.1405, 31.8455, 0.1500, 175.33
370, 601, 112, 5, 1.0000, 1.0028, 1.0002, 0.0717, 1.0000, 195.25
370, 613, 40, 127, 0.6556, 4.5940, 4.1257, 2.0208, 0.2622, 167.25
370, 617, 23, 15, 0.6000, 1.0943, 0.0963, 1.0901, 0.1800, 236.67
370, 618, 0, 26, 0.6556, 10.2946, -8.4576, 5.8693, 0.2622, 230.75
370, 619, 22, 76, 0.6000, 49.0023, 19.6948, -44.8703, 0.1800, 167.00
370, 620, 3, 122, 0.6556, 5.2834, -5.2834, 0.0000, 0.2622, 191.00
370, 621, 44, 16, 0.6000, 18.5189, 16.8345, 7.7167, 0.1800, 206.67
370, 562, 107, 106, 0.6000, 16.4157, 15.8331, 4.3347, 0.6000, 228.64
371, 562, 92, 105, 1.0000, 8.3051, 7.7691, 2.9353, 1.0000, 223.39
371, 584, 90, 4, 0.6000, 77.6530, 74.4053, -22.2225, 0.1800, 219.00
371, 601, 113, 3, 1.0000, 1.4985, 0.9999, -1.1161, 1.0000, 193.79
371, 616, 12, 127, 0.6000, 10.9079, -10.7732, 1.7090, 0.1800, 140.67
371, 617, 23, 15, 0.7056, 0.2276, -0.0224, 0.2265, 0.2822, 235.12
371, 613, 44, 129, 0.5556, 4.5940, 4.1257, 2.0208, 0.2222, 167.25
371, 618, -8, 32, 0.5556, 10.2946, -8.4576, 5.8693, 0.2222, 230.75
371, 619, 42, 31, 0.5000, 49.0023, 19.6948, -44.8703, 0.1500, 167.00
371, 620, -2, 122, 0.5556, 5.2834, -5.2834, 0.0000, 0.2222, 191.00
371, 621, 61, 23, 0.5000, 18.5189, 16.8345, 7.7167, 0.1500, 206.67
372, 601, 114, 3, 1.0000, 1.1271, 0.9999, -0.5200, 1.0000, 192.35
372, 617, 24, 16, 0.7611, 1.0218, 0.7422, 0.7022, 0.3806, 232.90
372, 576, 37, 66, 0.5625, 24.9089, 8.9741, -23.2362, 0.2250, 183.50
372, 622, 25, 62, 0.6000, 1.0291, 1.0291, 0.0000, 0.1800, 209.67
372, 584, 164, -18, 0.5000, 77.6530, 74.4053, -22.2225, 0.1500, 219.00
372, 616, 1, 128, 0.5000, 10.9079, -10.7732, 1.7090, 0.1500, 140.67
373, 601, 115, 2, 1.0000, 1.2559, 1.0000, -0.7598, 1.0000, 191.36
373, 617, 25, 16, 0.8167, 1.0766, 1.0506, 0.2348, 0.4900, 235.08
373, 618, 1, 35, 0.7111, 3.2407, 2.3627, 2.2180, 0.3556, 220.80
373, 621, 56, 9, 0.6556, 4.4060, 0.8425, -4.3247, 0.2622, 205.00
373, 576, 43, 59, 0.6222, 10.7812, 6.5083, -8.5951, 0.3111, 187.20
373, 622, 26, 62, 0.7056, 1.0071, 1.0071, 0.0000, 0.2822, 205.50
374, 601, 117, 2, 1.0000, 1.7190, 1.6978, -0.2690, 1.0000, 190.18
374, 615, 48, 125, 0.6000, 7.2683, -7.2129, 0.8962, 0.1800, 151.00
374, 617, 25, 17, 0.8722, 0.8054, 0.2965, 0.7488, 0.6106, 237.50
374, 622, 27, 62, 0.7611, 0.9988, 0.9988, 0.0000, 0.3806, 203.80
374, 563, 98, 4, 0.5143, 2.0955, 2.0955, 0.0065, 0.3600, 252.57
374, 621, 56, 5, 0.5556, 4.4060, 0.8425, -4.3247, 0.2222, 205.00
374, 576, 50, 51, 0.5222, 10.7812, 6.5083, -8.5951, 0.2611, 187.20
375, 594, 109, 13, 0.6000, 78.9939, 10.6387, -78.2742, 0.1800, 136.33
375, 601, 117, 1, 1.0000, 0.9417, 0.6356, -0.6948, 1.0000, 189.96
375, 606, 53, 94, 0.6000, 32.6497, 25.7684, 20.0497, 0.1800, 178.67
375, 615, 25, 122, 0.6556, 20.6728, -20.4881, -2.7572, 0.2622, 151.75
375, 617, 26, 17, 0.9278, 0.7634, 0.7186, 0.2575, 0.7422, 239.69
375, 576, 45, 60, 0.6806, 1.7976, -0.3690, 1.7593, 0.4083, 191.67
375, 622, 28, 62, 0.8167, 0.9985, 0.9985, 0.0000, 0.4900, 206.67
375, 624, 3, 98, 0.6000, 2.1334, 1.9174, 0.9353, 0.1800, 225.00
376, 601, 118, 0, 1.0000, 1.2070, 0.7094, -0.9765, 1.0000, 189.50
376, 606, 57, 97, 0.6556, 9.0837, 7.1719, 5.5748, 0.2622, 172.50
376, 617, 26, 18, 0.9833, 0.7815, 0.2403, 0.7436, 0.8850, 240.72
376, 622, 30, 62, 0.8722, 1.7599, 1.7599, 0.0000, 0.6106, 206.71
376, 624, 4, 97, 0.7056, 1.3659, 1.2739, -0.4928, 0.2822, 232.50
376, 585, 48, 15, 0.5625, 1.3562, -0.9822, 0.9353, 0.2250, 210.75
376, 627, 93, 113, 0.6000, 1.0302, 0.0469, 1.0291, 0.1800, 111.33
376, 594, 119, -66, 0.5000, 78.9939, 10.6387, -78.2742, 0.1500, 136.33
376, 615, 5, 119, 0.5556, 20.6728, -20.4881, -2.7572, 0.2222, 151.75
377, 601, 119, 0, 1.0000, 0.9869, 0.9211, -0.3544, 1.0000, 189.36
377, 606, 62, 122, 0.7111, 22.9890, 5.4009, 22.3456, 0.3556, 166.60
377, 617, 27, 18, 1.0000, 0.7818, 0.7374, 0.2597, 1.0000, 241.95
377, 577, 91, 68, 0.5625, 72.6061, 50.4476, -52.2177, 0.2250, 160.88
377, 624, 6, 96, 0.7611, 2.0446, 1.7439, -1.0673, 0.3806, 237.00
377, 627, 94, 115, 0.7056, 1.9149, 0.7500, 1.7619, 0.2822, 117.50
377, 622, 32, 62, 0.7722, 1.7599, 1.7599, 0.0000, 0.5406, 206.71
378, 605, 83, 81, 0.6000, 22.0326, -19.3054, -10.6178, 0.1800, 140.00
378, 615, 5, 118, 0.7111, 3.2671, -3.1548, -0.8494, 0.3556, 151.40
378, 617, 27, 19, 1.0000, 0.7834, 0.2635, 0.7377, 1.0000, 242.68
378, 622, 32, 62, 0.9278, 1.0057, 1.0057, 0.0000, 0.7422, 206.62
378, 577, 126, 23, 0.6222, 59.4545, 37.3309, -46.2736, 0.3111, 149.30
378, 624, 16, 90, 0.7667, 11.2024, 9.6521, -5.6859, 0.4600, 226.17
378, 585, 46, 16, 0.6722, 1.1247, -1.0131, 0.4886, 0.3361, 210.80
378, 627, 79, 103, 0.7111, 16.8855, -13.4741, -10.1768, 0.3556, 120.60
378, 601, 120, -1, 0.9000, 0.9869, 0.9211, -0.3544, 0.9000, 189.36
379, 553, 9, 96, 0.5625, 1.9321, 1.9321, 0.0076, 0.2250, 198.50
379, 617, 29, 20, 1.0000, 1.7846, 1.4756, 1.0036, 1.0000, 240.38
379, 622, 43, 60, 0.9333, 10.3100, 10.1944, -1.5395, 0.8400, 206.56
379, 624, 30, 97, 0.8222, 14.4960, 13.3603, 5.6245, 0.5756, 218.29
379, 585, 45, 17, 0.7306, 1.3264, -1.0045, 0.8662, 0.4383, 210.33
379, 628, 95, 117, 0.6000, 1.2302, 0.8545, 0.8850, 0.1800, 102.33
379, 601, 121, -1, 0.8000, 0.9869, 0.9211, -0.3544, 0.8000, 189.36
379, 605, 63, 71, 0.5000, 22.0326, -19.3054, -10.6178, 0.1500, 140.00
379, 577, 164, -23, 0.5222, 59.4545, 37.3309, -46.2736, 0.2611, 149.30
379, 627, 65, 93, 0.6111, 16.8855, -13.4741, -10.1768, 0.3056, 120.60
380, 601, 125, 21, 1.0000, 8.7346, 2.2241, 8.4467, 1.0000, 186.85
380, 605, 45, 60, 0.6556, 21.6192, -18.7934, -10.6862, 0.2622, 158.50
380, 553, 10, 96, 0.6722, 1.2777, 1.2777, -0.0035, 0.3361, 207.40
380, 617, 29, 20, 1.0000, 0.6519, 0.5754, 0.3064, 1.0000, 241.35
380, 622, 49, 56, 0.9889, 7.0808, 6.0855, -3.6200, 0.9889, 205.20
380, 585, 44, 18, 0.7881, 1.4296, -0.9998, 1.0217, 0.5517, 210.71
380, 628, 96, 118, 0.7056, 1.4818, 1.0530, 1.0426, 0.2822, 105.62
380, 591, 109, 102, 0.5625, 38.8239, 10.3816, 37.4101, 0.2250, 168.25
381, 605, 35, 60, 0.7111, 11.1007, -11.0767, -0.7287, 0.3556, 168.60
381, 553, 12, 96, 0.7306, 1.7448, 1.7448, -0.0023, 0.4383, 206.67
381, 617, 29, 21, 1.0000, 0.7066, 0.0168, 0.7064, 1.0000, 242.18
381, 622, 80, 53, 1.0000, 28.9015, 28.6942, -3.4555, 1.0000, 203.45
381, 585, 43, 19, 0.8451, 1.4330, -0.9993, 1.0270, 0.6761, 212.38
381, 628, 105, 98, 0.7111, 19.6983, 7.9054, -18.0424, 0.3556, 105.30
381, 591, 101, 123, 0.6222, 23.1982, -5.4308, 22.5535, 0.3111, 156.90
382, 553, 14, 96, 0.7881, 2.0079, 2.0079, -0.0004, 0.5517, 205.71
382, 617, 30, 21, 1.0000, 0.6934, 0.6448, 0.2550, 1.0000, 242.77
382, 585, 41, 41, 0.8519, 19.9855, -1.7558, 19.9082, 0.7667, 210.89
382, 591, 98, 125, 0.6806, 5.3371, -3.3574, 4.1488, 0.4083, 152.42
382, 447, 33, 2, 0.5240, 19.6856, 2.6934, -19.5005, 0.5240, 178.21
382, 628, 113, 80, 0.6111, 19.6983, 7.9054, -18.0424, 0.3056, 105.30
383, 553, 15, 96, 0.8451, 1.2797, 1.2797, 0.0002, 0.6761, 211.50
383, 617, 30, 22, 1.0000, 0.7740, 0.2770, 0.7228, 1.0000, 243.22
383, 600, 105, 64, 0.5625, 1.9644, 1.9644, 0.0000, 0.2250, 160.50
383, 552, 16, 113, 0.5400, 7.2892, -5.4707, -4.8171, 0.2700, 154.20
384, 553, 16, 96, 0.9019, 0.9624, 0.9624, 0.0001, 0.8117, 211.33
384, 617, 30, 23, 1.0000, 0.9958, 0.0201, 0.9956, 1.0000, 243.91
384, 600, 106, 65, 0.6722, 1.4766, 1.2691, 0.7548, 0.3361, 159.60
384, 552, 10, 110, 0.6000, 7.0752, -6.1146, -3.5596, 0.3600, 154.83
384, 602, 74, 29, 0.5625, 48.9898, 35.5865, -33.6691, 0.2250, 196.00
384, 634, 31, 100, 0.6000, 1.2933, 0.9822, -0.8414, 0.1800, 174.33
385, 553, 19, 95, 0.9583, 2.5604, 2.4476, -0.7517, 0.9583, 213.40
385, 617, 30, 24, 1.0000, 1.0426, -0.0350, 1.0421, 1.0000, 244.53
385, 600, 108, 65, 0.7306, 1.7580, 1.7360, 0.2774, 0.4383, 162.67
385, 634, 33, 105, 0.7056, 4.6092, 1.7667, 4.2571, 0.2822, 171.00
385, 552, 4, 106, 0.5000, 7.0752, -6.1146, -3.5596, 0.3000, 154.83
386, 553, 19, 96, 1.0000, 0.9493, 0.8378, 0.4465, 1.0000, 213.09
386, 617, 31, 24, 1.0000, 0.7573, 0.6911, 0.3095, 1.0000, 245.08
386, 591, 102, 124, 0.9083, 4.3183, 3.3859, 2.6802, 0.9083, 141.65
386, 600, 110, 64, 0.7881, 2.1480, 2.0058, -0.7686, 0.5517, 157.36
386, 634, 59, 118, 0.7111, 26.1418, 23.4267, 11.6011, 0.3556, 167.60
386, 636, 15, 102, 0.6000, 16.2263, -16.2015, -0.8974, 0.1800, 171.67
386, 638, 113, 94, 0.6000, 0.9822, 0.9822, 0.0000, 0.1800, 100.00
387, 553, 22, 95, 1.0000, 2.2500, 2.2046, -0.4498, 1.0000, 213.75
387, 614, 35, 108, 0.6000, 24.0052, -24.0052, -0.0024, 0.1800, 155.33
387, 617, 19, 17, 1.0000, 11.4971, -9.5636, -6.3814, 1.0000, 242.97
387, 600, 111, 65, 0.8451, 1.3487, 1.2802, 0.4246, 0.6761, 155.00
387, 632, 40, 103, 0.6000, 51.3662, -46.7548, 21.2716, 0.1800, 166.00
387, 634, 68, 123, 0.7667, 11.8857, 10.2033, 6.0962, 0.4600, 163.58
387, 636, 2, 99, 0.6556, 14.2109, -13.9806, -2.5483, 0.2622, 169.75
387, 638, 115, 93, 0.7056, 1.9212, 1.7667, -0.7548, 0.2822, 97.88
387, 642, 20, 48, 0.6000, 44.8976, -36.3340, -26.3748, 0.1800, 212.67
388, 553, 34, 104, 1.0000, 13.6355, 11.1292, 7.8783, 1.0000, 210.77
388, 614, 21, 97, 0.6556, 17.8374, -14.8973, -9.8104, 0.2622, 179.50
388, 600, 111, 65, 0.9019, 0.3458, 0.2069, 0.2771, 0.8117, 153.11
388, 638, 116, 94, 0.7611, 1.3731, 1.2842, 0.4861, 0.3806, 97.30
388, 640, 44, 91, 0.6000, 30.5250, -0.8974, 30.5118, 0.1800, 198.67
388, 643, 31, 26, 0.6000, 0.9458, -0.1408, 0.9353, 0.1800, 233.67
388, 632, -7, 124, 0.5000, 51.3662, -46.7548, 21.2716, 0.1500, 166.00
388, 636, -12, 97, 0.5556, 14.2109, -13.9806, -2.5483, 0.2222, 169.75
388, 642, -17, 22, 0.5000, 44.8976, -36.3340, -26.3748, 0.1500, 212.67
389, 553, 38, 108, 1.0000, 6.4579, 5.0128, 4.0714, 1.0000, 208.71
389, 614, 22, 94, 0.7111, 3.6813, -0.8260, -3.5874, 0.3556, 179.20
389, 600, 110, 65, 0.9583, 0.8592, -0.8579, 0.0472, 0.9583, 150.90
389, 638, 117, 95, 0.8167, 1.4547, 0.9967, 1.0597, 0.4900, 95.58
389, 639, 39, 24, 0.6000, 35.1407, -35.1275, -0.9626, 0.1800, 197.33
389, 640, 36, 111, 0.6556, 23.2399, -7.1022, 22.1281, 0.2622, 189.25
389, 641, 47, 60, 0.6000, 10.8883, -6.1423, -8.9904, 0.1800, 194.67
389, 643, 31, 27, 0.7056, 1.0168, 0.0143, 1.0167, 0.2822, 235.00
389, 644, 70, 45, 0.6000, 5.4112, 5.3363, 0.8974, 0.1800, 210.67
390, 553, 39, 109, 1.0000, 1.6462, 1.1082, 1.2173, 1.0000, 207.13
390, 614, 26, 94, 0.7667, 3.3855, 3.3849, 0.0619, 0.4600, 191.83
390, 625, 15, 86, 0.6000, 18.2946, 11.4285, -14.2857, 0.1800, 162.83
390, 568, 101, 17, 0.5625, 0.0073, 0.0052, 0.0052, 0.2250, 152.00
390, 600, 113, 67, 1.0000, 3.0021, 2.6160, 1.4730, 1.0000, 148.00
390, 639, 30, 25, 0.6556, 11.9628, -11.9520, 0.5070, 0.2622, 200.50
390, 640, 28, 116, 0.7111, 10.1358, -7.8483, 6.4139, 0.3556, 182.80
390, 641, 45, 57, 0.6556, 4.0083, -1.9598, -3.4965, 0.2622, 197.75
390, 643, 32, 28, 0.7611, 1.2842, 0.7873, 1.0146, 0.3806, 239.00
390, 644, 88, 64, 0.6556, 23.8918, 16.8188, 16.9689, 0.2622, 200.50
390, 638, 118, 96, 0.7167, 1.4547, 0.9967, 1.0597, 0.4300, 95.58
391, 553, 31, 105, 1.0000, 7.6072, -6.9579, -3.0751, 1.0000, 204.88
391, 568, 98, 20, 0.6722, 4.2803, -3.0289, 3.0244, 0.3361, 153.00
391, 638, 120, 95, 0.8722, 1.5217, 1.5209, -0.0474, 0.6106, 95.36
391, 639, 10, 22, 0.7111, 18.9235, -18.8204, -1.9733, 0.3556, 201.20
391, 640, 17, 126, 0.7667, 14.9112, -11.1302, 9.9228, 0.4600, 183.33
391, 643, 32, 27, 0.8167, 0.6043, 0.2981, -0.5257, 0.4900, 237.75
391, 625, 27, 71, 0.5000, 18.2946, 11.4285, -14.2857, 0.1500, 162.83
391, 600, 116, 68, 0.9000, 3.0021, 2.6160, 1.4730, 0.9000, 148.00
391, 641, 43, 54, 0.5556, 4.0083, -1.9598, -3.4965, 0.2222, 197.75
391, 644, 105, 81, 0.5556, 23.8918, 16.8188, 16.9689, 0.2222, 200.50
392, 553, 18, 94, 1.0000, 15.3003, -11.9231, -9.5885, 1.0000, 202.99
392, 625, 52, 70, 0.6556, 19.9864, 18.7967, -6.7926, 0.2622, 169.38
392, 638, 121, 95, 0.9278, 1.1498, 1.1474, -0.0740, 0.7422, 95.56
392, 641, 48, 55, 0.7111, 1.8755, 1.7145, -0.7602, 0.3556, 200.20
392, 643, 32, 29, 0.8722, 1.1715, 0.0006, 1.1715, 0.6106, 239.93
392, 649, 36, 114, 0.6000, 5.2368, -2.6180, 4.5354, 0.1800, 165.67
392, 568, 94, 24, 0.5722, 4.2803, -3.0289, 3.0244, 0.2861, 153.00
392, 600, 119, 70, 0.8000, 3.0021, 2.6160, 1.4730, 0.8000, 148.00
392, 639, -9, 20, 0.6111, 18.9235, -18.8204, -1.9733, 0.3056, 201.20
392, 640, 5, 136, 0.6667, 14.9112, -11.1302, 9.9228, 0.4000, 183.33
393, 625, 79, 79, 0.7111, 28.2300, 27.1959, 7.5708, 0.3556, 169.70
393, 626, 54, 65, 0.6000, 51.4371, -37.3216, -35.3960, 0.1800, 153.00
393, 633, 32, 94, 0.6000, 1.8287, 1.8286, 0.0243, 0.1800, 197.67
393, 638, 121, 95, 0.9833, 0.2281, 0.2270, -0.0218, 0.8850, 94.17
393, 641, 46, 57, 0.7667, 2.5378, -0.9837, 2.3394, 0.4600, 202.50
393, 643, 33, 30, 0.9278, 1.4727, 0.7129, 1.2887, 0.7422, 241.19
393, 600, 121, 71, 0.7000, 3.0021, 2.6160, 1.4730, 0.7000, 148.00
393, 649, 34, 118, 0.5000, 5.2368, -2.6180, 4.5354, 0.1500, 165.67
394, 625, 99, 84, 0.7667, 21.2176, 20.5440, 5.3041, 0.4600, 162.92
394, 626, 28, 29, 0.6556, 44.5459, -26.9393, -35.4769, 0.2622, 166.25
394, 600, 124, 95, 1.0000, 9.0909, 2.6914, 8.6833, 1.0000, 142.75
394, 633, 33, 94, 0.7056, 1.3167, 1.3166, -0.0102, 0.2822, 199.25
394, 638, 110, 102, 0.9889, 11.4653, -9.7839, 5.9772, 0.9889, 94.15
394, 643, 33, 31, 0.9833, 1.1247, 0.2815, 1.0889, 0.8850, 242.39
394, 649, 36, 117, 0.7056, 1.4125, 0.0922, 1.4095, 0.2822, 163.25
395, 625, 103, 86, 0.8222, 5.5318, 5.2775, 1.6578, 0.5756, 156.93
395, 626, 21, 13, 0.7111, 20.7022, -9.6175, -18.3326, 0.3556, 174.40
395, 568, 79, 40, 0.6806, 7.4512, -5.1039, 5.4286, 0.4083, 162.00
395, 633, 35, 94, 0.7611, 1.7713, 1.7713, -0.0069, 0.3806, 208.60
395, 643, 34, 31, 1.0000, 0.7936, 0.7547, 0.2453, 1.0000, 243.15
395, 645, 42, 61, 0.6000, 71.0710, -62.2587, 34.2774, 0.1800, 162.67
395, 646, 111, 49, 0.6000, 15.9964, -4.4921, 15.3527, 0.1800, 139.08
395, 649, 38, 118, 0.7611, 1.9638, 1.7343, 0.9213, 0.3806, 160.70
396, 625, 101, 85, 0.8778, 1.1119, -1.0978, -0.1763, 0.7022, 153.31
396, 633, 37, 94, 0.8167, 2.0124, 2.0124, -0.0011, 0.4900, 207.50
396, 637, 73, 127, 0.6000, 1.3166, 0.9100, 0.9516, 0.1800, 141.00
396, 643, 34, 33, 1.0000, 1.4480, 0.2644, 1.4236, 1.0000, 241.38
396, 649, 32, 119, 0.8167, 4.8281, -4.7410, 0.9134, 0.4900, 157.75
396, 626, 11, -6, 0.6111, 20.7022, -9.6175, -18.3326, 0.3056, 174.40
396, 645, -21, 95, 0.5000, 71.0710, -62.2587, 34.2774, 0.1500, 162.67
396, 646, 107, 64, 0.5000, 15.9964, -4.4921, 15.3527, 0.1500, 139.08
397, 633, 38, 94, 0.8722, 1.2776, 1.2776, 0.0006, 0.6106, 210.29
397, 637, 74, 127, 0.7056, 1.0730, 1.0398, 0.2648, 0.2822, 139.75
397, 643, 35, 36, 1.0000, 2.8622, 0.7342, 2.7664, 1.0000, 238.76
397, 625, 100, 85, 0.7778, 1.1119, -1.0978, -0.1763, 0.6222, 153.31
398, 633, 40, 94, 0.9278, 1.7168, 1.7168, 0.0004, 0.7422, 212.00
398, 548, 26, 11, 0.5400, 3.8550, -2.7722, 2.6789, 0.2700, 217.80
398, 637, 75, 127, 0.6056, 1.0730, 1.0398, 0.2648, 0.2422, 139.75
398, 643, 36, 38, 0.9000, 2.8622, 0.7342, 2.7664, 0.9000, 238.76
399, 633, 41, 94, 0.9833, 1.2424, 1.2424, 0.0001, 0.8850, 208.11
399, 643, 46, 56, 1.0000, 12.7648, 5.9490, 11.2937, 1.0000, 236.86
399, 575, 87, 30, 0.5400, 0.0000, 0.0000, 0.0000, 0.2700, 175.20
399, 637, 76, 128, 0.5056, 1.0730, 1.0398, 0.2648, 0.2022, 139.75
400, 633, 28, 105, 0.9889, 14.6554, -10.9698, 9.7181, 0.9889, 203.30
400, 637, 79, 105, 0.7111, 9.3305, 1.8217, -9.1509, 0.3556, 138.40
400, 643, 44, 89, 1.0000, 30.3314, -0.4382, 30.3282, 1.0000, 237.87
400, 575, 87, 30, 0.6500, 0.0000, 0.0000, 0.0000, 0.3900, 175.00
400, 612, 9, 80, 0.5625, 13.5535, 7.5290, -11.2700, 0.2250, 221.92
401, 575, 87, 30, 0.7087, 0.0000, 0.0000, 0.0000, 0.4961, 174.43
401, 653, 20, 99, 0.6000, 30.5904, -18.7974, -24.1336, 0.1800, 162.00
402, 575, 87, 30, 0.7667, 0.0000, 0.0000, 0.0000, 0.6133, 174.38
402, 653, 4, 91, 0.6556, 18.3101, -15.5760, -9.6254, 0.2622, 184.62
403, 548, 21, 40, 0.6000, 6.8785, -0.4877, 6.8612, 0.3600, 215.50
403, 610, 65, 64, 0.5625, 0.9152, 0.9143, 0.0405, 0.2250, 195.25
403, 575, 94, 28, 0.7741, 6.2695, 6.0823, -1.5206, 0.6967, 172.33
403, 612, 46, 56, 0.6222, 15.4198, 13.4613, -7.5208, 0.3111, 221.73
403, 653, -1, 76, 0.7111, 16.1395, -6.3121, -14.8540, 0.3556, 183.50
404, 610, 62, 71, 0.6222, 6.6445, -2.7529, 6.0474, 0.3111, 189.60
404, 612, 65, 62, 0.6806, 19.6931, 18.9764, 5.2645, 0.4083, 217.19
404, 659, 119, 32, 0.6556, 9.8410, 0.7548, 9.8120, 0.2622, 134.75
404, 548, 20, 47, 0.5000, 6.8785, -0.4877, 6.8612, 0.3000, 215.50
404, 575, 100, 27, 0.6741, 6.2695, 6.0823, -1.5206, 0.6067, 172.33
404, 653, -7, 61, 0.6111, 16.1395, -6.3121, -14.8540, 0.3056, 183.50
405, 548, 9, 45, 0.6587, 6.8502, -6.5167, 2.1111, 0.4611, 213.14
405, 655, 87, 30, 0.7056, 0.0608, 0.0119, 0.0596, 0.2822, 175.50
405, 659, 119, 40, 0.7111, 8.1926, 0.2774, 8.1879, 0.3556, 134.20
405, 660, 20, 43, 0.6000, 22.0816, -4.1317, 21.6916, 0.1800, 228.33
405, 663, 10, 78, 0.6000, 49.8060, -28.0576, 41.1511, 0.1800, 232.00
405, 664, 42, 48, 0.6000, 7.4937, -7.4351, 0.9353, 0.1800, 204.33
405, 665, 11, 89, 0.6000, 5.6117, 5.6115, -0.0469, 0.1800, 164.67
405, 666, 10, 95, 0.6000, 2.1334, 1.9174, 0.9353, 0.1800, 234.50
405, 610, 59, 77, 0.5222, 6.6445, -2.7529, 6.0474, 0.2611, 189.60
405, 575, 106, 25, 0.5741, 6.2695, 6.0823, -1.5206, 0.5167, 172.33
405, 612, 84, 67, 0.5806, 19.6931, 18.9764, 5.2645, 0.3483, 217.19
406, 655, 87, 30, 0.7611, 0.0495, 0.0097, 0.0485, 0.3806, 175.20
406, 657, 40, 10, 0.6000, 0.7684, 0.7630, 0.0916, 0.1800, 238.33
406, 659, 123, 56, 0.7667, 15.1754, 3.8178, 14.6873, 0.4600, 130.00
406, 660, 10, 78, 0.6556, 35.3926, -9.5908, 34.0683, 0.2622, 217.75
406, 664, 20, 38, 0.6556, 22.0453, -20.2148, -8.7953, 0.2622, 203.25
406, 666, 11, 95, 0.7056, 1.3005, 1.2739, 0.2619, 0.2822, 229.04
406, 663, -18, 119, 0.5000, 49.8060, -28.0576, 41.1511, 0.1500, 232.00
406, 665, 16, 89, 0.5000, 5.6117, 5.6115, -0.0469, 0.1500, 164.67
407, 629, 29, 49, 0.6000, 19.9232, 18.3606, -7.7343, 0.1800, 195.00
407, 610, 56, 92, 0.6806, 7.4232, -1.6712, 7.2327, 0.4083, 189.50
407, 575, 119, 52, 0.8311, 10.2998, 6.3541, 8.1063, 0.8311, 167.50
407, 655, 87, 30, 0.8167, 0.0100, 0.0020, 0.0098, 0.4900, 175.67
407, 657, 41, 10, 0.7056, 1.0845, 1.0841, -0.0311, 0.2822, 242.00
407, 659, 118, 73, 0.8222, 17.0939, -3.9308, 16.6358, 0.5756, 126.29
407, 660, 4, 111, 0.7111, 33.9878, -6.0588, 33.4434, 0.3556, 200.60
407, 664, 1, 26, 0.7111, 22.7138, -19.4357, -11.7545, 0.3556, 202.60
407, 665, 17, 95, 0.6556, 4.3803, 2.9316, 3.2546, 0.2622, 164.25
407, 666, 13, 95, 0.7611, 1.7441, 1.7439, -0.0263, 0.3806, 230.03
408, 610, 57, 94, 0.7381, 2.2585, 0.5379, 2.1935, 0.5167, 187.43
408, 657, 42, 10, 0.7611, 1.0629, 1.0626, -0.0237, 0.3806, 243.80
408, 663, 1, 127, 0.6556, 11.0210, 2.4871, 10.7367, 0.2622, 210.12
408, 664, -2, 23, 0.7667, 5.4940, -4.4656, -3.2004, 0.4600, 203.33
408, 665, 17, 95, 0.7111, 1.0027, 0.4875, 0.8761, 0.3556, 165.00
408, 666, 12, 89, 0.8167, 5.5000, -1.0495, -5.3990, 0.4900, 223.36
408, 629, 48, 42, 0.5000, 19.9232, 18.3606, -7.7343, 0.1500, 195.00
408, 655, 87, 30, 0.7167, 0.0100, 0.0020, 0.0098, 0.4300, 175.67
408, 659, 115, 89, 0.7222, 17.0939, -3.9308, 16.6358, 0.5056, 126.29
409, 629, 48, 54, 0.6556, 8.8772, 8.0795, 3.6779, 0.2622, 198.25
409, 651, 3, 101, 0.6000, 67.5244, -4.6770, 67.3622, 0.1800, 180.33
409, 655, 87, 30, 0.8722, 0.0052, -0.0010, -0.0051, 0.6106, 175.29
409, 657, 43, 11, 0.8167, 1.2652, 1.0116, 0.7598, 0.4900, 245.17
409, 661, 10, 120, 0.6000, 24.5957, -3.6806, 24.3188, 0.1800, 181.83
409, 663, 7, 128, 0.7111, 6.5374, 6.2595, 1.8858, 0.3556, 197.50
409, 665, 16, 95, 0.7667, 1.0048, -0.9964, -0.1293, 0.4600, 175.78
409, 659, 111, 106, 0.6222, 17.0939, -3.9308, 16.6358, 0.4356, 126.29
409, 666, 10, 84, 0.7167, 5.5000, -1.0495, -5.3990, 0.4300, 223.36
410, 629, 56, 50, 0.7111, 8.9024, 8.2603, -3.3197, 0.3556, 200.40
410, 655, 87, 30, 0.9278, 0.0020, -0.0004, -0.0020, 0.7422, 175.25
410, 657, 44, 11, 0.8722, 1.0384, 0.9954, 0.2957, 0.6106, 246.57
410, 661, 7, 127, 0.6556, 9.6748, -3.3707, 9.0686, 0.2622, 175.38
410, 665, 17, 95, 0.8222, 0.3621, 0.3186, -0.1721, 0.5756, 181.95
410, 666, 15, 50, 0.8222, 21.6484, 2.0276, -21.5533, 0.5756, 222.60
410, 651, -1, 168, 0.5000, 67.5244, -4.6770, 67.3622, 0.1500, 180.33
410, 659, 107, 123, 0.5222, 17.0939, -3.9308, 16.6358, 0.3656, 126.29
411, 648, 70, 9, 0.6000, 56.2160, -53.7912, -16.3326, 0.1800, 149.33
411, 650, 77, 65, 0.6000, 0.9379, 0.9379, 0.0000, 0.1800, 197.67
411, 655, 87, 30, 0.9833, 0.0001, -0.0000, -0.0001, 0.8850, 175.33
411, 657, 50, 9, 0.9278, 5.7340, 5.5323, -1.5073, 0.7422, 240.62
411, 665, 19, 95, 0.9278, 1.7954, 1.7948, -0.0468, 0.7422, 190.40
411, 661, 4, 136, 0.5556, 9.6748, -3.3707, 9.0686, 0.2222, 175.38
412, 648, 17, 5, 0.6556, 53.5125, -53.2558, -5.2354, 0.2622, 165.75
412, 650, 62, 74, 0.6556, 14.6697, -12.5737, 7.5567, 0.2622, 196.75
412, 655, 87, 30, 1.0000, 0.0003, 0.0001, 0.0003, 1.0000, 175.40
412, 665, 20, 95, 0.9833, 1.4030, 1.4030, 0.0072, 0.8850, 195.35
412, 520, 15, 86, 0.5143, 1.8814, -1.6828, 0.8414, 0.3600, 172.57
412, 657, 56, 8, 0.8278, 5.7340, 5.5323, -1.5073, 0.6622, 240.62
413, 650, 28, 84, 0.7111, 33.8370, -32.1996, 10.3986, 0.3556, 193.20
413, 654, 79, 7, 0.6000, 41.4235, -41.3287, -2.8012, 0.1800, 156.67
413, 655, 87, 30, 1.0000, 0.0001, 0.0000, 0.0001, 1.0000, 175.36
413, 657, 70, 10, 0.9333, 10.3936, 10.3813, 0.5061, 0.8400, 237.78
413, 665, 16, 87, 0.9889, 7.7272, -3.5456, -6.8658, 0.9889, 193.02
413, 520, 3, 110, 0.5722, 23.7783, -10.3550, 21.4051, 0.4578, 170.12
413, 648, -36, 0, 0.5556, 53.5125, -53.2558, -5.2354, 0.2222, 165.75
414, 654, 30, 22, 0.6556, 49.8961, -48.2238, 12.8098, 0.2622, 171.00
414, 655, 87, 30, 1.0000, 0.0000, 0.0000, 0.0000, 1.0000, 175.25
414, 657, 71, 12, 0.9889, 3.1814, 2.6378, 1.7785, 0.9889, 236.40
414, 631, 23, 97, 0.5625, 0.9400, 0.9353, -0.0939, 0.2250, 190.00
415, 654, -1, 23, 0.7111, 32.9854, -32.9241, 2.0107, 0.3556, 177.40
415, 655, 87, 30, 1.0000, 0.0000, -0.0000, -0.0000, 1.0000, 175.23
415, 657, 71, 13, 1.0000, 1.4522, -0.4805, 1.3704, 1.0000, 232.36
415, 672, 5, 33, 0.6000, 76.2478, -4.5168, -76.1139, 0.1800, 177.00
415, 631, 28, 123, 0.6222, 23.1538, 4.7906, 22.6527, 0.3111, 184.60
416, 655, 87, 30, 1.0000, 0.0000, -0.0000, -0.0000, 1.0000, 175.21
416, 657, 71, 15, 1.0000, 1.7971, 0.1896, 1.7871, 1.0000, 228.42
416, 658, 102, 4, 0.6556, 15.5954, -12.1020, -9.8366, 0.2622, 153.50
416, 669, 34, 42, 0.6000, 31.3098, -1.8792, 31.2533, 0.1800, 194.50
416, 631, 30, 129, 0.6806, 7.9470, 2.4018, 7.5754, 0.4083, 178.33
416, 676, 108, 56, 0.6000, 16.0354, 15.4940, -4.1317, 0.1800, 159.67
416, 647, 92, 109, 0.5625, 25.1824, 9.3525, 23.3813, 0.2250, 150.75
416, 682, 33, 101, 0.6000, 11.8153, 3.6941, 11.2230, 0.1800, 172.33
416, 683, 27, 94, 0.6000, 1.0291, 1.0291, 0.0000, 0.1800, 238.33
416, 654, -34, 25, 0.6111, 32.9854, -32.9241, 2.0107, 0.3056, 177.40
416, 672, 1, -43, 0.5000, 76.2478, -4.5168, -76.1139, 0.1500, 177.00
417, 655, 87, 30, 1.0000, 0.0000, -0.0000, -0.0000, 1.0000, 175.27
417, 657, 71, 15, 1.0000, 0.5197, 0.1458, 0.4988, 1.0000, 227.85
417, 647, 107, 114, 0.6222, 16.4102, 14.6957, 7.3030, 0.3111, 138.60
417, 682, 30, 124, 0.6556, 21.3485, -1.9666, 21.2577, 0.2622, 165.12
417, 683, 29, 94, 0.7056, 1.7619, 1.7619, 0.0000, 0.2822, 229.75
417, 684, 28, 97, 0.6000, 1.6029, 1.6021, -0.0482, 0.1800, 212.67
417, 658, 90, -6, 0.5556, 15.5954, -12.1020, -9.8366, 0.2222, 153.50
417, 669, 32, 73, 0.5000, 31.3098, -1.8792, 31.2533, 0.1500, 194.50
417, 631, 33, 136, 0.5806, 7.9470, 2.4018, 7.5754, 0.3483, 178.33
417, 676, 123, 52, 0.5000, 16.0354, 15.4940, -4.1317, 0.1500, 159.67
418, 650, 13, 113, 0.9889, 1.0637, 1.0622, -0.0572, 0.9889, 179.25
418, 655, 87, 30, 1.0000, 0.0000, 0.0000, 0.0000, 1.0000, 175.31
418, 657, 57, 13, 1.0000, 12.9103, -12.8133, -1.5802, 1.0000, 229.57
418, 658, 71, 16, 0.7111, 17.9725, -15.8885, 8.4004, 0.3556, 165.00
418, 669, 29, 97, 0.6556, 27.3581, -2.6090, 27.2334, 0.2622, 194.94
418, 680, 50, 115, 0.6000, 27.6470, 12.3641, 24.7283, 0.1800, 174.67
418, 683, 28, 88, 0.7611, 5.3506, -0.2508, -5.3448, 0.3806, 220.80
418, 684, 19, 119, 0.6556, 20.5109, -7.7613, 18.9857, 0.2622, 197.25
418, 647, 122, 121, 0.5222, 16.4102, 14.6957, 7.3030, 0.2611, 138.60
418, 682, 28, 146, 0.5556, 21.3485, -1.9666, 21.2577, 0.2222, 165.12
419, 560, 6, 60, 0.5400, 1.3516, -0.9606, 0.9508, 0.2700, 190.60
419, 655, 74, 20, 1.0000, 14.3671, -11.4937, -8.6202, 1.0000, 177.94
419, 662, 87, 122, 0.6000, 31.5728, 31.4429, -2.8608, 0.1800, 122.00
419, 669, 31, 116, 0.7111, 19.0734, 1.7505, 18.9929, 0.3556, 187.55
419, 677, 33, 89, 0.6000, 46.7697, -15.1373, 44.2523, 0.1800, 229.00
419, 678, 31, 95, 0.6000, 27.6415, -3.6012, 27.4059, 0.1800, 200.00
419, 680, 49, 126, 0.6556, 13.1491, 0.8502, 13.1216, 0.2622, 167.25
419, 683, 24, 83, 0.7667, 6.5869, -4.1743, -5.0954, 0.4600, 214.50
419, 684, 11, 138, 0.5556, 20.5109, -7.7613, 18.9857, 0.2222, 197.25
420, 669, 34, 125, 0.7667, 10.4812, 2.5537, 10.1653, 0.4600, 180.12
420, 603, 39, 33, 0.5400, 17.4701, -15.4514, 8.1522, 0.2700, 205.60
420, 678, 32, 101, 0.6556, 8.7205, 0.4221, 8.7102, 0.2622, 209.75
420, 687, 92, 68, 0.6000, 50.6800, -10.9883, -49.4745, 0.1800, 121.67
420, 662, 118, 119, 0.5000, 31.5728, 31.4429, -2.8608, 0.1500, 122.00
420, 677, 18, 134, 0.5000, 46.7697, -15.1373, 44.2523, 0.1500, 229.00
420, 680, 50, 139, 0.5556, 13.1491, 0.8502, 13.1216, 0.2222, 167.25
420, 683, 20, 78, 0.6667, 6.5869, -4.1743, -5.0954, 0.4000, 214.50
421, 560, 26, 81, 0.6000, 16.3736, 11.3574, 11.7942, 0.3600, 188.67
421, 662, 107, 121, 0.6556, 7.5098, 7.4998, -0.3866, 0.2622, 118.75
421, 669, 35, 124, 0.8222, 1.4959, 1.4683, 0.2861, 0.5756, 175.68
421, 603, 33, 52, 0.6000, 19.3412, -7.7657, 17.7138, 0.3600, 205.33
421, 677, 17, 116, 0.6556, 11.8909, -7.1068, 9.5335, 0.2622, 206.50
421, 678, 34, 100, 0.7111, 1.4596, 1.3978, -0.4203, 0.3556, 207.80
421, 683, 11, 78, 0.8222, 6.9624, -6.6057, -2.1999, 0.5756, 209.29
421, 687, 72, 20, 0.6556, 51.9286, -18.2625, -48.6114, 0.2622, 145.75
422, 560, 37, 95, 0.6587, 17.2326, 10.9418, 13.3132, 0.4611, 196.14
422, 662, 108, 121, 0.7111, 1.9173, 1.9167, 0.0477, 0.3556, 114.00
422, 669, 36, 121, 0.8778, 2.3665, 0.9421, -2.1709, 0.7022, 171.72
422, 678, 36, 98, 0.7667, 2.4588, 2.0003, -1.4300, 0.4600, 209.50
422, 686, 42, 43, 0.6000, 40.9356, 40.4661, -6.1821, 0.1800, 215.37
422, 603, 25, 70, 0.5000, 19.3412, -7.7657, 17.7138, 0.3000, 205.33
422, 677, 10, 126, 0.5556, 11.8909, -7.1068, 9.5335, 0.2222, 206.50
422, 683, 5, 76, 0.7222, 6.9624, -6.6057, -2.1999, 0.5056, 209.29
422, 687, 54, -29, 0.5556, 51.9286, -18.2625, -48.6114, 0.2222, 145.75
423, 652, 82, 81, 0.6000, 56.7102, 39.6150, -40.5796, 0.1800, 154.00
423, 656, 56, 8, 0.6000, 60.0320, -59.6532, 6.7333, 0.1800, 164.00
423, 673, 11, 35, 0.6000, 28.2922, -4.6118, 27.9138, 0.1800, 210.92
423, 678, 38, 97, 0.8222, 2.4325, 2.0889, -1.2465, 0.5756, 209.00
423, 686, 94, 62, 0.6556, 53.4722, 50.9190, 16.3260, 0.2622, 205.03
423, 560, 48, 108, 0.5587, 17.2326, 10.9418, 13.3132, 0.3911, 196.14
423, 683, -2, 73, 0.6222, 6.9624, -6.6057, -2.1999, 0.4356, 209.29
424, 656, 6, 18, 0.6556, 52.7629, -51.7789, 10.1428, 0.2622, 173.00
424, 670, 80, 76, 0.6000, 84.9054, 50.9573, 67.9137, 0.1800, 191.00
424, 673, 8, 41, 0.6556, 9.6504, -3.6535, 8.9321, 0.2622, 221.94
424, 678, 39, 97, 0.8778, 1.2720, 1.2486, -0.2427, 0.7022, 211.31
424, 683, 3, 49, 0.8778, 11.4580, -1.8260, -11.3116, 0.7022, 211.50
424, 690, 54, 48, 0.6000, 30.1277, -17.7228, 24.3635, 0.1800, 223.69
424, 652, 121, 41, 0.5000, 56.7102, 39.6150, -40.5796, 0.1500, 154.00
424, 686, 145, 78, 0.5556, 53.4722, 50.9190, 16.3260, 0.2222, 205.03
425, 652, 103, 64, 0.6556, 9.0229, 7.3874, -5.1807, 0.2622, 152.75
425, 670, 114, 127, 0.6556, 63.6173, 35.6995, 52.6565, 0.2622, 166.75
425, 673, 1, 65, 0.7111, 23.3392, -6.0820, 22.5328, 0.3556, 215.35
425, 678, 40, 98, 0.9333, 1.2865, 0.9304, 0.8885, 0.8400, 208.44
425, 690, 30, 68, 0.6556, 30.8096, -23.0960, 20.3913, 0.2622, 215.27
425, 656, -46, 29, 0.5556, 52.7629, -51.7789, 10.1428, 0.2222, 173.00
426, 652, 102, 65, 0.7111, 0.7616, -0.1121, 0.7533, 0.3556, 155.20
426, 667, 85, 7, 0.6000, 21.5561, 11.5060, -18.2285, 0.1800, 225.67
426, 678, 42, 98, 0.9889, 1.7696, 1.7369, 0.3390, 0.9889, 208.95
426, 690, 4, 93, 0.7111, 35.4769, -25.2542, 24.9165, 0.3556, 201.62
426, 691, 77, 42, 0.6000, 25.3560, 24.3745, -6.9866, 0.1800, 235.70
426, 670, 149, 179, 0.5556, 63.6173, 35.6995, 52.6565, 0.2222, 166.75
427, 667, 86, 6, 0.6556, 4.7261, 3.1703, -3.5050, 0.2622, 232.50
427, 671, 12, 27, 0.6000, 50.4744, -50.4652, 0.9668, 0.1800, 204.33
427, 678, 60, 89, 1.0000, 19.2646, 17.1622, -8.7512, 1.0000, 205.68
427, 681, 113, 123, 0.6000, 40.4393, 20.6614, 34.7627, 0.1800, 122.67
427, 691, 89, 17, 0.6556, 26.3488, 13.3643, -22.7080, 0.2622, 215.27
427, 690, -21, 118, 0.6111, 35.4769, -25.2542, 24.9165, 0.3056, 201.62
428, 667, 86, 8, 0.7111, 1.8618, -0.3249, 1.8332, 0.3556, 228.30
428, 678, 93, 89, 1.0000, 31.0662, 31.0658, 0.1459, 1.0000, 204.71
428, 693, 12, 35, 0.6000, 1.3226, 0.9353, 0.9353, 0.1800, 210.00
428, 694, 33, 78, 0.6000, 42.3375, 19.7342, 37.4570, 0.1800, 231.00
428, 695, 105, 113, 0.6000, 24.7554, 12.2521, 21.5108, 0.1800, 145.67
428, 671, -38, 28, 0.5000, 50.4744, -50.4652, 0.9668, 0.1500, 204.33
428, 681, 133, 158, 0.5000, 40.4393, 20.6614, 34.7627, 0.1500, 122.67
428, 690, -46, 143, 0.5111, 35.4769, -25.2542, 24.9165, 0.2556, 201.62
428, 691, 102, -6, 0.5556, 26.3488, 13.3643, -22.7080, 0.2222, 215.27
429, 667, 85, 11, 0.7667, 2.8006, -0.5859, 2.7386, 0.4600, 232.75
429, 668, 38, 23, 0.6000, 22.0288, -0.9481, 22.0084, 0.1800, 211.33
429, 689, 104, 115, 0.6000, 22.7512, 21.8400, -6.3742, 0.1800, 103.67
429, 693, 15, 39, 0.6556, 4.7613, 2.5262, 4.0358, 0.2622, 221.00
429, 694, 53, 116, 0.5000, 42.3375, 19.7342, 37.4570, 0.1500, 231.00
429, 695, 118, 135, 0.5000, 24.7554, 12.2521, 21.5108, 0.1500, 145.67
430, 667, 85, 13, 0.8222, 2.3074, -0.1715, 2.3011, 0.5756, 235.64
430, 668, 20, 39, 0.6556, 22.6702, -15.3719, 16.6626, 0.2622, 209.50
430, 689, 109, 113, 0.6556, 6.9379, 6.6608, -1.9411, 0.2622, 103.50
430, 693, 17, 41, 0.7611, 3.1553, 2.3330, 2.1244, 0.3806, 226.80
430, 694, 31, 114, 0.6556, 16.2031, -3.8066, 15.7496, 0.2622, 212.25
431, 667, 86, 14, 0.8778, 1.4650, 0.7960, 1.2299, 0.7022, 231.62
431, 668, 2, 63, 0.7111, 29.1089, -17.7137, 23.0988, 0.3556, 203.80
431, 674, 41, 26, 0.6000, 6.1367, 3.8393, 4.7874, 0.1800, 197.33
431, 679, 109, 67, 0.6000, 10.6479, -1.9048, -10.4762, 0.1800, 124.67
431, 689, 107, 114, 0.7111, 0.4328, -0.4152, 0.1223, 0.3556, 101.40
431, 692, 16, 24, 0.6000, 1.3208, 0.8545, 1.0071, 0.1800, 217.00
431, 693, 18, 41, 0.8167, 1.3050, 1.2859, 0.2221, 0.4900, 228.39
431, 696, 53, 107, 0.6000, 41.7273, -38.1485, -16.9074, 0.1800, 129.33
431, 623, 11, 51, 0.5400, 0.9353, 0.9353, 0.0000, 0.2700, 204.40
431, 694, 27, 130, 0.5556, 16.2031, -3.8066, 15.7496, 0.2222, 212.25
432, 667, 87, 28, 0.9333, 12.5599, 1.0921, 12.5124, 0.8400, 224.89
432, 689, 106, 114, 0.7667, 1.1766, -1.1294, 0.3296, 0.4600, 100.00
432, 692, 20, 17, 0.6556, 7.1494, 4.1007, -5.8564, 0.2622, 216.75
432, 693, 20, 42, 0.8722, 1.7636, 1.6790, 0.5395, 0.6106, 231.62
432, 623, 13, 51, 0.6500, 1.7715, 1.7715, 0.0000, 0.3900, 205.42
432, 697, 12, 11, 0.6000, 17.3442, -16.7407, 4.5354, 0.1800, 211.33
432, 699, 102, 90, 0.6000, 1.0291, 1.0291, 0.0000, 0.1800, 178.50
432, 668, -15, 86, 0.6111, 29.1089, -17.7137, 23.0988, 0.3056, 203.80
432, 674, 45, 31, 0.5000, 6.1367, 3.8393, 4.7874, 0.1500, 197.33
432, 679, 107, 57, 0.5000, 10.6479, -1.9048, -10.4762, 0.1500, 124.67
432, 696, 15, 90, 0.5000, 41.7273, -38.1485, -16.9074, 0.1500, 129.33
433, 667, 109, 63, 0.9889, 38.8770, 20.4195, 33.0827, 0.9889, 215.90
433, 674, 58, 35, 0.6556, 10.0475, 8.9403, 4.5852, 0.2622, 198.00
433, 675, 17, 12, 0.6000, 62.1749, -58.4833, -21.1050, 0.1800, 218.00
433, 679, 88, 31, 0.6556, 22.6706, -11.7538, -19.3856, 0.2622, 136.25
433, 689, 109, 115, 0.8222, 2.8675, 2.7297, 0.8783, 0.5756, 99.00
433, 693, 21, 43, 0.9278, 1.5368, 1.2176, 0.9376, 0.7422, 233.92
433, 696, 33, 69, 0.6556, 20.0577, -6.4149, -19.0042, 0.2622, 146.75
433, 623, 13, 52, 0.7087, 0.9286, 0.5285, 0.7635, 0.4961, 205.93
433, 697, 3, 13, 0.6556, 10.4011, -10.0077, 2.8335, 0.2622, 212.00
433, 699, 105, 90, 0.7056, 2.5167, 2.5167, 0.0000, 0.2822, 182.12
433, 668, -33, 109, 0.5111, 29.1089, -17.7137, 23.0988, 0.2556, 203.80
433, 692, 25, 11, 0.5556, 7.1494, 4.1007, -5.8564, 0.2222, 216.75
434, 674, 83, 31, 0.7111, 24.3523, 24.1729, -2.9506, 0.3556, 191.20
434, 679, 77, 14, 0.7111, 19.7022, -10.8977, -16.4139, 0.3556, 153.40
434, 692, 30, 8, 0.7111, 6.5961, 4.8544, -4.4657, 0.3556, 215.20
434, 693, 22, 43, 0.9833, 1.0249, 0.9852, 0.2825, 0.8850, 235.93
434, 696, 20, 27, 0.7111, 42.0991, -12.2258, -40.2848, 0.3556, 162.20
434, 623, 14, 52, 0.7667, 0.7654, 0.7079, 0.2911, 0.6133, 206.06
434, 697, 2, 14, 0.7111, 1.9148, -1.4837, 1.2104, 0.3556, 215.20
434, 699, 113, 70, 0.7111, 19.1600, 7.6620, -17.5613, 0.3556, 169.10
434, 675, -41, -9, 0.5000, 62.1749, -58.4833, -21.1050, 0.1500, 218.00
435, 674, 97, 20, 0.7667, 17.8470, 14.6559, -10.1842, 0.4600, 189.50
435, 692, 42, 11, 0.7667, 11.4944, 11.2739, 2.2407, 0.4600, 211.83
435, 693, 23, 44, 1.0000, 1.2078, 0.9626, 0.7296, 1.0000, 237.83
435, 623, 18, 42, 0.7741, 9.9594, 3.9971, -9.1221, 0.6967, 206.28
435, 697, 3, 15, 0.7667, 0.8231, 0.1277, 0.8131, 0.4600, 217.50
435, 589, 12, 97, 0.5250, 36.9310, -34.0051, -14.4067, 0.3150, 163.50
435, 699, 121, 53, 0.6111, 19.1600, 7.6620, -17.5613, 0.3056, 169.10
436, 693, 25, 45, 1.0000, 2.0054, 1.7391, 0.9985, 1.0000, 239.39
436, 623, 19, 29, 0.8311, 12.7019, 0.6822, -12.6836, 0.8311, 207.65
436, 697, 3, 16, 0.8222, 0.9363, 0.2646, 0.8981, 0.5756, 217.29
436, 698, 32, 118, 0.6000, 80.0917, 15.2502, 78.6264, 0.1800, 196.00
436, 674, 111, 10, 0.6667, 17.8470, 14.6559, -10.1842, 0.4000, 189.50
436, 692, 53, 13, 0.6667, 11.4944, 11.2739, 2.2407, 0.4000, 211.83
437, 692, 81, 16, 0.8222, 21.1467, 20.9796, 2.6530, 0.5756, 217.29
437, 693, 26, 46, 1.0000, 1.6657, 1.3016, 1.0394, 1.0000, 240.69
437, 623, 12, 10, 0.8879, 18.8694, -5.6417, -18.0062, 0.8879, 208.77
437, 697, 2, 17, 0.8778, 1.2005, -0.6815, 0.9883, 0.7022, 216.50
437, 589, -2, 80, 0.5841, 8.8091, -3.5302, -8.0708, 0.4089, 172.86
437, 703, 88, 30, 0.6000, 0.9353, 0.9353, 0.0000, 0.1800, 173.33
437, 704, 112, 66, 0.6000, 42.1710, 33.6691, 25.3926, 0.1800, 179.00
437, 698, 47, 197, 0.5000, 80.0917, 15.2502, 78.6264, 0.1500, 196.00
438, 693, 27, 47, 1.0000, 1.4342, 1.0120, 1.0162, 1.0000, 241.64
438, 623, 11, 5, 0.9444, 6.8039, -1.5271, -6.6303, 0.9444, 209.21
438, 697, 4, 29, 0.9333, 11.1216, 1.9929, 10.9415, 0.8400, 215.44
438, 700, 19, 50, 0.6000, 21.6897, 0.9926, 21.6670, 0.1800, 220.33
438, 589, 0, 79, 0.6424, 2.1721, 1.6610, -1.3996, 0.5139, 178.25
438, 702, 45, 75, 0.6000, 1.3625, 1.0023, -0.9229, 0.1800, 199.00
438, 703, 80, 40, 0.6556, 10.5634, -6.5310, 8.3025, 0.2622, 188.00
438, 704, 146, 91, 0.5000, 42.1710, 33.6691, 25.3926, 0.1500, 179.00
439, 673, 20, 27, 1.0000, 2.7192, 0.9576, -2.5450, 1.0000, 214.84
439, 693, 28, 48, 1.0000, 1.3864, 0.9595, 1.0007, 1.0000, 242.60
439, 697, 17, 40, 0.9889, 15.8925, 11.5557, 10.9105, 0.9889, 215.20
439, 702, 45, 75, 0.7056, 0.3602, 0.2425, -0.2663, 0.2822, 197.75
439, 703, 79, 43, 0.7111, 4.2016, -1.7597, 3.8153, 0.3556, 193.20
439, 704, 125, 106, 0.6556, 19.8544, 3.0133, 19.6244, 0.2622, 154.50
439, 623, 10, -2, 0.8444, 6.8039, -1.5271, -6.6303, 0.8444, 209.21
439, 700, 20, 72, 0.5000, 21.6897, 0.9926, 21.6670, 0.1500, 220.33
440, 693, 29, 49, 1.0000, 1.3995, 0.9813, 0.9978, 1.0000, 243.16
440, 697, 20, 42, 1.0000, 5.3031, 4.1231, 3.3350, 1.0000, 215.18
440, 702, 45, 75, 0.6056, 0.3602, 0.2425, -0.2663, 0.2422, 197.75
440, 703, 77, 47, 0.6111, 4.2016, -1.7597, 3.8153, 0.3056, 193.20
440, 704, 128, 126, 0.5556, 19.8544, 3.0133, 19.6244, 0.2222, 154.50
441, 693, 30, 50, 1.0000, 1.4123, 0.9983, 0.9990, 1.0000, 243.71
441, 703, 67, 46, 0.7667, 6.6329, -6.4969, 1.3362, 0.4600, 197.83
441, 711, 65, 10, 0.6000, 39.6794, 39.2806, 5.6115, 0.1800, 209.67
441, 702, 46, 74, 0.5056, 0.3602, 0.2425, -0.2663, 0.2022, 197.75
442, 693, 31, 51, 1.0000, 1.4157, 1.0022, 0.9999, 1.0000, 244.02
442, 701, 11, 15, 0.6000, 16.7607, 5.5423, -15.8178, 0.1800, 204.33
442, 589, 3, 82, 0.8708, 0.7461, 0.7211, 0.1914, 0.8708, 193.17
442, 702, 34, 94, 0.7111, 9.1719, -4.6312, 7.9168, 0.3556, 194.00
442, 706, 33, 120, 0.7056, 0.6950, 0.4812, 0.5015, 0.2822, 149.50
442, 710, 17, 113, 0.6000, 4.1704, -3.5761, 2.1456, 0.1800, 156.33
442, 711, 89, 28, 0.6556, 30.9648, 26.0965, 16.6670, 0.2622, 200.25
442, 713, 0, 23, 0.6000, 2.0499, -0.8974, 1.8430, 0.1800, 214.17
442, 703, 61, 48, 0.6667, 6.6329, -6.4969, 1.3362, 0.4000, 197.83
443, 693, 32, 52, 1.0000, 1.4151, 1.0012, 1.0001, 1.0000, 243.38
443, 701, 26, 1, 0.6556, 20.5242, 14.5388, -14.4867, 0.2622, 208.25
443, 703, 50, 70, 0.8222, 16.3247, -8.9204, 13.6719, 0.5756, 198.29
443, 706, 34, 121, 0.7611, 1.2873, 0.9062, 0.9143, 0.3806, 148.40
443, 711, 91, 32, 0.7111, 6.9852, 4.4423, 5.3907, 0.3556, 195.20
443, 713, 0, 24, 0.7056, 1.3187, -0.2713, 1.2904, 0.2822, 210.88
443, 710, 13, 115, 0.5000, 4.1704, -3.5761, 2.1456, 0.1500, 156.33
444, 693, 33, 54, 1.0000, 1.9883, 1.0002, 1.7184, 1.0000, 243.99
444, 706, 41, 125, 0.7667, 7.2297, 6.4115, 3.3410, 0.4600, 149.33
444, 713, 5, 4, 0.7111, 18.6628, 4.5988, -18.0874, 0.3556, 214.70
444, 714, 65, 15, 0.6000, 50.0163, 42.4822, -26.3987, 0.1800, 196.33
444, 701, 41, -14, 0.5556, 20.5242, 14.5388, -14.4867, 0.2222, 208.25
445, 693, 34, 55, 1.0000, 1.6555, 0.9999, 1.3194, 1.0000, 244.54
445, 706, 47, 128, 0.6667, 7.2297, 6.4115, 3.3410, 0.4000, 149.33
445, 713, 10, -14, 0.6111, 18.6628, 4.5988, -18.0874, 0.3056, 214.70
445, 714, 107, -12, 0.5000, 50.0163, 42.4822, -26.3987, 0.1500, 196.33
446, 693, 35, 56, 1.0000, 1.4346, 0.9999, 1.0287, 1.0000, 245.04
446, 710, 13, 111, 0.7056, 1.2392, -0.3300, -1.1945, 0.2822, 158.00
446, 717, 50, 68, 0.6000, 1.0225, 0.2408, -0.9937, 0.1800, 201.67
446, 719, 85, 51, 0.6000, 2.1544, 0.9822, 1.9174, 0.1800, 213.67
446, 706, 54, 131, 0.5667, 7.2297, 6.4115, 3.3410, 0.3400, 149.33
447, 688, 99, 17, 0.6000, 64.2456, 60.9475, -20.3197, 0.1800, 203.48
447, 693, 36, 58, 1.0000, 1.9443, 1.0000, 1.6675, 1.0000, 245.40
447, 709, 78, 105, 0.6000, 0.8952, 0.8949, 0.0233, 0.1800, 155.00
447, 711, 87, 30, 0.9333, 0.1369, 0.1324, 0.0348, 0.8400, 186.11
447, 582, 100, 4, 0.5250, 3.5485, 3.5485, 0.0000, 0.3150, 159.58
447, 717, 57, 50, 0.6556, 17.2692, 6.0158, -16.1875, 0.2622, 203.25
447, 719, 85, 52, 0.7056, 1.2995, 0.2571, 1.2739, 0.2822, 207.50
447, 710, 13, 110, 0.6056, 1.2392, -0.3300, -1.1945, 0.2422, 158.00
448, 693, 53, 51, 1.0000, 15.4339, 14.3363, -5.7161, 1.0000, 243.78
448, 707, 74, 44, 0.6000, 77.5538, 66.5833, -39.7650, 0.1800, 195.00
448, 709, 80, 106, 0.7056, 1.9533, 1.8037, 0.7498, 0.2822, 161.50
448, 710, 25, 122, 0.7111, 9.1080, 6.7032, 6.1662, 0.3556, 159.40
448, 717, 64, 43, 0.7111, 10.0126, 6.7708, -7.3762, 0.3556, 203.80
448, 719, 86, 53, 0.7611, 1.2219, 0.7293, 0.9804, 0.3806, 206.60
448, 720, 5, 9, 0.6000, 28.8569, -25.0310, -14.3585, 0.1800, 218.00
448, 721, 69, 16, 0.6000, 3.3597, -2.7588, 1.9174, 0.1800, 186.67
448, 725, 74, 47, 0.6000, 42.2217, 42.1802, -1.8705, 0.1800, 200.67
448, 688, 160, -4, 0.5000, 64.2456, 60.9475, -20.3197, 0.1500, 203.48
449, 709, 82, 106, 0.7611, 2.0904, 2.0725, 0.2729, 0.3806, 166.80
449, 722, 26, 43, 0.6000, 27.8621, -9.8233, 26.0729, 0.1800, 213.67
449, 723, 37, 48, 0.6000, 55.1219, -52.8988, 15.4967, 0.1800, 183.67
449, 693, 67, 45, 0.9000, 15.4339, 14.3363, -5.7161, 0.9000, 243.78
449, 707, 141, 4, 0.5000, 77.5538, 66.5833, -39.7650, 0.1500, 195.00
449, 717, 71, 36, 0.6111, 10.0126, 6.7708, -7.3762, 0.3056, 203.80
449, 719, 87, 54, 0.6611, 1.2219, 0.7293, 0.9804, 0.3306, 206.60
449, 720, -20, -5, 0.5000, 28.8569, -25.0310, -14.3585, 0.1500, 218.00
449, 721, 66, 18, 0.5000, 3.3597, -2.7588, 1.9174, 0.1500, 186.67
449, 725, 116, 45, 0.5000, 42.2217, 42.1802, -1.8705, 0.1500, 200.67
450, 693, 80, 31, 1.0000, 16.8888, 13.5248, -10.1148, 1.0000, 241.08
450, 709, 84, 105, 0.8167, 2.1956, 2.0563, -0.7696, 0.4900, 165.17
450, 719, 85, 47, 0.8167, 3.4986, -0.5798, -3.4503, 0.4900, 203.33
450, 722, 27, 72, 0.6556, 28.3500, 0.0400, 28.3500, 0.2622, 208.50
450, 725, 90, 30, 0.6556, 9.7635, 3.6009, -9.0752, 0.2622, 195.00
450, 723, -16, 63, 0.5000, 55.1219, -52.8988, 15.4967, 0.1500, 183.67
451, 693, 80, 15, 1.0000, 15.4020, 1.7138, -15.3064, 1.0000, 238.99
451, 630, 28, 48, 0.5400, 39.4442, -38.5334, -8.4275, 0.2700, 204.80
451, 721, 72, 31, 0.6556, 5.9214, 1.7197, 5.6662, 0.2622, 191.00
451, 722, 34, 105, 0.7111, 33.4889, 5.8994, 32.9652, 0.3556, 203.07
451, 723, -3, 50, 0.6556, 15.7731, -15.7564, -0.7244, 0.2622, 185.25
451, 725, 88, 29, 0.7111, 2.6658, -1.2838, -2.3363, 0.3556, 191.80
451, 726, 45, 73, 0.6000, 11.5444, -11.5056, -0.9461, 0.1800, 181.00
451, 729, 71, 57, 0.6000, 37.4521, -24.3263, 28.4761, 0.1800, 177.00
451, 731, 112, 58, 0.6000, 49.7086, -9.3525, -48.8208, 0.1800, 106.00
451, 709, 86, 104, 0.7167, 2.1956, 2.0563, -0.7696, 0.4300, 165.17
452, 709, 87, 107, 0.8722, 1.7956, 1.4418, 1.0701, 0.6106, 167.43
452, 721, 74, 46, 0.7111, 15.1758, 2.0811, 15.0324, 0.3556, 199.00
452, 723, -3, 49, 0.7111, 1.7377, -1.4011, -1.0279, 0.3556, 188.20
452, 729, 63, 82, 0.6556, 27.1808, -9.5806, 25.4364, 0.2622, 179.25
452, 733, 36, 18, 0.6000, 14.0288, 14.0288, 0.0000, 0.1800, 203.33
452, 726, 34, 72, 0.5000, 11.5444, -11.5056, -0.9461, 0.1500, 181.00
452, 731, 103, 9, 0.5000, 49.7086, -9.3525, -48.8208, 0.1500, 106.00
453, 630, 6, 34, 0.6000, 10.2915, -7.8725, -6.6286, 0.3600, 203.83
453, 709, 89, 107, 0.9278, 1.8714, 1.8390, 0.3465, 0.7422, 167.88
453, 721, 74, 59, 0.7667, 13.1124, 0.5296, 13.1017, 0.4600, 201.58
453, 726, 15, 82, 0.6556, 16.1815, -15.4071, 4.9459, 0.2622, 175.25
453, 729, 42, 108, 0.7111, 33.0762, -20.1550, 26.2261, 0.3556, 194.40
453, 733, 69, 16, 0.6556, 30.3835, 30.3460, -1.5095, 0.2622, 202.25
453, 734, 20, 17, 0.6000, 16.4742, 14.3585, -8.0767, 0.1800, 203.00
453, 735, 38, 51, 0.6000, 1.3751, 1.0419, 0.8974, 0.1800, 216.33
454, 630, 1, 22, 0.6587, 12.8050, -5.5626, -11.5337, 0.4611, 205.43
454, 709, 91, 108, 0.9833, 2.1478, 2.0171, 0.7377, 0.8850, 171.67
454, 582, 127, 17, 0.6341, 4.7719, 4.0426, 2.5355, 0.4439, 153.36
454, 722, 43, 109, 0.8778, 1.8053, -0.0340, -1.8050, 0.7022, 208.92
454, 726, 9, 87, 0.7111, 8.5241, -6.6722, 5.3049, 0.3556, 187.00
454, 733, 91, 3, 0.7111, 25.3232, 22.2952, -12.0079, 0.3556, 196.60
454, 734, 25, 13, 0.6556, 7.7126, 6.6183, -3.9600, 0.2622, 205.00
454, 735, 39, 51, 0.7056, 1.0329, 0.9967, 0.2713, 0.2822, 225.25
455, 705, 60, 63, 0.6000, 31.5462, -29.7318, 10.5445, 0.1800, 180.33
455, 709, 93, 108, 1.0000, 2.0442, 2.0298, 0.2426, 1.0000, 172.80
455, 724, 43, 74, 0.6000, 51.6335, 17.4222, 48.6054, 0.1800, 215.00
455, 726, 11, 89, 0.7667, 2.0979, 0.4435, 2.0505, 0.4600, 197.67
455, 732, 76, 15, 0.6000, 48.7498, 46.9074, 13.2757, 0.1800, 208.33
455, 734, 38, 15, 0.7111, 12.0417, 11.9880, 1.1361, 0.3556, 204.40
455, 735, 57, 47, 0.7111, 16.7056, 16.2594, -3.8355, 0.3556, 223.00
455, 737, 77, 63, 0.6000, 1.7046, 0.1445, 1.6985, 0.1800, 223.67
455, 630, -5, 10, 0.5587, 12.8050, -5.5626, -11.5337, 0.3911, 205.43
455, 582, 131, 20, 0.5341, 4.7719, 4.0426, 2.5355, 0.3739, 153.36
455, 733, 113, -9, 0.6111, 25.3232, 22.2952, -12.0079, 0.3056, 196.60
456, 705, 29, 100, 0.6556, 45.7955, -30.8343, 33.8596, 0.2622, 177.75
456, 709, 95, 108, 1.0000, 2.0096, 2.0095, -0.0116, 1.0000, 172.50
456, 724, 47, 113, 0.6556, 40.1381, 6.0047, 39.6864, 0.2622, 224.50
456, 726, 13, 88, 0.8222, 1.8702, 1.8700, 0.0272, 0.5756, 204.00
456, 732, 117, 19, 0.6556, 41.9358, 41.5420, 5.7335, 0.2622, 219.50
456, 735, 62, 46, 0.7667, 6.2392, 6.0557, -1.5023, 0.4600, 220.67
456, 737, 74, 55, 0.6556, 7.6661, -3.0696, -7.0247, 0.2622, 217.50
456, 739, 28, 26, 0.6000, 8.8709, -7.2274, -5.1436, 0.1800, 214.33
456, 743, 29, 51, 0.6000, 1.3562, 0.9353, 0.9822, 0.1800, 216.33
456, 744, 60, 64, 0.6000, 12.1583, -4.6763, -11.2230, 0.1800, 189.67
456, 734, 50, 16, 0.6111, 12.0417, 11.9880, 1.1361, 0.3056, 204.40
457, 709, 97, 109, 1.0000, 2.1177, 1.9994, 0.6978, 1.0000, 172.96
457, 724, 44, 131, 0.7111, 20.5088, -1.5981, 20.4464, 0.3556, 207.20
457, 734, 61, 44, 0.7667, 20.0458, 11.4615, 16.4459, 0.4600, 205.00
457, 735, 77, 61, 0.8222, 19.3959, 13.6943, 13.7356, 0.5756, 225.00
457, 737, 85, 33, 0.7111, 22.4970, 9.5329, -20.3775, 0.3556, 209.20
457, 738, 36, 31, 0.6000, 14.5891, 8.9507, 11.5207, 0.1800, 213.67
457, 739, 18, 19, 0.6556, 10.9425, -8.9903, -6.2380, 0.2622, 212.75
457, 740, 48, 112, 0.6000, 41.2988, -41.2858, -1.0373, 0.1800, 134.33
457, 743, 29, 50, 0.7056, 0.5623, 0.2619, -0.4976, 0.2822, 212.00
457, 744, 37, 50, 0.6556, 24.6183, -20.9337, -12.9552, 0.2622, 196.75
457, 705, -2, 134, 0.5556, 45.7955, -30.8343, 33.8596, 0.2222, 177.75
457, 732, 158, 25, 0.5556, 41.9358, 41.5420, 5.7335, 0.2222, 219.50
458, 709, 99, 109, 1.0000, 2.0197, 1.9983, 0.2928, 1.0000, 172.73
458, 735, 94, 67, 0.8778, 18.7014, 17.3764, 6.9140, 0.7022, 213.38
458, 737, 97, 14, 0.7667, 22.7184, 12.4901, -18.9769, 0.4600, 203.00
458, 738, 39, 33, 0.6556, 5.0308, 3.5084, 3.6056, 0.2622, 216.25
458, 740, 21, 117, 0.6556, 29.2089, -28.8660, 4.4623, 0.2622, 138.50
458, 743, 34, 50, 0.7611, 4.5655, 4.5549, -0.3117, 0.3806, 211.20
458, 744, 8, 64, 0.7111, 29.8821, -27.6971, 11.2166, 0.3556, 194.00
458, 739, 9, 13, 0.5556, 10.9425, -8.9903, -6.2380, 0.2222, 212.75
459, 709, 101, 110, 1.0000, 2.1345, 1.9994, 0.7475, 1.0000, 172.25
459, 715, 58, 26, 0.6000, 7.6118, 0.0000, 7.6118, 0.1800, 193.67
459, 751, 31, 53, 0.6000, 1.2064, 0.9822, 0.7006, 0.1800, 210.00
459, 735, 112, 74, 0.7778, 18.7014, 17.3764, 6.9140, 0.6222, 213.38
459, 738, 42, 37, 0.5556, 5.0308, 3.5084, 3.6056, 0.2222, 216.25
459, 740, -8, 121, 0.5556, 29.2089, -28.8660, 4.4623, 0.2222, 138.50
459, 743, 39, 50, 0.6611, 4.5655, 4.5549, -0.3117, 0.3306, 211.20
459, 744, -19, 76, 0.6111, 29.8821, -27.6971, 11.2166, 0.3056, 194.00
460, 709, 103, 110, 1.0000, 2.0188, 2.0000, 0.2747, 1.0000, 172.63
460, 715, 61, 43, 0.6556, 16.6455, 2.2670, 16.4904, 0.2622, 197.50
460, 738, 40, 33, 0.7111, 0.6267, 0.2114, -0.5899, 0.3556, 213.60
460, 743, 46, 53, 0.7667, 6.2888, 6.0517, 1.7105, 0.4600, 212.17
460, 751, 61, 62, 0.6556, 27.0773, 25.9194, 7.8336, 0.2622, 208.25
460, 755, 32, 19, 0.6000, 37.7476, -28.0576, -25.2518, 0.1800, 219.33
460, 757, 87, 20, 0.6000, 45.4650, 7.4820, -44.8451, 0.1800, 217.00
460, 759, 13, 91, 0.6000, 30.9199, -30.8633, -1.8705, 0.1800, 172.67
460, 762, 49, 118, 0.6000, 6.5375, -3.5063, 5.5176, 0.1800, 218.67
461, 709, 105, 110, 1.0000, 2.0001, 2.0001, 0.0024, 1.0000, 173.53
461, 715, 66, 63, 0.7111, 19.3566, 4.6460, 18.7907, 0.3556, 199.80
461, 743, 48, 53, 0.8222, 2.2367, 2.1831, 0.4869, 0.5756, 214.57
461, 751, 81, 68, 0.7111, 21.8728, 20.8516, 6.6053, 0.3556, 207.00
461, 753, 17, 67, 0.6000, 45.2858, -25.0310, 37.7392, 0.1800, 202.33
461, 754, 88, 20, 0.6556, 8.3367, 0.7548, -8.3025, 0.2622, 175.00
461, 759, 4, 87, 0.6556, 12.9131, -12.4175, -3.5430, 0.2622, 172.00
461, 762, 49, 121, 0.7056, 3.8585, -0.3168, 3.8455, 0.2822, 208.92
461, 738, 40, 33, 0.6111, 0.6267, 0.2114, -0.5899, 0.3056, 213.60
461, 755, 4, -6, 0.5000, 37.7476, -28.0576, -25.2518, 0.1500, 219.33
461, 757, 94, -25, 0.5000, 45.4650, 7.4820, -44.8451, 0.1500, 217.00
462, 709, 107, 111, 1.0000, 2.1113, 2.0000, 0.6762, 1.0000, 173.79
462, 715, 70, 90, 0.7667, 26.5499, 4.4989, 26.1659, 0.4600, 193.33
462, 738, 33, 19, 0.7667, 9.3801, -4.0566, -8.4575, 0.4600, 212.50
462, 743, 49, 53, 0.8778, 1.4986, 1.4974, -0.0593, 0.7022, 215.38
462, 751, 95, 73, 0.7667, 15.7585, 14.8760, 5.1993, 0.4600, 197.83
462, 753, 9, 101, 0.6556, 35.5593, -9.8968, 34.1543, 0.2622, 194.75
462, 754, 88, 18, 0.7111, 3.0644, 0.2774, -3.0518, 0.3556, 174.80
462, 755, 25, 2, 0.6556, 6.7426, -0.6216, -6.7139, 0.2622, 215.00
462, 758, 21, 84, 0.6000, 8.0144, 5.1003, -6.1821, 0.1800, 212.33
462, 759, -1, 92, 0.7111, 6.8403, -5.8626, 3.5242, 0.3556, 172.00
462, 760, 27, 74, 0.6000, 29.0634, -6.9460, -28.2211, 0.1800, 173.67
462, 761, 29, 65, 0.6000, 48.4125, -12.3641, -46.8071, 0.1800, 160.67
462, 762, 50, 122, 0.7611, 1.4936, 0.3433, 1.4536, 0.3806, 217.73
463, 709, 109, 111, 1.0000, 2.0224, 2.0000, 0.3002, 1.0000, 174.58
463, 715, 65, 102, 0.8222, 14.7679, -4.3066, 14.1260, 0.5756, 187.57
463, 743, 50, 53, 0.9833, 1.0251, 1.0211, -0.0910, 0.8850, 218.78
463, 752, 46, 28, 0.6000, 4.4553, -4.3947, -0.7324, 0.1800, 197.67
463, 754, 89, 19, 0.7667, 1.1111, 0.7602, 0.8102, 0.4600, 175.33
463, 756, 46, 35, 0.6000, 32.0208, -26.6429, -17.7620, 0.1800, 201.33
463, 758, 23, 82, 0.6556, 2.6048, 1.7293, -1.9479, 0.2622, 205.75
463, 760, 3, 48, 0.6556, 34.4251, -22.0587, -26.4292, 0.2622, 186.25
463, 762, 50, 125, 0.8167, 2.2941, 0.1770, 2.2873, 0.4900, 211.22
463, 751, 110, 78, 0.6667, 15.7585, 14.8760, 5.1993, 0.4000, 197.83
463, 753, -1, 135, 0.5556, 35.5593, -9.8968, 34.1543, 0.2222, 194.75
463, 755, 25, -5, 0.5556, 6.7426, -0.6216, -6.7139, 0.2222, 215.00
463, 759, -7, 95, 0.6111, 6.8403, -5.8626, 3.5242, 0.3056, 172.00
463, 761, 17, 18, 0.5000, 48.4125, -12.3641, -46.8071, 0.1500, 160.67
464, 709, 111, 112, 1.0000, 2.1314, 2.0000, 0.7369, 1.0000, 174.87
464, 743, 51, 54, 1.0000, 1.1915, 0.9356, 0.7379, 1.0000, 222.20
464, 746, 15, 122, 0.6000, 58.7828, -47.1439, 35.1123, 0.1800, 161.00
464, 752, 40, 11, 0.6556, 16.6820, -5.9852, -15.5714, 0.2622, 195.50
464, 756, 29, 18, 0.6556, 24.4351, -17.5314, -17.0212, 0.2622, 203.00
464, 762, 50, 127, 0.8722, 2.1892, 0.0176, 2.1891, 0.6106, 212.62
464, 766, 18, 92, 0.6000, 10.6971, 5.4326, -9.2149, 0.1800, 192.67
464, 771, 2, 48, 0.6000, 30.7922, -29.8811, -7.4351, 0.1800, 229.33
464, 751, 125, 84, 0.5667, 15.7585, 14.8760, 5.1993, 0.3400, 197.83
464, 754, 90, 20, 0.6667, 1.1111, 0.7602, 0.8102, 0.4000, 175.33
464, 758, 24, 80, 0.5556, 2.6048, 1.7293, -1.9479, 0.2222, 205.75
464, 759, -13, 99, 0.5111, 6.8403, -5.8626, 3.5242, 0.2556, 172.00
464, 760, -19, 21, 0.5556, 34.4251, -22.0587, -26.4292, 0.2222, 186.25
465, 709, 112, 112, 1.0000, 1.3255, 1.2940, 0.2872, 1.0000, 173.07
465, 728, 4, 49, 0.6000, 53.6631, -27.7556, -45.9277, 0.1800, 200.00
465, 743, 37, 57, 1.0000, 13.0379, -12.7787, 2.5869, 1.0000, 221.36
465, 758, 12, 56, 0.7111, 16.2514, -6.5847, -14.8576, 0.3556, 204.60
465, 766, 20, 90, 0.6556, 3.5645, 2.3758, -2.6573, 0.2622, 194.00
465, 746, -32, 158, 0.5000, 58.7828, -47.1439, 35.1123, 0.1500, 161.00
465, 752, 34, -5, 0.5556, 16.6820, -5.9852, -15.5714, 0.2222, 195.50
465, 754, 90, 21, 0.5667, 1.1111, 0.7602, 0.8102, 0.3400, 175.33
465, 756, 12, 1, 0.5556, 24.4351, -17.5314, -17.0212, 0.2222, 203.00
465, 762, 50, 129, 0.7722, 2.1892, 0.0176, 2.1891, 0.5406, 212.62
465, 771, -27, 41, 0.5000, 30.7922, -29.8811, -7.4351, 0.1500, 229.33
466, 709, 115, 112, 1.0000, 2.3765, 2.3764, 0.0123, 1.0000, 174.55
466, 743, 21, 60, 1.0000, 16.0294, -15.7123, 3.1722, 1.0000, 218.92
466, 752, 28, 0, 0.7111, 7.1610, -6.1547, -3.6606, 0.3556, 200.60
466, 754, 98, 26, 0.8222, 4.3965, 3.5600, 2.5798, 0.5756, 172.14
466, 766, 20, 91, 0.7111, 1.3625, 0.9196, 1.0054, 0.3556, 197.40
466, 769, 63, 44, 0.7056, 0.0501, 0.0224, -0.0449, 0.2822, 199.75
466, 728, -24, 3, 0.5000, 53.6631, -27.7556, -45.9277, 0.1500, 200.00
466, 762, 50, 131, 0.6722, 2.1892, 0.0176, 2.1891, 0.4706, 212.62
467, 709, 117, 113, 1.0000, 2.3838, 2.2916, 0.6564, 1.0000, 175.34
467, 750, 63, 14, 0.6000, 29.8647, -28.6871, -8.3036, 0.1800, 166.00
467, 766, 21, 92, 0.7667, 1.0886, 0.7689, 0.7705, 0.4600, 201.17
467, 768, 92, 23, 0.7667, 7.6440, 4.5864, -6.1152, 0.4600, 174.00
467, 769, 49, 36, 0.7111, 14.0149, -12.1919, -6.9119, 0.3556, 200.40
467, 754, 101, 29, 0.7222, 4.3965, 3.5600, 2.5798, 0.5056, 172.14
467, 762, 50, 134, 0.5722, 2.1892, 0.0176, 2.1891, 0.4006, 212.62
468, 709, 119, 113, 1.0000, 2.0979, 2.0752, 0.3077, 1.0000, 176.24
468, 750, 38, 8, 0.6556, 25.9430, -25.1747, -6.2668, 0.2622, 180.75
468, 754, 119, 29, 0.8778, 11.9781, 11.8941, 1.4165, 0.7022, 166.25
468, 766, 21, 93, 0.8222, 0.9255, 0.1596, 0.9116, 0.5756, 205.14
468, 768, 94, 22, 0.8222, 2.9639, 2.5141, -1.5697, 0.5756, 173.86
468, 769, 37, 29, 0.6111, 14.0149, -12.1919, -6.9119, 0.3056, 200.40
469, 709, 121, 114, 1.0000, 2.1160, 1.9872, 0.7269, 1.0000, 179.10
469, 729, 39, 100, 1.0000, 1.6853, 0.9753, 1.3744, 1.0000, 210.38
469, 766, 22, 93, 0.8778, 0.7507, 0.7127, 0.2358, 0.7022, 204.38
469, 768, 94, 23, 0.8778, 0.4127, 0.2913, 0.2924, 0.7022, 172.12
469, 769, 44, 28, 0.7667, 4.0191, -1.1067, -3.8637, 0.4600, 200.67
469, 750, 13, 1, 0.5556, 25.9430, -25.1747, -6.2668, 0.2222, 180.75
470, 709, 123, 114, 1.0000, 2.0036, 1.9811, 0.2991, 1.0000, 182.06
470, 685, 61, 56, 0.5625, 65.1776, -57.9086, -29.9118, 0.2250, 110.25
470, 766, 23, 94, 0.9333, 1.2433, 1.0129, 0.7210, 0.8400, 208.00
470, 768, 96, 24, 0.9333, 1.6849, 1.2723, 1.1046, 0.8400, 170.89
471, 709, 125, 115, 1.0000, 2.1137, 1.9930, 0.7042, 1.0000, 181.79
471, 685, 7, 43, 0.6222, 56.2108, -54.1949, -14.9186, 0.3111, 127.00
471, 759, 3, 124, 0.9333, 0.2686, -0.1566, -0.2182, 0.8400, 162.56
471, 766, 23, 94, 0.9889, 0.3716, 0.2829, 0.2410, 0.9889, 209.60
471, 768, 103, 28, 0.9889, 7.7845, 6.5549, 4.1989, 0.9889, 169.50
471, 772, 20, 107, 0.6000, 1.3890, 0.9822, 0.9822, 0.1800, 165.67
472, 730, 83, 54, 0.6000, 11.5810, 0.0000, 11.5810, 0.1800, 188.33
472, 766, 24, 95, 1.0000, 1.0432, 0.7242, 0.7508, 1.0000, 210.73
472, 767, 52, 34, 0.6000, 80.5450, 44.6540, -67.0337, 0.1800, 178.33
472, 772, 20, 108, 0.7056, 1.0441, 0.2571, 1.0119, 0.2822, 178.50
472, 709, 127, 116, 0.9000, 2.1137, 1.9930, 0.7042, 0.9000, 181.79
472, 685, -47, 29, 0.5222, 56.2108, -54.1949, -14.9186, 0.2611, 127.00
472, 768, 110, 33, 0.8889, 7.7845, 6.5549, 4.1989, 0.8889, 169.50
473, 765, 34, 93, 0.6000, 14.5902, -9.3540, -11.1972, 0.1800, 191.33
473, 766, 25, 95, 1.0000, 1.0305, 0.9993, 0.2516, 1.0000, 210.17
473, 772, 21, 109, 0.7611, 1.2431, 0.7293, 1.0067, 0.3806, 175.00
473, 709, 129, 116, 0.8000, 2.1137, 1.9930, 0.7042, 0.8000, 181.79
473, 730, 83, 65, 0.5000, 11.5810, 0.0000, 11.5810, 0.1500, 188.33
473, 767, 97, -33, 0.5000, 80.5450, 44.6540, -67.0337, 0.1500, 178.33
473, 768, 116, 37, 0.7889, 7.7845, 6.5549, 4.1989, 0.7889, 169.50
474, 730, 79, 81, 0.6556, 14.0258, -2.1519, 13.8597, 0.2622, 184.75
474, 765, 31, 77, 0.6556, 15.7720, -3.4688, -15.3858, 0.2622, 190.25
474, 766, 35, 109, 1.0000, 14.9800, 8.6793, 12.2095, 1.0000, 205.54
474, 768, 122, 65, 1.0000, 15.4031, 6.2853, 14.0624, 1.0000, 163.00
474, 772, 22, 109, 0.8167, 1.0324, 1.0050, 0.2364, 0.4900, 172.50
474, 712, 45, 44, 0.5625, 12.4721, -0.8434, 12.4436, 0.2250, 202.25
474, 775, 65, 56, 0.6000, 1.8918, 1.8911, 0.0482, 0.1800, 218.33
474, 709, 131, 117, 0.7000, 2.1137, 1.9930, 0.7042, 0.7000, 181.79
475, 730, 84, 86, 0.7111, 7.4844, 4.1354, 6.2381, 0.3556, 189.60
475, 772, 26, 101, 0.8222, 8.6779, 4.0823, -7.6578, 0.5756, 172.14
475, 712, 63, 56, 0.6222, 19.9117, 15.6995, 12.2475, 0.3111, 206.40
475, 775, 57, 39, 0.6556, 16.7553, -7.0696, -15.1908, 0.2622, 213.00
475, 776, 102, 28, 0.6000, 2.6406, 1.8911, 1.8430, 0.1800, 155.67
475, 777, 30, 2, 0.6000, 40.9646, -23.3344, -33.6691, 0.1800, 208.33
475, 709, 133, 118, 0.6000, 2.1137, 1.9930, 0.7042, 0.6000, 181.79
475, 765, 28, 61, 0.5556, 15.7720, -3.4688, -15.3858, 0.2222, 190.25
475, 766, 43, 121, 0.9000, 14.9800, 8.6793, 12.2095, 0.9000, 205.54
476, 730, 85, 87, 0.7667, 2.1704, 1.8400, 1.1511, 0.4600, 188.50
476, 765, 47, 34, 0.7111, 24.5610, 9.7612, -22.5380, 0.3556, 192.00
476, 766, 51, 121, 1.0000, 9.8631, 8.1863, 5.5013, 1.0000, 201.21
476, 772, 28, 96, 0.8778, 4.7354, 1.4312, -4.5140, 0.7022, 177.38
476, 775, 55, 35, 0.7111, 5.2911, -2.1002, -4.8564, 0.3556, 216.00
476, 776, 102, 28, 0.7056, 0.7437, 0.5202, 0.5315, 0.2822, 157.50
476, 727, 43, 64, 0.5625, 1.3890, 0.9822, 0.9822, 0.2250, 211.00
476, 782, 23, 111, 0.6000, 16.3335, 14.9640, 6.5468, 0.1800, 160.00
476, 709, 135, 118, 0.5000, 2.1137, 1.9930, 0.7042, 0.5000, 181.79
476, 712, 79, 68, 0.5222, 19.9117, 15.6995, 12.2475, 0.2611, 206.40
476, 777, 7, -32, 0.5000, 40.9646, -23.3344, -33.6691, 0.1500, 208.33
477, 730, 86, 87, 0.8222, 0.9327, 0.8760, 0.3203, 0.5756, 186.71
477, 775, 60, 30, 0.7667, 6.4264, 4.0504, -4.9893, 0.4600, 212.17
477, 776, 103, 29, 0.7611, 1.0036, 0.7044, 0.7149, 0.3806, 156.40
477, 727, 47, 68, 0.6722, 5.1945, 3.2762, 4.0310, 0.3361, 208.80
477, 782, 27, 113, 0.6556, 5.5820, 4.9456, 2.5883, 0.2622, 159.25
477, 766, 59, 127, 0.9000, 9.8631, 8.1863, 5.5013, 0.9000, 201.21
478, 730, 87, 89, 0.8778, 1.6992, 0.8303, 1.4825, 0.7022, 183.25
478, 712, 69, 60, 0.6806, 2.3181, -1.6458, -1.6325, 0.4083, 204.17
478, 776, 99, 15, 0.7667, 12.5688, -3.6287, -12.0336, 0.4600, 159.17
478, 782, 46, 123, 0.7111, 19.7237, 17.4173, 9.2555, 0.3556, 155.40
478, 775, 64, 25, 0.6667, 6.4264, 4.0504, -4.9893, 0.4000, 212.17
478, 727, 50, 73, 0.5722, 5.1945, 3.2762, 4.0310, 0.2861, 208.80
479, 730, 88, 89, 0.9333, 1.0856, 0.9533, 0.5195, 0.8400, 182.44
479, 727, 56, 69, 0.7306, 4.8486, 4.8467, -0.1355, 0.4383, 205.00
479, 779, 67, 29, 0.6000, 41.3795, -35.4934, 21.2716, 0.1800, 180.33
479, 782, 63, 132, 0.6111, 19.7237, 17.4173, 9.2555, 0.3056, 155.40
480, 730, 89, 89, 0.9889, 1.0071, 1.0069, -0.0178, 0.9889, 181.80
480, 741, 25, 94, 0.6000, 74.1721, 9.6736, 73.5385, 0.1800, 198.33
480, 779, 26, 28, 0.6556, 40.2060, -40.1483, 2.1534, 0.2622, 188.75
480, 788, 5, 37, 0.6000, 20.1621, -17.9106, -9.2586, 0.1800, 212.67
480, 727, 61, 69, 0.6306, 4.8486, 4.8467, -0.1355, 0.3783, 205.00
481, 730, 89, 90, 1.0000, 0.7242, 0.2455, 0.6813, 1.0000, 179.14
481, 727, 68, 42, 0.7381, 16.9229, 6.1950, -15.7482, 0.5167, 204.29
481, 779, 7, 33, 0.7111, 21.2122, -20.8175, 4.0727, 0.3556, 192.20
481, 780, 37, 17, 0.6000, 44.3539, -40.5192, -18.0407, 0.1800, 196.33
481, 781, 40, 52, 0.6000, 29.9448, -27.9269, 10.8063, 0.1800, 201.00
481, 789, 26, 47, 0.6000, 1.5547, 1.5540, -0.0482, 0.1800, 222.67
481, 790, 51, 20, 0.6000, 18.8006, -8.3703, -16.8345, 0.1800, 218.00
481, 741, 34, 167, 0.5000, 74.1721, 9.6736, 73.5385, 0.1500, 198.33
481, 788, -13, 28, 0.5000, 20.1621, -17.9106, -9.2586, 0.1500, 212.67
482, 730, 90, 91, 1.0000, 1.2488, 0.7108, 1.0268, 1.0000, 179.42
482, 781, 30, 84, 0.6556, 31.4805, -11.7063, 29.2230, 0.2622, 192.50
482, 783, 41, 74, 0.6000, 46.4459, 23.8962, -39.8270, 0.1800, 169.00
482, 786, 16, 30, 0.7056, 0.0449, 0.0000, -0.0449, 0.2822, 223.00
482, 787, 51, 37, 0.6000, 1.3335, 0.9229, 0.9626, 0.1800, 202.67
482, 789, 27, 47, 0.7056, 1.3578, 1.3577, 0.0112, 0.2822, 226.00
482, 780, -4, -1, 0.5000, 44.3539, -40.5192, -18.0407, 0.1500, 196.33
482, 790, 43, 3, 0.5000, 18.8006, -8.3703, -16.8345, 0.1500, 218.00
483, 730, 90, 91, 1.0000, 0.3759, 0.2357, 0.2928, 1.0000, 178.08
483, 789, 28, 46, 0.7611, 1.2990, 1.0586, -0.7528, 0.3806, 226.90
483, 745, 11, 97, 0.5625, 25.7337, -17.7228, -18.6581, 0.2250, 157.25
483, 781, 18, 113, 0.5556, 31.4805, -11.7063, 29.2230, 0.2222, 192.50
483, 783, 64, 34, 0.5000, 46.4459, 23.8962, -39.8270, 0.1500, 169.00
483, 786, 16, 30, 0.6056, 0.0449, 0.0000, -0.0449, 0.2422, 223.00
483, 787, 52, 38, 0.5000, 1.3335, 0.9229, 0.9626, 0.1500, 202.67
484, 730, 92, 93, 1.0000, 2.1243, 1.5142, 1.4899, 1.0000, 177.36
484, 783, 41, 47, 0.6556, 10.6113, -2.8914, -10.2097, 0.2622, 172.50
484, 786, 14, 32, 0.7611, 1.5502, -1.1052, 1.0871, 0.3806, 218.60
484, 787, 34, 48, 0.6556, 11.4671, -9.8264, 5.9106, 0.2622, 203.75
484, 789, 30, 47, 0.8167, 1.7986, 1.7345, 0.4756, 0.4900, 231.58
484, 790, 28, 1, 0.6556, 8.6935, -7.6856, -4.0629, 0.2622, 218.50
484, 745, 1, 49, 0.6222, 45.1036, -11.0196, -43.7368, 0.3111, 164.60
484, 792, 54, 38, 0.6000, 53.5572, -53.2624, 5.6115, 0.1800, 181.33
484, 793, 19, 38, 0.6000, 47.7345, -47.6978, -1.8705, 0.1800, 208.67
485, 730, 92, 93, 1.0000, 0.7570, 0.5440, 0.5264, 1.0000, 175.50
485, 783, 52, 22, 0.7111, 25.2861, 9.6984, -23.3523, 0.3556, 178.60
485, 786, 14, 42, 0.7667, 8.9166, -0.3030, 8.9115, 0.4600, 215.67
485, 787, 31, 48, 0.7111, 3.5653, -3.4838, 0.7580, 0.3556, 213.00
485, 789, 49, 40, 0.8222, 18.2662, 17.3141, -5.8202, 0.5756, 227.07
485, 792, 6, 49, 0.6556, 50.0413, -48.8995, 10.6289, 0.2622, 184.25
485, 790, 20, -4, 0.5556, 8.6935, -7.6856, -4.0629, 0.2222, 218.50
485, 745, -10, 6, 0.5222, 45.1036, -11.0196, -43.7368, 0.2611, 164.60
485, 793, -28, 36, 0.5000, 47.7345, -47.6978, -1.8705, 0.1500, 208.67
486, 730, 94, 95, 1.0000, 2.1334, 1.5101, 1.5069, 1.0000, 173.97
486, 786, 4, 76, 0.8222, 32.8783, -9.1686, 31.5741, 0.5756, 210.71
486, 787, 32, 48, 0.7667, 0.8766, 0.8483, 0.2208, 0.4600, 220.00
486, 792, -43, 60, 0.5556, 50.0413, -48.8995, 10.6289, 0.2222, 184.25
487, 730, 95, 96, 1.0000, 1.7900, 1.2651, 1.2663, 1.0000, 173.15
487, 778, 85, 2, 0.6000, 0.9283, -0.0297, 0.9278, 0.1800, 175.00
487, 785, 50, 28, 0.6000, 18.5595, 15.5858, 10.0767, 0.1800, 197.67
487, 796, 53, 69, 0.6000, 1.3562, 0.9822, 0.9353, 0.1800, 203.00
488, 730, 95, 97, 1.0000, 1.0677, 0.2781, 1.0308, 1.0000, 172.97
488, 785, 55, 41, 0.6556, 14.0106, 6.9722, 12.1526, 0.2622, 196.25
488, 749, 102, 108, 0.5625, 66.9091, 66.4080, -8.1730, 0.2250, 136.00
488, 778, 85, 3, 0.5000, 0.9283, -0.0297, 0.9278, 0.1500, 175.00
488, 796, 54, 70, 0.5000, 1.3562, 0.9822, 0.9353, 0.1500, 203.00
489, 730, 96, 98, 1.0000, 1.1822, 0.6716, 0.9729, 1.0000, 172.92
489, 778, 86, 4, 0.7056, 1.1804, 0.5563, 1.0411, 0.2822, 176.00
489, 785, 72, 49, 0.7111, 17.9237, 15.7836, 8.4933, 0.3556, 203.80
489, 790, 15, 11, 0.7111, 4.1052, -1.0417, 3.9708, 0.3556, 219.00
489, 796, 39, 49, 0.6556, 14.0127, -8.1646, -11.3884, 0.2622, 215.25
489, 802, 72, 39, 0.6000, 42.2055, -42.0394, 3.7410, 0.1800, 172.67
489, 803, 86, 59, 0.6000, 0.9833, 0.9822, 0.0469, 0.1800, 188.33
490, 730, 97, 98, 1.0000, 1.0039, 0.9745, 0.2410, 1.0000, 173.07
490, 778, 86, 5, 0.7611, 1.0260, 0.1508, 1.0149, 0.3806, 175.60
490, 785, 91, 48, 0.7667, 17.9980, 17.9979, -0.0608, 0.4600, 198.17
490, 795, 4, 71, 0.6000, 24.4022, 3.4552, 24.1564, 0.1800, 200.33
490, 796, 38, 46, 0.7111, 3.4325, -1.4591, -3.1069, 0.3556, 223.20
490, 799, 22, 114, 0.6000, 5.4004, 5.2989, 1.0420, 0.1800, 156.67
490, 802, 52, 42, 0.6556, 23.3493, -23.1132, 3.3120, 0.2622, 183.00
490, 803, 68, 73, 0.6556, 19.7197, -15.5931, 12.0716, 0.2622, 187.50
490, 804, 61, 90, 0.6000, 37.8806, 22.5796, -30.4155, 0.1800, 158.33
491, 730, 98, 99, 1.0000, 1.2482, 1.0390, 0.6917, 1.0000, 172.98
491, 708, 71, 41, 0.5625, 37.9161, 16.1904, -34.2856, 0.2250, 195.25
491, 778, 87, 6, 0.8167, 1.2474, 0.7459, 0.9998, 0.4900, 174.83
491, 785, 103, 60, 0.8222, 17.0249, 12.9157, 11.0919, 0.5756, 192.57
491, 736, 39, 103, 0.5625, 0.8864, 0.8862, 0.0193, 0.2250, 195.38
491, 795, 7, 85, 0.6556, 15.5554, 3.4487, 15.1683, 0.2622, 194.00
491, 799, 35, 102, 0.6556, 15.5752, 11.5680, -10.4292, 0.2622, 158.50
491, 804, 89, 60, 0.6556, 40.3315, 27.2422, -29.7403, 0.2622, 163.50
491, 802, 29, 45, 0.5556, 23.3493, -23.1132, 3.3120, 0.2222, 183.00
491, 803, 52, 85, 0.5556, 19.7197, -15.5931, 12.0716, 0.2222, 187.50
492, 730, 99, 99, 1.0000, 1.0508, 1.0201, 0.2519, 1.0000, 172.32
492, 778, 87, 7, 0.8722, 1.0318, 0.2626, 0.9978, 0.6106, 176.57
492, 736, 48, 108, 0.6222, 9.0931, 7.8764, 4.5439, 0.3111, 192.70
492, 795, 36, 103, 0.7111, 31.8619, 25.9925, 18.4274, 0.3556, 194.80
492, 799, 55, 74, 0.7111, 32.6631, 19.6006, -26.1285, 0.3556, 172.80
492, 802, 3, 45, 0.7111, 24.5408, -24.5080, 1.2683, 0.3556, 192.50
492, 803, 39, 101, 0.7111, 20.1801, -14.2998, 14.2391, 0.3556, 183.60
492, 804, 119, 37, 0.7111, 38.2322, 29.9666, -23.7424, 0.3556, 159.40
492, 785, 116, 71, 0.7222, 17.0249, 12.9157, 11.0919, 0.5056, 192.57
493, 730, 101, 99, 1.0000, 1.7333, 1.7333, 0.0003, 1.0000, 171.91
493, 778, 88, 8, 0.9278, 1.2493, 0.7499, 0.9992, 0.7422, 175.00
493, 736, 64, 121, 0.6806, 18.9446, 14.9879, 11.5870, 0.4083, 182.58
493, 803, 30, 120, 0.7667, 21.0369, -9.2946, 18.8723, 0.4600, 176.83
493, 799, 75, 48, 0.6111, 32.6631, 19.6006, -26.1285, 0.3056, 172.80
493, 802, -21, 46, 0.6111, 24.5408, -24.5080, 1.2683, 0.3056, 192.50
493, 804, 149, 13, 0.6111, 38.2322, 29.9666, -23.7424, 0.3056, 159.40
494, 730, 102, 100, 1.0000, 1.4803, 1.3108, 0.6878, 1.0000, 170.75
494, 708, 64, 22, 0.6222, 6.6313, -6.6312, -0.0393, 0.3111, 196.60
494, 778, 89, 8, 0.9833, 1.0395, 1.0094, 0.2482, 0.8850, 175.67
494, 770, 95, 61, 0.5625, 1.9180, 1.9174, 0.0469, 0.2250, 180.00
494, 807, 55, 45, 0.6000, 19.2127, -18.6112, 4.7701, 0.1800, 202.17
494, 809, 52, 96, 0.6000, 47.6887, -35.5396, 31.7986, 0.1800, 172.67
494, 810, 44, 95, 0.6000, 52.1170, -45.0329, 26.2340, 0.1800, 162.00
494, 736, 79, 132, 0.5806, 18.9446, 14.9879, 11.5870, 0.3483, 182.58
494, 802, -46, 48, 0.5111, 24.5408, -24.5080, 1.2683, 0.2556, 192.50
494, 803, 21, 139, 0.6667, 21.0369, -9.2946, 18.8723, 0.4000, 176.83
494, 804, 179, -11, 0.5111, 38.2322, 29.9666, -23.7424, 0.2556, 159.40
495, 730, 103, 101, 1.0000, 1.4432, 1.0203, 1.0207, 1.0000, 170.28
495, 708, 35, 6, 0.6806, 30.8383, -27.2061, -14.5201, 0.4083, 197.67
495, 778, 89, 8, 1.0000, 0.2972, 0.2933, -0.0485, 1.0000, 174.60
495, 797, 59, 82, 0.6000, 4.6663, 4.5757, -0.9151, 0.1800, 187.00
495, 770, 96, 61, 0.6722, 1.2739, 1.2739, -0.0048, 0.3361, 177.73
495, 807, 34, 51, 0.6556, 21.1621, -20.3436, 5.8287, 0.2622, 202.12
495, 809, 16, 125, 0.6556, 46.5921, -35.6156, 30.0392, 0.2622, 166.75
495, 803, 11, 158, 0.5667, 21.0369, -9.2946, 18.8723, 0.3400, 176.83
495, 810, -1, 121, 0.5000, 52.1170, -45.0329, 26.2340, 0.1500, 162.00
496, 730, 104, 101, 1.0000, 1.0184, 0.9600, 0.3399, 1.0000, 169.27
496, 778, 92, 9, 1.0000, 2.3030, 2.1983, 0.6866, 1.0000, 173.09
496, 797, 61, 75, 0.6556, 6.9812, 2.9070, -6.3471, 0.2622, 187.75
496, 807, 11, 81, 0.7111, 36.0667, -23.3625, 27.4773, 0.3556, 197.50
496, 811, 8, 45, 0.6000, 1.0302, 1.0291, 0.0469, 0.1800, 243.00
496, 708, 8, -8, 0.5806, 30.8383, -27.2061, -14.5201, 0.3483, 197.67
496, 770, 97, 61, 0.5722, 1.2739, 1.2739, -0.0048, 0.2861, 177.73
496, 809, -20, 155, 0.5556, 46.5921, -35.6156, 30.0392, 0.2222, 166.75
497, 730, 106, 102, 1.0000, 1.8334, 1.6932, 0.7032, 1.0000, 168.30
497, 778, 93, 9, 1.0000, 1.6257, 1.5997, 0.2899, 1.0000, 174.08
497, 795, 44, 106, 0.9889, 1.3642, 1.0633, 0.8546, 0.9889, 198.70
497, 797, 61, 73, 0.7111, 2.2636, 0.4710, -2.2140, 0.3556, 185.80
497, 770, 101, 62, 0.7306, 2.6260, 2.5681, 0.5483, 0.4383, 174.61
497, 808, 46, 4, 0.6000, 47.0207, -30.9461, -35.4018, 0.1800, 212.33
497, 811, 9, 43, 0.7056, 1.8187, 1.0071, -1.5143, 0.2822, 240.00
497, 807, -13, 108, 0.6111, 36.0667, -23.3625, 27.4773, 0.3056, 197.50
498, 730, 107, 102, 1.0000, 1.3442, 1.3184, 0.2621, 1.0000, 166.96
498, 778, 94, 10, 1.0000, 1.3058, 1.0679, 0.7515, 1.0000, 173.31
498, 795, 45, 106, 1.0000, 1.1540, 1.1222, 0.2694, 1.0000, 198.18
498, 797, 56, 54, 0.7667, 18.1541, -4.8304, -17.4997, 0.4600, 192.17
498, 770, 101, 62, 0.7881, 0.6492, 0.6315, 0.1506, 0.5517, 174.81
498, 811, 10, 41, 0.7611, 2.3163, 0.9988, -2.0899, 0.3806, 235.53
498, 808, 15, -32, 0.5000, 47.0207, -30.9461, -35.4018, 0.1500, 212.33
499, 730, 108, 103, 1.0000, 1.2545, 1.0331, 0.7118, 1.0000, 166.45
499, 778, 95, 11, 1.0000, 1.3730, 0.9367, 1.0039, 1.0000, 174.86
499, 770, 103, 62, 0.8451, 1.4059, 1.4057, -0.0202, 0.6761, 173.33
499, 811, 11, 39, 0.6611, 2.3163, 0.9988, -2.0899, 0.3306, 235.53
500, 730, 109, 104, 1.0000, 1.3795, 0.9634, 0.9874, 1.0000, 166.57
500, 778, 99, 31, 1.0000, 18.0288, 3.1423, 17.7529, 1.0000, 174.07
500, 800, 15, 120, 0.6000, 5.9457, -1.8662, -5.6452, 0.1800, 147.33
500, 770, 105, 62, 0.9019, 1.9636, 1.9634, -0.0290, 0.8117, 171.52
500, 811, 13, 31, 0.8167, 5.5871, 1.5519, -5.3672, 0.4900, 232.28
500, 812, 12, 47, 0.6000, 0.9822, 0.9822, 0.0000, 0.1800, 214.00
501, 730, 110, 105, 1.0000, 1.4283, 0.9775, 1.0415, 1.0000, 166.06
501, 747, 3, 123, 0.5625, 52.2562, -52.2479, -0.9335, 0.2250, 148.75
501, 763, 4, 45, 0.5625, 79.7307, -48.2953, -63.4393, 0.2250, 172.00
501, 800, 4, 106, 0.6556, 16.1519, -9.6266, -12.9697, 0.2622, 151.50
501, 748, 113, 62, 0.5625, 73.9512, 42.0859, -60.8076, 0.2250, 143.00
501, 770, 105, 62, 0.9583, 0.5691, 0.5690, -0.0085, 0.9583, 168.97
501, 811, 37, 20, 0.8222, 24.7395, 22.2840, -10.7454, 0.5756, 228.81
501, 812, 10, 47, 0.7056, 1.2524, -1.2524, 0.0000, 0.2822, 210.75
501, 815, 32, 31, 0.6000, 30.4354, -15.8993, -25.9524, 0.1800, 202.33
501, 778, 102, 49, 0.9000, 18.0288, 3.1423, 17.7529, 0.9000, 174.07
502, 730, 111, 106, 1.0000, 1.4264, 0.9954, 1.0217, 1.0000, 166.72
502, 778, 116, 58, 1.0000, 16.1982, 9.7132, 12.9628, 1.0000, 170.94
502, 800, 0, 75, 0.7111, 29.5994, -4.8135, -29.2054, 0.3556, 158.20
502, 770, 108, 63, 1.0000, 2.3048, 2.1799, 0.7485, 1.0000, 168.70
502, 812, 14, 47, 0.7611, 3.2286, 3.2286, 0.0000, 0.3806, 214.00
502, 813, 8, 123, 0.6000, 30.5023, -26.9432, 14.2988, 0.1800, 163.33
502, 815, 17, 2, 0.6556, 32.8776, -15.0196, -29.2463, 0.2622, 208.50
502, 716, 27, 20, 0.5400, 48.8216, -45.8273, -16.8345, 0.2700, 211.80
502, 819, 13, 44, 0.6000, 1.3562, 0.9822, 0.9353, 0.1800, 253.00
502, 822, 3, 60, 0.6000, 0.9353, 0.9353, 0.0000, 0.1800, 206.33
502, 829, 23, 78, 0.6000, 11.9699, 7.5290, -9.3056, 0.1800, 181.33
503, 730, 113, 107, 1.0000, 1.9665, 1.6913, 1.0034, 1.0000, 165.47
503, 812, 17, 47, 0.8167, 2.9422, 2.9422, 0.0000, 0.4900, 212.33
503, 716, 0, 3, 0.6000, 33.8914, -29.4395, -16.7911, 0.3600, 213.17
503, 773, 75, 35, 0.5625, 9.7015, 3.6860, 8.9741, 0.2250, 201.75
503, 819, 21, 26, 0.6556, 17.1085, 7.0501, -15.5883, 0.2622, 253.50
503, 822, 12, 46, 0.6556, 14.3816, 7.8097, -12.0764, 0.2622, 217.75
503, 829, 48, 53, 0.6556, 32.6880, 23.2243, -23.0029, 0.2622, 189.75
503, 830, 42, 102, 0.6000, 23.7329, 20.6403, 11.7144, 0.1800, 178.00
503, 833, 53, 110, 0.6000, 11.4325, 8.9741, 7.0829, 0.1800, 151.33
503, 770, 110, 64, 0.9000, 2.3048, 2.1799, 0.7485, 0.9000, 168.70
503, 813, -19, 138, 0.5000, 30.5023, -26.9432, 14.2988, 0.1500, 163.33
503, 815, 2, -28, 0.5556, 32.8776, -15.0196, -29.2463, 0.2222, 208.50
504, 730, 113, 108, 1.0000, 1.1904, 0.6489, 0.9980, 1.0000, 165.22
504, 742, 11, 22, 0.5625, 13.4919, -13.4919, -0.0062, 0.2250, 210.00
504, 806, 16, 45, 0.6000, 43.5767, -43.4148, -3.7531, 0.1800, 234.67
504, 770, 121, 53, 1.0000, 9.2507, 7.0621, -5.9752, 1.0000, 164.56
504, 812, 25, 61, 0.8222, 14.3548, 7.5281, 12.2225, 0.5756, 209.57
504, 813, 0, 126, 0.6556, 0.8231, -0.2128, -0.7951, 0.2622, 159.00
504, 773, 58, 55, 0.6222, 23.3918, -14.1167, 18.6520, 0.3111, 202.80
504, 822, 20, 27, 0.7111, 19.9023, 8.0928, -18.1826, 0.3556, 224.60
504, 829, 63, 46, 0.7111, 18.1970, 15.9484, -8.7623, 0.3556, 200.00
504, 830, 52, 109, 0.6556, 13.0375, 10.7946, 7.3111, 0.2622, 179.12
504, 833, 70, 126, 0.6556, 21.1992, 15.6160, 14.3368, 0.2622, 151.50
504, 716, -29, -14, 0.5000, 33.8914, -29.4395, -16.7911, 0.3000, 213.17
504, 819, 28, 10, 0.5556, 17.1085, 7.0501, -15.5883, 0.2222, 253.50
505, 730, 114, 109, 1.0000, 1.2258, 0.7111, 0.9984, 1.0000, 165.81
505, 773, 53, 60, 0.6806, 9.1449, -6.4693, 6.4636, 0.4083, 201.25
505, 822, 27, 4, 0.7667, 23.8964, 7.2987, -22.7545, 0.4600, 220.67
505, 830, 53, 110, 0.7111, 2.7724, 2.0105, 1.9089, 0.3556, 182.50
505, 833, 75, 129, 0.7111, 7.5003, 6.1050, 4.3569, 0.3556, 154.20
505, 835, 7, 41, 0.7056, 2.2595, 2.2595, 0.0048, 0.2822, 225.88
505, 836, 14, 46, 0.6000, 3.0817, -2.9331, -0.9456, 0.1800, 226.67
505, 806, -27, 41, 0.5000, 43.5767, -43.4148, -3.7531, 0.1500, 234.67
505, 770, 128, 47, 0.9000, 9.2507, 7.0621, -5.9752, 0.9000, 164.56
505, 813, 0, 125, 0.5556, 0.8231, -0.2128, -0.7951, 0.2222, 159.00
506, 730, 115, 110, 1.0000, 1.3568, 0.9175, 0.9996, 1.0000, 166.57
506, 742, 5, 35, 0.6222, 7.2576, -1.9218, 6.9986, 0.3111, 208.20
506, 773, 55, 59, 0.7381, 1.1459, 1.1179, -0.2521, 0.5167, 202.93
506, 819, 26, 14, 0.7111, 0.9292, 0.4303, -0.8236, 0.3556, 247.80
506, 825, 114, 64, 0.6000, 1.2303, 0.8463, 0.8930, 0.1800, 138.17
506, 829, 66, 50, 0.8222, 1.5799, 0.0072, 1.5799, 0.5756, 213.29
506, 830, 52, 110, 0.7667, 0.4293, -0.0414, 0.4273, 0.4600, 186.75
506, 833, 76, 127, 0.7667, 1.9804, 1.5820, -1.1912, 0.4600, 154.83
506, 835, 8, 41, 0.7611, 1.5880, 1.5879, 0.0079, 0.3806, 226.10
506, 836, 14, 46, 0.7056, 0.8013, -0.7579, -0.2601, 0.2822, 232.75
506, 718, 77, 27, 0.5400, 24.6683, -22.3991, 10.3347, 0.2700, 166.80
506, 770, 135, 41, 0.8000, 9.2507, 7.0621, -5.9752, 0.8000, 164.56
506, 822, 34, -19, 0.6667, 23.8964, 7.2987, -22.7545, 0.4000, 220.67
507, 730, 115, 111, 1.0000, 1.0547, 0.3351, 1.0001, 1.0000, 166.77
507, 742, 8, 40, 0.6806, 6.3359, 2.5529, 5.7988, 0.4083, 212.17
507, 773, 56, 58, 0.7951, 1.7253, 1.3716, -1.0466, 0.6361, 202.44
507, 825, 118, 91, 0.6556, 24.2384, 4.1051, 23.8882, 0.2622, 124.12
507, 830, 54, 110, 0.8222, 1.2400, 1.2340, -0.1212, 0.5756, 183.50
507, 835, 12, 37, 0.8167, 5.0700, 3.3339, -3.8197, 0.4900, 230.42
507, 836, 14, 46, 0.7611, 0.1134, 0.1095, 0.0295, 0.3806, 231.30
507, 718, 74, 29, 0.6000, 6.6209, -5.5363, 3.6312, 0.3600, 170.50
507, 841, 16, 31, 0.6000, 1.1572, 0.8414, -0.7944, 0.1800, 234.67
507, 842, 63, 49, 0.6000, 12.3013, 12.1583, -1.8705, 0.1800, 210.33
507, 843, 36, 115, 0.6000, 10.0730, -3.7410, -9.3525, 0.1800, 142.67
507, 770, 142, 35, 0.7000, 9.2507, 7.0621, -5.9752, 0.7000, 164.56
507, 822, 42, -42, 0.5667, 23.8964, 7.2987, -22.7545, 0.3400, 220.67
508, 730, 117, 112, 1.0000, 1.6789, 1.3485, 1.0001, 1.0000, 168.09
508, 742, 14, 45, 0.7381, 7.1242, 5.0573, 5.0178, 0.5167, 210.43
508, 635, 118, 64, 0.5250, 0.9418, 0.9417, -0.0098, 0.3150, 115.50
508, 830, 54, 111, 0.8778, 0.8152, 0.4542, 0.6769, 0.7022, 186.81
508, 835, 9, 16, 0.8222, 19.1349, -2.0144, -19.0286, 0.5756, 228.64
508, 836, 15, 48, 0.8167, 1.8246, 0.9165, 1.5777, 0.4900, 234.92
508, 718, 68, 47, 0.6587, 17.8081, -5.9701, 16.7775, 0.4611, 178.36
508, 840, 8, 5, 0.6000, 40.8196, -34.1014, -22.4351, 0.1800, 206.33
508, 841, 10, 39, 0.6556, 8.2211, -5.0119, 6.5167, 0.2622, 239.00
508, 842, 92, 44, 0.6556, 27.1454, 26.8030, -4.2977, 0.2622, 200.25
508, 843, 30, 100, 0.6556, 15.7181, -5.5764, -14.6957, 0.2622, 148.25
508, 770, 149, 29, 0.6000, 9.2507, 7.0621, -5.9752, 0.6000, 164.56
508, 825, 123, 115, 0.5556, 24.2384, 4.1051, 23.8882, 0.2222, 124.12
509, 730, 118, 113, 1.0000, 1.6358, 1.2945, 1.0000, 1.0000, 168.91
509, 742, 16, 49, 0.7951, 5.1283, 3.0528, 4.1207, 0.6361, 215.75
509, 635, 120, 64, 0.6341, 1.7821, 1.7821, 0.0044, 0.4439, 117.00
509, 828, 49, 106, 0.6000, 26.6883, 7.3688, 25.6508, 0.1800, 175.00
509, 830, 55, 111, 0.9333, 0.8141, 0.7718, 0.2590, 0.8400, 187.06
509, 836, 12, 41, 0.8722, 6.1486, -2.7218, -5.5134, 0.6106, 233.93
509, 841, 6, 44, 0.7111, 6.9891, -4.2432, 5.5537, 0.3556, 241.60
509, 842, 98, 43, 0.7111, 7.6124, 7.4945, -1.3345, 0.3556, 198.20
509, 843, 10, 90, 0.7111, 21.0413, -18.3570, -10.2838, 0.3556, 156.60
509, 844, 42, 11, 0.6000, 41.0895, 20.6225, -35.5396, 0.1800, 207.00
509, 846, 0, 101, 0.6000, 37.2709, -7.4351, 36.5218, 0.1800, 186.33
509, 770, 156, 23, 0.5000, 9.2507, 7.0621, -5.9752, 0.5000, 164.56
509, 840, -26, -18, 0.5000, 40.8196, -34.1014, -22.4351, 0.1500, 206.33
510, 730, 119, 114, 1.0000, 1.4793, 1.0901, 1.0000, 1.0000, 169.06
510, 742, 16, 50, 0.8519, 1.6228, 0.3975, 1.5734, 0.7667, 220.11
510, 635, 122, 64, 0.6924, 2.0570, 2.0570, 0.0029, 0.5539, 120.25
510, 818, 17, 6, 0.6000, 3.8551, 0.9055, -3.7472, 0.1800, 206.00
510, 823, 80, 31, 0.6000, 30.1361, 5.5968, -29.6119, 0.1800, 187.67
510, 830, 56, 112, 0.9889, 1.2657, 0.9952, 0.7820, 0.9889, 187.15
510, 831, 24, 50, 0.6000, 43.9865, -16.6844, -40.6994, 0.1800, 189.33
510, 837, 12, 46, 0.6000, 28.5822, 1.7626, -28.5278, 0.1800, 189.17
510, 841, 0, 44, 0.7667, 5.4890, -5.4741, 0.4038, 0.4600, 243.83
510, 843, 7, 67, 0.7667, 22.3231, -5.4223, -21.6546, 0.4600, 164.00
510, 828, 57, 132, 0.5000, 26.6883, 7.3688, 25.6508, 0.1500, 175.00
510, 842, 105, 42, 0.6111, 7.6124, 7.4945, -1.3345, 0.3056, 198.20
510, 844, 63, -25, 0.5000, 41.0895, 20.6225, -35.5396, 0.1500, 207.00
510, 846, -7, 138, 0.5000, 37.2709, -7.4351, 36.5218, 0.1500, 186.33
511, 730, 120, 115, 1.0000, 1.4102, 0.9943, 1.0000, 1.0000, 170.23
511, 742, 17, 50, 0.9083, 0.4849, 0.4848, -0.0086, 0.9083, 223.60
511, 635, 124, 65, 0.7500, 2.1913, 2.0535, 0.7649, 0.6750, 121.56
511, 830, 56, 112, 1.0000, 0.3443, 0.2455, 0.2414, 1.0000, 185.36
511, 718, 74, 49, 0.8311, 3.0053, 2.4472, -1.7444, 0.8311, 196.60
511, 837, 17, 14, 0.6556, 32.1346, 4.3770, -31.8351, 0.2622, 195.38
511, 846, 19, 121, 0.6556, 13.0049, 11.1920, 6.6232, 0.2622, 178.75
511, 818, 18, 2, 0.5000, 3.8551, 0.9055, -3.7472, 0.1500, 206.00
511, 823, 85, 2, 0.5000, 30.1361, 5.5968, -29.6119, 0.1500, 187.67
511, 831, 7, 9, 0.5000, 43.9865, -16.6844, -40.6994, 0.1500, 189.33
511, 841, -5, 44, 0.6667, 5.4890, -5.4741, 0.4038, 0.4000, 243.83
512, 730, 121, 116, 1.0000, 1.4007, 0.9808, 1.0000, 1.0000, 170.77
512, 742, 17, 51, 0.9646, 0.5600, 0.1219, 0.5465, 0.9646, 226.45
512, 635, 126, 65, 0.8072, 2.0336, 2.0123, 0.2937, 0.8072, 123.30
512, 770, 126, 50, 1.0000, 2.5588, -1.7701, 1.8478, 1.0000, 161.59
512, 823, 88, 1, 0.6556, 13.9450, 4.0648, -13.3394, 0.2622, 184.00
512, 828, 77, 124, 0.6556, 9.6843, 9.5641, 1.5207, 0.2622, 160.75
512, 830, 59, 94, 1.0000, 16.6609, 2.3021, -16.5011, 1.0000, 183.50
512, 831, 10, 14, 0.6556, 16.1067, -5.7650, -15.0397, 0.2622, 194.50
512, 718, 75, 50, 0.8879, 1.3171, 1.2979, 0.2237, 0.8879, 198.09
512, 837, 22, 5, 0.7111, 12.2005, 5.1984, -11.0376, 0.3556, 199.10
512, 846, 21, 120, 0.7111, 3.4052, 3.4010, -0.1707, 0.3556, 174.40
512, 849, 15, 60, 0.6000, 20.5582, 10.7170, -17.5439, 0.1800, 186.00
512, 841, -11, 45, 0.5667, 5.4890, -5.4741, 0.4038, 0.3400, 243.83
513, 730, 122, 117, 1.0000, 1.4077, 0.9908, 1.0000, 1.0000, 171.38
513, 742, 17, 51, 1.0000, 0.2041, -0.0243, 0.2026, 1.0000, 226.31
513, 828, 84, 126, 0.7111, 7.8005, 7.5356, 2.0156, 0.3556, 152.20
513, 839, 56, 114, 0.6000, 29.9409, 28.4870, -9.2168, 0.1800, 163.67
513, 845, 26, 47, 0.6000, 0.8000, 0.7997, -0.0233, 0.1800, 217.00
513, 851, 58, 97, 0.6000, 32.9808, 32.8688, 2.7162, 0.1800, 174.00
513, 635, 128, 65, 0.7072, 2.0336, 2.0123, 0.2937, 0.7072, 123.30
513, 823, 92, -12, 0.5556, 13.9450, 4.0648, -13.3394, 0.2222, 184.00
513, 831, 4, -1, 0.5556, 16.1067, -5.7650, -15.0397, 0.2222, 194.50
513, 837, 27, -6, 0.6111, 12.2005, 5.1984, -11.0376, 0.3056, 199.10
513, 849, 26, 42, 0.5000, 20.5582, 10.7170, -17.5439, 0.1500, 186.00
514, 730, 123, 118, 1.0000, 1.4132, 0.9986, 1.0000, 1.0000, 171.87
514, 742, 17, 51, 1.0000, 0.0266, -0.0263, -0.0034, 1.0000, 226.51
514, 839, 62, 113, 0.6556, 9.5017, 9.2926, -1.9822, 0.2622, 164.25
514, 845, 27, 48, 0.7056, 1.3232, 1.0760, 0.7701, 0.2822, 223.75
514, 849, 38, 35, 0.6556, 16.6508, 11.5572, -11.9866, 0.2622, 192.50
514, 852, 12, 43, 0.6000, 10.4019, 10.2408, -1.8236, 0.1800, 226.00
514, 635, 130, 66, 0.6072, 2.0336, 2.0123, 0.2937, 0.6072, 123.30
514, 851, 91, 99, 0.5000, 32.9808, 32.8688, 2.7162, 0.1500, 174.00
515, 730, 124, 119, 1.0000, 1.4149, 1.0009, 1.0000, 1.0000, 172.97
515, 742, 13, 61, 1.0000, 10.0400, -3.8776, 9.2610, 1.0000, 224.90
515, 818, 15, 3, 0.7056, 0.8561, -0.7892, 0.3318, 0.2822, 207.75
515, 824, 33, 90, 0.6000, 66.8949, -59.6476, 30.2835, 0.1800, 171.50
515, 839, 62, 114, 0.7111, 0.6573, 0.4515, 0.4778, 0.3556, 170.80
515, 845, 29, 48, 0.7611, 1.8401, 1.8175, 0.2876, 0.3806, 219.60
515, 852, 18, 51, 0.6556, 9.7066, 7.4146, 6.2643, 0.2622, 224.83
515, 635, 132, 66, 0.5072, 2.0336, 2.0123, 0.2937, 0.5072, 123.30
515, 849, 49, 23, 0.5556, 16.6508, 11.5572, -11.9866, 0.2222, 192.50
516, 730, 125, 120, 1.0000, 1.4148, 1.0008, 1.0000, 1.0000, 174.66
516, 818, 27, 1, 0.7111, 11.2117, 11.0929, -1.6275, 0.3556, 210.20
516, 845, 34, 56, 0.7667, 8.1408, 4.3580, 6.8761, 0.4600, 215.50
516, 849, 65, 34, 0.7111, 13.8445, 13.7539, 1.5809, 0.3556, 194.00
516, 851, 94, 119, 0.6556, 11.1228, 7.2823, 8.4075, 0.2622, 167.00
516, 852, 20, 54, 0.7111, 3.9410, 2.1463, 3.3052, 0.3556, 229.87
516, 742, 9, 71, 0.9000, 10.0400, -3.8776, 9.2610, 0.9000, 224.90
516, 824, -27, 121, 0.5000, 66.8949, -59.6476, 30.2835, 0.1500, 171.50
517, 730, 125, 122, 1.0000, 1.6747, 0.3661, 1.6342, 1.0000, 174.35
517, 742, 18, 75, 1.0000, 7.6701, 3.9372, 6.5824, 1.0000, 222.24
517, 839, 62, 115, 0.8222, 0.6754, 0.5498, 0.3923, 0.5756, 175.57
517, 794, 35, 47, 0.5625, 38.5255, -36.7277, 11.6317, 0.2250, 200.00
517, 852, 19, 54, 0.7667, 0.4352, -0.2618, 0.3477, 0.4600, 230.72
517, 854, 94, 115, 0.6000, 29.0339, 13.3978, 25.7579, 0.1800, 153.56
517, 818, 38, 0, 0.6111, 11.2117, 11.0929, -1.6275, 0.3056, 210.20
517, 845, 38, 63, 0.6667, 8.1408, 4.3580, 6.8761, 0.4000, 215.50
517, 851, 101, 127, 0.5556, 11.1228, 7.2823, 8.4075, 0.2222, 167.00
518, 730, 127, 122, 1.0000, 1.4671, 1.2761, 0.7239, 1.0000, 174.43
518, 839, 77, 103, 0.8778, 17.4849, 13.5831, -11.0101, 0.7022, 170.75
518, 852, 20, 54, 0.8222, 0.5445, 0.3517, 0.4156, 0.5756, 234.19
518, 742, 22, 82, 0.9000, 7.6701, 3.9372, 6.5824, 0.9000, 222.24
518, 845, 42, 69, 0.5667, 8.1408, 4.3580, 6.8761, 0.3400, 215.50
518, 854, 107, 141, 0.5000, 29.0339, 13.3978, 25.7579, 0.1500, 153.56
519, 730, 127, 124, 1.0000, 1.4983, 0.6499, 1.3501, 1.0000, 172.36
519, 845, 26, 72, 0.8222, 6.5308, -4.1055, 5.0790, 0.5756, 212.43
519, 850, 48, 29, 0.6000, 54.0949, -3.7218, -53.9667, 0.1800, 184.00
519, 794, 11, 38, 0.6222, 10.6509, -8.5522, -6.3484, 0.3111, 201.40
519, 852, 20, 54, 0.8778, 0.2035, 0.1725, 0.1080, 0.7022, 236.79
519, 742, 26, 88, 0.8000, 7.6701, 3.9372, 6.5824, 0.8000, 222.24
520, 742, 52, 83, 1.0000, 13.0002, 12.8932, 1.6648, 1.0000, 219.48
520, 834, 58, 97, 0.6000, 37.2959, 35.4767, -11.5060, 0.1800, 156.67
520, 794, 11, 36, 0.6806, 2.3576, -0.3355, -2.3336, 0.4083, 202.50
520, 852, 21, 54, 0.9333, 0.7788, 0.7785, -0.0194, 0.8400, 238.59
520, 730, 128, 125, 0.9000, 1.4983, 0.6499, 1.3501, 0.9000, 172.36
520, 850, 45, -25, 0.5000, 54.0949, -3.7218, -53.9667, 0.1500, 184.00
521, 821, 95, 24, 0.6556, 27.7525, 10.5678, -25.6617, 0.2622, 180.00
521, 834, 86, 92, 0.6556, 30.0479, 29.4034, -6.1900, 0.2622, 154.25
521, 852, 19, 63, 0.9889, 7.8794, -2.0196, 7.6162, 0.9889, 234.13
521, 730, 128, 127, 0.8000, 1.4983, 0.6499, 1.3501, 0.8000, 172.36
521, 794, 11, 34, 0.5806, 2.3576, -0.3355, -2.3336, 0.3483, 202.50
522, 820, 36, 48, 0.6000, 0.9533, 0.9532, -0.0067, 0.1800, 215.00
522, 791, 10, 9, 0.5625, 47.1395, -11.4322, -45.7322, 0.2250, 214.00
522, 852, 19, 71, 1.0000, 8.2604, -0.1211, 8.2595, 1.0000, 229.85
522, 863, 28, 36, 0.6000, 1.9180, 1.9174, -0.0469, 0.1800, 231.17
522, 866, 21, 55, 0.6000, 12.2447, 12.2052, -0.9822, 0.1800, 211.33
522, 730, 129, 128, 0.7000, 1.4983, 0.6499, 1.3501, 0.7000, 172.36
522, 821, 106, -1, 0.5556, 27.7525, 10.5678, -25.6617, 0.2222, 180.00
522, 834, 115, 86, 0.5556, 30.0479, 29.4034, -6.1900, 0.2222, 154.25
523, 730, 119, 124, 1.0000, 2.6974, -2.6850, -0.2590, 1.0000, 170.51
523, 820, 38, 48, 0.7056, 1.7763, 1.7763, 0.0031, 0.2822, 216.50
523, 827, 89, 27, 0.6000, 58.8673, 37.5929, -45.3005, 0.1800, 189.00
523, 852, 12, 78, 1.0000, 9.4342, -5.8630, 7.3912, 1.0000, 225.53
523, 863, 8, 22, 0.6556, 20.7203, -16.8407, -12.0716, 0.2622, 225.38
523, 866, 30, 41, 0.6556, 15.5306, 9.4385, -12.3335, 0.2622, 210.00
524, 820, 25, 55, 0.7111, 12.5142, -10.9223, 6.1081, 0.3556, 224.20
524, 852, 7, 115, 1.0000, 34.1140, -5.2775, 33.7033, 1.0000, 220.87
524, 861, 44, 110, 0.6000, 8.6516, 4.5530, -7.3567, 0.1800, 149.33
524, 863, 4, 18, 0.7111, 7.6958, -5.6781, -5.1946, 0.3556, 221.70
524, 866, 19, 9, 0.7111, 30.8876, -8.8204, -29.6014, 0.3556, 211.00
524, 730, 116, 124, 0.9000, 2.6974, -2.6850, -0.2590, 0.9000, 170.51
524, 827, 126, -19, 0.5000, 58.8673, 37.5929, -45.3005, 0.1500, 189.00
525, 820, 23, 57, 0.7667, 4.3367, -3.6586, 2.3283, 0.4600, 228.67
525, 832, 21, 79, 0.6556, 22.3823, -12.0656, -18.8518, 0.2622, 178.25
525, 861, 41, 72, 0.6556, 33.3929, -1.6537, -33.3519, 0.2622, 161.25
525, 862, 30, 34, 0.6000, 24.7131, 20.6562, 13.5668, 0.1800, 216.33
525, 864, 57, 7, 0.6000, 65.9789, -61.0986, -24.9034, 0.1800, 161.17
525, 863, -2, 12, 0.6111, 7.6958, -5.6781, -5.1946, 0.3056, 221.70
525, 866, 11, -20, 0.6111, 30.8876, -8.8204, -29.6014, 0.3056, 211.00
526, 820, 17, 56, 0.8222, 5.2107, -5.1543, -0.7641, 0.5756, 232.14
526, 832, 19, 67, 0.7111, 13.3109, -2.8825, -12.9950, 0.3556, 181.00
526, 860, 115, 51, 0.6000, 2.0464, 1.8399, 0.8959, 0.1800, 133.33
526, 861, 27, 54, 0.7111, 23.4247, -12.6514, -19.7144, 0.3556, 180.00
526, 862, 47, 59, 0.6556, 29.4321, 17.1033, 23.9526, 0.2622, 214.75
526, 864, -4, -17, 0.5000, 65.9789, -61.0986, -24.9034, 0.1500, 161.17
527, 820, 16, 55, 0.8778, 1.5677, -1.4349, -0.6314, 0.7022, 232.38
527, 832, 24, 57, 0.7667, 11.2484, 3.7171, -10.6165, 0.4600, 191.58
527, 867, 15, 99, 0.6000, 58.0053, -54.1403, -20.8193, 0.1800, 164.67
527, 869, 98, 37, 0.6000, 16.2077, 15.3041, 5.3363, 0.1800, 174.67
527, 860, 117, 52, 0.5000, 2.0464, 1.8399, 0.8959, 0.1500, 133.33
527, 861, 14, 35, 0.6111, 23.4247, -12.6514, -19.7144, 0.3056, 180.00
527, 862, 64, 83, 0.5556, 29.4321, 17.1033, 23.9526, 0.2222, 214.75
528, 820, 18, 57, 0.9333, 2.2258, 1.7318, 1.3982, 0.8400, 234.44
528, 832, 26, 56, 0.8222, 2.8915, 2.5885, -1.2886, 0.5756, 197.79
528, 862, 93, 98, 0.7111, 30.4291, 23.8328, 18.9189, 0.3556, 197.00
528, 869, 111, 44, 0.6556, 15.3713, 13.7093, 6.9521, 0.2622, 166.50
528, 826, 104, 51, 0.5625, 0.9833, 0.9822, 0.0469, 0.2250, 189.12
528, 867, -39, 78, 0.5000, 58.0053, -54.1403, -20.8193, 0.1500, 164.67
529, 832, 27, 58, 0.8778, 1.6053, 1.1780, 1.0906, 0.7022, 204.31
529, 826, 79, 61, 0.6222, 23.4491, -21.6313, 9.0525, 0.3111, 190.50
529, 869, 125, 51, 0.5556, 15.3713, 13.7093, 6.9521, 0.2222, 166.50
530, 832, 28, 58, 0.9333, 1.0081, 0.8339, 0.5664, 0.8400, 208.28
530, 860, 120, 52, 0.7056, 1.1382, 1.1336, 0.1022, 0.2822, 130.25
530, 826, 27, 79, 0.6806, 51.2111, -48.5473, 16.3014, 0.4083, 189.92
530, 877, 11, 90, 0.6000, 15.2221, -11.1761, 10.3347, 0.1800, 182.00
531, 832, 28, 58, 0.9889, 0.1303, 0.1229, 0.0431, 0.9889, 209.90
531, 847, 23, 81, 0.6000, 19.3961, 17.3467, 8.6775, 0.1800, 188.00
531, 859, 32, 3, 0.6000, 78.7699, -70.0805, -35.9642, 0.1800, 176.33
531, 860, 99, 63, 0.7111, 22.8603, -20.0630, 10.9578, 0.3556, 132.00
531, 826, -21, 95, 0.5806, 51.2111, -48.5473, 16.3014, 0.3483, 189.92
531, 877, -1, 100, 0.5000, 15.2221, -11.1761, 10.3347, 0.1500, 182.00
532, 832, 29, 59, 1.0000, 1.0292, 0.7231, 0.7324, 1.0000, 213.55
532, 847, 26, 82, 0.6556, 5.2847, 4.7275, 2.3619, 0.2622, 193.00
532, 869, 123, 52, 0.7111, 0.6769, -0.2681, 0.6216, 0.3556, 160.60
532, 859, -38, -33, 0.5000, 78.7699, -70.0805, -35.9642, 0.1500, 176.33
533, 832, 30, 59, 1.0000, 1.0539, 1.0252, 0.2442, 1.0000, 217.00
533, 847, 26, 82, 0.7111, 0.5700, 0.2569, 0.5088, 0.3556, 195.60
533, 848, 17, 54, 0.6556, 23.4319, 12.8198, -19.6139, 0.2622, 186.75
533, 858, 32, 91, 0.6556, 26.4836, 1.5146, -26.4402, 0.2622, 156.50
533, 873, 115, 102, 0.6000, 60.0831, 59.6353, -7.3221, 0.1800, 136.67
533, 816, 112, 84, 0.5625, 51.3326, 51.2716, -2.5025, 0.2250, 156.25
534, 832, 31, 60, 1.0000, 1.3042, 1.0464, 0.7785, 1.0000, 219.23
534, 847, 25, 82, 0.7667, 0.6098, -0.5910, -0.1502, 0.4600, 194.42
534, 848, 57, 33, 0.7111, 42.9403, 37.5060, -20.9086, 0.3556, 188.40
534, 858, 32, 80, 0.7111, 13.5060, 0.5555, -13.4946, 0.3556, 162.40
534, 882, 20, 55, 0.6000, 47.1200, 14.1696, 44.9390, 0.1800, 215.67
534, 885, 118, 85, 0.6000, 43.9538, 1.9644, 43.9099, 0.1800, 120.00
534, 873, 175, 94, 0.5000, 60.0831, 59.6353, -7.3221, 0.1500, 136.67
535, 847, 27, 84, 0.8222, 1.8842, 1.2649, 1.3965, 0.5756, 194.36
535, 858, 40, 71, 0.7667, 11.2726, 6.8710, -8.9365, 0.4600, 169.33
535, 877, 0, 100, 0.6556, 0.9078, 0.7516, -0.5090, 0.2622, 192.50
535, 882, 9, 90, 0.6556, 36.8802, -8.1618, 35.9658, 0.2622, 205.50
535, 885, 105, 123, 0.6556, 40.2120, -10.8073, 38.7325, 0.2622, 114.50
535, 848, 95, 12, 0.6111, 42.9403, 37.5060, -20.9086, 0.3056, 188.40
536, 847, 27, 84, 0.8778, 0.7952, 0.5693, 0.5552, 0.7022, 193.56
536, 853, 35, 28, 0.6000, 27.3213, -18.3289, -20.2610, 0.1800, 208.33
536, 858, 52, 50, 0.8222, 23.1238, 11.7648, -19.9073, 0.5756, 177.14
536, 877, 1, 100, 0.7111, 1.1435, 1.1236, -0.2128, 0.3556, 190.20
536, 882, 0, 121, 0.7111, 32.9248, -8.6755, 31.7613, 0.3556, 195.00
536, 848, 132, -9, 0.5111, 42.9403, 37.5060, -20.9086, 0.2556, 188.40
536, 885, 94, 162, 0.5556, 40.2120, -10.8073, 38.7325, 0.2222, 114.50
537, 847, 27, 84, 0.9333, 0.0339, 0.0329, 0.0083, 0.8400, 192.28
537, 853, 10, 23, 0.6556, 24.8518, -23.8405, -7.0172, 0.2622, 206.50
537, 855, 14, 38, 0.6000, 11.2721, 10.5925, 3.8548, 0.1800, 201.00
537, 871, 46, 121, 0.6000, 44.6409, -33.8468, 29.1067, 0.1800, 145.00
537, 874, 12, 75, 0.6000, 15.4415, 6.5375, -13.9893, 0.1800, 176.67
537, 880, 4, 31, 0.6000, 1.3454, -0.9396, 0.9629, 0.1800, 202.33
537, 889, 47, 32, 0.6000, 1.0291, 1.0291, 0.0000, 0.1800, 233.00
537, 882, -9, 153, 0.6111, 32.9248, -8.6755, 31.7613, 0.3056, 195.00
538, 847, 29, 86, 0.9889, 2.0559, 1.4574, 1.4500, 0.9889, 191.25
538, 855, 28, 33, 0.6556, 14.6273, 14.2084, -3.4757, 0.2622, 202.50
538, 858, 50, 33, 0.9333, 12.9808, -3.7266, -12.4344, 0.8400, 186.89
538, 871, 2, 130, 0.6556, 44.5071, -43.0207, 11.4062, 0.2622, 142.00
538, 874, 28, 64, 0.6556, 18.9810, 15.5421, -10.8959, 0.2622, 196.25
538, 880, 9, 34, 0.7056, 4.9990, 4.3059, 2.5394, 0.2822, 202.25
538, 889, 41, 11, 0.6556, 18.8002, -5.0310, -18.1146, 0.2622, 228.00
538, 853, -14, 16, 0.5556, 24.8518, -23.8405, -7.0172, 0.2222, 206.50
538, 882, -17, 184, 0.5111, 32.9248, -8.6755, 31.7613, 0.2556, 195.00
539, 847, 30, 87, 1.0000, 1.8614, 1.3158, 1.3166, 1.0000, 192.23
539, 855, 49, 32, 0.7111, 19.9365, 19.8580, -1.7671, 0.3556, 206.00
539, 805, 30, 110, 0.5625, 66.0531, -26.0263, 60.7095, 0.2250, 197.25
539, 874, 34, 64, 0.7111, 6.5382, 6.3830, -1.4158, 0.3556, 207.60
539, 880, 11, 42, 0.7111, 8.0670, 2.4783, 7.6769, 0.3556, 197.00
539, 884, 69, 78, 0.6000, 51.2589, -16.1823, 48.6375, 0.1800, 169.00
539, 841, 16, 27, 0.5000, 25.2328, 14.7881, -20.4451, 0.4500, 207.22
539, 858, 46, 21, 0.8333, 12.9808, -3.7266, -12.4344, 0.7500, 186.89
539, 871, -41, 141, 0.5556, 44.5071, -43.0207, 11.4062, 0.2222, 142.00
539, 889, 36, -7, 0.5556, 18.8002, -5.0310, -18.1146, 0.2222, 228.00
540, 847, 31, 87, 1.0000, 1.0934, 1.0539, 0.2913, 1.0000, 192.79
540, 855, 54, 29, 0.7667, 6.7309, 6.2650, -2.4606, 0.4600, 207.25
540, 874, 34, 66, 0.7667, 2.0389, 0.9332, 1.8128, 0.4600, 215.50
540, 880, 26, 55, 0.7667, 18.2560, 13.3107, 12.4942, 0.4600, 198.50
540, 888, 23, 61, 0.6000, 40.7603, 2.5330, 40.6816, 0.1800, 203.33
540, 858, 43, 8, 0.7333, 12.9808, -3.7266, -12.4344, 0.6600, 186.89
540, 884, 52, 127, 0.5000, 51.2589, -16.1823, 48.6375, 0.1500, 169.00
541, 847, 31, 87, 1.0000, 0.2256, 0.2106, -0.0808, 1.0000, 191.81
541, 855, 54, 30, 0.8222, 1.3114, 0.9681, 0.8847, 0.5756, 210.79
541, 874, 34, 68, 0.8222, 1.6701, 0.1822, 1.6601, 0.5756, 221.14
541, 880, 33, 71, 0.8222, 17.6763, 7.7759, 15.8741, 0.5756, 197.86
541, 838, 54, 50, 0.5625, 54.2652, 50.4778, -19.9173, 0.2250, 190.25
541, 888, 22, 92, 0.6556, 31.9748, -0.6405, 31.9684, 0.2622, 205.75
541, 858, 39, -4, 0.6333, 12.9808, -3.7266, -12.4344, 0.5700, 186.89
542, 847, 32, 89, 1.0000, 1.6101, 0.6906, 1.4545, 1.0000, 190.89
542, 855, 54, 30, 0.8778, 0.2380, 0.2155, -0.1011, 0.7022, 215.94
542, 880, 33, 94, 0.8778, 21.8350, 1.0284, 21.8108, 0.7022, 195.38
542, 888, 12, 103, 0.7111, 16.6668, -8.9660, 14.0497, 0.3556, 197.60
542, 856, 5, 71, 0.5625, 28.1929, -2.7588, -28.0576, 0.2250, 190.00
542, 894, 63, 49, 0.6000, 42.3763, -39.2806, -15.8993, 0.1800, 168.67
543, 847, 33, 90, 1.0000, 1.6632, 0.9970, 1.3313, 1.0000, 190.63
543, 880, 54, 110, 0.9333, 24.8232, 18.3566, 16.7100, 0.8400, 191.33
543, 886, 4, 76, 0.6000, 59.4651, -12.0027, 58.2411, 0.1800, 214.67
543, 891, 81, 92, 0.6000, 59.5266, -29.4674, 51.7212, 0.1800, 152.33
543, 892, 14, 103, 0.6000, 20.7425, 10.5595, 17.8535, 0.1800, 168.00
543, 894, 24, 33, 0.5000, 42.3763, -39.2806, -15.8993, 0.1500, 168.67
544, 847, 34, 91, 1.0000, 1.4887, 1.0438, 1.0615, 1.0000, 190.59
544, 886, 2, 123, 0.6556, 48.4530, -2.8107, 48.3714, 0.2622, 203.50
544, 891, 68, 127, 0.6556, 39.6293, -14.5830, 36.8486, 0.2622, 149.75
544, 892, 25, 122, 0.6556, 21.5393, 11.0079, 18.5140, 0.2622, 161.75
544, 856, 11, 27, 0.6222, 21.9379, 3.3776, -21.6763, 0.3111, 193.40
544, 894, 12, 40, 0.6556, 23.9377, -23.7605, -2.9076, 0.2622, 175.75
545, 847, 38, 82, 1.0000, 9.0485, 4.0414, -8.0959, 1.0000, 189.62
545, 774, 42, 54, 0.5400, 62.3384, -31.2349, 53.9486, 0.2700, 177.20
545, 886, 0, 171, 0.5556, 48.4530, -2.8107, 48.3714, 0.2222, 203.50
545, 891, 54, 163, 0.5556, 39.6293, -14.5830, 36.8486, 0.2222, 149.75
545, 892, 36, 140, 0.5556, 21.5393, 11.0079, 18.5140, 0.2222, 161.75
545, 856, 14, 5, 0.5222, 21.9379, 3.3776, -21.6763, 0.2611, 193.40
545, 894, -12, 37, 0.5556, 23.9377, -23.7605, -2.9076, 0.2222, 175.75
546, 847, 41, 72, 1.0000, 9.8244, 2.9415, -9.3737, 1.0000, 193.25
546, 774, 33, 94, 0.6000, 43.4012, -11.8689, 41.7468, 0.3600, 178.50
546, 856, 23, 5, 0.6806, 11.1064, 6.5317, -8.9827, 0.4083, 196.83
546, 857, 27, 21, 0.5625, 58.3257, 4.8171, -58.1264, 0.2250, 181.00
547, 847, 42, 71, 1.0000, 2.1684, 1.3115, -1.7268, 1.0000, 196.39
547, 895, 5, 71, 0.6000, 42.5150, -40.5735, -12.7010, 0.1800, 180.67
547, 774, 21, 136, 0.5000, 43.4012, -11.8689, 41.7468, 0.3000, 178.50
547, 856, 29, -4, 0.5806, 11.1064, 6.5317, -8.9827, 0.3483, 196.83
548, 774, 3, 125, 0.6587, 19.0922, -15.1702, 11.5921, 0.4611, 174.57
548, 903, 18, 104, 0.7111, 15.4416, 2.2906, -15.2707, 0.3556, 167.80
548, 905, 117, 117, 0.6000, 2.1132, 1.9174, -0.8883, 0.1800, 90.83
548, 895, -36, 58, 0.5000, 42.5150, -40.5735, -12.7010, 0.1500, 180.67
549, 879, 29, 21, 0.6000, 84.7361, 7.6760, -84.3878, 0.1800, 173.00
549, 901, 59, 113, 0.6000, 51.2521, 50.5086, -8.6978, 0.1800, 154.00
549, 903, 19, 99, 0.7667, 6.0482, 1.6377, -5.8222, 0.4600, 171.33
549, 905, 119, 119, 0.7056, 2.3791, 2.0286, 1.2428, 0.2822, 88.38
550, 901, 120, 114, 0.6556, 60.1688, 60.1685, 0.1895, 0.2622, 137.25
550, 905, 120, 119, 0.7611, 1.3823, 1.2578, 0.5733, 0.3806, 85.90
550, 879, 36, -63, 0.5000, 84.7361, 7.6760, -84.3878, 0.1500, 173.00
550, 903, 21, 93, 0.6667, 6.0482, 1.6377, -5.8222, 0.4000, 171.33
551, 903, 39, 96, 0.8222, 11.4247, 11.3662, -1.1547, 0.5756, 172.29
551, 905, 122, 119, 0.8167, 1.7133, 1.7129, 0.0375, 0.4900, 86.25
551, 906, 78, 6, 0.6000, 1.3717, 0.9456, 0.9937, 0.1800, 193.33
551, 901, 180, 115, 0.5556, 60.1688, 60.1685, 0.1895, 0.2222, 137.25
552, 905, 125, 117, 0.8722, 3.1825, 2.7574, -1.5892, 0.6106, 85.36
552, 906, 79, 6, 0.7056, 1.0491, 1.0191, 0.2489, 0.2822, 192.00
553, 878, 78, 82, 0.6000, 32.8185, -13.5035, -29.9118, 0.1800, 132.33
553, 905, 127, 117, 0.9278, 2.4187, 2.3367, -0.6244, 0.7422, 83.94
553, 906, 69, 15, 0.7111, 11.7056, -8.9087, 7.5931, 0.3556, 191.00
553, 872, 36, 90, 0.5625, 39.6717, 27.0284, -29.0397, 0.2250, 159.25
554, 896, 75, 12, 0.6000, 80.5965, 64.7145, -48.0398, 0.1800, 180.33
554, 872, 57, 80, 0.6222, 25.3278, 21.9462, -12.6437, 0.3111, 164.60
554, 868, 89, 26, 0.5625, 0.0000, 0.0000, 0.0000, 0.2250, 172.50
554, 909, 1, 39, 0.6000, 13.7819, -10.3347, 9.1178, 0.1800, 208.33
554, 912, 16, 72, 0.6000, 29.0260, -7.4351, -28.0576, 0.1800, 183.33
554, 878, 65, 52, 0.5000, 32.8185, -13.5035, -29.9118, 0.1500, 132.33
554, 905, 129, 116, 0.8278, 2.4187, 2.3367, -0.6244, 0.6622, 83.94
554, 906, 60, 22, 0.6111, 11.7056, -8.9087, 7.5931, 0.3056, 191.00
555, 878, 47, 66, 0.6556, 16.7576, -15.9051, -5.2768, 0.2622, 148.25
555, 868, 73, 23, 0.6222, 13.9173, -13.5859, -3.0191, 0.3111, 171.60
555, 909, 0, 41, 0.6556, 3.9065, -2.8764, 2.6432, 0.2622, 205.00
555, 918, 125, 125, 0.6000, 5.0024, -1.7766, 4.6763, 0.1800, 77.67
555, 896, 140, -37, 0.5000, 80.5965, 64.7145, -48.0398, 0.1500, 180.33
555, 905, 132, 116, 0.7278, 2.4187, 2.3367, -0.6244, 0.5822, 83.94
555, 872, 79, 68, 0.5222, 25.3278, 21.9462, -12.6437, 0.2611, 164.60
555, 912, 9, 44, 0.5000, 29.0260, -7.4351, -28.0576, 0.1500, 183.33
556, 878, 36, 74, 0.7111, 13.0924, -11.3951, 6.4470, 0.3556, 157.40
556, 872, 92, 62, 0.6806, 19.1957, 17.1018, -8.7180, 0.4083, 177.33
556, 868, 68, 15, 0.6806, 9.7274, -6.5209, -7.2180, 0.4083, 176.83
556, 912, 11, 32, 0.6556, 19.1164, -2.3046, -18.9770, 0.2622, 189.25
556, 913, 72, 116, 0.6000, 0.8444, 0.8434, 0.0397, 0.1800, 138.33
556, 905, 134, 115, 0.6278, 2.4187, 2.3367, -0.6244, 0.5022, 83.94
556, 909, -3, 44, 0.5556, 3.9065, -2.8764, 2.6432, 0.2222, 205.00
556, 918, 123, 129, 0.5000, 5.0024, -1.7766, 4.6763, 0.1500, 77.67
557, 817, 27, 5, 0.5625, 10.1055, 9.6802, 2.9009, 0.2250, 213.25
557, 801, 84, 47, 0.5400, 37.5182, 35.8675, -11.0065, 0.2700, 202.20
557, 905, 136, 114, 0.5278, 2.4187, 2.3367, -0.6244, 0.4222, 83.94
557, 872, 109, 53, 0.5806, 19.1957, 17.1018, -8.7180, 0.3483, 177.33
557, 868, 61, 8, 0.5806, 9.7274, -6.5209, -7.2180, 0.3483, 176.83
557, 912, 8, 13, 0.5556, 19.1164, -2.3046, -18.9770, 0.2222, 189.25
557, 913, 73, 116, 0.5000, 0.8444, 0.8434, 0.0397, 0.1500, 138.33
558, 912, 5, 12, 0.7111, 9.1009, -2.8851, -8.6315, 0.3556, 194.60
558, 914, 46, 83, 0.6000, 49.7104, 30.4537, -39.2899, 0.1800, 170.00
558, 875, 79, 61, 0.5625, 37.2695, -11.2230, 35.5396, 0.2250, 176.50
558, 922, 46, 102, 0.6000, 1.3890, 0.9822, 0.9822, 0.1800, 178.33
558, 923, 32, 102, 0.6000, 1.9174, 1.9174, 0.0000, 0.1800, 188.67
558, 924, 16, 123, 0.6000, 15.2248, 2.8058, 14.9640, 0.1800, 162.67
558, 925, 49, 92, 0.6000, 35.6133, -30.8633, -17.7698, 0.1800, 148.33
559, 817, 47, 18, 0.6222, 12.2617, 10.1881, 6.8230, 0.3111, 210.40
559, 868, 51, 4, 0.7381, 5.9972, -5.3255, -2.7578, 0.5167, 181.71
559, 798, 90, 25, 0.5400, 20.8194, -19.1093, 8.2635, 0.2700, 116.80
559, 919, 17, 30, 0.6000, 16.5839, 12.6118, -10.7689, 0.1800, 199.00
559, 922, 47, 103, 0.7056, 1.4311, 1.0119, 1.0119, 0.2822, 174.12
559, 923, 33, 102, 0.7056, 1.2739, 1.2739, 0.0000, 0.2822, 186.00
559, 924, 16, 128, 0.6556, 5.7543, 0.7858, 5.7004, 0.2622, 158.75
559, 925, 21, 88, 0.6556, 29.5830, -29.0225, -5.7314, 0.2622, 164.00
559, 912, 2, 4, 0.6111, 9.1009, -2.8851, -8.6315, 0.3056, 194.60
559, 914, 77, 44, 0.5000, 49.7104, 30.4537, -39.2899, 0.1500, 170.00
560, 817, 80, 15, 0.6806, 31.3494, 31.2683, -2.2540, 0.4083, 209.33
560, 913, 95, 123, 0.6556, 7.4893, 7.1535, 2.2172, 0.2622, 128.75
560, 914, 109, 53, 0.6556, 33.6836, 31.5551, -11.7839, 0.2622, 161.25
560, 918, 118, 125, 0.7056, 1.9340, -1.3153, -1.4178, 0.2822, 78.50
560, 798, 82, 48, 0.6000, 23.3960, -9.1421, 21.5359, 0.3600, 132.33
560, 875, 40, 102, 0.6222, 27.6135, -20.4395, 18.5669, 0.3111, 174.20
560, 919, 39, 16, 0.6556, 24.3279, 20.4851, -13.1228, 0.2622, 200.00
560, 922, 47, 103, 0.7611, 0.3439, 0.2432, 0.2432, 0.3806, 169.90
560, 923, 34, 103, 0.7611, 1.2426, 0.9804, 0.7635, 0.3806, 185.30
560, 868, 46, 1, 0.6381, 5.9972, -5.3255, -2.7578, 0.4467, 181.71
560, 924, 17, 133, 0.5556, 5.7543, 0.7858, 5.7004, 0.2222, 158.75
560, 925, -8, 82, 0.5556, 29.5830, -29.0225, -5.7314, 0.2222, 164.00
561, 798, 82, 53, 0.6587, 6.8822, -0.7209, 6.8443, 0.4611, 141.29
561, 922, 49, 105, 0.8167, 2.0847, 1.4741, 1.4741, 0.4900, 169.25
561, 923, 50, 107, 0.7667, 14.5412, 13.9474, 4.1131, 0.4600, 179.75
561, 817, 111, 12, 0.5806, 31.3494, 31.2683, -2.2540, 0.3483, 209.33
561, 868, 40, -2, 0.5381, 5.9972, -5.3255, -2.7578, 0.3767, 181.71
561, 913, 102, 125, 0.5556, 7.4893, 7.1535, 2.2172, 0.2222, 128.75
561, 914, 140, 41, 0.5556, 33.6836, 31.5551, -11.7839, 0.2222, 161.25
561, 918, 117, 124, 0.6056, 1.9340, -1.3153, -1.4178, 0.2422, 78.50
561, 875, 19, 121, 0.5222, 27.6135, -20.4395, 18.5669, 0.2611, 174.20
561, 919, 59, 3, 0.5556, 24.3279, 20.4851, -13.1228, 0.2222, 200.00
562, 868, 27, 6, 0.7951, 8.6876, -8.5610, 1.4776, 0.6361, 185.88
562, 918, 94, 124, 0.7111, 13.5903, -13.5825, -0.4620, 0.3556, 83.20
562, 875, 36, 104, 0.6806, 1.8633, 0.8699, -1.6478, 0.4083, 176.67
562, 919, 84, 23, 0.7111, 23.5847, 22.9164, 5.5746, 0.3556, 202.80
562, 922, 50, 106, 0.8722, 1.8271, 1.2919, 1.2919, 0.6106, 168.79
563, 868, 10, 37, 0.8519, 33.2171, -16.3438, 28.9180, 0.7667, 187.00
563, 915, 27, 75, 0.6000, 55.7618, -24.2001, -50.2368, 0.1800, 151.00
563, 870, 86, 17, 0.5625, 11.8948, -1.7678, -11.7627, 0.2250, 169.25
563, 922, 41, 104, 0.8778, 8.2673, -8.0269, -1.9791, 0.7022, 172.94
563, 924, 17, 127, 0.7111, 1.8832, -0.0214, -1.8831, 0.3556, 156.80
564, 915, 4, 25, 0.6556, 55.3502, -22.9999, -50.3453, 0.2622, 163.50
564, 887, 82, 122, 0.5625, 1.8543, 1.5400, 1.0329, 0.2250, 118.50
565, 930, 56, 108, 0.6000, 32.4470, -32.2584, -3.4933, 0.1800, 128.67
565, 915, -19, -25, 0.5556, 55.3502, -22.9999, -50.3453, 0.2222, 163.50
566, 870, 55, 7, 0.6222, 12.3175, -12.2158, -1.5792, 0.3111, 175.60
566, 887, 62, 101, 0.6222, 17.1432, -11.8700, -12.3691, 0.3111, 129.20
566, 930, 50, 108, 0.6556, 9.0271, -9.0203, -0.3488, 0.2622, 137.50
567, 870, 33, 31, 0.6806, 31.2687, -21.3278, 22.8661, 0.4083, 180.83
567, 929, 92, 57, 0.6000, 65.8705, 17.7891, -63.4229, 0.1800, 146.00
567, 890, 91, 25, 0.5625, 31.9681, 13.0487, -29.1837, 0.2250, 196.88
567, 887, 50, 89, 0.5222, 17.1432, -11.8700, -12.3691, 0.2611, 129.20
567, 930, 41, 108, 0.5556, 9.0271, -9.0203, -0.3488, 0.2222, 137.50
568, 887, 52, 75, 0.6806, 13.5257, -3.6256, -13.0307, 0.4083, 149.17
568, 929, 108, 1, 0.6556, 59.4884, 16.2945, -57.2132, 0.2622, 151.00
568, 930, 26, 108, 0.7111, 12.2911, -12.2892, -0.2135, 0.3556, 139.00
568, 890, 94, 19, 0.6222, 10.4432, 4.9952, -9.1711, 0.3111, 201.50
569, 764, 90, 123, 0.5250, 58.5047, -22.2331, 54.1155, 0.3150, 119.67
569, 798, 56, 110, 1.0000, 2.8234, 2.8222, 0.0836, 1.0000, 155.15
569, 921, 49, 103, 0.6000, 25.3087, -23.4923, 9.4148, 0.1800, 196.67
569, 887, 53, 74, 0.7381, 2.1327, 0.4431, -2.0862, 0.5167, 162.43
569, 881, 60, 45, 0.5625, 31.1301, 10.7732, 29.2065, 0.2250, 208.25
569, 929, 125, -56, 0.5556, 59.4884, 16.2945, -57.2132, 0.2222, 151.00
569, 890, 99, 9, 0.5222, 10.4432, 4.9952, -9.1711, 0.2611, 201.50
570, 899, 50, 16, 0.6000, 74.6049, 41.6053, -61.9266, 0.1800, 185.17
570, 921, 9, 101, 0.6556, 37.8038, -37.7880, -1.0938, 0.2622, 188.25
570, 887, 55, 75, 0.7951, 1.8155, 1.4534, 1.0880, 0.6361, 170.12
570, 881, 75, 93, 0.6222, 48.1478, 14.7450, 45.8344, 0.3111, 217.60
570, 932, 27, 2, 0.6000, 26.5208, 19.6872, -17.7698, 0.1800, 235.17
570, 937, 92, 117, 0.6000, 0.8883, 0.0000, -0.8883, 0.1800, 105.67
571, 887, 56, 76, 0.8519, 1.4191, 1.2418, 0.6868, 0.7667, 175.94
571, 881, 93, 123, 0.6806, 36.0609, 17.7563, 31.3864, 0.4083, 200.67
571, 932, 42, 3, 0.6556, 15.3550, 15.3078, -1.2028, 0.2622, 227.38
571, 937, 80, 99, 0.6556, 18.6455, -10.5668, -15.3622, 0.2622, 138.00
571, 939, 50, 105, 0.6000, 0.9539, 0.9353, -0.1877, 0.1800, 172.00
571, 940, 11, 78, 0.6000, 49.3765, -15.8523, -46.7626, 0.1800, 178.50
571, 899, 91, -46, 0.5000, 74.6049, 41.6053, -61.9266, 0.1500, 185.17
571, 921, -28, 100, 0.5556, 37.8038, -37.7880, -1.0938, 0.2222, 188.25
572, 890, 124, 17, 0.6806, 8.4138, 8.1117, 2.2341, 0.4083, 188.58
572, 893, 12, 72, 0.5625, 40.4857, -11.3618, 38.8587, 0.2250, 218.75
572, 937, 89, 72, 0.7111, 27.0169, 6.8054, -26.1458, 0.3556, 143.27
572, 939, 75, 99, 0.6556, 22.7673, 22.1503, -5.2643, 0.2622, 188.25
572, 941, 95, 121, 0.6000, 5.9816, 3.7879, -4.6293, 0.1800, 110.33
572, 932, 57, 2, 0.5556, 15.3550, 15.3078, -1.2028, 0.2222, 227.38
572, 940, -5, 31, 0.5000, 49.3765, -15.8523, -46.7626, 0.1500, 178.50
573, 893, 13, 92, 0.6222, 22.1508, -0.6077, 22.1424, 0.3111, 223.60
573, 939, 84, 98, 0.7111, 10.3735, 10.3099, -1.1469, 0.3556, 189.40
573, 940, 18, 39, 0.6556, 17.3031, 5.7148, -16.3321, 0.2622, 180.88
573, 941, 95, 121, 0.6556, 1.1836, 1.0429, -0.5597, 0.2622, 110.00
573, 937, 95, 46, 0.6111, 27.0169, 6.8054, -26.1458, 0.3056, 143.27
574, 814, 22, 88, 0.5400, 44.3601, -17.9206, 40.5792, 0.2700, 208.40
574, 931, 25, 65, 0.6000, 33.1282, -18.3870, 27.5572, 0.1800, 192.00
574, 893, 20, 124, 0.6806, 31.7983, 5.8674, 31.2523, 0.4083, 211.00
574, 933, 19, 40, 0.6000, 20.1166, 10.8087, 16.9661, 0.1800, 204.00
574, 939, 85, 100, 0.7667, 1.8313, 1.4687, 1.0940, 0.4600, 195.83
574, 940, 26, 30, 0.7111, 12.5236, 7.8743, -9.7384, 0.3556, 186.30
574, 941, 96, 123, 0.7111, 1.3340, 0.6503, 1.1648, 0.3556, 111.00
575, 931, 2, 89, 0.6556, 33.9237, -22.9662, 24.9674, 0.2622, 184.88
575, 939, 84, 101, 0.8222, 1.3653, -0.1951, 1.3512, 0.5756, 200.43
575, 941, 97, 124, 0.8167, 1.5506, 0.8604, 1.2900, 0.4900, 112.67
575, 898, 57, 105, 0.5625, 1.0291, 1.0291, 0.0000, 0.2250, 169.04
575, 893, 26, 156, 0.5806, 31.7983, 5.8674, 31.2523, 0.3483, 211.00
575, 933, 30, 57, 0.5000, 20.1166, 10.8087, 16.9661, 0.1500, 204.00
576, 931, -3, 94, 0.7111, 9.8393, -6.8067, 7.1050, 0.3556, 196.90
576, 582, 61, 2, 0.5365, 6.1389, -5.6930, -2.2968, 0.5365, 163.14
576, 932, 57, 13, 0.7111, 3.2119, -1.0594, 3.0321, 0.3556, 220.50
576, 933, 43, 58, 0.6556, 14.2876, 12.0956, 7.6047, 0.2622, 205.00
576, 941, 94, 122, 0.8722, 3.0684, -2.8219, -1.2050, 0.6106, 112.43
576, 897, 5, 90, 0.5625, 0.2026, -0.1986, 0.0397, 0.2250, 174.75
576, 902, 15, 97, 0.5625, 48.5352, -43.9729, -20.5440, 0.2250, 158.62
576, 900, 17, 90, 0.5625, 0.9364, 0.0469, 0.9353, 0.2250, 250.50
576, 904, 100, 74, 0.5625, 0.1484, -0.1408, 0.0469, 0.2250, 142.50
577, 938, 93, 106, 0.6000, 27.2687, -19.2702, -19.2935, 0.1800, 105.00
577, 897, 1, 92, 0.6722, 3.3465, -2.9860, 1.5109, 0.3361, 190.00
577, 898, 64, 119, 0.6222, 8.9019, 3.6970, 8.0980, 0.3111, 162.83
577, 900, 18, 90, 0.6722, 0.7944, 0.7500, 0.2619, 0.3361, 251.40
577, 904, 99, 74, 0.6722, 0.7404, -0.7404, -0.0048, 0.3361, 143.70
577, 933, 55, 65, 0.5556, 14.2876, 12.0956, 7.6047, 0.2222, 205.00
577, 941, 91, 121, 0.7722, 3.0684, -2.8219, -1.2050, 0.5406, 112.43
578, 938, 63, 104, 0.6556, 28.2618, -27.8119, -5.0230, 0.2622, 123.50
578, 898, 83, 120, 0.6806, 18.2587, 18.2058, 1.3888, 0.4083, 154.36
578, 900, 13, 95, 0.6806, 6.2720, -4.3117, 4.5549, 0.4083, 238.33
578, 904, 97, 75, 0.7306, 1.9345, -1.7808, 0.7556, 0.4383, 145.75
578, 865, 100, 73, 0.5400, 21.5920, -6.5468, 20.5755, 0.2700, 153.20
578, 897, -1, 93, 0.5722, 3.3465, -2.9860, 1.5109, 0.2861, 190.00
579, 876, 62, 13, 0.5625, 46.6266, -46.3880, -4.7111, 0.2250, 171.00
579, 935, 111, 22, 0.6000, 81.0985, 4.6280, -80.9663, 0.1800, 127.00
579, 938, 25, 82, 0.7111, 42.4337, -37.4668, -19.9213, 0.3556, 147.20
579, 900, 6, 94, 0.7381, 7.1288, -7.1039, -0.5947, 0.5167, 231.79
579, 904, 96, 75, 0.7881, 1.3664, -1.3355, 0.2888, 0.5517, 146.43
579, 942, 69, 122, 0.6000, 17.0242, -16.8159, -2.6551, 0.1800, 125.33
579, 907, 10, 64, 0.5625, 26.4253, 2.7588, -26.2809, 0.2250, 175.25
579, 898, 102, 122, 0.5806, 18.2587, 18.2058, 1.3888, 0.3483, 154.36
580, 897, 2, 107, 0.6806, 5.9868, 0.9061, 5.9178, 0.4083, 185.83
580, 900, 4, 94, 0.7951, 2.0873, -2.0835, -0.1259, 0.6361, 234.44
580, 904, 94, 76, 0.8451, 1.9327, -1.7762, 0.7619, 0.6761, 149.88
580, 942, 66, 121, 0.6556, 4.8435, -4.5702, -1.6039, 0.2622, 125.75
580, 865, 63, 82, 0.6000, 20.3296, -20.1560, 2.6513, 0.3600, 170.17
580, 935, 115, -59, 0.5000, 81.0985, 4.6280, -80.9663, 0.1500, 127.00
580, 938, -13, 62, 0.6111, 42.4337, -37.4668, -19.9213, 0.3056, 147.20
581, 900, 5, 94, 0.8519, 1.0051, 1.0043, 0.0387, 0.7667, 236.72
581, 904, 92, 77, 0.9019, 2.2494, -2.0095, 1.0107, 0.8117, 150.00
581, 865, 59, 82, 0.6587, 5.0769, -5.0612, 0.3988, 0.4611, 173.07
581, 942, 61, 119, 0.5556, 4.8435, -4.5702, -1.6039, 0.2222, 125.75
582, 904, 91, 77, 0.9583, 1.3166, -1.2848, 0.2874, 0.9583, 151.30
582, 916, 18, 125, 0.5625, 13.8502, -12.2052, 6.5468, 0.2250, 143.25
582, 945, 116, 16, 0.6000, 2.1757, 1.9644, -0.9353, 0.1800, 173.67
582, 947, 1, 125, 0.6000, 50.6878, -25.1579, 44.0038, 0.1800, 204.67
583, 904, 90, 77, 1.0000, 0.9652, -0.9646, -0.0345, 1.0000, 151.95
583, 907, 23, 23, 0.6222, 6.8311, 3.4328, -5.9059, 0.3111, 190.60
583, 945, 118, 16, 0.7056, 2.0407, 2.0238, -0.2619, 0.2822, 177.50
583, 947, -24, 169, 0.5000, 50.6878, -25.1579, 44.0038, 0.1500, 204.67
584, 942, 30, 118, 0.7111, 10.2810, -10.2717, -0.4371, 0.3556, 128.00
584, 865, 65, 83, 0.8311, 1.3306, 1.3045, 0.2624, 0.8311, 190.55
584, 944, 105, 36, 0.6000, 31.0550, -16.3189, -26.4217, 0.1800, 127.33
584, 907, 24, 23, 0.6806, 1.4271, 1.3951, 0.3009, 0.4083, 200.50
584, 911, 17, 100, 0.5625, 9.1856, 4.5349, 7.9881, 0.2250, 176.00
584, 945, 119, 16, 0.7611, 1.2502, 1.2499, 0.0263, 0.3806, 175.00
584, 904, 89, 77, 0.9000, 0.9652, -0.9646, -0.0345, 0.9000, 151.95
585, 944, 102, 31, 0.6556, 9.4750, -5.0199, -8.0359, 0.2622, 133.25
585, 917, 21, 15, 0.5625, 6.8639, 5.3111, -4.3481, 0.2250, 208.00
585, 945, 121, 15, 0.8167, 1.8544, 1.7105, -0.7162, 0.4900, 168.50
585, 904, 88, 77, 0.8000, 0.9652, -0.9646, -0.0345, 0.8000, 151.95
586, 904, 85, 80, 1.0000, 2.1613, -1.7958, 1.2026, 1.0000, 153.71
586, 917, 50, 7, 0.6222, 27.1363, 26.0686, -7.5368, 0.3111, 208.00
586, 945, 123, 15, 0.8722, 2.0167, 1.9973, -0.2792, 0.6106, 171.86
586, 801, 107, 35, 0.5062, 16.4036, -11.9152, 11.2742, 0.4050, 151.12
586, 944, 97, 23, 0.5556, 9.4750, -5.0199, -8.0359, 0.2222, 133.25
587, 904, 75, 78, 1.0000, 9.3046, -9.0721, -2.0668, 1.0000, 156.12
587, 944, 119, 12, 0.7111, 14.1598, 10.4436, -9.5620, 0.3556, 133.80
587, 907, 27, 25, 0.8519, 1.2409, 0.9822, 0.7583, 0.7667, 218.33
587, 945, 124, 15, 0.9278, 1.2851, 1.2851, -0.0046, 0.7422, 173.88
587, 801, 105, 38, 0.5630, 4.4082, -2.4786, 3.6454, 0.5067, 150.11
587, 917, 76, -1, 0.5222, 27.1363, 26.0686, -7.5368, 0.2611, 208.00
588, 870, 109, 118, 1.0000, 2.7606, 2.0717, 1.8246, 1.0000, 186.97
588, 904, 67, 84, 1.0000, 10.2507, -8.5012, 5.7277, 1.0000, 160.68
588, 910, 4, 107, 0.5625, 55.1862, -3.6144, 55.0677, 0.2250, 185.50
588, 917, 71, 3, 0.6806, 8.1160, 8.0923, -0.6191, 0.4083, 205.83
588, 911, 30, 120, 0.6222, 5.0802, 3.0071, 4.0946, 0.3111, 170.80
588, 945, 126, 14, 0.9833, 1.8599, 1.7180, -0.7126, 0.8850, 171.22
588, 927, 2, 33, 0.5625, 32.5731, -25.2518, -20.5755, 0.2250, 186.25
589, 904, 66, 87, 1.0000, 3.9944, -2.1498, 3.3665, 1.0000, 164.03
589, 916, 0, 127, 0.6222, 2.1873, 1.0231, -1.9332, 0.3111, 146.20
589, 948, 105, 37, 0.6000, 48.0350, 41.0291, 24.9793, 0.1800, 179.67
589, 950, 28, 4, 0.6000, 28.3929, 1.7266, -28.3403, 0.1800, 205.67
589, 953, 25, 20, 0.6000, 71.4252, 9.0704, -70.8469, 0.1800, 183.00
589, 911, 33, 124, 0.5222, 5.0802, 3.0071, 4.0946, 0.2611, 170.80
589, 945, 128, 13, 0.8833, 1.8599, 1.7180, -0.7126, 0.7950, 171.22
590, 904, 67, 88, 1.0000, 1.2631, 1.1524, 0.5171, 1.0000, 166.97
590, 916, 6, 114, 0.6806, 13.9213, 5.5622, -12.7619, 0.4083, 148.00
590, 945, 115, 1, 0.9889, 9.7469, -6.6659, -7.1111, 0.9889, 167.80
590, 958, 17, 94, 0.6000, 21.4519, 12.0175, -17.7698, 0.1800, 170.67
590, 948, 146, 61, 0.5000, 48.0350, 41.0291, 24.9793, 0.1500, 179.67
590, 950, 30, -25, 0.5000, 28.3929, 1.7266, -28.3403, 0.1500, 205.67
590, 953, 34, -51, 0.5000, 71.4252, 9.0704, -70.8469, 0.1500, 183.00
591, 904, 68, 87, 1.0000, 0.8644, 0.8094, -0.3032, 1.0000, 168.65
591, 958, 42, 86, 0.6556, 24.9270, 23.0435, -9.5053, 0.2622, 181.75
591, 959, 111, 40, 0.6000, 1.2633, 0.7944, 0.9822, 0.1800, 141.33
592, 930, 111, 125, 1.0000, 29.4905, 18.4121, 23.0366, 1.0000, 183.96
592, 904, 70, 89, 1.0000, 2.0719, 1.6359, 1.2715, 1.0000, 172.00
592, 801, 94, 53, 0.6194, 3.4601, -2.1831, 2.6845, 0.6194, 152.10
592, 958, 56, 74, 0.7111, 18.8913, 15.2935, -11.0901, 0.3556, 181.40
592, 959, 113, 41, 0.7056, 2.0526, 1.7858, 1.0119, 0.2822, 140.25
593, 943, 67, 18, 0.6556, 18.6014, 16.6383, -8.3174, 0.2622, 195.00
593, 908, 121, 38, 0.5625, 45.1739, 45.1350, -1.8734, 0.2250, 191.50
593, 952, 12, 38, 0.6000, 39.0583, -32.5458, -21.5945, 0.1800, 205.00
593, 959, 114, 42, 0.7611, 1.6567, 1.3158, 1.0067, 0.3806, 141.40
593, 960, 0, 116, 0.6000, 6.7767, -6.4998, 1.9174, 0.1800, 175.00
593, 961, 13, 116, 0.6000, 1.3890, 0.9822, 0.9822, 0.1800, 163.00
593, 958, 72, 63, 0.6111, 18.8913, 15.2935, -11.0901, 0.3056, 181.40
594, 943, 79, 11, 0.7111, 14.3889, 12.2018, -7.6260, 0.3556, 191.00
594, 956, 64, 7, 0.6556, 11.3725, -10.7191, -3.7993, 0.2622, 187.50
594, 959, 117, 46, 0.8167, 4.1564, 2.5347, 3.2940, 0.4900, 139.67
594, 960, 0, 115, 0.6556, 1.1088, -1.0835, -0.2357, 0.2622, 172.75
594, 961, 14, 117, 0.7056, 1.4311, 1.0119, 1.0119, 0.2822, 162.00
594, 964, 50, 31, 0.6000, 55.1903, 1.0761, -55.1799, 0.1800, 217.44
594, 967, 9, 115, 0.6000, 2.0113, 2.0113, 0.0000, 0.1800, 177.67
594, 952, -21, 16, 0.5000, 39.0583, -32.5458, -21.5945, 0.1500, 205.00
594, 958, 87, 52, 0.5111, 18.8913, 15.2935, -11.0901, 0.2556, 181.40
595, 943, 82, 0, 0.7667, 10.7802, 3.7566, -10.1045, 0.4600, 189.67
595, 956, 41, 18, 0.7111, 23.4481, -21.5338, 9.2795, 0.3556, 192.00
595, 959, 116, 46, 0.8722, 0.3468, 0.0119, 0.3466, 0.6106, 140.43
595, 960, 2, 106, 0.7111, 8.9587, 1.9810, -8.7369, 0.3556, 171.60
595, 967, 12, 116, 0.7056, 2.8747, 2.7738, 0.7548, 0.2822, 173.00
595, 961, 15, 118, 0.6056, 1.4311, 1.0119, 1.0119, 0.2422, 162.00
595, 964, 51, -25, 0.5000, 55.1903, 1.0761, -55.1799, 0.1500, 217.44
596, 956, 17, 9, 0.7667, 24.3786, -23.4665, -6.6059, 0.4600, 192.83
596, 959, 117, 46, 0.9278, 0.5762, 0.3988, 0.4159, 0.7422, 141.25
596, 960, 3, 69, 0.7667, 33.8850, 0.9131, -33.8727, 0.4600, 174.50
596, 961, 15, 118, 0.7611, 0.6348, 0.4489, 0.4489, 0.3806, 168.00
596, 964, 35, -1, 0.6556, 14.0559, -8.7353, -11.0120, 0.2622, 215.58
596, 967, 12, 117, 0.7611, 1.0410, -0.0076, 1.0410, 0.3806, 175.60
596, 943, 85, -10, 0.6667, 10.7802, 3.7566, -10.1045, 0.4000, 189.67
597, 959, 118, 47, 0.9833, 1.2638, 0.9145, 0.8722, 0.8850, 139.56
597, 961, 7, 114, 0.7667, 7.9706, -6.9799, -3.8486, 0.4600, 166.83
597, 962, 12, 81, 0.6000, 58.1564, -25.7884, 52.1261, 0.1800, 208.17
597, 964, 33, 0, 0.7111, 2.4023, -2.4022, -0.0120, 0.3556, 214.47
597, 967, 11, 117, 0.8167, 0.4980, -0.4070, 0.2869, 0.4900, 172.17
597, 928, 115, 109, 0.5625, 1.9180, 1.9174, 0.0469, 0.2250, 96.00
597, 970, 49, 28, 0.6000, 13.6577, -13.1874, 3.5533, 0.1800, 194.33
597, 971, 30, 112, 0.6000, 46.4209, -42.0394, 19.6872, 0.1800, 191.33
597, 943, 89, -20, 0.5667, 10.7802, 3.7566, -10.1045, 0.3400, 189.67
597, 956, -6, 2, 0.6667, 24.3786, -23.4665, -6.6059, 0.4000, 192.83
598, 920, 60, 47, 0.5625, 24.1293, -14.0516, -19.6157, 0.2250, 189.75
598, 967, 25, 114, 0.8222, 13.1361, 12.7695, -3.0816, 0.5756, 170.86
598, 928, 100, 110, 0.6222, 12.3349, -12.3121, 0.7500, 0.3111, 104.00
598, 934, 74, 93, 0.5625, 0.8506, -0.0482, 0.8492, 0.2250, 167.50
598, 968, 51, 27, 0.6000, 35.2099, 33.2040, 11.7144, 0.1800, 205.67
598, 970, 47, 28, 0.6556, 3.0925, -2.9027, 1.0668, 0.2622, 195.50
598, 971, 13, 121, 0.6556, 22.4557, -20.0941, 10.0244, 0.2622, 183.62
598, 959, 119, 48, 0.8833, 1.2638, 0.9145, 0.8722, 0.7950, 139.56
598, 962, -14, 133, 0.5000, 58.1564, -25.7884, 52.1261, 0.1500, 208.17
599, 920, 54, 28, 0.6222, 20.5990, -7.0882, -19.3411, 0.3111, 190.60
599, 955, 63, 82, 0.6000, 77.2659, -1.8205, 77.2445, 0.1800, 218.33
599, 959, 120, 49, 1.0000, 1.5027, 1.0635, 1.0617, 1.0000, 137.40
599, 934, 75, 94, 0.6722, 1.2954, 0.7702, 1.0415, 0.3361, 171.60
599, 968, 73, 39, 0.6556, 25.8286, 22.9421, 11.8649, 0.2622, 208.50
599, 970, 42, 28, 0.7111, 4.6833, -4.6827, -0.0737, 0.3556, 207.40
599, 971, 7, 115, 0.7111, 9.0393, -7.9825, -4.2413, 0.3556, 178.90
599, 928, 88, 111, 0.5222, 12.3349, -12.3121, 0.7500, 0.2611, 104.00
600, 916, 18, 123, 1.0000, 5.2977, -1.4044, 5.1081, 1.0000, 185.07
600, 920, 50, 25, 0.6806, 5.9423, -3.8256, -4.5470, 0.4083, 192.33
600, 959, 121, 50, 1.0000, 1.4474, 1.0225, 1.0244, 1.0000, 137.00
600, 934, 76, 94, 0.7306, 1.0888, 1.0543, 0.2721, 0.4383, 175.67
600, 968, 93, 60, 0.7111, 28.6251, 20.0966, 20.3844, 0.3556, 215.00
600, 970, 42, 28, 0.7667, 0.6257, -0.5981, -0.1835, 0.4600, 214.67
600, 973, 65, 22, 0.6000, 10.5702, -2.6180, 10.2408, 0.1800, 180.33
600, 974, 31, 101, 0.6000, 3.9017, -0.9353, 3.7879, 0.1800, 229.33
600, 955, 61, 159, 0.5000, 77.2659, -1.8205, 77.2445, 0.1500, 218.33
601, 920, 44, 18, 0.7381, 9.2629, -6.5409, -6.5588, 0.5167, 193.57
601, 959, 122, 51, 1.0000, 1.4144, 0.9996, 1.0006, 1.0000, 135.67
601, 928, 68, 86, 0.6806, 14.4669, -10.4657, -9.9880, 0.4083, 121.17
601, 934, 77, 95, 0.7881, 1.2745, 1.0542, 0.7163, 0.5517, 177.00
601, 970, 43, 28, 0.8222, 0.4570, 0.4531, -0.0593, 0.5756, 217.00
601, 973, 53, 28, 0.6556, 12.9498, -10.6170, 7.4146, 0.2622, 184.50
601, 974, 33, 101, 0.7056, 1.6261, 1.2476, 1.0429, 0.2822, 232.75
601, 968, 113, 81, 0.6111, 28.6251, 20.0966, 20.3844, 0.3056, 215.00
602, 959, 123, 52, 1.0000, 1.4096, 0.9967, 0.9968, 1.0000, 134.15
602, 934, 78, 96, 0.8451, 1.4209, 1.0130, 0.9964, 0.6761, 179.50
602, 972, 88, 10, 0.6000, 1.8855, 1.8855, 0.0000, 0.1800, 173.83
602, 973, 45, 30, 0.7111, 9.1591, -8.9040, 2.1463, 0.3556, 197.60
602, 974, 34, 101, 0.7611, 1.3495, 1.3448, -0.1133, 0.3806, 235.40
603, 959, 124, 53, 1.0000, 1.4123, 0.9987, 0.9986, 1.0000, 133.71
603, 963, 48, 40, 0.6000, 4.6605, -4.6604, -0.0243, 0.1800, 200.00
603, 934, 78, 97, 0.9019, 1.0675, 0.2412, 1.0399, 0.8117, 183.22
603, 972, 93, 17, 0.6556, 7.9375, 5.0892, 6.0913, 0.2622, 171.88
603, 973, 15, 47, 0.7667, 30.9638, -27.0734, 15.0262, 0.4600, 200.33
603, 974, 38, 98, 0.8167, 4.2041, 3.3886, -2.4883, 0.4900, 225.17
604, 959, 125, 54, 1.0000, 1.4141, 1.0000, 0.9999, 1.0000, 134.07
604, 963, 39, 37, 0.6556, 9.2217, -8.9395, -2.2639, 0.2622, 203.25
604, 934, 62, 89, 0.9083, 15.7421, -14.3369, -6.5013, 0.9083, 182.00
604, 936, 121, 73, 0.5625, 46.0403, 7.2992, -45.4580, 0.2250, 92.75
604, 972, 115, 40, 0.7111, 29.2043, 19.9463, 21.3315, 0.3556, 163.10
604, 974, 39, 87, 0.8222, 10.2700, 1.8613, -10.0999, 0.5756, 216.86
604, 975, 49, 6, 0.6000, 21.6671, -4.4952, -21.1957, 0.1800, 204.00
604, 978, 91, 60, 0.6000, 29.4902, 17.9106, -23.4282, 0.1800, 210.00
605, 949, 77, 83, 0.6000, 41.3933, -0.9577, -41.3822, 0.1800, 152.33
605, 951, 34, 2, 0.6000, 43.8918, 12.4425, -42.0913, 0.1800, 206.00
605, 959, 126, 55, 1.0000, 1.4145, 1.0002, 1.0002, 1.0000, 133.25
605, 977, 37, 97, 0.6000, 4.0740, 3.6518, 1.8060, 0.1800, 198.33
605, 979, 80, 99, 0.6000, 1.2183, 0.9937, 0.7047, 0.1800, 171.67
605, 981, 90, 11, 0.6000, 29.6024, 25.4865, -15.0579, 0.1800, 186.33
605, 963, 30, 35, 0.5556, 9.2217, -8.9395, -2.2639, 0.2222, 203.25
605, 972, 135, 61, 0.6111, 29.2043, 19.9463, 21.3315, 0.3056, 163.10
605, 974, 41, 77, 0.7222, 10.2700, 1.8613, -10.0999, 0.5056, 216.86
605, 975, 45, -15, 0.5000, 21.6671, -4.4952, -21.1957, 0.1500, 204.00
605, 978, 109, 37, 0.5000, 29.4902, 17.9106, -23.4282, 0.1500, 210.00
606, 949, 73, 20, 0.6556, 59.7384, -4.0379, -59.6017, 0.2622, 162.38
606, 963, 16, 30, 0.7111, 12.2392, -11.6208, -3.8415, 0.3556, 206.60
606, 974, 34, 54, 0.8778, 18.2480, -3.1216, -17.9790, 0.7022, 218.25
606, 977, 38, 97, 0.7056, 1.9177, 1.8387, 0.5446, 0.2822, 212.50
606, 979, 80, 100, 0.7056, 1.1036, 0.2489, 1.0752, 0.2822, 177.25
606, 981, 96, 7, 0.6556, 9.8793, 8.5577, -4.9361, 0.2622, 180.00
606, 951, 47, -40, 0.5000, 43.8918, 12.4425, -42.0913, 0.1500, 206.00
606, 959, 127, 56, 0.9000, 1.4145, 1.0002, 1.0002, 0.9000, 133.25
607, 977, 38, 97, 0.7611, 0.1980, 0.1941, -0.0390, 0.3806, 221.00
607, 979, 81, 101, 0.7611, 1.2890, 0.7233, 1.0670, 0.3806, 178.00
607, 981, 96, 8, 0.7111, 0.5897, 0.5676, 0.1599, 0.3556, 176.00
607, 983, 35, 6, 0.7056, 3.7767, -2.2691, 3.0191, 0.2822, 248.62
607, 949, 68, -40, 0.5556, 59.7384, -4.0379, -59.6017, 0.2222, 162.38
607, 959, 128, 57, 0.8000, 1.4145, 1.0002, 1.0002, 0.8000, 133.25
607, 963, 5, 26, 0.6111, 12.2392, -11.6208, -3.8415, 0.3056, 206.60
608, 977, 39, 97, 0.8167, 0.5781, 0.5703, -0.0943, 0.4900, 226.67
608, 978, 84, 31, 0.6556, 8.0529, -7.5388, -2.8312, 0.2622, 202.50
608, 979, 81, 102, 0.8167, 1.0425, 0.2396, 1.0146, 0.4900, 181.67
608, 983, 33, 9, 0.7611, 3.5436, -2.3673, 2.6368, 0.3806, 249.10
608, 959, 129, 58, 0.7000, 1.4145, 1.0002, 1.0002, 0.7000, 133.25
608, 963, -7, 22, 0.5111, 12.2392, -11.6208, -3.8415, 0.2556, 206.60
608, 981, 96, 8, 0.6111, 0.5897, 0.5676, 0.1599, 0.3056, 176.00
609, 911, 27, 127, 0.6806, 1.9675, -1.4927, -1.2817, 0.4083, 168.67
609, 977, 40, 97, 0.8722, 0.9539, 0.9534, -0.0303, 0.6106, 228.14
609, 978, 62, 27, 0.7111, 21.3296, -21.0526, -3.4261, 0.3556, 201.80
609, 979, 81, 104, 0.8722, 1.7563, -0.0127, 1.7562, 0.6106, 182.14
609, 981, 96, 9, 0.7667, 0.5585, 0.2040, 0.5199, 0.4600, 174.50
609, 983, 31, 11, 0.8167, 2.9664, -2.1008, 2.0944, 0.4900, 249.25
609, 986, 93, 18, 0.6000, 44.4318, 38.3453, -22.4460, 0.1800, 187.33
609, 987, 65, 99, 0.6000, 13.2860, 10.2408, 8.4642, 0.1800, 170.83
609, 959, 130, 59, 0.6000, 1.4145, 1.0002, 1.0002, 0.6000, 133.25
610, 971, 88, 69, 1.0000, 2.8711, 2.0432, -2.0171, 1.0000, 185.36
610, 977, 50, 92, 0.8778, 9.8185, 8.6842, -4.5814, 0.7022, 222.38
610, 979, 81, 106, 0.9278, 2.0488, -0.0398, 2.0484, 0.7422, 182.88
610, 983, 30, 14, 0.8722, 2.9690, -1.2253, 2.7043, 0.6106, 249.79
610, 986, 122, 22, 0.6556, 29.6128, 29.6084, 0.5067, 0.2622, 179.50
610, 959, 131, 60, 0.5000, 1.4145, 1.0002, 1.0002, 0.5000, 133.25
610, 987, 75, 107, 0.5000, 13.2860, 10.2408, 8.4642, 0.1500, 170.83
611, 977, 51, 91, 0.9333, 2.6059, 2.4140, -0.9816, 0.8400, 218.67
611, 979, 80, 106, 0.9833, 0.9435, -0.7656, 0.5514, 0.8850, 179.67
611, 983, 28, 16, 0.9278, 2.8187, -1.6836, 2.2606, 0.7422, 250.06
611, 986, 151, 23, 0.5556, 29.6128, 29.6084, 0.5067, 0.2222, 179.50
612, 977, 50, 92, 0.9889, 1.1470, -1.1089, 0.2935, 0.9889, 214.00
612, 979, 80, 109, 1.0000, 2.1810, -0.3007, 2.1602, 1.0000, 183.40
612, 983, 27, 18, 0.9833, 2.3512, -1.2370, 1.9996, 0.8850, 250.39
612, 991, 51, 24, 0.6000, 30.8479, -29.4197, 9.2775, 0.1800, 170.00
613, 977, 47, 93, 1.0000, 2.5190, -2.3036, 1.0192, 1.0000, 212.27
613, 979, 79, 111, 1.0000, 2.4019, -0.7511, 2.2814, 1.0000, 181.00
613, 983, 25, 20, 1.0000, 2.6227, -1.7412, 1.9612, 1.0000, 250.85
613, 989, 53, 9, 0.6000, 33.2328, -14.0386, -30.1221, 0.1800, 202.67
613, 992, 100, 10, 0.6000, 8.4661, 4.4870, -7.1792, 0.1800, 163.67
613, 993, 43, 98, 0.6000, 2.0713, 1.8236, 0.9822, 0.1800, 234.33
613, 991, 21, 33, 0.5000, 30.8479, -29.4197, 9.2775, 0.1500, 170.00
614, 977, 46, 93, 1.0000, 1.5220, -1.4821, 0.3465, 1.0000, 209.25
614, 979, 79, 113, 1.0000, 2.1083, -0.2638, 2.0917, 1.0000, 182.17
614, 983, 24, 22, 1.0000, 2.3536, -1.2656, 1.9843, 1.0000, 250.95
614, 990, 84, 73, 0.6000, 11.4860, 8.6168, 7.5947, 0.1800, 187.00
614, 992, 103, 8, 0.6556, 4.2326, 3.6336, -2.1707, 0.2622, 162.25
614, 993, 44, 98, 0.7056, 1.3089, 1.2834, 0.2571, 0.2822, 239.50
614, 989, 39, -21, 0.5000, 33.2328, -14.0386, -30.1221, 0.1500, 202.67
615, 979, 78, 115, 1.0000, 2.1251, -0.7308, 1.9954, 1.0000, 184.00
615, 983, 22, 24, 1.0000, 2.6484, -1.7367, 1.9994, 1.0000, 251.29
615, 762, 17, 118, 0.5333, 4.7843, -3.8233, -2.8761, 0.5333, 162.53
615, 992, 104, 9, 0.7111, 1.5176, 1.5100, 0.1515, 0.3556, 159.20
615, 993, 44, 98, 0.7611, 0.2352, 0.2327, -0.0343, 0.3806, 242.60
615, 990, 92, 80, 0.5000, 11.4860, 8.6168, 7.5947, 0.1500, 187.00
616, 979, 77, 117, 1.0000, 2.2214, -0.9992, 1.9840, 1.0000, 182.36
616, 983, 21, 26, 1.0000, 2.3693, -1.2669, 2.0021, 1.0000, 251.58
616, 988, 59, 82, 0.6000, 54.3591, -12.8059, 52.8291, 0.1800, 177.33
616, 991, 1, 21, 0.6556, 8.2877, -7.4637, -3.6027, 0.2622, 181.25
616, 992, 124, 4, 0.7667, 18.1218, 17.6255, -4.2118, 0.4600, 154.17
616, 993, 45, 98, 0.8167, 0.6681, 0.6662, -0.0505, 0.4900, 237.67
617, 965, 49, 16, 0.6000, 84.5234, 43.4875, -72.4779, 0.1800, 180.00
617, 979, 75, 119, 1.0000, 2.6648, -1.7679, 1.9939, 1.0000, 182.60
617, 983, 19, 28, 1.0000, 2.6455, -1.7306, 2.0010, 1.0000, 251.61
617, 991, 1, 20, 0.7111, 1.6587, 0.0728, -1.6571, 0.3556, 187.20
617, 993, 46, 99, 0.8722, 1.2337, 0.9828, 0.7458, 0.6106, 238.86
617, 988, 46, 134, 0.5000, 54.3591, -12.8059, 52.8291, 0.1500, 177.33
618, 979, 73, 120, 1.0000, 2.4201, -2.0556, 1.2773, 1.0000, 181.08
618, 983, 17, 30, 1.0000, 2.8271, -1.9981, 2.0001, 1.0000, 251.83
618, 990, 84, 80, 0.6556, 2.3960, -2.3906, 0.1614, 0.2622, 181.75
618, 993, 46, 99, 0.9278, 0.4128, 0.2859, 0.2978, 0.7422, 239.12
618, 965, 92, -56, 0.5000, 84.5234, 43.4875, -72.4779, 0.1500, 180.00
618, 991, 1, 18, 0.6111, 1.6587, 0.0728, -1.6571, 0.3056, 187.20
619, 979, 72, 124, 1.0000, 3.3969, -1.3426, 3.1204, 1.0000, 181.31
619, 983, 16, 31, 1.0000, 1.8360, -1.3187, 1.2774, 1.0000, 250.31
619, 990, 70, 66, 0.7111, 19.5370, -14.0492, -13.5763, 0.3556, 185.20
619, 993, 47, 100, 0.9833, 1.0472, 0.7205, 0.7599, 0.8850, 240.33
620, 963, 48, 104, 0.9333, 11.7745, 5.7658, 10.2662, 0.8400, 197.56
620, 979, 70, 126, 1.0000, 3.1166, -1.6989, 2.6128, 1.0000, 182.46
620, 983, 14, 34, 1.0000, 2.9426, -1.7012, 2.4011, 1.0000, 250.47
620, 993, 48, 100, 1.0000, 1.0273, 0.9938, 0.2603, 1.0000, 241.60
621, 983, 13, 36, 1.0000, 2.6170, -1.2611, 2.2930, 1.0000, 250.61
621, 946, 66, 34, 0.5625, 62.5771, 52.6526, -33.8171, 0.2250, 196.75
621, 993, 49, 101, 1.0000, 1.2732, 1.0392, 0.7355, 1.0000, 238.45
621, 957, 97, 15, 0.5625, 0.0841, -0.0700, -0.0466, 0.2250, 156.00
621, 998, 71, 35, 0.6000, 1.9180, 1.9174, 0.0469, 0.1800, 243.50
621, 979, 68, 129, 0.9000, 3.1166, -1.6989, 2.6128, 0.9000, 182.46
622, 983, 11, 39, 1.0000, 3.2647, -1.7153, 2.7778, 1.0000, 250.74
622, 946, 100, 16, 0.6222, 41.6019, 36.3010, -20.3214, 0.3111, 188.60
622, 993, 49, 101, 1.0000, 0.3830, 0.2779, 0.2635, 1.0000, 238.25
622, 957, 82, 25, 0.6222, 15.8357, -12.9207, 9.1556, 0.3111, 161.80
622, 998, 72, 36, 0.7056, 1.4782, 1.2739, 0.7500, 0.2822, 246.38
622, 979, 67, 131, 0.8000, 3.1166, -1.6989, 2.6128, 0.8000, 182.46
623, 983, 10, 41, 1.0000, 2.6401, -1.2837, 2.3070, 1.0000, 250.80
623, 946, 117, 6, 0.6806, 22.1935, 19.4483, -10.6919, 0.4083, 184.33
623, 993, 50, 102, 1.0000, 1.0087, 0.6929, 0.7330, 1.0000, 239.54
623, 957, 79, 27, 0.6806, 4.7866, -4.0019, 2.6262, 0.4083, 165.33
623, 998, 73, 36, 0.7611, 1.0167, 0.9804, 0.2695, 0.3806, 242.60
623, 979, 65, 134, 0.7000, 3.1166, -1.6989, 2.6128, 0.7000, 182.46
624, 979, 56, 124, 1.0000, 4.2547, -4.0206, -1.3919, 1.0000, 180.33
624, 983, 8, 43, 1.0000, 2.6466, -1.7161, 2.0148, 1.0000, 250.86
624, 993, 51, 102, 1.0000, 1.0173, 0.9810, 0.2694, 1.0000, 240.50
624, 957, 76, 26, 0.7381, 3.6341, -3.4645, -1.0971, 0.5167, 170.57
624, 998, 75, 37, 0.8167, 1.8769, 1.7170, 0.7579, 0.4900, 244.67
624, 946, 137, -5, 0.5806, 22.1935, 19.4483, -10.6919, 0.3483, 184.33
625, 979, 42, 126, 1.0000, 13.5765, -13.4360, 1.9477, 1.0000, 180.61
625, 983, 7, 45, 1.0000, 2.3421, -1.2875, 1.9565, 1.0000, 250.91
625, 993, 51, 102, 1.0000, 0.3127, 0.3127, 0.0019, 1.0000, 241.33
625, 994, 102, 108, 0.6000, 62.4868, 60.3919, -16.0440, 0.1800, 131.00
625, 996, 62, 117, 0.6000, 45.9109, 45.8742, 1.8364, 0.1800, 147.67
625, 998, 76, 37, 0.8722, 1.3032, 1.2786, 0.2524, 0.6106, 246.14
625, 1000, 75, 31, 0.6000, 72.0915, 31.9837, -64.6083, 0.1800, 177.67
626, 979, 9, 119, 1.0000, 30.0525, -29.4090, -6.1857, 1.0000, 179.25
626, 983, 6, 48, 1.0000, 2.8578, -1.0170, 2.6708, 1.0000, 250.91
626, 993, 50, 97, 1.0000, 4.4383, -0.7400, -4.3762, 1.0000, 236.25
626, 998, 78, 37, 0.9278, 1.7602, 1.7602, -0.0119, 0.7422, 246.38
626, 1003, 84, 27, 0.6000, 0.9822, 0.9822, 0.0000, 0.1800, 180.33
626, 1007, 63, 82, 0.6000, 47.8294, 47.5101, -5.5176, 0.1800, 177.00
626, 994, 162, 92, 0.5000, 62.4868, 60.3919, -16.0440, 0.1500, 131.00
626, 996, 108, 119, 0.5000, 45.9109, 45.8742, 1.8364, 0.1500, 147.67
626, 1000, 107, -34, 0.5000, 72.0915, 31.9837, -64.6083, 0.1500, 177.67
627, 983, 6, 49, 1.0000, 1.6600, -0.2704, 1.6378, 1.0000, 249.81
627, 993, 51, 95, 1.0000, 2.6625, 0.3442, -2.6401, 1.0000, 232.47
627, 995, 18, 125, 0.6000, 46.6812, -38.5393, 26.3412, 0.1800, 167.00
627, 998, 79, 38, 0.9833, 1.4457, 1.2594, 0.7100, 0.8850, 243.39
627, 1003, 85, 28, 0.7056, 1.2624, 1.0119, 0.7548, 0.2822, 180.25
627, 1006, 61, 99, 0.6000, 36.4449, -32.2103, 17.0507, 0.1800, 154.67
627, 1007, 110, 77, 0.5000, 47.8294, 47.5101, -5.5176, 0.1500, 177.00
628, 983, 3, 52, 1.0000, 3.1327, -2.0161, 2.3977, 1.0000, 249.86
628, 998, 81, 38, 1.0000, 1.7623, 1.7389, 0.2861, 1.0000, 244.55
628, 1003, 96, 28, 0.7111, 10.1729, 10.1691, 0.2774, 0.3556, 175.40
628, 1006, 25, 120, 0.6556, 40.7255, -34.8369, 21.0940, 0.2622, 153.75
628, 883, 105, 5, 0.5250, 10.5316, 5.4326, -9.0222, 0.3150, 160.50
628, 1012, 92, 47, 0.6000, 25.5274, 22.4460, 12.1583, 0.1800, 196.33
628, 993, 51, 92, 0.9000, 2.6625, 0.3442, -2.6401, 0.9000, 232.47
628, 995, -20, 152, 0.5000, 46.6812, -38.5393, 26.3412, 0.1500, 167.00
629, 983, 2, 54, 1.0000, 2.7773, -1.6202, 2.2558, 1.0000, 249.79
629, 993, 55, 94, 1.0000, 2.2457, 2.2408, -0.1491, 1.0000, 229.94
629, 998, 82, 39, 1.0000, 1.4692, 1.2613, 0.7535, 1.0000, 245.50
629, 1004, 86, 29, 0.6000, 17.9787, 15.0152, -9.8881, 0.1800, 198.67
629, 1011, 97, 14, 0.6000, 30.7222, 30.5118, 3.5896, 0.1800, 179.00
629, 1003, 106, 28, 0.6111, 10.1729, 10.1691, 0.2774, 0.3056, 175.40
629, 1006, -9, 141, 0.5556, 40.7255, -34.8369, 21.0940, 0.2222, 153.75
629, 1012, 114, 60, 0.5000, 25.5274, 22.4460, 12.1583, 0.1500, 196.33
630, 983, 1, 57, 1.0000, 2.9607, -1.1321, 2.7357, 1.0000, 248.30
630, 993, 56, 94, 1.0000, 1.4672, 1.4624, 0.1192, 1.0000, 226.95
630, 998, 91, 41, 1.0000, 7.8452, 7.6486, 1.7453, 1.0000, 239.71
630, 1004, 92, 16, 0.6556, 14.7445, 7.0671, -12.9404, 0.2622, 212.25
630, 1011, 103, 14, 0.6556, 9.2890, 9.2254, 1.0853, 0.2622, 173.50
630, 1003, 117, 29, 0.5111, 10.1729, 10.1691, 0.2774, 0.2556, 175.40
631, 983, 0, 58, 1.0000, 1.9079, -0.9588, 1.6495, 1.0000, 248.54
631, 993, 58, 92, 1.0000, 2.1981, 1.7248, -1.3627, 1.0000, 224.35
631, 998, 93, 41, 1.0000, 3.0603, 2.9982, 0.6133, 1.0000, 234.81
631, 1004, 95, 2, 0.7111, 13.7036, 2.9076, -13.3916, 0.3556, 202.80
631, 1010, 53, 19, 0.6000, 19.4307, 16.8159, 9.7355, 0.1800, 203.33
631, 1011, 105, 8, 0.7111, 6.2794, 3.1727, -5.4189, 0.3556, 168.80
631, 1013, 85, 39, 0.6000, 0.8246, 0.8240, -0.0305, 0.1800, 238.33
631, 1014, 35, 57, 0.6000, 44.7010, 24.6488, 37.2910, 0.1800, 205.00
632, 983, 0, 60, 1.0000, 1.7190, -0.2866, 1.6950, 1.0000, 248.76
632, 993, 60, 93, 1.0000, 1.9640, 1.9620, 0.0903, 1.0000, 222.71
632, 998, 98, 44, 1.0000, 4.9922, 4.4856, 2.1913, 1.0000, 229.68
632, 1003, 107, 23, 0.7667, 1.7943, 0.4659, -1.7327, 0.4600, 170.33
632, 1010, 65, 16, 0.6556, 12.2797, 12.1897, -1.4846, 0.2622, 199.75
632, 1013, 87, 40, 0.7056, 1.9819, 1.8253, 0.7723, 0.2822, 242.00
632, 1014, 59, 109, 0.6556, 55.1056, 23.8052, 49.6985, 0.2622, 190.00
632, 1015, 91, 35, 0.6000, 18.9544, 13.7941, 12.9997, 0.1800, 200.17
632, 1004, 98, -11, 0.6111, 13.7036, 2.9076, -13.3916, 0.3056, 202.80
632, 1011, 108, 3, 0.6111, 6.2794, 3.1727, -5.4189, 0.3056, 168.80
633, 983, 5, 69, 1.0000, 8.2712, 4.0159, 7.2308, 1.0000, 246.87
633, 926, 87, 111, 0.5400, 21.5858, 19.3035, 9.6603, 0.2700, 156.30
633, 993, 62, 93, 1.0000, 2.0441, 2.0274, 0.2608, 1.0000, 220.00
633, 1009, 21, 65, 0.6000, 56.9695, -14.4869, 55.0967, 0.1800, 205.67
633, 1010, 85, 22, 0.7111, 19.7102, 19.0594, 5.0231, 0.3556, 194.20
633, 1013, 89, 40, 0.7611, 2.1117, 2.0917, 0.2898, 0.3806, 241.40
633, 1017, 61, 33, 0.6000, 3.9349, -2.7588, 2.8058, 0.1800, 216.00
633, 1018, 53, 38, 0.6000, 8.8539, -7.5759, 4.5824, 0.1800, 218.33
633, 998, 102, 46, 0.9000, 4.9922, 4.4856, 2.1913, 0.9000, 229.68
633, 1004, 101, -25, 0.5111, 13.7036, 2.9076, -13.3916, 0.2556, 202.80
633, 1011, 111, -3, 0.5111, 6.2794, 3.1727, -5.4189, 0.2556, 168.80
633, 1014, 83, 159, 0.5556, 55.1056, 23.8052, 49.6985, 0.2222, 190.00
633, 1015, 105, 48, 0.5000, 18.9544, 13.7941, 12.9997, 0.1500, 200.17
634, 983, 18, 71, 1.0000, 11.9149, 11.4165, 3.4100, 1.0000, 245.23
634, 993, 62, 92, 1.0000, 0.8505, 0.5914, -0.6112, 1.0000, 217.54
634, 1009, 15, 126, 0.6556, 60.8209, -7.4865, 60.3584, 0.2622, 200.50
634, 1010, 116, 18, 0.7667, 30.1232, 29.9509, -3.2172, 0.4600, 183.67
634, 1013, 90, 41, 0.8167, 1.5037, 1.2962, 0.7623, 0.4900, 243.17
634, 1017, 61, 33, 0.7056, 1.1147, -0.7906, 0.7858, 0.2822, 212.00
634, 1018, 44, 46, 0.6556, 12.0267, -8.8788, 8.1122, 0.2622, 227.00
634, 982, 72, 39, 0.5625, 39.9540, 33.6691, -21.5108, 0.2250, 198.75
634, 998, 107, 48, 0.8000, 4.9922, 4.4856, 2.1913, 0.8000, 229.68
635, 983, 37, 68, 1.0000, 17.8497, 17.7835, -1.5354, 1.0000, 243.62
635, 926, 118, 103, 0.6000, 15.9701, 15.0286, -5.4024, 0.3600, 143.92
635, 993, 65, 92, 1.0000, 2.1010, 2.0771, -0.3165, 1.0000, 215.48
635, 883, 126, 7, 0.5841, 4.3421, 2.1893, 3.7497, 0.4089, 155.29
635, 1013, 92, 41, 0.8722, 1.7343, 1.7160, 0.2512, 0.6106, 243.43
635, 1015, 94, 37, 0.6556, 3.2563, -2.1578, -2.4388, 0.2622, 192.88
635, 1017, 76, 39, 0.7111, 14.7843, 13.8148, 5.2657, 0.3556, 210.80
635, 1018, 36, 55, 0.7111, 11.9277, -8.3786, 8.4893, 0.3556, 232.30
635, 1019, 20, 107, 0.6000, 1.4186, -1.0420, 0.9626, 0.1800, 173.33
635, 982, 100, 14, 0.6222, 37.1955, 28.2988, -24.1389, 0.3111, 189.40
635, 998, 111, 50, 0.7000, 4.9922, 4.4856, 2.1913, 0.7000, 229.68
635, 1009, 7, 186, 0.5556, 60.8209, -7.4865, 60.3584, 0.2222, 200.50
636, 983, 63, 80, 1.0000, 26.0762, 24.3868, 9.2331, 1.0000, 241.30
636, 926, 121, 101, 0.6587, 4.2627, 3.7881, -1.9547, 0.4611, 135.07
636, 993, 66, 91, 1.0000, 1.7243, 1.5495, -0.7564, 1.0000, 213.46
636, 998, 120, 57, 1.0000, 6.9358, 5.8914, 3.6602, 1.0000, 223.03
636, 883, 127, 27, 0.6424, 20.1551, 1.1041, 20.1248, 0.5139, 153.25
636, 1013, 93, 42, 0.9278, 1.4419, 1.2358, 0.7429, 0.7422, 242.88
636, 1015, 95, 29, 0.7111, 7.6033, 1.5821, -7.4369, 0.3556, 187.10
636, 1017, 81, 41, 0.7667, 5.7055, 5.3823, 1.8932, 0.4600, 210.33
636, 1018, 28, 65, 0.7667, 12.5830, -8.0163, 9.6990, 0.4600, 231.58
636, 1019, 19, 108, 0.7056, 1.4198, -0.9920, 1.0158, 0.2822, 178.25
636, 982, 113, 5, 0.6806, 17.8898, 14.3864, -10.6338, 0.4083, 183.50
636, 635, 87, 14, 0.5281, 3.0006, -3.0006, -0.0023, 0.5281, 163.88
636, 1021, 14, 81, 0.6000, 5.9250, -5.2592, -2.7289, 0.1800, 181.33
637, 993, 68, 91, 1.0000, 1.8085, 1.7854, -0.2881, 1.0000, 211.79
637, 998, 124, 81, 1.0000, 23.0045, 4.3909, 22.5816, 1.0000, 224.72
637, 1013, 95, 42, 0.9833, 1.7586, 1.7398, 0.2566, 0.8850, 243.89
637, 1018, 29, 95, 0.8222, 28.4404, -0.3121, 28.4387, 0.5756, 222.36
637, 1019, 17, 108, 0.7611, 1.7719, -1.7545, 0.2478, 0.3806, 176.90
637, 984, 87, 124, 0.5625, 1.9863, 0.8883, 1.7766, 0.2250, 151.83
637, 883, 128, 47, 0.5424, 20.1551, 1.1041, 20.1248, 0.4339, 153.25
637, 1017, 86, 43, 0.6667, 5.7055, 5.3823, 1.8932, 0.4000, 210.33
637, 982, 127, -5, 0.5806, 17.8898, 14.3864, -10.6338, 0.3483, 183.50
637, 1021, 8, 78, 0.5000, 5.9250, -5.2592, -2.7289, 0.1500, 181.33
638, 926, 122, 101, 0.7741, 0.5454, 0.5453, 0.0044, 0.6967, 124.28
638, 993, 71, 90, 1.0000, 2.7849, 2.6902, -0.7201, 1.0000, 209.94
638, 1013, 97, 42, 1.0000, 2.0090, 2.0089, -0.0072, 1.0000, 245.00
638, 1019, 16, 109, 0.8167, 1.4719, -1.2890, 0.7108, 0.4900, 180.92
638, 1021, 9, 81, 0.6556, 2.0260, -2.0223, 0.1222, 0.2622, 199.25
638, 984, 90, 126, 0.6722, 3.2527, 2.5310, 2.0430, 0.3361, 153.37
639, 993, 73, 90, 1.0000, 2.3626, 2.3461, -0.2784, 1.0000, 208.16
639, 1013, 98, 43, 1.0000, 1.4767, 1.2992, 0.7021, 1.0000, 242.73
639, 954, 108, 85, 0.5625, 46.3894, 36.3123, -28.8686, 0.2250, 130.75
639, 1019, 14, 110, 0.8722, 2.0250, -1.7621, 0.9978, 0.6106, 178.93
639, 1021, 2, 89, 0.7111, 9.7513, -6.5355, 7.2371, 0.3556, 204.50
639, 1022, 7, 107, 0.6000, 1.8924, 1.8922, 0.0305, 0.1800, 178.00
639, 984, 91, 125, 0.7306, 1.5964, 1.5774, -0.2455, 0.4383, 165.31
639, 1026, 113, 11, 0.6000, 32.6598, 9.1186, -31.3610, 0.1800, 159.00
640, 993, 73, 90, 1.0000, 0.6342, 0.6341, -0.0105, 1.0000, 206.53
640, 1013, 100, 43, 1.0000, 1.7346, 1.7102, 0.2900, 1.0000, 241.75
640, 1019, 13, 109, 0.9278, 1.3402, -1.2548, -0.4707, 0.7422, 178.12
640, 1022, 8, 107, 0.7056, 1.2818, 1.2817, -0.0104, 0.2822, 173.25
640, 984, 93, 126, 0.7881, 1.8006, 1.7615, 0.3732, 0.5517, 173.55
640, 1021, -5, 96, 0.6111, 9.7513, -6.5355, 7.2371, 0.3056, 204.50
640, 1026, 122, -21, 0.5000, 32.6598, 9.1186, -31.3610, 0.1500, 159.00
641, 1013, 101, 44, 1.0000, 1.4579, 1.2507, 0.7492, 1.0000, 240.62
641, 1019, 12, 111, 0.9833, 1.5328, -0.9888, 1.1712, 0.8850, 177.22
641, 1021, 8, 108, 0.7667, 10.9140, 4.6080, 9.8935, 0.4600, 200.08
641, 1022, 25, 102, 0.7111, 16.1463, 15.4815, -4.5855, 0.3556, 171.60
641, 984, 94, 127, 0.8451, 1.5308, 1.2066, 0.9420, 0.6761, 177.10
641, 985, 41, 1, 0.5625, 33.2534, -32.9459, -4.5114, 0.2250, 192.25
641, 993, 74, 90, 0.9000, 0.6342, 0.6341, -0.0105, 0.9000, 206.53
642, 993, 77, 89, 1.0000, 1.9339, 1.8693, -0.4956, 1.0000, 205.48
642, 1013, 87, 32, 1.0000, 15.7158, -12.1574, -9.9591, 1.0000, 236.86
642, 1019, 12, 112, 1.0000, 1.3034, -0.2102, 1.2863, 1.0000, 177.00
642, 1022, 60, 88, 0.7667, 34.7730, 32.4687, -12.4476, 0.4600, 171.83
642, 984, 96, 127, 0.9019, 1.7585, 1.7318, 0.3054, 0.8117, 184.31
642, 985, 9, 3, 0.6222, 32.5049, -32.4925, 0.8998, 0.3111, 197.00
643, 976, 16, 63, 0.5625, 23.9832, -23.5161, 4.7104, 0.2250, 197.75
643, 1019, 11, 112, 1.0000, 0.7645, -0.6810, 0.3473, 1.0000, 176.86
643, 1020, 25, 51, 0.6000, 5.5504, 0.0162, 5.5504, 0.1800, 197.00
643, 1022, 99, 79, 0.8222, 39.5460, 38.4049, -9.4314, 0.5756, 163.00
643, 1032, 100, 47, 0.6000, 52.4723, 49.7151, -16.7853, 0.1800, 206.00
643, 993, 79, 89, 0.9000, 1.9339, 1.8693, -0.4956, 0.9000, 205.48
643, 984, 98, 127, 0.8019, 1.7585, 1.7318, 0.3054, 0.7217, 184.31
643, 985, -24, 4, 0.5222, 32.5049, -32.4925, 0.8998, 0.2611, 197.00
644, 993, 91, 78, 1.0000, 10.1784, 7.9283, -6.3829, 1.0000, 203.69
644, 976, 3, 78, 0.6222, 20.7131, -15.0657, 14.2147, 0.3111, 193.20
644, 1019, 13, 109, 1.0000, 3.2492, 1.2297, -3.0075, 1.0000, 179.54
644, 1020, 7, 66, 0.6556, 21.0583, -15.9260, 13.7773, 0.2622, 197.00
644, 984, 104, 118, 0.9583, 6.6481, 4.2949, -5.0745, 0.9583, 176.88
644, 1035, 29, 3, 0.6000, 2.0938, 0.9937, 1.8430, 0.1800, 216.33
644, 1032, 150, 30, 0.5000, 52.4723, 49.7151, -16.7853, 0.1500, 206.00
645, 993, 97, 64, 1.0000, 13.6667, 6.2501, -12.1538, 1.0000, 202.42
645, 980, 106, 119, 0.5625, 10.2094, -8.4860, 5.6763, 0.2250, 89.75
645, 1019, 30, 96, 1.0000, 19.2110, 15.3159, -11.5968, 1.0000, 178.96
645, 1020, 7, 88, 0.7111, 21.9241, -1.2743, 21.8870, 0.3556, 191.80
645, 1029, 73, 5, 0.6000, 67.9806, -0.0350, -67.9806, 0.1800, 202.33
645, 976, -13, 93, 0.5222, 20.7131, -15.0657, 14.2147, 0.2611, 193.20
645, 984, 108, 113, 0.8583, 6.6481, 4.2949, -5.0745, 0.8583, 176.88
645, 1035, 30, 5, 0.5000, 2.0938, 0.9937, 1.8430, 0.1500, 216.33
646, 969, 82, 33, 0.5625, 80.8926, 77.2102, 24.1289, 0.2250, 205.75
646, 1008, 100, 3, 0.7056, 0.0060, -0.0036, 0.0048, 0.2822, 156.75
646, 980, 81, 114, 0.6222, 23.0392, -22.8516, -2.9337, 0.3111, 96.20
646, 958, 120, 3, 0.5000, 27.9195, 20.7575, -18.6714, 0.4500, 184.44
646, 966, 8, 71, 0.5400, 28.5420, -20.5755, -19.7811, 0.2700, 170.40
646, 1042, 26, 44, 0.6000, 45.4556, 21.2761, 40.1689, 0.1800, 212.33
646, 1047, 33, 95, 0.6000, 21.3394, 5.6584, -20.5755, 0.1800, 161.67
646, 993, 104, 52, 0.9000, 13.6667, 6.2501, -12.1538, 0.9000, 202.42
646, 1020, 6, 110, 0.6111, 21.9241, -1.2743, 21.8870, 0.3056, 191.80
646, 984, 112, 108, 0.7583, 6.6481, 4.2949, -5.0745, 0.7583, 176.88
646, 1029, 73, -63, 0.5000, 67.9806, -0.0350, -67.9806, 0.1500, 202.33
647, 993, 112, 47, 1.0000, 11.2376, 7.3589, -8.4929, 1.0000, 203.47
647, 984, 123, 86, 0.9646, 13.9421, 6.8829, -12.1247, 0.9646, 168.80
647, 1035, 51, 15, 0.6556, 9.7784, 8.6799, 4.5029, 0.2622, 210.75
647, 1037, 121, 11, 0.6000, 42.7511, 42.6043, -3.5402, 0.1800, 170.00
647, 1042, 35, 93, 0.6556, 48.6603, 10.5769, 47.4968, 0.2622, 202.25
647, 1047, 28, 72, 0.6556, 22.5627, -2.9618, -22.3674, 0.2622, 169.25
647, 1008, 100, 3, 0.6056, 0.0060, -0.0036, 0.0048, 0.2422, 156.75
647, 980, 59, 112, 0.5222, 23.0392, -22.8516, -2.9337, 0.2611, 96.20
648, 993, 115, 46, 1.0000, 4.2833, 3.6439, -2.2514, 1.0000, 203.16
648, 1008, 98, 5, 0.7611, 1.5643, -1.1060, 1.1063, 0.3806, 176.00
648, 976, 0, 127, 0.6806, 12.1039, 3.6417, 11.5430, 0.4083, 187.00
648, 980, 31, 118, 0.6806, 25.5709, -25.4706, 2.2629, 0.4083, 105.83
648, 984, 127, 74, 1.0000, 13.0746, 4.6126, -12.2339, 1.0000, 162.49
648, 1035, 74, 36, 0.7111, 29.6884, 22.2289, 19.6793, 0.3556, 208.40
648, 1047, 27, 69, 0.7111, 5.8195, -1.8306, -5.5240, 0.3556, 175.80
648, 1048, 95, 126, 0.6000, 62.3689, 61.8604, 7.9484, 0.1800, 129.67
648, 1037, 163, 8, 0.5000, 42.7511, 42.6043, -3.5402, 0.1500, 170.00
648, 1042, 45, 140, 0.5556, 48.6603, 10.5769, 47.4968, 0.2222, 202.25
649, 993, 116, 47, 1.0000, 1.5857, 1.1646, 1.0762, 1.0000, 203.01
649, 1008, 99, 4, 0.8167, 0.6786, 0.4798, -0.4798, 0.4900, 179.58
649, 980, 1, 119, 0.7381, 29.9896, -29.9485, 1.5705, 0.5167, 112.00
649, 1023, 21, 91, 0.6000, 27.5308, -1.8890, -27.4660, 0.1800, 172.33
649, 1025, 80, 10, 0.6000, 11.7985, -5.6560, -10.3545, 0.1800, 171.67
649, 1031, 48, 54, 0.6000, 50.3245, 37.4227, 33.6466, 0.1800, 212.33
649, 1041, 11, 88, 0.6000, 33.0884, 9.9043, 31.5713, 0.1800, 214.75
649, 1046, 20, 109, 0.6000, 0.8934, 0.8850, -0.1221, 0.1800, 168.00
649, 1047, 27, 71, 0.7667, 1.1825, -0.2665, 1.1520, 0.4600, 178.00
649, 1053, 38, 94, 0.6000, 48.0520, -47.6040, 6.5468, 0.1800, 169.83
649, 1048, 157, 134, 0.5000, 62.3689, 61.8604, 7.9484, 0.1500, 129.67
650, 993, 117, 48, 1.0000, 1.5995, 1.3463, 0.8637, 1.0000, 203.21
650, 1008, 101, 5, 0.8722, 1.9194, 1.8700, 0.4328, 0.6106, 188.64
650, 1023, 12, 54, 0.6556, 36.6533, -8.1006, -35.7470, 0.2622, 179.00
650, 1031, 90, 86, 0.6556, 53.0269, 41.9011, 32.4984, 0.2622, 198.75
650, 1041, 9, 116, 0.6556, 28.0343, -0.7282, 28.0249, 0.2622, 199.56
650, 1044, 93, 39, 0.6000, 26.0389, -3.5018, 25.8023, 0.1800, 193.00
650, 1046, 12, 99, 0.6556, 10.6211, -6.5768, -8.3399, 0.2622, 166.75
650, 980, -29, 121, 0.6381, 29.9896, -29.9485, 1.5705, 0.4467, 112.00
650, 1025, 75, -1, 0.5000, 11.7985, -5.6560, -10.3545, 0.1500, 171.67
650, 1053, -9, 100, 0.5000, 48.0520, -47.6040, 6.5468, 0.1500, 169.83
651, 993, 119, 49, 1.0000, 2.0517, 1.8323, 0.9232, 1.0000, 203.61
651, 1008, 102, 5, 0.9278, 1.4208, 1.4019, 0.2311, 0.7422, 196.56
651, 1023, 12, 10, 0.7111, 43.1349, -1.1974, -43.1183, 0.3556, 186.60
651, 1036, 87, 38, 0.6000, 63.2763, 62.8457, 7.3692, 0.1800, 223.00
651, 1044, 99, 75, 0.6556, 34.3132, 4.1838, 34.0572, 0.2622, 172.75
651, 980, -59, 122, 0.5381, 29.9896, -29.9485, 1.5705, 0.3767, 112.00
651, 1031, 132, 119, 0.5556, 53.0269, 41.9011, 32.4984, 0.2222, 198.75
651, 1041, 8, 144, 0.5556, 28.0343, -0.7282, 28.0249, 0.2222, 199.56
651, 1046, 6, 91, 0.5556, 10.6211, -6.5768, -8.3399, 0.2222, 166.75
652, 993, 121, 49, 1.0000, 2.0513, 2.0308, 0.2897, 1.0000, 204.04
652, 1008, 104, 5, 0.9833, 1.7890, 1.7888, 0.0261, 0.8850, 201.83
652, 1036, 129, 45, 0.6556, 44.9492, 44.4386, 6.7555, 0.2622, 196.25
652, 1044, 96, 88, 0.7111, 16.1353, -1.8050, 16.0340, 0.3556, 166.00
652, 1046, 11, 97, 0.7111, 0.0892, -0.0276, 0.0848, 0.3556, 167.40
652, 1023, 10, -33, 0.6111, 43.1349, -1.1974, -43.1183, 0.3056, 186.60
653, 993, 123, 50, 1.0000, 2.1524, 2.0426, 0.6785, 1.0000, 204.35
653, 1008, 106, 5, 1.0000, 2.0049, 2.0047, -0.0234, 1.0000, 200.80
653, 1016, 2, 43, 0.6000, 31.9352, -31.8044, -2.8870, 0.1800, 203.33
653, 1050, 19, 106, 0.6000, 24.0566, -16.5273, -17.4805, 0.1800, 148.00
653, 999, 23, 89, 0.5625, 30.9052, -27.8196, 13.4611, 0.2250, 196.75
653, 1023, 9, -76, 0.5111, 43.1349, -1.1974, -43.1183, 0.2556, 186.60
653, 1036, 174, 52, 0.5556, 44.9492, 44.4386, 6.7555, 0.2222, 196.25
654, 993, 125, 50, 1.0000, 2.0330, 2.0149, 0.2708, 1.0000, 203.20
654, 1008, 110, 6, 1.0000, 3.6127, 3.5364, 0.7387, 1.0000, 196.18
654, 1050, 19, 90, 0.6556, 16.8266, -2.6824, -16.6114, 0.2622, 164.50
654, 1052, 45, 73, 0.6000, 34.0564, -33.4660, -6.3143, 0.1800, 172.67
654, 1002, 86, 15, 0.5625, 1.9174, 1.9174, 0.0000, 0.2250, 187.50
654, 1054, 89, 30, 0.6000, 2.8589, 0.1877, -2.8527, 0.1800, 210.22
654, 1016, -30, 40, 0.5000, 31.9352, -31.8044, -2.8870, 0.1500, 203.33
655, 993, 127, 51, 1.0000, 2.1224, 1.9999, 0.7107, 1.0000, 203.00
655, 1008, 112, 13, 1.0000, 6.8023, 2.6146, 6.2797, 1.0000, 191.50
655, 1025, 43, 12, 0.6556, 7.5993, -6.4115, 4.0795, 0.2622, 177.25
655, 1027, 95, 15, 0.6000, 47.9640, 22.9594, -42.1119, 0.1800, 185.00
655, 1002, 87, 15, 0.6722, 1.2739, 1.2739, 0.0000, 0.3361, 183.20
655, 1054, 87, 26, 0.7056, 4.0960, -1.5287, -3.8001, 0.2822, 214.54
655, 1050, 16, 73, 0.5556, 16.8266, -2.6824, -16.6114, 0.2222, 164.50
655, 1052, 12, 66, 0.5000, 34.0564, -33.4660, -6.3143, 0.1500, 172.67
656, 1008, 112, 15, 1.0000, 2.4971, 0.5334, 2.4394, 1.0000, 187.54
656, 1024, 18, 10, 0.6000, 6.7728, 6.7038, -0.9642, 0.1800, 233.79
656, 1025, 29, 2, 0.7111, 16.6423, -13.9719, -9.0417, 0.3556, 186.00
656, 1049, 79, 111, 0.6000, 31.8306, 28.0963, -14.9594, 0.1800, 151.67
656, 1050, 20, 49, 0.7111, 20.8525, 1.0429, -20.8264, 0.3556, 176.90
656, 1052, 26, 65, 0.6556, 7.3312, -6.3985, -3.5785, 0.2622, 175.00
656, 1002, 88, 15, 0.7306, 0.9804, 0.9804, 0.0000, 0.4383, 182.33
656, 1054, 87, 23, 0.7611, 3.3649, -0.5865, -3.3134, 0.3806, 221.53
656, 1058, 126, 72, 0.6000, 52.6872, 15.0110, 50.5036, 0.1800, 129.67
656, 993, 129, 52, 0.9000, 2.1224, 1.9999, 0.7107, 0.9000, 203.00
656, 1027, 118, -27, 0.5000, 47.9640, 22.9594, -42.1119, 0.1500, 185.00
657, 1008, 112, 14, 1.0000, 0.1838, -0.1779, 0.0464, 1.0000, 184.14
657, 1024, 25, 10, 0.6556, 7.1423, 7.1375, -0.2618, 0.2622, 237.81
657, 1030, 105, 80, 0.6000, 46.6004, 46.1112, -6.7340, 0.1800, 156.67
657, 1052, 23, 50, 0.7111, 14.2926, -3.0702, -13.9589, 0.3556, 190.40
657, 1002, 95, 13, 0.7381, 6.4862, 6.3034, -1.5288, 0.5167, 178.57
657, 1054, 86, 21, 0.8167, 2.3658, -0.7653, -2.2385, 0.4900, 222.53
657, 1059, 122, 28, 0.6000, 0.9822, 0.9822, 0.0000, 0.1800, 130.00
657, 1060, 94, 109, 0.6000, 1.9649, 1.9644, 0.0469, 0.1800, 111.83
657, 993, 131, 52, 0.8000, 2.1224, 1.9999, 0.7107, 0.8000, 203.00
657, 1049, 107, 96, 0.5000, 31.8306, 28.0963, -14.9594, 0.1500, 151.67
657, 1058, 141, 122, 0.5000, 52.6872, 15.0110, 50.5036, 0.1500, 129.67
658, 1008, 115, 19, 1.0000, 4.5978, 2.0740, 4.1034, 1.0000, 182.33
658, 1024, 31, 10, 0.7111, 6.3254, 6.3253, 0.0287, 0.3556, 240.88
658, 1049, 90, 105, 0.6556, 2.8740, 2.4673, -1.4739, 0.2622, 142.25
658, 1050, 45, 8, 0.8222, 24.8771, 9.3393, -23.0576, 0.5756, 182.79
658, 1002, 97, 13, 0.8451, 2.3368, 2.2628, -0.5834, 0.6761, 176.62
658, 1054, 86, 18, 0.8722, 2.6718, -0.2067, -2.6638, 0.6106, 227.17
658, 1059, 124, 28, 0.7056, 1.7667, 1.7667, 0.0000, 0.2822, 128.50
658, 1060, 94, 109, 0.7056, 0.5143, 0.5143, -0.0048, 0.2822, 112.38
658, 993, 133, 53, 0.7000, 2.1224, 1.9999, 0.7107, 0.7000, 203.00
658, 1030, 151, 74, 0.5000, 46.6004, 46.1112, -6.7340, 0.1500, 156.67
659, 1024, 38, 9, 0.7667, 6.7607, 6.7227, -0.7154, 0.4600, 243.03
659, 1038, 75, 40, 0.6000, 13.3528, -0.9524, 13.3188, 0.1800, 187.00
659, 1045, 33, 104, 0.6000, 3.7827, 3.7826, 0.0228, 0.1800, 166.00
659, 1002, 96, 12, 0.9019, 0.7658, -0.0552, -0.7638, 0.8117, 175.11
659, 1054, 85, 15, 0.9278, 3.0710, -0.7313, -2.9827, 0.7422, 230.40
659, 1059, 125, 28, 0.7611, 1.2842, 1.2842, 0.0000, 0.3806, 127.60
659, 1060, 96, 110, 0.7611, 1.6427, 1.4586, 0.7556, 0.3806, 110.70
659, 993, 135, 54, 0.6000, 2.1224, 1.9999, 0.7107, 0.6000, 203.00
659, 1008, 117, 23, 0.9000, 4.5978, 2.0740, 4.1034, 0.9000, 182.33
659, 1049, 92, 104, 0.5556, 2.8740, 2.4673, -1.4739, 0.2222, 142.25
660, 1008, 126, 28, 1.0000, 7.5169, 6.0619, 4.4450, 1.0000, 178.19
660, 1024, 45, 9, 0.8222, 6.9978, 6.9924, -0.2772, 0.5756, 244.26
660, 1039, 32, 25, 0.6000, 16.4310, 9.5605, -13.3632, 0.1800, 204.67
660, 1045, 36, 108, 0.7056, 5.0394, 3.3424, 3.7714, 0.2822, 165.25
660, 1002, 96, 12, 0.9583, 0.4075, -0.3512, -0.2066, 0.9583, 175.40
660, 1054, 85, 12, 0.9833, 3.0526, -0.2492, -3.0424, 0.8850, 232.91
660, 1059, 118, 20, 0.7667, 9.0519, -5.8829, -6.8796, 0.4600, 128.50
660, 1060, 89, 120, 0.7667, 11.0120, -5.6340, 9.4616, 0.4600, 110.25
660, 1063, 32, 45, 0.6000, 3.0615, 2.8996, -0.9822, 0.1800, 251.67
660, 993, 137, 54, 0.5000, 2.1224, 1.9999, 0.7107, 0.5000, 203.00
660, 1038, 74, 54, 0.5000, 13.3528, -0.9524, 13.3188, 0.1500, 187.00
661, 1024, 51, 9, 0.8778, 6.2736, 6.2736, -0.0015, 0.7022, 245.16
661, 1028, 3, 50, 0.6000, 14.0707, -3.8672, -13.5289, 0.1800, 187.00
661, 1002, 96, 12, 1.0000, 0.1302, -0.1261, 0.0325, 1.0000, 173.82
661, 1054, 83, 8, 1.0000, 4.0698, -1.5103, -3.7792, 1.0000, 230.77
661, 1063, 35, 44, 0.7056, 3.2045, 3.0405, -1.0119, 0.2822, 252.00
661, 1008, 132, 32, 0.9000, 7.5169, 6.0619, 4.4450, 0.9000, 178.19
661, 1039, 41, 11, 0.5000, 16.4310, 9.5605, -13.3632, 0.1500, 204.67
661, 1045, 39, 112, 0.6056, 5.0394, 3.3424, 3.7714, 0.2422, 165.25
662, 1024, 59, 8, 0.9333, 7.5225, 7.4876, -0.7241, 0.8400, 244.60
662, 1028, 0, 29, 0.6556, 20.5228, -3.3085, -20.2544, 0.2622, 192.00
662, 1039, 65, 29, 0.6556, 18.2285, 17.7965, 3.9449, 0.2622, 201.50
662, 1002, 96, 12, 1.0000, 0.0427, 0.0031, 0.0426, 1.0000, 172.58
662, 1054, 83, 7, 1.0000, 1.8688, -0.5521, -1.7854, 1.0000, 232.88
662, 1063, 38, 44, 0.7611, 3.0378, 3.0281, -0.2432, 0.3806, 252.20
662, 1008, 138, 37, 0.8000, 7.5169, 6.0619, 4.4450, 0.8000, 178.19
662, 1045, 43, 116, 0.5056, 5.0394, 3.3424, 3.7714, 0.2022, 165.25
663, 1008, 127, 31, 1.0000, 0.8501, -0.8146, 0.2432, 1.0000, 173.82
663, 1024, 67, 8, 0.9889, 8.0609, 8.0562, -0.2764, 0.9889, 244.96
663, 1045, 50, 127, 0.7111, 8.3919, 4.9444, 6.7806, 0.3556, 160.60
663, 1002, 97, 12, 1.0000, 0.7836, 0.7835, 0.0115, 1.0000, 171.15
663, 1054, 83, 4, 1.0000, 2.4059, 0.0036, -2.4059, 1.0000, 234.39
663, 1055, 46, 9, 0.6000, 51.6098, 32.5904, -40.0179, 0.1800, 198.00
663, 1063, 40, 43, 0.8167, 2.3501, 2.2404, -0.7097, 0.4900, 252.67
663, 1028, -3, 9, 0.5556, 20.5228, -3.3085, -20.2544, 0.2222, 192.00
663, 1039, 83, 33, 0.5556, 18.2285, 17.7965, 3.9449, 0.2222, 201.50
664, 1024, 74, 8, 1.0000, 7.3323, 7.3323, 0.0001, 1.0000, 245.00
664, 1045, 79, 120, 0.7667, 28.4777, 27.8432, -5.9780, 0.4600, 167.67
664, 1002, 97, 12, 1.0000, 0.2988, 0.2988, -0.0018, 1.0000, 169.93
664, 1054, 82, 1, 1.0000, 3.0160, -0.6644, -2.9419, 1.0000, 235.74
664, 1063, 43, 42, 0.8722, 2.8821, 2.7038, -0.9980, 0.6106, 253.00
664, 1066, 89, 102, 0.6000, 60.6276, 54.0488, 27.4669, 0.1800, 167.33
664, 1067, 64, 8, 0.6000, 30.7312, -29.9080, -7.0652, 0.1800, 181.33
664, 1070, 9, 43, 0.6000, 30.2350, 8.4173, 29.0397, 0.1800, 213.00
664, 1055, 78, -31, 0.5000, 51.6098, 32.5904, -40.0179, 0.1500, 198.00
665, 1024, 81, 8, 1.0000, 6.9746, 6.9745, 0.0402, 1.0000, 244.35
665, 1028, 13, 0, 0.7111, 9.5128, 6.1518, -7.2559, 0.3556, 196.20
665, 1040, 39, 48, 0.6000, 16.4633, 15.4152, -5.7802, 0.1800, 194.67
665, 1002, 97, 12, 1.0000, 0.0024, -0.0002, -0.0024, 1.0000, 169.67
665, 1001, 1, 14, 0.5625, 0.0436, -0.0405, 0.0162, 0.2250, 234.00
665, 1063, 49, 41, 0.9278, 5.3651, 5.2630, -1.0414, 0.7422, 246.75
665, 1067, 24, 3, 0.6556, 39.5452, -39.1922, -5.2718, 0.2622, 194.00
665, 1068, 7, 12, 0.6000, 33.5852, -31.8922, -10.5290, 0.1800, 206.00
665, 1070, 34, 55, 0.6556, 27.8222, 23.4910, 14.9080, 0.2622, 210.00
665, 1054, 81, -2, 0.9000, 3.0160, -0.6644, -2.9419, 0.9000, 235.74
665, 1066, 143, 130, 0.5000, 60.6276, 54.0488, 27.4669, 0.1500, 167.33
666, 1024, 89, 8, 1.0000, 7.6977, 7.6977, 0.0156, 1.0000, 243.70
666, 1034, 38, 24, 0.6000, 19.9497, -7.7419, -18.3863, 0.1800, 219.33
666, 1040, 63, 17, 0.6556, 35.7849, 22.3090, -27.9798, 0.2622, 199.75
666, 1002, 97, 12, 1.0000, 0.0435, -0.0435, -0.0006, 1.0000, 169.25
666, 1001, 19, 5, 0.6222, 17.6503, 15.9362, -7.5874, 0.3111, 230.20
666, 1063, 50, 41, 0.9833, 1.7028, 1.6821, -0.2649, 0.8850, 247.44
666, 1067, -1, 12, 0.7111, 27.7693, -26.5475, 8.1467, 0.3556, 204.40
666, 1054, 81, -5, 0.8000, 3.0160, -0.6644, -2.9419, 0.8000, 235.74
666, 1068, -25, 2, 0.5000, 33.5852, -31.8922, -10.5290, 0.1500, 206.00
666, 1070, 58, 70, 0.5556, 27.8222, 23.4910, 14.9080, 0.2222, 210.00
667, 1024, 98, 8, 1.0000, 8.7828, 8.7828, 0.0003, 1.0000, 242.51
667, 1034, 6, 14, 0.6556, 31.2317, -29.2318, -10.9965, 0.2622, 220.00
667, 1001, 24, 4, 0.6806, 6.1998, 5.8594, -2.0263, 0.4083, 227.67
667, 1063, 52, 41, 1.0000, 2.1376, 2.1371, 0.0481, 1.0000, 248.20
667, 1070, 78, 91, 0.7111, 28.1864, 21.6154, 18.0901, 0.3556, 200.00
667, 1040, 85, -11, 0.5556, 35.7849, 22.3090, -27.9798, 0.2222, 199.75
667, 1002, 97, 12, 0.9000, 0.0435, -0.0435, -0.0006, 0.9000, 169.25
667, 1054, 80, -8, 0.7000, 3.0160, -0.6644, -2.9419, 0.7000, 235.74
668, 1024, 121, 6, 1.0000, 21.8655, 21.8142, -1.4973, 1.0000, 235.81
668, 1040, 116, -2, 0.7111, 27.7580, 27.0318, -6.3078, 0.3556, 188.20
668, 1002, 106, 7, 1.0000, 5.6541, 4.9426, -2.7458, 1.0000, 173.56
668, 1001, 39, 20, 0.7381, 20.1732, 14.4349, 14.0922, 0.5167, 225.71
668, 1063, 55, 40, 1.0000, 2.9276, 2.8465, -0.6842, 1.0000, 246.27
668, 1074, 103, 52, 0.6000, 53.1400, 33.6221, 41.1511, 0.1800, 174.67
668, 1034, -24, 3, 0.5556, 31.2317, -29.2318, -10.9965, 0.2222, 220.00
668, 1054, 79, -11, 0.6000, 3.0160, -0.6644, -2.9419, 0.6000, 235.74
669, 1002, 115, 6, 1.0000, 9.2735, 9.1422, -1.5552, 1.0000, 177.46
669, 1063, 57, 40, 1.0000, 2.3456, 2.3277, -0.2889, 1.0000, 247.00
669, 1069, 74, 45, 0.6000, 72.1028, 51.4183, -50.5467, 0.1800, 177.00
669, 1079, 6, 120, 0.6000, 1.9180, 1.9174, 0.0469, 0.1800, 166.50
669, 1080, 82, 121, 0.6000, 31.7185, -31.7047, -0.9353, 0.1800, 101.00
669, 1024, 143, 5, 0.9000, 21.8655, 21.8142, -1.4973, 0.9000, 235.81
669, 1054, 79, -14, 0.5000, 3.0160, -0.6644, -2.9419, 0.5000, 235.74
669, 1001, 54, 34, 0.6381, 20.1732, 14.4349, 14.0922, 0.4467, 225.71
669, 1074, 137, 93, 0.5000, 53.1400, 33.6221, 41.1511, 0.1500, 174.67
670, 1002, 125, 6, 1.0000, 9.6409, 9.6388, -0.2026, 1.0000, 181.38
670, 1063, 60, 40, 1.0000, 2.7430, 2.7430, -0.0164, 1.0000, 247.46
670, 1080, 57, 109, 0.6556, 27.7226, -25.5202, -10.8288, 0.2622, 114.25
670, 1083, 52, 110, 0.6000, 1.0291, 1.0291, 0.0000, 0.1800, 164.00
670, 1024, 165, 3, 0.8000, 21.8655, 21.8142, -1.4973, 0.8000, 235.81
670, 1069, 125, -6, 0.5000, 72.1028, 51.4183, -50.5467, 0.1500, 177.00
670, 1079, 8, 120, 0.5000, 1.9180, 1.9174, 0.0469, 0.1500, 166.50
671, 1063, 63, 40, 1.0000, 2.9947, 2.9945, 0.0374, 1.0000, 248.00
671, 1079, 7, 104, 0.6556, 9.2028, 0.4219, -9.1931, 0.2622, 167.62
671, 1080, 14, 101, 0.7111, 41.9672, -41.1099, -8.4390, 0.3556, 122.80
671, 1024, 187, 2, 0.7000, 21.8655, 21.8142, -1.4973, 0.7000, 235.81
671, 1002, 135, 6, 0.9000, 9.6409, 9.6388, -0.2026, 0.9000, 181.38
671, 1083, 53, 110, 0.5000, 1.0291, 1.0291, 0.0000, 0.1500, 164.00
672, 1063, 66, 40, 1.0000, 3.0375, 3.0374, 0.0185, 1.0000, 248.47
672, 1079, 6, 99, 0.7111, 4.8867, -0.7740, -4.8250, 0.3556, 166.90
672, 1083, 56, 110, 0.7056, 2.0774, 2.0774, 0.0000, 0.2822, 161.50
672, 1043, 22, 10, 0.5625, 0.9822, 0.0000, 0.9822, 0.2250, 220.25
672, 1024, 209, 0, 0.6000, 21.8655, 21.8142, -1.4973, 0.6000, 235.81
672, 1002, 144, 5, 0.8000, 9.6409, 9.6388, -0.2026, 0.8000, 181.38
672, 1080, -27, 92, 0.6111, 41.9672, -41.1099, -8.4390, 0.3056, 122.80
673, 1063, 69, 41, 1.0000, 3.1029, 3.0171, 0.7247, 1.0000, 248.88
673, 1073, 39, 3, 0.6000, 13.1339, -12.6285, -3.6081, 0.1800, 212.67
673, 1082, 16, 120, 0.6000, 45.0460, -40.6205, 19.4710, 0.1800, 151.00
673, 1083, 70, 125, 0.7111, 18.6723, 13.0615, 13.3437, 0.3556, 152.80
673, 1084, 100, 10, 0.6000, 5.8362, -5.1797, -2.6892, 0.1800, 157.00
673, 784, 4, 29, 0.5995, 0.7500, -0.0048, -0.7500, 0.5995, 230.82
673, 1043, 23, 14, 0.6722, 4.1011, 0.7548, 4.0310, 0.3361, 217.80
673, 1085, 5, 18, 0.6000, 1.3243, 0.9822, 0.8883, 0.1800, 235.83
673, 1087, 21, 39, 0.6000, 20.5052, 20.4817, -0.9822, 0.1800, 200.33
673, 1024, 230, -1, 0.5000, 21.8655, 21.8142, -1.4973, 0.5000, 235.81
673, 1002, 154, 5, 0.7000, 9.6409, 9.6388, -0.2026, 0.7000, 181.38
673, 1079, 5, 94, 0.6111, 4.8867, -0.7740, -4.8250, 0.3056, 166.90
674, 1063, 71, 41, 1.0000, 2.3049, 2.2833, 0.3153, 1.0000, 248.91
674, 1073, 36, 3, 0.6556, 4.6804, -4.6669, -0.3552, 0.2622, 215.50
674, 1077, 12, 122, 0.7056, 3.1438, 3.0433, 0.7886, 0.2822, 159.75
674, 1085, 5, 18, 0.7056, 0.3705, 0.2571, 0.2667, 0.2822, 238.38
674, 1087, 43, 15, 0.6556, 29.8892, 21.6222, -20.6360, 0.2622, 198.75
674, 1002, 163, 5, 0.6000, 9.6409, 9.6388, -0.2026, 0.6000, 181.38
674, 1082, -24, 139, 0.5000, 45.0460, -40.6205, 19.4710, 0.1500, 151.00
674, 1084, 94, 8, 0.5000, 5.8362, -5.1797, -2.6892, 0.1500, 157.00
674, 1043, 24, 19, 0.5722, 4.1011, 0.7548, 4.0310, 0.2861, 217.80
675, 1063, 74, 41, 1.0000, 2.6788, 2.6786, 0.0251, 1.0000, 249.08
675, 1065, 19, 4, 0.6000, 58.6104, -37.9775, -44.6418, 0.1800, 201.67
675, 1073, 35, 3, 0.7111, 0.9201, -0.8196, -0.4182, 0.3556, 215.40
675, 1078, 63, 117, 0.6000, 56.3988, 34.5884, 44.5474, 0.1800, 172.00
675, 1084, 90, 0, 0.6556, 7.1565, -4.7762, -5.3295, 0.2622, 162.50
675, 784, 20, 15, 0.6042, 12.5190, 9.3914, -8.2781, 0.6042, 229.92
675, 1043, 6, 40, 0.6806, 17.3711, -9.9564, 14.2346, 0.4083, 216.17
675, 1085, 6, 18, 0.7611, 0.7295, 0.7293, -0.0184, 0.3806, 238.30
675, 1087, 65, 9, 0.7111, 23.2863, 22.0602, -7.4565, 0.3556, 197.80
675, 1088, 40, 4, 0.6000, 17.1000, -17.0989, -0.1927, 0.1800, 205.00
675, 1002, 173, 5, 0.5000, 9.6409, 9.6388, -0.2026, 0.5000, 181.38
675, 1077, 16, 123, 0.6056, 3.1438, 3.0433, 0.7886, 0.2422, 159.75
676, 1063, 76, 41, 1.0000, 2.2604, 2.2601, -0.0392, 1.0000, 248.26
676, 1077, 14, 123, 0.7611, 0.7606, 0.5234, 0.5519, 0.3806, 164.20
676, 1084, 90, -1, 0.7111, 1.3120, -0.2251, -1.2925, 0.3556, 164.20
676, 784, 50, 9, 0.6590, 28.1397, 27.6249, -5.3581, 0.6590, 228.08
676, 1085, 6, 18, 0.8167, 0.2449, 0.2406, -0.0459, 0.4900, 240.58
676, 1088, 7, 28, 0.6556, 38.1964, -31.7085, 21.2963, 0.2622, 204.00
676, 1089, 32, 52, 0.6000, 45.4912, -20.3919, 40.6647, 0.1800, 201.00
676, 905, 119, 116, 0.5321, 2.1661, 1.9591, 0.9241, 0.5321, 108.64
676, 1092, 83, 29, 0.6000, 29.8005, -25.2049, 15.8993, 0.1800, 164.67
676, 1093, 54, 110, 0.6000, 24.0452, 5.6115, 23.3813, 0.1800, 164.00
676, 1065, -19, -40, 0.5000, 58.6104, -37.9775, -44.6418, 0.1500, 201.67
676, 1073, 34, 3, 0.6111, 0.9201, -0.8196, -0.4182, 0.3056, 215.40
676, 1078, 98, 162, 0.5000, 56.3988, 34.5884, 44.5474, 0.1500, 172.00
677, 1063, 80, 42, 1.0000, 3.4886, 3.4208, 0.6841, 1.0000, 248.45
677, 1073, 22, 15, 0.7667, 10.6301, -7.7991, 7.2231, 0.4600, 216.50
677, 1077, 15, 123, 0.8167, 0.7602, 0.7528, 0.1064, 0.4900, 162.00
677, 1084, 92, 1, 0.7667, 1.7036, 1.3540, 1.0339, 0.4600, 170.33
677, 784, 66, 8, 0.7139, 17.5046, 17.4311, -1.6017, 0.7139, 225.50
677, 1085, 5, 17, 0.8722, 1.0951, -0.7734, -0.7753, 0.6106, 236.00
677, 905, 119, 116, 0.5833, 0.5602, 0.4912, 0.2694, 0.5833, 107.80
677, 1092, 69, 40, 0.6556, 19.0523, -15.3794, 11.2458, 0.2622, 184.00
677, 1088, -25, 50, 0.5556, 38.1964, -31.7085, 21.2963, 0.2222, 204.00
677, 1089, 12, 93, 0.5000, 45.4912, -20.3919, 40.6647, 0.1500, 201.00
677, 1093, 59, 133, 0.5000, 24.0452, 5.6115, 23.3813, 0.1500, 164.00
678, 1063, 82, 43, 1.0000, 2.8060, 2.6127, 1.0237, 1.0000, 248.57
678, 1077, 14, 123, 0.8722, 0.5616, -0.5604, -0.0380, 0.6106, 160.29
678, 1084, 93, 1, 0.8222, 1.4260, 1.3061, 0.5722, 0.5756, 169.86
678, 784, 97, 4, 0.7689, 29.7741, 29.5446, -3.6902, 0.7689, 221.20
678, 1089, 6, 120, 0.6556, 35.4750, -11.8083, 33.4521, 0.2622, 195.25
678, 1093, 70, 124, 0.6556, 9.8183, 8.3302, 5.1968, 0.2622, 158.00
678, 1085, 4, 16, 0.7722, 1.0951, -0.7734, -0.7753, 0.5406, 236.00
678, 1092, 54, 51, 0.5556, 19.0523, -15.3794, 11.2458, 0.2222, 184.00
679, 1063, 84, 42, 1.0000, 2.0791, 2.0523, -0.3327, 1.0000, 247.20
679, 1076, 2, 94, 0.6000, 33.6275, -15.0648, -30.0642, 0.1800, 175.33
679, 1033, 72, 40, 0.5625, 64.1888, 64.1614, -1.8771, 0.2250, 204.00
679, 1093, 71, 123, 0.7111, 2.0389, 1.9367, -0.6374, 0.3556, 155.60
679, 1097, 120, 26, 0.6000, 0.9364, 0.0469, 0.9353, 0.1800, 195.00
679, 1098, 6, 26, 0.6000, 0.8414, 0.8414, 0.0000, 0.1800, 211.67
679, 784, 126, 1, 0.6689, 29.7741, 29.5446, -3.6902, 0.6689, 221.20
679, 1089, -5, 154, 0.5556, 35.4750, -11.8083, 33.4521, 0.2222, 195.25
680, 1063, 88, 43, 1.0000, 3.3310, 3.3107, 0.3671, 1.0000, 247.54
680, 1081, 20, 47, 0.6000, 47.3277, 14.9456, -44.9059, 0.1800, 183.00
680, 1092, 49, 59, 0.7111, 7.1071, -4.7663, 5.2719, 0.3556, 188.60
680, 1096, 69, 112, 0.6000, 17.7355, 16.9467, -5.2302, 0.1800, 141.33
680, 1097, 121, 27, 0.7056, 1.2634, 0.7500, 1.0167, 0.2822, 201.75
680, 1098, 6, 25, 0.7056, 0.8021, 0.2715, -0.7548, 0.2822, 214.50
680, 1100, 70, 14, 0.6000, 6.8087, 6.5468, 1.8705, 0.1800, 198.33
680, 1076, -13, 64, 0.5000, 33.6275, -15.0648, -30.0642, 0.1500, 175.33
681, 1063, 90, 44, 1.0000, 2.7742, 2.6170, 0.9206, 1.0000, 247.65
681, 1033, 125, 27, 0.6222, 23.0987, 22.0341, -6.9320, 0.3111, 208.60
681, 1081, 29, 1, 0.6556, 46.5953, 9.6496, -45.5852, 0.2622, 192.50
681, 959, 53, 15, 0.5206, 38.9937, -28.8259, -26.2597, 0.5206, 113.57
681, 997, 69, 24, 0.5400, 57.1268, 25.4525, -51.1434, 0.2700, 192.80
681, 1097, 107, 14, 0.7111, 16.3773, -11.9470, -11.2019, 0.3556, 191.80
681, 1098, 6, 25, 0.7611, 0.2776, -0.0105, -0.2774, 0.3806, 213.20
681, 1100, 71, 14, 0.6556, 1.9069, 1.8335, 0.5239, 0.2622, 198.75
681, 1092, 44, 64, 0.6111, 7.1071, -4.7663, 5.2719, 0.3056, 188.60
681, 1096, 86, 107, 0.5000, 17.7355, 16.9467, -5.2302, 0.1500, 141.33
682, 1063, 93, 44, 1.0000, 2.7891, 2.7627, 0.3826, 1.0000, 247.94
682, 1097, 77, 12, 0.7667, 28.5951, -28.3606, -3.6546, 0.4600, 189.50
682, 1098, 18, 22, 0.7667, 11.0868, 10.6580, -3.0534, 0.4600, 213.33
682, 1100, 72, 18, 0.7111, 3.9972, 1.3427, 3.7650, 0.3556, 196.20
682, 1105, 41, 34, 0.6000, 23.9999, 8.3703, 22.4930, 0.1800, 214.00
682, 1033, 147, 20, 0.5222, 23.0987, 22.0341, -6.9320, 0.2611, 208.60
682, 1081, 39, -44, 0.5556, 46.5953, 9.6496, -45.5852, 0.2222, 192.50
682, 1092, 39, 70, 0.5111, 7.1071, -4.7663, 5.2719, 0.2556, 188.60
683, 1063, 96, 45, 1.0000, 3.0339, 2.9492, 0.7120, 1.0000, 246.63
683, 1097, 67, 13, 0.8222, 12.1809, -12.1399, 0.9993, 0.5756, 191.00
683, 1100, 73, 22, 0.6111, 3.9972, 1.3427, 3.7650, 0.3056, 196.20
683, 1105, 49, 56, 0.5000, 23.9999, 8.3703, 22.4930, 0.1500, 214.00
684, 1063, 98, 45, 1.0000, 2.3554, 2.3380, 0.2860, 1.0000, 246.26
684, 1072, 14, 53, 0.6000, 27.9254, 0.9622, -27.9089, 0.1800, 181.00
684, 1033, 128, 14, 0.6806, 5.7228, -4.2133, -3.8728, 0.4083, 197.17
684, 1096, 75, 112, 0.6556, 3.4446, -3.1138, 1.4731, 0.2622, 144.00
684, 1097, 34, 14, 0.8778, 31.2923, -31.2789, 0.9137, 0.7022, 194.75
684, 1100, 82, 30, 0.7667, 8.0460, 5.3336, 6.0242, 0.4600, 193.33
684, 1105, 71, 75, 0.6556, 26.0660, 16.2898, 20.3489, 0.2622, 209.25
684, 1005, 61, 94, 0.5400, 21.8136, -11.2230, 18.7050, 0.2700, 178.80
685, 1063, 101, 46, 1.0000, 2.7666, 2.6783, 0.6933, 1.0000, 246.39
685, 1071, 70, 74, 0.6000, 67.3548, 63.6068, 22.1550, 0.1800, 189.33
685, 1072, 18, 25, 0.6556, 28.2904, 4.0358, -28.0010, 0.2622, 188.25
685, 1096, 52, 124, 0.7111, 25.7848, -22.7485, 12.1391, 0.3556, 144.00
685, 1097, 1, 15, 0.9333, 32.3183, -32.3038, 0.9688, 0.8400, 196.50
685, 1105, 97, 87, 0.7111, 27.5402, 24.3341, 12.8963, 0.3556, 192.60
685, 1100, 87, 36, 0.6667, 8.0460, 5.3336, 6.0242, 0.4000, 193.33
686, 1063, 104, 47, 1.0000, 3.1081, 2.9530, 0.9696, 1.0000, 246.69
686, 1072, 16, 3, 0.7111, 22.7331, -1.7015, -22.6693, 0.3556, 194.00
686, 1090, 59, 26, 0.6000, 12.2734, 11.3371, 4.7018, 0.1800, 202.33
686, 1094, 12, 63, 0.6000, 47.5728, -6.4445, -47.1343, 0.1800, 169.67
686, 1100, 80, 41, 0.8222, 5.9231, -2.1171, 5.5319, 0.5756, 195.43
686, 993, 127, 27, 0.5102, 2.1083, 1.9061, 0.9010, 0.5102, 249.17
686, 1110, 53, 12, 0.6000, 44.0364, 43.0216, -9.3995, 0.1800, 212.00
686, 1111, 110, 14, 0.6000, 13.2935, -9.3056, -9.4933, 0.1800, 137.67
686, 1112, 19, 26, 0.6000, 3.7437, 3.7410, -0.1408, 0.1800, 213.67
686, 1071, 133, 96, 0.5000, 67.3548, 63.6068, 22.1550, 0.1500, 189.33
687, 1063, 107, 47, 1.0000, 3.0554, 3.0325, 0.3728, 1.0000, 246.90
687, 1071, 108, 84, 0.6556, 14.4570, 14.1321, 3.0479, 0.2622, 170.75
687, 1090, 66, 24, 0.6556, 7.0627, 7.0026, -0.9190, 0.2622, 195.25
687, 1094, 23, 6, 0.6556, 57.0223, 7.9328, -56.4678, 0.2622, 183.50
687, 1099, 44, 4, 0.6000, 5.5736, 0.9182, -5.4974, 0.1800, 226.00
687, 1108, 43, 76, 0.6000, 43.6724, 30.0669, 31.6743, 0.1800, 196.33
687, 1109, 122, 23, 0.6556, 12.8485, -0.7548, 12.8264, 0.2622, 132.25
687, 1112, 19, 27, 0.7056, 1.2997, 1.0477, 0.7691, 0.2822, 215.25
687, 1072, 14, -20, 0.6111, 22.7331, -1.7015, -22.6693, 0.3056, 194.00
687, 1100, 77, 47, 0.7222, 5.9231, -2.1171, 5.5319, 0.5056, 195.43
687, 1110, 96, 3, 0.5000, 44.0364, 43.0216, -9.3995, 0.1500, 212.00
687, 1111, 101, 5, 0.5000, 13.2935, -9.3056, -9.4933, 0.1500, 137.67
688, 1063, 110, 48, 1.0000, 3.1010, 3.0251, 0.6821, 1.0000, 247.16
688, 1071, 111, 102, 0.7111, 16.5253, 3.5673, 16.1356, 0.3556, 159.80
688, 1086, 44, 48, 0.6000, 26.3482, 5.7287, 25.7178, 0.1800, 207.00
688, 1090, 82, 27, 0.7111, 15.1073, 14.8325, 2.8686, 0.3556, 191.20
688, 1100, 91, 62, 0.8778, 13.1765, 7.1872, 11.0438, 0.7022, 200.62
688, 1105, 101, 89, 0.8778, 0.4545, -0.2863, -0.3530, 0.7022, 165.56
688, 1106, 52, 36, 0.6000, 17.7170, 3.6136, 17.3445, 0.1800, 186.67
688, 1005, 65, 116, 0.6000, 4.8652, 4.5059, 1.8347, 0.3600, 174.67
688, 1108, 81, 112, 0.6556, 51.4828, 36.8603, 35.9417, 0.2622, 183.75
688, 1109, 122, 27, 0.7111, 4.7167, -0.2774, 4.7085, 0.3556, 132.00
688, 1111, 90, 15, 0.6556, 10.4296, -10.3001, 1.6385, 0.2622, 144.25
688, 1112, 15, 41, 0.7111, 13.1181, -3.9231, 12.5177, 0.3556, 212.40
688, 1072, 13, -42, 0.5111, 22.7331, -1.7015, -22.6693, 0.2556, 194.00
688, 1094, 30, -51, 0.5556, 57.0223, 7.9328, -56.4678, 0.2222, 183.50
688, 1099, 45, -1, 0.5000, 5.5736, 0.9182, -5.4974, 0.1500, 226.00
689, 1063, 112, 50, 1.0000, 2.8449, 2.3496, 1.6041, 1.0000, 245.72
689, 1086, 39, 61, 0.6556, 15.1992, -3.6990, 14.7422, 0.2622, 203.50
689, 1090, 93, 32, 0.7667, 12.2869, 11.5153, 4.2855, 0.4600, 186.67
689, 1106, 38, 49, 0.6556, 18.0149, -11.8002, 13.6121, 0.2622, 190.00
689, 1005, 84, 115, 0.6587, 18.7848, 18.7062, -1.7170, 0.4611, 165.57
689, 1110, 126, 10, 0.6556, 20.0683, 20.0443, 0.9817, 0.2622, 191.00
689, 1111, 80, 5, 0.7111, 13.7139, -10.1176, -9.2577, 0.3556, 151.00
689, 1112, 14, 44, 0.7667, 4.7437, -0.8840, 4.6606, 0.4600, 210.83
689, 1113, 25, 8, 0.6000, 21.7165, 7.1414, -20.5087, 0.1800, 208.00
689, 1108, 118, 148, 0.5556, 51.4828, 36.8603, 35.9417, 0.2222, 183.75
689, 1109, 122, 31, 0.6111, 4.7167, -0.2774, 4.7085, 0.3056, 132.00
690, 1063, 116, 49, 1.0000, 3.3076, 3.3069, 0.0677, 1.0000, 245.94
690, 1086, 45, 79, 0.7111, 18.1981, 5.5365, 17.3354, 0.3556, 200.20
690, 1090, 123, 17, 0.8222, 30.8674, 28.2088, -12.5324, 0.5756, 187.86
690, 1113, 28, 1, 0.6556, 9.1876, 2.9863, -8.6887, 0.2622, 206.75
690, 1106, 26, 62, 0.5556, 18.0149, -11.8002, 13.6121, 0.2222, 190.00
690, 1109, 121, 36, 0.5111, 4.7167, -0.2774, 4.7085, 0.2556, 132.00
690, 1110, 146, 11, 0.5556, 20.0683, 20.0443, 0.9817, 0.2222, 191.00
690, 1111, 70, -4, 0.6111, 13.7139, -10.1176, -9.2577, 0.3056, 151.00
690, 1112, 14, 49, 0.6667, 4.7437, -0.8840, 4.6606, 0.4000, 210.83
691, 1063, 120, 50, 1.0000, 3.9507, 3.9310, 0.3947, 1.0000, 246.21
691, 1112, 13, 54, 0.5667, 4.7437, -0.8840, 4.6606, 0.3400, 210.83
691, 1113, 31, -8, 0.5556, 9.1876, 2.9863, -8.6887, 0.2222, 206.75
692, 1063, 123, 50, 1.0000, 3.4496, 3.4438, 0.1996, 1.0000, 246.46
692, 1086, 48, 81, 0.8222, 1.1212, 0.9499, -0.5957, 0.5756, 195.86
692, 1102, 109, 53, 0.6000, 61.5540, 16.0389, -59.4277, 0.1800, 115.33
692, 1051, 26, 24, 0.5625, 49.4536, -47.6845, -13.1093, 0.2250, 221.50
692, 1109, 116, 49, 0.7667, 6.1608, -1.8333, 5.8817, 0.4600, 128.50
692, 1062, 68, 86, 0.5625, 4.0497, -3.9288, 0.9822, 0.2250, 251.50
693, 1063, 126, 51, 1.0000, 3.1430, 3.0691, 0.6775, 1.0000, 246.69
693, 1102, 114, 11, 0.6556, 45.3480, 6.0837, -44.9380, 0.2622, 121.00
693, 1106, 14, 78, 0.7111, 6.8814, -4.1660, 5.4771, 0.3556, 187.60
693, 1062, 64, 88, 0.6722, 4.4164, -4.0477, 1.7667, 0.3361, 245.20
693, 1115, 54, 32, 0.6000, 35.9320, 35.8962, -1.6021, 0.1800, 202.67
693, 1086, 49, 80, 0.7222, 1.1212, 0.9499, -0.5957, 0.5056, 195.86
693, 1109, 114, 55, 0.6667, 6.1608, -1.8333, 5.8817, 0.4000, 128.50
694, 1062, 60, 89, 0.7306, 4.2267, -4.0269, 1.2842, 0.4383, 246.83
694, 1054, 114, 12, 0.5281, 11.9548, 11.9514, 0.2854, 0.5281, 177.09
694, 1115, 73, 27, 0.6556, 21.1786, 20.7202, -4.3824, 0.2622, 199.25
694, 1116, 100, 8, 0.6000, 0.8506, -0.0482, -0.8492, 0.1800, 160.67
694, 1063, 129, 52, 0.9000, 3.1430, 3.0691, 0.6775, 0.9000, 246.69
694, 1102, 120, -34, 0.5556, 45.3480, 6.0837, -44.9380, 0.2222, 121.00
694, 1109, 112, 61, 0.5667, 6.1608, -1.8333, 5.8817, 0.3400, 128.50
695, 1062, 56, 90, 0.7881, 4.1255, -4.0033, 0.9967, 0.5517, 247.29
695, 1115, 82, 18, 0.7111, 13.8715, 10.5216, -9.0397, 0.3556, 195.60
695, 1116, 88, 7, 0.6556, 10.6655, -10.6145, -1.0415, 0.2622, 162.25
695, 1117, 64, 54, 0.6000, 11.7390, 8.1826, 8.4173, 0.1800, 205.00
695, 1063, 132, 52, 0.8000, 3.1430, 3.0691, 0.6775, 0.8000, 246.69
696, 1104, 81, 109, 0.6000, 43.5375, -42.0057, -11.4472, 0.1800, 117.33
696, 1062, 52, 92, 0.8451, 4.3509, -3.9974, 1.7178, 0.6761, 248.00
696, 1116, 66, 15, 0.7111, 21.9780, -20.7086, 7.3610, 0.3556, 168.20
696, 1117, 74, 52, 0.6556, 9.9510, 9.9290, -0.6617, 0.2622, 204.50
696, 1119, 109, 13, 0.6000, 1.3890, 0.9822, 0.9822, 0.1800, 162.33
696, 1120, 72, 28, 0.6000, 11.2192, 0.9822, -11.1761, 0.1800, 206.00
696, 1063, 135, 53, 0.7000, 3.1430, 3.0691, 0.6775, 0.7000, 246.69
697, 1062, 48, 93, 0.9019, 4.1984, -3.9985, 1.2801, 0.8117, 248.44
697, 1116, 30, 14, 0.7667, 34.6414, -34.6306, -0.8625, 0.4600, 174.75
697, 1117, 80, 42, 0.7111, 10.4133, 6.3945, -8.2187, 0.3556, 205.60
697, 1119, 110, 13, 0.7056, 1.0441, 1.0119, 0.2571, 0.2822, 162.50
697, 1120, 84, 9, 0.6556, 20.5672, 10.8240, -17.4886, 0.2622, 200.25
697, 1123, 22, 90, 0.6000, 42.2261, -37.7392, -18.9419, 0.1800, 161.00
697, 1063, 138, 54, 0.6000, 3.1430, 3.0691, 0.6775, 0.6000, 246.69
697, 1104, 39, 97, 0.5000, 43.5375, -42.0057, -11.4472, 0.1500, 117.33
698, 1104, 59, 99, 0.6556, 8.3204, -7.4514, -3.7022, 0.2622, 131.25
698, 1109, 114, 55, 0.8222, 0.5198, 0.1230, -0.5051, 0.5756, 128.00
698, 1062, 44, 94, 0.9583, 4.1242, -3.9998, 1.0053, 0.9583, 244.07
698, 1117, 80, 40, 0.7667, 3.1949, 0.9917, -3.0371, 0.4600, 206.00
698, 1119, 111, 14, 0.7611, 1.2431, 1.0067, 0.7293, 0.3806, 160.40
698, 1120, 88, 6, 0.7111, 6.2385, 4.6134, -4.1995, 0.3556, 198.20
698, 1124, 16, 41, 0.6000, 0.9822, 0.0000, 0.9822, 0.1800, 211.00
698, 1063, 141, 54, 0.5000, 3.1430, 3.0691, 0.6775, 0.5000, 246.69
698, 1116, -5, 13, 0.6667, 34.6414, -34.6306, -0.8625, 0.4000, 174.75
698, 1123, -16, 72, 0.5000, 42.2261, -37.7392, -18.9419, 0.1500, 161.00
699, 1095, 98, 116, 0.6000, 43.7557, 43.3731, -5.7740, 0.1800, 130.33
699, 1062, 40, 96, 1.0000, 4.3496, -4.0001, 1.7082, 1.0000, 245.06
699, 1117, 77, 28, 0.8222, 11.1284, -2.8887, -10.7470, 0.5756, 204.29
699, 1120, 88, 9, 0.7667, 1.7204, 0.1823, 1.7107, 0.4600, 194.33
699, 1124, 15, 43, 0.7056, 1.9212, -0.7548, 1.7667, 0.2822, 212.00
699, 1104, 51, 96, 0.5556, 8.3204, -7.4514, -3.7022, 0.2222, 131.25
699, 1109, 114, 55, 0.7222, 0.5198, 0.1230, -0.5051, 0.5056, 128.00
699, 1119, 112, 15, 0.6611, 1.2431, 1.0067, 0.7293, 0.3306, 160.40
700, 1095, 122, 96, 0.6556, 31.8454, 26.1490, -18.1758, 0.2622, 120.25
700, 1101, 12, 96, 0.6000, 81.2485, -25.9822, 76.9821, 0.1800, 192.67
700, 1109, 90, 69, 0.8778, 15.7020, -13.6946, 7.6817, 0.7022, 132.38
700, 1062, 36, 97, 1.0000, 4.2020, -4.0001, 1.2868, 1.0000, 245.72
700, 1115, 100, 8, 0.9333, 0.7837, -0.6840, 0.3826, 0.8400, 180.67
700, 1117, 59, 21, 0.8778, 18.0351, -16.0841, -8.1589, 0.7022, 203.75
700, 1119, 113, 15, 0.8167, 1.1286, 0.9987, 0.5256, 0.4900, 157.50
700, 1121, 72, 45, 0.6556, 5.0337, 4.9271, 1.0305, 0.2622, 197.00
700, 1124, 15, 44, 0.7611, 1.3138, -0.2774, 1.2842, 0.3806, 216.40
701, 1095, 125, 92, 0.7111, 8.0648, 5.4980, -5.9002, 0.3556, 112.20
701, 1062, 32, 98, 1.0000, 4.1259, -4.0000, 1.0113, 1.0000, 245.97
701, 1115, 100, 8, 0.9889, 0.0242, 0.0170, -0.0172, 0.9889, 178.70
701, 1119, 113, 16, 0.8722, 0.9107, 0.2201, 0.8837, 0.6106, 157.29
701, 1121, 73, 45, 0.7611, 1.3604, 1.3330, 0.2715, 0.3806, 197.80
701, 1128, 57, 31, 0.6000, 40.1689, 40.1689, 0.0469, 0.1800, 207.33
701, 1101, -14, 173, 0.5000, 81.2485, -25.9822, 76.9821, 0.1500, 192.67
701, 1117, 43, 12, 0.7778, 18.0351, -16.0841, -8.1589, 0.6222, 203.75
701, 1124, 15, 45, 0.6611, 1.3138, -0.2774, 1.2842, 0.3306, 216.40
702, 1062, 28, 99, 1.0000, 4.1138, -4.0000, 0.9611, 1.0000, 246.62
702, 1117, 29, 17, 0.9333, 15.1072, -15.0782, -0.9347, 0.8400, 204.00
702, 1119, 113, 18, 0.9278, 1.7832, -0.0566, 1.7823, 0.7422, 155.44
702, 1121, 80, 30, 0.7667, 15.4022, 6.7144, -13.8616, 0.4600, 194.50
702, 1124, 13, 45, 0.8167, 1.0894, -1.0259, 0.3666, 0.4900, 215.08
702, 1128, 90, 19, 0.6556, 35.5205, 33.9109, -10.5716, 0.2622, 198.00
702, 1130, 58, 106, 0.6000, 1.3226, -0.9353, -0.9353, 0.1800, 166.00
702, 1095, 130, 86, 0.6111, 8.0648, 5.4980, -5.9002, 0.3056, 112.20
703, 1064, 14, 48, 0.5625, 10.2411, -8.5211, -5.6807, 0.2250, 206.25
703, 1114, 96, 8, 0.6000, 57.6030, 57.5719, 1.8921, 0.1800, 209.67
703, 1062, 24, 100, 1.0000, 4.1187, -4.0000, 0.9818, 1.0000, 247.18
703, 1117, 14, 32, 0.9889, 20.6763, -14.9593, 14.2733, 0.9889, 205.90
703, 1119, 112, 18, 0.9833, 0.9864, -0.8044, 0.5709, 0.8850, 153.72
703, 1121, 88, 15, 0.8222, 16.3515, 7.6900, -14.4303, 0.5756, 191.43
703, 1124, 10, 44, 0.8722, 2.7124, -2.6065, -0.7503, 0.6106, 214.21
703, 1128, 118, 11, 0.7111, 29.5989, 28.5772, -7.7097, 0.3556, 184.40
703, 1130, 58, 105, 0.7056, 1.0499, -0.2619, -1.0167, 0.2822, 163.50
704, 1062, 20, 100, 1.0000, 4.0092, -4.0000, 0.2716, 1.0000, 247.35
704, 1119, 115, 18, 1.0000, 2.6770, 2.6768, -0.0350, 1.0000, 153.10
704, 1130, 57, 105, 0.7611, 0.7788, -0.7372, -0.2511, 0.3806, 162.80
704, 1114, 153, 10, 0.5000, 57.6030, 57.5719, 1.8921, 0.1500, 209.67
704, 1117, -1, 46, 0.8889, 20.6763, -14.9593, 14.2733, 0.8889, 205.90
704, 1124, 8, 43, 0.7722, 2.7124, -2.6065, -0.7503, 0.5406, 214.21
704, 1128, 147, 4, 0.6111, 29.5989, 28.5772, -7.7097, 0.3056, 184.40
705, 1064, 1, 14, 0.6222, 19.7154, -6.5799, -18.5850, 0.3111, 206.40
705, 1062, 16, 101, 1.0000, 4.0586, -4.0000, 0.6870, 1.0000, 245.80
705, 1075, 1, 96, 0.5625, 0.0245, 0.0059, 0.0238, 0.2250, 166.00
705, 1119, 117, 16, 1.0000, 2.5139, 1.9503, -1.5862, 1.0000, 151.18
705, 1124, 7, 31, 0.8778, 7.8560, -1.5559, -7.7004, 0.7022, 212.06
705, 1130, 57, 103, 0.8167, 1.4963, -0.2429, -1.4764, 0.4900, 161.83
705, 1091, 34, 18, 0.5625, 52.9317, -50.1102, 17.0507, 0.2250, 189.00
705, 1117, -16, 60, 0.7889, 20.6763, -14.9593, 14.2733, 0.7889, 205.90
705, 1128, 175, -4, 0.5111, 29.5989, 28.5772, -7.7097, 0.2556, 184.40
706, 1062, 13, 101, 1.0000, 3.2918, -3.2816, 0.2589, 1.0000, 246.09
706, 1075, 23, 85, 0.6222, 21.3352, 18.9242, -9.8522, 0.3111, 168.60
706, 1129, 28, 45, 0.6000, 5.6936, 5.4122, -1.7678, 0.1800, 202.33
706, 1130, 57, 103, 0.8722, 0.5315, 0.0134, -0.5314, 0.6106, 163.00
706, 1131, 96, 17, 0.6000, 21.3912, -21.3148, -1.8060, 0.1800, 145.67
706, 1064, -6, -5, 0.5222, 19.7154, -6.5799, -18.5850, 0.2611, 206.40
706, 1119, 119, 15, 0.9000, 2.5139, 1.9503, -1.5862, 0.9000, 151.18
707, 1062, 10, 101, 1.0000, 2.9664, -2.9664, 0.0060, 1.0000, 243.85
707, 1129, 29, 46, 0.6556, 1.6846, 1.6740, 0.1889, 0.2622, 204.00
707, 1130, 56, 102, 0.9278, 1.0352, -0.7154, -0.7482, 0.7422, 163.00
707, 1131, 58, 10, 0.6556, 36.9388, -36.3379, -6.6359, 0.2622, 159.00
707, 1075, 42, 75, 0.5222, 21.3352, 18.9242, -9.8522, 0.2611, 168.60
707, 1119, 121, 13, 0.8000, 2.5139, 1.9503, -1.5862, 0.8000, 151.18
708, 1062, 5, 102, 1.0000, 4.4114, -4.3600, 0.6713, 1.0000, 244.31
708, 1075, 35, 54, 0.6806, 16.4655, 4.2095, -15.9183, 0.4083, 174.17
708, 1129, 29, 46, 0.7111, 0.7324, 0.6669, 0.3028, 0.3556, 205.20
708, 1130, 56, 102, 0.9833, 0.3582, -0.2846, -0.2175, 0.8850, 164.22
708, 1131, 37, 17, 0.7111, 22.7124, -22.0575, 5.4148, 0.3556, 167.00
708, 1133, 21, 90, 0.6000, 2.4394, 1.7701, 1.6785, 0.1800, 188.67
708, 1134, 28, 56, 0.6000, 1.6118, 0.1192, -1.6074, 0.1800, 197.33
709, 1062, 2, 101, 1.0000, 3.6471, -3.6250, -0.4012, 1.0000, 243.13
709, 1133, 21, 90, 0.7056, 0.8161, 0.5613, 0.5924, 0.2822, 195.00
709, 1129, 30, 46, 0.6111, 0.7324, 0.6669, 0.3028, 0.3056, 205.20
709, 1131, 15, 22, 0.6111, 22.7124, -22.0575, 5.4148, 0.3056, 167.00
709, 1134, 28, 55, 0.5000, 1.6118, 0.1192, -1.6074, 0.1500, 197.33
710, 1136, 90, 26, 0.6000, 23.3813, 0.0000, 23.3813, 0.1800, 172.00
710, 1141, 11, 57, 0.6000, 1.3562, -0.9353, 0.9822, 0.1800, 200.00
710, 1062, -2, 101, 0.9000, 3.6471, -3.6250, -0.4012, 0.9000, 243.13
710, 1129, 31, 47, 0.5111, 0.7324, 0.6669, 0.3028, 0.2556, 205.20
710, 1133, 22, 91, 0.6056, 0.8161, 0.5613, 0.5924, 0.2422, 195.00
711, 1129, 32, 46, 0.8167, 1.0005, 0.9986, -0.0616, 0.4900, 205.83
711, 1139, 4, 5, 0.6000, 18.7886, -2.5729, -18.6116, 0.1800, 206.00
711, 1141, 8, 45, 0.6556, 10.6147, -2.5262, -10.3097, 0.2622, 200.25
711, 1062, -5, 100, 0.8000, 3.6471, -3.6250, -0.4012, 0.8000, 243.13
711, 1133, 22, 91, 0.5056, 0.8161, 0.5613, 0.5924, 0.2022, 195.00
711, 1136, 90, 49, 0.5000, 23.3813, 0.0000, 23.3813, 0.1500, 172.00
712, 1129, 29, 73, 0.8222, 25.4079, -3.0618, 25.2227, 0.5756, 203.86
712, 1133, 18, 88, 0.7611, 1.7830, -1.4500, -1.0376, 0.3806, 190.80
712, 1103, 12, 108, 0.5625, 14.5721, 0.9538, -14.5408, 0.2250, 152.75
712, 1134, 10, 60, 0.6556, 6.0382, -5.8131, 1.6334, 0.2622, 198.00
712, 1136, 79, 63, 0.6556, 19.1002, -5.9385, 18.1535, 0.2622, 179.25
712, 1139, 4, 3, 0.6556, 3.5562, 0.1964, -3.5507, 0.2622, 211.50
712, 1062, -9, 100, 0.7000, 3.6471, -3.6250, -0.4012, 0.7000, 243.13
712, 1141, 6, 35, 0.5556, 10.6147, -2.5262, -10.3097, 0.2222, 200.25
713, 1144, 54, 98, 0.6000, 1.3226, -0.9353, -0.9353, 0.1800, 170.67
713, 1062, -13, 100, 0.6000, 3.6471, -3.6250, -0.4012, 0.6000, 243.13
713, 1134, 4, 62, 0.5556, 6.0382, -5.8131, 1.6334, 0.2222, 198.00
713, 1136, 73, 82, 0.5556, 19.1002, -5.9385, 18.1535, 0.2222, 179.25
713, 1139, 5, 0, 0.5556, 3.5562, 0.1964, -3.5507, 0.2222, 211.50
714, 1136, 74, 76, 0.7111, 4.9931, -2.3324, 4.4148, 0.3556, 181.80
714, 1141, 15, 22, 0.7111, 7.7851, 3.3527, -7.0261, 0.3556, 198.00
714, 1144, 54, 97, 0.7056, 1.0499, -0.2619, -1.0167, 0.2822, 169.00
714, 1145, 97, 8, 0.6000, 0.9353, -0.9353, 0.0000, 0.1800, 162.00
714, 1062, -16, 99, 0.5000, 3.6471, -3.6250, -0.4012, 0.5000, 243.13
715, 1141, 33, 6, 0.7667, 22.7725, 17.0930, -15.0471, 0.4600, 199.67
715, 1142, 34, 30, 0.6000, 34.6785, 16.2548, -30.6330, 0.1800, 201.00
715, 1144, 53, 96, 0.7611, 1.2542, -0.7372, -1.0146, 0.3806, 168.00
715, 1145, 96, 2, 0.6556, 5.3803, -1.0167, -5.2834, 0.2622, 161.50
716, 1103, 27, 93, 0.6222, 4.6144, 4.5333, -0.8614, 0.3111, 156.60
716, 1134, 2, 83, 0.7111, 6.8843, -1.0933, 6.7969, 0.3556, 189.60
716, 1057, 89, 83, 0.5400, 61.0331, -20.8719, 57.3533, 0.2700, 145.60
716, 1142, 35, 3, 0.6556, 27.2240, 3.4935, -26.9989, 0.2622, 199.25
716, 1144, 53, 96, 0.8167, 0.3406, -0.2429, -0.2387, 0.4900, 167.33
716, 1148, 97, 8, 0.6000, 1.0302, -1.0291, -0.0469, 0.1800, 181.33
716, 1150, 4, 49, 0.6000, 1.0302, -0.0469, 1.0291, 0.1800, 219.33
716, 1141, 50, -9, 0.6667, 22.7725, 17.0930, -15.0471, 0.4000, 199.67
716, 1145, 95, -3, 0.5556, 5.3803, -1.0167, -5.2834, 0.2222, 161.50
717, 1148, 97, 8, 0.7056, 0.2524, -0.2524, 0.0048, 0.2822, 180.50
717, 1150, 3, 50, 0.7056, 1.2557, -0.7500, 1.0071, 0.2822, 214.75
717, 1103, 31, 92, 0.5222, 4.6144, 4.5333, -0.8614, 0.2611, 156.60
717, 1134, 1, 90, 0.6111, 6.8843, -1.0933, 6.7969, 0.3056, 189.60
717, 1141, 67, -24, 0.5667, 22.7725, 17.0930, -15.0471, 0.3400, 199.67
717, 1142, 39, -24, 0.5556, 27.2240, 3.4935, -26.9989, 0.2222, 199.25
717, 1144, 53, 96, 0.7167, 0.3406, -0.2429, -0.2387, 0.4300, 167.33
718, 1134, 1, 90, 0.7667, 3.2329, -0.3867, 3.2096, 0.4600, 200.50
718, 1148, 96, 8, 0.7611, 0.7214, -0.7214, 0.0079, 0.3806, 176.00
718, 1150, 16, 48, 0.7111, 11.3708, 11.1835, -2.0553, 0.3556, 212.00
718, 1113, 35, 28, 0.5143, 33.1529, 27.2224, 18.9223, 0.3600, 209.29
719, 1103, 40, 97, 0.6806, 4.7206, 4.3260, 1.8894, 0.4083, 158.50
719, 1107, 30, 2, 0.5625, 32.5920, -26.0853, -19.5397, 0.2250, 199.25
719, 1139, 19, 0, 0.7111, 2.8572, 2.7731, 0.6881, 0.3556, 209.60
719, 1147, 16, 126, 0.6000, 12.7191, -0.0181, 12.7191, 0.1800, 173.33
719, 1148, 96, 8, 0.8167, 0.2383, -0.2383, 0.0023, 0.4900, 174.83
719, 1149, 113, 3, 0.6000, 30.4573, 15.1373, -26.4293, 0.1800, 153.33
719, 1151, 0, 41, 0.6000, 0.8140, -0.1445, -0.8011, 0.1800, 218.00
719, 1155, 4, 87, 0.6000, 40.1994, -23.3344, 32.7338, 0.1800, 221.33
719, 1156, 7, 70, 0.6000, 2.1334, -0.9353, 1.9174, 0.1800, 192.33
719, 1150, 27, 46, 0.6111, 11.3708, 11.1835, -2.0553, 0.3056, 212.00
720, 1107, 8, 6, 0.6222, 22.0460, -22.0185, 1.1007, 0.3111, 202.00
720, 1148, 96, 9, 0.8722, 0.7601, 0.0128, 0.7600, 0.6106, 172.14
720, 1149, 116, -3, 0.6556, 9.6979, 4.7398, -8.4607, 0.2622, 153.25
720, 1151, 1, 40, 0.7056, 1.3178, 0.7926, -1.0527, 0.2822, 213.50
720, 1156, 7, 71, 0.7056, 1.3005, -0.2619, 1.2739, 0.2822, 194.00
720, 1158, 2, 53, 0.6000, 37.0115, -36.4279, 6.5468, 0.1800, 201.33
720, 1103, 44, 99, 0.5806, 4.7206, 4.3260, 1.8894, 0.3483, 158.50
720, 1147, 16, 139, 0.5000, 12.7191, -0.0181, 12.7191, 0.1500, 173.33
720, 1155, -19, 120, 0.5000, 40.1994, -23.3344, 32.7338, 0.1500, 221.33
721, 1149, 115, -2, 0.7111, 0.4619, -0.2585, 0.3828, 0.3556, 150.60
721, 1151, 1, 40, 0.7611, 0.4210, 0.3121, -0.2826, 0.3806, 220.40
721, 1156, 6, 73, 0.7611, 1.8933, -0.7372, 1.7439, 0.3806, 191.90
721, 1107, -14, 8, 0.5222, 22.0460, -22.0185, 1.1007, 0.2611, 202.00
721, 1158, -35, 59, 0.5000, 37.0115, -36.4279, 6.5468, 0.1500, 201.33
722, 1125, 19, 16, 0.6000, 45.0223, -21.2905, -39.6702, 0.1800, 200.67
722, 1151, 2, 39, 0.8167, 1.0517, 0.7679, -0.7187, 0.4900, 222.83
722, 1152, 72, 45, 0.6000, 64.9918, -14.1939, -63.4229, 0.1800, 150.00
722, 1156, 9, 84, 0.7667, 10.7901, 2.8147, 10.4165, 0.4600, 197.67
722, 1149, 115, -1, 0.6111, 0.4619, -0.2585, 0.3828, 0.3056, 150.60
723, 1127, 7, 37, 0.6000, 27.3070, -23.1600, 14.4667, 0.1800, 194.67
723, 1151, 2, 38, 0.8722, 1.0267, 0.2501, -0.9958, 0.6106, 221.86
723, 1125, -3, -23, 0.5000, 45.0223, -21.2905, -39.6702, 0.1500, 200.67
723, 1152, 58, -18, 0.5000, 64.9918, -14.1939, -63.4229, 0.1500, 150.00
723, 1156, 12, 95, 0.6667, 10.7901, 2.8147, 10.4165, 0.4000, 197.67
724, 1125, 15, 2, 0.6556, 3.6001, 0.1716, -3.5960, 0.2622, 204.00
724, 1127, 0, 39, 0.6556, 9.8396, -9.3105, 3.1831, 0.2622, 203.75
724, 1151, 12, 40, 0.8778, 9.1403, 9.0574, 1.2286, 0.7022, 219.12
724, 1154, 12, 14, 0.6000, 21.7227, 0.9202, -21.7032, 0.1800, 209.67
724, 1156, 15, 105, 0.5667, 10.7901, 2.8147, 10.4165, 0.3400, 197.67
725, 1127, 1, 38, 0.7111, 0.7787, 0.3426, -0.6993, 0.3556, 206.00
725, 1135, 2, 92, 0.6000, 16.3338, -0.9615, -16.3055, 0.1800, 202.67
725, 1151, 18, 38, 0.9333, 5.8476, 5.7807, -0.8820, 0.8400, 217.89
725, 1154, 13, 9, 0.6556, 6.7547, 1.0329, -6.6752, 0.2622, 210.00
725, 1157, 4, 79, 0.6000, 1.9913, -0.8674, 1.7924, 0.1800, 188.33
725, 1122, 110, 30, 0.5625, 11.9986, 9.7965, -6.9277, 0.2250, 158.25
725, 1125, 15, -2, 0.5556, 3.6001, 0.1716, -3.5960, 0.2222, 204.00
726, 1127, 3, 36, 0.7667, 2.1088, 1.4873, -1.4949, 0.4600, 213.67
726, 1135, 3, 89, 0.6556, 4.5157, 0.4919, -4.4889, 0.2622, 196.50
726, 1151, 22, 31, 0.9889, 8.0827, 4.7044, -6.5726, 0.9889, 216.80
726, 1154, 14, 12, 0.7111, 1.5477, 1.0227, 1.1617, 0.3556, 211.20
726, 1157, 3, 83, 0.7056, 3.7572, -1.0544, 3.6062, 0.2822, 188.25
726, 1122, 123, 13, 0.6222, 20.6069, 12.9716, -16.0120, 0.3111, 152.20
727, 1127, 4, 35, 0.8222, 1.7743, 1.2792, -1.2295, 0.5756, 218.86
727, 1135, 3, 82, 0.7111, 6.4144, 0.3040, -6.4072, 0.3556, 193.00
727, 1157, 4, 90, 0.7111, 7.2132, 0.4884, 7.1966, 0.3556, 187.00
727, 1122, 126, 11, 0.6806, 4.9318, 3.4971, -3.4775, 0.4083, 146.33
727, 1151, 27, 25, 0.8889, 8.0827, 4.7044, -6.5726, 0.8889, 216.80
728, 1135, 3, 82, 0.7667, 1.0252, 0.0442, -1.0243, 0.4600, 193.33
728, 1151, 37, 15, 1.0000, 11.2280, 7.6619, -8.2075, 1.0000, 216.18
728, 1156, 34, 120, 0.8222, 6.3005, 4.5820, 4.3245, 0.5756, 190.00
728, 1157, 29, 106, 0.7667, 27.1652, 22.5058, 15.2132, 0.4600, 181.50
728, 1122, 125, 12, 0.7381, 1.1509, -0.5567, 1.0073, 0.5167, 142.00
728, 1164, 71, 2, 0.6000, 45.2167, -28.9928, -34.6982, 0.1800, 171.33
729, 1135, 6, 90, 0.8222, 7.0274, 2.2644, 6.6526, 0.5756, 192.29
729, 1126, 86, 100, 0.5625, 57.0754, 52.2177, 23.0417, 0.2250, 172.75
729, 1166, 103, 42, 0.6000, 15.2911, -10.3347, 11.2700, 0.1800, 146.44
729, 1167, 53, 28, 0.6000, 25.2968, -18.0045, -17.7698, 0.1800, 198.33
729, 1151, 44, 7, 0.9000, 11.2280, 7.6619, -8.2075, 0.9000, 216.18
729, 1164, 42, -33, 0.5000, 45.2167, -28.9928, -34.6982, 0.1500, 171.33
730, 1135, 11, 97, 0.8778, 9.0841, 5.4419, 7.2737, 0.7022, 188.38
730, 1149, 105, 43, 1.0000, 18.4790, -13.2171, 12.9144, 1.0000, 149.09
730, 1166, 69, 43, 0.6556, 31.7135, -31.5578, 3.1384, 0.2622, 159.58
730, 1167, 44, 13, 0.6556, 17.9857, -10.2362, -14.7887, 0.2622, 202.75
730, 1151, 52, -1, 0.8000, 11.2280, 7.6619, -8.2075, 0.8000, 216.18
731, 1151, 44, 4, 1.0000, 2.9398, 1.2078, -2.6802, 1.0000, 217.17
731, 1166, 41, 42, 0.7111, 27.8275, -27.8062, -1.0876, 0.3556, 167.87
731, 1167, 33, -1, 0.5556, 17.9857, -10.2362, -14.7887, 0.2222, 202.75
732, 1165, 38, 62, 0.6000, 19.0394, -11.4918, 15.1802, 0.1800, 202.67
733, 1167, 23, 4, 0.7111, 6.1093, -6.1092, -0.0444, 0.3556, 206.20
733, 1165, 27, 78, 0.5000, 19.0394, -11.4918, 15.1802, 0.1500, 202.67
734, 1161, 10, 19, 0.6000, 10.2413, 7.2129, 7.2704, 0.1800, 200.00
734, 1163, 43, 42, 0.6000, 8.1318, 3.6424, 7.2704, 0.1800, 205.33
734, 1165, 12, 92, 0.6556, 19.8096, -13.2611, 14.7162, 0.2622, 202.25
734, 1172, 0, 92, 0.6000, 10.2409, -10.2408, 0.0469, 0.1800, 194.00
735, 1161, 41, 42, 0.6556, 34.1420, 27.3285, 20.4653, 0.2622, 200.50
735, 1163, 52, 47, 0.6556, 10.1770, 8.7097, 5.2643, 0.2622, 207.25
735, 1165, 12, 94, 0.7111, 3.4430, -1.3881, 3.1508, 0.3556, 201.80
735, 1172, -1, 94, 0.6556, 3.2547, -2.8860, 1.5048, 0.2622, 190.75
736, 1161, 47, 48, 0.7111, 11.7134, 9.1217, 7.3483, 0.3556, 200.40
736, 1163, 60, 51, 0.7111, 9.0240, 8.0711, 4.0362, 0.3556, 208.00
736, 1168, 93, 29, 0.6000, 46.1922, 42.8413, 17.2726, 0.1800, 189.67
736, 1169, 20, 19, 0.6000, 16.1610, 12.7052, -9.9878, 0.1800, 216.17
736, 1172, -4, 95, 0.5556, 3.2547, -2.8860, 1.5048, 0.2222, 190.75
737, 1153, 122, 121, 0.6000, 39.5711, 39.3846, 3.8375, 0.1800, 100.67
737, 1169, 23, 17, 0.6556, 5.5752, 4.6593, -3.0617, 0.2622, 217.88
737, 1137, 102, 33, 0.5625, 20.8188, 2.8527, 20.6225, 0.2250, 171.25
737, 1163, 68, 55, 0.6111, 9.0240, 8.0711, 4.0362, 0.3056, 208.00
737, 1168, 136, 46, 0.5000, 46.1922, 42.8413, 17.2726, 0.1500, 189.67
738, 1160, 50, 71, 0.6000, 2.9753, 2.8200, -0.9486, 0.1800, 238.00
738, 1168, 114, 33, 0.6556, 5.9885, 5.9711, 0.4568, 0.2622, 177.00
738, 1169, 41, 13, 0.7111, 16.4740, 16.0689, -3.6305, 0.3556, 212.90
738, 1137, 102, 37, 0.6222, 5.8104, 0.7810, 5.7577, 0.3111, 168.60
738, 1153, 162, 125, 0.5000, 39.5711, 39.3846, 3.8375, 0.1500, 100.67
738, 1163, 76, 59, 0.5111, 9.0240, 8.0711, 4.0362, 0.2556, 208.00
739, 1160, 52, 70, 0.7056, 2.5396, 2.3244, -1.0232, 0.2822, 242.25
739, 1168, 119, 34, 0.5556, 5.9885, 5.9711, 0.4568, 0.2222, 177.00
739, 1137, 103, 42, 0.5222, 5.8104, 0.7810, 5.7577, 0.2611, 168.60
740, 1160, 55, 69, 0.7611, 2.9555, 2.7756, -1.0152, 0.3806, 244.20
740, 1137, 110, 56, 0.6806, 10.9552, 4.1426, 10.1417, 0.4083, 163.33
740, 1138, 103, 9, 0.5625, 11.0115, -9.4464, 5.6584, 0.2250, 156.17
741, 1160, 57, 68, 0.8167, 2.4618, 2.2485, -1.0024, 0.4900, 245.17
741, 1132, 105, 17, 0.5625, 13.0890, 7.2273, -10.9128, 0.2250, 152.12
741, 1138, 102, 10, 0.6222, 3.0439, -2.6097, 1.5668, 0.3111, 154.73
741, 1140, 47, 49, 0.5625, 1.3226, 0.9353, 0.9353, 0.2250, 204.75
741, 1137, 114, 66, 0.5806, 10.9552, 4.1426, 10.1417, 0.3483, 163.33
742, 1160, 60, 67, 0.8722, 2.9196, 2.7435, -0.9987, 0.6106, 246.57
742, 1132, 112, 7, 0.6222, 12.2378, 6.8015, -10.1737, 0.3111, 157.30
742, 1138, 94, 19, 0.6806, 11.0405, -7.3561, 8.2329, 0.4083, 156.44
742, 1173, 49, 88, 0.6000, 69.6194, 23.4289, 65.5588, 0.1800, 193.33
743, 1160, 62, 66, 0.9278, 2.4650, 2.2534, -0.9992, 0.7422, 247.00
743, 1132, 113, 6, 0.6806, 2.1980, 1.5565, -1.5519, 0.4083, 166.08
743, 1140, 42, 79, 0.6222, 16.9097, -2.7506, 16.6845, 0.3111, 202.40
743, 1176, 24, 92, 0.6000, 20.7124, -17.1470, 11.6181, 0.1800, 191.67
743, 1138, 87, 27, 0.5806, 11.0405, -7.3561, 8.2329, 0.3483, 156.44
743, 1173, 73, 153, 0.5000, 69.6194, 23.4289, 65.5588, 0.1500, 193.33
744, 1160, 65, 65, 0.9833, 2.9193, 2.7428, -0.9999, 0.8850, 247.67
744, 1162, 109, 10, 0.6000, 56.3459, 55.3591, -10.4990, 0.1800, 197.67
744, 1163, 97, 67, 0.7667, 3.4462, 3.2461, 1.1570, 0.4600, 198.17
744, 1137, 112, 61, 0.7951, 0.4178, -0.1330, 0.3961, 0.6361, 155.88
744, 1140, 27, 93, 0.6806, 20.3428, -14.1319, 14.6327, 0.4083, 199.83
744, 1174, 20, 13, 0.6000, 22.2224, -22.1583, -1.6869, 0.1800, 206.33
744, 1132, 115, 5, 0.5806, 2.1980, 1.5565, -1.5519, 0.3483, 166.08
744, 1176, 7, 104, 0.5000, 20.7124, -17.1470, 11.6181, 0.1500, 191.67
745, 1160, 68, 64, 1.0000, 3.1694, 3.0075, -1.0001, 1.0000, 248.10
745, 1138, 77, 61, 0.7381, 16.3160, -5.2341, 15.4536, 0.5167, 162.95
745, 1140, 24, 95, 0.7381, 5.1542, -4.1083, 3.1125, 0.5167, 196.43
745, 1174, 9, 21, 0.6556, 14.1369, -12.2629, 7.0337, 0.2622, 217.25
745, 1145, 54, 23, 0.5143, 33.4827, -32.8458, 6.4996, 0.3600, 178.43
745, 1182, 35, 34, 0.6000, 21.0172, 19.6403, 7.4820, 0.1800, 197.33
745, 1162, 164, 0, 0.5000, 56.3459, 55.3591, -10.4990, 0.1500, 197.67
745, 1163, 100, 68, 0.6667, 3.4462, 3.2461, 1.1570, 0.4000, 198.17
746, 1160, 70, 63, 1.0000, 2.5063, 2.2981, -1.0000, 1.0000, 248.55
746, 1140, 26, 94, 0.7951, 1.5691, 1.2632, -0.9308, 0.6361, 196.12
746, 1174, 10, 23, 0.7111, 2.2237, -0.8239, 2.0655, 0.3556, 220.00
746, 1182, 54, 26, 0.6556, 19.8499, 19.0864, -5.4523, 0.2622, 203.00
747, 1160, 73, 63, 1.0000, 2.7225, 2.7100, -0.2609, 1.0000, 248.83
747, 1174, 12, 22, 0.7667, 1.7809, 1.4727, -1.0014, 0.4600, 221.67
747, 1182, 57, 24, 0.7111, 4.9653, 4.4406, -2.2216, 0.3556, 204.20
748, 1160, 75, 62, 1.0000, 2.3547, 2.2508, -0.6917, 1.0000, 249.15
748, 1182, 55, 26, 0.7667, 1.8332, -1.0872, 1.4760, 0.4600, 206.83
748, 1056, 109, 15, 0.5250, 1.0302, -0.0469, 1.0291, 0.3150, 206.33
749, 1160, 77, 62, 1.0000, 2.0130, 1.9971, -0.2523, 1.0000, 247.57
749, 1181, 38, 75, 0.6000, 26.5824, 20.9725, 16.3332, 0.1800, 193.00
749, 1056, 108, 17, 0.6341, 1.9149, -0.7500, 1.7619, 0.4439, 204.29
749, 1187, 114, 35, 0.6000, 48.6063, 46.8095, -13.0935, 0.1800, 202.33
750, 1160, 81, 60, 1.0000, 3.7101, 3.4132, -1.4543, 1.0000, 248.07
750, 1181, 42, 78, 0.6556, 7.5215, 5.6064, 5.0142, 0.2622, 193.75
750, 1056, 107, 18, 0.6924, 1.6420, -1.0331, 1.2762, 0.5539, 206.75
750, 1187, 161, 22, 0.5000, 48.6063, 46.8095, -13.0935, 0.1500, 202.33
751, 1160, 83, 59, 1.0000, 2.9248, 2.6132, -1.3137, 1.0000, 248.12
751, 1143, 16, 74, 0.5625, 36.0629, 3.7531, -35.8671, 0.2250, 170.75
751, 1181, 40, 76, 0.7111, 1.2658, -0.6897, -1.0614, 0.3556, 193.00
751, 1056, 106, 20, 0.7500, 2.0478, -1.0490, 1.7587, 0.6750, 201.44
752, 1160, 86, 58, 1.0000, 2.9636, 2.7651, -1.0662, 1.0000, 246.43
752, 1143, 10, 11, 0.6222, 59.5412, -4.2122, -59.3921, 0.3111, 177.80
752, 1181, 38, 75, 0.7667, 2.1664, -1.8448, -1.1359, 0.4600, 195.50
752, 1056, 106, 21, 0.8072, 1.2772, -0.2538, 1.2518, 0.8072, 202.60
752, 1063, 29, 2, 0.5051, 45.5329, -44.7596, -8.3559, 0.5051, 144.88
752, 1199, 3, 125, 0.6000, 8.6226, -8.4173, -1.8705, 0.1800, 148.00
753, 1160, 101, 64, 1.0000, 13.7940, 12.9562, 4.7342, 1.0000, 240.80
753, 1170, 21, 90, 0.6000, 9.6581, -0.9533, 9.6109, 0.1800, 179.33
753, 1181, 38, 74, 0.8222, 1.1969, -0.5892, -1.0418, 0.5756, 195.00
753, 1056, 105, 22, 0.8641, 1.2119, -0.7022, 0.9877, 0.8641, 200.09
753, 1143, 6, -48, 0.5222, 59.5412, -4.2122, -59.3921, 0.2611, 177.80
753, 1199, -5, 123, 0.5000, 8.6226, -8.4173, -1.8705, 0.1500, 148.00
754, 1170, 27, 118, 0.6556, 26.5096, 5.0161, 26.0307, 0.2622, 170.50
754, 1171, 81, 94, 0.6000, 20.2206, 18.2754, 8.6533, 0.1800, 163.33
754, 1175, 0, 70, 0.6000, 57.9140, -6.6094, 57.5356, 0.1800, 201.00
754, 1181, 38, 91, 0.8778, 15.4615, 0.0569, 15.4614, 0.7022, 194.00
754, 1056, 96, 32, 0.8708, 12.5523, -8.5095, 9.2276, 0.8708, 196.08
754, 1195, 9, 69, 0.6000, 47.9690, -24.0437, 41.5082, 0.1800, 206.67
754, 1202, 70, 12, 0.6000, 34.2304, 33.2522, -8.1248, 0.1800, 202.33
754, 1205, 91, 57, 0.6000, 1.9863, 1.7766, -0.8883, 0.1800, 226.67
754, 1160, 114, 68, 0.9000, 13.7940, 12.9562, 4.7342, 0.9000, 240.80
755, 1171, 84, 95, 0.6556, 5.5358, 5.0023, 2.3711, 0.2622, 158.75
755, 1175, 9, 127, 0.6556, 57.6272, 6.4436, 57.2658, 0.2622, 181.50
755, 1056, 90, 46, 0.9274, 14.3927, -5.5328, 13.2867, 0.9274, 194.54
755, 1186, 34, 3, 0.6000, 73.2254, -70.1449, -21.0157, 0.1800, 173.00
755, 1201, 7, 5, 0.6000, 34.3692, -34.3238, 1.7663, 0.1800, 214.33
755, 1202, 104, 22, 0.6556, 34.5428, 33.5566, 8.1949, 0.2622, 197.50
755, 1203, 56, 17, 0.6000, 39.5266, -39.4858, 1.7948, 0.1800, 171.00
755, 1205, 94, 56, 0.7056, 2.9784, 2.7977, -1.0215, 0.2822, 232.25
755, 1160, 127, 73, 0.8000, 13.7940, 12.9562, 4.7342, 0.8000, 240.80
755, 1170, 32, 144, 0.5556, 26.5096, 5.0161, 26.0307, 0.2222, 170.50
755, 1195, -15, 110, 0.5000, 47.9690, -24.0437, 41.5082, 0.1500, 206.67
756, 1171, 83, 94, 0.7111, 0.5820, -0.5264, -0.2483, 0.3556, 155.60
756, 1056, 88, 49, 0.9837, 5.0456, -3.1842, 3.9140, 0.9837, 193.86
756, 1191, 28, 1, 0.6000, 3.8880, -2.7022, -2.7955, 0.1800, 211.67
756, 1203, 4, 14, 0.6556, 50.7081, -50.6468, -2.4933, 0.2622, 180.75
756, 1205, 102, 31, 0.7111, 23.6773, 7.6673, -22.4015, 0.3556, 216.60
756, 1160, 140, 78, 0.7000, 13.7940, 12.9562, 4.7342, 0.7000, 240.80
756, 1175, 15, 184, 0.5556, 57.6272, 6.4436, 57.2658, 0.2222, 181.50
756, 1186, -36, -18, 0.5000, 73.2254, -70.1449, -21.0157, 0.1500, 173.00
756, 1201, -28, 7, 0.5000, 34.3692, -34.3238, 1.7663, 0.1500, 214.33
756, 1202, 138, 30, 0.5556, 34.5428, 33.5566, 8.1949, 0.2222, 197.50
757, 1171, 85, 95, 0.7667, 1.4018, 1.3637, 0.3243, 0.4600, 153.33
757, 1184, 13, 12, 0.6000, 9.3581, -5.5917, 7.5038, 0.1800, 213.00
757, 1056, 63, 39, 1.0000, 23.6012, -22.2246, -7.9427, 1.0000, 194.40
757, 1191, 28, 1, 0.7056, 1.1536, -0.8326, -0.7985, 0.2822, 214.00
757, 1205, 104, 25, 0.7667, 8.0319, 2.5157, -7.6278, 0.4600, 212.50
757, 1160, 153, 83, 0.6000, 13.7940, 12.9562, 4.7342, 0.6000, 240.80
757, 1203, -47, 11, 0.5556, 50.7081, -50.6468, -2.4933, 0.2222, 180.75
758, 1160, 122, 80, 1.0000, 3.1561, 1.4751, 2.7901, 1.0000, 233.07
758, 1171, 85, 95, 0.8222, 0.6088, 0.5880, 0.1579, 0.5756, 152.00
758, 1184, 4, 22, 0.6556, 13.4023, -9.2109, 9.7355, 0.2622, 210.50
758, 1191, 28, 1, 0.7611, 0.0902, 0.0501, 0.0751, 0.3806, 215.60
759, 1171, 85, 95, 0.8778, 0.0231, 0.0200, 0.0115, 0.7022, 150.75
759, 1184, -1, 28, 0.7111, 8.7131, -4.9426, 7.1755, 0.3556, 210.40
759, 1197, 96, 53, 0.6000, 32.4715, -23.8494, 22.0364, 0.1800, 152.33
759, 1191, 28, 1, 0.6611, 0.0902, 0.0501, 0.0751, 0.3306, 215.60
760, 1171, 82, 94, 0.9333, 2.5268, -2.3993, -0.7926, 0.8400, 149.89
760, 1178, 119, 76, 0.6000, 82.8472, 79.5856, -23.0173, 0.1800, 140.67
760, 1197, 74, 67, 0.6556, 26.9070, -22.3607, 14.9662, 0.2622, 164.00
760, 1208, 49, 122, 0.6000, 41.3800, 27.4364, 30.9766, 0.1800, 184.33
760, 1209, 101, 16, 0.6000, 52.4794, 51.3817, 10.6773, 0.1800, 190.00
760, 1211, 41, 33, 0.6000, 35.6749, 4.3760, -35.4055, 0.1800, 204.33
760, 1214, 2, 81, 0.6000, 4.6614, -0.8492, 4.5834, 0.1800, 211.83
760, 1217, 92, 56, 0.6000, 38.1486, 36.4748, -11.1761, 0.1800, 188.33
760, 1184, -6, 36, 0.6111, 8.7131, -4.9426, 7.1755, 0.3056, 210.40
760, 1191, 28, 1, 0.5611, 0.0902, 0.0501, 0.0751, 0.2806, 215.60
761, 1191, 28, 1, 0.8167, 0.0769, 0.0575, 0.0510, 0.4900, 216.33
761, 1197, 55, 72, 0.7111, 19.6744, -18.8386, 5.6733, 0.3556, 170.20
761, 1206, 54, 39, 0.6000, 71.4995, -65.1677, -29.4169, 0.1800, 135.33
761, 1211, 39, 3, 0.6556, 30.9164, -0.8809, -30.9039, 0.2622, 207.25
761, 1218, 36, 70, 0.6000, 26.0363, -9.3056, -24.3165, 0.1800, 200.50
761, 1178, 198, 53, 0.5000, 82.8472, 79.5856, -23.0173, 0.1500, 140.67
761, 1184, -11, 43, 0.5111, 8.7131, -4.9426, 7.1755, 0.2556, 210.40
761, 1208, 77, 153, 0.5000, 41.3800, 27.4364, 30.9766, 0.1500, 184.33
761, 1209, 152, 27, 0.5000, 52.4794, 51.3817, 10.6773, 0.1500, 190.00
761, 1214, 1, 85, 0.5000, 4.6614, -0.8492, 4.5834, 0.1500, 211.83
761, 1217, 129, 44, 0.5000, 38.1486, 36.4748, -11.1761, 0.1500, 188.33
762, 1184, 0, 58, 0.7667, 10.5621, 1.4855, 10.4571, 0.4600, 206.17
762, 1191, 36, 7, 0.8222, 9.2992, 7.3402, 5.7093, 0.5756, 215.43
762, 1197, 34, 75, 0.7667, 21.8398, -21.5059, 3.8039, 0.4600, 175.33
762, 1206, 13, 17, 0.6556, 49.6442, -43.8732, -23.2311, 0.2622, 153.25
762, 1212, 52, 76, 0.6000, 5.3284, 5.2644, 0.8230, 0.1800, 190.00
762, 1214, 1, 93, 0.6556, 6.3059, -0.5261, 6.2839, 0.2622, 204.38
762, 1217, 108, 40, 0.6556, 8.7342, 4.4792, -7.4982, 0.2622, 179.75
762, 1218, 41, 33, 0.6556, 35.5910, 2.6593, -35.4915, 0.2622, 208.12
762, 1211, 38, -28, 0.5556, 30.9164, -0.8809, -30.9039, 0.2222, 207.25
763, 1180, 71, 39, 0.6000, 30.2006, 25.9844, -15.3910, 0.1800, 201.00
763, 1191, 49, 5, 0.8778, 12.6370, 12.5949, -1.0302, 0.7022, 214.25
763, 1217, 124, 32, 0.7111, 16.8188, 14.9547, -7.6959, 0.3556, 167.60
763, 1218, 24, 12, 0.7111, 27.1059, -14.6002, -22.8378, 0.3556, 207.70
763, 1172, 25, 55, 0.5143, 32.9745, 22.3008, -24.2897, 0.3600, 199.29
763, 1219, 7, 81, 0.6000, 1.8852, 1.8705, 0.2347, 0.1800, 241.67
763, 1197, 12, 79, 0.6667, 21.8398, -21.5059, 3.8039, 0.4000, 175.33
763, 1206, -31, -6, 0.5556, 49.6442, -43.8732, -23.2311, 0.2222, 153.25
763, 1212, 58, 77, 0.5000, 5.3284, 5.2644, 0.8230, 0.1500, 190.00
763, 1214, 0, 99, 0.5556, 6.3059, -0.5261, 6.2839, 0.2222, 204.38
764, 1180, 104, 38, 0.6556, 32.1160, 32.0020, -2.7028, 0.2622, 188.00
764, 1191, 52, 5, 0.9333, 3.7316, 3.7090, -0.4094, 0.8400, 214.11
764, 1196, 64, 49, 0.6000, 24.0467, 16.0285, 17.9258, 0.1800, 197.33
764, 1219, 9, 81, 0.7056, 2.0335, 2.0334, -0.0239, 0.2822, 245.00
764, 1224, 66, 41, 0.6000, 0.9833, 0.9822, 0.0469, 0.1800, 221.00
764, 1228, 88, 97, 0.6000, 1.3226, 0.9353, 0.9353, 0.1800, 132.00
764, 1229, 73, 89, 0.6000, 21.5920, -1.8705, -21.5108, 0.1800, 151.33
764, 1197, -10, 83, 0.5667, 21.8398, -21.5059, 3.8039, 0.3400, 175.33
764, 1218, 10, -11, 0.6111, 27.1059, -14.6002, -22.8378, 0.3056, 207.70
765, 1180, 110, 39, 0.7111, 8.4108, 8.3517, 0.9954, 0.3556, 180.20
765, 1191, 51, 5, 0.9889, 0.4201, -0.4200, -0.0061, 0.9889, 212.90
765, 1196, 88, 93, 0.6556, 46.5939, 22.7347, 40.6710, 0.2622, 181.75
765, 1214, 0, 100, 0.7111, 1.4937, -0.2797, 1.4673, 0.3556, 196.30
765, 1219, 11, 81, 0.7611, 2.0296, 2.0293, -0.0396, 0.3806, 246.40
765, 1224, 67, 41, 0.7056, 1.0119, 1.0119, -0.0048, 0.2822, 216.25
765, 1228, 111, 115, 0.6556, 25.1258, 19.8860, 15.3574, 0.2622, 120.50
765, 1229, 54, 42, 0.6556, 46.7259, -16.3741, -43.7630, 0.2622, 162.25
766, 1191, 60, 12, 1.0000, 10.4751, 8.4660, 6.1689, 1.0000, 214.27
766, 1193, 49, 52, 0.6000, 45.0604, -25.6551, 37.0439, 0.1800, 193.83
766, 1212, 72, 72, 0.7056, 5.0176, 4.8007, -1.4593, 0.2822, 191.00
766, 1214, 8, 81, 0.7667, 19.2209, 7.2846, -17.7869, 0.4600, 199.42
766, 1219, 13, 81, 0.8167, 2.0063, 2.0063, -0.0116, 0.4900, 247.33
766, 1224, 59, 40, 0.7111, 7.4323, -7.3922, -0.7714, 0.3556, 212.00
766, 1229, 23, 7, 0.7111, 46.5424, -30.2066, -35.4084, 0.3556, 174.80
766, 1196, 111, 134, 0.5556, 46.5939, 22.7347, 40.6710, 0.2222, 181.75
766, 1228, 131, 130, 0.5556, 25.1258, 19.8860, 15.3574, 0.2222, 120.50
767, 1185, 9, 27, 0.6000, 30.7631, -29.7859, 7.6921, 0.1800, 209.33
767, 1188, 37, 64, 0.6000, 0.9455, -0.0027, -0.9454, 0.1800, 194.33
767, 1191, 64, 15, 1.0000, 5.1200, 4.0587, 3.1210, 1.0000, 215.50
767, 1193, 15, 86, 0.6556, 47.7501, -32.9060, 34.6016, 0.2622, 187.88
767, 1212, 93, 46, 0.7111, 31.8668, 20.1258, -24.7072, 0.3556, 194.60
767, 1219, 14, 81, 0.8722, 1.2379, 1.2379, 0.0013, 0.6106, 248.43
767, 1227, 56, 94, 0.6000, 12.0379, 9.7355, 7.0804, 0.1800, 173.67
767, 1233, 22, 8, 0.6000, 41.0103, -41.0103, -0.0469, 0.1800, 207.00
767, 1224, 51, 39, 0.6111, 7.4323, -7.3922, -0.7714, 0.3056, 212.00
767, 1229, -8, -28, 0.6111, 46.5424, -30.2066, -35.4084, 0.3056, 174.80
768, 1188, 37, 64, 0.7056, 0.2702, 0.0012, -0.2702, 0.2822, 199.25
768, 1191, 65, 15, 1.0000, 1.1179, 1.0791, 0.2921, 1.0000, 217.46
768, 1219, 16, 81, 0.9278, 1.7023, 1.7023, 0.0022, 0.7422, 249.00
768, 1227, 59, 95, 0.6556, 4.1249, 3.8490, 1.4832, 0.2622, 175.88
768, 1233, 3, 18, 0.6556, 23.8914, -22.1060, 9.0621, 0.2622, 206.75
768, 1185, -21, 34, 0.5000, 30.7631, -29.7859, 7.6921, 0.1500, 209.33
768, 1193, -18, 121, 0.5556, 47.7501, -32.9060, 34.6016, 0.2222, 187.88
768, 1224, 44, 39, 0.5111, 7.4323, -7.3922, -0.7714, 0.2556, 212.00
769, 1188, 37, 63, 0.7611, 0.7401, 0.0008, -0.7401, 0.3806, 207.20
769, 1191, 64, 15, 1.0000, 0.4571, -0.1800, 0.4202, 1.0000, 219.64
769, 1219, 18, 81, 0.9833, 1.9942, 1.9942, 0.0007, 0.8850, 249.67
769, 1222, 70, 39, 0.6000, 11.7098, 11.6721, 0.9383, 0.1800, 204.33
769, 1224, 50, 36, 0.7667, 2.3691, -1.8138, -1.5242, 0.4600, 210.00
769, 1227, 60, 95, 0.7111, 1.6968, 1.6559, 0.3705, 0.3556, 178.50
769, 1233, -19, 27, 0.5556, 23.8914, -22.1060, 9.0621, 0.2222, 206.75
770, 1188, 37, 62, 0.8167, 1.0073, 0.0001, -1.0073, 0.4900, 205.50
770, 1191, 65, 16, 1.0000, 1.0328, 0.5377, 0.8818, 1.0000, 219.07
770, 1219, 20, 81, 1.0000, 2.0418, 2.0418, -0.0001, 1.0000, 249.80
770, 1221, 9, 21, 0.6000, 5.6005, -0.9394, -5.5211, 0.1800, 208.00
770, 1222, 98, 36, 0.6556, 25.8614, 25.7118, -2.7782, 0.2622, 193.50
770, 1227, 62, 94, 0.7667, 1.8060, 1.5992, -0.8391, 0.4600, 177.92
770, 1235, 21, 6, 0.6000, 0.9364, 0.0469, -0.9353, 0.1800, 243.00
771, 1188, 37, 62, 0.8722, 0.2801, -0.0001, -0.2801, 0.6106, 209.14
771, 1191, 65, 17, 1.0000, 1.0650, 0.2317, 1.0395, 1.0000, 221.00
771, 1204, 88, 50, 0.6000, 18.2804, 18.1809, -1.9049, 0.1800, 191.67
771, 1219, 22, 81, 1.0000, 2.0178, 2.0178, -0.0001, 1.0000, 250.27
771, 1221, 20, 6, 0.6556, 16.8206, 9.6147, -13.8018, 0.2622, 218.50
771, 1227, 62, 94, 0.8222, 0.5258, 0.3693, -0.3743, 0.5756, 175.50
771, 1234, 94, 21, 0.6000, 18.9213, 17.8590, -6.2507, 0.1800, 182.67
771, 1235, 42, 2, 0.6556, 18.4046, 18.1098, -3.2810, 0.2622, 231.00
771, 1222, 123, 33, 0.5556, 25.8614, 25.7118, -2.7782, 0.2222, 193.50
772, 1188, 37, 61, 0.9278, 0.7186, -0.0000, -0.7186, 0.7422, 208.00
772, 1191, 70, 36, 1.0000, 17.6820, 4.5936, 17.0749, 1.0000, 220.76
772, 1219, 24, 81, 1.0000, 2.0010, 2.0010, -0.0000, 1.0000, 250.50
772, 1221, 23, 3, 0.7111, 5.6964, 3.6660, -4.3600, 0.3556, 222.20
772, 1227, 65, 94, 0.8778, 2.1997, 2.1996, -0.0206, 0.7022, 174.19
772, 1234, 119, 18, 0.6556, 24.1374, 23.8844, -3.4857, 0.2622, 169.50
772, 1062, 14, 79, 0.5145, 5.0596, 3.1554, -3.9552, 0.5145, 173.69
772, 1204, 106, 48, 0.5000, 18.2804, 18.1809, -1.9049, 0.1500, 191.67
772, 1235, 60, -1, 0.5556, 18.4046, 18.1098, -3.2810, 0.2222, 231.00
773, 1188, 34, 48, 0.9333, 11.9052, -3.0071, -11.5192, 0.8400, 207.22
773, 1216, 93, 99, 0.6000, 14.8495, 13.2802, -6.6441, 0.1800, 123.33
773, 1219, 26, 81, 1.0000, 1.9977, 1.9977, 0.0000, 1.0000, 250.85
773, 1221, 23, 3, 0.7667, 0.4153, -0.0033, -0.4153, 0.4600, 227.67
773, 1227, 67, 94, 0.7778, 2.1997, 2.1996, -0.0206, 0.6222, 174.19
773, 1234, 143, 14, 0.5556, 24.1374, 23.8844, -3.4857, 0.2222, 169.50
774, 1204, 97, 44, 0.6556, 2.1408, -0.5994, -2.0551, 0.2622, 184.50
774, 1219, 28, 81, 1.0000, 1.9989, 1.9989, 0.0000, 1.0000, 250.86
774, 1227, 68, 95, 0.9333, 1.7243, 1.6194, 0.5923, 0.8400, 172.50
774, 1235, 67, 19, 0.7111, 9.7324, 6.0985, 7.5848, 0.3556, 233.60
774, 1216, 107, 93, 0.5000, 14.8495, 13.2802, -6.6441, 0.1500, 123.33
775, 1204, 83, 42, 0.7111, 13.0701, -12.9139, -2.0145, 0.3556, 187.60
775, 1219, 30, 81, 1.0000, 1.9999, 1.9999, 0.0000, 1.0000, 248.67
775, 1227, 69, 95, 0.9889, 1.1136, 1.1015, 0.1637, 0.9889, 170.35
776, 1219, 32, 82, 1.0000, 2.1266, 2.0001, 0.7225, 1.0000, 249.06
776, 1227, 71, 95, 1.0000, 1.7184, 1.7182, -0.0224, 1.0000, 170.32
776, 1236, 49, 1, 0.6556, 9.9663, -8.4125, -5.3440, 0.2622, 202.50
776, 1190, 37, 61, 0.5625, 1.8705, 0.0000, 1.8705, 0.2250, 199.50
776, 1240, 18, 1, 0.6000, 0.9353, 0.0000, 0.9353, 0.1800, 252.33
777, 1159, 94, 100, 0.5625, 61.3521, 48.3763, 37.7335, 0.2250, 210.00
777, 1216, 123, 121, 0.6556, 10.4660, 5.8226, 8.6968, 0.2622, 111.00
777, 1219, 33, 82, 1.0000, 1.3204, 1.2817, 0.3172, 1.0000, 249.12
777, 1227, 73, 95, 1.0000, 2.0205, 2.0203, -0.0315, 1.0000, 168.96
777, 1236, 26, 1, 0.7111, 21.4400, -21.4352, -0.4554, 0.3556, 207.40
777, 1190, 20, 80, 0.6222, 22.8314, -15.0955, 17.1289, 0.3111, 196.00
777, 1240, 10, 19, 0.6556, 16.7927, -6.7930, 15.3574, 0.2622, 243.50
778, 1159, 122, 125, 0.6222, 40.5218, 30.4104, 26.7810, 0.3111, 184.00
778, 1219, 21, 71, 1.0000, 13.4434, -9.7470, -9.2586, 1.0000, 245.78
778, 1220, 64, 8, 0.6000, 18.7982, -13.2883, -13.2964, 0.1800, 186.67
778, 1227, 74, 95, 1.0000, 1.2848, 1.2848, -0.0088, 1.0000, 168.50
778, 1236, 21, 1, 0.7667, 6.9529, -6.9511, -0.1590, 0.4600, 214.67
778, 1240, 14, 32, 0.7111, 14.2096, 2.8478, 13.9213, 0.3556, 235.00
778, 1216, 129, 129, 0.5556, 10.4660, 5.8226, 8.6968, 0.2222, 111.00
778, 1190, 4, 98, 0.5222, 22.8314, -15.0955, 17.1289, 0.2611, 196.00
779, 1220, 59, 2, 0.6556, 9.0461, -6.0093, -6.7617, 0.2622, 195.50
779, 1227, 76, 95, 1.0000, 1.7239, 1.7239, 0.0012, 1.0000, 168.82
779, 1179, 92, 23, 0.5625, 22.9663, 22.9662, -0.0583, 0.2250, 200.75
779, 1236, 23, 0, 0.8222, 1.5335, 1.3288, -0.7653, 0.5756, 217.71
779, 1240, 33, 55, 0.7667, 27.5706, 17.3633, 21.4162, 0.4600, 231.33
779, 1159, 152, 152, 0.5222, 40.5218, 30.4104, 26.7810, 0.2611, 184.00
779, 1219, 12, 62, 0.9000, 13.4434, -9.7470, -9.2586, 0.9000, 245.78
780, 1220, 46, 1, 0.7111, 12.0247, -11.9284, -1.5187, 0.3556, 195.60
780, 1226, 82, 93, 0.6556, 13.4480, -8.3043, 10.5777, 0.2622, 142.50
780, 1227, 77, 95, 1.0000, 1.2373, 1.2373, 0.0018, 1.0000, 167.50
780, 1240, 41, 81, 0.8222, 27.3823, 8.3995, 26.0622, 0.5756, 234.14
781, 1227, 81, 95, 1.0000, 3.2550, 3.2550, 0.0005, 1.0000, 165.91
781, 1179, 97, 25, 0.6222, 1.1761, -0.3777, 1.1138, 0.3111, 193.60
781, 1239, 58, 48, 0.6000, 67.7478, 32.1248, -59.6469, 0.1800, 171.00
781, 1220, 34, -1, 0.6111, 12.0247, -11.9284, -1.5187, 0.3056, 195.60
781, 1226, 74, 104, 0.5556, 13.4480, -8.3043, 10.5777, 0.2222, 142.50
781, 1240, 49, 107, 0.7222, 27.3823, 8.3995, 26.0622, 0.5056, 234.14
782, 1226, 86, 124, 0.7111, 16.2656, 3.4142, 15.9032, 0.3556, 137.80
782, 1227, 81, 95, 1.0000, 1.1041, 1.1041, -0.0001, 1.0000, 164.97
782, 1179, 95, 25, 0.6806, 1.3587, -1.3246, 0.3024, 0.4083, 191.83
782, 1238, 21, 123, 0.6000, 37.8784, 0.9151, 37.8673, 0.1800, 176.00
782, 1239, 101, 13, 0.6556, 55.5164, 40.7817, -37.6686, 0.2622, 169.00
782, 1132, 54, 20, 0.5000, 51.5591, -51.3059, 5.1039, 0.4500, 186.22
782, 1198, 111, 106, 0.5625, 52.4258, 48.6925, 19.4293, 0.2250, 142.00
782, 1207, 36, 54, 0.5625, 0.9822, 0.0000, -0.9822, 0.2250, 226.00
782, 1220, 22, -2, 0.5111, 12.0247, -11.9284, -1.5187, 0.2556, 195.60
783, 1220, 4, 0, 0.7667, 14.5352, -14.5351, -0.0575, 0.4600, 204.92
783, 1223, 93, 42, 0.6000, 0.9606, 0.9606, 0.0098, 0.1800, 178.67
783, 1242, 100, 18, 0.6000, 31.6996, 27.5572, -15.6674, 0.1800, 187.67
783, 1207, 10, 63, 0.6222, 23.7880, -22.6432, 7.2906, 0.3111, 218.60
783, 1226, 90, 140, 0.6111, 16.2656, 3.4142, 15.9032, 0.3056, 137.80
783, 1227, 83, 95, 0.9000, 1.1041, 1.1041, -0.0001, 0.9000, 164.97
783, 1238, 22, 161, 0.5000, 37.8784, 0.9151, 37.8673, 0.1500, 176.00
783, 1239, 141, -24, 0.5556, 55.5164, 40.7817, -37.6686, 0.2222, 169.00
784, 1223, 78, 37, 0.6556, 13.3593, -12.5668, -4.5328, 0.2622, 183.25
784, 1227, 84, 96, 1.0000, 1.4136, 1.3039, 0.5461, 1.0000, 163.86
784, 1061, 76, 109, 0.5250, 24.2309, -23.1468, 7.1669, 0.3150, 118.50
784, 1220, -10, 0, 0.6667, 14.5352, -14.5351, -0.0575, 0.4000, 204.92
784, 1242, 127, 3, 0.5000, 31.6996, 27.5572, -15.6674, 0.1500, 187.67
784, 1207, -13, 70, 0.5222, 23.7880, -22.6432, 7.2906, 0.2611, 218.60
785, 1223, 70, 38, 0.7111, 8.5591, -8.5359, 0.6308, 0.3556, 195.00
785, 1227, 85, 96, 1.0000, 1.0968, 1.0846, 0.1632, 1.0000, 163.71
785, 1183, 9, 4, 0.5625, 12.7337, -8.5302, -9.4542, 0.2250, 223.75
785, 1243, 66, 46, 0.6000, 15.3259, 3.7057, -14.8712, 0.1800, 196.50
785, 1061, 69, 113, 0.5841, 10.6103, -9.5998, 4.5191, 0.4089, 121.57
785, 1247, 71, 107, 0.6556, 5.1082, 1.6569, 4.8320, 0.2622, 154.25
785, 1220, -25, 0, 0.5667, 14.5352, -14.5351, -0.0575, 0.3400, 204.92
786, 1223, 65, 45, 0.7667, 8.1612, -5.2454, 6.2523, 0.4600, 204.50
786, 1243, 70, 25, 0.6556, 20.7014, 4.1289, -20.2855, 0.2622, 194.62
786, 1227, 86, 96, 0.9000, 1.0968, 1.0846, 0.1632, 0.9000, 163.71
786, 1247, 73, 112, 0.5556, 5.1082, 1.6569, 4.8320, 0.2222, 154.25
787, 1197, 35, 51, 1.0000, 20.0953, 6.1094, -19.1441, 1.0000, 179.06
787, 1223, 58, 54, 0.8222, 11.4579, -6.8709, 9.1692, 0.5756, 200.29
787, 1227, 88, 96, 1.0000, 1.5117, 1.5107, -0.0543, 1.0000, 162.43
787, 1179, 74, 30, 0.9646, 1.2576, 1.2518, 0.1205, 0.9646, 204.18
787, 1243, 65, 10, 0.7111, 16.0222, -4.3075, -15.4323, 0.3556, 193.10
788, 1223, 60, 75, 0.8778, 19.4333, 1.1966, 19.3964, 0.7022, 198.12
788, 1227, 90, 97, 1.0000, 2.0364, 1.9031, 0.7246, 1.0000, 161.02
788, 1183, 1, 2, 0.6222, 2.1140, -1.6354, 1.3396, 0.3111, 223.00
788, 1249, 25, 26, 0.6000, 20.7255, 10.4286, 17.9106, 0.1800, 240.75
788, 1243, 60, -5, 0.6111, 16.0222, -4.3075, -15.4323, 0.3056, 193.10
789, 1227, 92, 97, 1.0000, 2.0564, 2.0332, 0.3079, 1.0000, 159.25
789, 1177, 26, 91, 0.5625, 24.6015, -5.7413, -23.9222, 0.2250, 160.75
789, 1249, 32, 50, 0.6556, 24.4738, 8.1503, 23.0769, 0.2622, 230.31
789, 1251, 90, 21, 0.6000, 6.7902, -2.6922, -6.2337, 0.1800, 173.67
789, 1213, 18, 11, 0.5625, 1.2563, 0.8883, 0.8883, 0.2250, 232.32
789, 1223, 62, 94, 0.7778, 19.4333, 1.1966, 19.3964, 0.6222, 198.12
789, 1183, -1, 3, 0.5222, 2.1140, -1.6354, 1.3396, 0.2611, 223.00
790, 1223, 71, 102, 0.9333, 14.0592, 5.7005, 12.8516, 0.8400, 190.89
790, 1177, 13, 64, 0.6222, 28.9338, -12.1610, -26.2540, 0.3111, 168.40
790, 1061, 59, 106, 0.6424, 3.5663, 0.6426, -3.5079, 0.5139, 125.50
790, 1249, 66, 59, 0.7111, 32.2184, 30.6429, 9.9519, 0.3556, 225.65
790, 1252, 92, 26, 0.6000, 1.2603, -0.7640, -1.0023, 0.1800, 170.67
790, 1213, 16, 24, 0.6222, 11.6548, -1.2428, 11.5883, 0.3111, 227.65
790, 1254, 104, 40, 0.6000, 0.8414, 0.8414, 0.0000, 0.1800, 162.11
790, 1227, 94, 97, 0.9000, 2.0564, 2.0332, 0.3079, 0.9000, 159.25
790, 1251, 88, 14, 0.5000, 6.7902, -2.6922, -6.2337, 0.1500, 173.67
791, 1227, 95, 98, 1.0000, 1.5465, 1.4738, 0.4686, 1.0000, 157.67
791, 1177, 11, 60, 0.6806, 7.1522, -2.9452, -6.5176, 0.4083, 173.00
791, 1254, 106, 40, 0.7056, 1.7810, 1.7810, 0.0000, 0.2822, 166.08
791, 1255, 23, 17, 0.6000, 9.1184, 3.5063, 8.4173, 0.1800, 225.39
791, 1256, 27, 24, 0.6000, 15.7957, -14.7293, -5.7054, 0.1800, 206.00
791, 1257, 66, 85, 0.6000, 35.7310, -3.6941, 35.5396, 0.1800, 194.17
791, 1223, 76, 115, 0.8333, 14.0592, 5.7005, 12.8516, 0.7500, 190.89
791, 1252, 91, 25, 0.5000, 1.2603, -0.7640, -1.0023, 0.1500, 170.67
791, 1213, 15, 36, 0.5222, 11.6548, -1.2428, 11.5883, 0.2611, 227.65
792, 1227, 97, 98, 1.0000, 1.8316, 1.8267, 0.1334, 1.0000, 156.15
792, 1241, 76, 8, 0.6000, 39.1630, 39.1512, 0.9613, 0.1800, 200.00
792, 1251, 77, 1, 0.6556, 8.1194, -4.7685, -6.5716, 0.2622, 175.25
792, 1252, 95, 19, 0.7056, 4.0491, 1.6020, -3.7187, 0.2822, 173.25
792, 1254, 107, 39, 0.7611, 1.5144, 1.3079, -0.7635, 0.3806, 163.27
792, 1255, 39, 21, 0.6556, 15.3689, 14.6575, 4.6217, 0.2622, 220.79
792, 1256, 24, 19, 0.6556, 6.7997, -4.2148, -5.3359, 0.2622, 215.25
792, 1223, 82, 128, 0.7333, 14.0592, 5.7005, 12.8516, 0.6600, 190.89
792, 1177, 8, 54, 0.5806, 7.1522, -2.9452, -6.5176, 0.3483, 173.00
792, 1257, 63, 121, 0.5000, 35.7310, -3.6941, 35.5396, 0.1500, 194.17
793, 1227, 99, 98, 1.0000, 2.0068, 2.0067, -0.0150, 1.0000, 155.34
793, 1237, 30, 23, 0.6000, 60.3563, -47.2176, -37.5949, 0.1800, 215.56
793, 1241, 95, 23, 0.6556, 25.1419, 21.4567, 13.1043, 0.2622, 193.25
793, 1251, 77, 0, 0.7111, 1.2240, -0.1220, -1.2179, 0.3556, 177.20
793, 1252, 88, 5, 0.7111, 14.6887, -5.8000, -13.4952, 0.3556, 172.80
793, 1253, 28, 95, 0.6000, 32.3678, 7.2163, -31.5532, 0.1800, 159.67
793, 1254, 109, 39, 0.8167, 1.7918, 1.7680, -0.2911, 0.4900, 163.89
793, 1256, 27, 3, 0.7111, 15.0783, 1.9090, -14.9569, 0.3556, 216.40
793, 1223, 88, 141, 0.6333, 14.0592, 5.7005, 12.8516, 0.5700, 190.89
793, 1255, 54, 25, 0.5556, 15.3689, 14.6575, 4.6217, 0.2222, 220.79
794, 1227, 100, 99, 1.0000, 1.4842, 1.3158, 0.6867, 1.0000, 154.33
794, 1241, 125, 56, 0.7111, 42.5238, 29.5065, 30.6210, 0.3556, 174.00
794, 1246, 61, 100, 0.6000, 48.6918, -17.1075, 45.5875, 0.1800, 184.33
794, 1247, 75, 111, 0.7611, 1.1821, -0.0028, -1.1821, 0.3806, 152.80
794, 1253, 30, 47, 0.6556, 45.5854, 2.2320, -45.5308, 0.2622, 169.50
794, 1254, 111, 39, 0.8722, 2.0110, 2.0110, -0.0014, 0.6106, 164.33
794, 1255, 78, 37, 0.7111, 21.7166, 19.9633, 8.5485, 0.3556, 215.83
794, 1237, -18, -14, 0.5000, 60.3563, -47.2176, -37.5949, 0.1500, 215.56
794, 1251, 77, -1, 0.6111, 1.2240, -0.1220, -1.2179, 0.3056, 177.20
794, 1252, 83, -9, 0.6111, 14.6887, -5.8000, -13.4952, 0.3056, 172.80
794, 1256, 29, -12, 0.6111, 15.0783, 1.9090, -14.9569, 0.3056, 216.40
795, 1227, 102, 99, 1.0000, 1.7197, 1.6913, 0.3111, 1.0000, 152.94
795, 1252, 63, 0, 0.7667, 13.9389, -13.9201, -0.7240, 0.4600, 176.17
795, 1253, 24, 13, 0.7111, 35.8356, -4.7054, -35.5253, 0.3556, 177.20
795, 1213, 17, 64, 0.6806, 6.7791, 0.5859, 6.7538, 0.4083, 222.04
795, 1254, 111, 39, 0.9278, 0.5278, 0.5261, 0.0418, 0.7422, 163.48
795, 1241, 155, 86, 0.6111, 42.5238, 29.5065, 30.6210, 0.3056, 174.00
795, 1246, 44, 145, 0.5000, 48.6918, -17.1075, 45.5875, 0.1500, 184.33
796, 1227, 104, 99, 1.0000, 1.9702, 1.9699, 0.0308, 1.0000, 152.80
796, 1254, 114, 38, 0.9833, 2.2892, 2.1680, -0.7350, 0.8850, 162.09
797, 1227, 105, 100, 1.0000, 1.4912, 1.3345, 0.6654, 1.0000, 151.72
797, 1183, 7, 27, 0.6806, 3.7259, 1.5710, 3.3785, 0.4083, 215.67
797, 1146, 108, 107, 0.5400, 0.0059, -0.0059, 0.0000, 0.2700, 97.20
797, 1254, 115, 38, 1.0000, 1.5670, 1.5379, -0.3006, 1.0000, 160.38
797, 1258, 46, 5, 0.6000, 51.2292, -49.6483, -12.6285, 0.1800, 173.00
798, 1227, 107, 100, 1.0000, 1.7218, 1.6945, 0.3053, 1.0000, 150.47
798, 1146, 109, 107, 0.6500, 0.7578, 0.7578, 0.0000, 0.3900, 98.50
798, 1254, 117, 38, 1.0000, 1.7873, 1.7873, -0.0122, 1.0000, 159.44
798, 1258, 1, 16, 0.6556, 45.6251, -45.0034, 7.5063, 0.2622, 190.00
798, 1263, 3, 58, 0.6000, 0.9833, 0.9822, 0.0469, 0.1800, 253.67
798, 1264, 11, 46, 0.6000, 51.0702, -20.5286, -46.7626, 0.1800, 190.33
799, 1227, 109, 101, 1.0000, 2.0964, 1.9661, 0.7276, 1.0000, 149.74
799, 1146, 110, 108, 0.7087, 1.2910, 1.0413, 0.7632, 0.4961, 98.29
799, 1210, 76, 115, 0.5625, 73.4458, -4.6866, 73.2961, 0.2250, 195.25
799, 1254, 119, 38, 1.0000, 1.9825, 1.9821, 0.0403, 1.0000, 158.32
799, 1263, 5, 58, 0.7056, 1.7667, 1.7667, -0.0048, 0.2822, 254.00
799, 1258, -44, 23, 0.5556, 45.6251, -45.0034, 7.5063, 0.2222, 190.00
799, 1264, -10, -1, 0.5000, 51.0702, -20.5286, -46.7626, 0.1500, 190.33
800, 1227, 110, 102, 1.0000, 1.6679, 1.3452, 0.9860, 1.0000, 148.28
800, 1146, 110, 108, 0.7667, 0.4084, 0.2866, 0.2910, 0.6133, 98.12
800, 1253, 20, 15, 0.9889, 0.6416, 0.0394, 0.6404, 0.9889, 216.10
800, 1254, 120, 37, 1.0000, 1.4755, 1.2899, -0.7163, 1.0000, 158.91
800, 1263, 7, 59, 0.7611, 2.1827, 2.0477, 0.7556, 0.3806, 253.80
801, 1227, 112, 102, 1.0000, 1.7261, 1.6895, 0.3535, 1.0000, 148.15
801, 1146, 111, 108, 0.8241, 0.7197, 0.7197, 0.0014, 0.7417, 98.33
801, 1254, 122, 37, 1.0000, 1.7305, 1.7027, -0.3089, 1.0000, 158.99
801, 1263, 8, 59, 0.8167, 1.3198, 1.2878, 0.2888, 0.4900, 253.67
802, 1227, 113, 103, 1.0000, 1.4508, 1.2780, 0.6867, 1.0000, 147.53
802, 1146, 111, 109, 0.8811, 0.7530, 0.2386, 0.7142, 0.8811, 99.40
802, 1254, 122, 52, 1.0000, 13.0689, 0.5293, 13.0582, 1.0000, 156.26
802, 1118, 70, 76, 0.5250, 13.2960, -10.2687, -8.4461, 0.3150, 149.17
802, 1263, 17, 49, 0.8222, 12.0030, 7.8015, -9.1218, 0.5756, 246.14
803, 1227, 115, 105, 1.0000, 2.3554, 1.6967, 1.6337, 1.0000, 146.60
803, 1146, 112, 109, 0.9379, 0.7922, 0.7404, 0.2819, 0.9379, 98.45
803, 1267, 45, 19, 0.6000, 48.1747, -44.7258, 17.8999, 0.1800, 183.00
803, 1268, 43, 25, 0.6000, 66.4906, -63.7640, 18.8455, 0.1800, 169.00
803, 1271, 83, 45, 0.6000, 19.8176, -6.5468, 18.7050, 0.1800, 178.00
803, 1275, 37, 98, 0.6000, 1.3226, 0.9353, 0.9353, 0.1800, 180.33
803, 1254, 123, 65, 0.9000, 13.0689, 0.5293, 13.0582, 0.9000, 156.26
804, 1227, 116, 105, 1.0000, 1.4748, 1.2998, 0.6969, 1.0000, 146.89
804, 1146, 113, 109, 0.9944, 1.0088, 1.0088, 0.0072, 0.9944, 98.00
804, 1118, 29, 63, 0.5841, 22.5099, -21.6744, -6.0759, 0.4089, 156.71
804, 1267, 11, 58, 0.6556, 50.5075, -34.8519, 36.5561, 0.2622, 199.75
804, 1272, 49, 35, 0.6000, 16.1943, 15.2559, -5.4326, 0.1800, 221.33
804, 1275, 9, 99, 0.6556, 23.9124, -23.8908, 1.0167, 0.2622, 198.50
804, 1276, 92, 9, 0.6000, 0.9822, 0.9822, 0.0000, 0.1800, 168.00
804, 1254, 123, 78, 0.8000, 13.0689, 0.5293, 13.0582, 0.8000, 156.26
804, 1268, -21, 44, 0.5000, 66.4906, -63.7640, 18.8455, 0.1500, 169.00
804, 1271, 77, 64, 0.5000, 19.8176, -6.5468, 18.7050, 0.1500, 178.00
805, 1227, 117, 106, 1.0000, 1.2662, 1.0299, 0.7366, 1.0000, 145.53
805, 1146, 113, 110, 1.0000, 0.7650, 0.2990, 0.7041, 1.0000, 97.62
805, 1254, 125, 58, 1.0000, 1.2903, 0.9982, -0.8176, 1.0000, 153.46
805, 1118, 13, 60, 0.6424, 16.4881, -16.2569, -2.7515, 0.5139, 168.75
805, 1271, 92, 85, 0.6556, 20.8405, 5.7575, 20.0294, 0.2622, 197.25
805, 1272, 67, 41, 0.6556, 18.0731, 17.5154, 4.4550, 0.2622, 217.50
805, 1275, 0, 100, 0.7111, 10.4806, -10.4314, 1.0146, 0.3556, 191.40
805, 1276, 93, 9, 0.7056, 1.0119, 1.0119, 0.0000, 0.2822, 165.50
805, 1267, -24, 94, 0.5556, 50.5075, -34.8519, 36.5561, 0.2222, 199.75
806, 1227, 118, 108, 1.0000, 1.8540, 0.9626, 1.5845, 1.0000, 145.18
806, 1146, 114, 109, 1.0000, 0.8410, 0.7102, -0.4504, 1.0000, 97.57
806, 1118, 13, 61, 0.7000, 1.4928, -1.4826, -0.1737, 0.6300, 177.11
806, 1271, 95, 88, 0.7111, 5.5835, 3.4646, 4.3786, 0.3556, 208.40
806, 1272, 85, 49, 0.7111, 19.4674, 18.1854, 6.9477, 0.3556, 214.40
806, 1275, -10, 101, 0.6111, 10.4806, -10.4314, 1.0146, 0.3056, 191.40
806, 1276, 94, 9, 0.6056, 1.0119, 1.0119, 0.0000, 0.2422, 165.50
807, 1227, 119, 109, 1.0000, 1.6638, 0.9754, 1.3479, 1.0000, 145.84
807, 1146, 115, 110, 1.0000, 1.0795, 0.9857, 0.4401, 1.0000, 97.93
807, 1271, 97, 86, 0.7667, 2.3353, 2.0194, -1.1729, 0.4600, 209.08
807, 1272, 88, 50, 0.7667, 4.8188, 4.3839, 2.0007, 0.4600, 209.83
807, 1276, 80, 0, 0.7111, 9.2862, -7.8415, -4.9743, 0.3556, 169.40
808, 1227, 120, 111, 1.0000, 1.9991, 0.9939, 1.7345, 1.0000, 144.87
808, 1146, 116, 111, 1.0000, 1.4318, 1.0384, 0.9858, 1.0000, 97.69
808, 1281, 20, 86, 0.6000, 18.5642, 12.1583, -14.0288, 0.1800, 189.67
809, 1227, 121, 112, 1.0000, 1.6599, 1.0012, 1.3239, 1.0000, 145.53
809, 1146, 116, 111, 1.0000, 0.4588, 0.2920, 0.3539, 1.0000, 97.59
809, 1274, 77, 52, 0.6000, 58.2006, 57.3246, -10.0597, 0.1800, 207.67
809, 1281, 23, 64, 0.6556, 20.8144, 3.4051, -20.5339, 0.2622, 205.25
809, 1283, 43, 30, 0.6000, 35.2057, 10.2878, -33.6691, 0.1800, 201.67
809, 1284, 9, 101, 0.6000, 1.4890, -1.0291, 1.0761, 0.1800, 200.67
810, 1227, 122, 114, 1.0000, 1.9635, 1.0017, 1.6887, 1.0000, 146.66
810, 1146, 117, 111, 1.0000, 0.6870, 0.6870, -0.0004, 1.0000, 97.61
810, 1259, 22, 64, 0.6000, 32.6881, 9.8642, -31.1643, 0.1800, 179.00
810, 1274, 118, 24, 0.6556, 49.7946, 42.5685, -25.8347, 0.2622, 192.00
810, 1281, 25, 35, 0.7111, 28.7427, 2.7117, -28.6145, 0.3556, 206.80
810, 1283, 37, -1, 0.6556, 30.7257, -3.1570, -30.5631, 0.2622, 206.75
810, 1284, 11, 101, 0.7056, 2.0271, 2.0119, 0.2476, 0.2822, 207.75
810, 1285, 46, 27, 0.6000, 45.3458, -42.0863, 16.8815, 0.1800, 178.67
811, 1227, 123, 116, 1.0000, 2.1976, 1.0007, 1.9565, 1.0000, 147.99
811, 1146, 118, 111, 1.0000, 0.9756, 0.9740, -0.0559, 1.0000, 98.26
811, 1259, 33, 35, 0.6556, 30.3940, 10.9025, -28.3713, 0.2622, 194.00
811, 1284, 13, 100, 0.7611, 1.8289, 1.6380, -0.8136, 0.3806, 208.00
811, 1285, 9, 54, 0.6556, 45.5008, -37.4491, 25.8436, 0.2622, 182.50
811, 1286, 28, 61, 0.6556, 21.6181, -4.5286, 21.1384, 0.2622, 212.75
811, 1288, 80, 5, 0.6000, 13.6731, -9.1648, -10.1470, 0.1800, 176.00
811, 1274, 160, -2, 0.5556, 49.7946, 42.5685, -25.8347, 0.2222, 192.00
811, 1281, 28, 6, 0.6111, 28.7427, 2.7117, -28.6145, 0.3056, 206.80
811, 1283, 34, -31, 0.5556, 30.7257, -3.1570, -30.5631, 0.2222, 206.75
812, 1227, 124, 118, 1.0000, 2.2664, 1.0001, 2.0338, 1.0000, 146.95
812, 1146, 118, 112, 1.0000, 0.7617, 0.3239, 0.6894, 1.0000, 99.10
812, 1194, 86, 0, 0.5625, 19.9435, -18.3830, -7.7336, 0.2250, 165.00
812, 1284, 15, 102, 0.8167, 2.2043, 1.8602, 1.1825, 0.4900, 208.83
812, 1286, 42, 100, 0.7111, 38.7226, 12.0790, 36.7905, 0.3556, 204.20
812, 1259, 44, 7, 0.5556, 30.3940, 10.9025, -28.3713, 0.2222, 194.00
812, 1281, 31, -23, 0.5111, 28.7427, 2.7117, -28.6145, 0.2556, 206.80
812, 1285, -28, 80, 0.5556, 45.5008, -37.4491, 25.8436, 0.2222, 182.50
812, 1288, 70, -6, 0.5000, 13.6731, -9.1648, -10.1470, 0.1500, 176.00
813, 1227, 125, 120, 1.0000, 2.2598, 0.9999, 2.0266, 1.0000, 146.74
813, 1146, 119, 112, 1.0000, 0.7693, 0.6999, 0.3192, 1.0000, 99.14
813, 1259, 22, 7, 0.7111, 14.4351, -7.5926, -12.2770, 0.3556, 197.80
813, 1284, 16, 102, 0.8722, 1.3604, 1.2354, 0.5697, 0.6106, 212.57
813, 1286, 54, 137, 0.6111, 38.7226, 12.0790, 36.7905, 0.3056, 204.20
814, 1227, 126, 120, 1.0000, 1.2440, 0.9999, 0.7400, 1.0000, 146.63
814, 1146, 120, 112, 1.0000, 0.9731, 0.9725, 0.0341, 1.0000, 99.36
814, 1194, 42, 14, 0.6222, 23.6392, -22.0519, 8.5161, 0.3111, 172.40
814, 1270, 29, 7, 0.6000, 9.2839, 8.4810, -3.7766, 0.1800, 203.67
814, 1284, 17, 102, 0.9278, 0.9655, 0.9645, 0.0451, 0.7422, 214.62
814, 1192, 86, 3, 0.5400, 0.8994, 0.1408, 0.8883, 0.2700, 194.20
814, 1286, 66, 174, 0.5111, 38.7226, 12.0790, 36.7905, 0.2556, 204.20
815, 1146, 121, 113, 1.0000, 1.2316, 1.0362, 0.6656, 1.0000, 100.13
815, 1194, 18, 29, 0.6806, 27.8290, -23.7750, 14.4638, 0.4083, 176.83
815, 1232, 0, 98, 0.5625, 22.1034, -8.7028, -20.3180, 0.2250, 152.25
815, 1280, 47, 103, 0.6000, 35.1558, 22.9546, 26.6273, 0.1800, 164.33
815, 1284, 19, 102, 0.9833, 1.7173, 1.7160, -0.0659, 0.8850, 214.67
815, 1289, 34, 63, 0.7056, 0.0119, 0.0000, 0.0119, 0.2822, 197.00
815, 1192, 87, 5, 0.6500, 1.9244, 0.7404, 1.7763, 0.3900, 198.83
815, 1293, 87, 42, 0.6000, 14.5190, -14.0288, -3.7410, 0.1800, 171.00
815, 1227, 127, 121, 0.9000, 1.2440, 0.9999, 0.7400, 0.9000, 146.63
815, 1270, 37, 3, 0.5000, 9.2839, 8.4810, -3.7766, 0.1500, 203.67
816, 1146, 121, 113, 1.0000, 0.4446, 0.3236, 0.3049, 1.0000, 101.04
816, 1232, 0, 94, 0.6222, 6.4453, -1.6010, -6.2433, 0.3111, 172.60
816, 1280, 47, 124, 0.6556, 21.8790, 3.0928, 21.6593, 0.2622, 166.00
816, 1284, 21, 102, 1.0000, 2.0413, 2.0411, -0.0319, 1.0000, 213.25
816, 1192, 87, 6, 0.7087, 1.3245, 0.2537, 1.3000, 0.4961, 201.14
816, 1292, 45, 30, 0.6000, 1.1549, -1.0329, 0.5165, 0.1800, 201.67
816, 1293, 52, 31, 0.6556, 33.4198, -31.8555, -10.1050, 0.2622, 181.00
816, 1298, 105, 13, 0.6000, 47.2759, 14.9640, -44.8451, 0.1800, 174.33
816, 1227, 128, 122, 0.8000, 1.2440, 0.9999, 0.7400, 0.8000, 146.63
816, 1194, -5, 43, 0.5806, 27.8290, -23.7750, 14.4638, 0.3483, 176.83
816, 1289, 34, 63, 0.6056, 0.0119, 0.0000, 0.0119, 0.2422, 197.00
817, 1227, 126, 118, 1.0000, 1.0495, -0.1579, -1.0375, 1.0000, 144.79
817, 1146, 121, 112, 1.0000, 0.6604, -0.0190, -0.6602, 1.0000, 101.00
817, 1284, 22, 103, 1.0000, 1.5036, 1.3013, 0.7531, 1.0000, 212.77
817, 1289, 45, 58, 0.7111, 6.6747, 6.0778, -2.7589, 0.3556, 202.20
817, 1192, 85, 27, 0.7167, 18.6462, -1.5399, 18.5825, 0.5733, 198.38
817, 1292, 71, 28, 0.6556, 24.1908, 24.0874, -2.2344, 0.2622, 191.50
817, 1293, 30, 31, 0.7111, 22.8691, -22.8501, -0.9333, 0.3556, 186.80
817, 1297, 36, 51, 0.6000, 17.3302, 3.5896, 16.9544, 0.1800, 211.67
817, 1232, -2, 87, 0.5222, 6.4453, -1.6010, -6.2433, 0.2611, 172.60
817, 1280, 51, 146, 0.5556, 21.8790, 3.0928, 21.6593, 0.2222, 166.00
817, 1298, 120, -32, 0.5000, 47.2759, 14.9640, -44.8451, 0.1500, 174.33
818, 1227, 124, 115, 1.0000, 3.6811, -2.0631, -3.0486, 1.0000, 144.15
818, 1232, 7, 78, 0.6806, 8.9924, 4.1463, -7.9794, 0.4083, 173.17
818, 1262, 64, 79, 0.6000, 40.0219, -6.7355, 39.4510, 0.1800, 194.67
818, 1270, 44, 6, 0.6556, 2.6893, 2.6104, 0.6470, 0.2622, 204.25
818, 1280, 45, 129, 0.7111, 1.7420, -1.6568, -0.5382, 0.3556, 158.80
818, 1284, 23, 103, 1.0000, 1.0124, 0.9662, 0.3022, 1.0000, 213.38
818, 1189, 99, 3, 0.5400, 22.7952, 11.9834, -19.3912, 0.2700, 170.00
818, 1289, 72, 39, 0.7667, 31.5564, 25.9338, -17.9791, 0.4600, 201.33
818, 1292, 86, 30, 0.7111, 15.3958, 15.2419, 2.1715, 0.3556, 191.00
818, 1293, 21, 26, 0.7667, 12.0384, -10.9513, -4.9991, 0.4600, 197.83
818, 1297, 53, 73, 0.6556, 26.8136, 15.5060, 21.8754, 0.2622, 222.25
818, 1245, 57, 106, 0.5625, 6.6597, 6.5937, 0.9353, 0.2250, 161.62
818, 1300, 88, 9, 0.6000, 1.0000, 0.1877, 0.9822, 0.1800, 196.33
818, 1146, 121, 112, 0.9000, 0.6604, -0.0190, -0.6602, 0.9000, 101.00
819, 1227, 123, 114, 1.0000, 1.8360, -1.0963, -1.4728, 1.0000, 143.53
819, 1232, 14, 77, 0.7381, 6.9534, 6.7077, -1.8318, 0.5167, 173.86
819, 1262, 49, 111, 0.6556, 36.2048, -13.9145, 33.4241, 0.2622, 183.50
819, 1270, 50, 28, 0.7111, 22.1444, 6.1998, 21.2588, 0.3556, 205.00
819, 1284, 24, 103, 1.0000, 0.9419, 0.9419, 0.0095, 1.0000, 216.27
819, 1290, 58, 50, 0.6000, 27.6053, -26.3786, -8.1379, 0.1800, 196.33
819, 1293, 21, 25, 0.8222, 1.2105, -0.7358, -0.9612, 0.5756, 205.57
819, 1294, 47, 7, 0.7111, 17.6223, 16.7928, 5.3432, 0.3556, 216.80
819, 1300, 88, 11, 0.7056, 1.7668, -0.0191, 1.7667, 0.2822, 201.25
819, 1146, 121, 111, 0.8000, 0.6604, -0.0190, -0.6602, 0.8000, 101.00
819, 1292, 101, 32, 0.6111, 15.3958, 15.2419, 2.1715, 0.3056, 191.00
819, 1297, 68, 95, 0.5556, 26.8136, 15.5060, 21.8754, 0.2222, 222.25
820, 1146, 122, 111, 1.0000, 0.5173, 0.3683, -0.3633, 1.0000, 106.35
820, 1232, 36, 70, 0.7951, 22.2492, 21.2722, -6.5209, 0.6361, 184.00
820, 1261, 8, 1, 0.6000, 68.1154, -57.9756, -35.7567, 0.1800, 210.00
820, 1278, 33, 34, 0.6000, 66.4381, 4.7157, -66.2705, 0.1800, 178.00
820, 1284, 26, 104, 1.0000, 1.8622, 1.7248, 0.7021, 1.0000, 215.54
820, 1189, 102, 0, 0.6000, 0.2675, 0.0553, 0.2617, 0.3600, 167.83
820, 1290, 33, 43, 0.6556, 26.4972, -25.5342, -7.0788, 0.2622, 201.00
820, 1293, 23, 26, 0.8778, 1.3947, 1.3406, 0.3849, 0.7022, 211.00
820, 1300, 89, 12, 0.7611, 1.4781, 0.7319, 1.2842, 0.3806, 203.00
820, 1262, 35, 144, 0.5556, 36.2048, -13.9145, 33.4241, 0.2222, 183.50
820, 1294, 64, 12, 0.6111, 17.6223, 16.7928, 5.3432, 0.3056, 216.80
821, 1232, 42, 69, 0.8519, 7.5788, 7.4668, -1.2978, 0.7667, 191.89
821, 1284, 27, 104, 1.0000, 1.3383, 1.3070, 0.2875, 1.0000, 217.10
821, 1189, 102, 2, 0.6587, 1.8930, 0.1622, 1.8861, 0.4611, 165.71
821, 1290, 3, 21, 0.7111, 35.6336, -29.5933, -19.8493, 0.3556, 207.60
821, 1294, 70, 36, 0.7667, 19.4698, 11.0529, 16.0283, 0.4600, 212.67
821, 1300, 89, 14, 0.8167, 1.7835, 0.2818, 1.7611, 0.4900, 204.67
821, 1146, 122, 111, 0.9000, 0.5173, 0.3683, -0.3633, 0.9000, 106.35
821, 1261, -50, -35, 0.5000, 68.1154, -57.9756, -35.7567, 0.1500, 210.00
821, 1278, 37, -32, 0.5000, 66.4381, 4.7157, -66.2705, 0.1500, 178.00
822, 1146, 126, 115, 1.0000, 3.0168, 2.1117, 2.1545, 1.0000, 105.86
822, 1284, 29, 104, 1.0000, 1.7529, 1.7528, 0.0132, 1.0000, 215.34
822, 1294, 72, 39, 0.8222, 4.5882, 2.0747, 4.0923, 0.5756, 210.14
822, 1245, 69, 126, 0.6222, 6.4796, 2.1037, 6.1286, 0.3111, 152.50
822, 1300, 90, 16, 0.8722, 2.1515, 0.7627, 2.0118, 0.6106, 207.14
822, 1301, 119, 35, 0.6000, 38.5333, 10.7170, -37.0129, 0.1800, 141.00
823, 1146, 126, 115, 1.0000, 1.1204, 0.7613, 0.8220, 1.0000, 105.47
823, 1282, 55, 32, 0.6000, 0.9499, 0.9497, -0.0162, 0.1800, 214.67
823, 1284, 30, 104, 1.0000, 1.2716, 1.2710, -0.0385, 1.0000, 213.56
823, 1294, 71, 38, 0.8778, 0.7864, -0.0390, -0.7854, 0.7022, 209.62
823, 1296, 10, 86, 0.6000, 57.2762, -6.4156, 56.9157, 0.1800, 195.00
823, 1300, 90, 17, 0.9278, 1.3087, 0.2560, 1.2834, 0.7422, 206.38
823, 1301, 107, 1, 0.6556, 34.9394, -8.8791, -33.7923, 0.2622, 144.00
823, 1304, 2, 123, 0.6000, 0.9833, 0.9822, 0.0469, 0.1800, 215.00
823, 1245, 71, 132, 0.5222, 6.4796, 2.1037, 6.1286, 0.2611, 152.50
824, 1146, 127, 116, 1.0000, 1.0002, 0.6961, 0.7182, 1.0000, 105.32
824, 1282, 40, 27, 0.6556, 13.3744, -12.5844, -4.5286, 0.2622, 211.25
824, 1284, 31, 104, 1.0000, 0.9997, 0.9995, -0.0185, 1.0000, 215.36
824, 1296, 12, 122, 0.6556, 39.1259, 1.1035, 39.1104, 0.2622, 184.25
824, 1300, 91, 19, 0.9833, 1.8684, 0.7410, 1.7152, 0.8850, 207.22
824, 1304, 3, 124, 0.7056, 1.2596, 1.0119, 0.7500, 0.2822, 204.75
824, 1301, 99, -32, 0.5556, 34.9394, -8.8791, -33.7923, 0.2222, 144.00
825, 1281, 33, 28, 1.0000, 0.1523, 0.0015, -0.1523, 1.0000, 214.12
825, 1284, 33, 104, 1.0000, 1.6800, 1.6800, -0.0020, 1.0000, 213.45
825, 1248, 91, 70, 0.5625, 49.3561, 20.5718, 44.8645, 0.2250, 199.75
825, 1296, 8, 132, 0.7111, 13.4609, -3.3313, 13.0422, 0.3556, 176.60
825, 1300, 91, 20, 1.0000, 1.2711, 0.2589, 1.2445, 1.0000, 206.20
825, 1304, 4, 124, 0.7611, 1.0422, 1.0067, 0.2695, 0.3806, 205.20
825, 1307, 67, 26, 0.6000, 15.9816, -14.9640, -5.6115, 0.1800, 186.67
825, 1146, 128, 117, 0.9000, 1.0002, 0.6961, 0.7182, 0.9000, 105.32
825, 1282, 28, 22, 0.5556, 13.3744, -12.5844, -4.5286, 0.2222, 211.25
826, 1282, 3, 43, 0.7111, 22.2172, -19.8388, 10.0013, 0.3556, 208.40
826, 1284, 35, 104, 1.0000, 2.0170, 2.0170, 0.0020, 1.0000, 214.97
826, 1300, 92, 22, 1.0000, 1.8861, 0.7378, 1.7358, 1.0000, 205.00
826, 1304, 5, 125, 0.8167, 1.2554, 1.0008, 0.7579, 0.4900, 199.67
826, 1307, 53, 16, 0.6556, 17.1341, -14.0029, -9.8741, 0.2622, 188.75
826, 1146, 128, 117, 0.8000, 1.0002, 0.6961, 0.7182, 0.8000, 105.32
826, 1296, 5, 145, 0.6111, 13.4609, -3.3313, 13.0422, 0.3056, 176.60
827, 1146, 124, 112, 1.0000, 2.1640, -1.3159, -1.7179, 1.0000, 104.21
827, 1284, 36, 104, 1.0000, 1.3441, 1.3441, 0.0012, 1.0000, 216.88
827, 1300, 92, 24, 1.0000, 2.0225, 0.2646, 2.0051, 1.0000, 204.25
827, 1304, 6, 125, 0.8722, 1.0307, 0.9993, 0.2524, 0.6106, 196.86
827, 1307, 34, 24, 0.7111, 19.4914, -18.4559, 6.2687, 0.3556, 195.40
827, 1266, 95, 11, 0.5625, 0.8987, -0.0482, 0.8974, 0.2250, 160.00
827, 1265, 21, 63, 0.5625, 0.0664, 0.0469, 0.0469, 0.2250, 197.00
828, 1231, 6, 100, 0.5625, 26.8009, -25.9411, -6.7340, 0.2250, 149.50
828, 1284, 38, 104, 1.0000, 1.7021, 1.7021, 0.0002, 1.0000, 218.43
828, 1300, 92, 25, 1.0000, 1.3073, -0.0018, 1.3073, 1.0000, 203.92
828, 1304, 5, 124, 0.9278, 0.9231, -0.5123, -0.7679, 0.7422, 193.88
828, 1266, 96, 12, 0.6722, 1.2864, 0.7702, 1.0303, 0.3361, 159.80
828, 1265, 26, 57, 0.6222, 6.9592, 4.5239, -5.2882, 0.3111, 197.00
828, 1269, 52, 66, 0.5625, 41.7944, -27.1223, 31.7986, 0.2250, 190.00
828, 1308, 122, 10, 0.6000, 1.3562, 0.9822, -0.9353, 0.1800, 133.00
828, 1146, 123, 110, 0.9000, 2.1640, -1.3159, -1.7179, 0.9000, 104.21
828, 1307, 15, 30, 0.6111, 19.4914, -18.4559, 6.2687, 0.3056, 195.40
829, 1284, 56, 111, 1.0000, 16.3883, 15.3844, 5.6480, 1.0000, 215.41
829, 1300, 93, 28, 1.0000, 2.5329, 0.6895, 2.4373, 1.0000, 202.14
829, 1266, 97, 13, 0.7306, 1.4703, 1.0543, 1.0248, 0.4383, 159.17
829, 1265, 33, 29, 0.6806, 26.3681, 6.2379, -25.6196, 0.4083, 203.83
829, 1269, 37, 103, 0.6222, 40.4220, -16.6532, 36.8322, 0.3111, 201.80
829, 1308, 106, 1, 0.6556, 16.1039, -14.0835, -7.8097, 0.2622, 140.75
829, 1312, 92, 79, 0.6000, 1.3442, 0.8492, 1.0419, 0.1800, 171.00
829, 1314, 84, 22, 0.6000, 27.8714, -17.7228, 21.5108, 0.1800, 166.00
829, 1315, 4, 101, 0.6000, 2.1544, 1.9174, -0.9822, 0.1800, 204.67
829, 1146, 121, 109, 0.8000, 2.1640, -1.3159, -1.7179, 0.8000, 104.21
829, 1304, 5, 123, 0.8278, 0.9231, -0.5123, -0.7679, 0.6622, 193.88
830, 1189, 106, 66, 0.8879, 8.5151, -2.5028, 8.1390, 0.8879, 157.00
830, 1245, 86, 127, 0.6806, 2.8542, 2.1154, -1.9162, 0.4083, 146.25
830, 1300, 93, 29, 1.0000, 1.5953, 0.2954, 1.5677, 1.0000, 203.13
830, 1266, 95, 10, 0.7881, 3.4561, -2.0030, -2.8165, 0.5517, 159.29
830, 1265, 53, 9, 0.7381, 27.6106, 18.5361, -20.4636, 0.5167, 202.71
830, 1308, 102, -1, 0.7111, 5.3086, -4.5420, -2.7480, 0.3556, 143.90
830, 1312, 92, 80, 0.7056, 1.0360, 0.2825, 0.9967, 0.2822, 167.75
830, 1314, 64, 28, 0.6556, 21.0249, -19.3221, 8.2887, 0.2622, 172.00
830, 1315, 5, 100, 0.7056, 1.6269, 1.2739, -1.0119, 0.2822, 202.25
830, 1284, 71, 116, 0.9000, 16.3883, 15.3844, 5.6480, 0.9000, 215.41
830, 1304, 4, 123, 0.7278, 0.9231, -0.5123, -0.7679, 0.5822, 193.88
830, 1269, 21, 140, 0.5222, 40.4220, -16.6532, 36.8322, 0.2611, 201.80
831, 1244, 108, 25, 0.5625, 23.9042, 15.3978, -18.2844, 0.2250, 163.88
831, 1300, 94, 30, 1.0000, 1.2634, 0.7430, 1.0218, 1.0000, 202.44
831, 1308, 104, 0, 0.7667, 1.3803, 1.0842, 0.8543, 0.4600, 144.75
831, 1312, 92, 82, 0.7611, 1.7565, -0.0084, 1.7565, 0.3806, 168.20
831, 1315, 6, 99, 0.7611, 1.4052, 0.9804, -1.0067, 0.3806, 207.13
831, 1317, 25, 66, 0.6000, 51.2002, -50.5036, -8.4173, 0.1800, 195.33
831, 1284, 87, 122, 0.8000, 16.3883, 15.3844, 5.6480, 0.8000, 215.41
831, 1304, 4, 122, 0.6278, 0.9231, -0.5123, -0.7679, 0.5022, 193.88
831, 1266, 93, 7, 0.6881, 3.4561, -2.0030, -2.8165, 0.4817, 159.29
831, 1314, 45, 37, 0.5556, 21.0249, -19.3221, 8.2887, 0.2222, 172.00
832, 1284, 88, 126, 1.0000, 10.9798, 9.7788, 4.9931, 1.0000, 211.10
832, 1300, 94, 32, 1.0000, 1.6623, 0.2797, 1.6386, 1.0000, 202.71
832, 1304, 8, 99, 0.9333, 7.9757, 1.0222, -7.9099, 0.8400, 200.22
832, 1305, 77, 38, 0.6000, 43.6506, 25.8935, 35.1412, 0.1800, 207.33
832, 1308, 106, 1, 0.8222, 1.9767, 1.8386, 0.7259, 0.5756, 145.79
832, 1312, 92, 83, 0.8167, 1.2898, -0.0444, 1.2890, 0.4900, 166.00
832, 1315, 3, 85, 0.7667, 12.7927, -2.8694, -12.4668, 0.4600, 199.11
832, 1318, 60, 78, 0.6000, 1.9649, 1.9644, 0.0469, 0.1800, 252.33
832, 1320, 43, 104, 0.6000, 1.3243, 0.9822, -0.8883, 0.1800, 193.67
832, 1317, -25, 58, 0.5000, 51.2002, -50.5036, -8.4173, 0.1500, 195.33
833, 1300, 95, 34, 1.0000, 2.1208, 0.7206, 1.9946, 1.0000, 202.11
833, 1312, 93, 85, 0.8722, 1.9126, 0.7445, 1.7618, 0.6106, 166.14
833, 1318, 63, 76, 0.7056, 3.1645, 2.7786, -1.5143, 0.2822, 230.00
833, 1319, 67, 46, 0.6000, 41.1803, 8.9741, -40.1906, 0.1800, 183.33
833, 1320, 45, 105, 0.7056, 1.8329, 1.7667, 0.4881, 0.2822, 192.75
833, 1305, 103, 74, 0.5000, 43.6506, 25.8935, 35.1412, 0.1500, 207.33
834, 1244, 113, 6, 0.6222, 3.7734, -1.7080, -3.3647, 0.3111, 158.90
834, 1300, 95, 35, 1.0000, 1.3741, 0.2795, 1.3454, 1.0000, 201.37
834, 1309, 55, 30, 0.6000, 21.4000, -20.9006, -4.5961, 0.1800, 193.33
834, 1312, 93, 86, 0.9278, 1.2892, 0.2964, 1.2547, 0.7422, 164.25
834, 1319, 48, 4, 0.6556, 44.6338, -15.5022, -41.8552, 0.2622, 195.50
834, 1320, 47, 105, 0.7611, 2.0690, 2.0477, 0.2959, 0.3806, 201.40
834, 1273, 7, 57, 0.5625, 19.2580, -16.8345, -9.3525, 0.2250, 196.75
834, 1318, 66, 75, 0.6056, 3.1645, 2.7786, -1.5143, 0.2422, 230.00
835, 1300, 95, 36, 1.0000, 0.9967, 0.0109, 0.9966, 1.0000, 200.40
835, 1309, 33, 22, 0.6556, 22.8448, -21.5959, -7.4498, 0.2622, 198.50
835, 1312, 94, 87, 0.9833, 1.2469, 0.7596, 0.9888, 0.8850, 163.00
835, 1320, 48, 106, 0.8167, 1.5193, 1.2878, 0.8061, 0.4900, 205.33
835, 1244, 111, 3, 0.5222, 3.7734, -1.7080, -3.3647, 0.2611, 158.90
835, 1318, 68, 73, 0.5056, 3.1645, 2.7786, -1.5143, 0.2022, 230.00
835, 1319, 33, -38, 0.5556, 44.6338, -15.5022, -41.8552, 0.2222, 195.50
836, 1300, 96, 39, 1.0000, 2.4375, 0.6614, 2.3460, 1.0000, 200.19
836, 1306, 31, 21, 0.6000, 29.3081, 29.2473, 1.8869, 0.1800, 229.67
836, 1309, 3, 18, 0.7111, 29.1999, -28.8619, -4.4299, 0.3556, 206.00
836, 1312, 94, 89, 1.0000, 1.7251, 0.2603, 1.7054, 1.0000, 161.90
836, 1318, 71, 83, 0.7611, 4.1242, 2.6981, 3.1192, 0.3806, 217.20
836, 1320, 50, 107, 0.8722, 2.0028, 1.7192, 1.0274, 0.6106, 202.14
837, 1244, 112, 1, 0.6806, 1.4940, 0.1187, -1.4893, 0.4083, 156.42
837, 1300, 97, 41, 1.0000, 2.5339, 1.0046, 2.3263, 1.0000, 200.23
837, 1306, 37, 21, 0.6556, 8.3515, 8.3342, 0.5377, 0.2622, 226.25
837, 1312, 95, 90, 1.0000, 1.4833, 0.7356, 1.2881, 1.0000, 161.73
837, 1320, 51, 107, 0.9278, 1.2702, 1.2383, 0.2829, 0.7422, 206.25
837, 1321, 26, 25, 0.6000, 20.6136, -20.5286, -1.8705, 0.1800, 205.67
837, 1309, -25, 14, 0.6111, 29.1999, -28.8619, -4.4299, 0.3056, 206.00
837, 1318, 74, 86, 0.6611, 4.1242, 2.6981, 3.1192, 0.3306, 217.20
838, 1300, 97, 42, 1.0000, 1.4495, 0.3645, 1.4029, 1.0000, 200.22
838, 1306, 35, 20, 0.7111, 1.0971, -0.7391, -0.8108, 0.3556, 222.60
838, 1312, 95, 92, 1.0000, 1.7711, 0.2635, 1.7514, 1.0000, 159.25
838, 1320, 52, 108, 0.9833, 1.2187, 0.9886, 0.7127, 0.8850, 203.44
838, 1287, 3, 101, 0.5625, 20.9501, -1.6985, -20.8812, 0.2250, 146.25
838, 1321, 9, 6, 0.6556, 24.1956, -17.0888, -17.1289, 0.2622, 207.50
838, 1309, -54, 10, 0.5111, 29.1999, -28.8619, -4.4299, 0.2556, 206.00
838, 1318, 76, 89, 0.5611, 4.1242, 2.6981, 3.1192, 0.2806, 217.20
839, 1300, 98, 44, 1.0000, 1.8003, 0.6958, 1.6604, 1.0000, 199.92
839, 1302, 16, 106, 0.6000, 18.9111, 16.3001, 9.5883, 0.1800, 179.67
839, 1225, 64, 57, 0.5400, 15.3034, -5.6898, -14.2064, 0.2700, 191.20
839, 1312, 95, 92, 1.0000, 0.5346, -0.0019, 0.5346, 1.0000, 157.54
839, 1320, 54, 109, 1.0000, 1.9745, 1.7077, 0.9911, 1.0000, 203.00
839, 1287, 0, 94, 0.6222, 8.9261, -2.8420, -8.4616, 0.3111, 155.60
839, 1321, -8, -12, 0.5556, 24.1956, -17.0888, -17.1289, 0.2222, 207.50
840, 1300, 97, 44, 1.0000, 0.6990, -0.4111, 0.5653, 1.0000, 198.65
840, 1225, 73, 37, 0.6000, 20.2858, 6.7160, -19.1419, 0.3600, 192.83
840, 1312, 96, 94, 1.0000, 1.5776, 0.6896, 1.4189, 1.0000, 157.18
840, 1320, 70, 120, 1.0000, 17.7307, 14.6693, 9.9595, 1.0000, 195.82
840, 1287, 0, 95, 0.6806, 0.9210, -0.8246, 0.4102, 0.4083, 163.33
840, 1302, 33, 115, 0.5000, 18.9111, 16.3001, 9.5883, 0.1500, 179.67
841, 1300, 99, 47, 1.0000, 2.9139, 1.0443, 2.7204, 1.0000, 197.94
841, 1306, 25, 40, 0.8778, 2.6888, -2.1979, 1.5488, 0.7022, 228.88
841, 1312, 97, 96, 1.0000, 2.2265, 1.0221, 1.9780, 1.0000, 156.50
841, 1318, 82, 118, 0.7667, 8.4872, 2.0464, 8.2368, 0.4600, 196.17
841, 1320, 76, 124, 1.0000, 7.9844, 6.4806, 4.6638, 1.0000, 190.75
841, 1287, 1, 98, 0.7381, 2.3202, 0.8638, 2.1534, 0.5167, 170.71
841, 1327, 11, 59, 0.6000, 64.2445, -42.1781, -48.4599, 0.1800, 177.00
841, 1225, 80, 18, 0.5000, 20.2858, 6.7160, -19.1419, 0.3000, 192.83
842, 1245, 74, 36, 1.0000, 7.2347, 1.6726, 7.0387, 1.0000, 161.91
842, 1300, 99, 50, 1.0000, 2.6667, 0.5860, 2.6015, 1.0000, 197.09
842, 1260, 22, 95, 0.5625, 0.9651, 0.9651, 0.0095, 0.2250, 207.50
842, 1302, 17, 127, 0.6556, 7.4790, -3.4675, 6.6266, 0.2622, 181.00
842, 1312, 97, 97, 1.0000, 1.3995, 0.3356, 1.3587, 1.0000, 155.91
842, 1287, 1, 98, 0.7951, 0.8685, 0.4449, 0.7459, 0.6361, 176.12
842, 1320, 82, 129, 0.9000, 7.9844, 6.4806, 4.6638, 0.9000, 190.75
842, 1327, -31, 10, 0.5000, 64.2445, -42.1781, -48.4599, 0.1500, 177.00
843, 1300, 100, 51, 1.0000, 1.6953, 0.7857, 1.5022, 1.0000, 196.44
843, 1260, 22, 96, 0.6722, 0.7944, 0.2622, 0.7498, 0.3361, 209.60
843, 1225, 75, 29, 0.6587, 1.7896, -0.6983, 1.6477, 0.4611, 192.29
843, 1312, 97, 99, 1.0000, 1.7219, -0.0136, 1.7219, 1.0000, 154.09
843, 1302, 13, 134, 0.5556, 7.4790, -3.4675, 6.6266, 0.2222, 181.00
843, 1320, 89, 133, 0.8000, 7.9844, 6.4806, 4.6638, 0.8000, 190.75
844, 1300, 100, 53, 1.0000, 1.6702, 0.2944, 1.6440, 1.0000, 195.74
844, 1260, 23, 97, 0.7306, 1.2702, 0.7349, 1.0361, 0.4383, 209.50
844, 1312, 98, 100, 1.0000, 1.4236, 0.6549, 1.2640, 1.0000, 153.42
844, 1320, 77, 125, 1.0000, 1.1252, -0.9062, -0.6670, 1.0000, 188.62
845, 1300, 101, 55, 1.0000, 2.0228, 0.6778, 1.9059, 1.0000, 194.64
845, 1260, 24, 97, 0.7881, 1.0462, 1.0064, 0.2857, 0.5517, 208.00
845, 1312, 98, 102, 1.0000, 1.7388, 0.2969, 1.7133, 1.0000, 152.18
846, 1300, 101, 57, 1.0000, 2.0363, 0.2972, 2.0145, 1.0000, 193.98
846, 1260, 24, 98, 0.8451, 0.7729, 0.2806, 0.7201, 0.6761, 210.75
846, 1312, 99, 103, 1.0000, 1.4782, 0.7355, 1.2823, 1.0000, 151.07
847, 1300, 101, 57, 1.0000, 0.7098, 0.0338, 0.7090, 1.0000, 193.03
847, 1260, 10, 106, 0.8519, 14.6872, -12.8886, 7.0426, 0.7667, 205.56
847, 1312, 99, 105, 1.0000, 1.7403, 0.2907, 1.7158, 1.0000, 150.50
847, 1323, 53, 26, 0.6000, 59.0851, 42.2015, -41.3532, 0.1800, 185.67
847, 1291, 34, 15, 0.5625, 0.0469, 0.0000, -0.0469, 0.2250, 229.75
847, 1332, 80, 31, 0.6000, 0.9364, 0.9353, 0.0469, 0.1800, 196.00
848, 1300, 102, 60, 1.0000, 2.6972, 0.6180, 2.6255, 1.0000, 192.27
848, 1312, 100, 106, 1.0000, 1.4716, 0.7126, 1.2875, 1.0000, 149.27
848, 1200, 28, 102, 0.5400, 38.7572, -37.0399, -11.4090, 0.2700, 152.10
848, 1291, 54, 22, 0.6222, 18.3815, 17.3598, 6.0430, 0.3111, 223.20
848, 1332, 80, 31, 0.7056, 0.2620, 0.2619, -0.0048, 0.2822, 192.00
848, 1323, 95, -15, 0.5000, 59.0851, 42.2015, -41.3532, 0.1500, 185.67
849, 1300, 103, 64, 1.0000, 3.3603, 0.9722, 3.2165, 1.0000, 191.07
849, 1312, 100, 108, 1.0000, 1.7349, 0.2881, 1.7108, 1.0000, 148.52
849, 1200, 0, 95, 0.6000, 30.1309, -29.3116, -6.9783, 0.3600, 158.75
849, 1277, 43, 7, 0.5625, 58.5792, 15.0695, -56.6077, 0.2250, 206.50
849, 1336, 25, 103, 0.6000, 21.5431, -6.3300, -20.5922, 0.1800, 157.83
849, 1291, 71, 28, 0.5222, 18.3815, 17.3598, 6.0430, 0.2611, 223.20
849, 1332, 80, 31, 0.6056, 0.2620, 0.2619, -0.0048, 0.2422, 192.00
850, 1300, 90, 81, 1.0000, 17.2956, -9.9248, 14.1645, 1.0000, 190.27
850, 1312, 101, 110, 1.0000, 2.1038, 0.7082, 1.9810, 1.0000, 147.83
850, 1200, -3, 96, 0.6587, 5.1883, -5.1786, -0.3160, 0.4611, 166.07
850, 1332, 82, 32, 0.7611, 1.1526, 1.0139, 0.5483, 0.3806, 189.60
850, 1336, 18, 76, 0.6556, 26.9647, -7.2010, -25.9854, 0.2622, 164.88
851, 1300, 97, 108, 1.0000, 24.7146, 3.4835, 24.4679, 1.0000, 188.43
851, 1312, 110, 120, 1.0000, 11.8549, 7.8356, 8.8961, 1.0000, 146.56
851, 1250, 34, 14, 0.5400, 30.6936, 14.0776, -27.2749, 0.2700, 203.20
851, 1291, 75, 6, 0.6806, 9.3549, 4.1687, -8.3747, 0.4083, 219.50
851, 1332, 57, 43, 0.7667, 24.7008, -22.4384, 10.3271, 0.4600, 188.33
851, 1336, 11, 28, 0.7111, 46.3525, -7.1633, -45.7956, 0.3556, 174.10
852, 1312, 114, 123, 1.0000, 5.9157, 4.3718, 3.9853, 1.0000, 145.42
852, 1250, 37, 9, 0.6000, 8.8074, 4.0566, -7.8176, 0.3600, 205.17
852, 1338, 1, 61, 0.6000, 1.3226, 0.9353, 0.9353, 0.1800, 209.33
852, 1336, 4, -18, 0.6111, 46.3525, -7.1633, -45.7956, 0.3056, 174.10
853, 1312, 115, 123, 1.0000, 1.5237, 1.4670, 0.4115, 1.0000, 143.22
853, 1200, 5, 98, 0.8311, 1.5285, 1.3080, 0.7908, 0.8311, 181.25
853, 1250, 35, 9, 0.6587, 1.3935, -1.1040, -0.8504, 0.4611, 208.14
853, 1338, 1, 61, 0.7056, 0.3704, 0.2619, 0.2619, 0.2822, 210.25
853, 1299, 120, 32, 0.5625, 39.4251, 14.9640, -36.4748, 0.2250, 136.25
854, 1312, 116, 122, 1.0000, 1.4178, 1.3321, -0.4853, 1.0000, 141.61
854, 1338, 2, 62, 0.7611, 1.0425, 0.7372, 0.7372, 0.3806, 207.90
854, 1313, 0, 127, 0.5625, 4.0497, -3.9288, 0.9822, 0.2250, 142.50
854, 1344, 33, 28, 0.6000, 0.9353, 0.9353, 0.0000, 0.1800, 202.17
854, 1346, 75, 111, 0.6000, 2.9030, -0.1408, -2.8996, 0.1800, 145.33
855, 1312, 117, 122, 1.0000, 1.1243, 1.0815, -0.3073, 1.0000, 140.45
855, 1250, 36, 10, 0.7741, 0.9462, 0.8426, 0.4304, 0.6967, 212.44
855, 1326, 33, 64, 0.6000, 26.4573, -13.3369, -22.8498, 0.1800, 176.67
855, 1331, 80, 115, 0.6000, 70.5138, 70.4889, -1.8734, 0.1800, 142.00
855, 1338, 2, 62, 0.8167, 0.3435, 0.2429, 0.2429, 0.4900, 206.92
855, 1339, 33, 1, 0.6000, 10.7513, -10.3992, -2.7289, 0.1800, 205.67
855, 1343, 85, 34, 0.6556, 12.1937, 4.5286, 11.3216, 0.2622, 181.50
855, 1344, 11, 38, 0.6556, 20.3756, -18.6074, 8.3025, 0.2622, 198.12
855, 1345, 119, 30, 0.6000, 32.6991, 32.4029, -4.3907, 0.1800, 173.00
855, 1346, 75, 108, 0.5000, 2.9030, -0.1408, -2.8996, 0.1500, 145.33
856, 1312, 115, 110, 1.0000, 9.8120, -1.7567, -9.6535, 1.0000, 139.10
856, 1295, 4, 18, 0.5625, 21.6354, -18.8220, 10.6688, 0.2250, 213.75
856, 1338, 3, 63, 0.8722, 1.0563, 0.7469, 0.7469, 0.6106, 208.36
856, 1343, 87, 38, 0.7111, 5.4911, 2.4282, 4.9251, 0.3556, 183.80
856, 1345, 127, 30, 0.6556, 10.5229, 10.5046, -0.6201, 0.2622, 160.25
856, 1346, 56, 93, 0.6556, 14.3688, -10.7511, -9.5330, 0.2622, 149.00
856, 1349, 110, 44, 0.6000, 51.0713, 45.8743, 22.4460, 0.1800, 177.67
856, 1352, 80, 115, 0.6000, 1.0302, 1.0291, 0.0469, 0.1800, 190.67
856, 1250, 37, 11, 0.6741, 0.9462, 0.8426, 0.4304, 0.6067, 212.44
856, 1326, 19, 41, 0.5000, 26.4573, -13.3369, -22.8498, 0.1500, 176.67
856, 1331, 150, 113, 0.5000, 70.5138, 70.4889, -1.8734, 0.1500, 142.00
856, 1339, 23, -2, 0.5000, 10.7513, -10.3992, -2.7289, 0.1500, 205.67
856, 1344, -7, 46, 0.5556, 20.3756, -18.6074, 8.3025, 0.2222, 198.12
857, 1312, 114, 107, 1.0000, 4.7665, -1.0421, -4.6512, 1.0000, 137.84
857, 1250, 43, 21, 0.8311, 7.2475, 3.9411, 6.0823, 0.8311, 211.10
857, 1326, 27, 61, 0.6556, 1.8822, -1.4524, 1.1972, 0.2622, 180.50
857, 1337, 18, 7, 0.7056, 4.6416, -2.6400, 3.8177, 0.2822, 215.75
857, 1338, 20, 59, 0.8778, 15.7737, 15.3750, -3.5243, 0.7022, 206.56
857, 1339, 2, 14, 0.6556, 17.8168, -16.0533, 7.7284, 0.2622, 208.50
857, 1342, 103, 13, 0.6000, 22.2482, 22.2482, -0.0305, 0.1800, 172.33
857, 1343, 87, 38, 0.7667, 0.3508, 0.2661, 0.2286, 0.4600, 182.50
857, 1344, 2, 63, 0.7111, 13.4429, -2.6572, 13.1776, 0.3556, 201.10
857, 1346, 29, 105, 0.7111, 27.2994, -25.6411, 9.3696, 0.3556, 148.20
857, 1352, 82, 115, 0.7056, 1.7619, 1.7619, -0.0048, 0.2822, 179.75
857, 1345, 137, 30, 0.5556, 10.5229, 10.5046, -0.6201, 0.2222, 160.25
857, 1349, 156, 66, 0.5000, 51.0713, 45.8743, 22.4460, 0.1500, 177.67
858, 1324, 68, 89, 0.6000, 30.0202, 28.7515, 8.6348, 0.1800, 174.00
858, 1326, 26, 62, 0.7111, 1.4579, -1.2540, 0.7436, 0.3556, 182.40
858, 1337, 10, 20, 0.7111, 14.2981, -7.7606, 12.0086, 0.3556, 216.00
858, 1343, 88, 38, 0.8222, 0.5295, 0.5121, 0.1345, 0.5756, 183.43
858, 1352, 79, 112, 0.7611, 3.9793, -2.5414, -3.0621, 0.3806, 169.60
858, 1312, 113, 102, 0.9000, 4.7665, -1.0421, -4.6512, 0.9000, 137.84
858, 1339, -14, 22, 0.5556, 17.8168, -16.0533, 7.7284, 0.2222, 208.50
858, 1342, 125, 13, 0.5000, 22.2482, 22.2482, -0.0305, 0.1500, 172.33
859, 1324, 87, 114, 0.6556, 30.8085, 20.7657, 22.7585, 0.2622, 167.25
859, 1337, 4, 33, 0.7667, 14.6086, -6.3600, 13.1515, 0.4600, 213.33
859, 1343, 80, 41, 0.8778, 7.1046, -6.7186, 2.3098, 0.7022, 183.38
859, 1355, 14, 97, 0.6000, 23.4560, 9.3525, -21.5108, 0.1800, 152.33
859, 1312, 112, 97, 0.8000, 4.7665, -1.0421, -4.6512, 0.8000, 137.84
859, 1352, 76, 109, 0.6611, 3.9793, -2.5414, -3.0621, 0.3306, 169.60
860, 1312, 114, 108, 1.0000, 1.4193, 0.2716, 1.3931, 1.0000, 136.66
860, 1324, 105, 128, 0.7111, 23.6310, 18.3876, 14.8432, 0.3556, 167.80
860, 1337, 3, 35, 0.8222, 3.5259, -1.3084, 3.2741, 0.5756, 213.00
860, 1352, 68, 103, 0.7667, 7.2231, -5.7123, -4.4208, 0.4600, 168.00
860, 1355, 23, 75, 0.5000, 23.4560, 9.3525, -21.5108, 0.1500, 152.33
861, 1325, 90, 18, 0.6000, 72.2980, 26.0201, -67.4534, 0.1800, 167.67
861, 1347, 6, 16, 0.6000, 6.5844, 1.8041, 6.3324, 0.1800, 206.67
861, 1351, 91, 116, 0.6000, 17.3510, -17.1387, 2.7061, 0.1800, 124.17
861, 1354, 6, 111, 0.6000, 0.9699, 0.1192, 0.9626, 0.1800, 207.67
861, 1355, 45, 73, 0.6556, 19.4329, 16.2232, -10.6980, 0.2622, 160.75
861, 1324, 124, 142, 0.6111, 23.6310, 18.3876, 14.8432, 0.3056, 167.80
861, 1352, 63, 99, 0.6667, 7.2231, -5.7123, -4.4208, 0.4000, 168.00
862, 1354, 6, 111, 0.7056, 0.2569, -0.0358, 0.2544, 0.2822, 202.25
862, 1355, 41, 46, 0.7111, 26.1081, -1.6386, -26.0566, 0.3556, 169.80
862, 1325, 116, -49, 0.5000, 72.2980, 26.0201, -67.4534, 0.1500, 167.67
862, 1347, 8, 23, 0.5000, 6.5844, 1.8041, 6.3324, 0.1500, 206.67
862, 1351, 73, 118, 0.5000, 17.3510, -17.1387, 2.7061, 0.1500, 124.17
862, 1352, 57, 94, 0.5667, 7.2231, -5.7123, -4.4208, 0.3400, 168.00
863, 1354, 5, 112, 0.7611, 1.0766, -0.7922, 0.7290, 0.3806, 198.20
863, 1230, 27, 102, 0.5250, 63.3654, -61.7283, -14.3103, 0.3150, 188.83
864, 1347, 8, 34, 0.6556, 5.7766, 0.4943, 5.7554, 0.2622, 204.75
864, 1351, 65, 105, 0.6556, 8.3159, -6.7133, -4.9078, 0.2622, 131.38
864, 1352, 46, 84, 0.8222, 7.3609, -5.5127, -4.8779, 0.5756, 169.71
864, 1354, 5, 112, 0.8167, 0.3825, -0.2970, 0.2410, 0.4900, 193.17
865, 1347, 10, 43, 0.7111, 9.3558, 1.6845, 9.2029, 0.3556, 205.80
865, 1352, 44, 61, 0.8778, 21.8810, -1.7127, -21.8138, 0.7022, 173.88
865, 1354, 5, 113, 0.8722, 0.7473, 0.0006, 0.7473, 0.6106, 191.43
865, 1351, 58, 100, 0.5556, 8.3159, -6.7133, -4.9078, 0.2222, 131.38
866, 1347, 8, 63, 0.7667, 18.7640, -1.7610, 18.6812, 0.4600, 204.33
866, 1351, 58, 102, 0.7111, 3.1943, -2.9300, -1.2722, 0.3556, 139.30
866, 1352, 31, 49, 0.9333, 17.9230, -12.2360, -13.0963, 0.8400, 177.56
866, 1316, 80, 112, 0.5625, 7.5468, -6.4998, 3.8349, 0.2250, 118.75
867, 1347, 6, 82, 0.6667, 18.7640, -1.7610, 18.6812, 0.4000, 204.33
868, 1347, 9, 78, 0.8222, 5.6934, 0.9464, 5.6142, 0.5756, 200.29
868, 1316, 73, 109, 0.6222, 3.9046, -3.4356, -1.8554, 0.3111, 123.60
868, 1360, 12, 33, 0.6000, 30.3877, -21.4639, 21.5108, 0.1800, 210.33
869, 1356, 38, 1, 0.6000, 0.9233, 0.0405, -0.9224, 0.1800, 221.67
869, 1360, 7, 66, 0.6556, 32.5711, -7.5387, 31.6867, 0.2622, 206.50
869, 1361, 25, 2, 0.6000, 12.7945, -8.9259, -9.1667, 0.1800, 213.67
869, 1316, 69, 108, 0.5222, 3.9046, -3.4356, -1.8554, 0.2611, 123.60
870, 1356, 39, 1, 0.7056, 0.7907, 0.7410, -0.2759, 0.2822, 224.75
870, 1316, 74, 85, 0.6806, 13.9711, 1.0652, -13.9304, 0.4083, 130.50
870, 1360, 8, 73, 0.7111, 9.5906, 0.0431, 9.5905, 0.3556, 203.20
870, 1361, 16, -8, 0.5000, 12.7945, -8.9259, -9.1667, 0.1500, 213.67
871, 1356, 39, 0, 0.7611, 0.7905, 0.2669, -0.7441, 0.3806, 223.20
871, 1357, 52, 12, 0.6000, 0.9225, 0.0162, 0.9224, 0.1800, 212.00
871, 1279, 54, 76, 0.5400, 20.2749, 19.5485, 5.3784, 0.2700, 198.00
871, 1363, 36, 14, 0.6000, 32.6932, 32.6766, -1.0420, 0.1800, 213.33
871, 1360, 8, 83, 0.6111, 9.5906, 0.0431, 9.5905, 0.3056, 203.20
872, 1356, 39, 0, 0.8167, 0.2437, -0.0062, -0.2436, 0.4900, 222.67
872, 1357, 40, 13, 0.6556, 10.6698, -10.6196, 1.0339, 0.2622, 211.00
872, 1358, 87, 116, 0.6000, 81.0785, 81.0577, -1.8356, 0.1800, 149.00
872, 1279, 78, 74, 0.6000, 23.6074, 23.5987, -0.6384, 0.3600, 195.00
872, 1363, 70, 14, 0.6556, 33.9007, 33.8999, -0.2306, 0.2622, 204.00
873, 1356, 49, 12, 0.8222, 14.0033, 9.0825, 10.6583, 0.5756, 220.57
873, 1363, 119, 5, 0.7111, 48.4704, 47.8745, -7.5772, 0.3556, 190.60
873, 1357, 29, 14, 0.5556, 10.6698, -10.6196, 1.0339, 0.2222, 211.00
873, 1358, 168, 114, 0.5000, 81.0785, 81.0577, -1.8356, 0.1500, 149.00
873, 1279, 102, 73, 0.5000, 23.6074, 23.5987, -0.6384, 0.3000, 195.00
874, 1357, 11, 40, 0.7111, 21.3454, -14.8072, 15.3744, 0.3556, 208.60
874, 1359, 18, 50, 0.6000, 47.9409, 10.1117, 46.8623, 0.1800, 215.33
874, 1363, 167, -2, 0.6111, 48.4704, 47.8745, -7.5772, 0.3056, 190.60
875, 1303, 99, 13, 0.5625, 78.4253, 78.2760, 4.8371, 0.2250, 199.50
875, 1353, 64, 89, 0.6000, 39.2469, -14.4114, -36.5052, 0.1800, 134.67
875, 1359, 15, 94, 0.6556, 43.6800, -1.5293, 43.6533, 0.2622, 204.12
876, 1348, 90, 21, 0.6000, 49.6692, 49.0687, 7.7000, 0.1800, 194.00
876, 1353, 49, 53, 0.5000, 39.2469, -14.4114, -36.5052, 0.1500, 134.67
876, 1359, 13, 137, 0.5556, 43.6800, -1.5293, 43.6533, 0.2222, 204.12
877, 1340, 13, 70, 0.6000, 62.7896, -34.8260, 52.2464, 0.1800, 199.67
877, 1215, 73, 101, 0.5143, 30.4268, 26.8258, 14.3585, 0.3600, 177.00
877, 1367, 36, 16, 0.6000, 41.1364, -41.1362, -0.1445, 0.1800, 187.67
877, 1348, 139, 28, 0.5000, 49.6692, 49.0687, 7.7000, 0.1500, 194.00
878, 1348, 128, 37, 0.6556, 17.5537, 15.5336, 8.1755, 0.2622, 179.50
878, 1353, 53, 32, 0.6556, 15.2447, -1.2948, -15.1897, 0.2622, 150.00
878, 1333, 42, 94, 0.5625, 20.3528, 0.1589, 20.3522, 0.2250, 200.50
878, 1367, -1, 17, 0.6556, 37.5698, -37.5615, 0.7926, 0.2622, 195.75
878, 1340, -22, 123, 0.5000, 62.7896, -34.8260, 52.2464, 0.1500, 199.67
879, 1368, 78, 25, 0.6000, 33.1186, -25.9766, 20.5440, 0.1800, 154.67
879, 1348, 144, 45, 0.5556, 17.5537, 15.5336, 8.1755, 0.2222, 179.50
879, 1353, 51, 17, 0.5556, 15.2447, -1.2948, -15.1897, 0.2222, 150.00
879, 1367, -38, 18, 0.5556, 37.5698, -37.5615, 0.7926, 0.2222, 195.75
880, 1368, 58, 33, 0.6556, 22.7682, -20.7826, 9.2991, 0.2622, 164.25
880, 1371, 14, 74, 0.6000, 1.3226, 0.9353, 0.9353, 0.1800, 203.67
881, 1215, 107, 127, 0.5722, 5.4000, 3.1712, 4.3708, 0.4578, 165.88
881, 1366, 51, 69, 0.6000, 70.2976, -26.9886, 64.9104, 0.1800, 195.50
881, 1371, 14, 74, 0.7056, 0.3704, 0.2619, 0.2619, 0.2822, 202.75
881, 1368, 37, 42, 0.5556, 22.7682, -20.7826, 9.2991, 0.2222, 164.25
882, 1368, 11, 60, 0.7111, 27.6286, -23.8389, 13.9657, 0.3556, 171.20
882, 1369, 123, 19, 0.6000, 8.6481, 8.0157, 3.2463, 0.1800, 145.00
882, 1371, 15, 68, 0.7111, 5.4214, 0.7372, -5.3711, 0.3556, 201.40
882, 1373, 51, 23, 0.6000, 0.9822, 0.0000, 0.9822, 0.1800, 206.00
882, 1366, 24, 134, 0.5000, 70.2976, -26.9886, 64.9104, 0.1500, 195.50
883, 1364, 56, 93, 0.6000, 37.4111, 15.9748, -33.8290, 0.1800, 183.00
883, 1328, 56, 23, 0.5625, 71.6997, -67.9456, 22.8963, 0.2250, 150.00
883, 1371, 24, 59, 0.7667, 11.9409, 7.8869, -8.9656, 0.4600, 196.50
883, 1373, 35, 9, 0.6556, 18.0075, -13.5859, -11.8192, 0.2622, 206.00
883, 1368, -13, 74, 0.6111, 27.6286, -23.8389, 13.9657, 0.3056, 171.20
883, 1369, 131, 22, 0.5000, 8.6481, 8.0157, 3.2463, 0.1500, 145.00
884, 1364, 77, 44, 0.6556, 51.1004, 20.4872, -46.8137, 0.2622, 185.50
884, 1371, 48, 29, 0.8222, 35.3805, 22.7640, -27.0847, 0.5756, 196.00
884, 1373, 3, 0, 0.7111, 31.7468, -30.1905, -9.8180, 0.3556, 210.60
885, 1341, 53, 17, 0.5625, 20.4412, -19.4405, -6.3174, 0.2250, 181.00
885, 1311, 20, 39, 0.5400, 4.6530, -4.3031, 1.7701, 0.2700, 205.60
885, 1372, 2, 19, 0.6000, 2.6553, -2.6551, 0.0305, 0.1800, 213.67
885, 1350, 33, 90, 0.5625, 22.3488, -17.8036, 13.5093, 0.2250, 195.00
885, 1364, 98, -3, 0.5556, 51.1004, 20.4872, -46.8137, 0.2222, 185.50
885, 1373, -27, -10, 0.6111, 31.7468, -30.1905, -9.8180, 0.3056, 210.60
886, 1215, 126, 122, 0.6296, 4.8406, 4.0975, -2.5773, 0.5667, 156.11
886, 1341, 9, 6, 0.6222, 42.5019, -41.2338, -10.3044, 0.3111, 188.20
886, 1311, 12, 43, 0.6000, 7.6792, -6.7783, 3.6091, 0.3600, 205.00
886, 1372, 3, 18, 0.7056, 0.7764, -0.0800, -0.7723, 0.2822, 215.50
886, 1375, 53, 16, 0.6000, 24.2354, -23.3344, 6.5468, 0.1800, 188.67
886, 1376, 82, 20, 0.6000, 42.7282, -33.7629, -26.1871, 0.1800, 145.33
887, 1311, 11, 43, 0.6587, 2.2266, -1.9359, 1.1000, 0.4611, 204.29
887, 1372, 2, 19, 0.7611, 0.6458, -0.4396, 0.4731, 0.3806, 220.20
887, 1374, 57, 66, 0.6000, 68.8440, -26.0729, 63.7158, 0.1800, 176.00
887, 1375, 50, 17, 0.6556, 6.0812, -5.7982, 1.8335, 0.2622, 192.25
887, 1215, 130, 120, 0.5296, 4.8406, 4.0975, -2.5773, 0.4767, 156.11
887, 1341, -32, -5, 0.5222, 42.5019, -41.2338, -10.3044, 0.2611, 188.20
887, 1376, 48, -6, 0.5000, 42.7282, -33.7629, -26.1871, 0.1500, 145.33
888, 1372, 1, 10, 0.7667, 7.4070, -0.9203, -7.3496, 0.4600, 219.83
888, 1375, 50, 27, 0.7111, 9.7600, -0.5990, 9.7416, 0.3556, 197.20
888, 1376, 66, 0, 0.6556, 9.4750, -4.6022, -8.2822, 0.2622, 157.50
888, 1311, 9, 45, 0.5587, 2.2266, -1.9359, 1.1000, 0.3911, 204.29
888, 1374, 31, 130, 0.5000, 68.8440, -26.0729, 63.7158, 0.1500, 176.00
889, 1372, 1, 7, 0.8222, 3.6499, -0.2873, -3.6386, 0.5756, 219.14
889, 1375, 53, 38, 0.7667, 10.7287, 2.9094, 10.3266, 0.4600, 197.00
889, 1376, 56, -1, 0.7111, 9.7717, -9.6380, -1.6110, 0.3556, 176.20
890, 1375, 64, 57, 0.8222, 21.0223, 9.6788, 18.6617, 0.5756, 197.00
890, 1383, 52, 32, 0.6000, 27.5066, -26.1871, -8.4173, 0.1800, 190.67
890, 1372, 1, 4, 0.7222, 3.6499, -0.2873, -3.6386, 0.5056, 219.14
891, 1383, 22, 41, 0.6556, 30.7168, -29.9772, 6.6999, 0.2622, 196.25
891, 1372, 0, 0, 0.6222, 3.6499, -0.2873, -3.6386, 0.4356, 219.14
891, 1375, 73, 76, 0.7222, 21.0223, 9.6788, 18.6617, 0.5056, 197.00
892, 1362, 55, 111, 0.6000, 37.3093, -36.6050, -7.2153, 0.1800, 118.33
892, 1380, 34, 52, 0.6000, 13.1869, 4.4648, 12.4080, 0.1800, 217.00
892, 1383, 0, 23, 0.7111, 27.0004, -22.0926, -15.5221, 0.3556, 205.20
892, 1372, 0, -4, 0.5222, 3.6499, -0.2873, -3.6386, 0.3656, 219.14
892, 1375, 83, 95, 0.6222, 21.0223, 9.6788, 18.6617, 0.4356, 197.00
893, 1380, 22, 65, 0.6556, 16.0404, -9.2598, 13.0978, 0.2622, 211.00
893, 1384, 12, 33, 0.6000, 25.0636, 3.5723, 24.8077, 0.1800, 212.33
893, 1387, 59, 18, 0.6000, 1.3562, 0.9822, 0.9353, 0.1800, 200.33
893, 1362, 18, 104, 0.5000, 37.3093, -36.6050, -7.2153, 0.1500, 118.33
893, 1375, 93, 113, 0.5222, 21.0223, 9.6788, 18.6617, 0.3656, 197.00
894, 1380, 21, 80, 0.7111, 14.8500, -2.4867, 14.6403, 0.3556, 211.00
894, 1384, 11, 46, 0.6556, 14.6266, -0.4217, 14.6205, 0.2622, 211.75
894, 1387, 40, 7, 0.6556, 18.9330, -16.3479, -9.5501, 0.2622, 199.25
894, 1389, 23, 12, 0.6000, 12.1026, -4.8640, 11.0822, 0.1800, 214.33
894, 1390, 97, 9, 0.6000, 3.5545, 0.0939, 3.5533, 0.1800, 170.89
895, 1329, 79, 95, 0.5625, 16.5659, -16.4529, -1.9318, 0.2250, 124.75
895, 1389, 21, 36, 0.6556, 22.2041, -2.8001, 22.0268, 0.2622, 207.75
895, 1390, 100, 33, 0.6556, 21.5639, 2.2548, 21.4457, 0.2622, 167.42
895, 1394, 79, 28, 0.6000, 13.3521, -8.5111, 10.2878, 0.1800, 176.33
895, 1380, 18, 94, 0.6111, 14.8500, -2.4867, 14.6403, 0.3056, 211.00
895, 1384, 10, 60, 0.5556, 14.6266, -0.4217, 14.6205, 0.2222, 211.75
895, 1387, 24, -3, 0.5556, 18.9330, -16.3479, -9.5501, 0.2222, 199.25
896, 1329, 67, 91, 0.6222, 12.4929, -11.9808, -3.5400, 0.3111, 134.00
896, 1387, 10, 7, 0.7111, 14.9382, -14.8446, 1.6694, 0.3556, 202.80
896, 1389, 11, 46, 0.7111, 14.2571, -8.7904, 11.2247, 0.3556, 208.00
896, 1322, 63, 18, 0.5400, 30.4640, -28.9928, -9.3525, 0.2700, 200.40
896, 1397, 24, 28, 0.6000, 24.6914, 14.9640, 19.6403, 0.1800, 209.67
896, 1399, 100, 9, 0.6000, 16.5463, -11.2230, -12.1583, 0.1800, 147.67
896, 1380, 16, 109, 0.5111, 14.8500, -2.4867, 14.6403, 0.2556, 211.00
896, 1390, 102, 54, 0.5556, 21.5639, 2.2548, 21.4457, 0.2222, 167.42
896, 1394, 71, 38, 0.5000, 13.3521, -8.5111, 10.2878, 0.1500, 176.33
897, 1329, 59, 82, 0.6806, 12.0545, -8.3669, -8.6779, 0.4083, 143.83
897, 1394, 71, 29, 0.6556, 3.8681, -3.8268, -0.5639, 0.2622, 180.50
897, 1322, 22, 11, 0.6000, 40.5969, -39.8203, -7.9027, 0.3600, 202.50
897, 1397, 37, 58, 0.6556, 31.1060, 13.2481, 28.1437, 0.2622, 205.75
897, 1399, 87, 4, 0.6556, 13.4533, -12.2004, -5.6694, 0.2622, 153.75
897, 1389, 2, 57, 0.6111, 14.2571, -8.7904, 11.2247, 0.3056, 208.00
898, 1311, 1, 35, 0.7167, 1.6333, -0.4862, -1.5592, 0.5733, 201.38
898, 1386, 82, 38, 0.6000, 46.7550, -29.7129, 36.0996, 0.1800, 156.17
898, 1390, 117, 77, 0.7111, 14.6907, 6.6137, 13.1178, 0.3556, 151.73
898, 1393, 13, 24, 0.6000, 39.1910, -36.2258, 14.9542, 0.1800, 202.67
898, 1394, 46, 19, 0.7111, 24.4065, -22.5509, -9.3344, 0.3556, 185.60
898, 1395, 61, 105, 0.6000, 73.1913, 10.5900, 72.4211, 0.1800, 190.00
898, 1322, -1, 17, 0.6587, 24.9753, -24.5793, 4.4297, 0.4611, 208.00
898, 1397, 56, 107, 0.7111, 50.8351, 18.1785, 47.4737, 0.3556, 195.40
898, 1399, 66, 16, 0.7111, 22.9639, -20.5744, 10.1997, 0.3556, 161.80
898, 1329, 51, 73, 0.5806, 12.0545, -8.3669, -8.6779, 0.3483, 143.83
899, 1329, 38, 77, 0.7381, 11.0506, -10.8967, -1.8377, 0.5167, 148.86
899, 1311, 2, 20, 0.7741, 14.9375, 0.8919, -14.9109, 0.6967, 205.56
899, 1388, 68, 18, 0.6000, 37.0652, -35.1432, 11.7808, 0.1800, 165.00
899, 1396, 36, 40, 0.7056, 0.0529, -0.0519, -0.0104, 0.2822, 215.75
899, 1399, 49, 36, 0.7667, 25.5206, -16.7688, 19.2382, 0.4600, 169.33
899, 1386, 52, 74, 0.5000, 46.7550, -29.7129, 36.0996, 0.1500, 156.17
899, 1390, 123, 90, 0.6111, 14.6907, 6.6137, 13.1178, 0.3056, 151.73
899, 1393, -23, 39, 0.5000, 39.1910, -36.2258, 14.9542, 0.1500, 202.67
899, 1395, 71, 178, 0.5000, 73.1913, 10.5900, 72.4211, 0.1500, 190.00
899, 1322, -25, 21, 0.5587, 24.9753, -24.5793, 4.4297, 0.3911, 208.00
899, 1397, 74, 155, 0.6111, 50.8351, 18.1785, 47.4737, 0.3056, 195.40
900, 1368, 49, 66, 1.0000, 0.1411, 0.0563, 0.1294, 1.0000, 201.27
900, 1311, 2, 17, 0.8311, 4.3464, 0.2915, -4.3366, 0.8311, 208.70
900, 1388, 51, 11, 0.6556, 19.8441, -19.2640, -4.7629, 0.2622, 178.75
900, 1396, 48, 38, 0.7111, 10.7516, 10.6417, -1.5338, 0.3556, 213.20
900, 1390, 130, 104, 0.5111, 14.6907, 6.6137, 13.1178, 0.2556, 151.73
900, 1399, 33, 56, 0.6667, 25.5206, -16.7688, 19.2382, 0.4000, 169.33
901, 1388, 51, 8, 0.7111, 4.1327, -2.4737, -3.3106, 0.3556, 194.00
901, 1396, 50, 38, 0.7667, 3.3542, 3.3030, -0.5836, 0.4600, 212.00
901, 1403, 51, 69, 0.6000, 45.2366, -13.9818, -43.0216, 0.1800, 198.33
901, 1311, 2, 13, 0.7311, 4.3464, 0.2915, -4.3366, 0.7311, 208.70
902, 1330, 58, 113, 0.5625, 38.9975, 35.7919, 15.4837, 0.2250, 156.25
902, 1311, 23, 1, 0.8879, 14.8622, 12.1733, -8.5261, 0.8879, 211.45
902, 1385, 92, 3, 0.6000, 36.7046, 28.1968, -23.4983, 0.1800, 183.33
902, 1396, 50, 38, 0.8222, 0.2893, -0.2893, 0.0006, 0.5756, 210.57
902, 1403, 31, 30, 0.6556, 43.5931, -19.0292, -39.2206, 0.2622, 201.50
903, 1382, 50, 69, 0.6000, 0.9295, 0.0040, 0.9295, 0.1800, 222.33
903, 1385, 121, -20, 0.5000, 36.7046, 28.1968, -23.4983, 0.1500, 183.33
903, 1396, 49, 38, 0.7222, 0.2893, -0.2893, 0.0006, 0.5056, 210.57
903, 1403, 12, -9, 0.5556, 43.5931, -19.0292, -39.2206, 0.2222, 201.50
904, 1330, 73, 116, 0.6222, 4.3681, 4.3649, 0.1687, 0.3111, 153.80
904, 1382, 50, 69, 0.7056, 0.2759, -0.0018, 0.2759, 0.2822, 225.25
904, 1392, 9, 79, 0.6000, 82.0420, -34.4271, 74.4693, 0.1800, 206.33
904, 1396, 32, 29, 0.8778, 11.4108, -10.2987, -4.9135, 0.7022, 206.88
904, 1403, 15, 7, 0.7111, 9.8658, -6.2113, -7.6651, 0.3556, 204.20
904, 1335, 30, 86, 0.5400, 47.1574, -39.1867, -26.2340, 0.2700, 182.40
905, 1330, 74, 113, 0.6806, 2.4914, 0.8516, -2.3414, 0.4083, 153.67
905, 1382, 50, 70, 0.7611, 0.7439, -0.0012, 0.7439, 0.3806, 226.60
905, 1400, 27, 81, 0.6000, 59.1278, 13.0022, 57.6805, 0.1800, 197.00
905, 1335, 6, 47, 0.6000, 45.7087, -26.1060, -37.5202, 0.3600, 185.17
905, 1392, -25, 154, 0.5000, 82.0420, -34.4271, 74.4693, 0.1500, 206.33
906, 1382, 50, 71, 0.8167, 1.0079, -0.0002, 1.0079, 0.4900, 228.17
906, 1335, 9, 12, 0.6587, 35.5488, 0.1231, -35.5486, 0.4611, 188.86
906, 1400, 40, 139, 0.5000, 59.1278, 13.0022, 57.6805, 0.1500, 197.00
907, 1382, 51, 72, 0.8722, 1.2884, 0.7604, 1.0401, 0.6106, 232.00
907, 1335, 9, -24, 0.5587, 35.5488, 0.1231, -35.5486, 0.3911, 188.86
908, 1382, 34, 84, 0.8778, 18.3651, -14.8232, 10.8421, 0.7022, 226.25
908, 1370, 78, 45, 0.5625, 33.8325, 33.7160, 2.8058, 0.2250, 198.50
908, 1408, 27, 105, 0.6000, 34.9278, -31.0511, 15.9932, 0.1800, 165.00
909, 1409, 47, 36, 0.6000, 30.9354, -27.0754, 14.9640, 0.1800, 197.67
909, 1410, 79, 117, 0.6000, 2.1334, 1.9174, 0.9353, 0.1800, 160.00
909, 1408, -4, 121, 0.5000, 34.9278, -31.0511, 15.9932, 0.1500, 165.00
910, 1409, 34, 35, 0.6556, 15.1937, -15.1485, 1.1718, 0.2622, 198.00
910, 1410, 80, 117, 0.7056, 1.3005, 1.2739, 0.2619, 0.2822, 163.75
910, 1412, 31, 11, 0.6000, 15.1213, 15.0110, -1.8236, 0.1800, 214.17
911, 1402, 43, 37, 0.6000, 30.8912, 30.1804, -6.5887, 0.1800, 197.33
911, 1409, 16, 17, 0.7111, 23.5827, -17.2890, -16.0384, 0.3556, 203.00
911, 1410, 82, 117, 0.7611, 1.7441, 1.7439, -0.0263, 0.3806, 160.40
911, 1411, 30, 4, 0.7056, 3.3819, 1.5048, 3.0287, 0.2822, 214.00
911, 1412, 36, 6, 0.6556, 7.6168, 5.6956, -5.0573, 0.2622, 217.88
912, 1402, 72, 27, 0.6556, 30.5380, 29.0373, -9.4553, 0.2622, 197.25
912, 1408, -1, 125, 0.6556, 1.8962, -0.1927, 1.8864, 0.2622, 162.00
912, 1410, 84, 118, 0.8167, 2.1320, 2.0081, 0.7162, 0.4900, 159.33
912, 1411, 30, 6, 0.7611, 1.9667, 0.5470, 1.8891, 0.3806, 215.60
912, 1412, 44, 4, 0.7111, 8.6769, 8.5244, -1.6198, 0.3556, 224.90
912, 1415, 33, 88, 0.6000, 1.3372, 0.9456, 0.9456, 0.1800, 190.00
912, 1365, 87, 92, 0.5625, 1.3562, 0.9822, 0.9353, 0.2250, 141.12
912, 1377, 9, 80, 0.5625, 9.2585, -6.5468, -6.5468, 0.2250, 175.50
913, 1402, 104, 5, 0.7111, 37.5264, 31.1499, -20.9264, 0.3556, 189.20
913, 1410, 85, 118, 0.8722, 1.3100, 1.2799, 0.2792, 0.6106, 159.29
913, 1411, 24, 12, 0.7667, 7.7743, -5.3614, 5.6299, 0.4600, 215.17
913, 1412, 46, 4, 0.7667, 2.5050, 2.4204, -0.6453, 0.4600, 224.50
913, 1415, 33, 89, 0.7056, 1.0518, 0.2601, 1.0191, 0.2822, 187.75
913, 1365, 82, 110, 0.6222, 15.9404, -4.2715, 15.3574, 0.3111, 135.30
913, 1417, 68, 10, 0.6000, 37.3997, 19.6872, -31.7986, 0.1800, 209.67
913, 1408, -1, 127, 0.5556, 1.8962, -0.1927, 1.8864, 0.2222, 162.00
914, 1330, 52, 77, 1.0000, 0.9892, -0.1025, 0.9839, 1.0000, 185.10
914, 1410, 87, 99, 0.8778, 16.7153, 1.7184, -16.6267, 0.7022, 155.88
914, 1411, 18, 16, 0.8222, 7.2590, -5.9451, 4.1652, 0.5756, 215.00
914, 1412, 48, 4, 0.8222, 1.9750, 1.9749, -0.0105, 0.5756, 228.29
914, 1415, 34, 89, 0.7611, 0.7756, 0.7338, 0.2510, 0.3806, 188.20
914, 1365, 86, 120, 0.6806, 11.2429, 2.8823, 10.8671, 0.4083, 140.58
914, 1377, 0, 80, 0.6222, 4.5888, -4.4999, 0.8987, 0.3111, 176.80
914, 1417, 82, 6, 0.6556, 16.6801, 14.5530, -8.1508, 0.2622, 199.75
914, 1402, 135, -16, 0.6111, 37.5264, 31.1499, -20.9264, 0.3056, 189.20
915, 1406, 48, 37, 0.6000, 61.1465, -61.0801, -2.8488, 0.1800, 165.67
915, 1411, 17, 17, 0.8778, 1.6758, -1.4886, 0.7697, 0.7022, 214.25
915, 1412, 49, 3, 0.8778, 1.3460, 1.1652, -0.6738, 0.7022, 227.75
915, 1415, 35, 90, 0.8167, 1.2324, 1.0063, 0.7116, 0.4900, 189.00
915, 1365, 88, 121, 0.7381, 3.1324, 2.4856, 1.9062, 0.5167, 140.29
915, 1377, 0, 81, 0.6806, 0.5951, -0.0737, 0.5905, 0.4083, 179.00
915, 1417, 96, -2, 0.5556, 16.6801, 14.5530, -8.1508, 0.2222, 199.75
916, 1411, 18, 16, 0.9333, 0.4332, 0.2988, -0.3137, 0.8400, 213.11
916, 1412, 51, 3, 0.9333, 1.7041, 1.6848, -0.2558, 0.8400, 228.67
916, 1415, 35, 91, 0.8722, 1.0363, 0.2807, 0.9976, 0.6106, 187.71
916, 1365, 90, 120, 0.7951, 2.0589, 2.0569, -0.0900, 0.6361, 142.88
916, 1377, 2, 81, 0.7381, 1.3732, 1.3699, 0.0941, 0.5167, 179.00
916, 1406, -14, 34, 0.5000, 61.1465, -61.0801, -2.8488, 0.1500, 165.67
917, 1412, 53, 3, 0.9889, 2.0014, 2.0014, 0.0006, 0.9889, 230.90
917, 1415, 36, 91, 0.9278, 0.7734, 0.7189, 0.2851, 0.7422, 187.12
917, 1365, 92, 120, 0.8519, 1.9758, 1.9509, -0.3124, 0.7667, 144.33
917, 1420, 43, 35, 0.6000, 26.1920, 1.0901, 26.1693, 0.1800, 203.33
917, 1411, 18, 16, 0.8333, 0.4332, 0.2988, -0.3137, 0.7500, 213.11
917, 1377, 3, 81, 0.6381, 1.3732, 1.3699, 0.0941, 0.4467, 179.00
918, 1412, 54, 2, 1.0000, 1.4740, 1.2826, -0.7264, 1.0000, 233.09
918, 1415, 36, 92, 0.9833, 0.7579, 0.2428, 0.7180, 0.8850, 186.44
918, 1365, 93, 120, 0.9083, 1.2137, 1.2090, -0.1062, 0.9083, 146.00
918, 1417, 120, 26, 0.7111, 12.0096, 8.0389, 8.9222, 0.3556, 191.00
918, 1420, 42, 68, 0.6556, 32.1269, -0.5325, 32.1225, 0.2622, 199.50
919, 1412, 55, 1, 1.0000, 1.4177, 0.9618, -1.0415, 1.0000, 231.86
919, 1415, 37, 92, 1.0000, 0.7780, 0.7383, 0.2453, 1.0000, 187.10
919, 1365, 82, 124, 0.9646, 10.4770, -9.7539, 3.8247, 0.9646, 143.27
919, 1420, 63, 117, 0.7111, 50.8985, 18.7412, 47.3226, 0.3556, 186.60
919, 1421, 30, 19, 0.6000, 33.7122, -22.8891, -24.7507, 0.1800, 209.00
920, 1412, 44, 7, 1.0000, 10.9836, -9.7509, 5.0557, 1.0000, 229.87
920, 1415, 38, 92, 1.0000, 1.0069, 1.0069, -0.0076, 1.0000, 186.27
920, 1421, 27, 2, 0.6556, 18.7004, -5.8143, -17.7736, 0.2622, 211.25
920, 1427, 9, 117, 0.6000, 41.1634, 7.1049, 40.5456, 0.1800, 171.33
920, 1429, 55, 44, 0.6000, 14.5970, 13.0466, 6.5468, 0.1800, 211.00
920, 1420, 82, 164, 0.6111, 50.8985, 18.7412, 47.3226, 0.3056, 186.60
921, 1415, 38, 93, 1.0000, 0.7619, 0.3031, 0.6990, 1.0000, 187.67
921, 1425, 59, 1, 0.6000, 1.8314, 1.8311, 0.0305, 0.1800, 221.67
921, 1383, 29, 2, 0.5000, 22.5169, 22.5085, -0.6147, 0.4500, 206.44
921, 1412, 34, 12, 0.9000, 10.9836, -9.7509, 5.0557, 0.9000, 229.87
921, 1421, 21, -16, 0.5556, 18.7004, -5.8143, -17.7736, 0.2222, 211.25
921, 1427, 16, 157, 0.5000, 41.1634, 7.1049, 40.5456, 0.1500, 171.33
921, 1429, 68, 50, 0.5000, 14.5970, 13.0466, 6.5468, 0.1500, 211.00
922, 1415, 52, 84, 1.0000, 14.0846, 11.7329, -7.7920, 1.0000, 190.62
922, 1416, 67, 25, 0.7056, 2.4367, -2.1836, 1.0812, 0.2822, 186.75
922, 1421, 27, 0, 0.7111, 1.8372, 1.1493, 1.4333, 0.3556, 213.00
922, 1425, 60, 0, 0.7056, 1.5142, 1.3025, -0.7723, 0.2822, 222.25
922, 1429, 79, 68, 0.6556, 17.2029, 11.7146, 12.5979, 0.2622, 206.25
923, 1416, 44, 35, 0.7111, 23.1240, -20.9885, 9.7058, 0.3556, 189.60
923, 1425, 62, 0, 0.7611, 1.7880, 1.7644, -0.2898, 0.3806, 227.60
923, 1391, 93, 25, 0.5625, 1.0430, 1.0419, 0.0482, 0.2250, 175.50
923, 1429, 91, 80, 0.5556, 17.2029, 11.7146, 12.5979, 0.2222, 206.25
924, 1405, 100, 29, 0.6000, 16.1263, -15.3933, -4.8066, 0.1800, 143.33
924, 1416, 4, 68, 0.7667, 48.7922, -38.2183, 30.3322, 0.4600, 188.50
924, 1425, 56, 6, 0.7667, 7.2338, -4.8667, 5.3519, 0.4600, 224.67
924, 1391, 94, 25, 0.6722, 0.9967, 0.9967, -0.0112, 0.3361, 173.00
925, 1405, 84, 26, 0.6556, 15.9366, -15.5290, -3.5813, 0.2622, 147.25
925, 1425, 35, 20, 0.8222, 23.8946, -19.6852, 13.5442, 0.5756, 222.57
925, 1391, 96, 25, 0.7306, 1.7565, 1.7565, -0.0105, 0.4383, 174.33
925, 1435, 22, 69, 0.6000, 1.2393, 0.8011, 0.9456, 0.1800, 195.33
925, 1416, -34, 99, 0.6667, 48.7922, -38.2183, 30.3322, 0.4000, 188.50
926, 1405, 69, 15, 0.7111, 18.0639, -15.1427, -9.8490, 0.3556, 158.20
926, 1391, 107, 36, 0.7381, 14.4257, 10.4606, 9.9335, 0.5167, 170.86
926, 1435, 11, 68, 0.6556, 9.5860, -9.5730, -0.4989, 0.2622, 193.25
927, 1405, 45, 23, 0.7667, 23.3889, -22.6220, 5.9404, 0.4600, 165.00
927, 1431, 39, 93, 0.6000, 37.4352, 15.5975, 34.0311, 0.1800, 182.00
927, 1435, 1, 68, 0.5556, 9.5860, -9.5730, -0.4989, 0.2222, 193.25
928, 1429, 102, 101, 0.7111, 3.2680, 1.0422, 3.0973, 0.3556, 186.80
928, 1435, 0, 68, 0.7111, 4.9647, -4.9640, -0.0864, 0.3556, 190.80
928, 1431, 54, 127, 0.5000, 37.4352, 15.5975, 34.0311, 0.1500, 182.00
929, 1435, -1, 68, 0.7667, 0.8155, -0.8154, 0.0047, 0.4600, 189.50
930, 1435, 0, 68, 0.8222, 0.3949, 0.3947, 0.0139, 0.5756, 188.86
930, 1444, 42, 24, 0.6000, 7.0944, 6.5937, 2.6180, 0.1800, 202.33
931, 1429, 105, 103, 0.8778, 1.0121, 1.0010, 0.1493, 0.7022, 157.25
931, 1433, 79, 52, 0.6000, 80.7677, 78.5663, 18.7286, 0.1800, 192.33
931, 1436, 78, 112, 0.6000, 9.4094, -1.8364, -9.2285, 0.1800, 131.67
931, 1442, 25, 30, 0.6000, 10.3352, 3.4933, 9.7270, 0.1800, 212.67
931, 1444, 75, 39, 0.6556, 32.7310, 29.7553, 13.6360, 0.2622, 198.25
931, 1445, 36, 29, 0.6556, 6.4488, -2.2643, -6.0382, 0.2622, 205.50
931, 1435, 0, 68, 0.7222, 0.3949, 0.3947, 0.0139, 0.5056, 188.86
932, 1436, 78, 82, 0.6556, 27.0404, -0.5511, -27.0348, 0.2622, 143.50
932, 1442, 37, 37, 0.6556, 12.9174, 10.9745, 6.8132, 0.2622, 208.75
932, 1445, 36, 28, 0.7111, 1.6771, -0.8323, -1.4560, 0.3556, 207.00
932, 1433, 158, 71, 0.5000, 80.7677, 78.5663, 18.7286, 0.1500, 192.33
932, 1444, 105, 53, 0.5556, 32.7310, 29.7553, 13.6360, 0.2222, 198.25
933, 1436, 79, 43, 0.7111, 37.7417, 0.8007, -37.7332, 0.3556, 152.00
933, 1437, 63, 91, 0.6000, 67.5599, 46.8153, 48.7100, 0.1800, 191.33
933, 1441, 58, 82, 0.6000, 76.9786, -11.5056, 76.1139, 0.1800, 204.00
933, 1442, 39, 37, 0.7111, 3.7947, 3.5913, 1.2256, 0.3556, 209.80
933, 1445, 26, 26, 0.7667, 8.6236, -8.3959, -1.9687, 0.4600, 208.33
934, 1439, 58, 91, 0.6000, 5.1414, -3.5849, 3.6855, 0.1800, 180.33
934, 1442, 46, 39, 0.7667, 6.8806, 6.6496, 1.7678, 0.4600, 208.17
934, 1444, 116, 84, 0.7111, 17.9866, 9.4998, 15.2732, 0.3556, 179.20
934, 1445, 24, 26, 0.8222, 3.1297, -3.0829, -0.5394, 0.5756, 209.14
934, 1381, 58, 111, 0.5625, 54.1548, -52.0663, -14.8944, 0.2250, 98.50
934, 1436, 80, 5, 0.6111, 37.7417, 0.8007, -37.7332, 0.3056, 152.00
934, 1437, 109, 139, 0.5000, 67.5599, 46.8153, 48.7100, 0.1500, 191.33
934, 1441, 47, 158, 0.5000, 76.9786, -11.5056, 76.1139, 0.1500, 204.00
935, 1418, 117, 127, 0.6000, 50.7117, 49.1408, 12.5241, 0.1800, 111.67
935, 1419, 1, 25, 0.6000, 11.6996, -11.5399, 1.9267, 0.1800, 201.00
935, 1439, 58, 92, 0.7056, 2.1707, -1.1320, 1.8521, 0.2822, 184.00
935, 1445, 25, 26, 0.8778, 0.8151, 0.8111, 0.0811, 0.7022, 209.12
935, 1447, 49, 81, 0.6000, 33.9225, -11.4751, 31.9227, 0.1800, 200.33
935, 1436, 80, -32, 0.5111, 37.7417, 0.8007, -37.7332, 0.2556, 152.00
935, 1442, 53, 41, 0.6667, 6.8806, 6.6496, 1.7678, 0.4000, 208.17
936, 1424, 54, 83, 0.6000, 74.6050, 15.3769, 73.0032, 0.1800, 191.33
936, 1430, 25, 76, 0.6000, 29.7094, 21.0077, 21.0077, 0.1800, 191.67
936, 1439, 58, 92, 0.7611, 0.2054, 0.0539, 0.1982, 0.3806, 184.90
936, 1445, 26, 27, 0.9333, 1.1577, 0.7596, 0.8736, 0.8400, 210.44
936, 1447, 49, 92, 0.6556, 13.9597, -1.3729, 13.8920, 0.2622, 193.50
936, 1449, 56, 13, 0.6000, 26.4197, 18.7050, -18.6581, 0.1800, 204.00
936, 1456, 77, 106, 0.6000, 31.4530, 25.2518, 18.7520, 0.1800, 165.00
936, 1418, 166, 139, 0.5000, 50.7117, 49.1408, 12.5241, 0.1500, 111.67
936, 1419, -10, 27, 0.5000, 11.6996, -11.5399, 1.9267, 0.1500, 201.00
936, 1442, 60, 42, 0.5667, 6.8806, 6.6496, 1.7678, 0.3400, 208.17
937, 1430, 54, 87, 0.6556, 30.4878, 27.7453, 12.6373, 0.2622, 187.25
937, 1439, 59, 93, 0.8167, 1.1078, 0.9499, 0.5699, 0.4900, 187.25
937, 1442, 59, 44, 0.8222, 3.9948, 3.6218, 1.6856, 0.5756, 207.00
937, 1450, 37, 23, 0.6000, 18.3429, 12.5637, -13.3647, 0.1800, 209.00
937, 1451, 37, 35, 0.7056, 0.7548, 0.0000, -0.7548, 0.2822, 216.12
937, 1456, 89, 124, 0.6556, 22.7724, 13.8650, 18.0649, 0.2622, 153.50
937, 1424, 70, 156, 0.5000, 74.6050, 15.3769, 73.0032, 0.1500, 191.33
937, 1447, 48, 106, 0.5556, 13.9597, -1.3729, 13.8920, 0.2222, 193.50
937, 1449, 75, -6, 0.5000, 26.4197, 18.7050, -18.6581, 0.1500, 204.00
938, 1430, 81, 106, 0.7111, 32.6525, 27.2839, 17.9381, 0.3556, 175.00
938, 1434, 31, 96, 0.6556, 19.2773, 8.6211, -17.2421, 0.2622, 183.50
938, 1439, 59, 94, 0.8722, 1.0165, 0.3547, 0.9526, 0.6106, 192.07
938, 1442, 62, 72, 0.8778, 26.5424, 3.0213, 26.3699, 0.7022, 204.25
938, 1447, 51, 118, 0.7111, 12.8767, 1.1167, 12.8282, 0.3556, 181.20
938, 1450, 49, 9, 0.6556, 18.5046, 12.1475, -13.9592, 0.2622, 207.25
938, 1451, 29, 28, 0.7111, 9.3808, -6.8718, -6.3857, 0.3556, 214.30
938, 1456, 103, 142, 0.5556, 22.7724, 13.8650, 18.0649, 0.2222, 153.50
939, 1430, 122, 119, 0.7667, 41.4584, 39.2308, 13.4068, 0.4600, 158.50
939, 1434, 49, 91, 0.7111, 18.3023, 17.2243, -6.1884, 0.3556, 180.50
939, 1439, 59, 95, 0.9278, 1.0446, -0.0031, 1.0446, 0.7422, 191.50
939, 1451, 15, 31, 0.7667, 13.5122, -13.3216, 2.2617, 0.4600, 208.42
939, 1452, 53, 38, 0.6000, 0.8871, 0.0610, 0.8850, 0.1800, 235.67
939, 1447, 52, 131, 0.6111, 12.8767, 1.1167, 12.8282, 0.3056, 181.20
939, 1450, 61, -5, 0.5556, 18.5046, 12.1475, -13.9592, 0.2222, 207.25
940, 1434, 53, 93, 0.7667, 5.2787, 5.2053, 0.8768, 0.4600, 177.75
940, 1439, 60, 96, 0.9833, 1.2466, 0.7110, 1.0240, 0.8850, 193.56
940, 1310, 112, 103, 0.5250, 65.1478, 35.4846, 54.6359, 0.3150, 196.83
940, 1452, 53, 39, 0.7056, 1.0428, -0.0207, 1.0426, 0.2822, 240.00
940, 1414, 51, 102, 0.5625, 16.3335, -3.7410, 15.8993, 0.2250, 175.75
940, 1457, 115, 31, 0.6000, 2.0939, 1.0291, 1.8236, 0.1800, 140.00
940, 1430, 161, 132, 0.6667, 41.4584, 39.2308, 13.4068, 0.4000, 158.50
940, 1447, 53, 144, 0.5111, 12.8767, 1.1167, 12.8282, 0.2556, 181.20
940, 1451, 2, 34, 0.6667, 13.5122, -13.3216, 2.2617, 0.4000, 208.42
941, 1434, 60, 96, 0.8222, 6.9887, 6.4250, 2.7497, 0.5756, 181.93
941, 1439, 56, 88, 0.9889, 8.2070, -3.5476, -7.4006, 0.9889, 191.80
941, 1450, 63, 11, 0.7111, 5.3006, 2.8954, 4.4400, 0.3556, 205.60
941, 1452, 53, 40, 0.7611, 1.0312, -0.0158, 1.0310, 0.3806, 243.00
941, 1454, 54, 29, 0.6000, 33.2188, 30.6874, -12.7191, 0.1800, 204.00
941, 1457, 116, 30, 0.7056, 1.0322, 1.0071, -0.2261, 0.2822, 135.88
941, 1461, 40, 39, 0.6000, 1.3562, 0.9353, 0.9822, 0.1800, 211.00
942, 1452, 53, 40, 0.8167, 0.2414, -0.0030, 0.2414, 0.4900, 245.00
942, 1454, 67, 10, 0.6556, 23.5598, 14.8049, -18.3270, 0.2622, 199.75
942, 1414, 52, 114, 0.6222, 4.5881, 0.7449, 4.5272, 0.3111, 170.40
942, 1457, 122, 39, 0.7111, 9.1988, 5.5800, 7.3131, 0.3556, 133.10
942, 1461, 20, 38, 0.6556, 17.1051, -17.0978, -0.4976, 0.2622, 210.00
943, 1452, 53, 41, 0.8722, 0.7037, 0.0011, 0.7037, 0.6106, 246.43
943, 1455, 51, 96, 0.6000, 26.7826, 10.1350, 24.7910, 0.1800, 184.67
943, 1414, 64, 126, 0.6806, 16.0827, 11.3885, 11.3559, 0.4083, 164.67
943, 1454, 82, -8, 0.5556, 23.5598, 14.8049, -18.3270, 0.2222, 199.75
943, 1457, 128, 46, 0.6111, 9.1988, 5.5800, 7.3131, 0.3056, 133.10
943, 1461, 3, 38, 0.5556, 17.1051, -17.0978, -0.4976, 0.2222, 210.00
944, 1452, 53, 42, 0.9278, 0.9949, 0.0009, 0.9949, 0.7422, 247.50
944, 1455, 55, 107, 0.6556, 13.5381, 4.5357, 12.7557, 0.2622, 179.25
944, 1458, 19, 107, 0.6000, 49.0775, 1.8559, 49.0424, 0.1800, 180.67
944, 1461, 4, 52, 0.7111, 10.4917, -6.5419, 8.2024, 0.3556, 203.20
944, 1463, 120, 32, 0.6000, 1.5855, 1.5023, 0.5070, 0.1800, 138.33
944, 1423, 51, 94, 0.5625, 9.7509, -2.7588, -9.3525, 0.2250, 171.50
944, 1414, 75, 137, 0.5806, 16.0827, 11.3885, 11.3559, 0.3483, 164.67
944, 1457, 133, 53, 0.5111, 9.1988, 5.5800, 7.3131, 0.2556, 133.10
945, 1452, 55, 33, 0.9333, 8.1201, 1.5037, -7.9797, 0.8400, 241.78
945, 1463, 122, 33, 0.7056, 2.0770, 1.8749, 0.8938, 0.2822, 134.50
945, 1470, 50, 13, 0.6000, 3.8907, -0.8883, 3.7879, 0.1800, 200.00
945, 1455, 59, 120, 0.5556, 13.5381, 4.5357, 12.7557, 0.2222, 179.25
945, 1458, 21, 156, 0.5000, 49.0775, 1.8559, 49.0424, 0.1500, 180.67
946, 1440, 5, 112, 0.6000, 14.2566, -10.5578, -9.5803, 0.1800, 149.89
946, 1455, 74, 126, 0.7111, 13.5670, 10.0433, 9.1211, 0.3556, 168.20
946, 1457, 117, 57, 0.7667, 5.0501, -3.3184, 3.8068, 0.4600, 129.42
946, 1463, 123, 33, 0.7611, 1.2816, 1.2547, 0.2611, 0.3806, 138.80
946, 1423, 42, 90, 0.6222, 4.8484, -4.7204, -1.1070, 0.3111, 173.20
946, 1426, 57, 2, 0.5625, 0.7340, 0.7243, -0.1192, 0.2250, 223.75
946, 1466, 3, 25, 0.6000, 13.2650, -13.2473, 0.6845, 0.1800, 207.33
946, 1470, 39, 21, 0.6556, 12.1794, -9.3240, 7.8359, 0.2622, 202.75
947, 1440, 4, 111, 0.6556, 3.9264, -2.9013, -2.6456, 0.2622, 148.67
947, 1462, 11, 9, 0.6000, 6.2419, 6.2418, 0.0362, 0.1800, 221.33
947, 1423, 28, 90, 0.6806, 13.6911, -13.6787, -0.5831, 0.4083, 173.33
947, 1426, 58, 3, 0.6722, 1.3483, 1.0874, 0.7972, 0.3361, 226.40
947, 1466, 0, 25, 0.6556, 4.1878, -4.1741, 0.3379, 0.2622, 207.50
947, 1470, 32, 31, 0.7111, 12.1634, -7.8920, 9.2555, 0.3556, 208.00
947, 1473, 51, 48, 0.6000, 25.8664, 18.7520, 17.8167, 0.1800, 213.67
947, 1463, 124, 33, 0.6611, 1.2816, 1.2547, 0.2611, 0.3306, 138.80
948, 1423, 11, 89, 0.7381, 15.9682, -15.9466, -0.8298, 0.5167, 173.29
948, 1426, 59, 3, 0.7306, 1.1134, 1.0691, 0.3110, 0.4383, 227.17
948, 1466, 2, 25, 0.7111, 0.9837, 0.9831, 0.0339, 0.3556, 206.00
948, 1440, 1, 108, 0.5556, 3.9264, -2.9013, -2.6456, 0.2222, 148.67
948, 1462, 18, 9, 0.5000, 6.2419, 6.2418, 0.0362, 0.1500, 221.33
948, 1463, 126, 34, 0.5611, 1.2816, 1.2547, 0.2611, 0.2806, 138.80
948, 1470, 24, 40, 0.6111, 12.1634, -7.8920, 9.2555, 0.3056, 208.00
948, 1473, 70, 66, 0.5000, 25.8664, 18.7520, 17.8167, 0.1500, 213.67
949, 1463, 127, 35, 0.8167, 1.4871, 1.3049, 0.7133, 0.4900, 137.83
949, 1423, -1, 95, 0.7951, 13.4956, -12.4901, 5.1117, 0.6361, 172.62
949, 1426, 61, 3, 0.7881, 1.7779, 1.7779, 0.0025, 0.5517, 227.43
949, 1466, 3, 26, 0.7667, 1.2234, 0.9833, 0.7279, 0.4600, 206.17
949, 1467, 94, 110, 0.6000, 9.4506, 9.0385, -2.7605, 0.1800, 106.00
949, 1473, 77, 76, 0.6556, 18.4325, 12.4560, 13.5870, 0.2622, 208.75
949, 1432, 58, 107, 0.5625, 0.0664, 0.0469, 0.0469, 0.2250, 173.75
949, 1470, 16, 49, 0.5111, 12.1634, -7.8920, 9.2555, 0.2556, 208.00
950, 1463, 122, 35, 0.8722, 4.6451, -4.6428, 0.1464, 0.6106, 135.57
950, 1426, 62, 2, 0.8451, 1.5197, 1.2869, -0.8083, 0.6761, 226.94
950, 1467, 104, 117, 0.6556, 10.9783, 9.6305, 5.2704, 0.2622, 103.00
950, 1473, 68, 101, 0.7111, 25.1496, -7.8609, 23.8895, 0.3556, 209.00
950, 1432, 53, 108, 0.6722, 4.5950, -4.5334, 0.7500, 0.3361, 169.80
950, 1423, -13, 100, 0.6951, 13.4956, -12.4901, 5.1117, 0.5561, 172.62
950, 1466, 4, 27, 0.6667, 1.2234, 0.9833, 0.7279, 0.4000, 206.17
951, 1462, 43, 4, 0.6556, 8.5256, 8.3713, -1.6148, 0.2622, 218.50
951, 1463, 120, 35, 0.9278, 1.8266, -1.8263, -0.0369, 0.7422, 133.88
951, 1426, 63, 3, 0.9019, 1.0938, 0.9975, 0.4489, 0.8117, 228.06
951, 1466, 4, 25, 0.8222, 0.7150, 0.4490, -0.5564, 0.5756, 206.43
951, 1470, 32, 35, 0.7667, 2.7859, 2.4303, -1.3619, 0.4600, 209.00
951, 1432, 51, 109, 0.7306, 1.9658, -1.6725, 1.0331, 0.4383, 167.17
951, 1475, 89, 10, 0.6000, 0.9822, 0.9822, 0.0000, 0.1800, 163.67
951, 1423, -26, 105, 0.5951, 13.4956, -12.4901, 5.1117, 0.4761, 172.62
951, 1467, 114, 122, 0.5556, 10.9783, 9.6305, 5.2704, 0.2222, 103.00
952, 1462, 58, 15, 0.7111, 18.2769, 14.8399, 10.6688, 0.3556, 213.20
952, 1426, 64, 3, 0.9583, 1.0010, 0.9573, 0.2924, 0.9583, 230.25
952, 1466, 4, 26, 0.8778, 0.5923, 0.0671, 0.5885, 0.7022, 206.42
952, 1432, 52, 111, 0.7881, 1.8136, 0.0227, 1.8134, 0.5517, 164.86
952, 1475, 74, 34, 0.6556, 24.5914, -12.5740, 21.1336, 0.2622, 171.25
952, 1463, 119, 35, 0.8278, 1.8266, -1.8263, -0.0369, 0.6622, 133.88
953, 1440, 3, 80, 0.7111, 6.1028, 0.8876, -6.0379, 0.3556, 157.33
953, 1462, 65, 17, 0.7667, 8.5801, 8.0108, 3.0732, 0.4600, 209.17
953, 1426, 65, 3, 1.0000, 0.9847, 0.9835, 0.0496, 1.0000, 232.14
953, 1432, 63, 106, 0.7951, 10.9556, 10.1828, -4.0417, 0.6361, 165.79
953, 1475, 56, 82, 0.7111, 47.8261, -17.7308, 44.4179, 0.3556, 172.20
953, 1463, 117, 35, 0.7278, 1.8266, -1.8263, -0.0369, 0.5822, 133.88
954, 1443, 50, 36, 0.6000, 14.5398, 0.9626, 14.5079, 0.1800, 204.00
954, 1462, 90, 12, 0.8222, 23.7985, 23.2736, -4.9708, 0.5756, 202.29
954, 1426, 67, 4, 1.0000, 1.8914, 1.7473, 0.7241, 1.0000, 233.54
954, 1467, 116, 117, 0.7111, 1.7900, 1.0647, -1.4389, 0.3556, 103.80
954, 1478, 91, 51, 0.6000, 15.4812, 14.0288, -6.5468, 0.1800, 175.00
954, 1475, 38, 126, 0.6111, 47.8261, -17.7308, 44.4179, 0.3056, 172.20
955, 1446, 56, 3, 0.6000, 32.2889, -20.2916, -25.1162, 0.1800, 198.33
955, 1407, 31, 120, 0.5625, 68.9910, -45.2943, 52.0402, 0.2250, 181.75
955, 1426, 67, 4, 1.0000, 0.6313, 0.5625, 0.2866, 1.0000, 231.42
955, 1438, 40, 74, 0.5625, 0.9949, 0.9937, -0.0482, 0.2250, 193.75
955, 1443, 51, 50, 0.5000, 14.5398, 0.9626, 14.5079, 0.1500, 204.00
955, 1462, 113, 7, 0.7222, 23.7985, 23.2736, -4.9708, 0.5056, 202.29
955, 1478, 105, 45, 0.5000, 15.4812, 14.0288, -6.5468, 0.1500, 175.00
956, 1443, 81, 53, 0.6556, 19.0579, 17.1568, 8.2975, 0.2622, 200.50
956, 1422, 76, 40, 0.5625, 2.9940, -2.8404, -0.9468, 0.2250, 190.50
956, 1426, 69, 5, 1.0000, 1.6284, 1.4465, 0.7480, 1.0000, 230.36
956, 1438, 41, 73, 0.6722, 1.2550, 1.0079, -0.7478, 0.3361, 195.40
956, 1478, 96, 51, 0.6556, 0.9232, 0.8507, 0.3588, 0.2622, 176.00
956, 1446, 35, -22, 0.5000, 32.2889, -20.2916, -25.1162, 0.1500, 198.33
957, 1459, 17, 67, 0.6000, 1.9167, -0.0029, 1.9167, 0.1800, 194.67
957, 1422, 56, 51, 0.6222, 20.5584, -18.1983, 9.5639, 0.3111, 201.40
957, 1426, 52, 9, 1.0000, 14.7197, -14.1817, 3.9432, 1.0000, 228.47
957, 1438, 42, 73, 0.7306, 1.0394, 1.0037, -0.2699, 0.4383, 195.17
957, 1478, 74, 71, 0.7111, 27.3487, -20.1432, 18.4988, 0.3556, 178.80
957, 1443, 98, 62, 0.5556, 19.0579, 17.1568, 8.2975, 0.2222, 200.50
958, 1459, 9, 66, 0.6556, 6.7989, -6.7951, -0.2269, 0.2622, 192.25
958, 1422, 41, 64, 0.6806, 18.9862, -14.6952, 12.0219, 0.4083, 206.33
958, 1438, 39, 74, 0.7881, 2.9245, -2.8212, 0.7703, 0.5517, 193.43
959, 1422, 41, 72, 0.7381, 8.6589, -1.4224, 8.5413, 0.5167, 205.57
959, 1464, 100, 12, 0.6000, 31.5948, -13.3567, -28.6327, 0.1800, 143.67
959, 1472, 53, 11, 0.6000, 27.7269, -22.6172, -16.0389, 0.1800, 185.33
959, 1479, 93, 23, 0.6000, 46.4920, 7.1982, -45.9314, 0.1800, 164.50
959, 1398, 103, 0, 0.5400, 0.9176, -0.9156, -0.0610, 0.2700, 152.00
959, 1459, 2, 66, 0.5556, 6.7989, -6.7951, -0.2269, 0.2222, 192.25
959, 1438, 36, 75, 0.6881, 2.9245, -2.8212, 0.7703, 0.4817, 193.43
960, 1464, 76, 6, 0.6556, 24.5128, -22.6058, -9.4791, 0.2622, 152.50
960, 1468, 122, 119, 0.6000, 0.9483, 0.9482, 0.0065, 0.1800, 84.33
960, 1472, 22, 7, 0.6556, 30.3905, -29.9199, -5.3270, 0.2622, 190.75
960, 1448, 101, 36, 0.5625, 50.3474, 46.7626, -18.6581, 0.2250, 226.75
960, 1483, 107, 113, 0.6000, 52.9457, 52.4210, -7.4351, 0.1800, 129.11
960, 1479, 101, -23, 0.5000, 46.4920, 7.1982, -45.9314, 0.1500, 164.50
961, 1464, 72, 7, 0.7111, 5.7896, -5.7851, 0.2303, 0.3556, 159.20
961, 1468, 113, 114, 0.6556, 9.2318, -8.0410, -4.5353, 0.2622, 87.75
961, 1472, 0, 17, 0.7111, 24.5555, -23.2974, 7.7590, 0.3556, 193.40
961, 1483, 131, 102, 0.6556, 30.3728, 28.2492, -11.1575, 0.2622, 145.08
961, 1484, 15, 71, 0.6000, 41.6760, 6.5937, 41.1511, 0.1800, 207.33
962, 1468, 74, 111, 0.7111, 35.2644, -35.1200, -3.1873, 0.3556, 103.80
962, 1484, 33, 116, 0.6556, 47.8293, 16.9242, 44.7349, 0.2622, 191.25
962, 1464, 66, 7, 0.6111, 5.7896, -5.7851, 0.2303, 0.3056, 159.20
962, 1483, 159, 90, 0.5556, 30.3728, 28.2492, -11.1575, 0.2222, 145.08
963, 1460, 33, 37, 0.6000, 41.9215, 18.3518, -37.6911, 0.1800, 191.67
963, 1468, 39, 108, 0.6111, 35.2644, -35.1200, -3.1873, 0.3056, 103.80
963, 1484, 50, 161, 0.5556, 47.8293, 16.9242, 44.7349, 0.2222, 191.25
964, 1460, 37, 1, 0.6556, 37.0464, 5.7321, -36.6002, 0.2622, 198.25
964, 1486, 115, 113, 0.6000, 15.1273, -7.5759, 13.0935, 0.1800, 145.00
965, 1398, 79, 10, 0.6000, 5.5679, -5.0821, 2.2746, 0.3600, 156.50
965, 1481, 13, 31, 0.6556, 14.7782, -14.4608, -3.0462, 0.2622, 209.88
965, 1485, 35, 63, 0.6000, 60.0839, 14.5993, 58.2832, 0.1800, 204.33
965, 1487, 71, 113, 0.6000, 1.3890, 0.9822, 0.9822, 0.1800, 175.44
965, 1460, 43, -36, 0.5556, 37.0464, 5.7321, -36.6002, 0.2222, 198.25
965, 1486, 108, 126, 0.5000, 15.1273, -7.5759, 13.0935, 0.1500, 145.00
966, 1398, 65, 13, 0.6587, 14.1499, -13.8421, 2.9351, 0.4611, 164.71
966, 1481, 8, 30, 0.7111, 5.3523, -5.3400, -0.3626, 0.3556, 211.90
966, 1486, 116, 115, 0.6556, 1.6815, 1.5206, -0.7177, 0.2622, 131.25
966, 1487, 92, 116, 0.6556, 18.5439, 18.3717, 2.5215, 0.2622, 153.83
966, 1485, 50, 122, 0.5000, 60.0839, 14.5993, 58.2832, 0.1500, 204.33
967, 1401, 59, 47, 0.5400, 77.3834, -12.4020, -76.3831, 0.2700, 147.80
967, 1398, 42, 39, 0.7167, 31.4501, -21.5808, 22.8774, 0.5733, 169.62
967, 1481, 0, 33, 0.7667, 8.0055, -7.5720, 2.5986, 0.4600, 210.42
967, 1486, 119, 114, 0.7111, 2.5435, 2.3822, -0.8912, 0.3556, 122.00
967, 1487, 97, 116, 0.7111, 6.6721, 6.6242, 0.7981, 0.3556, 141.07
967, 1489, 74, 112, 0.6000, 44.1657, -42.1802, 13.0935, 0.1800, 182.67
968, 1401, 56, -4, 0.6000, 54.6357, -4.2108, -54.4732, 0.3600, 157.50
968, 1481, -1, 34, 0.8222, 2.3569, -2.1127, 1.0448, 0.5756, 210.21
968, 1487, 112, 101, 0.7667, 19.3971, 13.6086, -13.8222, 0.4600, 142.06
968, 1488, 33, 28, 0.6000, 10.2594, -3.4134, -9.6750, 0.1800, 206.33
968, 1489, 16, 101, 0.6556, 56.1870, -55.5541, -8.4094, 0.2622, 176.50
969, 1476, 101, 2, 0.6000, 20.1604, 18.2151, -8.6402, 0.1800, 172.67
969, 1487, 113, 96, 0.8222, 5.8847, 2.5737, -5.2921, 0.5756, 141.62
969, 1404, 98, 7, 0.5400, 7.6832, 5.4808, -5.3844, 0.2700, 167.80
969, 1401, 51, -58, 0.5000, 54.6357, -4.2108, -54.4732, 0.3000, 157.50
969, 1481, -3, 35, 0.7222, 2.3569, -2.1127, 1.0448, 0.5056, 210.21
969, 1488, 30, 18, 0.5000, 10.2594, -3.4134, -9.6750, 0.1500, 206.33
969, 1489, -39, 92, 0.5556, 56.1870, -55.5541, -8.4094, 0.2222, 176.50
970, 1487, 110, 97, 0.8778, 2.6328, -2.6306, 0.1074, 0.7022, 141.67
970, 1404, 98, 6, 0.6000, 1.8350, 0.8466, -1.6280, 0.3600, 165.83
970, 1372, 57, 84, 0.5402, 45.1942, 19.7617, 40.6447, 0.5402, 214.77
970, 1465, 111, 54, 0.5625, 1.3226, -0.9353, -0.9353, 0.2250, 137.50
970, 1378, 75, 114, 0.5250, 0.9833, 0.9822, 0.0469, 0.3150, 162.00
970, 1496, 88, 126, 0.6000, 15.1530, 14.0757, 5.6115, 0.1800, 135.67
970, 1476, 119, -6, 0.5000, 20.1604, 18.2151, -8.6402, 0.1500, 172.67
970, 1481, -5, 36, 0.6222, 2.3569, -2.1127, 1.0448, 0.4356, 210.21
971, 1428, 22, 109, 0.5625, 5.2042, 4.8343, 1.9268, 0.2250, 160.75
971, 1487, 107, 97, 0.9333, 2.8777, -2.8777, 0.0039, 0.8400, 142.48
971, 1488, 43, 5, 0.6556, 8.5743, 4.5926, -7.2407, 0.2622, 207.25
971, 1404, 89, 11, 0.6587, 8.9566, -8.0482, 3.9302, 0.4611, 166.86
971, 1465, 113, 55, 0.6722, 1.3414, 1.2476, 0.4928, 0.3361, 138.60
971, 1378, 76, 114, 0.6341, 1.0119, 1.0119, -0.0048, 0.4439, 166.71
971, 1495, 49, 8, 0.6000, 12.1781, 11.6663, -3.4933, 0.1800, 212.00
971, 1497, 120, 57, 0.6000, 75.4571, 44.1174, -61.2163, 0.1800, 131.83
971, 1481, -7, 37, 0.5222, 2.3569, -2.1127, 1.0448, 0.3656, 210.21
971, 1496, 102, 131, 0.5000, 15.1530, 14.0757, 5.6115, 0.1500, 135.67
972, 1476, 127, 3, 0.6556, 6.9155, 6.6106, 2.0308, 0.2622, 161.75
972, 1480, 75, 120, 0.6000, 49.0576, 36.0901, 33.2288, 0.1800, 159.33
972, 1488, 45, 1, 0.7111, 5.2760, 2.7153, -4.5237, 0.3556, 207.40
972, 1404, 87, 13, 0.7167, 3.4855, -2.4284, 2.5003, 0.5733, 167.38
972, 1465, 116, 61, 0.6806, 6.3367, 2.8718, 5.6485, 0.4083, 136.00
972, 1378, 76, 114, 0.6924, 0.2433, 0.2432, -0.0079, 0.5539, 164.62
972, 1493, 32, 50, 0.6000, 47.6356, 8.6329, 46.8468, 0.1800, 211.00
972, 1494, 55, 59, 0.6000, 57.1375, 21.2751, 53.0289, 0.1800, 208.00
972, 1495, 73, 21, 0.6556, 24.7376, 22.5019, 10.2769, 0.2622, 211.00
972, 1504, 59, 123, 0.6000, 58.8346, 56.8626, 15.1048, 0.1800, 182.67
972, 1497, 164, -4, 0.5000, 75.4571, 44.1174, -61.2163, 0.1500, 131.83
973, 1465, 106, 92, 0.7381, 29.2613, -8.2596, 28.0714, 0.5167, 142.57
973, 1378, 78, 115, 0.7500, 1.6594, 1.4741, 0.7621, 0.6750, 165.00
973, 1493, 38, 90, 0.6556, 41.1652, 6.6494, 40.6246, 0.2622, 207.00
973, 1494, 76, 120, 0.6556, 63.6894, 21.1216, 60.0851, 0.2622, 187.50
973, 1495, 99, 33, 0.7111, 28.4535, 25.8480, 11.8946, 0.3556, 201.40
973, 1413, 7, 107, 0.5400, 36.4612, -30.5600, 19.8874, 0.2700, 206.60
973, 1504, 96, 128, 0.6556, 39.9178, 39.3948, 6.4408, 0.2622, 162.00
973, 1476, 134, 5, 0.5556, 6.9155, 6.6106, 2.0308, 0.2222, 161.75
973, 1480, 111, 154, 0.5000, 49.0576, 36.0901, 33.2288, 0.1500, 159.33
973, 1488, 48, -4, 0.6111, 5.2760, 2.7153, -4.5237, 0.3056, 207.40
973, 1404, 85, 16, 0.6167, 3.4855, -2.4284, 2.5003, 0.4933, 167.38
974, 1428, 55, 109, 0.6222, 12.3226, 12.3173, -0.3640, 0.3111, 159.20
974, 1481, 1, 49, 0.8778, 3.2032, 1.2273, 2.9588, 0.7022, 205.81
974, 1404, 71, 38, 0.7741, 16.3670, -8.5485, 13.9572, 0.6967, 175.56
974, 1490, 29, 20, 0.6000, 20.0813, 20.0619, -0.8818, 0.1800, 221.00
974, 1491, 79, 49, 0.6000, 8.1954, 0.0000, 8.1954, 0.1800, 188.33
974, 1378, 79, 115, 0.8072, 1.3250, 1.2919, 0.2942, 0.8072, 164.40
974, 1493, 73, 125, 0.7111, 47.6854, 31.8338, 35.5036, 0.3556, 191.80
974, 1495, 119, 25, 0.7667, 21.0337, 20.3372, -5.3681, 0.4600, 189.50
974, 1413, 1, 114, 0.6000, 12.3430, -9.2142, 8.2127, 0.3600, 196.00
974, 1500, 58, 35, 0.6000, 17.1392, 16.0159, -6.1026, 0.1800, 204.00
974, 1501, 44, 47, 0.6000, 1.3897, 0.9626, 1.0023, 0.1800, 211.33
974, 1494, 97, 180, 0.5556, 63.6894, 21.1216, 60.0851, 0.2222, 187.50
974, 1504, 135, 135, 0.5556, 39.9178, 39.3948, 6.4408, 0.2222, 162.00
975, 1428, 75, 95, 0.6806, 23.6584, 19.6301, -13.2052, 0.4083, 156.67
975, 1481, 12, 59, 0.9333, 14.6872, 10.7205, 10.0391, 0.8400, 204.83
975, 1482, 28, 92, 0.6000, 12.4033, -6.6630, -10.4617, 0.1800, 173.67
975, 1490, 39, 16, 0.6556, 11.8852, 11.4095, -3.3289, 0.2622, 217.12
975, 1491, 80, 73, 0.6556, 21.5103, 0.7600, 21.4969, 0.2622, 187.75
975, 1378, 79, 116, 0.8641, 0.8127, 0.2888, 0.7597, 0.8641, 165.91
975, 1500, 92, 13, 0.6556, 37.1433, 31.6226, -19.4843, 0.2622, 192.25
975, 1501, 31, 35, 0.6556, 15.2714, -11.1668, -10.4173, 0.2622, 211.75
975, 1471, 34, 9, 0.5625, 9.4881, 9.4464, 0.8883, 0.2250, 217.25
975, 1506, 4, 37, 0.6000, 10.1009, -9.3056, 3.9288, 0.1800, 201.33
975, 1507, 8, 39, 0.6000, 20.3682, -19.5934, 5.5646, 0.1800, 208.33
975, 1493, 105, 160, 0.6111, 47.6854, 31.8338, 35.5036, 0.3056, 191.80
975, 1413, -8, 122, 0.5000, 12.3430, -9.2142, 8.2127, 0.3000, 196.00
976, 1428, 99, 91, 0.7381, 24.3401, 23.8884, -4.6673, 0.5167, 159.29
976, 1481, 48, 62, 0.9889, 33.3314, 33.1192, 3.7546, 0.9889, 204.75
976, 1482, 11, 88, 0.6556, 16.0932, -15.4669, -4.4459, 0.2622, 173.00
976, 1490, 59, 21, 0.7111, 18.6771, 18.3525, 3.4669, 0.3556, 213.70
976, 1378, 80, 116, 0.9208, 0.7234, 0.6762, 0.2569, 0.9208, 164.25
976, 1501, 25, 32, 0.7111, 7.6706, -6.5512, -3.9899, 0.3556, 212.40
976, 1471, 57, 1, 0.6222, 22.4486, 21.4791, -6.5262, 0.3111, 214.00
976, 1516, 56, 71, 0.6000, 49.4611, -44.0507, -22.4930, 0.1800, 178.33
976, 1517, 11, 111, 0.6000, 2.1544, 1.9174, 0.9822, 0.1800, 250.92
976, 1491, 81, 94, 0.5556, 21.5103, 0.7600, 21.4969, 0.2222, 187.75
976, 1500, 124, -6, 0.5556, 37.1433, 31.6226, -19.4843, 0.2222, 192.25
976, 1506, -5, 41, 0.5000, 10.1009, -9.3056, 3.9288, 0.1500, 201.33
976, 1507, -12, 44, 0.5000, 20.3682, -19.5934, 5.5646, 0.1500, 208.33
977, 1482, 5, 81, 0.7111, 10.1191, -7.8542, -6.3803, 0.3556, 174.00
977, 1490, 90, 23, 0.7667, 29.9068, 29.7960, 2.5721, 0.4600, 205.42
977, 1491, 82, 115, 0.7111, 21.1369, 1.0975, 21.1084, 0.3556, 181.80
977, 1378, 81, 125, 0.9274, 7.5294, 0.9756, 7.4659, 0.9274, 163.15
977, 1501, 16, 33, 0.7667, 9.3098, -9.2787, 0.7604, 0.4600, 211.50
977, 1469, 15, 76, 0.5625, 56.5876, 2.7289, 56.5217, 0.2250, 198.00
977, 1471, 61, 0, 0.6806, 6.1480, 5.8931, -1.7518, 0.4083, 211.83
977, 1516, 13, 56, 0.6556, 46.1442, -43.2468, -16.0936, 0.2622, 179.00
977, 1517, 33, 98, 0.6556, 22.3234, 19.3884, -11.0644, 0.2622, 232.94
978, 1482, 2, 73, 0.7667, 8.4629, -3.0340, -7.9004, 0.4600, 171.83
978, 1490, 110, 17, 0.8222, 21.5938, 20.8195, -5.7306, 0.5756, 197.36
978, 1491, 83, 118, 0.7667, 4.6792, 1.0404, 4.5620, 0.4600, 178.67
978, 1378, 82, 128, 0.9837, 3.8780, 1.0385, 3.7364, 0.9837, 162.71
978, 1501, 15, 35, 0.8222, 2.4497, -1.8238, 1.6354, 0.5756, 212.43
978, 1503, 84, 81, 0.6000, 18.1487, -14.5120, -10.8984, 0.1800, 149.33
978, 1469, 39, 126, 0.6222, 54.8814, 21.3691, 50.5503, 0.3111, 189.80
978, 1506, 3, 50, 0.6556, 4.6515, 1.3473, 4.4521, 0.2622, 201.00
978, 1508, 37, 100, 0.6000, 30.7571, -21.3327, -22.1567, 0.1800, 152.33
978, 1509, 52, 6, 0.6000, 43.6371, -43.3142, 5.2989, 0.1800, 181.00
978, 1510, 79, 37, 0.6000, 56.5493, -44.1576, 35.3261, 0.1800, 147.00
978, 1517, 55, 86, 0.7111, 24.4374, 21.3825, -11.8312, 0.3556, 221.35
978, 1518, 12, 27, 0.6000, 9.7643, 2.8058, -9.3525, 0.1800, 201.00
978, 1516, -30, 40, 0.5556, 46.1442, -43.2468, -16.0936, 0.2222, 179.00
979, 1482, 9, 60, 0.8222, 14.1606, 6.0964, -12.7811, 0.5756, 173.71
979, 1490, 123, 20, 0.8778, 14.3341, 14.1575, 2.2431, 0.7022, 190.19
979, 1378, 82, 128, 1.0000, 0.4839, 0.2768, 0.3969, 1.0000, 160.43
979, 1499, 120, 54, 0.6000, 46.1040, 23.8261, 39.4702, 0.1800, 140.00
979, 1501, 19, 52, 0.8778, 16.2228, 3.7125, 15.7923, 0.7022, 210.50
979, 1503, 66, 63, 0.6556, 24.3260, -17.3804, -17.0199, 0.2622, 161.00
979, 1506, 3, 51, 0.7111, 1.0041, 0.5623, 0.8320, 0.3556, 200.80
979, 1508, 9, 88, 0.6556, 30.2599, -27.2767, -13.1012, 0.2622, 156.75
979, 1510, 19, 70, 0.6556, 66.5268, -58.0757, 32.4505, 0.2622, 156.75
979, 1513, 37, 98, 0.6000, 44.6714, -27.2838, 35.3713, 0.1800, 183.33
979, 1469, 60, 177, 0.5222, 54.8814, 21.3691, 50.5503, 0.2611, 189.80
979, 1509, 9, 12, 0.5000, 43.6371, -43.3142, 5.2989, 0.1500, 181.00
979, 1517, 76, 74, 0.6111, 24.4374, 21.3825, -11.8312, 0.3056, 221.35
979, 1518, 15, 18, 0.5000, 9.7643, 2.8058, -9.3525, 0.1500, 201.00
980, 1482, 17, 37, 0.8778, 23.3647, 7.3691, -22.1722, 0.7022, 178.62
980, 1490, 126, 19, 0.9333, 3.6287, 3.5450, -0.7748, 0.8400, 182.72
980, 1492, 25, 33, 0.6000, 18.2019, 6.6042, -16.9616, 0.1800, 199.33
980, 1378, 85, 115, 1.0000, 11.0239, 2.1833, -10.8056, 1.0000, 160.91
980, 1501, 30, 62, 0.9333, 14.4789, 10.1621, 10.3136, 0.8400, 208.67
980, 1503, 37, 35, 0.7111, 38.9791, -28.1480, -26.9641, 0.3556, 169.20
980, 1506, 12, 37, 0.7667, 14.0604, 7.7043, -11.7617, 0.4600, 203.00
980, 1509, 10, 31, 0.6556, 22.5722, -18.1548, 13.4129, 0.2622, 185.75
980, 1513, 19, 112, 0.6556, 25.5274, -19.4189, 16.5696, 0.2622, 176.75
980, 1517, 69, 85, 0.7667, 5.2725, 5.1420, 1.1657, 0.4600, 211.29
980, 1518, 38, 2, 0.6556, 19.4060, 14.4225, -12.9840, 0.2622, 203.50
980, 1523, 24, 57, 0.6000, 2.8058, 0.0000, 2.8058, 0.1800, 188.00
980, 1525, 54, 73, 0.6000, 0.9822, 0.0000, 0.9822, 0.1800, 230.83
980, 1499, 144, 93, 0.5000, 46.1040, 23.8261, 39.4702, 0.1500, 140.00
980, 1508, -18, 75, 0.5556, 30.2599, -27.2767, -13.1012, 0.2222, 156.75
980, 1510, -39, 102, 0.5556, 66.5268, -58.0757, 32.4505, 0.2222, 156.75
981, 1482, 18, 33, 0.9333, 5.6789, 1.7812, -5.3923, 0.8400, 182.00
981, 1492, 28, 12, 0.6556, 21.1496, 4.1519, -20.7380, 0.2622, 204.75
981, 1378, 87, 111, 1.0000, 5.7304, 2.3380, -5.2317, 1.0000, 161.50
981, 1501, 34, 100, 0.9889, 35.4386, 4.7130, 35.1238, 0.9889, 204.53
981, 1503, 6, 1, 0.7667, 44.8674, -30.3690, -33.0273, 0.4600, 179.00
981, 1506, 34, 31, 0.8222, 21.5875, 20.5048, -6.7509, 0.5756, 206.43
981, 1509, 8, 40, 0.7111, 9.4353, -3.3490, 8.8210, 0.3556, 190.60
981, 1513, 8, 108, 0.7111, 11.3045, -11.1874, -1.6230, 0.3556, 185.40
981, 1520, 102, 12, 0.6000, 71.9112, 71.8888, 1.7948, 0.1800, 200.67
981, 1523, 32, 76, 0.6556, 17.9695, 6.7930, 16.6360, 0.2622, 189.75
981, 1525, 67, 64, 0.6556, 13.8891, 11.3216, -8.0454, 0.2622, 224.12
981, 1490, 129, 18, 0.8333, 3.6287, 3.5450, -0.7748, 0.7500, 182.72
981, 1518, 53, -11, 0.5556, 19.4060, 14.4225, -12.9840, 0.2222, 203.50
982, 1490, 127, 19, 0.9889, 0.4102, 0.1660, 0.3751, 0.9889, 176.05
982, 1378, 88, 110, 1.0000, 1.8451, 1.3678, -1.2383, 1.0000, 161.03
982, 1523, 34, 104, 0.7111, 27.2408, 2.4969, 27.1261, 0.3556, 184.80
982, 1525, 80, 63, 0.7111, 12.6568, 12.5604, -1.5590, 0.3556, 221.50
982, 1474, 81, 42, 0.5625, 46.6838, -43.9099, -15.8523, 0.2250, 128.62
982, 1492, 33, -9, 0.5556, 21.1496, 4.1519, -20.7380, 0.2222, 204.75
982, 1503, -24, -32, 0.6667, 44.8674, -30.3690, -33.0273, 0.4000, 179.00
982, 1513, -3, 107, 0.6111, 11.3045, -11.1874, -1.6230, 0.3056, 185.40
982, 1520, 174, 14, 0.5000, 71.9112, 71.8888, 1.7948, 0.1500, 200.67
983, 1453, 93, 29, 0.5625, 59.6750, 57.4192, -16.2524, 0.2250, 190.75
983, 1490, 105, 17, 1.0000, 21.1544, -21.0972, -1.5544, 1.0000, 174.32
983, 1514, 3, 37, 0.6000, 27.0416, -4.6492, -26.6390, 0.1800, 198.67
983, 1519, 12, 27, 0.6000, 22.0862, -16.8464, 14.2828, 0.1800, 209.33
983, 1523, 33, 111, 0.7667, 9.4818, -0.8019, 9.4478, 0.4600, 182.33
983, 1525, 82, 64, 0.7667, 3.1924, 3.1397, 0.5775, 0.4600, 219.58
983, 1474, 36, 23, 0.6222, 48.2699, -44.7707, -18.0435, 0.3111, 144.50
984, 1514, 26, 12, 0.6556, 31.8493, 19.1473, -25.4511, 0.2622, 200.75
984, 1519, 1, 61, 0.6556, 33.8616, -11.4173, 31.8787, 0.2622, 202.00
984, 1525, 81, 64, 0.8222, 0.7723, -0.6296, 0.4473, 0.5756, 218.21
984, 1379, 65, 114, 0.5250, 9.1245, -1.6503, -8.9741, 0.3150, 135.17
984, 1530, 54, 77, 0.6000, 0.9822, 0.0000, 0.9822, 0.1800, 229.50
984, 1474, -9, 5, 0.5222, 48.2699, -44.7707, -18.0435, 0.2611, 144.50
985, 1519, 5, 109, 0.7111, 46.5894, 2.5927, 46.5172, 0.3556, 195.00
985, 1525, 80, 64, 0.8778, 0.7037, -0.6984, 0.0866, 0.7022, 217.19
985, 1530, 55, 78, 0.7056, 1.2624, 0.7548, 1.0119, 0.2822, 228.38
985, 1514, 45, -14, 0.5556, 31.8493, 19.1473, -25.4511, 0.2222, 200.75
986, 1379, 90, 86, 0.5841, 20.0741, 14.1123, -14.2763, 0.4089, 133.71
986, 1530, 55, 79, 0.7611, 1.0442, 0.2774, 1.0067, 0.3806, 233.10
986, 1519, 8, 156, 0.6111, 46.5894, 2.5927, 46.5172, 0.3056, 195.00
987, 1511, 72, 39, 0.6000, 17.8970, -17.8720, -0.9456, 0.1800, 195.33
987, 1530, 56, 78, 0.8167, 0.9256, 0.7602, -0.5280, 0.4900, 231.50
987, 1533, 86, 85, 0.6000, 42.5582, -31.4092, 28.7170, 0.1800, 124.00
988, 1511, 57, 36, 0.6556, 15.9235, -15.7199, -2.5386, 0.2622, 196.25
988, 1379, 101, 76, 0.6424, 5.3757, 4.0044, -3.5865, 0.5139, 133.88
988, 1530, 58, 79, 0.8722, 1.8199, 1.7727, 0.4115, 0.6106, 227.14
988, 1532, 13, 105, 0.6000, 16.5007, -3.5252, -16.1198, 0.1800, 151.00
988, 1533, 31, 117, 0.6556, 60.1236, -51.2407, 31.4522, 0.2622, 135.75
989, 1511, 45, 31, 0.7111, 13.0066, -11.8386, -5.3869, 0.3556, 205.80
989, 1529, 7, 116, 0.6000, 67.7729, -11.7265, 66.7507, 0.1800, 184.00
989, 1530, 58, 79, 0.9278, 0.6264, 0.5799, 0.2370, 0.7422, 230.00
989, 1535, 27, 110, 0.6000, 76.0314, 3.4929, 75.9511, 0.1800, 190.33
989, 1379, 105, 73, 0.5424, 5.3757, 4.0044, -3.5865, 0.4339, 133.88
989, 1532, 10, 88, 0.5000, 16.5007, -3.5252, -16.1198, 0.1500, 151.00
989, 1533, -20, 148, 0.5556, 60.1236, -51.2407, 31.4522, 0.2222, 135.75
990, 1511, 45, 29, 0.7667, 2.2283, -1.4589, -1.6843, 0.4600, 213.17
990, 1527, 60, 4, 0.6000, 13.2495, 12.9660, -2.7261, 0.1800, 196.67
990, 1530, 58, 79, 0.9833, 0.0455, -0.0311, 0.0332, 0.8850, 228.94
990, 1532, 20, 88, 0.6556, 8.3402, 4.4304, -7.0661, 0.2622, 158.00
990, 1543, 6, 121, 0.7056, 3.1016, -0.7500, 3.0095, 0.2822, 166.50
990, 1545, 24, 17, 0.6000, 20.7724, 2.8527, -20.5755, 0.1800, 220.33
990, 1546, 17, 44, 0.6000, 3.2680, 2.7119, 1.8236, 0.1800, 212.33
990, 1529, -5, 183, 0.5000, 67.7729, -11.7265, 66.7507, 0.1500, 184.00
990, 1535, 30, 186, 0.5000, 76.0314, 3.4929, 75.9511, 0.1500, 190.33
991, 1502, 122, 111, 0.6000, 79.6036, 74.9219, 26.8968, 0.1800, 141.00
991, 1511, 47, 30, 0.8222, 1.9354, 1.9302, 0.1413, 0.5756, 211.29
991, 1526, 55, 86, 0.7056, 0.0106, 0.0088, 0.0059, 0.2822, 172.75
991, 1527, 63, 1, 0.6556, 5.5454, 4.5860, -3.1178, 0.2622, 196.75
991, 1530, 59, 79, 1.0000, 0.6496, 0.6492, -0.0218, 1.0000, 230.85
991, 1539, 12, 57, 0.6000, 36.0430, -35.3408, 7.0804, 0.1800, 198.33
991, 1543, 6, 122, 0.7611, 1.1266, -0.2695, 1.0939, 0.3806, 163.60
991, 1544, 15, 42, 0.6000, 0.9758, 0.9456, 0.2408, 0.1800, 210.33
991, 1546, 18, 45, 0.7056, 2.0125, 1.5501, 1.2834, 0.2822, 212.00
991, 1547, 81, 84, 0.6000, 1.8006, -1.7948, -0.1445, 0.1800, 165.00
991, 1532, 25, 81, 0.5556, 8.3402, 4.4304, -7.0661, 0.2222, 158.00
991, 1545, 27, -4, 0.5000, 20.7724, 2.8527, -20.5755, 0.1500, 220.33
992, 1511, 49, 29, 0.8778, 1.7757, 1.7139, -0.4643, 0.7022, 210.75
992, 1526, 55, 86, 0.7611, 0.0071, 0.0059, 0.0040, 0.3806, 173.20
992, 1527, 78, 11, 0.7111, 16.0744, 13.7259, 8.3658, 0.3556, 192.40
992, 1530, 60, 79, 1.0000, 1.0117, 1.0116, -0.0138, 1.0000, 230.50
992, 1538, 33, 37, 0.6000, 44.7902, -44.6476, -3.5718, 0.1800, 194.67
992, 1543, 5, 125, 0.8167, 2.3950, -0.7579, 2.2719, 0.4900, 160.83
992, 1544, 13, 31, 0.6556, 10.1257, -2.0168, -9.9228, 0.2622, 208.75
992, 1545, 43, 5, 0.6556, 10.9550, 10.0882, -4.2709, 0.2622, 222.25
992, 1546, 19, 61, 0.7111, 14.7722, 0.9778, 14.7398, 0.3556, 208.00
992, 1547, 87, 77, 0.6556, 7.6951, 4.7702, -6.0382, 0.2622, 162.25
992, 1502, 197, 138, 0.5000, 79.6036, 74.9219, 26.8968, 0.1500, 141.00
992, 1539, -24, 64, 0.5000, 36.0430, -35.3408, 7.0804, 0.1500, 198.33
993, 1526, 60, 80, 0.7667, 7.0475, 4.5874, -5.3501, 0.4600, 180.00
993, 1530, 76, 85, 1.0000, 15.2652, 14.3624, 5.1717, 1.0000, 226.79
993, 1549, 21, 125, 0.6000, 18.8717, 18.8455, 0.9937, 0.1800, 150.00
993, 1527, 92, 19, 0.6111, 16.0744, 13.7259, 8.3658, 0.3056, 192.40
993, 1538, -11, 34, 0.5000, 44.7902, -44.6476, -3.5718, 0.1500, 194.67
993, 1543, 4, 127, 0.7167, 2.3950, -0.7579, 2.2719, 0.4300, 160.83
993, 1544, 10, 21, 0.5556, 10.1257, -2.0168, -9.9228, 0.2222, 208.75
993, 1545, 53, 1, 0.5556, 10.9550, 10.0882, -4.2709, 0.2222, 222.25
993, 1546, 20, 76, 0.6111, 14.7722, 0.9778, 14.7398, 0.3056, 208.00
993, 1547, 92, 71, 0.5556, 7.6951, 4.7702, -6.0382, 0.2222, 162.25
994, 1526, 62, 78, 0.8222, 3.2390, 2.5138, -2.0425, 0.5756, 184.29
994, 1530, 99, 89, 1.0000, 21.7447, 21.3031, 4.3602, 1.0000, 218.27
994, 1544, 4, 11, 0.7111, 10.8541, -4.4934, -9.8803, 0.3556, 207.80
994, 1549, 50, 116, 0.6556, 27.9314, 26.9495, -7.3409, 0.2622, 149.75
994, 1543, 4, 129, 0.6167, 2.3950, -0.7579, 2.2719, 0.3700, 160.83
995, 1526, 62, 79, 0.8778, 0.2910, 0.2910, 0.0003, 0.7022, 188.50
995, 1536, 84, 23, 0.6000, 16.5593, -13.7728, 9.1935, 0.1800, 177.00
995, 1547, 85, 58, 0.7111, 6.6807, -1.8738, -6.4126, 0.3556, 167.20
995, 1549, 76, 90, 0.7111, 35.9268, 26.5379, -24.2172, 0.3556, 163.00
995, 1530, 120, 94, 0.9000, 21.7447, 21.3031, 4.3602, 0.9000, 218.27
995, 1543, 3, 132, 0.5167, 2.3950, -0.7579, 2.2719, 0.3100, 160.83
995, 1544, 0, 1, 0.6111, 10.8541, -4.4934, -9.8803, 0.3056, 207.80
996, 1526, 63, 79, 0.9333, 0.5893, 0.5083, 0.2981, 0.8400, 193.67
996, 1530, 118, 104, 1.0000, 11.2131, 8.1680, 7.6823, 1.0000, 208.61
996, 1536, 40, 35, 0.6556, 42.0723, -40.5807, 11.1034, 0.2622, 183.00
996, 1544, -5, -9, 0.5111, 10.8541, -4.4934, -9.8803, 0.2556, 207.80
996, 1549, 103, 66, 0.6111, 35.9268, 26.5379, -24.2172, 0.3056, 163.00
997, 1526, 64, 80, 0.9889, 1.2684, 0.9156, 0.8778, 0.9889, 196.60
997, 1551, 67, 105, 0.6000, 25.1829, -14.3585, -20.6885, 0.1800, 115.33
997, 1536, -1, 46, 0.5556, 42.0723, -40.5807, 11.1034, 0.2222, 183.00
998, 1526, 64, 80, 1.0000, 0.4013, 0.2756, 0.2918, 1.0000, 198.55
998, 1540, 33, 65, 0.6000, 3.3937, 1.8777, -2.8269, 0.1800, 197.33
998, 1551, 55, 86, 0.6556, 22.9582, -12.6902, -19.1322, 0.2622, 129.75
998, 1553, 72, 87, 0.6000, 1.0291, -1.0291, 0.0000, 0.1800, 197.00
999, 1522, 36, 9, 0.6000, 20.2560, -10.5715, -17.2786, 0.1800, 203.33
999, 1524, 84, 58, 0.6000, 33.1659, 32.6604, -5.7685, 0.1800, 195.00
999, 1526, 68, 89, 1.0000, 9.2038, 3.7913, 8.3866, 1.0000, 194.00
999, 1540, 54, 62, 0.6556, 18.9713, 18.7201, -3.0772, 0.2622, 198.25
999, 1548, 58, 33, 0.6000, 31.8400, 17.4222, -26.6506, 0.1800, 197.33
999, 1550, 83, 124, 0.6000, 63.0314, 61.9837, 11.4445, 0.1800, 144.00
999, 1552, 99, 37, 0.6000, 2.8492, 2.8481, 0.0794, 0.1800, 162.00
999, 1553, 96, 89, 0.6556, 20.9358, 20.8813, 1.5095, 0.2622, 176.75
999, 1498, 58, 27, 0.5625, 5.4960, 5.4238, -0.8883, 0.2250, 206.50
999, 1551, 42, 67, 0.5556, 22.9582, -12.6902, -19.1322, 0.2222, 129.75
1000, 1524, 122, 40, 0.6556, 41.1709, 37.6433, -16.6742, 0.2622, 172.00
1000, 1526, 62, 109, 1.0000, 19.2330, -5.4674, 18.4395, 1.0000, 191.62
1000, 1540, 77, 49, 0.7111, 25.7315, 22.6515, -12.2075, 0.3556, 198.60
1000, 1542, 56, 54, 0.6000, 8.5014, -0.9219, 8.4513, 0.1800, 205.67
1000, 1548, 58, 9, 0.6556, 24.7856, 2.2081, -24.6871, 0.2622, 197.75
1000, 1334, 65, 82, 0.5062, 10.7896, 4.4648, -9.8225, 0.4050, 167.12
1000, 1551, 24, 51, 0.7111, 23.2285, -15.6351, -17.1787, 0.3556, 143.80
1000, 1552, 119, 29, 0.6556, 19.5378, 18.2877, -6.8766, 0.2622, 152.00
1000, 1498, 60, 26, 0.6722, 3.2642, 3.1002, -1.0215, 0.3361, 206.40
1000, 1554, 38, 20, 0.6000, 3.7121, -0.9456, 3.5896, 0.1800, 200.33
1000, 1556, 37, 24, 0.6000, 1.3890, -0.9822, 0.9822, 0.1800, 205.33
1000, 1557, 26, 29, 0.6000, 5.6889, 5.6115, -0.9353, 0.1800, 203.33
1000, 1522, 26, -9, 0.5000, 20.2560, -10.5715, -17.2786, 0.1500, 203.33
1000, 1550, 145, 135, 0.5000, 63.0314, 61.9837, 11.4445, 0.1500, 144.00
1000, 1553, 117, 90, 0.5556, 20.9358, 20.8813, 1.5095, 0.2222, 176.75
1001, 1541, 71, 6, 0.6000, 22.0287, -3.7635, -21.7048, 0.1800, 193.00
1001, 1542, 59, 64, 0.6556, 9.4580, 1.9936, 9.2455, 0.2622, 203.25
1001, 1334, 66, 81, 0.5630, 2.7128, 1.4018, -2.3225, 0.5067, 172.22
1001, 1551, 12, 25, 0.7667, 27.9415, -12.9574, -24.7555, 0.4600, 150.33
1001, 1498, 61, 26, 0.7306, 1.2198, 1.1920, -0.2590, 0.4383, 204.67
1001, 1554, 36, 25, 0.7056, 5.1941, -1.7781, 4.8802, 0.2822, 209.00
1001, 1556, 42, 17, 0.6556, 7.1879, 4.2715, -5.7810, 0.2622, 204.50
1001, 1563, 117, 82, 0.6000, 48.3088, 31.3610, -36.7455, 0.1800, 111.33
1001, 1524, 160, 23, 0.5556, 41.1709, 37.6433, -16.6742, 0.2222, 172.00
1001, 1526, 56, 128, 0.9000, 19.2330, -5.4674, 18.4395, 0.9000, 191.62
1001, 1540, 100, 37, 0.6111, 25.7315, 22.6515, -12.2075, 0.3056, 198.60
1001, 1548, 60, -16, 0.5556, 24.7856, 2.2081, -24.6871, 0.2222, 197.75
1001, 1552, 138, 22, 0.5556, 19.5378, 18.2877, -6.8766, 0.2222, 152.00
1001, 1557, 31, 28, 0.5000, 5.6889, 5.6115, -0.9353, 0.1500, 203.33
1002, 1541, 71, 2, 0.6556, 6.1896, -0.3232, -6.1812, 0.2622, 192.75
1002, 1542, 65, 81, 0.7111, 17.1838, 6.1927, 16.0291, 0.3556, 201.50
1002, 1334, 69, 58, 0.6194, 21.1299, 2.9785, -20.9189, 0.6194, 175.90
1002, 1551, 4, 21, 0.8222, 10.5183, -8.0074, -6.8202, 0.5756, 158.43
1002, 1553, 110, 87, 0.7111, 1.1333, 0.3821, -1.0669, 0.3556, 174.00
1002, 1498, 62, 26, 0.7881, 0.7689, 0.7673, 0.0500, 0.5517, 207.43
1002, 1554, 22, 30, 0.7111, 13.7430, -12.7444, 5.1431, 0.3556, 208.60
1002, 1557, 49, 44, 0.6556, 14.9042, 12.1093, 8.6891, 0.2622, 202.75
1002, 1515, 39, 61, 0.5625, 33.2113, 17.7698, -28.0576, 0.2250, 190.00
1002, 1526, 51, 146, 0.8000, 19.2330, -5.4674, 18.4395, 0.8000, 191.62
1002, 1540, 123, 24, 0.5111, 25.7315, 22.6515, -12.2075, 0.2556, 198.60
1002, 1556, 46, 11, 0.5556, 7.1879, 4.2715, -5.7810, 0.2222, 204.50
1002, 1563, 149, 45, 0.5000, 48.3088, 31.3610, -36.7455, 0.1500, 111.33
1003, 1542, 65, 88, 0.7667, 8.6043, 0.5422, 8.5872, 0.4600, 207.42
1003, 1498, 63, 25, 0.8451, 1.1314, 0.8832, -0.7071, 0.6761, 207.00
1003, 1556, 45, 16, 0.7111, 1.1543, 1.1538, -0.0326, 0.3556, 204.20
1003, 1505, 20, 20, 0.5625, 0.1124, -0.0794, 0.0794, 0.2250, 204.75
1003, 1568, 34, 40, 0.6000, 13.5578, 0.0963, 13.5574, 0.1800, 216.33
1003, 1569, 20, 89, 0.6000, 15.7144, 10.5280, 11.6663, 0.1800, 187.67
1003, 1541, 71, -4, 0.5556, 6.1896, -0.3232, -6.1812, 0.2222, 192.75
1003, 1334, 72, 37, 0.5194, 21.1299, 2.9785, -20.9189, 0.5194, 175.90
1003, 1554, 9, 35, 0.6111, 13.7430, -12.7444, 5.1431, 0.3056, 208.60
1003, 1557, 61, 53, 0.5556, 14.9042, 12.1093, 8.6891, 0.2222, 202.75
1004, 1542, 63, 88, 0.8222, 1.4694, -1.4583, 0.1802, 0.5756, 207.50
1004, 1498, 65, 25, 0.9019, 1.7751, 1.7533, -0.2774, 0.8117, 207.78
1004, 1505, 20, 21, 0.6722, 0.7379, 0.0239, 0.7376, 0.3361, 206.00
1004, 1565, 76, 35, 0.6556, 5.7987, -2.2842, -5.3299, 0.2622, 188.75
1004, 1515, 54, 27, 0.6222, 16.8586, 6.0443, -15.7378, 0.3111, 190.80
1004, 1567, 5, 92, 0.6000, 78.8535, -29.0646, 73.3016, 0.1800, 194.33
1004, 1568, 34, 44, 0.6556, 4.8066, -0.0224, 4.8066, 0.2622, 214.00
1004, 1569, 22, 91, 0.6556, 4.8386, 3.3121, 3.5274, 0.2622, 187.25
1005, 1542, 62, 85, 0.8778, 2.3985, -1.4000, -1.9475, 0.7022, 207.31
1005, 1498, 66, 25, 0.9583, 1.3048, 1.3048, -0.0028, 0.9583, 207.60
1005, 1505, 19, 22, 0.7306, 1.2668, -0.7436, 1.0255, 0.4383, 205.42
1005, 1568, 34, 44, 0.7111, 0.7389, -0.0211, 0.7386, 0.3556, 212.00
1005, 1565, 74, 30, 0.5556, 5.7987, -2.2842, -5.3299, 0.2222, 188.75
1005, 1515, 60, 11, 0.5222, 16.8586, 6.0443, -15.7378, 0.2611, 190.80
1005, 1567, -24, 165, 0.5000, 78.8535, -29.0646, 73.3016, 0.1500, 194.33
1005, 1569, 26, 95, 0.5556, 4.8386, 3.3121, 3.5274, 0.2222, 187.25
1006, 1528, 7, 54, 0.6000, 52.2531, 3.8584, 52.1105, 0.1800, 211.33
1006, 1498, 67, 24, 1.0000, 1.2402, 1.0065, -0.7245, 1.0000, 206.91
1006, 1555, 7, 99, 0.6000, 30.8409, -15.6208, -26.5923, 0.1800, 147.33
1006, 1568, 33, 44, 0.7667, 0.8432, -0.7691, 0.3458, 0.4600, 211.50
1006, 1505, 18, 23, 0.6306, 1.2668, -0.7436, 1.0255, 0.3783, 205.42
1007, 1498, 69, 24, 1.0000, 1.7440, 1.7220, -0.2763, 1.0000, 208.08
1007, 1505, 29, 31, 0.7381, 7.3827, 5.5250, 4.8969, 0.5167, 208.07
1007, 1515, 88, 0, 0.6806, 14.7016, 12.6389, -7.5097, 0.4083, 188.83
1007, 1568, 30, 44, 0.8222, 2.5824, -2.5822, 0.0244, 0.5756, 210.00
1007, 1571, 29, 55, 0.6000, 8.3968, 2.5636, 7.9959, 0.1800, 202.33
1007, 1528, 11, 106, 0.5000, 52.2531, 3.8584, 52.1105, 0.1500, 211.33
1007, 1555, -8, 73, 0.5000, 30.8409, -15.6208, -26.5923, 0.1500, 147.33
1008, 1528, 4, 118, 0.6556, 29.8791, -1.8348, 29.8227, 0.2622, 197.00
1008, 1498, 80, 34, 1.0000, 13.8952, 10.4420, 9.1673, 1.0000, 208.54
1008, 1505, 29, 33, 0.7951, 2.2082, 0.7754, 2.0676, 0.6361, 208.81
1008, 1566, 97, 48, 0.6000, 0.8839, 0.8832, 0.0350, 0.1800, 174.00
1008, 1568, 22, 30, 0.8778, 14.5072, -7.7494, -12.2640, 0.7022, 212.38
1008, 1515, 100, -8, 0.5806, 14.7016, 12.6389, -7.5097, 0.3483, 188.83
1008, 1571, 31, 63, 0.5000, 8.3968, 2.5636, 7.9959, 0.1500, 202.33
1009, 1560, 49, 23, 0.6000, 58.8399, 18.6092, -55.8196, 0.1800, 191.67
1009, 1565, 71, 23, 0.7111, 1.5537, -0.6759, -1.3990, 0.3556, 191.20
1009, 1566, 81, 42, 0.6556, 14.4003, -13.3779, -5.3294, 0.2622, 176.25
1009, 1572, 102, 100, 0.6000, 33.1151, -24.7202, 22.0346, 0.1800, 96.00
1009, 1528, 3, 148, 0.5556, 29.8791, -1.8348, 29.8227, 0.2222, 197.00
1009, 1498, 91, 43, 0.9000, 13.8952, 10.4420, 9.1673, 0.9000, 208.54
1010, 1565, 73, 18, 0.7667, 4.7458, 1.6522, -4.4489, 0.4600, 190.17
1010, 1566, 72, 25, 0.7111, 18.4106, -9.6169, -15.6992, 0.3556, 181.20
1010, 1571, 31, 58, 0.6556, 0.6954, 0.4028, -0.5668, 0.2622, 204.50
1010, 1498, 101, 53, 0.8000, 13.8952, 10.4420, 9.1673, 0.8000, 208.54
1010, 1560, 67, -33, 0.5000, 58.8399, 18.6092, -55.8196, 0.1500, 191.67
1010, 1572, 77, 122, 0.5000, 33.1151, -24.7202, 22.0346, 0.1500, 96.00
1011, 1566, 53, 18, 0.7667, 19.9953, -18.5337, -7.5042, 0.4600, 186.17
1011, 1571, 14, 57, 0.7111, 16.3534, -16.3112, -1.1749, 0.3556, 202.40
1011, 1576, 35, 18, 0.6000, 32.5702, 32.1139, 5.4326, 0.1800, 214.17
1011, 1577, 20, 26, 0.6000, 18.4495, 15.0151, 10.7207, 0.1800, 207.50
1011, 1580, 75, 22, 0.6000, 19.3467, -12.2052, 15.0110, 0.1800, 180.00
1011, 1498, 112, 62, 0.7000, 13.8952, 10.4420, 9.1673, 0.7000, 208.54
1011, 1565, 74, 14, 0.6667, 4.7458, 1.6522, -4.4489, 0.4000, 190.17
1012, 1498, 103, 47, 1.0000, 4.4804, 4.2469, 1.4276, 1.0000, 206.14
1012, 1565, 82, 7, 0.8222, 7.6071, 4.9162, -5.8051, 0.5756, 188.57
1012, 1569, 21, 126, 0.7111, 4.8802, -1.5233, 4.6363, 0.3556, 179.20
1012, 1574, 13, 119, 0.6000, 63.3400, -19.0153, 60.4183, 0.1800, 182.33
1012, 1576, 60, 35, 0.6556, 30.3371, 25.7515, 16.0374, 0.2622, 208.88
1012, 1577, 24, 28, 0.6556, 6.3353, 5.4278, 3.2672, 0.2622, 208.38
1012, 1580, 37, 45, 0.6556, 40.5447, -34.3460, 21.5459, 0.2622, 187.75
1012, 1582, 75, 21, 0.6000, 15.9652, -5.5646, 14.9640, 0.1800, 189.33
1012, 1571, -3, 56, 0.6111, 16.3534, -16.3112, -1.1749, 0.3056, 202.40
1013, 1577, 21, 38, 0.7111, 9.0705, -1.5154, 8.9430, 0.3556, 206.90
1013, 1582, 76, 24, 0.6556, 4.1914, -0.0668, 4.1909, 0.2622, 194.25
1013, 1584, 35, 4, 0.6000, 10.2991, -8.5111, -5.7993, 0.1800, 205.00
1013, 1585, 35, 58, 0.6000, 44.4961, -38.3923, 22.4930, 0.1800, 195.00
1013, 1565, 87, 1, 0.7222, 7.6071, 4.9162, -5.8051, 0.5056, 188.57
1013, 1574, -6, 180, 0.5000, 63.3400, -19.0153, 60.4183, 0.1500, 182.33
1013, 1576, 86, 51, 0.5556, 30.3371, 25.7515, 16.0374, 0.2222, 208.88
1013, 1580, 2, 66, 0.5556, 40.5447, -34.3460, 21.5459, 0.2222, 187.75
1014, 1565, 84, 7, 0.8778, 0.9127, 0.6782, 0.6107, 0.7022, 187.38
1014, 1521, 32, 59, 0.5625, 29.1303, 25.6625, 13.7844, 0.2250, 206.50
1014, 1577, 29, 50, 0.7667, 13.3486, 7.0387, 11.3420, 0.4600, 205.75
1014, 1578, 117, 91, 0.6000, 48.3455, 16.0965, 45.5872, 0.1800, 138.33
1014, 1459, 21, 27, 0.5062, 9.0202, -2.0193, -8.7913, 0.4050, 199.12
1014, 1585, 1, 70, 0.6556, 36.8274, -34.1323, 13.8292, 0.2622, 191.75
1014, 1582, 76, 28, 0.5556, 4.1914, -0.0668, 4.1909, 0.2222, 194.25
1014, 1584, 27, -2, 0.5000, 10.2991, -8.5111, -5.7993, 0.1500, 205.00
1015, 1565, 84, 7, 0.9333, 0.4890, -0.0831, 0.4819, 0.8400, 185.67
1015, 1521, 50, 78, 0.6222, 26.6472, 19.1247, 18.5558, 0.3111, 207.40
1015, 1577, 35, 61, 0.8222, 12.8871, 5.9504, 11.4311, 0.5756, 204.36
1015, 1584, 33, 0, 0.6556, 1.7909, -0.0477, -1.7903, 0.2622, 209.75
1015, 1578, 134, 136, 0.5000, 48.3455, 16.0965, 45.5872, 0.1500, 138.33
1015, 1585, -33, 84, 0.5556, 36.8274, -34.1323, 13.8292, 0.2222, 191.75
1016, 1565, 69, 16, 0.9889, 15.2953, -13.1750, 7.7696, 0.9889, 188.20
1016, 1521, 65, 96, 0.6806, 23.5039, 15.1214, 17.9938, 0.4083, 209.67
1016, 1577, 47, 77, 0.8778, 19.4405, 11.3150, 15.8083, 0.7022, 204.56
1016, 1582, 76, 34, 0.7111, 3.1953, -0.0074, 3.1953, 0.3556, 194.80
1016, 1584, 34, 0, 0.7111, 0.4733, 0.4413, -0.1712, 0.3556, 212.00
1017, 1577, 48, 80, 0.9333, 4.1668, 1.5117, 3.8829, 0.8400, 204.72
1017, 1587, 87, 7, 0.6000, 7.5402, 3.7410, 6.5468, 0.1800, 172.67
1017, 1590, 37, 46, 0.6000, 49.3773, -42.9746, 24.3165, 0.1800, 206.00
1017, 1591, 21, 40, 0.6000, 1.3562, 0.9353, 0.9822, 0.1800, 211.00
1017, 1582, 76, 37, 0.6111, 3.1953, -0.0074, 3.1953, 0.3056, 194.80
1018, 1577, 46, 78, 0.9889, 2.5552, -1.8873, -1.7225, 0.9889, 206.65
1018, 1537, 108, 5, 0.5625, 9.2770, 8.8777, 2.6922, 0.2250, 154.00
1018, 1587, 90, 16, 0.6556, 9.2404, 3.3120, 8.6265, 0.2622, 170.50
1018, 1588, 25, 24, 0.6000, 23.2585, -20.6403, 10.7207, 0.1800, 213.33
1018, 1591, 21, 40, 0.7056, 0.3671, 0.2619, 0.2571, 0.2822, 212.00
1018, 1594, 36, 48, 0.6000, 4.6388, 2.8058, -3.6941, 0.1800, 211.00
1018, 1595, 34, 54, 0.6000, 7.9304, -2.7588, -7.4351, 0.1800, 204.33
1018, 1582, 76, 40, 0.5111, 3.1953, -0.0074, 3.1953, 0.2556, 194.80
1018, 1590, -6, 70, 0.5000, 49.3773, -42.9746, 24.3165, 0.1500, 206.00
1019, 1512, 105, 9, 0.5625, 83.2442, 50.7092, -66.0164, 0.2250, 176.38
1019, 1521, 63, 118, 0.7951, 9.9968, -2.1916, 9.7536, 0.6361, 201.12
1019, 1577, 44, 76, 1.0000, 2.5065, -1.6307, -1.9034, 1.0000, 209.14
1019, 1589, 45, 37, 0.6556, 17.4857, -9.8892, 14.4206, 0.2622, 201.75
1019, 1591, 20, 41, 0.7611, 1.0751, -0.7899, 0.7293, 0.3806, 215.00
1019, 1594, 36, 48, 0.7056, 1.3135, 0.7858, -1.0525, 0.2822, 212.00
1019, 1595, 35, 52, 0.6556, 2.8552, -0.0358, -2.8550, 0.2622, 209.50
1019, 1598, 23, 25, 0.6000, 8.4334, 8.3703, -1.0291, 0.1800, 203.33
1019, 1587, 93, 24, 0.5556, 9.2404, 3.3120, 8.6265, 0.2222, 170.50
1019, 1588, 4, 35, 0.5000, 23.2585, -20.6403, 10.7207, 0.1500, 213.33
1020, 1582, 79, 41, 0.7667, 1.6507, 0.9564, 1.3454, 0.4600, 193.17
1020, 1586, 105, 9, 0.6000, 40.4418, 25.7091, -31.2182, 0.1800, 179.00
1020, 1587, 86, 21, 0.7111, 3.0016, -2.6005, 1.4990, 0.3556, 172.80
1020, 1588, 16, 22, 0.6556, 3.5377, -2.4117, -2.5883, 0.2622, 211.50
1020, 1589, 30, 53, 0.7111, 20.9436, -14.3533, 15.2517, 0.3556, 201.80
1020, 1591, 21, 42, 0.8167, 1.0912, 0.4251, 1.0050, 0.4900, 219.67
1020, 1594, 37, 49, 0.7611, 1.0999, 0.6845, 0.8610, 0.3806, 212.40
1020, 1595, 36, 52, 0.7111, 1.1146, 1.1121, -0.0746, 0.3556, 211.60
1020, 1598, 28, 14, 0.6556, 11.7874, 6.1360, -10.0644, 0.2622, 205.25
1021, 1582, 79, 41, 0.8222, 0.2455, 0.1679, 0.1791, 0.5756, 192.00
1021, 1591, 8, 38, 0.8222, 11.6702, -11.1265, -3.5206, 0.5756, 217.71
1021, 1594, 37, 49, 0.8167, 0.5034, 0.1465, 0.4816, 0.4900, 213.67
1021, 1595, 40, 62, 0.7667, 9.4617, 3.4868, 8.7958, 0.4600, 209.17
1021, 1596, 70, 77, 0.7056, 0.0358, 0.0000, -0.0358, 0.2822, 177.50
1021, 1586, 131, -22, 0.5000, 40.4418, 25.7091, -31.2182, 0.1500, 179.00
1021, 1588, 13, 19, 0.5556, 3.5377, -2.4117, -2.5883, 0.2222, 211.50
1021, 1589, 15, 68, 0.6111, 20.9436, -14.3533, 15.2517, 0.3056, 201.80
1021, 1598, 35, 3, 0.5556, 11.7874, 6.1360, -10.0644, 0.2222, 205.25
1022, 1570, 78, 55, 0.6000, 74.1896, 41.3665, -61.5866, 0.1800, 170.33
1022, 1582, 79, 41, 0.8778, 0.0975, -0.0468, -0.0855, 0.7022, 191.12
1022, 1537, 127, 3, 0.6222, 3.7732, 3.5362, -1.3162, 0.3111, 149.00
1022, 1594, 23, 44, 0.8222, 13.7934, -13.0301, -4.5249, 0.5756, 212.29
1022, 1595, 40, 74, 0.8222, 11.0684, 1.1688, 11.0065, 0.5756, 215.29
1022, 1598, 38, 1, 0.7111, 7.5050, 4.6682, -5.8765, 0.3556, 208.70
1022, 1600, 62, 16, 0.6000, 42.5482, -40.1689, 14.0288, 0.1800, 177.00
1022, 1589, 1, 83, 0.5111, 20.9436, -14.3533, 15.2517, 0.2556, 201.80
1022, 1596, 70, 77, 0.6056, 0.0358, 0.0000, -0.0358, 0.2422, 177.50
1023, 1581, 69, 39, 0.6000, 31.6331, -14.1571, 28.2883, 0.1800, 183.00
1023, 1582, 79, 41, 0.9333, 0.0691, -0.0402, -0.0561, 0.8400, 190.44
1023, 1595, 39, 75, 0.8778, 2.3096, -0.8261, 2.1568, 0.7022, 217.62
1023, 1596, 72, 80, 0.7611, 1.9829, 1.1051, 1.6464, 0.3806, 176.00
1023, 1597, 51, 14, 0.6000, 34.9304, 34.9184, -0.9163, 0.1800, 213.33
1023, 1600, 36, 52, 0.6556, 42.8990, -27.8727, 32.6103, 0.2622, 183.25
1023, 1604, 75, 72, 0.6000, 55.1469, -29.6144, -46.5206, 0.1800, 118.00
1023, 1606, 91, 19, 0.6000, 1.9174, 1.9174, 0.0000, 0.1800, 195.33
1023, 1570, 120, -6, 0.5000, 74.1896, 41.3665, -61.5866, 0.1500, 170.33
1023, 1537, 131, 2, 0.5222, 3.7732, 3.5362, -1.3162, 0.2611, 149.00
1023, 1598, 43, -5, 0.6111, 7.5050, 4.6682, -5.8765, 0.3056, 208.70
1024, 1559, 43, 66, 0.6000, 1.3671, 0.9642, 0.9692, 0.1800, 220.00
1024, 1581, 54, 69, 0.6556, 32.7095, -14.6236, 29.2585, 0.2622, 186.50
1024, 1582, 79, 41, 0.9889, 0.0124, -0.0085, -0.0090, 0.9889, 189.90
1024, 1595, 38, 74, 0.9333, 1.4745, -1.2500, -0.7820, 0.8400, 218.33
1024, 1596, 75, 71, 0.7667, 8.5775, 2.6515, -8.1574, 0.4600, 178.00
1024, 1597, 64, 23, 0.6556, 17.8151, 16.2311, 7.3436, 0.2622, 210.75
1024, 1598, 41, 1, 0.7667, 1.7648, 1.0796, 1.3961, 0.4600, 209.75
1024, 1600, 29, 89, 0.7111, 37.9059, -8.7964, 36.8712, 0.3556, 183.00
1024, 1604, 39, 51, 0.6556, 42.8723, -35.5184, -24.0099, 0.2622, 139.00
1024, 1606, 92, 19, 0.7056, 1.2739, 1.2739, 0.0000, 0.2822, 191.00
1024, 1608, 21, 43, 0.6000, 43.4847, -39.2336, 18.7520, 0.1800, 202.00
1025, 1559, 44, 65, 0.7056, 1.1302, 1.0168, -0.4933, 0.2822, 217.12
1025, 1581, 56, 98, 0.7111, 29.1886, 0.2909, 29.1871, 0.3556, 181.20
1025, 1582, 72, 25, 1.0000, 15.7436, -6.1089, -14.5101, 1.0000, 189.91
1025, 1596, 79, 44, 0.8222, 25.0750, 3.9044, -24.7692, 0.5756, 178.57
1025, 1597, 78, 13, 0.7111, 16.3493, 14.3437, -7.8459, 0.3556, 203.80
1025, 1598, 59, 22, 0.8222, 24.9196, 16.4725, 18.6988, 0.5756, 207.21
1025, 1604, 10, 11, 0.7111, 48.7400, -29.8005, -38.5684, 0.3556, 155.40
1025, 1606, 93, 18, 0.7611, 1.2426, 0.9804, -0.7635, 0.3806, 189.20
1025, 1608, -18, 62, 0.5000, 43.4847, -39.2336, 18.7520, 0.1500, 202.00
1026, 1559, 54, 83, 0.7111, 17.9437, 8.6438, 15.7246, 0.3556, 208.70
1026, 1606, 100, 16, 0.7667, 6.5609, 6.3034, -1.8199, 0.4600, 186.50
1026, 1496, 109, 125, 0.5143, 0.3953, 0.3446, 0.1938, 0.3600, 93.86
1026, 1581, 56, 127, 0.6111, 29.1886, 0.2909, 29.1871, 0.3056, 181.20
1026, 1604, -20, -28, 0.6111, 48.7400, -29.8005, -38.5684, 0.3056, 155.40
1027, 1559, 73, 85, 0.7667, 18.8188, 18.4367, 3.7732, 0.4600, 202.92
1027, 1606, 102, 17, 0.8722, 2.2700, 2.2628, 0.1805, 0.6106, 183.71
1028, 1606, 109, 5, 0.8778, 12.4040, 6.8202, -10.3607, 0.7022, 181.12
1028, 1559, 92, 89, 0.6667, 18.8188, 18.4367, 3.7732, 0.4000, 202.92
1029, 1606, 112, 2, 0.9333, 5.0105, 3.0389, -3.9837, 0.8400, 177.56
1029, 1611, 42, 52, 0.6000, 0.9364, 0.9353, 0.0469, 0.1800, 221.33
1029, 1612, 26, 80, 0.6000, 27.0029, -15.0110, 22.4460, 0.1800, 200.50
1030, 1606, 112, 2, 0.9889, 0.9297, 0.9296, -0.0101, 0.9889, 174.30
1030, 1558, 98, 10, 0.5625, 36.1846, 32.4029, -16.1051, 0.2250, 188.25
1030, 1610, 23, 15, 0.6000, 0.9937, 0.9937, 0.0000, 0.1800, 210.33
1030, 1611, 43, 57, 0.7056, 4.6367, 1.0167, 4.5239, 0.2822, 216.75
1030, 1612, 20, 92, 0.6556, 14.9326, -7.2052, 13.0793, 0.2622, 197.62
1031, 1606, 104, 8, 1.0000, 9.2925, -7.7276, 5.1610, 1.0000, 173.00
1031, 1558, 114, 2, 0.6222, 20.4131, 18.0945, -9.4491, 0.3111, 178.60
1031, 1610, 15, 30, 0.6556, 14.4845, -6.5819, 12.9027, 0.2622, 208.00
1031, 1611, 53, 75, 0.7111, 18.7052, 9.4135, 16.1639, 0.3556, 211.80
1031, 1612, 12, 105, 0.5556, 14.9326, -7.2052, 13.0793, 0.2222, 197.62
1032, 1477, 43, 60, 0.5400, 18.4575, 15.2080, -10.4593, 0.2700, 200.80
1032, 1599, 5, 14, 0.6000, 20.2409, -3.7917, -19.8825, 0.1800, 207.67
1032, 1606, 107, 37, 1.0000, 26.5151, 2.2602, 26.4186, 1.0000, 169.00
1032, 1610, 24, 66, 0.7111, 34.5659, 7.3589, 33.7735, 0.3556, 211.80
1032, 1612, 10, 117, 0.7111, 13.4585, -4.5795, 12.6554, 0.3556, 188.30
1032, 1558, 133, -8, 0.5222, 20.4131, 18.0945, -9.4491, 0.2611, 178.60
1032, 1611, 63, 91, 0.6111, 18.7052, 9.4135, 16.1639, 0.3056, 211.80
1033, 1477, 62, 48, 0.6000, 21.1180, 17.8738, -11.2471, 0.3600, 204.00
1033, 1599, 5, -1, 0.6556, 15.4602, -0.3132, -15.4570, 0.2622, 212.75
1033, 1531, 25, 71, 0.5625, 24.4163, -6.5897, -23.5102, 0.2250, 186.00
1033, 1605, 45, 62, 0.6000, 58.4333, -4.7104, -58.2432, 0.1800, 169.67
1033, 1616, 68, 29, 0.6000, 0.9867, 0.9822, 0.0939, 0.1800, 192.17
1033, 1610, 32, 100, 0.6111, 34.5659, 7.3589, 33.7735, 0.3056, 211.80
1033, 1612, 5, 130, 0.6111, 13.4585, -4.5795, 12.6554, 0.3056, 188.30
1034, 1477, 91, 28, 0.6587, 33.9180, 28.2362, -18.7921, 0.4611, 201.50
1034, 1531, 23, 67, 0.6222, 7.2395, -2.6414, -6.7405, 0.3111, 193.80
1034, 1605, 40, 13, 0.6556, 51.0695, -5.1298, -50.8112, 0.2622, 177.50
1034, 1615, 44, 86, 0.6000, 18.5165, -7.8292, 16.7799, 0.1800, 200.00
1034, 1616, 79, 15, 0.6556, 15.7308, 10.0692, -12.0859, 0.2622, 186.62
1034, 1617, 8, 26, 0.6000, 43.5169, -38.3453, 20.5755, 0.1800, 213.67
1034, 1599, 5, -16, 0.5556, 15.4602, -0.3132, -15.4570, 0.2222, 212.75
1034, 1612, 1, 142, 0.5111, 13.4585, -4.5795, 12.6554, 0.2556, 188.30
1035, 1477, 102, 28, 0.7167, 12.9853, 12.7484, -2.4687, 0.5733, 197.94
1035, 1531, 22, 69, 0.6806, 1.7392, -1.6390, 0.5818, 0.4083, 197.67
1035, 1616, 104, 9, 0.7111, 24.3762, 23.4243, -6.7454, 0.3556, 179.70
1035, 1605, 35, -38, 0.5556, 51.0695, -5.1298, -50.8112, 0.2222, 177.50
1035, 1615, 36, 103, 0.5000, 18.5165, -7.8292, 16.7799, 0.1500, 200.00
1035, 1617, -31, 47, 0.5000, 43.5169, -38.3453, 20.5755, 0.1500, 213.67
1036, 1592, 50, 7, 0.6000, 0.9589, -0.0134, 0.9588, 0.1800, 208.83
1036, 1531, 20, 70, 0.7381, 2.1399, -1.7688, 1.2044, 0.5167, 200.21
1036, 1607, 48, 58, 0.6000, 39.7915, -1.8844, 39.7468, 0.1800, 194.67
1036, 1496, 120, 123, 0.5722, 1.4075, 1.3549, -0.3813, 0.4578, 92.38
1036, 1615, 36, 120, 0.6556, 17.2298, -3.6048, 16.8485, 0.2622, 182.75
1036, 1616, 128, 2, 0.6111, 24.3762, 23.4243, -6.7454, 0.3056, 179.70
1037, 1592, 31, 18, 0.6556, 19.4220, -16.6025, 10.0783, 0.2622, 208.38
1037, 1531, 19, 69, 0.7951, 1.2614, -1.1938, -0.4076, 0.6361, 202.94
1037, 1607, 61, 112, 0.6556, 53.2068, 10.8046, 52.0982, 0.2622, 181.50
1037, 1496, 92, 122, 0.6296, 27.4516, -27.4351, -0.9518, 0.5667, 94.11
1037, 1579, 82, 90, 0.5625, 52.5706, -5.5176, 52.2802, 0.2250, 183.50
1037, 1621, 9, 34, 0.6000, 31.9632, -11.2230, 29.9281, 0.1800, 211.67
1037, 1622, 71, 41, 0.6000, 10.2882, 0.0939, 10.2878, 0.1800, 204.33
1037, 1615, 32, 137, 0.5556, 17.2298, -3.6048, 16.8485, 0.2222, 182.75
1038, 1592, 26, 21, 0.7111, 7.0397, -6.0715, 3.5629, 0.3556, 209.90
1038, 1531, 18, 69, 0.8519, 1.0111, -0.9575, -0.3248, 0.7667, 208.17
1038, 1621, 7, 58, 0.6556, 25.1006, -2.3884, 24.9867, 0.2622, 209.75
1038, 1622, 74, 60, 0.6556, 18.1175, 2.2548, 17.9767, 0.2622, 203.50
1038, 1624, 2, 36, 0.6000, 20.9505, -7.2756, -19.6466, 0.1800, 219.33
1038, 1607, 72, 164, 0.5556, 53.2068, 10.8046, 52.0982, 0.2222, 181.50
1039, 1531, 16, 69, 0.9083, 1.7431, -1.7422, -0.0581, 0.9083, 211.95
1039, 1621, 7, 62, 0.7111, 6.0960, -0.9335, 6.0241, 0.3556, 207.50
1039, 1623, 53, 10, 0.6000, 23.8044, -10.7567, -21.2354, 0.1800, 200.00
1039, 1561, 22, 119, 0.5625, 18.8236, -18.7974, -0.9937, 0.2250, 149.50
1039, 1628, 73, 30, 0.6000, 43.9978, 15.3522, -41.2325, 0.1800, 190.67
1039, 1622, 76, 78, 0.5556, 18.1175, 2.2548, 17.9767, 0.2222, 203.50
1039, 1624, -6, 16, 0.5000, 20.9505, -7.2756, -19.6466, 0.1500, 219.33
1040, 1534, 112, 73, 0.5625, 54.0407, 54.0407, -0.0057, 0.2250, 158.00
1040, 1531, 17, 59, 0.9646, 9.4530, 1.0844, -9.3906, 0.9646, 211.05
1040, 1622, 85, 68, 0.7111, 6.4184, 6.0471, 2.1514, 0.3556, 198.80
1040, 1561, 1, 110, 0.6222, 21.6023, -20.1299, -7.8387, 0.3111, 151.00
1040, 1628, 80, 3, 0.6556, 30.3707, 8.3852, -29.1902, 0.2622, 187.50
1040, 1633, 74, 27, 0.6000, 3.8224, 0.9822, -3.6941, 0.1800, 198.33
1040, 1634, 65, 31, 0.6000, 28.1185, 28.1045, -0.8883, 0.1800, 199.00
1040, 1635, 42, 92, 0.6000, 30.6357, -6.5468, 29.9281, 0.1800, 204.33
1040, 1637, 81, 55, 0.6000, 12.7208, -3.7410, -12.1583, 0.1800, 188.00
1040, 1623, 42, -11, 0.5000, 23.8044, -10.7567, -21.2354, 0.1500, 200.00
1041, 1531, 3, 46, 1.0000, 18.0301, -13.4954, -11.9565, 1.0000, 209.79
1041, 1623, 28, 0, 0.6556, 13.0015, -12.6251, -3.1059, 0.2622, 205.00
1041, 1624, 17, 11, 0.6556, 9.8125, 8.1954, -5.3963, 0.2622, 221.50
1041, 1630, 25, 10, 0.6000, 7.1612, 7.1311, 0.6566, 0.1800, 218.33
1041, 1633, 73, 3, 0.6556, 21.4371, -0.4976, -21.4314, 0.2622, 193.75
1041, 1634, 80, 27, 0.6556, 17.2266, 16.9104, -3.2858, 0.2622, 190.75
1041, 1637, 75, 32, 0.6556, 21.5006, -5.5764, -20.7649, 0.2622, 191.50
1041, 1561, -19, 102, 0.5222, 21.6023, -20.1299, -7.8387, 0.2611, 151.00
1041, 1628, 89, -26, 0.5556, 30.3707, 8.3852, -29.1902, 0.2222, 187.50
1041, 1635, 36, 122, 0.5000, 30.6357, -6.5468, 29.9281, 0.1500, 204.33
1042, 1623, 13, 8, 0.7111, 17.0443, -15.3721, 7.3626, 0.3556, 206.80
1042, 1624, 20, 11, 0.7111, 2.8400, 2.7826, -0.5681, 0.3556, 224.20
1042, 1637, 69, 25, 0.7111, 10.9719, -6.1405, -9.0927, 0.3556, 193.20
1042, 1630, 33, 10, 0.5000, 7.1612, 7.1311, 0.6566, 0.1500, 218.33
1042, 1633, 73, -18, 0.5556, 21.4371, -0.4976, -21.4314, 0.2222, 193.75
1042, 1634, 97, 24, 0.5556, 17.2266, 16.9104, -3.2858, 0.2222, 190.75
1043, 1592, 11, 68, 0.9889, 1.9474, -1.0072, -1.6667, 0.9889, 214.15
1043, 1621, 53, 87, 0.8778, 20.0563, 19.8771, 2.6751, 0.7022, 201.56
1043, 1630, 30, 9, 0.6556, 1.9558, 1.8967, -0.4770, 0.2622, 217.00
1043, 1634, 99, 50, 0.7111, 15.7006, 8.2093, 13.3834, 0.3556, 186.20
1043, 1637, 55, 7, 0.7667, 20.9984, -12.9948, -16.4944, 0.4600, 194.17
1043, 1640, 56, 51, 0.6000, 48.2811, 25.2518, 41.1511, 0.1800, 210.00
1044, 1601, 43, 50, 0.6000, 38.6059, -23.1562, -30.8902, 0.1800, 193.67
1044, 1619, 16, 113, 0.6000, 23.5525, -4.6431, 23.0903, 0.1800, 172.00
1044, 1630, 35, 15, 0.7111, 7.1934, 4.8340, 5.3270, 0.3556, 217.80
1044, 1635, 23, 126, 0.6556, 4.9837, -4.3535, 2.4259, 0.2622, 192.25
1044, 1637, 23, 10, 0.8222, 30.2433, -30.2378, 0.5736, 0.5756, 200.14
1044, 1640, 65, 77, 0.6556, 30.4281, 11.6007, 28.1299, 0.2622, 210.25
1045, 1601, 20, 14, 0.6556, 42.2711, -22.8880, -35.5384, 0.2622, 199.50
1045, 1641, 86, 43, 0.6000, 6.8087, 6.5468, 1.8705, 0.1800, 184.83
1045, 1619, 12, 136, 0.5000, 23.5525, -4.6431, 23.0903, 0.1500, 172.00
1045, 1630, 40, 20, 0.6111, 7.1934, 4.8340, 5.3270, 0.3056, 217.80
1045, 1635, 19, 128, 0.5556, 4.9837, -4.3535, 2.4259, 0.2222, 192.25
1045, 1640, 77, 105, 0.5556, 30.4281, 11.6007, 28.1299, 0.2222, 210.25
1046, 1630, 48, 13, 0.7667, 6.7651, 6.4127, -2.1550, 0.4600, 216.00
1046, 1640, 56, 88, 0.7111, 7.1897, -6.9397, 1.8793, 0.3556, 202.60
1046, 1641, 113, 53, 0.6556, 26.0195, 24.4767, 8.8264, 0.2622, 169.12
1046, 1642, 52, 55, 0.7056, 4.0672, 1.5048, -3.7786, 0.2822, 215.25
1046, 1601, -3, -22, 0.5556, 42.2711, -22.8880, -35.5384, 0.2222, 199.50
1047, 1593, 22, 15, 0.5625, 13.4564, -6.9277, -11.5361, 0.2250, 211.75
1047, 1647, 31, 19, 0.6000, 42.5411, -23.3813, -35.5396, 0.1800, 216.00
1047, 1630, 54, 10, 0.6667, 6.7651, 6.4127, -2.1550, 0.4000, 216.00
1047, 1641, 137, 62, 0.5556, 26.0195, 24.4767, 8.8264, 0.2222, 169.12
1047, 1642, 53, 51, 0.6056, 4.0672, 1.5048, -3.7786, 0.2422, 215.25
1048, 1630, 68, 17, 0.8222, 10.8229, 10.4717, 2.7346, 0.5756, 211.86
1048, 1593, 21, 13, 0.6222, 3.9486, -1.5351, -3.6380, 0.3111, 212.60
1048, 1642, 67, 44, 0.7111, 9.9275, 8.2702, -5.4918, 0.3556, 214.20
1048, 1573, 102, 69, 0.5625, 34.2204, -13.8568, -31.2893, 0.2250, 108.50
1048, 1645, 78, 13, 0.7056, 1.4955, 1.4955, 0.0000, 0.2822, 183.75
1048, 1647, 4, 10, 0.6556, 28.8836, -26.1723, -12.2176, 0.2622, 214.62
1048, 1650, 31, 16, 0.6000, 27.5763, -24.2696, 13.0935, 0.1800, 208.67
1049, 1564, 42, 20, 0.5625, 68.9903, -60.7095, -32.7723, 0.2250, 170.50
1049, 1629, 50, 7, 0.6000, 8.8630, -8.4065, 2.8076, 0.1800, 201.67
1049, 1630, 91, 18, 0.8778, 22.1232, 22.0621, 1.6439, 0.7022, 206.25
1049, 1593, 22, 13, 0.6806, 0.3996, 0.3529, 0.1874, 0.4083, 214.17
1049, 1645, 62, 6, 0.7111, 15.2399, -13.9630, -6.1065, 0.3556, 193.00
1049, 1650, 27, 19, 0.6556, 7.7389, -6.8149, 3.6670, 0.2622, 209.75
1049, 1642, 75, 39, 0.6111, 9.9275, 8.2702, -5.4918, 0.3056, 214.20
1049, 1647, -22, -2, 0.5556, 28.8836, -26.1723, -12.2176, 0.2222, 214.62
1050, 1593, 22, 13, 0.7381, 0.3935, 0.3584, -0.1625, 0.5167, 214.62
1050, 1642, 85, 26, 0.7667, 13.3125, 9.3574, -9.4691, 0.4600, 208.17
1050, 1573, 80, 13, 0.6222, 29.5949, -10.4221, -27.6990, 0.3111, 125.60
1050, 1645, 55, 3, 0.7667, 8.7339, -7.8359, -3.8574, 0.4600, 194.33
1050, 1650, 11, 37, 0.7111, 23.0527, -15.3572, 17.1925, 0.3556, 207.60
1050, 1629, 41, 10, 0.5000, 8.8630, -8.4065, 2.8076, 0.1500, 201.67
1050, 1630, 113, 20, 0.7778, 22.1232, 22.0621, 1.6439, 0.6222, 206.25
1051, 1593, 23, 15, 0.7951, 1.6705, 0.8493, 1.4385, 0.6361, 217.54
1051, 1642, 83, 14, 0.8222, 12.4921, -1.0361, -12.4491, 0.5756, 203.43
1051, 1573, 79, 6, 0.6806, 9.0497, -1.2964, -8.9563, 0.4083, 134.33
1051, 1649, 77, 85, 0.6000, 54.7329, 54.4701, -5.3577, 0.1800, 182.67
1051, 1630, 135, 21, 0.6778, 22.1232, 22.0621, 1.6439, 0.5422, 206.25
1051, 1645, 47, -1, 0.6667, 8.7339, -7.8359, -3.8574, 0.4000, 194.33
1052, 1629, 47, 14, 0.6556, 2.4156, 0.7235, 2.3047, 0.2622, 203.00
1052, 1630, 127, 0, 0.9333, 12.4849, 9.6847, -7.8791, 0.8400, 198.33
1052, 1593, 30, 16, 0.8519, 6.5221, 6.3835, 1.3370, 0.7667, 218.04
1052, 1642, 90, 2, 0.8778, 13.1867, 5.9746, -11.7555, 0.7022, 199.38
1052, 1648, 69, 28, 0.6000, 36.3883, 14.4145, -33.4116, 0.1800, 201.67
1052, 1651, 12, 41, 0.6000, 9.1676, -8.7521, -2.7289, 0.1800, 200.67
1052, 1573, 78, -3, 0.5806, 9.0497, -1.2964, -8.9563, 0.3483, 134.33
1052, 1645, 39, -5, 0.5667, 8.7339, -7.8359, -3.8574, 0.3400, 194.33
1052, 1649, 131, 79, 0.5000, 54.7329, 54.4701, -5.3577, 0.1500, 182.67
1053, 1593, 32, 16, 0.9083, 2.3338, 2.3144, 0.3008, 0.9083, 217.83
1053, 1645, 25, 14, 0.8222, 11.8419, -10.4356, 5.5973, 0.5756, 199.07
1053, 1651, 1, 47, 0.6556, 11.3583, -10.4207, 4.5189, 0.2622, 200.50
1053, 1629, 47, 16, 0.5556, 2.4156, 0.7235, 2.3047, 0.2222, 203.00
1053, 1642, 96, -10, 0.7778, 13.1867, 5.9746, -11.7555, 0.6222, 199.38
1053, 1648, 83, -5, 0.5000, 36.3883, 14.4145, -33.4116, 0.1500, 201.67
1054, 1629, 46, 17, 0.7111, 1.4716, -0.4536, 1.3999, 0.3556, 205.40
1054, 1593, 32, 16, 0.9646, 0.7211, 0.7166, -0.0802, 0.9646, 217.12
1054, 1603, 124, 115, 0.5625, 31.8776, 30.5600, 9.0704, 0.2250, 105.75
1054, 1642, 102, -22, 0.6778, 13.1867, 5.9746, -11.7555, 0.5422, 199.38
1054, 1651, -9, 51, 0.5556, 11.3583, -10.4207, 4.5189, 0.2222, 200.50
1055, 1593, 32, 14, 1.0000, 1.6036, -0.0639, -1.6024, 1.0000, 216.69
1055, 1651, -1, 49, 0.7111, 0.8656, 0.3812, 0.7771, 0.3556, 198.40
1055, 1575, 119, 122, 0.5625, 33.3718, 33.3612, 0.8434, 0.2250, 96.25
1055, 1642, 108, -33, 0.5778, 13.1867, 5.9746, -11.7555, 0.4622, 199.38
1056, 1593, 32, 15, 1.0000, 0.2083, -0.1290, 0.1636, 1.0000, 217.10
1056, 1653, 90, 37, 0.6000, 26.2736, -24.1757, 10.2878, 0.1800, 157.00
1057, 1631, 103, 28, 0.6000, 30.0420, 29.6576, 4.7903, 0.1800, 175.67
1057, 1636, 76, 82, 0.6000, 42.8507, 39.2354, 17.2269, 0.1800, 190.33
1057, 1593, 33, 15, 1.0000, 0.7823, 0.7240, 0.2963, 1.0000, 216.95
1057, 1653, 66, 47, 0.5000, 26.2736, -24.1757, 10.2878, 0.1500, 157.00
1058, 1593, 33, 15, 1.0000, 0.3086, 0.2954, 0.0893, 1.0000, 216.82
1058, 1653, 63, 15, 0.6556, 18.2179, -12.2100, -13.5206, 0.2622, 171.75
1058, 1654, 22, 45, 0.6000, 48.9010, -42.9746, -23.3344, 0.1800, 193.00
1058, 1631, 132, 33, 0.5000, 30.0420, 29.6576, 4.7903, 0.1500, 175.67
1058, 1636, 116, 100, 0.5000, 42.8507, 39.2354, 17.2269, 0.1500, 190.33
1059, 1631, 118, 45, 0.6556, 10.1307, 4.8548, 8.8917, 0.2622, 164.00
1059, 1636, 98, 112, 0.6556, 16.5129, 7.5612, 14.6801, 0.2622, 170.75
1059, 1653, 62, 12, 0.7111, 3.9326, -1.9877, -3.3933, 0.3556, 180.00
1059, 1593, 33, 15, 0.9000, 0.3086, 0.2954, 0.0893, 0.9000, 216.82
1059, 1654, -21, 22, 0.5000, 48.9010, -42.9746, -23.3344, 0.1500, 193.00
1060, 1636, 116, 125, 0.7111, 21.7164, 17.2238, 13.2266, 0.3556, 152.60
1060, 1593, 34, 14, 1.0000, 0.7537, 0.4764, -0.5841, 1.0000, 216.21
1060, 1631, 123, 54, 0.5556, 10.1307, 4.8548, 8.8917, 0.2222, 164.00
1061, 1583, 75, 21, 0.5625, 44.7103, -4.8317, -44.4485, 0.2250, 199.00
1061, 1625, 30, 63, 0.6000, 0.9681, 0.0035, 0.9681, 0.1800, 205.67
1061, 1593, 34, 14, 1.0000, 0.2008, 0.1139, -0.1654, 1.0000, 216.20
1062, 1625, 17, 52, 0.6556, 14.7994, -11.3126, -9.5419, 0.2622, 199.75
1062, 1593, 40, 18, 1.0000, 6.5952, 5.3486, 3.8586, 1.0000, 215.69
1062, 1618, 80, 41, 0.5625, 13.4912, -13.3647, 1.8430, 0.2250, 175.75
1063, 1652, 3, 72, 0.6000, 63.5528, -63.4393, -3.7963, 0.1800, 187.50
1063, 1618, 54, 15, 0.6222, 33.1504, -24.5850, -22.2380, 0.3111, 182.20
1063, 1655, 35, 14, 0.6000, 19.0294, -18.6581, -3.7410, 0.1800, 198.00
1063, 1657, 19, 48, 0.6000, 1.3562, 0.9822, 0.9353, 0.1800, 205.67
1063, 1625, 6, 42, 0.5556, 14.7994, -11.3126, -9.5419, 0.2222, 199.75
1063, 1593, 45, 22, 0.9000, 6.5952, 5.3486, 3.8586, 0.9000, 215.69
1064, 1593, 56, 18, 1.0000, 8.2782, 8.2601, -0.5469, 1.0000, 214.70
1064, 1655, 28, 17, 0.6556, 8.4944, -8.2625, 1.9714, 0.2622, 207.25
1064, 1657, 6, 74, 0.6556, 25.4375, -11.0644, 22.9051, 0.2622, 198.75
1064, 1658, 67, 18, 0.6000, 1.3562, 0.9353, 0.9822, 0.1800, 216.67
1064, 1652, -60, 68, 0.5000, 63.5528, -63.4393, -3.7963, 0.1500, 187.50
1064, 1618, 29, -7, 0.5222, 33.1504, -24.5850, -22.2380, 0.2611, 182.20
1065, 1602, 21, 90, 0.5625, 0.0660, 0.0466, 0.0466, 0.2250, 184.00
1065, 1655, 29, 19, 0.7111, 2.0650, -0.5908, 1.9787, 0.3556, 213.60
1065, 1593, 64, 18, 0.9000, 8.2782, 8.2601, -0.5469, 0.9000, 214.70
1065, 1657, -5, 97, 0.5556, 25.4375, -11.0644, 22.9051, 0.2222, 198.75
1065, 1658, 68, 19, 0.5000, 1.3562, 0.9353, 0.9822, 0.1500, 216.67
1066, 1593, 96, 12, 1.0000, 22.2833, 22.0132, -3.4585, 1.0000, 212.47
1066, 1602, 10, 74, 0.6222, 16.9328, -9.9171, -13.7248, 0.3111, 184.40
1066, 1655, 31, 19, 0.7667, 1.8043, 1.7427, 0.4672, 0.4600, 217.83
1066, 1658, 47, 11, 0.6556, 12.0202, -11.3884, -3.8457, 0.2622, 214.00
1067, 1646, 6, 73, 0.6000, 19.8422, -9.6371, 17.3447, 0.1800, 196.00
1067, 1655, 36, 23, 0.8222, 6.5539, 5.3765, 3.7479, 0.5756, 215.86
1067, 1658, 32, 17, 0.7111, 15.7614, -14.8807, 5.1947, 0.3556, 219.40
1067, 1602, 0, 61, 0.5222, 16.9328, -9.9171, -13.7248, 0.2611, 184.40
1068, 1602, 12, 45, 0.6806, 15.0686, 2.8490, -14.7968, 0.4083, 187.33
1068, 1655, 66, 22, 0.8778, 27.3174, 27.2990, -1.0025, 0.7022, 212.31
1068, 1632, 68, 3, 0.5625, 16.7811, -0.1986, -16.7799, 0.2250, 196.50
1068, 1638, 108, 37, 0.5625, 33.7897, 2.8527, 33.6691, 0.2250, 153.75
1068, 1663, 37, 7, 0.6000, 4.8149, 0.9353, -4.7232, 0.1800, 212.00
1068, 1664, 32, 21, 0.6000, 29.8128, 9.3995, -28.2922, 0.1800, 218.33
1068, 1646, -3, 91, 0.5000, 19.8422, -9.6371, 17.3447, 0.1500, 196.00
1069, 1656, 23, 50, 0.6000, 29.2655, 17.3014, 23.6036, 0.1800, 208.33
1069, 1626, 64, 78, 0.5625, 8.8513, -0.1221, 8.8505, 0.2250, 185.00
1069, 1667, 69, 23, 0.6000, 23.2839, -9.3525, -21.3230, 0.1800, 195.00
1069, 1663, 38, 2, 0.5000, 4.8149, 0.9353, -4.7232, 0.1500, 212.00
1069, 1664, 41, -7, 0.5000, 29.8128, 9.3995, -28.2922, 0.1500, 218.33
1070, 1656, 27, 55, 0.6556, 9.4201, 6.0287, 7.2382, 0.2622, 206.75
1070, 1667, 37, 18, 0.6556, 30.7337, -29.7911, -7.5530, 0.2622, 202.25
1071, 1646, 13, 103, 0.6556, 6.6735, 4.7228, 4.7149, 0.2622, 188.75
1071, 1609, 37, 31, 0.5625, 53.5941, -36.9475, -38.8228, 0.2250, 219.25
1071, 1656, 27, 54, 0.7111, 0.7834, 0.7111, 0.3288, 0.3556, 208.60
1071, 1626, 92, 93, 0.6222, 17.4338, 15.8139, 7.3388, 0.3111, 171.30
1071, 1638, 103, 46, 0.6222, 4.7085, -2.5617, -3.9507, 0.3111, 155.00
1071, 1664, 33, 20, 0.6556, 5.9626, -1.3842, 5.7997, 0.2622, 226.50
1071, 1667, 12, 32, 0.7111, 27.8293, -24.9950, 12.2360, 0.3556, 202.00
1072, 1646, 17, 115, 0.7111, 12.2724, 4.3836, 11.4628, 0.3556, 182.20
1072, 1626, 97, 94, 0.6806, 6.0287, 5.8383, 1.5031, 0.4083, 164.08
1072, 1638, 104, 46, 0.6806, 1.0379, 0.1866, -1.0210, 0.4083, 155.50
1072, 1664, 34, 22, 0.7111, 2.0866, 0.2437, 2.0723, 0.3556, 225.80
1072, 1667, -13, 44, 0.6111, 27.8293, -24.9950, 12.2360, 0.3056, 202.00
1073, 1609, 20, 4, 0.6222, 11.6364, -5.1353, -10.4420, 0.3111, 218.00
1073, 1656, 27, 54, 0.8222, 0.4542, 0.4406, -0.1104, 0.5756, 213.00
1073, 1661, 4, 105, 0.6000, 59.8418, -56.0092, 21.0716, 0.1800, 163.67
1073, 1626, 103, 96, 0.5806, 6.0287, 5.8383, 1.5031, 0.3483, 164.08
1073, 1638, 104, 45, 0.5806, 1.0379, 0.1866, -1.0210, 0.3483, 155.50
1074, 1656, 28, 55, 0.8778, 1.2870, 1.0329, 0.7679, 0.7022, 213.62
1074, 1609, 15, -6, 0.5222, 11.6364, -5.1353, -10.4420, 0.2611, 218.00
1074, 1661, -52, 126, 0.5000, 59.8418, -56.0092, 21.0716, 0.1500, 163.67
1075, 1656, 29, 56, 0.9333, 1.5347, 1.0919, 1.0784, 0.8400, 212.11
1075, 1668, 73, 27, 0.6000, 45.7127, -39.2806, 23.3813, 0.1800, 170.33
1076, 1656, 30, 56, 0.9889, 1.0572, 1.0262, 0.2542, 0.9889, 210.80
1076, 1668, 57, 43, 0.6556, 25.2385, -18.5488, 17.1151, 0.2622, 179.50
1077, 1663, 48, 2, 0.7056, 1.7016, 1.3413, 1.0471, 0.2822, 212.75
1077, 1668, 36, 67, 0.7111, 31.0386, -20.7563, 23.0775, 0.3556, 179.40
1077, 1656, 31, 56, 0.8889, 1.0572, 1.0262, 0.2542, 0.8889, 210.80
1078, 1656, 18, 47, 1.0000, 8.6909, -6.9504, -5.2176, 1.0000, 209.82
1078, 1660, 90, 22, 0.6000, 53.9159, 3.7894, -53.7825, 0.1800, 163.00
1078, 1663, 40, 9, 0.7111, 10.3682, -8.0788, 6.4987, 0.3556, 212.20
1078, 1675, 79, 41, 0.6000, 12.2338, 6.5468, 10.3347, 0.1800, 199.33
1079, 1620, 60, 101, 0.5625, 29.0729, 15.2344, -24.7618, 0.2250, 155.25
1079, 1675, 80, 42, 0.6556, 3.4111, 1.8335, 2.8764, 0.2622, 195.75
1079, 1660, 94, -32, 0.5000, 53.9159, 3.7894, -53.7825, 0.1500, 163.00
1080, 1620, 72, 79, 0.6222, 26.0281, 12.5730, -22.7899, 0.3111, 159.20
1080, 1643, 21, 74, 0.5625, 9.9929, 9.6352, 2.6495, 0.2250, 190.00
1080, 1670, 25, 8, 0.6000, 19.5095, 19.4293, -1.7663, 0.1800, 216.67
1080, 1675, 79, 42, 0.7111, 0.3502, -0.1844, -0.2977, 0.3556, 193.00
1080, 1679, 119, 78, 0.6000, 0.7650, 0.7640, -0.0397, 0.1800, 106.33
1081, 1562, 34, 62, 0.5400, 51.5664, -11.5997, -50.2448, 0.2700, 162.90
1081, 1666, 19, 43, 0.6000, 81.6949, -79.2508, 19.8334, 0.1800, 169.67
1081, 1644, 104, 97, 0.5625, 72.6504, -3.6261, 72.5598, 0.2250, 139.25
1081, 1643, 25, 75, 0.6222, 4.8764, 4.6077, 1.5962, 0.3111, 193.60
1081, 1670, 43, 10, 0.6556, 18.3301, 18.3046, 0.9663, 0.2622, 221.50
1081, 1674, 74, 20, 0.6000, 1.3208, 1.0071, 0.8545, 0.1800, 188.50
1081, 1675, 79, 41, 0.7667, 0.6304, -0.3374, -0.5325, 0.4600, 191.83
1081, 1679, 126, 100, 0.6556, 20.0954, 6.4054, 19.0472, 0.2622, 115.50
1081, 1681, 35, 28, 0.6000, 19.2392, -5.2592, 18.5065, 0.1800, 218.00
1081, 1620, 85, 56, 0.5222, 26.0281, 12.5730, -22.7899, 0.2611, 159.20
1082, 1562, 26, 10, 0.6000, 52.0044, -8.4182, -51.3185, 0.3600, 170.58
1082, 1620, 98, 36, 0.6806, 24.7447, 12.7957, -21.1795, 0.4083, 160.00
1082, 1643, 29, 83, 0.6806, 8.2729, 4.2371, 7.1055, 0.4083, 192.17
1082, 1670, 54, 7, 0.7111, 12.0709, 11.8178, -2.4592, 0.3556, 217.20
1082, 1675, 75, 36, 0.8222, 6.1544, -3.9214, -4.7433, 0.5756, 192.57
1082, 1679, 126, 107, 0.7111, 8.6145, 0.7432, 8.5824, 0.3556, 115.20
1082, 1681, 33, 50, 0.6556, 21.9100, -1.6816, 21.8454, 0.2622, 213.75
1082, 1682, 113, 12, 0.6000, 43.4049, 37.7392, -21.4414, 0.1800, 177.33
1082, 1690, 15, 46, 0.6000, 43.3860, -5.6115, -43.0216, 0.1800, 192.00
1082, 1693, 23, 90, 0.6000, 38.5614, -37.4101, -9.3525, 0.1800, 186.00
1082, 1666, -60, 63, 0.5000, 81.6949, -79.2508, 19.8334, 0.1500, 169.67
1082, 1674, 75, 21, 0.5000, 1.3208, 1.0071, 0.8545, 0.1500, 188.50
1083, 1620, 121, 9, 0.7381, 34.6188, 22.3623, -26.4270, 0.5167, 154.81
1083, 1643, 48, 100, 0.7381, 24.0610, 17.7587, 16.2346, 0.5167, 189.71
1083, 1674, 75, 35, 0.6556, 8.6919, 0.4557, 8.6799, 0.2622, 193.62
1083, 1675, 45, 28, 0.8778, 27.7886, -26.6582, -7.8454, 0.7022, 193.50
1083, 1679, 124, 108, 0.7667, 2.9754, -2.1784, 2.0267, 0.4600, 113.50
1083, 1681, 28, 75, 0.7111, 25.2520, -5.2632, 24.6975, 0.3556, 209.50
1083, 1686, 42, 25, 0.6000, 29.7842, -26.1211, -14.3103, 0.1800, 213.00
1083, 1562, 18, -41, 0.5000, 52.0044, -8.4182, -51.3185, 0.3000, 170.58
1083, 1670, 66, 4, 0.6111, 12.0709, 11.8178, -2.4592, 0.3056, 217.20
1083, 1682, 151, -10, 0.5000, 43.4049, 37.7392, -21.4414, 0.1500, 177.33
1083, 1690, 10, 3, 0.5000, 43.3860, -5.6115, -43.0216, 0.1500, 192.00
1083, 1693, -15, 81, 0.5000, 38.5614, -37.4101, -9.3525, 0.1500, 186.00
1084, 1620, 127, 5, 0.7951, 9.2529, 7.1416, -5.8834, 0.6361, 152.08
1084, 1670, 69, 5, 0.7667, 6.9445, 6.9136, -0.6544, 0.4600, 212.33
1084, 1674, 75, 38, 0.7111, 3.0791, 0.0688, 3.0784, 0.3556, 193.30
1084, 1681, 32, 92, 0.7667, 18.0615, 3.5872, 17.7016, 0.4600, 204.25
1084, 1686, 37, 23, 0.6556, 8.6301, -7.8463, -3.5936, 0.2622, 219.50
1084, 1693, 3, 88, 0.6556, 6.5874, -6.5873, -0.0272, 0.2622, 179.50
1085, 1672, 75, 26, 0.6000, 17.6787, 6.4273, 16.4690, 0.1800, 182.67
1085, 1686, 39, 24, 0.7111, 1.4514, 1.3335, 0.5729, 0.3556, 220.00
1085, 1670, 76, 4, 0.6667, 6.9445, 6.9136, -0.6544, 0.4000, 212.33
1085, 1674, 75, 41, 0.6111, 3.0791, 0.0688, 3.0784, 0.3056, 193.30
1085, 1681, 36, 110, 0.6667, 18.0615, 3.5872, 17.7016, 0.4000, 204.25
1085, 1693, -4, 88, 0.5556, 6.5874, -6.5873, -0.0272, 0.2222, 179.50
1086, 1670, 105, 17, 0.8222, 20.9666, 19.6216, 7.3887, 0.5756, 202.43
1086, 1672, 90, 39, 0.6556, 18.8481, 13.3187, 13.3365, 0.2622, 180.00
1086, 1694, 39, 63, 0.6000, 12.7924, 4.6765, -11.9070, 0.1800, 191.67
1086, 1695, 14, 108, 0.6556, 16.9614, -6.0382, 15.8502, 0.2622, 181.50
1086, 1699, 63, 57, 0.6000, 19.2807, -7.4820, 17.7698, 0.1800, 225.67
1086, 1681, 39, 128, 0.5667, 18.0615, 3.5872, 17.7016, 0.3400, 204.25
1087, 1627, 70, 41, 0.5625, 47.8469, 15.4193, -45.2943, 0.2250, 192.00
1087, 1672, 99, 77, 0.7111, 36.7798, 9.4005, 35.5582, 0.3556, 170.60
1087, 1686, 42, 25, 0.8222, 1.2104, 1.1949, 0.1934, 0.5756, 216.71
1087, 1694, 40, 61, 0.6556, 3.0016, 1.1109, -2.7885, 0.2622, 193.75
1087, 1699, 74, 78, 0.6556, 21.7866, 8.4714, 20.0721, 0.2622, 216.25
1087, 1703, 78, 41, 0.6000, 44.5132, -42.8338, -12.1113, 0.1800, 158.33
1087, 1695, 8, 124, 0.5556, 16.9614, -6.0382, 15.8502, 0.2222, 181.50
1088, 1627, 69, 4, 0.6222, 38.0112, 1.1848, -37.9927, 0.3111, 191.00
1088, 1686, 42, 26, 0.8778, 0.7692, 0.1914, 0.7450, 0.7022, 215.75
1088, 1694, 64, 61, 0.7111, 22.0626, 22.0440, -0.9057, 0.3556, 196.60
1088, 1699, 96, 83, 0.7111, 21.4252, 20.1291, 7.3388, 0.3556, 202.20
1088, 1703, 18, 42, 0.6556, 57.3556, -57.3542, -0.3908, 0.2622, 172.50
1089, 1686, 43, 26, 0.9333, 0.7276, 0.6894, 0.2326, 0.8400, 214.44
1089, 1689, 15, 34, 0.6000, 45.1668, -18.3753, -41.2599, 0.1800, 191.00
1089, 1692, 37, 78, 0.6000, 30.0909, -23.8378, -18.3637, 0.1800, 182.17
1089, 1627, 71, -34, 0.5222, 38.0112, 1.1848, -37.9927, 0.2611, 191.00
1089, 1694, 86, 60, 0.6111, 22.0626, 22.0440, -0.9057, 0.3056, 196.60
1089, 1699, 116, 91, 0.6111, 21.4252, 20.1291, 7.3388, 0.3056, 202.20
1089, 1703, -39, 42, 0.5556, 57.3556, -57.3542, -0.3908, 0.2222, 172.50
1090, 1669, 37, 33, 0.6000, 15.4956, 11.4177, 10.4762, 0.1800, 207.50
1090, 1686, 43, 27, 0.9889, 0.7999, 0.2103, 0.7718, 0.9889, 217.90
1090, 1692, 16, 64, 0.6556, 26.0895, -21.6061, -14.6232, 0.2622, 186.62
1090, 1614, 48, 113, 0.5400, 19.9191, 13.0935, 15.0110, 0.2700, 174.00
1090, 1659, 81, 78, 0.5625, 47.3121, -41.1041, 23.4282, 0.2250, 137.00
1090, 1710, 62, 58, 0.6000, 21.6367, 20.6225, -6.5468, 0.1800, 201.00
1090, 1689, -3, -7, 0.5000, 45.1668, -18.3753, -41.2599, 0.1500, 191.00
1091, 1669, 78, 37, 0.6556, 36.8168, 36.4484, 5.1951, 0.2622, 209.38
1091, 1686, 44, 26, 1.0000, 0.9562, 0.7727, -0.5632, 1.0000, 218.23
1091, 1692, 6, 24, 0.7111, 38.8783, -10.9329, -37.3095, 0.3556, 190.50
1091, 1697, 77, 10, 0.6000, 14.0880, -9.0385, -10.8063, 0.1800, 173.67
1091, 1700, 27, 28, 0.6000, 37.2429, -23.4892, -28.9014, 0.1800, 211.67
1091, 1659, 38, 79, 0.6222, 42.6904, -42.4754, 4.2791, 0.3111, 149.60
1091, 1708, 77, 44, 0.7056, 0.7357, -0.0048, 0.7357, 0.2822, 199.75
1091, 1710, 86, 25, 0.6556, 38.1516, 23.8722, -29.7601, 0.2622, 193.50
1091, 1711, 36, 41, 0.6000, 47.8411, -18.8455, -43.9729, 0.1800, 183.67
1092, 1669, 94, 40, 0.7111, 18.3313, 17.9743, 3.6000, 0.3556, 201.90
1092, 1678, 64, 66, 0.6000, 56.0998, 56.0266, -2.8654, 0.1800, 197.33
1092, 1686, 43, 27, 1.0000, 0.7490, -0.5600, 0.4974, 1.0000, 217.12
1092, 1697, 57, 8, 0.6556, 19.0580, -18.7604, -3.3550, 0.2622, 180.00
1092, 1700, 10, 8, 0.6556, 27.6549, -17.8917, -21.0874, 0.2622, 208.00
1092, 1705, 42, 6, 0.7056, 0.0430, 0.0239, -0.0358, 0.2822, 218.00
1092, 1614, 61, 126, 0.6000, 7.6958, 5.7607, 5.1029, 0.3600, 172.33
1092, 1659, 8, 71, 0.6806, 32.3352, -31.6027, -6.8436, 0.4083, 167.17
1092, 1707, 124, 29, 0.7056, 1.6771, 1.4955, 0.7590, 0.2822, 122.50
1092, 1708, 77, 45, 0.7611, 1.0094, -0.0079, 1.0093, 0.3806, 205.40
1092, 1711, 25, 19, 0.6556, 27.3430, -11.7699, -24.6802, 0.2622, 189.75
1092, 1692, -5, -13, 0.6111, 38.8783, -10.9329, -37.3095, 0.3056, 190.50
1092, 1710, 110, -5, 0.5556, 38.1516, 23.8722, -29.7601, 0.2222, 193.50
1093, 1678, 126, 57, 0.6556, 61.6819, 61.1136, -8.3534, 0.2622, 175.50
1093, 1681, 118, 120, 0.9333, 8.8212, 8.8210, -0.0543, 0.8400, 172.28
1093, 1686, 45, 28, 1.0000, 1.6609, 1.2935, 1.0418, 1.0000, 217.04
1093, 1697, 35, 13, 0.7111, 21.5220, -20.9880, 4.7645, 0.3556, 186.20
1093, 1701, 19, 65, 0.6000, 10.4546, -6.4040, -8.2637, 0.1800, 186.33
1093, 1705, 42, 6, 0.7611, 0.0350, 0.0194, -0.0291, 0.3806, 217.40
1093, 1708, 79, 46, 0.8167, 1.8482, 1.5265, 1.0421, 0.4900, 203.50
1093, 1662, 79, 81, 0.5625, 23.6555, 23.1880, -4.6797, 0.2250, 176.25
1093, 1669, 111, 44, 0.6111, 18.3313, 17.9743, 3.6000, 0.3056, 201.90
1093, 1700, -8, -13, 0.5556, 27.6549, -17.8917, -21.0874, 0.2222, 208.00
1093, 1614, 67, 131, 0.5000, 7.6958, 5.7607, 5.1029, 0.3000, 172.33
1093, 1707, 125, 30, 0.6056, 1.6771, 1.4955, 0.7590, 0.2422, 122.50
1093, 1711, 13, -6, 0.5556, 27.3430, -11.7699, -24.6802, 0.2222, 189.75
1094, 1686, 45, 29, 1.0000, 1.2004, 0.5181, 1.0829, 1.0000, 218.89
1094, 1697, 17, 4, 0.7667, 20.5015, -19.0290, -7.6295, 0.4600, 189.50
1094, 1701, 8, 41, 0.6556, 23.8026, -10.2909, -21.4630, 0.2622, 188.00
1094, 1705, 42, 5, 0.8167, 0.7702, 0.0039, -0.7702, 0.4900, 216.83
1094, 1707, 127, 10, 0.7111, 11.1788, 1.6350, -11.0586, 0.3556, 123.80
1094, 1708, 65, 50, 0.8222, 12.7694, -12.3368, 3.2957, 0.5756, 204.86
1094, 1678, 187, 49, 0.5556, 61.6819, 61.1136, -8.3534, 0.2222, 175.50
1095, 1686, 46, 29, 1.0000, 0.8273, 0.7954, 0.2275, 1.0000, 220.57
1095, 1701, 22, 16, 0.7111, 27.6540, 11.5477, -25.1276, 0.3556, 195.40
1095, 1705, 43, 5, 0.8722, 0.8132, 0.7590, -0.2920, 0.6106, 215.86
1095, 1697, -2, -3, 0.6667, 20.5015, -19.0290, -7.6295, 0.4000, 189.50
1095, 1707, 129, -1, 0.6111, 11.1788, 1.6350, -11.0586, 0.3056, 123.80
1096, 1686, 46, 29, 1.0000, 0.2150, 0.2037, -0.0687, 1.0000, 221.97
1096, 1701, 41, -1, 0.7667, 25.4954, 18.1346, -17.9207, 0.4600, 198.67
1096, 1705, 47, 13, 0.8778, 7.9292, 4.0749, 6.8020, 0.7022, 214.88
1096, 1662, 108, 85, 0.6222, 6.8661, 6.3917, 2.5079, 0.3111, 164.00
1096, 1716, 88, 37, 0.6000, 1.0419, 1.0419, 0.0000, 0.1800, 176.33
1097, 1639, 124, 63, 0.5625, 0.0095, -0.0035, -0.0088, 0.2250, 93.75
1097, 1686, 47, 30, 1.0000, 1.0477, 0.7497, 0.7319, 1.0000, 223.74
1097, 1698, 125, 30, 0.6000, 19.0112, 15.9748, 10.3069, 0.1800, 151.67
1097, 1662, 109, 85, 0.6806, 1.6370, 1.4915, 0.6747, 0.4083, 154.83
1097, 1716, 106, 38, 0.6556, 16.1941, 16.1763, 0.7590, 0.2622, 167.75
1097, 1705, 51, 19, 0.7778, 7.9292, 4.0749, 6.8020, 0.6222, 214.88
1098, 1639, 114, 67, 0.6222, 9.8029, -9.0471, 3.7744, 0.3111, 94.20
1098, 1686, 48, 30, 1.0000, 1.0555, 1.0206, 0.2691, 1.0000, 224.53
1098, 1716, 125, 32, 0.7111, 19.4845, 18.8153, -5.0627, 0.3556, 159.40
1098, 1698, 141, 41, 0.5000, 19.0112, 15.9748, 10.3069, 0.1500, 151.67
1098, 1705, 56, 26, 0.6778, 7.9292, 4.0749, 6.8020, 0.5422, 214.88
1099, 1686, 48, 30, 1.0000, 0.2639, 0.2638, -0.0045, 1.0000, 224.92
1099, 1613, 24, 69, 0.5400, 5.2692, -3.7299, 3.7218, 0.2700, 195.20
1099, 1662, 110, 86, 0.7951, 0.7671, 0.7498, 0.1618, 0.6361, 145.12
1099, 1639, 104, 71, 0.5222, 9.8029, -9.0471, 3.7744, 0.2611, 94.20
1099, 1705, 60, 33, 0.5778, 7.9292, 4.0749, 6.8020, 0.4622, 214.88
1099, 1716, 144, 27, 0.6111, 19.4845, 18.8153, -5.0627, 0.3056, 159.40
1100, 1686, 49, 31, 1.0000, 1.0341, 0.7277, 0.7347, 1.0000, 224.57
1100, 1698, 126, 66, 0.6556, 12.6455, -3.3226, 12.2012, 0.2622, 139.75
1100, 1705, 79, 41, 0.9333, 11.5461, 9.0399, 7.1827, 0.8400, 211.67
1100, 1614, 78, 116, 0.6587, 3.6902, 0.6421, -3.6340, 0.4611, 166.14
1100, 1613, 25, 69, 0.6000, 1.1715, 0.4297, 1.0899, 0.3600, 204.67
1100, 1724, 49, 82, 0.6556, 6.5290, -5.3129, -3.7949, 0.2622, 174.75
1100, 1730, 51, 77, 0.6000, 1.9180, 1.9174, -0.0469, 0.1800, 214.50
1100, 1716, 163, 22, 0.5111, 19.4845, 18.8153, -5.0627, 0.2556, 159.40
1101, 1676, 121, 33, 0.6000, 12.5572, 0.0071, -12.5572, 0.1800, 135.33
1101, 1686, 49, 31, 1.0000, 0.3594, 0.2331, 0.2736, 1.0000, 225.07
1101, 1688, 66, 2, 0.6000, 49.0290, -27.8623, -40.3428, 0.1800, 169.00
1101, 1698, 113, 87, 0.7111, 23.4420, -11.7938, 20.2592, 0.3556, 133.60
1101, 1705, 81, 55, 0.9889, 13.9125, 2.4505, 13.6950, 0.9889, 211.80
1101, 1613, 28, 69, 0.7087, 2.1718, 2.1701, -0.0849, 0.4961, 211.57
1101, 1713, 7, 37, 0.6000, 68.2112, -57.3164, 36.9811, 0.1800, 192.33
1101, 1728, 85, 38, 0.6000, 18.4813, -12.6118, 13.5093, 0.1800, 166.33
1101, 1731, 21, 90, 0.6000, 11.4769, -10.5225, -4.5824, 0.1800, 173.33
1101, 1724, 44, 78, 0.5556, 6.5290, -5.3129, -3.7949, 0.2222, 174.75
1101, 1730, 53, 77, 0.5000, 1.9180, 1.9174, -0.0469, 0.1500, 214.50
1102, 1639, 76, 88, 0.6806, 10.9958, -9.4804, 5.5705, 0.4083, 106.33
1102, 1673, 125, 31, 0.6556, 8.6235, -0.5380, 8.6067, 0.2622, 120.25
1102, 1685, 100, 34, 0.6000, 4.9064, 4.8111, -0.9622, 0.1800, 166.67
1102, 1686, 50, 31, 1.0000, 0.7497, 0.7497, -0.0016, 1.0000, 225.57
1102, 1613, 30, 69, 0.7667, 2.3018, 2.2938, -0.1912, 0.6133, 216.62
1102, 1724, 28, 83, 0.7111, 11.0627, -11.0039, 1.1394, 0.3556, 175.60
1102, 1730, 55, 86, 0.7056, 5.2844, 2.0415, 4.8742, 0.2822, 204.88
1102, 1731, 20, 89, 0.6556, 3.1472, -2.8573, -1.3192, 0.2622, 177.00
1102, 1676, 121, 21, 0.5000, 12.5572, 0.0071, -12.5572, 0.1500, 135.33
1102, 1688, 38, -39, 0.5000, 49.0290, -27.8623, -40.3428, 0.1500, 169.00
1102, 1713, -50, 74, 0.5000, 68.2112, -57.3164, 36.9811, 0.1500, 192.33
1102, 1728, 72, 51, 0.5000, 18.4813, -12.6118, 13.5093, 0.1500, 166.33
1103, 1673, 118, 36, 0.7111, 7.9363, -6.4255, 4.6581, 0.3556, 130.40
1103, 1686, 38, 19, 1.0000, 14.9227, -10.4043, -10.6976, 1.0000, 224.80
1103, 1613, 32, 69, 0.8241, 2.0882, 2.0874, -0.0606, 0.7417, 220.44
1103, 1722, 22, 11, 0.6000, 70.3561, -34.3318, -61.4110, 0.1800, 191.33
1103, 1728, 66, 55, 0.6556, 12.2841, -9.2287, 8.1074, 0.2622, 171.50
1103, 1730, 55, 87, 0.7611, 1.3846, 0.4457, 1.3109, 0.3806, 198.90
1103, 1731, 20, 90, 0.7111, 0.3491, 0.3293, 0.1159, 0.3556, 179.20
1103, 1733, 119, 32, 0.6000, 1.7526, -0.1445, -1.7466, 0.1800, 133.00
1103, 1737, 109, 90, 0.6000, 61.8883, 60.2225, -14.2622, 0.1800, 142.00
1103, 1685, 105, 33, 0.5000, 4.9064, 4.8111, -0.9622, 0.1500, 166.67
1103, 1724, 17, 84, 0.6111, 11.0627, -11.0039, 1.1394, 0.3056, 175.60
1104, 1673, 119, 53, 0.7667, 15.8836, -0.0130, 15.8836, 0.4600, 125.67
1104, 1685, 100, 34, 0.6556, 0.2766, -0.2713, 0.0543, 0.2622, 164.50
1104, 1613, 34, 69, 0.8811, 1.9905, 1.9905, 0.0047, 0.8811, 223.90
1104, 1730, 55, 86, 0.8167, 0.2281, -0.1198, -0.1941, 0.4900, 195.08
1104, 1731, 21, 90, 0.7667, 0.5911, 0.5418, 0.2364, 0.4600, 180.67
1104, 1733, 115, 34, 0.7056, 3.4616, -3.0023, 1.7231, 0.2822, 137.25
1104, 1722, -12, -51, 0.5000, 70.3561, -34.3318, -61.4110, 0.1500, 191.33
1104, 1724, 6, 85, 0.5111, 11.0627, -11.0039, 1.1394, 0.2556, 175.60
1104, 1728, 57, 63, 0.5556, 12.2841, -9.2287, 8.1074, 0.2222, 171.50
1104, 1737, 169, 76, 0.5000, 61.8883, 60.2225, -14.2622, 0.1500, 142.00
1105, 1685, 100, 34, 0.7111, 0.3329, -0.3264, 0.0653, 0.3556, 162.80
1105, 1613, 36, 69, 0.9379, 1.9837, 1.9836, 0.0107, 0.9379, 226.73
1105, 1720, 52, 32, 0.7056, 0.7492, 0.7487, -0.0285, 0.2822, 219.25
1105, 1728, 58, 78, 0.7111, 12.1312, -3.2741, 11.6811, 0.3556, 179.20
1105, 1730, 55, 86, 0.8722, 0.2794, -0.1079, -0.2577, 0.6106, 192.36
1105, 1733, 114, 36, 0.7611, 2.4696, -1.8535, 1.6320, 0.3806, 139.60
1105, 1734, 42, 35, 0.6000, 39.2558, -38.9115, -5.1882, 0.1800, 187.00
1105, 1673, 119, 69, 0.6667, 15.8836, -0.0130, 15.8836, 0.4000, 125.67
1105, 1731, 22, 90, 0.6667, 0.5911, 0.5418, 0.2364, 0.4000, 180.67
1106, 1672, 52, 1, 1.0000, 1.2068, 0.5378, 1.0803, 1.0000, 186.82
1106, 1685, 103, 34, 0.8167, 2.2196, 2.2195, 0.0167, 0.4900, 160.67
1106, 1613, 38, 69, 0.9944, 1.9951, 1.9951, 0.0034, 0.9944, 228.92
1106, 1712, 45, 3, 0.6000, 8.1103, -7.5979, -2.8371, 0.1800, 205.67
1106, 1720, 52, 33, 0.7611, 0.7912, 0.2721, 0.7430, 0.3806, 225.60
1106, 1728, 57, 80, 0.7667, 2.7619, -0.3887, 2.7344, 0.4600, 182.28
1106, 1730, 55, 86, 0.9278, 0.0740, -0.0237, -0.0701, 0.7422, 190.31
1106, 1731, 21, 90, 0.8222, 0.0369, -0.0348, -0.0123, 0.5756, 181.71
1106, 1733, 112, 37, 0.8167, 2.1268, -1.7981, 1.1357, 0.4900, 143.67
1106, 1671, 36, 21, 0.5625, 41.4212, -41.1511, -4.7232, 0.2250, 181.50
1106, 1734, 3, 29, 0.5000, 39.2558, -38.9115, -5.1882, 0.1500, 187.00
1107, 1613, 40, 69, 1.0000, 2.0005, 2.0005, -0.0002, 1.0000, 230.54
1107, 1720, 52, 33, 0.8167, 0.2876, -0.0054, 0.2876, 0.4900, 222.50
1107, 1728, 58, 83, 0.8222, 3.2381, 0.3230, 3.2220, 0.5756, 184.67
1107, 1685, 105, 34, 0.7167, 2.2196, 2.2195, 0.0167, 0.4300, 160.67
1107, 1712, 38, 0, 0.5000, 8.1103, -7.5979, -2.8371, 0.1500, 205.67
1107, 1730, 55, 86, 0.8278, 0.0740, -0.0237, -0.0701, 0.6622, 190.31
1107, 1733, 110, 38, 0.7167, 2.1268, -1.7981, 1.1357, 0.4300, 143.67
1108, 1613, 42, 69, 1.0000, 2.0009, 2.0009, -0.0006, 1.0000, 232.29
1108, 1712, 44, 2, 0.6556, 0.5591, 0.3916, -0.3990, 0.2622, 210.50
1108, 1720, 54, 33, 0.8722, 1.4791, 1.4791, 0.0029, 0.6106, 222.57
1108, 1728, 59, 83, 0.8778, 1.2375, 0.9468, 0.7968, 0.7022, 183.33
1108, 1730, 63, 79, 0.9333, 5.8668, 4.4336, -3.8423, 0.8400, 193.72
1108, 1733, 109, 38, 0.8722, 1.5114, -1.4627, 0.3806, 0.6106, 146.00
1108, 1685, 107, 34, 0.6167, 2.2196, 2.2195, 0.0167, 0.3700, 160.67
1109, 1613, 44, 69, 1.0000, 2.0003, 2.0003, -0.0002, 1.0000, 233.80
1109, 1720, 54, 34, 0.9278, 0.9189, 0.5769, 0.7153, 0.7422, 225.12
1109, 1728, 56, 86, 0.9333, 3.5300, -2.7945, 2.1568, 0.8400, 182.41
1109, 1733, 107, 39, 0.9278, 2.0374, -1.8641, 0.8223, 0.7422, 147.00
1109, 1742, 37, 105, 0.6000, 31.3901, 25.1755, -18.7492, 0.1800, 157.33
1109, 1685, 109, 34, 0.5167, 2.2196, 2.2195, 0.0167, 0.3100, 160.67
1109, 1712, 45, 1, 0.5556, 0.5591, 0.3916, -0.3990, 0.2222, 210.50
1109, 1730, 67, 75, 0.8333, 5.8668, 4.4336, -3.8423, 0.7500, 193.72
1110, 1685, 109, 33, 0.8722, 1.4763, 1.4385, -0.3321, 0.6106, 159.29
1110, 1613, 46, 69, 1.0000, 2.0000, 2.0000, 0.0000, 1.0000, 235.12
1110, 1712, 51, 0, 0.7111, 3.7281, 3.5978, -0.9771, 0.3556, 209.20
1110, 1720, 54, 35, 0.9833, 1.0339, 0.0108, 1.0339, 0.8850, 228.44
1110, 1728, 41, 81, 0.9889, 14.1211, -13.5531, -3.9647, 0.9889, 181.37
1110, 1730, 84, 65, 0.9889, 13.6302, 11.3725, -7.5132, 0.9889, 191.85
1110, 1733, 94, 59, 0.9333, 21.5592, -12.0039, 17.9083, 0.8400, 157.11
1110, 1742, 65, 80, 0.6556, 36.8964, 28.0787, -23.9360, 0.2622, 162.00
1110, 1680, 87, 71, 0.5625, 37.7271, -16.8345, -33.7629, 0.2250, 120.25
1110, 1743, 56, 2, 0.6000, 0.9822, 0.9822, 0.0000, 0.1800, 217.00
1110, 1746, 21, 90, 0.6000, 0.8883, 0.0000, -0.8883, 0.1800, 185.22
1111, 1685, 114, 24, 0.8778, 9.5531, 4.4184, -8.4699, 0.7022, 157.25
1111, 1613, 48, 69, 1.0000, 1.9999, 1.9999, 0.0000, 1.0000, 236.00
1111, 1720, 54, 35, 1.0000, 0.3187, -0.0811, 0.3082, 1.0000, 229.00
1111, 1680, 90, 29, 0.6222, 40.3696, 0.5687, -40.3656, 0.3111, 136.20
1111, 1683, 74, 105, 0.5625, 68.1154, -2.7886, 68.0583, 0.2250, 179.50
1111, 1743, 57, 2, 0.7056, 1.0119, 1.0119, 0.0000, 0.2822, 216.50
1111, 1746, 4, 96, 0.6556, 15.9072, -15.0955, 5.0167, 0.2622, 182.67
1111, 1712, 54, -1, 0.6111, 3.7281, 3.5978, -0.9771, 0.3056, 209.20
1111, 1728, 27, 77, 0.8889, 14.1211, -13.5531, -3.9647, 0.8889, 181.37
1111, 1742, 94, 56, 0.5556, 36.8964, 28.0787, -23.9360, 0.2222, 162.00
1112, 1613, 39, 65, 1.0000, 8.4591, -7.6090, -3.6958, 1.0000, 234.33
1112, 1720, 55, 36, 1.0000, 1.0061, 0.7088, 0.7140, 1.0000, 230.18
1112, 1728, 21, 89, 1.0000, 10.9976, -9.5898, 5.3834, 1.0000, 181.88
1112, 1680, 91, 16, 0.6806, 15.7805, 0.8892, -15.7554, 0.4083, 141.33
1112, 1684, 96, 90, 0.5625, 0.9659, 0.9626, 0.0794, 0.2250, 134.00
1112, 1743, 49, 19, 0.7111, 16.6473, -6.6286, 15.2707, 0.3556, 213.40
1112, 1746, 0, 98, 0.7111, 5.1712, -4.7852, 1.9605, 0.3556, 180.33
1112, 1685, 118, 16, 0.7778, 9.5531, 4.4184, -8.4699, 0.6222, 157.25
1112, 1712, 58, -2, 0.5111, 3.7281, 3.5978, -0.9771, 0.2556, 209.20
1113, 1709, 33, 5, 0.6000, 50.6389, -37.6876, -33.8222, 0.1800, 229.67
1113, 1720, 54, 37, 1.0000, 1.0783, -0.4352, 0.9866, 1.0000, 230.92
1113, 1736, 52, 70, 0.6000, 1.8676, 1.8675, -0.0238, 0.1800, 236.33
1113, 1684, 96, 91, 0.6722, 0.7802, 0.2544, 0.7376, 0.3361, 133.80
1113, 1746, 2, 97, 0.7667, 1.1390, 1.1389, 0.0167, 0.4600, 179.94
1113, 1685, 122, 7, 0.6778, 9.5531, 4.4184, -8.4699, 0.5422, 157.25
1113, 1613, 31, 61, 0.9000, 8.4591, -7.6090, -3.6958, 0.9000, 234.33
1113, 1743, 43, 34, 0.6111, 16.6473, -6.6286, 15.2707, 0.3056, 213.40
1114, 1712, 60, 3, 0.7667, 2.2934, 1.9298, 1.2392, 0.4600, 207.83
1114, 1720, 54, 37, 1.0000, 0.4189, -0.2893, 0.3029, 1.0000, 229.23
1114, 1736, 54, 70, 0.7056, 2.0591, 2.0591, 0.0103, 0.2822, 240.25
1114, 1684, 97, 91, 0.7306, 0.7748, 0.7290, 0.2624, 0.4383, 132.83
1114, 1746, 8, 112, 0.8222, 13.9332, 5.7143, 12.7075, 0.5756, 176.24
1114, 1685, 127, -1, 0.5778, 9.5531, 4.4184, -8.4699, 0.4622, 157.25
1114, 1709, -4, -29, 0.5000, 50.6389, -37.6876, -33.8222, 0.1500, 229.67
1115, 1712, 61, 10, 0.8222, 7.0579, 1.1158, 6.9691, 0.5756, 205.29
1115, 1720, 54, 38, 1.0000, 0.7097, -0.0555, 0.7075, 1.0000, 226.93
1115, 1736, 56, 71, 0.7611, 2.1794, 2.0389, 0.7699, 0.3806, 243.20
1115, 1684, 99, 92, 0.7881, 1.9246, 1.7695, 0.7569, 0.5517, 130.57
1115, 1746, 14, 124, 0.7222, 13.9332, 5.7143, 12.7075, 0.5056, 176.24
1116, 1685, 127, 14, 0.9333, 2.1275, 2.1271, 0.0406, 0.8400, 157.89
1116, 1712, 75, 17, 0.8778, 14.1906, 12.4243, 6.8563, 0.7022, 202.00
1116, 1720, 54, 38, 1.0000, 0.2569, 0.0210, 0.2560, 1.0000, 226.27
1116, 1736, 58, 71, 0.8167, 2.0274, 2.0062, 0.2921, 0.4900, 245.17
1116, 1684, 99, 92, 0.8451, 0.6282, 0.5750, 0.2531, 0.6761, 129.50
1116, 1752, 68, 87, 0.6000, 2.1127, 1.8705, 0.9822, 0.1800, 170.83
1117, 1712, 90, 41, 0.9333, 26.8887, 15.1599, 22.2076, 0.8400, 198.89
1117, 1720, 54, 39, 1.0000, 0.7233, 0.0178, 0.7231, 1.0000, 225.06
1117, 1736, 60, 72, 0.8722, 2.1369, 1.9968, 0.7611, 0.6106, 246.29
1117, 1684, 100, 93, 0.9019, 1.0374, 0.7225, 0.7445, 0.8117, 129.44
1117, 1751, 62, 79, 0.6000, 13.3468, -13.3166, -0.8974, 0.1800, 185.67
1117, 1752, 75, 86, 0.6556, 6.5809, 6.5620, -0.4976, 0.2622, 170.62
1118, 1720, 55, 40, 1.0000, 1.2303, 0.7228, 0.9955, 1.0000, 223.41
1118, 1736, 62, 72, 0.9278, 2.0139, 1.9978, 0.2539, 0.7422, 247.12
1118, 1739, 56, 30, 0.6000, 43.4730, 39.6098, -17.9154, 0.1800, 195.67
1118, 1684, 100, 93, 0.9583, 0.3262, 0.2010, 0.2569, 0.9583, 127.70
1118, 1752, 79, 82, 0.7111, 6.0762, 4.4574, -4.1294, 0.3556, 175.10
1118, 1751, 49, 78, 0.5000, 13.3468, -13.3166, -0.8974, 0.1500, 185.67
1119, 1720, 55, 40, 1.0000, 0.4571, 0.3185, 0.3278, 1.0000, 223.44
1119, 1729, 65, 5, 0.6000, 45.2265, -9.6158, -44.1925, 0.1800, 199.67
1119, 1736, 64, 73, 0.9833, 2.1323, 1.9996, 0.7404, 0.8850, 247.67
1119, 1739, 73, 5, 0.6556, 31.5065, 20.3781, -24.0290, 0.2622, 195.25
1119, 1684, 101, 94, 1.0000, 1.0334, 0.7211, 0.7402, 1.0000, 127.82
1119, 1758, 69, 90, 0.6000, 46.7626, 46.7626, 0.0000, 0.1800, 180.00
1119, 1760, 21, 90, 0.6000, 14.0383, 11.2700, -8.3703, 0.1800, 174.67
1119, 1752, 84, 78, 0.6111, 6.0762, 4.4574, -4.1294, 0.3056, 175.10
1120, 1720, 56, 41, 1.0000, 1.0157, 0.7377, 0.6982, 1.0000, 224.42
1120, 1736, 71, 88, 0.9889, 15.1709, 6.4855, 13.7148, 0.9889, 239.40
1120, 1684, 102, 94, 1.0000, 1.0397, 1.0061, 0.2622, 1.0000, 127.25
1120, 1751, 21, 90, 0.6556, 14.5595, -13.8127, 4.6032, 0.2622, 186.50
1120, 1752, 89, 48, 0.7667, 19.3524, 4.8355, -18.7385, 0.4600, 180.25
1120, 1755, 117, 42, 0.6556, 26.2473, 8.2929, 24.9027, 0.2622, 141.50
1120, 1760, 62, 74, 0.6556, 40.0934, 37.1032, -15.1933, 0.2622, 194.25
1120, 1715, 61, 32, 0.5625, 19.6625, -17.7698, -8.4173, 0.2250, 187.75
1120, 1729, 56, -39, 0.5000, 45.2265, -9.6158, -44.1925, 0.1500, 199.67
1120, 1739, 94, -19, 0.5556, 31.5065, 20.3781, -24.0290, 0.2222, 195.25
1120, 1758, 116, 90, 0.5000, 46.7626, 46.7626, 0.0000, 0.1500, 180.00
1121, 1720, 56, 41, 1.0000, 0.3889, 0.2846, 0.2651, 1.0000, 223.68
1121, 1684, 103, 95, 1.0000, 1.2775, 1.0445, 0.7355, 1.0000, 126.04
1121, 1751, 19, 91, 0.7111, 2.7459, -2.5535, 1.0097, 0.3556, 186.80
1121, 1754, 23, 64, 0.6000, 18.8393, -14.1912, 12.3906, 0.1800, 197.67
1121, 1755, 104, 65, 0.7111, 25.9653, -10.7077, 23.6547, 0.3556, 149.20
1121, 1760, 89, 49, 0.7111, 37.2471, 28.1948, -24.3392, 0.3556, 192.40
1121, 1763, 126, 30, 0.6000, 6.5939, 0.0469, 6.5937, 0.1800, 128.00
1121, 1736, 78, 102, 0.8889, 15.1709, 6.4855, 13.7148, 0.8889, 239.40
1122, 1720, 57, 42, 1.0000, 1.0064, 0.7129, 0.7104, 1.0000, 223.50
1122, 1736, 51, 123, 1.0000, 21.4120, -12.1390, 17.6385, 1.0000, 231.18
1122, 1680, 13, 0, 1.0000, 10.8233, -10.6926, -1.6773, 1.0000, 175.46
1122, 1684, 97, 91, 1.0000, 5.9376, -4.8621, -3.4080, 1.0000, 125.75
1122, 1754, 13, 86, 0.6556, 24.2651, -11.3374, 21.4537, 0.2622, 191.25
1122, 1755, 87, 82, 0.7667, 23.7964, -15.9921, 17.6216, 0.4600, 151.17
1122, 1758, 106, 95, 0.6556, 4.8773, 4.4426, 2.0128, 0.2622, 163.75
1122, 1715, 43, 1, 0.6222, 18.4785, -7.6638, -16.8143, 0.3111, 193.40
1122, 1765, 69, 4, 0.6000, 1.9174, 1.9174, 0.0000, 0.1800, 198.00
1122, 1763, 126, 36, 0.5000, 6.5939, 0.0469, 6.5937, 0.1500, 128.00
1123, 1720, 58, 41, 1.0000, 1.0657, 0.9836, -0.4100, 1.0000, 222.48
1123, 1747, 52, 109, 0.6000, 44.0158, -41.6586, -14.2109, 0.1800, 120.33
1123, 1754, 1, 99, 0.7111, 17.4505, -11.4636, 13.1570, 0.3556, 186.40
1123, 1755, 75, 95, 0.8222, 17.9049, -12.1391, 13.1616, 0.5756, 151.57
1123, 1758, 105, 96, 0.7111, 1.3199, -0.4374, 1.2453, 0.3556, 153.80
1123, 1765, 70, 4, 0.7056, 1.2739, 1.2739, 0.0000, 0.2822, 205.25
1123, 1767, 72, 74, 0.6000, 1.9649, 1.9644, 0.0469, 0.1800, 254.00
1123, 1684, 92, 87, 0.9000, 5.9376, -4.8621, -3.4080, 0.9000, 125.75
1123, 1715, 36, -16, 0.5222, 18.4785, -7.6638, -16.8143, 0.2611, 193.40
1124, 1720, 58, 43, 1.0000, 1.1306, 0.3461, 1.0763, 1.0000, 223.46
1124, 1747, 3, 98, 0.6556, 49.4621, -48.0882, -11.5769, 0.2622, 131.50
1124, 1761, 97, 7, 0.6000, 10.9956, 6.2507, -9.0461, 0.1800, 162.67
1124, 1765, 71, 4, 0.7611, 0.9804, 0.9804, 0.0000, 0.3806, 204.60
1124, 1766, 52, 25, 0.6000, 22.0448, -8.7521, 20.2331, 0.1800, 199.33
1124, 1767, 74, 74, 0.7056, 2.0239, 2.0238, -0.0048, 0.2822, 254.25
1124, 1721, 75, 61, 0.5625, 14.8529, -8.4642, 12.2052, 0.2250, 201.75
1124, 1723, 49, 66, 0.5625, 20.4262, -5.6115, -19.6403, 0.2250, 183.00
1124, 1754, -10, 112, 0.6111, 17.4505, -11.4636, 13.1570, 0.3056, 186.40
1124, 1755, 63, 108, 0.7222, 17.9049, -12.1391, 13.1616, 0.5056, 151.57
1125, 1720, 59, 43, 1.0000, 0.9033, 0.6906, 0.5824, 1.0000, 223.98
1125, 1750, 80, 52, 0.6000, 71.0856, 50.2773, 50.2530, 0.1800, 212.33
1125, 1764, 89, 74, 0.6000, 73.5098, 27.5585, 68.1485, 0.1800, 181.67
1125, 1765, 71, 4, 0.8167, 0.1882, 0.1882, 0.0000, 0.4900, 202.17
1125, 1767, 77, 75, 0.7611, 2.8779, 2.7770, 0.7556, 0.3806, 253.80
1125, 1723, 37, 50, 0.6222, 19.6913, -11.3836, -16.0673, 0.3111, 189.20
1125, 1768, 94, 4, 0.6000, 11.2230, -11.2230, 0.0000, 0.1800, 156.67
1125, 1769, 105, 11, 0.6000, 1.9226, -1.9174, 0.1408, 0.1800, 163.50
1125, 1747, -45, 86, 0.5556, 49.4621, -48.0882, -11.5769, 0.2222, 131.50
1125, 1754, -22, 125, 0.5111, 17.4505, -11.4636, 13.1570, 0.2556, 186.40
1125, 1755, 51, 121, 0.6222, 17.9049, -12.1391, 13.1616, 0.4356, 151.57
1125, 1761, 104, -2, 0.5000, 10.9956, 6.2507, -9.0461, 0.1500, 162.67
1125, 1766, 43, 45, 0.5000, 22.0448, -8.7521, 20.2331, 0.1500, 199.33
1126, 1720, 59, 43, 1.0000, 0.2927, 0.2751, 0.0998, 1.0000, 224.58
1126, 1738, 78, 41, 0.6000, 39.8343, 37.2946, 13.9959, 0.1800, 205.67
1126, 1714, 106, 19, 0.5625, 66.6300, 65.1910, 13.7728, 0.2250, 196.25
1126, 1762, 17, 110, 0.6000, 21.9397, -14.5840, -16.3908, 0.1800, 155.00
1126, 1767, 92, 80, 0.7667, 14.5969, 13.7587, 4.8752, 0.4600, 236.75
1126, 1721, 78, 97, 0.6222, 18.4032, 2.6362, 18.2134, 0.3111, 191.40
1126, 1726, 6, 108, 0.5625, 6.1647, -5.2959, 3.1556, 0.2250, 166.50
1126, 1769, 106, 12, 0.7056, 0.7770, 0.2357, 0.7404, 0.2822, 162.38
1126, 1750, 130, 102, 0.5000, 71.0856, 50.2773, 50.2530, 0.1500, 212.33
1126, 1755, 39, 134, 0.5222, 17.9049, -12.1391, 13.1616, 0.3656, 151.57
1126, 1764, 117, 142, 0.5000, 73.5098, 27.5585, 68.1485, 0.1500, 181.67
1126, 1765, 71, 4, 0.7167, 0.1882, 0.1882, 0.0000, 0.4300, 202.17
1126, 1723, 26, 34, 0.5222, 19.6913, -11.3836, -16.0673, 0.2611, 189.20
1126, 1768, 82, 4, 0.5000, 11.2230, -11.2230, 0.0000, 0.1500, 156.67
1127, 1720, 60, 44, 1.0000, 0.9417, 0.6986, 0.6314, 1.0000, 225.75
1127, 1738, 112, 46, 0.6556, 34.2611, 33.6661, 6.3576, 0.2622, 184.00
1127, 1761, 100, 2, 0.6556, 0.2655, -0.2646, -0.0215, 0.2622, 173.00
1127, 1763, 112, 51, 0.6556, 4.0261, -3.1555, 2.5005, 0.2622, 133.25
1127, 1766, 46, 61, 0.6556, 10.3001, -0.5392, 10.2859, 0.2622, 201.50
1127, 1721, 80, 100, 0.6806, 4.6625, 1.9442, 4.2379, 0.4083, 183.00
1127, 1723, 22, 30, 0.6806, 11.9111, -7.0858, -9.5742, 0.4083, 192.67
1127, 1769, 105, 13, 0.7611, 1.1026, -0.4255, 1.0172, 0.3806, 160.20
1127, 1773, 80, 73, 0.6000, 17.5777, 13.3166, 11.4736, 0.1800, 204.00
1127, 1762, 3, 94, 0.5000, 21.9397, -14.5840, -16.3908, 0.1500, 155.00
1127, 1765, 72, 4, 0.6167, 0.1882, 0.1882, 0.0000, 0.3700, 202.17
1128, 1720, 50, 56, 1.0000, 12.5312, -7.8334, 9.7811, 1.0000, 225.06
1128, 1738, 117, 51, 0.7111, 9.4848, 8.0524, 5.0121, 0.3556, 177.20
1128, 1745, 5, 99, 0.6000, 33.7861, -3.8407, 33.5671, 0.1800, 179.83
1128, 1761, 98, 5, 0.7111, 3.2969, -1.8743, 2.7123, 0.3556, 170.40
1128, 1762, 1, 91, 0.6556, 11.5330, -7.0336, -9.1399, 0.2622, 158.25
1128, 1763, 86, 55, 0.7111, 26.1872, -25.9131, 3.7792, 0.3556, 146.40
1128, 1765, 75, 5, 0.8722, 1.5883, 1.5345, 0.4099, 0.6106, 199.86
1128, 1721, 81, 99, 0.7381, 1.1408, 1.1225, -0.2035, 0.5167, 176.14
1128, 1768, 68, 1, 0.6556, 8.0331, -7.9418, -1.2077, 0.2622, 165.75
1128, 1769, 104, 15, 0.8167, 2.0482, -0.9610, 1.8088, 0.4900, 164.83
1128, 1704, 86, 64, 0.5625, 21.0553, -21.0368, -0.8832, 0.2250, 153.25
1128, 1770, 53, 1, 0.6000, 27.1665, 25.6909, -8.8315, 0.1800, 213.00
1128, 1773, 88, 88, 0.6556, 16.6294, 8.6576, 14.1980, 0.2622, 188.75
1128, 1766, 45, 72, 0.5556, 10.3001, -0.5392, 10.2859, 0.2222, 201.50
1129, 1753, 84, 43, 0.6000, 32.8047, -31.9317, 7.5175, 0.1800, 149.33
1129, 1763, 61, 46, 0.7667, 25.9514, -24.8780, -7.3864, 0.4600, 157.17
1129, 1765, 55, 24, 0.8778, 25.4922, -18.2125, 17.8369, 0.7022, 199.12
1129, 1766, 22, 90, 0.7111, 20.1267, -13.6723, 14.7700, 0.3556, 199.00
1129, 1768, 52, 3, 0.7111, 15.3037, -15.2417, 1.3760, 0.3556, 174.00
1129, 1769, 103, 16, 0.8722, 1.6876, -1.0687, 1.3061, 0.6106, 168.00
1129, 1770, 76, 3, 0.6556, 23.2969, 23.2744, 1.0243, 0.2622, 210.75
1129, 1772, 26, 18, 0.6000, 42.4465, -33.7843, -25.6968, 0.1800, 219.67
1129, 1773, 90, 90, 0.7111, 4.7539, 2.9569, 3.7224, 0.3556, 181.40
1129, 1738, 125, 56, 0.6111, 9.4848, 8.0524, 5.0121, 0.3056, 177.20
1129, 1745, 1, 132, 0.5000, 33.7861, -3.8407, 33.5671, 0.1500, 179.83
1129, 1762, -6, 81, 0.5556, 11.5330, -7.0336, -9.1399, 0.2222, 158.25
1130, 1753, 69, 41, 0.6556, 16.7563, -16.7559, -0.1118, 0.2622, 163.50
1130, 1762, 1, 83, 0.7111, 3.3220, 1.0893, -3.1383, 0.3556, 158.40
1130, 1769, 102, 18, 0.9278, 2.0409, -1.0321, 1.7607, 0.7422, 167.38
1130, 1704, 56, 69, 0.6222, 14.8644, -14.6088, 2.7448, 0.3111, 159.80
1130, 1773, 108, 98, 0.7667, 17.7072, 15.9169, 7.7587, 0.4600, 168.17
1130, 1725, 88, 75, 0.5625, 2.9878, 2.8527, 0.8883, 0.2250, 233.25
1130, 1768, 37, 4, 0.6111, 15.3037, -15.2417, 1.3760, 0.3056, 174.00
1130, 1770, 100, 4, 0.5556, 23.2969, 23.2744, 1.0243, 0.2222, 210.75
1130, 1772, -7, -8, 0.5000, 42.4465, -33.7843, -25.6968, 0.1500, 219.67
1131, 1768, 13, 15, 0.7667, 21.0909, -20.0076, 6.6725, 0.4600, 179.50
1131, 1769, 101, 19, 0.9833, 1.6037, -1.0025, 1.2518, 0.8850, 168.11
1131, 1770, 81, 6, 0.7111, 1.7292, -1.0207, 1.3959, 0.3556, 209.80
1131, 1772, 18, 3, 0.6556, 5.2165, -0.5422, -5.1883, 0.2622, 218.50
1131, 1725, 101, 81, 0.6222, 13.3145, 12.1026, 5.5501, 0.3111, 215.80
1131, 1753, 53, 41, 0.5556, 16.7563, -16.7559, -0.1118, 0.2222, 163.50
1131, 1762, 3, 79, 0.6111, 3.3220, 1.0893, -3.1383, 0.3056, 158.40
1131, 1704, 41, 71, 0.5222, 14.8644, -14.6088, 2.7448, 0.2611, 159.80
1131, 1773, 123, 106, 0.6667, 17.7072, 15.9169, 7.7587, 0.4000, 168.17
1132, 1753, 42, 47, 0.7111, 13.7558, -13.3874, 3.1622, 0.3556, 172.40
1132, 1763, 63, 45, 0.9333, 1.6825, 1.6294, 0.4193, 0.8400, 182.11
1132, 1726, 1, 120, 0.6222, 1.7580, 0.6935, 1.6155, 0.3111, 163.40
1132, 1769, 100, 21, 1.0000, 2.0047, -0.9963, 1.7396, 1.0000, 166.50
1132, 1704, 41, 53, 0.6806, 11.2990, -5.8856, -9.6450, 0.4083, 167.17
1132, 1725, 112, 98, 0.6806, 19.1125, 10.9464, 15.6673, 0.4083, 200.33
1132, 1762, 4, 76, 0.5111, 3.3220, 1.0893, -3.1383, 0.2556, 158.40
1132, 1768, -7, 21, 0.6667, 21.0909, -20.0076, 6.6725, 0.4000, 179.50
1132, 1772, 17, -3, 0.5556, 5.2165, -0.5422, -5.1883, 0.2222, 218.50
1133, 1726, 0, 107, 0.6806, 13.0187, -0.7361, -12.9978, 0.4083, 163.17
1133, 1768, 6, 17, 0.8222, 1.3647, -1.2448, 0.5592, 0.5756, 183.57
1133, 1769, 99, 22, 1.0000, 1.6066, -0.9981, 1.2589, 1.0000, 169.09
1133, 1665, 96, 75, 0.5400, 2.7318, 2.7312, 0.0583, 0.2700, 189.40
1133, 1719, 67, 51, 0.5625, 33.0784, 33.0663, -0.8949, 0.2250, 212.25
1133, 1725, 114, 103, 0.7381, 6.7259, 3.1750, 5.9294, 0.5167, 188.14
1134, 1726, 1, 95, 0.7381, 11.9795, 0.4653, -11.9705, 0.5167, 163.57
1134, 1769, 98, 23, 1.0000, 1.4103, -0.9998, 0.9947, 1.0000, 169.62
1134, 1665, 99, 74, 0.6500, 3.2111, 3.1141, -0.7830, 0.3900, 199.75
1134, 1719, 75, 49, 0.6222, 10.8265, 10.6752, -1.8037, 0.3111, 209.60
1134, 1725, 115, 102, 0.7951, 0.3830, 0.3826, -0.0171, 0.6361, 177.50
1135, 1769, 98, 25, 1.0000, 1.7179, -0.2610, 1.6979, 1.0000, 170.27
1135, 1665, 101, 74, 0.7087, 2.3331, 2.3143, -0.2958, 0.4961, 207.64
1135, 1719, 107, 32, 0.6806, 34.0116, 30.1159, -15.8058, 0.4083, 197.17
1135, 1725, 114, 101, 0.8519, 0.9272, -0.3169, -0.8714, 0.7667, 168.00
1136, 1769, 97, 26, 1.0000, 1.4655, -0.6918, 1.2919, 1.0000, 170.89
1136, 1665, 104, 74, 0.7667, 2.7218, 2.7218, 0.0013, 0.6133, 213.31
1136, 1725, 114, 101, 0.9083, 0.3747, -0.1769, -0.3303, 0.9083, 160.40
1136, 1735, 82, 49, 0.5625, 20.3977, -3.6855, 20.0619, 0.2250, 186.50
1136, 1775, 98, 92, 0.6000, 14.6856, 8.1073, -12.2450, 0.1800, 123.67
1137, 1749, 11, 26, 0.6000, 22.9675, 8.6954, 21.2579, 0.1800, 214.67
1137, 1769, 96, 27, 1.0000, 1.4140, -0.9831, 1.0163, 1.0000, 170.23
1137, 1665, 106, 73, 0.8241, 2.3432, 2.2297, -0.7203, 0.7417, 217.39
1137, 1775, 113, 82, 0.6556, 17.5755, 13.8780, -10.7843, 0.2622, 123.12
1137, 1776, 60, 32, 0.6000, 28.8140, -7.3237, 27.8677, 0.1800, 201.33
1137, 1727, 25, 107, 0.5625, 23.4914, 23.3344, 2.7119, 0.2250, 165.75
1138, 1749, 12, 34, 0.6556, 9.8175, 2.3569, 9.5304, 0.2622, 213.00
1138, 1756, 8, 50, 0.6000, 10.2166, -7.6897, -6.7266, 0.1800, 198.67
1138, 1769, 112, 29, 1.0000, 13.5976, 13.4924, 1.6885, 1.0000, 167.91
1138, 1665, 109, 72, 0.8811, 2.9364, 2.7464, -1.0392, 0.8811, 214.15
1138, 1735, 56, 86, 0.6222, 23.2440, -14.4636, 18.1958, 0.3111, 184.40
1138, 1775, 118, 81, 0.7111, 5.8073, 5.5832, -1.5975, 0.3556, 122.30
1138, 1776, 38, 67, 0.6556, 39.8026, -20.3526, 34.2056, 0.2622, 201.25
1138, 1777, 80, 2, 0.6000, 39.7803, -39.5432, -4.3363, 0.1800, 151.33
1138, 1727, 55, 104, 0.6222, 29.2808, 29.1962, -2.2237, 0.3111, 161.60
1138, 1691, 94, 109, 0.5400, 44.4318, 38.3453, 22.4460, 0.2700, 160.60
1139, 1749, 24, 40, 0.7111, 12.7411, 11.1916, 6.0897, 0.3556, 210.60
1139, 1756, 10, 33, 0.6556, 15.4303, 0.1573, -15.4295, 0.2622, 202.25
1139, 1665, 124, 67, 0.8879, 14.4966, 13.6587, -4.8573, 0.8879, 204.23
1139, 1735, 53, 89, 0.6806, 5.3154, -3.6930, 3.8230, 0.4083, 183.00
1139, 1775, 120, 83, 0.7667, 2.5859, 2.4002, 0.9622, 0.4600, 119.17
1139, 1732, 16, 116, 0.5625, 25.6446, 9.6352, 23.7657, 0.2250, 172.62
1139, 1778, 92, 7, 0.6000, 15.4703, -14.2496, -6.0232, 0.1800, 159.67
1139, 1769, 125, 31, 0.9000, 13.5976, 13.4924, 1.6885, 0.9000, 167.91
1139, 1776, 18, 101, 0.5556, 39.8026, -20.3526, 34.2056, 0.2222, 201.25
1139, 1777, 41, -2, 0.5000, 39.7803, -39.5432, -4.3363, 0.1500, 151.33
1139, 1727, 84, 102, 0.5222, 29.2808, 29.1962, -2.2237, 0.2611, 161.60
1140, 1749, 35, 34, 0.7667, 11.6721, 10.8035, -4.4184, 0.4600, 209.50
1140, 1687, 94, 32, 0.5625, 14.5976, -14.4705, -1.9225, 0.2250, 155.50
1140, 1756, 7, 28, 0.7111, 6.8825, -2.7671, -6.3017, 0.3556, 202.40
1140, 1775, 120, 83, 0.8222, 1.0371, 0.8489, 0.5958, 0.5756, 116.71
1140, 1776, 15, 120, 0.7111, 27.1668, -10.1640, 25.1938, 0.3556, 192.40
1140, 1777, 32, 8, 0.6556, 22.5247, -22.1833, 3.9070, 0.2622, 173.75
1140, 1727, 97, 110, 0.6806, 19.9215, 19.5871, 3.6348, 0.4083, 153.50
1140, 1732, 20, 121, 0.6222, 8.8341, 4.6077, 7.5373, 0.3111, 169.50
1140, 1778, 76, 2, 0.6556, 16.6208, -15.8378, -5.0413, 0.2622, 166.50
1140, 1665, 138, 62, 0.7879, 14.4966, 13.6587, -4.8573, 0.7879, 204.23
1141, 1687, 67, 51, 0.6222, 29.7616, -25.0535, 16.0648, 0.3111, 166.00
1141, 1771, 103, 39, 0.6000, 71.9929, 68.5785, 21.9083, 0.1800, 190.67
1141, 1778, 74, 1, 0.7111, 4.1044, -3.9641, -1.0636, 0.3556, 169.60
1141, 1749, 46, 30, 0.6667, 11.6721, 10.8035, -4.4184, 0.4000, 209.50
1141, 1756, 4, 22, 0.6111, 6.8825, -2.7671, -6.3017, 0.3056, 202.40
1141, 1665, 151, 57, 0.6879, 14.4966, 13.6587, -4.8573, 0.6879, 204.23
1141, 1775, 121, 84, 0.7222, 1.0371, 0.8489, 0.5958, 0.5056, 116.71
1141, 1777, 10, 12, 0.5556, 22.5247, -22.1833, 3.9070, 0.2222, 173.75
1141, 1732, 24, 128, 0.5222, 8.8341, 4.6077, 7.5373, 0.2611, 169.50
1142, 1749, 51, 35, 0.8222, 7.7098, 7.6357, 1.0662, 0.5756, 207.29
1142, 1687, 57, 56, 0.6806, 12.6831, -11.1096, 6.1187, 0.4083, 171.67
1142, 1775, 124, 83, 0.8778, 1.9712, 1.9684, -0.1056, 0.7022, 118.25
1142, 1732, 32, 125, 0.6806, 6.3946, 6.2137, 1.5101, 0.4083, 167.75
1142, 1778, 65, 3, 0.7667, 8.4464, -8.3754, 1.0932, 0.4600, 173.33
1142, 1744, 21, 88, 0.5625, 53.8384, 7.5290, 53.3094, 0.2250, 234.50
1142, 1665, 165, 52, 0.5879, 14.4966, 13.6587, -4.8573, 0.5879, 204.23
1142, 1771, 171, 61, 0.5000, 71.9929, 68.5785, 21.9083, 0.1500, 190.67
1143, 1749, 58, 39, 0.8778, 7.8851, 6.9450, 3.7339, 0.7022, 205.75
1143, 1687, 44, 65, 0.7381, 15.3243, -12.8163, 8.4010, 0.5167, 175.57
1143, 1775, 123, 71, 0.9333, 11.1844, -0.3268, -11.1796, 0.8400, 129.89
1143, 1778, 56, 4, 0.6667, 8.4464, -8.3754, 1.0932, 0.4000, 173.33
1144, 1749, 87, 38, 0.9333, 26.8150, 26.8110, -0.4658, 0.8400, 203.78
1144, 1753, 72, 50, 1.0000, 1.1762, 1.1417, 0.2826, 1.0000, 206.25
1144, 1775, 126, 43, 0.9889, 26.6934, 2.7220, -26.5542, 0.9889, 128.30
1144, 1732, 59, 104, 0.7951, 17.0923, 13.7470, -10.1571, 0.6361, 164.94
1144, 1744, 52, 127, 0.6222, 22.8499, 16.8502, 15.4334, 0.3111, 219.60
1144, 1787, 11, 95, 0.6000, 19.1218, -4.4952, -18.5859, 0.1800, 166.67
1145, 1774, 82, 2, 0.6000, 21.9246, -21.9047, 0.9343, 0.1800, 164.33
1145, 1787, 27, 68, 0.6556, 28.7822, 13.0993, -25.6286, 0.2622, 173.25
1145, 1744, 69, 142, 0.5222, 22.8499, 16.8502, 15.4334, 0.2611, 219.60
1146, 1784, 11, 111, 0.6000, 1.3148, 0.9151, 0.9440, 0.1800, 176.67
1146, 1788, 84, 46, 0.6000, 71.1839, 43.1156, -56.6409, 0.1800, 169.67
1146, 1774, 60, 3, 0.5000, 21.9246, -21.9047, 0.9343, 0.1500, 164.33
1146, 1787, 40, 43, 0.5556, 28.7822, 13.0993, -25.6286, 0.2222, 173.25
1147, 1774, 38, 6, 0.6556, 22.1192, -22.0178, 2.1155, 0.2622, 180.00
1147, 1784, 12, 111, 0.7056, 1.0702, 1.0366, 0.2660, 0.2822, 180.75
1147, 1788, 127, -11, 0.5000, 71.1839, 43.1156, -56.6409, 0.1500, 169.67
1148, 1774, 19, 30, 0.7111, 29.3633, -18.8698, 22.4975, 0.3556, 193.20
1148, 1784, 12, 111, 0.7611, 0.2628, 0.2615, -0.0256, 0.3806, 176.60
1148, 1787, 49, 44, 0.7111, 7.0045, 6.0208, -3.5796, 0.3556, 178.80
1148, 1702, 67, 51, 0.5400, 49.7443, 46.8158, 16.8159, 0.2700, 211.40
1149, 1677, 40, 41, 0.5400, 43.3070, -18.9948, 38.9191, 0.2700, 198.60
1149, 1784, 20, 93, 0.7667, 17.4883, 6.8280, -16.1003, 0.4600, 178.67
1150, 1677, 16, 60, 0.6000, 31.8649, -23.4829, 21.5390, 0.3600, 199.00
1150, 1780, 71, 54, 0.6000, 17.3820, 11.3112, -13.1981, 0.1800, 199.67
1150, 1702, 104, 96, 0.6000, 27.2979, 14.9314, 22.8523, 0.3600, 194.33
1151, 1677, 1, 95, 0.6587, 37.0422, -16.0638, 33.3778, 0.4611, 194.43
1151, 1780, 83, 48, 0.6556, 13.4039, 11.5539, -6.7950, 0.2622, 197.00
1151, 1794, 46, 58, 0.6000, 40.2856, -38.3923, 12.2052, 0.1800, 196.17
1151, 1702, 119, 118, 0.5000, 27.2979, 14.9314, 22.8523, 0.3000, 194.33
1152, 1780, 85, 48, 0.7111, 2.8760, 2.7685, -0.7789, 0.3556, 199.60
1152, 1782, 29, 122, 0.6000, 13.8451, -3.8030, 13.3126, 0.1800, 160.00
1152, 1783, 53, 76, 0.6000, 30.6312, -15.1877, -26.6008, 0.1800, 168.67
1152, 1789, 38, 103, 0.6000, 19.9577, -18.5243, -7.4271, 0.1800, 158.00
1152, 1696, 78, 52, 0.5400, 30.8492, -15.5975, 26.6157, 0.2700, 178.40
1152, 1794, 4, 63, 0.6556, 42.0632, -41.6800, 5.6646, 0.2622, 194.38
1152, 1677, -15, 128, 0.5587, 37.0422, -16.0638, 33.3778, 0.3911, 194.43
1153, 1782, 29, 126, 0.6556, 5.3499, -1.0662, 5.2426, 0.2622, 157.00
1153, 1783, 26, 37, 0.6556, 45.4907, -25.4423, -37.7106, 0.2622, 183.75
1153, 1789, 17, 111, 0.6556, 21.5412, -20.6400, 6.1655, 0.2622, 161.25
1153, 1696, 66, 71, 0.6000, 23.5945, -12.2826, 20.1454, 0.3600, 180.17
1153, 1793, 83, 49, 0.6000, 23.2272, -9.7355, 21.0885, 0.1800, 184.33
1153, 1780, 87, 47, 0.6111, 2.8760, 2.7685, -0.7789, 0.3056, 199.60
1153, 1794, -38, 69, 0.5556, 42.0632, -41.6800, 5.6646, 0.2222, 194.38
1154, 1782, 30, 127, 0.7111, 1.2923, 0.8649, 0.9602, 0.3556, 155.40
1154, 1793, 77, 57, 0.6556, 11.5915, -6.1348, 9.8350, 0.2622, 192.50
1154, 1795, 21, 56, 0.6000, 18.0977, -17.5483, -4.4252, 0.1800, 195.33
1154, 1802, 45, 60, 0.6000, 2.9130, 2.7588, 0.9353, 0.1800, 212.17
1154, 1803, 4, 99, 0.6000, 1.3562, 0.9822, 0.9353, 0.1800, 176.50
1154, 1783, 0, -1, 0.5556, 45.4907, -25.4423, -37.7106, 0.2222, 183.75
1154, 1789, -3, 117, 0.5556, 21.5412, -20.6400, 6.1655, 0.2222, 161.25
1154, 1696, 54, 91, 0.5000, 23.5945, -12.2826, 20.1454, 0.3000, 180.17
1155, 1782, 31, 127, 0.7667, 1.3023, 1.2496, 0.3665, 0.4600, 153.33
1155, 1789, 17, 113, 0.7111, 3.1410, 3.0755, 0.6378, 0.3556, 161.00
1155, 1696, 64, 108, 0.6587, 18.2726, 0.5007, 18.2658, 0.4611, 175.29
1155, 1793, 44, 61, 0.7111, 31.0802, -30.7303, 4.6503, 0.3556, 201.00
1155, 1801, 67, 38, 0.6000, 18.3887, 18.0444, -3.5415, 0.1800, 211.33
1155, 1802, 76, 55, 0.6556, 27.5401, 27.2076, -4.2667, 0.2622, 212.75
1155, 1803, 4, 100, 0.7056, 1.0487, 0.2571, 1.0167, 0.2822, 176.12
1155, 1795, 3, 52, 0.5000, 18.0977, -17.5483, -4.4252, 0.1500, 195.33
1156, 1782, 33, 123, 0.8222, 4.2565, 1.8788, -3.8194, 0.5756, 154.43
1156, 1795, 0, 47, 0.6556, 10.4646, -9.3215, -4.7558, 0.2622, 209.00
1156, 1796, 35, 63, 0.6000, 43.1189, 34.2774, -26.1591, 0.1800, 168.00
1156, 1801, 82, 36, 0.6556, 16.2418, 16.0300, -2.6145, 0.2622, 212.00
1156, 1802, 93, 46, 0.7111, 19.9673, 18.0380, -8.5628, 0.3556, 204.60
1156, 1803, 11, 116, 0.7111, 15.9593, 6.0740, 14.7583, 0.3556, 168.50
1157, 1796, 57, 44, 0.6556, 31.0578, 23.5361, -20.2643, 0.2622, 178.00
1157, 1782, 35, 119, 0.7222, 4.2565, 1.8788, -3.8194, 0.5056, 154.43
1157, 1795, -9, 42, 0.5556, 10.4646, -9.3215, -4.7558, 0.2222, 209.00
1157, 1801, 98, 33, 0.5556, 16.2418, 16.0300, -2.6145, 0.2222, 212.00
1157, 1802, 111, 37, 0.6111, 19.9673, 18.0380, -8.5628, 0.3056, 204.60
1157, 1803, 17, 131, 0.6111, 15.9593, 6.0740, 14.7583, 0.3056, 168.50
1158, 1741, 12, 20, 0.5625, 0.9734, -0.0035, 0.9734, 0.2250, 219.50
1158, 1782, 50, 112, 0.8778, 11.2864, 9.8182, -5.5664, 0.7022, 154.62
1158, 1748, 2, 20, 0.5625, 12.2806, -4.7329, -11.3319, 0.2250, 210.75
1158, 1806, 55, 45, 0.6000, 5.0365, 4.6763, 1.8705, 0.1800, 204.67
1158, 1813, 21, 112, 0.6000, 46.3134, -31.7516, 33.7160, 0.1800, 179.33
1158, 1796, 80, 24, 0.5556, 31.0578, 23.5361, -20.2643, 0.2222, 178.00
1159, 1741, 12, 21, 0.6722, 1.0126, 0.0016, 1.0126, 0.3361, 219.30
1159, 1748, 1, 18, 0.6222, 3.4882, -1.3374, -3.2216, 0.3111, 216.20
1159, 1798, 41, 81, 0.7111, 13.0365, -12.2064, -4.5774, 0.3556, 172.00
1159, 1814, 43, 1, 0.6000, 14.9640, 14.9640, 0.0000, 0.1800, 216.67
1159, 1816, 6, 45, 0.6000, 1.9174, 1.9174, 0.0000, 0.1800, 240.33
1159, 1817, 45, 57, 0.6000, 35.5396, -35.5396, 0.0000, 0.1800, 201.67
1159, 1782, 60, 107, 0.7778, 11.2864, 9.8182, -5.5664, 0.6222, 154.62
1159, 1806, 59, 47, 0.5000, 5.0365, 4.6763, 1.8705, 0.1500, 204.67
1159, 1813, -10, 146, 0.5000, 46.3134, -31.7516, 33.7160, 0.1500, 179.33
1160, 1741, 14, 21, 0.7306, 1.5471, 1.5276, 0.2447, 0.4383, 222.42
1160, 1782, 53, 90, 0.9333, 11.6927, -0.2395, -11.6903, 0.8400, 155.83
1160, 1795, 0, 27, 0.7111, 5.6911, 2.5689, -5.0783, 0.3556, 207.40
1160, 1798, 22, 79, 0.7667, 18.5844, -18.4141, -2.5105, 0.4600, 175.33
1160, 1801, 95, 47, 0.7111, 4.4430, -0.6563, 4.3943, 0.3556, 202.60
1160, 1806, 55, 45, 0.6556, 0.2761, -0.2563, -0.1025, 0.2622, 206.25
1160, 1815, 37, 21, 0.6000, 16.9020, 7.2756, -15.2559, 0.1800, 224.83
1160, 1816, 8, 44, 0.7056, 2.1645, 2.0286, -0.7548, 0.2822, 244.00
1160, 1817, 29, 40, 0.6556, 23.6886, -18.2558, -15.0955, 0.2622, 214.50
1160, 1748, 0, 14, 0.5222, 3.4882, -1.3374, -3.2216, 0.2611, 216.20
1160, 1814, 58, 1, 0.5000, 14.9640, 14.9640, 0.0000, 0.1500, 216.67
1161, 1741, 14, 21, 0.7881, 0.5847, 0.5822, -0.0543, 0.5517, 224.64
1161, 1748, 4, 17, 0.6806, 1.5650, 1.5650, -0.0042, 0.4083, 214.67
1161, 1805, 9, 103, 0.6000, 21.0355, 4.4414, 20.5612, 0.1800, 173.33
1161, 1806, 56, 45, 0.7111, 0.4837, 0.4666, -0.1273, 0.3556, 209.40
1161, 1811, 77, 45, 0.6000, 39.4290, 22.1872, -32.5941, 0.1800, 190.67
1161, 1814, 81, 5, 0.6556, 19.2761, 19.1548, 2.1595, 0.2622, 206.50
1161, 1815, 41, 10, 0.6556, 12.2694, 4.4252, -11.4435, 0.2622, 222.38
1161, 1816, 10, 43, 0.7611, 2.2736, 2.0213, -1.0410, 0.3806, 243.60
1161, 1817, 30, 35, 0.7111, 5.6961, -1.2872, -5.5487, 0.3556, 217.00
1161, 1798, 4, 76, 0.6667, 18.5844, -18.4141, -2.5105, 0.4000, 175.33
1162, 1741, 15, 22, 0.8451, 1.0381, 0.7629, 0.7040, 0.6761, 225.31
1162, 1748, 34, 20, 0.7381, 28.0189, 27.9044, 2.5310, 0.5167, 212.43
1162, 1806, 63, 42, 0.7667, 7.0688, 6.3509, -3.1037, 0.4600, 206.83
1162, 1816, 12, 43, 0.8167, 2.0244, 2.0040, -0.2869, 0.4900, 245.50
1162, 1821, 84, 59, 0.6000, 1.3562, 0.9822, 0.9353, 0.1800, 204.33
1162, 1798, -15, 74, 0.5667, 18.5844, -18.4141, -2.5105, 0.3400, 175.33
1162, 1805, 13, 124, 0.5000, 21.0355, 4.4414, 20.5612, 0.1500, 173.33
1162, 1811, 99, 12, 0.5000, 39.4290, 22.1872, -32.5941, 0.1500, 190.67
1162, 1814, 100, 7, 0.5556, 19.2761, 19.1548, 2.1595, 0.2222, 206.50
1162, 1815, 46, -1, 0.5556, 12.2694, 4.4252, -11.4435, 0.2222, 222.38
1163, 1741, 15, 22, 0.9019, 0.3531, 0.2125, 0.2821, 0.8117, 226.83
1163, 1790, 3, 110, 0.6000, 73.1566, -72.9983, -4.8103, 0.1800, 174.67
1163, 1816, 14, 42, 0.8722, 2.1241, 1.9984, -0.7199, 0.6106, 246.86
1163, 1806, 69, 38, 0.6667, 7.0688, 6.3509, -3.1037, 0.4000, 206.83
1163, 1821, 85, 60, 0.5000, 1.3562, 0.9822, 0.9353, 0.1500, 204.33
1164, 1741, 16, 23, 0.9583, 1.0494, 0.7237, 0.7599, 0.9583, 226.85
1164, 1805, 10, 113, 0.6556, 0.7903, -0.3497, -0.7087, 0.2622, 169.75
1164, 1806, 75, 36, 0.8222, 6.6050, 6.0100, -2.7398, 0.5756, 204.71
1164, 1816, 15, 41, 0.9278, 1.5918, 1.2428, -0.9946, 0.7422, 247.62
1164, 1821, 66, 59, 0.6556, 10.3242, -10.3241, -0.0513, 0.2622, 202.50
1164, 1790, -70, 105, 0.5000, 73.1566, -72.9983, -4.8103, 0.1500, 174.67
1165, 1741, 17, 23, 1.0000, 1.0397, 1.0059, 0.2626, 1.0000, 227.23
1165, 1759, 19, 77, 0.5625, 32.2285, 18.0988, -26.6666, 0.2250, 161.67
1165, 1805, 21, 86, 0.7111, 27.3051, 10.4033, -25.2456, 0.3556, 172.40
1165, 1806, 81, 35, 0.8778, 6.1347, 5.9827, -1.3572, 0.7022, 202.50
1165, 1807, 36, 77, 0.6000, 51.7371, -48.6987, 17.4688, 0.1800, 179.00
1165, 1814, 123, 12, 0.7111, 8.2528, 8.0803, 1.6785, 0.3556, 189.40
1165, 1816, 17, 41, 0.9833, 1.7252, 1.7012, -0.2872, 0.8850, 248.44
1165, 1817, 37, 38, 0.9333, 0.8852, 0.8830, -0.0625, 0.8400, 230.11
1165, 1820, 58, 23, 0.6000, 34.3831, 30.9461, 14.9847, 0.1800, 204.67
1165, 1821, 59, 50, 0.7111, 11.0087, -6.7483, -8.6978, 0.3556, 209.20
1166, 1741, 16, 23, 1.0000, 0.4431, -0.4430, -0.0069, 1.0000, 225.79
1166, 1791, 40, 4, 0.6000, 27.9664, -27.9496, 0.9699, 0.1800, 207.00
1166, 1759, 54, 59, 0.6222, 38.3667, 33.0156, -19.5440, 0.3111, 168.53
1166, 1807, 1, 111, 0.6556, 48.4951, -36.6113, 31.8024, 0.2622, 197.25
1166, 1816, 19, 40, 1.0000, 2.1169, 1.9924, -0.7153, 1.0000, 249.10
1166, 1824, 61, 81, 0.8222, 7.0095, 5.3220, -4.5617, 0.5756, 170.29
1166, 1806, 87, 33, 0.7778, 6.1347, 5.9827, -1.3572, 0.6222, 202.50
1166, 1814, 131, 14, 0.6111, 8.2528, 8.0803, 1.6785, 0.3056, 189.40
1166, 1820, 89, 38, 0.5000, 34.3831, 30.9461, 14.9847, 0.1500, 204.67
1167, 1741, 18, 24, 1.0000, 1.3398, 1.1444, 0.6967, 1.0000, 226.50
1167, 1816, 20, 39, 1.0000, 1.6332, 1.2982, -0.9909, 1.0000, 247.36
1167, 1823, 26, 76, 0.6000, 30.4545, -28.7927, -9.9224, 0.1800, 179.00
1167, 1791, 12, 5, 0.5000, 27.9664, -27.9496, 0.9699, 0.1500, 207.00
1167, 1759, 87, 39, 0.5222, 38.3667, 33.0156, -19.5440, 0.2611, 168.53
1167, 1806, 93, 32, 0.6778, 6.1347, 5.9827, -1.3572, 0.5422, 202.50
1167, 1807, -36, 142, 0.5556, 48.4951, -36.6113, 31.8024, 0.2222, 197.25
1167, 1814, 139, 15, 0.5111, 8.2528, 8.0803, 1.6785, 0.2556, 189.40
1167, 1824, 66, 76, 0.7222, 7.0095, 5.3220, -4.5617, 0.5056, 170.29
1168, 1741, 19, 25, 1.0000, 1.6405, 1.2796, 1.0266, 1.0000, 225.68
1168, 1806, 97, 51, 0.9333, 8.6741, 5.1840, 6.9545, 0.8400, 198.44
1168, 1816, 23, 38, 1.0000, 2.6626, 2.4515, -1.0392, 1.0000, 247.83
1168, 1823, 19, 75, 0.6556, 9.9871, -9.7167, -2.3082, 0.2622, 183.25
1168, 1824, 60, 65, 0.8778, 8.4262, -1.6091, -8.2712, 0.7022, 172.38
1169, 1741, 20, 25, 1.0000, 1.1437, 1.0960, 0.3270, 1.0000, 226.83
1169, 1816, 25, 38, 1.0000, 2.3123, 2.2950, -0.2827, 1.0000, 248.38
1169, 1819, 45, 20, 0.6000, 22.9360, 13.7261, 18.3753, 0.1800, 216.00
1169, 1781, 32, 117, 0.5625, 16.6046, -6.9583, 15.0763, 0.2250, 161.50
1169, 1828, 117, 92, 0.6000, 49.0735, 43.1718, 23.3325, 0.1800, 155.33
1169, 1829, 89, 118, 0.6000, 2.2010, 1.9875, 0.9456, 0.1800, 119.00
1169, 1823, 9, 72, 0.5556, 9.9871, -9.7167, -2.3082, 0.2222, 183.25
1169, 1824, 58, 57, 0.7778, 8.4262, -1.6091, -8.2712, 0.6222, 172.38
1170, 1741, 20, 25, 1.0000, 0.2719, 0.2712, -0.0189, 1.0000, 227.84
1170, 1816, 27, 37, 1.0000, 2.1684, 2.0554, -0.6909, 1.0000, 248.86
1170, 1819, 49, 23, 0.6556, 7.3791, 4.9119, 5.5067, 0.2622, 215.50
1170, 1823, 1, 75, 0.7111, 8.7705, -8.7606, 0.4171, 0.3556, 182.20
1170, 1824, 43, 51, 0.9333, 11.8380, -9.5344, -7.0166, 0.8400, 176.11
1170, 1781, 31, 121, 0.6222, 4.9987, -1.5247, 4.7605, 0.3111, 159.00
1170, 1828, 160, 115, 0.5000, 49.0735, 43.1718, 23.3325, 0.1500, 155.33
1170, 1829, 91, 119, 0.5000, 2.2010, 1.9875, 0.9456, 0.1500, 119.00
1171, 1741, 21, 26, 1.0000, 0.9421, 0.6690, 0.6633, 1.0000, 227.44
1171, 1793, 5, 115, 1.0000, 0.6153, -0.6111, -0.0715, 1.0000, 197.04
1171, 1812, 66, 53, 0.6000, 18.9722, 0.9285, -18.9494, 0.1800, 186.00
1171, 1816, 29, 36, 1.0000, 2.2069, 1.9781, -0.9787, 1.0000, 249.13
1171, 1818, 18, 80, 0.6000, 31.8702, 1.8363, -31.8172, 0.1800, 172.72
1171, 1819, 48, 22, 0.7111, 0.3804, 0.0098, -0.3803, 0.3556, 212.70
1171, 1824, 37, 49, 0.9889, 6.1435, -5.6986, -2.2954, 0.9889, 179.20
1171, 1823, -8, 75, 0.6111, 8.7705, -8.7606, 0.4171, 0.3056, 182.20
1171, 1781, 30, 126, 0.5222, 4.9987, -1.5247, 4.7605, 0.2611, 159.00
1172, 1741, 22, 26, 1.0000, 1.0131, 0.9694, 0.2942, 1.0000, 228.86
1172, 1816, 30, 35, 1.0000, 1.6326, 1.2594, -1.0390, 1.0000, 248.33
1172, 1819, 49, 22, 0.7667, 0.8367, 0.8164, -0.1835, 0.4600, 210.58
1172, 1781, 6, 124, 0.6806, 14.2912, -14.2347, 1.2696, 0.4083, 157.00
1172, 1829, 94, 119, 0.7056, 1.6239, 1.6088, 0.2209, 0.2822, 114.25
1172, 1812, 67, 34, 0.5000, 18.9722, 0.9285, -18.9494, 0.1500, 186.00
1172, 1818, 20, 48, 0.5000, 31.8702, 1.8363, -31.8172, 0.1500, 172.72
1172, 1823, -17, 76, 0.5111, 8.7705, -8.7606, 0.4171, 0.2556, 182.20
1172, 1824, 32, 47, 0.8889, 6.1435, -5.6986, -2.2954, 0.8889, 179.20
1173, 1741, 23, 27, 1.0000, 1.2754, 1.0390, 0.7397, 1.0000, 228.82
1173, 1804, 66, 51, 0.6000, 72.5507, 51.7875, 50.8100, 0.1800, 228.67
1173, 1812, 48, 42, 0.6556, 10.9933, -10.2819, -3.8904, 0.2622, 189.25
1173, 1816, 32, 35, 1.0000, 1.7052, 1.6782, -0.3021, 1.0000, 248.67
1173, 1829, 96, 119, 0.7611, 1.9169, 1.9168, 0.0191, 0.3806, 118.80
1173, 1819, 50, 22, 0.6667, 0.8367, 0.8164, -0.1835, 0.4000, 210.58
1173, 1824, 26, 45, 0.7889, 6.1435, -5.6986, -2.2954, 0.7889, 179.20
1174, 1741, 23, 27, 1.0000, 0.4233, 0.3123, 0.2858, 1.0000, 229.68
1174, 1816, 34, 34, 1.0000, 2.0895, 1.9746, -0.6836, 1.0000, 248.85
1174, 1818, 13, 13, 0.6556, 20.4958, -2.3318, -20.3627, 0.2622, 182.79
1174, 1829, 98, 120, 0.8167, 2.1525, 2.0189, 0.7464, 0.4900, 115.67
1174, 1804, 118, 102, 0.5000, 72.5507, 51.7875, 50.8100, 0.1500, 228.67
1174, 1812, 37, 38, 0.5556, 10.9933, -10.2819, -3.8904, 0.2222, 189.25
1174, 1819, 50, 22, 0.5667, 0.8367, 0.8164, -0.1835, 0.3400, 210.58
1175, 1741, 24, 28, 1.0000, 0.9883, 0.6804, 0.7167, 1.0000, 229.88
1175, 1816, 47, 39, 1.0000, 11.9607, 11.2715, 4.0014, 1.0000, 248.70
1175, 1819, 52, 22, 0.8222, 1.1096, 1.1080, 0.0598, 0.5756, 208.36
1175, 1829, 120, 124, 0.8222, 19.7639, 19.4836, 3.3166, 0.5756, 109.29
1175, 1833, 22, 116, 0.6000, 22.8199, -21.6489, -7.2163, 0.1800, 171.17
1175, 1818, 11, -8, 0.5556, 20.4958, -2.3318, -20.3627, 0.2222, 182.79
1176, 1741, 25, 28, 1.0000, 1.0056, 0.9647, 0.2838, 1.0000, 229.30
1176, 1810, 91, 99, 0.6000, 29.7622, 7.6599, 28.7595, 0.1800, 160.67
1176, 1816, 61, 53, 1.0000, 18.8147, 14.0063, 12.5626, 1.0000, 246.27
1176, 1819, 50, 38, 0.8778, 15.0911, -1.4733, 15.0190, 0.7022, 207.81
1176, 1833, 10, 118, 0.6556, 12.8084, -12.7827, 0.8113, 0.2622, 174.38
1176, 1834, 36, 119, 0.6000, 49.6046, 29.0397, 40.2158, 0.1800, 183.67
1177, 1741, 38, 31, 1.0000, 11.6951, 11.5035, 2.1081, 1.0000, 229.22
1177, 1808, 58, 36, 0.6000, 24.0214, -14.4066, -19.2218, 0.1800, 189.33
1177, 1816, 58, 83, 1.0000, 27.0449, -0.4478, 27.0412, 1.0000, 242.87
1177, 1818, 15, 3, 0.7111, 1.5457, 1.2516, 0.9071, 0.3556, 189.83
1177, 1819, 46, 49, 0.9333, 12.9115, -4.5956, 12.0660, 0.8400, 210.17
1177, 1833, 10, 120, 0.7111, 2.7424, -1.8617, 2.0137, 0.3556, 189.70
1177, 1718, 42, 60, 0.5250, 24.2327, -15.3522, -18.7492, 0.3150, 212.50
1177, 1786, 122, 23, 0.5625, 43.1880, -3.7879, -43.0216, 0.2250, 119.00
1177, 1836, 10, 82, 0.6000, 1.3226, -0.9353, 0.9353, 0.1800, 181.33
1177, 1810, 98, 128, 0.5000, 29.7622, 7.6599, 28.7595, 0.1500, 160.67
1177, 1834, 65, 159, 0.5000, 49.6046, 29.0397, 40.2158, 0.1500, 183.67
1178, 1741, 43, 31, 1.0000, 6.0120, 5.9377, 0.9426, 1.0000, 230.29
1178, 1808, 67, 7, 0.6556, 27.9484, 6.6106, -27.1554, 0.2622, 187.75
1178, 1809, 121, 23, 0.6000, 49.3052, 14.4221, -47.1488, 0.1800, 120.67
1178, 1819, 53, 79, 0.9889, 29.2845, 6.7223, 28.5026, 0.9889, 207.35
1178, 1833, 12, 121, 0.7667, 2.3828, 1.9177, 1.4142, 0.4600, 199.92
1178, 1718, 18, 31, 0.5841, 35.9042, -22.8058, -27.7309, 0.4089, 213.86
1178, 1786, 119, 4, 0.6222, 22.1095, -3.3073, -21.8608, 0.3111, 122.20
1178, 1836, 9, 82, 0.7056, 1.0499, -1.0167, 0.2619, 0.2822, 183.25
1179, 1741, 47, 44, 1.0000, 11.1606, 3.6536, 10.5457, 1.0000, 229.08
1179, 1825, 43, 60, 0.6000, 29.2786, 5.7296, -28.7125, 0.1800, 181.67
1179, 1833, 14, 122, 0.8222, 2.0317, 1.7653, 1.0057, 0.5756, 207.79
1179, 1757, 25, 117, 0.5400, 26.0836, -22.9196, 12.4517, 0.2700, 155.10
1179, 1836, 1, 77, 0.7111, 8.4833, -7.1229, -4.6076, 0.3556, 183.00
1179, 1808, 74, -20, 0.5556, 27.9484, 6.6106, -27.1554, 0.2222, 187.75
1179, 1809, 136, -24, 0.5000, 49.3052, 14.4221, -47.1488, 0.1500, 120.67
1179, 1786, 116, -17, 0.5222, 22.1095, -3.3073, -21.8608, 0.2611, 122.20
1180, 1741, 72, 57, 1.0000, 25.3284, 21.6346, 13.1708, 1.0000, 228.00
1180, 1825, 49, 26, 0.6556, 34.1701, 6.1250, -33.6166, 0.2622, 184.25
1180, 1757, 13, 123, 0.6000, 15.1186, -13.4233, 6.9560, 0.3600, 171.75
1180, 1786, 117, 1, 0.6806, 1.7042, -0.7112, 1.5487, 0.4083, 124.67
1180, 1836, -6, 72, 0.6111, 8.4833, -7.1229, -4.6076, 0.3056, 183.00
1181, 1825, 52, -1, 0.7111, 27.8387, 3.0278, -27.6735, 0.3556, 187.80
1181, 1757, 14, 124, 0.6587, 2.0410, -1.1569, 1.6814, 0.4611, 183.64
1181, 1799, 31, 44, 0.5625, 17.4524, 10.3816, 14.0288, 0.2250, 213.50
1181, 1836, -13, 68, 0.5111, 8.4833, -7.1229, -4.6076, 0.2556, 183.00
1182, 1757, 16, 124, 0.7167, 2.3130, 2.2795, 0.3918, 0.5733, 192.19
1182, 1799, 42, 52, 0.6222, 14.0140, 11.1742, 8.4576, 0.3111, 212.00
1182, 1779, 24, 30, 0.5625, 34.2536, -33.6221, 6.5468, 0.2250, 200.25
1182, 1825, 55, -29, 0.6111, 27.8387, 3.0278, -27.6735, 0.3056, 187.80
1183, 1835, 18, 82, 0.7667, 7.5274, -3.0572, -6.8786, 0.4600, 186.33
1183, 1799, 57, 45, 0.6806, 15.9772, 14.9628, -5.6024, 0.4083, 216.17
1183, 1839, 26, 30, 0.6000, 42.0679, -42.0336, -1.6985, 0.1800, 207.00
1183, 1825, 58, -56, 0.5111, 27.8387, 3.0278, -27.6735, 0.2556, 187.80
1184, 1814, 33, 30, 1.0000, 1.3966, 1.1269, 0.8249, 1.0000, 201.06
1184, 1717, 92, 121, 0.5400, 38.9445, -31.8034, 22.4771, 0.2700, 88.20
1184, 1835, 17, 80, 0.8222, 2.8955, -1.1760, -2.6460, 0.5756, 186.57
1184, 1836, 0, 72, 0.7667, 2.0896, 2.0770, 0.2286, 0.4600, 195.00
1184, 1799, 70, 33, 0.7381, 17.2286, 13.2499, -11.0120, 0.5167, 213.00
1184, 1839, 0, 50, 0.6556, 33.3234, -28.7250, 16.8915, 0.2622, 203.25
1184, 1841, 24, 29, 0.6000, 20.7472, 6.5468, 19.6872, 0.1800, 229.67
1185, 1822, 60, 91, 0.6000, 33.9302, 11.5944, 31.8877, 0.1800, 194.00
1185, 1835, 8, 74, 0.8778, 9.7442, -7.6034, -6.0941, 0.7022, 186.50
1185, 1839, -2, 63, 0.7111, 14.0033, -4.2679, 13.3371, 0.3556, 200.40
1185, 1841, 32, 47, 0.6556, 19.9459, 7.8717, 18.3269, 0.2622, 222.75
1186, 1822, 59, 108, 0.6556, 19.2168, 0.8800, 19.1966, 0.2622, 184.75
1186, 1841, 52, 51, 0.7111, 19.6715, 18.8329, 5.6824, 0.3556, 221.40
1186, 1844, 110, 28, 0.6000, 77.4762, 52.9891, -56.5217, 0.1800, 164.33
1186, 1845, 86, 16, 0.6000, 24.5940, 23.4282, -7.4820, 0.1800, 186.67
1186, 1847, 62, 42, 0.6000, 1.9174, 1.9174, 0.0000, 0.1800, 240.00
1186, 1856, 83, 90, 0.6000, 49.6734, 36.5218, -33.6691, 0.1800, 154.33
1186, 1835, 1, 68, 0.7778, 9.7442, -7.6034, -6.0941, 0.6222, 186.50
1186, 1839, -6, 76, 0.6111, 14.0033, -4.2679, 13.3371, 0.3056, 200.40
1187, 1822, 51, 125, 0.7111, 18.8726, -7.2770, 17.4132, 0.3556, 177.60
1187, 1835, 11, 50, 0.9333, 13.2833, 2.8498, -12.9740, 0.8400, 186.78
1187, 1800, 79, 24, 0.5625, 73.8403, 65.8487, -33.4116, 0.2250, 185.25
1187, 1838, 78, 11, 0.6000, 19.1215, 14.3420, -12.6466, 0.1800, 191.67
1187, 1845, 113, 20, 0.6556, 27.0321, 26.9223, 2.4332, 0.2622, 176.00
1187, 1847, 64, 28, 0.6556, 12.2456, 2.0286, -12.0764, 0.2622, 228.25
1187, 1853, 110, 113, 0.6000, 65.2250, 61.8247, 20.7848, 0.1800, 152.33
1187, 1854, 19, 85, 0.6556, 4.7736, -1.5095, -4.5286, 0.2622, 181.75
1187, 1857, 27, 31, 0.6000, 1.3243, 0.9822, 0.8883, 0.1800, 218.83
1187, 1858, 45, 93, 0.6000, 33.8698, 15.9462, -29.8811, 0.1800, 160.00
1187, 1844, 163, -29, 0.5000, 77.4762, 52.9891, -56.5217, 0.1500, 164.33
1187, 1856, 120, 56, 0.5000, 49.6734, 36.5218, -33.6691, 0.1500, 154.33
1188, 1797, 64, 42, 0.5625, 0.8388, 0.8387, -0.0144, 0.2250, 233.75
1188, 1838, 97, 5, 0.6556, 20.1858, 18.9544, -6.9424, 0.2622, 183.50
1188, 1845, 127, 21, 0.7111, 15.2637, 15.2232, 1.1118, 0.3556, 165.40
1188, 1847, 65, 23, 0.7111, 6.0972, 1.2578, -5.9660, 0.3556, 222.80
1188, 1854, 9, 74, 0.7111, 13.9893, -9.7173, -10.0635, 0.3556, 196.00
1188, 1856, 120, 50, 0.6556, 24.4070, 16.3408, -18.1295, 0.2622, 145.50
1188, 1857, 28, 31, 0.7056, 1.0465, 1.0119, 0.2667, 0.2822, 216.88
1188, 1858, 56, 83, 0.6556, 17.1219, 11.2410, -12.9151, 0.2622, 162.00
1188, 1853, 172, 134, 0.5000, 65.2250, 61.8247, 20.7848, 0.1500, 152.33
1189, 1797, 65, 42, 0.6722, 1.0659, 1.0658, 0.0057, 0.3361, 230.30
1189, 1854, 6, 72, 0.7667, 4.7159, -3.4850, -3.1772, 0.4600, 200.17
1189, 1855, 56, 89, 0.6000, 32.6043, -12.3296, -30.1831, 0.1800, 146.33
1189, 1857, 29, 31, 0.7611, 1.0069, 1.0067, -0.0184, 0.3806, 217.70
1189, 1858, 58, 52, 0.7111, 29.2985, 3.5682, -29.0804, 0.3556, 174.40
1189, 1838, 116, -2, 0.5556, 20.1858, 18.9544, -6.9424, 0.2222, 183.50
1189, 1845, 142, 22, 0.6111, 15.2637, 15.2232, 1.1118, 0.3056, 165.40
1189, 1847, 66, 17, 0.6111, 6.0972, 1.2578, -5.9660, 0.3056, 222.80
1189, 1856, 137, 32, 0.5556, 24.4070, 16.3408, -18.1295, 0.2222, 145.50
1190, 1797, 67, 42, 0.7306, 1.8084, 1.8084, 0.0040, 0.4383, 233.25
1190, 1847, 77, 3, 0.7667, 12.1651, 6.4184, -10.3341, 0.4600, 215.67
1190, 1855, 25, 75, 0.6556, 33.0152, -29.0938, -15.6062, 0.2622, 157.75
1190, 1857, 30, 31, 0.8167, 1.0019, 1.0008, -0.0459, 0.4900, 219.75
1190, 1706, 118, 103, 0.5250, 13.0737, -0.8414, -13.0466, 0.3150, 97.67
1190, 1860, 25, 5, 0.6000, 41.6686, -28.9928, -29.9281, 0.1800, 206.33
1190, 1864, 56, 85, 0.6000, 37.4101, -29.9281, 22.4460, 0.1800, 173.00
1190, 1854, 2, 69, 0.6667, 4.7159, -3.4850, -3.1772, 0.4000, 200.17
1190, 1858, 62, 23, 0.6111, 29.2985, 3.5682, -29.0804, 0.3056, 174.40
1191, 1797, 68, 42, 0.7881, 1.2988, 1.2988, 0.0007, 0.5517, 236.36
1191, 1854, 5, 66, 0.8222, 2.8102, -0.0816, -2.8090, 0.5756, 196.64
1191, 1855, 2, 40, 0.7111, 40.6173, -23.6213, -33.0425, 0.3556, 167.00
1191, 1857, 31, 31, 0.8722, 0.9995, 0.9993, -0.0150, 0.6106, 218.93
1191, 1706, 108, 74, 0.5841, 27.6765, -8.5740, -26.3150, 0.4089, 103.29
1191, 1861, 86, 53, 0.6556, 12.1703, 6.0382, 10.5668, 0.2622, 184.25
1191, 1864, 39, 100, 0.6556, 24.8637, -18.9486, 16.0983, 0.2622, 175.25
1191, 1847, 83, -7, 0.6667, 12.1651, 6.4184, -10.3341, 0.4000, 215.67
1191, 1860, -4, -25, 0.5000, 41.6686, -28.9928, -29.9281, 0.1500, 206.33
1192, 1797, 69, 43, 0.8451, 1.2542, 0.9977, 0.7600, 0.6761, 234.44
1192, 1854, 4, 41, 0.8778, 23.2953, -0.6061, -23.2874, 0.7022, 196.56
1192, 1857, 32, 32, 0.9278, 1.2538, 0.9996, 0.7568, 0.7422, 222.56
1192, 1706, 95, 56, 0.6424, 23.3474, -12.9672, -19.4152, 0.5139, 110.88
1192, 1859, 70, 21, 0.6000, 2.5299, 1.6869, -1.8855, 0.1800, 221.00
1192, 1861, 92, 65, 0.7111, 13.0056, 6.0372, 11.5195, 0.3556, 180.80
1192, 1864, 3, 109, 0.7111, 35.7296, -34.3461, 9.8462, 0.3556, 171.60
1192, 1785, 13, 74, 0.5400, 1.0302, 1.0291, 0.0469, 0.2700, 236.53
1192, 1847, 89, -17, 0.5667, 12.1651, 6.4184, -10.3341, 0.3400, 215.67
1192, 1855, -22, 7, 0.6111, 40.6173, -23.6213, -33.0425, 0.3056, 167.00
1193, 1797, 71, 43, 0.9019, 1.7370, 1.7116, 0.2959, 0.8117, 236.50
1193, 1843, 10, 66, 0.6000, 30.3334, -29.8152, -5.5828, 0.1800, 184.00
1193, 1850, 75, 74, 0.6000, 18.9073, -7.3455, 17.4222, 0.1800, 193.67
1193, 1857, 33, 32, 0.9833, 1.0443, 0.9999, 0.3011, 0.8850, 223.06
1193, 1861, 95, 68, 0.7667, 4.6682, 2.9510, 3.6172, 0.4600, 177.17
1193, 1785, 15, 74, 0.6500, 1.7619, 1.7619, -0.0048, 0.3900, 239.61
1193, 1867, 6, 37, 0.6000, 24.1742, -14.0288, 19.6872, 0.1800, 206.00
1193, 1706, 82, 36, 0.5424, 23.3474, -12.9672, -19.4152, 0.4339, 110.88
1193, 1859, 71, 19, 0.5000, 2.5299, 1.6869, -1.8855, 0.1500, 221.00
1193, 1864, -31, 119, 0.6111, 35.7296, -34.3461, 9.8462, 0.3056, 171.60
1194, 1797, 72, 43, 0.9583, 1.2814, 1.2814, 0.0053, 0.9583, 238.35
1194, 1843, 4, 66, 0.6556, 8.7460, -8.7019, -0.8767, 0.2622, 186.25
1194, 1850, 57, 87, 0.6556, 21.4828, -16.6316, 13.5978, 0.2622, 189.00
1194, 1857, 34, 32, 1.0000, 1.0001, 1.0000, 0.0086, 1.0000, 224.65
1194, 1706, 74, 21, 0.7000, 19.9064, -10.1501, -17.1242, 0.6300, 126.67
1194, 1859, 77, 3, 0.6556, 10.8887, 3.7840, -10.2100, 0.2622, 210.75
1194, 1785, 16, 75, 0.7087, 1.4832, 1.2762, 0.7556, 0.4961, 241.38
1194, 1867, 8, 48, 0.6556, 12.2897, -0.1551, 12.2887, 0.2622, 204.75
1194, 1875, 127, 117, 0.6000, 1.9174, 1.9174, 0.0000, 0.1800, 109.00
1194, 1861, 98, 71, 0.6667, 4.6682, 2.9510, 3.6172, 0.4000, 177.17
1195, 1797, 74, 43, 1.0000, 1.7554, 1.7549, -0.0417, 1.0000, 238.41
1195, 1850, 36, 105, 0.7111, 27.2071, -20.4179, 17.9815, 0.3556, 183.00
1195, 1857, 23, 25, 1.0000, 11.1511, -9.4068, -5.9883, 1.0000, 222.95
1195, 1785, 18, 75, 0.7667, 1.7823, 1.7587, 0.2888, 0.6133, 242.83
1195, 1866, 9, 1, 0.6000, 10.1903, -8.7521, -5.2195, 0.1800, 227.00
1195, 1867, 28, 81, 0.7111, 35.4465, 18.5801, 30.1866, 0.3556, 200.00
1195, 1843, -4, 65, 0.5556, 8.7460, -8.7019, -0.8767, 0.2222, 186.25
1195, 1706, 64, 4, 0.6000, 19.9064, -10.1501, -17.1242, 0.5400, 126.67
1195, 1859, 81, -8, 0.5556, 10.8887, 3.7840, -10.2100, 0.2222, 210.75
1195, 1861, 100, 75, 0.5667, 4.6682, 2.9510, 3.6172, 0.3400, 177.17
1195, 1875, 129, 117, 0.5000, 1.9174, 1.9174, 0.0000, 0.1500, 109.00
1196, 1797, 75, 43, 1.0000, 1.2646, 1.2645, -0.0177, 1.0000, 239.79
1196, 1847, 98, 6, 0.8778, 0.8506, 0.4323, 0.7326, 0.7022, 201.25
1196, 1850, 24, 116, 0.7667, 16.9727, -12.2425, 11.7555, 0.4600, 178.50
1196, 1706, 66, 16, 0.7572, 2.5656, -2.5653, -0.0425, 0.7572, 137.40
1196, 1785, 19, 75, 0.8241, 1.2518, 1.2518, 0.0016, 0.7417, 243.85
1196, 1866, 7, 0, 0.6556, 2.9573, -2.8066, -0.9321, 0.2622, 232.50
1196, 1872, 3, 24, 0.6000, 6.1821, -6.1821, 0.0000, 0.1800, 207.00
1196, 1875, 112, 107, 0.6556, 10.2863, -8.7557, -5.3986, 0.2622, 103.50
1197, 1797, 76, 43, 1.0000, 0.9951, 0.9951, -0.0010, 1.0000, 238.81
1197, 1837, 76, 33, 0.6000, 33.4468, 31.4285, 11.4430, 0.1800, 189.00
1197, 1840, 7, 42, 0.6000, 41.9372, 1.9084, -41.8938, 0.1800, 177.67
1197, 1785, 21, 75, 0.8811, 1.7442, 1.7437, -0.0414, 0.8811, 244.97
1197, 1866, 7, 2, 0.7111, 1.1208, 0.1273, 1.1135, 0.3556, 236.40
1197, 1827, 36, 105, 0.5625, 31.9278, -17.6399, 26.6124, 0.2250, 187.25
1197, 1873, 77, 43, 0.6000, 23.8677, 16.9380, -16.8159, 0.1800, 189.33
1197, 1874, 107, 33, 0.6000, 47.2235, 22.1261, -41.7192, 0.1800, 159.00
1197, 1850, 12, 128, 0.6667, 16.9727, -12.2425, 11.7555, 0.4000, 178.50
1197, 1872, -4, 24, 0.5000, 6.1821, -6.1821, 0.0000, 0.1500, 207.00
1197, 1875, 103, 102, 0.5556, 10.2863, -8.7557, -5.3986, 0.2222, 103.50
1198, 1740, 114, 98, 0.5400, 83.8495, 17.3733, 82.0299, 0.2700, 162.20
1198, 1797, 68, 47, 1.0000, 8.0197, -7.1270, 3.6771, 1.0000, 237.04
1198, 1837, 82, 43, 0.6556, 13.8126, 9.5400, 9.9888, 0.2622, 193.25
1198, 1840, 11, 25, 0.6556, 20.3423, 3.5534, -20.0296, 0.2622, 184.25
1198, 1848, 9, 39, 0.6000, 57.3783, -56.5974, -9.4346, 0.1800, 209.67
1198, 1861, 110, 74, 0.8222, 3.1696, 3.1265, 0.5208, 0.5756, 168.86
1198, 1785, 23, 75, 0.9379, 2.0086, 2.0086, -0.0166, 0.9379, 242.74
1198, 1866, 8, 3, 0.7667, 1.4016, 0.4575, 1.3249, 0.4600, 239.17
1198, 1827, 31, 112, 0.6222, 11.1721, -6.3955, 9.1604, 0.3111, 186.40
1198, 1873, 84, 17, 0.6556, 25.7672, 8.3385, -24.3807, 0.2622, 205.75
1198, 1826, 33, 97, 0.5625, 13.1269, 0.9353, 13.0935, 0.2250, 181.00
1198, 1877, 67, 15, 0.6000, 13.1403, -12.9997, -1.9174, 0.1800, 218.33
1198, 1879, 9, 41, 0.6000, 29.2480, -28.0106, 8.4173, 0.1800, 228.67
1198, 1850, 0, 140, 0.5667, 16.9727, -12.2425, 11.7555, 0.3400, 178.50
1198, 1874, 129, -8, 0.5000, 47.2235, 22.1261, -41.7192, 0.1500, 159.00
1199, 1797, 63, 59, 1.0000, 12.2839, -5.3567, 11.0544, 1.0000, 235.30
1199, 1837, 81, 44, 0.7111, 1.4273, 0.1917, 1.4143, 0.3556, 195.60
1199, 1846, 15, 76, 0.6000, 38.3560, -10.3964, 36.9201, 0.1800, 195.00
1199, 1863, 38, 83, 0.6000, 41.1573, -32.6066, 25.1144, 0.1800, 190.00
1199, 1785, 24, 76, 0.9944, 1.4940, 1.2938, 0.7470, 0.9944, 243.51
1199, 1866, 7, 4, 0.8222, 1.2633, -0.6078, 1.1075, 0.5756, 241.00
1199, 1827, 13, 124, 0.6806, 20.6848, -16.8061, 12.0588, 0.4083, 183.67
1199, 1826, 32, 110, 0.6222, 12.7338, -0.4928, 12.7243, 0.3111, 176.90
1199, 1878, 85, 16, 0.6000, 13.7854, 7.4201, -11.6181, 0.1800, 213.00
1199, 1879, 5, 43, 0.6556, 7.7593, -7.1079, 3.1121, 0.2622, 220.00
1199, 1840, 14, 5, 0.5556, 20.3423, 3.5534, -20.0296, 0.2222, 184.25
1199, 1848, -47, 29, 0.5000, 57.3783, -56.5974, -9.4346, 0.1500, 209.67
1199, 1861, 113, 75, 0.7222, 3.1696, 3.1265, 0.5208, 0.5056, 168.86
1199, 1873, 93, -7, 0.5556, 25.7672, 8.3385, -24.3807, 0.2222, 205.75
1199, 1877, 54, 13, 0.5000, 13.1403, -12.9997, -1.9174, 0.1500, 218.33
1200, 1792, 105, 20, 0.5625, 3.9654, -0.9606, -3.8473, 0.2250, 147.75
1200, 1861, 121, 59, 0.8778, 10.0967, 5.7335, -8.3109, 0.7022, 161.50
1200, 1863, 16, 108, 0.6556, 34.4542, -23.9224, 24.7953, 0.2622, 183.75
1200, 1785, 26, 76, 1.0000, 1.7391, 1.7120, 0.3058, 1.0000, 244.24
1200, 1866, 7, 6, 0.8778, 1.7828, -0.2989, 1.7576, 0.7022, 242.12
1200, 1873, 104, 0, 0.7111, 11.8180, 9.8992, -6.4553, 0.3556, 196.20
1200, 1826, 31, 114, 0.6806, 5.3584, -1.0673, 5.2510, 0.4083, 173.83
1200, 1877, 43, 24, 0.6556, 12.7421, -11.7300, 4.9767, 0.2622, 213.50
1200, 1878, 88, 13, 0.6556, 5.6271, 3.6326, -4.2976, 0.2622, 223.00
1200, 1879, 7, 43, 0.7111, 1.0606, 1.0598, 0.0403, 0.3556, 215.20
1200, 1846, 4, 113, 0.5000, 38.3560, -10.3964, 36.9201, 0.1500, 195.00
1200, 1827, -4, 137, 0.5806, 20.6848, -16.8061, 12.0588, 0.3483, 183.67
1201, 1792, 105, 20, 0.6722, 1.0848, -0.2636, -1.0523, 0.3361, 147.40
1201, 1837, 83, 45, 0.8222, 2.2295, 2.0834, 0.7939, 0.5756, 197.07
1201, 1849, 40, 84, 0.6000, 43.7808, -31.4285, 30.4797, 0.1800, 195.00
1201, 1785, 27, 76, 1.0000, 1.2488, 1.2487, 0.0133, 1.0000, 242.55
1201, 1866, 7, 7, 0.9333, 1.2739, -0.0255, 1.2737, 0.8400, 243.56
1201, 1869, 77, 39, 0.6000, 38.3624, 28.4520, 25.7325, 0.1800, 196.67
1201, 1826, 29, 115, 0.7381, 2.0755, -1.8639, 0.9130, 0.5167, 172.86
1201, 1877, 24, 26, 0.7111, 18.2892, -18.1536, 2.2231, 0.3556, 219.60
1201, 1878, 89, 12, 0.7111, 2.0494, 1.8833, -0.8081, 0.3556, 229.00
1201, 1863, -8, 133, 0.5556, 34.4542, -23.9224, 24.7953, 0.2222, 183.75
1202, 1792, 98, 18, 0.6806, 6.2411, -6.0785, -1.4152, 0.4083, 149.50
1202, 1837, 83, 44, 0.8778, 1.0219, 0.8378, -0.5852, 0.7022, 204.06
1202, 1849, 37, 118, 0.6556, 34.9737, -7.2730, 34.2091, 0.2622, 190.75
1202, 1785, 33, 84, 1.0000, 8.5107, 5.4053, 6.5738, 1.0000, 237.84
1202, 1866, 7, 7, 0.9889, 0.2326, 0.0339, 0.2301, 0.9889, 244.30
1202, 1826, 28, 115, 0.7951, 1.3650, -1.3199, 0.3482, 0.6361, 176.25
1202, 1877, 21, 26, 0.7667, 5.1949, -5.1166, 0.8988, 0.4600, 220.83
1202, 1878, 93, 12, 0.7667, 3.2768, 3.2463, -0.4465, 0.4600, 225.25
1202, 1869, 105, 65, 0.5000, 38.3624, 28.4520, 25.7325, 0.1500, 196.67
1203, 1792, 96, 18, 0.7381, 2.3116, -2.2791, -0.3862, 0.5167, 151.00
1203, 1837, 93, 38, 0.9333, 11.1913, 9.5234, -5.8778, 0.8400, 201.39
1203, 1842, 47, 15, 0.6000, 63.1970, 18.2465, -60.5056, 0.1800, 213.67
1203, 1849, 16, 130, 0.7111, 23.7221, -19.2043, 13.9260, 0.3556, 181.00
1203, 1785, 41, 115, 1.0000, 28.5482, 7.2082, 27.6232, 1.0000, 234.17
1203, 1866, 7, 8, 1.0000, 0.6662, 0.0167, 0.6660, 1.0000, 245.09
1203, 1869, 124, 56, 0.6556, 24.1257, 23.2223, 6.5401, 0.2622, 174.75
1203, 1826, 27, 117, 0.8519, 1.8238, -0.9962, 1.5277, 0.7667, 177.56
1203, 1877, 9, 27, 0.8222, 10.9214, -10.8929, 0.7885, 0.5756, 215.43
1203, 1878, 93, 11, 0.8222, 1.2641, 0.9649, -0.8167, 0.5756, 223.50
1203, 1882, 45, 33, 0.6000, 2.0362, 2.0356, -0.0482, 0.1800, 222.00
1204, 1792, 97, 18, 0.7951, 0.0603, 0.0147, 0.0585, 0.6361, 153.75
1204, 1866, 7, 9, 1.0000, 0.9847, 0.0014, 0.9847, 1.0000, 245.58
1204, 1826, 26, 118, 0.9083, 1.6085, -0.9519, 1.2967, 0.9083, 176.50
1204, 1877, 0, 36, 0.8778, 12.3936, -9.4729, 7.9915, 0.7022, 213.81
1204, 1878, 96, 9, 0.8778, 2.8163, 2.1868, -1.7746, 0.7022, 227.44
1204, 1882, 46, 34, 0.7056, 1.4645, 1.2456, 0.7702, 0.2822, 215.75
1204, 1883, 89, 44, 0.6000, 29.3191, -28.2211, 7.9484, 0.1800, 149.00
1204, 1842, 66, -45, 0.5000, 63.1970, 18.2465, -60.5056, 0.1500, 213.67
1204, 1849, -3, 144, 0.6111, 23.7221, -19.2043, 13.9260, 0.3056, 181.00
1204, 1869, 148, 63, 0.5556, 24.1257, 23.2223, 6.5401, 0.2222, 174.75
1205, 1851, 1, 93, 0.6000, 9.6464, -0.9582, 9.5987, 0.1800, 200.67
1205, 1866, 7, 10, 1.0000, 1.0429, -0.0019, 1.0429, 1.0000, 246.08
1205, 1830, 86, 47, 0.5625, 31.4942, 17.7192, -26.0367, 0.2250, 189.00
1205, 1826, 25, 120, 0.9646, 2.0508, -0.9822, 1.8003, 0.9646, 177.00
1205, 1877, -1, 39, 0.9333, 3.8881, -1.7457, 3.4741, 0.8400, 211.83
1205, 1878, 98, 8, 0.9333, 2.5862, 2.2224, -1.3226, 0.8400, 230.50
1205, 1882, 47, 34, 0.7611, 0.9966, 0.9532, 0.2910, 0.3806, 211.80
1205, 1883, 77, 42, 0.6556, 13.5480, -13.4852, -1.3026, 0.2622, 160.00
1205, 1890, 13, 28, 0.6000, 27.4795, -13.3166, -24.0373, 0.1800, 200.00
1206, 1851, 2, 95, 0.6556, 3.4296, 0.4900, 3.3944, 0.2622, 214.25
1206, 1866, 7, 11, 1.0000, 1.0186, -0.0009, 1.0186, 1.0000, 246.07
1206, 1830, 116, 30, 0.6222, 33.9763, 28.6596, -18.2487, 0.3111, 184.20
1206, 1826, 24, 121, 1.0000, 1.6106, -1.0002, 1.2624, 1.0000, 175.83
1206, 1878, 103, 2, 0.9889, 7.5788, 5.1134, -5.5938, 0.9889, 223.25
1206, 1882, 48, 34, 0.8167, 0.9464, 0.9464, -0.0012, 0.4900, 217.50
1206, 1883, 48, 33, 0.7111, 28.9661, -27.9388, -7.6458, 0.3556, 164.40
1206, 1890, 21, 7, 0.6556, 22.3587, 5.0041, -21.7916, 0.2622, 202.50
1206, 1895, 69, 60, 0.6000, 31.1841, 24.4104, 19.4056, 0.1800, 216.00
1206, 1877, -3, 42, 0.8333, 3.8881, -1.7457, 3.4741, 0.7500, 211.83
1207, 1851, 3, 95, 0.7111, 1.0660, 1.0660, 0.0036, 0.3556, 222.00
1207, 1866, 7, 12, 1.0000, 1.0009, -0.0001, 1.0009, 1.0000, 246.40
1207, 1826, 23, 123, 1.0000, 2.0146, -1.0027, 1.7474, 1.0000, 174.92
1207, 1880, 2, 89, 0.6000, 63.0297, -23.2453, 58.5867, 0.1800, 187.67
1207, 1882, 49, 34, 0.8722, 0.9871, 0.9862, -0.0426, 0.6106, 215.00
1207, 1884, 100, 17, 0.6000, 48.6577, 36.9473, -31.6619, 0.1800, 177.67
1207, 1887, 103, 6, 0.6000, 2.1021, 1.8922, -0.9156, 0.1800, 206.50
1207, 1897, 8, 92, 0.6000, 18.6515, -7.9803, 16.8580, 0.1800, 177.00
1207, 1830, 145, 11, 0.5222, 33.9763, 28.6596, -18.2487, 0.2611, 184.20
1207, 1877, -5, 46, 0.7333, 3.8881, -1.7457, 3.4741, 0.6600, 211.83
1207, 1878, 109, -4, 0.8889, 7.5788, 5.1134, -5.5938, 0.8889, 223.25
1207, 1890, 26, -15, 0.5556, 22.3587, 5.0041, -21.7916, 0.2222, 202.50
1207, 1895, 93, 79, 0.5000, 31.1841, 24.4104, 19.4056, 0.1500, 216.00
1208, 1851, 5, 94, 0.7667, 1.9281, 1.8639, -0.4933, 0.4600, 227.50
1208, 1866, 10, 25, 1.0000, 11.8012, 2.2680, 11.5812, 1.0000, 243.88
1208, 1826, 22, 125, 1.0000, 2.2465, -1.0010, 2.0111, 1.0000, 174.93
1208, 1882, 50, 34, 0.9278, 1.0025, 1.0024, -0.0164, 0.7422, 220.00
1208, 1887, 105, 5, 0.7056, 2.2896, 2.0437, -1.0322, 0.2822, 218.62
1208, 1895, 115, 78, 0.6556, 24.1690, 22.9303, 7.6383, 0.2622, 189.50
1208, 1897, 5, 103, 0.6556, 12.4554, -3.2234, 12.0311, 0.2622, 175.50
1208, 1902, 91, 45, 0.6000, 1.0291, 1.0291, 0.0000, 0.1800, 207.56
1208, 1903, 39, 78, 0.6000, 1.9174, 1.9174, 0.0000, 0.1800, 252.67
1208, 1878, 114, -9, 0.7889, 7.5788, 5.1134, -5.5938, 0.7889, 223.25
1208, 1880, -22, 148, 0.5000, 63.0297, -23.2453, 58.5867, 0.1500, 187.67
1208, 1884, 137, -15, 0.5000, 48.6577, 36.9473, -31.6619, 0.1500, 177.67
1209, 1851, 6, 94, 0.8222, 1.3335, 1.3201, -0.1888, 0.5756, 227.50
1209, 1866, 15, 45, 1.0000, 20.0117, 4.6547, 19.4628, 1.0000, 241.71
1209, 1868, 14, 74, 0.6000, 78.4118, -32.3881, 71.4103, 0.1800, 204.33
1209, 1826, 21, 126, 1.0000, 1.6221, -1.0000, 1.2772, 1.0000, 175.00
1209, 1882, 52, 35, 0.9833, 1.9089, 1.7547, 0.7515, 0.8850, 221.11
1209, 1887, 108, 3, 0.7611, 3.3156, 2.7934, -1.7861, 0.3806, 225.90
1209, 1895, 125, 83, 0.7111, 12.5178, 11.1322, 5.7245, 0.3556, 173.60
1209, 1899, 11, 26, 0.6000, 12.9684, 3.6518, 12.4436, 0.1800, 221.33
1209, 1902, 93, 46, 0.7056, 1.9168, 1.7619, 0.7548, 0.2822, 212.67
1209, 1903, 41, 79, 0.7056, 2.1645, 2.0286, 0.7548, 0.2822, 252.00
1209, 1878, 119, -15, 0.6889, 7.5788, 5.1134, -5.5938, 0.6889, 223.25
1209, 1897, 2, 115, 0.5556, 12.4554, -3.2234, 12.0311, 0.2222, 175.50
1210, 1851, 8, 95, 0.8778, 1.9187, 1.7602, 0.7638, 0.7022, 230.19
1210, 1866, 21, 86, 1.0000, 38.7837, 6.0202, 38.3136, 1.0000, 238.78
1210, 1826, 29, 108, 1.0000, 17.1827, 6.6395, -15.8482, 1.0000, 174.25
1210, 1882, 53, 35, 1.0000, 1.3368, 1.3019, 0.3034, 1.0000, 219.70
1210, 1887, 110, 2, 0.8167, 2.6364, 2.2963, -1.2952, 0.4900, 230.75
1210, 1899, 38, 46, 0.6556, 31.2086, 24.6811, 19.1002, 0.2622, 225.75
1210, 1902, 88, 33, 0.7111, 11.8931, -4.0685, -11.1756, 0.3556, 204.13
1210, 1903, 43, 79, 0.7611, 2.0403, 2.0213, 0.2774, 0.3806, 252.60
1210, 1904, 74, 45, 0.6000, 67.0253, 51.1831, -43.2745, 0.1800, 182.33
1210, 1907, 81, 30, 0.6000, 53.3405, 53.3094, -1.8236, 0.1800, 191.67
1210, 1868, -19, 145, 0.5000, 78.4118, -32.3881, 71.4103, 0.1500, 204.33
1210, 1878, 124, -21, 0.5889, 7.5788, 5.1134, -5.5938, 0.5889, 223.25
1211, 1851, 9, 95, 0.9333, 1.2840, 1.2437, 0.3193, 0.8400, 232.94
1211, 1882, 54, 35, 1.0000, 1.0099, 1.0098, 0.0109, 1.0000, 222.45
1211, 1887, 113, 2, 0.8722, 2.7696, 2.7593, -0.2393, 0.6106, 226.43
1211, 1899, 44, 50, 0.7111, 10.0170, 7.8869, 6.1756, 0.3556, 229.00
1211, 1902, 69, 15, 0.7667, 24.3686, -17.0958, -17.3656, 0.4600, 201.28
1211, 1903, 44, 79, 0.8167, 1.2396, 1.2396, -0.0042, 0.4900, 253.00
1211, 1906, 126, 60, 0.6000, 52.1927, -0.7630, -52.1871, 0.1800, 85.33
1211, 1907, 108, 22, 0.6556, 31.6390, 30.7802, -7.3216, 0.2622, 181.75
1211, 1908, 96, 45, 0.6000, 12.6001, -8.1248, 9.6306, 0.1800, 156.67
1211, 1904, 125, 2, 0.5000, 67.0253, 51.1831, -43.2745, 0.1500, 182.33
1212, 1851, 11, 95, 0.9889, 1.7461, 1.7461, 0.0105, 0.9889, 234.65
1212, 1882, 55, 35, 1.0000, 0.9594, 0.9586, -0.0412, 1.0000, 222.08
1212, 1887, 115, 0, 0.9278, 2.6611, 2.2526, -1.4167, 0.7422, 230.00
1212, 1902, 66, 12, 0.8222, 7.1914, -5.1680, -5.0007, 0.5756, 198.67
1212, 1903, 46, 80, 0.8722, 1.8497, 1.7045, 0.7185, 0.6106, 252.71
1212, 1908, 80, 43, 0.6556, 14.5940, -14.5745, -0.7541, 0.2622, 163.75
1212, 1911, 11, 98, 0.6000, 7.7088, 2.5477, 7.2756, 0.1800, 173.00
1212, 1912, 61, 85, 0.6556, 5.3344, 5.2834, -0.7357, 0.2622, 161.25
1212, 1906, 125, 8, 0.5000, 52.1927, -0.7630, -52.1871, 0.1500, 85.33
1212, 1907, 139, 15, 0.5556, 31.6390, 30.7802, -7.3216, 0.2222, 181.75
1213, 1851, 3, 87, 1.0000, 9.9516, -7.1538, -6.9180, 1.0000, 229.59
1213, 1870, 73, 8, 0.6000, 60.6989, 60.5080, -4.8103, 0.1800, 201.33
1213, 1882, 56, 35, 1.0000, 0.9814, 0.9812, -0.0189, 1.0000, 222.69
1213, 1899, 40, 51, 0.8222, 2.2861, -2.1555, 0.7617, 0.5756, 228.86
1213, 1903, 55, 85, 0.8778, 9.3750, 8.0433, 4.8163, 0.7022, 242.62
1213, 1908, 61, 45, 0.7111, 18.8686, -18.8092, 1.4954, 0.3556, 172.60
1213, 1913, 1, 45, 0.6000, 26.8733, -5.6115, 26.2809, 0.1800, 230.17
1213, 1887, 117, -1, 0.8278, 2.6611, 2.2526, -1.4167, 0.6622, 230.00
1213, 1911, 13, 106, 0.5000, 7.7088, 2.5477, 7.2756, 0.1500, 173.00
1213, 1912, 66, 84, 0.5556, 5.3344, 5.2834, -0.7357, 0.2222, 161.25
1214, 1870, 111, 20, 0.6556, 42.7081, 41.5194, 10.0061, 0.2622, 187.50
1214, 1882, 58, 36, 1.0000, 1.8767, 1.7292, 0.7292, 1.0000, 222.86
1214, 1892, 75, 58, 0.6000, 59.5540, 35.1316, 48.0880, 0.1800, 205.50
1214, 1900, 6, 20, 0.6000, 3.6961, 3.6961, -0.0117, 0.1800, 225.00
1214, 1903, 56, 87, 0.9333, 2.7908, 2.1473, 1.7826, 0.8400, 234.56
1214, 1911, 16, 113, 0.6556, 7.7317, 2.6629, 7.2587, 0.2622, 172.50
1214, 1912, 75, 88, 0.7111, 7.3257, 7.1296, 1.6836, 0.3556, 163.20
1214, 1913, 2, 68, 0.6556, 23.9295, -0.0620, 23.9295, 0.2622, 222.62
1214, 1851, -4, 80, 0.9000, 9.9516, -7.1538, -6.9180, 0.9000, 229.59
1214, 1887, 120, -3, 0.7278, 2.6611, 2.2526, -1.4167, 0.5822, 230.00
1214, 1908, 42, 46, 0.6111, 18.8686, -18.8092, 1.4954, 0.3056, 172.60
1215, 1882, 59, 36, 1.0000, 1.3523, 1.3151, 0.3151, 1.0000, 223.40
1215, 1900, 6, 21, 0.7056, 1.3334, 1.0928, 0.7641, 0.2822, 231.50
1215, 1903, 55, 86, 0.9889, 0.3506, -0.3503, -0.0145, 0.9889, 227.90
1215, 1908, 20, 51, 0.7667, 20.8500, -20.5717, 3.3956, 0.4600, 177.17
1215, 1870, 153, 31, 0.5556, 42.7081, 41.5194, 10.0061, 0.2222, 187.50
1215, 1887, 122, -4, 0.6278, 2.6611, 2.2526, -1.4167, 0.5022, 230.00
1215, 1892, 111, 106, 0.5000, 59.5540, 35.1316, 48.0880, 0.1500, 205.50
1215, 1911, 19, 120, 0.5556, 7.7317, 2.6629, 7.2587, 0.2222, 172.50
1215, 1912, 82, 90, 0.6111, 7.3257, 7.1296, 1.6836, 0.3056, 163.20
1215, 1913, 2, 92, 0.5556, 23.9295, -0.0620, 23.9295, 0.2222, 222.62
1216, 1882, 60, 36, 1.0000, 1.0231, 1.0228, 0.0228, 1.0000, 223.69
1216, 1900, 6, 22, 0.7611, 1.0489, -0.0819, 1.0457, 0.3806, 235.80
1216, 1903, 55, 86, 1.0000, 0.5308, -0.4567, -0.2705, 1.0000, 222.73
1216, 1912, 84, 104, 0.7667, 9.7994, 4.2753, 8.8176, 0.4600, 157.33
1216, 1913, 25, 108, 0.7111, 23.4595, 13.2452, 19.3627, 0.3556, 207.10
1216, 1852, 53, 81, 0.5625, 1.9174, 1.9174, 0.0000, 0.2250, 227.88
1216, 1887, 124, -5, 0.5278, 2.6611, 2.2526, -1.4167, 0.4222, 230.00
1216, 1908, 0, 54, 0.6667, 20.8500, -20.5717, 3.3956, 0.4000, 177.17
1217, 1882, 61, 36, 1.0000, 0.9612, 0.9604, -0.0396, 1.0000, 224.29
1217, 1883, 18, 97, 1.0000, 1.6786, 1.5773, 0.5740, 1.0000, 200.13
1217, 1886, 124, 102, 0.6000, 0.9416, 0.9415, -0.0072, 0.1800, 96.33
1217, 1891, 97, 50, 0.6000, 57.9344, 57.7403, -4.7385, 0.1800, 206.00
1217, 1900, 5, 24, 0.8167, 2.0519, -0.9549, 1.8162, 0.4900, 235.00
1217, 1915, 45, 43, 0.6000, 18.2681, 17.7009, 4.5168, 0.1800, 213.17
1217, 1852, 55, 82, 0.6722, 2.1645, 2.0286, 0.7548, 0.3361, 233.30
1217, 1923, 97, 32, 0.6000, 15.0632, -13.0466, 7.5290, 0.1800, 149.33
1217, 1903, 55, 86, 0.9000, 0.5308, -0.4567, -0.2705, 0.9000, 222.73
1217, 1908, -21, 58, 0.5667, 20.8500, -20.5717, 3.3956, 0.3400, 177.17
1217, 1912, 88, 112, 0.6667, 9.7994, 4.2753, 8.8176, 0.4000, 157.33
1218, 1882, 61, 36, 1.0000, 0.2654, 0.2646, -0.0212, 1.0000, 222.58
1218, 1886, 126, 103, 0.7056, 1.9372, 1.7824, 0.7589, 0.2822, 93.50
1218, 1900, 6, 23, 0.8722, 0.4679, 0.4114, -0.2230, 0.6106, 234.21
1218, 1903, 55, 86, 1.0000, 0.0340, 0.0340, -0.0008, 1.0000, 218.75
1218, 1911, 16, 113, 0.7111, 2.2455, -0.7710, -2.1090, 0.3556, 172.40
1218, 1912, 95, 117, 0.8222, 8.5436, 5.5280, 6.5141, 0.5756, 149.86
1218, 1915, 73, 63, 0.6556, 31.8518, 26.1853, 18.1348, 0.2622, 213.12
1218, 1852, 57, 82, 0.7306, 2.0403, 2.0213, 0.2774, 0.4383, 236.92
1218, 1862, 111, 27, 0.5625, 23.0023, 8.0767, -21.5377, 0.2250, 159.00
1218, 1923, 92, 33, 0.6556, 6.2935, -5.9361, 2.0907, 0.2622, 154.75
1218, 1891, 155, 46, 0.5000, 57.9344, 57.7403, -4.7385, 0.1500, 206.00
1219, 1882, 64, 36, 1.0000, 2.0956, 2.0956, -0.0032, 1.0000, 221.92
1219, 1886, 127, 103, 0.7611, 1.3237, 1.2940, 0.2788, 0.3806, 95.20
1219, 1887, 122, 4, 0.9833, 1.3723, 0.5092, 1.2744, 0.8850, 218.78
1219, 1900, 6, 25, 0.9278, 1.2145, 0.2964, 1.1778, 0.7422, 236.19
1219, 1903, 55, 86, 1.0000, 0.0395, 0.0363, 0.0156, 1.0000, 215.38
1219, 1852, 59, 82, 0.7881, 2.0040, 2.0040, -0.0042, 0.5517, 239.50
1219, 1862, 114, 22, 0.6222, 7.2563, 3.2010, -6.5121, 0.3111, 154.60
1219, 1923, 92, 32, 0.7111, 0.5197, -0.4714, -0.2187, 0.3556, 158.00
1219, 1912, 100, 124, 0.7222, 8.5436, 5.5280, 6.5141, 0.5056, 149.86
1219, 1915, 99, 81, 0.5556, 31.8518, 26.1853, 18.1348, 0.2222, 213.12
1220, 1882, 73, 18, 1.0000, 17.1774, 8.6779, -14.8242, 1.0000, 220.07
1220, 1886, 124, 105, 0.8167, 3.2094, -2.8241, 1.5246, 0.4900, 92.50
1220, 1887, 95, 16, 0.9889, 28.8168, -26.3697, 11.6210, 0.9889, 213.20
1220, 1898, 26, 120, 0.6000, 44.3358, -32.2993, 30.3714, 0.1800, 162.33
1220, 1900, 5, 26, 0.9833, 1.4348, -0.7107, 1.2463, 0.8850, 238.17
1220, 1903, 54, 83, 1.0000, 2.3931, -0.7504, -2.2724, 1.0000, 213.36
1220, 1920, 46, 45, 0.6000, 48.5325, -45.0837, 17.9683, 0.1800, 182.67
1220, 1852, 61, 83, 0.8451, 2.1237, 1.9984, 0.7185, 0.6761, 240.69
1220, 1862, 114, 25, 0.6806, 1.4986, 0.8733, 1.2178, 0.4083, 150.83
1220, 1923, 74, 38, 0.7667, 16.8780, -16.1318, 4.9629, 0.4600, 171.83
1220, 1924, 53, 7, 0.6000, 21.6868, -20.1933, -7.9086, 0.1800, 191.67
1220, 1912, 106, 130, 0.6222, 8.5436, 5.5280, 6.5141, 0.4356, 149.86
1221, 1831, 37, 61, 0.5625, 0.9593, -0.0035, 0.9593, 0.2250, 217.25
1221, 1900, 5, 27, 1.0000, 1.1136, -0.3147, 1.0682, 1.0000, 239.15
1221, 1905, 19, 86, 0.6000, 13.9791, -12.3082, -6.6275, 0.1800, 174.33
1221, 1908, 1, 53, 0.9333, 1.1008, 0.1392, 1.0919, 0.8400, 186.56
1221, 1914, 76, 16, 0.6000, 19.1471, -15.6674, -11.0065, 0.1800, 170.67
1221, 1852, 63, 83, 0.9019, 2.0184, 1.9988, 0.2804, 0.8117, 241.50
1221, 1862, 116, 26, 0.7381, 1.9859, 1.3954, 1.4131, 0.5167, 148.57
1221, 1926, 27, 83, 0.6000, 1.3372, 0.9456, 0.9456, 0.1800, 192.00
1221, 1927, 55, 121, 0.6000, 39.6353, -13.0935, 37.4101, 0.1800, 171.00
1221, 1882, 82, 4, 0.9000, 17.1774, 8.6779, -14.8242, 0.9000, 220.07
1221, 1886, 121, 106, 0.7167, 3.2094, -2.8241, 1.5246, 0.4300, 92.50
1221, 1898, -7, 151, 0.5000, 44.3358, -32.2993, 30.3714, 0.1500, 162.33
1221, 1903, 53, 81, 0.9000, 2.3931, -0.7504, -2.2724, 0.9000, 213.36
1221, 1912, 111, 137, 0.5222, 8.5436, 5.5280, 6.5141, 0.3656, 149.86
1221, 1920, 1, 63, 0.5000, 48.5325, -45.0837, 17.9683, 0.1500, 182.67
1221, 1924, 33, -1, 0.5000, 21.6868, -20.1933, -7.9086, 0.1500, 191.67
1222, 1831, 36, 63, 0.6722, 1.9262, -0.7524, 1.7732, 0.3361, 217.40
1222, 1900, 8, 33, 1.0000, 6.0202, 2.2753, 5.5737, 1.0000, 235.50
1222, 1905, 9, 70, 0.6556, 17.9693, -10.2889, -14.7320, 0.2622, 177.25
1222, 1914, 50, 28, 0.6556, 26.9305, -25.1625, 9.5967, 0.2622, 176.50
1222, 1852, 65, 83, 0.9583, 1.9998, 1.9998, 0.0053, 0.9583, 239.70
1222, 1862, 104, 32, 0.7951, 11.9114, -10.4263, 5.7598, 0.6361, 150.12
1222, 1924, 9, 5, 0.6556, 22.2258, -22.2245, 0.2357, 0.2622, 206.75
1222, 1926, 28, 99, 0.6556, 13.9590, 1.0191, 13.9218, 0.2622, 184.75
1222, 1871, 54, 85, 0.5625, 41.0555, 28.1045, 29.9281, 0.2250, 195.50
1222, 1882, 91, -11, 0.8000, 17.1774, 8.6779, -14.8242, 0.8000, 220.07
1222, 1927, 42, 159, 0.5000, 39.6353, -13.0935, 37.4101, 0.1500, 171.00
1223, 1831, 36, 64, 0.7306, 1.3167, -0.2745, 1.2878, 0.4383, 214.83
1223, 1914, 36, 29, 0.7111, 14.8831, -14.8379, 1.1588, 0.3556, 181.80
1223, 1852, 73, 76, 0.9646, 9.4103, 7.2329, -6.0198, 0.9646, 235.36
1223, 1924, 6, 8, 0.7111, 5.3206, -4.9067, 2.0575, 0.3556, 215.40
1223, 1926, 26, 111, 0.7111, 12.7160, -1.2756, 12.6518, 0.3556, 179.00
1223, 1882, 100, -26, 0.7000, 17.1774, 8.6779, -14.8242, 0.7000, 220.07
1223, 1900, 10, 39, 0.9000, 6.0202, 2.2753, 5.5737, 0.9000, 235.50
1223, 1905, -2, 56, 0.5556, 17.9693, -10.2889, -14.7320, 0.2222, 177.25
1224, 1831, 35, 65, 0.7881, 1.2534, -0.7595, 0.9970, 0.5517, 213.00
1224, 1900, 11, 69, 1.0000, 19.8597, 1.6916, 19.7875, 1.0000, 231.88
1224, 1905, 4, 30, 0.7111, 20.7836, -0.9380, -20.7624, 0.3556, 188.90
1224, 1909, 54, 86, 0.6000, 24.7538, 24.6811, 1.8954, 0.1800, 177.00
1224, 1912, 124, 124, 0.8778, 4.6694, 4.6082, -0.7537, 0.7022, 141.12
1224, 1917, 37, 18, 0.6000, 27.8053, -9.3746, -26.1773, 0.1800, 204.00
1224, 1852, 105, 81, 1.0000, 29.6064, 29.3986, 3.5018, 1.0000, 224.67
1224, 1926, 26, 113, 0.7667, 2.8682, -0.6350, 2.7970, 0.4600, 175.50
1224, 1882, 108, -41, 0.6000, 17.1774, 8.6779, -14.8242, 0.6000, 220.07
1225, 1831, 35, 67, 0.8451, 1.7359, -0.2523, 1.7175, 0.6761, 212.62
1225, 1889, 21, 43, 0.6000, 51.1644, -51.0827, -2.8891, 0.1800, 199.67
1225, 1896, 36, 48, 0.6000, 48.5688, -44.1803, -20.1750, 0.1800, 188.33
1225, 1909, 71, 85, 0.6556, 18.2878, 18.2865, -0.2202, 0.2622, 188.62
1225, 1921, 23, 9, 0.6556, 8.1895, -3.0325, 7.6074, 0.2622, 211.50
1225, 1882, 117, -56, 0.5000, 17.1774, 8.6779, -14.8242, 0.5000, 220.07
1225, 1917, 27, -9, 0.5000, 27.8053, -9.3746, -26.1773, 0.1500, 204.00
1225, 1926, 25, 116, 0.6667, 2.8682, -0.6350, 2.7970, 0.4000, 175.50
1226, 1831, 35, 68, 0.9019, 1.2799, 0.0122, 1.2799, 0.8117, 212.33
1226, 1896, 15, 38, 0.6556, 25.8264, -23.4514, -10.8183, 0.2622, 193.50
1226, 1909, 75, 85, 0.7111, 5.0401, 5.0296, -0.3260, 0.3556, 201.50
1226, 1917, 9, 2, 0.6556, 15.2867, -14.1355, -5.8199, 0.2622, 206.25
1226, 1921, 33, 40, 0.7111, 30.0629, 8.8039, 28.7449, 0.3556, 211.40
1226, 1889, -30, 40, 0.5000, 51.1644, -51.0827, -2.8891, 0.1500, 199.67
1226, 1926, 25, 118, 0.5667, 2.8682, -0.6350, 2.7970, 0.3400, 175.50
1227, 1831, 34, 69, 0.9583, 1.2307, -0.7099, 1.0053, 0.9583, 212.80
1227, 1896, 3, 33, 0.7111, 14.8058, -13.5646, -5.9342, 0.3556, 205.40
1227, 1909, 75, 86, 0.7667, 1.0308, 0.7815, 0.6722, 0.4600, 210.08
1227, 1918, 80, 41, 0.6000, 27.8514, -27.4477, -4.7248, 0.1800, 178.33
1227, 1921, 31, 60, 0.7667, 20.5711, -0.7860, 20.5561, 0.4600, 209.94
1227, 1922, 11, 2, 0.6000, 15.2178, 10.2756, -11.2247, 0.1800, 220.33
1227, 1929, 95, 100, 0.6000, 25.6706, 17.6233, 18.6654, 0.1800, 158.17
1227, 1917, -5, -4, 0.5556, 15.2867, -14.1355, -5.8199, 0.2222, 206.25
1228, 1831, 34, 71, 1.0000, 1.7320, -0.2861, 1.7082, 1.0000, 212.55
1228, 1909, 76, 86, 0.8222, 1.1380, 1.0978, 0.2997, 0.5756, 215.93
1228, 1918, 69, 39, 0.6556, 14.1145, -13.8226, -2.8559, 0.2622, 194.25
1228, 1921, 32, 87, 0.8222, 26.6586, 0.7274, 26.6487, 0.5756, 206.81
1228, 1922, 12, 0, 0.6556, 3.9449, 2.2308, -3.2535, 0.2622, 220.50
1228, 1930, 84, 16, 0.6000, 17.9899, -15.8993, -8.4173, 0.1800, 171.33
1228, 1929, 113, 119, 0.5000, 25.6706, 17.6233, 18.6654, 0.1500, 158.17
1229, 1831, 34, 72, 1.0000, 1.2868, -0.0101, 1.2868, 1.0000, 210.83
1229, 1909, 78, 87, 0.8778, 2.0143, 1.8512, 0.7938, 0.7022, 220.81
1229, 1916, 111, 34, 0.6000, 1.3367, 0.9560, 0.9343, 0.1800, 153.00
1229, 1930, 82, 16, 0.6556, 4.0303, -3.6980, -1.6026, 0.2622, 174.00
1229, 1885, 110, 121, 0.5625, 2.9575, 2.8058, 0.9353, 0.2250, 93.50
1229, 1931, 91, 50, 0.6000, 44.6675, 14.9640, 42.0863, 0.1800, 179.67
1229, 1933, 5, 6, 0.6000, 51.5770, -29.8811, -42.0394, 0.1800, 217.33
1229, 1918, 55, 36, 0.5556, 14.1145, -13.8226, -2.8559, 0.2222, 194.25
1229, 1921, 32, 114, 0.7222, 26.6586, 0.7274, 26.6487, 0.5056, 206.81
1229, 1922, 15, -4, 0.5556, 3.9449, 2.2308, -3.2535, 0.2222, 220.50
1230, 1831, 33, 73, 1.0000, 1.2300, -0.7002, 1.0113, 1.0000, 209.92
1230, 1909, 81, 88, 0.9333, 3.0383, 2.8599, 1.0258, 0.8400, 218.31
1230, 1916, 89, 29, 0.6556, 19.1079, -18.6271, -4.2598, 0.2622, 158.75
1230, 1918, 69, 37, 0.7111, 2.2699, 2.1810, -0.6293, 0.3556, 193.80
1230, 1885, 111, 121, 0.6722, 1.5627, 1.5406, 0.2619, 0.3361, 92.60
1230, 1832, 34, 89, 0.5400, 9.2112, 3.7410, -8.4173, 0.2700, 174.00
1230, 1930, 78, 14, 0.5556, 4.0303, -3.6980, -1.6026, 0.2222, 174.00
1230, 1931, 106, 92, 0.5000, 44.6675, 14.9640, 42.0863, 0.1500, 179.67
1230, 1933, -24, -36, 0.5000, 51.5770, -29.8811, -42.0394, 0.1500, 217.33
1231, 1831, 33, 75, 1.0000, 1.7208, -0.2905, 1.6961, 1.0000, 210.64
1231, 1909, 83, 88, 0.9889, 2.3399, 2.3261, 0.2534, 0.9889, 221.58
1231, 1922, 29, 2, 0.7111, 6.5460, 6.3140, 1.7273, 0.3556, 215.20
1231, 1926, 46, 125, 0.8222, 4.4128, 4.2087, 1.3267, 0.5756, 173.86
1231, 1930, 55, 3, 0.7111, 16.5502, -15.0331, -6.9221, 0.3556, 179.60
1231, 1885, 112, 121, 0.7306, 0.9623, 0.9619, -0.0263, 0.4383, 91.67
1231, 1832, 28, 80, 0.6000, 10.0831, -4.2357, -9.1503, 0.3600, 174.83
1231, 1935, 1, 40, 0.6000, 24.1467, -16.1533, 17.9481, 0.1800, 204.33
1231, 1937, 46, 93, 0.6000, 48.1395, -28.9097, 38.4921, 0.1800, 194.00
1231, 1938, 18, 70, 0.6000, 20.9286, -16.8099, 12.4673, 0.1800, 201.11
1231, 1916, 71, 25, 0.5556, 19.1079, -18.6271, -4.2598, 0.2222, 158.75
1232, 1831, 32, 75, 1.0000, 0.9339, -0.7462, 0.5616, 1.0000, 209.63
1232, 1896, 5, 39, 0.9889, 0.9621, -0.0819, 0.9586, 0.9889, 227.90
1232, 1909, 84, 89, 1.0000, 1.4148, 1.2111, 0.7314, 1.0000, 219.67
1232, 1916, 68, 31, 0.7111, 9.4082, -9.2677, 1.6200, 0.3556, 166.40
1232, 1885, 114, 122, 0.7881, 1.8182, 1.6711, 0.7162, 0.5517, 91.00
1232, 1934, 84, 23, 0.6000, 70.1990, 32.8382, -62.0447, 0.1800, 174.87
1232, 1832, 32, 57, 0.6587, 21.4981, 2.5338, -21.3482, 0.4611, 178.43
1232, 1937, 40, 124, 0.6556, 33.3214, -8.6379, 32.1824, 0.2622, 188.25
1232, 1938, 4, 98, 0.6556, 29.5349, -14.3192, 25.8316, 0.2622, 191.58
1232, 1947, 7, 6, 0.6000, 0.9822, 0.9822, 0.0000, 0.1800, 252.33
1232, 1949, 14, 53, 0.6000, 31.0892, 8.4173, -29.9281, 0.1800, 191.00
1232, 1935, -15, 57, 0.5000, 24.1467, -16.1533, 17.9481, 0.1500, 204.33
1233, 1831, 31, 78, 1.0000, 2.3788, -1.0011, 2.1579, 1.0000, 209.22
1233, 1896, 5, 40, 1.0000, 0.9824, -0.0356, 0.9817, 1.0000, 227.00
1233, 1909, 87, 90, 1.0000, 2.6580, 2.4591, 1.0089, 1.0000, 221.69
1233, 1832, 39, 46, 0.7167, 13.9956, 6.9338, -12.1573, 0.5733, 181.38
1233, 1936, 73, 40, 0.6000, 56.2739, 55.8189, 7.1414, 0.1800, 200.33
1233, 1947, 8, 6, 0.7056, 1.0119, 1.0119, 0.0000, 0.2822, 252.25
1233, 1950, 13, 97, 0.6000, 2.0127, 1.7297, 1.0291, 0.1800, 204.50
1233, 1885, 116, 123, 0.6881, 1.8182, 1.6711, 0.7162, 0.4817, 91.00
1233, 1934, 117, -39, 0.5000, 70.1990, 32.8382, -62.0447, 0.1500, 174.87
1233, 1937, 32, 156, 0.5556, 33.3214, -8.6379, 32.1824, 0.2222, 188.25
1233, 1938, -11, 124, 0.5556, 29.5349, -14.3192, 25.8316, 0.2222, 191.58
1233, 1949, 22, 23, 0.5000, 31.0892, 8.4173, -29.9281, 0.1500, 191.00
1234, 1831, 31, 79, 1.0000, 1.6023, -0.3176, 1.5705, 1.0000, 208.26
1234, 1909, 89, 90, 1.0000, 2.2875, 2.2731, 0.2560, 1.0000, 221.95
1234, 1885, 116, 123, 0.8451, 1.1497, 1.0063, 0.5560, 0.6761, 93.25
1234, 1832, 51, 25, 0.7741, 23.0317, 11.4970, -19.9569, 0.6967, 183.33
1234, 1936, 119, 36, 0.6556, 46.7170, 46.6135, -3.1092, 0.2622, 185.25
1234, 1947, 9, 6, 0.7611, 1.0067, 1.0067, 0.0000, 0.3806, 252.40
1234, 1950, 15, 110, 0.6556, 11.7537, 2.0477, 11.5740, 0.2622, 192.62
1235, 1831, 31, 79, 1.0000, 0.3503, 0.0182, 0.3498, 1.0000, 206.92
1235, 1909, 92, 91, 1.0000, 2.9117, 2.8175, 0.7347, 1.0000, 223.81
1235, 1928, 15, 98, 0.6000, 1.3079, 0.9278, 0.9219, 0.1800, 209.33
1235, 1885, 118, 123, 0.9019, 1.7418, 1.7379, 0.1162, 0.8117, 92.44
1235, 1832, 64, 2, 0.8311, 25.9463, 12.5611, -22.7031, 0.8311, 187.20
1235, 1943, 45, 101, 0.6000, 25.8304, 23.4530, 10.8244, 0.1800, 211.00
1235, 1947, 10, 6, 0.8167, 1.0008, 1.0008, 0.0000, 0.4900, 252.83
1235, 1948, 4, 49, 0.6000, 15.9279, 1.6785, -15.8392, 0.1800, 191.67
1235, 1949, 17, -1, 0.6556, 15.2789, -0.3838, -15.2740, 0.2622, 198.25
1235, 1936, 165, 33, 0.5556, 46.7170, 46.6135, -3.1092, 0.2222, 185.25
1235, 1950, 17, 122, 0.5556, 11.7537, 2.0477, 11.5740, 0.2222, 192.62
1236, 1831, 30, 82, 1.0000, 2.1512, -0.6557, 2.0488, 1.0000, 206.29
1236, 1909, 94, 92, 1.0000, 2.4680, 2.2521, 1.0097, 1.0000, 225.02
1236, 1928, 17, 98, 0.7056, 1.8106, 1.7892, 0.2776, 0.2822, 214.50
1236, 1885, 119, 124, 0.9583, 1.4730, 1.2840, 0.7218, 0.9583, 91.30
1236, 1943, 52, 104, 0.6556, 9.6900, 8.7757, 4.1089, 0.2622, 217.50
1236, 1947, 11, 6, 0.8722, 0.9993, 0.9993, 0.0000, 0.6106, 252.79
1236, 1948, 9, 28, 0.6556, 20.7928, 4.4021, -20.3215, 0.2622, 200.50
1236, 1949, 17, -2, 0.7111, 2.3905, -0.3308, -2.3676, 0.3556, 204.80
1237, 1831, 29, 84, 1.0000, 2.4987, -1.0081, 2.2863, 1.0000, 205.68
1237, 1909, 96, 92, 1.0000, 1.9936, 1.9767, 0.2594, 1.0000, 223.86
1237, 1928, 18, 99, 0.7611, 1.4975, 1.2989, 0.7452, 0.3806, 222.20
1237, 1885, 120, 124, 1.0000, 1.0424, 1.0070, 0.2692, 1.0000, 94.91
1237, 1943, 53, 104, 0.7111, 2.4358, 2.4342, 0.0887, 0.3556, 212.20
1237, 1947, 13, 7, 0.9278, 1.9114, 1.7556, 0.7560, 0.7422, 253.06
1237, 1948, 14, 22, 0.7111, 9.3045, 5.2203, -7.7021, 0.3556, 200.40
1237, 1953, 37, 65, 0.6000, 2.7421, 2.7404, -0.0963, 0.1800, 201.33
1238, 1831, 29, 85, 1.0000, 1.4599, -0.3533, 1.4165, 1.0000, 204.69
1238, 1909, 97, 77, 1.0000, 14.0732, 1.1799, -14.0236, 1.0000, 219.11
1238, 1928, 19, 99, 0.8167, 1.0282, 0.9989, 0.2437, 0.4900, 220.17
1238, 1888, 78, 38, 0.5625, 36.8856, 13.8715, 34.1779, 0.2250, 193.00
1238, 1943, 53, 104, 0.7667, 0.4589, 0.4135, 0.1991, 0.4600, 213.17
1238, 1947, 14, 7, 0.9833, 1.3324, 1.2985, 0.2986, 0.8850, 253.06
1238, 1948, 12, 16, 0.7667, 6.1629, -0.9430, -6.0903, 0.4600, 204.00
1238, 1953, 40, 61, 0.7056, 4.8699, 3.0797, -3.7725, 0.2822, 203.25
1238, 1954, 20, 35, 0.6000, 20.9758, 9.3995, 18.7520, 0.1800, 207.00
1238, 1955, 123, 35, 0.6000, 1.9174, 1.9174, 0.0000, 0.1800, 133.33
1238, 1885, 121, 124, 0.9000, 1.0424, 1.0070, 0.2692, 0.9000, 94.91
1239, 1831, 29, 86, 1.0000, 0.9825, 0.0014, 0.9825, 1.0000, 204.84
1239, 1909, 82, 44, 1.0000, 33.7242, -13.8152, -30.7646, 1.0000, 217.27
1239, 1928, 20, 100, 0.8722, 1.2129, 0.9563, 0.7461, 0.6106, 221.29
1239, 1888, 99, 91, 0.6222, 54.2016, 20.0409, 50.3605, 0.3111, 198.60
1239, 1943, 54, 104, 0.8222, 0.5724, 0.5690, 0.0615, 0.5756, 213.86
1239, 1947, 15, 6, 1.0000, 1.2502, 1.0077, -0.7399, 1.0000, 251.40
1239, 1953, 40, 60, 0.7611, 0.9904, 0.7740, -0.6179, 0.3806, 204.20
1239, 1955, 99, 35, 0.6556, 20.6146, -20.6146, 0.0000, 0.2622, 142.75
1239, 1961, 38, 69, 0.6000, 33.0947, 7.1792, -32.3066, 0.1800, 180.00
1239, 1965, 41, 95, 0.6000, 0.9364, 0.9353, 0.0469, 0.1800, 177.00
1239, 1885, 122, 125, 0.8000, 1.0424, 1.0070, 0.2692, 0.8000, 94.91
1239, 1948, 11, 10, 0.6667, 6.1629, -0.9430, -6.0903, 0.4000, 204.00
1239, 1954, 29, 54, 0.5000, 20.9758, 9.3995, 18.7520, 0.1500, 207.00
1240, 1831, 28, 87, 1.0000, 1.1230, -0.6391, 0.9234, 1.0000, 204.15
1240, 1928, 22, 100, 0.9278, 1.7577, 1.7391, 0.2551, 0.7422, 223.88
1240, 1885, 124, 125, 1.0000, 1.4174, 1.3829, 0.3106, 1.0000, 94.67
1240, 1943, 56, 105, 0.8778, 1.8811, 1.7133, 0.7767, 0.7022, 216.75
1240, 1947, 16, 7, 1.0000, 1.0380, 0.9585, 0.3983, 1.0000, 251.55
1240, 1954, 53, 78, 0.6556, 28.0326, 17.8274, 21.6336, 0.2622, 203.75
1240, 1955, 79, 40, 0.7111, 20.5622, -20.0454, 4.5812, 0.3556, 151.40
1240, 1961, 62, 10, 0.6556, 59.4866, 21.9042, -55.3069, 0.2622, 187.75
1240, 1963, 60, 25, 0.6000, 70.8581, 55.6392, -43.8765, 0.1800, 184.67
1240, 1965, 57, 103, 0.6556, 15.4221, 13.8478, 6.7882, 0.2622, 171.75
1240, 1888, 119, 142, 0.5222, 54.2016, 20.0409, 50.3605, 0.2611, 198.60
1240, 1953, 41, 60, 0.6611, 0.9904, 0.7740, -0.6179, 0.3306, 204.20
1241, 1831, 28, 89, 1.0000, 1.6877, -0.3019, 1.6605, 1.0000, 204.02
1241, 1928, 23, 101, 0.9833, 1.4959, 1.2984, 0.7430, 0.8850, 221.33
1241, 1943, 58, 105, 0.9333, 2.1179, 2.1008, 0.2687, 0.8400, 219.67
1241, 1947, 17, 7, 1.0000, 1.0197, 0.9818, 0.2754, 1.0000, 251.58
1241, 1953, 41, 65, 0.8167, 2.6183, 0.2282, 2.6083, 0.4900, 205.83
1241, 1894, 96, 39, 0.5625, 23.8962, 23.8962, 0.0000, 0.2250, 223.00
1241, 1954, 59, 108, 0.7111, 29.8859, 6.6387, 29.1392, 0.3556, 193.00
1241, 1955, 47, 65, 0.7667, 37.9376, -30.6294, 22.3854, 0.4600, 159.50
1241, 1965, 64, 110, 0.7111, 10.6928, 8.0216, 7.0702, 0.3556, 166.00
1241, 1885, 125, 125, 0.9000, 1.4174, 1.3829, 0.3106, 0.9000, 94.67
1241, 1961, 84, -45, 0.5556, 59.4866, 21.9042, -55.3069, 0.2222, 187.75
1241, 1963, 115, -19, 0.5000, 70.8581, 55.6392, -43.8765, 0.1500, 184.67
1242, 1831, 30, 100, 1.0000, 9.8171, 2.0318, 9.6046, 1.0000, 202.70
1242, 1928, 24, 101, 1.0000, 1.0429, 1.0101, 0.2598, 1.0000, 220.50
1242, 1943, 60, 106, 0.9889, 2.2146, 2.0759, 0.7715, 0.9889, 220.00
1242, 1947, 26, 12, 1.0000, 8.8257, 7.6135, 4.4642, 1.0000, 247.92
1242, 1901, 75, 62, 0.5625, 14.8683, -9.0341, 11.8090, 0.2250, 192.75
1242, 1953, 29, 87, 0.8222, 23.0756, -10.9391, 20.3179, 0.5756, 202.00
1242, 1964, 34, 62, 0.6000, 13.8800, 8.9725, -10.5900, 0.1800, 192.00
1242, 1885, 127, 126, 0.8000, 1.4174, 1.3829, 0.3106, 0.8000, 94.67
1242, 1954, 66, 137, 0.6111, 29.8859, 6.6387, 29.1392, 0.3056, 193.00
1242, 1965, 72, 117, 0.6111, 10.6928, 8.0216, 7.0702, 0.3056, 166.00
1243, 1831, 31, 103, 1.0000, 4.4541, 1.0274, 4.3340, 1.0000, 201.48
1243, 1928, 26, 102, 1.0000, 1.8558, 1.7029, 0.7378, 1.0000, 217.64
1243, 1943, 62, 106, 1.0000, 2.0267, 2.0129, 0.2364, 1.0000, 218.91
1243, 1901, 46, 70, 0.6222, 27.6019, -26.3630, 8.1766, 0.3111, 193.40
1243, 1964, 70, 36, 0.6556, 40.3562, 32.4807, -23.9505, 0.2622, 191.00
1243, 1885, 128, 126, 0.7000, 1.4174, 1.3829, 0.3106, 0.7000, 94.67
1243, 1947, 33, 17, 0.9000, 8.8257, 7.6135, 4.4642, 0.9000, 247.92
1243, 1965, 80, 124, 0.5111, 10.6928, 8.0216, 7.0702, 0.2556, 166.00
1244, 1928, 27, 103, 1.0000, 1.6327, 1.2877, 1.0037, 1.0000, 218.08
1244, 1943, 63, 107, 1.0000, 1.4287, 1.2093, 0.7608, 1.0000, 219.00
1244, 1945, 66, 81, 0.6000, 37.4249, 15.1918, -34.2028, 0.1800, 161.00
1244, 1901, 40, 69, 0.6806, 8.5553, -8.5267, 0.6983, 0.4083, 193.67
1244, 1894, 120, 49, 0.6222, 5.9821, 4.4100, 4.0420, 0.3111, 204.00
1244, 1964, 112, 18, 0.7111, 45.4567, 41.3423, -18.8978, 0.3556, 179.80
1244, 1968, 97, 38, 0.6000, 41.6686, 29.9281, 28.9928, 0.1800, 216.33
1244, 1831, 32, 108, 0.9000, 4.4541, 1.0274, 4.3340, 0.9000, 201.48
1244, 1885, 130, 126, 0.6000, 1.4174, 1.3829, 0.3106, 0.6000, 94.67
1244, 1947, 41, 21, 0.8000, 8.8257, 7.6135, 4.4642, 0.8000, 247.92
1245, 1928, 29, 103, 1.0000, 1.7748, 1.7481, 0.3064, 1.0000, 216.69
1245, 1932, 6, 54, 0.6000, 81.8146, -77.3216, 26.7395, 0.1800, 201.33
1245, 1943, 49, 101, 1.0000, 14.1992, -13.1908, -5.2555, 1.0000, 215.54
1245, 1945, 97, 39, 0.6556, 49.5846, 28.4644, -40.6007, 0.2622, 164.33
1245, 1947, 67, 10, 1.0000, 15.2350, 15.1261, -1.8182, 1.0000, 246.21
1245, 1894, 120, 50, 0.6806, 0.8943, 0.2319, 0.8637, 0.4083, 189.67
1245, 1966, 101, 19, 0.6000, 10.7404, -4.4952, -9.7544, 0.1800, 151.67
1245, 1968, 116, 66, 0.6556, 35.5269, 21.2129, 28.4987, 0.2622, 193.25
1245, 1969, 3, 25, 0.6000, 1.3890, -0.9822, 0.9822, 0.1800, 219.67
1245, 1831, 33, 112, 0.8000, 4.4541, 1.0274, 4.3340, 0.8000, 201.48
1245, 1885, 131, 127, 0.5000, 1.4174, 1.3829, 0.3106, 0.5000, 94.67
1245, 1964, 154, -1, 0.6111, 45.4567, 41.3423, -18.8978, 0.3056, 179.80
1246, 1928, 30, 104, 1.0000, 1.4550, 1.2720, 0.7063, 1.0000, 217.57
1246, 1945, 105, 15, 0.7111, 27.8641, 10.7492, -25.7073, 0.3556, 162.87
1246, 1901, 27, 73, 0.7951, 2.2664, -2.0428, 0.9816, 0.6361, 193.38
1246, 1910, 18, 43, 0.5625, 59.4915, -5.1577, -59.2675, 0.2250, 171.00
1246, 1966, 71, 11, 0.6556, 28.5144, -27.2555, -8.3790, 0.2622, 165.00
1246, 1969, 3, 26, 0.7056, 1.0441, -0.2571, 1.0119, 0.2822, 217.62
1246, 1970, 14, 38, 0.6000, 1.3562, 0.9353, 0.9822, 0.1800, 252.67
1246, 1831, 34, 116, 0.7000, 4.4541, 1.0274, 4.3340, 0.7000, 201.48
1246, 1932, -71, 81, 0.5000, 81.8146, -77.3216, 26.7395, 0.1500, 201.33
1246, 1964, 195, -20, 0.5111, 45.4567, 41.3423, -18.8978, 0.2556, 179.80
1246, 1968, 138, 95, 0.5556, 35.5269, 21.2129, 28.4987, 0.2222, 193.25
1247, 1831, 26, 108, 1.0000, 1.9664, -1.9390, 0.3271, 1.0000, 199.35
1247, 1928, 31, 104, 1.0000, 1.0327, 1.0007, 0.2550, 1.0000, 218.07
1247, 1966, 64, 11, 0.7111, 8.7891, -8.7275, -1.0389, 0.3556, 174.60
1247, 1967, 15, 122, 0.6000, 48.9040, 15.1335, 46.5035, 0.1800, 170.33
1247, 1969, 1, 26, 0.7611, 1.5125, -1.4928, 0.2432, 0.3806, 217.70
1247, 1970, 15, 40, 0.7056, 2.0384, 1.0167, 1.7667, 0.2822, 246.25
1248, 1831, 18, 124, 1.0000, 16.1495, -7.3612, 14.3743, 1.0000, 197.84
1248, 1928, 33, 105, 1.0000, 1.8292, 1.6803, 0.7228, 1.0000, 218.38
1248, 1885, 115, 93, 1.0000, 5.9168, -2.0290, -5.5581, 1.0000, 94.54
1248, 1969, 0, 26, 0.8167, 1.2973, -1.2961, -0.0547, 0.4900, 217.58
1248, 1970, 16, 41, 0.7611, 1.6366, 1.0146, 1.2842, 0.3806, 248.00
1248, 1971, 19, 17, 0.6000, 1.0387, 1.0291, -0.1408, 0.1800, 218.33
1248, 1967, 31, 169, 0.5000, 48.9040, 15.1335, 46.5035, 0.1500, 170.33
1249, 1928, 40, 114, 1.0000, 9.7824, 6.3271, 7.4608, 1.0000, 214.18
1249, 1939, 75, 11, 0.6000, 58.8515, 25.9362, -52.8281, 0.1800, 196.33
1249, 1946, 31, 40, 0.6000, 83.9240, -23.0544, -80.6953, 0.1800, 174.67
1249, 1969, 3, 24, 0.8722, 3.1778, 2.7589, -1.5768, 0.6106, 215.21
1249, 1970, 16, 42, 0.8167, 1.0249, 0.2387, 0.9967, 0.4900, 249.17
1249, 1971, 20, 17, 0.7056, 1.0072, 1.0071, 0.0143, 0.2822, 222.50
1250, 1928, 70, 112, 1.0000, 26.1181, 26.1155, -0.3691, 1.0000, 212.11
1250, 1956, 107, 19, 0.6000, 21.7402, 0.9279, -21.7204, 0.1800, 155.00
1250, 1969, 6, 20, 0.9278, 4.5692, 2.7750, -3.6301, 0.7422, 214.19
1250, 1970, 17, 43, 0.8722, 1.1892, 0.7051, 0.9576, 0.6106, 250.00
1250, 1971, 21, 18, 0.7611, 1.2718, 0.9988, 0.7873, 0.3806, 221.20
1250, 1925, 13, 60, 0.5625, 32.6071, -30.9102, -10.3816, 0.2250, 195.00
1250, 1974, 69, 43, 0.6000, 28.1200, 0.9353, 28.1045, 0.1800, 209.33
1250, 1976, 71, 39, 0.6000, 2.8091, 0.8883, 2.6649, 0.1800, 212.00
1250, 1939, 101, -42, 0.5000, 58.8515, 25.9362, -52.8281, 0.1500, 196.33
1250, 1946, 8, -41, 0.5000, 83.9240, -23.0544, -80.6953, 0.1500, 174.67
1251, 1970, 17, 44, 0.9278, 1.0128, 0.2399, 0.9840, 0.7422, 247.81
1251, 1971, 22, 18, 0.8167, 1.0420, 0.9985, 0.2981, 0.4900, 220.00
1251, 1974, 50, 74, 0.6556, 34.5994, -16.3431, 30.4963, 0.2622, 205.12
1251, 1975, 70, 15, 0.6000, 0.7529, 0.7529, 0.0000, 0.1800, 193.50
1251, 1976, 78, 41, 0.6556, 6.7146, 6.3049, 2.3097, 0.2622, 205.25
1251, 1977, 67, 31, 0.6000, 32.2631, 26.7777, -17.9963, 0.1800, 201.33
1251, 1956, 108, -3, 0.5000, 21.7402, 0.9279, -21.7204, 0.1500, 155.00
1252, 1970, 18, 45, 0.9833, 1.2458, 0.7430, 0.9999, 0.8850, 248.17
1252, 1971, 23, 18, 0.8722, 0.9996, 0.9996, 0.0006, 0.6106, 221.14
1252, 1974, 38, 107, 0.7111, 34.9353, -12.2382, 32.7216, 0.3556, 204.90
1252, 1975, 70, 18, 0.7056, 2.2973, 0.3050, 2.2769, 0.2822, 194.12
1252, 1977, 106, 13, 0.6556, 41.9813, 37.7740, -18.3182, 0.2622, 186.75
1252, 1865, 45, 108, 0.5400, 0.0469, 0.0000, -0.0469, 0.2700, 157.00
1252, 1980, 76, 37, 0.6000, 38.7573, -30.9102, 23.3813, 0.1800, 159.67
1252, 1983, 47, 81, 0.6000, 27.1532, 10.1000, -25.2049, 0.1800, 183.33
1252, 1976, 84, 43, 0.5556, 6.7146, 6.3049, 2.3097, 0.2222, 205.25
1253, 1956, 111, -1, 0.6556, 3.5420, 1.4433, -3.2346, 0.2622, 178.25
1253, 1970, 19, 46, 1.0000, 1.4227, 1.0096, 1.0023, 1.0000, 247.45
1253, 1971, 23, 18, 0.9278, 0.2479, 0.2441, -0.0431, 0.7422, 220.75
1253, 1925, -1, 39, 0.6222, 6.5520, 1.0233, -6.4716, 0.3111, 191.00
1253, 1977, 127, 9, 0.7111, 23.1915, 22.6143, -5.1418, 0.3556, 173.80
1253, 1865, 41, 108, 0.6500, 3.7739, -3.7739, 0.0048, 0.3900, 164.33
1253, 1980, 47, 77, 0.6556, 47.8769, -29.7725, 37.4939, 0.2622, 167.50
1253, 1983, 49, 73, 0.6556, 10.5043, 2.9003, -10.0960, 0.2622, 185.00
1253, 1975, 70, 20, 0.6056, 2.2973, 0.3050, 2.2769, 0.2422, 194.12
1254, 1956, 112, -1, 0.7111, 1.0975, 1.0964, -0.0490, 0.3556, 193.20
1254, 1970, 19, 48, 1.0000, 1.7697, 0.2989, 1.7443, 1.0000, 247.95
1254, 1971, 19, 16, 0.9833, 4.1014, -3.8091, -1.5206, 0.8850, 219.33
1254, 1925, 27, 30, 0.6806, 27.7555, 26.4474, -8.4206, 0.4083, 193.50
1254, 1975, 70, 18, 0.7611, 0.0779, -0.0751, -0.0205, 0.3806, 197.90
1254, 1976, 105, 35, 0.7111, 10.0654, 9.5989, -3.0287, 0.3556, 194.00
1254, 1865, 41, 108, 0.7087, 0.1401, 0.1399, 0.0079, 0.4961, 166.33
1254, 1980, 34, 115, 0.7111, 40.8721, -14.5263, 38.2036, 0.3556, 163.80
1254, 1977, 150, 4, 0.6111, 23.1915, 22.6143, -5.1418, 0.3056, 173.80
1254, 1983, 52, 63, 0.5556, 10.5043, 2.9003, -10.0960, 0.2222, 185.00
1255, 1951, 80, 121, 0.6000, 1.9225, -1.9225, 0.0038, 0.1800, 117.50
1255, 1970, 20, 49, 1.0000, 1.4865, 0.7100, 1.3060, 1.0000, 248.54
1255, 1919, 8, 86, 0.5625, 56.7443, -56.7377, -0.8658, 0.2250, 169.88
1255, 1865, 43, 109, 0.7667, 1.5677, 1.3675, 0.7667, 0.6133, 172.42
1255, 1985, 29, 19, 0.6000, 40.1700, -38.7793, -10.4787, 0.1800, 198.00
1255, 1971, 15, 15, 0.8833, 4.1014, -3.8091, -1.5206, 0.7950, 219.33
1255, 1925, 53, 22, 0.5806, 27.7555, 26.4474, -8.4206, 0.3483, 193.50
1255, 1975, 70, 18, 0.6611, 0.0779, -0.0751, -0.0205, 0.3306, 197.90
1255, 1980, 20, 153, 0.6111, 40.8721, -14.5263, 38.2036, 0.3056, 163.80
1256, 1951, 58, 110, 0.6556, 21.7227, -19.3832, -9.8065, 0.2622, 126.62
1256, 1970, 20, 50, 1.0000, 1.0450, 0.2507, 1.0144, 1.0000, 249.04
1256, 1975, 70, 21, 0.8167, 1.5801, -0.0069, 1.5801, 0.4900, 198.42
1256, 1978, 76, 44, 0.6000, 54.8647, 36.4671, -40.9913, 0.1800, 179.33
1256, 1865, 44, 110, 0.8241, 1.6477, 1.2654, 1.0553, 0.7417, 172.43
1256, 1981, 114, 16, 0.7056, 1.2735, 1.1427, -0.5620, 0.2822, 142.25
1256, 1983, 54, 38, 0.7111, 12.2663, 1.2823, -12.1991, 0.3556, 192.00
1256, 1940, 30, 26, 0.5625, 48.0268, -5.6115, -47.6978, 0.2250, 203.25
1256, 1942, 5, 102, 0.5625, 20.0153, -15.8993, 12.1583, 0.2250, 182.25
1256, 1990, 120, 4, 0.6000, 30.8760, 30.8164, 1.9174, 0.1800, 204.22
1256, 1992, 6, 37, 0.6000, 7.5402, -3.7410, -6.5468, 0.1800, 209.00
1256, 1985, -10, 9, 0.5000, 40.1700, -38.7793, -10.4787, 0.1500, 198.00
1257, 1951, 24, 91, 0.7111, 37.0833, -32.7881, -17.3236, 0.3556, 138.70
1257, 1970, 22, 48, 1.0000, 1.9101, 1.4586, -1.2332, 1.0000, 245.61
1257, 1973, 42, 35, 0.6000, 53.4350, -44.0378, 30.2651, 0.1800, 210.00
1257, 1975, 65, 36, 0.8222, 14.5138, -4.6930, 13.7342, 0.5756, 197.79
1257, 1978, 100, 6, 0.6556, 46.6676, 25.5158, -39.0744, 0.2622, 173.75
1257, 1865, 46, 110, 0.8811, 1.8350, 1.8117, 0.2912, 0.8811, 174.48
1257, 1981, 90, 7, 0.7111, 23.3543, -21.6414, -8.7793, 0.3556, 164.80
1257, 1982, 20, 23, 0.6000, 7.7057, -5.5028, 5.3941, 0.1800, 207.33
1257, 1992, 2, 21, 0.6556, 15.9467, -4.0668, -15.4194, 0.2622, 216.50
1257, 1990, 150, 6, 0.5000, 30.8760, 30.8164, 1.9174, 0.1500, 204.22
1258, 1951, 1, 89, 0.7667, 23.8479, -23.4364, -4.4111, 0.4600, 143.42
1258, 1962, 20, 111, 0.6000, 84.0154, -31.6925, 77.8086, 0.1800, 186.33
1258, 1970, 10, 63, 1.0000, 16.1247, -10.3140, 12.3947, 1.0000, 241.70
1258, 1973, 18, 87, 0.6556, 56.2113, -26.9094, 49.3518, 0.2622, 204.00
1258, 1978, 120, -4, 0.7111, 24.2937, 20.6317, -12.8263, 0.3556, 189.40
1258, 1865, 47, 111, 0.9379, 1.4616, 1.2713, 0.7212, 0.9379, 176.44
1258, 1979, 48, 76, 0.6000, 76.8508, 18.2407, 74.6547, 0.1800, 203.67
1258, 1981, 83, 5, 0.7667, 9.3138, -8.9926, -2.4250, 0.4600, 179.83
1258, 1982, 21, 50, 0.6556, 23.7452, -0.1177, 23.7449, 0.2622, 219.25
1258, 1940, 43, 1, 0.6222, 11.3503, 7.8657, -8.1829, 0.3111, 213.60
1258, 1992, -2, 5, 0.5556, 15.9467, -4.0668, -15.4194, 0.2222, 216.50
1259, 1973, 14, 119, 0.7111, 34.6364, -6.4239, 34.0354, 0.3556, 200.20
1259, 1865, 49, 112, 0.9944, 2.0133, 1.7491, 0.9969, 0.9944, 176.57
1259, 1981, 74, 11, 0.8222, 10.0632, -8.7412, 4.9860, 0.5756, 179.57
1259, 1982, 22, 56, 0.7111, 8.0783, 0.6822, 8.0495, 0.3556, 222.60
1259, 1962, -11, 189, 0.5000, 84.0154, -31.6925, 77.8086, 0.1500, 186.33
1259, 1979, 67, 150, 0.5000, 76.8508, 18.2407, 74.6547, 0.1500, 203.67
1259, 1940, 51, -7, 0.5222, 11.3503, 7.8657, -8.1829, 0.2611, 213.60
1260, 1957, 80, 41, 0.6000, 31.0151, -30.8787, -2.9048, 0.1800, 148.67
1260, 1865, 50, 112, 1.0000, 1.2797, 1.2489, 0.2790, 1.0000, 178.91
1260, 1982, 20, 58, 0.7667, 2.9452, -1.2513, 2.6662, 0.4600, 220.17
1261, 1957, 33, 22, 0.6556, 47.5909, -44.5942, -16.6207, 0.2622, 162.00
1261, 1865, 52, 113, 1.0000, 1.8866, 1.7439, 0.7196, 1.0000, 178.99
1261, 1997, 32, 122, 0.6000, 32.8405, 11.2230, 30.8633, 0.1800, 172.33
1262, 1957, 14, 14, 0.7111, 24.1950, -22.2447, -9.5167, 0.3556, 170.80
1262, 1865, 53, 113, 1.0000, 1.2806, 1.2573, 0.2433, 1.0000, 181.86
1262, 1940, 82, 10, 0.6806, 11.5005, 10.2697, 5.1762, 0.4083, 218.67
1262, 1941, 36, 106, 0.5625, 23.3813, -14.0288, 18.7050, 0.2250, 169.25
1262, 1998, 14, 58, 0.6000, 4.7599, -0.8883, 4.6763, 0.1800, 202.00
1262, 1999, 25, 58, 0.6000, 2.1544, 0.9822, 1.9174, 0.1800, 253.67
1262, 1997, 44, 152, 0.5000, 32.8405, 11.2230, 30.8633, 0.1500, 172.33
1263, 1865, 54, 113, 1.0000, 0.9930, 0.9929, -0.0091, 1.0000, 180.99
1263, 1994, 19, 89, 0.6000, 23.1448, 19.2469, 12.8546, 0.1800, 206.67
1263, 1941, 14, 122, 0.6222, 26.3796, -20.5339, 16.5602, 0.3111, 167.40
1263, 1998, 3, 75, 0.6556, 18.6149, -10.0788, 15.6503, 0.2622, 202.75
1263, 1999, 25, 59, 0.7056, 1.2995, 0.2571, 1.2739, 0.2822, 249.25
1264, 1865, 57, 115, 1.0000, 2.8412, 2.4454, 1.4467, 1.0000, 182.93
1264, 1994, 45, 80, 0.6556, 25.5031, 24.7841, -6.0131, 0.2622, 201.50
1264, 1998, 1, 83, 0.7111, 9.3921, -2.8247, 8.9572, 0.3556, 196.00
1264, 1999, 26, 60, 0.7611, 1.2219, 0.7293, 0.9804, 0.3806, 250.00
1264, 1893, 62, 21, 0.5400, 11.3894, -9.3525, -6.4998, 0.2700, 203.80
1264, 1941, -6, 139, 0.5222, 26.3796, -20.5339, 16.5602, 0.2611, 167.40
1265, 1865, 58, 115, 1.0000, 1.7038, 1.5959, 0.5967, 1.0000, 182.88
1265, 1999, 27, 62, 0.8167, 1.9895, 1.0050, 1.7170, 0.4900, 250.33
1265, 1893, 52, 10, 0.6000, 14.9024, -10.1670, -10.8956, 0.3600, 200.17
1265, 2000, 44, 10, 0.7056, 0.7596, -0.7596, 0.0000, 0.2822, 238.62
1265, 2007, 53, 91, 0.6000, 31.8535, 31.7986, -1.8705, 0.1800, 174.33
1265, 1994, 70, 74, 0.5556, 25.5031, 24.7841, -6.0131, 0.2222, 201.50
1265, 1998, -2, 92, 0.6111, 9.3921, -2.8247, 8.9572, 0.3056, 196.00
1266, 1865, 60, 116, 1.0000, 1.9221, 1.7638, 0.7639, 1.0000, 183.73
1266, 1994, 93, 73, 0.7111, 24.1265, 23.8903, -3.3680, 0.3556, 193.40
1266, 1999, 28, 63, 0.8722, 1.6488, 1.0411, 1.2786, 0.6106, 250.43
1266, 1893, 45, 3, 0.6587, 9.9441, -7.0921, -6.9704, 0.4611, 202.14
1266, 2000, 59, 19, 0.7111, 15.8640, 13.4583, 8.3989, 0.3556, 229.50
1266, 2001, 12, 18, 0.6000, 15.5487, 3.5723, -15.1328, 0.1800, 202.00
1266, 2003, 21, 55, 0.6000, 7.4855, -6.9858, 2.6892, 0.1800, 207.33
1266, 2007, 64, 88, 0.6556, 14.4603, 14.1890, -2.7882, 0.2622, 171.75
1266, 2008, 22, 26, 0.6000, 31.7020, -23.2874, 21.5108, 0.1800, 213.67
1266, 2011, 0, 81, 0.6000, 2.1132, -0.8883, 1.9174, 0.1800, 229.89
1267, 1865, 59, 109, 1.0000, 6.4183, -0.9611, -6.3459, 1.0000, 182.19
1267, 1989, 53, 94, 0.6000, 23.5814, 23.5814, -0.0052, 0.1800, 163.33
1267, 1991, 59, 87, 0.6000, 75.8796, -10.3128, 75.1755, 0.1800, 182.00
1267, 1999, 29, 64, 0.9278, 1.4280, 1.0153, 1.0042, 0.7422, 251.00
1267, 2000, 62, 33, 0.7667, 13.6540, 3.7131, 13.1394, 0.4600, 225.75
1267, 2001, 3, 7, 0.6556, 13.6478, -7.2744, -11.5476, 0.2622, 204.75
1267, 2003, 11, 56, 0.6556, 9.9906, -9.8642, 1.5843, 0.2622, 205.25
1267, 2008, 0, 78, 0.6556, 52.5535, -22.4080, 47.5369, 0.2622, 208.50
1267, 2009, 53, 41, 0.6000, 53.6560, 49.1646, 21.4896, 0.1800, 217.00
1267, 2011, 3, 99, 0.6556, 15.7418, 1.9976, 15.6145, 0.2622, 214.92
1267, 1994, 117, 69, 0.6111, 24.1265, 23.8903, -3.3680, 0.3056, 193.40
1267, 1893, 38, -4, 0.5587, 9.9441, -7.0921, -6.9704, 0.3911, 202.14
1267, 2007, 78, 85, 0.5556, 14.4603, 14.1890, -2.7882, 0.2222, 171.75
1268, 1999, 29, 66, 0.9833, 1.7304, 0.2482, 1.7125, 0.8850, 249.56
1268, 1893, 23, 12, 0.7167, 13.1522, -11.6406, 6.1219, 0.5733, 202.88
1268, 2000, 47, 54, 0.8222, 23.5861, -12.7639, 19.8340, 0.5756, 224.21
1268, 2003, 0, 79, 0.7111, 23.2611, -10.3514, 20.8309, 0.3556, 215.20
1268, 2011, 3, 104, 0.7111, 6.3093, 0.8507, 6.2517, 0.3556, 205.13
1268, 2022, 63, 117, 0.6000, 2.7646, 2.6180, 0.8883, 0.1800, 166.50
1268, 1865, 58, 102, 0.9000, 6.4183, -0.9611, -6.3459, 0.9000, 182.19
1268, 1989, 76, 94, 0.5000, 23.5814, 23.5814, -0.0052, 0.1500, 163.33
1268, 1991, 48, 162, 0.5000, 75.8796, -10.3128, 75.1755, 0.1500, 182.00
1268, 1994, 141, 66, 0.5111, 24.1265, 23.8903, -3.3680, 0.2556, 193.40
1268, 2001, -4, -4, 0.5556, 13.6478, -7.2744, -11.5476, 0.2222, 204.75
1268, 2008, -23, 125, 0.5556, 52.5535, -22.4080, 47.5369, 0.2222, 208.50
1268, 2009, 102, 63, 0.5000, 53.6560, 49.1646, 21.4896, 0.1500, 217.00
1269, 1865, 56, 98, 1.0000, 5.3338, -1.3168, -5.1687, 1.0000, 181.04
1269, 1999, 21, 61, 0.9889, 8.4991, -7.5264, -3.9481, 0.9889, 244.20
1269, 1958, 73, 35, 0.5625, 0.8122, 0.0362, 0.8114, 0.2250, 227.75
1269, 2000, 31, 68, 0.8778, 21.8840, -16.1506, 14.7671, 0.7022, 228.06
1269, 2003, -1, 86, 0.7667, 8.8436, -2.5112, 8.4796, 0.4600, 218.42
1269, 2004, 66, 44, 0.6000, 74.6763, 54.1222, -51.4523, 0.1800, 181.00
1269, 2006, 12, 61, 0.6000, 49.6202, -0.9020, -49.6120, 0.1800, 174.67
1269, 2013, 82, 125, 0.6000, 44.2312, -44.2217, -0.9156, 0.1800, 84.33
1269, 2017, 73, 19, 0.6000, 8.3128, 0.8492, -8.2693, 0.1800, 208.00
1269, 2022, 65, 118, 0.7056, 2.5298, 2.3145, 1.0215, 0.2822, 168.62
1269, 2011, 4, 110, 0.6111, 6.3093, 0.8507, 6.2517, 0.3056, 205.13
1270, 1989, 57, 98, 0.6556, 3.8795, -3.5293, 1.6109, 0.2622, 163.25
1270, 1958, 73, 21, 0.6222, 11.8595, -0.0139, -11.8595, 0.3111, 232.20
1270, 2000, 8, 74, 0.9333, 23.1110, -21.9473, 7.2413, 0.8400, 223.50
1270, 2003, -1, 87, 0.8222, 1.7520, 0.5851, 1.6514, 0.5756, 215.64
1270, 2006, 34, 21, 0.6556, 45.5946, 19.5024, -41.2132, 0.2622, 189.00
1270, 2007, 74, 89, 0.7111, 1.4713, -0.9765, 1.1005, 0.3556, 170.40
1270, 2013, 37, 110, 0.6556, 46.4424, -44.5201, -13.2233, 0.2622, 102.25
1270, 2017, 70, 14, 0.6556, 5.7876, -1.9944, -5.4331, 0.2622, 205.75
1270, 2020, 54, 108, 0.6000, 30.2484, 3.6518, 30.0272, 0.1800, 175.33
1270, 2022, 66, 118, 0.7611, 1.2971, 1.2710, 0.2590, 0.3806, 167.30
1270, 2004, 120, -8, 0.5000, 74.6763, 54.1222, -51.4523, 0.1500, 181.00
1271, 1959, 38, 24, 0.5625, 30.6459, 4.5909, -30.3001, 0.2250, 203.00
1271, 2021, 71, 44, 0.6000, 74.1033, 29.1760, -68.1180, 0.1800, 179.33
1271, 2022, 69, 119, 0.8167, 2.5431, 2.4407, 0.7144, 0.4900, 165.92
1271, 1989, 53, 100, 0.5556, 3.8795, -3.5293, 1.6109, 0.2222, 163.25
1271, 1958, 73, 9, 0.5222, 11.8595, -0.0139, -11.8595, 0.2611, 232.20
1271, 2000, -14, 82, 0.8333, 23.1110, -21.9473, 7.2413, 0.7500, 223.50
1271, 2006, 54, -21, 0.5556, 45.5946, 19.5024, -41.2132, 0.2222, 189.00
1271, 2013, -7, 97, 0.5556, 46.4424, -44.5201, -13.2233, 0.2222, 102.25
1271, 2017, 69, 8, 0.5556, 5.7876, -1.9944, -5.4331, 0.2222, 205.75
1271, 2020, 57, 138, 0.5000, 30.2484, 3.6518, 30.0272, 0.1500, 175.33
1272, 1984, 77, 126, 0.6000, 38.1248, -37.5243, 6.7400, 0.1800, 105.67
1272, 1959, 32, 7, 0.6222, 19.5379, -4.6966, -18.9650, 0.3111, 205.00
1272, 2017, 58, 11, 0.7111, 6.7440, -6.6947, -0.8136, 0.3556, 215.20
1272, 2022, 70, 120, 0.8722, 1.8107, 1.5103, 0.9988, 0.6106, 169.36
1272, 2024, 34, 66, 0.6000, 59.7263, -12.6118, 58.3795, 0.1800, 225.67
1272, 2026, 69, 21, 0.6000, 17.1128, 12.9997, 11.1291, 0.1800, 213.50
1272, 2021, 100, -24, 0.5000, 74.1033, 29.1760, -68.1180, 0.1500, 179.33
1273, 1958, 74, 17, 0.6806, 1.5076, 0.4106, 1.4506, 0.4083, 224.67
1273, 2022, 71, 121, 0.9278, 1.4332, 0.9848, 1.0412, 0.7422, 173.06
1273, 2026, 71, 24, 0.6556, 4.8791, 2.9218, 3.9075, 0.2622, 220.62
1273, 1984, 40, 132, 0.5000, 38.1248, -37.5243, 6.7400, 0.1500, 105.67
1273, 1959, 27, -12, 0.5222, 19.5379, -4.6966, -18.9650, 0.2611, 205.00
1273, 2024, 21, 125, 0.5000, 59.7263, -12.6118, 58.3795, 0.1500, 225.67
1274, 1978, 126, 40, 1.0000, 7.9996, -0.7841, 7.9610, 1.0000, 191.73
1274, 2022, 73, 122, 0.9833, 1.9664, 1.6837, 1.0159, 0.8850, 170.17
1274, 2025, 37, 68, 0.6000, 59.6101, -21.3943, 55.6386, 0.1800, 231.00
1274, 2026, 69, 25, 0.7111, 1.5785, -1.3940, 0.7407, 0.3556, 227.50
1275, 2016, 40, 22, 0.6000, 38.1009, 36.7507, 10.0534, 0.1800, 207.67
1275, 2022, 74, 122, 1.0000, 1.2879, 1.2653, 0.2398, 1.0000, 167.75
1275, 2025, 18, 120, 0.6556, 55.3662, -19.5630, 51.7949, 0.2622, 212.25
1275, 2026, 67, 26, 0.7667, 2.1227, -1.7215, 1.2420, 0.4600, 231.58
1275, 2030, 67, 92, 0.6000, 48.0786, 21.5577, 42.9746, 0.1800, 193.00
1276, 2016, 91, 9, 0.6556, 49.9614, 48.9792, -9.8581, 0.2622, 196.50
1276, 2022, 61, 116, 1.0000, 12.9980, -11.8476, -5.3462, 1.0000, 165.41
1276, 2026, 66, 27, 0.8222, 1.6615, -1.2180, 1.1301, 0.5756, 234.50
1276, 2030, 78, 125, 0.6556, 36.0201, 12.0578, 33.9419, 0.2622, 193.25
1276, 2031, 120, 120, 0.6000, 28.2041, -4.3425, 27.8677, 0.1800, 82.67
1276, 2025, -2, 171, 0.5556, 55.3662, -19.5630, 51.7949, 0.2222, 212.25
1277, 2026, 65, 14, 0.8778, 11.2511, -0.9780, -11.2085, 0.7022, 237.06
1277, 2016, 140, 0, 0.5556, 49.9614, 48.9792, -9.8581, 0.2222, 196.50
1277, 2030, 90, 158, 0.5556, 36.0201, 12.0578, 33.9419, 0.2222, 193.25
1277, 2031, 116, 148, 0.5000, 28.2041, -4.3425, 27.8677, 0.1500, 82.67
1279, 2010, 23, 57, 0.6000, 29.9351, -24.6073, 17.0467, 0.1800, 207.00
1280, 2010, 3, 73, 0.6556, 26.1704, -20.5819, 16.1640, 0.2622, 202.75
1280, 2033, 58, 30, 0.6000, 53.7003, 50.3029, 18.7974, 0.1800, 225.17
1280, 2036, 47, 24, 0.6000, 33.1968, 28.0106, 17.8167, 0.1800, 221.00
1280, 2041, 75, 49, 0.6000, 25.4072, 25.2518, -2.8058, 0.1800, 215.33
1280, 2042, 40, 83, 0.6000, 2.1544, 0.9822, 1.9174, 0.1800, 251.67
1280, 2044, 64, 73, 0.6000, 23.7616, -10.1939, -21.4639, 0.1800, 164.00
1281, 1952, 62, 113, 0.5625, 73.3516, -19.1319, 70.8127, 0.2250, 176.25
1281, 2010, 2, 75, 0.7111, 4.6475, -3.5903, 2.9511, 0.3556, 199.60
1281, 2015, 45, 75, 0.6000, 69.4355, 3.8071, 69.3310, 0.1800, 199.33
1281, 2035, 24, 96, 0.6000, 23.1877, 22.7633, 4.4158, 0.1800, 179.00
1281, 2036, 62, 35, 0.6556, 20.6081, 16.9199, 11.7648, 0.2622, 216.88
1281, 2042, 40, 83, 0.7056, 0.5793, 0.2571, 0.5191, 0.2822, 243.00
1281, 2044, 50, 28, 0.6556, 43.6308, -13.4576, -41.5035, 0.2622, 180.75
1281, 2033, 108, 49, 0.5000, 53.7003, 50.3029, 18.7974, 0.1500, 225.17
1281, 2041, 100, 46, 0.5000, 25.4072, 25.2518, -2.8058, 0.1500, 215.33
1282, 2015, 59, 120, 0.6556, 49.9804, 13.1598, 48.2168, 0.2622, 189.50
1282, 2033, 86, 67, 0.6556, 20.4754, 9.3177, 18.2325, 0.2622, 217.12
1282, 2036, 62, 37, 0.7111, 3.2793, 1.7833, 2.7520, 0.3556, 224.10
1282, 2041, 113, 51, 0.6556, 18.6318, 18.5909, 1.2335, 0.2622, 195.25
1282, 2042, 42, 85, 0.7611, 2.0926, 1.4928, 1.4665, 0.3806, 245.10
1282, 2044, 53, 7, 0.7111, 23.9574, 1.7346, -23.8945, 0.3556, 183.60
1282, 2035, 46, 100, 0.5000, 23.1877, 22.7633, 4.4158, 0.1500, 179.00
1283, 2010, 7, 69, 0.8222, 3.5027, 2.1982, -2.7271, 0.5756, 198.64
1283, 2033, 82, 95, 0.7111, 27.5505, -2.5468, 27.4325, 0.3556, 202.10
1283, 2035, 36, 83, 0.6556, 8.8358, 4.2482, -7.7476, 0.2622, 185.25
1283, 2042, 43, 87, 0.8167, 2.3936, 1.2961, 2.0123, 0.4900, 245.92
1283, 2015, 73, 168, 0.5556, 49.9804, 13.1598, 48.2168, 0.2222, 189.50
1283, 2041, 132, 52, 0.5556, 18.6318, 18.5909, 1.2335, 0.2222, 195.25
1283, 2044, 55, -17, 0.6111, 23.9574, 1.7346, -23.8945, 0.3056, 183.60
1284, 2035, 54, 62, 0.7111, 25.5314, 16.3875, -19.5781, 0.3556, 188.00
1284, 2036, 57, 38, 0.8222, 2.3123, -1.9897, 1.1780, 0.5756, 232.36
1284, 2041, 125, 34, 0.7111, 10.6954, 3.7536, -10.0151, 0.3556, 180.40
1284, 2042, 44, 88, 0.8722, 1.6834, 1.0425, 1.3217, 0.6106, 247.21
1285, 2042, 45, 89, 0.9278, 1.3800, 0.9735, 0.9781, 0.7422, 247.56
1285, 1974, 11, 104, 0.5444, 14.5852, 4.5934, -13.8430, 0.5444, 157.33
1285, 1972, 108, 39, 0.5625, 31.4389, 28.9928, -12.1583, 0.2250, 190.25
1286, 2042, 47, 91, 0.9833, 2.4262, 1.7351, 1.6959, 0.8850, 248.39
1287, 2014, 43, 5, 0.6000, 15.2098, -14.4288, 4.8111, 0.1800, 211.33
1287, 2018, 43, 47, 0.6000, 16.4253, -15.3818, 5.7612, 0.1800, 204.00
1287, 2042, 48, 92, 1.0000, 1.8246, 1.2983, 1.2820, 1.0000, 249.05
1287, 1876, 44, 60, 0.5250, 53.5376, -38.2984, -37.4101, 0.3150, 147.50
1287, 2048, 12, 66, 0.6000, 1.3906, 1.0291, -0.9353, 0.1800, 213.00
1288, 2014, 37, 6, 0.6556, 7.2680, -6.9670, 2.0701, 0.2622, 215.25
1288, 2029, 44, 31, 0.6000, 42.5800, 28.6424, -31.5067, 0.1800, 185.00
1288, 2042, 49, 93, 1.0000, 1.4297, 1.0113, 1.0105, 1.0000, 248.32
1288, 2047, 65, 66, 0.6000, 65.1760, 59.8511, -25.8023, 0.1800, 176.33
1288, 2048, 13, 65, 0.7056, 1.4311, 1.0071, -1.0167, 0.2822, 215.25
1288, 1950, 49, 123, 0.5062, 35.9811, 33.0050, 14.3288, 0.4050, 154.62
1288, 2051, 56, 26, 0.6000, 1.8705, 1.8705, 0.0000, 0.1800, 202.00
1288, 2018, 27, 53, 0.5000, 16.4253, -15.3818, 5.7612, 0.1500, 204.00
1289, 2014, 24, 2, 0.7111, 12.6821, -12.1366, -3.6795, 0.3556, 215.80
1289, 2032, 108, 46, 0.6000, 62.6757, -15.2039, -60.8036, 0.1800, 102.67
1289, 2042, 51, 94, 1.0000, 1.9522, 1.6989, 0.9618, 1.0000, 248.88
1289, 2047, 123, 31, 0.6556, 67.2042, 58.3764, -33.2957, 0.2622, 168.75
1289, 1876, 13, 7, 0.5841, 27.8951, -12.4900, -24.9427, 0.4089, 156.57
1289, 2051, 57, 26, 0.7056, 1.2786, 1.2786, 0.0000, 0.2822, 201.25
1289, 2029, 72, 0, 0.5000, 42.5800, 28.6424, -31.5067, 0.1500, 185.00
1289, 2048, 14, 64, 0.6056, 1.4311, 1.0071, -1.0167, 0.2422, 215.25
1290, 2018, 32, 87, 0.6556, 14.9859, -0.7066, 14.9693, 0.2622, 195.00
1290, 2042, 52, 95, 1.0000, 1.6213, 1.2897, 0.9825, 1.0000, 249.35
1290, 2048, 16, 63, 0.7611, 1.8477, 1.5499, -1.0060, 0.3806, 211.00
1290, 2053, 83, 78, 0.6000, 78.7314, 78.5608, -5.1797, 0.1800, 169.33
1290, 2014, 12, -2, 0.6111, 12.6821, -12.1366, -3.6795, 0.3056, 215.80
1290, 2032, 93, -15, 0.5000, 62.6757, -15.2039, -60.8036, 0.1500, 102.67
1290, 2047, 182, -2, 0.5556, 67.2042, 58.3764, -33.2957, 0.2222, 168.75
1290, 2051, 58, 26, 0.6056, 1.2786, 1.2786, 0.0000, 0.2422, 201.25
1291, 2018, 49, 99, 0.7111, 20.3602, 15.8221, 12.8139, 0.3556, 188.80
1291, 2019, 109, 45, 0.6000, 36.9275, 36.7248, -3.8636, 0.1800, 202.67
1291, 2042, 54, 96, 1.0000, 2.0114, 1.7461, 0.9985, 1.0000, 249.75
1291, 2046, 11, 33, 0.6000, 30.5362, 8.2753, 29.3935, 0.1800, 214.33
1291, 2051, 59, 27, 0.7611, 1.0685, 0.9145, 0.5527, 0.3806, 199.80
1291, 2057, 39, 61, 0.6000, 5.4833, 5.4181, -0.8434, 0.1800, 197.00
1291, 2014, 0, -5, 0.5111, 12.6821, -12.1366, -3.6795, 0.2556, 215.80
1291, 2048, 18, 62, 0.6611, 1.8477, 1.5499, -1.0060, 0.3306, 211.00
1291, 2053, 162, 72, 0.5000, 78.7314, 78.5608, -5.1797, 0.1500, 169.33
1292, 2014, 7, 0, 0.7667, 4.1547, -4.1547, -0.0048, 0.4600, 218.33
1292, 2042, 55, 98, 1.0000, 2.1477, 1.2745, 1.7287, 1.0000, 249.97
1292, 2046, 18, 62, 0.6556, 30.1465, 7.0313, 29.3151, 0.2622, 212.50
1292, 1988, 76, 39, 0.5625, 17.7893, 0.5250, 17.7816, 0.2250, 191.50
1292, 2048, 34, 62, 0.7667, 10.4369, 10.4276, -0.4419, 0.4600, 209.33
1292, 2050, 23, 93, 0.6000, 41.9269, -14.0673, 39.4965, 0.1800, 191.00
1292, 2051, 60, 27, 0.8167, 0.9726, 0.9607, 0.1515, 0.4900, 202.67
1292, 2057, 57, 58, 0.6556, 17.0575, 16.8621, -2.5744, 0.2622, 196.75
1292, 2019, 146, 41, 0.5000, 36.9275, 36.7248, -3.8636, 0.1500, 202.67
1293, 2042, 57, 99, 1.0000, 2.1699, 1.7251, 1.3162, 1.0000, 250.28
1293, 2045, 91, 16, 0.6000, 83.0019, -29.3458, -77.6411, 0.1800, 107.67
1293, 2046, 7, 107, 0.7111, 44.5169, -9.1777, 43.5606, 0.3556, 201.20
1293, 2048, 37, 63, 0.8222, 3.6062, 3.5342, 0.7172, 0.5756, 208.00
1293, 2050, 14, 127, 0.6556, 35.3563, -9.0133, 34.1882, 0.2622, 194.75
1293, 2051, 60, 27, 0.8722, 0.2340, 0.2331, -0.0205, 0.6106, 200.86
1293, 2056, 13, 60, 0.6000, 79.3298, -46.8878, -63.9903, 0.1800, 160.33
1293, 2057, 74, 56, 0.5556, 17.0575, 16.8621, -2.5744, 0.2222, 196.75
1294, 2037, 31, 1, 0.6000, 21.6834, -10.4431, -19.0029, 0.1800, 210.67
1294, 2042, 58, 100, 1.0000, 1.6355, 1.2751, 1.0241, 1.0000, 250.56
1294, 1988, 62, 73, 0.6222, 18.7376, -8.4064, 16.7460, 0.3111, 188.80
1294, 2049, 11, 93, 0.6000, 0.9418, 0.9415, -0.0233, 0.1800, 167.67
1294, 2051, 69, 20, 0.8778, 9.6562, 7.5083, -6.0720, 0.7022, 199.88
1294, 2057, 82, 63, 0.7111, 12.3773, 12.0409, 2.8661, 0.3556, 198.80
1294, 2045, 61, -62, 0.5000, 83.0019, -29.3458, -77.6411, 0.1500, 107.67
1294, 2046, -2, 151, 0.6111, 44.5169, -9.1777, 43.5606, 0.3056, 201.20
1294, 2050, 5, 161, 0.5556, 35.3563, -9.0133, 34.1882, 0.2222, 194.75
1294, 2056, -34, -4, 0.5000, 79.3298, -46.8878, -63.9903, 0.1500, 160.33
1295, 2042, 59, 102, 1.0000, 1.9543, 1.0072, 1.6747, 1.0000, 250.81
1295, 2049, 18, 71, 0.6556, 20.0048, 6.3406, -18.9734, 0.2622, 173.75
1295, 2051, 90, 15, 0.9333, 20.9876, 20.2816, -5.3979, 0.8400, 200.72
1295, 2054, 91, 106, 0.6000, 23.8661, 21.1765, 11.0065, 0.1800, 139.67
1295, 2037, 20, -18, 0.5000, 21.6834, -10.4431, -19.0029, 0.1500, 210.67
1295, 1988, 53, 90, 0.5222, 18.7376, -8.4064, 16.7460, 0.2611, 188.80
1296, 2042, 60, 104, 1.0000, 2.2271, 0.9592, 2.0099, 1.0000, 250.82
1296, 2049, 23, 59, 0.7111, 14.1019, 5.2620, -13.0834, 0.3556, 187.40
1296, 2051, 114, 3, 0.9889, 25.9430, 23.4763, -11.0408, 0.9889, 194.35
1296, 2066, 20, 125, 0.6000, 1.0291, 1.0291, 0.0000, 0.1800, 216.17
1296, 2054, 113, 117, 0.5000, 23.8661, 21.1765, 11.0065, 0.1500, 139.67
1297, 2042, 61, 105, 1.0000, 1.6692, 0.9802, 1.3511, 1.0000, 250.75
1297, 1988, 57, 74, 0.6806, 3.8997, 0.0466, -3.8994, 0.4083, 189.67
1297, 2049, 25, 57, 0.7667, 3.5134, 1.8471, -2.9887, 0.4600, 198.67
1297, 2051, 118, 2, 1.0000, 6.5386, 6.2163, -2.0276, 1.0000, 189.05
1297, 2054, 97, 110, 0.6556, 0.9943, 0.7520, 0.6505, 0.2622, 131.50
1297, 2060, 57, 14, 0.6000, 10.4787, -10.4787, 0.0397, 0.1800, 189.00
1297, 2061, 58, 65, 0.6000, 55.6340, 52.0495, -19.6466, 0.1800, 174.67
1297, 2066, 22, 122, 0.7056, 2.8691, 1.7619, -2.2643, 0.2822, 213.12
1297, 2067, 110, 16, 0.6000, 2.1962, 0.9822, 1.9644, 0.1800, 166.17
1297, 2073, 0, 122, 0.6000, 1.9445, -0.8883, 1.7297, 0.1800, 212.00
1298, 2042, 62, 107, 1.0000, 1.9704, 0.9975, 1.6992, 1.0000, 250.95
1298, 2049, 25, 58, 0.8222, 1.0623, 0.6893, 0.8082, 0.5756, 198.00
1298, 2054, 93, 112, 0.7111, 4.5041, -4.0638, 1.9422, 0.3556, 126.60
1298, 2060, 43, 3, 0.6556, 16.5650, -13.2734, -9.9103, 0.2622, 195.75
1298, 2061, 91, 35, 0.6556, 45.6662, 35.4710, -28.7612, 0.2622, 175.00
1298, 2066, 25, 121, 0.7611, 3.2257, 2.8033, -1.5958, 0.3806, 214.50
1298, 2067, 110, 17, 0.7056, 1.2949, 0.2571, 1.2691, 0.2822, 161.88
1298, 2073, 0, 123, 0.7056, 1.3202, -0.2667, 1.2930, 0.2822, 222.75
1298, 2027, 114, 5, 0.5625, 20.2849, 16.9284, -11.1761, 0.2250, 226.00
1298, 2028, 82, 33, 0.5625, 16.6760, 15.9932, 4.7232, 0.2250, 203.75
1299, 2042, 63, 109, 1.0000, 2.2069, 1.0021, 1.9663, 1.0000, 251.14
1299, 2049, 27, 58, 0.8778, 1.5370, 1.5365, -0.0413, 0.7022, 199.62
1299, 2061, 121, 5, 0.7111, 42.4426, 30.6195, -29.3909, 0.3556, 165.60
1299, 2066, 27, 119, 0.8167, 2.9575, 2.3410, -1.8074, 0.4900, 221.25
1299, 2067, 110, 18, 0.7611, 0.9731, -0.0343, 0.9725, 0.3806, 167.50
1299, 2073, 0, 104, 0.7111, 16.5493, 0.0184, -16.5493, 0.3556, 228.40
1299, 2027, 117, 3, 0.6222, 5.6611, 4.7052, -3.1479, 0.3111, 208.00
1299, 2028, 120, 48, 0.6222, 37.4079, 34.6342, 14.1360, 0.3111, 189.00
1299, 2074, 57, 13, 0.6000, 18.1966, -10.1470, -15.1048, 0.1800, 205.67
1299, 2060, 30, -7, 0.5556, 16.5650, -13.2734, -9.9103, 0.2222, 195.75
1300, 2034, 4, 80, 0.6000, 19.8630, -18.3084, 7.7035, 0.1800, 190.33
1300, 2042, 64, 111, 1.0000, 2.2671, 1.0014, 2.0339, 1.0000, 251.17
1300, 2049, 31, 61, 0.9333, 4.8613, 4.3390, 2.1920, 0.8400, 200.67
1300, 2002, 98, 94, 0.5625, 61.0981, 53.4838, 29.5374, 0.2250, 181.75
1300, 2063, 7, 110, 0.6000, 26.1674, -21.3142, 15.1802, 0.1800, 164.67
1300, 2066, 29, 118, 0.8722, 2.3575, 2.0148, -1.2242, 0.6106, 224.36
1300, 2067, 111, 19, 0.8167, 1.1886, 0.7139, 0.9503, 0.4900, 163.58
1300, 2073, 2, 99, 0.7667, 6.6861, 1.5747, -6.4981, 0.4600, 232.83
1300, 2027, 120, 4, 0.6806, 3.4960, 3.3277, 1.0717, 0.4083, 194.67
1300, 2028, 131, 71, 0.6806, 26.0280, 13.6879, 22.1381, 0.4083, 173.00
1300, 2061, 152, -24, 0.6111, 42.4426, 30.6195, -29.3909, 0.3056, 165.60
1300, 2074, 46, -2, 0.5000, 18.1966, -10.1470, -15.1048, 0.1500, 205.67
1301, 2042, 65, 113, 1.0000, 2.2558, 1.0003, 2.0218, 1.0000, 251.25
1301, 1993, 78, 20, 0.5625, 46.3153, -44.6337, -12.3669, 0.2250, 136.50
1301, 2062, 73, 30, 0.6000, 77.9832, 51.4161, -58.6324, 0.1800, 177.67
1301, 2066, 31, 116, 0.9278, 2.6087, 1.9562, -1.7259, 0.7422, 223.94
1301, 2067, 111, 20, 0.8722, 1.0238, 0.2795, 0.9849, 0.6106, 161.07
1301, 2068, 70, 15, 0.6000, 19.8400, 19.7616, -1.7626, 0.1800, 199.00
1301, 2027, 121, 5, 0.7381, 1.0451, 0.5834, 0.8672, 0.5167, 185.71
1301, 2034, -15, 87, 0.5000, 19.8630, -18.3084, 7.7035, 0.1500, 190.33
1301, 2061, 182, -54, 0.5111, 42.4426, 30.6195, -29.3909, 0.2556, 165.60
1301, 2063, -14, 126, 0.5000, 26.1674, -21.3142, 15.1802, 0.1500, 164.67
1301, 2028, 145, 94, 0.5806, 26.0280, 13.6879, 22.1381, 0.3483, 173.00
1302, 2034, 0, 100, 0.6556, 10.3260, -0.0343, 10.3259, 0.2622, 184.50
1302, 2042, 66, 115, 1.0000, 2.2403, 0.9999, 2.0048, 1.0000, 251.28
1302, 1993, 43, 24, 0.6222, 36.7866, -36.7411, 1.8298, 0.3111, 149.60
1302, 2063, 1, 123, 0.6556, 5.0499, -1.0114, 4.9476, 0.2622, 164.50
1302, 2066, 23, 94, 0.9333, 21.2482, -7.0406, -20.0479, 0.8400, 219.17
1302, 1960, 32, 53, 0.5400, 29.4572, -11.7627, 27.0067, 0.2700, 200.60
1302, 2067, 112, 21, 0.9278, 1.2577, 0.7610, 1.0013, 0.7422, 164.19
1302, 2068, 80, 14, 0.6556, 10.7772, 10.6947, -1.3308, 0.2622, 199.25
1302, 2027, 120, 5, 0.7951, 0.3187, -0.2715, 0.1669, 0.6361, 179.62
1302, 2074, 17, 1, 0.6556, 13.8956, -13.8096, -1.5434, 0.2622, 212.00
1302, 1881, 86, 72, 0.5250, 21.5806, -7.7470, -20.1422, 0.3150, 118.00
1302, 2076, 18, 94, 0.6000, 1.3036, 0.9456, 0.8974, 0.1800, 178.67
1302, 2062, 125, -28, 0.5000, 77.9832, 51.4161, -58.6324, 0.1500, 177.67
1303, 2034, 30, 113, 0.7111, 30.7058, 27.6523, 13.3490, 0.3556, 198.00
1303, 2042, 67, 117, 1.0000, 2.2348, 0.9999, 1.9986, 1.0000, 249.00
1303, 2023, 36, 110, 0.5625, 5.4520, 2.7752, -4.6928, 0.2250, 162.50
1303, 2058, 31, 96, 0.6000, 20.1177, 16.7402, -11.1574, 0.1800, 167.83
1303, 1960, 28, 84, 0.6000, 30.8846, -5.1348, 30.4548, 0.3600, 197.50
1303, 2067, 113, 22, 0.9833, 1.4242, 1.0113, 1.0027, 0.8850, 163.72
1303, 2027, 120, 5, 0.8519, 0.1960, -0.1853, -0.0640, 0.7667, 174.11
1303, 2074, 15, 1, 0.7111, 2.6436, -2.6409, 0.1182, 0.3556, 215.80
1303, 1881, 85, 69, 0.5841, 5.0071, -1.7974, -4.6733, 0.4089, 126.71
1303, 2076, 19, 94, 0.7056, 1.0546, 1.0191, 0.2713, 0.2822, 175.75
1303, 2012, 105, 114, 0.5625, 1.2691, 0.8974, 0.8974, 0.2250, 102.75
1303, 1993, 6, 25, 0.5222, 36.7866, -36.7411, 1.8298, 0.2611, 149.60
1303, 2063, 0, 128, 0.5556, 5.0499, -1.0114, 4.9476, 0.2222, 164.50
1303, 2068, 90, 13, 0.5556, 10.7772, 10.6947, -1.3308, 0.2222, 199.25
1304, 2040, 85, 74, 0.6000, 55.5200, 51.2756, 21.2905, 0.1800, 207.33
1304, 2042, 68, 119, 1.0000, 2.2347, 1.0000, 1.9985, 1.0000, 249.11
1304, 2023, 35, 97, 0.6222, 11.9781, -0.6919, -11.9581, 0.3111, 165.60
1304, 1960, 35, 112, 0.6587, 28.8545, 5.7597, 28.2738, 0.4611, 196.21
1304, 2067, 113, 23, 1.0000, 1.0427, 0.2924, 1.0009, 1.0000, 162.25
1304, 2012, 107, 114, 0.6722, 1.8098, 1.7893, 0.2713, 0.3361, 101.60
1304, 2058, 48, 85, 0.5000, 20.1177, 16.7402, -11.1574, 0.1500, 167.83
1304, 2027, 120, 5, 0.7519, 0.1960, -0.1853, -0.0640, 0.6767, 174.11
1304, 2074, 13, 1, 0.6111, 2.6436, -2.6409, 0.1182, 0.3056, 215.80
1304, 2076, 20, 94, 0.6056, 1.0546, 1.0191, 0.2713, 0.2422, 175.75
1305, 2040, 120, 94, 0.6556, 42.2944, 37.2275, 20.0731, 0.2622, 176.75
1305, 2042, 69, 121, 1.0000, 2.2356, 1.0000, 1.9995, 1.0000, 247.23
1305, 2023, 29, 68, 0.6806, 27.9221, -5.1941, -27.4347, 0.4083, 179.67
1305, 2058, 51, 66, 0.6556, 17.6395, 8.9881, -15.1778, 0.2622, 178.12
1305, 2067, 114, 24, 1.0000, 1.2270, 0.7110, 1.0000, 1.0000, 161.77
1305, 2068, 111, 17, 0.7111, 10.5426, 10.4245, 1.5735, 0.3556, 210.40
1305, 1881, 70, 71, 0.6424, 8.1592, -8.0258, 1.4693, 0.5139, 134.62
1305, 2012, 108, 115, 0.7306, 1.5026, 1.3053, 0.7444, 0.4383, 104.67
1305, 2078, 75, 28, 0.6000, 1.1423, -1.1382, -0.0963, 0.1800, 200.33
1305, 1960, 41, 141, 0.5587, 28.8545, 5.7597, 28.2738, 0.3911, 196.21
1305, 2027, 120, 5, 0.6519, 0.1960, -0.1853, -0.0640, 0.5867, 174.11
1305, 2076, 21, 95, 0.5056, 1.0546, 1.0191, 0.2713, 0.2022, 175.75
1306, 2040, 131, 117, 0.7111, 26.3996, 13.1107, 22.9139, 0.3556, 153.40
1306, 2042, 69, 123, 1.0000, 2.0271, 0.3304, 2.0000, 1.0000, 246.67
1306, 2023, 44, 25, 0.7381, 43.6965, 13.4076, -41.5887, 0.5167, 182.43
1306, 2058, 74, 37, 0.7111, 35.9024, 22.7103, -27.8069, 0.3556, 185.10
1306, 2067, 115, 25, 1.0000, 1.4054, 0.9877, 0.9998, 1.0000, 160.21
1306, 2027, 112, 17, 0.9083, 5.9227, -3.2512, 4.9505, 0.9083, 177.20
1306, 2076, 22, 93, 0.7611, 1.1273, 1.0008, -0.5189, 0.3806, 174.60
1306, 2012, 110, 115, 0.7881, 1.7826, 1.7657, 0.2444, 0.5517, 111.00
1306, 2078, 76, 28, 0.7056, 0.5442, 0.5437, 0.0224, 0.2822, 199.25
1307, 2042, 70, 125, 1.0000, 2.1057, 0.6585, 2.0001, 1.0000, 244.95
1307, 2052, 120, 106, 0.6000, 77.7781, 70.1360, 33.6210, 0.1800, 153.00
1307, 2067, 118, 22, 1.0000, 3.6673, 2.5088, -2.6749, 1.0000, 157.96
1307, 2072, 49, 66, 0.6000, 46.0431, 41.1850, 20.5856, 0.1800, 212.00
1307, 2076, 13, 102, 0.7667, 12.4531, -8.7735, 8.8378, 0.4600, 187.17
1307, 2012, 112, 116, 0.8451, 2.1447, 2.0106, 0.7464, 0.6761, 110.75
1307, 1986, 88, 77, 0.5400, 0.0664, 0.0469, 0.0469, 0.2700, 166.30
1307, 2040, 144, 140, 0.6111, 26.3996, 13.1107, 22.9139, 0.3056, 153.40
1307, 2078, 76, 28, 0.6056, 0.5442, 0.5437, 0.0224, 0.2422, 199.25
1308, 2064, 12, 105, 0.6000, 12.4101, 12.2650, -1.8921, 0.1800, 220.67
1308, 2072, 87, 111, 0.6556, 57.1687, 38.4316, 42.3235, 0.2622, 188.25
1308, 2012, 114, 116, 0.9019, 2.0541, 2.0382, 0.2552, 0.8117, 111.89
1308, 2078, 79, 29, 0.7611, 1.8496, 1.7623, 0.5616, 0.3806, 196.60
1308, 1986, 88, 77, 0.6500, 0.0068, -0.0048, -0.0048, 0.3900, 165.25
1308, 2038, 22, 69, 0.5625, 2.7451, -1.9644, 1.9174, 0.2250, 235.50
1308, 2043, 43, 110, 0.5625, 0.8896, 0.8883, 0.0469, 0.2250, 170.12
1308, 2042, 71, 127, 0.9000, 2.1057, 0.6585, 2.0001, 0.9000, 244.95
1308, 2052, 190, 139, 0.5000, 77.7781, 70.1360, 33.6210, 0.1500, 153.00
1308, 2067, 120, 19, 0.9000, 3.6673, 2.5088, -2.6749, 0.9000, 157.96
1309, 2064, 14, 107, 0.6556, 3.6292, 3.4950, 0.9779, 0.2622, 214.33
1309, 2067, 118, 18, 1.0000, 1.8226, -0.0286, -1.8224, 1.0000, 164.18
1309, 2012, 115, 116, 0.9583, 1.2618, 1.2618, -0.0087, 0.9583, 110.50
1309, 2078, 79, 39, 0.7667, 9.5571, 0.4522, 9.5464, 0.4600, 194.00
1309, 1986, 89, 80, 0.7087, 3.1386, 0.7556, 3.0462, 0.4961, 164.36
1309, 1987, 55, 109, 0.5400, 41.1153, -35.2069, 21.2354, 0.2700, 145.80
1309, 2038, 21, 88, 0.6222, 16.4184, -1.2691, 16.3693, 0.3111, 225.80
1309, 2043, 45, 111, 0.6722, 1.9281, 1.7763, 0.7500, 0.3361, 170.63
1309, 2082, 25, 66, 0.6000, 64.7594, -45.7677, 45.8159, 0.1800, 204.33
1309, 2042, 71, 129, 0.8000, 2.1057, 0.6585, 2.0001, 0.8000, 244.95
1309, 2072, 126, 154, 0.5556, 57.1687, 38.4316, 42.3235, 0.2222, 188.25
1310, 2042, 72, 126, 1.0000, 0.7036, 0.7026, 0.0386, 1.0000, 240.95
1310, 2064, 15, 105, 0.7111, 1.5264, 1.2163, -0.9222, 0.3556, 212.57
1310, 2012, 101, 125, 0.9646, 14.5477, -12.5048, 7.4342, 0.9646, 109.27
1310, 2078, 59, 65, 0.8222, 30.4695, -18.5018, 24.2090, 0.5756, 195.14
1310, 1986, 93, 86, 0.7167, 7.0671, 4.1108, 5.7485, 0.5733, 160.44
1310, 1987, 45, 127, 0.6000, 22.0952, -12.6896, 18.0879, 0.3600, 145.50
1310, 2038, 21, 92, 0.6806, 5.7693, -0.2089, 5.7656, 0.4083, 218.50
1310, 2043, 46, 109, 0.7306, 2.4031, 1.3000, -2.0211, 0.4383, 184.69
1310, 2087, 40, 49, 0.6000, 0.9833, 0.0469, -0.9822, 0.1800, 215.67
1310, 2082, -21, 112, 0.5000, 64.7594, -45.7677, 45.8159, 0.1500, 204.33
1311, 2064, 17, 106, 0.7667, 1.5077, 1.4832, 0.2702, 0.4600, 214.97
1311, 1986, 115, 113, 0.7741, 31.0343, 19.7925, 23.9036, 0.6967, 155.83
1311, 2038, 10, 104, 0.7381, 14.9633, -9.8320, 11.2797, 0.5167, 216.57
1311, 2043, 47, 107, 0.7881, 1.9251, 1.0013, -1.6442, 0.5517, 187.24
1311, 2086, 108, 29, 0.6000, 23.0092, -1.6480, -22.9501, 0.1800, 148.00
1311, 2088, 0, 111, 0.6000, 7.3109, -5.6584, 4.6293, 0.1800, 185.33
1311, 2042, 73, 126, 0.9000, 0.7036, 0.7026, 0.0386, 0.9000, 240.95
1311, 1987, 32, 145, 0.5000, 22.0952, -12.6896, 18.0879, 0.3000, 145.50
1311, 2087, 40, 48, 0.5000, 0.9833, 0.0469, -0.9822, 0.1500, 215.67
1312, 2064, 18, 106, 0.8222, 1.1771, 1.1529, 0.2373, 0.5756, 219.12
1312, 1987, 21, 128, 0.6587, 12.0785, -11.9651, -1.6514, 0.4611, 144.71
1312, 2043, 49, 107, 0.8451, 1.7506, 1.7173, -0.3396, 0.6761, 190.83
1312, 2086, 122, 16, 0.6556, 18.3089, 11.5883, -14.1749, 0.2622, 167.00
1312, 2087, 66, 49, 0.6556, 14.5611, 14.5609, 0.0667, 0.2622, 215.00
1312, 2042, 73, 126, 0.8000, 0.7036, 0.7026, 0.0386, 0.8000, 240.95
1312, 2038, 0, 115, 0.6381, 14.9633, -9.8320, 11.2797, 0.4467, 216.57
1312, 2088, -5, 115, 0.5000, 7.3109, -5.6584, 4.6293, 0.1500, 185.33
1313, 2064, 20, 107, 0.8778, 1.9322, 1.7519, 0.8152, 0.7022, 221.60
1313, 2043, 50, 106, 0.9019, 1.4345, 1.2792, -0.6491, 0.8117, 194.52
1313, 2086, 127, 16, 0.7111, 6.4190, 6.0325, -2.1939, 0.3556, 179.20
1313, 2087, 84, 32, 0.7111, 23.8640, 18.0347, -15.6281, 0.3556, 210.00
1313, 2042, 74, 126, 0.7000, 0.7036, 0.7026, 0.0386, 0.7000, 240.95
1314, 2042, 51, 105, 1.0000, 9.3672, -6.6850, -6.5616, 1.0000, 240.52
1314, 2064, 15, 105, 0.9333, 4.2701, -4.0827, -1.2511, 0.8400, 225.31
1314, 2043, 46, 97, 0.9083, 8.4824, -3.5056, -7.7242, 0.9083, 193.67
1314, 2084, 74, 27, 0.6000, 21.0641, -20.8862, -2.7318, 0.1800, 179.67
1314, 2088, 3, 120, 0.6556, 3.5823, 2.2871, 2.7572, 0.2622, 176.50
1314, 2089, 72, 8, 0.6000, 14.1320, -6.9858, -12.2847, 0.1800, 190.00
1314, 2086, 133, 14, 0.6111, 6.4190, 6.0325, -2.1939, 0.3056, 179.20
1315, 2064, 15, 105, 0.9889, 0.6623, -0.2872, -0.5968, 0.9889, 228.08
1315, 2065, 51, 107, 0.6000, 29.7713, 29.7713, -0.0049, 0.1800, 185.67
1315, 2077, 39, 24, 0.6000, 80.2497, -76.6852, 23.6514, 0.1800, 161.33
1315, 2043, 45, 95, 0.9646, 3.3708, -1.5844, -2.9752, 0.9646, 191.88
1315, 2085, 26, 29, 0.6000, 59.6470, -59.6469, -0.0466, 0.1800, 203.33
1315, 2084, 53, 25, 0.5000, 21.0641, -20.8862, -2.7318, 0.1500, 179.67
1315, 2088, 5, 123, 0.5556, 3.5823, 2.2871, 2.7572, 0.2222, 176.50
1315, 2089, 65, -4, 0.5000, 14.1320, -6.9858, -12.2847, 0.1500, 190.00
1316, 2064, 18, 105, 1.0000, 2.0143, 2.0138, -0.0454, 1.0000, 230.26
1316, 2065, 57, 104, 0.6556, 9.9461, 9.6854, -2.2620, 0.2622, 190.00
1316, 2043, 59, 73, 1.0000, 23.3015, 12.6639, -19.5598, 1.0000, 192.14
1316, 2084, 21, 29, 0.6556, 26.8992, -26.8731, 1.1844, 0.2622, 189.25
1316, 2089, 72, 6, 0.6556, 1.3247, 1.2753, 0.3584, 0.2622, 191.50
1316, 2055, 59, 60, 0.5625, 41.0873, -30.8633, -27.1223, 0.2250, 173.00
1316, 2097, 49, 44, 0.6000, 1.3890, 0.9822, -0.9822, 0.1800, 208.67
1316, 2077, -38, 47, 0.5000, 80.2497, -76.6852, 23.6514, 0.1500, 161.33
1316, 2085, -34, 29, 0.5000, 59.6470, -59.6469, -0.0466, 0.1500, 203.33
1317, 2064, 21, 105, 1.0000, 3.1037, 3.1029, 0.0697, 1.0000, 232.32
1317, 2065, 58, 103, 0.7111, 2.0097, 1.2294, -1.5898, 0.3556, 191.40
1317, 2084, 4, 4, 0.7111, 28.5699, -17.8789, -22.2841, 0.3556, 197.00
1317, 2089, 74, 7, 0.7111, 1.6842, 1.5040, 0.7578, 0.3556, 189.20
1317, 2055, 49, 17, 0.6222, 42.8793, -13.1723, -40.8060, 0.3111, 178.40
1317, 2097, 50, 43, 0.7056, 1.4311, 1.0119, -1.0119, 0.2822, 209.75
1318, 2064, 23, 104, 1.0000, 2.5272, 2.4193, -0.7307, 1.0000, 232.91
1318, 2065, 57, 102, 0.7667, 1.0561, -0.1782, -1.0410, 0.4600, 192.67
1318, 2097, 51, 43, 0.7611, 1.0357, 1.0067, -0.2432, 0.3806, 207.80
1318, 2055, 36, -23, 0.5222, 42.8793, -13.1723, -40.8060, 0.2611, 178.40
1319, 2064, 25, 104, 1.0000, 2.0200, 1.9992, -0.2893, 1.0000, 234.49
1319, 2065, 59, 102, 0.8222, 1.3073, 1.2980, -0.1557, 0.5756, 190.57
1319, 2088, 10, 119, 0.7111, 1.6448, 1.2045, -1.1201, 0.3556, 171.40
1319, 2092, 16, 16, 0.6000, 29.2636, -28.9195, -4.4739, 0.1800, 203.33
1319, 2097, 53, 42, 0.8167, 1.9026, 1.7652, -0.7097, 0.4900, 209.17
1320, 2064, 48, 98, 1.0000, 21.7068, 21.0368, -5.3514, 1.0000, 229.72
1320, 2065, 56, 88, 0.8778, 12.7185, -2.6371, -12.4421, 0.7022, 191.75
1320, 2088, 28, 111, 0.7667, 19.1581, 17.4204, -7.9725, 0.4600, 183.17
1320, 2092, 10, 15, 0.6556, 9.0180, -8.9072, -1.4089, 0.2622, 204.75
1320, 2097, 54, 42, 0.8722, 1.3149, 1.2933, -0.2377, 0.6106, 212.43
1320, 2106, 108, 120, 0.6000, 50.9262, 50.5036, 6.5468, 0.1800, 130.67
1321, 2088, 52, 108, 0.8222, 23.5316, 23.3058, -3.2521, 0.5756, 179.43
1321, 2092, 1, 4, 0.7111, 13.6757, -8.6280, -10.6105, 0.3556, 208.80
1321, 2095, 96, 29, 0.6000, 44.2758, 44.2360, -1.8766, 0.1800, 195.00
1321, 2097, 55, 41, 0.9278, 1.2495, 1.0029, -0.7453, 0.7422, 211.62
1321, 2104, 94, 98, 0.7056, 2.3823, 0.7548, 2.2595, 0.2822, 128.50
1321, 2106, 158, 126, 0.5000, 50.9262, 50.5036, 6.5468, 0.1500, 130.67
1322, 2083, 95, 31, 0.6000, 0.9540, 0.9538, 0.0202, 0.1800, 171.67
1322, 2088, 65, 102, 0.8778, 15.0811, 13.6885, -6.3296, 0.7022, 185.00
1322, 2091, 22, 8, 0.6000, 18.8711, -18.5050, 3.6991, 0.1800, 214.67
1322, 2095, 120, 38, 0.6556, 27.7226, 26.5912, 7.8388, 0.2622, 182.00
1322, 2104, 95, 99, 0.7611, 1.8987, 1.0410, 1.5879, 0.3806, 131.40
1322, 2097, 56, 40, 0.8278, 1.2495, 1.0029, -0.7453, 0.6622, 211.62
1323, 2083, 88, 21, 0.6556, 10.1358, -5.7825, -8.3245, 0.2622, 172.25
1323, 1944, 51, 29, 0.5250, 79.2707, -47.7222, -63.2964, 0.3150, 134.67
1323, 2097, 58, 40, 0.9833, 1.6066, 1.5164, -0.5309, 0.8850, 210.56
1323, 2104, 93, 101, 0.8167, 2.1910, -1.2419, 1.8051, 0.4900, 129.33
1323, 2105, 17, 88, 0.6000, 56.2641, -49.6541, -26.4598, 0.1800, 143.00
1323, 2088, 78, 95, 0.7778, 15.0811, 13.6885, -6.3296, 0.6222, 185.00
1323, 2091, 4, 11, 0.5000, 18.8711, -18.5050, 3.6991, 0.1500, 214.67
1323, 2095, 147, 46, 0.5556, 27.7226, 26.5912, 7.8388, 0.2222, 182.00
1324, 2083, 82, 9, 0.7111, 13.6297, -6.0573, -12.2097, 0.3556, 173.00
1324, 2097, 59, 39, 1.0000, 1.4474, 1.1513, -0.8772, 1.0000, 214.00
1324, 2108, 58, 97, 0.6000, 24.3124, -23.7575, -5.1647, 0.1800, 125.17
1324, 2005, 36, 112, 0.5400, 1.3906, 1.0291, 0.9353, 0.2700, 229.30
1324, 2110, 72, 38, 0.6000, 19.1898, -14.0288, 13.0935, 0.1800, 201.67
1324, 2111, 80, 41, 0.6000, 18.1583, -16.0401, 8.5111, 0.1800, 177.33
1324, 2117, 101, 51, 0.6000, 38.7537, -5.6115, -38.3453, 0.1800, 126.67
1324, 2118, 5, 110, 0.6000, 38.8584, -34.5574, 17.7698, 0.1800, 183.00
1324, 2119, 36, 103, 0.6000, 2.2181, 2.0113, -0.9353, 0.1800, 238.17
1324, 2088, 92, 89, 0.6778, 15.0811, 13.6885, -6.3296, 0.5422, 185.00
1324, 2104, 92, 103, 0.7167, 2.1910, -1.2419, 1.8051, 0.4300, 129.33
1324, 2105, -33, 61, 0.5000, 56.2641, -49.6541, -26.4598, 0.1500, 143.00
1325, 2075, 50, 12, 0.6000, 52.2447, -52.2447, 0.0066, 0.1800, 172.00
1325, 2088, 111, 91, 0.9333, 16.1031, 15.8556, -2.8125, 0.8400, 175.67
1325, 2097, 60, 38, 1.0000, 1.4176, 0.9852, -1.0193, 1.0000, 216.27
1325, 2108, 43, 74, 0.6556, 26.7124, -15.7138, -21.6016, 0.2622, 142.38
1325, 2059, 99, 31, 0.5625, 8.3005, -1.6985, 8.1248, 0.2250, 155.25
1325, 2005, 14, 122, 0.6000, 21.1805, -19.3717, 8.5644, 0.3600, 215.58
1325, 2112, 96, 31, 0.6000, 1.1382, -1.1382, 0.0000, 0.1800, 163.67
1325, 2117, 95, 22, 0.6556, 30.9699, -6.1002, -30.3632, 0.2622, 134.50
1325, 2119, 38, 103, 0.7056, 2.0360, 2.0191, -0.2619, 0.2822, 239.88
1325, 2083, 76, -3, 0.6111, 13.6297, -6.0573, -12.2097, 0.3056, 173.00
1325, 2104, 91, 105, 0.6167, 2.1910, -1.2419, 1.8051, 0.3700, 129.33
1325, 2110, 58, 51, 0.5000, 19.1898, -14.0288, 13.0935, 0.1500, 201.67
1325, 2111, 64, 49, 0.5000, 18.1583, -16.0401, 8.5111, 0.1500, 177.33
1325, 2118, -30, 128, 0.5000, 38.8584, -34.5574, 17.7698, 0.1500, 183.00
1326, 2083, 68, 1, 0.7667, 7.5340, -7.1283, -2.4388, 0.4600, 176.17
1326, 2097, 68, 24, 1.0000, 13.9222, 6.8801, -12.1034, 1.0000, 212.75
1326, 2108, 25, 37, 0.7111, 39.6227, -17.1129, -35.7366, 0.3556, 158.70
1326, 2059, 100, 33, 0.6222, 2.4385, 0.1939, 2.4308, 0.3111, 157.60
1326, 2005, 9, 125, 0.6587, 7.5168, -6.4920, 3.7890, 0.4611, 208.79
1326, 2071, 7, 81, 0.5625, 27.6354, -23.7259, 14.1702, 0.2250, 192.25
1326, 2110, 43, 70, 0.6556, 21.5040, -14.3473, 16.0181, 0.2622, 199.50
1326, 2112, 95, 32, 0.7056, 1.2350, -0.9742, 0.7590, 0.2822, 169.00
1326, 2114, 78, 37, 0.6000, 25.7618, -13.2076, -22.1185, 0.1800, 177.00
1326, 2117, 95, 19, 0.7111, 5.4209, -0.7430, -5.3697, 0.3556, 140.20
1326, 2119, 40, 103, 0.7611, 2.0057, 2.0055, 0.0263, 0.3806, 242.30
1326, 2075, -3, 12, 0.5000, 52.2447, -52.2447, 0.0066, 0.1500, 172.00
1326, 2088, 127, 88, 0.8333, 16.1031, 15.8556, -2.8125, 0.7500, 175.67
1326, 2104, 90, 106, 0.5167, 2.1910, -1.2419, 1.8051, 0.3100, 129.33
1327, 2075, 9, 17, 0.6556, 17.0588, -16.8461, 2.6853, 0.2622, 180.50
1327, 2088, 125, 97, 0.9889, 6.5269, 5.2603, 3.8639, 0.9889, 166.00
1327, 2091, 4, 45, 0.6556, 8.6946, 1.0077, 8.6360, 0.2622, 207.50
1327, 2097, 84, 9, 1.0000, 21.5286, 15.2520, -15.1939, 1.0000, 210.77
1327, 2104, 69, 100, 0.8222, 7.5874, -7.5406, -0.8413, 0.5756, 135.79
1327, 2059, 108, 35, 0.6806, 7.4709, 7.1670, 2.1090, 0.4083, 155.67
1327, 2110, 32, 95, 0.7111, 26.3891, -10.9520, 24.0091, 0.3556, 194.40
1327, 2111, 33, 62, 0.6556, 16.8958, -15.4559, 6.8252, 0.2622, 181.25
1327, 2112, 100, 32, 0.7611, 4.3800, 4.3710, 0.2805, 0.3806, 168.80
1327, 2114, 63, 34, 0.6556, 15.8050, -14.8458, -5.4221, 0.2622, 185.50
1327, 2119, 42, 103, 0.8167, 1.9999, 1.9993, 0.0482, 0.4900, 242.33
1327, 2005, 2, 129, 0.5587, 7.5168, -6.4920, 3.7890, 0.3911, 208.79
1328, 2091, 3, 80, 0.7111, 34.0548, -0.4684, 34.0516, 0.3556, 198.60
1328, 2059, 110, 35, 0.7381, 2.7423, 2.7051, 0.4502, 0.5167, 154.71
1328, 2112, 101, 33, 0.8167, 1.9624, 1.8089, 0.7607, 0.4900, 168.71
1328, 2114, 62, 36, 0.7111, 3.1178, -2.9727, 0.9401, 0.3556, 196.00
1328, 2119, 45, 103, 0.8722, 2.7593, 2.7592, 0.0147, 0.6106, 244.14
1328, 2123, 41, 113, 0.6000, 34.7282, 33.6691, 8.5111, 0.1800, 175.83
1328, 2124, 98, 108, 0.6000, 1.3906, 0.9353, 1.0291, 0.1800, 118.33
1328, 2125, 1, 111, 0.6000, 2.5134, -1.7297, 1.8236, 0.1800, 157.67
1328, 2126, 71, 100, 0.6000, 31.8551, 29.0397, -13.0935, 0.1800, 210.50
1328, 2075, -8, 20, 0.5556, 17.0588, -16.8461, 2.6853, 0.2222, 180.50
1328, 2097, 100, -7, 0.9000, 21.5286, 15.2520, -15.1939, 0.9000, 210.77
1328, 2110, 21, 119, 0.6111, 26.3891, -10.9520, 24.0091, 0.3056, 194.40
1328, 2111, 18, 69, 0.5556, 16.8958, -15.4559, 6.8252, 0.2222, 181.25
1329, 2112, 99, 26, 0.8722, 6.2744, -2.2378, -5.8618, 0.6106, 167.89
1329, 2119, 47, 102, 0.9278, 2.4175, 2.2958, -0.7572, 0.7422, 245.00
1329, 2123, 48, 115, 0.6556, 10.6463, 10.1842, 3.1026, 0.2622, 183.88
1329, 2124, 98, 108, 0.7056, 0.3637, 0.2619, 0.2524, 0.2822, 114.00
1329, 2126, 76, 97, 0.6556, 9.5979, 8.8698, -3.6670, 0.2622, 206.62
1329, 2097, 115, -22, 0.8000, 21.5286, 15.2520, -15.1939, 0.8000, 210.77
1329, 2059, 113, 36, 0.6381, 2.7423, 2.7051, 0.4502, 0.4467, 154.71
1329, 2110, 10, 143, 0.5111, 26.3891, -10.9520, 24.0091, 0.2556, 194.40
1329, 2125, -1, 113, 0.5000, 2.5134, -1.7297, 1.8236, 0.1500, 157.67
1330, 2114, 66, 36, 0.8222, 1.9432, 1.8827, -0.4812, 0.5756, 209.29
1330, 2119, 49, 102, 0.9833, 2.0279, 2.0054, -0.3013, 0.8850, 245.78
1330, 2121, 43, 61, 0.6000, 56.5628, -46.7276, 31.8729, 0.1800, 181.67
1330, 2123, 48, 115, 0.7111, 0.8565, 0.8561, 0.0245, 0.3556, 186.50
1330, 2124, 99, 111, 0.7611, 2.3662, 0.7372, 2.2484, 0.3806, 117.40
1330, 2126, 77, 98, 0.7111, 1.0471, 0.9800, 0.3688, 0.3556, 201.70
1330, 2097, 130, -37, 0.7000, 21.5286, 15.2520, -15.1939, 0.7000, 210.77
1330, 2059, 115, 36, 0.5381, 2.7423, 2.7051, 0.4502, 0.3767, 154.71
1331, 1996, 118, 110, 0.5400, 40.6574, 33.8290, 22.5526, 0.2700, 148.20
1331, 2111, 10, 68, 0.7111, 3.1231, -3.1228, 0.0428, 0.3556, 182.40
1331, 2119, 52, 102, 1.0000, 2.7059, 2.7059, -0.0085, 1.0000, 246.70
1331, 2121, 5, 89, 0.6556, 48.7284, -39.1376, 29.0293, 0.2622, 178.75
1331, 2124, 99, 113, 0.8167, 2.3618, 0.2429, 2.3493, 0.4900, 116.00
1331, 2130, 83, 47, 0.6556, 14.2344, -7.5430, 12.0716, 0.2622, 178.00
1331, 2097, 145, -52, 0.6000, 21.5286, 15.2520, -15.1939, 0.6000, 210.77
1331, 2114, 68, 36, 0.7222, 1.9432, 1.8827, -0.4812, 0.5056, 209.29
1332, 2059, 123, 47, 0.7951, 5.0334, 3.4604, 3.6552, 0.6361, 151.38
1332, 2119, 54, 101, 1.0000, 2.3911, 2.2858, -0.7018, 1.0000, 245.41
1332, 2123, 50, 115, 0.8222, 1.5632, 1.5588, 0.1169, 0.5756, 194.50
1332, 2124, 99, 114, 0.8722, 1.3381, -0.0134, 1.3380, 0.6106, 116.00
1332, 2125, 1, 123, 0.7056, 3.3840, 0.4263, 3.3570, 0.2822, 156.00
1332, 2126, 78, 98, 0.8222, 1.3467, 1.3438, -0.0878, 0.5756, 194.64
1332, 2130, 81, 50, 0.7111, 5.2238, -2.7664, 4.4311, 0.3556, 183.20
1332, 2097, 161, -67, 0.5000, 21.5286, 15.2520, -15.1939, 0.5000, 210.77
1332, 2121, -34, 119, 0.5556, 48.7284, -39.1376, 29.0293, 0.2222, 178.75
1333, 2059, 111, 72, 0.8519, 26.6628, -11.2089, 24.1923, 0.7667, 147.78
1333, 2119, 56, 101, 1.0000, 2.0317, 2.0112, -0.2875, 1.0000, 242.96
1333, 2123, 51, 116, 0.8778, 1.5113, 1.2952, 0.7788, 0.7022, 197.19
1333, 2124, 100, 116, 0.9278, 1.8365, 0.7154, 1.6914, 0.7422, 114.00
1333, 2126, 79, 98, 0.8778, 1.2944, 1.2943, -0.0187, 0.7022, 194.94
1333, 2070, 32, 10, 0.5625, 26.9656, 3.6418, -26.7186, 0.2250, 210.00
1333, 2130, 82, 75, 0.7667, 22.1133, 0.8084, 22.0986, 0.4600, 182.33
1333, 2080, 21, 90, 0.5625, 0.0000, 0.0000, 0.0000, 0.2250, 185.50
1333, 2125, 1, 126, 0.6056, 3.3840, 0.4263, 3.3570, 0.2422, 156.00
1334, 2119, 59, 101, 1.0000, 2.6962, 2.6962, -0.0132, 1.0000, 243.73
1334, 2123, 53, 117, 0.9333, 2.0984, 1.8170, 1.0496, 0.8400, 194.50
1334, 2124, 100, 118, 0.9833, 1.9956, 0.2846, 1.9752, 0.8850, 115.22
1334, 2125, 1, 123, 0.7611, 0.3336, -0.0179, -0.3331, 0.3806, 157.40
1334, 2126, 71, 98, 0.9333, 7.6824, -7.6824, 0.0061, 0.8400, 190.39
1334, 2070, 37, 0, 0.6222, 12.4860, 4.9036, -11.4828, 0.3111, 212.60
1334, 2130, 81, 98, 0.8222, 23.0928, -0.8358, 23.0777, 0.5756, 188.00
1334, 2080, 21, 90, 0.6722, 0.0000, 0.0000, 0.0000, 0.3361, 184.80
1335, 2094, 33, 78, 0.6000, 10.8847, -7.6978, 7.6955, 0.1800, 187.33
1335, 2113, 104, 30, 0.6000, 32.7607, -15.0470, -29.1008, 0.1800, 132.33
1335, 2119, 77, 97, 1.0000, 16.5768, 16.1777, -3.6155, 1.0000, 235.11
1335, 2123, 55, 116, 0.9889, 2.1136, 2.0376, -0.5618, 0.9889, 193.95
1335, 2124, 101, 119, 1.0000, 1.4935, 0.7556, 1.2882, 1.0000, 114.40
1335, 2125, 1, 123, 0.8167, 0.2363, -0.0235, -0.2352, 0.4900, 156.83
1335, 2126, 61, 100, 0.9889, 9.3400, -9.1995, 1.6142, 0.9889, 192.80
1335, 2070, 69, 3, 0.6806, 29.5683, 29.5569, 0.8202, 0.4083, 210.67
1335, 2080, 21, 90, 0.7306, 0.0000, 0.0000, 0.0000, 0.4383, 185.00
1335, 2136, 111, 77, 0.6000, 20.1675, -11.1761, -16.7876, 0.1800, 96.67
1336, 2094, 12, 83, 0.6556, 20.3280, -19.4594, 5.8787, 0.2622, 185.50
1336, 2119, 98, 93, 1.0000, 20.6723, 20.3337, -3.7261, 1.0000, 226.17
1336, 2123, 57, 117, 1.0000, 2.0926, 2.0373, 0.4779, 1.0000, 196.50
1336, 2124, 101, 121, 1.0000, 1.7349, 0.2643, 1.7147, 1.0000, 113.82
1336, 2125, 3, 124, 0.8722, 1.6934, 1.5294, 0.7270, 0.6106, 155.71
1336, 2133, 80, 63, 0.6000, 34.9280, -18.7520, -29.4674, 0.1800, 135.67
1336, 2080, 21, 90, 0.7881, 0.0000, 0.0000, 0.0000, 0.5517, 185.43
1336, 2136, 120, 49, 0.6556, 27.4298, 6.6641, -26.6079, 0.2622, 104.50
1336, 2137, 125, 94, 0.6000, 1.6029, 1.6021, -0.0482, 0.1800, 91.00
1336, 2039, 98, 30, 0.5400, 11.7131, 10.3816, -5.4238, 0.2700, 178.00
1336, 2113, 89, 1, 0.5000, 32.7607, -15.0470, -29.1008, 0.1500, 132.33
1337, 2094, 2, 105, 0.7111, 22.8945, -10.7022, 20.2391, 0.3556, 183.40
1337, 2100, 42, 86, 0.6000, 76.9898, 41.1432, 65.0743, 0.1800, 211.33
1337, 2119, 115, 103, 1.0000, 19.0734, 17.0901, 8.4691, 1.0000, 217.47
1337, 2123, 58, 117, 1.0000, 1.2238, 1.2017, 0.2318, 1.0000, 196.25
1337, 2124, 102, 122, 1.0000, 1.4502, 0.7341, 1.2507, 1.0000, 114.08
1337, 2125, 3, 124, 0.9278, 0.6571, 0.5807, 0.3076, 0.7422, 154.38
1337, 2132, 101, 92, 0.6000, 26.2987, -24.3550, 9.9224, 0.1800, 84.33
1337, 2080, 21, 90, 0.8451, 0.0000, 0.0000, 0.0000, 0.6761, 185.75
1337, 2135, 65, 102, 0.6000, 24.1208, 9.6745, -22.0956, 0.1800, 169.67
1337, 2137, 126, 94, 0.7056, 1.3466, 1.3465, 0.0112, 0.2822, 92.75
1337, 2138, 62, 9, 0.6000, 13.2941, 12.9211, 3.1271, 0.1800, 214.33
1337, 2079, 28, 12, 0.5625, 26.1568, -0.9353, -26.1401, 0.2250, 208.00
1337, 2139, 90, 75, 0.6000, 43.2619, 15.9462, 40.2158, 0.1800, 198.00
1337, 2133, 61, 33, 0.5000, 34.9280, -18.7520, -29.4674, 0.1500, 135.67
1337, 2136, 127, 22, 0.5556, 27.4298, 6.6641, -26.6079, 0.2222, 104.50
1338, 2094, -1, 120, 0.7667, 15.8634, -4.3025, 15.2688, 0.4600, 178.33
1338, 2113, 79, 5, 0.6556, 7.7501, -6.8955, -3.5378, 0.2622, 144.00
1338, 2123, 68, 102, 1.0000, 16.3682, 8.9835, -13.6827, 1.0000, 196.54
1338, 2124, 103, 124, 1.0000, 1.9994, 1.0009, 1.7309, 1.0000, 113.41
1338, 2125, 1, 123, 0.9833, 2.4134, -2.2931, -0.7525, 0.8850, 165.33
1338, 2127, 12, 92, 0.6000, 23.8669, 4.6701, -23.4056, 0.1800, 151.67
1338, 2132, 86, 98, 0.6556, 17.7487, -16.6630, 6.1123, 0.2622, 104.62
1338, 2133, 52, 20, 0.6556, 24.3347, -13.5180, -20.2347, 0.2622, 153.50
1338, 2080, 21, 90, 0.9019, 0.0000, 0.0000, 0.0000, 0.8117, 185.89
1338, 2135, 77, 59, 0.6556, 42.1480, 11.4892, -40.5519, 0.2622, 173.00
1338, 2137, 125, 95, 0.7611, 0.9099, -0.4786, 0.7739, 0.3806, 91.80
1338, 2039, 107, 30, 0.6000, 4.2712, 4.2641, 0.2460, 0.3600, 172.33
1338, 2138, 79, 27, 0.6556, 24.2984, 17.1319, 17.2310, 0.2622, 205.25
1338, 2079, 17, 1, 0.6222, 16.7460, -10.0740, -13.3770, 0.3111, 209.40
1338, 2139, 117, 101, 0.6556, 37.8291, 25.5817, 27.8680, 0.2622, 170.00
1338, 2140, 58, 92, 0.6000, 27.6344, -26.9222, -6.2337, 0.1800, 160.00
1338, 2100, 83, 151, 0.5000, 76.9898, 41.1432, 65.0743, 0.1500, 211.33
1338, 2119, 132, 112, 0.9000, 19.0734, 17.0901, 8.4691, 0.9000, 217.47
1339, 2123, 96, 92, 1.0000, 28.8028, 26.9527, -10.1565, 1.0000, 189.86
1339, 2124, 103, 126, 1.0000, 2.0251, 0.3104, 2.0012, 1.0000, 117.31
1339, 2125, 0, 125, 1.0000, 1.5337, -0.9605, 1.1956, 1.0000, 166.10
1339, 2127, 9, 82, 0.6556, 12.1873, -1.6715, -12.0721, 0.2622, 156.75
1339, 2132, 86, 98, 0.7111, 1.6990, -1.4107, 0.9468, 0.3556, 119.00
1339, 2133, 41, 3, 0.7111, 20.5622, -11.2629, -17.2032, 0.3556, 166.80
1339, 2080, 21, 90, 0.9583, 0.0000, 0.0000, 0.0000, 0.9583, 186.10
1339, 2137, 117, 105, 0.7667, 11.9272, -7.2574, 9.4651, 0.4600, 92.00
1339, 2138, 93, 76, 0.7111, 47.2120, 13.7777, 45.1569, 0.3556, 193.60
1339, 2139, 129, 120, 0.7111, 23.6539, 13.4207, 19.4780, 0.3556, 150.80
1339, 2113, 72, 2, 0.5556, 7.7501, -6.8955, -3.5378, 0.2222, 144.00
1339, 2119, 149, 120, 0.8000, 19.0734, 17.0901, 8.4691, 0.8000, 217.47
1339, 2135, 88, 19, 0.5556, 42.1480, 11.4892, -40.5519, 0.2222, 173.00
1339, 2039, 112, 30, 0.5000, 4.2712, 4.2641, 0.2460, 0.3000, 172.33
1339, 2079, 6, -13, 0.5222, 16.7460, -10.0740, -13.3770, 0.2611, 209.40
1339, 2140, 31, 85, 0.5000, 27.6344, -26.9222, -6.2337, 0.1500, 160.00
1340, 2131, 15, 14, 0.6000, 41.2214, -36.2961, -19.5397, 0.1800, 208.00
1340, 2132, 90, 98, 0.7667, 3.4278, 3.4197, 0.2344, 0.4600, 132.00
1340, 2080, 21, 90, 1.0000, 0.0000, 0.0000, 0.0000, 1.0000, 186.36
1340, 2135, 101, 8, 0.7111, 26.4786, 12.2283, -23.4858, 0.3556, 168.80
1340, 2136, 121, 2, 0.7111, 7.4210, -1.6329, -7.2391, 0.3556, 111.40
1340, 2039, 115, 22, 0.6587, 5.6751, 3.7382, -4.2700, 0.4611, 167.14
1340, 2140, 4, 81, 0.6556, 27.5938, -27.1019, -5.1872, 0.2622, 166.50
1340, 2081, 41, 106, 0.5625, 43.7982, 36.4279, 24.3165, 0.2250, 167.50
1340, 2145, 100, 92, 0.6000, 22.5664, -17.6759, 14.0288, 0.1800, 102.00
1340, 2119, 166, 129, 0.7000, 19.0734, 17.0901, 8.4691, 0.7000, 217.47
1340, 2124, 103, 128, 0.9000, 2.0251, 0.3104, 2.0012, 0.9000, 117.31
1340, 2127, 7, 70, 0.5556, 12.1873, -1.6715, -12.0721, 0.2222, 156.75
1340, 2137, 110, 115, 0.6667, 11.9272, -7.2574, 9.4651, 0.4000, 92.00
1340, 2139, 143, 139, 0.6111, 23.6539, 13.4207, 19.4780, 0.3056, 150.80
1341, 2117, 80, 31, 1.0000, 0.3604, 0.3352, 0.1324, 1.0000, 167.13
1341, 2069, 101, 30, 0.5625, 57.6788, 53.0064, 22.7411, 0.2250, 198.25
1341, 2128, 9, 111, 0.6000, 44.3169, -41.6541, -15.1303, 0.1800, 145.33
1341, 2080, 21, 90, 1.0000, 0.0000, 0.0000, 0.0000, 1.0000, 186.42
1341, 2137, 95, 115, 0.8222, 12.3441, -11.5564, 4.3391, 0.5756, 93.43
1341, 2039, 120, 19, 0.7167, 5.8703, 4.6971, -3.5211, 0.5733, 162.25
1341, 2140, 0, 80, 0.7111, 5.9485, -5.8529, -1.0621, 0.3556, 169.80
1341, 2081, 70, 103, 0.6222, 29.8541, 29.8441, 0.7720, 0.3111, 165.40
1341, 2090, 90, 78, 0.5625, 42.1399, 18.8455, 37.6910, 0.2250, 206.25
1341, 2141, 46, 68, 0.6000, 69.6489, 28.6688, 63.4750, 0.1800, 213.83
1341, 2145, 97, 95, 0.6556, 6.3481, -4.9862, 3.9289, 0.2622, 101.75
1341, 2119, 183, 137, 0.6000, 19.0734, 17.0901, 8.4691, 0.6000, 217.47
1341, 2124, 104, 130, 0.8000, 2.0251, 0.3104, 2.0012, 0.8000, 117.31
1341, 2131, -21, -5, 0.5000, 41.2214, -36.2961, -19.5397, 0.1500, 208.00
1342, 2127, 6, 81, 0.7111, 2.9187, -0.8771, 2.7838, 0.3556, 162.00
1342, 2080, 21, 90, 1.0000, 0.0000, 0.0000, 0.0000, 1.0000, 186.62
1342, 2039, 121, 18, 0.7741, 1.4187, 1.2264, -0.7132, 0.6967, 159.44
1342, 2081, 99, 95, 0.6806, 30.0473, 29.0999, -7.4856, 0.4083, 154.67
1342, 2090, 113, 105, 0.6222, 35.9280, 22.3956, 28.0937, 0.3111, 185.60
1342, 2141, 65, 127, 0.6556, 63.0876, 20.8377, 59.5469, 0.2622, 193.38
1342, 2145, 94, 97, 0.7111, 4.2637, -3.3330, 2.6590, 0.3556, 118.00
1342, 2119, 200, 146, 0.5000, 19.0734, 17.0901, 8.4691, 0.5000, 217.47
1342, 2124, 104, 132, 0.7000, 2.0251, 0.3104, 2.0012, 0.7000, 117.31
1342, 2128, -32, 96, 0.5000, 44.3169, -41.6541, -15.1303, 0.1500, 145.33
1343, 2080, 21, 90, 1.0000, 0.0000, 0.0000, 0.0000, 1.0000, 186.79
1343, 2039, 118, 4, 0.8311, 12.9900, -2.4890, -12.7493, 0.8311, 157.80
1343, 2090, 124, 112, 0.6806, 15.0196, 11.8789, 9.1913, 0.4083, 167.83
1343, 2143, 56, 27, 0.6000, 28.7454, -23.9878, -15.8392, 0.1800, 196.00
1343, 2145, 94, 97, 0.7667, 0.4932, 0.2200, 0.4415, 0.4600, 127.33
1343, 2124, 104, 134, 0.6000, 2.0251, 0.3104, 2.0012, 0.6000, 117.31
1343, 2141, 86, 186, 0.5556, 63.0876, 20.8377, 59.5469, 0.2222, 193.38
1344, 2101, 71, 49, 0.6000, 58.0887, -50.3179, 29.0241, 0.1800, 154.00
1344, 2080, 21, 90, 1.0000, 0.0000, 0.0000, 0.0000, 1.0000, 186.93
1344, 2143, 39, 8, 0.6556, 25.6323, -18.2134, -18.0357, 0.2622, 194.25
1344, 2145, 86, 98, 0.8222, 7.9472, -7.9283, 0.5467, 0.5756, 145.29
1344, 2149, 123, 37, 0.6000, 19.5286, 18.7050, 5.6115, 0.1800, 148.67
1344, 2150, 85, 50, 0.6000, 22.5164, -16.7407, 15.0579, 0.1800, 172.00
1344, 2124, 105, 136, 0.5000, 2.0251, 0.3104, 2.0012, 0.5000, 117.31
1344, 2039, 115, -8, 0.7311, 12.9900, -2.4890, -12.7493, 0.7311, 157.80
1344, 2090, 136, 121, 0.5806, 15.0196, 11.8789, 9.1913, 0.3483, 167.83
1345, 2101, 10, 82, 0.6556, 67.9739, -59.5793, 32.7224, 0.2622, 158.50
1345, 2122, 99, 97, 0.6000, 1.9050, 1.9049, -0.0118, 0.1800, 166.00
1345, 2080, 15, 87, 1.0000, 5.8584, -5.0865, -2.9066, 1.0000, 185.94
1345, 2142, 69, 22, 0.6000, 48.3715, 46.9422, 11.6721, 0.1800, 208.33
1345, 2143, 30, 5, 0.7111, 10.6797, -9.6536, -4.5675, 0.3556, 199.00
1345, 2149, 126, 38, 0.6556, 5.4692, 5.2386, 1.5716, 0.2622, 144.38
1345, 2039, 113, -21, 0.6311, 12.9900, -2.4890, -12.7493, 0.6311, 157.80
1345, 2145, 78, 99, 0.7222, 7.9472, -7.9283, 0.5467, 0.5056, 145.29
1345, 2150, 68, 65, 0.5000, 22.5164, -16.7407, 15.0579, 0.1500, 172.00
1346, 2122, 100, 97, 0.7056, 1.2887, 1.2887, 0.0053, 0.2822, 170.00
1346, 2142, 115, 34, 0.6556, 47.9782, 46.4489, 12.0169, 0.2622, 193.75
1346, 2145, 62, 113, 0.8778, 15.1448, -12.2344, 8.9267, 0.7022, 146.00
1346, 2148, 107, 9, 0.6000, 16.0768, 15.8570, 2.6495, 0.1800, 155.33
1346, 2149, 128, 37, 0.7111, 1.7708, 1.7637, -0.1581, 0.3556, 147.70
1346, 2150, 66, 69, 0.6556, 12.1355, -8.2858, 8.8666, 0.2622, 175.62
1346, 2151, 72, 34, 0.6000, 5.3144, 0.7640, -5.2592, 0.1800, 213.00
1346, 2101, -50, 115, 0.5556, 67.9739, -59.5793, 32.7224, 0.2222, 158.50
1346, 2039, 110, -34, 0.5311, 12.9900, -2.4890, -12.7493, 0.5311, 157.80
1346, 2143, 21, 1, 0.6111, 10.6797, -9.6536, -4.5675, 0.3056, 199.00
1347, 2122, 102, 97, 0.7611, 1.7520, 1.7520, 0.0035, 0.3806, 171.80
1347, 2147, 65, 47, 0.6000, 45.9828, -45.9495, -1.7497, 0.1800, 155.00
1347, 2150, 38, 85, 0.7111, 30.3667, -26.4485, 14.9204, 0.3556, 176.30
1347, 2152, 91, 101, 0.6000, 27.9180, 25.8189, 10.6205, 0.1800, 148.67
1347, 2155, 61, 37, 0.6000, 46.0234, -45.7804, 4.7232, 0.1800, 165.33
1347, 2156, 102, 85, 0.6000, 1.3562, 0.9822, 0.9353, 0.1800, 126.83
1347, 2158, 92, 97, 0.6000, 2.0113, 2.0113, 0.0000, 0.1800, 252.00
1347, 2142, 162, 46, 0.5556, 47.9782, 46.4489, 12.0169, 0.2222, 193.75
1347, 2148, 123, 11, 0.5000, 16.0768, 15.8570, 2.6495, 0.1500, 155.33
1347, 2149, 129, 37, 0.6111, 1.7708, 1.7637, -0.1581, 0.3056, 147.70
1347, 2151, 73, 28, 0.5000, 5.3144, 0.7640, -5.2592, 0.1500, 213.00
1348, 2122, 104, 97, 0.8167, 2.0091, 2.0091, 0.0005, 0.4900, 174.17
1348, 2147, 33, 45, 0.6556, 34.0961, -34.0314, -2.1005, 0.2622, 167.00
1348, 2151, 88, 29, 0.6556, 9.4821, 9.2640, -2.0223, 0.2622, 202.75
1348, 2155, 22, 15, 0.6556, 44.0055, -40.0111, -18.3192, 0.2622, 176.00
1348, 2156, 104, 85, 0.7056, 1.7860, 1.7667, 0.2619, 0.2822, 128.88
1348, 2158, 95, 96, 0.7056, 2.8747, 2.7738, -0.7548, 0.2822, 251.25
1348, 2164, 117, 95, 0.6000, 24.7198, 15.0110, -19.6403, 0.1800, 95.33
1348, 2149, 131, 37, 0.5111, 1.7708, 1.7637, -0.1581, 0.2556, 147.70
1348, 2152, 117, 112, 0.5000, 27.9180, 25.8189, 10.6205, 0.1500, 148.67
1349, 2122, 105, 97, 0.8722, 1.2791, 1.2791, -0.0003, 0.6106, 174.86
1349, 2151, 91, 28, 0.7111, 3.4060, 3.2413, -1.0465, 0.3556, 197.20
1349, 2152, 112, 95, 0.6556, 9.5968, 8.3867, -4.6650, 0.2622, 135.75
1349, 2156, 102, 89, 0.7611, 4.1841, -1.7700, 3.7913, 0.3806, 125.90
1349, 2158, 98, 96, 0.7611, 3.0591, 3.0465, -0.2774, 0.3806, 252.00
1349, 2147, -1, 43, 0.5556, 34.0961, -34.0314, -2.1005, 0.2222, 167.00
1349, 2155, -18, -3, 0.5556, 44.0055, -40.0111, -18.3192, 0.2222, 176.00
1349, 2164, 132, 75, 0.5000, 24.7198, 15.0110, -19.6403, 0.1500, 95.33
1350, 2122, 107, 97, 0.9278, 1.7179, 1.7179, -0.0002, 0.7422, 171.88
1350, 2148, 124, 27, 0.6556, 5.1789, 0.8984, 5.1004, 0.2622, 150.25
1350, 2149, 111, 43, 0.7667, 6.2176, -5.9249, 1.8851, 0.4600, 146.75
1350, 2151, 91, 27, 0.7667, 1.1046, 0.6756, -0.8739, 0.4600, 198.17
1350, 2152, 115, 70, 0.7111, 23.2248, 3.2263, -22.9996, 0.3556, 131.80
1350, 2156, 90, 99, 0.7667, 14.1446, -10.8694, 9.0513, 0.4600, 125.25
1350, 2158, 100, 96, 0.8167, 2.2863, 2.2863, 0.0042, 0.4900, 249.92
1351, 2122, 108, 98, 0.9833, 1.4523, 1.2426, 0.7517, 0.8850, 171.44
1351, 2129, 108, 86, 0.6000, 0.9574, 0.9574, -0.0019, 0.1800, 115.33
1351, 1995, 118, 8, 0.5250, 77.8890, 77.1041, -11.0299, 0.3150, 191.33
1351, 2156, 84, 122, 0.8222, 22.1176, -6.1820, 21.2361, 0.5756, 128.74
1351, 2158, 103, 95, 0.8722, 2.8121, 2.7188, -0.7185, 0.6106, 250.21
1351, 2163, 16, 112, 0.6000, 23.9345, 14.1302, 19.3184, 0.1800, 191.00
1351, 1957, 51, 8, 0.5444, 23.2773, 22.9618, 3.8195, 0.5444, 218.67
1351, 2148, 125, 32, 0.5556, 5.1789, 0.8984, 5.1004, 0.2222, 150.25
1352, 2122, 109, 99, 1.0000, 1.4427, 0.9909, 1.0487, 1.0000, 172.10
1352, 2129, 110, 87, 0.7056, 1.9281, 1.7741, 0.7551, 0.2822, 114.50
1352, 2158, 106, 95, 0.9278, 3.0074, 2.9943, -0.2804, 0.7422, 250.44
1352, 2162, 14, 52, 0.6000, 40.8596, 11.5384, -39.1966, 0.1800, 206.67
1352, 2163, 20, 117, 0.6556, 8.7479, 5.2626, 6.9879, 0.2622, 184.00
1352, 2156, 78, 143, 0.7222, 22.1176, -6.1820, 21.2361, 0.5056, 128.74
1353, 2122, 110, 100, 1.0000, 1.4278, 0.9601, 1.0568, 1.0000, 171.91
1353, 2129, 111, 87, 0.7611, 1.3177, 1.2884, 0.2762, 0.3806, 115.00
1353, 2157, 91, 96, 0.9333, 7.1318, -6.7659, 2.2553, 0.8400, 103.44
1353, 2158, 109, 95, 0.9833, 3.0390, 3.0390, -0.0053, 0.8850, 249.39
1353, 2107, 23, 65, 0.5625, 21.6608, 15.3165, -15.3165, 0.2250, 184.00
1353, 2162, 32, 3, 0.6556, 51.2021, 17.3781, -48.1628, 0.2622, 210.75
1353, 2109, 59, 32, 0.5625, 0.1365, 0.0610, 0.1221, 0.2250, 214.50
1353, 2156, 72, 164, 0.6222, 22.1176, -6.1820, 21.2361, 0.4356, 128.74
1353, 2163, 25, 124, 0.5556, 8.7479, 5.2626, 6.9879, 0.2222, 184.00
1354, 2122, 111, 101, 1.0000, 1.4151, 0.9849, 1.0161, 1.0000, 172.17
1354, 2129, 113, 88, 0.8167, 1.9185, 1.7616, 0.7597, 0.4900, 114.00
1354, 2157, 75, 85, 0.9889, 17.7601, -15.4181, -8.8149, 0.9889, 109.50
1354, 2158, 112, 93, 1.0000, 3.3494, 3.0165, -1.4557, 1.0000, 239.85
1354, 2107, 38, 49, 0.6222, 22.3255, 15.4015, -16.1623, 0.3111, 189.20
1354, 2163, 51, 120, 0.7111, 17.3995, 17.3791, 0.8417, 0.3556, 170.80
1354, 2109, 39, 35, 0.6222, 17.6884, -17.5454, 2.2443, 0.3111, 212.80
1354, 2120, 56, 14, 0.5625, 24.4982, -23.7259, -6.1026, 0.2250, 184.50
1354, 2115, 29, 69, 0.5625, 68.2480, -61.0236, -30.5600, 0.2250, 137.75
1354, 2116, 29, 37, 0.5625, 14.7223, -8.3703, -12.1113, 0.2250, 205.00
1354, 2166, 119, 31, 0.6000, 21.5332, 0.9822, 21.5108, 0.1800, 134.67
1354, 2162, 49, -46, 0.5556, 51.2021, 17.3781, -48.1628, 0.2222, 210.75
1355, 2122, 113, 102, 1.0000, 2.0014, 1.7348, 0.9981, 1.0000, 172.38
1355, 2129, 114, 88, 0.8722, 1.2762, 1.2511, 0.2521, 0.6106, 113.57
1355, 2146, 22, 115, 0.6000, 31.6684, -22.8535, 21.9228, 0.1800, 175.50
1355, 2153, 23, 118, 0.6000, 50.5985, -46.9787, 18.7939, 0.1800, 154.67
1355, 2157, 41, 53, 1.0000, 42.8946, -31.3414, -29.2858, 1.0000, 118.27
1355, 2158, 114, 94, 1.0000, 2.2627, 2.2575, 0.1531, 1.0000, 240.86
1355, 2107, 59, 34, 0.6806, 25.5897, 20.4467, -15.3871, 0.4083, 192.17
1355, 2165, 74, 38, 0.6000, 58.1029, 52.1566, 25.6053, 0.1800, 200.00
1355, 2166, 123, 55, 0.6556, 23.7290, 4.0310, 23.3841, 0.2622, 128.12
1355, 2168, 73, 24, 0.6000, 24.0275, 18.7989, 14.9640, 0.1800, 206.67
1355, 2109, 22, 37, 0.5222, 17.6884, -17.5454, 2.2443, 0.2611, 212.80
1356, 2122, 114, 103, 1.0000, 1.6483, 1.3128, 0.9967, 1.0000, 173.14
1356, 2129, 116, 88, 0.9278, 1.7430, 1.7430, -0.0123, 0.7422, 110.75
1356, 2146, 3, 118, 0.6556, 19.9689, -19.2365, 5.3587, 0.2622, 188.88
1356, 2158, 117, 94, 1.0000, 2.7067, 2.6919, 0.2824, 1.0000, 241.71
1356, 2168, 81, 41, 0.6556, 18.5923, 9.0029, 16.2672, 0.2622, 201.50
1356, 2170, 31, 4, 0.6000, 0.9822, 0.9822, 0.0000, 0.1800, 222.67
1356, 2153, -24, 137, 0.5000, 50.5985, -46.9787, 18.7939, 0.1500, 154.67
1356, 2157, 10, 24, 0.9000, 42.8946, -31.3414, -29.2858, 0.9000, 118.27
1356, 2107, 79, 18, 0.5806, 25.5897, 20.4467, -15.3871, 0.3483, 192.17
1356, 2165, 126, 64, 0.5000, 58.1029, 52.1566, 25.6053, 0.1500, 200.00
1356, 2166, 128, 78, 0.5556, 23.7290, 4.0310, 23.3841, 0.2222, 128.12
1357, 2122, 116, 103, 1.0000, 1.7680, 1.7469, 0.2723, 1.0000, 174.27
1357, 2129, 118, 89, 0.9833, 2.1302, 2.0084, 0.7099, 0.8850, 110.89
1357, 2099, 10, 94, 0.5625, 1.8502, 1.8501, 0.0207, 0.2250, 199.88
1357, 2158, 120, 93, 1.0000, 3.0524, 2.9844, -0.6405, 1.0000, 237.35
1357, 2107, 110, 21, 0.7381, 26.4749, 26.0122, -4.9281, 0.5167, 184.29
1357, 2165, 129, 42, 0.6556, 24.5678, 24.5342, -1.2846, 0.2622, 179.75
1357, 2116, 38, 9, 0.6222, 10.0380, 5.1960, -8.5885, 0.3111, 207.20
1357, 2166, 118, 100, 0.7111, 22.9369, -4.0043, 22.5846, 0.3556, 119.70
1357, 2168, 81, 43, 0.7111, 4.1053, 0.8445, 4.0175, 0.3556, 198.40
1357, 2169, 28, 118, 0.6000, 50.6220, -50.4986, -3.5326, 0.1800, 129.67
1357, 2170, 43, 15, 0.6556, 14.6094, 10.8240, 9.8120, 0.2622, 217.50
1357, 2146, -16, 123, 0.5556, 19.9689, -19.2365, 5.3587, 0.2222, 188.88
1358, 2122, 117, 103, 1.0000, 1.2756, 1.2750, -0.0375, 1.0000, 175.25
1358, 2129, 119, 89, 1.0000, 1.3251, 1.2939, 0.2861, 1.0000, 110.10
1358, 2099, 10, 94, 0.6722, 0.5512, 0.5511, -0.0088, 0.3361, 210.90
1358, 2158, 123, 93, 1.0000, 3.0568, 3.0407, -0.3140, 1.0000, 238.61
1358, 2109, 12, 52, 0.6806, 6.1138, -3.5672, 4.9653, 0.4083, 210.50
1358, 2120, 10, 4, 0.6222, 8.3662, -8.2493, -1.3938, 0.3111, 190.20
1358, 2116, 55, 10, 0.6806, 16.8706, 16.8699, 0.1624, 0.4083, 205.17
1358, 2092, 16, 16, 0.5402, 19.8490, -19.5829, 3.2395, 0.5402, 231.62
1358, 2168, 79, 42, 0.7667, 1.2965, -0.9894, -0.8378, 0.4600, 196.17
1358, 2169, -3, 125, 0.6556, 33.8171, -33.3264, 5.7396, 0.2622, 130.50
1358, 2165, 153, 41, 0.5556, 24.5678, 24.5342, -1.2846, 0.2222, 179.75
1358, 2170, 54, 25, 0.5556, 14.6094, 10.8240, 9.8120, 0.2222, 217.50
1359, 2122, 119, 105, 1.0000, 2.2047, 1.7215, 1.3774, 1.0000, 172.56
1359, 2129, 122, 100, 1.0000, 9.9804, 2.4554, 9.6736, 1.0000, 108.09
1359, 2099, 12, 94, 0.7306, 1.4877, 1.4876, -0.0059, 0.4383, 218.25
1359, 2158, 126, 93, 1.0000, 3.0200, 3.0198, -0.0353, 1.0000, 239.57
1359, 2167, 63, 79, 0.6000, 57.0096, 43.3702, 37.0016, 0.1800, 190.33
1359, 2173, 126, 8, 0.6000, 0.9353, 0.9353, 0.0000, 0.1800, 126.00
1359, 2120, 1, 2, 0.5222, 8.3662, -8.2493, -1.3938, 0.2611, 190.20
1359, 2169, -36, 131, 0.5556, 33.8171, -33.3264, 5.7396, 0.2222, 130.50
1360, 2122, 120, 104, 1.0000, 1.2807, 1.2771, -0.0959, 1.0000, 173.14
1360, 2129, 123, 103, 1.0000, 4.2072, 1.5504, 3.9111, 1.0000, 106.25
1360, 2099, 10, 99, 0.7881, 4.9283, -1.8062, 4.5854, 0.5517, 207.64
1360, 2167, 110, 116, 0.6556, 59.2845, 46.0798, 37.3002, 0.2622, 164.25
1360, 2170, 71, 39, 0.7111, 11.5741, 8.8588, 7.4485, 0.3556, 217.60
1360, 2158, 129, 93, 0.9000, 3.0200, 3.0198, -0.0353, 0.9000, 239.57
1360, 2173, 127, 8, 0.5000, 0.9353, 0.9353, 0.0000, 0.1500, 126.00
1361, 2122, 122, 104, 1.0000, 1.7394, 1.7193, -0.2638, 1.0000, 172.61
1361, 2099, 4, 107, 0.7951, 9.5889, -5.4893, 7.8622, 0.6361, 205.44
1361, 2173, 106, 18, 0.6556, 12.6032, -11.3884, 5.3986, 0.2622, 138.00
1361, 2174, 60, 14, 0.6000, 22.9914, -2.6097, -22.8428, 0.1800, 202.67
1361, 2178, 64, 86, 0.6000, 49.9009, 39.4858, -30.5118, 0.1800, 164.67
1361, 2129, 125, 107, 0.9000, 4.2072, 1.5504, 3.9111, 0.9000, 106.25
1361, 2158, 132, 93, 0.8000, 3.0200, 3.0198, -0.0353, 0.8000, 239.57
1361, 2167, 156, 153, 0.5556, 59.2845, 46.0798, 37.3002, 0.2222, 164.25
1361, 2170, 80, 47, 0.6111, 11.5741, 8.8588, 7.4485, 0.3056, 217.60
1362, 2122, 125, 104, 1.0000, 2.6969, 2.6949, -0.1047, 1.0000, 171.43
1362, 2120, 3, 3, 0.6806, 0.0719, -0.0240, 0.0677, 0.4083, 195.33
1362, 2170, 77, 66, 0.7667, 14.3148, 2.3013, 14.1286, 0.4600, 209.33
1362, 2173, 66, 14, 0.7111, 37.7844, -37.6435, -3.2604, 0.3556, 152.00
1362, 2174, 60, 0, 0.6556, 15.6693, -0.8467, -15.6465, 0.2622, 203.00
1362, 2177, 69, 74, 0.6000, 34.5447, -29.1440, -18.5462, 0.1800, 122.33
1362, 2178, 98, 45, 0.6556, 53.2191, 34.7082, -40.3436, 0.2622, 166.00
1362, 2129, 126, 111, 0.8000, 4.2072, 1.5504, 3.9111, 0.8000, 106.25
1362, 2158, 135, 93, 0.7000, 3.0200, 3.0198, -0.0353, 0.7000, 239.57
1363, 2122, 126, 104, 1.0000, 1.6642, 1.6642, -0.0053, 1.0000, 169.39
1363, 2161, 10, 80, 0.6000, 28.6203, -28.5569, -1.9048, 0.1800, 182.33
1363, 2116, 65, 35, 0.8519, 5.6184, 1.3543, 5.4528, 0.7667, 204.78
1363, 2172, 20, 98, 0.6000, 38.9589, -28.9195, -26.1047, 0.1800, 176.67
1363, 2173, 35, 12, 0.7667, 31.6728, -31.6116, -1.9692, 0.4600, 161.33
1363, 2177, 64, 46, 0.6556, 27.4907, -7.6602, -26.4019, 0.2622, 147.75
1363, 2181, 74, 44, 0.6000, 53.0349, 35.6334, 39.2806, 0.1800, 224.67
1363, 2129, 128, 115, 0.7000, 4.2072, 1.5504, 3.9111, 0.7000, 106.25
1363, 2158, 138, 93, 0.6000, 3.0200, 3.0198, -0.0353, 0.6000, 239.57
1363, 2174, 59, -16, 0.5556, 15.6693, -0.8467, -15.6465, 0.2222, 203.00
1363, 2178, 133, 4, 0.5556, 53.2191, 34.7082, -40.3436, 0.2222, 166.00
1364, 2122, 127, 104, 1.0000, 1.0314, 1.0313, 0.0147, 1.0000, 170.64
1364, 2129, 124, 106, 1.0000, 0.2910, -0.1862, -0.2237, 1.0000, 102.54
1364, 2172, 4, 92, 0.6556, 19.4215, -17.2763, -8.8727, 0.2622, 169.00
1364, 2177, 62, 14, 0.7111, 31.8409, -2.7676, -31.7204, 0.3556, 156.80
1364, 2181, 100, 92, 0.6556, 53.9021, 27.3035, 46.4754, 0.2622, 194.00
1364, 2185, 109, 18, 0.6000, 0.9833, 0.9822, 0.0469, 0.1800, 184.00
1364, 2158, 141, 93, 0.5000, 3.0200, 3.0198, -0.0353, 0.5000, 239.57
1364, 2161, -18, 78, 0.5000, 28.6203, -28.5569, -1.9048, 0.1500, 182.33
1365, 2122, 111, 102, 1.0000, 13.0437, -12.9705, -1.3797, 1.0000, 167.68
1365, 2129, 123, 63, 1.0000, 40.2437, -0.8888, -40.2339, 1.0000, 103.00
1365, 2185, 104, 43, 0.6556, 22.2966, -4.2715, 21.8836, 0.2622, 175.50
1365, 2187, 26, 71, 0.6000, 28.5752, -3.1082, 28.4057, 0.1800, 197.67
1365, 2172, -13, 83, 0.5556, 19.4215, -17.2763, -8.8727, 0.2222, 169.00
1365, 2177, 59, -18, 0.6111, 31.8409, -2.7676, -31.7204, 0.3056, 156.80
1365, 2181, 128, 138, 0.5556, 53.9021, 27.3035, 46.4754, 0.2222, 194.00
1366, 2098, 44, 56, 0.5625, 1.3624, 0.9622, 0.9645, 0.2250, 213.50
1366, 2161, -1, 94, 0.6556, 6.2150, 1.6996, 5.9781, 0.2622, 178.50
1366, 2171, 43, 120, 0.6000, 23.1443, 22.2233, 6.4637, 0.1800, 146.33
1366, 2172, 2, 64, 0.7111, 14.6060, 1.2695, -14.5507, 0.3556, 174.20
1366, 2185, 108, 61, 0.7111, 18.1935, 2.8823, 17.9637, 0.3556, 166.80
1366, 2186, 111, 19, 0.6000, 1.2289, 0.7640, 0.9626, 0.1800, 174.33
1366, 2187, 17, 107, 0.6556, 35.8816, -8.5772, 34.8414, 0.2622, 187.50
1366, 2189, 8, 36, 0.6000, 22.8578, -6.0629, -22.0391, 0.1800, 201.00
1366, 2190, 20, 97, 0.6000, 1.3562, 0.9822, 0.9353, 0.1800, 237.83
1366, 2177, 57, -49, 0.5111, 31.8409, -2.7676, -31.7204, 0.2556, 156.80
1367, 2186, 112, 20, 0.7056, 1.4794, 1.0755, 1.0158, 0.2822, 167.75
1367, 2190, 22, 97, 0.7056, 1.7860, 1.7667, 0.2619, 0.2822, 240.88
1367, 2193, 17, 60, 0.6000, 21.2036, -14.0288, -15.8993, 0.1800, 189.67
1367, 2161, 1, 100, 0.5556, 6.2150, 1.6996, 5.9781, 0.2222, 178.50
1367, 2171, 66, 126, 0.5000, 23.1443, 22.2233, 6.4637, 0.1500, 146.33
1367, 2185, 111, 79, 0.6111, 18.1935, 2.8823, 17.9637, 0.3056, 166.80
1367, 2187, 8, 142, 0.5556, 35.8816, -8.5772, 34.8414, 0.2222, 187.50
1367, 2189, 2, 14, 0.5000, 22.8578, -6.0629, -22.0391, 0.1500, 201.00
1368, 2098, 45, 57, 0.6722, 0.6835, 0.4839, 0.4826, 0.3361, 211.40
1368, 2186, 112, 20, 0.7611, 0.3863, 0.2963, 0.2478, 0.3806, 171.80
1368, 2190, 23, 98, 0.7611, 1.4807, 1.2842, 0.7372, 0.3806, 243.30
1368, 2193, 15, 57, 0.6556, 5.4683, -3.1742, -4.4528, 0.2622, 193.25
1369, 2186, 112, 21, 0.8167, 0.7121, -0.0437, 0.7108, 0.4900, 174.33
1369, 2190, 24, 98, 0.8167, 1.0258, 0.9967, 0.2429, 0.4900, 244.58
1369, 2193, 17, 58, 0.7111, 1.5043, 1.4361, 0.4478, 0.3556, 195.40
1369, 2098, 46, 58, 0.5722, 0.6835, 0.4839, 0.4826, 0.2861, 211.40
1370, 2098, 59, 72, 0.6806, 12.1147, 8.2833, 8.8404, 0.4083, 210.17
1370, 2175, 110, 56, 0.6000, 20.9037, 9.3264, 18.7079, 0.1800, 145.67
1370, 2176, 26, 118, 0.6000, 49.8961, 25.2626, 43.0282, 0.1800, 191.67
1370, 2179, 26, 94, 0.6000, 77.3475, -19.3912, 74.8773, 0.1800, 203.33
1370, 2186, 113, 21, 0.8722, 0.7397, 0.7005, 0.2375, 0.6106, 175.14
1370, 2190, 30, 114, 0.8222, 15.4515, 5.5193, 14.4321, 0.5756, 230.21
1370, 2144, 98, 48, 0.5625, 38.7460, 27.0185, 27.7714, 0.2250, 181.50
1370, 2200, 79, 41, 0.6000, 10.4663, 0.8883, 10.4286, 0.1800, 186.00
1370, 2201, 80, 46, 0.6000, 4.7689, 0.9353, 4.6763, 0.1800, 189.00
1371, 2186, 114, 21, 0.9278, 1.0352, 1.0352, -0.0109, 0.7422, 171.88
1371, 2195, 33, 48, 0.6000, 46.3615, 5.3408, 46.0529, 0.1800, 228.33
1371, 2199, 69, 16, 0.6000, 8.2796, -0.5165, 8.2635, 0.1800, 189.17
1371, 2200, 79, 42, 0.6556, 2.8793, 0.2667, 2.8669, 0.2622, 185.75
1371, 2201, 98, 50, 0.6556, 15.9558, 15.3574, 4.3287, 0.2622, 181.25
1371, 2175, 120, 75, 0.5000, 20.9037, 9.3264, 18.7079, 0.1500, 145.67
1371, 2176, 52, 161, 0.5000, 49.8961, 25.2626, 43.0282, 0.1500, 191.67
1371, 2179, 7, 168, 0.5000, 77.3475, -19.3912, 74.8773, 0.1500, 203.33
1372, 2175, 119, 86, 0.6556, 15.3022, 3.9038, 14.7959, 0.2622, 131.00
1372, 2180, 21, 88, 0.6000, 28.9923, 0.9561, 28.9766, 0.1800, 195.33
1372, 2186, 123, 23, 0.9333, 7.9596, 7.8237, 1.4644, 0.8400, 166.33
1372, 2193, 4, 76, 0.8778, 1.3999, 1.3901, -0.1657, 0.7022, 216.75
1372, 2096, 38, 20, 0.5400, 6.0840, 5.4510, 2.7022, 0.2700, 207.80
1372, 2195, 25, 98, 0.6556, 49.3286, -6.7079, 48.8704, 0.2622, 213.25
1372, 2199, 70, 17, 0.6556, 2.0293, 0.6649, 1.9173, 0.2622, 192.88
1372, 2138, 118, 103, 0.5495, 1.2680, 1.2667, -0.0591, 0.5495, 94.18
1372, 2200, 79, 45, 0.5556, 2.8793, 0.2667, 2.8669, 0.2222, 185.75
1372, 2201, 113, 54, 0.5556, 15.9558, 15.3574, 4.3287, 0.2222, 181.25
1373, 2180, 21, 94, 0.6556, 8.4179, 0.2623, 8.4138, 0.2622, 193.25
1373, 2182, 39, 0, 0.6000, 8.0626, -6.5478, -4.7046, 0.1800, 208.50
1373, 2096, 53, 18, 0.6000, 14.6664, 14.5944, -1.4520, 0.3600, 205.33
1373, 2200, 79, 41, 0.7111, 1.0235, -0.0871, -1.0198, 0.3556, 185.00
1373, 2203, 12, 91, 0.6000, 47.3847, -45.2289, 14.1302, 0.1800, 187.67
1373, 2175, 123, 101, 0.5556, 15.3022, 3.9038, 14.7959, 0.2222, 131.00
1373, 2186, 130, 24, 0.8333, 7.9596, 7.8237, 1.4644, 0.7500, 166.33
1373, 2195, 18, 146, 0.5556, 49.3286, -6.7079, 48.8704, 0.2222, 213.25
1373, 2199, 70, 19, 0.5556, 2.0293, 0.6649, 1.9173, 0.2222, 192.88
1374, 2175, 127, 121, 0.7111, 18.0671, 3.8068, 17.6615, 0.3556, 120.00
1374, 2180, 21, 92, 0.7111, 0.6828, -0.0281, -0.6822, 0.3556, 191.80
1374, 2182, 8, 11, 0.6556, 29.6570, -28.4116, 8.5041, 0.2622, 212.38
1374, 2096, 71, 16, 0.6587, 17.7178, 17.6401, -1.6572, 0.4611, 203.71
1374, 2199, 71, 38, 0.7111, 11.8404, 0.6019, 11.8251, 0.3556, 197.90
1374, 2200, 79, 41, 0.7667, 0.4446, -0.0391, -0.4429, 0.4600, 184.50
1374, 2124, 127, 125, 0.5265, 3.8972, 3.2859, 2.0956, 0.5265, 83.12
1374, 2186, 138, 26, 0.7333, 7.9596, 7.8237, 1.4644, 0.6600, 166.33
1374, 2203, -34, 105, 0.5000, 47.3847, -45.2289, 14.1302, 0.1500, 187.67
1375, 2096, 76, 17, 0.7167, 6.2298, 6.1305, 1.1081, 0.5733, 201.62
1375, 2200, 89, 57, 0.8222, 17.2300, 9.2088, 14.5626, 0.5756, 182.71
1375, 2175, 131, 138, 0.6111, 18.0671, 3.8068, 17.6615, 0.3056, 120.00
1375, 2182, -21, 19, 0.5556, 29.6570, -28.4116, 8.5041, 0.2222, 212.38
1375, 2186, 146, 27, 0.6333, 7.9596, 7.8237, 1.4644, 0.5700, 166.33
1376, 2183, 15, 6, 0.6000, 18.8646, 5.6807, -17.9890, 0.1800, 205.33
1376, 2093, 21, 89, 0.5400, 28.1198, -1.8705, 28.0576, 0.2700, 198.40
1376, 2103, 119, 107, 0.5400, 60.7874, 51.2511, 32.6869, 0.2700, 162.40
1376, 2159, 81, 6, 0.5625, 34.8060, 2.0583, -34.7451, 0.2250, 190.00
1376, 2175, 135, 156, 0.5111, 18.0671, 3.8068, 17.6615, 0.2556, 120.00
1376, 2186, 154, 29, 0.5333, 7.9596, 7.8237, 1.4644, 0.4800, 166.33
1377, 2194, 59, 113, 0.6000, 60.0234, 47.6707, 36.4735, 0.1800, 192.00
1377, 2159, 81, 0, 0.6222, 9.6902, 0.5047, -9.6770, 0.3111, 187.00
1377, 2207, 43, 21, 0.6000, 35.8337, 34.6043, 9.3056, 0.1800, 212.33
1377, 2183, 20, -12, 0.5000, 18.8646, 5.6807, -17.9890, 0.1500, 205.33
1378, 2188, 27, 44, 0.6000, 20.2897, 3.7909, 19.9324, 0.1800, 205.33
1378, 2093, 40, 118, 0.6000, 16.9943, 10.8998, 13.0385, 0.3600, 189.67
1378, 2160, 91, 100, 0.5625, 0.0000, 0.0000, 0.0000, 0.2250, 121.00
1378, 2207, 66, 20, 0.6556, 24.0579, 24.0321, 1.1145, 0.2622, 207.50
1378, 2194, 107, 149, 0.5000, 60.0234, 47.6707, 36.4735, 0.1500, 192.00
1378, 2159, 82, -10, 0.5222, 9.6902, 0.5047, -9.6770, 0.2611, 187.00
1379, 2205, 37, 103, 0.6000, 22.6296, 10.8426, -19.8629, 0.1800, 158.00
1379, 2093, 43, 119, 0.6587, 4.3049, 3.8106, 2.0030, 0.4611, 182.86
1379, 2160, 98, 94, 0.6222, 8.0681, 6.0718, -5.3129, 0.3111, 117.60
1379, 2207, 83, 17, 0.7111, 18.3048, 18.0402, -3.1010, 0.3556, 201.13
1379, 2188, 31, 64, 0.5000, 20.2897, 3.7909, 19.9324, 0.1500, 205.33
1380, 2188, 18, 77, 0.6556, 17.1596, -5.5811, 16.2266, 0.2622, 217.00
1380, 2205, 40, 99, 0.6556, 6.7576, 4.1019, -5.3703, 0.2622, 160.25
1380, 2160, 100, 92, 0.6806, 2.9813, 2.2437, -1.9632, 0.4083, 115.33
1380, 2207, 100, 10, 0.7667, 18.3982, 17.1367, -6.6954, 0.4600, 196.03
1380, 2214, 35, 100, 0.6000, 29.8565, 19.6872, 22.4460, 0.1800, 218.67
1380, 2093, 47, 121, 0.5587, 4.3049, 3.8106, 2.0030, 0.3911, 182.86
1381, 2188, 8, 87, 0.7111, 14.0856, -9.5455, 10.3579, 0.3556, 207.80
1381, 2159, 79, 1, 0.6806, 3.4113, -0.8846, 3.2946, 0.4083, 185.50
1381, 2160, 102, 82, 0.7381, 9.4224, 2.2641, -9.1464, 0.5167, 117.57
1381, 2207, 118, 3, 0.8222, 18.8939, 17.6709, -6.6871, 0.5756, 188.02
1381, 2218, 57, 5, 0.6000, 1.9174, 1.9174, 0.0000, 0.1800, 207.33
1381, 2205, 44, 94, 0.5556, 6.7576, 4.1019, -5.3703, 0.2222, 160.25
1381, 2214, 55, 122, 0.5000, 29.8565, 19.6872, 22.4460, 0.1500, 218.67
1382, 2160, 103, 80, 0.7951, 3.4594, 1.3014, -3.2053, 0.6361, 118.25
1382, 2218, 57, 5, 0.7056, 0.5191, 0.5191, 0.0000, 0.2822, 208.00
1382, 2207, 136, -4, 0.7222, 18.8939, 17.6709, -6.6871, 0.5056, 188.02
1383, 2205, 23, 72, 0.7111, 12.8500, -8.0091, -10.0487, 0.3556, 165.80
1383, 2160, 105, 80, 0.8519, 1.6982, 1.6947, 0.1099, 0.7667, 119.56
1383, 2208, 7, 18, 0.6000, 8.5678, -7.2848, -4.5098, 0.1800, 205.33
1383, 2218, 58, 5, 0.7611, 0.7029, 0.7029, 0.0000, 0.3806, 209.60
1383, 2222, 21, 78, 0.6000, 1.0291, 1.0291, 0.0000, 0.1800, 254.00
1383, 2207, 153, -10, 0.6222, 18.8939, 17.6709, -6.6871, 0.4356, 188.02
1384, 2160, 106, 81, 0.9083, 1.3234, 1.2214, 0.5096, 0.9083, 120.50
1384, 2218, 42, 15, 0.7667, 17.0154, -14.3312, 9.1728, 0.4600, 209.17
1384, 2222, 22, 79, 0.7056, 1.2586, 1.0071, 0.7548, 0.2822, 247.25
1384, 2226, 34, 70, 0.6000, 30.1843, 26.1871, -15.0110, 0.1800, 183.00
1384, 2207, 171, -17, 0.5222, 18.8939, 17.6709, -6.6871, 0.3656, 188.02
1384, 2208, -1, 14, 0.5000, 8.5678, -7.2848, -4.5098, 0.1500, 205.33
1385, 2208, 5, 13, 0.6556, 2.5763, -0.2713, -2.5620, 0.2622, 207.50
1385, 2220, 58, 7, 0.6000, 18.3284, 14.2406, -11.5384, 0.1800, 203.67
1385, 2222, 24, 79, 0.7611, 1.7840, 1.7623, 0.2774, 0.3806, 248.40
1385, 2226, 60, 35, 0.6556, 41.4468, 26.2033, -32.1127, 0.2622, 185.50
1385, 2160, 107, 81, 0.8083, 1.3234, 1.2214, 0.5096, 0.8083, 120.50
1386, 2160, 108, 80, 0.9646, 1.0850, 0.9267, -0.5644, 0.9646, 120.73
1386, 2208, 12, 7, 0.7111, 8.3676, 6.5911, -5.1549, 0.3556, 210.20
1386, 2219, 43, 35, 0.6000, 28.2614, 8.2089, 27.0430, 0.1800, 211.33
1386, 2222, 25, 80, 0.8167, 1.4970, 1.2896, 0.7602, 0.4900, 249.50
1386, 2227, 6, 112, 0.6000, 18.0814, -16.6607, -7.0255, 0.1800, 158.00
1386, 2229, 27, 1, 0.6000, 15.1270, 14.0288, -5.6584, 0.1800, 222.67
1386, 2220, 72, -4, 0.5000, 18.3284, 14.2406, -11.5384, 0.1500, 203.67
1386, 2226, 86, 3, 0.5556, 41.4468, 26.2033, -32.1127, 0.2222, 185.50
1387, 2197, 12, 86, 0.6000, 57.1199, -42.2688, -38.4191, 0.1800, 158.67
1387, 2160, 109, 80, 1.0000, 0.9846, 0.9672, -0.1840, 1.0000, 121.42
1387, 2208, 15, 5, 0.7667, 4.0072, 3.2611, -2.3288, 0.4600, 210.67
1387, 2219, 40, 62, 0.6556, 26.7186, -2.0886, 26.6368, 0.2622, 211.88
1387, 2220, 84, 1, 0.6556, 13.2686, 13.1404, -1.8402, 0.2622, 216.00
1387, 2222, 27, 80, 0.8722, 1.7792, 1.7612, 0.2522, 0.6106, 250.00
1387, 2228, 46, 30, 0.6000, 32.7155, 10.7170, -30.9103, 0.1800, 195.33
1387, 2229, 58, 6, 0.6556, 28.9882, 28.8364, 2.9618, 0.2622, 219.25
1387, 2227, -11, 105, 0.5000, 18.0814, -16.6607, -7.0255, 0.1500, 158.00
1388, 2160, 112, 79, 1.0000, 2.6439, 2.5333, -0.7568, 1.0000, 120.50
1388, 2208, 15, 6, 0.8222, 0.3399, 0.3033, -0.1535, 0.5756, 211.00
1388, 2219, 28, 115, 0.7111, 50.9507, -11.0078, 49.7474, 0.3556, 199.30
1388, 2220, 118, 8, 0.7111, 32.4293, 31.7922, 6.3963, 0.3556, 195.00
1388, 2222, 28, 81, 0.9278, 1.4582, 1.2544, 0.7436, 0.7422, 250.62
1388, 2229, 84, 2, 0.7111, 26.4649, 26.3216, -2.7506, 0.3556, 217.70
1388, 2197, -31, 48, 0.5000, 57.1199, -42.2688, -38.4191, 0.1500, 158.67
1388, 2228, 57, -1, 0.5000, 32.7155, 10.7170, -30.9103, 0.1500, 195.33
1389, 2192, 31, 108, 0.6000, 29.2151, 24.1587, -16.4279, 0.1800, 155.00
1389, 2160, 123, 81, 1.0000, 10.0602, 9.9801, 1.2667, 1.0000, 118.18
1389, 2222, 29, 81, 0.9833, 1.0215, 0.9888, 0.2567, 0.8850, 247.83
1389, 2228, 62, 7, 0.6556, 11.7213, 7.7541, -8.7899, 0.2622, 197.50
1389, 2229, 90, 2, 0.7667, 8.1597, 8.1283, -0.7158, 0.4600, 222.92
1389, 2219, 17, 164, 0.6111, 50.9507, -11.0078, 49.7474, 0.3056, 199.30
1390, 2191, 98, 94, 0.6000, 40.4143, 29.9917, -27.0891, 0.1800, 118.50
1390, 2192, 42, 67, 0.6556, 39.6754, 12.5771, -37.6292, 0.2622, 168.25
1390, 2102, 48, 27, 0.5400, 29.5304, 13.1981, 26.4169, 0.2700, 213.60
1390, 2216, 39, 90, 0.6556, 13.0314, -10.6094, -7.5669, 0.2622, 168.50
1390, 2222, 31, 82, 1.0000, 1.8591, 1.7054, 0.7403, 1.0000, 248.55
1390, 2160, 133, 82, 0.9000, 10.0602, 9.9801, 1.2667, 0.9000, 118.18
1390, 2228, 70, -1, 0.5556, 11.7213, 7.7541, -8.7899, 0.2222, 197.50
1391, 2192, 41, 8, 0.7111, 56.6746, 0.7232, -56.6700, 0.3556, 175.40
1391, 2198, 55, 87, 0.6000, 37.6984, 0.9717, -37.6858, 0.1800, 167.67
1391, 2209, 111, 44, 0.6000, 34.0282, -1.9025, -33.9750, 0.1800, 113.17
1391, 2212, 37, 3, 0.6000, 60.6098, 19.7276, -57.3094, 0.1800, 204.67
1391, 2222, 33, 82, 1.0000, 2.0483, 2.0314, 0.2622, 1.0000, 249.14
1391, 2191, 128, 67, 0.5000, 40.4143, 29.9917, -27.0891, 0.1500, 118.50
1391, 2160, 143, 83, 0.8000, 10.0602, 9.9801, 1.2667, 0.8000, 118.18
1391, 2216, 28, 83, 0.5556, 13.0314, -10.6094, -7.5669, 0.2222, 168.50
1392, 2191, 117, 78, 0.6556, 9.0732, 6.8527, -5.9467, 0.2622, 116.88
1392, 2209, 100, 25, 0.6556, 23.1163, -9.6108, -21.0237, 0.2622, 124.62
1392, 2216, 7, 63, 0.7111, 21.7950, -16.4628, -14.2829, 0.3556, 171.40
1392, 2217, 30, 120, 0.6000, 18.0873, -17.8948, -2.6316, 0.1800, 138.17
1392, 2222, 34, 82, 1.0000, 1.3182, 1.3182, -0.0036, 1.0000, 249.46
1392, 2134, 107, 91, 0.5400, 1.3890, 0.9822, 0.9822, 0.2700, 109.60
1392, 2192, 42, -49, 0.6111, 56.6746, 0.7232, -56.6700, 0.3056, 175.40
1392, 2198, 56, 50, 0.5000, 37.6984, 0.9717, -37.6858, 0.1500, 167.67
1392, 2160, 153, 84, 0.7000, 10.0602, 9.9801, 1.2667, 0.7000, 118.18
1392, 2212, 57, -54, 0.5000, 60.6098, 19.7276, -57.3094, 0.1500, 204.67
1393, 2191, 118, 77, 0.7111, 2.0546, 1.8228, -0.9482, 0.3556, 115.10
1393, 2198, 44, 61, 0.6556, 12.0915, -6.5140, -10.1869, 0.2622, 180.75
1393, 2210, 122, 102, 0.6000, 63.4119, 0.0000, 63.4119, 0.1800, 111.67
1393, 2217, 28, 120, 0.6556, 4.2868, -4.2411, -0.6237, 0.2622, 141.12
1393, 2222, 36, 83, 1.0000, 1.8461, 1.7109, 0.6936, 1.0000, 249.35
1393, 2236, 39, 108, 0.6556, 22.5406, 15.9386, 15.9386, 0.2622, 180.00
1393, 2134, 102, 82, 0.6000, 9.1090, -4.2715, -8.0454, 0.3600, 109.83
1393, 2160, 163, 86, 0.6000, 10.0602, 9.9801, 1.2667, 0.6000, 118.18
1393, 2209, 91, 4, 0.5556, 23.1163, -9.6108, -21.0237, 0.2222, 124.62
1393, 2216, -9, 49, 0.6111, 21.7950, -16.4628, -14.2829, 0.3056, 171.40
1394, 2198, 42, 39, 0.7111, 21.2298, -1.7937, -21.1539, 0.3556, 184.80
1394, 2209, 94, 2, 0.7111, 10.0197, -1.9232, -9.8334, 0.3556, 150.70
1394, 2217, 31, 120, 0.7111, 2.4741, 2.4703, 0.1373, 0.3556, 142.90
1394, 2222, 37, 83, 1.0000, 1.2856, 1.2516, 0.2937, 1.0000, 249.46
1394, 2231, 92, 106, 0.6000, 46.4192, 33.7353, 31.8853, 0.1800, 162.00
1394, 2236, 53, 121, 0.7111, 19.1544, 14.2860, 12.7594, 0.3556, 189.70
1394, 2134, 86, 46, 0.6587, 35.9932, -14.6790, -32.8640, 0.4611, 121.00
1394, 2160, 172, 87, 0.5000, 10.0602, 9.9801, 1.2667, 0.5000, 118.18
1394, 2210, 122, 165, 0.5000, 63.4119, 0.0000, 63.4119, 0.1500, 111.67
1394, 2216, -25, 35, 0.5111, 21.7950, -16.4628, -14.2829, 0.2556, 171.40
1395, 2222, 39, 81, 1.0000, 2.2433, 1.7244, -1.4349, 1.0000, 246.97
1395, 2231, 125, 111, 0.6556, 34.0417, 33.0444, 8.1796, 0.2622, 139.75
1395, 2236, 56, 123, 0.7667, 5.1073, 3.8907, 3.3085, 0.4600, 192.92
1395, 2217, 33, 120, 0.6111, 2.4741, 2.4703, 0.1373, 0.3056, 142.90
1396, 2231, 130, 109, 0.7111, 7.8319, 7.7432, -1.1754, 0.3556, 129.00
1396, 2236, 56, 123, 0.8222, 0.1819, 0.1252, 0.1320, 0.5756, 199.07
1396, 2184, 41, 86, 0.5625, 24.0293, -8.9741, -22.2906, 0.2250, 184.50
1396, 2217, 36, 120, 0.5111, 2.4741, 2.4703, 0.1373, 0.2556, 142.90
1396, 2222, 41, 80, 0.9000, 2.2433, 1.7244, -1.4349, 0.9000, 246.97
1397, 2217, 35, 120, 0.7667, 1.1649, 1.1646, 0.0255, 0.4600, 144.42
1397, 2184, 29, 50, 0.6222, 35.8878, -11.0621, -34.1404, 0.3111, 187.40
1397, 2202, 50, 118, 0.5625, 50.5036, 0.0000, 50.5036, 0.2250, 173.50
1397, 2222, 42, 79, 0.8000, 2.2433, 1.7244, -1.4349, 0.8000, 246.97
1398, 2223, 22, 87, 0.6000, 71.3792, -30.4079, 64.5783, 0.1800, 196.67
1398, 2184, 33, 29, 0.6806, 22.7629, 2.4475, -22.6309, 0.4083, 189.50
1398, 2222, 44, 77, 0.7000, 2.2433, 1.7244, -1.4349, 0.7000, 246.97
1399, 2154, 102, 35, 0.5625, 9.9423, 4.8335, 8.6883, 0.2250, 165.50
1399, 2222, 46, 85, 1.0000, 2.3754, 1.7899, 1.5618, 1.0000, 247.47
1399, 2223, -8, 151, 0.5000, 71.3792, -30.4079, 64.5783, 0.1500, 196.67
1400, 2222, 47, 85, 1.0000, 1.2286, 1.1651, 0.3901, 1.0000, 247.68
1400, 2234, 8, 6, 0.6000, 26.1947, -14.9732, -21.4934, 0.1800, 208.33
1400, 2196, 51, 117, 0.5625, 1.0291, 0.0000, 1.0291, 0.2250, 146.75
1400, 2244, 79, 52, 0.6000, 49.4181, -43.0216, -24.3165, 0.1800, 136.00
1401, 2222, 52, 66, 1.0000, 16.6199, 4.5887, -15.9739, 1.0000, 245.03
1401, 2234, 2, 3, 0.6556, 9.1846, -7.3653, -5.4873, 0.2622, 209.75
1401, 2196, 49, 90, 0.6222, 23.1948, -1.5095, -23.1456, 0.3111, 167.60
1401, 2244, 20, 53, 0.6556, 56.6263, -56.5803, -2.2815, 0.2622, 148.75
1402, 2196, 45, 61, 0.6806, 28.7223, -3.6090, -28.4946, 0.4083, 174.17
1402, 2234, -6, -2, 0.5556, 9.1846, -7.3653, -5.4873, 0.2222, 209.75
1402, 2244, -36, 51, 0.5556, 56.6263, -56.5803, -2.2815, 0.2222, 148.75
1403, 2215, 53, 85, 0.6000, 2.1529, 1.9256, -0.9628, 0.1800, 213.00
1403, 2184, 67, 21, 0.9646, 1.0703, -0.4988, 0.9470, 0.9646, 190.05
1403, 2240, 36, 24, 0.6000, 57.8890, 18.0407, -55.0061, 0.1800, 188.33
1403, 2241, 1, 93, 0.6000, 18.1503, -2.6880, 17.9501, 0.1800, 187.00
1403, 2245, 78, 41, 0.6000, 7.8639, 7.0652, 3.4532, 0.1800, 193.00
1403, 2246, 91, 11, 0.6556, 7.7709, 3.7739, 6.7930, 0.2622, 169.25
1403, 2248, 121, 27, 0.6000, 18.9609, 18.9419, -0.8492, 0.1800, 152.67
1403, 2196, 42, 33, 0.5806, 28.7223, -3.6090, -28.4946, 0.3483, 174.17
1404, 2196, 38, 18, 0.7381, 20.5585, -3.7096, -20.2211, 0.5167, 179.00
1404, 2246, 103, 26, 0.7111, 18.1047, 10.5496, 14.7135, 0.3556, 169.40
1404, 2248, 124, 27, 0.6556, 5.6827, 5.6756, -0.2825, 0.2622, 147.00
1404, 2249, 31, 71, 0.6000, 26.6625, 22.4351, 14.4067, 0.1800, 191.33
1404, 2206, 58, 24, 0.5625, 26.9930, 26.1871, 6.5468, 0.2250, 206.25
1404, 2215, 55, 84, 0.5000, 2.1529, 1.9256, -0.9628, 0.1500, 213.00
1404, 2240, 54, -31, 0.5000, 57.8890, 18.0407, -55.0061, 0.1500, 188.33
1404, 2241, -1, 111, 0.5000, 18.1503, -2.6880, 17.9501, 0.1500, 187.00
1404, 2245, 85, 44, 0.5000, 7.8639, 7.0652, 3.4532, 0.1500, 193.00
1405, 2215, 57, 87, 0.7056, 2.3351, 2.0436, 1.1298, 0.2822, 223.50
1405, 2243, 99, 86, 0.6000, 79.2692, 2.7318, 79.2221, 0.1800, 150.33
1405, 2206, 80, 40, 0.6222, 26.7980, 22.4295, 14.6646, 0.3111, 202.00
1405, 2251, 117, 29, 0.6000, 24.1467, 16.1533, 17.9481, 0.1800, 156.00
1405, 2246, 113, 41, 0.6111, 18.1047, 10.5496, 14.7135, 0.3056, 169.40
1405, 2248, 130, 27, 0.5556, 5.6827, 5.6756, -0.2825, 0.2222, 147.00
1405, 2249, 54, 85, 0.5000, 26.6625, 22.4351, 14.4067, 0.1500, 191.33
1406, 2215, 59, 87, 0.7611, 2.0463, 2.0156, 0.3530, 0.3806, 222.80
1406, 2241, 15, 109, 0.6556, 6.4816, 6.1085, 2.1673, 0.2622, 179.50
1406, 2246, 119, 64, 0.7667, 20.7407, 7.8923, 19.1804, 0.4600, 159.00
1406, 2249, 50, 104, 0.6556, 18.4589, 7.7616, 16.7478, 0.2622, 183.00
1406, 2213, 78, 41, 0.5625, 20.1893, 19.6403, 4.6763, 0.2250, 202.50
1406, 2243, 101, 165, 0.5000, 79.2692, 2.7318, 79.2221, 0.1500, 150.33
1406, 2206, 102, 54, 0.5222, 26.7980, 22.4295, 14.6646, 0.2611, 202.00
1406, 2251, 133, 46, 0.5000, 24.1467, 16.1533, 17.9481, 0.1500, 156.00
1407, 2215, 61, 88, 0.8167, 2.1326, 1.9997, 0.7411, 0.4900, 220.58
1407, 2241, 24, 107, 0.7111, 8.8936, 8.7292, -1.7018, 0.3556, 174.80
1407, 2247, 86, 23, 0.6000, 33.3028, -27.9813, 18.0589, 0.1800, 179.67
1407, 2249, 84, 119, 0.7111, 35.0869, 31.4763, 15.5027, 0.3556, 168.00
1407, 2213, 81, 42, 0.6222, 5.6543, 5.5005, 1.3096, 0.3111, 199.00
1407, 2246, 127, 83, 0.6667, 20.7407, 7.8923, 19.1804, 0.4000, 159.00
1408, 2215, 62, 88, 0.8722, 1.2557, 1.2344, 0.2300, 0.6106, 221.93
1408, 2247, 61, 61, 0.6556, 42.9924, -24.6194, 35.2453, 0.2622, 184.75
1408, 2213, 80, 41, 0.6806, 0.5687, -0.5532, -0.1317, 0.4083, 196.83
1408, 2246, 135, 102, 0.5667, 20.7407, 7.8923, 19.1804, 0.3400, 159.00
1409, 2215, 64, 88, 0.9278, 1.7079, 1.7078, -0.0202, 0.7422, 223.56
1409, 2247, 31, 70, 0.7111, 32.1874, -29.8068, 12.1485, 0.3556, 186.40
1409, 2256, 93, 78, 0.6556, 13.8763, -5.2834, -12.8311, 0.2622, 114.00
1409, 2259, 9, 2, 0.6000, 23.0990, 8.4173, -21.5108, 0.1800, 220.00
1409, 2213, 80, 41, 0.5806, 0.5687, -0.5532, -0.1317, 0.3483, 196.83
1410, 2215, 58, 78, 0.9333, 10.4196, -4.8754, -9.2086, 0.8400, 219.28
1410, 2213, 79, 41, 0.7381, 0.5955, -0.5793, -0.1379, 0.5167, 194.86
1410, 2256, 67, 64, 0.7111, 27.1384, -23.3211, -13.8788, 0.3556, 131.00
1410, 2259, 9, -1, 0.6556, 5.5079, 1.6026, -5.2696, 0.2622, 228.25
1410, 2260, 2, 24, 0.6000, 1.0000, 0.9822, 0.1877, 0.1800, 209.33
1410, 2247, 1, 83, 0.6111, 32.1874, -29.8068, 12.1485, 0.3056, 186.40
1411, 2215, 63, 65, 0.9889, 13.2974, 4.0001, -12.6815, 0.9889, 216.65
1411, 2204, 8, 22, 0.5625, 82.1814, -22.3311, -79.0892, 0.2250, 180.50
1411, 2256, 38, 40, 0.7667, 37.0124, -28.7607, -23.2969, 0.4600, 142.33
1411, 2260, 4, 20, 0.7056, 4.1842, 1.7667, -3.7930, 0.2822, 211.50
1411, 2259, 11, -6, 0.5556, 5.5079, 1.6026, -5.2696, 0.2222, 228.25
1412, 2215, 65, 62, 1.0000, 4.1553, 2.2392, -3.5004, 1.0000, 214.23
1412, 2233, 35, 41, 0.6000, 42.3922, 28.9975, 30.9232, 0.1800, 203.67
1412, 2260, 5, 18, 0.7611, 2.5321, 1.2842, -2.1824, 0.3806, 212.80
1412, 2256, 9, 16, 0.6667, 37.0124, -28.7607, -23.2969, 0.4000, 142.33
1413, 2215, 71, 42, 1.0000, 19.2089, 4.8553, -18.5851, 1.0000, 214.46
1413, 2233, 71, 88, 0.6556, 56.6696, 34.9966, 44.5722, 0.2622, 210.75
1413, 2260, 6, 18, 0.8167, 1.0351, 0.9967, -0.2796, 0.4900, 214.50
1413, 2263, 5, 7, 0.6000, 2.1544, -0.9822, 1.9174, 0.1800, 246.00
1414, 2221, 72, 38, 0.5625, 13.6752, -5.3760, 12.5742, 0.2250, 203.75
1414, 2260, 8, 17, 0.8722, 1.8079, 1.7213, -0.5530, 0.6106, 215.14
1414, 2263, 5, 23, 0.6556, 14.1073, -0.2571, 14.1050, 0.2622, 243.25
1414, 2233, 106, 132, 0.5556, 56.6696, 34.9966, 44.5722, 0.2222, 210.75
1415, 2221, 45, 72, 0.6222, 39.3049, -23.7518, 31.3165, 0.3111, 200.80
1415, 2260, 9, 17, 0.9278, 1.2873, 1.2760, -0.1704, 0.7422, 215.50
1415, 2263, 6, 27, 0.7111, 4.9973, 0.7978, 4.9333, 0.3556, 236.20
1416, 2260, 3, 13, 0.9833, 6.3715, -5.1113, -3.8041, 0.8850, 216.22
1416, 2264, 78, 91, 0.6000, 2.0119, 2.0113, 0.0469, 0.1800, 239.67
1416, 2221, 21, 103, 0.5222, 39.3049, -23.7518, 31.3165, 0.2611, 200.80
1416, 2263, 7, 32, 0.6111, 4.9973, 0.7978, 4.9333, 0.3056, 236.20
1417, 2264, 79, 92, 0.7056, 1.4700, 1.2643, 0.7500, 0.2822, 242.38
1417, 2266, 86, 120, 0.6000, 37.7002, -9.3525, 36.5218, 0.1800, 131.50
1417, 2260, -2, 9, 0.8833, 6.3715, -5.1113, -3.8041, 0.7950, 216.22
1418, 2260, 3, 6, 1.0000, 3.3251, 0.4181, -3.2987, 1.0000, 215.90
1418, 2264, 78, 78, 0.7111, 11.9603, -0.5625, -11.9470, 0.3556, 228.90
1418, 2266, 77, 157, 0.5000, 37.7002, -9.3525, 36.5218, 0.1500, 131.50
1419, 2265, 7, 108, 0.6000, 2.8374, 0.9156, -2.6857, 0.1800, 151.33
1419, 2102, 100, 95, 0.5062, 2.8676, 1.0460, 2.6701, 0.4050, 165.50
1419, 2232, 14, 16, 0.5625, 2.1334, 1.9174, -0.9353, 0.2250, 225.25
1419, 2235, 1, 55, 0.5625, 1.3226, 0.9353, 0.9353, 0.2250, 205.25
1419, 2268, 121, 10, 0.6000, 50.8832, 41.1511, -29.9281, 0.1800, 167.00
1419, 2260, 3, 3, 0.9000, 3.3251, 0.4181, -3.2987, 0.9000, 215.90
1419, 2264, 78, 66, 0.6111, 11.9603, -0.5625, -11.9470, 0.3056, 228.90
1420, 2267, 3, 108, 0.7667, 11.6680, -6.1152, -9.9372, 0.4600, 152.17
1420, 2102, 99, 94, 0.5630, 0.8569, -0.3284, -0.7915, 0.5067, 158.67
1420, 2232, 15, 16, 0.6722, 1.3005, 1.2739, -0.2619, 0.3361, 221.60
1420, 2274, 85, 94, 0.6000, 27.1835, -1.8236, -27.1223, 0.1800, 157.33
1420, 2260, 3, -1, 0.8000, 3.3251, 0.4181, -3.2987, 0.8000, 215.90
1420, 2265, 8, 106, 0.5000, 2.8374, 0.9156, -2.6857, 0.1500, 151.33
1420, 2268, 162, -20, 0.5000, 50.8832, 41.1511, -29.9281, 0.1500, 167.00
1421, 2265, 31, 106, 0.6556, 13.5746, 13.5384, -0.9914, 0.2622, 153.00
1421, 2102, 99, 93, 0.6194, 0.6975, -0.2603, -0.6471, 0.6194, 153.20
1421, 2232, 16, 16, 0.7306, 0.9807, 0.9804, 0.0263, 0.4383, 221.50
1421, 2235, 20, 48, 0.6222, 11.4082, 10.7460, -3.8303, 0.3111, 203.60
1421, 2274, 87, 90, 0.6556, 7.6590, 0.9809, -7.5959, 0.2622, 181.75
1421, 2260, 4, -4, 0.7000, 3.3251, 0.4181, -3.2987, 0.7000, 215.90
1421, 2267, -3, 98, 0.6667, 11.6680, -6.1152, -9.9372, 0.4000, 152.17
1422, 2255, 35, 83, 1.0000, 13.9662, 12.6369, -5.9468, 1.0000, 185.55
1422, 2265, 48, 109, 0.7111, 17.1970, 16.9309, 3.0135, 0.3556, 149.00
1422, 2232, 17, 11, 0.7881, 4.6371, 0.9526, -4.5382, 0.5517, 220.57
1422, 2235, 26, 28, 0.6806, 20.0424, 5.9744, -19.1313, 0.4083, 205.33
1422, 2273, 13, 61, 0.6000, 47.6119, -47.5313, 2.7686, 0.1800, 194.67
1422, 2274, 89, 91, 0.7111, 2.2598, 2.1267, 0.7640, 0.3556, 185.40
1422, 2275, 62, 31, 0.6000, 34.7820, -17.7228, 29.9281, 0.1800, 183.67
1422, 2278, 99, 25, 0.6000, 14.1995, 14.0757, -1.8705, 0.1800, 177.33
1422, 2260, 4, -7, 0.6000, 3.3251, 0.4181, -3.2987, 0.6000, 215.90
1422, 2267, -9, 88, 0.5667, 11.6680, -6.1152, -9.9372, 0.3400, 152.17
1423, 2232, 17, 9, 0.8451, 1.7497, 0.2209, -1.7357, 0.6761, 219.62
1423, 2235, 28, 4, 0.7381, 23.5828, 2.2556, -23.4747, 0.5167, 205.00
1423, 2274, 91, 92, 0.7667, 2.2862, 2.1968, 0.6333, 0.4600, 180.96
1423, 2275, 37, 82, 0.6556, 53.9438, -23.8508, 48.3847, 0.2622, 182.25
1423, 2255, 48, 77, 0.9000, 13.9662, 12.6369, -5.9468, 0.9000, 185.55
1423, 2260, 5, -11, 0.5000, 3.3251, 0.4181, -3.2987, 0.5000, 215.90
1423, 2273, -35, 64, 0.5000, 47.6119, -47.5313, 2.7686, 0.1500, 194.67
1423, 2278, 113, 23, 0.5000, 14.1995, 14.0757, -1.8705, 0.1500, 177.33
1424, 2252, 23, 88, 0.6000, 77.9251, -65.4220, 42.3354, 0.1800, 183.33
1424, 2232, 17, 11, 0.9019, 1.5279, -0.0546, 1.5269, 0.8117, 217.00
1424, 2274, 93, 94, 0.8222, 2.6482, 2.0550, 1.6703, 0.5756, 182.18
1424, 2275, 21, 127, 0.7111, 49.0210, -17.1328, 45.9296, 0.3556, 175.20
1424, 2278, 119, 35, 0.6556, 11.2354, 9.4731, 6.0410, 0.2622, 165.00
1424, 2280, 41, 8, 0.6000, 41.0129, -34.9025, -21.5377, 0.1800, 201.00
1424, 2284, 125, 83, 0.6000, 49.8448, 31.8455, -38.3453, 0.1800, 96.67
1424, 2255, 61, 71, 0.8000, 13.9662, 12.6369, -5.9468, 0.8000, 185.55
1425, 2260, 3, 3, 1.0000, 0.6487, -0.0762, 0.6442, 1.0000, 216.73
1425, 2232, 14, 24, 0.9083, 11.7675, -2.3449, 11.5315, 0.9083, 217.60
1425, 2274, 95, 95, 0.8778, 2.3764, 1.9911, 1.2973, 0.7022, 189.59
1425, 2280, 30, -2, 0.6556, 17.5647, -13.6405, -11.0659, 0.2622, 199.50
1425, 2242, 5, 57, 0.5625, 1.3036, 0.9456, 0.8974, 0.2250, 204.75
1425, 2252, -42, 131, 0.5000, 77.9251, -65.4220, 42.3354, 0.1500, 183.33
1425, 2255, 73, 65, 0.7000, 13.9662, 12.6369, -5.9468, 0.7000, 185.55
1425, 2275, 4, 173, 0.6111, 49.0210, -17.1328, 45.9296, 0.3056, 175.20
1425, 2278, 129, 42, 0.5556, 11.2354, 9.4731, 6.0410, 0.2222, 165.00
1425, 2284, 156, 44, 0.5000, 49.8448, 31.8455, -38.3453, 0.1500, 96.67
1426, 2255, 54, 69, 1.0000, 3.7116, 2.3560, -2.8679, 1.0000, 186.50
1426, 2260, 13, 24, 1.0000, 22.8143, 9.7949, 20.6046, 1.0000, 216.00
1426, 2280, 21, -2, 0.7111, 9.6427, -9.5641, -1.2283, 0.3556, 209.80
1426, 2242, 8, 49, 0.6222, 7.0330, 2.5371, -6.5595, 0.3111, 203.20
1426, 2274, 97, 96, 0.7778, 2.3764, 1.9911, 1.2973, 0.6222, 189.59
1426, 2275, -14, 219, 0.5111, 49.0210, -17.1328, 45.9296, 0.2556, 175.20
1427, 2254, 71, 76, 0.6000, 61.1526, 59.6509, 13.4688, 0.1800, 180.00
1427, 2224, 23, 14, 0.5625, 3.9368, 0.9451, -3.8217, 0.2250, 210.75
1427, 2274, 99, 97, 0.9333, 2.1992, 1.9946, 0.9264, 0.8400, 188.14
1427, 2278, 118, 71, 0.7111, 13.4665, -2.7279, 13.1874, 0.3556, 153.60
1427, 2287, 126, 94, 0.6000, 10.9068, 9.3525, -5.6115, 0.1800, 90.00
1427, 2242, 10, 43, 0.5222, 7.0330, 2.5371, -6.5595, 0.2611, 203.20
1428, 2254, 118, 100, 0.6556, 53.7227, 48.7617, 22.5482, 0.2622, 156.25
1428, 2224, 25, 14, 0.6722, 2.0730, 1.7804, -1.0619, 0.3361, 217.00
1428, 2272, 100, 118, 0.6000, 75.1327, -24.0536, 71.1783, 0.1800, 126.67
1428, 2274, 103, 96, 0.9889, 3.6680, 3.6107, -0.6459, 0.9889, 187.18
1428, 2242, 16, 27, 0.6806, 12.4033, 4.3069, -11.6315, 0.4083, 204.83
1428, 2285, 76, 101, 0.6000, 42.8378, 38.2489, 19.2898, 0.1800, 172.00
1428, 2287, 135, 89, 0.5000, 10.9068, 9.3525, -5.6115, 0.1500, 90.00
1429, 2211, 69, 34, 0.5625, 2.7282, -1.9256, 1.9327, 0.2250, 192.25
1429, 2224, 26, 14, 0.7306, 1.2969, 1.2926, 0.1049, 0.4383, 215.67
1429, 2270, 42, 6, 0.6000, 39.9677, 36.3042, -16.7159, 0.1800, 207.33
1429, 2274, 104, 96, 1.0000, 1.8050, 1.7712, -0.3475, 1.0000, 191.70
1429, 2242, 11, 3, 0.7381, 23.5906, -4.4433, -23.1684, 0.5167, 206.43
1429, 2281, 79, 104, 0.6000, 8.2870, -1.7497, -8.1002, 0.1800, 125.67
1429, 2285, 106, 112, 0.6556, 32.6458, 30.7201, 11.0464, 0.2622, 153.25
1429, 2288, 89, 120, 0.6000, 3.8459, 3.3488, 1.8911, 0.1800, 115.67
1429, 2254, 167, 123, 0.5556, 53.7227, 48.7617, 22.5482, 0.2222, 156.25
1429, 2272, 76, 189, 0.5000, 75.1327, -24.0536, 71.1783, 0.1500, 126.67
1430, 2224, 27, 14, 0.7881, 1.0167, 0.9978, 0.1948, 0.5517, 215.57
1430, 2270, 94, 2, 0.6556, 50.3593, 50.0384, -5.6761, 0.2622, 194.75
1430, 2274, 97, 114, 1.0000, 17.5401, -6.1388, 16.4308, 1.0000, 184.31
1430, 2280, 21, 4, 0.9333, 0.9770, 0.0850, 0.9733, 0.8400, 227.17
1430, 2281, 65, 94, 0.6556, 15.8216, -12.7520, -9.3654, 0.2622, 128.75
1430, 2288, 89, 120, 0.7056, 1.2544, 1.1414, 0.5202, 0.2822, 114.75
1430, 2242, 6, -20, 0.6381, 23.5906, -4.4433, -23.1684, 0.4467, 206.43
1430, 2285, 137, 123, 0.5556, 32.6458, 30.7201, 11.0464, 0.2222, 153.25
1431, 2224, 28, 14, 0.8451, 0.9584, 0.9566, 0.0591, 0.6761, 217.88
1431, 2280, 21, 5, 0.9889, 0.9351, -0.0065, 0.9350, 0.9889, 229.55
1431, 2281, 26, 89, 0.7111, 36.9189, -36.5161, -5.4389, 0.3556, 140.20
1431, 2286, 5, 82, 0.8222, 15.9841, -14.4455, -6.8426, 0.5756, 192.86
1431, 2288, 76, 124, 0.7111, 11.8570, -11.4727, 2.9943, 0.3556, 118.80
1431, 2270, 144, -4, 0.5556, 50.3593, 50.0384, -5.6761, 0.2222, 194.75
1431, 2274, 91, 130, 0.9000, 17.5401, -6.1388, 16.4308, 0.9000, 184.31
1432, 2257, 126, 104, 0.6000, 2.1627, 1.9318, 0.9725, 0.1800, 83.00
1432, 2286, 1, 80, 0.8778, 5.5023, -4.8247, -2.6452, 0.7022, 194.25
1432, 2239, 87, 28, 0.5625, 3.2857, 1.9025, -2.6789, 0.2250, 173.25
1432, 2291, 38, 22, 0.6000, 19.3262, 18.7520, -4.6763, 0.1800, 218.00
1432, 2224, 29, 14, 0.7451, 0.9584, 0.9566, 0.0591, 0.5961, 217.88
1432, 2274, 85, 147, 0.8000, 17.5401, -6.1388, 16.4308, 0.8000, 184.31
1432, 2288, 65, 127, 0.6111, 11.8570, -11.4727, 2.9943, 0.3056, 118.80
1433, 2211, 59, 34, 0.6722, 2.7245, -2.6778, -0.5023, 0.3361, 192.40
1433, 2257, 126, 104, 0.7056, 0.5849, 0.5243, 0.2591, 0.2822, 80.75
1433, 2224, 31, 13, 0.9019, 1.6555, 1.5530, -0.5733, 0.8117, 216.56
1433, 2286, 4, 80, 0.9333, 1.7759, 1.7758, -0.0179, 0.8400, 195.06
1433, 2239, 105, 29, 0.6222, 16.5107, 16.5105, -0.0796, 0.3111, 168.40
1433, 2291, 74, 19, 0.6556, 34.1030, 33.9152, -3.5740, 0.2622, 207.00
1433, 2274, 79, 163, 0.7000, 17.5401, -6.1388, 16.4308, 0.7000, 184.31
1434, 2211, 41, 11, 0.6806, 28.0226, -17.2974, -22.0469, 0.4083, 197.83
1434, 2224, 32, 13, 0.9583, 1.1654, 1.1542, -0.1607, 0.9583, 218.50
1434, 2262, 107, 49, 0.6000, 35.7584, 1.9340, 35.7060, 0.1800, 145.67
1434, 2286, 8, 97, 0.9889, 15.4664, 4.4372, 14.8162, 0.9889, 189.95
1434, 2239, 123, 57, 0.6806, 30.8109, 17.2921, 25.5009, 0.4083, 157.33
1434, 2291, 101, 28, 0.7111, 28.6238, 27.5691, 7.6983, 0.3556, 197.80
1434, 2257, 127, 104, 0.6056, 0.5849, 0.5243, 0.2591, 0.2422, 80.75
1434, 2274, 73, 180, 0.6000, 17.5401, -6.1388, 16.4308, 0.6000, 184.31
1435, 2224, 33, 13, 1.0000, 0.9799, 0.9796, 0.0208, 1.0000, 217.64
1435, 2262, 99, 71, 0.6556, 25.0364, -7.0195, 24.0322, 0.2622, 149.00
1435, 2279, 87, 26, 0.6000, 34.3519, 27.3604, 20.7717, 0.1800, 188.00
1435, 2286, 16, 109, 1.0000, 14.0194, 7.5355, 11.8220, 1.0000, 187.59
1435, 2289, 31, 23, 0.6000, 21.2590, 1.8311, 21.1800, 0.1800, 207.67
1435, 2294, 9, 71, 0.6000, 55.2527, -7.2025, -54.7812, 0.1800, 177.00
1435, 2297, 101, 28, 0.6000, 17.1370, 6.3012, 15.9365, 0.1800, 168.33
1435, 2211, 24, -11, 0.5806, 28.0226, -17.2974, -22.0469, 0.3483, 197.83
1435, 2257, 127, 105, 0.5056, 0.5849, 0.5243, 0.2591, 0.2022, 80.75
1435, 2274, 67, 196, 0.5000, 17.5401, -6.1388, 16.4308, 0.5000, 184.31
1435, 2239, 140, 83, 0.5806, 30.8109, 17.2921, 25.5009, 0.3483, 157.33
1435, 2291, 129, 36, 0.6111, 28.6238, 27.5691, 7.6983, 0.3056, 197.80
1436, 2224, 34, 13, 1.0000, 0.9711, 0.9706, 0.0305, 1.0000, 217.08
1436, 2289, 12, 62, 0.6556, 40.6143, -16.2222, 37.2338, 0.2622, 202.75
1436, 2297, 104, 32, 0.6556, 5.6673, 2.6736, 4.9970, 0.2622, 166.25
1436, 2302, 73, 118, 0.6000, 34.9713, -34.5104, -5.6584, 0.1800, 107.83
1436, 2262, 91, 95, 0.5556, 25.0364, -7.0195, 24.0322, 0.2222, 149.00
1436, 2279, 115, 47, 0.5000, 34.3519, 27.3604, 20.7717, 0.1500, 188.00
1436, 2286, 24, 120, 0.9000, 14.0194, 7.5355, 11.8220, 0.9000, 187.59
1436, 2294, 1, 16, 0.5000, 55.2527, -7.2025, -54.7812, 0.1500, 177.00
1437, 2257, 120, 102, 0.7611, 2.3079, -2.1777, -0.7643, 0.3806, 83.40
1437, 2224, 26, 26, 1.0000, 13.5077, -7.3248, 11.3492, 1.0000, 218.15
1437, 2279, 93, 34, 0.6556, 2.2237, -0.2655, 2.2078, 0.2622, 183.00
1437, 2289, 7, 85, 0.7111, 24.7322, -6.2454, 23.9306, 0.3556, 211.20
1437, 2294, 13, 14, 0.6556, 25.2611, 3.5330, -25.0128, 0.2622, 184.75
1437, 2297, 104, 30, 0.7111, 1.3816, 0.9131, -1.0368, 0.3556, 166.10
1437, 2302, 38, 113, 0.5000, 34.9713, -34.5104, -5.6584, 0.1500, 107.83
1438, 2224, 15, 58, 1.0000, 31.9268, -10.5685, 30.1269, 1.0000, 216.04
1438, 2262, 85, 112, 0.7111, 11.5396, -3.9175, 10.8543, 0.3556, 143.80
1438, 2279, 81, 40, 0.7111, 12.3676, -10.9388, 5.7708, 0.3556, 183.60
1438, 2294, 20, 2, 0.7111, 14.5269, 6.0442, -13.2098, 0.3556, 191.00
1438, 2302, 21, 88, 0.6556, 29.5622, -24.5874, -16.4128, 0.2622, 121.62
1438, 2289, 1, 108, 0.6111, 24.7322, -6.2454, 23.9306, 0.3056, 211.20
1438, 2297, 105, 29, 0.6111, 1.3816, 0.9131, -1.0368, 0.3056, 166.10
1439, 2297, 106, 31, 0.7667, 1.0067, 0.8236, 0.5789, 0.4600, 166.75
1439, 2298, 32, 82, 0.8778, 11.9529, 9.8276, -6.8037, 0.7022, 187.88
1439, 2302, 9, 80, 0.7111, 15.6149, -13.3929, -8.0284, 0.3556, 140.70
1440, 2250, 28, 29, 0.5625, 27.1008, -26.8472, 3.6991, 0.2250, 203.88
1440, 2297, 108, 31, 0.8222, 1.7529, 1.7393, 0.2179, 0.5756, 166.50
1440, 2298, 35, 55, 0.9333, 25.6191, 3.8537, -25.3276, 0.8400, 189.33
1441, 2250, 13, 58, 0.6222, 30.7864, -16.2777, 26.1312, 0.3111, 203.10
1441, 2297, 108, 31, 0.8778, 0.5332, 0.5332, -0.0002, 0.7022, 165.31
1441, 2298, 30, 38, 0.9889, 17.6515, -3.7218, -17.2547, 0.9889, 191.30
1442, 2262, 88, 126, 0.9333, 1.4290, 1.3664, -0.4185, 0.8400, 129.61
1442, 2250, 11, 71, 0.6806, 15.0087, -4.0030, 14.4650, 0.4083, 200.75
1442, 2297, 110, 32, 0.9333, 1.6538, 1.4828, 0.7325, 0.8400, 165.28
1442, 2298, 29, 19, 1.0000, 18.9942, -2.0355, -18.8848, 1.0000, 193.27
1442, 2261, 21, 90, 0.5625, 0.0000, 0.0000, 0.0000, 0.2250, 187.00
1443, 2269, 9, 29, 0.6000, 34.5421, -32.8647, 10.6334, 0.1800, 205.33
1443, 2271, 12, 36, 0.6000, 36.0778, -33.8187, 12.5661, 0.1800, 200.00
1443, 2283, 115, 123, 0.6000, 1.3637, 0.9606, 0.9679, 0.1800, 85.00
1443, 2297, 110, 32, 0.9889, 0.5627, 0.4883, 0.2796, 0.9889, 163.45
1443, 2298, 28, 1, 1.0000, 18.4858, -1.0028, -18.4586, 1.0000, 195.58
1443, 2307, 61, 103, 0.6000, 54.1323, -45.0408, 30.0272, 0.1800, 137.67
1443, 2261, 21, 90, 0.6722, 0.0000, 0.0000, 0.0000, 0.3361, 187.40
1443, 2308, 119, 112, 0.6556, 9.5472, -3.0191, 9.0573, 0.2622, 82.50
1443, 2262, 89, 126, 0.8333, 1.4290, 1.3664, -0.4185, 0.7500, 129.61
1444, 2262, 90, 126, 0.9889, 0.9116, 0.9116, 0.0045, 0.9889, 128.55
1444, 2283, 96, 121, 0.6556, 16.3881, -16.3404, -1.2492, 0.2622, 88.75
1444, 2307, 17, 125, 0.6556, 49.6264, -43.8871, 23.1668, 0.2622, 140.75
1444, 2261, 12, 92, 0.6806, 7.7866, -7.6354, 1.5271, 0.4083, 184.83
1444, 2308, 98, 124, 0.7111, 21.6525, -18.6711, 10.9646, 0.3556, 86.20
1444, 2309, 100, 10, 0.6000, 1.3036, 0.9456, 0.8974, 0.1800, 164.33
1444, 2316, 36, 81, 0.6000, 39.6101, 4.7232, 39.3275, 0.1800, 197.67
1444, 2317, 18, 63, 0.6000, 0.9833, 0.9822, 0.0469, 0.1800, 213.83
1444, 2269, -24, 39, 0.5000, 34.5421, -32.8647, 10.6334, 0.1500, 205.33
1444, 2271, -22, 48, 0.5000, 36.0778, -33.8187, 12.5661, 0.1500, 200.00
1444, 2297, 111, 32, 0.8889, 0.5627, 0.4883, 0.2796, 0.8889, 163.45
1444, 2298, 27, -18, 0.9000, 18.4858, -1.0028, -18.4586, 0.9000, 195.58
1445, 2297, 115, 33, 1.0000, 2.6504, 2.6074, 0.4755, 1.0000, 160.50
1445, 2261, 3, 82, 0.7381, 12.4608, -9.0263, -8.5906, 0.5167, 186.29
1445, 2308, 89, 127, 0.7667, 10.6804, -9.7365, 4.3899, 0.4600, 88.83
1445, 2317, 21, 87, 0.6556, 20.5295, 2.5215, 20.3741, 0.2622, 207.38
1445, 2283, 80, 120, 0.5556, 16.3881, -16.3404, -1.2492, 0.2222, 88.75
1445, 2298, 26, -36, 0.8000, 18.4858, -1.0028, -18.4586, 0.8000, 195.58
1445, 2307, -27, 148, 0.5556, 49.6264, -43.8871, 23.1668, 0.2222, 140.75
1445, 2309, 101, 11, 0.5000, 1.3036, 0.9456, 0.8974, 0.1500, 164.33
1445, 2316, 41, 121, 0.5000, 39.6101, 4.7232, 39.3275, 0.1500, 197.67
1446, 2297, 115, 33, 1.0000, 0.6971, 0.6876, 0.1145, 1.0000, 159.21
1446, 2261, 4, 47, 0.7951, 32.5288, -0.0418, -32.5288, 0.6361, 187.88
1446, 2308, 91, 127, 0.8222, 0.5352, 0.5292, 0.0797, 0.5756, 91.43
1446, 2309, 102, 11, 0.7056, 1.1453, 1.0276, 0.5057, 0.2822, 162.50
1446, 2313, 88, 16, 0.6000, 53.3816, 52.1060, 11.6001, 0.1800, 199.67
1446, 2317, 29, 117, 0.7111, 30.6021, 7.6699, 29.6254, 0.3556, 195.30
1446, 2323, 113, 73, 0.6000, 1.0291, 1.0291, 0.0000, 0.1800, 117.33
1446, 2324, 114, 47, 0.6000, 52.7069, 41.1980, -32.8746, 0.1800, 157.67
1446, 2298, 25, -54, 0.7000, 18.4858, -1.0028, -18.4586, 0.7000, 195.58
1447, 2297, 115, 33, 1.0000, 0.1134, -0.1107, -0.0243, 1.0000, 158.15
1447, 2308, 94, 126, 0.8778, 2.4859, 2.4079, -0.6179, 0.7022, 92.38
1447, 2309, 103, 11, 0.7611, 1.0142, 1.0104, 0.0880, 0.3806, 159.60
1447, 2310, 11, 42, 0.6000, 29.1870, -5.3577, -28.6911, 0.1800, 189.33
1447, 2315, 33, 30, 0.6000, 2.0359, 1.8617, -0.8240, 0.1800, 220.67
1447, 2323, 115, 73, 0.7056, 1.7619, 1.7619, 0.0000, 0.2822, 117.00
1447, 2298, 24, -73, 0.6000, 18.4858, -1.0028, -18.4586, 0.6000, 195.58
1447, 2313, 140, 28, 0.5000, 53.3816, 52.1060, 11.6001, 0.1500, 199.67
1447, 2317, 37, 147, 0.6111, 30.6021, 7.6699, 29.6254, 0.3056, 195.30
1447, 2324, 155, 15, 0.5000, 52.7069, 41.1980, -32.8746, 0.1500, 157.67
1448, 2283, 68, 115, 0.7111, 4.5321, -4.2028, -1.6959, 0.3556, 99.60
1448, 2297, 118, 34, 1.0000, 2.2742, 2.1511, 0.7380, 1.0000, 156.50
1448, 2309, 104, 12, 0.8167, 1.2378, 1.0000, 0.7296, 0.4900, 157.00
1448, 2310, 16, 19, 0.6556, 23.8105, 4.4101, -23.3985, 0.2622, 199.62
1448, 2323, 116, 74, 0.7611, 1.4872, 1.2762, 0.7635, 0.3806, 116.00
1448, 2298, 23, -91, 0.5000, 18.4858, -1.0028, -18.4586, 0.5000, 195.58
1448, 2315, 35, 29, 0.5000, 2.0359, 1.8617, -0.8240, 0.1500, 220.67
1448, 2317, 44, 176, 0.5111, 30.6021, 7.6699, 29.6254, 0.2556, 195.30
1449, 2297, 119, 34, 1.0000, 1.6265, 1.6013, 0.2852, 1.0000, 156.07
1449, 2309, 107, 14, 0.8722, 3.0861, 2.5179, 1.7845, 0.6106, 155.86
1449, 2315, 34, 31, 0.7056, 0.6988, 0.4443, 0.5394, 0.2822, 226.00
1449, 2323, 118, 74, 0.8167, 1.7827, 1.7587, 0.2911, 0.4900, 114.00
1449, 2310, 21, -4, 0.5556, 23.8105, 4.4101, -23.3985, 0.2222, 199.62
1450, 2231, 18, 73, 1.0000, 18.5849, 14.4461, 11.6922, 1.0000, 192.27
1450, 2310, 35, 0, 0.7111, 12.4130, 9.8661, -7.5326, 0.3556, 203.30
1450, 2315, 35, 31, 0.7611, 0.8260, 0.8039, 0.1897, 0.3806, 224.80
1450, 2323, 119, 74, 0.8722, 1.2518, 1.2518, 0.0014, 0.6106, 112.29
1450, 2277, 79, 41, 0.5625, 0.0000, 0.0000, 0.0000, 0.2250, 183.00
1450, 2325, 27, 64, 0.6000, 11.2582, 7.5290, -8.3703, 0.1800, 192.00
1450, 2297, 121, 34, 0.9000, 1.6265, 1.6013, 0.2852, 0.9000, 156.07
1450, 2309, 109, 16, 0.7722, 3.0861, 2.5179, 1.7845, 0.5406, 155.86
1451, 2290, 4, 8, 0.6000, 37.4804, -37.4683, -0.9508, 0.1800, 209.67
1451, 2297, 112, 17, 1.0000, 10.8324, -4.0965, -10.0279, 1.0000, 154.94
1451, 2309, 107, 13, 0.9278, 0.6198, -0.0877, -0.6135, 0.7422, 154.31
1451, 2315, 36, 31, 0.8167, 1.0049, 1.0049, -0.0050, 0.4900, 224.33
1451, 2323, 126, 85, 0.8778, 11.6273, 6.2795, 9.7858, 0.7022, 108.00
1451, 2276, 89, 22, 0.5625, 17.5879, -12.3906, 12.4822, 0.2250, 155.25
1451, 2277, 79, 41, 0.6722, 0.0000, 0.0000, 0.0000, 0.3361, 182.80
1451, 2325, 33, 31, 0.6556, 31.0036, 6.6193, -30.2887, 0.2622, 195.50
1451, 2326, 23, 26, 0.6000, 38.3909, 1.8705, -38.3453, 0.1800, 197.00
1452, 2309, 121, 32, 0.9333, 20.6122, 12.1449, 16.6542, 0.8400, 152.17
1452, 2315, 35, 24, 0.8722, 6.1549, -0.4971, -6.1348, 0.6106, 221.71
1452, 2323, 128, 88, 0.9333, 4.4622, 2.2778, 3.8371, 0.8400, 104.67
1452, 2277, 79, 41, 0.7306, 0.0000, 0.0000, 0.0000, 0.4383, 183.17
1452, 2325, 53, 9, 0.7111, 29.3696, 18.2437, -23.0161, 0.3556, 198.00
1452, 2326, 38, 4, 0.6556, 27.7500, 13.3550, -24.3250, 0.2622, 198.75
1452, 2329, 27, 86, 0.6000, 31.7573, -30.8633, 7.4820, 0.1800, 202.67
1452, 2290, -33, 7, 0.5000, 37.4804, -37.4683, -0.9508, 0.1500, 209.67
1453, 2315, 35, 22, 0.9278, 2.3651, -0.3362, -2.3411, 0.7422, 219.38
1453, 2277, 79, 41, 0.7881, 0.0000, 0.0000, 0.0000, 0.5517, 183.57
1453, 2326, 42, 3, 0.7111, 5.6280, 4.6637, -3.1502, 0.3556, 201.20
1453, 2323, 130, 92, 0.8333, 4.4622, 2.2778, 3.8371, 0.7500, 104.67
1453, 2329, -3, 93, 0.5000, 31.7573, -30.8633, 7.4820, 0.1500, 202.67
1454, 2250, 17, 28, 1.0000, 1.7810, 0.0016, 1.7810, 1.0000, 221.70
1454, 2315, 36, 23, 0.9833, 0.7081, 0.7081, 0.0008, 0.8850, 217.56
1454, 2276, 56, 50, 0.6222, 13.9157, -10.8197, 8.7511, 0.3111, 168.40
1454, 2277, 79, 41, 0.8451, 0.0000, 0.0000, 0.0000, 0.6761, 183.88
1454, 2238, 9, 28, 0.5400, 33.9361, -30.8545, -14.1302, 0.2700, 209.40
1454, 2327, 35, 13, 0.6000, 2.5749, 2.5700, 0.1589, 0.1800, 209.67
1454, 2329, 10, 114, 0.6556, 16.3357, -5.8665, 15.2460, 0.2622, 192.75
1454, 2332, 23, 75, 0.6000, 0.9833, 0.9822, 0.0469, 0.1800, 189.00
1454, 2333, 126, 75, 0.6000, 1.9174, 1.9174, 0.0000, 0.1800, 113.00
1454, 2323, 132, 96, 0.7333, 4.4622, 2.2778, 3.8371, 0.6600, 104.67
1454, 2326, 46, 0, 0.6111, 5.6280, 4.6637, -3.1502, 0.3056, 201.20
1455, 2295, 6, 35, 0.6000, 31.8664, 0.9746, 31.8515, 0.1800, 212.00
1455, 2315, 34, 16, 0.9889, 6.0974, -1.9723, -5.7696, 0.9889, 216.55
1455, 2276, 16, 65, 0.6806, 40.5521, -37.8498, 14.5557, 0.4083, 171.67
1455, 2325, 59, 10, 0.8778, 1.3118, 0.2962, 1.2779, 0.7022, 209.50
1455, 2282, 96, 93, 0.5625, 31.9746, 31.8616, 2.6857, 0.2250, 143.50
1455, 2237, 123, 48, 0.5400, 33.4722, 5.2399, -33.0595, 0.2700, 98.00
1455, 2332, 24, 75, 0.7056, 1.0119, 1.0119, -0.0048, 0.2822, 192.00
1455, 2334, 96, 5, 0.6000, 19.4613, -15.8993, -11.2230, 0.1800, 151.00
1455, 2336, 127, 36, 0.6000, 1.3906, 1.0291, 0.9353, 0.1800, 137.33
1455, 2323, 135, 100, 0.6333, 4.4622, 2.2778, 3.8371, 0.5700, 104.67
1455, 2277, 79, 41, 0.7451, 0.0000, 0.0000, 0.0000, 0.5961, 183.88
1455, 2327, 37, 13, 0.5000, 2.5749, 2.5700, 0.1589, 0.1500, 209.67
1455, 2329, 4, 130, 0.5556, 16.3357, -5.8665, 15.2460, 0.2222, 192.75
1455, 2333, 128, 75, 0.5000, 1.9174, 1.9174, 0.0000, 0.1500, 113.00
1456, 2295, 24, 67, 0.6556, 35.5160, 15.3421, 32.0313, 0.2622, 215.00
1456, 2303, 46, 44, 0.6000, 19.0950, -19.0950, 0.0000, 0.1800, 211.00
1456, 2315, 38, 5, 1.0000, 11.2429, 3.7269, -10.6072, 1.0000, 217.59
1456, 2277, 63, 47, 0.8519, 9.9010, -9.3365, 3.2953, 0.7667, 186.33
1456, 2282, 103, 93, 0.6222, 10.1372, 10.1031, 0.8316, 0.3111, 135.20
1456, 2327, 43, 13, 0.7056, 4.2997, 4.2990, -0.0749, 0.2822, 205.50
1456, 2332, 25, 76, 0.7611, 1.2587, 1.0067, 0.7556, 0.3806, 190.00
1456, 2333, 126, 75, 0.7056, 0.1179, -0.1179, 0.0000, 0.2822, 109.25
1456, 2334, 92, 0, 0.6556, 7.5073, -5.2076, -5.4075, 0.2622, 153.50
1456, 2335, 41, 32, 0.6000, 0.9937, 0.9937, 0.0000, 0.1800, 211.33
1456, 2323, 137, 104, 0.5333, 4.4622, 2.2778, 3.8371, 0.4800, 104.67
1456, 2276, -21, 80, 0.5806, 40.5521, -37.8498, 14.5557, 0.3483, 171.67
1456, 2336, 128, 37, 0.5000, 1.3906, 1.0291, 0.9353, 0.1500, 137.33
1457, 2303, 9, 28, 0.6556, 37.3339, -34.7698, -13.5972, 0.2622, 208.25
1457, 2282, 101, 93, 0.6806, 0.4997, -0.4972, -0.0493, 0.4083, 129.33
1457, 2327, 62, 4, 0.7111, 19.8950, 18.2721, -7.8702, 0.3556, 204.40
1457, 2332, 26, 76, 0.8167, 1.0417, 1.0008, 0.2888, 0.4900, 193.00
1457, 2335, 42, 33, 0.7056, 1.2617, 1.0079, 0.7590, 0.2822, 215.75
1457, 2295, 39, 99, 0.5556, 35.5160, 15.3421, 32.0313, 0.2222, 215.00
1457, 2315, 42, -6, 0.9000, 11.2429, 3.7269, -10.6072, 0.9000, 217.59
1457, 2333, 126, 75, 0.6056, 0.1179, -0.1179, 0.0000, 0.2422, 109.25
1457, 2334, 87, -5, 0.5556, 7.5073, -5.2076, -5.4075, 0.2222, 153.50
1458, 2230, 36, 10, 0.5400, 67.2700, -63.6204, -21.8562, 0.2700, 180.00
1458, 2237, 126, 3, 0.6000, 10.6834, -0.0889, -10.6830, 0.3600, 104.17
1458, 2332, 14, 68, 0.8222, 12.8857, -10.4050, -7.6013, 0.5756, 192.14
1458, 2333, 107, 47, 0.7111, 19.6606, -11.2050, -16.1550, 0.3556, 116.80
1458, 2246, 66, 4, 0.5259, 29.0530, 28.3466, -6.3679, 0.5259, 207.33
1458, 2335, 43, 33, 0.7611, 1.0422, 1.0037, 0.2805, 0.3806, 215.40
1458, 2336, 120, 26, 0.7056, 5.1817, -3.0316, -4.2023, 0.2822, 142.00
1458, 2303, -26, 15, 0.5556, 37.3339, -34.7698, -13.5972, 0.2222, 208.25
1458, 2315, 45, -16, 0.8000, 11.2429, 3.7269, -10.6072, 0.8000, 217.59
1459, 2282, 99, 93, 0.7951, 0.5511, -0.5493, -0.0452, 0.6361, 122.25
1459, 2237, 126, 2, 0.6587, 1.3098, -0.1748, -1.2981, 0.4611, 107.86
1459, 2338, 116, 13, 0.6000, 14.9771, 10.6816, 10.4985, 0.1800, 147.00
1459, 2315, 49, -27, 0.7000, 11.2429, 3.7269, -10.6072, 0.7000, 217.59
1459, 2335, 44, 33, 0.6611, 1.0422, 1.0037, 0.2805, 0.3306, 215.40
1459, 2336, 117, 22, 0.6056, 5.1817, -3.0316, -4.2023, 0.2422, 142.00
1460, 2282, 99, 93, 0.8519, 0.0448, 0.0446, 0.0042, 0.7667, 120.00
1460, 2335, 45, 33, 0.8167, 1.0024, 0.9992, -0.0800, 0.4900, 214.67
1460, 2336, 118, 14, 0.7111, 6.3621, -0.8547, -6.3045, 0.3556, 141.00
1460, 2315, 53, -38, 0.6000, 11.2429, 3.7269, -10.6072, 0.6000, 217.59
1460, 2237, 126, 1, 0.5587, 1.3098, -0.1748, -1.2981, 0.3911, 107.86
1460, 2338, 127, 23, 0.5000, 14.9771, 10.6816, 10.4985, 0.1500, 147.00
1461, 2335, 45, 34, 0.8722, 0.7731, 0.2204, 0.7411, 0.6106, 212.14
1461, 2336, 119, 14, 0.7667, 0.9877, 0.7027, -0.6940, 0.4600, 138.83
1461, 2338, 126, 37, 0.6556, 13.0501, 4.5391, 12.2353, 0.2622, 139.50
1461, 2315, 57, -48, 0.5000, 11.2429, 3.7269, -10.6072, 0.5000, 217.59
1462, 2335, 43, 51, 0.8778, 15.5720, -1.5764, 15.4920, 0.7022, 212.38
1462, 2338, 122, 48, 0.7111, 11.8215, -3.2707, 11.3600, 0.3556, 136.50
1462, 2258, 28, 42, 0.5400, 21.1107, -4.7232, 20.5755, 0.2700, 209.80
1463, 2328, 8, 77, 0.6000, 66.5694, -65.7667, 10.3069, 0.1800, 182.00
1463, 2340, 57, 87, 0.6000, 2.0531, 1.8364, 0.9182, 0.1800, 172.33
1463, 2343, 27, 38, 0.6000, 15.6630, -6.4745, 14.2622, 0.1800, 205.33
1463, 2335, 42, 67, 0.7778, 15.5720, -1.5764, 15.4920, 0.6222, 212.38
1463, 2338, 119, 60, 0.6111, 11.8215, -3.2707, 11.3600, 0.3056, 136.50
1464, 2335, 60, 66, 0.9333, 11.5625, 9.8584, 6.0418, 0.8400, 209.56
1464, 2340, 61, 88, 0.7056, 3.7347, 3.5884, 1.0349, 0.2822, 170.25
1464, 2258, 38, 93, 0.6000, 26.6005, 6.2102, 25.8654, 0.3600, 207.50
1464, 2328, -58, 88, 0.5000, 66.5694, -65.7667, 10.3069, 0.1500, 182.00
1464, 2338, 116, 71, 0.5111, 11.8215, -3.2707, 11.3600, 0.2556, 136.50
1464, 2343, 21, 52, 0.5000, 15.6630, -6.4745, 14.2622, 0.1500, 205.33
1465, 2311, 52, 47, 0.6000, 55.2039, 44.3937, -32.8127, 0.1800, 182.67
1465, 2258, 41, 98, 0.6587, 7.1604, 2.7039, 6.6302, 0.4611, 208.00
1465, 2343, 2, 67, 0.6556, 19.7254, -13.2200, 14.6397, 0.2622, 202.25
1465, 2296, 80, 39, 0.5625, 29.1034, -10.8170, 27.0185, 0.2250, 173.00
1465, 2340, 64, 89, 0.6056, 3.7347, 3.5884, 1.0349, 0.2422, 170.25
1466, 2311, 107, 28, 0.6556, 57.5071, 53.5427, -20.9821, 0.2622, 172.75
1466, 2343, 3, 102, 0.7111, 32.9949, -0.8596, 32.9837, 0.3556, 194.00
1466, 2296, 44, 72, 0.6222, 46.1398, -32.8451, 32.4050, 0.3111, 176.80
1466, 2345, 89, 12, 0.6000, 16.3792, 15.9462, 3.7410, 0.1800, 183.00
1466, 2340, 68, 90, 0.5056, 3.7347, 3.5884, 1.0349, 0.2022, 170.25
1467, 2258, 42, 95, 0.7741, 0.9376, 0.7224, -0.5977, 0.6967, 208.78
1467, 2296, 7, 105, 0.6806, 49.1934, -36.6526, 32.8113, 0.4083, 174.50
1467, 2293, 56, 89, 0.5625, 34.6714, -12.7082, -32.2584, 0.2250, 134.25
1467, 2345, 122, 40, 0.6556, 39.8461, 30.8651, 25.2005, 0.2622, 168.75
1467, 2311, 161, 7, 0.5556, 57.5071, 53.5427, -20.9821, 0.2222, 172.75
1468, 2293, 53, 82, 0.6222, 10.4791, -3.7651, -9.7793, 0.3111, 142.20
1468, 2296, -30, 138, 0.5806, 49.1934, -36.6526, 32.8113, 0.3483, 174.50
1468, 2345, 153, 66, 0.5556, 39.8461, 30.8651, 25.2005, 0.2222, 168.75
1469, 2293, 54, 84, 0.6806, 0.7338, 0.2967, 0.6712, 0.4083, 147.17
1469, 2301, 79, 41, 0.5625, 0.0000, 0.0000, 0.0000, 0.2250, 184.25
1470, 2331, 47, 123, 0.6000, 3.4468, 2.8648, -1.9167, 0.1800, 202.58
1470, 2340, 90, 110, 0.7111, 7.0709, 5.3513, 4.6219, 0.3556, 158.40
1470, 2346, 38, 32, 0.6000, 31.5596, 9.7147, 30.0272, 0.1800, 214.67
1470, 2301, 79, 41, 0.6722, 0.0000, 0.0000, 0.0000, 0.3361, 184.00
1470, 2347, 54, 36, 0.6000, 0.9822, 0.9822, 0.0000, 0.1800, 221.67
1471, 2331, 51, 122, 0.7056, 4.0276, 3.8177, -1.2834, 0.2822, 215.31
1471, 2346, 39, 71, 0.6556, 37.7038, 2.2996, 37.6336, 0.2622, 210.00
1471, 2301, 79, 41, 0.7306, 0.0000, 0.0000, 0.0000, 0.4383, 183.83
1471, 2299, 10, 103, 0.5625, 3.2497, 2.7404, -1.7466, 0.2250, 164.50
1471, 2347, 57, 37, 0.7056, 2.6320, 2.5215, 0.7548, 0.2822, 214.75
1472, 2331, 55, 121, 0.7611, 4.1972, 4.0799, -0.9853, 0.3806, 220.65
1472, 2293, 55, 86, 0.8519, 0.0588, -0.0230, -0.0541, 0.7667, 155.22
1472, 2346, 47, 100, 0.7111, 31.3676, 7.1875, 30.5330, 0.3556, 205.40
1472, 2301, 79, 41, 0.7881, 0.0000, 0.0000, 0.0000, 0.5517, 183.71
1472, 2299, 11, 103, 0.6722, 1.6571, 1.5618, -0.5539, 0.3361, 165.00
1472, 2347, 63, 32, 0.7111, 7.5004, 6.1428, -4.3038, 0.3556, 211.00
1473, 2331, 59, 120, 0.8167, 4.1675, 4.0570, -0.9531, 0.4900, 225.88
1473, 2293, 55, 86, 0.9083, 0.1022, -0.0374, -0.0951, 0.9083, 157.10
1473, 2301, 79, 41, 0.8451, 0.0000, 0.0000, 0.0000, 0.6761, 183.62
1473, 2299, 10, 98, 0.7306, 4.5856, -0.5502, -4.5525, 0.4383, 180.00
1473, 2321, 53, 99, 0.5625, 29.9258, 19.6948, -22.5315, 0.2250, 148.25
1473, 2349, 57, 78, 0.6000, 52.4229, 49.6622, -16.7876, 0.1800, 217.83
1473, 2347, 69, 28, 0.6111, 7.5004, 6.1428, -4.3038, 0.3056, 211.00
