# Enhanced Poisson Multi-Bernoulli Tracking Log
# Input: D:\khenk\Downloads\parallel_run5_2025-12-20260128T124203Z-3-001\parallel_run5_2025-12\cam0_tile0_max_iqr2.0_down32.mp4
#
# frame, track_id, x, y, existence_prob, confidence, speed, age, detections
#================================================================================
7, 2, 99, 114, 0.9997, 0.7664, 1.3031, 7, 7
7, 3, 104, 127, 0.9997, 0.7664, 2.4504, 7, 7
7, 5, 123, 3, 0.9997, 0.7623, 0.9996, 5, 6
8, 2, 97, 114, 0.9997, 0.8081, 1.7648, 8, 8
8, 5, 125, 4, 0.9997, 0.7998, 1.9227, 6, 7
8, 7, 30, 127, 0.9997, 0.7623, 1.7490, 5, 6
9, 2, 96, 115, 0.9997, 0.8497, 1.4445, 9, 9
9, 5, 126, 4, 0.9997, 0.8384, 1.3249, 7, 8
9, 7, 30, 127, 0.9996, 0.7998, 0.4868, 6, 7
9, 9, 11, 8, 0.9997, 0.7623, 1.2363, 5, 6
10, 2, 95, 115, 0.9997, 0.8914, 1.0229, 10, 10
10, 5, 127, 4, 0.9997, 0.8779, 1.0000, 8, 9
10, 7, 28, 127, 0.9995, 0.8383, 2.3610, 7, 8
10, 9, 12, 8, 0.9997, 0.7998, 1.0250, 6, 7
11, 4, 89, 38, 0.9997, 0.7888, 1.0098, 11, 10
11, 2, 93, 116, 0.9997, 0.9331, 1.8836, 11, 11
11, 9, 13, 8, 0.9997, 0.8385, 0.9975, 7, 8
12, 4, 90, 38, 0.9997, 0.8310, 1.0409, 12, 11
12, 2, 93, 116, 0.9996, 0.9747, 0.5721, 12, 12
12, 9, 14, 6, 0.9996, 0.8778, 1.7914, 8, 9
13, 2, 91, 117, 0.9997, 1.0000, 1.6522, 13, 13
14, 4, 92, 39, 0.9996, 0.9152, 1.6550, 14, 13
14, 2, 89, 117, 0.9997, 1.0000, 2.0309, 14, 14
15, 4, 93, 38, 0.9996, 0.9572, 1.3806, 15, 14
15, 2, 88, 118, 0.9997, 1.0000, 1.5172, 15, 15
16, 4, 94, 40, 0.9996, 0.9991, 1.6154, 16, 15
16, 2, 86, 118, 0.9997, 1.0000, 1.7555, 16, 16
17, 4, 95, 40, 0.9997, 1.0000, 1.1142, 17, 16
17, 2, 85, 119, 0.9997, 1.0000, 1.4451, 17, 17
18, 4, 96, 40, 0.9997, 1.0000, 0.9841, 18, 17
18, 2, 84, 119, 0.9997, 1.0000, 1.0135, 18, 18
19, 4, 97, 41, 0.9997, 1.0000, 1.2160, 19, 18
19, 2, 82, 120, 0.9997, 1.0000, 1.8790, 19, 19
20, 4, 98, 41, 0.9997, 1.0000, 1.0351, 20, 19
20, 2, 81, 120, 0.9997, 1.0000, 1.3029, 20, 20
20, 9, 24, 6, 0.9997, 0.7664, 1.7623, 16, 16
21, 4, 99, 41, 0.9997, 1.0000, 1.0009, 21, 20
21, 2, 79, 121, 0.9997, 1.0000, 1.9177, 21, 21
21, 9, 25, 6, 0.9997, 0.8081, 1.2970, 17, 17
21, 14, 16, 31, 0.9997, 0.7664, 1.7475, 10, 10
22, 4, 100, 42, 0.9997, 1.0000, 1.2354, 22, 21
22, 2, 78, 121, 0.9997, 1.0000, 1.2762, 22, 22
22, 14, 17, 31, 0.9997, 0.8081, 1.2497, 11, 11
23, 4, 101, 42, 0.9997, 1.0000, 1.0376, 23, 22
23, 2, 77, 121, 0.9997, 1.0000, 0.9846, 23, 23
23, 14, 19, 31, 0.9997, 0.8498, 1.7501, 12, 12
24, 2, 76, 121, 0.9997, 1.0000, 0.9583, 24, 24
24, 14, 21, 30, 0.9997, 0.8914, 2.1541, 13, 13
25, 4, 103, 41, 0.9996, 1.0000, 1.6775, 25, 24
25, 2, 74, 121, 0.9997, 1.0000, 1.7500, 25, 25
25, 14, 22, 30, 0.9997, 0.9331, 1.3113, 14, 14
26, 4, 104, 43, 0.9996, 1.0000, 1.7773, 26, 25
26, 2, 73, 121, 0.9997, 1.0000, 1.2927, 26, 26
26, 14, 24, 30, 0.9997, 0.9747, 1.7221, 15, 15
27, 4, 105, 43, 0.9997, 1.0000, 1.1948, 27, 26
27, 2, 72, 120, 0.9997, 1.0000, 1.2589, 27, 27
27, 14, 25, 30, 0.9997, 1.0000, 1.2360, 16, 16
28, 4, 106, 44, 0.9997, 1.0000, 1.2658, 28, 27
28, 2, 71, 120, 0.9997, 1.0000, 1.0014, 28, 28
28, 11, 32, 90, 0.9997, 0.7888, 1.4938, 22, 20
28, 14, 27, 29, 0.9997, 1.0000, 1.9015, 17, 17
29, 4, 107, 44, 0.9997, 1.0000, 1.0089, 29, 28
29, 2, 70, 120, 0.9997, 1.0000, 0.9837, 29, 29
29, 9, 33, 3, 0.9997, 0.7584, 1.2707, 25, 24
29, 11, 33, 90, 0.9997, 0.8302, 1.0314, 23, 21
29, 14, 29, 29, 0.9997, 1.0000, 2.0365, 18, 18
30, 4, 108, 45, 0.9997, 1.0000, 1.2370, 30, 29
30, 2, 69, 120, 0.9997, 1.0000, 1.0008, 30, 30
30, 9, 34, 3, 0.9997, 0.7999, 1.0143, 26, 25
30, 11, 34, 91, 0.9997, 0.8716, 1.2168, 24, 22
30, 14, 30, 29, 0.9997, 1.0000, 1.2787, 19, 19
30, 19, 119, 120, 0.9997, 0.7664, 2.0152, 10, 10
31, 4, 109, 45, 0.9997, 1.0000, 1.0314, 31, 30
31, 2, 68, 119, 0.9997, 1.0000, 1.2505, 31, 31
31, 9, 36, 2, 0.9997, 0.8414, 1.9096, 27, 26
31, 11, 35, 91, 0.9997, 0.9131, 1.0150, 25, 23
31, 14, 32, 29, 0.9997, 1.0000, 1.7227, 20, 20
32, 4, 110, 45, 0.9997, 1.0000, 1.0010, 32, 31
32, 2, 67, 119, 0.9997, 1.0000, 1.0426, 32, 32
32, 9, 37, 2, 0.9997, 0.8829, 1.3143, 28, 27
32, 14, 34, 29, 0.9997, 1.0000, 1.9992, 21, 21
33, 4, 111, 46, 0.9997, 1.0000, 1.2342, 33, 32
33, 2, 66, 118, 0.9997, 1.0000, 1.2599, 33, 33
33, 9, 38, 2, 0.9997, 0.9244, 1.0017, 29, 28
33, 14, 36, 28, 0.9997, 1.0000, 2.1785, 22, 22
34, 4, 112, 46, 0.9997, 1.0000, 1.0379, 34, 33
34, 2, 65, 118, 0.9997, 1.0000, 1.0307, 34, 34
34, 9, 39, 1, 0.9997, 0.9660, 1.1993, 30, 29
34, 14, 37, 28, 0.9997, 1.0000, 1.2856, 23, 23
34, 20, 21, 116, 0.9997, 0.7664, 1.2908, 12, 12
35, 4, 113, 47, 0.9997, 1.0000, 1.2588, 35, 34
35, 2, 64, 118, 0.9997, 1.0000, 1.0001, 35, 35
35, 9, 40, 1, 0.9997, 1.0000, 1.0223, 31, 30
35, 14, 39, 28, 0.9997, 1.0000, 1.7083, 24, 24
35, 20, 23, 116, 0.9997, 0.8081, 1.7666, 13, 13
36, 4, 114, 47, 0.9997, 1.0000, 1.0311, 36, 35
36, 2, 63, 118, 0.9997, 1.0000, 1.0009, 36, 36
36, 9, 42, 1, 0.9997, 1.0000, 1.7638, 32, 31
36, 14, 41, 28, 0.9997, 1.0000, 1.9982, 25, 25
36, 17, 19, 115, 0.9997, 0.7547, 2.5320, 17, 16
36, 20, 24, 115, 0.9997, 0.8497, 1.4654, 14, 14
37, 4, 116, 47, 0.9997, 1.0000, 1.7640, 37, 36
37, 2, 62, 117, 0.9997, 1.0000, 1.2500, 37, 37
37, 9, 43, 1, 0.9997, 1.0000, 1.2947, 33, 32
37, 14, 42, 28, 0.9997, 1.0000, 1.2779, 26, 26
37, 17, 20, 115, 0.9997, 0.7963, 1.5028, 18, 17
37, 20, 25, 115, 0.9997, 0.8914, 1.0263, 15, 15
38, 4, 117, 48, 0.9997, 1.0000, 1.4795, 38, 37
38, 9, 44, 0, 0.9997, 1.0000, 1.2498, 34, 33
38, 14, 44, 27, 0.9997, 1.0000, 1.8861, 27, 27
38, 17, 22, 115, 0.9997, 0.8379, 1.7325, 19, 18
38, 20, 27, 115, 0.9997, 0.9331, 1.7212, 16, 16
39, 4, 118, 48, 0.9997, 1.0000, 1.0379, 39, 38
39, 14, 46, 27, 0.9997, 1.0000, 2.0216, 28, 28
39, 17, 24, 115, 0.9997, 0.8795, 1.9704, 20, 19
39, 20, 28, 115, 0.9997, 0.9747, 1.2786, 17, 17
40, 4, 119, 48, 0.9997, 1.0000, 0.9574, 40, 39
40, 9, 54, 4, 0.8839, 0.9766, 9.8637, 36, 35
40, 14, 47, 27, 0.9997, 1.0000, 1.2763, 29, 29
40, 17, 26, 115, 0.9997, 0.9212, 2.0277, 21, 20
40, 20, 30, 115, 0.9997, 1.0000, 1.7649, 18, 18
41, 4, 120, 49, 0.9997, 1.0000, 1.2213, 41, 40
41, 14, 49, 27, 0.9997, 1.0000, 1.7241, 30, 30
41, 17, 28, 115, 0.9997, 0.9628, 2.0149, 22, 21
41, 20, 31, 114, 0.9997, 1.0000, 1.4663, 19, 19
42, 4, 121, 49, 0.9997, 1.0000, 1.0375, 42, 41
42, 14, 51, 28, 0.9997, 1.0000, 2.1468, 31, 31
42, 17, 30, 114, 0.9997, 1.0000, 2.1424, 23, 22
43, 4, 122, 50, 0.9997, 1.0000, 1.2603, 43, 42
43, 14, 52, 28, 0.9997, 1.0000, 1.3093, 32, 32
43, 17, 32, 114, 0.9997, 1.0000, 2.0197, 24, 23
43, 27, 94, 109, 0.9997, 0.7623, 0.9843, 5, 6
44, 4, 123, 50, 0.9997, 1.0000, 1.0320, 44, 43
44, 14, 54, 28, 0.9997, 1.0000, 1.7236, 33, 33
44, 17, 34, 114, 0.9997, 1.0000, 1.9992, 25, 24
44, 27, 95, 110, 0.9997, 0.7998, 1.2100, 6, 7
45, 4, 124, 50, 0.9997, 1.0000, 1.0001, 45, 44
45, 2, 54, 114, 0.9997, 0.7620, 1.0377, 45, 44
45, 14, 55, 28, 0.9997, 1.0000, 1.2368, 34, 34
45, 17, 36, 113, 0.9997, 1.0000, 2.1260, 26, 25
45, 27, 95, 111, 0.9997, 0.8384, 1.0364, 7, 8
45, 31, 13, 1, 0.9997, 0.7623, 1.0414, 5, 6
46, 4, 126, 51, 0.9997, 1.0000, 1.9056, 46, 45
46, 14, 57, 28, 0.9997, 1.0000, 1.7486, 35, 35
46, 17, 37, 112, 0.9997, 1.0000, 1.6151, 27, 26
46, 27, 95, 110, 0.9996, 0.8778, 0.4875, 8, 9
46, 31, 14, 1, 0.9997, 0.7998, 1.0415, 6, 7
47, 4, 127, 51, 0.9997, 1.0000, 1.3213, 47, 46
47, 14, 59, 28, 0.9997, 1.0000, 2.0154, 36, 36
47, 17, 39, 111, 0.9997, 1.0000, 2.0082, 28, 27
47, 27, 96, 111, 0.9996, 0.9178, 0.8310, 9, 10
47, 31, 15, 1, 0.9997, 0.8385, 1.0425, 7, 8
48, 14, 60, 28, 0.9997, 1.0000, 1.2786, 37, 37
48, 17, 40, 111, 0.9997, 1.0000, 1.2614, 29, 28
48, 27, 98, 112, 0.9996, 0.9580, 2.0649, 10, 11
48, 31, 16, 1, 0.9997, 0.8779, 1.0172, 8, 9
49, 14, 62, 28, 0.9997, 1.0000, 1.7222, 38, 38
49, 17, 41, 110, 0.9997, 1.0000, 1.2134, 30, 29
49, 27, 99, 113, 0.9997, 0.9986, 1.7309, 11, 12
49, 31, 17, 2, 0.9997, 0.9178, 1.2486, 9, 10
50, 14, 64, 29, 0.9997, 1.0000, 2.1401, 39, 39
50, 17, 43, 110, 0.9997, 1.0000, 1.7401, 31, 30
50, 27, 100, 113, 0.9997, 1.0000, 1.0508, 12, 13
50, 31, 18, 2, 0.9997, 0.9581, 1.0394, 10, 11
51, 14, 65, 29, 0.9997, 1.0000, 1.3092, 40, 40
51, 17, 44, 110, 0.9997, 1.0000, 1.2787, 32, 31
51, 27, 100, 114, 0.9997, 1.0000, 0.7336, 13, 14
51, 31, 19, 2, 0.9997, 0.9986, 0.9991, 11, 12
52, 14, 67, 30, 0.9997, 1.0000, 1.8854, 41, 41
52, 17, 45, 109, 0.9997, 1.0000, 1.2355, 33, 32
52, 27, 101, 114, 0.9997, 1.0000, 0.7265, 14, 15
52, 31, 20, 2, 0.9997, 1.0000, 1.0009, 12, 13
53, 2, 47, 110, 0.9997, 0.7589, 1.0309, 53, 51
53, 14, 69, 30, 0.9997, 1.0000, 2.0155, 42, 42
53, 17, 51, 114, 0.9943, 1.0000, 7.0184, 34, 33
53, 27, 102, 115, 0.9997, 1.0000, 1.2487, 15, 16
53, 31, 21, 3, 0.9997, 1.0000, 1.2487, 13, 14
53, 33, 124, 108, 0.9997, 0.7664, 1.7408, 10, 10
54, 2, 46, 110, 0.9997, 0.8002, 0.9871, 54, 52
54, 14, 70, 30, 0.9997, 1.0000, 1.2765, 43, 43
54, 27, 103, 115, 0.9997, 1.0000, 1.0751, 16, 17
54, 31, 22, 3, 0.9997, 1.0000, 1.0417, 14, 15
54, 33, 126, 109, 0.9997, 0.8081, 2.1109, 11, 11
55, 2, 45, 110, 0.9997, 0.8416, 1.0255, 55, 53
55, 14, 72, 31, 0.9997, 1.0000, 1.8685, 44, 44
55, 27, 104, 116, 0.9997, 1.0000, 1.2645, 17, 18
55, 31, 23, 3, 0.9997, 1.0000, 1.0000, 15, 16
55, 33, 127, 109, 0.9997, 0.8497, 1.2976, 12, 12
56, 2, 44, 110, 0.9997, 0.8829, 1.0171, 56, 54
56, 14, 73, 31, 0.9997, 1.0000, 1.2669, 45, 45
56, 27, 104, 117, 0.9997, 1.0000, 1.0411, 18, 19
56, 31, 24, 3, 0.9997, 1.0000, 1.0009, 16, 17
56, 33, 121, 108, 0.9955, 0.8881, 5.2091, 13, 13
57, 14, 75, 32, 0.9997, 1.0000, 1.9085, 46, 46
57, 27, 105, 117, 0.9997, 1.0000, 0.7584, 19, 20
57, 31, 25, 4, 0.9997, 1.0000, 1.2486, 17, 18
58, 2, 52, 108, 0.9812, 0.9497, 7.8468, 58, 56
58, 14, 76, 32, 0.9997, 1.0000, 1.2765, 47, 47
58, 27, 106, 118, 0.9997, 1.0000, 1.2327, 20, 21
58, 31, 26, 4, 0.9997, 1.0000, 1.0417, 18, 19
58, 37, 3, 6, 0.9997, 0.7623, 0.7507, 5, 6
59, 2, 66, 114, 0.9444, 0.9569, 13.7561, 59, 57
59, 14, 78, 33, 0.9997, 1.0000, 1.9040, 48, 48
59, 27, 107, 119, 0.9997, 1.0000, 1.4441, 21, 22
59, 31, 27, 4, 0.9997, 1.0000, 1.0000, 19, 20
60, 14, 80, 33, 0.9997, 1.0000, 2.0294, 49, 49
60, 27, 108, 119, 0.9997, 1.0000, 1.0533, 22, 23
60, 31, 28, 4, 0.9997, 1.0000, 1.0009, 20, 21
60, 37, 4, 6, 0.9997, 0.8384, 0.7505, 7, 8
60, 38, 123, 127, 0.9997, 0.7623, 1.9989, 5, 6
61, 14, 82, 34, 0.9997, 1.0000, 2.1751, 50, 50
61, 27, 109, 120, 0.9997, 1.0000, 1.2344, 23, 24
61, 31, 29, 5, 0.9997, 1.0000, 1.2486, 21, 22
61, 37, 4, 7, 0.9997, 0.8779, 0.8060, 8, 9
61, 38, 125, 127, 0.9997, 0.7998, 1.9993, 6, 7
62, 14, 83, 34, 0.9997, 1.0000, 1.2747, 51, 51
62, 15, 87, 31, 0.9997, 1.0000, 0.7639, 46, 45
62, 31, 30, 5, 0.9997, 1.0000, 1.0417, 22, 23
62, 37, 4, 6, 0.9996, 0.9178, 0.4715, 9, 10
62, 38, 127, 127, 0.9997, 0.8385, 1.9999, 7, 8
62, 40, 100, 0, 0.9997, 0.7623, 1.2768, 5, 6
63, 14, 85, 34, 0.9997, 1.0000, 1.7075, 52, 52
63, 15, 87, 30, 0.9996, 1.0000, 0.4721, 47, 46
63, 27, 110, 121, 0.9997, 1.0000, 1.0298, 25, 26
63, 31, 31, 5, 0.9997, 1.0000, 1.0000, 23, 24
63, 37, 7, 7, 0.9995, 0.9579, 2.2990, 10, 11
63, 40, 102, 0, 0.9997, 0.7998, 1.7228, 6, 7
63, 42, 23, 56, 0.9997, 0.7623, 0.9999, 5, 6
63, 43, 95, 103, 0.9997, 0.7623, 2.4929, 5, 6
64, 14, 87, 35, 0.9997, 1.0000, 2.1242, 53, 53
64, 27, 111, 122, 0.9997, 1.0000, 1.4251, 26, 27
64, 31, 32, 4, 0.9997, 1.0000, 1.2841, 24, 25
64, 40, 103, 0, 0.9997, 0.8384, 1.2357, 7, 8
64, 42, 25, 55, 0.9997, 0.7998, 1.8762, 6, 7
64, 44, 1, 80, 0.9984, 0.7614, 4.1962, 5, 6
65, 14, 89, 35, 0.9997, 1.0000, 2.0606, 54, 54
65, 27, 112, 122, 0.9997, 1.0000, 1.0793, 27, 28
65, 31, 32, 5, 0.9996, 1.0000, 0.5134, 25, 26
65, 40, 105, 0, 0.9997, 0.8779, 1.7485, 8, 9
65, 42, 26, 55, 0.9997, 0.8384, 1.3079, 7, 8
65, 46, 38, 106, 0.9997, 0.7623, 0.4246, 5, 6
65, 47, 79, 116, 0.9997, 0.7623, 1.9989, 5, 6
66, 14, 90, 36, 0.9997, 1.0000, 1.4674, 55, 55
66, 27, 113, 123, 0.9997, 1.0000, 1.2468, 28, 29
66, 31, 33, 6, 0.9997, 1.0000, 1.2712, 26, 27
66, 34, 67, 107, 0.9997, 0.7879, 1.8819, 21, 19
66, 40, 106, 0, 0.9997, 0.9178, 1.2515, 9, 10
66, 42, 27, 55, 0.9997, 0.8779, 1.0000, 8, 9
66, 46, 37, 105, 0.9997, 0.7998, 1.0346, 6, 7
66, 47, 81, 116, 0.9997, 0.7998, 1.9569, 6, 7
67, 14, 92, 36, 0.9997, 1.0000, 1.7268, 56, 56
67, 27, 114, 124, 0.9997, 1.0000, 1.4136, 29, 30
67, 31, 35, 6, 0.9996, 1.0000, 1.7958, 27, 28
67, 34, 68, 107, 0.9997, 0.8293, 1.2683, 22, 20
67, 40, 108, 0, 0.9997, 0.9581, 1.7508, 10, 11
67, 42, 31, 57, 0.9993, 0.9175, 4.3114, 9, 10
67, 46, 37, 104, 0.9997, 0.8384, 1.0209, 7, 8
67, 47, 84, 116, 0.9997, 0.8384, 2.7476, 7, 8
68, 14, 94, 36, 0.9997, 1.0000, 1.9977, 57, 57
68, 31, 36, 6, 0.9997, 1.0000, 1.3346, 28, 29
68, 40, 110, 0, 0.9997, 0.9986, 2.0140, 11, 12
68, 46, 37, 105, 0.9996, 0.8778, 0.4902, 8, 9
68, 47, 86, 116, 0.9997, 0.8779, 2.2919, 8, 9
69, 14, 97, 36, 0.9997, 1.0000, 2.8059, 58, 58
69, 27, 115, 124, 0.9997, 1.0000, 0.7084, 31, 32
69, 31, 37, 6, 0.9997, 1.0000, 1.0180, 29, 30
69, 40, 111, 0, 0.9997, 1.0000, 1.2778, 12, 13
69, 46, 35, 102, 0.9995, 0.9176, 2.4598, 9, 10
69, 47, 88, 116, 0.9997, 0.9178, 2.0024, 9, 10
70, 27, 116, 125, 0.9997, 1.0000, 1.2254, 32, 33
70, 40, 113, 0, 0.9997, 1.0000, 1.7221, 13, 14
70, 46, 35, 102, 0.9996, 0.9580, 0.9988, 10, 11
70, 47, 91, 116, 0.9997, 0.9580, 2.7223, 10, 11
71, 27, 116, 126, 0.9997, 1.0000, 1.0770, 33, 34
71, 31, 39, 7, 0.9996, 1.0000, 1.6427, 31, 32
71, 37, 10, 9, 0.9997, 0.7664, 0.4015, 18, 18
71, 40, 115, 0, 0.9997, 1.0000, 1.9992, 14, 15
71, 47, 93, 116, 0.9997, 0.9986, 2.2755, 11, 12
72, 27, 118, 127, 0.9996, 1.0000, 1.8261, 34, 35
72, 31, 40, 7, 0.9997, 1.0000, 1.3242, 32, 33
72, 37, 11, 9, 0.9997, 0.8081, 0.7210, 19, 19
72, 40, 117, 0, 0.9997, 1.0000, 2.0402, 15, 16
72, 46, 34, 101, 0.9997, 1.0000, 0.9447, 12, 13
72, 47, 95, 116, 0.9997, 1.0000, 1.9999, 12, 13
73, 31, 41, 8, 0.9997, 1.0000, 1.2950, 33, 34
73, 40, 118, 0, 0.9997, 1.0000, 1.2516, 16, 17
73, 47, 98, 116, 0.9997, 1.0000, 2.7237, 13, 14
74, 31, 42, 8, 0.9997, 1.0000, 1.0061, 34, 35
74, 41, 114, 110, 0.9997, 0.7857, 2.2856, 19, 17
74, 40, 120, 0, 0.9997, 1.0000, 1.7082, 17, 18
74, 47, 100, 116, 0.9997, 1.0000, 2.2764, 14, 15
75, 31, 43, 8, 0.9997, 1.0000, 0.9839, 35, 36
75, 42, 40, 53, 0.9997, 0.7664, 1.7203, 17, 17
75, 47, 103, 116, 0.9997, 1.0000, 2.7639, 15, 16
76, 31, 44, 8, 0.9997, 1.0000, 0.9984, 36, 37
76, 37, 13, 10, 0.9996, 0.9747, 1.6975, 23, 23
76, 42, 41, 52, 0.9997, 0.8081, 1.4794, 18, 18
76, 47, 105, 116, 0.9997, 1.0000, 2.2515, 16, 17
77, 31, 45, 9, 0.9997, 1.0000, 1.2512, 37, 38
77, 37, 14, 10, 0.9997, 1.0000, 1.3798, 24, 24
77, 42, 42, 52, 0.9997, 0.8498, 1.0415, 19, 19
77, 47, 108, 116, 0.9997, 1.0000, 2.7485, 17, 18
78, 31, 46, 9, 0.9997, 1.0000, 1.0428, 38, 39
78, 47, 110, 116, 0.9997, 1.0000, 2.2492, 18, 19
79, 31, 47, 9, 0.9997, 1.0000, 1.0001, 39, 40
79, 37, 15, 10, 0.9997, 1.0000, 0.6809, 26, 26
79, 47, 113, 116, 0.9997, 1.0000, 2.7499, 19, 20
79, 51, 115, 42, 0.9997, 0.7664, 2.1299, 10, 10
80, 31, 48, 9, 0.9997, 1.0000, 1.0008, 40, 41
80, 34, 90, 108, 0.9997, 0.7838, 1.2527, 35, 31
80, 47, 115, 116, 0.9997, 1.0000, 2.2501, 20, 21
80, 49, 113, 110, 0.9997, 0.7664, 2.1399, 12, 12
80, 51, 117, 42, 0.9997, 0.8081, 2.0128, 11, 11
81, 31, 50, 9, 0.9997, 1.0000, 1.7640, 41, 42
81, 34, 92, 108, 0.9997, 0.8248, 1.7084, 36, 32
81, 37, 16, 11, 0.9997, 1.0000, 1.0688, 28, 28
81, 47, 118, 116, 0.9997, 1.0000, 2.7500, 21, 22
81, 49, 115, 110, 0.9997, 0.8081, 2.0576, 13, 13
81, 51, 119, 43, 0.9997, 0.8498, 2.1356, 12, 12
82, 31, 51, 9, 0.9997, 1.0000, 1.2918, 42, 43
82, 34, 94, 108, 0.9997, 0.8657, 1.9977, 37, 33
82, 37, 17, 11, 0.9997, 1.0000, 1.0595, 29, 29
82, 49, 117, 110, 0.9997, 0.8498, 2.0164, 14, 14
82, 51, 121, 43, 0.9997, 0.8914, 2.0157, 13, 13
83, 31, 52, 10, 0.9997, 1.0000, 1.2598, 43, 44
83, 34, 96, 108, 0.9997, 0.9068, 2.0417, 38, 34
83, 51, 124, 44, 0.9997, 0.9331, 2.8641, 14, 14
84, 31, 53, 10, 0.9997, 1.0000, 1.0012, 44, 45
84, 34, 98, 108, 0.9997, 0.9478, 2.0163, 39, 35
84, 37, 18, 11, 0.9997, 1.0000, 0.7235, 31, 31
84, 51, 126, 44, 0.9997, 0.9747, 2.3054, 15, 15
85, 31, 54, 10, 0.9997, 1.0000, 0.9837, 45, 46
85, 34, 100, 108, 0.9997, 0.9889, 2.0001, 40, 36
85, 42, 54, 51, 0.9997, 0.7590, 1.7392, 27, 26
86, 31, 55, 10, 0.9997, 1.0000, 1.0009, 46, 47
86, 34, 101, 109, 0.9997, 1.0000, 1.4510, 41, 37
86, 37, 19, 12, 0.9997, 1.0000, 1.0694, 33, 33
87, 31, 57, 10, 0.9997, 1.0000, 1.7664, 47, 48
87, 34, 104, 109, 0.9996, 1.0000, 2.4884, 42, 38
87, 37, 20, 12, 0.9997, 1.0000, 1.0572, 34, 34
87, 42, 56, 50, 0.9994, 0.8418, 2.7974, 29, 28
88, 31, 57, 9, 0.9996, 1.0000, 0.9291, 48, 49
88, 34, 105, 109, 0.9997, 1.0000, 1.5279, 43, 39
88, 42, 58, 50, 0.9996, 0.8835, 1.8574, 30, 29
89, 31, 59, 10, 0.9996, 1.0000, 1.5467, 49, 50
89, 34, 107, 109, 0.9997, 1.0000, 1.7514, 44, 40
89, 37, 21, 12, 0.9997, 1.0000, 0.7235, 36, 36
90, 31, 60, 11, 0.9997, 1.0000, 1.6361, 50, 51
90, 34, 109, 109, 0.9997, 1.0000, 1.9738, 45, 41
90, 37, 22, 12, 0.9997, 1.0000, 0.9993, 37, 37
91, 31, 62, 11, 0.9997, 1.0000, 1.8212, 51, 52
91, 34, 111, 109, 0.9997, 1.0000, 2.0263, 46, 42
92, 31, 63, 11, 0.9997, 1.0000, 1.2658, 52, 53
92, 34, 113, 109, 0.9997, 1.0000, 2.0139, 47, 43
92, 37, 23, 13, 0.9997, 1.0000, 1.0540, 39, 39
92, 56, 5, 43, 0.9997, 0.7623, 0.7641, 5, 6
93, 31, 64, 11, 0.9997, 1.0000, 0.9879, 53, 54
93, 34, 114, 109, 0.9997, 1.0000, 1.2375, 48, 44
93, 37, 24, 13, 0.9997, 1.0000, 1.0420, 40, 40
94, 31, 65, 11, 0.9997, 1.0000, 0.9561, 54, 55
94, 34, 116, 109, 0.9997, 1.0000, 1.7067, 49, 45
95, 31, 67, 11, 0.9997, 1.0000, 1.7491, 55, 56
95, 34, 118, 109, 0.9997, 1.0000, 1.9992, 50, 46
95, 37, 25, 13, 0.9997, 1.0000, 0.7249, 42, 42
96, 31, 68, 11, 0.9997, 1.0000, 1.2926, 56, 57
96, 34, 120, 109, 0.9997, 1.0000, 2.0425, 51, 47
96, 37, 26, 14, 0.9997, 1.0000, 1.2486, 43, 43
97, 31, 69, 11, 0.9997, 1.0000, 1.0025, 57, 58
97, 34, 122, 109, 0.9997, 1.0000, 2.0163, 52, 48
97, 37, 26, 13, 0.9996, 1.0000, 0.5471, 44, 44
98, 31, 71, 12, 0.9997, 1.0000, 1.8840, 58, 59
98, 34, 124, 109, 0.9997, 1.0000, 2.0000, 53, 49
98, 37, 27, 13, 0.9997, 1.0000, 0.7793, 45, 45
98, 57, 99, 119, 0.9997, 0.7623, 2.2477, 5, 6
99, 31, 72, 12, 0.9997, 1.0000, 1.3084, 59, 60
99, 34, 126, 108, 0.9997, 1.0000, 2.1387, 54, 50
99, 37, 28, 14, 0.9997, 1.0000, 1.2336, 46, 46
99, 57, 99, 118, 0.9997, 0.7998, 1.3060, 6, 7
100, 31, 73, 12, 0.9997, 1.0000, 0.9999, 60, 61
100, 37, 28, 14, 0.9997, 1.0000, 0.4214, 47, 47
100, 57, 97, 117, 0.9996, 0.8384, 1.7698, 7, 8
101, 31, 74, 12, 0.9997, 1.0000, 0.9607, 61, 62
101, 37, 29, 14, 0.9997, 1.0000, 0.7238, 48, 48
101, 57, 97, 115, 0.9996, 0.8778, 1.7872, 8, 9
102, 31, 76, 12, 0.9997, 1.0000, 1.7487, 62, 63
102, 37, 30, 14, 0.9997, 1.0000, 1.0008, 49, 49
102, 57, 96, 114, 0.9997, 0.9178, 1.4797, 9, 10
103, 57, 96, 112, 0.9997, 0.9580, 1.7786, 10, 11
103, 61, 6, 122, 0.9997, 0.7623, 1.3125, 5, 6
104, 37, 31, 14, 0.9997, 1.0000, 0.7236, 51, 51
104, 57, 95, 111, 0.9997, 0.9986, 1.4519, 11, 12
104, 60, 23, 80, 0.9997, 0.7664, 0.8055, 9, 9
104, 61, 7, 122, 0.9997, 0.7998, 0.9997, 6, 7
105, 37, 32, 14, 0.9997, 1.0000, 1.0000, 52, 52
105, 57, 94, 109, 0.9997, 1.0000, 2.0213, 12, 13
105, 60, 22, 79, 0.9997, 0.8081, 1.2713, 10, 10
105, 61, 9, 121, 0.9997, 0.8384, 1.8675, 7, 8
106, 37, 32, 15, 0.9997, 1.0000, 0.8133, 53, 53
106, 57, 94, 108, 0.9997, 1.0000, 1.2801, 13, 14
106, 60, 23, 78, 0.9996, 0.8497, 1.1038, 11, 11
106, 61, 10, 121, 0.9997, 0.8779, 1.3057, 8, 9
107, 37, 33, 15, 0.9997, 1.0000, 0.7802, 54, 54
107, 57, 93, 106, 0.9997, 1.0000, 1.8933, 14, 15
107, 60, 23, 77, 0.9997, 0.8914, 1.0941, 12, 12
108, 37, 34, 15, 0.9997, 1.0000, 1.0000, 55, 55
108, 57, 92, 104, 0.9997, 1.0000, 2.2483, 15, 16
108, 59, 82, 38, 0.9775, 1.0000, 8.2632, 14, 15
108, 60, 23, 76, 0.9997, 0.9331, 1.0180, 13, 13
108, 65, 10, 52, 0.9997, 0.7623, 1.1153, 5, 6
109, 37, 35, 15, 0.9997, 1.0000, 1.0412, 56, 56
110, 60, 23, 75, 0.9997, 1.0000, 0.7061, 15, 15
110, 65, 10, 54, 0.9996, 0.8384, 1.4950, 7, 8
110, 66, 87, 13, 0.9997, 0.7623, 1.8834, 5, 6
111, 37, 37, 15, 0.9996, 1.0000, 1.4721, 58, 58
111, 60, 23, 74, 0.9997, 1.0000, 0.9991, 16, 16
111, 65, 11, 53, 0.9996, 0.8778, 0.7587, 8, 9
111, 66, 88, 13, 0.9997, 0.7998, 1.3091, 6, 7
112, 37, 37, 15, 0.9997, 1.0000, 0.5256, 59, 59
112, 65, 11, 54, 0.9997, 0.9178, 0.5357, 9, 10
112, 66, 90, 13, 0.9997, 0.8384, 1.7641, 7, 8
113, 37, 37, 16, 0.9997, 1.0000, 0.7650, 60, 60
113, 66, 91, 13, 0.9997, 0.8779, 1.2523, 8, 9
113, 67, 95, 46, 0.9997, 0.7623, 2.0407, 5, 6
114, 37, 38, 16, 0.9997, 1.0000, 0.7417, 61, 61
114, 66, 93, 13, 0.9997, 0.9178, 1.7486, 9, 10
114, 67, 96, 46, 0.9997, 0.7998, 1.2938, 6, 7
115, 37, 39, 16, 0.9997, 1.0000, 1.0264, 62, 62
115, 66, 94, 14, 0.9997, 0.9580, 1.4643, 10, 11
116, 37, 40, 16, 0.9997, 1.0000, 1.0574, 63, 63
116, 57, 88, 93, 0.9997, 0.7664, 1.4579, 23, 23
116, 66, 95, 14, 0.9997, 0.9986, 1.0289, 11, 12
116, 69, 5, 8, 0.9996, 0.7623, 1.1286, 5, 6
117, 57, 88, 92, 0.9997, 0.8081, 1.0151, 24, 24
117, 66, 97, 14, 0.9997, 1.0000, 1.7222, 12, 13
117, 69, 6, 8, 0.9997, 0.7998, 0.9836, 6, 7
118, 37, 41, 16, 0.9997, 1.0000, 0.7067, 65, 65
118, 57, 87, 90, 0.9997, 0.8497, 1.8775, 25, 25
118, 66, 98, 15, 0.9997, 1.0000, 1.4674, 13, 14
118, 69, 7, 8, 0.9997, 0.8385, 0.9750, 7, 8
119, 37, 42, 17, 0.9997, 1.0000, 1.2574, 66, 66
119, 66, 99, 15, 0.9997, 1.0000, 1.0380, 14, 15
119, 69, 8, 8, 0.9997, 0.8779, 0.9928, 8, 9
120, 37, 42, 17, 0.9997, 1.0000, 0.4034, 67, 67
120, 66, 101, 15, 0.9997, 1.0000, 1.7237, 15, 16
120, 69, 9, 8, 0.9997, 0.9178, 1.0009, 9, 10
121, 37, 43, 17, 0.9997, 1.0000, 0.7245, 68, 68
121, 60, 24, 67, 0.9997, 0.7511, 1.0418, 26, 24
121, 65, 15, 59, 0.9997, 0.8081, 1.0712, 18, 18
121, 66, 102, 16, 0.9997, 1.0000, 1.4672, 16, 17
121, 69, 10, 8, 0.9997, 0.9581, 1.0014, 10, 11
122, 37, 44, 17, 0.9997, 1.0000, 1.0011, 69, 69
122, 60, 24, 66, 0.9997, 0.7924, 1.0395, 27, 25
122, 66, 104, 16, 0.9997, 1.0000, 1.7854, 17, 18
122, 69, 11, 8, 0.9997, 0.9986, 1.0004, 11, 12
123, 37, 45, 17, 0.9997, 1.0000, 1.0404, 70, 70
123, 65, 15, 60, 0.9997, 0.8914, 0.7501, 20, 20
123, 66, 105, 16, 0.9997, 1.0000, 1.2515, 18, 19
123, 69, 12, 8, 0.9997, 1.0000, 0.9999, 12, 13
124, 60, 24, 65, 0.9997, 0.8750, 0.7257, 29, 27
124, 65, 16, 60, 0.9997, 0.9331, 0.7634, 21, 21
124, 66, 107, 17, 0.9997, 1.0000, 1.8923, 19, 20
124, 69, 13, 9, 0.9997, 1.0000, 1.2584, 13, 14
125, 37, 46, 17, 0.9997, 1.0000, 0.7082, 72, 72
125, 60, 24, 64, 0.9997, 0.9164, 1.0003, 30, 28
125, 65, 16, 61, 0.9997, 0.9747, 0.7998, 22, 22
125, 66, 107, 17, 0.9996, 1.0000, 0.5585, 20, 21
125, 69, 14, 9, 0.9997, 1.0000, 1.0417, 14, 15
126, 37, 47, 18, 0.9997, 1.0000, 1.2572, 73, 73
126, 60, 24, 63, 0.9997, 0.9578, 1.0402, 31, 29
126, 65, 16, 62, 0.9997, 1.0000, 1.0139, 23, 23
126, 66, 110, 17, 0.9996, 1.0000, 2.2221, 21, 22
127, 37, 48, 18, 0.9997, 1.0000, 1.0818, 74, 74
127, 65, 13, 60, 0.9992, 1.0000, 3.3388, 24, 24
127, 66, 111, 18, 0.9997, 1.0000, 1.7032, 22, 23
128, 60, 24, 62, 0.9997, 1.0000, 0.7082, 33, 31
128, 66, 112, 18, 0.9997, 1.0000, 1.0652, 23, 24
129, 37, 49, 18, 0.9997, 1.0000, 0.7096, 76, 76
129, 60, 24, 61, 0.9997, 1.0000, 0.9978, 34, 32
129, 66, 114, 19, 0.9997, 1.0000, 1.8600, 24, 25
130, 37, 50, 18, 0.9997, 1.0000, 0.9978, 77, 77
130, 60, 24, 60, 0.9997, 1.0000, 1.0417, 35, 33
130, 66, 115, 19, 0.9997, 1.0000, 1.2864, 25, 26
131, 37, 51, 18, 0.9997, 1.0000, 1.0417, 78, 78
131, 57, 68, 83, 0.9997, 0.7559, 1.9977, 38, 36
131, 66, 116, 18, 0.9997, 1.0000, 1.2666, 26, 27
132, 37, 51, 19, 0.9997, 1.0000, 0.8068, 79, 79
132, 57, 67, 82, 0.9997, 0.7972, 1.6470, 39, 37
132, 66, 118, 20, 0.9996, 1.0000, 2.0978, 27, 28
132, 71, 127, 37, 0.9997, 0.7623, 2.3551, 5, 6
133, 37, 52, 19, 0.9997, 1.0000, 0.7664, 80, 80
133, 57, 70, 76, 0.9966, 0.8363, 6.2667, 40, 38
133, 60, 24, 58, 0.9996, 1.0000, 1.4698, 38, 36
133, 66, 120, 21, 0.9997, 1.0000, 2.4381, 28, 29
133, 69, 22, 10, 0.9997, 0.7665, 1.0003, 22, 22
133, 72, 118, 44, 0.9997, 0.7623, 1.9217, 5, 6
133, 73, 69, 98, 0.9997, 0.7623, 1.4794, 5, 6
134, 37, 53, 19, 0.9997, 1.0000, 0.9977, 81, 81
134, 60, 25, 57, 0.9997, 1.0000, 1.5368, 39, 37
134, 66, 121, 21, 0.9996, 1.0000, 1.3347, 29, 30
134, 69, 23, 10, 0.9997, 0.8081, 1.0003, 23, 23
135, 37, 54, 19, 0.9997, 1.0000, 1.0425, 82, 82
135, 60, 25, 57, 0.9996, 1.0000, 0.4149, 40, 38
135, 65, 20, 67, 0.9997, 0.7602, 1.0304, 32, 31
135, 66, 123, 22, 0.9997, 1.0000, 1.8593, 30, 31
135, 69, 24, 10, 0.9997, 0.8498, 1.0001, 24, 24
136, 60, 25, 56, 0.9997, 1.0000, 0.6820, 41, 39
136, 66, 124, 22, 0.9997, 1.0000, 1.2528, 31, 32
136, 69, 25, 10, 0.9997, 0.8914, 1.0000, 25, 25
137, 37, 55, 20, 0.9997, 1.0000, 1.0418, 84, 84
137, 60, 25, 55, 0.9997, 1.0000, 0.9823, 42, 40
137, 65, 20, 68, 0.9997, 0.8431, 0.7485, 34, 33
137, 66, 125, 23, 0.9997, 1.0000, 1.2342, 32, 33
138, 37, 56, 20, 0.9997, 1.0000, 1.0401, 85, 85
138, 60, 26, 55, 0.9997, 1.0000, 0.7968, 43, 41
138, 65, 21, 68, 0.9997, 0.8846, 0.7656, 35, 34
138, 66, 126, 22, 0.9996, 1.0000, 1.0872, 33, 34
138, 69, 27, 11, 0.9996, 0.9747, 1.6589, 27, 27
139, 37, 57, 20, 0.9997, 1.0000, 1.0417, 86, 86
139, 60, 26, 54, 0.9997, 1.0000, 0.7824, 44, 42
139, 65, 21, 69, 0.9997, 0.9261, 0.7999, 36, 35
139, 69, 28, 11, 0.9997, 1.0000, 1.3244, 28, 28
140, 60, 27, 53, 0.9997, 1.0000, 1.2607, 45, 43
140, 65, 22, 70, 0.9997, 0.9676, 1.2696, 37, 36
140, 69, 30, 9, 0.9996, 1.0000, 2.3660, 29, 29
141, 37, 58, 20, 0.9997, 1.0000, 0.7085, 88, 88
141, 60, 27, 52, 0.9997, 1.0000, 1.0700, 46, 44
141, 68, 93, 22, 0.9644, 1.0000, 8.7102, 31, 30
142, 37, 59, 21, 0.9997, 1.0000, 1.2565, 89, 89
142, 65, 22, 71, 0.9997, 1.0000, 0.7223, 39, 38
143, 37, 60, 21, 0.9997, 1.0000, 1.0824, 90, 90
143, 60, 28, 51, 0.9997, 1.0000, 1.0108, 48, 46
144, 60, 28, 50, 0.9997, 1.0000, 1.0357, 49, 47
145, 37, 61, 22, 0.9997, 1.0000, 1.0110, 92, 92
145, 60, 29, 49, 0.9997, 1.0000, 1.2923, 50, 48
145, 77, 103, 97, 0.9974, 0.7608, 5.4644, 5, 6
146, 37, 62, 22, 0.9997, 1.0000, 1.0350, 93, 93
147, 37, 63, 22, 0.9997, 1.0000, 1.0417, 94, 94
147, 60, 29, 48, 0.9997, 1.0000, 0.7085, 52, 50
148, 60, 30, 47, 0.9997, 1.0000, 1.2311, 53, 51
149, 37, 64, 22, 0.9997, 1.0000, 0.7085, 96, 96
149, 69, 34, 17, 0.9997, 0.8025, 0.7092, 38, 37
150, 37, 65, 23, 0.9997, 1.0000, 1.2566, 97, 97
150, 60, 31, 46, 0.9997, 1.0000, 1.0534, 55, 53
150, 69, 35, 18, 0.9997, 0.8440, 1.2330, 39, 38
151, 37, 66, 23, 0.9997, 1.0000, 1.0824, 98, 98
151, 60, 31, 45, 0.9997, 1.0000, 1.0313, 56, 54
151, 69, 35, 19, 0.9997, 0.8855, 1.0782, 40, 39
152, 60, 32, 45, 0.9997, 1.0000, 0.7978, 57, 55
152, 69, 36, 19, 0.9997, 0.9270, 0.8053, 41, 40
152, 79, 101, 2, 0.9997, 0.7623, 0.7596, 5, 6
152, 80, 118, 32, 0.9997, 0.7623, 1.7499, 5, 6
153, 37, 67, 23, 0.9997, 1.0000, 0.7096, 100, 100
153, 60, 32, 44, 0.9997, 1.0000, 0.7653, 58, 56
153, 69, 37, 19, 0.9997, 0.9685, 1.0169, 42, 41
153, 79, 104, 3, 0.9996, 0.7997, 2.4660, 6, 7
153, 80, 117, 33, 0.9997, 0.7998, 1.4373, 6, 7
153, 81, 9, 32, 0.9989, 0.7617, 7.6831, 5, 6
154, 37, 68, 24, 0.9997, 1.0000, 1.2467, 101, 101
154, 60, 32, 43, 0.9997, 1.0000, 1.0001, 59, 57
154, 80, 115, 33, 0.9997, 0.8384, 1.7725, 7, 8
155, 37, 69, 24, 0.9997, 1.0000, 1.0818, 102, 102
155, 60, 33, 42, 0.9997, 1.0000, 1.2664, 60, 58
155, 69, 38, 21, 0.9996, 1.0000, 1.6769, 44, 43
155, 80, 113, 34, 0.9997, 0.8779, 2.1551, 8, 9
156, 69, 39, 22, 0.9997, 1.0000, 1.6800, 45, 44
156, 80, 112, 34, 0.9997, 0.9178, 1.3025, 9, 10
156, 84, 28, 80, 0.9997, 0.7623, 1.0212, 5, 6
157, 37, 70, 24, 0.9997, 1.0000, 0.7096, 104, 104
157, 60, 34, 41, 0.9997, 1.0000, 1.0423, 62, 60
157, 69, 40, 21, 0.9996, 1.0000, 1.1411, 46, 45
157, 80, 111, 34, 0.9997, 0.9581, 0.9583, 10, 11
157, 84, 28, 81, 0.9997, 0.7998, 1.0356, 6, 7
158, 37, 71, 25, 0.9997, 1.0000, 1.2467, 105, 105
158, 60, 34, 40, 0.9997, 1.0000, 1.0290, 63, 61
158, 69, 40, 23, 0.9996, 1.0000, 1.1789, 47, 46
158, 80, 109, 36, 0.9996, 0.9985, 2.2629, 11, 12
158, 84, 29, 81, 0.9997, 0.8384, 0.8125, 7, 8
159, 37, 72, 25, 0.9997, 1.0000, 1.0817, 106, 106
159, 69, 41, 24, 0.9997, 1.0000, 1.4561, 48, 47
159, 80, 107, 38, 0.9997, 1.0000, 2.9260, 12, 13
159, 84, 29, 82, 0.9997, 0.8779, 0.7662, 8, 9
160, 37, 73, 25, 0.9997, 1.0000, 1.0163, 107, 107
160, 60, 35, 39, 0.9997, 1.0000, 1.0223, 65, 63
160, 69, 42, 24, 0.9997, 1.0000, 1.0472, 49, 48
160, 80, 105, 38, 0.9996, 1.0000, 2.1394, 13, 14
160, 84, 29, 83, 0.9997, 0.9178, 1.0002, 9, 10
161, 37, 73, 26, 0.9997, 1.0000, 0.7599, 108, 108
161, 60, 35, 38, 0.9997, 1.0000, 1.0380, 66, 64
161, 69, 43, 25, 0.9997, 1.0000, 1.2549, 50, 49
161, 80, 104, 40, 0.9996, 1.0000, 1.9123, 14, 15
162, 37, 74, 26, 0.9997, 1.0000, 0.7578, 109, 109
162, 69, 44, 25, 0.9997, 1.0000, 1.0400, 51, 50
162, 79, 111, 8, 0.9996, 0.8081, 1.6486, 15, 15
162, 80, 102, 41, 0.9997, 1.0000, 2.1035, 15, 16
163, 37, 75, 26, 0.9997, 1.0000, 0.9991, 110, 110
163, 60, 36, 37, 0.9997, 1.0000, 1.0234, 68, 66
163, 69, 45, 25, 0.9997, 1.0000, 1.0003, 52, 51
163, 79, 112, 8, 0.9997, 0.8498, 1.3151, 16, 16
163, 80, 101, 42, 0.9997, 1.0000, 1.6021, 16, 17
163, 82, 102, 105, 0.9996, 0.7815, 0.9138, 16, 14
163, 90, 2, 95, 0.9997, 0.7623, 0.6522, 5, 6
164, 37, 76, 26, 0.9997, 1.0000, 1.0433, 111, 111
164, 60, 36, 36, 0.9997, 1.0000, 1.0375, 69, 67
164, 69, 46, 26, 0.9997, 1.0000, 1.2332, 53, 52
164, 79, 113, 9, 0.9997, 0.8914, 1.2849, 17, 17
164, 80, 100, 43, 0.9997, 1.0000, 1.3867, 17, 18
164, 87, 14, 31, 0.9988, 0.8075, 4.8738, 11, 11
165, 37, 76, 27, 0.9997, 1.0000, 0.7900, 112, 112
165, 60, 37, 36, 0.9997, 1.0000, 0.8124, 70, 68
165, 69, 48, 26, 0.9997, 1.0000, 1.7850, 54, 53
165, 80, 99, 44, 0.9997, 1.0000, 1.3774, 18, 19
165, 85, 30, 62, 0.9997, 0.7522, 1.4119, 14, 13
166, 37, 77, 27, 0.9997, 1.0000, 0.7660, 113, 113
166, 60, 37, 35, 0.9997, 1.0000, 0.7661, 71, 69
166, 69, 49, 27, 0.9997, 1.0000, 1.5013, 55, 54
166, 79, 115, 10, 0.9996, 0.9747, 1.6377, 19, 19
166, 80, 98, 44, 0.9997, 1.0000, 1.0146, 19, 20
166, 85, 29, 62, 0.9997, 0.7939, 1.0372, 15, 14
167, 37, 78, 27, 0.9997, 1.0000, 0.9976, 114, 114
167, 60, 38, 34, 0.9997, 1.0000, 1.2491, 72, 70
167, 69, 50, 27, 0.9997, 1.0000, 1.0312, 56, 55
167, 79, 116, 11, 0.9997, 1.0000, 1.6403, 20, 20
167, 80, 97, 44, 0.9997, 1.0000, 1.0023, 20, 21
167, 85, 28, 61, 0.9997, 0.8357, 1.2344, 16, 15
167, 92, 5, 111, 0.9996, 0.7623, 2.4405, 5, 6
168, 37, 79, 28, 0.9997, 1.0000, 1.2675, 115, 115
168, 69, 51, 27, 0.9997, 1.0000, 0.9576, 57, 56
168, 79, 117, 12, 0.9997, 1.0000, 1.4749, 21, 21
168, 80, 95, 45, 0.9997, 1.0000, 1.9031, 21, 22
168, 85, 27, 60, 0.9997, 0.8774, 1.4143, 17, 16
169, 37, 80, 28, 0.9997, 1.0000, 1.0529, 116, 116
169, 60, 38, 33, 0.9997, 1.0000, 0.7237, 74, 72
169, 69, 52, 27, 0.9997, 1.0000, 0.9847, 58, 57
169, 79, 118, 12, 0.9997, 1.0000, 1.0061, 22, 22
169, 80, 93, 45, 0.9997, 1.0000, 2.0753, 22, 23
169, 84, 31, 90, 0.9997, 0.8081, 0.6658, 18, 18
170, 60, 39, 33, 0.9997, 1.0000, 0.7598, 75, 73
170, 69, 54, 28, 0.9997, 1.0000, 1.9167, 59, 58
170, 79, 119, 13, 0.9997, 1.0000, 1.2118, 23, 23
170, 80, 92, 46, 0.9997, 1.0000, 1.5023, 23, 24
170, 85, 26, 59, 0.9997, 0.9609, 1.0125, 19, 18
170, 84, 31, 91, 0.9997, 0.8498, 1.0267, 19, 19
171, 37, 81, 29, 0.9997, 1.0000, 1.0109, 118, 118
171, 60, 39, 32, 0.9997, 1.0000, 0.7985, 76, 74
171, 69, 55, 28, 0.9997, 1.0000, 1.3268, 60, 59
171, 79, 120, 13, 0.9997, 1.0000, 1.0246, 24, 24
171, 80, 90, 47, 0.9997, 1.0000, 1.9988, 24, 25
171, 85, 25, 59, 0.9997, 1.0000, 1.0275, 20, 19
171, 84, 31, 92, 0.9997, 0.8914, 1.0590, 20, 20
172, 37, 82, 29, 0.9997, 1.0000, 1.0366, 119, 119
172, 60, 40, 31, 0.9997, 1.0000, 1.2712, 77, 75
172, 69, 56, 28, 0.9997, 1.0000, 1.0009, 61, 60
172, 79, 121, 14, 0.9997, 1.0000, 1.2511, 25, 25
172, 80, 88, 48, 0.9997, 1.0000, 2.2515, 25, 26
172, 85, 24, 58, 0.9997, 1.0000, 1.2835, 21, 20
172, 84, 31, 93, 0.9997, 0.9331, 1.0187, 21, 21
173, 69, 57, 28, 0.9997, 1.0000, 0.9583, 62, 61
173, 79, 122, 15, 0.9997, 1.0000, 1.4264, 26, 26
173, 80, 87, 48, 0.9997, 1.0000, 1.2996, 26, 27
173, 85, 23, 57, 0.9997, 1.0000, 1.4366, 22, 21
173, 84, 31, 94, 0.9997, 0.9747, 0.9985, 22, 22
173, 95, 9, 20, 0.9996, 0.7623, 2.4856, 5, 6
174, 37, 84, 29, 0.9996, 1.0000, 1.4891, 121, 121
174, 60, 41, 30, 0.9997, 1.0000, 1.0401, 79, 77
174, 69, 59, 28, 0.9997, 1.0000, 1.7476, 63, 62
174, 79, 123, 16, 0.9997, 1.0000, 1.4448, 27, 27
174, 80, 85, 49, 0.9997, 1.0000, 1.8632, 27, 28
174, 85, 21, 57, 0.9997, 1.0000, 1.7858, 23, 22
174, 84, 32, 95, 0.9997, 1.0000, 1.2563, 23, 23
175, 37, 86, 30, 0.9997, 1.0000, 2.1878, 122, 122
175, 60, 41, 29, 0.9997, 1.0000, 1.0297, 80, 78
175, 69, 60, 28, 0.9997, 1.0000, 1.2917, 64, 63
175, 85, 21, 56, 0.9996, 1.0000, 0.8932, 24, 23
175, 92, 13, 114, 0.9997, 0.7664, 1.5830, 13, 13
176, 69, 61, 28, 0.9997, 1.0000, 1.0024, 65, 64
176, 79, 125, 17, 0.9996, 1.0000, 1.6332, 29, 29
176, 82, 120, 107, 0.9996, 0.7788, 1.1412, 29, 25
176, 85, 20, 56, 0.9997, 1.0000, 0.7454, 25, 24
176, 84, 32, 97, 0.9996, 1.0000, 1.4722, 25, 25
176, 92, 14, 115, 0.9997, 0.8081, 1.2805, 14, 14
177, 60, 42, 28, 0.9997, 1.0000, 1.0224, 82, 80
177, 69, 63, 29, 0.9997, 1.0000, 1.8845, 66, 65
177, 79, 126, 18, 0.9997, 1.0000, 1.6322, 30, 30
177, 82, 122, 108, 0.9997, 0.8198, 1.9831, 30, 26
177, 85, 20, 55, 0.9997, 1.0000, 0.7730, 26, 25
177, 84, 32, 98, 0.9997, 1.0000, 1.2927, 26, 26
177, 92, 15, 116, 0.9997, 0.8498, 1.3787, 15, 15
178, 60, 42, 27, 0.9997, 1.0000, 1.0379, 83, 81
178, 69, 64, 29, 0.9997, 1.0000, 1.3085, 67, 66
178, 79, 127, 19, 0.9997, 1.0000, 1.4739, 31, 31
178, 82, 123, 108, 0.9997, 0.8608, 1.3016, 31, 27
178, 85, 19, 54, 0.9997, 1.0000, 1.2534, 27, 26
178, 84, 32, 99, 0.9997, 1.0000, 1.0428, 27, 27
179, 69, 65, 29, 0.9997, 1.0000, 0.9999, 68, 67
179, 82, 124, 108, 0.9997, 0.9018, 0.9989, 32, 28
179, 85, 18, 53, 0.9997, 1.0000, 1.4560, 28, 27
180, 69, 67, 29, 0.9997, 1.0000, 1.7242, 69, 68
180, 82, 126, 108, 0.9997, 0.9429, 1.7262, 33, 29
180, 84, 32, 100, 0.9997, 1.0000, 0.6919, 29, 29
181, 69, 68, 29, 0.9997, 1.0000, 1.2765, 70, 69
181, 82, 127, 109, 0.9997, 0.9840, 1.4792, 34, 30
181, 85, 17, 52, 0.9997, 1.0000, 1.0115, 30, 29
181, 84, 33, 101, 0.9997, 1.0000, 1.2571, 30, 30
181, 95, 20, 21, 0.9997, 0.7664, 1.7442, 13, 13
182, 69, 70, 30, 0.9997, 1.0000, 1.9223, 71, 70
182, 85, 17, 51, 0.9997, 1.0000, 1.0250, 31, 30
182, 84, 33, 102, 0.9997, 1.0000, 1.0840, 31, 31
182, 88, 92, 31, 0.9997, 0.7584, 2.0957, 25, 24
182, 95, 21, 21, 0.9997, 0.8081, 1.2346, 14, 14
183, 69, 69, 29, 0.9995, 1.0000, 0.5450, 72, 71
183, 85, 16, 49, 0.9997, 1.0000, 1.9546, 32, 31
183, 94, 22, 40, 0.9997, 0.7845, 0.7962, 18, 16
183, 95, 23, 21, 0.9997, 0.8498, 1.7491, 15, 15
184, 69, 72, 30, 0.9995, 1.0000, 1.9860, 73, 72
184, 85, 16, 48, 0.9997, 1.0000, 1.3321, 33, 32
184, 84, 33, 104, 0.9996, 1.0000, 1.4729, 33, 33
184, 94, 23, 41, 0.9997, 0.8261, 1.2475, 19, 17
184, 95, 25, 21, 0.9997, 0.8914, 2.0157, 16, 16
185, 69, 73, 31, 0.9997, 1.0000, 1.8442, 74, 73
185, 85, 16, 47, 0.9997, 1.0000, 1.0002, 34, 33
185, 84, 34, 105, 0.9997, 1.0000, 1.4904, 34, 34
185, 95, 26, 21, 0.9997, 0.9331, 1.2787, 17, 17
186, 69, 75, 31, 0.9997, 1.0000, 1.8624, 75, 74
186, 85, 15, 46, 0.9997, 1.0000, 1.1974, 35, 34
186, 84, 34, 106, 0.9997, 1.0000, 1.0817, 35, 35
186, 94, 24, 42, 0.9997, 0.9093, 1.0402, 21, 19
186, 95, 28, 21, 0.9997, 0.9747, 1.7222, 18, 18
187, 69, 76, 31, 0.9997, 1.0000, 1.2403, 76, 75
187, 85, 15, 45, 0.9997, 1.0000, 1.0213, 36, 35
187, 84, 34, 107, 0.9997, 1.0000, 0.9737, 36, 36
187, 94, 25, 43, 0.9997, 0.9509, 1.4245, 22, 20
187, 95, 30, 21, 0.9997, 1.0000, 1.9991, 19, 19
187, 98, 4, 89, 0.9997, 0.8497, 0.7478, 12, 12
188, 69, 77, 31, 0.9997, 1.0000, 0.9715, 77, 76
188, 85, 15, 44, 0.9997, 1.0000, 1.0000, 37, 36
188, 84, 33, 108, 0.9997, 1.0000, 1.2716, 37, 37
188, 95, 31, 21, 0.9997, 1.0000, 1.2763, 20, 20
188, 99, 40, 27, 0.9997, 0.8081, 1.0670, 10, 10
189, 69, 79, 32, 0.9997, 1.0000, 1.8725, 78, 77
189, 85, 14, 43, 0.9997, 1.0000, 1.2364, 38, 37
189, 84, 35, 108, 0.9996, 1.0000, 1.2420, 38, 38
189, 94, 26, 44, 0.9997, 1.0000, 1.0224, 24, 22
189, 95, 33, 21, 0.9997, 1.0000, 1.7237, 21, 21
189, 98, 3, 89, 0.9997, 0.9331, 0.7616, 14, 14
189, 99, 40, 27, 0.9997, 0.8498, 0.4144, 11, 11
190, 69, 80, 32, 0.9997, 1.0000, 1.3116, 79, 78
190, 84, 35, 109, 0.9997, 1.0000, 0.9187, 39, 39
190, 88, 98, 33, 0.9997, 0.7543, 1.0143, 33, 31
190, 94, 27, 44, 0.9997, 1.0000, 1.0267, 25, 23
190, 95, 35, 21, 0.9997, 1.0000, 2.0000, 22, 22
190, 99, 39, 27, 0.9997, 0.8914, 0.7654, 12, 12
191, 69, 81, 32, 0.9997, 1.0000, 1.0017, 80, 79
191, 84, 35, 110, 0.9997, 1.0000, 1.0019, 40, 40
191, 88, 99, 32, 0.9997, 0.7956, 1.2839, 34, 32
191, 94, 27, 45, 0.9997, 1.0000, 0.7979, 26, 24
191, 95, 37, 21, 0.9997, 1.0000, 2.0403, 23, 23
192, 69, 83, 33, 0.9997, 1.0000, 1.8692, 81, 80
192, 84, 36, 111, 0.9997, 1.0000, 1.2536, 41, 41
192, 88, 100, 34, 0.9996, 0.8368, 1.5758, 35, 33
192, 95, 38, 21, 0.9997, 1.0000, 1.2515, 24, 24
193, 69, 83, 33, 0.9996, 1.0000, 0.5817, 82, 81
193, 84, 36, 112, 0.9997, 1.0000, 1.0487, 42, 42
193, 88, 101, 34, 0.9997, 0.8782, 1.1571, 36, 34
193, 95, 40, 21, 0.9997, 1.0000, 1.7082, 25, 25
194, 69, 85, 34, 0.9997, 1.0000, 1.6584, 83, 82
194, 84, 36, 113, 0.9997, 1.0000, 1.0000, 43, 43
194, 88, 101, 33, 0.9996, 0.9195, 0.7568, 37, 35
194, 95, 42, 22, 0.9997, 1.0000, 2.1388, 26, 26
194, 99, 38, 28, 0.9997, 1.0000, 1.0689, 16, 16
195, 69, 87, 34, 0.9997, 1.0000, 2.0310, 84, 83
195, 80, 53, 66, 0.9997, 0.7540, 2.0150, 48, 45
195, 84, 37, 114, 0.9997, 1.0000, 1.2333, 44, 44
195, 88, 103, 35, 0.9996, 0.9608, 1.8794, 38, 36
195, 95, 43, 22, 0.9997, 1.0000, 1.3107, 27, 27
195, 99, 38, 28, 0.9997, 1.0000, 0.4127, 17, 17
196, 69, 88, 34, 0.9997, 1.0000, 1.3191, 85, 84
196, 80, 52, 67, 0.9997, 0.7951, 1.6005, 49, 46
196, 84, 37, 115, 0.9997, 1.0000, 1.0369, 45, 45
196, 88, 104, 35, 0.9997, 1.0000, 1.4045, 39, 37
196, 95, 45, 22, 0.9997, 1.0000, 1.7245, 28, 28
197, 69, 89, 35, 0.9997, 1.0000, 1.2118, 86, 85
197, 80, 50, 68, 0.9997, 0.8363, 2.0155, 50, 47
197, 85, 12, 35, 0.9997, 0.7578, 1.0000, 46, 44
197, 84, 37, 116, 0.9997, 1.0000, 1.0000, 46, 46
197, 88, 106, 35, 0.9997, 1.0000, 1.8069, 40, 38
197, 95, 47, 22, 0.9997, 1.0000, 2.0006, 29, 29
198, 69, 91, 35, 0.9997, 1.0000, 1.7298, 87, 86
198, 80, 49, 69, 0.9997, 0.8774, 1.6008, 51, 48
198, 85, 12, 34, 0.9997, 0.7991, 1.0008, 47, 45
198, 84, 38, 117, 0.9997, 1.0000, 1.2344, 47, 47
198, 88, 106, 35, 0.9996, 1.0000, 0.5058, 41, 39
198, 95, 49, 22, 0.9997, 1.0000, 2.0403, 30, 30
199, 69, 92, 36, 0.9997, 1.0000, 1.4859, 88, 87
199, 80, 47, 70, 0.9997, 0.9186, 2.0156, 52, 49
199, 85, 11, 34, 0.9997, 0.8404, 0.7849, 48, 46
199, 84, 38, 118, 0.9997, 1.0000, 1.0375, 48, 48
199, 88, 107, 36, 0.9997, 1.0000, 1.0082, 42, 40
199, 95, 51, 22, 0.9997, 1.0000, 2.0154, 31, 31
200, 69, 94, 36, 0.9997, 1.0000, 1.7832, 89, 88
200, 85, 11, 33, 0.9997, 0.8817, 0.7660, 49, 47
200, 84, 38, 119, 0.9997, 1.0000, 1.0000, 49, 49
200, 88, 108, 36, 0.9997, 1.0000, 0.9980, 43, 41
200, 95, 53, 22, 0.9997, 1.0000, 2.0000, 32, 32
201, 69, 95, 37, 0.9997, 1.0000, 1.4590, 90, 89
201, 85, 9, 32, 0.9996, 0.9230, 1.8279, 50, 48
201, 84, 39, 120, 0.9997, 1.0000, 1.2343, 50, 50
201, 88, 109, 36, 0.9997, 1.0000, 1.0278, 44, 42
201, 95, 54, 22, 0.9997, 1.0000, 1.2338, 33, 33
201, 104, 4, 49, 0.9997, 0.7918, 0.7220, 13, 12
202, 69, 96, 37, 0.9997, 1.0000, 1.0158, 91, 90
202, 85, 9, 31, 0.9997, 0.9644, 1.1750, 51, 49
202, 84, 38, 121, 0.9996, 1.0000, 1.1125, 51, 51
202, 88, 110, 37, 0.9997, 1.0000, 1.2480, 45, 43
202, 95, 56, 22, 0.9997, 1.0000, 1.7073, 34, 34
202, 104, 5, 51, 0.9996, 0.8337, 1.8122, 14, 13
203, 69, 98, 37, 0.9997, 1.0000, 1.7213, 92, 91
203, 85, 10, 30, 0.9996, 1.0000, 1.2812, 52, 50
203, 88, 111, 37, 0.9997, 1.0000, 1.0397, 46, 44
203, 95, 58, 22, 0.9997, 1.0000, 2.0000, 35, 35
203, 99, 34, 28, 0.9997, 0.7584, 0.7508, 25, 24
203, 107, 111, 115, 0.9997, 0.7623, 0.7469, 5, 6
204, 69, 99, 38, 0.9997, 1.0000, 1.4677, 93, 92
204, 85, 9, 29, 0.9996, 1.0000, 1.0722, 53, 51
204, 88, 112, 37, 0.9997, 1.0000, 0.9985, 47, 45
204, 95, 60, 22, 0.9997, 1.0000, 2.0427, 36, 36
204, 104, 6, 50, 0.9997, 0.9174, 0.7796, 16, 15
204, 107, 113, 115, 0.9997, 0.7998, 1.7230, 6, 7
205, 69, 101, 38, 0.9997, 1.0000, 1.7865, 94, 93
205, 85, 9, 28, 0.9997, 1.0000, 1.0314, 54, 52
205, 88, 113, 37, 0.9997, 1.0000, 0.9999, 48, 46
205, 95, 61, 21, 0.9997, 1.0000, 1.4670, 37, 37
205, 99, 33, 29, 0.9997, 0.8414, 1.0819, 27, 26
205, 107, 115, 116, 0.9997, 0.8384, 2.2070, 7, 8
206, 69, 102, 39, 0.9997, 1.0000, 1.4667, 95, 94
206, 85, 9, 27, 0.9997, 1.0000, 1.0000, 55, 53
206, 88, 114, 38, 0.9997, 1.0000, 1.2490, 49, 47
206, 95, 64, 22, 0.9996, 1.0000, 2.5168, 38, 38
206, 105, 7, 16, 0.9991, 0.7518, 3.6840, 14, 13
207, 69, 104, 39, 0.9997, 1.0000, 1.7665, 96, 95
207, 85, 10, 26, 0.9997, 1.0000, 1.2716, 56, 54
207, 88, 115, 38, 0.9997, 1.0000, 1.0418, 50, 48
207, 95, 66, 21, 0.9997, 1.0000, 2.3376, 39, 39
207, 99, 34, 29, 0.9997, 0.9244, 0.7802, 29, 28
207, 104, 7, 50, 0.9997, 1.0000, 0.7238, 19, 18
208, 69, 105, 40, 0.9997, 1.0000, 1.4562, 97, 96
208, 85, 8, 26, 0.9996, 1.0000, 1.2441, 57, 55
208, 88, 116, 38, 0.9997, 1.0000, 1.0001, 51, 49
208, 95, 68, 21, 0.9997, 1.0000, 2.0568, 40, 40
208, 99, 33, 29, 0.9996, 0.9659, 0.4315, 30, 29
208, 104, 7, 49, 0.9997, 1.0000, 0.8088, 20, 19
209, 69, 107, 40, 0.9997, 1.0000, 1.7676, 98, 97
209, 85, 7, 24, 0.9996, 1.0000, 1.9941, 58, 56
209, 88, 117, 38, 0.9997, 1.0000, 1.0009, 52, 50
209, 95, 70, 22, 0.9997, 1.0000, 2.1070, 41, 41
209, 99, 32, 28, 0.9997, 1.0000, 1.3016, 31, 30
209, 104, 8, 50, 0.9996, 1.0000, 0.8985, 21, 20
210, 69, 108, 40, 0.9997, 1.0000, 1.2502, 99, 98
210, 85, 7, 24, 0.9996, 1.0000, 0.6255, 59, 57
210, 88, 118, 39, 0.9997, 1.0000, 1.2486, 53, 51
210, 95, 72, 22, 0.9997, 1.0000, 2.0092, 42, 42
210, 99, 31, 27, 0.9997, 1.0000, 1.5241, 32, 31
210, 104, 9, 50, 0.9997, 1.0000, 1.0563, 22, 21
211, 69, 109, 41, 0.9997, 1.0000, 1.2223, 100, 99
211, 85, 7, 23, 0.9997, 1.0000, 0.7538, 60, 58
211, 88, 119, 39, 0.9997, 1.0000, 1.0417, 54, 52
211, 95, 74, 21, 0.9997, 1.0000, 2.1338, 43, 43
211, 99, 29, 24, 0.9996, 1.0000, 3.1444, 33, 32
211, 104, 10, 50, 0.9997, 1.0000, 1.0411, 23, 22
212, 69, 112, 40, 0.9996, 1.0000, 2.5331, 101, 100
212, 85, 7, 22, 0.9997, 1.0000, 0.9766, 61, 59
212, 88, 120, 39, 0.9997, 1.0000, 1.0000, 55, 53
212, 95, 76, 21, 0.9997, 1.0000, 2.0290, 44, 44
213, 69, 120, 39, 0.9982, 1.0000, 7.7532, 102, 101
213, 85, 8, 22, 0.9997, 1.0000, 0.8254, 62, 60
213, 95, 78, 21, 0.9997, 1.0000, 2.0010, 45, 45
213, 104, 11, 50, 0.9997, 1.0000, 0.7075, 25, 24
214, 85, 10, 21, 0.9997, 1.0000, 1.9542, 63, 61
214, 95, 80, 21, 0.9997, 1.0000, 2.0006, 46, 46
214, 104, 11, 51, 0.9997, 1.0000, 0.7967, 26, 25
215, 85, 10, 21, 0.9996, 1.0000, 0.6262, 64, 62
215, 95, 83, 22, 0.9997, 1.0000, 2.8725, 47, 47
215, 111, 41, 65, 0.9997, 0.7623, 0.9996, 5, 6
216, 95, 85, 21, 0.9996, 1.0000, 2.3397, 48, 48
216, 104, 12, 52, 0.9997, 1.0000, 1.0535, 28, 27
217, 85, 11, 21, 0.9997, 1.0000, 0.6640, 66, 64
217, 95, 87, 21, 0.9997, 1.0000, 2.0215, 49, 49
218, 85, 12, 21, 0.9997, 1.0000, 1.0235, 67, 65
218, 95, 89, 21, 0.9997, 1.0000, 1.9579, 50, 50
218, 110, 19, 89, 0.9997, 0.7664, 1.5643, 11, 11
219, 85, 13, 21, 0.9997, 1.0000, 1.0582, 68, 66
219, 95, 91, 21, 0.9997, 1.0000, 1.9839, 51, 51
219, 104, 11, 54, 0.9996, 1.0000, 1.6890, 31, 30
219, 110, 17, 89, 0.9997, 0.8081, 1.7456, 12, 12
219, 114, 127, 41, 0.9997, 0.7623, 1.0412, 5, 6
219, 115, 74, 120, 0.9997, 0.7623, 1.8416, 5, 6
220, 95, 93, 22, 0.9997, 1.0000, 2.1468, 52, 52
220, 104, 11, 54, 0.9997, 1.0000, 0.6473, 32, 31
220, 110, 16, 90, 0.9997, 0.8498, 1.4327, 13, 13
220, 114, 126, 49, 0.9944, 0.7961, 6.8955, 6, 7
220, 115, 74, 119, 0.9997, 0.7998, 1.2892, 6, 7
221, 85, 14, 21, 0.9997, 1.0000, 0.7069, 70, 68
221, 95, 96, 22, 0.9997, 1.0000, 2.7819, 53, 53
221, 104, 11, 55, 0.9997, 1.0000, 0.7648, 33, 32
221, 110, 15, 90, 0.9997, 0.8914, 1.0157, 14, 14
221, 115, 74, 116, 0.9996, 0.8384, 2.5256, 7, 8
222, 85, 15, 21, 0.9997, 1.0000, 0.9968, 71, 69
222, 95, 98, 22, 0.9997, 1.0000, 2.2927, 54, 54
223, 95, 100, 22, 0.9997, 1.0000, 2.0005, 55, 55
223, 104, 10, 55, 0.9997, 1.0000, 0.7475, 35, 34
223, 110, 13, 90, 0.9996, 0.9747, 1.4589, 16, 16
224, 85, 16, 21, 0.9997, 1.0000, 0.7245, 73, 71
224, 95, 102, 22, 0.9997, 1.0000, 1.9574, 56, 56
224, 104, 9, 56, 0.9997, 1.0000, 1.2786, 36, 35
224, 110, 6, 92, 0.9980, 1.0000, 6.8106, 17, 17
225, 85, 17, 21, 0.9997, 1.0000, 1.0002, 74, 72
225, 95, 105, 22, 0.9997, 1.0000, 2.7476, 57, 57
225, 99, 27, 17, 0.9997, 0.7537, 1.0012, 47, 44
225, 104, 10, 56, 0.9996, 1.0000, 0.5468, 37, 36
225, 118, 4, 114, 0.9997, 0.7998, 1.0012, 6, 7
226, 85, 18, 20, 0.9997, 1.0000, 1.2906, 75, 73
226, 95, 107, 22, 0.9997, 1.0000, 2.2918, 58, 58
226, 99, 28, 16, 0.9997, 0.7948, 1.2429, 48, 45
226, 104, 10, 57, 0.9997, 1.0000, 0.8351, 38, 37
226, 118, 5, 115, 0.9997, 0.8384, 1.4142, 7, 8
227, 95, 109, 22, 0.9997, 1.0000, 2.0024, 59, 59
227, 99, 29, 16, 0.9997, 0.8360, 1.0376, 49, 46
228, 85, 19, 20, 0.9997, 1.0000, 0.7082, 77, 75
228, 95, 112, 22, 0.9997, 1.0000, 2.7223, 60, 60
228, 99, 30, 16, 0.9997, 0.8772, 1.0000, 50, 47
228, 118, 6, 117, 0.9996, 0.9178, 1.6553, 9, 10
229, 85, 21, 19, 0.9996, 1.0000, 1.9037, 78, 76
229, 95, 114, 22, 0.9997, 1.0000, 2.2755, 61, 61
229, 99, 31, 16, 0.9997, 0.9184, 1.0008, 51, 48
229, 118, 7, 117, 0.9997, 0.9580, 1.1308, 10, 11
230, 85, 21, 19, 0.9996, 1.0000, 0.6327, 79, 77
230, 95, 117, 22, 0.9997, 1.0000, 2.7638, 62, 62
230, 99, 33, 15, 0.9997, 0.9596, 1.9162, 52, 49
230, 118, 8, 118, 0.9997, 0.9986, 1.2815, 11, 12
231, 85, 22, 19, 0.9997, 1.0000, 0.7245, 80, 78
231, 95, 119, 22, 0.9997, 1.0000, 2.2515, 63, 63
231, 99, 34, 15, 0.9997, 1.0000, 1.3244, 53, 50
231, 118, 3, 116, 0.9968, 1.0000, 4.8069, 12, 13
232, 95, 121, 22, 0.9997, 1.0000, 1.9846, 64, 64
232, 99, 35, 15, 0.9997, 1.0000, 1.0000, 54, 51
232, 122, 9, 21, 0.9997, 0.7623, 2.0323, 5, 6
233, 95, 124, 22, 0.9997, 1.0000, 2.7214, 65, 65
233, 99, 36, 15, 0.9997, 1.0000, 0.9583, 55, 52
233, 122, 11, 21, 0.9997, 0.7998, 1.9976, 6, 7
234, 95, 126, 23, 0.9997, 1.0000, 2.4025, 66, 66
234, 99, 37, 15, 0.9997, 1.0000, 0.9839, 56, 53
234, 122, 13, 21, 0.9997, 0.8385, 1.9975, 7, 8
235, 99, 38, 15, 0.9997, 1.0000, 1.0000, 57, 54
235, 122, 15, 21, 0.9997, 0.8779, 1.9993, 8, 9
236, 99, 40, 15, 0.9997, 1.0000, 1.7663, 58, 55
236, 122, 17, 21, 0.9997, 0.9178, 2.0001, 9, 10
237, 85, 21, 20, 0.9997, 1.0000, 1.0788, 86, 84
237, 99, 41, 15, 0.9997, 1.0000, 1.2927, 59, 56
238, 85, 22, 20, 0.9996, 1.0000, 0.5556, 87, 85
238, 124, 6, 121, 0.9996, 0.7664, 1.6503, 11, 11
239, 85, 24, 21, 0.9996, 1.0000, 1.9734, 88, 86
239, 124, 7, 121, 0.9997, 0.8081, 1.1425, 12, 12
240, 85, 26, 21, 0.9997, 1.0000, 2.1683, 89, 87
240, 124, 7, 123, 0.9996, 0.8497, 1.5400, 13, 13
241, 85, 29, 21, 0.9997, 1.0000, 2.8491, 90, 88
241, 124, 9, 123, 0.9996, 0.8914, 1.5685, 14, 14
242, 85, 31, 21, 0.9997, 1.0000, 2.3022, 91, 89
242, 124, 9, 123, 0.9997, 0.9330, 0.5279, 15, 15
243, 85, 33, 21, 0.9997, 1.0000, 1.9915, 92, 90
243, 124, 10, 124, 0.9997, 0.9747, 1.0109, 16, 16
244, 85, 36, 21, 0.9997, 1.0000, 2.7166, 93, 91
244, 124, 11, 125, 0.9997, 1.0000, 1.4152, 17, 17
244, 130, 48, 17, 0.9997, 0.7623, 1.2580, 5, 6
244, 131, 23, 17, 0.9996, 0.7623, 0.5469, 5, 6
245, 85, 38, 21, 0.9997, 1.0000, 2.2750, 94, 92
245, 124, 12, 126, 0.9997, 1.0000, 1.4736, 18, 18
245, 130, 49, 17, 0.9997, 0.7998, 1.0303, 6, 7
245, 131, 25, 17, 0.9996, 0.7997, 1.1957, 6, 7
246, 85, 41, 20, 0.9997, 1.0000, 2.8678, 95, 93
246, 130, 50, 18, 0.9997, 0.8384, 1.2486, 7, 8
246, 131, 26, 17, 0.9997, 0.8385, 1.2918, 7, 8
247, 85, 43, 20, 0.9997, 1.0000, 2.2707, 96, 94
247, 124, 13, 127, 0.9997, 1.0000, 1.0015, 20, 20
247, 129, 115, 109, 0.9997, 0.7664, 1.2378, 10, 10
247, 130, 51, 18, 0.9997, 0.8779, 1.0306, 8, 9
247, 131, 27, 16, 0.9997, 0.8779, 1.3172, 8, 9
247, 133, 65, 86, 0.9997, 0.7623, 1.2330, 5, 6
248, 85, 45, 20, 0.9997, 1.0000, 1.9847, 97, 95
248, 129, 117, 109, 0.9997, 0.8081, 1.7464, 11, 11
248, 130, 52, 18, 0.9997, 0.9178, 1.0001, 9, 10
248, 133, 64, 88, 0.9996, 0.7997, 1.6350, 6, 7
249, 85, 48, 20, 0.9997, 1.0000, 2.7217, 98, 96
249, 129, 118, 109, 0.9997, 0.8498, 1.2778, 12, 12
249, 130, 53, 19, 0.9997, 0.9580, 1.2336, 10, 11
249, 131, 28, 16, 0.9997, 0.9581, 0.6920, 10, 11
249, 133, 63, 85, 0.9992, 0.8381, 2.6519, 7, 8
250, 85, 51, 20, 0.9997, 1.0000, 3.0417, 99, 97
250, 129, 120, 109, 0.9997, 0.8914, 1.7653, 13, 13
250, 133, 62, 83, 0.9997, 0.8779, 2.1390, 8, 9
251, 85, 53, 20, 0.9997, 1.0000, 2.2927, 100, 98
251, 125, 17, 70, 0.9997, 0.8302, 1.0535, 23, 21
251, 129, 121, 110, 0.9997, 0.9330, 1.4579, 14, 14
251, 131, 29, 15, 0.9997, 1.0000, 1.0601, 12, 13
251, 133, 61, 82, 0.9997, 0.9178, 1.5073, 9, 10
252, 85, 55, 20, 0.9997, 1.0000, 1.9598, 101, 99
252, 125, 18, 70, 0.9997, 0.8716, 1.0313, 24, 22
252, 129, 123, 110, 0.9997, 0.9747, 1.7726, 15, 15
252, 131, 30, 14, 0.9997, 1.0000, 1.4660, 13, 14
252, 133, 59, 82, 0.9996, 0.9580, 1.7707, 10, 11
253, 85, 56, 20, 0.9997, 1.0000, 1.1780, 102, 100
253, 125, 19, 70, 0.9997, 0.9131, 1.0404, 25, 23
253, 129, 124, 110, 0.9997, 1.0000, 1.2492, 16, 16
253, 131, 31, 14, 0.9997, 1.0000, 1.0835, 14, 15
253, 133, 58, 81, 0.9997, 0.9986, 1.4500, 11, 12
254, 85, 57, 22, 0.9996, 1.0000, 1.7876, 103, 101
254, 125, 19, 71, 0.9997, 0.9545, 0.7639, 26, 24
254, 131, 31, 13, 0.9997, 1.0000, 0.7643, 15, 16
254, 133, 57, 81, 0.9997, 1.0000, 1.0259, 12, 13
255, 85, 58, 22, 0.9997, 1.0000, 1.1120, 104, 102
255, 125, 20, 71, 0.9997, 0.9960, 0.7607, 27, 25
255, 131, 32, 13, 0.9997, 1.0000, 0.7446, 16, 17
255, 133, 56, 80, 0.9997, 1.0000, 1.2195, 13, 14
256, 85, 58, 23, 0.9997, 1.0000, 0.7968, 105, 103
256, 125, 21, 71, 0.9997, 1.0000, 0.9978, 28, 26
256, 131, 32, 12, 0.9997, 1.0000, 0.7832, 17, 18
257, 85, 60, 23, 0.9996, 1.0000, 1.4905, 106, 104
257, 125, 22, 71, 0.9997, 1.0000, 1.0425, 29, 27
257, 131, 33, 12, 0.9997, 1.0000, 0.7911, 18, 19
257, 133, 54, 78, 0.9996, 1.0000, 2.1125, 15, 16
257, 135, 29, 22, 0.9997, 0.7623, 0.9995, 5, 6
258, 85, 61, 24, 0.9997, 1.0000, 1.4871, 107, 105
258, 131, 33, 11, 0.9997, 1.0000, 0.7922, 19, 20
258, 133, 53, 77, 0.9997, 1.0000, 1.8382, 16, 17
259, 85, 62, 24, 0.9997, 1.0000, 1.0725, 108, 106
259, 125, 23, 72, 0.9997, 1.0000, 1.0418, 31, 29
259, 131, 34, 11, 0.9997, 1.0000, 0.7915, 20, 21
259, 133, 52, 76, 0.9997, 1.0000, 1.4743, 17, 18
259, 135, 29, 23, 0.9997, 0.8384, 0.7244, 7, 8
260, 85, 63, 26, 0.9996, 1.0000, 1.8019, 109, 107
260, 125, 24, 72, 0.9997, 1.0000, 1.0401, 32, 30
260, 132, 15, 61, 0.9997, 0.7791, 1.4523, 22, 19
260, 131, 35, 11, 0.9997, 1.0000, 1.0140, 21, 22
260, 133, 52, 75, 0.9997, 1.0000, 0.9937, 18, 19
260, 135, 29, 24, 0.9997, 0.8779, 1.0000, 8, 9
261, 85, 64, 25, 0.9996, 1.0000, 1.0081, 110, 108
261, 125, 24, 73, 0.9997, 1.0000, 0.8137, 33, 31
261, 132, 15, 61, 0.9997, 0.8204, 0.4191, 23, 20
261, 131, 35, 10, 0.9997, 1.0000, 0.7737, 22, 23
261, 133, 51, 74, 0.9997, 1.0000, 1.2020, 19, 20
261, 135, 29, 25, 0.9997, 0.9178, 1.0402, 9, 10
262, 125, 25, 73, 0.9997, 1.0000, 0.7661, 34, 32
262, 132, 16, 62, 0.9997, 0.8617, 1.0375, 24, 21
262, 131, 36, 10, 0.9997, 1.0000, 0.7737, 23, 24
262, 133, 50, 73, 0.9997, 1.0000, 1.4109, 20, 21
262, 141, 13, 102, 0.9950, 0.7592, 6.8664, 5, 6
263, 125, 26, 74, 0.9997, 1.0000, 1.2486, 35, 33
263, 131, 37, 10, 0.9997, 1.0000, 0.9992, 24, 25
263, 133, 50, 72, 0.9997, 1.0000, 1.0400, 21, 22
264, 125, 27, 74, 0.9997, 1.0000, 1.0697, 36, 34
264, 132, 17, 63, 0.9997, 0.9444, 1.0571, 26, 23
264, 131, 38, 10, 0.9997, 1.0000, 1.0410, 25, 26
265, 132, 18, 64, 0.9997, 0.9858, 1.4353, 27, 24
265, 131, 38, 9, 0.9997, 1.0000, 0.7896, 26, 27
266, 125, 28, 75, 0.9997, 1.0000, 1.0115, 38, 36
266, 131, 39, 9, 0.9997, 1.0000, 0.7660, 27, 28
266, 134, 19, 86, 0.9997, 0.7547, 1.0374, 17, 16
267, 125, 29, 75, 0.9997, 1.0000, 1.0357, 39, 37
267, 132, 17, 65, 0.9996, 1.0000, 1.0819, 29, 26
267, 131, 40, 9, 0.9997, 1.0000, 0.9978, 28, 29
267, 134, 20, 86, 0.9997, 0.7963, 0.9581, 18, 17
268, 125, 30, 75, 0.9997, 1.0000, 1.0417, 40, 38
268, 132, 19, 66, 0.9996, 1.0000, 1.5458, 30, 27
268, 134, 27, 90, 0.9952, 0.8346, 7.3652, 19, 18
268, 146, 72, 28, 0.9997, 0.7623, 0.9897, 5, 6
269, 132, 20, 66, 0.9997, 1.0000, 1.3603, 31, 28
269, 131, 41, 9, 0.9997, 1.0000, 0.7246, 30, 31
269, 135, 29, 32, 0.9997, 0.7665, 0.9984, 17, 17
269, 139, 108, 89, 0.9997, 0.7540, 1.4251, 16, 15
269, 143, 99, 24, 0.9997, 0.7664, 2.3981, 9, 9
269, 146, 72, 29, 0.9997, 0.7998, 0.7804, 6, 7
270, 132, 21, 66, 0.9997, 1.0000, 1.1014, 32, 29
270, 131, 42, 9, 0.9997, 1.0000, 1.0001, 31, 32
270, 135, 29, 33, 0.9997, 0.8081, 0.9995, 18, 18
270, 139, 110, 89, 0.9997, 0.7956, 1.7459, 17, 16
270, 143, 102, 24, 0.9997, 0.8081, 2.7329, 10, 10
270, 144, 31, 124, 0.9996, 0.7664, 1.4958, 9, 9
270, 146, 74, 29, 0.9996, 0.8384, 1.4934, 7, 8
271, 132, 22, 67, 0.9997, 1.0000, 1.2173, 33, 30
271, 139, 111, 90, 0.9997, 0.8373, 1.4664, 18, 17
271, 143, 105, 25, 0.9997, 0.8498, 3.0913, 11, 11
271, 146, 75, 29, 0.9997, 0.8779, 1.2942, 8, 9
272, 131, 43, 9, 0.9997, 1.0000, 0.7236, 33, 34
272, 135, 28, 34, 0.9997, 0.8914, 1.0418, 20, 20
272, 139, 112, 90, 0.9997, 0.8789, 1.0273, 19, 18
272, 143, 108, 25, 0.9997, 0.8914, 3.0505, 12, 12
272, 146, 77, 29, 0.9997, 0.9178, 1.8079, 9, 10
273, 132, 22, 68, 0.9997, 1.0000, 0.7686, 35, 32
273, 135, 28, 35, 0.9997, 0.9331, 1.0417, 21, 21
273, 139, 114, 90, 0.9997, 0.9206, 1.7237, 20, 19
273, 143, 111, 25, 0.9997, 0.9331, 3.0156, 13, 13
273, 146, 78, 30, 0.9997, 0.9580, 1.4710, 10, 11
274, 132, 23, 68, 0.9997, 1.0000, 0.7523, 36, 33
274, 131, 44, 9, 0.9997, 1.0000, 0.7485, 35, 36
274, 135, 28, 36, 0.9997, 0.9747, 1.0426, 22, 22
274, 139, 115, 92, 0.9996, 0.9622, 1.9602, 21, 20
274, 143, 115, 26, 0.9997, 0.9747, 3.8326, 14, 14
274, 146, 79, 30, 0.9997, 0.9986, 1.0262, 11, 12
275, 132, 24, 69, 0.9997, 1.0000, 1.2843, 37, 34
275, 135, 28, 37, 0.9997, 1.0000, 1.0171, 23, 23
275, 139, 117, 92, 0.9997, 1.0000, 1.8539, 22, 21
275, 143, 119, 25, 0.9996, 1.0000, 4.0825, 15, 15
275, 146, 81, 31, 0.9997, 1.0000, 1.8820, 12, 13
276, 125, 36, 79, 0.9997, 0.7540, 1.4235, 48, 45
276, 132, 25, 70, 0.9997, 1.0000, 1.4656, 38, 35
276, 131, 46, 9, 0.9996, 1.0000, 1.5147, 37, 38
276, 134, 39, 120, 0.9993, 0.7514, 3.8117, 27, 25
276, 135, 28, 38, 0.9997, 1.0000, 1.0001, 24, 24
276, 139, 118, 93, 0.9997, 1.0000, 1.4667, 23, 22
276, 143, 122, 25, 0.9997, 1.0000, 3.3038, 16, 16
276, 146, 84, 32, 0.9997, 1.0000, 2.9825, 13, 14
277, 132, 26, 70, 0.9997, 1.0000, 1.0535, 39, 36
277, 131, 45, 10, 0.9996, 1.0000, 0.7955, 38, 39
277, 139, 120, 93, 0.9997, 1.0000, 1.7610, 24, 23
277, 143, 126, 25, 0.9997, 1.0000, 3.7216, 17, 17
278, 132, 27, 70, 0.9997, 1.0000, 0.9984, 40, 37
278, 131, 46, 10, 0.9997, 1.0000, 0.5432, 39, 40
278, 135, 28, 39, 0.9997, 1.0000, 0.7073, 26, 26
278, 139, 121, 94, 0.9997, 1.0000, 1.4480, 25, 24
279, 132, 28, 71, 0.9997, 1.0000, 1.2223, 41, 38
279, 135, 28, 40, 0.9997, 1.0000, 1.0000, 27, 27
279, 138, 86, 31, 0.9997, 1.0000, 1.0804, 26, 24
279, 139, 122, 95, 0.9997, 1.0000, 1.4137, 26, 25
279, 151, 36, 60, 0.9997, 0.7623, 1.7634, 5, 6
280, 131, 47, 10, 0.9997, 1.0000, 0.7775, 41, 42
280, 135, 28, 41, 0.9997, 1.0000, 1.0427, 28, 28
280, 138, 87, 31, 0.9996, 1.0000, 0.5550, 27, 25
280, 139, 124, 95, 0.9997, 1.0000, 1.7449, 27, 26
280, 147, 24, 113, 0.9997, 0.7845, 1.2501, 18, 16
280, 151, 34, 58, 0.9996, 0.7997, 2.5027, 6, 7
281, 132, 33, 61, 0.7884, 0.8719, 10.2224, 43, 40
281, 131, 46, 10, 0.9996, 1.0000, 0.4979, 42, 43
281, 135, 28, 42, 0.9997, 1.0000, 1.0163, 29, 29
281, 138, 87, 32, 0.9997, 1.0000, 0.8178, 28, 26
281, 139, 125, 96, 0.9997, 1.0000, 1.4683, 28, 27
281, 147, 26, 120, 0.9976, 0.8246, 6.6014, 19, 17
282, 131, 48, 11, 0.9996, 1.0000, 1.4433, 43, 44
282, 135, 28, 43, 0.9997, 1.0000, 1.0000, 30, 30
282, 138, 89, 34, 0.9996, 1.0000, 2.3716, 29, 27
282, 139, 127, 97, 0.9997, 1.0000, 2.0280, 29, 28
283, 131, 48, 11, 0.9997, 1.0000, 0.6152, 44, 45
283, 138, 91, 34, 0.9996, 1.0000, 2.1609, 30, 28
284, 131, 49, 11, 0.9997, 1.0000, 0.7917, 45, 46
284, 138, 92, 35, 0.9997, 1.0000, 1.5141, 31, 29
285, 134, 41, 115, 0.9997, 0.7904, 1.0398, 36, 33
285, 138, 93, 35, 0.9997, 1.0000, 0.9872, 32, 30
286, 131, 50, 12, 0.9997, 1.0000, 1.0475, 47, 48
286, 134, 42, 115, 0.9997, 0.8315, 1.0514, 37, 34
286, 138, 94, 36, 0.9997, 1.0000, 1.1912, 33, 31
287, 134, 42, 114, 0.9997, 0.8727, 0.8137, 38, 35
287, 138, 96, 36, 0.9997, 1.0000, 1.7635, 34, 32
288, 134, 43, 113, 0.9997, 0.9138, 1.2461, 39, 36
288, 138, 97, 37, 0.9997, 1.0000, 1.4969, 35, 33
289, 132, 28, 49, 0.9997, 0.7508, 0.9724, 51, 47
289, 131, 51, 12, 0.9997, 1.0000, 0.7242, 50, 51
289, 138, 98, 37, 0.9997, 1.0000, 1.0343, 36, 34
290, 132, 27, 50, 0.9997, 0.7918, 1.2540, 52, 48
290, 131, 52, 13, 0.9997, 1.0000, 1.2824, 51, 52
290, 134, 44, 112, 0.9997, 0.9962, 1.0394, 41, 38
290, 138, 100, 38, 0.9997, 1.0000, 1.8786, 37, 35
290, 155, 6, 92, 0.9997, 0.7623, 1.2915, 5, 6
291, 131, 52, 13, 0.9997, 1.0000, 0.4131, 52, 53
291, 138, 101, 38, 0.9997, 1.0000, 1.2997, 38, 36
291, 155, 7, 92, 0.9997, 0.7998, 0.9996, 6, 7
292, 132, 26, 49, 0.9996, 0.8738, 1.1190, 54, 50
292, 131, 52, 14, 0.9997, 1.0000, 0.7673, 53, 54
292, 138, 102, 39, 0.9997, 1.0000, 1.2498, 39, 37
293, 132, 25, 49, 0.9997, 0.9149, 1.0708, 55, 51
293, 131, 53, 14, 0.9997, 1.0000, 0.7489, 54, 55
293, 138, 103, 39, 0.9997, 1.0000, 0.9918, 40, 38
293, 159, 123, 98, 0.9997, 0.7623, 1.7216, 5, 6
294, 132, 26, 48, 0.9996, 0.9559, 0.9179, 56, 52
294, 131, 52, 15, 0.9996, 1.0000, 0.8931, 55, 56
294, 138, 105, 39, 0.9997, 1.0000, 1.7486, 41, 39
294, 159, 117, 104, 0.9942, 0.7960, 7.9617, 6, 7
295, 132, 26, 46, 0.9997, 0.9971, 1.8053, 57, 53
295, 131, 52, 16, 0.9997, 1.0000, 1.0536, 56, 57
295, 138, 105, 39, 0.9996, 1.0000, 0.5295, 42, 40
295, 160, 40, 122, 0.9996, 0.7622, 1.5682, 5, 6
296, 132, 26, 45, 0.9997, 1.0000, 1.3294, 58, 54
296, 131, 52, 17, 0.9997, 1.0000, 1.0425, 57, 58
296, 138, 108, 40, 0.9996, 1.0000, 2.3606, 43, 41
296, 156, 50, 90, 0.9997, 0.7664, 1.2331, 10, 10
296, 160, 41, 122, 0.9997, 0.7998, 1.2916, 6, 7
297, 132, 25, 43, 0.9997, 1.0000, 1.9446, 59, 55
297, 138, 109, 41, 0.9997, 1.0000, 1.8691, 44, 42
297, 156, 49, 90, 0.9996, 0.8081, 0.5392, 11, 11
297, 158, 117, 117, 0.9996, 0.7664, 3.0828, 10, 10
297, 160, 42, 122, 0.9997, 0.8385, 1.0460, 7, 8
298, 132, 25, 42, 0.9997, 1.0000, 1.2867, 60, 56
298, 131, 52, 18, 0.9997, 1.0000, 0.7077, 59, 60
298, 138, 110, 41, 0.9997, 1.0000, 1.0676, 45, 43
298, 156, 51, 91, 0.9996, 0.8497, 1.4115, 12, 12
298, 158, 111, 120, 0.9992, 0.8078, 6.7792, 11, 11
298, 160, 43, 123, 0.9997, 0.8779, 1.2192, 8, 9
298, 162, 28, 57, 0.9997, 0.7623, 0.9995, 5, 6
299, 131, 52, 19, 0.9997, 1.0000, 0.9977, 60, 61
299, 138, 112, 42, 0.9997, 1.0000, 1.8423, 46, 44
299, 156, 52, 92, 0.9997, 0.8914, 1.6432, 13, 13
299, 162, 28, 58, 0.9997, 0.7998, 0.9997, 6, 7
300, 132, 25, 40, 0.9996, 1.0000, 1.4296, 62, 58
300, 131, 52, 20, 0.9997, 1.0000, 1.0418, 61, 62
300, 138, 113, 42, 0.9997, 1.0000, 1.2829, 47, 45
300, 156, 53, 92, 0.9997, 0.9331, 1.1181, 14, 14
300, 162, 28, 59, 0.9997, 0.8385, 1.0000, 7, 8
301, 132, 26, 39, 0.9997, 1.0000, 1.4978, 63, 59
301, 156, 54, 92, 0.9997, 0.9747, 0.9899, 15, 15
301, 163, 125, 108, 0.9996, 0.7998, 1.4142, 6, 7
302, 132, 26, 38, 0.9997, 1.0000, 1.0837, 64, 60
302, 131, 52, 21, 0.9997, 1.0000, 0.7083, 63, 64
302, 156, 55, 93, 0.9997, 1.0000, 1.2116, 16, 16
302, 162, 28, 60, 0.9997, 0.9178, 0.7082, 9, 10
302, 163, 126, 109, 0.9997, 0.8384, 1.4656, 7, 8
303, 132, 25, 37, 0.9997, 1.0000, 1.2410, 65, 61
303, 131, 52, 22, 0.9997, 1.0000, 0.9977, 64, 65
303, 162, 28, 61, 0.9997, 0.9581, 1.0000, 10, 11
303, 163, 126, 110, 0.9997, 0.8779, 1.0806, 8, 9
304, 132, 26, 36, 0.9996, 1.0000, 1.0738, 66, 62
304, 156, 57, 94, 0.9996, 1.0000, 1.6602, 18, 18
304, 162, 28, 62, 0.9997, 0.9986, 1.0426, 11, 12
304, 163, 126, 112, 0.9997, 0.9178, 1.7409, 9, 10
304, 165, 6, 3, 0.9997, 0.7623, 2.0552, 5, 6
304, 166, 113, 123, 0.9997, 0.7623, 1.3842, 5, 6
305, 132, 26, 35, 0.9997, 1.0000, 1.0349, 67, 63
305, 131, 53, 23, 0.9997, 1.0000, 1.0528, 66, 67
305, 156, 58, 94, 0.9997, 1.0000, 1.3171, 19, 19
305, 162, 28, 63, 0.9997, 1.0000, 1.0163, 12, 13
305, 163, 127, 113, 0.9997, 0.9580, 1.4673, 10, 11
305, 165, 6, 2, 0.9996, 0.7998, 1.1800, 6, 7
305, 166, 113, 124, 0.9997, 0.7998, 1.0337, 6, 7
305, 167, 35, 55, 0.9996, 0.7622, 1.5768, 5, 6
306, 132, 26, 34, 0.9997, 1.0000, 1.0022, 68, 64
306, 162, 28, 64, 0.9997, 1.0000, 1.0000, 13, 14
306, 163, 127, 114, 0.9997, 0.9986, 1.0351, 11, 12
306, 165, 9, 2, 0.9996, 0.8384, 2.2499, 7, 8
306, 166, 112, 125, 0.9997, 0.8384, 1.2349, 7, 8
306, 167, 36, 55, 0.9997, 0.7998, 0.9412, 6, 7
307, 132, 25, 33, 0.9997, 1.0000, 1.2737, 69, 65
307, 131, 53, 24, 0.9997, 1.0000, 0.7485, 68, 69
307, 156, 59, 96, 0.9996, 1.0000, 1.6342, 21, 21
307, 162, 28, 65, 0.9997, 1.0000, 0.9976, 14, 15
307, 163, 127, 116, 0.9997, 1.0000, 1.7226, 12, 13
307, 165, 10, 2, 0.9997, 0.8779, 1.5422, 8, 9
307, 166, 110, 126, 0.9997, 0.8779, 2.0297, 8, 9
307, 167, 37, 56, 0.9997, 0.8385, 1.2377, 7, 8
308, 132, 25, 31, 0.9997, 1.0000, 1.7906, 70, 66
308, 131, 54, 24, 0.9997, 1.0000, 0.7639, 69, 70
308, 162, 28, 66, 0.9997, 1.0000, 0.9991, 15, 16
308, 165, 11, 1, 0.9997, 0.9178, 1.2452, 9, 10
308, 166, 110, 127, 0.9996, 0.9178, 1.1505, 9, 10
308, 167, 37, 57, 0.9997, 0.8779, 1.0077, 8, 9
309, 132, 25, 30, 0.9997, 1.0000, 1.2917, 71, 67
309, 131, 55, 24, 0.9997, 1.0000, 1.0396, 70, 71
309, 162, 28, 67, 0.9997, 1.0000, 1.0000, 16, 17
309, 165, 13, 0, 0.9997, 0.9580, 1.9896, 10, 11
309, 167, 38, 57, 0.9997, 0.9178, 0.7675, 9, 10
309, 170, 10, 90, 0.9997, 0.7623, 1.9202, 5, 6
310, 132, 25, 29, 0.9997, 1.0000, 1.0009, 72, 68
310, 131, 55, 25, 0.9997, 1.0000, 0.7789, 71, 72
310, 162, 28, 68, 0.9997, 1.0000, 1.0001, 17, 18
310, 165, 14, 0, 0.9997, 0.9986, 1.2957, 11, 12
310, 170, 12, 91, 0.9996, 0.7997, 2.0288, 6, 7
310, 171, 127, 48, 0.9997, 0.7623, 1.4570, 5, 6
311, 132, 25, 28, 0.9997, 1.0000, 0.9576, 73, 69
311, 131, 56, 25, 0.9997, 1.0000, 0.7752, 72, 73
311, 162, 28, 69, 0.9997, 1.0000, 1.0001, 18, 19
311, 170, 13, 90, 0.9996, 0.8384, 1.3456, 7, 8
312, 132, 25, 27, 0.9997, 1.0000, 0.9837, 74, 70
312, 131, 56, 26, 0.9997, 1.0000, 0.7996, 73, 74
312, 170, 15, 91, 0.9997, 0.8779, 1.7979, 8, 9
313, 132, 25, 26, 0.9997, 1.0000, 1.0000, 75, 71
313, 131, 57, 26, 0.9997, 1.0000, 0.7889, 74, 75
313, 162, 28, 70, 0.9997, 1.0000, 0.7082, 20, 21
313, 170, 17, 91, 0.9997, 0.9178, 2.0191, 9, 10
314, 162, 28, 71, 0.9997, 1.0000, 1.0000, 21, 22
314, 170, 19, 91, 0.9997, 0.9581, 2.0413, 10, 11
315, 131, 58, 27, 0.9997, 1.0000, 1.0412, 76, 77
315, 156, 67, 100, 0.9997, 0.7596, 1.2498, 29, 28
315, 162, 28, 72, 0.9997, 1.0000, 1.0426, 22, 23
315, 170, 21, 90, 0.9997, 0.9986, 2.1658, 11, 12
316, 131, 58, 28, 0.9997, 1.0000, 1.0713, 77, 78
316, 156, 68, 100, 0.9997, 0.8010, 1.0308, 30, 29
316, 160, 67, 119, 0.9997, 0.7511, 1.4137, 26, 24
316, 162, 26, 73, 0.9996, 1.0000, 1.8350, 23, 24
316, 170, 23, 90, 0.9997, 1.0000, 2.0233, 12, 13
316, 173, 8, 60, 0.9997, 0.7623, 1.2912, 5, 6
317, 131, 60, 27, 0.9996, 1.0000, 1.5855, 78, 79
317, 156, 69, 100, 0.9997, 0.8425, 1.0001, 31, 30
317, 162, 25, 74, 0.9997, 1.0000, 1.6780, 24, 25
317, 170, 24, 90, 0.9997, 1.0000, 1.2338, 13, 14
317, 173, 9, 60, 0.9997, 0.7998, 0.9996, 6, 7
318, 131, 60, 27, 0.9997, 1.0000, 0.6354, 79, 80
318, 156, 76, 95, 0.9928, 0.8786, 7.8540, 32, 31
318, 160, 69, 121, 0.9996, 0.8336, 2.0935, 28, 26
318, 162, 27, 74, 0.9995, 1.0000, 1.2580, 25, 26
318, 170, 26, 90, 0.9997, 1.0000, 1.7079, 14, 15
318, 173, 10, 60, 0.9997, 0.8385, 0.9574, 7, 8
319, 131, 61, 27, 0.9997, 1.0000, 0.7522, 80, 81
319, 162, 28, 76, 0.9996, 1.0000, 2.0535, 26, 27
319, 170, 28, 90, 0.9997, 1.0000, 2.0001, 15, 16
319, 173, 10, 63, 0.9994, 0.8777, 3.0636, 8, 9
320, 131, 62, 28, 0.9997, 1.0000, 1.2522, 81, 82
320, 162, 29, 77, 0.9997, 1.0000, 1.7168, 27, 28
320, 170, 30, 90, 0.9997, 1.0000, 2.0427, 16, 17
321, 131, 63, 28, 0.9997, 1.0000, 1.0715, 82, 83
321, 162, 29, 78, 0.9997, 1.0000, 1.0663, 28, 29
321, 170, 32, 89, 0.9997, 1.0000, 2.1570, 17, 18
322, 131, 64, 27, 0.9997, 1.0000, 1.2676, 83, 84
322, 162, 29, 79, 0.9997, 1.0000, 0.9770, 29, 30
322, 170, 34, 89, 0.9997, 1.0000, 2.0213, 18, 19
322, 175, 114, 100, 0.9996, 0.7664, 2.5828, 9, 9
323, 131, 64, 27, 0.9997, 1.0000, 0.4114, 84, 85
323, 170, 36, 89, 0.9997, 1.0000, 1.9976, 19, 20
323, 175, 116, 100, 0.9997, 0.8081, 2.2681, 10, 10
324, 131, 65, 27, 0.9997, 1.0000, 0.7070, 85, 86
324, 170, 37, 89, 0.9997, 1.0000, 1.2359, 20, 21
324, 175, 118, 101, 0.9997, 0.8498, 2.1664, 11, 11
325, 131, 66, 27, 0.9997, 1.0000, 1.0001, 86, 87
325, 170, 39, 89, 0.9997, 1.0000, 1.7083, 21, 22
325, 175, 120, 101, 0.9997, 0.8914, 1.9895, 12, 12
326, 131, 67, 27, 0.9997, 1.0000, 1.0427, 87, 88
326, 170, 41, 89, 0.9997, 1.0000, 2.0001, 22, 23
326, 175, 122, 102, 0.9997, 0.9331, 2.1222, 13, 13
327, 131, 68, 27, 0.9997, 1.0000, 1.0163, 88, 89
327, 170, 43, 89, 0.9997, 1.0000, 2.0426, 23, 24
327, 175, 124, 102, 0.9997, 0.9747, 2.0140, 14, 14
327, 177, 21, 61, 0.9997, 0.7623, 1.0548, 5, 6
328, 131, 69, 27, 0.9997, 1.0000, 1.0000, 89, 90
328, 170, 45, 89, 0.9997, 1.0000, 2.0163, 24, 25
328, 175, 126, 103, 0.9997, 1.0000, 2.1374, 15, 15
328, 177, 22, 61, 0.9997, 0.7998, 0.9916, 6, 7
329, 131, 70, 27, 0.9997, 1.0000, 0.9976, 90, 91
329, 170, 47, 89, 0.9997, 1.0000, 2.0000, 25, 26
329, 177, 23, 61, 0.9997, 0.8385, 0.9888, 7, 8
330, 131, 71, 26, 0.9997, 1.0000, 1.2577, 91, 92
330, 162, 30, 86, 0.9997, 0.7665, 1.0000, 37, 37
330, 170, 49, 90, 0.9997, 1.0000, 2.1388, 26, 27
330, 177, 25, 61, 0.9997, 0.8779, 1.7609, 8, 9
331, 131, 72, 26, 0.9997, 1.0000, 1.0417, 92, 93
331, 162, 31, 86, 0.9997, 0.8081, 0.7583, 38, 38
331, 170, 51, 90, 0.9997, 1.0000, 2.0203, 27, 28
331, 177, 26, 61, 0.9997, 0.9178, 1.2923, 9, 10
332, 131, 73, 26, 0.9997, 1.0000, 1.0001, 93, 94
332, 162, 31, 87, 0.9997, 0.8498, 0.7591, 39, 39
332, 170, 53, 90, 0.9997, 1.0000, 2.0000, 28, 29
332, 177, 27, 61, 0.9997, 0.9581, 1.0006, 10, 11
333, 131, 74, 26, 0.9997, 1.0000, 1.0010, 94, 95
333, 162, 32, 88, 0.9997, 0.8914, 1.2584, 40, 40
333, 170, 55, 90, 0.9997, 1.0000, 2.0006, 29, 30
333, 177, 29, 60, 0.9997, 0.9986, 1.8834, 11, 12
334, 131, 75, 26, 0.9997, 1.0000, 1.0001, 95, 96
334, 170, 57, 90, 0.9997, 1.0000, 2.0001, 30, 31
334, 177, 30, 61, 0.9996, 1.0000, 1.3601, 12, 13
335, 131, 76, 25, 0.9997, 1.0000, 1.2584, 96, 97
335, 162, 33, 89, 0.9997, 0.9747, 1.0418, 42, 42
335, 170, 58, 91, 0.9997, 1.0000, 1.4531, 31, 32
335, 178, 26, 2, 0.9997, 0.7511, 0.9998, 13, 12
335, 177, 31, 61, 0.9997, 1.0000, 1.0417, 13, 14
336, 131, 77, 25, 0.9997, 1.0000, 1.0424, 97, 98
336, 162, 33, 90, 0.9997, 1.0000, 1.0306, 43, 43
336, 170, 60, 91, 0.9997, 1.0000, 1.7333, 32, 33
336, 178, 26, 1, 0.9997, 0.7929, 0.9999, 14, 13
336, 177, 33, 61, 0.9997, 1.0000, 1.7242, 14, 15
337, 131, 78, 25, 0.9997, 1.0000, 1.0000, 98, 99
337, 162, 33, 91, 0.9997, 1.0000, 1.0403, 44, 44
337, 170, 62, 90, 0.9997, 1.0000, 2.1406, 33, 34
337, 178, 26, 0, 0.9997, 0.8348, 1.0000, 15, 14
337, 177, 34, 61, 0.9997, 1.0000, 1.2767, 15, 16
338, 131, 79, 25, 0.9997, 1.0000, 1.0009, 99, 100
338, 154, 87, 31, 0.9997, 1.0000, 0.7639, 54, 55
338, 162, 34, 91, 0.9997, 1.0000, 0.7647, 45, 45
338, 170, 64, 91, 0.9996, 1.0000, 2.0873, 34, 35
338, 177, 35, 61, 0.9997, 1.0000, 1.0001, 16, 17
339, 131, 80, 24, 0.9997, 1.0000, 1.2485, 100, 101
339, 154, 87, 30, 0.9996, 1.0000, 0.4721, 55, 56
339, 170, 66, 92, 0.9997, 1.0000, 2.2684, 35, 36
339, 177, 37, 62, 0.9997, 1.0000, 1.8843, 17, 18
340, 131, 81, 24, 0.9997, 1.0000, 1.0417, 101, 102
340, 170, 68, 92, 0.9997, 1.0000, 2.0277, 36, 37
340, 177, 38, 62, 0.9997, 1.0000, 1.3096, 18, 19
341, 131, 82, 24, 0.9997, 1.0000, 1.0000, 102, 103
341, 170, 70, 92, 0.9997, 1.0000, 1.9978, 37, 38
341, 177, 39, 62, 0.9997, 1.0000, 1.0000, 19, 20
342, 131, 83, 23, 0.9997, 1.0000, 1.2336, 103, 104
342, 170, 72, 93, 0.9997, 1.0000, 2.1201, 38, 39
342, 177, 41, 62, 0.9997, 1.0000, 1.7241, 20, 21
342, 183, 93, 116, 0.9997, 0.7623, 1.0269, 5, 6
343, 131, 84, 23, 0.9997, 1.0000, 1.0373, 104, 105
343, 170, 74, 93, 0.9997, 1.0000, 2.0186, 39, 40
343, 177, 42, 62, 0.9997, 1.0000, 1.2765, 21, 22
343, 183, 95, 117, 0.9997, 0.7998, 1.9004, 6, 7
344, 131, 85, 22, 0.9997, 1.0000, 1.2583, 105, 106
344, 170, 76, 94, 0.9997, 1.0000, 2.1415, 40, 41
344, 177, 43, 62, 0.9997, 1.0000, 1.0000, 22, 23
344, 183, 96, 117, 0.9997, 0.8384, 1.3131, 7, 8
345, 131, 86, 21, 0.9997, 1.0000, 1.4252, 106, 107
345, 170, 78, 94, 0.9997, 1.0000, 2.0159, 41, 42
345, 177, 45, 62, 0.9997, 1.0000, 1.7236, 23, 24
345, 183, 97, 118, 0.9997, 0.8779, 1.2505, 8, 9
345, 184, 124, 96, 0.9997, 0.7623, 1.7072, 5, 6
346, 131, 87, 21, 0.9997, 1.0000, 1.0375, 107, 108
346, 170, 80, 95, 0.9997, 1.0000, 2.1355, 42, 43
346, 183, 98, 118, 0.9997, 0.9178, 0.9901, 9, 10
346, 184, 126, 97, 0.9997, 0.7998, 2.1404, 6, 7
347, 131, 88, 20, 0.9997, 1.0000, 1.2330, 108, 109
347, 170, 82, 95, 0.9997, 1.0000, 2.0155, 43, 44
347, 183, 99, 119, 0.9997, 0.9581, 1.2375, 10, 11
348, 131, 89, 19, 0.9997, 1.0000, 1.4136, 109, 110
348, 170, 84, 96, 0.9997, 1.0000, 2.1360, 44, 45
348, 183, 100, 120, 0.9997, 0.9986, 1.4241, 11, 12
349, 131, 90, 19, 0.9997, 1.0000, 1.0375, 110, 111
349, 170, 86, 97, 0.9997, 1.0000, 2.2424, 45, 46
349, 183, 101, 121, 0.9997, 1.0000, 1.4456, 12, 13
350, 131, 91, 18, 0.9997, 1.0000, 1.2344, 111, 112
350, 170, 88, 97, 0.9997, 1.0000, 2.0192, 46, 47
350, 183, 102, 122, 0.9997, 1.0000, 1.4247, 13, 14
351, 131, 92, 18, 0.9997, 1.0000, 1.0275, 112, 113
351, 170, 89, 98, 0.9997, 1.0000, 1.4316, 47, 48
351, 188, 13, 11, 0.9997, 0.7623, 1.9989, 5, 6
351, 189, 40, 101, 0.9997, 0.7623, 1.0309, 5, 6
351, 190, 122, 124, 0.9997, 0.7623, 2.2723, 5, 6
352, 131, 93, 18, 0.9997, 1.0000, 1.0001, 113, 114
352, 170, 91, 99, 0.9997, 1.0000, 1.9790, 48, 49
352, 183, 93, 121, 0.9624, 1.0000, 8.4990, 15, 16
352, 188, 13, 9, 0.9997, 0.7998, 1.9574, 6, 7
353, 131, 93, 19, 0.9997, 1.0000, 0.8382, 114, 115
353, 170, 93, 100, 0.9997, 1.0000, 2.2544, 49, 50
353, 188, 13, 8, 0.9997, 0.8384, 1.2199, 7, 8
354, 131, 95, 17, 0.9994, 1.0000, 2.4728, 115, 116
354, 170, 94, 100, 0.9997, 1.0000, 1.3032, 50, 51
354, 188, 12, 5, 0.9996, 0.8778, 2.5875, 8, 9
354, 191, 19, 3, 0.9997, 0.7623, 1.0408, 5, 6
355, 131, 96, 15, 0.9997, 1.0000, 2.0878, 116, 117
355, 170, 96, 103, 0.9996, 1.0000, 2.8238, 51, 52
355, 188, 12, 3, 0.9997, 0.9178, 2.3130, 9, 10
355, 191, 19, 4, 0.9997, 0.7998, 1.0403, 6, 7
355, 192, 7, 87, 0.9997, 0.7623, 1.2501, 5, 6
356, 131, 97, 14, 0.9997, 1.0000, 1.5160, 117, 118
356, 170, 98, 104, 0.9997, 1.0000, 2.5496, 52, 53
356, 188, 11, 2, 0.9997, 0.9580, 1.4907, 10, 11
356, 192, 9, 87, 0.9997, 0.7998, 1.7483, 6, 7
357, 131, 98, 14, 0.9997, 1.0000, 0.9904, 118, 119
357, 170, 100, 105, 0.9997, 1.0000, 2.2908, 53, 54
357, 188, 11, 0, 0.9997, 0.9986, 1.7003, 11, 12
357, 191, 19, 5, 0.9997, 0.8779, 0.7249, 8, 9
357, 192, 10, 86, 0.9997, 0.8384, 1.4646, 7, 8
358, 131, 99, 13, 0.9997, 1.0000, 1.1917, 119, 120
358, 170, 101, 106, 0.9997, 1.0000, 1.5598, 54, 55
358, 191, 20, 6, 0.9997, 0.9178, 1.2486, 9, 10
358, 192, 11, 86, 0.9997, 0.8779, 1.0290, 8, 9
358, 195, 106, 125, 0.9992, 0.7620, 3.2179, 5, 6
359, 131, 100, 12, 0.9997, 1.0000, 1.4086, 120, 121
359, 170, 103, 107, 0.9997, 1.0000, 1.9632, 55, 56
359, 192, 13, 86, 0.9997, 0.9178, 1.7222, 9, 10
360, 131, 101, 12, 0.9997, 1.0000, 1.0403, 121, 122
360, 170, 105, 108, 0.9997, 1.0000, 2.2330, 56, 57
360, 187, 107, 126, 0.9932, 0.7702, 7.8930, 19, 16
360, 185, 92, 27, 0.9979, 1.0000, 5.5088, 18, 19
360, 189, 44, 108, 0.9997, 0.8081, 1.0315, 14, 14
360, 192, 14, 86, 0.9997, 0.9581, 1.2786, 10, 11
361, 131, 102, 11, 0.9997, 1.0000, 1.2367, 122, 123
361, 170, 107, 109, 0.9997, 1.0000, 2.2751, 57, 58
361, 189, 44, 109, 0.9997, 0.8498, 1.0285, 15, 15
361, 192, 16, 86, 0.9997, 0.9986, 1.7648, 11, 12
361, 197, 68, 63, 0.9997, 0.7623, 1.2939, 5, 6
362, 131, 104, 10, 0.9997, 1.0000, 2.0279, 123, 124
362, 170, 109, 109, 0.9997, 1.0000, 2.0302, 58, 59
362, 189, 45, 110, 0.9997, 0.8914, 1.2836, 16, 16
362, 192, 17, 86, 0.9997, 1.0000, 1.2515, 12, 13
363, 131, 105, 9, 0.9997, 1.0000, 1.6584, 124, 125
363, 170, 111, 111, 0.9996, 1.0000, 2.4836, 59, 60
363, 189, 45, 111, 0.9997, 0.9331, 1.0466, 17, 17
363, 192, 19, 86, 0.9997, 1.0000, 1.7484, 13, 14
364, 131, 106, 9, 0.9997, 1.0000, 1.0310, 125, 126
364, 170, 113, 112, 0.9997, 1.0000, 2.3788, 60, 61
364, 189, 46, 111, 0.9997, 0.9747, 0.7863, 18, 18
364, 192, 21, 85, 0.9997, 1.0000, 2.1535, 14, 15
365, 131, 107, 8, 0.9997, 1.0000, 1.1909, 126, 127
365, 170, 115, 112, 0.9997, 1.0000, 2.0184, 61, 62
365, 189, 47, 112, 0.9997, 1.0000, 1.2354, 19, 19
365, 192, 22, 85, 0.9997, 1.0000, 1.3107, 15, 16
366, 131, 108, 7, 0.9997, 1.0000, 1.4012, 127, 128
366, 170, 118, 113, 0.9997, 1.0000, 2.8468, 62, 63
366, 188, 21, 12, 0.9997, 0.8081, 0.7098, 20, 20
366, 189, 47, 113, 0.9997, 1.0000, 1.0370, 20, 20
366, 192, 24, 85, 0.9997, 1.0000, 1.7222, 16, 17
367, 131, 109, 7, 0.9997, 1.0000, 1.0379, 128, 129
367, 170, 120, 113, 0.9997, 1.0000, 2.3024, 63, 64
367, 188, 22, 13, 0.9997, 0.8497, 1.2474, 21, 21
367, 189, 48, 114, 0.9997, 1.0000, 1.2682, 21, 21
367, 192, 26, 85, 0.9997, 1.0000, 1.9997, 17, 18
368, 131, 110, 6, 0.9997, 1.0000, 1.2368, 129, 130
368, 170, 122, 113, 0.9997, 1.0000, 2.0001, 64, 65
368, 188, 22, 13, 0.9997, 0.8914, 0.4025, 22, 22
368, 189, 48, 113, 0.9996, 1.0000, 0.5630, 22, 22
368, 192, 27, 84, 0.9997, 1.0000, 1.4792, 18, 19
369, 131, 111, 4, 0.9997, 1.0000, 2.0282, 130, 131
369, 170, 125, 113, 0.9997, 1.0000, 2.7216, 65, 66
369, 188, 23, 14, 0.9997, 0.9331, 1.0544, 23, 23
369, 189, 48, 114, 0.9997, 1.0000, 0.4167, 23, 23
369, 192, 29, 83, 0.9997, 1.0000, 2.0213, 19, 20
370, 170, 127, 114, 0.9997, 1.0000, 2.3965, 66, 67
370, 188, 23, 15, 0.9997, 0.9747, 1.0309, 24, 24
370, 189, 50, 115, 0.9996, 1.0000, 1.7912, 24, 24
370, 192, 30, 83, 0.9997, 1.0000, 1.2706, 20, 21
371, 189, 51, 115, 0.9997, 1.0000, 1.3723, 25, 25
371, 192, 32, 83, 0.9997, 1.0000, 1.7490, 21, 22
371, 201, 24, 62, 0.9997, 0.7664, 1.7655, 9, 9
371, 203, 92, 3, 0.9997, 0.7623, 2.1647, 5, 6
372, 188, 24, 16, 0.9997, 1.0000, 1.0216, 26, 26
372, 189, 52, 116, 0.9997, 1.0000, 1.2904, 26, 26
372, 192, 34, 82, 0.9997, 1.0000, 2.1352, 22, 23
372, 200, 19, 91, 0.9997, 0.7664, 1.9023, 11, 11
372, 201, 25, 62, 0.9997, 0.8081, 1.2922, 10, 10
372, 203, 94, 3, 0.9997, 0.7998, 2.0281, 6, 7
372, 204, 5, 2, 0.9997, 0.7623, 1.0412, 5, 6
373, 188, 25, 16, 0.9997, 1.0000, 1.0682, 27, 27
373, 189, 52, 117, 0.9997, 1.0000, 1.0217, 27, 27
373, 192, 35, 82, 0.9997, 1.0000, 1.3080, 23, 24
373, 200, 20, 92, 0.9997, 0.8081, 1.6438, 12, 12
373, 201, 26, 62, 0.9997, 0.8498, 0.9999, 11, 11
373, 203, 96, 4, 0.9997, 0.8384, 2.1349, 7, 8
373, 204, 6, 2, 0.9997, 0.7998, 0.9997, 6, 7
373, 205, 52, 13, 0.9997, 0.7623, 1.3200, 5, 6
374, 188, 25, 17, 0.9997, 1.0000, 0.8037, 28, 28
374, 189, 53, 117, 0.9997, 1.0000, 0.7420, 28, 28
374, 192, 37, 81, 0.9997, 1.0000, 1.8850, 24, 25
374, 200, 20, 93, 0.9997, 0.8497, 1.0404, 13, 13
374, 201, 27, 62, 0.9997, 0.8914, 0.9573, 12, 12
374, 203, 98, 4, 0.9997, 0.8779, 2.0135, 8, 9
374, 205, 50, 14, 0.9997, 0.7998, 2.0149, 6, 7
375, 188, 26, 17, 0.9997, 1.0000, 0.7662, 29, 29
375, 189, 54, 118, 0.9997, 1.0000, 1.2312, 29, 29
375, 192, 39, 80, 0.9997, 1.0000, 2.2427, 25, 26
375, 200, 21, 94, 0.9997, 0.8914, 1.1999, 14, 14
375, 201, 28, 62, 0.9997, 0.9331, 0.9837, 13, 13
375, 203, 100, 5, 0.9997, 0.9178, 2.1356, 9, 10
375, 204, 7, 3, 0.9997, 0.8779, 1.0299, 8, 9
375, 205, 49, 14, 0.9997, 0.8384, 1.2998, 7, 8
375, 206, 117, 1, 0.9996, 0.7623, 0.9048, 5, 6
376, 188, 26, 18, 0.9997, 1.0000, 0.7863, 30, 30
376, 189, 55, 118, 0.9997, 1.0000, 1.0704, 30, 30
376, 192, 40, 80, 0.9997, 1.0000, 1.3059, 26, 27
376, 200, 22, 95, 0.9997, 0.9331, 1.4021, 15, 15
376, 201, 30, 62, 0.9997, 0.9747, 1.7639, 14, 14
376, 203, 102, 5, 0.9997, 0.9581, 2.0156, 10, 11
376, 204, 8, 3, 0.9997, 0.9178, 1.0417, 9, 10
376, 205, 48, 15, 0.9997, 0.8779, 1.2297, 8, 9
376, 206, 118, 0, 0.9997, 0.7998, 1.2389, 6, 7
377, 188, 27, 18, 0.9997, 1.0000, 0.7883, 31, 31
377, 189, 56, 119, 0.9997, 1.0000, 1.2631, 31, 31
377, 192, 41, 80, 0.9997, 1.0000, 0.9607, 27, 28
377, 203, 104, 6, 0.9997, 0.9986, 2.1361, 11, 12
377, 204, 9, 3, 0.9997, 0.9581, 1.0426, 10, 11
377, 206, 119, 0, 0.9997, 0.8384, 0.9978, 7, 8
378, 188, 27, 19, 0.9997, 1.0000, 0.7910, 32, 32
378, 189, 57, 119, 0.9997, 1.0000, 1.0313, 32, 32
378, 192, 44, 79, 0.9996, 1.0000, 2.5714, 28, 29
378, 203, 106, 6, 0.9997, 1.0000, 2.0156, 12, 13
378, 204, 10, 3, 0.9997, 0.9986, 1.0171, 11, 12
378, 207, 7, 96, 0.9997, 0.7623, 1.2931, 5, 6
379, 188, 29, 20, 0.9996, 1.0000, 1.8228, 33, 33
379, 189, 58, 119, 0.9997, 1.0000, 0.9976, 33, 33
379, 192, 45, 79, 0.9997, 1.0000, 1.5924, 29, 30
379, 203, 108, 6, 0.9997, 1.0000, 2.0000, 13, 14
379, 204, 11, 4, 0.9997, 1.0000, 1.2486, 12, 13
379, 207, 9, 96, 0.9997, 0.7998, 1.7485, 6, 7
380, 188, 29, 20, 0.9996, 1.0000, 0.6090, 34, 34
380, 189, 58, 120, 0.9997, 1.0000, 0.7595, 34, 34
380, 192, 47, 78, 0.9997, 1.0000, 1.9253, 30, 31
380, 203, 111, 7, 0.9997, 1.0000, 2.8567, 14, 15
380, 204, 12, 4, 0.9997, 1.0000, 1.0394, 13, 14
380, 207, 10, 96, 0.9997, 0.8384, 1.2508, 7, 8
381, 188, 29, 21, 0.9997, 1.0000, 0.7223, 35, 35
381, 189, 59, 120, 0.9997, 1.0000, 0.7607, 35, 35
381, 192, 48, 78, 0.9997, 1.0000, 1.2358, 31, 32
381, 203, 113, 7, 0.9997, 1.0000, 2.3086, 15, 16
381, 204, 13, 4, 0.9997, 1.0000, 0.9991, 14, 15
381, 207, 12, 96, 0.9997, 0.8779, 1.7501, 8, 9
381, 209, 98, 120, 0.9996, 0.7623, 2.5135, 5, 6
382, 188, 30, 21, 0.9997, 1.0000, 0.7191, 36, 36
382, 189, 60, 120, 0.9997, 1.0000, 1.0001, 36, 36
382, 192, 50, 78, 0.9997, 1.0000, 1.7323, 32, 33
382, 203, 115, 7, 0.9997, 1.0000, 2.0000, 16, 17
382, 204, 14, 5, 0.9997, 1.0000, 1.2336, 15, 16
382, 207, 14, 96, 0.9997, 0.9178, 2.0140, 9, 10
382, 209, 98, 121, 0.9996, 0.7997, 1.4025, 6, 7
383, 188, 30, 22, 0.9997, 1.0000, 0.7928, 37, 37
383, 189, 61, 121, 0.9997, 1.0000, 1.2692, 37, 37
383, 192, 52, 76, 0.9996, 1.0000, 2.5016, 33, 34
383, 203, 118, 8, 0.9997, 1.0000, 2.8159, 17, 18
383, 204, 15, 5, 0.9997, 1.0000, 1.0374, 16, 17
383, 207, 15, 96, 0.9997, 0.9580, 1.2779, 10, 11
383, 209, 99, 122, 0.9997, 0.8384, 1.2274, 7, 8
384, 188, 30, 23, 0.9997, 1.0000, 1.0155, 38, 38
384, 189, 62, 121, 0.9997, 1.0000, 1.0532, 38, 38
384, 192, 53, 76, 0.9996, 1.0000, 1.4011, 34, 35
384, 203, 120, 8, 0.9997, 1.0000, 2.2922, 18, 19
384, 204, 16, 5, 0.9997, 1.0000, 1.0001, 17, 18
384, 207, 16, 96, 0.9997, 0.9986, 0.9582, 11, 12
384, 209, 100, 123, 0.9997, 0.8779, 1.3530, 8, 9
385, 188, 30, 24, 0.9997, 1.0000, 1.0433, 39, 39
385, 192, 55, 75, 0.9997, 1.0000, 1.8852, 35, 36
385, 203, 122, 9, 0.9997, 1.0000, 2.1409, 19, 20
385, 204, 17, 5, 0.9997, 1.0000, 1.0008, 18, 19
385, 207, 19, 95, 0.9996, 1.0000, 2.5867, 12, 13
385, 209, 102, 124, 0.9997, 0.9178, 2.0420, 9, 10
386, 188, 31, 24, 0.9997, 1.0000, 0.7900, 40, 40
386, 189, 64, 122, 0.9996, 1.0000, 1.6382, 40, 40
386, 192, 57, 75, 0.9997, 1.0000, 2.0102, 36, 37
386, 203, 125, 9, 0.9997, 1.0000, 2.7353, 20, 21
386, 204, 18, 6, 0.9997, 1.0000, 1.2491, 19, 20
386, 209, 103, 125, 0.9997, 0.9581, 1.6464, 10, 11
387, 188, 31, 25, 0.9997, 1.0000, 0.7651, 41, 41
387, 189, 65, 122, 0.9997, 1.0000, 1.3201, 41, 41
387, 192, 59, 74, 0.9997, 1.0000, 2.1675, 37, 38
387, 203, 127, 9, 0.9997, 1.0000, 2.2765, 21, 22
387, 204, 19, 6, 0.9997, 1.0000, 1.0417, 20, 21
387, 208, 111, 65, 0.9996, 0.7510, 1.3474, 13, 12
387, 209, 104, 126, 0.9997, 0.9986, 1.4176, 11, 12
388, 188, 31, 26, 0.9997, 1.0000, 0.9976, 42, 42
388, 189, 66, 123, 0.9997, 1.0000, 1.2925, 42, 42
388, 192, 60, 74, 0.9997, 1.0000, 1.2761, 38, 39
388, 204, 20, 6, 0.9997, 1.0000, 1.0000, 21, 22
388, 209, 105, 127, 0.9997, 1.0000, 1.3841, 12, 13
389, 188, 31, 27, 0.9997, 1.0000, 1.0426, 43, 43
389, 189, 67, 123, 0.9997, 1.0000, 1.0058, 43, 43
389, 192, 62, 73, 0.9997, 1.0000, 1.8666, 39, 40
389, 204, 21, 6, 0.9997, 1.0000, 1.0009, 22, 23
389, 208, 110, 65, 0.9997, 0.8347, 0.8763, 15, 14
389, 211, 117, 95, 0.9997, 0.7623, 1.4537, 5, 6
390, 188, 32, 28, 0.9997, 1.0000, 1.2617, 44, 44
390, 189, 68, 124, 0.9997, 1.0000, 1.2362, 44, 44
390, 192, 64, 73, 0.9997, 1.0000, 2.0135, 40, 41
390, 204, 22, 6, 0.9997, 1.0000, 1.0001, 23, 24
390, 208, 113, 67, 0.9992, 0.8762, 3.0843, 16, 15
391, 188, 32, 27, 0.9996, 1.0000, 0.6030, 45, 45
391, 189, 69, 124, 0.9997, 1.0000, 1.0283, 45, 45
391, 192, 65, 73, 0.9997, 1.0000, 1.2779, 41, 42
391, 204, 23, 7, 0.9997, 1.0000, 1.2583, 24, 25
392, 188, 32, 29, 0.9996, 1.0000, 1.1780, 46, 46
392, 189, 69, 125, 0.9997, 1.0000, 0.7866, 46, 46
392, 192, 67, 72, 0.9997, 1.0000, 1.8695, 42, 43
392, 200, 40, 110, 0.9997, 0.7875, 1.4446, 31, 28
392, 204, 24, 7, 0.9997, 1.0000, 1.0424, 25, 26
393, 188, 33, 30, 0.9997, 1.0000, 1.4792, 47, 47
393, 189, 70, 125, 0.9997, 1.0000, 0.7519, 47, 47
393, 192, 69, 71, 0.9997, 1.0000, 2.2552, 43, 44
393, 200, 41, 111, 0.9997, 0.8287, 1.4150, 32, 29
393, 204, 25, 7, 0.9997, 1.0000, 1.0000, 26, 27
393, 207, 32, 94, 0.9997, 0.7664, 1.9987, 20, 20
394, 188, 33, 31, 0.9997, 1.0000, 1.1196, 48, 48
394, 189, 71, 126, 0.9997, 1.0000, 1.2501, 48, 48
394, 192, 71, 71, 0.9997, 1.0000, 2.0611, 44, 45
394, 200, 43, 112, 0.9997, 0.8698, 2.0254, 33, 30
394, 204, 26, 7, 0.9997, 1.0000, 1.0009, 27, 28
394, 207, 33, 94, 0.9997, 0.8081, 1.2765, 21, 21
395, 188, 34, 31, 0.9997, 1.0000, 0.7966, 49, 49
395, 189, 72, 126, 0.9997, 1.0000, 1.0720, 49, 49
395, 192, 73, 70, 0.9997, 1.0000, 2.1414, 45, 46
395, 200, 44, 113, 0.9997, 0.9110, 1.6323, 34, 31
395, 204, 27, 8, 0.9997, 1.0000, 1.2485, 28, 29
395, 207, 35, 94, 0.9997, 0.8498, 1.7237, 22, 22
396, 188, 34, 33, 0.9996, 1.0000, 1.4775, 50, 50
396, 189, 73, 127, 0.9997, 1.0000, 1.2630, 50, 50
396, 192, 74, 70, 0.9997, 1.0000, 1.2580, 46, 47
396, 204, 28, 8, 0.9997, 1.0000, 1.0417, 29, 30
396, 207, 37, 94, 0.9997, 0.8914, 2.0001, 23, 23
397, 188, 35, 36, 0.9996, 1.0000, 2.9128, 51, 51
397, 189, 74, 127, 0.9997, 1.0000, 1.0308, 51, 51
397, 192, 76, 69, 0.9997, 1.0000, 1.8626, 47, 48
397, 204, 29, 8, 0.9997, 1.0000, 1.0000, 30, 31
397, 207, 38, 94, 0.9997, 0.9331, 1.2764, 24, 24
398, 192, 78, 68, 0.9997, 1.0000, 2.2422, 48, 49
398, 204, 31, 8, 0.9997, 1.0000, 1.7644, 31, 32
398, 207, 40, 94, 0.9997, 0.9747, 1.7236, 25, 25
399, 192, 79, 68, 0.9997, 1.0000, 1.3087, 49, 50
399, 204, 32, 8, 0.9997, 1.0000, 1.2919, 32, 33
399, 207, 41, 94, 0.9997, 1.0000, 1.2361, 26, 26
400, 192, 81, 67, 0.9997, 1.0000, 1.8697, 50, 51
400, 204, 33, 9, 0.9997, 1.0000, 1.2583, 33, 34
400, 207, 43, 93, 0.9997, 1.0000, 1.9081, 27, 27
401, 192, 83, 66, 0.9997, 1.0000, 2.2357, 51, 52
401, 207, 45, 93, 0.9997, 1.0000, 2.0364, 28, 28
402, 192, 85, 66, 0.9997, 1.0000, 2.0588, 52, 53
402, 204, 35, 9, 0.9996, 1.0000, 1.4559, 35, 36
402, 207, 47, 93, 0.9997, 1.0000, 2.0426, 29, 29
403, 192, 87, 66, 0.9997, 1.0000, 2.0157, 53, 54
403, 204, 36, 9, 0.9997, 1.0000, 1.2925, 36, 37
403, 207, 49, 93, 0.9997, 1.0000, 2.0145, 30, 30
403, 215, 7, 94, 0.9997, 0.7623, 1.7897, 5, 6
404, 192, 89, 65, 0.9997, 1.0000, 2.1217, 54, 55
404, 204, 37, 10, 0.9997, 1.0000, 1.2848, 37, 38
404, 207, 50, 93, 0.9997, 1.0000, 1.2353, 31, 31
404, 215, 8, 94, 0.9997, 0.7998, 1.2498, 6, 7
405, 192, 90, 65, 0.9997, 1.0000, 1.2644, 55, 56
405, 204, 39, 10, 0.9997, 1.0000, 1.7628, 38, 39
405, 207, 51, 93, 0.9997, 1.0000, 0.9419, 32, 32
405, 215, 10, 95, 0.9997, 0.8384, 1.8835, 7, 8
406, 192, 92, 64, 0.9997, 1.0000, 1.8714, 56, 57
406, 204, 40, 10, 0.9997, 1.0000, 1.2755, 39, 40
406, 207, 54, 93, 0.9996, 1.0000, 2.4714, 33, 33
406, 213, 41, 37, 0.9997, 0.7664, 1.0203, 11, 11
406, 215, 11, 95, 0.9997, 0.8779, 1.2791, 8, 9
407, 192, 94, 64, 0.9997, 1.0000, 2.0159, 57, 58
407, 204, 41, 10, 0.9997, 1.0000, 0.9984, 40, 41
407, 207, 56, 92, 0.9997, 1.0000, 2.4565, 34, 34
407, 213, 41, 38, 0.9997, 0.8081, 0.7824, 12, 12
407, 215, 13, 95, 0.9997, 0.9178, 1.7501, 9, 10
408, 192, 96, 63, 0.9997, 1.0000, 2.1755, 58, 59
408, 204, 42, 10, 0.9997, 1.0000, 0.9590, 41, 42
408, 213, 42, 39, 0.9997, 0.8498, 1.2455, 13, 13
408, 215, 14, 95, 0.9997, 0.9581, 1.2507, 10, 11
409, 192, 97, 63, 0.9997, 1.0000, 1.2769, 59, 60
409, 204, 43, 11, 0.9997, 1.0000, 1.2462, 42, 43
409, 215, 16, 95, 0.9997, 0.9986, 1.7501, 11, 12
410, 192, 99, 62, 0.9997, 1.0000, 1.8655, 60, 61
410, 204, 44, 11, 0.9997, 1.0000, 1.0425, 43, 44
410, 213, 43, 40, 0.9997, 0.9331, 1.0407, 15, 15
410, 215, 17, 95, 0.9997, 1.0000, 1.2500, 12, 13
411, 192, 101, 62, 0.9997, 1.0000, 2.0132, 61, 62
411, 204, 46, 11, 0.9997, 1.0000, 1.7662, 44, 45
411, 213, 44, 41, 0.9997, 0.9747, 1.4246, 16, 16
411, 215, 19, 95, 0.9997, 1.0000, 1.7500, 13, 14
412, 192, 103, 61, 0.9997, 1.0000, 2.1751, 62, 63
412, 204, 47, 12, 0.9997, 1.0000, 1.4803, 45, 46
412, 213, 45, 41, 0.9997, 1.0000, 1.0785, 17, 17
412, 215, 20, 95, 0.9997, 1.0000, 1.2500, 14, 15
413, 192, 105, 60, 0.9997, 1.0000, 2.2569, 63, 64
413, 204, 48, 12, 0.9997, 1.0000, 1.0372, 46, 47
413, 215, 22, 97, 0.9996, 1.0000, 2.3231, 15, 16
414, 204, 49, 12, 0.9997, 1.0000, 0.9573, 47, 48
414, 213, 46, 41, 0.9997, 1.0000, 0.7095, 19, 19
414, 215, 23, 97, 0.9997, 1.0000, 1.3795, 16, 17
414, 223, 18, 14, 0.9997, 0.7623, 4.7221, 5, 6
415, 204, 51, 12, 0.9997, 1.0000, 1.7481, 48, 49
415, 207, 70, 92, 0.9997, 0.7617, 2.0149, 42, 41
415, 213, 47, 42, 0.9997, 1.0000, 1.2472, 20, 20
415, 215, 24, 97, 0.9997, 1.0000, 0.9861, 17, 18
415, 219, 110, 106, 0.9997, 0.7664, 6.2518, 10, 10
415, 223, 21, 17, 0.9997, 0.7998, 4.2614, 6, 7
416, 204, 52, 13, 0.9997, 1.0000, 1.4930, 49, 50
416, 207, 72, 92, 0.9997, 0.8032, 1.9995, 43, 42
416, 213, 47, 43, 0.9997, 1.0000, 1.0939, 21, 21
416, 215, 26, 97, 0.9997, 1.0000, 1.7242, 18, 19
416, 219, 108, 111, 0.9997, 0.8081, 5.5517, 11, 11
416, 223, 24, 20, 0.9997, 0.8385, 4.1799, 7, 8
417, 204, 53, 13, 0.9997, 1.0000, 1.0440, 50, 51
417, 207, 74, 92, 0.9997, 0.8446, 1.9977, 44, 43
417, 213, 47, 42, 0.9996, 1.0000, 0.4707, 22, 22
417, 215, 28, 97, 0.9997, 1.0000, 2.0421, 19, 20
417, 219, 107, 116, 0.9997, 0.8497, 5.0840, 12, 12
417, 223, 27, 23, 0.9997, 0.8779, 4.2159, 8, 9
418, 204, 54, 13, 0.9997, 1.0000, 0.9583, 51, 52
418, 207, 75, 92, 0.9997, 0.8861, 1.2353, 45, 44
418, 213, 49, 44, 0.9996, 1.0000, 1.8958, 23, 23
418, 215, 29, 97, 0.9997, 1.0000, 1.2926, 20, 21
418, 219, 106, 120, 0.9997, 0.8914, 4.2901, 13, 13
418, 223, 31, 27, 0.9997, 0.9178, 5.3220, 9, 10
419, 204, 56, 13, 0.9997, 1.0000, 1.7482, 52, 53
419, 207, 77, 92, 0.9997, 0.9276, 1.7082, 46, 45
419, 213, 49, 45, 0.9997, 1.0000, 1.4082, 24, 24
419, 215, 31, 98, 0.9997, 1.0000, 1.8873, 21, 22
419, 219, 104, 126, 0.9996, 0.9330, 5.7233, 14, 14
419, 223, 34, 30, 0.9997, 0.9580, 4.6588, 10, 11
419, 226, 117, 56, 0.9996, 0.7622, 3.3941, 5, 6
420, 204, 57, 13, 0.9997, 1.0000, 1.2918, 53, 54
420, 207, 79, 92, 0.9997, 0.9691, 2.0001, 47, 46
420, 213, 50, 45, 0.9997, 1.0000, 0.8295, 25, 25
420, 215, 33, 98, 0.9997, 1.0000, 2.0191, 22, 23
420, 223, 38, 34, 0.9997, 0.9986, 5.3245, 11, 12
421, 204, 58, 14, 0.9997, 1.0000, 1.2602, 54, 55
421, 207, 81, 91, 0.9997, 1.0000, 2.1807, 48, 47
421, 215, 34, 98, 0.9997, 1.0000, 1.2755, 23, 24
421, 223, 42, 38, 0.9997, 1.0000, 5.6755, 12, 13
421, 228, 35, 122, 0.9997, 0.7623, 1.5726, 5, 6
422, 204, 59, 14, 0.9997, 1.0000, 1.0025, 55, 56
422, 207, 83, 91, 0.9997, 1.0000, 2.0373, 49, 48
422, 213, 51, 47, 0.9996, 1.0000, 1.6298, 27, 27
422, 215, 36, 98, 0.9997, 1.0000, 1.7241, 24, 25
422, 223, 46, 42, 0.9997, 1.0000, 5.7125, 13, 14
422, 228, 36, 121, 0.9997, 0.7998, 1.4376, 6, 7
423, 204, 61, 14, 0.9997, 1.0000, 1.7477, 56, 57
423, 207, 85, 91, 0.9997, 1.0000, 2.0000, 50, 49
423, 213, 52, 51, 0.9994, 1.0000, 4.5010, 28, 28
423, 215, 38, 97, 0.9997, 1.0000, 2.1469, 25, 26
423, 223, 49, 45, 0.9997, 1.0000, 4.5950, 14, 15
423, 230, 29, 8, 0.9995, 0.7622, 9.2457, 5, 6
424, 204, 62, 14, 0.9997, 1.0000, 1.2924, 57, 58
424, 207, 87, 91, 0.9997, 1.0000, 1.9981, 51, 50
424, 215, 39, 97, 0.9997, 1.0000, 1.3094, 26, 27
424, 223, 53, 49, 0.9997, 1.0000, 5.2432, 15, 16
425, 204, 63, 15, 0.9997, 1.0000, 1.2504, 58, 59
425, 207, 89, 91, 0.9997, 1.0000, 1.9992, 52, 51
425, 215, 40, 98, 0.9997, 1.0000, 1.2281, 27, 28
426, 204, 65, 15, 0.9997, 1.0000, 1.7468, 59, 60
426, 207, 91, 91, 0.9997, 1.0000, 2.0000, 53, 52
426, 215, 42, 98, 0.9997, 1.0000, 1.7408, 28, 29
426, 229, 11, 39, 0.9997, 0.7664, 1.3015, 9, 9
427, 204, 67, 15, 0.9997, 1.0000, 2.0395, 60, 61
427, 207, 93, 91, 0.9997, 1.0000, 2.0001, 54, 53
427, 215, 44, 99, 0.9997, 1.0000, 2.1844, 29, 30
427, 229, 13, 40, 0.9997, 0.8081, 1.9174, 10, 10
428, 204, 68, 15, 0.9997, 1.0000, 1.2923, 61, 62
428, 207, 95, 91, 0.9997, 1.0000, 2.0001, 55, 54
428, 215, 45, 100, 0.9997, 1.0000, 1.6434, 30, 31
428, 229, 14, 39, 0.9996, 0.8497, 1.3529, 11, 11
429, 204, 69, 15, 0.9997, 1.0000, 0.9599, 62, 63
429, 207, 97, 91, 0.9997, 1.0000, 2.0000, 56, 55
429, 215, 47, 100, 0.9997, 1.0000, 1.7460, 31, 32
429, 229, 15, 40, 0.9997, 0.8914, 1.0860, 12, 12
430, 204, 71, 15, 0.9997, 1.0000, 1.7060, 63, 64
430, 207, 99, 90, 0.9997, 1.0000, 2.1409, 57, 56
430, 215, 48, 101, 0.9997, 1.0000, 1.4288, 32, 33
430, 229, 17, 41, 0.9997, 0.9330, 1.9977, 13, 13
431, 204, 72, 15, 0.9997, 1.0000, 1.2755, 64, 65
431, 207, 101, 90, 0.9997, 1.0000, 2.0212, 58, 57
431, 213, 85, 81, 0.9996, 0.7609, 7.4531, 36, 35
431, 215, 50, 100, 0.9996, 1.0000, 1.8257, 33, 34
431, 229, 18, 41, 0.9997, 0.9747, 1.3173, 14, 14
432, 204, 74, 15, 0.9997, 1.0000, 1.7662, 65, 66
432, 207, 102, 90, 0.9997, 1.0000, 1.2361, 59, 58
432, 213, 90, 86, 0.9997, 0.8024, 7.3165, 37, 36
432, 215, 52, 100, 0.9997, 1.0000, 2.0386, 34, 35
432, 223, 56, 53, 0.9996, 0.7664, 0.5574, 23, 23
432, 229, 20, 42, 0.9997, 1.0000, 1.9130, 15, 15
432, 232, 87, 16, 0.9997, 0.7664, 2.0207, 10, 10
433, 204, 75, 15, 0.9997, 1.0000, 1.2525, 66, 67
433, 207, 105, 90, 0.9996, 1.0000, 2.4725, 60, 59
433, 213, 96, 91, 0.9997, 0.8438, 7.6673, 38, 37
433, 215, 53, 101, 0.9996, 1.0000, 1.4694, 35, 36
433, 223, 58, 55, 0.9996, 0.8080, 1.9062, 24, 24
433, 229, 21, 43, 0.9997, 1.0000, 1.6015, 16, 16
433, 232, 87, 18, 0.9997, 0.8081, 2.0208, 11, 11
434, 204, 77, 15, 0.9997, 1.0000, 1.7486, 67, 68
434, 207, 107, 90, 0.9997, 1.0000, 2.2919, 61, 60
434, 213, 101, 96, 0.9997, 0.8853, 7.2601, 39, 38
434, 214, 86, 30, 0.9997, 1.0000, 0.7639, 37, 37
434, 215, 55, 101, 0.9997, 1.0000, 1.7520, 36, 37
434, 223, 58, 55, 0.9996, 0.8497, 0.7458, 25, 25
434, 229, 22, 43, 0.9997, 1.0000, 1.0219, 17, 17
434, 232, 88, 20, 0.9997, 0.8498, 2.1640, 12, 12
434, 240, 14, 52, 0.9997, 0.7623, 0.7788, 5, 6
435, 204, 78, 16, 0.9997, 1.0000, 1.4642, 68, 69
435, 207, 109, 90, 0.9997, 1.0000, 2.0426, 62, 61
435, 213, 107, 102, 0.9997, 0.9268, 8.1379, 40, 39
435, 214, 87, 30, 0.9996, 1.0000, 0.4721, 38, 38
435, 215, 57, 101, 0.9997, 1.0000, 1.9992, 37, 38
435, 223, 59, 56, 0.9997, 0.8914, 1.0892, 26, 26
435, 229, 23, 44, 0.9997, 1.0000, 1.1996, 18, 18
435, 232, 88, 21, 0.9997, 0.8914, 1.2730, 13, 13
436, 204, 80, 16, 0.9997, 1.0000, 1.7740, 69, 70
436, 207, 111, 90, 0.9997, 1.0000, 1.9737, 63, 62
436, 213, 113, 108, 0.9997, 0.9683, 8.5319, 41, 40
436, 215, 57, 102, 0.9996, 1.0000, 0.8866, 38, 39
436, 223, 60, 56, 0.9997, 0.9331, 0.9986, 27, 27
436, 229, 25, 45, 0.9997, 1.0000, 2.0155, 19, 19
436, 232, 89, 23, 0.9997, 0.9331, 1.8647, 14, 14
437, 204, 82, 16, 0.9997, 1.0000, 2.0140, 70, 71
437, 207, 113, 89, 0.9997, 1.0000, 2.1261, 64, 63
437, 213, 119, 114, 0.9997, 1.0000, 8.5538, 42, 41
437, 214, 88, 30, 0.9997, 1.0000, 0.8065, 40, 40
437, 215, 60, 102, 0.9996, 1.0000, 2.2128, 39, 40
437, 223, 61, 56, 0.9997, 0.9747, 1.0267, 28, 28
437, 229, 26, 46, 0.9997, 1.0000, 1.6594, 20, 20
437, 232, 89, 24, 0.9997, 0.9747, 1.2592, 15, 15
437, 243, 13, 97, 0.9996, 0.7622, 2.5865, 5, 6
438, 204, 83, 17, 0.9997, 1.0000, 1.4675, 71, 72
438, 207, 115, 89, 0.9997, 1.0000, 2.0188, 65, 64
438, 213, 125, 120, 0.9997, 1.0000, 8.5046, 43, 42
438, 214, 87, 30, 0.9996, 1.0000, 0.4984, 41, 41
438, 215, 62, 102, 0.9997, 1.0000, 2.2918, 40, 41
438, 223, 62, 57, 0.9997, 1.0000, 1.2435, 29, 29
438, 229, 27, 47, 0.9997, 1.0000, 1.4268, 21, 21
438, 232, 90, 26, 0.9997, 1.0000, 1.9042, 16, 16
438, 243, 14, 97, 0.9997, 0.7998, 1.5894, 6, 7
439, 204, 85, 17, 0.9997, 1.0000, 1.7440, 72, 73
439, 207, 117, 89, 0.9997, 1.0000, 2.0015, 66, 65
439, 215, 63, 102, 0.9997, 1.0000, 1.3196, 41, 42
439, 223, 63, 57, 0.9997, 1.0000, 1.0397, 30, 30
439, 229, 28, 48, 0.9997, 1.0000, 1.3850, 22, 22
439, 232, 91, 27, 0.9997, 1.0000, 1.6114, 17, 17
439, 243, 16, 98, 0.9997, 0.8384, 1.9186, 7, 8
440, 204, 87, 17, 0.9997, 1.0000, 1.9992, 73, 74
440, 207, 119, 89, 0.9997, 1.0000, 2.0014, 67, 66
440, 214, 89, 29, 0.9996, 1.0000, 1.6681, 43, 43
440, 215, 65, 103, 0.9997, 1.0000, 1.8551, 42, 43
440, 223, 64, 58, 0.9997, 1.0000, 1.2582, 31, 31
440, 229, 29, 49, 0.9997, 1.0000, 1.4011, 23, 23
440, 243, 18, 99, 0.9997, 0.8779, 2.2186, 8, 9
441, 204, 89, 18, 0.9997, 1.0000, 2.1648, 74, 75
441, 207, 121, 89, 0.9997, 1.0000, 2.0002, 68, 67
441, 214, 93, 28, 0.9996, 1.0000, 3.8160, 44, 44
441, 215, 67, 103, 0.9997, 1.0000, 2.0051, 43, 44
441, 223, 65, 58, 0.9997, 1.0000, 1.0304, 32, 32
441, 229, 30, 50, 0.9997, 1.0000, 1.4135, 24, 24
441, 243, 19, 99, 0.9997, 0.9178, 1.2903, 9, 10
442, 204, 90, 18, 0.9997, 1.0000, 1.2817, 75, 76
442, 207, 123, 89, 0.9997, 1.0000, 1.9999, 69, 68
442, 215, 68, 102, 0.9996, 1.0000, 1.4843, 44, 45
442, 223, 66, 58, 0.9997, 1.0000, 1.0000, 33, 33
442, 229, 31, 51, 0.9997, 1.0000, 1.4159, 25, 25
442, 243, 21, 100, 0.9997, 0.9580, 1.8666, 10, 11
442, 247, 3, 82, 0.9997, 0.7623, 0.7901, 5, 6
443, 204, 92, 18, 0.9997, 1.0000, 1.7082, 76, 77
443, 207, 126, 89, 0.9997, 1.0000, 2.7639, 70, 69
443, 215, 71, 103, 0.9996, 1.0000, 2.5259, 45, 46
443, 223, 67, 58, 0.9997, 1.0000, 1.0010, 34, 34
443, 229, 32, 52, 0.9997, 1.0000, 1.4149, 26, 26
443, 243, 23, 101, 0.9997, 0.9986, 2.2370, 11, 12
443, 247, 4, 83, 0.9997, 0.7998, 1.2612, 6, 7
444, 204, 94, 18, 0.9997, 1.0000, 1.9982, 77, 78
444, 223, 68, 57, 0.9997, 1.0000, 1.2670, 35, 35
444, 229, 33, 54, 0.9997, 1.0000, 2.0277, 27, 27
444, 243, 25, 101, 0.9997, 1.0000, 2.0599, 12, 13
445, 204, 96, 19, 0.9997, 1.0000, 2.1746, 78, 79
445, 223, 69, 57, 0.9997, 1.0000, 1.0415, 36, 36
445, 229, 34, 55, 0.9997, 1.0000, 1.6335, 28, 28
445, 243, 26, 102, 0.9997, 1.0000, 1.4458, 13, 14
445, 247, 5, 83, 0.9997, 0.8779, 0.7223, 8, 9
446, 204, 97, 19, 0.9997, 1.0000, 1.2859, 79, 80
446, 223, 70, 57, 0.9997, 1.0000, 1.0000, 37, 37
446, 229, 35, 56, 0.9997, 1.0000, 1.4142, 29, 29
446, 243, 28, 103, 0.9997, 1.0000, 1.9793, 14, 15
446, 247, 6, 84, 0.9997, 0.9178, 1.2329, 9, 10
446, 248, 107, 105, 0.9978, 0.7611, 10.2849, 5, 6
447, 204, 99, 19, 0.9997, 1.0000, 1.7083, 80, 81
447, 223, 72, 57, 0.9997, 1.0000, 1.7645, 38, 38
447, 229, 36, 58, 0.9997, 1.0000, 1.9907, 30, 30
447, 243, 30, 103, 0.9997, 1.0000, 2.0167, 15, 16
447, 247, 7, 84, 0.9997, 0.9581, 1.0767, 10, 11
448, 204, 101, 19, 0.9997, 1.0000, 1.9981, 81, 82
448, 223, 73, 57, 0.9997, 1.0000, 1.2919, 39, 39
448, 229, 36, 59, 0.9997, 1.0000, 1.2972, 31, 31
448, 243, 31, 104, 0.9997, 1.0000, 1.4684, 16, 17
449, 204, 103, 19, 0.9997, 1.0000, 2.0417, 82, 83
449, 214, 97, 45, 0.9997, 0.7626, 1.8517, 52, 51
449, 223, 74, 57, 0.9997, 1.0000, 1.0000, 40, 40
449, 229, 37, 61, 0.9997, 1.0000, 1.9008, 32, 32
449, 239, 80, 119, 0.9997, 0.7879, 2.9273, 21, 19
449, 243, 33, 105, 0.9997, 1.0000, 1.9934, 17, 18
449, 250, 121, 124, 0.9996, 0.7623, 0.8508, 5, 6
450, 204, 105, 19, 0.9997, 1.0000, 2.0163, 83, 84
450, 214, 98, 47, 0.9997, 0.8041, 2.2359, 53, 52
450, 223, 74, 58, 0.9997, 1.0000, 0.7857, 41, 41
450, 229, 38, 62, 0.9997, 1.0000, 1.6020, 33, 33
450, 239, 81, 121, 0.9997, 0.8293, 2.4831, 22, 20
450, 243, 35, 106, 0.9997, 1.0000, 2.2545, 18, 19
450, 247, 9, 85, 0.9996, 1.0000, 1.6495, 13, 14
450, 250, 120, 124, 0.9997, 0.7998, 0.5277, 6, 7
451, 204, 107, 19, 0.9997, 1.0000, 2.0001, 84, 85
451, 214, 98, 48, 0.9997, 0.8456, 1.3085, 54, 53
451, 223, 75, 59, 0.9997, 1.0000, 1.2615, 42, 42
451, 229, 38, 64, 0.9997, 1.0000, 1.7706, 34, 34
451, 239, 82, 123, 0.9997, 0.8708, 2.2319, 23, 21
451, 247, 9, 86, 0.9997, 1.0000, 1.1995, 14, 15
452, 204, 108, 18, 0.9997, 1.0000, 1.4506, 85, 86
452, 214, 99, 50, 0.9997, 0.8871, 1.8703, 55, 54
452, 223, 76, 59, 0.9997, 1.0000, 1.0417, 43, 43
452, 229, 38, 66, 0.9997, 1.0000, 2.0135, 35, 35
452, 239, 84, 125, 0.9997, 0.9122, 2.6370, 24, 22
452, 247, 10, 86, 0.9997, 1.0000, 0.8215, 15, 16
453, 204, 110, 18, 0.9997, 1.0000, 1.7321, 86, 87
453, 214, 100, 52, 0.9997, 0.9286, 2.2361, 56, 55
453, 223, 74, 59, 0.9996, 1.0000, 1.2476, 44, 44
453, 229, 38, 68, 0.9997, 1.0000, 2.0425, 36, 36
453, 239, 86, 126, 0.9997, 0.9537, 2.3920, 25, 23
453, 247, 11, 87, 0.9997, 1.0000, 1.2124, 16, 17
453, 250, 119, 123, 0.9997, 0.9178, 1.0714, 9, 10
454, 204, 112, 18, 0.9997, 1.0000, 2.0000, 87, 88
454, 214, 101, 54, 0.9997, 0.9701, 2.2901, 57, 56
454, 223, 76, 61, 0.9994, 1.0000, 2.2239, 45, 45
454, 229, 38, 70, 0.9997, 1.0000, 2.0141, 37, 37
454, 239, 88, 127, 0.9997, 0.9952, 2.2624, 26, 24
454, 250, 119, 123, 0.9997, 0.9580, 0.4024, 10, 11
455, 204, 114, 18, 0.9997, 1.0000, 2.0431, 88, 89
455, 214, 102, 56, 0.9997, 1.0000, 2.2567, 58, 57
455, 223, 77, 63, 0.9996, 1.0000, 2.2498, 46, 46
455, 229, 38, 72, 0.9997, 1.0000, 1.9993, 38, 38
455, 247, 12, 88, 0.9997, 1.0000, 1.0387, 18, 19
455, 250, 119, 122, 0.9997, 0.9986, 0.7617, 11, 12
456, 204, 116, 18, 0.9997, 1.0000, 2.0164, 89, 90
456, 214, 102, 58, 0.9997, 1.0000, 2.0139, 59, 58
456, 229, 37, 74, 0.9997, 1.0000, 2.1377, 39, 39
456, 247, 13, 88, 0.9997, 1.0000, 1.0326, 19, 20
456, 254, 95, 108, 0.9997, 0.7623, 1.9989, 5, 6
457, 204, 118, 17, 0.9997, 1.0000, 2.1409, 90, 91
457, 214, 103, 60, 0.9997, 1.0000, 2.1188, 60, 59
457, 229, 37, 76, 0.9997, 1.0000, 2.0203, 40, 40
457, 250, 119, 121, 0.9997, 1.0000, 0.7479, 13, 14
457, 254, 97, 109, 0.9997, 0.7998, 2.1255, 6, 7
457, 255, 42, 52, 0.9997, 0.7623, 0.9996, 5, 6
458, 204, 120, 17, 0.9997, 1.0000, 2.0192, 91, 92
458, 214, 104, 62, 0.9997, 1.0000, 2.2349, 61, 60
458, 229, 36, 79, 0.9997, 1.0000, 2.8676, 41, 41
458, 243, 48, 114, 0.9997, 0.7664, 2.1526, 26, 26
458, 247, 14, 89, 0.9997, 1.0000, 1.0225, 21, 22
458, 250, 120, 121, 0.9997, 1.0000, 0.8035, 14, 15
458, 254, 99, 109, 0.9997, 0.8384, 2.0188, 7, 8
458, 255, 44, 52, 0.9997, 0.7998, 1.7641, 6, 7
459, 204, 122, 17, 0.9997, 1.0000, 1.9991, 92, 93
459, 214, 105, 64, 0.9997, 1.0000, 2.2554, 62, 61
459, 229, 36, 81, 0.9997, 1.0000, 2.3055, 42, 42
459, 243, 50, 117, 0.9996, 0.8081, 3.3174, 27, 27
459, 247, 15, 89, 0.9997, 1.0000, 1.0378, 22, 23
459, 250, 120, 120, 0.9997, 1.0000, 0.8040, 15, 16
459, 254, 101, 110, 0.9997, 0.8779, 2.1410, 8, 9
459, 256, 31, 53, 0.9997, 0.7623, 1.6416, 5, 6
460, 204, 125, 16, 0.9997, 1.0000, 2.8565, 93, 94
460, 214, 105, 66, 0.9997, 1.0000, 2.0160, 63, 62
460, 229, 36, 83, 0.9997, 1.0000, 2.0001, 43, 43
460, 247, 15, 90, 0.9997, 1.0000, 0.8131, 23, 24
460, 254, 103, 110, 0.9997, 0.9178, 2.0158, 9, 10
461, 204, 126, 16, 0.9996, 1.0000, 1.5526, 94, 95
461, 214, 106, 68, 0.9997, 1.0000, 2.1217, 64, 63
461, 229, 36, 85, 0.9997, 1.0000, 1.9579, 44, 44
461, 247, 16, 90, 0.9997, 1.0000, 0.7661, 24, 25
461, 250, 121, 119, 0.9997, 1.0000, 1.0406, 17, 18
461, 254, 105, 110, 0.9997, 0.9581, 2.0001, 10, 11
462, 204, 127, 16, 0.9997, 1.0000, 0.9443, 95, 96
462, 214, 107, 70, 0.9997, 1.0000, 2.2350, 65, 64
462, 229, 35, 87, 0.9997, 1.0000, 2.1208, 45, 45
462, 247, 17, 91, 0.9997, 1.0000, 1.2491, 25, 26
462, 250, 121, 118, 0.9997, 1.0000, 1.0507, 18, 19
462, 254, 107, 111, 0.9997, 0.9986, 2.1261, 11, 12
463, 214, 108, 72, 0.9997, 1.0000, 2.2550, 66, 65
463, 223, 81, 70, 0.9997, 0.7627, 1.0291, 54, 53
463, 229, 36, 89, 0.9996, 1.0000, 2.0548, 46, 46
463, 247, 18, 91, 0.9997, 1.0000, 1.0698, 26, 27
463, 250, 122, 118, 0.9997, 1.0000, 0.8129, 19, 20
463, 254, 109, 111, 0.9997, 1.0000, 2.0192, 12, 13
464, 214, 108, 74, 0.9997, 1.0000, 2.0159, 67, 66
464, 223, 81, 71, 0.9997, 0.8042, 0.9994, 55, 54
464, 229, 36, 91, 0.9997, 1.0000, 2.0232, 47, 47
464, 254, 111, 112, 0.9997, 1.0000, 2.1412, 13, 14
465, 214, 109, 76, 0.9997, 1.0000, 2.1217, 68, 67
465, 223, 81, 73, 0.9997, 0.8457, 1.7644, 56, 55
465, 229, 36, 93, 0.9997, 1.0000, 2.0013, 48, 48
465, 247, 19, 91, 0.9997, 1.0000, 0.7094, 28, 29
465, 254, 112, 112, 0.9997, 1.0000, 1.2614, 14, 15
466, 214, 109, 78, 0.9997, 1.0000, 2.0136, 69, 68
466, 223, 81, 74, 0.9997, 0.8872, 1.2920, 57, 56
466, 229, 37, 95, 0.9997, 1.0000, 2.1317, 49, 49
466, 247, 20, 92, 0.9997, 1.0000, 1.2482, 29, 30
467, 214, 110, 80, 0.9997, 1.0000, 2.1360, 70, 69
467, 223, 81, 76, 0.9997, 0.9288, 1.7640, 58, 57
467, 229, 37, 96, 0.9997, 1.0000, 1.2663, 50, 50
467, 247, 21, 92, 0.9997, 1.0000, 1.0820, 30, 31
468, 214, 111, 82, 0.9997, 1.0000, 2.2434, 71, 70
468, 223, 82, 77, 0.9997, 0.9703, 1.4655, 59, 58
468, 229, 38, 99, 0.9996, 1.0000, 2.5867, 51, 51
468, 247, 21, 93, 0.9997, 1.0000, 0.8067, 31, 32
468, 260, 7, 47, 0.9997, 0.7623, 1.7221, 5, 6
469, 214, 113, 84, 0.9997, 1.0000, 2.6952, 72, 71
469, 223, 82, 78, 0.9997, 1.0000, 1.0263, 60, 59
469, 229, 39, 100, 0.9997, 1.0000, 1.8341, 52, 52
469, 247, 22, 93, 0.9997, 1.0000, 0.7512, 32, 33
469, 260, 8, 47, 0.9997, 0.7998, 1.2763, 6, 7
470, 214, 114, 86, 0.9997, 1.0000, 2.3885, 73, 72
470, 223, 82, 79, 0.9997, 1.0000, 0.9574, 61, 60
470, 229, 40, 101, 0.9997, 1.0000, 1.4340, 53, 53
470, 247, 23, 94, 0.9997, 1.0000, 1.2467, 33, 34
470, 260, 10, 47, 0.9997, 0.8384, 1.7641, 7, 8
471, 214, 116, 88, 0.9997, 1.0000, 2.6661, 74, 73
471, 223, 83, 81, 0.9997, 1.0000, 1.8928, 62, 61
471, 229, 41, 103, 0.9997, 1.0000, 1.9635, 54, 54
471, 250, 125, 115, 0.9997, 0.7664, 2.1301, 27, 27
471, 260, 11, 47, 0.9997, 0.8779, 1.2516, 8, 9
471, 262, 103, 28, 0.9966, 0.7602, 7.7864, 5, 6
472, 214, 117, 89, 0.9997, 1.0000, 1.7557, 75, 74
472, 223, 83, 82, 0.9997, 1.0000, 1.3217, 63, 62
472, 229, 43, 104, 0.9997, 1.0000, 2.1685, 55, 55
472, 247, 24, 95, 0.9997, 1.0000, 1.0428, 35, 36
472, 260, 13, 47, 0.9997, 0.9178, 1.7485, 9, 10
473, 214, 119, 91, 0.9997, 1.0000, 2.4433, 76, 75
473, 223, 84, 83, 0.9997, 1.0000, 1.2603, 64, 63
473, 229, 45, 105, 0.9997, 1.0000, 2.2843, 56, 56
473, 247, 25, 95, 0.9997, 1.0000, 1.0309, 36, 37
473, 260, 14, 47, 0.9997, 0.9581, 1.2492, 10, 11
474, 214, 121, 93, 0.9997, 1.0000, 2.8378, 77, 76
474, 223, 84, 84, 0.9997, 1.0000, 0.9907, 65, 64
474, 229, 47, 105, 0.9997, 1.0000, 2.0645, 57, 57
474, 247, 25, 96, 0.9997, 1.0000, 0.7993, 37, 38
474, 260, 15, 47, 0.9997, 0.9986, 0.9860, 11, 12
474, 263, 98, 94, 0.9997, 0.7623, 1.8669, 5, 6
474, 264, 22, 109, 0.9997, 0.7623, 1.0268, 5, 6
475, 214, 124, 94, 0.9997, 1.0000, 3.0835, 78, 77
475, 223, 85, 85, 0.9997, 1.0000, 1.2361, 66, 65
475, 229, 48, 106, 0.9997, 1.0000, 1.4289, 58, 58
475, 247, 26, 96, 0.9997, 1.0000, 0.7655, 38, 39
475, 260, 17, 47, 0.9997, 1.0000, 1.7222, 12, 13
475, 263, 99, 96, 0.9997, 0.7998, 2.2331, 6, 7
476, 214, 126, 95, 0.9997, 1.0000, 2.4980, 79, 78
476, 223, 85, 86, 0.9997, 1.0000, 1.0305, 67, 66
476, 229, 50, 107, 0.9997, 1.0000, 1.9768, 59, 59
476, 247, 27, 97, 0.9997, 1.0000, 1.2500, 39, 40
476, 260, 17, 46, 0.9996, 1.0000, 0.9207, 13, 14
476, 263, 100, 97, 0.9997, 0.8384, 1.6458, 7, 8
477, 223, 86, 87, 0.9997, 1.0000, 1.2518, 68, 67
477, 229, 53, 107, 0.9996, 1.0000, 2.7751, 60, 60
477, 260, 20, 47, 0.9996, 1.0000, 2.2861, 14, 15
477, 263, 100, 99, 0.9997, 0.8779, 1.7420, 8, 9
478, 223, 87, 89, 0.9997, 1.0000, 2.0354, 69, 68
478, 229, 55, 108, 0.9997, 1.0000, 2.4437, 61, 61
478, 247, 28, 97, 0.9997, 1.0000, 0.7237, 41, 42
478, 260, 21, 47, 0.9997, 1.0000, 1.5707, 15, 16
478, 263, 101, 100, 0.9997, 0.9178, 1.4247, 9, 10
479, 223, 88, 89, 0.9996, 1.0000, 1.1679, 70, 69
479, 229, 57, 108, 0.9997, 1.0000, 2.0302, 62, 62
479, 247, 29, 98, 0.9997, 1.0000, 1.2335, 42, 43
479, 260, 23, 47, 0.9997, 1.0000, 1.7915, 16, 17
479, 263, 102, 102, 0.9997, 0.9581, 2.0132, 10, 11
480, 223, 89, 89, 0.9997, 1.0000, 1.0155, 71, 70
480, 229, 58, 109, 0.9997, 1.0000, 1.4088, 63, 63
480, 247, 30, 99, 0.9997, 1.0000, 1.4723, 43, 44
480, 258, 73, 57, 0.9997, 0.7656, 0.9861, 25, 20
480, 260, 24, 47, 0.9997, 1.0000, 1.2232, 17, 18
480, 263, 103, 104, 0.9997, 0.9986, 2.2687, 11, 12
481, 223, 89, 90, 0.9997, 1.0000, 0.7059, 72, 71
481, 229, 62, 109, 0.9996, 1.0000, 3.2273, 64, 64
481, 247, 31, 99, 0.9997, 1.0000, 1.0567, 44, 45
481, 260, 26, 47, 0.9997, 1.0000, 1.7337, 18, 19
481, 263, 103, 105, 0.9997, 1.0000, 1.3033, 12, 13
482, 223, 90, 91, 0.9997, 1.0000, 1.2456, 73, 72
482, 229, 63, 110, 0.9996, 1.0000, 1.9676, 65, 65
482, 247, 31, 100, 0.9997, 1.0000, 0.7612, 45, 46
482, 260, 27, 47, 0.9997, 1.0000, 1.2477, 19, 20
482, 263, 104, 107, 0.9997, 1.0000, 1.8622, 13, 14
483, 229, 65, 111, 0.9997, 1.0000, 2.0253, 66, 66
483, 247, 32, 100, 0.9997, 1.0000, 0.7436, 46, 47
483, 260, 28, 46, 0.9997, 1.0000, 1.2477, 20, 21
483, 263, 105, 109, 0.9997, 1.0000, 2.2343, 14, 15
484, 223, 92, 93, 0.9996, 1.0000, 2.1253, 75, 74
484, 229, 67, 112, 0.9997, 1.0000, 2.1951, 67, 67
484, 247, 33, 100, 0.9997, 1.0000, 0.9993, 47, 48
484, 260, 30, 47, 0.9996, 1.0000, 1.7868, 21, 22
484, 263, 106, 110, 0.9997, 1.0000, 1.6474, 15, 16
485, 223, 92, 93, 0.9996, 1.0000, 0.7572, 76, 75
485, 229, 69, 113, 0.9997, 1.0000, 2.2513, 68, 68
485, 247, 34, 101, 0.9997, 1.0000, 1.2691, 48, 49
485, 260, 32, 47, 0.9997, 1.0000, 2.0627, 22, 23
485, 263, 106, 111, 0.9997, 1.0000, 0.9924, 16, 17
486, 223, 94, 95, 0.9996, 1.0000, 2.1398, 77, 76
486, 229, 71, 114, 0.9997, 1.0000, 2.2480, 69, 69
486, 247, 35, 101, 0.9997, 1.0000, 1.0539, 49, 50
486, 260, 33, 48, 0.9997, 1.0000, 1.5234, 23, 24
486, 263, 107, 114, 0.9996, 1.0000, 2.5717, 17, 18
487, 223, 95, 96, 0.9997, 1.0000, 1.7873, 78, 77
487, 229, 73, 114, 0.9997, 1.0000, 2.0174, 70, 70
487, 247, 36, 102, 0.9997, 1.0000, 1.2590, 50, 51
487, 260, 35, 48, 0.9997, 1.0000, 1.7440, 24, 25
487, 263, 108, 116, 0.9997, 1.0000, 2.5366, 18, 19
488, 223, 95, 97, 0.9997, 1.0000, 1.0592, 79, 78
488, 229, 76, 115, 0.9997, 1.0000, 2.8525, 71, 71
488, 260, 36, 48, 0.9997, 1.0000, 1.2338, 25, 26
488, 263, 108, 117, 0.9996, 1.0000, 1.3235, 19, 20
489, 223, 96, 98, 0.9997, 1.0000, 1.1856, 80, 79
489, 229, 78, 116, 0.9997, 1.0000, 2.4998, 72, 72
489, 247, 37, 103, 0.9997, 1.0000, 1.0297, 52, 53
489, 260, 38, 48, 0.9997, 1.0000, 1.7482, 26, 27
489, 263, 109, 119, 0.9997, 1.0000, 1.8313, 20, 21
490, 223, 97, 98, 0.9997, 1.0000, 1.0099, 81, 80
490, 229, 80, 117, 0.9997, 1.0000, 2.2553, 73, 73
490, 247, 38, 103, 0.9997, 1.0000, 1.0306, 53, 54
490, 260, 39, 48, 0.9997, 1.0000, 1.2516, 27, 28
490, 263, 110, 121, 0.9997, 1.0000, 2.2196, 21, 22
491, 223, 98, 99, 0.9997, 1.0000, 1.2584, 82, 81
491, 229, 81, 117, 0.9997, 1.0000, 1.2199, 74, 74
491, 247, 39, 103, 0.9997, 1.0000, 1.0428, 54, 55
491, 260, 41, 48, 0.9997, 1.0000, 1.7509, 28, 29
491, 263, 110, 122, 0.9997, 1.0000, 1.3050, 22, 23
492, 223, 99, 99, 0.9997, 1.0000, 1.0452, 83, 82
492, 229, 84, 119, 0.9996, 1.0000, 2.8633, 75, 75
492, 247, 40, 104, 0.9997, 1.0000, 1.2468, 55, 56
492, 260, 42, 48, 0.9997, 1.0000, 1.2501, 29, 30
492, 263, 111, 125, 0.9996, 1.0000, 2.5929, 23, 24
493, 223, 101, 99, 0.9997, 1.0000, 1.7648, 84, 83
493, 229, 86, 120, 0.9997, 1.0000, 2.6296, 76, 76
493, 247, 41, 104, 0.9997, 1.0000, 1.0379, 56, 57
493, 260, 44, 48, 0.9997, 1.0000, 1.7499, 30, 31
493, 263, 112, 126, 0.9997, 1.0000, 1.8269, 24, 25
493, 270, 4, 45, 0.9997, 0.7623, 1.0441, 5, 6
494, 223, 102, 100, 0.9997, 1.0000, 1.4791, 85, 84
494, 229, 89, 121, 0.9997, 1.0000, 2.9958, 77, 77
494, 247, 42, 104, 0.9997, 1.0000, 0.9976, 57, 58
494, 260, 45, 48, 0.9997, 1.0000, 1.2499, 31, 32
494, 270, 5, 44, 0.9997, 0.7998, 1.2734, 6, 7
495, 223, 103, 101, 0.9997, 1.0000, 1.4439, 86, 85
495, 229, 91, 122, 0.9997, 1.0000, 2.4667, 78, 78
495, 247, 42, 105, 0.9997, 1.0000, 0.7609, 58, 59
495, 260, 47, 48, 0.9997, 1.0000, 1.7500, 32, 33
495, 270, 7, 45, 0.9996, 0.8384, 1.8302, 7, 8
496, 223, 104, 101, 0.9997, 1.0000, 1.0011, 87, 86
496, 229, 93, 123, 0.9997, 1.0000, 2.2143, 79, 79
496, 247, 43, 105, 0.9997, 1.0000, 0.7602, 59, 60
496, 260, 49, 49, 0.9997, 1.0000, 2.1539, 33, 34
496, 270, 8, 45, 0.9997, 0.8779, 1.3267, 8, 9
496, 272, 92, 9, 0.9996, 0.7997, 2.3598, 6, 7
497, 223, 106, 102, 0.9997, 1.0000, 1.8916, 88, 87
497, 229, 95, 124, 0.9997, 1.0000, 2.1948, 80, 80
497, 247, 44, 106, 0.9997, 1.0000, 1.2585, 60, 61
497, 260, 50, 49, 0.9997, 1.0000, 1.3108, 34, 35
497, 270, 9, 43, 0.9996, 0.9177, 1.7894, 9, 10
497, 272, 93, 9, 0.9997, 0.8384, 1.6076, 7, 8
498, 223, 107, 102, 0.9997, 1.0000, 1.3128, 89, 88
498, 229, 98, 125, 0.9997, 1.0000, 2.9258, 81, 81
498, 247, 45, 106, 0.9997, 1.0000, 1.0725, 61, 62
498, 260, 52, 49, 0.9997, 1.0000, 1.7221, 35, 36
498, 270, 10, 41, 0.9997, 0.9580, 2.3438, 10, 11
498, 272, 94, 10, 0.9997, 0.8779, 1.2925, 8, 9
499, 223, 108, 103, 0.9997, 1.0000, 1.2505, 90, 89
499, 229, 100, 126, 0.9997, 1.0000, 2.5017, 82, 82
499, 247, 46, 107, 0.9997, 1.0000, 1.2622, 62, 63
499, 260, 54, 50, 0.9997, 1.0000, 2.1254, 36, 37
499, 272, 95, 11, 0.9997, 0.9178, 1.3778, 9, 10
500, 223, 109, 104, 0.9997, 1.0000, 1.3962, 91, 90
500, 229, 102, 127, 0.9997, 1.0000, 2.2384, 83, 83
500, 247, 47, 107, 0.9997, 1.0000, 1.0306, 63, 64
500, 260, 55, 49, 0.9996, 1.0000, 1.3666, 37, 38
500, 272, 96, 12, 0.9997, 0.9581, 1.4206, 10, 11
501, 223, 110, 105, 0.9997, 1.0000, 1.4335, 92, 91
501, 247, 48, 107, 0.9997, 1.0000, 0.9977, 64, 65
501, 260, 57, 49, 0.9997, 1.0000, 1.7482, 38, 39
501, 272, 97, 12, 0.9997, 0.9986, 1.0284, 11, 12
502, 223, 111, 106, 0.9997, 1.0000, 1.4241, 93, 92
502, 247, 49, 108, 0.9997, 1.0000, 1.2328, 65, 66
502, 260, 58, 49, 0.9997, 1.0000, 1.2368, 39, 40
502, 272, 98, 13, 0.9997, 1.0000, 1.2280, 12, 13
503, 223, 113, 107, 0.9997, 1.0000, 2.0293, 94, 93
503, 247, 50, 108, 0.9997, 1.0000, 1.0379, 66, 67
503, 260, 60, 49, 0.9997, 1.0000, 1.7487, 40, 41
504, 223, 113, 108, 0.9996, 1.0000, 1.1291, 95, 94
504, 260, 62, 49, 0.9997, 1.0000, 2.0155, 41, 42
505, 223, 114, 109, 0.9997, 1.0000, 1.2247, 96, 95
505, 247, 51, 109, 0.9997, 1.0000, 1.0126, 68, 69
505, 260, 64, 50, 0.9997, 1.0000, 2.1815, 42, 43
506, 223, 115, 110, 0.9997, 1.0000, 1.3844, 97, 96
506, 247, 52, 110, 0.9997, 1.0000, 1.4429, 69, 70
506, 260, 65, 50, 0.9997, 1.0000, 1.2833, 43, 44
507, 223, 115, 111, 0.9997, 1.0000, 1.0340, 98, 97
507, 247, 54, 110, 0.9997, 1.0000, 1.8299, 70, 71
507, 260, 67, 50, 0.9997, 1.0000, 1.7073, 44, 45
508, 223, 117, 112, 0.9996, 1.0000, 1.7932, 99, 98
508, 247, 54, 111, 0.9996, 1.0000, 0.9054, 71, 72
508, 260, 68, 50, 0.9997, 1.0000, 1.2344, 45, 46
509, 223, 118, 113, 0.9997, 1.0000, 1.6355, 100, 99
509, 247, 55, 111, 0.9997, 1.0000, 0.7458, 72, 73
509, 260, 70, 50, 0.9997, 1.0000, 1.7501, 46, 47
510, 223, 119, 114, 0.9997, 1.0000, 1.4436, 101, 100
510, 247, 56, 112, 0.9997, 1.0000, 1.2129, 73, 74
510, 260, 72, 50, 0.9997, 1.0000, 2.0163, 47, 48
510, 276, 16, 50, 0.9996, 0.7664, 2.0195, 12, 12
511, 223, 120, 115, 0.9997, 1.0000, 1.3951, 102, 101
511, 260, 74, 49, 0.9997, 1.0000, 2.1800, 48, 49
511, 279, 14, 39, 0.9997, 0.7664, 1.5310, 11, 11
512, 223, 121, 116, 0.9997, 1.0000, 1.4027, 103, 102
512, 247, 57, 113, 0.9997, 1.0000, 1.0434, 75, 76
512, 260, 75, 50, 0.9996, 1.0000, 1.3365, 49, 50
512, 279, 15, 39, 0.9997, 0.8081, 1.0169, 12, 12
512, 286, 126, 65, 0.9997, 0.7623, 2.0343, 5, 6
513, 223, 122, 117, 0.9997, 1.0000, 1.4126, 104, 103
513, 247, 58, 113, 0.9997, 1.0000, 1.0332, 76, 77
513, 260, 77, 50, 0.9997, 1.0000, 1.7321, 50, 51
513, 272, 108, 23, 0.9997, 0.7578, 1.4132, 23, 22
513, 279, 16, 39, 0.9997, 0.8498, 0.9411, 13, 13
514, 223, 123, 118, 0.9997, 1.0000, 1.4153, 105, 104
514, 247, 59, 114, 0.9997, 1.0000, 1.2831, 77, 78
514, 260, 79, 51, 0.9997, 1.0000, 2.1542, 51, 52
514, 272, 109, 24, 0.9997, 0.7993, 1.4139, 24, 23
515, 223, 124, 119, 0.9997, 1.0000, 1.4149, 106, 105
515, 247, 60, 114, 0.9997, 1.0000, 1.0457, 78, 79
515, 260, 80, 51, 0.9997, 1.0000, 1.3051, 52, 53
515, 272, 110, 25, 0.9997, 0.8408, 1.4143, 25, 24
515, 279, 18, 38, 0.9996, 0.9330, 1.6524, 15, 15
516, 223, 125, 120, 0.9997, 1.0000, 1.4143, 107, 106
516, 247, 61, 115, 0.9997, 1.0000, 1.2499, 79, 80
516, 260, 82, 51, 0.9997, 1.0000, 1.7246, 53, 54
516, 272, 111, 26, 0.9997, 0.8823, 1.4143, 26, 25
516, 279, 19, 39, 0.9996, 0.9747, 1.3785, 16, 16
517, 223, 125, 122, 0.9997, 1.0000, 1.7796, 108, 107
517, 247, 62, 115, 0.9997, 1.0000, 1.0286, 80, 81
517, 260, 84, 51, 0.9997, 1.0000, 2.0006, 54, 55
517, 279, 20, 37, 0.9996, 1.0000, 1.6195, 17, 17
518, 223, 127, 122, 0.9996, 1.0000, 1.5639, 109, 108
518, 247, 62, 116, 0.9997, 1.0000, 0.7860, 81, 82
518, 260, 86, 50, 0.9997, 1.0000, 2.1838, 55, 56
518, 276, 20, 54, 0.9997, 0.7564, 1.0216, 20, 19
518, 279, 22, 38, 0.9996, 1.0000, 1.7517, 18, 18
519, 223, 127, 124, 0.9996, 1.0000, 1.5639, 110, 109
519, 247, 64, 116, 0.9996, 1.0000, 1.4932, 82, 83
519, 260, 88, 51, 0.9996, 1.0000, 2.0701, 56, 57
519, 279, 24, 37, 0.9997, 1.0000, 2.0993, 19, 19
520, 247, 65, 117, 0.9997, 1.0000, 1.4938, 83, 84
520, 260, 89, 51, 0.9997, 1.0000, 1.2706, 57, 58
520, 276, 21, 54, 0.9997, 0.8395, 0.7478, 22, 21
520, 279, 25, 37, 0.9997, 1.0000, 1.3085, 20, 20
520, 285, 10, 50, 0.9997, 0.7522, 1.2256, 14, 13
521, 247, 66, 117, 0.9997, 1.0000, 1.0722, 84, 85
521, 260, 91, 51, 0.9997, 1.0000, 1.7065, 58, 59
521, 276, 21, 55, 0.9997, 0.8811, 0.7662, 23, 22
521, 279, 26, 36, 0.9997, 1.0000, 1.2337, 21, 21
521, 281, 103, 115, 0.9997, 0.7553, 2.2334, 18, 17
522, 247, 66, 118, 0.9997, 1.0000, 0.7788, 85, 86
522, 260, 93, 51, 0.9997, 1.0000, 1.9993, 59, 60
522, 276, 22, 55, 0.9997, 0.9226, 0.8010, 24, 23
522, 279, 28, 36, 0.9997, 1.0000, 1.7263, 22, 22
522, 281, 104, 115, 0.9997, 0.7969, 1.2657, 19, 18
522, 285, 12, 52, 0.9996, 0.8356, 2.1116, 16, 15
522, 290, 17, 74, 0.9997, 0.7623, 1.3670, 5, 6
523, 260, 95, 51, 0.9997, 1.0000, 2.0426, 60, 61
523, 276, 23, 56, 0.9997, 0.9642, 1.2702, 25, 24
523, 279, 29, 36, 0.9997, 1.0000, 1.2757, 23, 23
523, 281, 106, 114, 0.9997, 0.8385, 1.8552, 20, 19
523, 285, 13, 53, 0.9997, 0.8774, 1.8384, 17, 16
523, 290, 12, 78, 0.9977, 0.7984, 5.4655, 6, 7
524, 247, 68, 119, 0.9996, 1.0000, 1.6501, 87, 88
524, 260, 97, 51, 0.9997, 1.0000, 2.0164, 61, 62
524, 279, 30, 35, 0.9997, 1.0000, 1.2345, 24, 24
524, 281, 108, 114, 0.9997, 0.8801, 2.0140, 21, 20
524, 285, 14, 53, 0.9997, 0.9192, 1.0792, 18, 17
524, 290, 8, 80, 0.9996, 0.8384, 4.8452, 7, 8
525, 247, 69, 120, 0.9997, 1.0000, 1.6771, 88, 89
525, 260, 99, 51, 0.9997, 1.0000, 2.0000, 62, 63
525, 276, 24, 56, 0.9997, 1.0000, 0.7223, 27, 26
525, 279, 32, 35, 0.9997, 1.0000, 1.7467, 25, 25
525, 281, 110, 113, 0.9997, 0.9217, 2.1755, 22, 21
525, 285, 16, 54, 0.9997, 0.9609, 1.8658, 19, 18
526, 247, 70, 120, 0.9997, 1.0000, 1.0956, 89, 90
526, 260, 102, 50, 0.9997, 1.0000, 2.8650, 63, 64
526, 276, 25, 57, 0.9997, 1.0000, 1.2324, 28, 27
526, 279, 33, 35, 0.9997, 1.0000, 1.2764, 26, 26
526, 281, 112, 112, 0.9997, 0.9633, 2.2575, 23, 22
526, 285, 17, 55, 0.9997, 1.0000, 1.6103, 20, 19
527, 247, 71, 121, 0.9997, 1.0000, 1.2124, 90, 91
527, 279, 34, 34, 0.9997, 1.0000, 1.2343, 27, 27
527, 281, 114, 112, 0.9997, 1.0000, 2.0193, 24, 23
528, 247, 72, 121, 0.9997, 1.0000, 1.0091, 91, 92
528, 276, 26, 58, 0.9997, 1.0000, 1.0529, 30, 29
528, 281, 116, 111, 0.9997, 1.0000, 2.1242, 25, 24
528, 285, 19, 57, 0.9996, 1.0000, 2.0659, 22, 21
529, 247, 73, 122, 0.9997, 1.0000, 1.2464, 92, 93
529, 276, 27, 58, 0.9997, 1.0000, 1.0312, 31, 30
529, 279, 37, 35, 0.9996, 1.0000, 2.3484, 29, 29
529, 281, 118, 110, 0.9997, 1.0000, 2.2349, 26, 25
529, 285, 19, 57, 0.9996, 1.0000, 0.7364, 23, 22
530, 247, 74, 123, 0.9997, 1.0000, 1.4262, 93, 94
530, 276, 28, 58, 0.9997, 1.0000, 1.0404, 32, 31
530, 279, 38, 34, 0.9996, 1.0000, 1.6414, 30, 30
530, 281, 120, 110, 0.9997, 1.0000, 2.0190, 27, 26
530, 285, 21, 58, 0.9997, 1.0000, 1.6897, 24, 23
531, 247, 75, 123, 0.9997, 1.0000, 1.0391, 94, 95
531, 279, 39, 33, 0.9997, 1.0000, 1.4744, 31, 31
531, 281, 122, 109, 0.9997, 1.0000, 2.1270, 28, 27
531, 285, 22, 59, 0.9997, 1.0000, 1.5979, 25, 24
532, 247, 76, 124, 0.9997, 1.0000, 1.2337, 95, 96
532, 276, 29, 59, 0.9997, 1.0000, 1.0315, 34, 33
532, 279, 40, 33, 0.9997, 1.0000, 0.9901, 32, 32
532, 281, 124, 108, 0.9997, 1.0000, 2.2361, 29, 28
532, 285, 23, 60, 0.9997, 1.0000, 1.4520, 26, 25
533, 247, 78, 124, 0.9997, 1.0000, 1.7795, 96, 97
533, 276, 30, 59, 0.9997, 1.0000, 1.0398, 35, 34
533, 279, 42, 33, 0.9997, 1.0000, 1.7316, 33, 33
533, 281, 126, 107, 0.9997, 1.0000, 2.2544, 30, 29
533, 285, 25, 61, 0.9997, 1.0000, 2.0098, 27, 26
534, 247, 79, 124, 0.9997, 1.0000, 1.2918, 97, 98
534, 276, 31, 60, 0.9997, 1.0000, 1.2932, 36, 35
534, 279, 43, 33, 0.9997, 1.0000, 1.2906, 34, 34
534, 285, 26, 62, 0.9997, 1.0000, 1.6228, 28, 27
535, 247, 80, 125, 0.9997, 1.0000, 1.2344, 98, 99
535, 279, 44, 32, 0.9997, 1.0000, 1.2502, 35, 35
535, 285, 27, 63, 0.9997, 1.0000, 1.4121, 29, 28
535, 294, 27, 84, 0.9996, 0.8081, 2.1300, 10, 10
536, 247, 81, 125, 0.9997, 1.0000, 0.9972, 99, 100
536, 276, 32, 60, 0.9997, 1.0000, 0.7085, 38, 37
536, 279, 46, 32, 0.9997, 1.0000, 1.7479, 36, 36
536, 285, 28, 63, 0.9997, 1.0000, 0.9875, 30, 29
536, 294, 27, 84, 0.9996, 0.8497, 0.7679, 11, 11
537, 247, 82, 126, 0.9997, 1.0000, 1.2461, 100, 101
537, 276, 33, 60, 0.9997, 1.0000, 0.9986, 39, 38
537, 279, 47, 32, 0.9997, 1.0000, 1.2757, 37, 37
537, 285, 29, 64, 0.9997, 1.0000, 1.2128, 31, 30
538, 247, 83, 127, 0.9997, 1.0000, 1.4251, 101, 102
538, 276, 34, 61, 0.9997, 1.0000, 1.2836, 40, 39
538, 279, 49, 32, 0.9997, 1.0000, 1.7642, 38, 38
538, 285, 30, 65, 0.9997, 1.0000, 1.4143, 32, 31
538, 294, 29, 86, 0.9996, 0.9330, 2.0420, 13, 13
539, 247, 84, 127, 0.9997, 1.0000, 1.0397, 102, 103
539, 276, 34, 62, 0.9997, 1.0000, 1.0863, 41, 40
539, 279, 50, 32, 0.9997, 1.0000, 1.2516, 39, 39
539, 285, 32, 66, 0.9997, 1.0000, 2.0510, 33, 32
539, 292, 127, 50, 0.9997, 0.7869, 1.7091, 20, 18
539, 294, 30, 87, 0.9997, 0.9747, 1.8629, 14, 14
540, 276, 35, 62, 0.9997, 1.0000, 0.7670, 42, 41
540, 279, 51, 29, 0.9995, 1.0000, 2.4942, 40, 40
540, 285, 33, 67, 0.9997, 1.0000, 1.6443, 34, 33
540, 294, 31, 87, 0.9997, 1.0000, 1.0961, 15, 15
541, 276, 35, 63, 0.9997, 1.0000, 0.7590, 43, 42
541, 285, 34, 68, 0.9997, 1.0000, 1.4142, 35, 34
542, 276, 36, 63, 0.9997, 1.0000, 0.7852, 44, 43
542, 285, 34, 70, 0.9997, 1.0000, 1.7721, 36, 35
542, 294, 32, 89, 0.9996, 1.0000, 1.6101, 17, 17
543, 276, 36, 64, 0.9997, 1.0000, 0.7890, 45, 44
543, 285, 37, 69, 0.9995, 1.0000, 2.2324, 37, 36
543, 294, 33, 90, 0.9997, 1.0000, 1.6631, 18, 18
544, 276, 37, 64, 0.9997, 1.0000, 0.7919, 46, 45
544, 285, 38, 70, 0.9997, 1.0000, 1.6374, 38, 37
544, 294, 34, 91, 0.9997, 1.0000, 1.4879, 19, 19
545, 276, 38, 65, 0.9997, 1.0000, 1.2617, 47, 46
545, 285, 39, 71, 0.9997, 1.0000, 1.4173, 39, 38
545, 298, 14, 100, 0.9997, 0.7623, 1.7216, 5, 6
546, 285, 41, 72, 0.9997, 1.0000, 2.0047, 40, 39
547, 276, 39, 66, 0.9997, 1.0000, 1.0410, 49, 48
547, 285, 42, 73, 0.9997, 1.0000, 1.6285, 41, 40
548, 276, 40, 67, 0.9997, 1.0000, 1.4235, 50, 49
548, 279, 63, 29, 0.9997, 0.7623, 1.7704, 48, 47
548, 285, 43, 74, 0.9997, 1.0000, 1.4141, 42, 41
549, 279, 64, 28, 0.9997, 0.8038, 1.4367, 49, 48
549, 285, 45, 75, 0.9997, 1.0000, 1.9921, 43, 42
550, 276, 41, 68, 0.9997, 1.0000, 1.0224, 52, 51
550, 279, 66, 28, 0.9997, 0.8453, 1.7667, 50, 49
550, 285, 46, 76, 0.9997, 1.0000, 1.6211, 44, 43
551, 279, 67, 28, 0.9997, 0.8868, 1.2489, 51, 50
551, 285, 47, 77, 0.9997, 1.0000, 1.4142, 45, 44
552, 276, 42, 69, 0.9997, 1.0000, 1.0585, 54, 53
552, 279, 68, 27, 0.9997, 0.9282, 1.2235, 52, 51
552, 285, 49, 78, 0.9997, 1.0000, 1.9927, 46, 45
552, 299, 117, 125, 0.9997, 0.7918, 1.3859, 13, 12
552, 300, 125, 117, 0.9996, 0.7664, 3.1907, 9, 9
553, 276, 43, 69, 0.9997, 1.0000, 1.0461, 55, 54
553, 279, 70, 27, 0.9997, 0.9698, 1.7445, 53, 52
553, 285, 50, 78, 0.9997, 1.0000, 1.2980, 47, 46
553, 299, 118, 126, 0.9997, 0.8337, 1.3818, 14, 13
553, 300, 127, 117, 0.9997, 0.8081, 2.4113, 10, 10
554, 276, 44, 70, 0.9997, 1.0000, 1.2848, 56, 55
554, 279, 72, 27, 0.9997, 1.0000, 2.0419, 54, 53
554, 285, 52, 79, 0.9997, 1.0000, 1.9008, 48, 47
554, 301, 3, 86, 0.9997, 0.7623, 0.7233, 5, 6
555, 279, 73, 26, 0.9997, 1.0000, 1.4813, 55, 54
555, 285, 53, 80, 0.9997, 1.0000, 1.6019, 49, 48
555, 301, 4, 86, 0.9997, 0.7998, 0.9981, 6, 7
556, 276, 45, 71, 0.9997, 1.0000, 1.0309, 58, 57
556, 279, 75, 26, 0.9997, 1.0000, 1.7457, 56, 55
556, 285, 54, 81, 0.9997, 1.0000, 1.4340, 50, 49
557, 276, 46, 71, 0.9997, 1.0000, 1.0285, 59, 58
557, 279, 76, 26, 0.9997, 1.0000, 1.2337, 57, 56
557, 285, 56, 82, 0.9997, 1.0000, 1.9990, 51, 50
557, 301, 5, 86, 0.9997, 0.8779, 0.7237, 8, 9
558, 279, 78, 25, 0.9997, 1.0000, 1.8915, 58, 57
558, 285, 57, 83, 0.9997, 1.0000, 1.6226, 52, 51
558, 301, 5, 87, 0.9997, 0.9178, 0.8004, 9, 10
559, 276, 47, 72, 0.9997, 1.0000, 1.0229, 61, 60
559, 279, 79, 25, 0.9997, 1.0000, 1.2816, 59, 58
559, 285, 59, 84, 0.9997, 1.0000, 2.0273, 53, 52
560, 276, 48, 72, 0.9997, 1.0000, 1.0380, 62, 61
560, 279, 81, 25, 0.9997, 1.0000, 1.7509, 60, 59
560, 285, 60, 85, 0.9997, 1.0000, 1.6015, 54, 53
560, 301, 7, 87, 0.9996, 0.9985, 1.4875, 11, 12
561, 276, 48, 73, 0.9997, 1.0000, 0.8131, 63, 62
561, 279, 82, 25, 0.9997, 1.0000, 1.2508, 61, 60
561, 285, 62, 86, 0.9997, 1.0000, 2.0142, 55, 54
561, 301, 7, 87, 0.9997, 1.0000, 0.5720, 12, 13
561, 304, 49, 105, 0.9996, 0.7622, 2.0813, 5, 6
562, 276, 49, 73, 0.9997, 1.0000, 0.7660, 64, 63
562, 279, 84, 24, 0.9997, 1.0000, 1.9033, 62, 61
562, 285, 63, 87, 0.9997, 1.0000, 1.6002, 56, 55
562, 301, 8, 87, 0.9997, 1.0000, 0.7650, 13, 14
562, 304, 50, 106, 0.9997, 0.7998, 1.8265, 6, 7
563, 276, 50, 73, 0.9997, 1.0000, 1.0001, 65, 64
563, 279, 85, 24, 0.9997, 1.0000, 1.2836, 63, 62
563, 285, 65, 88, 0.9997, 1.0000, 2.0155, 57, 56
563, 301, 9, 87, 0.9997, 1.0000, 0.9728, 14, 15
564, 276, 51, 74, 0.9997, 1.0000, 1.2659, 66, 65
564, 279, 87, 24, 0.9997, 1.0000, 1.7500, 64, 63
564, 285, 66, 89, 0.9997, 1.0000, 1.6008, 58, 57
564, 301, 9, 88, 0.9997, 1.0000, 0.8092, 15, 16
564, 305, 118, 66, 0.9997, 0.7623, 2.0181, 5, 6
565, 279, 89, 23, 0.9997, 1.0000, 2.1395, 65, 64
565, 285, 68, 90, 0.9997, 1.0000, 2.0156, 59, 58
565, 301, 10, 88, 0.9997, 1.0000, 0.7784, 16, 17
565, 305, 117, 67, 0.9997, 0.7998, 1.4683, 6, 7
566, 276, 52, 74, 0.9997, 1.0000, 0.7082, 68, 67
566, 279, 90, 23, 0.9997, 1.0000, 1.3072, 66, 65
566, 285, 69, 91, 0.9997, 1.0000, 1.6008, 60, 59
566, 305, 115, 68, 0.9997, 0.8384, 1.9932, 7, 8
567, 276, 53, 75, 0.9997, 1.0000, 1.2326, 69, 68
567, 279, 92, 22, 0.9997, 1.0000, 1.8839, 67, 66
567, 285, 71, 93, 0.9997, 1.0000, 2.4847, 61, 60
567, 301, 11, 88, 0.9997, 1.0000, 0.7507, 18, 19
567, 305, 113, 68, 0.9997, 0.8779, 2.0191, 8, 9
568, 279, 93, 22, 0.9997, 1.0000, 1.2606, 68, 67
568, 285, 73, 94, 0.9997, 1.0000, 2.3926, 62, 61
568, 301, 12, 88, 0.9997, 1.0000, 1.0157, 19, 20
568, 305, 112, 69, 0.9997, 0.9178, 1.4672, 9, 10
569, 276, 54, 76, 0.9997, 1.0000, 1.0528, 71, 70
569, 279, 95, 22, 0.9997, 1.0000, 1.7485, 69, 68
569, 285, 74, 95, 0.9997, 1.0000, 1.6226, 63, 62
569, 301, 13, 89, 0.9997, 1.0000, 1.2924, 20, 21
569, 305, 110, 69, 0.9997, 0.9580, 1.7397, 10, 11
570, 276, 55, 76, 0.9997, 1.0000, 1.0313, 72, 71
570, 279, 96, 21, 0.9997, 1.0000, 1.4446, 70, 69
570, 285, 76, 96, 0.9997, 1.0000, 1.9704, 64, 63
570, 305, 109, 70, 0.9997, 0.9986, 1.4450, 11, 12
571, 276, 56, 76, 0.9997, 1.0000, 1.0404, 73, 72
571, 279, 98, 21, 0.9997, 1.0000, 1.7727, 71, 70
571, 285, 78, 97, 0.9997, 1.0000, 2.2281, 65, 64
571, 301, 14, 89, 0.9997, 1.0000, 0.7073, 22, 23
571, 305, 107, 71, 0.9997, 1.0000, 2.0220, 12, 13
571, 308, 10, 76, 0.9997, 0.7623, 2.8046, 5, 6
572, 276, 56, 77, 0.9997, 1.0000, 0.7639, 74, 73
572, 279, 99, 20, 0.9997, 1.0000, 1.4655, 72, 71
572, 285, 79, 98, 0.9997, 1.0000, 1.6214, 66, 65
572, 305, 106, 71, 0.9997, 1.0000, 1.2821, 13, 14
572, 308, 11, 76, 0.9996, 0.7998, 1.5430, 6, 7
572, 310, 5, 0, 0.9996, 0.7623, 1.8393, 5, 6
573, 276, 57, 77, 0.9997, 1.0000, 0.7607, 75, 74
573, 279, 101, 20, 0.9997, 1.0000, 1.7679, 73, 72
573, 285, 82, 99, 0.9996, 1.0000, 2.6820, 67, 66
573, 301, 15, 89, 0.9997, 1.0000, 0.7502, 24, 25
573, 308, 12, 78, 0.9996, 0.8384, 1.7821, 7, 8
573, 310, 6, 0, 0.9997, 0.7998, 1.3222, 6, 7
574, 276, 58, 78, 0.9997, 1.0000, 1.2571, 76, 75
574, 279, 102, 19, 0.9997, 1.0000, 1.4569, 74, 73
574, 285, 83, 100, 0.9997, 1.0000, 1.8266, 68, 67
574, 301, 16, 89, 0.9997, 1.0000, 1.0163, 25, 26
574, 308, 14, 78, 0.9996, 0.8778, 1.7628, 8, 9
574, 310, 7, 0, 0.9997, 0.8384, 0.9981, 7, 8
575, 279, 104, 19, 0.9997, 1.0000, 1.7676, 75, 74
575, 285, 84, 101, 0.9997, 1.0000, 1.4034, 69, 68
575, 301, 17, 89, 0.9997, 1.0000, 1.0427, 26, 27
575, 308, 15, 77, 0.9996, 0.9178, 1.4736, 9, 10
575, 310, 8, 0, 0.9997, 0.8779, 0.9570, 8, 9
576, 276, 59, 79, 0.9997, 1.0000, 1.0416, 78, 77
576, 279, 106, 19, 0.9997, 1.0000, 2.0140, 76, 75
576, 285, 86, 102, 0.9997, 1.0000, 1.9559, 70, 69
576, 301, 17, 90, 0.9997, 1.0000, 0.8047, 27, 28
576, 309, 15, 22, 0.9996, 0.7664, 1.4818, 10, 10
576, 308, 17, 77, 0.9997, 0.9580, 1.8066, 10, 11
576, 310, 9, 0, 0.9997, 0.9178, 0.9840, 9, 10
577, 276, 60, 78, 0.9996, 1.0000, 1.1248, 79, 78
577, 279, 107, 18, 0.9997, 1.0000, 1.4678, 77, 76
577, 285, 88, 104, 0.9997, 1.0000, 2.6865, 71, 70
577, 301, 18, 90, 0.9997, 1.0000, 0.7651, 28, 29
577, 309, 15, 22, 0.9997, 0.8081, 0.5279, 11, 11
577, 308, 19, 78, 0.9997, 0.9985, 2.1472, 11, 12
577, 310, 10, 0, 0.9997, 0.9581, 1.0002, 10, 11
578, 276, 61, 80, 0.9996, 1.0000, 1.6048, 80, 79
578, 279, 109, 18, 0.9997, 1.0000, 1.7444, 78, 77
578, 285, 90, 105, 0.9997, 1.0000, 2.4286, 72, 71
578, 301, 19, 90, 0.9997, 1.0000, 0.9976, 29, 30
578, 309, 17, 23, 0.9996, 0.8497, 1.6790, 12, 12
578, 308, 21, 79, 0.9997, 1.0000, 2.3178, 12, 13
578, 311, 100, 127, 0.9997, 0.7665, 1.4158, 10, 10
579, 276, 60, 80, 0.9996, 1.0000, 0.7459, 81, 80
579, 279, 111, 17, 0.9997, 1.0000, 2.1405, 79, 78
579, 285, 91, 106, 0.9997, 1.0000, 1.6038, 73, 72
579, 309, 18, 22, 0.9996, 0.8914, 1.3560, 13, 13
579, 308, 23, 79, 0.9997, 1.0000, 2.0371, 13, 14
580, 276, 62, 81, 0.9996, 1.0000, 1.4218, 82, 81
580, 279, 112, 17, 0.9997, 1.0000, 1.3009, 80, 79
580, 285, 93, 107, 0.9997, 1.0000, 1.9569, 74, 73
580, 301, 20, 91, 0.9997, 1.0000, 1.0411, 31, 32
580, 305, 94, 76, 0.9997, 0.7664, 1.9395, 21, 21
580, 309, 19, 23, 0.9997, 0.9330, 1.1302, 14, 14
580, 308, 25, 79, 0.9997, 1.0000, 1.9994, 14, 15
581, 276, 62, 82, 0.9997, 1.0000, 1.1188, 83, 82
581, 279, 114, 17, 0.9997, 1.0000, 1.7238, 81, 80
581, 285, 95, 109, 0.9997, 1.0000, 2.6536, 75, 74
581, 301, 21, 91, 0.9997, 1.0000, 1.0418, 32, 33
581, 305, 92, 77, 0.9997, 0.8081, 2.2596, 22, 22
581, 309, 20, 23, 0.9997, 0.9747, 1.0033, 15, 15
581, 308, 27, 80, 0.9997, 1.0000, 2.1177, 15, 16
582, 276, 63, 82, 0.9997, 1.0000, 0.8346, 84, 83
582, 279, 116, 16, 0.9997, 1.0000, 2.1261, 82, 81
582, 285, 97, 110, 0.9997, 1.0000, 2.4159, 76, 75
582, 305, 91, 77, 0.9997, 0.8497, 1.3045, 23, 23
582, 309, 22, 23, 0.9997, 1.0000, 1.7493, 16, 16
582, 308, 29, 80, 0.9997, 1.0000, 2.0180, 16, 17
583, 276, 64, 83, 0.9997, 1.0000, 1.2240, 85, 84
583, 279, 118, 16, 0.9997, 1.0000, 2.0592, 83, 82
583, 285, 99, 111, 0.9997, 1.0000, 2.2518, 77, 76
583, 301, 22, 91, 0.9997, 1.0000, 0.7248, 34, 35
583, 305, 90, 77, 0.9997, 0.8914, 0.9574, 24, 24
583, 309, 23, 23, 0.9997, 1.0000, 1.2906, 17, 17
583, 308, 30, 81, 0.9997, 1.0000, 1.4543, 17, 18
584, 276, 65, 83, 0.9997, 1.0000, 1.0534, 86, 85
584, 279, 119, 16, 0.9997, 1.0000, 1.2515, 84, 83
584, 285, 101, 113, 0.9997, 1.0000, 2.6395, 78, 77
584, 301, 23, 92, 0.9997, 1.0000, 1.2486, 35, 36
584, 309, 24, 24, 0.9997, 1.0000, 1.2512, 18, 18
584, 308, 32, 82, 0.9997, 1.0000, 1.9879, 18, 19
585, 276, 65, 84, 0.9997, 1.0000, 0.7892, 87, 86
585, 279, 121, 15, 0.9997, 1.0000, 1.8552, 85, 84
585, 285, 103, 114, 0.9997, 1.0000, 2.3702, 79, 78
585, 301, 23, 92, 0.9997, 1.0000, 0.4018, 36, 37
585, 309, 25, 24, 0.9997, 1.0000, 1.0013, 19, 19
585, 308, 34, 83, 0.9997, 1.0000, 2.2545, 19, 20
585, 313, 11, 96, 0.9997, 0.7664, 1.3066, 10, 10
586, 276, 66, 85, 0.9997, 1.0000, 1.2385, 88, 87
586, 279, 123, 15, 0.9997, 1.0000, 2.0168, 86, 85
586, 285, 105, 115, 0.9997, 1.0000, 2.2352, 80, 79
586, 301, 24, 92, 0.9997, 1.0000, 0.7236, 37, 38
586, 309, 26, 24, 0.9997, 1.0000, 0.9838, 20, 20
586, 308, 35, 83, 0.9997, 1.0000, 1.3027, 20, 21
586, 312, 122, 53, 0.9997, 0.7522, 1.1829, 14, 13
586, 313, 12, 97, 0.9997, 0.8081, 1.2455, 11, 11
587, 279, 124, 15, 0.9997, 1.0000, 1.2778, 87, 86
587, 285, 107, 116, 0.9997, 1.0000, 2.2184, 81, 80
587, 301, 25, 93, 0.9997, 1.0000, 1.2336, 38, 39
587, 309, 27, 25, 0.9997, 1.0000, 1.2334, 21, 21
587, 308, 37, 84, 0.9997, 1.0000, 1.8639, 21, 22
587, 312, 124, 53, 0.9997, 0.7939, 1.7155, 15, 14
588, 276, 67, 86, 0.9997, 1.0000, 1.0413, 90, 89
588, 279, 126, 14, 0.9997, 1.0000, 1.8701, 88, 87
588, 285, 109, 118, 0.9997, 1.0000, 2.6567, 82, 81
588, 309, 28, 25, 0.9997, 1.0000, 1.0395, 22, 22
588, 308, 39, 85, 0.9997, 1.0000, 2.2351, 22, 23
588, 312, 125, 53, 0.9997, 0.8357, 1.2467, 16, 15
588, 313, 14, 98, 0.9996, 0.8914, 1.6382, 13, 13
589, 276, 67, 87, 0.9997, 1.0000, 1.0305, 91, 90
589, 279, 125, 10, 0.9992, 1.0000, 3.4953, 89, 88
589, 285, 111, 119, 0.9997, 1.0000, 2.3810, 83, 82
589, 301, 26, 94, 0.9997, 1.0000, 1.0521, 40, 41
589, 309, 29, 25, 0.9997, 1.0000, 1.0009, 23, 23
589, 308, 41, 86, 0.9997, 1.0000, 2.2908, 23, 24
589, 312, 127, 53, 0.9997, 0.8774, 1.7538, 17, 16
589, 313, 16, 99, 0.9997, 0.9331, 2.2925, 14, 14
590, 276, 68, 87, 0.9997, 1.0000, 0.8001, 92, 91
590, 279, 115, 2, 0.9655, 1.0000, 11.5532, 90, 89
590, 285, 113, 120, 0.9997, 1.0000, 2.2371, 84, 83
590, 309, 31, 25, 0.9997, 1.0000, 1.7644, 24, 24
590, 308, 42, 86, 0.9997, 1.0000, 1.2766, 24, 25
590, 313, 17, 99, 0.9997, 0.9747, 1.3654, 15, 15
591, 285, 115, 122, 0.9997, 1.0000, 2.6393, 85, 84
591, 301, 27, 94, 0.9997, 1.0000, 0.7487, 42, 43
591, 309, 32, 26, 0.9997, 1.0000, 1.4929, 25, 25
591, 308, 44, 87, 0.9997, 1.0000, 1.8492, 25, 26
591, 313, 18, 99, 0.9997, 1.0000, 0.9755, 16, 16
591, 320, 125, 118, 0.9997, 0.7623, 1.6000, 5, 6
592, 276, 70, 89, 0.9996, 1.0000, 2.1116, 94, 93
592, 285, 117, 123, 0.9997, 1.0000, 2.3721, 86, 85
592, 301, 28, 95, 0.9997, 1.0000, 1.2456, 43, 44
592, 309, 33, 26, 0.9997, 1.0000, 1.0417, 26, 26
592, 308, 46, 87, 0.9997, 1.0000, 2.0114, 26, 27
592, 313, 20, 100, 0.9997, 1.0000, 1.8460, 17, 17
592, 316, 7, 114, 0.9997, 0.7664, 0.9560, 10, 10
592, 320, 127, 119, 0.9997, 0.7998, 1.9932, 6, 7
593, 276, 70, 90, 0.9997, 1.0000, 1.4381, 95, 94
593, 285, 119, 125, 0.9997, 1.0000, 2.6666, 87, 86
593, 309, 34, 26, 0.9997, 1.0000, 0.9574, 27, 27
593, 308, 49, 87, 0.9997, 1.0000, 2.8057, 27, 28
593, 313, 21, 100, 0.9997, 1.0000, 1.3027, 18, 18
593, 316, 7, 115, 0.9997, 0.8081, 1.0213, 11, 11
594, 276, 71, 90, 0.9997, 1.0000, 0.8056, 96, 95
594, 285, 121, 126, 0.9997, 1.0000, 2.3593, 88, 87
594, 301, 29, 95, 0.9997, 1.0000, 0.7222, 45, 46
594, 309, 35, 26, 0.9997, 1.0000, 0.9846, 28, 28
594, 308, 51, 88, 0.9997, 1.0000, 2.4191, 28, 29
594, 313, 23, 100, 0.9997, 1.0000, 1.7654, 19, 19
594, 316, 9, 115, 0.9996, 0.8497, 1.5447, 12, 12
595, 276, 72, 91, 0.9997, 1.0000, 1.1868, 97, 96
595, 285, 123, 127, 0.9997, 1.0000, 2.2292, 89, 88
595, 301, 30, 96, 0.9997, 1.0000, 1.2337, 46, 47
595, 309, 37, 27, 0.9997, 1.0000, 1.9158, 29, 29
595, 308, 53, 88, 0.9997, 1.0000, 2.0195, 29, 30
595, 313, 24, 100, 0.9997, 1.0000, 1.2531, 20, 20
595, 316, 12, 116, 0.9996, 0.8914, 2.9298, 13, 13
596, 276, 73, 92, 0.9997, 1.0000, 1.4195, 98, 97
596, 309, 38, 27, 0.9997, 1.0000, 1.3266, 30, 30
596, 308, 55, 88, 0.9997, 1.0000, 1.9551, 30, 31
596, 313, 25, 100, 0.9997, 1.0000, 0.9849, 21, 21
596, 316, 15, 118, 0.9997, 0.9330, 3.6142, 14, 14
596, 322, 120, 122, 0.9879, 0.7545, 7.6167, 5, 6
597, 276, 74, 92, 0.9997, 1.0000, 1.0507, 99, 98
597, 301, 31, 96, 0.9997, 1.0000, 0.7237, 48, 49
597, 309, 39, 27, 0.9997, 1.0000, 1.0009, 31, 31
597, 308, 58, 87, 0.9997, 1.0000, 2.8621, 31, 32
597, 313, 27, 101, 0.9997, 1.0000, 1.8831, 22, 22
598, 276, 74, 93, 0.9997, 1.0000, 0.7638, 100, 99
598, 301, 32, 96, 0.9997, 1.0000, 1.0009, 49, 50
598, 309, 40, 28, 0.9997, 1.0000, 1.1993, 32, 32
598, 308, 60, 87, 0.9997, 1.0000, 2.3123, 32, 33
598, 313, 28, 101, 0.9997, 1.0000, 1.3111, 23, 23
599, 276, 75, 94, 0.9997, 1.0000, 1.2254, 101, 100
599, 301, 32, 97, 0.9997, 1.0000, 0.7979, 50, 51
599, 309, 42, 28, 0.9997, 1.0000, 1.7691, 33, 33
599, 308, 63, 87, 0.9997, 1.0000, 2.7664, 33, 34
599, 313, 30, 101, 0.9997, 1.0000, 1.7648, 24, 24
600, 276, 76, 94, 0.9997, 1.0000, 1.0368, 102, 101
600, 301, 33, 97, 0.9997, 1.0000, 0.7802, 51, 52
600, 309, 43, 28, 0.9997, 1.0000, 1.2917, 34, 34
600, 308, 65, 86, 0.9997, 1.0000, 2.3623, 34, 35
600, 313, 31, 101, 0.9997, 1.0000, 1.2523, 25, 25
600, 326, 101, 111, 0.9996, 0.7623, 1.3066, 5, 6
601, 276, 77, 95, 0.9997, 1.0000, 1.2689, 103, 102
601, 301, 34, 97, 0.9997, 1.0000, 1.0000, 52, 53
601, 308, 68, 86, 0.9997, 1.0000, 2.7614, 35, 36
601, 313, 33, 101, 0.9997, 1.0000, 1.7485, 26, 26
601, 326, 103, 111, 0.9997, 0.7998, 1.6804, 6, 7
602, 276, 78, 96, 0.9997, 1.0000, 1.4258, 104, 103
602, 301, 35, 97, 0.9997, 1.0000, 1.0412, 53, 54
602, 309, 45, 29, 0.9996, 1.0000, 1.6145, 36, 36
602, 308, 70, 85, 0.9997, 1.0000, 2.3753, 36, 37
602, 313, 34, 101, 0.9997, 1.0000, 1.2492, 27, 27
602, 323, 11, 126, 0.9997, 0.7665, 1.9940, 11, 11
602, 325, 35, 3, 0.9997, 0.7664, 1.1084, 9, 9
602, 326, 105, 111, 0.9997, 0.8385, 1.9838, 7, 8
603, 276, 78, 97, 0.9997, 1.0000, 1.0668, 105, 104
603, 309, 47, 29, 0.9997, 1.0000, 2.0602, 37, 37
603, 308, 73, 84, 0.9997, 1.0000, 2.9316, 37, 38
603, 313, 36, 101, 0.9997, 1.0000, 1.7499, 28, 28
603, 325, 36, 3, 0.9997, 0.8081, 0.9792, 10, 10
603, 326, 107, 112, 0.9997, 0.8779, 2.1733, 8, 9
604, 276, 79, 98, 0.9997, 1.0000, 1.2366, 106, 105
604, 301, 36, 97, 0.9997, 1.0000, 0.7082, 55, 56
604, 309, 48, 29, 0.9997, 1.0000, 1.3342, 38, 38
604, 308, 75, 83, 0.9997, 1.0000, 2.4790, 38, 39
604, 313, 37, 101, 0.9997, 1.0000, 1.2501, 29, 29
604, 316, 22, 124, 0.9997, 0.7574, 1.6721, 22, 21
604, 325, 37, 3, 0.9997, 0.8498, 1.0005, 11, 11
605, 276, 80, 99, 0.9997, 1.0000, 1.4136, 107, 106
605, 301, 37, 97, 0.9997, 1.0000, 0.9978, 56, 57
605, 309, 49, 30, 0.9997, 1.0000, 1.2142, 39, 39
605, 308, 77, 81, 0.9997, 1.0000, 2.6651, 39, 40
605, 313, 39, 101, 0.9997, 1.0000, 1.7500, 30, 30
605, 316, 23, 124, 0.9997, 0.7989, 1.0789, 23, 22
605, 325, 38, 3, 0.9997, 0.8914, 1.0030, 12, 12
605, 329, 18, 108, 0.9997, 0.7623, 2.0216, 5, 6
606, 276, 80, 100, 0.9997, 1.0000, 1.0359, 108, 107
606, 301, 38, 97, 0.9997, 1.0000, 1.0417, 57, 58
606, 309, 50, 30, 0.9997, 1.0000, 0.9815, 40, 40
606, 308, 80, 78, 0.9996, 1.0000, 3.9186, 40, 41
606, 313, 40, 101, 0.9997, 1.0000, 1.2500, 31, 31
606, 316, 24, 125, 0.9997, 0.8404, 1.2208, 24, 23
606, 329, 19, 108, 0.9997, 0.7998, 1.2809, 6, 7
607, 276, 81, 101, 0.9997, 1.0000, 1.2342, 109, 108
607, 309, 51, 30, 0.9997, 1.0000, 0.9814, 41, 41
607, 308, 83, 75, 0.9997, 1.0000, 4.3497, 41, 42
607, 313, 42, 102, 0.9997, 1.0000, 1.9094, 32, 32
607, 316, 25, 126, 0.9997, 0.8819, 1.4009, 25, 24
607, 325, 41, 3, 0.9996, 0.9746, 2.2362, 14, 14
608, 276, 81, 102, 0.9997, 1.0000, 1.0275, 110, 109
608, 301, 39, 97, 0.9997, 1.0000, 0.7083, 59, 60
608, 309, 53, 31, 0.9997, 1.0000, 1.9079, 42, 42
608, 313, 43, 102, 0.9997, 1.0000, 1.2836, 33, 33
608, 325, 42, 4, 0.9997, 1.0000, 1.7589, 15, 15
608, 329, 22, 107, 0.9996, 0.8778, 2.3055, 8, 9
609, 276, 81, 104, 0.9997, 1.0000, 1.7641, 111, 110
609, 301, 40, 97, 0.9997, 1.0000, 0.9977, 60, 61
609, 309, 54, 31, 0.9997, 1.0000, 1.3242, 43, 43
609, 313, 44, 103, 0.9997, 1.0000, 1.2474, 34, 34
609, 325, 43, 4, 0.9997, 1.0000, 1.0826, 16, 16
609, 329, 24, 107, 0.9997, 0.9178, 2.3499, 9, 10
610, 276, 81, 106, 0.9997, 1.0000, 2.0562, 112, 111
610, 301, 41, 97, 0.9997, 1.0000, 1.0417, 61, 62
610, 309, 55, 32, 0.9997, 1.0000, 1.2592, 44, 44
610, 313, 46, 103, 0.9997, 1.0000, 1.7401, 35, 35
610, 329, 25, 106, 0.9997, 0.9580, 1.5394, 10, 11
611, 301, 42, 96, 0.9997, 1.0000, 1.2714, 62, 63
611, 309, 57, 32, 0.9997, 1.0000, 1.7396, 45, 45
611, 313, 47, 104, 0.9997, 1.0000, 1.4805, 36, 36
611, 329, 27, 105, 0.9997, 0.9986, 1.9784, 11, 12
612, 301, 41, 97, 0.9996, 1.0000, 0.7081, 63, 64
612, 309, 58, 32, 0.9997, 1.0000, 1.2754, 46, 46
612, 313, 49, 104, 0.9997, 1.0000, 1.7822, 37, 37
612, 329, 28, 105, 0.9997, 1.0000, 1.2485, 12, 13
612, 333, 49, 92, 0.9997, 0.7623, 1.0373, 5, 6
613, 301, 43, 98, 0.9996, 1.0000, 1.5819, 64, 65
613, 309, 59, 33, 0.9997, 1.0000, 1.2330, 47, 47
613, 313, 50, 105, 0.9997, 1.0000, 1.4591, 38, 38
613, 329, 30, 104, 0.9997, 1.0000, 1.8884, 13, 14
613, 331, 25, 20, 0.9997, 0.7664, 2.6266, 9, 9
613, 333, 47, 93, 0.9997, 0.7998, 1.8669, 6, 7
614, 301, 44, 98, 0.9997, 1.0000, 1.3335, 65, 66
614, 309, 61, 33, 0.9997, 1.0000, 1.7460, 48, 48
614, 313, 51, 106, 0.9997, 1.0000, 1.4134, 39, 39
614, 329, 31, 104, 0.9997, 1.0000, 1.2748, 14, 15
614, 331, 24, 22, 0.9997, 0.8081, 2.3473, 10, 10
614, 333, 46, 93, 0.9997, 0.8384, 1.2971, 7, 8
615, 309, 63, 33, 0.9997, 1.0000, 2.0404, 49, 49
615, 313, 53, 106, 0.9997, 1.0000, 1.7436, 40, 40
615, 331, 22, 24, 0.9997, 0.8498, 2.6584, 11, 11
616, 301, 45, 98, 0.9997, 1.0000, 0.7008, 67, 68
616, 309, 64, 34, 0.9997, 1.0000, 1.4807, 50, 50
616, 313, 54, 107, 0.9997, 1.0000, 1.4677, 41, 41
616, 331, 21, 26, 0.9997, 0.8914, 2.3604, 12, 12
616, 336, 77, 117, 0.9997, 0.7623, 2.2285, 5, 6
617, 301, 46, 99, 0.9997, 1.0000, 1.2342, 68, 69
617, 309, 66, 34, 0.9997, 1.0000, 1.7456, 51, 51
617, 313, 56, 108, 0.9997, 1.0000, 2.0280, 42, 42
617, 325, 53, 4, 0.9997, 0.7581, 1.7637, 24, 23
617, 331, 19, 28, 0.9997, 0.9331, 2.6581, 13, 13
617, 336, 75, 119, 0.9997, 0.7998, 2.6944, 6, 7
618, 301, 46, 99, 0.9997, 1.0000, 0.4013, 69, 70
618, 309, 66, 34, 0.9996, 1.0000, 0.4699, 52, 52
618, 313, 57, 109, 0.9997, 1.0000, 1.6275, 43, 43
618, 325, 54, 4, 0.9997, 0.7996, 1.2941, 25, 24
618, 331, 17, 30, 0.9997, 0.9747, 2.8382, 14, 14
618, 336, 73, 120, 0.9997, 0.8384, 2.4116, 7, 8
619, 301, 47, 100, 0.9997, 1.0000, 1.0556, 70, 71
619, 309, 68, 34, 0.9997, 1.0000, 1.4564, 53, 53
619, 313, 59, 109, 0.9997, 1.0000, 1.7665, 44, 44
619, 325, 53, 4, 0.9996, 0.8411, 0.5270, 26, 25
619, 331, 16, 31, 0.9997, 1.0000, 1.7778, 15, 15
620, 301, 48, 100, 0.9997, 1.0000, 1.0317, 71, 72
620, 309, 69, 35, 0.9997, 1.0000, 1.4582, 54, 54
620, 313, 60, 110, 0.9997, 1.0000, 1.4360, 45, 45
620, 325, 56, 4, 0.9994, 0.8824, 2.6656, 27, 26
620, 331, 14, 34, 0.9996, 1.0000, 3.0128, 16, 16
621, 301, 49, 101, 0.9997, 1.0000, 1.2812, 72, 73
621, 309, 71, 35, 0.9997, 1.0000, 1.8171, 55, 55
621, 313, 62, 111, 0.9997, 1.0000, 2.0144, 46, 46
621, 325, 58, 4, 0.9997, 0.9241, 1.8590, 28, 27
621, 331, 13, 36, 0.9997, 1.0000, 2.6035, 17, 17
621, 335, 117, 65, 0.9997, 0.7664, 2.0622, 11, 11
622, 309, 72, 36, 0.9997, 1.0000, 1.4801, 56, 56
622, 313, 63, 112, 0.9997, 1.0000, 1.6272, 47, 47
622, 325, 60, 4, 0.9997, 0.9657, 1.8490, 29, 28
622, 329, 35, 98, 0.9996, 0.7664, 2.5552, 22, 22
622, 331, 11, 39, 0.9997, 1.0000, 3.3066, 18, 18
622, 335, 120, 65, 0.9997, 0.8081, 2.7027, 12, 12
623, 301, 50, 102, 0.9997, 1.0000, 1.0315, 74, 75
623, 309, 73, 36, 0.9997, 1.0000, 1.0172, 57, 57
623, 313, 65, 113, 0.9997, 1.0000, 2.0237, 48, 48
623, 325, 61, 4, 0.9997, 1.0000, 1.1990, 30, 29
623, 331, 10, 41, 0.9997, 1.0000, 2.5882, 19, 19
623, 335, 123, 65, 0.9997, 0.8498, 3.0369, 13, 13
624, 301, 51, 102, 0.9997, 1.0000, 1.0286, 75, 76
624, 309, 75, 37, 0.9997, 1.0000, 1.8752, 58, 58
624, 313, 66, 114, 0.9997, 1.0000, 1.6009, 49, 49
624, 325, 62, 4, 0.9997, 1.0000, 0.9521, 31, 30
624, 331, 8, 43, 0.9997, 1.0000, 2.6459, 20, 20
624, 335, 126, 66, 0.9997, 0.8914, 3.1439, 14, 14
625, 309, 76, 37, 0.9997, 1.0000, 1.3010, 59, 59
625, 313, 68, 114, 0.9997, 1.0000, 1.7655, 50, 50
625, 325, 63, 4, 0.9997, 1.0000, 0.9527, 32, 31
625, 331, 7, 45, 0.9997, 1.0000, 2.3206, 21, 21
626, 301, 52, 103, 0.9997, 1.0000, 1.0229, 77, 78
626, 309, 78, 37, 0.9997, 1.0000, 1.7648, 60, 60
626, 313, 69, 115, 0.9997, 1.0000, 1.4362, 51, 51
626, 325, 65, 4, 0.9997, 1.0000, 1.7528, 33, 32
626, 331, 6, 48, 0.9997, 1.0000, 2.9206, 22, 22
627, 301, 53, 103, 0.9997, 1.0000, 1.0380, 78, 79
627, 309, 79, 38, 0.9997, 1.0000, 1.4451, 61, 61
627, 313, 71, 116, 0.9997, 1.0000, 2.0156, 52, 52
627, 325, 67, 4, 0.9997, 1.0000, 2.0584, 34, 33
627, 331, 6, 49, 0.9996, 1.0000, 1.5411, 23, 23
628, 301, 54, 103, 0.9997, 1.0000, 1.0402, 79, 80
628, 309, 81, 38, 0.9997, 1.0000, 1.7704, 62, 62
628, 313, 72, 117, 0.9997, 1.0000, 1.6278, 53, 53
628, 325, 68, 4, 0.9997, 1.0000, 1.2944, 35, 34
628, 331, 3, 52, 0.9996, 1.0000, 3.3259, 24, 24
629, 301, 55, 103, 0.9997, 1.0000, 1.0162, 80, 81
629, 309, 82, 39, 0.9997, 1.0000, 1.4647, 63, 63
629, 313, 74, 118, 0.9997, 1.0000, 2.0237, 54, 54
629, 325, 69, 4, 0.9997, 1.0000, 0.9580, 36, 35
629, 331, 2, 54, 0.9997, 1.0000, 2.7519, 25, 25
630, 301, 55, 104, 0.9997, 1.0000, 0.7848, 81, 82
630, 309, 84, 39, 0.9997, 1.0000, 1.7679, 64, 64
630, 313, 75, 118, 0.9997, 1.0000, 1.2721, 55, 55
630, 325, 70, 4, 0.9997, 1.0000, 0.9410, 37, 36
630, 329, 26, 104, 0.9997, 0.7598, 1.3475, 30, 29
630, 331, 1, 57, 0.9997, 1.0000, 2.9794, 26, 26
630, 339, 124, 7, 0.9996, 0.7622, 2.2499, 5, 6
631, 301, 56, 104, 0.9997, 1.0000, 0.7639, 82, 83
631, 309, 85, 39, 0.9997, 1.0000, 1.2502, 65, 65
631, 313, 77, 119, 0.9997, 1.0000, 1.8870, 56, 56
631, 325, 72, 4, 0.9997, 1.0000, 1.7475, 38, 37
631, 329, 25, 104, 0.9997, 0.8012, 1.0016, 31, 30
631, 331, 0, 58, 0.9996, 1.0000, 1.7671, 27, 27
631, 339, 125, 7, 0.9997, 0.7998, 1.5390, 6, 7
632, 301, 57, 104, 0.9997, 1.0000, 0.9991, 83, 84
632, 309, 87, 40, 0.9997, 1.0000, 1.8929, 66, 66
632, 313, 79, 120, 0.9997, 1.0000, 2.2481, 57, 57
632, 325, 74, 4, 0.9997, 1.0000, 2.0581, 39, 38
632, 331, 0, 60, 0.9997, 1.0000, 1.7064, 28, 28
632, 339, 127, 7, 0.9997, 0.8385, 1.7875, 7, 8
633, 301, 58, 105, 0.9997, 1.0000, 1.2683, 84, 85
633, 309, 89, 40, 0.9997, 1.0000, 2.0330, 67, 67
633, 313, 80, 121, 0.9997, 1.0000, 1.6492, 58, 58
633, 325, 75, 4, 0.9997, 1.0000, 1.2951, 40, 39
633, 331, 5, 69, 0.9826, 1.0000, 9.3075, 29, 29
634, 309, 90, 41, 0.9997, 1.0000, 1.4892, 68, 68
634, 313, 82, 122, 0.9997, 1.0000, 1.9997, 59, 59
634, 325, 77, 4, 0.9997, 1.0000, 1.7223, 41, 40
635, 301, 59, 105, 0.9997, 1.0000, 0.7083, 86, 87
635, 309, 92, 41, 0.9997, 1.0000, 1.7404, 69, 69
635, 313, 84, 122, 0.9997, 1.0000, 2.0131, 60, 60
635, 325, 78, 4, 0.9997, 1.0000, 1.2328, 42, 41
636, 301, 60, 105, 0.9997, 1.0000, 0.9984, 87, 88
636, 309, 93, 42, 0.9997, 1.0000, 1.4443, 70, 70
636, 313, 86, 122, 0.9997, 1.0000, 2.0411, 61, 61
636, 325, 79, 4, 0.9997, 1.0000, 0.9836, 43, 42
637, 301, 62, 106, 0.9997, 1.0000, 1.9546, 88, 89
637, 309, 95, 42, 0.9997, 1.0000, 1.7661, 71, 71
637, 325, 81, 4, 0.9997, 1.0000, 1.7237, 44, 43
638, 301, 62, 106, 0.9996, 1.0000, 0.6174, 89, 90
638, 309, 97, 42, 0.9997, 1.0000, 2.0155, 72, 72
638, 325, 82, 4, 0.9997, 1.0000, 1.2788, 45, 44
639, 309, 98, 43, 0.9997, 1.0000, 1.4685, 73, 73
639, 325, 84, 4, 0.9997, 1.0000, 1.7648, 46, 45
639, 341, 73, 90, 0.9997, 0.7664, 2.3312, 11, 11
640, 301, 63, 107, 0.9997, 1.0000, 0.9806, 91, 92
640, 309, 100, 43, 0.9997, 1.0000, 1.7445, 74, 74
640, 325, 85, 4, 0.9997, 1.0000, 1.2515, 47, 46
641, 301, 64, 107, 0.9997, 1.0000, 1.0618, 92, 93
641, 309, 101, 44, 0.9997, 1.0000, 1.4528, 75, 75
641, 325, 87, 4, 0.9997, 1.0000, 1.7484, 48, 47
642, 301, 65, 107, 0.9997, 1.0000, 1.0588, 93, 94
642, 309, 103, 44, 0.9997, 1.0000, 1.7664, 76, 76
642, 325, 88, 4, 0.9997, 1.0000, 1.2492, 49, 48
642, 347, 96, 127, 0.9997, 0.7623, 1.7613, 5, 6
643, 301, 66, 108, 0.9997, 1.0000, 1.2496, 94, 95
643, 309, 105, 45, 0.9997, 1.0000, 2.1500, 77, 77
643, 325, 90, 4, 0.9997, 1.0000, 1.7499, 50, 49
644, 301, 67, 108, 0.9997, 1.0000, 1.0361, 95, 96
644, 309, 107, 45, 0.9997, 1.0000, 2.0578, 78, 78
644, 325, 91, 4, 0.9997, 1.0000, 1.2501, 51, 50
645, 301, 67, 109, 0.9997, 1.0000, 0.7986, 96, 97
645, 309, 108, 46, 0.9997, 1.0000, 1.4578, 79, 79
645, 325, 93, 4, 0.9997, 1.0000, 1.7500, 52, 51
646, 301, 68, 109, 0.9997, 1.0000, 0.7505, 97, 98
646, 309, 109, 45, 0.9996, 1.0000, 1.0743, 80, 80
646, 325, 94, 4, 0.9997, 1.0000, 1.2500, 53, 52
647, 301, 69, 109, 0.9997, 1.0000, 1.0002, 98, 99
647, 309, 112, 47, 0.9995, 1.0000, 2.7556, 81, 81
647, 325, 96, 4, 0.9997, 1.0000, 1.7500, 54, 53
647, 348, 98, 52, 0.9997, 0.7664, 3.2064, 11, 11
647, 346, 6, 115, 0.9997, 0.7664, 0.9797, 11, 11
648, 301, 70, 110, 0.9997, 1.0000, 1.2680, 99, 100
648, 309, 114, 47, 0.9997, 1.0000, 2.3957, 82, 82
648, 325, 98, 5, 0.9997, 1.0000, 2.1540, 55, 54
648, 348, 97, 49, 0.9997, 0.8081, 3.1332, 12, 12
648, 346, 5, 116, 0.9997, 0.8081, 1.2254, 12, 12
649, 301, 71, 110, 0.9997, 1.0000, 1.0536, 100, 101
649, 309, 115, 48, 0.9997, 1.0000, 1.5182, 83, 83
649, 325, 99, 4, 0.9996, 1.0000, 1.3623, 56, 55
649, 348, 95, 45, 0.9997, 0.8497, 4.1347, 13, 13
649, 346, 4, 117, 0.9997, 0.8498, 1.4234, 13, 13
650, 301, 72, 112, 0.9996, 1.0000, 1.8267, 101, 102
650, 309, 117, 48, 0.9997, 1.0000, 1.6968, 84, 84
650, 325, 101, 5, 0.9997, 1.0000, 1.7857, 57, 56
650, 348, 93, 42, 0.9997, 0.8914, 3.8762, 14, 14
650, 346, 1, 117, 0.9996, 0.8914, 2.5457, 14, 14
651, 309, 119, 49, 0.9997, 1.0000, 2.1129, 85, 85
651, 325, 102, 5, 0.9997, 1.0000, 1.2602, 58, 57
651, 348, 92, 39, 0.9997, 0.9331, 3.2682, 15, 15
652, 301, 72, 113, 0.9996, 1.0000, 1.2219, 103, 104
652, 309, 121, 49, 0.9997, 1.0000, 2.0543, 86, 86
652, 325, 104, 5, 0.9997, 1.0000, 1.7486, 59, 58
652, 348, 91, 36, 0.9997, 0.9747, 3.1095, 16, 16
653, 301, 74, 112, 0.9996, 1.0000, 1.4959, 104, 105
653, 309, 123, 50, 0.9997, 1.0000, 2.1531, 87, 87
653, 325, 106, 5, 0.9997, 1.0000, 2.0157, 60, 59
653, 348, 89, 33, 0.9997, 1.0000, 3.4368, 17, 17
653, 347, 120, 125, 0.9997, 0.7540, 2.1216, 16, 15
654, 301, 75, 113, 0.9997, 1.0000, 1.4197, 105, 106
654, 309, 125, 50, 0.9997, 1.0000, 2.0167, 88, 88
654, 325, 107, 5, 0.9997, 1.0000, 1.2788, 61, 60
654, 348, 89, 30, 0.9996, 1.0000, 3.0432, 18, 18
654, 347, 121, 126, 0.9997, 0.7956, 1.6202, 17, 16
655, 309, 127, 51, 0.9997, 1.0000, 2.1340, 89, 89
655, 325, 109, 5, 0.9997, 1.0000, 1.7222, 62, 61
655, 348, 87, 26, 0.9996, 1.0000, 4.0446, 19, 19
655, 347, 123, 127, 0.9997, 0.8373, 2.0139, 18, 17
656, 301, 76, 114, 0.9997, 1.0000, 1.0351, 107, 108
656, 325, 110, 5, 0.9997, 1.0000, 1.2352, 63, 62
656, 348, 87, 23, 0.9997, 1.0000, 3.3288, 20, 20
657, 301, 77, 114, 0.9997, 1.0000, 1.0165, 108, 109
657, 325, 112, 6, 0.9997, 1.0000, 1.9083, 64, 63
657, 348, 86, 21, 0.9997, 1.0000, 2.3539, 21, 21
658, 301, 78, 115, 0.9997, 1.0000, 1.2825, 109, 110
658, 325, 114, 6, 0.9997, 1.0000, 2.0365, 65, 64
658, 348, 86, 18, 0.9997, 1.0000, 2.6737, 22, 22
658, 355, 27, 47, 0.9997, 0.7665, 3.4451, 10, 10
659, 301, 79, 115, 0.9997, 1.0000, 1.0476, 110, 111
659, 325, 115, 6, 0.9997, 1.0000, 1.2787, 66, 65
659, 348, 85, 15, 0.9997, 1.0000, 3.0733, 23, 23
659, 352, 108, 82, 0.9997, 0.7815, 2.0131, 16, 14
659, 355, 29, 46, 0.9997, 0.8081, 2.5240, 11, 11
659, 358, 38, 9, 0.9997, 0.7623, 6.7703, 5, 6
660, 301, 79, 116, 0.9997, 1.0000, 0.7858, 111, 112
660, 325, 117, 6, 0.9997, 1.0000, 1.7228, 67, 66
660, 348, 85, 12, 0.9997, 1.0000, 3.0529, 24, 24
660, 352, 110, 81, 0.9997, 0.8233, 2.1351, 17, 15
660, 355, 32, 45, 0.9997, 0.8498, 2.8755, 12, 12
660, 358, 45, 9, 0.9997, 0.7998, 6.9998, 6, 7
661, 301, 80, 116, 0.9997, 1.0000, 0.7489, 112, 113
661, 325, 120, 7, 0.9996, 1.0000, 2.8624, 68, 67
661, 348, 83, 8, 0.9996, 1.0000, 4.0751, 25, 25
661, 352, 112, 80, 0.9997, 0.8650, 2.2423, 18, 16
661, 355, 35, 44, 0.9997, 0.8914, 3.1466, 13, 13
661, 358, 51, 9, 0.9997, 0.8384, 6.2728, 7, 8
662, 301, 81, 117, 0.9997, 1.0000, 1.2493, 113, 114
662, 352, 113, 80, 0.9997, 0.9067, 1.2670, 19, 17
662, 355, 38, 44, 0.9997, 0.9331, 3.0472, 14, 14
662, 358, 59, 8, 0.9996, 0.8778, 7.5220, 8, 9
663, 301, 82, 117, 0.9997, 1.0000, 1.0721, 114, 115
663, 352, 115, 79, 0.9997, 0.9485, 1.8546, 20, 18
663, 355, 40, 43, 0.9997, 0.9747, 2.3617, 15, 15
663, 358, 67, 8, 0.9997, 0.9178, 8.0608, 9, 10
663, 360, 97, 12, 0.9997, 0.7623, 0.7640, 5, 6
664, 301, 83, 118, 0.9997, 1.0000, 1.2631, 115, 116
664, 352, 117, 78, 0.9997, 0.9902, 2.2357, 21, 19
664, 355, 43, 42, 0.9997, 1.0000, 2.8878, 16, 16
664, 358, 74, 8, 0.9997, 0.9580, 7.3323, 10, 11
665, 352, 119, 78, 0.9997, 1.0000, 2.0612, 22, 20
665, 355, 46, 42, 0.9997, 1.0000, 3.0108, 17, 17
666, 301, 84, 119, 0.9997, 1.0000, 1.0299, 117, 118
666, 352, 121, 77, 0.9997, 1.0000, 2.1422, 23, 21
666, 355, 49, 41, 0.9997, 1.0000, 3.1267, 18, 18
666, 362, 1, 15, 0.9997, 0.7623, 0.7078, 5, 6
667, 301, 85, 119, 0.9997, 1.0000, 1.0299, 118, 119
667, 352, 122, 76, 0.9997, 1.0000, 1.5900, 24, 22
667, 355, 52, 41, 0.9997, 1.0000, 3.0254, 19, 19
667, 362, 2, 15, 0.9997, 0.7998, 0.7591, 6, 7
668, 301, 86, 120, 0.9997, 1.0000, 1.2843, 119, 120
668, 352, 124, 75, 0.9997, 1.0000, 1.9980, 25, 23
668, 355, 55, 40, 0.9997, 1.0000, 3.0921, 20, 20
668, 359, 117, 16, 0.9997, 0.7522, 1.3196, 14, 13
669, 301, 86, 121, 0.9997, 1.0000, 1.0449, 120, 121
669, 352, 126, 74, 0.9997, 1.0000, 2.2422, 26, 24
669, 355, 57, 40, 0.9997, 1.0000, 2.2479, 21, 21
669, 359, 117, 17, 0.9997, 0.7939, 1.0043, 15, 14
670, 301, 88, 121, 0.9996, 1.0000, 1.4982, 121, 122
670, 355, 60, 40, 0.9997, 1.0000, 2.7073, 22, 22
670, 359, 117, 18, 0.9997, 0.8357, 0.9601, 16, 15
671, 301, 89, 121, 0.9997, 1.0000, 1.2901, 122, 123
671, 355, 63, 40, 0.9997, 1.0000, 3.0003, 23, 23
671, 359, 118, 19, 0.9997, 0.8774, 1.2551, 17, 16
672, 301, 90, 122, 0.9997, 1.0000, 1.2592, 123, 124
672, 355, 66, 40, 0.9997, 1.0000, 3.0427, 24, 24
672, 359, 118, 20, 0.9997, 0.9192, 1.0415, 18, 17
673, 301, 91, 122, 0.9997, 1.0000, 1.0121, 124, 125
673, 355, 69, 41, 0.9997, 1.0000, 3.1114, 25, 25
673, 359, 118, 21, 0.9997, 0.9609, 1.0023, 19, 18
674, 301, 91, 123, 0.9997, 1.0000, 0.7972, 125, 126
674, 355, 71, 41, 0.9997, 1.0000, 2.2547, 26, 26
674, 359, 118, 22, 0.9997, 1.0000, 1.0018, 20, 19
675, 301, 92, 123, 0.9997, 1.0000, 0.7496, 126, 127
675, 355, 74, 41, 0.9997, 1.0000, 2.7058, 27, 27
675, 359, 119, 23, 0.9997, 1.0000, 1.2486, 21, 20
676, 301, 93, 124, 0.9997, 1.0000, 1.2503, 127, 128
676, 355, 76, 41, 0.9997, 1.0000, 2.2356, 28, 28
676, 359, 118, 23, 0.9996, 1.0000, 0.5277, 22, 21
677, 301, 94, 124, 0.9997, 1.0000, 1.0728, 128, 129
677, 355, 80, 42, 0.9996, 1.0000, 3.5934, 29, 29
677, 359, 118, 22, 0.9997, 1.0000, 0.8693, 23, 22
677, 362, 5, 17, 0.9996, 0.7539, 1.1011, 16, 15
678, 301, 95, 124, 0.9997, 1.0000, 1.0165, 129, 130
678, 355, 82, 43, 0.9997, 1.0000, 2.7546, 30, 30
678, 359, 120, 24, 0.9994, 1.0000, 2.4472, 24, 23
678, 369, 70, 123, 0.9997, 0.7623, 0.7602, 5, 6
679, 301, 96, 125, 0.9997, 1.0000, 1.2335, 130, 131
679, 359, 120, 26, 0.9996, 1.0000, 1.7368, 25, 24
679, 369, 70, 122, 0.9997, 0.7998, 0.9998, 6, 7
680, 301, 97, 125, 0.9997, 1.0000, 1.0356, 131, 132
680, 359, 121, 27, 0.9997, 1.0000, 1.3497, 26, 25
680, 369, 69, 121, 0.9997, 0.8384, 1.2693, 7, 8
681, 301, 98, 126, 0.9997, 1.0000, 1.2582, 132, 133
681, 359, 122, 27, 0.9997, 1.0000, 0.9900, 27, 26
681, 368, 95, 3, 0.9997, 0.7664, 1.0078, 9, 9
682, 301, 99, 126, 0.9997, 1.0000, 1.0312, 133, 134
682, 359, 123, 27, 0.9997, 1.0000, 1.0258, 28, 27
682, 368, 96, 4, 0.9997, 0.8081, 1.4187, 10, 10
682, 369, 68, 120, 0.9997, 0.9178, 1.0416, 9, 10
683, 301, 100, 126, 0.9997, 1.0000, 1.0003, 134, 135
683, 359, 124, 27, 0.9997, 1.0000, 1.0141, 29, 28
683, 368, 97, 4, 0.9997, 0.8497, 1.0803, 11, 11
683, 369, 68, 119, 0.9997, 0.9581, 1.0288, 10, 11
684, 301, 100, 127, 0.9997, 1.0000, 0.7590, 135, 136
684, 359, 125, 27, 0.9997, 1.0000, 1.0016, 30, 29
684, 368, 98, 5, 0.9997, 0.8914, 1.2480, 12, 12
684, 369, 68, 118, 0.9997, 0.9986, 1.0418, 11, 12
685, 359, 125, 26, 0.9997, 1.0000, 0.7944, 31, 30
685, 368, 99, 5, 0.9997, 0.9331, 1.0275, 13, 13
685, 369, 67, 118, 0.9997, 1.0000, 0.7642, 12, 13
686, 355, 104, 47, 0.9997, 0.7612, 3.1662, 38, 37
686, 359, 127, 27, 0.9996, 1.0000, 1.5464, 32, 31
686, 362, 10, 20, 0.9986, 0.7904, 4.6495, 25, 23
686, 368, 100, 6, 0.9997, 0.9747, 1.2471, 14, 14
686, 369, 67, 117, 0.9997, 1.0000, 0.7609, 13, 14
687, 355, 107, 47, 0.9997, 0.8027, 3.0529, 39, 38
687, 359, 123, 25, 0.9984, 1.0000, 3.5161, 33, 32
687, 368, 101, 7, 0.9997, 1.0000, 1.4245, 15, 15
688, 355, 110, 48, 0.9997, 0.8441, 3.1007, 40, 39
688, 374, 85, 81, 0.9997, 0.7665, 4.4351, 10, 10
689, 355, 112, 50, 0.9996, 0.8856, 2.8476, 41, 40
689, 368, 100, 8, 0.9996, 1.0000, 1.0924, 17, 17
689, 374, 80, 82, 0.9997, 0.8081, 4.9190, 11, 11
690, 368, 102, 9, 0.9995, 1.0000, 2.1860, 18, 18
690, 374, 76, 84, 0.9997, 0.8498, 4.6257, 12, 12
691, 368, 104, 9, 0.9997, 1.0000, 1.6495, 19, 19
691, 374, 72, 85, 0.9997, 0.8914, 4.1888, 13, 13
692, 374, 68, 86, 0.9997, 0.9331, 4.0788, 14, 14
693, 374, 64, 88, 0.9997, 0.9747, 4.3406, 15, 15
694, 374, 60, 89, 0.9997, 1.0000, 4.1993, 16, 16
695, 374, 56, 90, 0.9997, 1.0000, 4.1256, 17, 17
696, 374, 52, 92, 0.9997, 1.0000, 4.3564, 18, 18
697, 374, 48, 93, 0.9997, 1.0000, 4.1987, 19, 19
698, 374, 44, 94, 0.9997, 1.0000, 4.1230, 20, 20
699, 368, 115, 12, 0.9993, 0.7588, 4.2562, 27, 26
699, 374, 40, 96, 0.9997, 1.0000, 4.3555, 21, 21
700, 374, 36, 97, 0.9997, 1.0000, 4.1987, 22, 22
701, 374, 32, 98, 0.9997, 1.0000, 4.1231, 23, 23
702, 374, 28, 99, 0.9997, 1.0000, 4.1135, 24, 24
703, 374, 24, 100, 0.9997, 1.0000, 4.1194, 25, 25
704, 374, 20, 100, 0.9997, 1.0000, 4.0070, 26, 26
705, 374, 16, 101, 0.9997, 1.0000, 4.0626, 27, 27
706, 374, 13, 101, 0.9997, 1.0000, 3.2447, 28, 28
707, 368, 108, 10, 0.9997, 0.7550, 1.0424, 35, 33
707, 374, 10, 101, 0.9997, 1.0000, 2.9443, 29, 29
707, 385, 56, 102, 0.9997, 0.7623, 1.0408, 5, 6
708, 368, 108, 9, 0.9997, 0.7963, 0.8020, 36, 34
708, 374, 5, 102, 0.9996, 1.0000, 4.5304, 30, 30
709, 368, 106, 9, 0.9996, 0.8376, 1.4935, 37, 35
709, 374, 2, 101, 0.9996, 1.0000, 3.6033, 31, 31
709, 385, 56, 101, 0.9997, 0.8384, 0.7343, 7, 8
710, 368, 105, 10, 0.9997, 0.8789, 1.5091, 38, 36
711, 368, 104, 9, 0.9996, 0.9202, 1.1275, 39, 37
711, 379, 124, 23, 0.9997, 0.7879, 1.4156, 21, 19
711, 386, 126, 120, 0.9997, 0.7665, 2.0216, 9, 9
712, 368, 103, 9, 0.9997, 0.9616, 1.0125, 40, 38
712, 379, 125, 23, 0.9997, 0.8293, 1.0383, 22, 20
713, 368, 101, 9, 0.9997, 1.0000, 1.7482, 41, 39
713, 379, 126, 24, 0.9997, 0.8708, 1.2343, 23, 21
714, 368, 100, 9, 0.9997, 1.0000, 1.2896, 42, 40
714, 379, 127, 25, 0.9997, 0.9122, 1.4141, 24, 22
715, 368, 98, 8, 0.9997, 1.0000, 1.9175, 43, 41
715, 379, 125, 23, 0.9994, 0.9535, 1.7986, 25, 23
716, 368, 97, 8, 0.9997, 1.0000, 1.2832, 44, 42
716, 389, 111, 117, 0.9991, 0.8381, 3.8606, 7, 8
718, 368, 96, 8, 0.9997, 1.0000, 0.6669, 46, 44
720, 368, 96, 9, 0.9997, 1.0000, 0.7641, 48, 46
721, 368, 95, 7, 0.9996, 1.0000, 1.4359, 49, 47
721, 390, 1, 40, 0.9997, 0.7623, 0.4633, 5, 6
722, 368, 94, 5, 0.9997, 1.0000, 2.3560, 50, 48
722, 390, 2, 39, 0.9997, 0.7998, 1.0443, 6, 7
723, 368, 93, 5, 0.9996, 1.0000, 1.2280, 51, 49
723, 390, 2, 38, 0.9997, 0.8384, 1.0202, 7, 8
723, 391, 13, 85, 0.9997, 0.7623, 2.8988, 5, 6
724, 368, 92, 4, 0.9997, 1.0000, 1.2303, 52, 50
724, 390, 2, 37, 0.9997, 0.8779, 1.0380, 8, 9
724, 391, 15, 85, 0.9997, 0.7998, 2.2880, 6, 7
725, 368, 91, 4, 0.9997, 1.0000, 1.0127, 53, 51
725, 390, 3, 37, 0.9997, 0.9178, 0.7643, 9, 10
725, 391, 18, 84, 0.9997, 0.8384, 2.8534, 7, 8
726, 368, 90, 4, 0.9997, 1.0000, 0.9975, 54, 52
726, 390, 3, 36, 0.9997, 0.9580, 0.7614, 10, 11
726, 391, 20, 83, 0.9997, 0.8779, 2.4637, 8, 9
727, 390, 4, 35, 0.9997, 0.9986, 1.2574, 11, 12
727, 391, 22, 82, 0.9997, 0.9178, 2.2418, 9, 10
727, 393, 49, 88, 0.9997, 0.7998, 0.7063, 6, 7
728, 390, 4, 34, 0.9997, 1.0000, 1.0716, 12, 13
728, 391, 25, 81, 0.9997, 0.9580, 2.9049, 10, 11
729, 390, 5, 34, 0.9997, 1.0000, 0.7898, 13, 14
729, 391, 27, 80, 0.9997, 0.9986, 2.4876, 11, 12
729, 393, 48, 86, 0.9996, 0.8778, 1.6895, 8, 9
730, 390, 5, 33, 0.9997, 1.0000, 0.7509, 14, 15
730, 391, 30, 79, 0.9997, 1.0000, 2.9393, 12, 13
730, 393, 49, 86, 0.9996, 0.9177, 0.7199, 9, 10
731, 390, 6, 32, 0.9997, 1.0000, 1.2481, 15, 16
731, 391, 32, 78, 0.9997, 1.0000, 2.4633, 13, 14
731, 393, 49, 85, 0.9997, 0.9581, 0.8048, 10, 11
732, 391, 35, 77, 0.9997, 1.0000, 2.9247, 14, 15
732, 393, 48, 85, 0.9996, 0.9985, 0.7513, 11, 12
733, 390, 6, 31, 0.9997, 1.0000, 0.7246, 17, 18
733, 391, 37, 76, 0.9997, 1.0000, 2.4615, 15, 16
733, 395, 49, 9, 0.9997, 0.7664, 1.0289, 10, 10
734, 390, 7, 30, 0.9997, 1.0000, 1.2336, 18, 19
734, 391, 40, 75, 0.9997, 1.0000, 2.9261, 16, 17
734, 395, 49, 10, 0.9997, 0.8081, 0.9991, 11, 11
735, 390, 7, 29, 0.9997, 1.0000, 1.0767, 19, 20
735, 391, 42, 74, 0.9997, 1.0000, 2.4623, 17, 18
735, 392, 14, 92, 0.9997, 0.7539, 1.8317, 16, 15
735, 395, 50, 11, 0.9997, 0.8497, 1.2330, 12, 12
735, 397, 84, 0, 0.9997, 0.7623, 1.0408, 5, 6
736, 390, 8, 29, 0.9997, 1.0000, 0.8050, 20, 21
736, 391, 44, 73, 0.9997, 1.0000, 2.2237, 18, 19
736, 392, 15, 92, 0.9997, 0.7956, 1.3040, 17, 16
736, 395, 50, 13, 0.9997, 0.8914, 1.7858, 13, 13
736, 398, 44, 45, 0.9997, 0.7623, 1.0441, 5, 6
737, 390, 8, 28, 0.9997, 1.0000, 0.7515, 21, 22
737, 391, 47, 72, 0.9997, 1.0000, 2.9000, 19, 20
737, 395, 51, 14, 0.9997, 0.9331, 1.5012, 14, 14
737, 398, 45, 46, 0.9997, 0.7998, 1.2475, 6, 7
738, 390, 9, 27, 0.9997, 1.0000, 1.2473, 22, 23
738, 391, 50, 71, 0.9997, 1.0000, 3.2020, 20, 21
738, 395, 51, 15, 0.9997, 0.9747, 1.0312, 15, 15
739, 391, 52, 70, 0.9997, 1.0000, 2.5012, 21, 22
739, 395, 52, 16, 0.9997, 1.0000, 1.2153, 16, 16
740, 390, 9, 26, 0.9997, 1.0000, 0.7246, 24, 25
740, 391, 55, 69, 0.9997, 1.0000, 2.9015, 22, 23
740, 395, 52, 17, 0.9997, 1.0000, 1.0148, 17, 17
740, 400, 113, 4, 0.9948, 0.7590, 10.9527, 5, 6
741, 390, 10, 25, 0.9997, 1.0000, 1.2336, 25, 26
741, 391, 57, 68, 0.9997, 1.0000, 2.4474, 23, 24
742, 391, 60, 67, 0.9997, 1.0000, 2.9239, 24, 25
743, 390, 11, 24, 0.9997, 1.0000, 1.0528, 27, 28
743, 391, 62, 66, 0.9997, 1.0000, 2.4636, 25, 26
744, 391, 65, 65, 0.9997, 1.0000, 2.9270, 26, 27
745, 390, 11, 23, 0.9997, 1.0000, 0.7487, 29, 30
745, 391, 68, 64, 0.9997, 1.0000, 3.1756, 27, 28
746, 390, 12, 22, 0.9997, 1.0000, 1.2455, 30, 31
746, 391, 70, 63, 0.9997, 1.0000, 2.4876, 28, 29
747, 390, 12, 21, 0.9997, 1.0000, 1.0789, 31, 32
747, 391, 73, 63, 0.9997, 1.0000, 2.7323, 29, 30
748, 390, 13, 21, 0.9997, 1.0000, 0.8046, 32, 33
748, 391, 75, 62, 0.9997, 1.0000, 2.3448, 30, 31
748, 403, 29, 89, 0.9982, 0.7613, 4.3222, 5, 6
749, 390, 13, 20, 0.9997, 1.0000, 0.7508, 33, 34
749, 391, 77, 62, 0.9997, 1.0000, 1.9985, 31, 32
750, 390, 13, 19, 0.9997, 1.0000, 0.9977, 34, 35
750, 391, 81, 60, 0.9996, 1.0000, 3.8023, 32, 33
751, 390, 14, 19, 0.9997, 1.0000, 0.7730, 35, 36
751, 391, 83, 59, 0.9997, 1.0000, 2.8842, 33, 34
752, 390, 14, 18, 0.9997, 1.0000, 0.7759, 36, 37
752, 391, 86, 58, 0.9997, 1.0000, 2.9548, 34, 35
753, 390, 15, 17, 0.9997, 1.0000, 1.2590, 37, 38
753, 391, 89, 58, 0.9997, 1.0000, 2.9801, 35, 36
753, 406, 105, 22, 0.9997, 0.7623, 1.2130, 5, 6
754, 391, 91, 57, 0.9997, 1.0000, 2.3633, 36, 37
754, 404, 57, 33, 0.9996, 0.7664, 1.6408, 9, 9
754, 406, 105, 24, 0.9997, 0.7998, 1.7390, 6, 7
754, 407, 56, 4, 0.9997, 0.7623, 1.0309, 5, 6
755, 390, 15, 16, 0.9997, 1.0000, 0.7237, 39, 40
755, 391, 94, 56, 0.9997, 1.0000, 2.8984, 37, 38
755, 404, 58, 35, 0.9997, 0.8081, 2.3050, 10, 10
755, 406, 104, 25, 0.9997, 0.8384, 1.4825, 7, 8
755, 407, 56, 5, 0.9997, 0.7998, 1.0420, 6, 7
756, 390, 16, 15, 0.9997, 1.0000, 1.2330, 40, 41
756, 391, 97, 55, 0.9997, 1.0000, 3.1780, 38, 39
756, 404, 58, 36, 0.9997, 0.8497, 1.3660, 11, 11
756, 406, 103, 27, 0.9997, 0.8779, 2.0365, 8, 9
756, 407, 57, 6, 0.9997, 0.8384, 1.2941, 7, 8
757, 391, 100, 54, 0.9997, 1.0000, 3.2068, 39, 40
757, 404, 59, 37, 0.9997, 0.8914, 1.2131, 12, 12
757, 406, 103, 28, 0.9997, 0.9178, 1.2822, 9, 10
758, 390, 17, 14, 0.9997, 1.0000, 1.0529, 42, 43
758, 391, 102, 53, 0.9997, 1.0000, 2.4637, 40, 41
758, 404, 60, 38, 0.9997, 0.9331, 1.3715, 13, 13
758, 406, 102, 30, 0.9997, 0.9580, 1.8917, 10, 11
758, 407, 58, 7, 0.9997, 0.9178, 1.0298, 9, 10
759, 390, 17, 13, 0.9997, 1.0000, 1.0312, 43, 44
759, 391, 105, 52, 0.9997, 1.0000, 2.8860, 41, 42
759, 404, 61, 38, 0.9997, 0.9747, 1.0619, 14, 14
759, 406, 101, 31, 0.9997, 0.9986, 1.5996, 11, 12
759, 407, 58, 8, 0.9997, 0.9581, 1.0283, 10, 11
760, 391, 108, 51, 0.9997, 1.0000, 3.1598, 42, 43
760, 404, 62, 39, 0.9997, 1.0000, 1.2388, 15, 15
760, 406, 101, 32, 0.9997, 1.0000, 1.0240, 12, 13
760, 407, 59, 9, 0.9997, 0.9986, 1.2836, 11, 12
760, 409, 82, 94, 0.9995, 0.7997, 2.5500, 6, 7
761, 390, 18, 12, 0.9997, 1.0000, 1.0217, 45, 46
761, 391, 111, 50, 0.9997, 1.0000, 3.2019, 43, 44
761, 406, 100, 34, 0.9997, 1.0000, 1.8681, 13, 14
762, 390, 18, 11, 0.9997, 1.0000, 1.0379, 46, 47
762, 391, 114, 49, 0.9997, 1.0000, 3.1778, 44, 45
762, 406, 99, 35, 0.9997, 1.0000, 1.6227, 14, 15
762, 407, 60, 10, 0.9997, 1.0000, 1.0317, 13, 14
763, 390, 19, 11, 0.9997, 1.0000, 0.8132, 47, 48
763, 391, 116, 48, 0.9997, 1.0000, 2.4496, 45, 46
763, 406, 98, 37, 0.9997, 1.0000, 2.0485, 15, 16
763, 407, 61, 12, 0.9997, 1.0000, 2.0326, 14, 15
764, 390, 19, 9, 0.9996, 1.0000, 1.5087, 48, 49
764, 391, 119, 47, 0.9997, 1.0000, 2.8848, 46, 47
764, 406, 98, 39, 0.9997, 1.0000, 2.0311, 16, 17
764, 407, 61, 12, 0.9996, 1.0000, 0.6337, 15, 16
764, 411, 9, 81, 0.9997, 0.7623, 2.0421, 5, 6
765, 390, 19, 9, 0.9997, 1.0000, 0.5281, 49, 50
765, 391, 122, 46, 0.9997, 1.0000, 3.1614, 47, 48
765, 406, 97, 40, 0.9997, 1.0000, 1.4596, 17, 18
765, 407, 62, 12, 0.9997, 1.0000, 0.7232, 16, 17
765, 411, 11, 81, 0.9997, 0.7998, 2.0365, 6, 7
766, 390, 20, 9, 0.9997, 1.0000, 0.7215, 50, 51
766, 391, 125, 45, 0.9997, 1.0000, 3.2027, 48, 49
766, 406, 104, 40, 0.9948, 1.0000, 5.8808, 18, 19
766, 407, 62, 13, 0.9997, 1.0000, 0.7061, 17, 18
766, 411, 13, 81, 0.9997, 0.8385, 2.0078, 7, 8
767, 390, 20, 8, 0.9997, 1.0000, 0.7355, 51, 52
767, 407, 63, 14, 0.9997, 1.0000, 1.2684, 18, 19
767, 411, 14, 81, 0.9997, 0.8779, 1.2337, 8, 9
768, 390, 20, 7, 0.9997, 1.0000, 1.0263, 52, 53
768, 407, 64, 14, 0.9997, 1.0000, 1.0572, 19, 20
768, 411, 16, 81, 0.9997, 0.9178, 1.7062, 9, 10
769, 390, 21, 7, 0.9997, 1.0000, 0.7807, 53, 54
769, 407, 64, 15, 0.9997, 1.0000, 0.7784, 20, 21
769, 411, 18, 81, 0.9997, 0.9581, 1.9996, 10, 11
770, 390, 21, 6, 0.9997, 1.0000, 0.7768, 54, 55
770, 407, 65, 16, 0.9997, 1.0000, 1.2325, 21, 22
770, 411, 20, 81, 0.9997, 0.9986, 2.0427, 11, 12
771, 390, 22, 5, 0.9997, 1.0000, 1.2572, 55, 56
771, 407, 65, 17, 0.9997, 1.0000, 1.0656, 22, 23
771, 411, 22, 81, 0.9997, 1.0000, 2.0164, 12, 13
772, 407, 66, 18, 0.9997, 1.0000, 1.2613, 23, 24
772, 411, 24, 81, 0.9997, 1.0000, 2.0000, 13, 14
773, 390, 22, 4, 0.9997, 1.0000, 0.7236, 57, 58
773, 411, 26, 81, 0.9997, 1.0000, 1.9976, 14, 15
774, 390, 23, 4, 0.9997, 1.0000, 0.7590, 58, 59
774, 404, 76, 40, 0.9996, 0.7526, 0.9530, 29, 27
774, 407, 67, 19, 0.9997, 1.0000, 1.0306, 25, 26
774, 411, 28, 81, 0.9997, 1.0000, 1.9991, 15, 16
774, 416, 15, 26, 0.9997, 0.7623, 1.9349, 5, 6
775, 390, 23, 3, 0.9997, 1.0000, 0.7985, 59, 60
775, 404, 80, 42, 0.9988, 0.7933, 3.7289, 30, 28
775, 407, 67, 20, 0.9997, 1.0000, 1.0300, 26, 27
775, 411, 30, 81, 0.9997, 1.0000, 2.0000, 16, 17
775, 416, 14, 28, 0.9993, 0.7995, 1.5913, 6, 7
776, 390, 23, 2, 0.9997, 1.0000, 1.0154, 60, 61
776, 404, 83, 42, 0.9996, 0.8352, 3.0096, 31, 29
776, 407, 68, 21, 0.9997, 1.0000, 1.2843, 27, 28
776, 411, 32, 82, 0.9997, 1.0000, 2.1411, 17, 18
776, 416, 15, 31, 0.9995, 0.8383, 3.0087, 7, 8
777, 390, 24, 2, 0.9997, 1.0000, 0.7755, 61, 62
777, 407, 68, 22, 0.9997, 1.0000, 1.0467, 28, 29
777, 411, 33, 82, 0.9997, 1.0000, 1.2701, 18, 19
777, 415, 37, 58, 0.9991, 0.7661, 2.4149, 9, 9
778, 390, 24, 1, 0.9997, 1.0000, 0.7733, 62, 63
778, 407, 69, 23, 0.9997, 1.0000, 1.2500, 29, 30
778, 411, 35, 82, 0.9997, 1.0000, 1.7082, 19, 20
778, 415, 37, 57, 0.9996, 0.8081, 1.1536, 10, 10
779, 390, 25, 0, 0.9997, 1.0000, 1.2577, 63, 64
779, 407, 70, 23, 0.9997, 1.0000, 1.0405, 30, 31
779, 411, 37, 82, 0.9997, 1.0000, 2.0004, 20, 21
779, 415, 36, 56, 0.9997, 0.8497, 1.1445, 11, 11
779, 420, 18, 3, 0.9997, 0.7623, 0.7221, 5, 6
780, 407, 70, 24, 0.9997, 1.0000, 0.7599, 31, 32
780, 411, 39, 82, 0.9997, 1.0000, 2.0426, 21, 22
780, 420, 18, 4, 0.9997, 0.7998, 0.9980, 6, 7
781, 390, 19, 3, 0.9953, 1.0000, 6.1924, 65, 66
781, 407, 70, 25, 0.9997, 1.0000, 1.0009, 32, 33
781, 411, 41, 82, 0.9997, 1.0000, 2.0163, 22, 23
781, 415, 36, 55, 0.9997, 0.9331, 0.6996, 13, 13
781, 418, 81, 95, 0.9996, 0.7917, 3.2759, 13, 12
782, 407, 71, 26, 0.9997, 1.0000, 1.2600, 33, 34
782, 411, 43, 82, 0.9997, 1.0000, 2.0000, 23, 24
782, 415, 36, 54, 0.9997, 0.9747, 1.0091, 14, 14
782, 421, 103, 8, 0.9997, 0.7623, 8.0168, 5, 6
783, 407, 72, 27, 0.9997, 1.0000, 1.4543, 34, 35
783, 411, 45, 82, 0.9997, 1.0000, 1.9976, 24, 25
783, 421, 98, 1, 0.9997, 0.7998, 8.4239, 6, 7
784, 404, 95, 42, 0.9997, 0.7511, 1.7486, 39, 36
784, 407, 72, 28, 0.9997, 1.0000, 1.0424, 35, 36
784, 411, 47, 83, 0.9997, 1.0000, 2.1401, 25, 26
784, 415, 36, 53, 0.9997, 1.0000, 0.7249, 16, 16
785, 404, 95, 42, 0.9996, 0.7921, 0.4853, 40, 37
785, 407, 73, 29, 0.9997, 1.0000, 1.2329, 36, 37
785, 411, 49, 83, 0.9997, 1.0000, 2.0212, 26, 27
785, 415, 36, 52, 0.9997, 1.0000, 0.9995, 17, 17
786, 404, 98, 41, 0.9996, 0.8332, 2.3497, 41, 38
786, 407, 74, 30, 0.9997, 1.0000, 1.4120, 37, 38
786, 411, 51, 83, 0.9997, 1.0000, 2.0001, 27, 28
786, 415, 35, 52, 0.9997, 1.0000, 0.8131, 18, 18
787, 404, 99, 41, 0.9997, 0.8744, 1.5692, 42, 39
787, 411, 53, 83, 0.9997, 1.0000, 2.0005, 28, 29
787, 415, 35, 51, 0.9997, 1.0000, 0.7802, 19, 19
788, 404, 101, 41, 0.9997, 0.9156, 1.7926, 43, 40
788, 411, 55, 83, 0.9997, 1.0000, 2.0001, 29, 30
788, 420, 17, 10, 0.9996, 0.7664, 2.3447, 14, 14
789, 404, 103, 40, 0.9997, 0.9568, 2.1145, 44, 41
789, 407, 76, 32, 0.9996, 1.0000, 2.0820, 40, 41
789, 411, 57, 83, 0.9997, 1.0000, 2.0000, 30, 31
789, 415, 35, 50, 0.9997, 1.0000, 0.7498, 21, 21
790, 404, 104, 40, 0.9997, 0.9980, 1.2913, 45, 42
790, 407, 76, 33, 0.9997, 1.0000, 1.4503, 41, 42
790, 411, 59, 83, 0.9997, 1.0000, 2.0000, 31, 32
790, 415, 35, 49, 0.9997, 1.0000, 1.0155, 22, 22
791, 404, 106, 40, 0.9997, 1.0000, 1.7198, 46, 43
791, 407, 77, 34, 0.9997, 1.0000, 1.3070, 42, 43
791, 411, 61, 84, 0.9997, 1.0000, 2.1413, 32, 33
792, 404, 107, 39, 0.9997, 1.0000, 1.4330, 47, 44
792, 411, 64, 84, 0.9997, 1.0000, 2.7793, 33, 34
792, 415, 35, 48, 0.9997, 1.0000, 0.7222, 24, 24
793, 404, 109, 39, 0.9997, 1.0000, 1.7711, 48, 45
793, 411, 66, 84, 0.9997, 1.0000, 2.2918, 34, 35
793, 415, 34, 48, 0.9997, 1.0000, 0.8002, 25, 25
793, 428, 28, 27, 0.9996, 0.7622, 0.8883, 5, 6
794, 404, 111, 39, 0.9997, 1.0000, 2.0156, 49, 46
794, 411, 68, 84, 0.9997, 1.0000, 2.0005, 35, 36
794, 415, 34, 47, 0.9997, 1.0000, 0.8033, 26, 26
795, 404, 111, 39, 0.9996, 1.0000, 0.5162, 50, 47
795, 411, 70, 84, 0.9997, 1.0000, 1.9575, 36, 37
795, 415, 34, 46, 0.9997, 1.0000, 1.0155, 27, 27
795, 424, 20, 12, 0.9997, 0.7664, 0.8138, 12, 12
795, 429, 114, 54, 0.9997, 0.7623, 1.0011, 5, 6
796, 404, 114, 38, 0.9996, 1.0000, 2.3185, 51, 48
796, 411, 72, 85, 0.9997, 1.0000, 2.1258, 37, 38
796, 415, 33, 45, 0.9997, 1.0000, 1.2678, 28, 28
796, 420, 36, 29, 0.9997, 0.7574, 4.0805, 22, 21
796, 424, 20, 13, 0.9997, 0.8081, 0.7737, 13, 13
797, 404, 115, 38, 0.9997, 1.0000, 1.5546, 52, 49
797, 411, 74, 85, 0.9997, 1.0000, 2.0215, 38, 39
797, 415, 34, 45, 0.9996, 1.0000, 0.5487, 29, 29
797, 420, 39, 32, 0.9997, 0.7989, 4.3123, 23, 22
797, 426, 105, 100, 0.9997, 0.7511, 1.4674, 13, 12
798, 404, 117, 38, 0.9997, 1.0000, 1.7910, 53, 50
798, 411, 77, 85, 0.9997, 1.0000, 2.7663, 39, 40
798, 420, 42, 35, 0.9997, 0.8404, 4.2939, 24, 23
798, 424, 20, 14, 0.9997, 0.8914, 0.7505, 15, 15
798, 426, 107, 100, 0.9997, 0.7929, 1.7459, 14, 13
799, 404, 119, 38, 0.9997, 1.0000, 1.9896, 54, 51
799, 407, 81, 42, 0.9997, 0.7664, 1.4114, 50, 50
799, 426, 109, 101, 0.9997, 0.8348, 2.1410, 15, 14
800, 404, 120, 37, 0.9997, 1.0000, 1.4672, 55, 52
800, 407, 82, 43, 0.9997, 0.8081, 1.2927, 51, 51
800, 424, 20, 15, 0.9997, 0.9747, 0.7509, 17, 17
800, 426, 110, 102, 0.9997, 0.8766, 1.6310, 16, 15
801, 404, 122, 37, 0.9997, 1.0000, 1.7444, 56, 53
801, 407, 81, 44, 0.9996, 0.8497, 1.1208, 52, 52
801, 426, 112, 102, 0.9997, 0.9184, 1.7456, 17, 16
801, 431, 111, 108, 0.9997, 0.7998, 0.7232, 6, 7
802, 404, 124, 37, 0.9997, 1.0000, 2.0006, 57, 54
802, 407, 82, 44, 0.9996, 0.8914, 0.4922, 53, 53
802, 424, 20, 16, 0.9997, 1.0000, 0.7499, 19, 19
802, 426, 113, 103, 0.9997, 0.9601, 1.4312, 18, 17
802, 431, 111, 109, 0.9997, 0.8384, 0.7615, 7, 8
802, 432, 10, 60, 0.9997, 0.7623, 1.8835, 5, 6
803, 404, 125, 37, 0.9997, 1.0000, 1.2779, 58, 55
803, 407, 82, 43, 0.9997, 0.9330, 0.8590, 54, 54
803, 424, 21, 17, 0.9997, 1.0000, 1.2695, 20, 20
803, 426, 115, 105, 0.9996, 1.0000, 2.4831, 19, 18
803, 431, 112, 109, 0.9997, 0.8779, 0.7979, 8, 9
803, 432, 10, 59, 0.9996, 0.7997, 0.6968, 6, 7
804, 404, 127, 36, 0.9997, 1.0000, 1.8790, 59, 56
804, 407, 84, 46, 0.9992, 0.9743, 3.1260, 55, 55
804, 424, 21, 17, 0.9997, 1.0000, 0.4028, 21, 21
804, 426, 116, 105, 0.9996, 1.0000, 1.3744, 20, 19
804, 431, 113, 109, 0.9997, 0.9178, 1.0154, 9, 10
804, 432, 13, 61, 0.9995, 0.8383, 2.5331, 7, 8
805, 407, 85, 48, 0.9996, 1.0000, 2.3307, 56, 56
805, 424, 21, 18, 0.9997, 1.0000, 0.7221, 22, 22
805, 426, 117, 106, 0.9997, 1.0000, 1.2238, 21, 20
805, 431, 113, 110, 0.9997, 0.9580, 0.7754, 10, 11
805, 432, 14, 61, 0.9997, 0.8779, 1.6355, 8, 9
805, 433, 6, 99, 0.9997, 0.7623, 0.9995, 5, 6
806, 407, 85, 49, 0.9996, 1.0000, 1.1361, 57, 57
806, 411, 95, 85, 0.9997, 0.7664, 2.5840, 47, 47
806, 426, 118, 108, 0.9997, 1.0000, 1.9702, 22, 21
806, 431, 114, 109, 0.9996, 0.9985, 0.8714, 11, 12
806, 432, 16, 61, 0.9997, 0.9178, 1.7937, 9, 10
806, 433, 8, 100, 0.9997, 0.7998, 1.8663, 6, 7
807, 411, 97, 85, 0.9997, 0.8081, 2.0429, 48, 48
807, 424, 21, 19, 0.9997, 1.0000, 0.7486, 24, 24
807, 426, 119, 109, 0.9997, 1.0000, 1.6443, 23, 22
807, 431, 115, 110, 0.9997, 1.0000, 1.1051, 12, 13
807, 432, 17, 62, 0.9997, 0.9580, 1.4079, 10, 11
807, 433, 8, 100, 0.9996, 0.8384, 0.5811, 7, 8
808, 407, 87, 51, 0.9996, 1.0000, 2.0331, 59, 59
808, 411, 100, 85, 0.9997, 0.8498, 2.6975, 49, 49
808, 426, 120, 111, 0.9997, 1.0000, 2.0414, 24, 23
808, 431, 116, 111, 0.9997, 1.0000, 1.4536, 13, 14
808, 432, 19, 62, 0.9997, 0.9986, 1.7533, 11, 12
808, 433, 10, 100, 0.9997, 0.8779, 1.4722, 8, 9
809, 407, 87, 52, 0.9997, 1.0000, 1.4060, 60, 60
809, 411, 102, 85, 0.9997, 0.8914, 2.2602, 50, 50
809, 415, 77, 68, 0.9997, 0.7567, 5.0012, 41, 39
809, 424, 22, 19, 0.9997, 1.0000, 0.7664, 26, 26
809, 426, 121, 112, 0.9997, 1.0000, 1.6035, 25, 24
809, 431, 116, 111, 0.9997, 1.0000, 0.4062, 14, 15
809, 432, 21, 63, 0.9997, 1.0000, 2.1511, 12, 13
809, 433, 9, 101, 0.9996, 0.9177, 0.7747, 9, 10
810, 407, 88, 53, 0.9997, 1.0000, 1.2996, 61, 61
810, 411, 105, 85, 0.9997, 0.9331, 2.7616, 51, 51
810, 415, 80, 71, 0.9997, 0.7980, 4.4222, 42, 40
810, 424, 22, 20, 0.9997, 1.0000, 0.7793, 27, 27
810, 426, 122, 114, 0.9997, 1.0000, 2.0128, 26, 25
810, 431, 117, 111, 0.9997, 1.0000, 0.7087, 15, 16
810, 432, 22, 63, 0.9997, 1.0000, 1.3041, 13, 14
810, 433, 12, 101, 0.9995, 0.9579, 1.9908, 10, 11
811, 407, 88, 54, 0.9997, 1.0000, 0.9990, 62, 62
811, 411, 107, 85, 0.9997, 0.9747, 2.2529, 52, 52
811, 415, 84, 75, 0.9997, 0.8393, 5.2812, 43, 41
811, 424, 22, 21, 0.9997, 1.0000, 1.0417, 28, 28
811, 426, 123, 116, 0.9997, 1.0000, 2.2471, 27, 26
811, 431, 118, 111, 0.9997, 1.0000, 0.9994, 16, 17
811, 432, 24, 64, 0.9997, 1.0000, 1.8789, 14, 15
811, 433, 13, 100, 0.9996, 0.9985, 1.7346, 11, 12
812, 407, 89, 55, 0.9997, 1.0000, 1.2266, 63, 63
812, 411, 110, 86, 0.9997, 1.0000, 2.8533, 53, 53
812, 415, 87, 78, 0.9997, 0.8806, 4.6137, 44, 42
812, 424, 22, 22, 0.9997, 1.0000, 1.0573, 29, 29
812, 426, 124, 118, 0.9997, 1.0000, 2.2734, 28, 27
812, 431, 118, 112, 0.9997, 1.0000, 0.7962, 17, 18
812, 432, 25, 64, 0.9997, 1.0000, 1.2603, 15, 16
812, 433, 15, 102, 0.9996, 1.0000, 2.1903, 12, 13
812, 435, 76, 115, 0.9996, 0.7623, 1.2901, 5, 6
813, 411, 112, 85, 0.9996, 1.0000, 2.2984, 54, 54
813, 415, 92, 82, 0.9996, 0.9219, 5.8774, 45, 43
813, 426, 125, 120, 0.9997, 1.0000, 2.2487, 29, 28
813, 431, 119, 112, 0.9997, 1.0000, 0.7816, 18, 19
813, 432, 27, 65, 0.9997, 1.0000, 1.9024, 16, 17
813, 433, 16, 102, 0.9997, 1.0000, 1.3618, 13, 14
813, 435, 76, 117, 0.9997, 0.7998, 1.6568, 6, 7
814, 411, 115, 85, 0.9997, 1.0000, 2.7653, 55, 55
814, 415, 96, 86, 0.9997, 0.9633, 5.8877, 46, 44
814, 424, 22, 23, 0.9997, 1.0000, 0.7059, 31, 31
814, 431, 120, 112, 0.9997, 1.0000, 1.0001, 19, 20
814, 432, 29, 65, 0.9997, 1.0000, 2.0309, 17, 18
814, 433, 17, 102, 0.9997, 1.0000, 0.9699, 14, 15
814, 435, 76, 119, 0.9997, 0.8385, 1.9725, 7, 8
815, 411, 118, 85, 0.9997, 1.0000, 3.0143, 56, 56
815, 415, 100, 90, 0.9997, 1.0000, 5.7150, 47, 45
815, 431, 121, 113, 0.9997, 1.0000, 1.2665, 20, 21
815, 432, 30, 66, 0.9997, 1.0000, 1.4824, 18, 19
815, 433, 19, 102, 0.9997, 1.0000, 1.7187, 15, 16
815, 435, 76, 121, 0.9997, 0.8779, 2.0396, 8, 9
816, 411, 120, 85, 0.9997, 1.0000, 2.2781, 57, 57
816, 415, 104, 94, 0.9997, 1.0000, 5.6460, 48, 46
816, 424, 22, 24, 0.9997, 1.0000, 0.7499, 33, 33
816, 432, 32, 67, 0.9997, 1.0000, 1.9985, 19, 20
816, 433, 21, 102, 0.9997, 1.0000, 2.0427, 16, 17
816, 435, 75, 123, 0.9997, 0.9178, 2.1588, 9, 10
817, 411, 123, 85, 0.9997, 1.0000, 2.7222, 58, 58
817, 415, 108, 97, 0.9997, 1.0000, 5.1313, 49, 47
817, 424, 22, 25, 0.9997, 1.0000, 1.0164, 34, 34
817, 432, 34, 67, 0.9997, 1.0000, 2.0184, 20, 21
817, 433, 22, 103, 0.9997, 1.0000, 1.5011, 17, 18
817, 435, 75, 125, 0.9997, 0.9581, 2.0227, 10, 11
818, 411, 126, 85, 0.9997, 1.0000, 2.9992, 59, 59
818, 415, 113, 102, 0.9996, 1.0000, 6.5309, 50, 48
818, 424, 23, 25, 0.9997, 1.0000, 0.8131, 35, 35
818, 432, 35, 68, 0.9997, 1.0000, 1.4664, 21, 22
818, 433, 23, 103, 0.9997, 1.0000, 1.0045, 18, 19
818, 435, 74, 127, 0.9997, 0.9986, 2.1389, 11, 12
819, 415, 117, 106, 0.9997, 1.0000, 6.0701, 51, 49
819, 424, 23, 26, 0.9997, 1.0000, 0.7788, 36, 36
819, 432, 37, 68, 0.9997, 1.0000, 1.7397, 22, 23
819, 433, 24, 103, 0.9997, 1.0000, 0.9419, 19, 20
820, 415, 122, 111, 0.9997, 1.0000, 6.7681, 52, 50
820, 432, 39, 69, 0.9997, 1.0000, 2.1355, 23, 24
820, 433, 26, 104, 0.9997, 1.0000, 1.8907, 20, 21
820, 439, 89, 12, 0.9997, 0.7623, 1.4430, 5, 6
821, 415, 126, 115, 0.9997, 1.0000, 6.0210, 53, 51
821, 424, 23, 27, 0.9997, 1.0000, 0.7496, 38, 38
821, 432, 40, 70, 0.9997, 1.0000, 1.6311, 24, 25
821, 433, 27, 104, 0.9997, 1.0000, 1.3230, 21, 22
821, 439, 89, 14, 0.9997, 0.7998, 1.7700, 6, 7
822, 432, 42, 71, 0.9997, 1.0000, 2.0144, 25, 26
822, 433, 29, 104, 0.9997, 1.0000, 1.7672, 22, 23
822, 439, 90, 16, 0.9997, 0.8384, 2.1535, 7, 8
823, 424, 23, 28, 0.9997, 1.0000, 0.7508, 40, 40
823, 432, 44, 71, 0.9997, 1.0000, 2.0156, 26, 27
823, 433, 30, 104, 0.9997, 1.0000, 1.2508, 23, 24
823, 439, 90, 17, 0.9997, 0.8779, 1.3024, 8, 9
824, 432, 46, 72, 0.9997, 1.0000, 2.1595, 27, 28
824, 433, 31, 104, 0.9997, 1.0000, 0.9837, 24, 25
824, 439, 91, 19, 0.9997, 0.9178, 1.8779, 9, 10
825, 424, 24, 29, 0.9997, 1.0000, 1.0711, 42, 42
825, 432, 47, 73, 0.9997, 1.0000, 1.6004, 28, 29
825, 433, 33, 104, 0.9997, 1.0000, 1.7212, 25, 26
825, 439, 91, 20, 0.9997, 0.9580, 1.2602, 10, 11
826, 424, 24, 30, 0.9997, 1.0000, 1.0550, 43, 43
826, 432, 49, 74, 0.9997, 1.0000, 2.0008, 29, 30
826, 433, 35, 104, 0.9997, 1.0000, 2.0418, 26, 27
826, 439, 92, 22, 0.9997, 0.9986, 1.9025, 11, 12
826, 441, 42, 23, 0.9628, 0.7740, 8.8880, 6, 7
826, 442, 5, 125, 0.9997, 0.7623, 1.2493, 5, 6
827, 432, 50, 74, 0.9997, 1.0000, 1.2594, 30, 31
827, 433, 36, 104, 0.9997, 1.0000, 1.2927, 27, 28
827, 439, 92, 24, 0.9997, 1.0000, 2.0309, 12, 13
827, 440, 91, 76, 0.9997, 0.7664, 1.4671, 10, 10
827, 441, 52, 10, 0.9554, 0.8057, 15.2010, 7, 8
827, 442, 6, 125, 0.9997, 0.7998, 1.0307, 6, 7
828, 424, 24, 31, 0.9997, 1.0000, 0.7234, 45, 45
828, 432, 52, 75, 0.9997, 1.0000, 1.8878, 31, 32
828, 433, 38, 104, 0.9997, 1.0000, 1.7237, 28, 29
828, 439, 92, 25, 0.9997, 1.0000, 1.2788, 13, 14
828, 440, 91, 78, 0.9997, 0.8081, 1.7438, 11, 11
828, 442, 7, 127, 0.9996, 0.8384, 1.8148, 7, 8
829, 424, 24, 32, 0.9997, 1.0000, 0.9994, 46, 46
829, 432, 54, 76, 0.9997, 1.0000, 2.2496, 32, 33
829, 433, 39, 104, 0.9997, 1.0000, 1.2337, 29, 30
829, 439, 93, 28, 0.9996, 1.0000, 2.5889, 14, 15
829, 440, 92, 79, 0.9996, 0.8497, 1.4524, 12, 12
829, 444, 124, 10, 0.9997, 0.7623, 1.7190, 5, 6
830, 424, 25, 32, 0.9997, 1.0000, 0.8124, 47, 47
830, 432, 56, 77, 0.9997, 1.0000, 2.2930, 33, 34
830, 433, 41, 104, 0.9997, 1.0000, 1.7476, 30, 31
830, 439, 93, 29, 0.9997, 1.0000, 1.5521, 15, 16
830, 440, 92, 80, 0.9997, 0.8914, 1.0390, 13, 13
830, 444, 125, 10, 0.9997, 0.7998, 1.2592, 6, 7
831, 424, 25, 33, 0.9997, 1.0000, 0.7812, 48, 48
831, 432, 58, 78, 0.9997, 1.0000, 2.2558, 34, 35
831, 433, 42, 105, 0.9997, 1.0000, 1.4662, 31, 32
831, 439, 94, 30, 0.9997, 1.0000, 1.2466, 16, 17
831, 440, 92, 82, 0.9997, 0.9331, 1.7238, 14, 14
831, 444, 126, 10, 0.9997, 0.8385, 0.9986, 7, 8
832, 432, 60, 78, 0.9997, 1.0000, 2.0130, 35, 36
832, 433, 43, 104, 0.9996, 1.0000, 1.0941, 32, 33
832, 439, 94, 32, 0.9997, 1.0000, 1.6998, 17, 18
832, 440, 92, 83, 0.9997, 0.9747, 1.2794, 15, 15
832, 448, 8, 99, 0.9997, 0.7623, 1.7376, 5, 6
833, 424, 25, 34, 0.9997, 1.0000, 0.7497, 50, 50
833, 432, 61, 79, 0.9997, 1.0000, 1.4214, 36, 37
833, 433, 45, 105, 0.9996, 1.0000, 1.7858, 33, 34
833, 439, 95, 34, 0.9997, 1.0000, 2.1602, 18, 19
833, 440, 93, 85, 0.9997, 1.0000, 1.9158, 16, 16
833, 448, 9, 98, 0.9997, 0.7998, 1.4594, 6, 7
834, 432, 63, 80, 0.9997, 1.0000, 1.9783, 37, 38
834, 433, 47, 105, 0.9997, 1.0000, 2.0569, 34, 35
834, 439, 95, 35, 0.9997, 1.0000, 1.3165, 19, 20
834, 440, 93, 86, 0.9997, 1.0000, 1.2848, 17, 17
834, 448, 11, 97, 0.9997, 0.8384, 2.0278, 7, 8
835, 424, 25, 35, 0.9997, 1.0000, 0.7508, 52, 52
835, 432, 65, 81, 0.9997, 1.0000, 2.2555, 38, 39
835, 433, 48, 106, 0.9997, 1.0000, 1.5150, 35, 36
835, 439, 95, 36, 0.9997, 1.0000, 0.9621, 20, 21
835, 440, 94, 87, 0.9997, 1.0000, 1.2476, 18, 18
835, 448, 12, 97, 0.9997, 0.8779, 1.2822, 8, 9
836, 432, 67, 81, 0.9997, 1.0000, 2.0582, 39, 40
836, 433, 50, 107, 0.9997, 1.0000, 2.0077, 36, 37
836, 439, 96, 39, 0.9996, 1.0000, 2.5741, 21, 22
836, 440, 94, 89, 0.9997, 1.0000, 1.7394, 19, 19
836, 448, 14, 96, 0.9997, 0.9178, 1.8927, 9, 10
837, 424, 26, 36, 0.9997, 1.0000, 1.0712, 54, 54
837, 432, 69, 82, 0.9997, 1.0000, 2.1371, 40, 41
837, 433, 51, 107, 0.9997, 1.0000, 1.2647, 37, 38
837, 439, 97, 41, 0.9997, 1.0000, 2.5534, 22, 23
837, 440, 95, 90, 0.9997, 1.0000, 1.4805, 20, 20
837, 448, 15, 95, 0.9997, 0.9581, 1.6002, 10, 11
838, 424, 26, 37, 0.9997, 1.0000, 1.0550, 55, 55
838, 432, 71, 83, 0.9997, 1.0000, 2.2350, 41, 42
838, 433, 52, 108, 0.9997, 1.0000, 1.2190, 38, 39
838, 439, 97, 42, 0.9996, 1.0000, 1.3266, 23, 24
838, 440, 95, 92, 0.9997, 1.0000, 1.7823, 21, 21
838, 448, 17, 95, 0.9997, 0.9986, 1.7716, 11, 12
839, 432, 73, 84, 0.9997, 1.0000, 2.2529, 42, 43
839, 433, 54, 109, 0.9997, 1.0000, 1.9919, 39, 40
839, 439, 98, 44, 0.9997, 1.0000, 1.8311, 24, 25
839, 440, 95, 92, 0.9996, 1.0000, 0.4879, 22, 22
839, 448, 18, 94, 0.9997, 1.0000, 1.4444, 12, 13
840, 424, 26, 38, 0.9997, 1.0000, 0.7234, 57, 57
840, 432, 75, 85, 0.9997, 1.0000, 2.2426, 43, 44
840, 433, 55, 109, 0.9997, 1.0000, 1.3083, 40, 41
840, 439, 97, 44, 0.9996, 1.0000, 0.6978, 25, 26
840, 440, 96, 94, 0.9996, 1.0000, 1.6259, 23, 23
840, 448, 20, 94, 0.9997, 1.0000, 1.7659, 13, 14
841, 424, 26, 39, 0.9997, 1.0000, 0.9994, 58, 58
841, 432, 77, 85, 0.9997, 1.0000, 2.0139, 44, 45
841, 433, 56, 110, 0.9997, 1.0000, 1.2352, 41, 42
841, 439, 99, 48, 0.9994, 1.0000, 3.2233, 26, 27
841, 440, 97, 96, 0.9997, 1.0000, 2.2667, 24, 24
841, 448, 21, 95, 0.9997, 1.0000, 1.4730, 14, 15
842, 424, 27, 39, 0.9997, 1.0000, 0.8124, 59, 59
842, 432, 79, 86, 0.9997, 1.0000, 2.1210, 45, 46
842, 433, 58, 111, 0.9997, 1.0000, 1.9927, 42, 43
842, 439, 99, 50, 0.9997, 1.0000, 2.6574, 27, 28
842, 440, 97, 97, 0.9997, 1.0000, 1.3524, 25, 25
842, 448, 22, 95, 0.9997, 1.0000, 1.0405, 15, 16
843, 432, 81, 87, 0.9997, 1.0000, 2.2357, 46, 47
843, 433, 59, 111, 0.9997, 1.0000, 1.3058, 43, 44
843, 439, 100, 51, 0.9996, 1.0000, 1.5421, 28, 29
843, 440, 97, 99, 0.9997, 1.0000, 1.7389, 26, 26
843, 448, 22, 96, 0.9997, 1.0000, 0.8010, 16, 17
843, 451, 2, 99, 0.9997, 0.7623, 1.0512, 5, 6
844, 424, 28, 40, 0.9997, 1.0000, 1.0424, 61, 61
844, 432, 83, 89, 0.9997, 1.0000, 2.6951, 47, 48
844, 433, 61, 113, 0.9996, 1.0000, 2.3074, 44, 45
844, 439, 100, 53, 0.9997, 1.0000, 1.6685, 29, 30
844, 440, 98, 100, 0.9997, 1.0000, 1.4228, 27, 27
844, 448, 23, 97, 0.9997, 1.0000, 1.2275, 17, 18
845, 432, 85, 89, 0.9996, 1.0000, 2.0727, 48, 49
845, 439, 101, 55, 0.9997, 1.0000, 2.0989, 30, 31
845, 440, 98, 102, 0.9997, 1.0000, 1.7677, 28, 28
845, 448, 24, 97, 0.9997, 1.0000, 1.0374, 18, 19
845, 451, 3, 100, 0.9997, 0.8384, 1.0576, 7, 8
845, 453, 104, 122, 0.9997, 0.7623, 1.7216, 5, 6
846, 424, 29, 40, 0.9997, 1.0000, 0.7475, 63, 63
846, 432, 87, 90, 0.9997, 1.0000, 2.1217, 49, 50
846, 439, 101, 57, 0.9997, 1.0000, 2.0528, 31, 32
846, 440, 99, 103, 0.9997, 1.0000, 1.4667, 29, 29
846, 448, 24, 98, 0.9997, 1.0000, 0.7735, 19, 20
846, 453, 105, 122, 0.9997, 0.7998, 1.2762, 6, 7
847, 424, 30, 42, 0.9996, 1.0000, 1.8005, 64, 64
847, 432, 89, 90, 0.9997, 1.0000, 2.0091, 50, 51
847, 439, 103, 64, 0.9987, 1.0000, 6.7746, 32, 33
847, 440, 99, 105, 0.9997, 1.0000, 1.7689, 30, 30
847, 448, 25, 99, 0.9997, 1.0000, 1.2347, 20, 21
847, 451, 4, 101, 0.9997, 0.9178, 1.0613, 9, 10
847, 453, 106, 122, 0.9997, 0.8385, 1.0002, 7, 8
848, 432, 92, 90, 0.9997, 1.0000, 2.7641, 51, 52
848, 440, 100, 106, 0.9997, 1.0000, 1.4572, 31, 31
848, 448, 26, 101, 0.9997, 1.0000, 2.0630, 21, 22
848, 451, 4, 102, 0.9997, 0.9581, 1.0444, 10, 11
848, 453, 108, 122, 0.9997, 0.8779, 1.7237, 8, 9
849, 440, 100, 108, 0.9997, 1.0000, 1.7676, 32, 32
849, 451, 5, 102, 0.9997, 0.9986, 0.7998, 11, 12
849, 453, 110, 122, 0.9997, 0.9178, 2.0403, 9, 10
850, 424, 31, 41, 0.9997, 1.0000, 0.7123, 67, 67
850, 440, 101, 110, 0.9997, 1.0000, 2.1490, 33, 33
850, 451, 5, 103, 0.9997, 1.0000, 0.7641, 12, 13
850, 453, 110, 122, 0.9996, 0.9580, 0.5279, 10, 11
851, 424, 31, 42, 0.9997, 1.0000, 0.8226, 68, 68
851, 440, 101, 111, 0.9997, 1.0000, 1.3021, 34, 34
851, 451, 6, 103, 0.9997, 1.0000, 0.7860, 13, 14
851, 453, 112, 122, 0.9997, 0.9986, 1.4318, 11, 12
852, 424, 32, 42, 0.9997, 1.0000, 0.8259, 69, 69
852, 433, 74, 114, 0.9997, 0.7664, 2.0339, 52, 52
852, 440, 102, 113, 0.9997, 1.0000, 1.8784, 35, 35
852, 451, 6, 104, 0.9997, 1.0000, 0.7891, 14, 15
852, 453, 113, 122, 0.9997, 1.0000, 1.2338, 12, 13
853, 424, 32, 43, 0.9997, 1.0000, 0.8089, 70, 70
853, 433, 75, 114, 0.9997, 0.8081, 1.2352, 53, 53
853, 440, 102, 114, 0.9997, 1.0000, 1.2603, 36, 36
853, 451, 5, 106, 0.9996, 1.0000, 1.9420, 15, 16
853, 453, 114, 122, 0.9997, 1.0000, 1.0263, 13, 14
854, 424, 33, 43, 0.9997, 1.0000, 0.7887, 71, 71
854, 433, 77, 114, 0.9997, 0.8498, 1.7065, 54, 54
854, 440, 103, 116, 0.9997, 1.0000, 1.9025, 37, 37
854, 451, 7, 106, 0.9995, 1.0000, 1.3235, 16, 17
854, 453, 116, 122, 0.9997, 1.0000, 1.7399, 14, 15
854, 458, 6, 97, 0.9996, 0.7623, 1.1116, 5, 6
855, 433, 79, 115, 0.9997, 0.8914, 2.1345, 55, 55
855, 440, 103, 118, 0.9997, 1.0000, 2.0309, 38, 38
855, 451, 7, 106, 0.9997, 1.0000, 0.5712, 17, 18
855, 453, 117, 122, 0.9997, 1.0000, 1.2788, 15, 16
855, 458, 7, 98, 0.9997, 0.7998, 1.1063, 6, 7
856, 424, 34, 44, 0.9997, 1.0000, 1.0403, 73, 73
856, 433, 80, 115, 0.9997, 0.9331, 1.3115, 56, 56
856, 440, 103, 119, 0.9997, 1.0000, 1.2788, 39, 39
856, 448, 26, 110, 0.9978, 0.7652, 4.9237, 29, 29
856, 451, 7, 107, 0.9997, 1.0000, 0.6662, 18, 19
856, 453, 118, 123, 0.9997, 1.0000, 1.2572, 16, 17
856, 458, 9, 99, 0.9997, 0.8384, 2.0355, 7, 8
856, 460, 3, 63, 0.9997, 0.7998, 1.0587, 6, 7
857, 433, 82, 115, 0.9997, 0.9747, 1.7246, 57, 57
857, 440, 104, 121, 0.9997, 1.0000, 1.8675, 40, 40
857, 448, 23, 113, 0.9996, 0.8080, 4.0770, 30, 30
857, 451, 7, 108, 0.9997, 1.0000, 1.0261, 19, 20
857, 453, 120, 123, 0.9997, 1.0000, 1.7472, 17, 18
857, 458, 10, 99, 0.9997, 0.8779, 1.3306, 8, 9
858, 424, 35, 44, 0.9997, 1.0000, 0.7501, 75, 75
858, 433, 84, 115, 0.9997, 1.0000, 2.0005, 58, 58
858, 451, 5, 109, 0.9996, 1.0000, 1.8846, 20, 21
858, 453, 121, 123, 0.9997, 1.0000, 1.2763, 18, 19
858, 458, 11, 99, 0.9997, 0.9178, 1.0004, 9, 10
858, 460, 2, 63, 0.9997, 0.8779, 0.7780, 8, 9
859, 424, 35, 45, 0.9997, 1.0000, 0.7657, 76, 76
859, 433, 86, 116, 0.9997, 1.0000, 2.1729, 59, 59
859, 451, 6, 110, 0.9996, 1.0000, 1.0341, 21, 22
859, 453, 122, 123, 0.9997, 1.0000, 1.0010, 19, 20
859, 458, 12, 99, 0.9997, 0.9581, 0.9591, 10, 11
859, 460, 3, 64, 0.9996, 0.9178, 0.8407, 9, 10
860, 424, 37, 45, 0.9996, 1.0000, 1.5389, 77, 77
860, 433, 87, 116, 0.9997, 1.0000, 1.2850, 60, 60
860, 453, 124, 123, 0.9997, 1.0000, 1.7237, 20, 21
860, 458, 13, 100, 0.9997, 0.9986, 1.2347, 11, 12
860, 460, 4, 65, 0.9997, 0.9580, 1.4734, 10, 11
861, 433, 89, 116, 0.9997, 1.0000, 1.7082, 61, 61
861, 451, 6, 111, 0.9997, 1.0000, 0.7103, 23, 24
861, 453, 125, 123, 0.9997, 1.0000, 1.2764, 21, 22
861, 456, 122, 103, 0.9997, 0.7857, 2.9006, 19, 17
861, 460, 4, 65, 0.9997, 0.9986, 0.4449, 11, 12
862, 424, 37, 46, 0.9997, 1.0000, 0.8565, 79, 79
862, 433, 91, 117, 0.9997, 1.0000, 2.1243, 62, 62
862, 453, 127, 123, 0.9997, 1.0000, 1.7639, 22, 23
862, 456, 125, 104, 0.9997, 0.8273, 3.2012, 20, 18
862, 458, 15, 100, 0.9996, 1.0000, 1.4745, 13, 14
862, 460, 5, 66, 0.9997, 1.0000, 1.0350, 12, 13
863, 433, 93, 117, 0.9997, 1.0000, 2.0602, 63, 63
863, 451, 5, 112, 0.9997, 1.0000, 1.0830, 25, 26
863, 456, 127, 104, 0.9997, 0.8688, 2.3045, 21, 19
863, 458, 17, 101, 0.9997, 1.0000, 2.1798, 14, 15
864, 424, 38, 47, 0.9997, 1.0000, 1.0892, 81, 81
864, 433, 94, 117, 0.9997, 1.0000, 1.2523, 64, 64
864, 458, 18, 101, 0.9997, 1.0000, 1.3625, 15, 16
864, 460, 6, 66, 0.9997, 1.0000, 0.7454, 14, 15
865, 433, 96, 118, 0.9997, 1.0000, 1.8553, 65, 65
865, 448, 12, 125, 0.9997, 0.7612, 2.0223, 38, 37
865, 451, 5, 113, 0.9997, 1.0000, 0.7508, 27, 28
865, 458, 19, 101, 0.9997, 1.0000, 0.9736, 16, 17
865, 460, 6, 67, 0.9997, 1.0000, 0.7658, 15, 16
866, 424, 39, 47, 0.9997, 1.0000, 0.7525, 83, 83
866, 433, 98, 118, 0.9997, 1.0000, 2.0167, 66, 66
866, 448, 11, 126, 0.9997, 0.8027, 1.5742, 39, 38
866, 451, 5, 114, 0.9997, 1.0000, 1.0148, 28, 29
866, 458, 20, 102, 0.9997, 1.0000, 1.1872, 17, 18
866, 460, 7, 65, 0.9996, 1.0000, 1.4574, 16, 17
867, 424, 39, 48, 0.9997, 1.0000, 0.7630, 84, 84
867, 433, 100, 119, 0.9997, 1.0000, 2.1799, 67, 67
867, 451, 4, 115, 0.9997, 1.0000, 1.2821, 29, 30
867, 458, 21, 102, 0.9997, 1.0000, 1.0196, 18, 19
868, 424, 40, 48, 0.9997, 1.0000, 0.7989, 85, 85
868, 433, 102, 119, 0.9997, 1.0000, 2.0319, 68, 68
868, 451, 5, 115, 0.9996, 1.0000, 0.5342, 30, 31
868, 458, 23, 102, 0.9997, 1.0000, 1.7654, 19, 20
869, 433, 103, 120, 0.9997, 1.0000, 1.4452, 69, 69
869, 451, 5, 116, 0.9997, 1.0000, 0.7643, 31, 32
869, 458, 24, 103, 0.9997, 1.0000, 1.4835, 20, 21
870, 424, 41, 49, 0.9997, 1.0000, 1.0423, 87, 87
870, 433, 105, 120, 0.9997, 1.0000, 1.7240, 70, 70
870, 451, 5, 117, 0.9997, 1.0000, 0.9985, 32, 33
870, 458, 25, 103, 0.9997, 1.0000, 1.0385, 21, 22
871, 433, 107, 121, 0.9997, 1.0000, 2.1351, 71, 71
871, 451, 5, 118, 0.9997, 1.0000, 1.0421, 33, 34
871, 458, 26, 103, 0.9997, 1.0000, 0.9573, 22, 23
872, 424, 42, 49, 0.9997, 1.0000, 0.7500, 89, 89
872, 433, 109, 122, 0.9997, 1.0000, 2.2804, 72, 72
872, 439, 117, 112, 0.9997, 0.7559, 2.4848, 57, 54
872, 451, 5, 119, 0.9997, 1.0000, 1.0164, 34, 35
872, 458, 28, 104, 0.9997, 1.0000, 1.8914, 23, 24
872, 465, 101, 46, 0.9997, 0.7623, 1.0138, 5, 6
873, 424, 42, 50, 0.9997, 1.0000, 0.7656, 90, 90
873, 433, 111, 122, 0.9997, 1.0000, 2.0355, 73, 73
873, 439, 117, 114, 0.9997, 0.7971, 2.0189, 58, 55
873, 451, 5, 120, 0.9997, 1.0000, 1.0001, 35, 36
873, 458, 29, 104, 0.9997, 1.0000, 1.3210, 24, 25
873, 465, 102, 46, 0.9997, 0.7998, 0.9564, 6, 7
873, 466, 61, 39, 0.9997, 0.7623, 1.0512, 5, 6
874, 433, 113, 123, 0.9997, 1.0000, 2.1264, 74, 74
874, 439, 118, 117, 0.9997, 0.8383, 2.8182, 59, 56
874, 451, 6, 120, 0.9997, 1.0000, 0.8003, 36, 37
874, 458, 30, 104, 0.9997, 1.0000, 1.0024, 25, 26
874, 460, 11, 71, 0.9997, 0.7664, 0.8474, 24, 24
874, 466, 60, 39, 0.9997, 0.7998, 1.0287, 6, 7
875, 424, 43, 51, 0.9997, 1.0000, 1.0512, 92, 92
875, 433, 115, 122, 0.9996, 1.0000, 2.0664, 75, 75
875, 439, 119, 119, 0.9997, 0.8795, 2.4864, 60, 57
875, 451, 6, 121, 0.9997, 1.0000, 0.7655, 37, 38
875, 458, 31, 104, 0.9997, 1.0000, 0.9592, 26, 27
876, 433, 117, 123, 0.9997, 1.0000, 2.0506, 76, 76
876, 451, 7, 122, 0.9997, 1.0000, 1.2585, 38, 39
876, 458, 33, 105, 0.9997, 1.0000, 1.9012, 27, 28
876, 466, 59, 39, 0.9997, 0.8779, 0.7249, 8, 9
877, 424, 44, 52, 0.9997, 1.0000, 1.0701, 94, 94
877, 433, 119, 124, 0.9997, 1.0000, 2.2430, 77, 77
877, 458, 34, 105, 0.9997, 1.0000, 1.3242, 28, 29
878, 433, 120, 125, 0.9997, 1.0000, 1.6449, 78, 78
878, 451, 8, 123, 0.9997, 1.0000, 1.0411, 40, 41
878, 458, 35, 105, 0.9997, 1.0000, 1.0023, 29, 30
878, 466, 58, 39, 0.9997, 0.9581, 0.7486, 10, 11
879, 424, 45, 52, 0.9997, 1.0000, 0.7486, 96, 96
879, 433, 122, 126, 0.9997, 1.0000, 1.9949, 79, 79
879, 451, 8, 124, 0.9997, 1.0000, 1.0306, 41, 42
879, 458, 36, 106, 0.9997, 1.0000, 1.2000, 30, 31
880, 424, 45, 53, 0.9997, 1.0000, 0.7640, 97, 97
880, 433, 124, 127, 0.9997, 1.0000, 2.2357, 80, 80
880, 451, 9, 125, 0.9997, 1.0000, 1.2824, 42, 43
880, 458, 38, 106, 0.9997, 1.0000, 1.7693, 31, 32
880, 466, 57, 39, 0.9997, 1.0000, 0.7508, 12, 13
881, 458, 39, 106, 0.9997, 1.0000, 1.2917, 32, 33
881, 465, 111, 47, 0.9997, 0.7665, 1.0000, 14, 14
882, 424, 46, 54, 0.9997, 1.0000, 1.0519, 99, 99
882, 451, 10, 126, 0.9997, 1.0000, 1.0316, 44, 45
882, 458, 40, 107, 0.9997, 1.0000, 1.2363, 33, 34
882, 466, 56, 39, 0.9997, 1.0000, 0.7499, 14, 15
882, 468, 15, 75, 0.9997, 0.7623, 1.0601, 5, 6
883, 451, 10, 127, 0.9997, 1.0000, 1.0286, 45, 46
883, 458, 42, 107, 0.9997, 1.0000, 1.7443, 34, 35
883, 468, 16, 75, 0.9997, 0.7998, 1.0456, 6, 7
883, 469, 5, 17, 0.9994, 0.7621, 1.1580, 5, 6
884, 424, 47, 55, 0.9997, 1.0000, 1.0700, 101, 101
884, 451, 11, 127, 0.9997, 1.0000, 0.7998, 46, 47
884, 458, 43, 108, 0.9997, 1.0000, 1.4868, 35, 36
884, 469, 7, 16, 0.9997, 0.7998, 1.9018, 6, 7
885, 424, 47, 56, 0.9997, 1.0000, 1.0439, 102, 102
885, 451, 10, 121, 0.9974, 1.0000, 5.4115, 47, 48
885, 466, 55, 39, 0.9997, 1.0000, 0.7221, 17, 18
885, 469, 8, 16, 0.9997, 0.8384, 1.2927, 7, 8
886, 424, 48, 56, 0.9997, 1.0000, 0.7983, 103, 103
886, 451, 12, 114, 0.9995, 1.0000, 6.7926, 48, 49
886, 458, 46, 108, 0.9996, 1.0000, 2.1959, 37, 38
886, 469, 9, 16, 0.9997, 0.8779, 0.9912, 8, 9
887, 424, 48, 57, 0.9997, 1.0000, 0.7640, 104, 104
887, 458, 47, 109, 0.9997, 1.0000, 1.7262, 38, 39
887, 469, 11, 15, 0.9997, 0.9178, 1.8675, 9, 10
888, 458, 48, 109, 0.9997, 1.0000, 1.0790, 39, 40
888, 469, 12, 15, 0.9997, 0.9580, 1.3067, 10, 11
889, 424, 48, 58, 0.9997, 1.0000, 0.7496, 106, 106
889, 458, 49, 109, 0.9997, 1.0000, 0.9334, 40, 41
889, 469, 13, 15, 0.9997, 0.9986, 1.0005, 11, 12
889, 472, 120, 47, 0.9996, 0.7623, 0.5285, 5, 6
890, 424, 48, 59, 0.9997, 1.0000, 1.0156, 107, 107
890, 458, 51, 110, 0.9997, 1.0000, 1.8774, 41, 42
890, 469, 15, 14, 0.9997, 1.0000, 1.8694, 12, 13
890, 472, 123, 48, 0.9996, 0.7997, 2.3833, 6, 7
891, 458, 51, 110, 0.9996, 1.0000, 0.5937, 42, 43
891, 469, 16, 14, 0.9997, 1.0000, 1.3059, 13, 14
892, 424, 49, 60, 0.9997, 1.0000, 1.0530, 109, 109
892, 458, 51, 109, 0.9996, 1.0000, 0.7657, 43, 44
892, 469, 18, 13, 0.9997, 1.0000, 1.9222, 14, 15
893, 424, 49, 61, 0.9997, 1.0000, 1.0411, 110, 110
893, 458, 54, 111, 0.9993, 1.0000, 3.1916, 44, 45
893, 469, 19, 13, 0.9997, 1.0000, 1.2765, 15, 16
894, 424, 49, 62, 0.9997, 1.0000, 1.0402, 111, 111
894, 458, 57, 111, 0.9997, 1.0000, 2.7256, 45, 46
894, 469, 20, 12, 0.9997, 1.0000, 1.2368, 16, 17
895, 424, 49, 63, 0.9997, 1.0000, 1.0164, 112, 112
895, 458, 58, 112, 0.9996, 1.0000, 1.5729, 46, 47
895, 469, 22, 12, 0.9997, 1.0000, 1.7393, 17, 18
896, 458, 59, 111, 0.9996, 1.0000, 1.0411, 47, 48
896, 469, 23, 11, 0.9997, 1.0000, 1.4816, 18, 19
897, 458, 62, 112, 0.9996, 1.0000, 2.4746, 48, 49
897, 469, 24, 11, 0.9997, 1.0000, 1.0316, 19, 20
898, 424, 49, 65, 0.9996, 1.0000, 1.4713, 115, 115
898, 469, 26, 10, 0.9997, 1.0000, 1.8798, 20, 21
899, 424, 49, 66, 0.9997, 1.0000, 1.3344, 116, 116
899, 467, 54, 7, 0.9997, 0.7688, 1.0406, 27, 22
899, 469, 27, 10, 0.9997, 1.0000, 1.3006, 21, 22
900, 467, 54, 8, 0.9997, 0.8096, 1.0154, 28, 23
900, 473, 25, 83, 0.9997, 0.8081, 0.7507, 10, 10
901, 424, 50, 67, 0.9997, 1.0000, 1.0239, 118, 118
901, 473, 26, 84, 0.9997, 0.8497, 1.2457, 11, 11
902, 424, 50, 68, 0.9997, 1.0000, 1.0238, 119, 119
902, 467, 54, 9, 0.9997, 0.8914, 0.7059, 30, 25
903, 424, 50, 69, 0.9997, 1.0000, 1.0393, 120, 120
903, 467, 54, 10, 0.9997, 0.9324, 0.9991, 31, 26
903, 473, 27, 84, 0.9997, 0.9331, 0.7221, 13, 13
904, 473, 28, 85, 0.9997, 0.9747, 1.2337, 14, 14
905, 424, 50, 70, 0.9997, 1.0000, 0.7094, 122, 122
905, 458, 73, 113, 0.9996, 0.7664, 1.9934, 56, 56
905, 467, 54, 11, 0.9997, 1.0000, 0.7246, 33, 28
906, 424, 50, 71, 0.9997, 1.0000, 0.9978, 123, 123
906, 458, 74, 115, 0.9996, 0.8080, 1.5922, 57, 57
906, 467, 54, 12, 0.9997, 1.0000, 1.0000, 34, 29
906, 473, 29, 85, 0.9997, 1.0000, 0.7237, 16, 16
907, 424, 51, 72, 0.9997, 1.0000, 1.2931, 124, 124
907, 458, 76, 116, 0.9997, 0.8498, 2.1687, 58, 58
907, 467, 54, 13, 0.9997, 1.0000, 1.0402, 35, 30
907, 469, 38, 7, 0.9997, 0.7664, 1.3068, 29, 29
907, 473, 30, 85, 0.9997, 1.0000, 1.0009, 17, 17
908, 458, 77, 116, 0.9997, 0.8914, 1.2969, 59, 59
908, 469, 40, 7, 0.9997, 0.8081, 1.7643, 30, 30
908, 473, 31, 86, 0.9997, 1.0000, 1.2816, 18, 18
909, 424, 51, 73, 0.9997, 1.0000, 0.7083, 126, 126
909, 458, 79, 117, 0.9997, 0.9331, 1.8882, 60, 60
909, 467, 54, 14, 0.9997, 1.0000, 0.7082, 37, 32
909, 469, 41, 6, 0.9997, 0.8497, 1.4457, 31, 31
910, 424, 51, 74, 0.9997, 1.0000, 0.9986, 127, 127
910, 458, 80, 117, 0.9997, 0.9747, 1.2693, 61, 61
910, 467, 54, 15, 0.9997, 1.0000, 0.9978, 38, 33
910, 469, 42, 6, 0.9997, 0.8914, 1.0226, 32, 32
911, 424, 52, 75, 0.9997, 1.0000, 1.2822, 128, 128
911, 458, 82, 117, 0.9997, 1.0000, 1.7501, 62, 62
911, 467, 54, 16, 0.9997, 1.0000, 1.0417, 39, 34
911, 469, 44, 5, 0.9997, 0.9331, 1.8832, 33, 33
912, 458, 84, 118, 0.9997, 1.0000, 2.1403, 63, 63
912, 467, 54, 17, 0.9997, 1.0000, 1.0163, 40, 35
912, 469, 45, 5, 0.9997, 0.9747, 1.3023, 34, 34
913, 424, 52, 76, 0.9997, 1.0000, 0.7083, 130, 130
913, 458, 85, 118, 0.9997, 1.0000, 1.3081, 64, 64
913, 467, 53, 17, 0.9997, 1.0000, 0.7996, 41, 36
913, 469, 45, 4, 0.9996, 1.0000, 0.7851, 35, 35
914, 424, 52, 77, 0.9997, 1.0000, 0.9985, 131, 131
914, 458, 87, 119, 0.9997, 1.0000, 1.8844, 65, 65
914, 467, 53, 18, 0.9997, 1.0000, 0.7638, 42, 37
914, 469, 48, 4, 0.9996, 1.0000, 2.2100, 36, 36
915, 424, 52, 78, 0.9997, 1.0000, 1.0418, 132, 132
915, 458, 88, 119, 0.9997, 1.0000, 1.2606, 66, 66
915, 467, 53, 19, 0.9997, 1.0000, 0.9991, 43, 38
915, 469, 49, 3, 0.9997, 1.0000, 1.7382, 37, 37
916, 424, 53, 78, 0.9997, 1.0000, 0.8044, 133, 133
916, 458, 90, 120, 0.9997, 1.0000, 1.9019, 67, 67
916, 467, 53, 20, 0.9997, 1.0000, 1.0434, 44, 39
916, 469, 51, 3, 0.9997, 1.0000, 1.8237, 38, 38
916, 484, 35, 91, 0.9997, 0.7623, 1.0372, 5, 6
917, 424, 53, 79, 0.9997, 1.0000, 0.7670, 134, 134
917, 458, 92, 120, 0.9997, 1.0000, 2.0308, 68, 68
917, 469, 53, 3, 0.9997, 1.0000, 1.9891, 39, 39
917, 484, 36, 91, 0.9997, 0.7998, 0.7748, 6, 7
918, 424, 53, 80, 0.9997, 1.0000, 0.9977, 135, 135
918, 458, 93, 120, 0.9997, 1.0000, 1.2788, 69, 69
918, 467, 53, 21, 0.9997, 1.0000, 0.7083, 46, 41
918, 469, 54, 2, 0.9997, 1.0000, 1.4524, 40, 40
918, 484, 36, 92, 0.9997, 0.8384, 0.7618, 7, 8
919, 424, 54, 80, 0.9997, 1.0000, 0.7730, 136, 136
919, 458, 95, 121, 0.9997, 1.0000, 1.8675, 70, 70
919, 467, 53, 22, 0.9997, 1.0000, 0.9976, 47, 42
919, 469, 55, 1, 0.9997, 1.0000, 1.4133, 41, 41
919, 484, 37, 92, 0.9997, 0.8779, 0.7848, 8, 9
920, 424, 54, 81, 0.9997, 1.0000, 0.7750, 137, 137
920, 458, 97, 121, 0.9997, 1.0000, 2.0184, 71, 71
920, 467, 53, 23, 0.9997, 1.0000, 1.0417, 48, 43
920, 469, 57, 1, 0.9997, 1.0000, 1.7337, 42, 42
920, 484, 38, 92, 0.9997, 0.9178, 1.0155, 9, 10
920, 488, 6, 2, 0.9997, 0.7623, 1.0412, 5, 6
921, 424, 54, 82, 0.9997, 1.0000, 1.0001, 138, 138
921, 458, 98, 121, 0.9997, 1.0000, 1.2763, 72, 72
921, 467, 53, 24, 0.9997, 1.0000, 1.0163, 49, 44
921, 469, 59, 1, 0.9997, 1.0000, 2.0416, 43, 43
921, 484, 38, 93, 0.9997, 0.9580, 0.7754, 10, 11
921, 486, 101, 98, 0.9997, 0.7664, 1.6100, 10, 10
922, 458, 100, 122, 0.9997, 1.0000, 1.8694, 73, 73
922, 469, 60, 0, 0.9997, 1.0000, 1.4743, 44, 44
922, 484, 39, 93, 0.9997, 0.9986, 0.7741, 11, 12
922, 486, 103, 98, 0.9997, 0.8081, 1.7732, 11, 11
923, 424, 55, 83, 0.9997, 1.0000, 1.0411, 140, 140
923, 458, 102, 122, 0.9997, 1.0000, 2.0190, 74, 74
923, 467, 53, 25, 0.9997, 1.0000, 0.7059, 51, 46
923, 469, 62, 0, 0.9997, 1.0000, 1.7463, 45, 45
923, 484, 40, 94, 0.9997, 1.0000, 1.2583, 12, 13
924, 424, 55, 84, 0.9997, 1.0000, 1.0417, 141, 141
924, 458, 103, 123, 0.9997, 1.0000, 1.4875, 75, 75
924, 467, 53, 26, 0.9997, 1.0000, 0.9991, 52, 47
924, 484, 41, 94, 0.9997, 1.0000, 1.0702, 13, 14
925, 424, 55, 85, 0.9997, 1.0000, 1.0403, 142, 142
925, 458, 105, 121, 0.9996, 1.0000, 2.1448, 76, 76
925, 467, 53, 27, 0.9997, 1.0000, 1.0426, 53, 48
926, 458, 106, 119, 0.9997, 1.0000, 2.4600, 77, 77
926, 484, 42, 95, 0.9997, 1.0000, 1.0109, 15, 16
927, 424, 55, 86, 0.9997, 1.0000, 0.7084, 144, 144
927, 467, 53, 28, 0.9997, 1.0000, 0.7083, 55, 50
927, 484, 43, 95, 0.9997, 1.0000, 1.0357, 16, 17
928, 424, 56, 87, 0.9997, 1.0000, 1.2565, 145, 145
928, 467, 53, 29, 0.9997, 1.0000, 0.9976, 56, 51
928, 484, 44, 95, 0.9997, 1.0000, 1.0417, 17, 18
929, 424, 56, 88, 0.9997, 1.0000, 1.0824, 146, 146
929, 467, 53, 30, 0.9997, 1.0000, 1.0417, 57, 52
929, 484, 39, 96, 0.9980, 1.0000, 4.3913, 18, 19
930, 424, 57, 88, 0.9997, 1.0000, 0.8054, 147, 147
930, 467, 53, 31, 0.9997, 1.0000, 1.0163, 58, 53
930, 484, 32, 100, 0.9987, 1.0000, 8.2435, 19, 20
930, 492, 114, 125, 0.9997, 0.7623, 2.0714, 5, 6
931, 424, 57, 89, 0.9997, 1.0000, 0.7509, 148, 148
931, 467, 53, 32, 0.9997, 1.0000, 1.0001, 59, 54
931, 492, 116, 125, 0.9997, 0.7998, 2.0347, 6, 7
932, 424, 57, 90, 0.9997, 1.0000, 0.9978, 149, 149
932, 467, 53, 31, 0.9996, 1.0000, 0.5302, 60, 55
932, 492, 117, 126, 0.9997, 0.8384, 1.4356, 7, 8
932, 493, 42, 1, 0.9996, 0.7623, 1.7726, 5, 6
933, 467, 53, 33, 0.9996, 1.0000, 1.1794, 61, 56
933, 492, 119, 126, 0.9997, 0.8779, 1.7276, 8, 9
933, 493, 43, 1, 0.9997, 0.7998, 1.3079, 6, 7
933, 494, 120, 106, 0.9997, 0.7623, 1.2601, 5, 6
934, 424, 58, 91, 0.9997, 1.0000, 1.0428, 151, 151
934, 467, 53, 34, 0.9997, 1.0000, 1.2918, 62, 57
934, 492, 122, 126, 0.9997, 0.9178, 2.7620, 9, 10
934, 493, 44, 1, 0.9997, 0.8385, 1.0013, 7, 8
934, 494, 123, 107, 0.9996, 0.7997, 2.6113, 6, 7
935, 424, 58, 92, 0.9997, 1.0000, 1.0421, 152, 152
935, 467, 53, 35, 0.9997, 1.0000, 1.0853, 63, 58
935, 492, 123, 127, 0.9996, 0.9580, 1.7289, 10, 11
935, 493, 45, 2, 0.9997, 0.8779, 1.2186, 8, 9
936, 467, 53, 36, 0.9997, 1.0000, 0.9900, 64, 59
936, 492, 124, 127, 0.9997, 0.9986, 0.9997, 11, 12
936, 493, 46, 1, 0.9996, 0.9178, 1.0962, 9, 10
936, 496, 49, 100, 0.9997, 0.7623, 0.7992, 5, 6
937, 424, 59, 93, 0.9997, 1.0000, 1.0223, 154, 154
937, 493, 47, 1, 0.9997, 0.9581, 1.0425, 10, 11
937, 496, 49, 101, 0.9997, 0.7998, 0.7655, 6, 7
938, 424, 59, 94, 0.9997, 1.0000, 1.0372, 155, 155
938, 467, 53, 37, 0.9997, 1.0000, 0.7035, 66, 61
938, 493, 48, 1, 0.9997, 0.9986, 1.0033, 11, 12
939, 424, 59, 95, 0.9997, 1.0000, 1.0403, 156, 156
939, 467, 53, 38, 0.9997, 1.0000, 1.0006, 67, 62
939, 493, 49, 2, 0.9997, 1.0000, 1.2757, 12, 13
939, 498, 29, 28, 0.9997, 0.7623, 1.2671, 5, 6
940, 424, 60, 96, 0.9997, 1.0000, 1.2469, 157, 157
940, 467, 53, 39, 0.9997, 1.0000, 1.0435, 68, 63
940, 493, 50, 2, 0.9997, 1.0000, 1.0464, 13, 14
940, 499, 52, 93, 0.9945, 0.7588, 6.8711, 5, 6
941, 467, 53, 40, 0.9997, 1.0000, 1.0165, 69, 64
941, 493, 51, 2, 0.9997, 1.0000, 0.9999, 14, 15
942, 424, 61, 97, 0.9997, 1.0000, 1.0402, 159, 159
942, 493, 52, 2, 0.9997, 1.0000, 1.0009, 15, 16
942, 498, 30, 28, 0.9997, 0.8779, 0.7071, 8, 9
943, 467, 53, 41, 0.9997, 1.0000, 0.7058, 71, 66
943, 493, 54, 2, 0.9997, 1.0000, 1.7640, 16, 17
944, 424, 61, 98, 0.9997, 1.0000, 0.7509, 161, 161
944, 467, 53, 42, 0.9997, 1.0000, 0.9991, 72, 67
944, 493, 55, 2, 0.9997, 1.0000, 1.2918, 17, 18
944, 497, 34, 36, 0.9997, 0.8914, 0.7476, 13, 13
945, 424, 62, 99, 0.9997, 1.0000, 1.2464, 162, 162
945, 467, 53, 43, 0.9997, 1.0000, 1.0426, 73, 68
945, 493, 56, 2, 0.9997, 1.0000, 1.0000, 18, 19
945, 497, 31, 30, 0.9976, 0.9314, 5.9391, 14, 14
946, 424, 62, 100, 0.9997, 1.0000, 1.0790, 163, 163
946, 467, 53, 44, 0.9997, 1.0000, 1.0164, 74, 69
946, 493, 57, 2, 0.9997, 1.0000, 0.9574, 19, 20
946, 502, 121, 111, 0.9997, 0.7623, 0.7602, 5, 6
947, 467, 53, 45, 0.9997, 1.0000, 1.0001, 75, 70
947, 493, 58, 3, 0.9997, 1.0000, 1.2455, 20, 21
947, 502, 122, 112, 0.9997, 0.7998, 1.1998, 6, 7
948, 424, 63, 101, 0.9997, 1.0000, 1.0120, 165, 165
948, 493, 59, 3, 0.9997, 1.0000, 1.0417, 21, 22
948, 496, 58, 107, 0.9997, 0.7547, 1.4549, 17, 16
948, 502, 123, 113, 0.9997, 0.8385, 1.4327, 7, 8
949, 424, 63, 102, 0.9997, 1.0000, 1.0352, 166, 166
949, 467, 53, 46, 0.9997, 1.0000, 0.7073, 77, 72
949, 493, 61, 3, 0.9997, 1.0000, 1.7663, 22, 23
949, 502, 125, 113, 0.9997, 0.8779, 1.8015, 8, 9
950, 424, 64, 103, 0.9997, 1.0000, 1.2918, 167, 167
950, 467, 53, 47, 0.9997, 1.0000, 1.0000, 78, 73
950, 493, 62, 2, 0.9997, 1.0000, 1.5237, 23, 24
950, 496, 59, 108, 0.9997, 0.8379, 1.0108, 19, 18
950, 502, 126, 114, 0.9997, 0.9178, 1.4827, 9, 10
951, 467, 53, 48, 0.9997, 1.0000, 1.0427, 79, 74
951, 493, 63, 3, 0.9996, 1.0000, 1.0990, 24, 25
951, 496, 60, 109, 0.9997, 0.8795, 1.4120, 20, 19
951, 502, 127, 114, 0.9997, 0.9581, 1.0261, 10, 11
952, 424, 65, 104, 0.9997, 1.0000, 1.0306, 169, 169
952, 467, 53, 49, 0.9997, 1.0000, 1.0163, 80, 75
952, 493, 64, 3, 0.9997, 1.0000, 1.0008, 25, 26
952, 496, 60, 110, 0.9997, 0.9212, 1.0761, 21, 20
953, 424, 65, 105, 0.9997, 1.0000, 1.0283, 170, 170
953, 493, 65, 3, 0.9997, 1.0000, 0.9847, 26, 27
953, 497, 34, 34, 0.9997, 0.7574, 0.6573, 22, 21
953, 496, 61, 110, 0.9997, 0.9628, 0.7670, 22, 21
954, 467, 53, 50, 0.9997, 1.0000, 0.7058, 82, 77
954, 493, 67, 4, 0.9997, 1.0000, 1.9123, 27, 28
954, 497, 34, 35, 0.9996, 0.7988, 0.7178, 23, 22
954, 496, 61, 111, 0.9997, 1.0000, 0.7466, 23, 22
955, 424, 66, 106, 0.9997, 1.0000, 1.0230, 172, 172
955, 467, 53, 51, 0.9997, 1.0000, 0.9991, 83, 78
955, 493, 67, 4, 0.9996, 1.0000, 0.5976, 28, 29
955, 496, 53, 115, 0.9884, 1.0000, 7.6358, 24, 23
956, 424, 66, 107, 0.9997, 1.0000, 1.0380, 173, 173
956, 467, 53, 52, 0.9997, 1.0000, 1.0426, 84, 79
956, 493, 69, 5, 0.9997, 1.0000, 1.6582, 29, 30
957, 424, 68, 107, 0.9996, 1.0000, 1.5534, 174, 174
957, 467, 53, 53, 0.9997, 1.0000, 1.0164, 85, 80
957, 493, 69, 4, 0.9996, 1.0000, 0.7064, 30, 31
958, 424, 67, 108, 0.9996, 1.0000, 0.7564, 175, 175
958, 467, 53, 54, 0.9997, 1.0000, 1.0001, 86, 81
958, 493, 71, 4, 0.9997, 1.0000, 1.5295, 31, 32
959, 424, 67, 109, 0.9997, 1.0000, 1.0461, 176, 176
959, 467, 53, 55, 0.9997, 1.0000, 0.9976, 87, 82
959, 493, 73, 5, 0.9996, 1.0000, 2.1538, 32, 33
959, 504, 43, 18, 0.9997, 0.7623, 5.0289, 5, 6
960, 424, 68, 110, 0.9997, 1.0000, 1.2422, 177, 177
960, 493, 74, 5, 0.9997, 1.0000, 1.3588, 33, 34
961, 424, 68, 111, 0.9997, 1.0000, 1.0600, 178, 178
961, 467, 53, 56, 0.9997, 1.0000, 0.7082, 89, 84
961, 493, 75, 5, 0.9997, 1.0000, 0.9724, 34, 35
962, 424, 69, 111, 0.9997, 1.0000, 0.8160, 179, 179
962, 467, 53, 57, 0.9997, 1.0000, 1.0001, 90, 85
962, 493, 76, 5, 0.9997, 1.0000, 0.9435, 35, 36
963, 493, 78, 5, 0.9997, 1.0000, 1.7462, 36, 37
964, 424, 70, 112, 0.9997, 1.0000, 1.0287, 181, 181
964, 467, 53, 59, 0.9996, 1.0000, 1.4884, 92, 87
964, 493, 79, 5, 0.9997, 1.0000, 1.2933, 37, 38
965, 424, 71, 113, 0.9997, 1.0000, 1.4531, 182, 182
965, 467, 53, 59, 0.9997, 1.0000, 0.5279, 93, 88
965, 493, 80, 6, 0.9997, 1.0000, 1.2623, 38, 39
966, 424, 72, 113, 0.9997, 1.0000, 1.0826, 183, 183
966, 467, 53, 61, 0.9997, 1.0000, 1.5123, 94, 89
966, 493, 81, 6, 0.9997, 1.0000, 1.0021, 39, 40
966, 509, 117, 99, 0.9997, 0.7623, 2.0181, 5, 6
967, 467, 53, 62, 0.9997, 1.0000, 1.2646, 95, 90
967, 493, 83, 6, 0.9997, 1.0000, 1.7476, 40, 41
967, 503, 19, 34, 0.9997, 0.7778, 1.2350, 21, 18
967, 509, 115, 99, 0.9997, 0.7998, 1.9993, 6, 7
968, 424, 73, 113, 0.9997, 1.0000, 0.7099, 185, 185
968, 467, 53, 63, 0.9997, 1.0000, 1.0263, 96, 91
968, 493, 84, 6, 0.9997, 1.0000, 1.2923, 41, 42
968, 503, 20, 34, 0.9997, 0.8191, 1.0398, 22, 19
968, 509, 113, 98, 0.9997, 0.8384, 2.1270, 7, 8
969, 424, 74, 114, 0.9997, 1.0000, 1.2466, 186, 186
969, 493, 85, 6, 0.9997, 1.0000, 1.0024, 42, 43
969, 503, 22, 34, 0.9997, 0.8604, 1.7648, 23, 20
969, 509, 111, 98, 0.9997, 0.8779, 2.0191, 8, 9
970, 424, 75, 114, 0.9997, 1.0000, 1.0825, 187, 187
970, 467, 54, 64, 0.9997, 1.0000, 1.0317, 98, 93
970, 493, 86, 7, 0.9997, 1.0000, 1.2256, 43, 44
970, 503, 23, 34, 0.9997, 0.9018, 1.2924, 24, 21
970, 509, 109, 98, 0.9997, 0.9178, 2.0000, 9, 10
971, 424, 76, 114, 0.9997, 1.0000, 1.0163, 188, 188
971, 467, 54, 65, 0.9997, 1.0000, 1.0403, 99, 94
971, 493, 88, 7, 0.9997, 1.0000, 1.7723, 44, 45
971, 503, 24, 34, 0.9997, 0.9432, 1.0000, 25, 22
971, 509, 107, 97, 0.9997, 0.9580, 2.1269, 10, 11
972, 467, 54, 66, 0.9997, 1.0000, 1.0442, 100, 95
972, 493, 89, 7, 0.9997, 1.0000, 1.2917, 45, 46
972, 503, 25, 34, 0.9997, 0.9847, 0.9574, 26, 23
972, 509, 106, 97, 0.9997, 0.9986, 1.2666, 11, 12
973, 424, 78, 115, 0.9996, 1.0000, 1.6490, 190, 190
973, 467, 54, 67, 0.9997, 1.0000, 1.0180, 101, 96
973, 493, 90, 7, 0.9997, 1.0000, 1.0032, 46, 47
973, 503, 27, 34, 0.9997, 1.0000, 1.7477, 27, 24
973, 509, 104, 96, 0.9997, 1.0000, 1.8712, 12, 13
974, 424, 79, 115, 0.9997, 1.0000, 1.3234, 191, 191
974, 467, 54, 68, 0.9997, 1.0000, 1.0002, 102, 97
974, 493, 92, 7, 0.9997, 1.0000, 1.7223, 47, 48
974, 503, 28, 33, 0.9997, 1.0000, 1.5012, 28, 25
974, 506, 78, 124, 0.9994, 0.7545, 2.2339, 17, 16
974, 509, 103, 95, 0.9997, 1.0000, 1.5997, 13, 14
975, 424, 79, 116, 0.9997, 1.0000, 0.8153, 192, 192
975, 467, 54, 69, 0.9997, 1.0000, 0.9975, 103, 98
975, 493, 93, 8, 0.9997, 1.0000, 1.4868, 48, 49
975, 503, 29, 33, 0.9997, 1.0000, 1.0440, 29, 26
975, 506, 79, 125, 0.9997, 0.7963, 2.0459, 18, 17
975, 509, 101, 94, 0.9997, 1.0000, 2.0365, 14, 15
976, 424, 80, 116, 0.9997, 1.0000, 0.7264, 193, 193
976, 467, 54, 70, 0.9997, 1.0000, 0.9991, 104, 99
976, 493, 94, 9, 0.9997, 1.0000, 1.4558, 49, 50
976, 503, 30, 33, 0.9997, 1.0000, 0.9583, 30, 27
976, 506, 80, 126, 0.9997, 0.8379, 1.5409, 19, 18
976, 509, 100, 93, 0.9997, 1.0000, 1.6108, 15, 16
977, 424, 82, 115, 0.9996, 1.0000, 1.9140, 194, 194
977, 493, 96, 8, 0.9996, 1.0000, 1.7869, 50, 51
977, 506, 81, 126, 0.9997, 0.8795, 1.0087, 20, 19
977, 509, 99, 92, 0.9997, 1.0000, 1.4043, 16, 17
978, 424, 83, 115, 0.9997, 1.0000, 1.3734, 195, 195
978, 467, 54, 71, 0.9997, 1.0000, 0.7083, 106, 101
978, 493, 98, 9, 0.9997, 1.0000, 2.0851, 51, 52
978, 506, 82, 127, 0.9997, 0.9212, 1.1936, 21, 20
978, 509, 98, 90, 0.9997, 1.0000, 2.0054, 17, 18
978, 516, 46, 49, 0.9997, 0.7623, 0.7635, 5, 6
979, 424, 84, 114, 0.9997, 1.0000, 1.2810, 196, 196
979, 467, 54, 72, 0.9997, 1.0000, 1.0001, 107, 102
979, 493, 105, 13, 0.9973, 1.0000, 7.7784, 52, 53
979, 509, 98, 90, 0.9996, 1.0000, 0.5720, 18, 19
979, 516, 46, 50, 0.9997, 0.7998, 0.7745, 6, 7
980, 424, 85, 113, 0.9997, 1.0000, 1.3939, 197, 197
980, 467, 54, 73, 0.9997, 1.0000, 1.0426, 108, 103
980, 493, 120, 20, 0.9857, 1.0000, 15.3069, 53, 54
980, 506, 84, 127, 0.9996, 1.0000, 1.4726, 23, 22
980, 509, 96, 88, 0.9996, 1.0000, 2.0825, 19, 20
980, 516, 47, 50, 0.9997, 0.8384, 0.7935, 7, 8
981, 424, 87, 112, 0.9997, 1.0000, 2.0303, 198, 198
981, 467, 54, 74, 0.9997, 1.0000, 1.0163, 109, 104
981, 509, 95, 87, 0.9997, 1.0000, 1.7988, 20, 21
981, 516, 47, 51, 0.9997, 0.8779, 0.7932, 8, 9
981, 519, 126, 58, 0.9997, 0.7623, 1.7632, 5, 6
982, 424, 88, 111, 0.9997, 1.0000, 1.6405, 199, 199
982, 467, 54, 75, 0.9997, 1.0000, 1.0000, 110, 105
982, 509, 94, 85, 0.9997, 1.0000, 2.0721, 21, 22
982, 515, 20, 123, 0.9997, 0.7664, 2.6548, 12, 12
982, 516, 48, 52, 0.9997, 0.9178, 1.2619, 9, 10
983, 424, 89, 110, 0.9997, 1.0000, 1.4154, 200, 200
983, 467, 54, 76, 0.9997, 1.0000, 0.9976, 111, 106
983, 509, 93, 84, 0.9997, 1.0000, 1.5967, 22, 23
983, 515, 21, 124, 0.9997, 0.8081, 1.7893, 13, 13
983, 520, 52, 6, 0.9997, 0.7623, 1.4724, 5, 6
984, 424, 90, 109, 0.9997, 1.0000, 1.3837, 201, 201
984, 467, 54, 77, 0.9997, 1.0000, 0.9991, 112, 107
984, 509, 92, 84, 0.9997, 1.0000, 1.0084, 23, 24
984, 515, 22, 126, 0.9997, 0.8498, 1.9812, 14, 14
984, 520, 51, 7, 0.9997, 0.7998, 1.4150, 6, 7
985, 424, 91, 107, 0.9997, 1.0000, 2.0191, 202, 202
985, 467, 55, 78, 0.9997, 1.0000, 1.2584, 113, 108
985, 509, 91, 83, 0.9997, 1.0000, 1.1985, 24, 25
985, 520, 50, 8, 0.9997, 0.8385, 1.4146, 7, 8
986, 424, 92, 106, 0.9997, 1.0000, 1.6336, 203, 203
986, 467, 55, 79, 0.9997, 1.0000, 1.0418, 114, 109
986, 509, 89, 83, 0.9997, 1.0000, 1.7792, 25, 26
986, 520, 49, 9, 0.9997, 0.8779, 1.4144, 8, 9
987, 424, 93, 104, 0.9997, 1.0000, 2.0289, 204, 204
987, 467, 56, 78, 0.9996, 1.0000, 0.9285, 115, 110
987, 509, 86, 83, 0.9997, 1.0000, 2.8206, 26, 27
987, 520, 49, 10, 0.9997, 0.9178, 1.0258, 9, 10
988, 424, 94, 103, 0.9997, 1.0000, 1.6008, 205, 205
988, 467, 58, 79, 0.9996, 1.0000, 1.8252, 116, 111
988, 520, 48, 11, 0.9997, 0.9581, 1.2257, 10, 11
988, 521, 110, 11, 0.9997, 0.7664, 1.3245, 10, 10
989, 424, 95, 101, 0.9997, 1.0000, 2.0135, 206, 206
989, 467, 58, 79, 0.9996, 1.0000, 0.6145, 117, 112
989, 520, 47, 12, 0.9997, 0.9986, 1.4142, 11, 12
989, 521, 111, 11, 0.9997, 0.8081, 1.0021, 11, 11
989, 524, 46, 30, 0.9997, 0.7623, 1.4794, 5, 6
990, 424, 96, 100, 0.9997, 1.0000, 1.6001, 207, 207
990, 516, 52, 57, 0.9997, 0.7664, 0.9740, 17, 17
990, 520, 47, 13, 0.9997, 1.0000, 1.0382, 12, 13
990, 521, 113, 12, 0.9997, 0.8497, 1.8675, 12, 12
990, 524, 47, 30, 0.9997, 0.7998, 1.0371, 6, 7
991, 424, 97, 99, 0.9997, 1.0000, 1.4044, 208, 208
991, 467, 59, 79, 0.9997, 1.0000, 0.6653, 119, 114
991, 516, 53, 58, 0.9997, 0.8081, 1.4688, 18, 18
991, 520, 45, 15, 0.9996, 1.0000, 2.3080, 13, 14
991, 521, 114, 12, 0.9997, 0.8914, 1.3049, 13, 13
991, 524, 48, 30, 0.9997, 0.8385, 0.9574, 7, 8
992, 424, 98, 98, 0.9997, 1.0000, 1.3851, 209, 209
992, 467, 60, 79, 0.9997, 1.0000, 1.0242, 120, 115
992, 516, 53, 58, 0.9997, 0.8497, 0.4190, 19, 19
992, 520, 45, 16, 0.9997, 1.0000, 1.3955, 14, 15
992, 521, 115, 12, 0.9997, 0.9331, 0.9999, 14, 14
992, 524, 49, 29, 0.9997, 0.8779, 1.2213, 8, 9
993, 424, 99, 96, 0.9997, 1.0000, 2.0156, 210, 210
993, 467, 61, 79, 0.9997, 1.0000, 1.0581, 121, 116
993, 520, 38, 16, 0.9976, 1.0000, 6.1005, 15, 16
993, 521, 117, 13, 0.9997, 0.9747, 1.8694, 15, 15
993, 524, 51, 29, 0.9997, 0.9178, 1.7855, 9, 10
994, 424, 100, 96, 0.9996, 1.0000, 1.1311, 211, 211
994, 467, 62, 79, 0.9997, 1.0000, 1.0187, 122, 117
994, 520, 29, 16, 0.9993, 1.0000, 9.1273, 16, 17
994, 521, 118, 13, 0.9997, 1.0000, 1.3060, 16, 16
994, 524, 52, 29, 0.9997, 0.9581, 1.2942, 10, 11
994, 527, 59, 91, 0.9970, 0.7605, 5.9662, 5, 6
995, 424, 101, 95, 0.9997, 1.0000, 1.2267, 212, 212
995, 509, 76, 87, 0.9997, 0.7664, 1.9300, 34, 34
995, 521, 120, 14, 0.9997, 1.0000, 1.9223, 17, 17
995, 524, 53, 28, 0.9997, 0.9986, 1.2351, 11, 12
996, 424, 100, 95, 0.9996, 1.0000, 0.5625, 213, 213
996, 467, 63, 79, 0.9997, 1.0000, 0.7050, 124, 119
996, 509, 75, 87, 0.9997, 0.8081, 1.2869, 35, 35
996, 521, 121, 14, 0.9997, 1.0000, 1.2765, 18, 18
996, 524, 54, 28, 0.9997, 1.0000, 0.9965, 12, 13
997, 424, 103, 93, 0.9995, 1.0000, 2.4547, 214, 214
997, 467, 64, 80, 0.9997, 1.0000, 1.2575, 125, 120
997, 509, 73, 87, 0.9997, 0.8498, 1.7500, 36, 36
997, 521, 123, 14, 0.9997, 1.0000, 1.7486, 19, 19
997, 524, 56, 27, 0.9997, 1.0000, 1.9072, 13, 14
998, 424, 104, 92, 0.9997, 1.0000, 2.0539, 215, 215
998, 467, 64, 80, 0.9997, 1.0000, 0.4035, 126, 121
998, 509, 72, 87, 0.9997, 0.8914, 1.2484, 37, 37
998, 521, 124, 15, 0.9997, 1.0000, 1.4425, 20, 20
998, 524, 53, 28, 0.9989, 1.0000, 2.5793, 14, 15
999, 424, 105, 90, 0.9997, 1.0000, 2.1094, 216, 216
999, 467, 65, 80, 0.9997, 1.0000, 0.7246, 127, 122
999, 509, 71, 87, 0.9997, 0.9331, 0.9853, 38, 38
999, 521, 125, 15, 0.9997, 1.0000, 1.0244, 21, 21
1000, 424, 107, 89, 0.9997, 1.0000, 2.1275, 217, 217
1000, 467, 65, 81, 0.9997, 1.0000, 0.7590, 128, 123
1000, 509, 69, 88, 0.9997, 0.9747, 1.8843, 39, 39
1000, 521, 127, 15, 0.9997, 1.0000, 1.7222, 22, 22
1001, 424, 108, 88, 0.9997, 1.0000, 1.5974, 218, 218
1001, 467, 65, 82, 0.9997, 1.0000, 1.0396, 129, 124
1001, 509, 67, 88, 0.9997, 1.0000, 2.0630, 40, 40
1002, 424, 109, 87, 0.9997, 1.0000, 1.3793, 219, 219
1002, 467, 66, 82, 0.9997, 1.0000, 0.7802, 130, 125
1002, 509, 66, 87, 0.9996, 1.0000, 1.5011, 41, 41
1003, 424, 110, 86, 0.9997, 1.0000, 1.3759, 220, 220
1003, 467, 66, 83, 0.9997, 1.0000, 0.7755, 131, 126
1003, 509, 64, 87, 0.9997, 1.0000, 1.7558, 42, 42
1004, 424, 111, 85, 0.9997, 1.0000, 1.4047, 221, 221
1004, 509, 63, 86, 0.9997, 1.0000, 1.4598, 43, 43
1004, 533, 65, 25, 0.9997, 0.7623, 1.7770, 5, 6
1005, 424, 112, 84, 0.9997, 1.0000, 1.4162, 222, 222
1005, 467, 66, 84, 0.9997, 1.0000, 0.7488, 133, 128
1005, 509, 62, 85, 0.9997, 1.0000, 1.4122, 44, 44
1005, 533, 66, 25, 0.9997, 0.7998, 1.2914, 6, 7
1006, 424, 114, 83, 0.9997, 1.0000, 2.0300, 223, 223
1006, 467, 67, 85, 0.9997, 1.0000, 1.2614, 134, 129
1006, 509, 60, 85, 0.9997, 1.0000, 1.7451, 45, 45
1006, 533, 67, 24, 0.9997, 0.8384, 1.2411, 7, 8
1007, 424, 115, 83, 0.9997, 1.0000, 1.3140, 224, 224
1007, 467, 66, 86, 0.9996, 1.0000, 1.1446, 135, 130
1007, 509, 58, 84, 0.9997, 1.0000, 2.1660, 46, 46
1007, 533, 69, 24, 0.9997, 0.8779, 1.7439, 8, 9
1008, 424, 116, 82, 0.9997, 1.0000, 1.2253, 225, 225
1008, 467, 66, 87, 0.9997, 1.0000, 1.0546, 136, 131
1009, 424, 117, 81, 0.9997, 1.0000, 1.3843, 226, 226
1009, 467, 66, 88, 0.9997, 1.0000, 1.0000, 137, 132
1010, 424, 119, 81, 0.9997, 1.0000, 1.7697, 227, 227
1010, 467, 66, 89, 0.9997, 1.0000, 0.9980, 138, 133
1011, 424, 120, 80, 0.9997, 1.0000, 1.4811, 228, 228
1011, 467, 65, 90, 0.9997, 1.0000, 1.2481, 139, 134
1011, 535, 5, 4, 0.9997, 0.7664, 0.7229, 10, 10
1012, 424, 121, 79, 0.9997, 1.0000, 1.4159, 229, 229
1012, 467, 65, 91, 0.9997, 1.0000, 1.0411, 140, 135
1012, 535, 6, 4, 0.9997, 0.8081, 0.7728, 11, 11
1013, 424, 123, 79, 0.9997, 1.0000, 1.7443, 230, 230
1013, 467, 65, 92, 0.9997, 1.0000, 1.0001, 141, 136
1014, 424, 124, 78, 0.9997, 1.0000, 1.4665, 231, 231
1014, 467, 65, 93, 0.9997, 1.0000, 1.0009, 142, 137
1014, 535, 7, 4, 0.9997, 0.8914, 0.7658, 13, 13
1015, 424, 125, 77, 0.9997, 1.0000, 1.4141, 232, 232
1015, 467, 64, 95, 0.9997, 1.0000, 1.9159, 143, 138
1015, 509, 49, 79, 0.9997, 0.7627, 1.4131, 54, 53
1015, 535, 7, 5, 0.9997, 0.9330, 0.7897, 14, 14
1016, 424, 127, 77, 0.9997, 1.0000, 1.7457, 233, 233
1016, 467, 64, 96, 0.9997, 1.0000, 1.3243, 144, 139
1016, 509, 48, 78, 0.9997, 0.8042, 1.4133, 55, 54
1017, 467, 64, 97, 0.9997, 1.0000, 1.0000, 145, 140
1017, 509, 46, 78, 0.9997, 0.8457, 1.7656, 56, 55
1017, 535, 8, 5, 0.9997, 1.0000, 0.7213, 16, 16
1017, 540, 110, 46, 0.9997, 0.7623, 1.2830, 5, 6
1018, 467, 64, 98, 0.9997, 1.0000, 0.9583, 146, 141
1018, 509, 45, 77, 0.9997, 0.8872, 1.4732, 57, 56
1018, 540, 111, 45, 0.9997, 0.7998, 1.2459, 6, 7
1019, 467, 64, 99, 0.9997, 1.0000, 0.9839, 147, 142
1019, 509, 44, 76, 0.9997, 0.9288, 1.4143, 58, 57
1020, 467, 63, 100, 0.9997, 1.0000, 1.2583, 148, 143
1020, 509, 43, 75, 0.9997, 0.9703, 1.4155, 59, 58
1021, 467, 63, 101, 0.9997, 1.0000, 1.0446, 149, 144
1021, 509, 42, 74, 0.9997, 1.0000, 1.4144, 60, 59
1022, 467, 62, 103, 0.9997, 1.0000, 1.9234, 150, 145
1022, 509, 40, 74, 0.9997, 1.0000, 1.7795, 61, 60
1022, 536, 38, 49, 0.9997, 0.7845, 0.7508, 18, 16
1022, 542, 105, 10, 0.9994, 0.7621, 1.6846, 5, 6
1023, 467, 62, 104, 0.9997, 1.0000, 1.3156, 151, 146
1023, 509, 39, 73, 0.9997, 1.0000, 1.4741, 62, 61
1023, 536, 38, 50, 0.9997, 0.8261, 0.7635, 19, 17
1023, 542, 104, 11, 0.9997, 0.7998, 1.4216, 6, 7
1024, 467, 62, 105, 0.9997, 1.0000, 1.0000, 152, 147
1024, 509, 38, 73, 0.9997, 1.0000, 1.0282, 63, 62
1024, 536, 39, 50, 0.9997, 0.8677, 0.7997, 20, 18
1025, 467, 62, 106, 0.9997, 1.0000, 0.9583, 153, 148
1025, 509, 36, 72, 0.9997, 1.0000, 1.8780, 64, 63
1025, 535, 11, 8, 0.9997, 0.7581, 1.0225, 24, 23
1025, 544, 107, 3, 0.9997, 0.7623, 0.9995, 5, 6
1025, 545, 62, 25, 0.9997, 0.7623, 0.9917, 5, 6
1026, 467, 62, 107, 0.9997, 1.0000, 0.9838, 154, 149
1026, 509, 35, 72, 0.9997, 1.0000, 1.3002, 65, 64
1026, 533, 80, 51, 0.9409, 0.7517, 9.2031, 27, 25
1026, 544, 108, 3, 0.9997, 0.7998, 1.0006, 6, 7
1026, 545, 63, 25, 0.9997, 0.7998, 1.0231, 6, 7
1027, 467, 61, 109, 0.9997, 1.0000, 1.9226, 155, 150
1027, 509, 34, 71, 0.9997, 1.0000, 1.2505, 66, 65
1027, 544, 109, 3, 0.9997, 0.8385, 1.0001, 7, 8
1027, 545, 63, 26, 0.9997, 0.8384, 0.7958, 7, 8
1028, 467, 61, 110, 0.9997, 1.0000, 1.3272, 156, 151
1028, 509, 32, 71, 0.9997, 1.0000, 1.7418, 67, 66
1028, 535, 12, 8, 0.9997, 0.8826, 0.7248, 27, 26
1028, 544, 110, 3, 0.9997, 0.8779, 1.0000, 8, 9
1029, 467, 61, 111, 0.9997, 1.0000, 1.0009, 157, 152
1029, 509, 31, 71, 0.9997, 1.0000, 1.2765, 68, 67
1029, 544, 111, 3, 0.9997, 0.9178, 1.0000, 9, 10
1029, 548, 16, 48, 0.9997, 0.7623, 0.7602, 5, 6
1030, 467, 61, 112, 0.9997, 1.0000, 0.9584, 158, 153
1030, 509, 30, 70, 0.9997, 1.0000, 1.2335, 69, 68
1030, 535, 13, 9, 0.9997, 0.9657, 1.0804, 29, 28
1030, 544, 112, 3, 0.9997, 0.9581, 1.0000, 10, 11
1030, 548, 15, 49, 0.9997, 0.7998, 1.2339, 6, 7
1031, 467, 60, 114, 0.9997, 1.0000, 1.9007, 159, 154
1031, 509, 28, 70, 0.9997, 1.0000, 1.7459, 70, 69
1031, 535, 14, 9, 0.9997, 1.0000, 1.0571, 30, 29
1031, 548, 14, 50, 0.9997, 0.8385, 1.4444, 7, 8
1032, 467, 60, 115, 0.9997, 1.0000, 1.3243, 160, 155
1032, 509, 27, 70, 0.9997, 1.0000, 1.2764, 71, 70
1032, 535, 19, 4, 0.9964, 1.0000, 6.6799, 31, 30
1032, 544, 107, 6, 0.9980, 1.0000, 5.1745, 12, 13
1033, 467, 60, 116, 0.9997, 1.0000, 1.0024, 161, 156
1033, 509, 25, 70, 0.9997, 1.0000, 1.7644, 72, 71
1034, 467, 60, 117, 0.9997, 1.0000, 0.9592, 162, 157
1034, 509, 24, 70, 0.9997, 1.0000, 1.2516, 73, 72
1035, 467, 59, 119, 0.9997, 1.0000, 1.9009, 163, 158
1035, 509, 22, 70, 0.9997, 1.0000, 1.7485, 74, 73
1036, 467, 59, 120, 0.9997, 1.0000, 1.3242, 164, 159
1036, 509, 20, 70, 0.9997, 1.0000, 2.0132, 75, 74
1036, 536, 45, 55, 0.9997, 0.8691, 1.0223, 32, 29
1037, 467, 59, 121, 0.9997, 1.0000, 1.0023, 165, 160
1037, 509, 19, 69, 0.9997, 1.0000, 1.4892, 76, 75
1037, 536, 46, 56, 0.9997, 0.9103, 1.4722, 33, 30
1037, 543, 111, 14, 0.9997, 0.7778, 1.9073, 28, 24
1038, 467, 59, 122, 0.9997, 1.0000, 0.9592, 166, 161
1038, 509, 18, 69, 0.9997, 1.0000, 1.0017, 77, 76
1038, 536, 46, 56, 0.9997, 0.9515, 0.4132, 34, 31
1038, 543, 112, 14, 0.9997, 0.8187, 1.2742, 29, 25
1039, 467, 59, 125, 0.9996, 1.0000, 2.5117, 167, 162
1039, 509, 16, 69, 0.9997, 1.0000, 1.7075, 78, 77
1039, 536, 47, 56, 0.9997, 0.9928, 0.7248, 35, 32
1039, 543, 114, 14, 0.9997, 0.8597, 1.7501, 30, 26
1040, 509, 15, 68, 0.9997, 1.0000, 1.4660, 79, 78
1040, 543, 114, 12, 0.9996, 0.9007, 1.5628, 31, 27
1041, 509, 13, 69, 0.9996, 1.0000, 1.8325, 80, 79
1041, 543, 114, 11, 0.9997, 0.9419, 1.3353, 32, 28
1042, 509, 12, 69, 0.9997, 1.0000, 1.2859, 81, 80
1042, 543, 117, 13, 0.9991, 0.9826, 3.2057, 33, 29
1042, 549, 19, 12, 0.9996, 0.7664, 1.1498, 10, 10
1043, 509, 11, 68, 0.9997, 1.0000, 1.2220, 82, 81
1044, 509, 9, 68, 0.9997, 1.0000, 1.7505, 83, 82
1044, 548, 3, 62, 0.9997, 0.7869, 1.4544, 20, 18
1044, 549, 20, 13, 0.9997, 0.8497, 1.0053, 12, 12
1045, 509, 8, 68, 0.9997, 1.0000, 1.2778, 84, 83
1045, 548, 2, 63, 0.9997, 0.8283, 1.4268, 21, 19
1046, 509, 4, 68, 0.9996, 1.0000, 3.2929, 85, 84
1046, 548, 2, 64, 0.9997, 0.8698, 1.0271, 22, 20
1046, 549, 21, 13, 0.9997, 0.9331, 0.7500, 14, 14
1047, 548, 1, 65, 0.9997, 0.9113, 1.2230, 23, 21
1047, 549, 21, 14, 0.9997, 0.9747, 0.7684, 15, 15
1048, 548, 0, 65, 0.9997, 0.9528, 1.0272, 24, 22
1048, 549, 22, 14, 0.9997, 1.0000, 0.8000, 16, 16
1049, 548, 2, 67, 0.9995, 0.9942, 1.9307, 25, 23
1050, 548, 0, 67, 0.9995, 1.0000, 1.0476, 26, 24
1050, 549, 22, 13, 0.9997, 1.0000, 0.8045, 18, 18
1051, 549, 23, 15, 0.9996, 1.0000, 1.4182, 19, 19
1052, 549, 30, 16, 0.9976, 1.0000, 6.5299, 20, 20
1056, 561, 57, 64, 0.9997, 0.7623, 1.0212, 5, 6
1057, 561, 65, 68, 0.9916, 0.7942, 8.2050, 6, 7
1064, 562, 30, 18, 0.9997, 0.7665, 1.0171, 10, 10
1065, 562, 30, 19, 0.9997, 0.8081, 0.7976, 11, 11
1065, 563, 101, 118, 0.9997, 0.7665, 1.4448, 10, 10
1066, 562, 31, 19, 0.9997, 0.8498, 0.7792, 12, 12
1066, 563, 102, 119, 0.9997, 0.8081, 1.4259, 11, 11
1067, 563, 103, 120, 0.9997, 0.8498, 1.4142, 12, 12
1067, 565, 66, 75, 0.9967, 0.7644, 6.6058, 9, 9
1067, 566, 57, 76, 0.9892, 0.7553, 9.1221, 5, 6
1068, 562, 32, 20, 0.9997, 0.9331, 1.0401, 14, 14
1068, 563, 103, 121, 0.9997, 0.8914, 1.0269, 13, 13
1069, 563, 104, 121, 0.9997, 0.9331, 0.7457, 14, 14
1070, 562, 33, 20, 0.9997, 1.0000, 0.7508, 16, 16
1070, 563, 105, 122, 0.9997, 0.9747, 1.2254, 15, 15
1071, 562, 33, 21, 0.9997, 1.0000, 0.7657, 17, 17
1071, 563, 106, 123, 0.9997, 1.0000, 1.4447, 16, 16
1072, 562, 34, 21, 0.9997, 1.0000, 0.7992, 18, 18
1072, 563, 107, 124, 0.9997, 1.0000, 1.4560, 17, 17
1072, 567, 12, 73, 0.9996, 0.7997, 1.7129, 6, 7
1073, 558, 71, 25, 0.9997, 0.7798, 0.7742, 30, 26
1073, 563, 107, 125, 0.9997, 1.0000, 1.0433, 18, 18
1073, 569, 25, 88, 0.9991, 0.7619, 4.1137, 5, 6
1074, 562, 35, 21, 0.9997, 1.0000, 0.7511, 20, 20
1074, 563, 108, 125, 0.9997, 1.0000, 0.7443, 19, 19
1074, 570, 28, 55, 0.9997, 0.7623, 1.2330, 5, 6
1075, 562, 35, 22, 0.9997, 1.0000, 0.7892, 21, 21
1075, 563, 109, 125, 0.9997, 1.0000, 1.0008, 20, 20
1075, 570, 29, 56, 0.9997, 0.7998, 1.4429, 6, 7
1076, 562, 36, 22, 0.9997, 1.0000, 0.8048, 22, 22
1076, 570, 30, 56, 0.9997, 0.8384, 1.0529, 7, 8
1078, 562, 37, 23, 0.9997, 1.0000, 1.0412, 24, 24
1079, 562, 37, 22, 0.9996, 1.0000, 0.5487, 25, 25
1080, 562, 38, 23, 0.9997, 1.0000, 0.8862, 26, 26
1081, 562, 38, 25, 0.9996, 1.0000, 1.7969, 27, 27
1082, 562, 39, 24, 0.9996, 1.0000, 0.7655, 28, 28
1083, 562, 40, 24, 0.9997, 1.0000, 1.0627, 29, 29
1084, 562, 40, 25, 0.9996, 1.0000, 0.7205, 30, 30
1085, 562, 41, 25, 0.9997, 1.0000, 0.7821, 31, 31
1086, 576, 119, 113, 0.9996, 0.7623, 2.7626, 5, 6
1087, 562, 42, 25, 0.9997, 1.0000, 0.7494, 33, 33
1087, 576, 118, 115, 0.9997, 0.7998, 2.4944, 6, 7
1088, 562, 42, 26, 0.9997, 1.0000, 0.7884, 34, 34
1088, 576, 117, 117, 0.9997, 0.8385, 2.2570, 7, 8
1088, 577, 104, 116, 0.9997, 0.7623, 2.0072, 5, 6
1089, 562, 43, 26, 0.9997, 1.0000, 0.8052, 35, 35
1089, 576, 115, 120, 0.9997, 0.8779, 3.2497, 8, 9
1090, 562, 43, 27, 0.9997, 1.0000, 0.8058, 36, 36
1091, 562, 44, 26, 0.9996, 1.0000, 0.9090, 37, 37
1091, 579, 8, 69, 0.9997, 0.7623, 1.2494, 5, 6
1092, 562, 43, 27, 0.9996, 1.0000, 0.6871, 38, 38
1092, 579, 10, 69, 0.9997, 0.7998, 1.7058, 6, 7
1093, 562, 45, 28, 0.9996, 1.0000, 1.5874, 39, 39
1093, 579, 12, 69, 0.9997, 0.8385, 1.9971, 7, 8
1094, 562, 45, 29, 0.9997, 1.0000, 1.2122, 40, 40
1094, 579, 14, 69, 0.9997, 0.8779, 2.0418, 8, 9
1095, 562, 46, 29, 0.9997, 1.0000, 0.8361, 41, 41
1095, 579, 16, 69, 0.9997, 0.9178, 2.0164, 9, 10
1095, 581, 43, 5, 0.9997, 0.7623, 0.8177, 5, 6
1096, 579, 18, 69, 0.9997, 0.9581, 2.0002, 10, 11
1096, 581, 42, 1, 0.9992, 0.7995, 3.8486, 6, 7
1097, 562, 47, 30, 0.9997, 1.0000, 1.0165, 43, 43
1097, 579, 20, 69, 0.9997, 0.9986, 1.9977, 11, 12
1097, 583, 45, 126, 0.9996, 0.7623, 3.2969, 5, 6
1098, 562, 48, 30, 0.9997, 1.0000, 1.0488, 44, 44
1098, 579, 22, 69, 0.9997, 1.0000, 1.9991, 12, 13
1099, 579, 24, 69, 0.9997, 1.0000, 2.0000, 13, 14
1100, 562, 49, 31, 0.9997, 1.0000, 1.0237, 46, 46
1100, 579, 26, 69, 0.9997, 1.0000, 2.0001, 14, 15
1101, 579, 28, 69, 0.9997, 1.0000, 2.0001, 15, 16
1102, 562, 50, 31, 0.9997, 1.0000, 0.7484, 48, 48
1102, 579, 30, 69, 0.9997, 1.0000, 2.0000, 16, 17
1102, 586, 119, 34, 0.9997, 0.7623, 1.8801, 5, 6
1103, 562, 51, 32, 0.9997, 1.0000, 1.2468, 49, 49
1103, 579, 32, 69, 0.9997, 1.0000, 2.0000, 17, 18
1103, 586, 117, 35, 0.9997, 0.7998, 2.2315, 6, 7
1104, 579, 34, 69, 0.9997, 1.0000, 2.0000, 18, 19
1104, 586, 115, 35, 0.9997, 0.8384, 2.0555, 7, 8
1105, 562, 52, 32, 0.9997, 1.0000, 0.7222, 51, 51
1105, 579, 36, 69, 0.9997, 1.0000, 2.0000, 19, 20
1105, 586, 114, 36, 0.9997, 0.8779, 1.4451, 8, 9
1106, 562, 52, 33, 0.9997, 1.0000, 0.7609, 52, 52
1106, 579, 38, 69, 0.9997, 1.0000, 2.0000, 20, 21
1106, 586, 112, 37, 0.9997, 0.9178, 1.9796, 9, 10
1107, 579, 40, 69, 0.9997, 1.0000, 2.0000, 21, 22
1108, 562, 54, 33, 0.9996, 1.0000, 1.4876, 54, 54
1108, 579, 42, 69, 0.9997, 1.0000, 2.0000, 22, 23
1109, 562, 54, 34, 0.9996, 1.0000, 0.9214, 55, 55
1109, 579, 44, 69, 0.9997, 1.0000, 2.0000, 23, 24
1110, 562, 54, 35, 0.9997, 1.0000, 1.0403, 56, 56
1110, 579, 46, 69, 0.9997, 1.0000, 2.0000, 24, 25
1111, 579, 48, 69, 0.9997, 1.0000, 2.0000, 25, 26
1112, 562, 55, 36, 0.9997, 1.0000, 1.0294, 58, 58
1112, 579, 50, 70, 0.9997, 1.0000, 2.1409, 26, 27
1113, 562, 54, 37, 0.9996, 1.0000, 1.1038, 59, 59
1113, 579, 52, 70, 0.9997, 1.0000, 2.0212, 27, 28
1114, 579, 54, 70, 0.9997, 1.0000, 2.0000, 28, 29
1114, 590, 14, 3, 0.9997, 0.7623, 2.0308, 5, 6
1115, 562, 54, 38, 0.9997, 1.0000, 0.7248, 61, 61
1115, 579, 56, 71, 0.9997, 1.0000, 2.1261, 29, 30
1115, 590, 16, 1, 0.9997, 0.7998, 2.6470, 6, 7
1116, 579, 58, 71, 0.9997, 1.0000, 2.0189, 30, 31
1116, 591, 99, 92, 0.9996, 0.7623, 0.6215, 5, 6
1117, 562, 54, 39, 0.9997, 1.0000, 0.7487, 63, 63
1117, 579, 60, 72, 0.9997, 1.0000, 2.1409, 31, 32
1117, 591, 100, 93, 0.9997, 0.7998, 1.0408, 6, 7
1118, 562, 55, 40, 0.9997, 1.0000, 1.2721, 64, 64
1118, 579, 62, 72, 0.9997, 1.0000, 2.0158, 32, 33
1119, 562, 55, 40, 0.9997, 1.0000, 0.4024, 65, 65
1119, 579, 64, 73, 0.9997, 1.0000, 2.1355, 33, 34
1119, 591, 101, 94, 0.9997, 0.8779, 1.0482, 8, 9
1120, 562, 56, 41, 0.9997, 1.0000, 1.0506, 66, 66
1120, 579, 66, 73, 0.9997, 1.0000, 2.0155, 34, 35
1120, 591, 102, 94, 0.9997, 0.9178, 1.0458, 9, 10
1121, 579, 68, 73, 0.9997, 1.0000, 2.0000, 35, 36
1121, 591, 103, 95, 0.9997, 0.9581, 1.2863, 10, 11
1122, 562, 57, 42, 0.9997, 1.0000, 1.0579, 68, 68
1122, 579, 70, 74, 0.9997, 1.0000, 2.1264, 36, 37
1122, 591, 104, 95, 0.9997, 0.9986, 1.0453, 11, 12
1122, 596, 109, 7, 0.9997, 0.7623, 1.6304, 5, 6
1123, 562, 58, 41, 0.9996, 1.0000, 1.1354, 69, 69
1123, 579, 72, 74, 0.9997, 1.0000, 2.0192, 37, 38
1123, 591, 104, 96, 0.9997, 1.0000, 0.7860, 12, 13
1123, 596, 108, 8, 0.9997, 0.7998, 1.4137, 6, 7
1124, 562, 58, 43, 0.9996, 1.0000, 1.2541, 70, 70
1124, 579, 74, 74, 0.9997, 1.0000, 2.0000, 38, 39
1124, 591, 105, 96, 0.9997, 1.0000, 0.7487, 13, 14
1124, 596, 107, 11, 0.9996, 0.8384, 2.6804, 7, 8
1125, 562, 59, 43, 0.9997, 1.0000, 0.9029, 71, 71
1125, 579, 77, 75, 0.9997, 1.0000, 2.8571, 39, 40
1125, 591, 106, 97, 0.9997, 1.0000, 1.2493, 14, 15
1126, 579, 79, 75, 0.9997, 1.0000, 2.3084, 40, 41
1126, 591, 107, 97, 0.9997, 1.0000, 1.0722, 15, 16
1127, 562, 60, 44, 0.9997, 1.0000, 1.0219, 73, 73
1127, 579, 81, 74, 0.9997, 1.0000, 2.1409, 41, 42
1127, 591, 108, 98, 0.9997, 1.0000, 1.2632, 16, 17
1127, 597, 21, 100, 0.9420, 0.7672, 9.1672, 10, 10
1128, 562, 61, 44, 0.9997, 1.0000, 1.0486, 74, 74
1128, 579, 84, 75, 0.9996, 1.0000, 2.7554, 42, 43
1129, 579, 85, 74, 0.9996, 1.0000, 1.5883, 43, 44
1129, 591, 109, 99, 0.9997, 1.0000, 1.0299, 18, 19
1130, 562, 62, 45, 0.9997, 1.0000, 1.0235, 76, 76
1130, 579, 88, 75, 0.9996, 1.0000, 2.5252, 44, 45
1130, 591, 110, 99, 0.9997, 1.0000, 1.0299, 19, 20
1131, 562, 63, 45, 0.9997, 1.0000, 1.0369, 77, 77
1131, 579, 91, 75, 0.9997, 1.0000, 3.0274, 45, 46
1132, 579, 93, 75, 0.9997, 1.0000, 2.3192, 46, 47
1132, 596, 100, 21, 0.9997, 0.7664, 2.0114, 15, 15
1133, 579, 96, 75, 0.9997, 1.0000, 2.7378, 47, 48
1133, 596, 99, 22, 0.9997, 0.8081, 1.5994, 16, 16
1133, 599, 81, 6, 0.9997, 0.7623, 0.9009, 5, 6
1134, 562, 63, 42, 0.9994, 1.0000, 3.0717, 80, 80
1134, 579, 99, 74, 0.9997, 1.0000, 3.0986, 48, 49
1134, 596, 98, 23, 0.9997, 0.8498, 1.4045, 17, 17
1134, 599, 82, 6, 0.9997, 0.7998, 0.9703, 6, 7
1135, 579, 101, 74, 0.9997, 1.0000, 2.2929, 49, 50
1135, 596, 98, 25, 0.9997, 0.8914, 1.7385, 18, 18
1135, 599, 83, 6, 0.9997, 0.8385, 1.0032, 7, 8
1136, 579, 104, 74, 0.9997, 1.0000, 2.7228, 50, 51
1136, 596, 97, 26, 0.9997, 0.9331, 1.4611, 19, 19
1136, 599, 84, 7, 0.9997, 0.8779, 1.2648, 8, 9
1137, 579, 106, 73, 0.9997, 1.0000, 2.3493, 51, 52
1137, 596, 96, 27, 0.9997, 0.9747, 1.4148, 20, 20
1137, 600, 114, 82, 0.9997, 0.7665, 1.9970, 10, 10
1137, 599, 85, 7, 0.9997, 0.9178, 1.0439, 9, 10
1138, 579, 109, 72, 0.9997, 1.0000, 2.9386, 52, 53
1138, 591, 117, 103, 0.9997, 0.7664, 1.4570, 27, 27
1138, 600, 116, 83, 0.9997, 0.8081, 2.1381, 11, 11
1138, 599, 87, 7, 0.9997, 0.9580, 1.7638, 10, 11
1139, 579, 112, 72, 0.9997, 1.0000, 3.0295, 53, 54
1139, 591, 118, 104, 0.9997, 0.8081, 1.3072, 28, 28
1139, 600, 119, 83, 0.9997, 0.8497, 2.7777, 12, 12
1139, 599, 88, 7, 0.9997, 0.9986, 1.2922, 11, 12
1140, 579, 115, 71, 0.9997, 1.0000, 3.1275, 54, 55
1140, 591, 119, 104, 0.9997, 0.8498, 0.9955, 29, 29
1140, 598, 12, 33, 0.9997, 0.7929, 1.0417, 14, 13
1140, 600, 120, 83, 0.9996, 0.8914, 1.5280, 13, 13
1140, 599, 89, 7, 0.9997, 1.0000, 1.0000, 12, 13
1141, 579, 117, 71, 0.9997, 1.0000, 2.2622, 55, 56
1141, 591, 120, 105, 0.9997, 0.8914, 1.2239, 30, 30
1141, 598, 13, 33, 0.9997, 0.8348, 1.0424, 15, 14
1141, 599, 90, 8, 0.9997, 1.0000, 1.2248, 13, 14
1142, 579, 120, 70, 0.9997, 1.0000, 2.8087, 56, 57
1142, 591, 121, 105, 0.9997, 0.9331, 1.0274, 31, 31
1142, 598, 11, 34, 0.9994, 0.8764, 2.1535, 16, 15
1142, 599, 91, 8, 0.9997, 1.0000, 1.0268, 14, 15
1143, 579, 123, 69, 0.9997, 1.0000, 3.1649, 57, 58
1143, 591, 122, 106, 0.9997, 0.9747, 1.2526, 32, 32
1143, 599, 92, 8, 0.9997, 1.0000, 1.0000, 15, 16
1144, 579, 126, 68, 0.9997, 1.0000, 3.2155, 58, 59
1144, 599, 94, 9, 0.9997, 1.0000, 1.9079, 16, 17
1145, 591, 123, 107, 0.9997, 1.0000, 1.0317, 34, 34
1145, 599, 95, 9, 0.9997, 1.0000, 1.3217, 17, 18
1145, 608, 72, 51, 0.9997, 0.7664, 0.8058, 10, 10
1146, 591, 124, 107, 0.9997, 1.0000, 1.0307, 35, 35
1146, 599, 96, 9, 0.9997, 1.0000, 1.0000, 18, 19
1146, 608, 73, 51, 0.9997, 0.8081, 0.7512, 11, 11
1146, 610, 105, 117, 0.9997, 0.7664, 2.0228, 9, 9
1147, 591, 125, 109, 0.9996, 1.0000, 1.8381, 36, 36
1147, 599, 97, 10, 0.9997, 1.0000, 1.2001, 19, 20
1147, 610, 106, 118, 0.9997, 0.8081, 1.6016, 10, 10
1148, 591, 126, 108, 0.9996, 1.0000, 1.0402, 37, 37
1148, 599, 99, 10, 0.9997, 1.0000, 1.7694, 20, 21
1148, 608, 72, 53, 0.9996, 0.8914, 1.6766, 13, 13
1148, 610, 107, 119, 0.9997, 0.8498, 1.4041, 11, 11
1149, 591, 127, 109, 0.9997, 1.0000, 1.1000, 38, 38
1149, 599, 100, 10, 0.9997, 1.0000, 1.2918, 21, 22
1149, 608, 74, 52, 0.9994, 0.9328, 1.9702, 14, 14
1149, 610, 109, 120, 0.9997, 0.8914, 1.9910, 12, 12
1150, 599, 101, 10, 0.9997, 1.0000, 1.0032, 22, 23
1150, 607, 7, 16, 0.9997, 0.7939, 0.7482, 15, 14
1150, 608, 73, 53, 0.9993, 0.9744, 1.5057, 15, 15
1150, 610, 110, 121, 0.9997, 0.9331, 1.6226, 13, 13
1151, 607, 8, 17, 0.9997, 0.8357, 1.2461, 16, 15
1151, 610, 112, 122, 0.9997, 0.9747, 2.0284, 14, 14
1152, 599, 103, 11, 0.9996, 1.0000, 1.6441, 24, 25
1152, 610, 113, 124, 0.9997, 1.0000, 2.1628, 15, 15
1153, 599, 105, 11, 0.9997, 1.0000, 2.0765, 25, 26
1153, 607, 9, 18, 0.9997, 0.9192, 1.0518, 18, 17
1153, 610, 114, 125, 0.9997, 1.0000, 1.6242, 16, 16
1154, 599, 106, 12, 0.9997, 1.0000, 1.5400, 26, 27
1154, 607, 10, 18, 0.9997, 0.9609, 1.0303, 19, 18
1154, 610, 116, 126, 0.9997, 1.0000, 1.9907, 17, 17
1155, 598, 27, 36, 0.9997, 0.7861, 1.3201, 29, 26
1155, 599, 107, 12, 0.9997, 1.0000, 1.0060, 27, 28
1155, 610, 117, 127, 0.9997, 1.0000, 1.5967, 18, 18
1156, 599, 108, 12, 0.9997, 1.0000, 0.9413, 28, 29
1156, 607, 11, 19, 0.9997, 1.0000, 1.0218, 21, 20
1157, 599, 110, 12, 0.9997, 1.0000, 1.7457, 29, 30
1157, 607, 12, 19, 0.9997, 1.0000, 1.0379, 22, 21
1158, 599, 111, 13, 0.9997, 1.0000, 1.4950, 30, 31
1158, 607, 12, 20, 0.9997, 1.0000, 0.8132, 23, 22
1159, 599, 112, 12, 0.9996, 1.0000, 1.1084, 31, 32
1159, 607, 12, 21, 0.9997, 1.0000, 1.0163, 24, 23
1160, 599, 114, 13, 0.9996, 1.0000, 1.7866, 32, 33
1160, 606, 33, 66, 0.9997, 0.7511, 1.4016, 26, 24
1160, 607, 14, 21, 0.9996, 1.0000, 1.4978, 25, 24
1161, 599, 115, 14, 0.9997, 1.0000, 1.6294, 33, 34
1161, 606, 32, 68, 0.9997, 0.7924, 1.9692, 27, 25
1161, 607, 14, 21, 0.9997, 1.0000, 0.5698, 26, 25
1161, 617, 10, 43, 0.9997, 0.7623, 2.2845, 5, 6
1162, 599, 116, 14, 0.9997, 1.0000, 1.0492, 34, 35
1162, 606, 30, 69, 0.9997, 0.8337, 2.1674, 28, 26
1162, 607, 15, 22, 0.9997, 1.0000, 1.0428, 27, 26
1162, 617, 12, 43, 0.9997, 0.7998, 2.0361, 6, 7
1163, 599, 118, 14, 0.9997, 1.0000, 1.7239, 35, 36
1163, 617, 14, 42, 0.9997, 0.8384, 2.1276, 7, 8
1164, 599, 119, 15, 0.9997, 1.0000, 1.4594, 36, 37
1164, 607, 16, 23, 0.9997, 1.0000, 1.0599, 29, 28
1164, 617, 15, 41, 0.9997, 0.8779, 1.5872, 8, 9
1165, 599, 120, 15, 0.9997, 1.0000, 1.0369, 37, 38
1165, 607, 17, 23, 0.9997, 1.0000, 1.0440, 30, 29
1165, 617, 17, 41, 0.9997, 0.9178, 1.7295, 9, 10
1166, 598, 38, 38, 0.9997, 0.7816, 1.0026, 40, 35
1166, 599, 122, 15, 0.9997, 1.0000, 1.7236, 38, 39
1166, 607, 16, 23, 0.9996, 1.0000, 0.4841, 31, 30
1166, 617, 19, 40, 0.9997, 0.9581, 2.1268, 10, 11
1167, 599, 123, 16, 0.9997, 1.0000, 1.4677, 39, 40
1167, 607, 18, 24, 0.9996, 1.0000, 1.3960, 32, 31
1167, 617, 20, 39, 0.9997, 0.9986, 1.6234, 11, 12
1168, 599, 124, 16, 0.9997, 1.0000, 1.0375, 40, 41
1168, 607, 19, 25, 0.9997, 1.0000, 1.6589, 33, 32
1168, 617, 23, 38, 0.9996, 1.0000, 2.6972, 12, 13
1168, 622, 4, 114, 0.9997, 0.7623, 0.7459, 5, 6
1169, 599, 126, 16, 0.9997, 1.0000, 1.7236, 41, 42
1169, 607, 20, 25, 0.9997, 1.0000, 1.1215, 34, 33
1169, 617, 25, 38, 0.9997, 1.0000, 2.3056, 13, 14
1169, 620, 8, 28, 0.9997, 0.7665, 0.9976, 10, 10
1169, 622, 5, 115, 0.9997, 0.7998, 1.2250, 6, 7
1170, 599, 127, 17, 0.9997, 1.0000, 1.4672, 42, 43
1170, 617, 27, 37, 0.9997, 1.0000, 2.1596, 14, 15
1170, 620, 9, 28, 0.9997, 0.8081, 1.0018, 11, 11
1170, 622, 6, 115, 0.9997, 0.8384, 1.0381, 7, 8
1171, 607, 21, 26, 0.9997, 1.0000, 0.9885, 36, 35
1171, 617, 29, 36, 0.9997, 1.0000, 2.2107, 15, 16
1171, 620, 10, 29, 0.9997, 0.8497, 1.2598, 12, 12
1171, 622, 5, 115, 0.9996, 0.8778, 0.4869, 8, 9
1172, 607, 22, 26, 0.9997, 1.0000, 1.0328, 37, 36
1172, 617, 30, 35, 0.9997, 1.0000, 1.6041, 16, 17
1172, 620, 11, 29, 0.9997, 0.8914, 1.0419, 13, 13
1172, 622, 8, 117, 0.9995, 0.9176, 2.4517, 9, 10
1173, 607, 23, 27, 0.9997, 1.0000, 1.2943, 38, 37
1173, 617, 32, 35, 0.9997, 1.0000, 1.7245, 17, 18
1173, 620, 12, 29, 0.9997, 0.9331, 0.9999, 14, 14
1173, 622, 9, 117, 0.9997, 0.9580, 1.6824, 10, 11
1174, 617, 34, 34, 0.9997, 1.0000, 2.1232, 18, 19
1174, 620, 13, 29, 0.9997, 0.9747, 1.0008, 15, 15
1174, 622, 10, 118, 0.9997, 0.9986, 1.3264, 11, 12
1175, 598, 49, 40, 0.9997, 0.7821, 1.8052, 49, 43
1175, 607, 24, 28, 0.9997, 1.0000, 1.0307, 40, 39
1175, 617, 36, 33, 0.9997, 1.0000, 2.2740, 19, 20
1175, 620, 14, 29, 0.9997, 1.0000, 1.0001, 16, 16
1175, 622, 12, 118, 0.9997, 1.0000, 1.7232, 12, 13
1176, 598, 50, 40, 0.9997, 0.8228, 1.2917, 50, 44
1176, 607, 25, 28, 0.9997, 1.0000, 1.0282, 41, 40
1176, 617, 38, 33, 0.9997, 1.0000, 2.0354, 20, 21
1176, 619, 58, 80, 0.9973, 1.0000, 5.8179, 20, 20
1176, 620, 15, 29, 0.9997, 1.0000, 1.0000, 17, 17
1176, 622, 12, 119, 0.9996, 1.0000, 0.8841, 13, 14
1176, 623, 94, 65, 0.9997, 0.7664, 1.0236, 12, 12
1177, 598, 51, 40, 0.9997, 0.8635, 0.9984, 51, 45
1177, 617, 41, 31, 0.9996, 1.0000, 3.1391, 21, 22
1177, 620, 16, 29, 0.9997, 1.0000, 1.0000, 18, 18
1177, 622, 12, 120, 0.9997, 1.0000, 1.0148, 14, 15
1177, 623, 95, 66, 0.9997, 0.8081, 1.4444, 13, 13
1178, 598, 52, 41, 0.9997, 0.9042, 1.2139, 52, 46
1178, 622, 13, 121, 0.9997, 1.0000, 1.2398, 15, 16
1179, 598, 53, 41, 0.9997, 0.9450, 1.0261, 53, 47
1179, 622, 14, 122, 0.9997, 1.0000, 1.4447, 16, 17
1180, 598, 54, 41, 0.9997, 0.9858, 1.0001, 54, 48
1180, 622, 15, 122, 0.9997, 1.0000, 1.0849, 17, 18
1181, 622, 16, 123, 0.9997, 1.0000, 1.2391, 18, 19
1182, 598, 56, 42, 0.9996, 1.0000, 1.6519, 56, 50
1182, 622, 17, 124, 0.9997, 1.0000, 1.4125, 19, 20
1183, 598, 58, 42, 0.9997, 1.0000, 2.0763, 57, 51
1183, 622, 18, 125, 0.9997, 1.0000, 1.4424, 20, 21
1184, 598, 59, 42, 0.9997, 1.0000, 1.3342, 58, 52
1184, 622, 19, 126, 0.9997, 1.0000, 1.4251, 21, 22
1185, 598, 60, 42, 0.9997, 1.0000, 0.9745, 59, 53
1185, 622, 19, 127, 0.9997, 1.0000, 1.0276, 22, 23
1185, 630, 127, 77, 0.9997, 0.7665, 1.4127, 10, 10
1186, 598, 62, 42, 0.9997, 1.0000, 1.7052, 60, 54
1186, 630, 126, 76, 0.9996, 0.8080, 0.7187, 11, 11
1187, 598, 63, 42, 0.9997, 1.0000, 1.2732, 61, 55
1187, 632, 19, 12, 0.9997, 0.7623, 1.2914, 5, 6
1187, 633, 27, 31, 0.9997, 0.7623, 1.1054, 5, 6
1188, 598, 64, 42, 0.9997, 1.0000, 1.0015, 62, 56
1188, 620, 38, 30, 0.9997, 0.7527, 1.7625, 29, 27
1188, 632, 19, 13, 0.9997, 0.7998, 1.0451, 6, 7
1188, 633, 28, 31, 0.9997, 0.7998, 1.0303, 6, 7
1189, 598, 65, 42, 0.9997, 1.0000, 0.9607, 63, 57
1189, 617, 64, 25, 0.9997, 0.7604, 1.9856, 33, 32
1189, 620, 39, 30, 0.9997, 0.7939, 1.2935, 30, 28
1189, 633, 29, 31, 0.9997, 0.8385, 1.0003, 7, 8
1189, 636, 7, 73, 0.9996, 0.7623, 0.5541, 5, 6
1190, 598, 67, 42, 0.9997, 1.0000, 1.7487, 64, 58
1190, 617, 66, 24, 0.9997, 0.8018, 2.1262, 34, 33
1190, 620, 40, 30, 0.9997, 0.8352, 1.0009, 31, 29
1190, 632, 11, 11, 0.9923, 0.8721, 7.0974, 8, 9
1190, 633, 30, 31, 0.9997, 0.8779, 1.0004, 8, 9
1190, 636, 10, 73, 0.9996, 0.7997, 2.2222, 6, 7
1191, 598, 68, 42, 0.9997, 1.0000, 1.2917, 65, 59
1191, 617, 68, 23, 0.9997, 0.8433, 2.2561, 35, 34
1191, 620, 41, 30, 0.9997, 0.8766, 0.9575, 32, 30
1191, 633, 31, 31, 0.9997, 0.9178, 1.0001, 9, 10
1191, 636, 12, 74, 0.9997, 0.8384, 2.4180, 7, 8
1192, 598, 69, 43, 0.9997, 1.0000, 1.2601, 66, 60
1192, 617, 70, 21, 0.9997, 0.8848, 2.7045, 36, 35
1192, 620, 42, 29, 0.9997, 0.9179, 1.2455, 33, 31
1192, 633, 32, 32, 0.9997, 0.9580, 1.2575, 10, 11
1192, 636, 13, 74, 0.9997, 0.8779, 1.3497, 8, 9
1193, 598, 71, 43, 0.9997, 1.0000, 1.7468, 67, 61
1193, 620, 43, 29, 0.9997, 0.9593, 1.0417, 34, 32
1193, 633, 33, 32, 0.9997, 0.9986, 1.0421, 11, 12
1193, 636, 15, 74, 0.9997, 0.9178, 1.6958, 9, 10
1194, 598, 72, 43, 0.9997, 1.0000, 1.2755, 68, 62
1194, 620, 44, 29, 0.9997, 1.0000, 1.0024, 35, 33
1194, 633, 34, 32, 0.9997, 1.0000, 1.0000, 12, 13
1194, 636, 16, 75, 0.9997, 0.9580, 1.4176, 10, 11
1195, 598, 74, 43, 0.9997, 1.0000, 1.7643, 69, 63
1195, 620, 45, 29, 0.9997, 1.0000, 1.0018, 36, 34
1195, 633, 38, 40, 0.9894, 1.0000, 7.9459, 13, 14
1195, 636, 18, 75, 0.9997, 0.9986, 1.7678, 11, 12
1196, 598, 75, 43, 0.9997, 1.0000, 1.2517, 70, 64
1196, 620, 46, 28, 0.9997, 1.0000, 1.2486, 37, 35
1196, 633, 48, 49, 0.9962, 1.0000, 12.5630, 14, 15
1196, 636, 19, 75, 0.9997, 1.0000, 1.2530, 12, 13
1197, 598, 76, 43, 0.9997, 1.0000, 0.9846, 71, 65
1197, 636, 21, 75, 0.9997, 1.0000, 1.7522, 13, 14
1198, 598, 78, 43, 0.9997, 1.0000, 1.7214, 72, 66
1198, 623, 114, 76, 0.9997, 0.7894, 1.2500, 34, 31
1198, 636, 23, 75, 0.9997, 1.0000, 2.0142, 14, 15
1198, 638, 77, 30, 0.8493, 0.7609, 10.0480, 8, 9
1199, 598, 79, 42, 0.9997, 1.0000, 1.4883, 73, 67
1199, 636, 24, 76, 0.9997, 1.0000, 1.4887, 15, 16
1200, 598, 80, 44, 0.9996, 1.0000, 1.5905, 74, 68
1200, 617, 87, 14, 0.9997, 0.7574, 2.2346, 44, 42
1200, 623, 115, 77, 0.9997, 0.8716, 1.0316, 36, 33
1200, 636, 26, 76, 0.9997, 1.0000, 1.7470, 16, 17
1201, 598, 83, 45, 0.9996, 1.0000, 2.8291, 75, 69
1201, 617, 89, 13, 0.9997, 0.7987, 2.1987, 45, 43
1201, 623, 116, 77, 0.9997, 0.9128, 1.0308, 37, 34
1201, 636, 27, 76, 0.9997, 1.0000, 1.2353, 17, 18
1201, 641, 29, 114, 0.9996, 0.7664, 2.3627, 10, 10
1202, 617, 93, 12, 0.9996, 0.8399, 3.6515, 46, 44
1202, 623, 117, 78, 0.9997, 0.9540, 1.2843, 38, 35
1202, 636, 29, 76, 0.9997, 1.0000, 1.7490, 18, 19
1202, 641, 28, 115, 0.9997, 0.8081, 1.6311, 11, 11
1203, 623, 118, 79, 0.9997, 0.9952, 1.4356, 39, 36
1203, 636, 31, 77, 0.9997, 1.0000, 2.1497, 19, 20
1203, 641, 27, 117, 0.9997, 0.8497, 1.9547, 12, 12
1204, 620, 45, 39, 0.9997, 0.7531, 1.7464, 45, 42
1204, 623, 119, 79, 0.9997, 1.0000, 1.0379, 40, 37
1204, 636, 32, 77, 0.9997, 1.0000, 1.3115, 20, 21
1204, 640, 7, 9, 0.9997, 0.7511, 0.9845, 13, 12
1204, 641, 26, 118, 0.9997, 0.8914, 1.5824, 13, 13
1205, 620, 44, 40, 0.9997, 0.7942, 1.4447, 46, 43
1205, 623, 120, 80, 0.9997, 1.0000, 1.2316, 41, 38
1205, 636, 35, 77, 0.9996, 1.0000, 2.4862, 21, 22
1205, 640, 7, 10, 0.9997, 0.7929, 1.0437, 14, 13
1205, 641, 25, 120, 0.9997, 0.9331, 2.0198, 14, 14
1206, 620, 44, 42, 0.9997, 0.8354, 1.7727, 47, 44
1206, 623, 121, 81, 0.9997, 1.0000, 1.4130, 42, 39
1206, 636, 36, 78, 0.9996, 1.0000, 1.6892, 22, 23
1206, 640, 7, 11, 0.9997, 0.8348, 1.0190, 15, 14
1206, 641, 24, 121, 0.9997, 0.9747, 1.6039, 15, 15
1207, 620, 43, 43, 0.9997, 0.8766, 1.4651, 48, 45
1207, 623, 122, 81, 0.9997, 1.0000, 1.0375, 43, 40
1207, 636, 37, 78, 0.9997, 1.0000, 1.0223, 23, 24
1207, 640, 7, 12, 0.9997, 0.8766, 1.0009, 16, 15
1207, 641, 23, 123, 0.9997, 1.0000, 2.0163, 16, 16
1208, 620, 43, 44, 0.9997, 0.9178, 1.0176, 49, 46
1208, 623, 122, 82, 0.9997, 1.0000, 0.7613, 44, 41
1208, 636, 39, 78, 0.9997, 1.0000, 1.6811, 24, 25
1208, 640, 7, 13, 0.9997, 0.9184, 0.9976, 17, 16
1208, 641, 22, 125, 0.9997, 1.0000, 2.2482, 17, 17
1209, 620, 42, 45, 0.9997, 0.9590, 1.2159, 50, 47
1209, 623, 123, 83, 0.9997, 1.0000, 1.2254, 45, 42
1209, 636, 41, 79, 0.9997, 1.0000, 2.1517, 25, 26
1209, 640, 6, 13, 0.9997, 0.9601, 0.7992, 18, 17
1209, 641, 21, 126, 0.9997, 1.0000, 1.6225, 18, 18
1209, 646, 93, 46, 0.9997, 0.7623, 1.9217, 5, 6
1210, 617, 110, 2, 0.9997, 0.7553, 2.6161, 54, 51
1210, 620, 42, 47, 0.9997, 1.0000, 1.7676, 51, 48
1210, 623, 124, 83, 0.9997, 1.0000, 1.0375, 46, 43
1210, 636, 43, 79, 0.9997, 1.0000, 2.0751, 26, 27
1210, 640, 7, 13, 0.9996, 1.0000, 0.4754, 19, 18
1211, 617, 113, 2, 0.9996, 0.7965, 2.7734, 55, 52
1211, 620, 41, 48, 0.9997, 1.0000, 1.4944, 52, 49
1211, 623, 125, 84, 0.9997, 1.0000, 1.2691, 47, 44
1211, 636, 44, 79, 0.9997, 1.0000, 1.2538, 27, 28
1211, 640, 7, 16, 0.9996, 1.0000, 2.2552, 20, 19
1212, 617, 115, 0, 0.9996, 0.8377, 2.6670, 56, 53
1212, 620, 41, 49, 0.9997, 1.0000, 1.0331, 53, 50
1212, 623, 126, 84, 0.9997, 1.0000, 1.0433, 48, 45
1212, 636, 46, 80, 0.9997, 1.0000, 1.8538, 28, 29
1212, 640, 7, 18, 0.9997, 1.0000, 2.3905, 21, 20
1212, 648, 55, 84, 0.9996, 0.7997, 1.5279, 6, 7
1213, 620, 40, 51, 0.9997, 1.0000, 1.8784, 54, 51
1213, 623, 127, 85, 0.9997, 1.0000, 1.2491, 49, 46
1213, 636, 48, 80, 0.9997, 1.0000, 2.0159, 29, 30
1213, 640, 7, 19, 0.9997, 1.0000, 1.3509, 22, 21
1213, 645, 56, 35, 0.9997, 0.7918, 0.9837, 13, 12
1213, 648, 56, 86, 0.9995, 0.8383, 1.2146, 7, 8
1214, 620, 40, 52, 0.9997, 1.0000, 1.2998, 55, 52
1214, 623, 125, 83, 0.9993, 1.0000, 2.4218, 50, 47
1214, 636, 50, 81, 0.9997, 1.0000, 2.1798, 30, 31
1214, 640, 6, 20, 0.9997, 1.0000, 1.2148, 23, 22
1214, 645, 58, 36, 0.9997, 0.8337, 1.9222, 14, 13
1214, 648, 55, 86, 0.9996, 0.8778, 0.7507, 8, 9
1215, 620, 40, 53, 0.9997, 1.0000, 1.0000, 56, 53
1215, 636, 51, 81, 0.9997, 1.0000, 1.2774, 31, 32
1215, 640, 6, 21, 0.9997, 1.0000, 0.9683, 24, 23
1215, 645, 59, 36, 0.9997, 0.8756, 1.3272, 15, 14
1216, 620, 39, 55, 0.9997, 1.0000, 1.8688, 57, 54
1216, 636, 53, 81, 0.9997, 1.0000, 1.7084, 32, 33
1216, 640, 6, 22, 0.9997, 1.0000, 0.9805, 25, 24
1216, 645, 60, 36, 0.9997, 0.9174, 1.0009, 16, 15
1217, 620, 39, 56, 0.9997, 1.0000, 1.3063, 58, 55
1217, 636, 55, 82, 0.9997, 1.0000, 2.1239, 33, 34
1217, 640, 5, 24, 0.9997, 1.0000, 1.9089, 26, 25
1217, 645, 61, 36, 0.9997, 0.9593, 0.9584, 17, 16
1217, 646, 103, 49, 0.9997, 0.7664, 1.4795, 13, 13
1217, 652, 124, 102, 0.9997, 0.7623, 1.0302, 5, 6
1218, 620, 38, 57, 0.9997, 1.0000, 1.2589, 59, 56
1218, 636, 57, 82, 0.9997, 1.0000, 2.0605, 34, 35
1218, 640, 6, 23, 0.9995, 1.0000, 0.5407, 27, 26
1218, 646, 105, 49, 0.9997, 0.8081, 1.7879, 14, 14
1218, 647, 20, 97, 0.9997, 0.7522, 1.8095, 14, 13
1218, 652, 126, 103, 0.9997, 0.7998, 1.8769, 6, 7
1219, 620, 37, 59, 0.9997, 1.0000, 2.0005, 60, 57
1219, 636, 59, 82, 0.9997, 1.0000, 2.0163, 35, 36
1219, 640, 6, 25, 0.9996, 1.0000, 1.2169, 28, 27
1219, 645, 64, 36, 0.9996, 1.0000, 2.2360, 19, 18
1219, 646, 106, 49, 0.9997, 0.8498, 1.2501, 15, 15
1219, 647, 21, 97, 0.9997, 0.7939, 1.2237, 15, 14
1219, 652, 127, 103, 0.9997, 0.8384, 1.2997, 7, 8
1220, 620, 37, 60, 0.9997, 1.0000, 1.3060, 61, 58
1220, 636, 61, 83, 0.9997, 1.0000, 2.1270, 36, 37
1220, 640, 5, 26, 0.9997, 1.0000, 1.4436, 29, 28
1220, 645, 70, 39, 0.9988, 1.0000, 6.5823, 20, 19
1220, 646, 107, 50, 0.9997, 0.8914, 1.2213, 16, 16
1220, 647, 23, 97, 0.9997, 0.8357, 1.7339, 16, 15
1220, 652, 124, 105, 0.9990, 0.8773, 3.2004, 8, 9
1220, 654, 9, 4, 0.9996, 0.7623, 2.0065, 5, 6
1221, 620, 37, 61, 0.9997, 1.0000, 1.0009, 62, 59
1221, 636, 63, 83, 0.9997, 1.0000, 2.0167, 37, 38
1221, 640, 5, 27, 0.9997, 1.0000, 1.1152, 30, 29
1221, 646, 108, 50, 0.9997, 0.9331, 0.9964, 17, 17
1221, 647, 24, 98, 0.9997, 0.8774, 1.4557, 17, 16
1221, 654, 9, 5, 0.9997, 0.7998, 1.3855, 6, 7
1222, 620, 36, 63, 0.9997, 1.0000, 1.8631, 63, 60
1222, 636, 65, 83, 0.9997, 1.0000, 1.9991, 38, 39
1222, 640, 5, 28, 0.9997, 1.0000, 0.9900, 31, 30
1222, 646, 110, 50, 0.9997, 0.9747, 1.7500, 18, 18
1222, 647, 26, 98, 0.9997, 0.9192, 1.7754, 18, 17
1222, 654, 9, 6, 0.9997, 0.8384, 1.0129, 7, 8
1223, 620, 36, 64, 0.9997, 1.0000, 1.3060, 64, 61
1223, 636, 67, 84, 0.9997, 1.0000, 2.1269, 39, 40
1223, 640, 5, 29, 0.9997, 1.0000, 0.9869, 32, 31
1223, 646, 112, 51, 0.9997, 1.0000, 2.1802, 19, 19
1223, 647, 28, 98, 0.9997, 0.9609, 2.0148, 19, 18
1223, 654, 9, 8, 0.9997, 0.8779, 1.7164, 8, 9
1224, 620, 35, 65, 0.9997, 1.0000, 1.2599, 65, 62
1224, 636, 69, 83, 0.9996, 1.0000, 2.0587, 40, 41
1224, 640, 5, 30, 0.9997, 1.0000, 0.9963, 33, 32
1224, 646, 113, 51, 0.9997, 1.0000, 1.3234, 20, 20
1224, 647, 29, 99, 0.9997, 1.0000, 1.4679, 20, 19
1224, 654, 9, 9, 0.9997, 0.9178, 1.2717, 9, 10
1225, 620, 35, 67, 0.9997, 1.0000, 1.7420, 66, 63
1225, 640, 5, 32, 0.9997, 1.0000, 1.7645, 34, 33
1225, 646, 115, 51, 0.9997, 1.0000, 1.7221, 21, 21
1225, 647, 31, 99, 0.9997, 1.0000, 1.7440, 21, 20
1225, 654, 9, 10, 0.9997, 0.9581, 0.9993, 10, 11
1225, 657, 3, 93, 0.9997, 0.7623, 1.4643, 5, 6
1226, 620, 35, 68, 0.9997, 1.0000, 1.2765, 67, 64
1226, 640, 5, 33, 0.9997, 1.0000, 1.2926, 35, 34
1226, 646, 116, 52, 0.9997, 1.0000, 1.4296, 22, 22
1226, 647, 33, 99, 0.9997, 1.0000, 1.9992, 22, 21
1226, 654, 9, 13, 0.9996, 0.9985, 2.4880, 11, 12
1226, 657, 1, 91, 0.9992, 0.7994, 2.4020, 6, 7
1227, 620, 34, 69, 0.9997, 1.0000, 1.2330, 68, 65
1227, 640, 5, 34, 0.9997, 1.0000, 1.0002, 36, 35
1227, 646, 118, 52, 0.9997, 1.0000, 1.7693, 23, 23
1227, 647, 34, 99, 0.9997, 1.0000, 1.2769, 23, 22
1228, 620, 34, 71, 0.9997, 1.0000, 1.7458, 69, 66
1228, 640, 5, 35, 0.9997, 1.0000, 0.9574, 37, 36
1228, 646, 119, 52, 0.9997, 1.0000, 1.2516, 24, 24
1228, 647, 36, 100, 0.9997, 1.0000, 1.8792, 24, 23
1229, 620, 34, 72, 0.9997, 1.0000, 1.2764, 70, 67
1229, 640, 5, 36, 0.9997, 1.0000, 0.9837, 38, 37
1229, 646, 121, 53, 0.9997, 1.0000, 1.8946, 25, 25
1229, 647, 37, 100, 0.9997, 1.0000, 1.2701, 25, 24
1230, 620, 33, 73, 0.9997, 1.0000, 1.2344, 71, 68
1230, 640, 5, 37, 0.9997, 1.0000, 1.0000, 39, 38
1230, 646, 122, 53, 0.9997, 1.0000, 1.2803, 26, 26
1230, 647, 39, 100, 0.9997, 1.0000, 1.7485, 26, 25
1231, 620, 33, 75, 0.9997, 1.0000, 1.7456, 72, 69
1231, 640, 5, 38, 0.9997, 1.0000, 1.0024, 40, 39
1231, 646, 124, 53, 0.9997, 1.0000, 1.7499, 27, 27
1231, 647, 41, 101, 0.9997, 1.0000, 2.1409, 27, 26
1231, 656, 38, 53, 0.9996, 0.7531, 2.2701, 15, 14
1232, 620, 32, 75, 0.9996, 1.0000, 0.9199, 73, 70
1232, 636, 84, 89, 0.9996, 0.7664, 1.4313, 48, 48
1232, 640, 5, 39, 0.9997, 1.0000, 1.0009, 41, 40
1232, 646, 125, 54, 0.9997, 1.0000, 1.4443, 28, 28
1232, 647, 42, 101, 0.9997, 1.0000, 1.3080, 28, 27
1233, 620, 31, 78, 0.9996, 1.0000, 2.4558, 74, 71
1233, 636, 87, 90, 0.9996, 0.8081, 2.6270, 49, 49
1233, 640, 5, 40, 0.9997, 1.0000, 1.0000, 42, 41
1233, 646, 127, 54, 0.9997, 1.0000, 1.7717, 29, 29
1233, 647, 44, 102, 0.9997, 1.0000, 1.8840, 29, 28
1233, 655, 15, 16, 0.9997, 0.7553, 1.4245, 18, 17
1233, 658, 83, 37, 0.9996, 0.7664, 1.8233, 12, 12
1234, 620, 31, 79, 0.9997, 1.0000, 1.5678, 75, 72
1234, 636, 89, 90, 0.9997, 0.8497, 2.2923, 50, 50
1234, 640, 5, 41, 0.9997, 1.0000, 0.9999, 43, 42
1234, 647, 46, 102, 0.9997, 1.0000, 2.0149, 30, 29
1234, 654, 10, 23, 0.9997, 0.7664, 1.7623, 19, 19
1234, 655, 14, 16, 0.9997, 0.7969, 1.0688, 19, 18
1234, 657, 14, 97, 0.9997, 0.7664, 1.3329, 14, 14
1234, 658, 84, 37, 0.9997, 0.8081, 1.3284, 13, 13
1235, 636, 92, 91, 0.9997, 0.8914, 2.8984, 51, 51
1235, 640, 5, 43, 0.9997, 1.0000, 1.7639, 44, 43
1235, 647, 47, 102, 0.9997, 1.0000, 1.2764, 31, 30
1235, 654, 10, 24, 0.9997, 0.8081, 1.2509, 20, 20
1235, 655, 13, 17, 0.9997, 0.8385, 1.2374, 20, 19
1235, 657, 15, 98, 0.9997, 0.8081, 1.2387, 15, 15
1235, 658, 86, 37, 0.9997, 0.8498, 1.7668, 14, 14
1236, 620, 30, 82, 0.9996, 1.0000, 2.2797, 77, 74
1236, 636, 94, 92, 0.9997, 0.9331, 2.4786, 52, 52
1236, 640, 5, 44, 0.9997, 1.0000, 1.2918, 45, 44
1236, 647, 49, 103, 0.9997, 1.0000, 1.8685, 32, 31
1236, 654, 9, 27, 0.9996, 0.8497, 2.6258, 21, 21
1236, 655, 12, 18, 0.9997, 0.8801, 1.4136, 21, 20
1236, 657, 17, 98, 0.9997, 0.8497, 1.7372, 16, 16
1236, 658, 87, 37, 0.9997, 0.8914, 1.2504, 15, 15
1237, 620, 29, 84, 0.9997, 1.0000, 2.5401, 78, 75
1237, 636, 96, 92, 0.9997, 0.9747, 2.0038, 53, 53
1237, 640, 4, 46, 0.9997, 1.0000, 1.9223, 46, 45
1237, 647, 52, 103, 0.9997, 1.0000, 2.7779, 33, 32
1237, 655, 11, 19, 0.9997, 0.9217, 1.4430, 22, 21
1237, 657, 18, 99, 0.9997, 0.8914, 1.4780, 17, 17
1237, 658, 89, 37, 0.9997, 0.9331, 1.7477, 16, 16
1237, 661, 13, 7, 0.9997, 0.7664, 1.9235, 11, 11
1238, 620, 29, 85, 0.9996, 1.0000, 1.3649, 79, 76
1238, 636, 98, 93, 0.9997, 1.0000, 2.0847, 54, 54
1238, 640, 4, 46, 0.9996, 1.0000, 0.5663, 47, 46
1238, 647, 53, 104, 0.9996, 1.0000, 1.7447, 34, 33
1238, 655, 10, 19, 0.9997, 0.9633, 1.0305, 23, 22
1238, 657, 19, 99, 0.9997, 0.9331, 1.0309, 18, 18
1238, 658, 90, 38, 0.9997, 0.9747, 1.4654, 17, 17
1238, 661, 14, 7, 0.9997, 0.8081, 1.3244, 12, 12
1239, 620, 29, 86, 0.9997, 1.0000, 0.9358, 80, 77
1239, 636, 100, 94, 0.9997, 1.0000, 2.2227, 55, 55
1239, 640, 4, 47, 0.9997, 1.0000, 0.6919, 48, 47
1239, 647, 54, 104, 0.9997, 1.0000, 0.9921, 35, 34
1239, 655, 8, 16, 0.9995, 1.0000, 2.9363, 24, 23
1239, 657, 20, 100, 0.9997, 0.9747, 1.2186, 19, 19
1239, 658, 91, 38, 0.9997, 1.0000, 1.0279, 18, 18
1239, 661, 15, 6, 0.9997, 0.8497, 1.2584, 13, 13
1240, 620, 28, 87, 0.9997, 1.0000, 1.1649, 81, 78
1240, 636, 102, 95, 0.9997, 1.0000, 2.2551, 56, 56
1240, 640, 4, 49, 0.9997, 1.0000, 1.7219, 49, 48
1240, 647, 56, 105, 0.9997, 1.0000, 1.8261, 36, 35
1240, 657, 22, 100, 0.9997, 1.0000, 1.7664, 20, 20
1240, 658, 93, 38, 0.9997, 1.0000, 1.7223, 19, 19
1240, 661, 16, 7, 0.9996, 0.8914, 1.0493, 14, 14
1241, 620, 28, 89, 0.9997, 1.0000, 1.7670, 82, 79
1241, 636, 105, 95, 0.9997, 1.0000, 2.7778, 57, 57
1241, 640, 4, 50, 0.9997, 1.0000, 1.3206, 50, 49
1241, 647, 58, 105, 0.9997, 1.0000, 2.0393, 37, 36
1241, 657, 23, 101, 0.9997, 1.0000, 1.4937, 21, 21
1241, 658, 94, 38, 0.9997, 1.0000, 1.2786, 20, 20
1241, 661, 17, 7, 0.9997, 0.9331, 1.0216, 15, 15
1242, 620, 27, 90, 0.9997, 1.0000, 1.5050, 83, 80
1242, 636, 107, 96, 0.9997, 1.0000, 2.3995, 58, 58
1242, 640, 4, 51, 0.9997, 1.0000, 1.0172, 51, 50
1242, 647, 60, 106, 0.9997, 1.0000, 2.1903, 38, 37
1242, 657, 24, 101, 0.9997, 1.0000, 1.0329, 22, 22
1242, 658, 96, 38, 0.9997, 1.0000, 1.7648, 21, 21
1242, 661, 20, 7, 0.9996, 0.9747, 2.5282, 16, 16
1243, 620, 27, 92, 0.9997, 1.0000, 1.7860, 84, 81
1243, 636, 109, 97, 0.9997, 1.0000, 2.2350, 59, 59
1243, 640, 4, 52, 0.9997, 1.0000, 0.9598, 52, 51
1243, 647, 62, 106, 0.9997, 1.0000, 2.0341, 39, 38
1243, 657, 26, 102, 0.9997, 1.0000, 1.8784, 23, 23
1243, 658, 97, 38, 0.9997, 1.0000, 1.2515, 22, 22
1244, 620, 26, 93, 0.9997, 1.0000, 1.4572, 85, 82
1244, 636, 111, 98, 0.9997, 1.0000, 2.2172, 60, 60
1244, 640, 7, 56, 0.9992, 1.0000, 4.4778, 53, 52
1244, 647, 63, 107, 0.9997, 1.0000, 1.4447, 40, 39
1244, 654, 13, 36, 0.9997, 0.7596, 1.2856, 29, 28
1244, 657, 27, 103, 0.9997, 1.0000, 1.6294, 24, 24
1244, 658, 98, 39, 0.9997, 1.0000, 1.2476, 23, 23
1245, 620, 26, 95, 0.9997, 1.0000, 1.7651, 86, 83
1245, 636, 113, 99, 0.9997, 1.0000, 2.2289, 61, 61
1245, 647, 65, 107, 0.9997, 1.0000, 1.7232, 41, 40
1245, 654, 13, 37, 0.9997, 0.8010, 0.9834, 30, 29
1245, 657, 29, 103, 0.9997, 1.0000, 1.7856, 25, 25
1245, 658, 99, 38, 0.9996, 1.0000, 1.0671, 24, 24
1246, 620, 25, 96, 0.9997, 1.0000, 1.4568, 87, 84
1246, 636, 114, 101, 0.9997, 1.0000, 2.1540, 62, 62
1246, 647, 67, 108, 0.9997, 1.0000, 2.1350, 42, 41
1246, 654, 14, 38, 0.9997, 0.8425, 1.2263, 31, 30
1246, 657, 30, 104, 0.9997, 1.0000, 1.4449, 26, 26
1246, 658, 98, 39, 0.9996, 1.0000, 0.7187, 25, 25
1247, 620, 25, 97, 0.9997, 1.0000, 1.0173, 88, 85
1247, 647, 69, 108, 0.9997, 1.0000, 2.0579, 43, 42
1247, 654, 15, 40, 0.9997, 0.8840, 2.0330, 32, 31
1247, 657, 31, 104, 0.9997, 1.0000, 1.0124, 27, 27
1247, 658, 101, 40, 0.9994, 1.0000, 2.8923, 26, 26
1248, 620, 24, 99, 0.9997, 1.0000, 1.8785, 89, 86
1248, 647, 71, 109, 0.9997, 1.0000, 2.1514, 44, 43
1248, 654, 16, 41, 0.9997, 0.9255, 1.6622, 33, 32
1248, 657, 33, 105, 0.9997, 1.0000, 1.8770, 28, 28
1248, 658, 103, 41, 0.9997, 1.0000, 2.1672, 27, 27
1249, 620, 24, 100, 0.9997, 1.0000, 1.3021, 90, 87
1249, 647, 73, 109, 0.9997, 1.0000, 2.0156, 45, 44
1249, 654, 16, 42, 0.9997, 0.9670, 1.0319, 34, 33
1249, 657, 34, 105, 0.9997, 1.0000, 1.3023, 29, 29
1249, 658, 106, 41, 0.9997, 1.0000, 2.6272, 28, 28
1249, 663, 68, 14, 0.9997, 0.7845, 0.9977, 18, 16
1250, 620, 23, 102, 0.9997, 1.0000, 1.9175, 91, 88
1250, 647, 74, 110, 0.9997, 1.0000, 1.4438, 46, 45
1250, 654, 17, 43, 0.9997, 1.0000, 1.1905, 35, 34
1250, 657, 36, 106, 0.9997, 1.0000, 1.9179, 30, 30
1250, 663, 69, 15, 0.9997, 0.8261, 1.2337, 19, 17
1250, 666, 2, 61, 0.9997, 0.7623, 1.2912, 5, 6
1251, 620, 23, 103, 0.9997, 1.0000, 1.2763, 92, 89
1251, 647, 76, 110, 0.9997, 1.0000, 1.7255, 47, 46
1251, 654, 17, 44, 0.9997, 1.0000, 1.0110, 36, 35
1251, 657, 37, 107, 0.9997, 1.0000, 1.6108, 31, 31
1251, 663, 70, 15, 0.9997, 0.8677, 1.0667, 20, 18
1251, 666, 1, 62, 0.9997, 0.7998, 1.2328, 6, 7
1252, 620, 22, 104, 0.9997, 1.0000, 1.2376, 93, 90
1252, 647, 78, 111, 0.9997, 1.0000, 2.1360, 48, 47
1252, 654, 18, 45, 0.9997, 1.0000, 1.2499, 37, 36
1252, 655, 32, 9, 0.9996, 0.7908, 2.5109, 37, 34
1252, 657, 39, 107, 0.9997, 1.0000, 1.7704, 32, 32
1252, 663, 70, 18, 0.9996, 0.9092, 2.2552, 21, 19
1252, 666, 1, 63, 0.9997, 0.8384, 0.9962, 7, 8
1253, 620, 22, 106, 0.9997, 1.0000, 1.7394, 94, 91
1253, 647, 80, 111, 0.9997, 1.0000, 2.0579, 49, 48
1253, 654, 19, 46, 0.9997, 1.0000, 1.4274, 38, 37
1253, 657, 40, 108, 0.9997, 1.0000, 1.4429, 33, 33
1253, 666, 1, 65, 0.9997, 0.8779, 1.7477, 8, 9
1254, 620, 21, 108, 0.9997, 1.0000, 2.1751, 95, 92
1254, 647, 82, 112, 0.9997, 1.0000, 2.1513, 50, 49
1254, 654, 19, 48, 0.9997, 1.0000, 1.7867, 39, 38
1254, 657, 42, 108, 0.9997, 1.0000, 1.7657, 34, 34
1254, 666, 1, 66, 0.9997, 0.9178, 1.2924, 9, 10
1255, 620, 20, 109, 0.9997, 1.0000, 1.6429, 96, 93
1255, 647, 84, 112, 0.9997, 1.0000, 2.0156, 51, 50
1255, 654, 20, 49, 0.9997, 1.0000, 1.4799, 40, 39
1255, 657, 43, 109, 0.9997, 1.0000, 1.4570, 35, 35
1255, 666, 1, 67, 0.9997, 0.9581, 1.0025, 10, 11
1256, 620, 20, 112, 0.9996, 1.0000, 2.5031, 97, 94
1256, 647, 86, 113, 0.9997, 1.0000, 2.1338, 52, 51
1256, 654, 20, 50, 0.9997, 1.0000, 1.0271, 41, 40
1256, 657, 44, 110, 0.9997, 1.0000, 1.4155, 36, 36
1256, 666, 1, 69, 0.9997, 0.9986, 1.7223, 11, 12
1257, 647, 88, 113, 0.9997, 1.0000, 2.0147, 53, 52
1257, 654, 21, 51, 0.9997, 1.0000, 1.2152, 42, 41
1257, 657, 46, 110, 0.9997, 1.0000, 1.7445, 37, 37
1257, 658, 116, 44, 0.9997, 0.7609, 1.7204, 36, 35
1257, 666, 0, 69, 0.9996, 1.0000, 0.9213, 12, 13
1258, 647, 90, 114, 0.9997, 1.0000, 2.1360, 54, 53
1258, 654, 22, 53, 0.9997, 1.0000, 2.0213, 43, 42
1258, 657, 47, 111, 0.9997, 1.0000, 1.4678, 38, 38
1258, 658, 118, 45, 0.9997, 0.8024, 2.1738, 37, 36
1258, 666, 0, 71, 0.9997, 1.0000, 1.5008, 13, 14
1258, 674, 85, 6, 0.9997, 0.7623, 1.4236, 5, 6
1258, 675, 119, 1, 0.9997, 0.7623, 1.7461, 5, 6
1259, 647, 92, 115, 0.9997, 1.0000, 2.2425, 55, 54
1259, 654, 22, 53, 0.9996, 1.0000, 0.5969, 44, 43
1259, 657, 49, 112, 0.9997, 1.0000, 2.0279, 39, 39
1259, 658, 119, 45, 0.9997, 0.8438, 1.3257, 38, 37
1259, 666, 0, 72, 0.9997, 1.0000, 1.2515, 14, 15
1259, 674, 85, 7, 0.9997, 0.7998, 0.9854, 6, 7
1259, 675, 120, 1, 0.9997, 0.7998, 1.2337, 6, 7
1260, 647, 95, 115, 0.9997, 1.0000, 2.7779, 56, 55
1260, 654, 23, 55, 0.9997, 1.0000, 1.6419, 45, 44
1260, 657, 50, 112, 0.9997, 1.0000, 1.2817, 40, 40
1260, 658, 121, 45, 0.9997, 0.8853, 1.7238, 39, 38
1260, 665, 119, 54, 0.9996, 0.7539, 1.7151, 16, 15
1260, 666, 0, 73, 0.9997, 1.0000, 1.0281, 15, 16
1260, 674, 84, 8, 0.9997, 0.8384, 1.2105, 7, 8
1260, 675, 122, 2, 0.9997, 0.8384, 1.8909, 7, 8
1261, 647, 97, 116, 0.9997, 1.0000, 2.4029, 57, 56
1261, 654, 24, 56, 0.9997, 1.0000, 1.6003, 46, 45
1261, 655, 41, 5, 0.9986, 0.7889, 4.5615, 46, 42
1261, 657, 52, 113, 0.9997, 1.0000, 1.8923, 41, 41
1261, 658, 123, 46, 0.9997, 0.9268, 2.1243, 40, 39
1261, 665, 120, 52, 0.9997, 0.7956, 2.3744, 17, 16
1261, 666, 0, 74, 0.9997, 1.0000, 0.9738, 16, 17
1261, 674, 83, 9, 0.9997, 0.8779, 1.4137, 8, 9
1261, 675, 124, 2, 0.9997, 0.8779, 2.0343, 8, 9
1262, 647, 98, 117, 0.9997, 1.0000, 1.5894, 58, 57
1262, 654, 25, 58, 0.9997, 1.0000, 2.0705, 47, 46
1262, 657, 53, 113, 0.9997, 1.0000, 1.2713, 42, 42
1262, 658, 124, 46, 0.9997, 0.9683, 1.3049, 41, 40
1262, 666, 0, 76, 0.9997, 1.0000, 1.7499, 17, 18
1262, 674, 82, 10, 0.9997, 0.9178, 1.4464, 9, 10
1262, 675, 125, 2, 0.9997, 0.9178, 1.2788, 9, 10
1263, 647, 101, 117, 0.9996, 1.0000, 2.4452, 59, 58
1263, 654, 25, 59, 0.9997, 1.0000, 1.2901, 48, 47
1263, 657, 54, 113, 0.9997, 1.0000, 0.9861, 43, 43
1263, 658, 125, 46, 0.9997, 1.0000, 0.9597, 42, 41
1263, 666, 1, 77, 0.9997, 1.0000, 1.4983, 18, 19
1263, 674, 81, 11, 0.9997, 0.9581, 1.4265, 10, 11
1263, 675, 127, 2, 0.9997, 0.9581, 1.7227, 10, 11
1264, 647, 103, 117, 0.9997, 1.0000, 2.2759, 60, 59
1264, 654, 26, 60, 0.9997, 1.0000, 1.2141, 49, 48
1264, 657, 57, 115, 0.9996, 1.0000, 2.8972, 44, 44
1264, 658, 127, 47, 0.9997, 1.0000, 1.8553, 43, 42
1264, 666, 0, 78, 0.9996, 1.0000, 1.1076, 19, 20
1264, 674, 80, 13, 0.9997, 0.9986, 2.0277, 11, 12
1265, 647, 105, 118, 0.9997, 1.0000, 2.1619, 61, 60
1265, 654, 27, 62, 0.9997, 1.0000, 1.9884, 50, 49
1265, 657, 58, 115, 0.9996, 1.0000, 1.6701, 45, 45
1265, 658, 127, 47, 0.9996, 1.0000, 0.5823, 44, 43
1265, 666, 1, 79, 0.9997, 1.0000, 1.0682, 20, 21
1265, 674, 79, 14, 0.9997, 1.0000, 1.6321, 12, 13
1266, 647, 108, 119, 0.9997, 1.0000, 2.9308, 62, 61
1266, 654, 28, 63, 0.9997, 1.0000, 1.6480, 51, 50
1266, 657, 60, 116, 0.9997, 1.0000, 1.9233, 46, 46
1266, 666, 0, 81, 0.9996, 1.0000, 1.8219, 21, 22
1266, 674, 78, 15, 0.9997, 1.0000, 1.4135, 13, 14
1267, 647, 110, 119, 0.9997, 1.0000, 2.2954, 63, 62
1267, 654, 29, 64, 0.9997, 1.0000, 1.4263, 52, 51
1267, 657, 60, 116, 0.9996, 1.0000, 0.4916, 47, 47
1267, 666, 0, 82, 0.9997, 1.0000, 1.3187, 22, 23
1267, 674, 77, 16, 0.9997, 1.0000, 1.3844, 14, 15
1268, 647, 112, 120, 0.9997, 1.0000, 2.1249, 64, 63
1268, 654, 29, 66, 0.9997, 1.0000, 1.7399, 53, 52
1268, 657, 63, 117, 0.9996, 1.0000, 2.3227, 48, 48
1268, 666, 0, 83, 0.9997, 1.0000, 1.0027, 23, 24
1268, 674, 75, 17, 0.9997, 1.0000, 2.0198, 15, 16
1269, 647, 114, 120, 0.9997, 1.0000, 1.9727, 65, 64
1269, 654, 30, 67, 0.9997, 1.0000, 1.4585, 54, 53
1269, 657, 65, 118, 0.9997, 1.0000, 2.5177, 49, 49
1269, 666, 0, 84, 0.9997, 1.0000, 0.9588, 24, 25
1269, 674, 73, 18, 0.9997, 1.0000, 2.2861, 16, 17
1270, 647, 117, 121, 0.9997, 1.0000, 2.8484, 66, 65
1270, 654, 31, 68, 0.9997, 1.0000, 1.4135, 55, 54
1270, 657, 66, 118, 0.9996, 1.0000, 1.3521, 50, 50
1270, 666, 0, 86, 0.9997, 1.0000, 1.7477, 25, 26
1271, 647, 119, 122, 0.9997, 1.0000, 2.5068, 67, 66
1271, 654, 32, 70, 0.9997, 1.0000, 2.0144, 56, 55
1271, 657, 69, 119, 0.9996, 1.0000, 2.5648, 51, 51
1271, 666, 0, 87, 0.9997, 1.0000, 1.2917, 26, 27
1272, 647, 121, 122, 0.9997, 1.0000, 2.0216, 68, 67
1272, 654, 33, 71, 0.9997, 1.0000, 1.6316, 57, 56
1272, 657, 70, 120, 0.9997, 1.0000, 1.8114, 52, 52
1272, 666, 0, 88, 0.9997, 1.0000, 1.0023, 27, 28
1273, 647, 124, 123, 0.9997, 1.0000, 2.8164, 69, 68
1273, 654, 34, 72, 0.9997, 1.0000, 1.4143, 58, 57
1273, 657, 71, 121, 0.9997, 1.0000, 1.4305, 53, 53
1273, 666, 0, 90, 0.9997, 1.0000, 1.7223, 28, 29
1274, 647, 126, 124, 0.9997, 1.0000, 2.4852, 70, 69
1274, 654, 35, 74, 0.9997, 1.0000, 1.9915, 59, 58
1274, 657, 73, 122, 0.9997, 1.0000, 1.9652, 54, 54
1274, 666, 3, 89, 0.9991, 1.0000, 3.2202, 29, 30
1274, 681, 55, 78, 0.9996, 0.7623, 1.4727, 5, 6
1275, 654, 35, 75, 0.9997, 1.0000, 1.2979, 60, 59
1275, 657, 74, 122, 0.9997, 1.0000, 1.2852, 55, 55
1275, 681, 56, 79, 0.9997, 0.7998, 1.5155, 6, 7
1275, 682, 43, 23, 0.9997, 0.7623, 0.9720, 5, 6
1276, 654, 36, 77, 0.9997, 1.0000, 1.9008, 61, 60
1276, 657, 76, 123, 0.9997, 1.0000, 1.9009, 56, 56
1277, 654, 38, 78, 0.9996, 1.0000, 2.1629, 62, 61
1277, 657, 78, 123, 0.9997, 1.0000, 2.0314, 57, 57
1277, 674, 65, 28, 0.9997, 0.7665, 1.4141, 24, 24
1278, 654, 38, 80, 0.9996, 1.0000, 1.8392, 63, 62
1278, 657, 80, 124, 0.9997, 1.0000, 2.1748, 58, 58
1278, 674, 64, 30, 0.9997, 0.8081, 1.9920, 25, 25
1278, 679, 67, 12, 0.9997, 0.7522, 1.7443, 14, 13
1279, 654, 39, 81, 0.9997, 1.0000, 1.4441, 64, 63
1279, 657, 82, 125, 0.9997, 1.0000, 2.2551, 59, 59
1279, 679, 68, 12, 0.9997, 0.7939, 1.2477, 15, 14
1279, 680, 125, 37, 0.9997, 0.7664, 0.8126, 11, 11
1279, 684, 6, 114, 0.9996, 0.7623, 1.5630, 5, 6
1280, 654, 40, 83, 0.9997, 1.0000, 1.9947, 65, 64
1280, 657, 84, 126, 0.9997, 1.0000, 2.2546, 60, 60
1280, 679, 70, 12, 0.9997, 0.8357, 1.7500, 16, 15
1280, 684, 6, 115, 0.9997, 0.7998, 1.1078, 6, 7
1281, 654, 40, 83, 0.9996, 1.0000, 0.5513, 66, 65
1281, 657, 85, 126, 0.9997, 1.0000, 1.2588, 61, 61
1281, 679, 70, 13, 0.9996, 0.8774, 0.9078, 17, 16
1282, 654, 42, 85, 0.9996, 1.0000, 2.0831, 67, 66
1282, 657, 86, 125, 0.9997, 1.0000, 1.2504, 62, 62
1282, 679, 73, 13, 0.9996, 0.9191, 2.2415, 18, 17
1282, 686, 25, 59, 0.9997, 0.7623, 0.7078, 5, 6
1282, 687, 6, 71, 0.9997, 0.7623, 1.3543, 5, 6
1283, 654, 43, 87, 0.9997, 1.0000, 2.3939, 68, 67
1283, 679, 74, 13, 0.9997, 0.9609, 1.5418, 19, 18
1283, 686, 25, 65, 0.9981, 0.7987, 5.3086, 6, 7
1283, 687, 7, 69, 0.9997, 0.7998, 2.0436, 6, 7
1284, 654, 44, 88, 0.9997, 1.0000, 1.6816, 69, 68
1284, 679, 76, 13, 0.9997, 1.0000, 1.7931, 20, 19
1285, 654, 45, 89, 0.9997, 1.0000, 1.3769, 70, 69
1285, 679, 77, 13, 0.9997, 1.0000, 1.2238, 21, 20
1286, 654, 47, 91, 0.9997, 1.0000, 2.4432, 71, 70
1286, 674, 55, 40, 0.9997, 0.7604, 1.4142, 33, 32
1286, 679, 79, 13, 0.9997, 1.0000, 1.7337, 22, 21
1287, 654, 48, 92, 0.9997, 1.0000, 1.8127, 72, 71
1287, 674, 53, 42, 0.9997, 0.8018, 2.4679, 34, 33
1287, 679, 80, 14, 0.9997, 1.0000, 1.4642, 23, 22
1288, 654, 49, 93, 0.9997, 1.0000, 1.4163, 73, 72
1288, 674, 52, 43, 0.9997, 0.8433, 1.8167, 35, 34
1288, 679, 82, 14, 0.9997, 1.0000, 1.7758, 24, 23
1289, 654, 51, 94, 0.9997, 1.0000, 1.9720, 74, 73
1289, 674, 51, 44, 0.9997, 0.8848, 1.4142, 36, 35
1289, 679, 84, 14, 0.9997, 1.0000, 2.0148, 25, 24
1290, 654, 52, 95, 0.9997, 1.0000, 1.6115, 75, 74
1290, 674, 50, 46, 0.9997, 0.9263, 1.9716, 37, 36
1290, 679, 85, 14, 0.9997, 1.0000, 1.2787, 26, 25
1291, 654, 54, 96, 0.9997, 1.0000, 2.0276, 76, 75
1291, 674, 48, 47, 0.9997, 0.9678, 2.1641, 38, 37
1291, 679, 87, 14, 0.9997, 1.0000, 1.7221, 27, 26
1292, 654, 55, 98, 0.9997, 1.0000, 2.1646, 77, 76
1292, 674, 47, 48, 0.9997, 1.0000, 1.6336, 39, 38
1292, 679, 88, 15, 0.9997, 1.0000, 1.4524, 28, 27
1293, 654, 57, 99, 0.9997, 1.0000, 2.1745, 78, 77
1293, 674, 46, 50, 0.9997, 1.0000, 1.9939, 40, 39
1293, 679, 90, 15, 0.9997, 1.0000, 1.7730, 29, 28
1294, 654, 58, 100, 0.9997, 1.0000, 1.6002, 79, 78
1294, 674, 44, 51, 0.9997, 1.0000, 2.1437, 41, 40
1294, 679, 92, 15, 0.9997, 1.0000, 2.0155, 30, 29
1294, 689, 1, 117, 0.9997, 0.7664, 1.7645, 10, 10
1294, 690, 121, 28, 0.9997, 0.7623, 0.7901, 5, 6
1295, 654, 59, 102, 0.9997, 1.0000, 1.9836, 80, 79
1295, 674, 43, 52, 0.9997, 1.0000, 1.6208, 42, 41
1295, 679, 93, 15, 0.9997, 1.0000, 1.2794, 31, 30
1295, 689, 1, 118, 0.9997, 0.8081, 1.2349, 11, 11
1295, 690, 119, 28, 0.9997, 0.7998, 1.8214, 6, 7
1295, 691, 38, 63, 0.9996, 0.7622, 0.7997, 5, 6
1296, 654, 60, 104, 0.9997, 1.0000, 2.2533, 81, 80
1296, 674, 41, 53, 0.9997, 1.0000, 2.0080, 43, 42
1296, 679, 95, 15, 0.9997, 1.0000, 1.7223, 32, 31
1296, 689, 1, 120, 0.9997, 0.8498, 1.7466, 12, 12
1296, 690, 119, 28, 0.9996, 0.8384, 0.5879, 7, 8
1296, 691, 40, 63, 0.9997, 0.7998, 1.5741, 6, 7
1296, 692, 20, 125, 0.9997, 0.7623, 1.2357, 5, 6
1297, 654, 61, 105, 0.9997, 1.0000, 1.6252, 82, 81
1297, 674, 39, 55, 0.9997, 1.0000, 2.6682, 44, 43
1297, 679, 97, 16, 0.9997, 1.0000, 2.1401, 33, 32
1297, 689, 0, 122, 0.9997, 0.8914, 2.1486, 13, 13
1297, 690, 118, 28, 0.9997, 0.8779, 0.7223, 8, 9
1297, 691, 41, 64, 0.9997, 0.8384, 1.4874, 7, 8
1297, 692, 22, 122, 0.9995, 0.7997, 2.8120, 6, 7
1298, 654, 62, 107, 0.9997, 1.0000, 1.9932, 83, 82
1298, 674, 38, 56, 0.9997, 1.0000, 1.8161, 45, 44
1298, 679, 98, 16, 0.9997, 1.0000, 1.3097, 34, 33
1298, 689, 0, 123, 0.9997, 0.9331, 1.3116, 14, 14
1298, 691, 42, 62, 0.9996, 0.8778, 1.6210, 8, 9
1298, 692, 25, 121, 0.9996, 0.8384, 3.2053, 7, 8
1299, 654, 63, 109, 0.9997, 1.0000, 2.2351, 84, 83
1299, 674, 37, 57, 0.9997, 1.0000, 1.3861, 46, 45
1299, 679, 100, 16, 0.9997, 1.0000, 1.7237, 35, 34
1299, 690, 117, 28, 0.9997, 0.9581, 0.7313, 10, 11
1299, 691, 43, 64, 0.9996, 0.9177, 1.3440, 9, 10
1299, 692, 27, 119, 0.9997, 0.8779, 2.9613, 8, 9
1300, 654, 64, 111, 0.9997, 1.0000, 2.2718, 85, 84
1300, 674, 35, 58, 0.9997, 1.0000, 1.9579, 47, 46
1300, 679, 102, 16, 0.9997, 1.0000, 2.0005, 36, 35
1300, 688, 111, 19, 0.9997, 0.7869, 1.1748, 20, 18
1300, 690, 116, 28, 0.9997, 0.9986, 1.0155, 11, 12
1300, 692, 29, 118, 0.9997, 0.9178, 2.3582, 9, 10
1300, 693, 75, 31, 0.9967, 0.7603, 6.9882, 5, 6
1301, 654, 65, 113, 0.9997, 1.0000, 2.2498, 86, 85
1301, 674, 34, 60, 0.9997, 1.0000, 2.1641, 48, 47
1301, 679, 104, 16, 0.9997, 1.0000, 2.0404, 37, 36
1301, 688, 111, 20, 0.9997, 0.8283, 1.0186, 21, 19
1301, 690, 116, 27, 0.9997, 1.0000, 0.8140, 12, 13
1301, 692, 31, 116, 0.9997, 0.9581, 2.6118, 10, 11
1302, 654, 66, 115, 0.9997, 1.0000, 2.2361, 87, 86
1302, 674, 32, 61, 0.9997, 1.0000, 2.1882, 49, 48
1302, 679, 105, 17, 0.9997, 1.0000, 1.4662, 38, 37
1302, 688, 112, 21, 0.9997, 0.8698, 1.2611, 22, 20
1302, 690, 115, 27, 0.9997, 1.0000, 0.7798, 13, 14
1302, 692, 33, 115, 0.9997, 0.9986, 2.3406, 11, 12
1303, 654, 67, 117, 0.9997, 1.0000, 2.2341, 88, 87
1303, 674, 31, 62, 0.9997, 1.0000, 1.6041, 50, 49
1303, 679, 107, 17, 0.9997, 1.0000, 1.7333, 39, 38
1303, 688, 113, 22, 0.9997, 0.9113, 1.4282, 23, 21
1303, 690, 114, 27, 0.9997, 1.0000, 0.9991, 14, 15
1303, 692, 35, 114, 0.9997, 1.0000, 2.2297, 12, 13
1304, 654, 68, 119, 0.9997, 1.0000, 2.2353, 89, 88
1304, 674, 29, 63, 0.9997, 1.0000, 1.9939, 51, 50
1304, 679, 109, 17, 0.9997, 1.0000, 1.9978, 40, 39
1304, 688, 113, 23, 0.9997, 0.9528, 1.0385, 24, 22
1304, 690, 113, 27, 0.9997, 1.0000, 1.0409, 15, 16
1304, 692, 37, 112, 0.9997, 1.0000, 2.6418, 13, 14
1305, 654, 69, 121, 0.9997, 1.0000, 2.2361, 90, 89
1305, 674, 28, 65, 0.9997, 1.0000, 2.1482, 52, 51
1305, 679, 111, 17, 0.9997, 1.0000, 2.0422, 41, 40
1305, 688, 114, 24, 0.9997, 0.9944, 1.2329, 25, 23
1305, 692, 38, 112, 0.9996, 1.0000, 1.3397, 14, 15
1306, 654, 69, 123, 0.9997, 1.0000, 2.0140, 91, 90
1306, 674, 26, 66, 0.9997, 1.0000, 2.1750, 53, 52
1306, 679, 112, 17, 0.9997, 1.0000, 1.2524, 42, 41
1306, 688, 115, 25, 0.9997, 1.0000, 1.4134, 26, 24
1306, 690, 116, 28, 0.9995, 1.0000, 2.4686, 17, 18
1306, 692, 40, 111, 0.9997, 1.0000, 1.8495, 15, 16
1307, 654, 70, 125, 0.9997, 1.0000, 2.1217, 92, 91
1307, 674, 24, 67, 0.9997, 1.0000, 2.2496, 54, 53
1307, 679, 115, 16, 0.9996, 1.0000, 2.5876, 43, 42
1307, 688, 116, 26, 0.9997, 1.0000, 1.4430, 27, 25
1307, 692, 42, 110, 0.9997, 1.0000, 2.2182, 16, 17
1308, 674, 22, 69, 0.9997, 1.0000, 2.6712, 55, 54
1308, 692, 43, 110, 0.9997, 1.0000, 1.3054, 17, 18
1308, 698, 114, 116, 0.9997, 0.7664, 2.0569, 9, 9
1309, 674, 21, 70, 0.9997, 1.0000, 1.7859, 56, 55
1309, 688, 117, 28, 0.9996, 1.0000, 1.6337, 29, 27
1309, 692, 45, 111, 0.9996, 1.0000, 1.9024, 18, 19
1309, 698, 115, 116, 0.9997, 0.8081, 1.2500, 10, 10
1310, 674, 20, 71, 0.9997, 1.0000, 1.3747, 57, 56
1310, 688, 117, 29, 0.9997, 1.0000, 1.3128, 30, 28
1310, 692, 46, 109, 0.9995, 1.0000, 2.3058, 19, 20
1310, 698, 117, 116, 0.9997, 0.8498, 1.7080, 11, 11
1310, 699, 93, 86, 0.9533, 0.8418, 8.8938, 8, 9
1311, 674, 18, 72, 0.9997, 1.0000, 1.9573, 58, 57
1311, 688, 117, 31, 0.9997, 1.0000, 1.8066, 31, 29
1311, 692, 47, 107, 0.9997, 1.0000, 1.8997, 20, 21
1311, 697, 17, 106, 0.9996, 0.7510, 2.0179, 13, 12
1311, 698, 118, 116, 0.9997, 0.8914, 1.2338, 12, 12
1312, 674, 16, 73, 0.9997, 1.0000, 2.2668, 59, 58
1312, 688, 118, 32, 0.9997, 1.0000, 1.4582, 32, 30
1312, 692, 49, 107, 0.9996, 1.0000, 1.7561, 21, 22
1312, 697, 18, 106, 0.9997, 0.7929, 1.3344, 14, 13
1312, 698, 120, 116, 0.9997, 0.9331, 1.7500, 13, 13
1312, 700, 10, 106, 0.9996, 0.7623, 2.0573, 5, 6
1313, 674, 15, 74, 0.9997, 1.0000, 1.6361, 60, 59
1313, 688, 119, 33, 0.9997, 1.0000, 1.4335, 33, 31
1313, 692, 50, 106, 0.9997, 1.0000, 1.4369, 22, 23
1313, 697, 20, 107, 0.9997, 0.8348, 1.9211, 15, 14
1313, 698, 121, 115, 0.9997, 0.9747, 1.4658, 14, 14
1313, 700, 12, 105, 0.9997, 0.7998, 2.0547, 6, 7
1314, 674, 13, 75, 0.9997, 1.0000, 1.9947, 61, 60
1314, 688, 119, 34, 0.9997, 1.0000, 0.9989, 34, 32
1314, 692, 51, 105, 0.9997, 1.0000, 1.3904, 23, 24
1314, 697, 21, 107, 0.9997, 0.8766, 1.2676, 16, 15
1314, 698, 122, 115, 0.9997, 1.0000, 1.0290, 15, 15
1314, 700, 14, 105, 0.9997, 0.8385, 2.0157, 7, 8
1315, 674, 11, 76, 0.9997, 1.0000, 2.2344, 62, 61
1315, 688, 120, 35, 0.9997, 1.0000, 1.2224, 35, 33
1315, 692, 53, 104, 0.9997, 1.0000, 2.0115, 24, 25
1315, 697, 23, 108, 0.9997, 0.9184, 1.9016, 17, 16
1315, 698, 123, 114, 0.9997, 1.0000, 1.2255, 16, 16
1315, 700, 16, 105, 0.9997, 0.8779, 2.0002, 8, 9
1316, 674, 10, 76, 0.9997, 1.0000, 1.2970, 63, 62
1316, 688, 121, 36, 0.9997, 1.0000, 1.4132, 36, 34
1316, 692, 54, 104, 0.9997, 1.0000, 1.3015, 25, 26
1316, 697, 25, 108, 0.9997, 0.9601, 2.0296, 18, 17
1316, 698, 125, 114, 0.9997, 1.0000, 1.7675, 17, 17
1316, 700, 18, 105, 0.9997, 0.9178, 2.0002, 9, 10
1316, 704, 88, 30, 0.9997, 0.7623, 1.0011, 5, 6
1317, 674, 8, 77, 0.9997, 1.0000, 1.8633, 64, 63
1317, 688, 121, 37, 0.9997, 1.0000, 1.0397, 37, 35
1317, 692, 56, 103, 0.9997, 1.0000, 1.9015, 26, 27
1317, 697, 26, 109, 0.9997, 1.0000, 1.4814, 19, 18
1317, 698, 125, 113, 0.9996, 1.0000, 0.9157, 18, 18
1317, 700, 21, 105, 0.9997, 0.9580, 2.7640, 10, 11
1317, 702, 92, 92, 0.9997, 0.7664, 1.5439, 9, 9
1317, 704, 89, 30, 0.9997, 0.7998, 0.9844, 6, 7
1318, 674, 6, 78, 0.9997, 1.0000, 2.2362, 65, 64
1318, 688, 122, 38, 0.9997, 1.0000, 1.2350, 38, 36
1318, 692, 57, 102, 0.9997, 1.0000, 1.6006, 27, 28
1318, 697, 26, 108, 0.9996, 1.0000, 0.5497, 20, 19
1318, 700, 23, 104, 0.9997, 0.9986, 2.4153, 11, 12
1318, 702, 93, 94, 0.9997, 0.8081, 1.9227, 10, 10
1319, 674, 4, 79, 0.9997, 1.0000, 2.2913, 66, 65
1319, 688, 122, 40, 0.9997, 1.0000, 1.7796, 39, 37
1319, 692, 59, 102, 0.9997, 1.0000, 1.7704, 28, 29
1319, 697, 29, 109, 0.9996, 1.0000, 2.2272, 21, 20
1319, 701, 53, 42, 0.9997, 0.7918, 1.9024, 13, 12
1319, 700, 25, 104, 0.9997, 1.0000, 2.0214, 12, 13
1319, 702, 93, 95, 0.9997, 0.8497, 1.2437, 11, 11
1319, 708, 6, 118, 0.9997, 0.7623, 1.4523, 5, 6
1320, 674, 3, 80, 0.9997, 1.0000, 1.6121, 67, 66
1320, 688, 123, 41, 0.9997, 1.0000, 1.4929, 40, 38
1320, 697, 30, 110, 0.9997, 1.0000, 1.8674, 22, 21
1320, 701, 54, 42, 0.9997, 0.8337, 1.3155, 14, 13
1320, 700, 27, 104, 0.9997, 1.0000, 1.9574, 13, 14
1321, 674, 2, 80, 0.9997, 1.0000, 0.9733, 68, 67
1321, 688, 123, 43, 0.9997, 1.0000, 1.7817, 41, 39
1321, 692, 61, 101, 0.9995, 1.0000, 2.0561, 30, 31
1321, 697, 32, 110, 0.9997, 1.0000, 1.8370, 23, 22
1321, 701, 55, 41, 0.9997, 0.8756, 1.2510, 15, 14
1321, 700, 29, 104, 0.9997, 1.0000, 1.9842, 14, 15
1321, 702, 94, 98, 0.9996, 0.9330, 2.3089, 13, 13
1322, 688, 124, 44, 0.9997, 1.0000, 1.4575, 42, 40
1322, 692, 63, 101, 0.9997, 1.0000, 2.3223, 31, 32
1322, 697, 33, 111, 0.9997, 1.0000, 1.4312, 24, 23
1322, 700, 31, 104, 0.9997, 1.0000, 2.0001, 15, 16
1322, 702, 95, 99, 0.9997, 0.9747, 1.8854, 14, 14
1323, 688, 125, 45, 0.9997, 1.0000, 1.4128, 43, 41
1323, 692, 64, 101, 0.9997, 1.0000, 1.3631, 32, 33
1323, 697, 35, 111, 0.9997, 1.0000, 1.7482, 25, 24
1323, 700, 34, 104, 0.9997, 1.0000, 2.7663, 16, 17
1323, 702, 93, 101, 0.9996, 1.0000, 2.1898, 15, 15
1324, 688, 125, 46, 0.9997, 1.0000, 0.9969, 44, 42
1324, 692, 66, 101, 0.9997, 1.0000, 1.7125, 33, 34
1324, 697, 36, 112, 0.9997, 1.0000, 1.4529, 26, 25
1324, 700, 36, 103, 0.9997, 1.0000, 2.4174, 17, 18
1325, 688, 125, 48, 0.9997, 1.0000, 1.7505, 45, 43
1325, 692, 67, 100, 0.9997, 1.0000, 1.4305, 34, 35
1325, 697, 39, 112, 0.9996, 1.0000, 2.5277, 27, 26
1325, 700, 38, 103, 0.9997, 1.0000, 2.0213, 18, 19
1326, 688, 126, 49, 0.9997, 1.0000, 1.4736, 46, 44
1326, 692, 69, 100, 0.9997, 1.0000, 1.7679, 35, 36
1326, 697, 40, 113, 0.9997, 1.0000, 1.7158, 28, 27
1326, 700, 40, 103, 0.9997, 1.0000, 1.9573, 19, 20
1327, 688, 126, 51, 0.9997, 1.0000, 1.7878, 47, 45
1327, 692, 69, 100, 0.9996, 1.0000, 0.4882, 36, 37
1327, 697, 41, 113, 0.9997, 1.0000, 1.0175, 29, 28
1327, 700, 42, 103, 0.9997, 1.0000, 1.9841, 20, 21
1327, 707, 47, 76, 0.6678, 0.7548, 16.3468, 13, 14
1328, 688, 127, 52, 0.9997, 1.0000, 1.4662, 48, 46
1328, 692, 72, 99, 0.9996, 1.0000, 2.3382, 37, 38
1328, 697, 43, 113, 0.9997, 1.0000, 1.6795, 30, 29
1328, 700, 45, 103, 0.9997, 1.0000, 2.7640, 21, 22
1329, 688, 127, 53, 0.9997, 1.0000, 1.0155, 49, 47
1329, 692, 73, 99, 0.9997, 1.0000, 1.5666, 38, 39
1329, 697, 44, 114, 0.9997, 1.0000, 1.4536, 31, 30
1329, 700, 47, 102, 0.9997, 1.0000, 2.4180, 22, 23
1330, 692, 75, 99, 0.9997, 1.0000, 1.7925, 39, 40
1330, 697, 46, 114, 0.9997, 1.0000, 1.7864, 32, 31
1330, 700, 49, 102, 0.9997, 1.0000, 2.0224, 23, 24
1331, 692, 76, 98, 0.9997, 1.0000, 1.4216, 40, 41
1331, 697, 48, 115, 0.9997, 1.0000, 2.1579, 33, 32
1331, 700, 52, 102, 0.9997, 1.0000, 2.7214, 24, 25
1331, 702, 99, 113, 0.9997, 0.7578, 2.3448, 23, 22
1332, 692, 78, 98, 0.9997, 1.0000, 1.7556, 41, 42
1332, 697, 50, 115, 0.9997, 1.0000, 2.0566, 34, 33
1332, 700, 54, 101, 0.9997, 1.0000, 2.3870, 25, 26
1332, 702, 99, 114, 0.9997, 0.7992, 1.3367, 24, 23
1333, 692, 79, 98, 0.9997, 1.0000, 1.2476, 42, 43
1333, 697, 51, 116, 0.9997, 1.0000, 1.4562, 35, 34
1333, 700, 56, 101, 0.9997, 1.0000, 2.0188, 26, 27
1333, 702, 100, 116, 0.9997, 0.8408, 1.8458, 25, 24
1334, 692, 81, 98, 0.9997, 1.0000, 1.7519, 43, 44
1334, 697, 53, 117, 0.9997, 1.0000, 1.9852, 36, 35
1334, 700, 59, 101, 0.9997, 1.0000, 2.7237, 27, 28
1334, 702, 100, 118, 0.9997, 0.8823, 2.0009, 26, 25
1335, 692, 83, 98, 0.9997, 1.0000, 2.0149, 44, 45
1335, 697, 55, 116, 0.9996, 1.0000, 2.0560, 37, 36
1335, 700, 61, 100, 0.9997, 1.0000, 2.3887, 28, 29
1335, 702, 101, 119, 0.9997, 0.9238, 1.4850, 27, 26
1336, 692, 84, 98, 0.9997, 1.0000, 1.2780, 45, 46
1336, 697, 57, 117, 0.9997, 1.0000, 2.0867, 38, 37
1336, 700, 64, 100, 0.9997, 1.0000, 2.7777, 29, 30
1336, 702, 101, 121, 0.9997, 0.9653, 1.7433, 28, 27
1337, 692, 86, 98, 0.9997, 1.0000, 1.7221, 46, 47
1337, 697, 58, 117, 0.9997, 1.0000, 1.2743, 39, 38
1337, 700, 66, 100, 0.9997, 1.0000, 2.2515, 30, 31
1337, 702, 102, 122, 0.9997, 1.0000, 1.4459, 29, 28
1337, 712, 118, 12, 0.9989, 0.7618, 3.8131, 5, 6
1338, 692, 87, 97, 0.9997, 1.0000, 1.4528, 47, 48
1338, 697, 60, 118, 0.9997, 1.0000, 1.8826, 40, 39
1338, 700, 69, 100, 0.9997, 1.0000, 2.7488, 31, 32
1338, 702, 103, 124, 0.9997, 1.0000, 2.0210, 30, 29
1338, 713, 125, 95, 0.9996, 0.7622, 0.9170, 5, 6
1339, 692, 89, 97, 0.9997, 1.0000, 1.7726, 48, 49
1339, 697, 62, 118, 0.9997, 1.0000, 2.0155, 41, 40
1339, 700, 71, 99, 0.9997, 1.0000, 2.3705, 32, 33
1339, 702, 103, 126, 0.9997, 1.0000, 2.0344, 31, 30
1340, 692, 91, 98, 0.9997, 1.0000, 2.1555, 49, 50
1340, 697, 64, 119, 0.9997, 1.0000, 2.1753, 42, 41
1340, 700, 74, 99, 0.9997, 1.0000, 2.7654, 33, 34
1341, 692, 92, 97, 0.9996, 1.0000, 1.3489, 50, 51
1341, 697, 65, 119, 0.9997, 1.0000, 1.2766, 43, 42
1341, 700, 77, 99, 0.9997, 1.0000, 3.0140, 34, 35
1342, 692, 94, 97, 0.9997, 1.0000, 1.7441, 51, 52
1342, 697, 67, 120, 0.9997, 1.0000, 1.8653, 44, 43
1342, 700, 79, 98, 0.9997, 1.0000, 2.3897, 35, 36
1343, 692, 95, 97, 0.9997, 1.0000, 1.2359, 52, 53
1343, 697, 69, 120, 0.9997, 1.0000, 2.0133, 45, 44
1343, 700, 82, 98, 0.9997, 1.0000, 2.7360, 36, 37
1344, 692, 97, 97, 0.9997, 1.0000, 1.7486, 53, 54
1344, 700, 84, 98, 0.9997, 1.0000, 2.2353, 37, 38
1345, 692, 99, 97, 0.9997, 1.0000, 2.0155, 54, 55
1345, 700, 87, 97, 0.9997, 1.0000, 2.8421, 38, 39
1345, 711, 15, 87, 0.9966, 1.0000, 6.1590, 15, 16
1345, 719, 121, 22, 0.9997, 0.7623, 1.1009, 5, 6
1346, 692, 100, 97, 0.9997, 1.0000, 1.2787, 55, 56
1346, 700, 90, 97, 0.9997, 1.0000, 3.0281, 39, 40
1346, 711, 9, 83, 0.9996, 1.0000, 6.8066, 16, 17
1346, 716, 86, 30, 0.9997, 0.7664, 1.0452, 11, 11
1347, 692, 102, 97, 0.9997, 1.0000, 1.7222, 56, 57
1347, 700, 92, 97, 0.9997, 1.0000, 2.2787, 40, 41
1347, 716, 87, 29, 0.9997, 0.8081, 1.2238, 12, 12
1348, 692, 104, 97, 0.9997, 1.0000, 1.9991, 57, 58
1348, 700, 95, 96, 0.9997, 1.0000, 2.8168, 41, 42
1348, 716, 89, 29, 0.9997, 0.8497, 1.7643, 13, 13
1348, 724, 15, 122, 0.9925, 0.7575, 8.1281, 5, 6
1349, 692, 105, 97, 0.9997, 1.0000, 1.2763, 58, 59
1349, 700, 98, 96, 0.9997, 1.0000, 3.0118, 42, 43
1349, 716, 90, 28, 0.9997, 0.8914, 1.4924, 14, 14
1350, 692, 107, 97, 0.9997, 1.0000, 1.7237, 59, 60
1350, 700, 100, 96, 0.9997, 1.0000, 2.2763, 43, 44
1350, 716, 91, 27, 0.9997, 0.9331, 1.4253, 15, 15
1351, 692, 108, 98, 0.9997, 1.0000, 1.4532, 60, 61
1351, 697, 85, 124, 0.9997, 0.7589, 2.0157, 53, 51
1351, 700, 103, 95, 0.9997, 1.0000, 2.8182, 44, 45
1351, 716, 92, 26, 0.9997, 0.9747, 1.4156, 16, 16
1352, 692, 109, 99, 0.9997, 1.0000, 1.4436, 61, 62
1352, 697, 87, 125, 0.9997, 0.8002, 2.1362, 54, 52
1352, 700, 106, 95, 0.9997, 1.0000, 3.0128, 45, 46
1352, 716, 95, 24, 0.9996, 1.0000, 3.0773, 17, 17
1353, 692, 110, 100, 0.9997, 1.0000, 1.4267, 62, 63
1353, 697, 88, 125, 0.9997, 0.8416, 1.2611, 55, 53
1353, 700, 109, 95, 0.9997, 1.0000, 3.0403, 46, 47
1353, 716, 96, 23, 0.9997, 1.0000, 2.0431, 18, 18
1353, 726, 91, 96, 0.9915, 0.8324, 7.2473, 7, 8
1354, 692, 111, 101, 0.9997, 1.0000, 1.4143, 63, 64
1354, 697, 91, 126, 0.9996, 0.8829, 2.5834, 56, 54
1354, 700, 112, 93, 0.9996, 1.0000, 3.3624, 47, 48
1355, 692, 113, 102, 0.9997, 1.0000, 2.0269, 64, 65
1355, 697, 93, 127, 0.9997, 0.9243, 2.5061, 57, 55
1355, 729, 7, 93, 0.9997, 0.7623, 1.7639, 5, 6
1356, 692, 114, 103, 0.9997, 1.0000, 1.6335, 65, 66
1356, 731, 119, 117, 0.9997, 0.7623, 1.2781, 5, 6
1357, 692, 116, 103, 0.9997, 1.0000, 1.7803, 66, 67
1357, 731, 121, 118, 0.9997, 0.7998, 1.8581, 6, 7
1358, 692, 117, 103, 0.9997, 1.0000, 1.2504, 67, 68
1359, 692, 119, 105, 0.9996, 1.0000, 2.2851, 68, 69
1362, 700, 126, 90, 0.9997, 0.7664, 1.7241, 55, 55
1363, 700, 127, 90, 0.9997, 0.8081, 1.2365, 56, 56
1363, 732, 17, 96, 0.9997, 0.7798, 1.8873, 15, 13
1364, 732, 18, 96, 0.9997, 0.8216, 1.3204, 16, 14
1365, 732, 19, 96, 0.9997, 0.8635, 1.0024, 17, 15
1366, 732, 20, 97, 0.9997, 0.9053, 1.2012, 18, 16
1366, 734, 111, 19, 0.9997, 0.7623, 1.2300, 5, 6
1367, 732, 22, 97, 0.9997, 0.9471, 1.7694, 19, 17
1367, 734, 112, 20, 0.9997, 0.7998, 1.4428, 6, 7
1368, 732, 23, 98, 0.9997, 0.9889, 1.5006, 20, 18
1369, 732, 24, 98, 0.9997, 1.0000, 1.0334, 21, 19
1369, 734, 112, 21, 0.9997, 0.8779, 0.7250, 8, 9
1370, 732, 25, 99, 0.9997, 1.0000, 1.2160, 22, 20
1370, 734, 113, 21, 0.9997, 0.9178, 0.7458, 9, 10
1371, 732, 27, 99, 0.9997, 1.0000, 1.7654, 23, 21
1371, 734, 114, 21, 0.9997, 0.9581, 1.0425, 10, 11
1372, 732, 28, 100, 0.9997, 1.0000, 1.4936, 24, 22
1372, 734, 115, 21, 0.9997, 0.9986, 1.0596, 11, 12
1373, 732, 29, 100, 0.9997, 1.0000, 1.0330, 25, 23
1373, 734, 116, 21, 0.9997, 1.0000, 1.0163, 12, 13
1373, 739, 119, 104, 0.9997, 0.7623, 1.2466, 5, 6
1374, 732, 30, 101, 0.9997, 1.0000, 1.2170, 26, 24
1374, 734, 118, 21, 0.9997, 1.0000, 1.7616, 13, 14
1374, 739, 121, 104, 0.9997, 0.7998, 1.7475, 6, 7
1374, 741, 8, 76, 0.9997, 0.7623, 1.4644, 5, 6
1375, 732, 32, 102, 0.9997, 1.0000, 2.0205, 27, 25
1375, 734, 119, 20, 0.9997, 1.0000, 1.4968, 14, 15
1375, 739, 122, 104, 0.9997, 0.8384, 1.2783, 7, 8
1375, 741, 10, 76, 0.9997, 0.7998, 1.7724, 6, 7
1376, 732, 33, 102, 0.9997, 1.0000, 1.3212, 28, 26
1376, 734, 120, 19, 0.9997, 1.0000, 1.4530, 15, 16
1376, 739, 124, 104, 0.9997, 0.8779, 1.7653, 8, 9
1376, 741, 11, 76, 0.9997, 0.8384, 1.2494, 7, 8
1377, 732, 34, 103, 0.9997, 1.0000, 1.2354, 29, 27
1377, 734, 122, 18, 0.9997, 1.0000, 2.0195, 16, 17
1377, 739, 125, 104, 0.9997, 0.9178, 1.2516, 9, 10
1377, 741, 12, 76, 0.9997, 0.8779, 0.9870, 8, 9
1377, 743, 69, 1, 0.9997, 0.7623, 1.4879, 5, 6
1378, 732, 35, 104, 0.9997, 1.0000, 1.3845, 30, 28
1378, 734, 123, 17, 0.9997, 1.0000, 1.6292, 17, 18
1378, 739, 126, 104, 0.9997, 0.9581, 0.9845, 10, 11
1378, 741, 14, 77, 0.9997, 0.9178, 1.8775, 9, 10
1378, 743, 71, 1, 0.9997, 0.7998, 1.7892, 6, 7
1379, 732, 36, 105, 0.9997, 1.0000, 1.4317, 31, 29
1379, 734, 124, 16, 0.9997, 1.0000, 1.4121, 18, 19
1379, 741, 15, 77, 0.9997, 0.9580, 1.3108, 10, 11
1379, 743, 81, 4, 0.9801, 0.8240, 9.9235, 7, 8
1380, 732, 36, 106, 0.9997, 1.0000, 1.0425, 32, 30
1380, 734, 126, 16, 0.9997, 1.0000, 1.7394, 19, 20
1380, 741, 17, 77, 0.9997, 0.9986, 1.7647, 11, 12
1380, 743, 99, 9, 0.9772, 0.8604, 17.0637, 8, 9
1381, 732, 39, 107, 0.9996, 1.0000, 2.4516, 33, 31
1381, 734, 126, 15, 0.9996, 1.0000, 0.8736, 20, 21
1381, 741, 18, 78, 0.9997, 1.0000, 1.4450, 12, 13
1382, 732, 41, 108, 0.9997, 1.0000, 2.5516, 34, 32
1382, 741, 20, 78, 0.9997, 1.0000, 1.7700, 13, 14
1383, 741, 21, 78, 0.9997, 1.0000, 1.2492, 14, 15
1384, 741, 22, 79, 0.9997, 1.0000, 1.2231, 15, 16
1385, 741, 24, 79, 0.9997, 1.0000, 1.7443, 16, 17
1386, 741, 25, 80, 0.9997, 1.0000, 1.4888, 17, 18
1387, 741, 27, 80, 0.9997, 1.0000, 1.7825, 18, 19
1388, 741, 28, 81, 0.9997, 1.0000, 1.4583, 19, 20
1389, 741, 29, 81, 0.9997, 1.0000, 1.0156, 20, 21
1389, 742, 87, 2, 0.9996, 0.7844, 2.2723, 18, 16
1390, 732, 48, 116, 0.9997, 0.7522, 1.6448, 42, 39
1390, 741, 31, 82, 0.9997, 1.0000, 1.8776, 21, 22
1390, 742, 88, 2, 0.9997, 0.8261, 1.5696, 19, 17
1390, 747, 14, 4, 0.9997, 0.7623, 1.0146, 5, 6
1391, 732, 49, 118, 0.9997, 0.7933, 2.0272, 43, 40
1391, 741, 33, 82, 0.9997, 1.0000, 2.0570, 22, 23
1391, 742, 90, 2, 0.9997, 0.8677, 1.7931, 20, 18
1391, 747, 15, 4, 0.9997, 0.7998, 0.7981, 6, 7
1392, 732, 50, 119, 0.9997, 0.8344, 1.6065, 44, 41
1392, 741, 34, 82, 0.9997, 1.0000, 1.2927, 23, 24
1392, 742, 91, 3, 0.9997, 0.9092, 1.4288, 21, 19
1393, 732, 50, 121, 0.9997, 0.8756, 1.7775, 45, 42
1393, 741, 36, 83, 0.9997, 1.0000, 1.8689, 24, 25
1393, 742, 93, 3, 0.9997, 0.9509, 1.7555, 22, 20
1394, 732, 53, 120, 0.9995, 0.9166, 2.2534, 46, 43
1394, 741, 37, 83, 0.9997, 1.0000, 1.2646, 25, 26
1394, 742, 95, 3, 0.9997, 0.9925, 2.0116, 23, 21
1395, 732, 54, 121, 0.9997, 0.9579, 1.6358, 47, 44
1395, 741, 39, 81, 0.9996, 1.0000, 2.3208, 26, 27
1395, 742, 96, 3, 0.9997, 1.0000, 1.2800, 24, 22
1396, 732, 55, 122, 0.9997, 0.9992, 1.4162, 48, 45
1396, 742, 98, 3, 0.9997, 1.0000, 1.7231, 25, 23
1397, 732, 57, 123, 0.9997, 1.0000, 2.0052, 49, 46
1397, 742, 99, 3, 0.9997, 1.0000, 1.2354, 26, 24
1398, 732, 58, 124, 0.9997, 1.0000, 1.6289, 50, 47
1398, 742, 101, 3, 0.9997, 1.0000, 1.7484, 27, 25
1399, 732, 60, 124, 0.9997, 1.0000, 1.7776, 51, 48
1399, 742, 103, 4, 0.9997, 1.0000, 2.1557, 28, 26
1400, 732, 61, 126, 0.9996, 1.0000, 1.9302, 52, 49
1400, 742, 104, 4, 0.9997, 1.0000, 1.3115, 29, 27
1401, 732, 62, 127, 0.9997, 1.0000, 1.6233, 53, 50
1401, 742, 106, 4, 0.9997, 1.0000, 1.7222, 30, 28
1402, 742, 108, 4, 0.9997, 1.0000, 1.9996, 31, 29
1403, 741, 53, 85, 0.9997, 0.7664, 2.1777, 34, 34
1403, 742, 109, 4, 0.9997, 1.0000, 1.2764, 32, 30
1404, 742, 111, 5, 0.9997, 1.0000, 1.8854, 33, 31
1404, 754, 68, 21, 0.9997, 0.7623, 0.7857, 5, 6
1405, 742, 113, 5, 0.9997, 1.0000, 2.0216, 34, 32
1406, 742, 114, 5, 0.9997, 1.0000, 1.2764, 35, 33
1407, 742, 116, 5, 0.9997, 1.0000, 1.7241, 36, 34
1408, 742, 118, 5, 0.9997, 1.0000, 2.0001, 37, 35
1409, 742, 120, 5, 0.9997, 1.0000, 2.0403, 38, 36
1410, 742, 122, 6, 0.9997, 1.0000, 2.1562, 39, 37
1411, 741, 67, 88, 0.9996, 0.7617, 1.3675, 42, 41
1412, 741, 70, 90, 0.9996, 0.8031, 2.7789, 43, 42
1412, 756, 5, 19, 0.9988, 0.7617, 4.9160, 5, 6
1413, 741, 72, 90, 0.9997, 0.8446, 2.3553, 44, 43
1413, 756, 5, 8, 0.9973, 0.7981, 10.1673, 6, 7
1414, 741, 73, 90, 0.9996, 0.8861, 1.2766, 45, 44
1415, 741, 76, 91, 0.9996, 0.9276, 2.5418, 46, 45
1416, 741, 78, 91, 0.9997, 0.9691, 2.2905, 47, 46
1417, 741, 79, 92, 0.9997, 1.0000, 1.4868, 48, 47
1418, 741, 81, 92, 0.9997, 1.0000, 1.7023, 49, 48
1418, 759, 12, 17, 0.9997, 0.7623, 0.9852, 5, 6
1418, 760, 82, 27, 0.9997, 0.7623, 1.2493, 5, 6
1419, 741, 83, 92, 0.9997, 1.0000, 1.9847, 50, 49
1419, 759, 14, 16, 0.9997, 0.7998, 1.9243, 6, 7
1420, 741, 85, 93, 0.9997, 1.0000, 2.1641, 51, 50
1420, 759, 15, 16, 0.9997, 0.8384, 1.3276, 7, 8
1420, 760, 84, 27, 0.9996, 0.8384, 1.4721, 7, 8
1421, 741, 87, 93, 0.9997, 1.0000, 2.0367, 52, 51
1421, 759, 16, 16, 0.9997, 0.8779, 1.0008, 8, 9
1421, 760, 85, 27, 0.9997, 0.8779, 1.2925, 8, 9
1422, 741, 89, 93, 0.9997, 1.0000, 2.0009, 53, 52
1422, 759, 17, 16, 0.9997, 0.9178, 0.9583, 9, 10
1422, 760, 86, 28, 0.9997, 0.9178, 1.2829, 9, 10
1423, 741, 91, 92, 0.9997, 1.0000, 2.1535, 54, 53
1423, 759, 18, 15, 0.9997, 0.9580, 1.2354, 10, 11
1424, 741, 98, 93, 0.9987, 1.0000, 6.5984, 55, 54
1424, 750, 94, 94, 0.9988, 1.0000, 4.6468, 34, 35
1424, 759, 20, 15, 0.9997, 0.9986, 1.7879, 11, 12
1425, 741, 114, 99, 0.8343, 0.9298, 16.2215, 56, 55
1425, 759, 21, 15, 0.9997, 1.0000, 1.2942, 12, 13
1426, 759, 22, 18, 0.9995, 1.0000, 2.5391, 13, 14
1431, 760, 97, 30, 0.9997, 0.7664, 1.2525, 18, 18
1432, 760, 98, 29, 0.9996, 0.8081, 1.0667, 19, 19
1432, 768, 111, 97, 0.9997, 0.7623, 2.3038, 5, 6
1433, 760, 107, 29, 0.9937, 0.8453, 7.8634, 20, 20
1433, 768, 112, 98, 0.9996, 0.7998, 1.4460, 6, 7
1434, 768, 116, 97, 0.9996, 0.8384, 3.2361, 7, 8
1434, 769, 6, 82, 0.9997, 0.7623, 1.5076, 5, 6
1435, 768, 118, 97, 0.9997, 0.8779, 2.5833, 8, 9
1435, 769, 7, 82, 0.9997, 0.7998, 1.0408, 6, 7
1436, 768, 121, 97, 0.9997, 0.9178, 2.8058, 9, 10
1436, 769, 8, 82, 0.9997, 0.8385, 0.9574, 7, 8
1437, 768, 123, 97, 0.9997, 0.9581, 2.2252, 10, 11
1437, 769, 9, 82, 0.9997, 0.8779, 0.9847, 8, 9
1437, 770, 20, 10, 0.9997, 0.7623, 1.0421, 5, 6
1438, 768, 126, 97, 0.9997, 0.9986, 2.7324, 11, 12
1438, 769, 10, 82, 0.9997, 0.9178, 1.0002, 9, 10
1438, 770, 20, 11, 0.9997, 0.7998, 1.0150, 6, 7
1438, 771, 111, 125, 0.9997, 0.7623, 1.2423, 5, 6
1439, 759, 38, 12, 0.9997, 0.7588, 1.0437, 26, 25
1439, 767, 12, 83, 0.8867, 1.0000, 9.7831, 15, 16
1439, 770, 20, 12, 0.9997, 0.8385, 0.9997, 7, 8
1439, 771, 113, 125, 0.9997, 0.7998, 1.7754, 6, 7
1440, 759, 41, 12, 0.9996, 0.8002, 2.4858, 27, 26
1440, 770, 20, 13, 0.9997, 0.8779, 0.9977, 8, 9
1440, 771, 114, 125, 0.9997, 0.8384, 1.2920, 7, 8
1441, 770, 20, 14, 0.9997, 0.9178, 0.9992, 9, 10
1441, 771, 115, 125, 0.9997, 0.8779, 1.0033, 8, 9
1442, 770, 20, 15, 0.9997, 0.9581, 1.0000, 10, 11
1442, 771, 117, 125, 0.9997, 0.9178, 1.7223, 9, 10
1443, 770, 19, 16, 0.9997, 0.9986, 1.2584, 11, 12
1443, 771, 118, 125, 0.9997, 0.9581, 1.2755, 10, 11
1444, 770, 19, 17, 0.9997, 1.0000, 1.0417, 12, 13
1445, 770, 19, 18, 0.9997, 1.0000, 1.0000, 13, 14
1446, 769, 19, 84, 0.9997, 0.7664, 1.0442, 17, 17
1446, 770, 19, 19, 0.9997, 1.0000, 1.0009, 14, 15
1447, 769, 20, 84, 0.9997, 0.8081, 0.9750, 18, 18
1447, 770, 19, 20, 0.9997, 1.0000, 1.0001, 15, 16
1448, 759, 50, 11, 0.9997, 0.7550, 2.1198, 35, 33
1448, 769, 21, 85, 0.9997, 0.8497, 1.2355, 19, 19
1448, 770, 18, 20, 0.9997, 1.0000, 0.7996, 16, 17
1449, 759, 51, 11, 0.9997, 0.7963, 1.3344, 36, 34
1449, 769, 23, 85, 0.9997, 0.8914, 1.7855, 20, 20
1449, 770, 18, 22, 0.9996, 1.0000, 1.5012, 17, 18
1449, 778, 97, 127, 0.9996, 0.7623, 1.8955, 5, 6
1450, 759, 52, 11, 0.9997, 0.8376, 0.9785, 37, 35
1450, 769, 24, 86, 0.9997, 0.9331, 1.5032, 21, 21
1450, 770, 18, 23, 0.9997, 1.0000, 1.2918, 18, 19
1450, 778, 98, 127, 0.9997, 0.7998, 1.3059, 6, 7
1451, 759, 54, 11, 0.9997, 0.8789, 1.7064, 38, 36
1451, 769, 25, 86, 0.9997, 0.9747, 1.0317, 22, 22
1451, 770, 18, 24, 0.9997, 1.0000, 1.0434, 19, 20
1451, 778, 99, 127, 0.9997, 0.8384, 0.9920, 7, 8
1452, 759, 55, 10, 0.9997, 0.9202, 1.4836, 39, 37
1452, 769, 26, 86, 0.9997, 1.0000, 0.9577, 23, 23
1452, 770, 17, 25, 0.9997, 1.0000, 1.2276, 20, 21
1452, 778, 95, 123, 0.9969, 0.8757, 5.2948, 8, 9
1453, 759, 56, 10, 0.9997, 0.9616, 1.0441, 40, 38
1453, 769, 27, 87, 0.9997, 1.0000, 1.2197, 24, 24
1453, 770, 17, 26, 0.9997, 1.0000, 1.0261, 21, 22
1454, 759, 58, 10, 0.9997, 1.0000, 1.7246, 41, 39
1454, 769, 28, 87, 0.9997, 1.0000, 1.0378, 25, 25
1454, 770, 17, 28, 0.9997, 1.0000, 1.7616, 22, 23
1455, 759, 59, 10, 0.9997, 1.0000, 1.2773, 42, 40
1455, 769, 29, 88, 0.9997, 1.0000, 1.2608, 26, 26
1455, 770, 16, 29, 0.9997, 1.0000, 1.4813, 23, 24
1456, 759, 61, 10, 0.9997, 1.0000, 1.7639, 43, 41
1456, 769, 31, 88, 0.9997, 1.0000, 1.7827, 27, 27
1456, 770, 16, 30, 0.9997, 1.0000, 1.0381, 24, 25
1457, 759, 62, 9, 0.9997, 1.0000, 1.4661, 44, 42
1457, 769, 32, 88, 0.9997, 1.0000, 1.2919, 28, 28
1457, 770, 16, 31, 0.9997, 1.0000, 0.9576, 25, 26
1458, 759, 63, 9, 0.9997, 1.0000, 1.0276, 45, 43
1458, 769, 33, 89, 0.9997, 1.0000, 1.2329, 29, 29
1458, 770, 16, 32, 0.9997, 1.0000, 0.9845, 26, 27
1459, 759, 65, 9, 0.9997, 1.0000, 1.7214, 46, 44
1459, 769, 34, 90, 0.9997, 1.0000, 1.4148, 30, 30
1459, 770, 15, 34, 0.9997, 1.0000, 1.9162, 27, 28
1460, 759, 66, 9, 0.9997, 1.0000, 1.2785, 47, 45
1460, 769, 35, 90, 0.9997, 1.0000, 1.0263, 31, 31
1460, 770, 13, 34, 0.9996, 1.0000, 1.8953, 28, 29
1461, 759, 68, 9, 0.9997, 1.0000, 1.7649, 48, 46
1461, 769, 36, 91, 0.9997, 1.0000, 1.2344, 32, 32
1461, 770, 14, 36, 0.9996, 1.0000, 1.4838, 29, 30
1462, 759, 68, 7, 0.9996, 1.0000, 1.6038, 49, 47
1462, 769, 37, 91, 0.9997, 1.0000, 1.0293, 33, 33
1462, 770, 14, 37, 0.9997, 1.0000, 1.2930, 30, 31
1463, 759, 67, 7, 0.9996, 1.0000, 1.0202, 50, 48
1463, 770, 14, 38, 0.9997, 1.0000, 1.0312, 31, 32
1464, 769, 39, 93, 0.9996, 1.0000, 2.0928, 35, 35
1464, 770, 12, 40, 0.9996, 1.0000, 2.3203, 32, 33
1465, 759, 72, 8, 0.9992, 1.0000, 4.1716, 52, 50
1465, 769, 40, 94, 0.9997, 1.0000, 1.8572, 36, 36
1466, 759, 88, 12, 0.6950, 0.7871, 14.8813, 53, 51
1466, 769, 41, 94, 0.9997, 1.0000, 1.0828, 37, 37
1467, 769, 42, 95, 0.9997, 1.0000, 1.1882, 38, 38
1468, 769, 44, 97, 0.9996, 1.0000, 2.4699, 39, 39
1471, 791, 82, 6, 0.9997, 0.7623, 1.4644, 5, 6
1472, 770, 9, 51, 0.9997, 0.7664, 1.7215, 40, 40
1472, 791, 84, 6, 0.9997, 0.7998, 1.7724, 6, 7
1472, 795, 55, 121, 0.9997, 0.7623, 4.1451, 5, 6
1473, 770, 11, 53, 0.9996, 0.8081, 2.6021, 41, 41
1473, 791, 85, 6, 0.9997, 0.8384, 1.2494, 7, 8
1473, 795, 59, 120, 0.9997, 0.7998, 4.1548, 6, 7
