# Advanced Satellite Tracking Log
# Input: D:\khenk\Downloads\parallel_run5_2025-12-20260128T124203Z-3-001\parallel_run5_2025-12\cam0_tile0_max_iqr2.0_down32.mp4
# Output: d:\khenk\Downloads\SNC Sat Tracking Peng\comparison_results_full\cam0_tile0_particle_assisted.mp4
#
# frame, track_id, x, y, confidence, speed, vx, vy, quality, intensity
#================================================================================
2, 15, 81, 34, 0.6000, 0.9822, 0.9822, 0.0000, 0.1800, 214.33
2, 17, 17, 12, 0.6000, 29.5220, -5.5646, -28.9928, 0.1800, 222.67
2, 24, 60, 59, 0.6000, 35.9799, -35.5396, 5.6115, 0.1800, 178.33
2, 26, 24, 44, 0.6000, 19.9529, -12.2991, -15.7115, 0.1800, 194.00
2, 34, 63, 105, 0.6000, 59.5613, -45.7335, 38.1576, 0.1800, 167.33
2, 42, 56, 94, 0.6000, 1.8705, 1.8705, 0.0000, 0.1800, 172.33
2, 50, 106, 112, 0.6000, 0.9833, -0.9822, 0.0469, 0.1800, 135.78
2, 56, 58, 123, 0.6000, 30.7823, -30.7225, 1.9174, 0.1800, 207.00
3, 2, 14, 1, 0.6000, 13.4611, -13.4611, 0.0000, 0.1800, 221.33
3, 5, 119, 3, 0.6000, 1.3751, 1.0419, 0.8974, 0.1800, 157.33
3, 6, 5, 10, 0.6000, 0.8614, 0.1445, 0.8492, 0.1800, 223.33
3, 9, 99, 22, 0.6000, 2.0659, 2.0659, 0.0000, 0.1800, 158.67
3, 15, 82, 35, 0.7056, 1.2624, 1.0119, 0.7548, 0.2822, 214.25
3, 16, 102, 54, 0.6000, 8.3438, -3.0988, 7.7470, 0.1800, 143.33
3, 26, 11, 22, 0.6556, 24.8707, -13.2028, -21.0769, 0.2622, 197.50
3, 38, 5, 76, 0.6000, 0.9949, 0.9937, 0.0482, 0.1800, 201.67
3, 42, 62, 91, 0.6556, 6.2331, 5.8073, -2.2643, 0.2622, 169.25
3, 45, 89, 120, 0.6000, 63.1042, 59.0361, 22.2906, 0.1800, 170.33
3, 50, 104, 112, 0.7056, 1.7667, -1.7667, -0.0048, 0.2822, 139.33
3, 51, 123, 112, 0.6000, 1.3390, 0.9937, 0.8974, 0.1800, 81.67
3, 56, 23, 127, 0.6556, 35.2531, -35.0751, 3.5382, 0.2622, 205.50
3, 62, 12, 16, 0.6000, 8.3658, -3.8349, 7.4351, 0.1800, 219.67
3, 63, 53, 44, 0.6000, 27.6177, 13.0935, 24.3165, 0.1800, 195.67
3, 67, 118, 123, 0.6000, 25.1705, 25.1579, 0.7944, 0.1800, 138.33
3, 17, 12, -17, 0.5000, 29.5220, -5.5646, -28.9928, 0.1500, 222.67
3, 24, 24, 64, 0.5000, 35.9799, -35.5396, 5.6115, 0.1500, 178.33
3, 34, 17, 143, 0.5000, 59.5613, -45.7335, 38.1576, 0.1500, 167.33
4, 2, 5, 8, 0.6556, 11.1761, -9.3829, 6.0718, 0.2622, 223.75
4, 5, 94, 1, 0.6556, 21.8084, -21.7728, -1.2466, 0.2622, 159.50
4, 6, 7, 21, 0.6556, 10.2573, 1.4843, 10.1493, 0.2622, 230.00
4, 9, 117, 6, 0.6556, 22.5813, 16.9589, -14.9101, 0.2622, 158.50
4, 15, 82, 35, 0.7611, 0.3689, 0.2432, 0.2774, 0.3806, 215.10
4, 16, 102, 55, 0.6556, 1.9359, -0.7190, 1.7974, 0.2622, 145.25
4, 24, 14, 64, 0.6556, 21.4003, -21.2662, 2.3917, 0.2622, 179.62
4, 26, 1, 9, 0.7111, 17.3402, -10.1123, -14.0863, 0.3556, 201.00
4, 30, 57, 94, 0.6000, 27.9019, 23.3237, 15.3142, 0.1800, 184.33
4, 34, 22, 129, 0.6556, 19.5633, -17.4939, 8.7571, 0.2622, 174.25
4, 38, 7, 76, 0.7056, 1.7669, 1.7669, -0.0112, 0.2822, 209.25
4, 42, 68, 94, 0.7111, 6.1243, 5.7070, 2.2218, 0.3556, 166.80
4, 45, 127, 127, 0.6556, 41.7255, 40.7225, 9.0940, 0.2622, 148.25
4, 50, 103, 113, 0.7611, 1.4900, -1.2842, 0.7556, 0.3806, 136.27
4, 51, 123, 95, 0.6556, 14.9104, 0.2489, -14.9083, 0.2622, 81.00
4, 62, 12, 33, 0.6556, 16.4433, -0.2834, 16.4409, 0.2622, 218.25
4, 63, 61, 62, 0.6556, 20.5881, 8.1956, 18.8865, 0.2622, 195.00
4, 66, 40, 122, 0.6000, 21.5001, 19.6257, 8.7799, 0.1800, 144.67
4, 67, 127, 114, 0.6556, 14.1145, 11.6103, -8.0262, 0.2622, 125.00
4, 56, -12, 130, 0.5556, 35.2531, -35.0751, 3.5382, 0.2222, 205.50
5, 1, 9, 21, 0.6000, 27.0452, -18.7386, 19.5015, 0.1800, 217.67
5, 2, 5, 10, 0.7111, 2.8024, -1.6792, 2.2437, 0.3556, 226.30
5, 6, 3, 29, 0.7111, 8.8505, -3.2873, 8.2174, 0.3556, 233.80
5, 9, 123, 1, 0.7111, 8.7554, 6.7801, -5.5397, 0.3556, 155.60
5, 15, 83, 34, 0.8167, 1.0461, 0.7097, -0.7686, 0.4900, 212.00
5, 20, 31, 30, 0.6000, 17.1845, -3.5402, -16.8159, 0.1800, 206.33
5, 30, 61, 97, 0.6556, 6.7982, 5.6969, 3.7096, 0.2622, 178.00
5, 33, 64, 74, 0.6000, 31.1563, -31.0376, 2.7162, 0.1800, 158.67
5, 34, 22, 129, 0.7111, 1.5043, -1.4710, 0.3149, 0.3556, 176.40
5, 38, 8, 76, 0.7611, 1.2842, 1.2842, -0.0105, 0.3806, 203.00
5, 41, 65, 92, 0.6000, 1.3387, 0.9766, 0.9156, 0.1800, 165.00
5, 50, 102, 113, 0.8167, 1.0377, -0.9967, 0.2888, 0.4900, 138.56
5, 66, 64, 123, 0.6556, 24.2578, 24.1721, 2.0371, 0.2622, 141.75
5, 67, 128, 111, 0.7111, 3.5116, 1.7327, -3.0544, 0.3556, 115.60
5, 5, 72, 0, 0.5556, 21.8084, -21.7728, -1.2466, 0.2222, 159.50
5, 16, 101, 57, 0.5556, 1.9359, -0.7190, 1.7974, 0.2222, 145.25
5, 24, -7, 67, 0.5556, 21.4003, -21.2662, 2.3917, 0.2222, 179.62
5, 26, -9, -5, 0.6111, 17.3402, -10.1123, -14.0863, 0.3056, 201.00
5, 42, 74, 96, 0.6111, 6.1243, 5.7070, 2.2218, 0.3056, 166.80
5, 45, 168, 136, 0.5556, 41.7255, 40.7225, 9.0940, 0.2222, 148.25
5, 51, 123, 80, 0.5556, 14.9104, 0.2489, -14.9083, 0.2222, 81.00
5, 62, 12, 50, 0.5556, 16.4433, -0.2834, 16.4409, 0.2222, 218.25
5, 63, 69, 81, 0.5556, 20.5881, 8.1956, 18.8865, 0.2222, 195.00
6, 1, 0, 70, 0.6556, 46.2113, -10.4133, 45.0228, 0.2622, 208.50
6, 2, 7, 9, 0.7667, 2.2553, 2.2551, -0.0288, 0.4600, 229.58
6, 6, 19, 50, 0.7667, 23.6822, 13.8162, 19.2344, 0.4600, 227.50
6, 9, 123, 2, 0.7667, 0.9432, 0.9432, 0.0005, 0.4600, 155.00
6, 15, 85, 36, 0.8722, 2.1202, 1.7583, 1.1849, 0.6106, 217.29
6, 20, 31, 26, 0.6556, 5.4491, -1.1226, -5.3322, 0.2622, 211.50
6, 33, 32, 93, 0.6556, 36.0619, -31.8980, 16.8220, 0.2622, 163.50
6, 37, 30, 45, 0.6000, 17.8083, 5.8715, -16.8125, 0.1800, 192.33
6, 38, 9, 77, 0.8167, 1.2545, 0.9967, 0.7619, 0.4900, 202.33
6, 50, 100, 114, 0.8722, 1.8792, -1.7178, 0.7619, 0.6106, 141.62
6, 59, 88, 112, 0.6556, 5.8665, 3.2972, -4.8523, 0.2622, 114.50
6, 62, 22, 75, 0.7111, 21.8914, 5.3412, 21.2298, 0.3556, 211.80
6, 67, 127, 112, 0.7667, 0.8138, -0.2662, 0.7690, 0.4600, 108.83
6, 70, 116, 65, 0.6000, 15.2248, -10.2878, 11.2230, 0.1800, 109.00
6, 72, 102, 126, 0.6000, 3.0615, 2.8996, 0.9822, 0.1800, 252.33
6, 26, -19, -20, 0.5111, 17.3402, -10.1123, -14.0863, 0.2556, 201.00
6, 30, 67, 101, 0.5556, 6.7982, 5.6969, 3.7096, 0.2222, 178.00
6, 41, 66, 93, 0.5000, 1.3387, 0.9766, 0.9156, 0.1500, 165.00
6, 42, 79, 99, 0.5111, 6.1243, 5.7070, 2.2218, 0.2556, 166.80
6, 66, 88, 125, 0.5556, 24.2578, 24.1721, 2.0371, 0.2222, 141.75
7, 2, 9, 9, 0.8222, 1.8994, 1.8692, -0.3377, 0.5756, 228.36
7, 9, 123, 3, 0.8222, 0.8263, 0.1270, 0.8165, 0.5756, 153.71
7, 13, 18, 4, 0.6000, 31.9835, -17.0481, -27.0611, 0.1800, 218.33
7, 15, 86, 36, 0.9278, 1.4552, 1.3375, 0.5733, 0.7422, 215.38
7, 20, 31, 27, 0.7111, 0.2682, 0.0552, 0.2624, 0.3556, 212.20
7, 23, 18, 37, 0.6000, 57.6378, -54.1403, -19.7723, 0.1800, 204.00
7, 30, 62, 96, 0.7111, 0.9977, -0.1413, -0.9877, 0.3556, 174.20
7, 37, 30, 42, 0.6556, 4.2913, 0.6577, -4.2406, 0.2622, 198.00
7, 38, 10, 77, 0.8722, 1.0018, 0.9575, 0.2946, 0.6106, 201.00
7, 39, 5, 40, 0.6000, 38.8625, 2.6880, -38.7695, 0.1800, 188.00
7, 41, 66, 93, 0.7056, 0.6879, 0.4710, 0.5014, 0.2822, 165.00
7, 50, 99, 114, 0.9278, 1.3052, -1.2801, 0.2547, 0.7422, 142.92
7, 67, 127, 101, 0.8222, 10.0886, -0.3547, -10.0824, 0.5756, 103.57
7, 72, 104, 127, 0.7056, 2.4997, 2.2858, 1.0119, 0.2822, 253.00
7, 1, -11, 115, 0.5556, 46.2113, -10.4133, 45.0228, 0.2222, 208.50
7, 33, 0, 109, 0.5556, 36.0619, -31.8980, 16.8220, 0.2222, 163.50
7, 59, 91, 107, 0.5556, 5.8665, 3.2972, -4.8523, 0.2222, 114.50
7, 70, 106, 77, 0.5000, 15.2248, -10.2878, 11.2230, 0.1500, 109.00
8, 11, 86, 5, 0.6000, 79.4512, 77.3290, -18.2407, 0.1800, 191.67
8, 12, 81, 35, 0.9333, 6.9309, -5.2623, 4.5106, 0.8400, 173.78
8, 15, 87, 37, 0.9833, 1.3006, 1.0220, 0.8043, 0.8850, 215.67
8, 16, 91, 53, 0.7111, 3.4129, -3.1980, -1.1920, 0.3556, 151.20
8, 19, 71, 25, 0.6000, 61.0302, 58.2496, -18.2120, 0.1800, 194.00
8, 20, 34, 44, 0.7667, 15.7360, 3.2418, 15.3985, 0.4600, 210.17
8, 28, 80, 117, 0.6000, 58.7622, 29.1248, 51.0367, 0.1800, 167.67
8, 37, 30, 43, 0.7111, 0.8044, 0.1884, 0.7820, 0.3556, 201.80
8, 38, 11, 77, 0.9278, 0.9840, 0.9839, 0.0039, 0.7422, 202.62
8, 39, 24, 0, 0.6556, 43.1393, 17.5821, -39.3937, 0.2622, 200.50
8, 41, 67, 93, 0.7611, 0.8629, 0.8586, 0.0860, 0.3806, 164.80
8, 42, 87, 114, 0.7667, 7.2985, 4.4598, 5.7773, 0.4600, 157.50
8, 50, 97, 114, 0.9833, 1.7571, -1.7570, -0.0112, 0.8850, 143.87
8, 59, 98, 93, 0.7111, 11.5172, 5.3235, -10.2131, 0.3556, 114.80
8, 66, 110, 115, 0.7111, 13.8084, 13.2691, -3.8213, 0.3556, 132.40
8, 67, 124, 80, 0.8778, 20.4865, -3.2244, -20.2312, 0.7022, 102.75
8, 70, 99, 90, 0.6556, 15.0503, -8.6138, 12.3416, 0.2622, 110.75
8, 13, 1, -23, 0.5000, 31.9835, -17.0481, -27.0611, 0.1500, 218.33
8, 23, -36, 17, 0.5000, 57.6378, -54.1403, -19.7723, 0.1500, 204.00
8, 72, 106, 128, 0.6056, 2.4997, 2.2858, 1.0119, 0.2422, 253.00
9, 15, 88, 37, 1.0000, 0.9878, 0.9589, 0.2373, 1.0000, 217.80
9, 16, 87, 33, 0.7667, 19.9904, -3.9209, -19.6021, 0.4600, 154.67
9, 22, 104, 23, 0.6000, 39.7702, 30.3234, -25.7325, 0.1800, 204.33
9, 37, 30, 44, 0.7667, 0.8914, -0.0214, 0.8912, 0.4600, 202.50
9, 41, 68, 94, 0.8167, 1.2552, 1.0216, 0.7294, 0.4900, 164.50
9, 50, 96, 115, 1.0000, 1.4455, -1.2617, 0.7054, 1.0000, 139.73
9, 59, 106, 68, 0.7667, 25.5570, 7.5281, -24.4232, 0.4600, 120.17
9, 71, 124, 78, 0.6000, 12.3829, 4.5778, 11.5056, 0.1800, 109.67
9, 11, 164, -14, 0.5000, 79.4512, 77.3290, -18.2407, 0.1500, 191.67
9, 12, 76, 40, 0.8333, 6.9309, -5.2623, 4.5106, 0.7500, 173.78
9, 19, 129, 6, 0.5000, 61.0302, 58.2496, -18.2120, 0.1500, 194.00
9, 28, 109, 168, 0.5000, 58.7622, 29.1248, 51.0367, 0.1500, 167.67
9, 38, 12, 77, 0.8278, 0.9840, 0.9839, 0.0039, 0.6622, 202.62
9, 39, 42, -39, 0.5556, 43.1393, 17.5821, -39.3937, 0.2222, 200.50
9, 42, 91, 120, 0.6667, 7.2985, 4.4598, 5.7773, 0.4000, 157.50
9, 67, 120, 60, 0.7778, 20.4865, -3.2244, -20.2312, 0.6222, 102.75
9, 70, 90, 102, 0.5556, 15.0503, -8.6138, 12.3416, 0.2222, 110.75
9, 72, 109, 129, 0.5056, 2.4997, 2.2858, 1.0119, 0.2022, 253.00
10, 15, 88, 37, 1.0000, 0.2378, 0.2367, -0.0238, 1.0000, 214.82
10, 38, 14, 78, 0.9833, 1.6357, 1.5521, 0.5162, 0.8850, 200.78
10, 41, 74, 90, 0.8222, 6.6095, 5.5860, -3.5329, 0.5756, 164.86
10, 50, 95, 115, 1.0000, 1.0341, -0.9932, 0.2881, 1.0000, 141.21
10, 64, 65, 65, 0.6556, 14.9940, -3.2527, 14.6370, 0.2622, 220.50
10, 12, 71, 44, 0.7333, 6.9309, -5.2623, 4.5106, 0.6600, 173.78
10, 22, 134, -3, 0.5000, 39.7702, 30.3234, -25.7325, 0.1500, 204.33
10, 37, 30, 45, 0.6667, 0.8914, -0.0214, 0.8912, 0.4000, 202.50
10, 42, 96, 125, 0.5667, 7.2985, 4.4598, 5.7773, 0.3400, 157.50
10, 59, 113, 43, 0.6667, 25.5570, 7.5281, -24.4232, 0.4000, 120.17
10, 67, 117, 39, 0.6778, 20.4865, -3.2244, -20.2312, 0.5422, 102.75
10, 71, 128, 89, 0.5000, 12.3829, 4.5778, 11.5056, 0.1500, 109.67
11, 15, 89, 38, 1.0000, 0.9798, 0.6920, 0.6936, 1.0000, 214.67
11, 37, 33, 45, 0.8222, 1.7178, 1.6532, 0.4665, 0.5756, 203.57
11, 38, 16, 77, 1.0000, 2.0232, 1.9279, -0.6137, 1.0000, 198.70
11, 41, 99, 92, 0.8778, 22.5733, 22.5188, 1.5670, 0.7022, 158.25
11, 50, 93, 116, 1.0000, 1.8558, -1.6969, 0.7514, 1.0000, 140.28
11, 59, 108, 21, 0.8222, 23.1938, 0.5624, -23.1870, 0.5756, 124.43
11, 61, 5, 9, 0.6000, 16.6689, -16.6458, -0.8766, 0.1800, 230.67
11, 64, 65, 69, 0.7111, 4.7247, -0.0911, 4.7238, 0.3556, 216.20
11, 70, 68, 122, 0.7111, 14.8479, -10.6840, 10.3108, 0.3556, 117.60
11, 71, 127, 82, 0.6556, 1.6019, 1.4205, 0.7404, 0.2622, 105.75
11, 12, 65, 49, 0.6333, 6.9309, -5.2623, 4.5106, 0.5700, 173.78
12, 15, 90, 38, 1.0000, 1.0301, 0.9876, 0.2929, 1.0000, 214.23
12, 37, 30, 45, 0.8778, 2.7913, -2.7905, 0.0678, 0.7022, 203.12
12, 38, 29, 80, 1.0000, 12.0592, 11.7592, 2.6730, 1.0000, 197.91
12, 42, 93, 116, 0.8222, 1.0924, 0.7509, -0.7933, 0.5756, 151.43
12, 50, 83, 120, 1.0000, 9.4991, -8.6414, 3.9445, 1.0000, 137.49
12, 55, 57, 94, 0.6000, 51.6729, 43.9843, -27.1196, 0.1800, 155.00
12, 64, 74, 87, 0.7667, 18.1433, 7.3314, 16.5961, 0.4600, 208.00
12, 12, 60, 53, 0.5333, 6.9309, -5.2623, 4.5106, 0.4800, 173.78
12, 59, 109, -2, 0.7222, 23.1938, 0.5624, -23.1870, 0.5056, 124.43
12, 61, -11, 8, 0.5000, 16.6689, -16.6458, -0.8766, 0.1500, 230.67
12, 71, 129, 82, 0.5556, 1.6019, 1.4205, 0.7404, 0.2222, 105.75
13, 8, 34, 44, 0.6000, 33.4412, 20.6554, 26.2995, 0.1800, 207.67
13, 15, 90, 38, 1.0000, 0.3117, 0.3112, 0.0174, 1.0000, 212.18
13, 64, 74, 100, 0.8222, 13.2460, 1.1826, 13.1931, 0.5756, 199.57
13, 77, 5, 33, 0.6000, 1.9644, 1.9644, 0.0000, 0.1800, 230.22
13, 37, 27, 45, 0.7778, 2.7913, -2.7905, 0.0678, 0.6222, 203.12
13, 38, 41, 83, 0.9000, 12.0592, 11.7592, 2.6730, 0.9000, 197.91
13, 50, 75, 124, 0.9000, 9.4991, -8.6414, 3.9445, 0.9000, 137.49
13, 55, 101, 67, 0.5000, 51.6729, 43.9843, -27.1196, 0.1500, 155.00
13, 59, 110, -25, 0.6222, 23.1938, 0.5624, -23.1870, 0.4356, 124.43
14, 8, 33, 77, 0.6556, 31.8626, 2.1607, 31.7893, 0.2622, 205.38
14, 15, 88, 31, 1.0000, 6.2508, -2.1995, -5.8510, 1.0000, 209.43
14, 37, 6, 33, 0.9333, 15.1928, -13.5867, -6.7987, 0.8400, 205.72
14, 38, 70, 96, 1.0000, 23.3133, 21.7917, 8.2845, 1.0000, 195.00
14, 55, 94, 39, 0.6556, 31.3271, 15.2404, -27.3700, 0.2622, 163.50
14, 77, 16, 10, 0.6556, 21.8339, 9.5716, -19.6241, 0.2622, 229.92
14, 50, 66, 128, 0.8000, 9.4991, -8.6414, 3.9445, 0.8000, 137.49
14, 64, 75, 113, 0.7222, 13.2460, 1.1826, 13.1931, 0.5056, 199.57
15, 8, 38, 117, 0.7111, 38.9963, 4.2137, 38.7680, 0.3556, 193.50
15, 15, 87, 29, 1.0000, 2.7302, -1.0022, -2.5396, 1.0000, 207.47
15, 38, 85, 105, 1.0000, 18.1987, 15.7226, 9.1648, 1.0000, 189.38
15, 50, 42, 122, 1.0000, 14.9328, -14.9318, -0.1713, 1.0000, 138.45
15, 55, 95, 34, 0.7111, 7.1551, 2.5401, -6.6890, 0.3556, 170.00
15, 77, 19, 5, 0.7111, 8.2600, 4.0243, -7.2133, 0.3556, 232.13
15, 78, 37, 45, 0.6000, 12.5953, -5.1797, 11.4810, 0.1800, 214.00
16, 10, 74, 51, 0.6000, 48.8178, -38.9434, 29.4379, 0.1800, 167.17
16, 12, 55, 40, 0.9889, 2.6343, -2.4725, -0.9089, 0.9889, 176.50
16, 48, 61, 76, 0.6000, 48.7146, 40.8186, -26.5887, 0.1800, 165.67
16, 50, 21, 107, 1.0000, 25.0190, -20.6325, -14.1510, 1.0000, 140.22
16, 78, 22, 78, 0.6556, 33.3012, -13.8880, 30.2670, 0.2622, 216.25
16, 8, 42, 155, 0.6111, 38.9963, 4.2137, 38.7680, 0.3056, 193.50
16, 15, 86, 27, 0.9000, 2.7302, -1.0022, -2.5396, 0.9000, 207.47
17, 10, 26, 58, 0.6556, 47.6566, -46.4750, 10.5463, 0.2622, 174.38
17, 15, 87, 30, 1.0000, 0.6189, 0.2160, 0.5800, 1.0000, 205.44
17, 18, 100, 108, 0.6000, 67.8517, 5.7034, 67.6116, 0.1800, 162.33
17, 25, 109, 102, 0.6000, 45.7641, 1.8903, 45.7250, 0.1800, 131.33
17, 54, 74, 122, 0.6000, 50.7034, 50.4797, 4.7583, 0.1800, 139.00
17, 74, 2, 51, 0.6000, 34.4408, -0.9709, 34.4271, 0.1800, 206.67
17, 80, 20, 7, 0.6000, 1.0996, 1.0901, 0.1445, 0.1800, 220.00
17, 84, 1, 34, 0.6000, 24.8221, -8.4642, 23.3344, 0.1800, 213.00
17, 86, 10, 32, 0.6000, 1.9174, 1.9174, 0.0000, 0.1800, 251.00
17, 8, 46, 194, 0.5111, 38.9963, 4.2137, 38.7680, 0.2556, 193.50
17, 48, 102, 50, 0.5000, 48.7146, 40.8186, -26.5887, 0.1500, 165.67
17, 78, 8, 108, 0.5556, 33.3012, -13.8880, 30.2670, 0.2222, 216.25
18, 15, 87, 30, 1.0000, 0.3761, 0.1344, 0.3512, 1.0000, 203.75
18, 74, 19, 82, 0.6556, 35.3602, 14.9057, 32.0649, 0.2622, 202.50
18, 80, 21, 6, 0.7056, 1.2647, 0.9855, -0.7926, 0.2822, 219.50
18, 86, 11, 32, 0.7056, 1.2739, 1.2739, 0.0000, 0.2822, 252.00
18, 92, 45, 3, 0.6000, 47.3297, 41.1511, -23.3813, 0.1800, 207.33
18, 10, -20, 69, 0.5556, 47.6566, -46.4750, 10.5463, 0.2222, 174.38
18, 18, 105, 175, 0.5000, 67.8517, 5.7034, 67.6116, 0.1500, 162.33
18, 25, 111, 148, 0.5000, 45.7641, 1.8903, 45.7250, 0.1500, 131.33
18, 54, 124, 127, 0.5000, 50.7034, 50.4797, 4.7583, 0.1500, 139.00
18, 84, -7, 57, 0.5000, 24.8221, -8.4642, 23.3344, 0.1500, 213.00
19, 74, 28, 106, 0.7111, 26.5654, 9.4172, 24.8402, 0.3556, 195.00
19, 78, 1, 115, 0.7111, 9.4264, -5.1995, 7.8627, 0.3556, 207.00
19, 80, 34, 5, 0.7111, 11.7184, 11.6690, -1.0754, 0.3556, 218.20
19, 86, 13, 31, 0.7611, 1.9037, 1.7439, -0.7635, 0.3806, 251.80
19, 92, 86, -20, 0.5000, 47.3297, 41.1511, -23.3813, 0.1500, 207.33
20, 59, 102, 10, 0.9889, 1.3660, 0.9343, 0.9965, 0.9889, 133.70
20, 81, 34, 74, 0.6000, 71.2161, 28.5745, 65.2322, 0.1800, 208.67
20, 86, 14, 31, 0.8167, 1.2774, 1.2437, -0.2911, 0.4900, 251.50
20, 74, 37, 131, 0.6111, 26.5654, 9.4172, 24.8402, 0.3056, 195.00
20, 80, 46, 4, 0.6111, 11.7184, 11.6690, -1.0754, 0.3056, 218.20
21, 32, 38, 80, 0.6000, 16.3272, 7.6921, 14.4017, 0.1800, 183.67
21, 73, 109, 121, 0.6000, 20.3424, 19.9819, -3.8131, 0.1800, 110.00
21, 83, 47, 33, 0.6000, 10.9324, 9.9586, -4.5102, 0.1800, 204.67
21, 86, 16, 31, 0.8722, 1.7463, 1.7463, -0.0014, 0.6106, 251.57
21, 74, 47, 156, 0.5111, 26.5654, 9.4172, 24.8402, 0.2556, 195.00
21, 81, 63, 139, 0.5000, 71.2161, 28.5745, 65.2322, 0.1500, 208.67
22, 40, 83, 96, 0.6556, 24.7614, -19.6285, 15.0946, 0.2622, 126.25
22, 73, 113, 121, 0.6556, 6.3612, 6.3537, -0.3075, 0.2622, 104.25
22, 83, 50, 32, 0.6556, 4.0630, 3.8160, -1.3950, 0.2622, 203.50
22, 86, 17, 31, 0.9278, 1.2559, 1.2552, 0.0418, 0.7422, 251.62
22, 91, 38, 68, 0.6000, 46.0578, 18.8686, 42.0154, 0.1800, 205.67
22, 94, 25, 86, 0.6000, 1.3717, 0.9456, 0.9937, 0.1800, 196.00
22, 96, 78, 121, 0.6000, 0.9867, -0.9822, -0.0939, 0.1800, 138.56
22, 32, 45, 95, 0.5000, 16.3272, 7.6921, 14.4017, 0.1500, 183.67
23, 32, 41, 83, 0.6556, 1.2106, 1.1822, -0.2608, 0.2622, 184.50
23, 40, 75, 120, 0.7111, 24.2380, -9.4696, 22.3116, 0.3556, 132.80
23, 73, 114, 122, 0.7111, 1.3244, 1.2686, 0.3806, 0.3556, 105.40
23, 86, 19, 31, 0.9833, 1.7431, 1.7430, 0.0167, 0.8850, 251.00
23, 91, 61, 106, 0.6556, 44.4627, 22.5991, 38.2912, 0.2622, 187.50
23, 94, 26, 87, 0.7056, 1.4333, 1.0191, 1.0079, 0.2822, 192.75
23, 95, 119, 109, 0.6000, 12.9165, 11.7626, -5.3363, 0.1800, 89.67
23, 96, 106, 117, 0.6556, 24.1903, 23.8956, -3.7643, 0.2622, 125.42
23, 83, 54, 31, 0.5556, 4.0630, 3.8160, -1.3950, 0.2222, 203.50
24, 32, 61, 87, 0.7111, 18.3827, 17.9684, 3.8809, 0.3556, 179.80
24, 40, 64, 128, 0.7667, 14.7254, -10.6880, 10.1293, 0.4600, 132.83
24, 43, 5, 38, 0.6000, 68.9081, -41.4927, -55.0153, 0.1800, 183.00
24, 47, 121, 53, 0.6000, 43.7037, 4.8273, -43.4362, 0.1800, 121.67
24, 57, 6, 54, 0.6000, 65.8818, 5.7848, -65.6273, 0.1800, 159.00
24, 73, 111, 117, 0.7667, 5.1783, -2.7356, -4.3967, 0.4600, 102.67
24, 76, 16, 101, 0.6000, 53.1687, -48.1062, -22.6431, 0.1800, 137.67
24, 86, 21, 30, 1.0000, 2.1419, 2.0074, -0.7470, 1.0000, 251.10
24, 91, 85, 126, 0.7111, 32.3357, 23.3988, 22.3180, 0.3556, 172.80
24, 94, 27, 88, 0.7611, 1.4270, 1.0143, 1.0037, 0.3806, 194.20
24, 95, 131, 104, 0.5000, 12.9165, 11.7626, -5.3363, 0.1500, 89.67
24, 96, 130, 113, 0.5556, 24.1903, 23.8956, -3.7643, 0.2222, 125.42
25, 57, 27, 2, 0.6556, 57.2484, 18.9227, -54.0307, 0.2622, 178.50
25, 73, 111, 115, 0.8222, 1.7346, 0.3348, -1.7020, 0.5756, 100.86
25, 79, 115, 121, 0.6000, 44.5946, -4.7329, 44.3427, 0.1800, 92.67
25, 86, 22, 30, 1.0000, 1.3336, 1.2980, -0.3058, 1.0000, 251.45
25, 89, 36, 62, 0.6000, 56.7012, 9.1935, 55.9509, 0.1800, 215.00
25, 94, 28, 88, 0.8167, 1.0301, 1.0027, 0.2360, 0.4900, 199.33
25, 40, 54, 138, 0.6667, 14.7254, -10.6880, 10.1293, 0.4000, 132.83
25, 43, -36, -17, 0.5000, 68.9081, -41.4927, -55.0153, 0.1500, 183.00
25, 47, 126, 10, 0.5000, 43.7037, 4.8273, -43.4362, 0.1500, 121.67
25, 76, -32, 79, 0.5000, 53.1687, -48.1062, -22.6431, 0.1500, 137.67
25, 91, 108, 148, 0.6111, 32.3357, 23.3988, 22.3180, 0.3056, 172.80
26, 47, 119, 19, 0.6556, 14.2405, -1.3546, -14.1759, 0.2622, 125.25
26, 69, 30, 5, 0.6000, 35.6162, -22.1355, -27.9021, 0.1800, 218.00
26, 73, 113, 117, 0.8778, 1.5381, 1.3069, 0.8110, 0.7022, 98.88
26, 83, 53, 33, 0.7111, 0.6157, -0.1802, 0.5887, 0.3556, 202.00
26, 86, 24, 30, 1.0000, 1.7100, 1.7100, -0.0133, 1.0000, 251.58
26, 94, 29, 89, 0.8722, 1.2230, 0.9990, 0.7056, 0.6106, 197.71
26, 57, 46, -52, 0.5556, 57.2484, 18.9227, -54.0307, 0.2222, 178.50
26, 79, 111, 165, 0.5000, 44.5946, -4.7329, 44.3427, 0.1500, 92.67
26, 89, 45, 118, 0.5000, 56.7012, 9.1935, 55.9509, 0.1500, 215.00
27, 73, 114, 118, 0.9333, 1.7839, 1.2041, 1.3163, 0.8400, 97.00
27, 83, 53, 33, 0.7667, 0.1707, -0.1074, 0.1327, 0.4600, 201.50
27, 86, 25, 30, 1.0000, 1.2515, 1.2508, 0.0410, 1.0000, 251.85
27, 89, 14, 117, 0.6556, 28.0081, -13.8976, 24.3169, 0.2622, 206.25
27, 94, 31, 89, 0.9278, 1.7716, 1.7552, 0.2405, 0.7422, 198.38
27, 47, 118, 5, 0.5556, 14.2405, -1.3546, -14.1759, 0.2222, 125.25
27, 69, 8, -23, 0.5000, 35.6162, -22.1355, -27.9021, 0.1500, 218.00
28, 73, 116, 118, 0.9889, 1.8484, 1.8142, 0.3541, 0.9889, 96.25
28, 83, 54, 33, 0.8222, 0.7489, 0.7486, -0.0191, 0.5756, 202.57
28, 86, 21, 14, 1.0000, 14.2737, -3.3877, -13.8659, 1.0000, 249.43
28, 89, 11, 120, 0.7111, 5.5374, -3.4398, 4.3394, 0.3556, 202.20
28, 94, 32, 90, 0.9833, 1.4961, 1.2984, 0.7432, 0.8850, 197.33
28, 53, 17, 115, 0.5625, 14.1536, 14.1227, 0.9353, 0.2250, 193.50
29, 73, 117, 119, 1.0000, 1.4549, 1.2605, 0.7266, 1.0000, 95.32
29, 83, 55, 33, 0.8778, 1.0568, 1.0565, -0.0251, 0.7022, 205.25
29, 85, 29, 29, 0.6000, 1.8819, 1.8817, 0.0259, 0.1800, 236.33
29, 94, 33, 90, 1.0000, 1.0412, 1.0077, 0.2621, 1.0000, 196.90
29, 7, 4, 13, 0.5625, 5.3846, -0.0482, -5.3844, 0.2250, 212.00
29, 27, 16, 55, 0.5625, 29.7463, -14.4067, -26.0248, 0.2250, 189.50
29, 3, 33, 3, 0.5625, 1.3562, 0.9822, -0.9353, 0.2250, 227.50
29, 86, 18, 0, 0.9000, 14.2737, -3.3877, -13.8659, 0.9000, 249.43
30, 73, 122, 125, 1.0000, 7.5187, 4.9021, 5.7010, 1.0000, 94.04
30, 85, 30, 29, 0.7056, 1.2967, 1.2966, -0.0113, 0.2822, 240.50
30, 94, 34, 91, 1.0000, 1.2102, 0.9586, 0.7387, 1.0000, 196.64
30, 7, 22, 3, 0.6222, 18.8131, 15.9498, -9.9768, 0.3111, 211.80
30, 27, 7, 39, 0.6222, 20.1875, -9.6430, -17.7355, 0.3111, 190.40
30, 53, 57, 127, 0.6222, 21.2502, 20.2550, 6.4271, 0.3111, 182.00
30, 3, 34, 3, 0.6722, 1.0453, 1.0119, -0.2619, 0.3361, 227.90
30, 83, 56, 33, 0.7778, 1.0568, 1.0565, -0.0251, 0.6222, 205.25
30, 86, 14, -14, 0.8000, 14.2737, -3.3877, -13.8659, 0.8000, 249.43
31, 83, 57, 33, 0.9333, 1.0265, 1.0265, 0.0020, 0.8400, 203.89
31, 85, 32, 29, 0.7611, 1.7575, 1.7575, -0.0075, 0.3806, 243.40
31, 94, 35, 91, 1.0000, 1.0168, 0.9818, 0.2645, 1.0000, 195.17
31, 7, 36, 1, 0.6806, 14.6021, 14.2965, -2.9714, 0.4083, 219.00
31, 36, 37, 76, 0.5625, 14.3577, -11.3530, -8.7894, 0.2250, 194.25
31, 53, 83, 108, 0.6806, 30.6239, 25.8765, -16.3779, 0.4083, 173.33
31, 3, 33, 6, 0.7306, 3.1241, -0.5204, 3.0805, 0.4383, 225.42
31, 35, 45, 51, 0.5625, 62.4183, -37.0129, -50.2602, 0.2250, 153.25
31, 73, 127, 131, 0.9000, 7.5187, 4.9021, 5.7010, 0.9000, 94.04
31, 27, -2, 21, 0.5222, 20.1875, -9.6430, -17.7355, 0.2611, 190.40
32, 83, 58, 33, 0.9889, 1.0040, 1.0040, 0.0020, 0.9889, 202.30
32, 85, 34, 29, 0.8167, 2.0100, 2.0100, -0.0012, 0.4900, 245.33
32, 94, 49, 87, 1.0000, 12.5729, 12.0233, -3.6769, 1.0000, 193.54
32, 7, 39, 1, 0.7381, 3.9063, 3.8931, 0.3202, 0.5167, 219.29
32, 27, 6, 33, 0.6806, 1.1280, 0.9197, -0.6531, 0.4083, 195.83
32, 36, 11, 44, 0.6222, 37.6133, -24.2726, -28.7332, 0.3111, 195.60
32, 3, 32, 7, 0.7881, 1.6441, -1.1102, 1.2126, 0.5517, 224.21
32, 35, 2, 20, 0.6222, 53.7918, -42.1679, -33.3980, 0.3111, 164.00
32, 73, 132, 137, 0.8000, 7.5187, 4.9021, 5.7010, 0.8000, 94.04
33, 82, 108, 64, 0.6000, 34.1607, 6.6864, 33.4999, 0.1800, 142.33
33, 83, 53, 42, 1.0000, 9.5104, -4.3755, 8.4441, 1.0000, 202.09
33, 85, 36, 28, 0.8722, 2.1759, 2.0390, -0.7597, 0.6106, 246.14
33, 94, 69, 95, 1.0000, 20.6295, 19.5814, 6.4919, 1.0000, 190.93
33, 7, 39, 2, 0.7951, 0.5714, 0.1245, 0.5576, 0.6361, 221.25
33, 29, 25, 87, 0.5625, 9.0150, 0.9383, -8.9660, 0.2250, 175.75
33, 63, 43, 93, 0.5143, 48.9954, -48.3427, -7.9710, 0.3600, 187.71
33, 4, 113, 26, 0.5625, 0.0000, 0.0000, 0.0000, 0.2250, 135.50
33, 73, 137, 142, 0.7000, 7.5187, 4.9021, 5.7010, 0.7000, 94.04
33, 36, -13, 16, 0.5222, 37.6133, -24.2726, -28.7332, 0.2611, 195.60
33, 3, 31, 9, 0.6881, 1.6441, -1.1102, 1.2126, 0.4817, 224.21
33, 35, -40, -13, 0.5222, 53.7918, -42.1679, -33.3980, 0.2611, 164.00
34, 83, 56, 51, 1.0000, 8.7685, 2.0224, 8.5321, 1.0000, 203.33
34, 85, 57, 32, 0.8778, 18.9678, 18.6450, 3.4841, 0.7022, 240.00
34, 7, 50, 0, 0.8519, 10.4176, 10.3246, -1.3889, 0.7667, 219.22
34, 3, 39, 1, 0.8451, 5.3532, 3.9242, -3.6411, 0.6761, 225.94
34, 4, 112, 27, 0.6722, 1.0674, -0.7548, 0.7548, 0.3361, 135.60
34, 52, 38, 93, 0.5625, 39.2548, 24.3165, -30.8164, 0.2250, 155.00
34, 73, 142, 148, 0.6000, 7.5187, 4.9021, 5.7010, 0.6000, 94.04
34, 82, 114, 97, 0.5000, 34.1607, 6.6864, 33.4999, 0.1500, 142.33
34, 94, 89, 101, 0.9000, 20.6295, 19.5814, 6.4919, 0.9000, 190.93
35, 32, 126, 124, 1.0000, 1.6051, 1.1289, 1.1410, 1.0000, 135.62
35, 83, 58, 52, 1.0000, 2.9717, 2.1736, 2.0265, 1.0000, 204.46
35, 97, 13, 41, 0.6000, 26.3670, -23.2401, 12.4547, 0.1800, 218.00
35, 4, 114, 19, 0.6806, 6.8948, 2.0132, -6.5944, 0.4083, 137.83
35, 52, 61, 37, 0.6222, 58.1067, 23.4152, -53.1800, 0.3111, 165.20
35, 51, 45, 26, 0.5143, 78.6255, -78.1209, 8.8934, 0.3600, 132.57
35, 73, 147, 154, 0.5000, 7.5187, 4.9021, 5.7010, 0.5000, 94.04
35, 94, 109, 108, 0.8000, 20.6295, 19.5814, 6.4919, 0.8000, 190.93
35, 7, 60, -1, 0.7519, 10.4176, 10.3246, -1.3889, 0.6767, 219.22
36, 82, 113, 112, 0.6556, 12.2062, 0.7580, 12.1826, 0.2622, 128.00
36, 83, 59, 52, 1.0000, 1.3318, 1.2991, 0.2933, 1.0000, 205.07
36, 94, 112, 101, 1.0000, 13.0677, 13.0231, 1.0791, 1.0000, 184.13
36, 29, 43, 49, 0.6222, 15.1551, 7.0873, -13.3957, 0.3111, 182.00
36, 65, 31, 31, 0.5625, 33.2432, 22.5872, -24.3912, 0.2250, 202.00
36, 97, 4, 42, 0.6556, 11.3496, -11.0888, 2.4191, 0.2622, 213.50
36, 98, 101, 123, 0.7056, 0.0112, 0.0112, 0.0000, 0.2822, 110.00
36, 99, 72, 121, 0.6000, 26.0870, -26.0372, -1.6106, 0.1800, 98.67
36, 7, 71, -2, 0.6519, 10.4176, 10.3246, -1.3889, 0.5867, 219.22
36, 4, 116, 13, 0.5806, 6.8948, 2.0132, -6.5944, 0.3483, 137.83
36, 52, 85, -16, 0.5222, 58.1067, 23.4152, -53.1800, 0.2611, 165.20
37, 82, 117, 121, 0.7111, 9.5223, 3.2321, 8.9570, 0.3556, 118.20
37, 83, 59, 52, 1.0000, 0.2565, 0.1791, -0.1836, 1.0000, 205.00
37, 65, 54, 10, 0.6222, 31.2443, 22.9385, -21.2140, 0.3111, 201.80
37, 58, 5, 72, 0.5625, 46.4462, -6.9460, -45.9239, 0.2250, 162.50
37, 7, 81, -4, 0.5519, 10.4176, 10.3246, -1.3889, 0.4967, 219.22
37, 29, 50, 36, 0.5222, 15.1551, 7.0873, -13.3957, 0.2611, 182.00
37, 97, -7, 44, 0.5556, 11.3496, -11.0888, 2.4191, 0.2222, 213.50
37, 98, 101, 123, 0.6056, 0.0112, 0.0112, 0.0000, 0.2422, 110.00
37, 99, 46, 119, 0.5000, 26.0870, -26.0372, -1.6106, 0.1500, 98.67
38, 83, 61, 52, 1.0000, 1.4113, 1.4067, -0.1129, 1.0000, 204.94
38, 29, 64, 33, 0.6806, 13.3103, 11.0060, -7.4855, 0.4083, 186.00
38, 101, 44, 27, 0.6000, 2.1334, 1.9174, -0.9353, 0.1800, 249.50
38, 65, 77, -11, 0.5222, 31.2443, 22.9385, -21.2140, 0.2611, 201.80
38, 98, 101, 123, 0.5056, 0.0112, 0.0112, 0.0000, 0.2022, 110.00
39, 83, 46, 57, 1.0000, 14.0052, -13.2396, 4.5672, 1.0000, 204.65
39, 44, 61, 89, 0.5625, 2.0734, 1.8447, 0.9466, 0.2250, 175.00
39, 97, 1, 47, 0.7111, 2.1201, 1.3937, 1.5977, 0.3556, 209.60
39, 98, 91, 107, 0.7111, 7.7526, -4.1077, -6.5749, 0.3556, 110.80
39, 99, 45, 92, 0.6556, 12.4559, -4.6409, -11.5590, 0.2622, 118.12
39, 101, 46, 27, 0.7056, 2.0455, 2.0286, -0.2619, 0.2822, 250.12
40, 44, 63, 114, 0.6222, 22.3452, 2.0679, 22.2493, 0.3111, 168.00
40, 99, 44, 56, 0.7111, 35.0326, -1.0395, -35.0172, 0.3556, 136.50
40, 58, 9, -1, 0.6222, 19.4369, 3.1798, -19.1750, 0.3111, 180.60
40, 101, 47, 27, 0.7611, 1.2581, 1.2578, 0.0263, 0.3806, 250.50
40, 108, 4, 82, 0.6000, 8.3145, -8.2765, -0.7944, 0.1800, 172.67
41, 88, 10, 63, 0.6000, 12.6116, -12.5745, 0.9659, 0.1800, 194.00
41, 58, 10, -3, 0.6806, 3.2184, 1.7024, -2.7313, 0.4083, 192.00
41, 101, 49, 27, 0.8167, 1.7135, 1.7129, 0.0482, 0.4900, 250.75
41, 105, 68, 54, 0.6000, 3.7001, 3.5896, 0.8974, 0.1800, 202.33
41, 44, 65, 137, 0.5222, 22.3452, 2.0679, 22.2493, 0.2611, 168.00
41, 108, -4, 81, 0.5000, 8.3145, -8.2765, -0.7944, 0.1500, 172.67
42, 101, 51, 28, 0.8722, 2.1422, 1.9971, 0.7750, 0.6106, 250.50
42, 103, 58, 39, 0.6000, 58.6307, -56.6429, 15.1373, 0.1800, 155.67
42, 112, 121, 49, 0.6000, 0.9833, 0.9822, 0.0469, 0.1800, 166.33
42, 114, 99, 94, 0.6000, 48.6801, 48.6800, 0.0469, 0.1800, 168.33
42, 88, -2, 64, 0.5000, 12.6116, -12.5745, 0.9659, 0.1500, 194.00
42, 105, 71, 55, 0.5000, 3.7001, 3.5896, 0.8974, 0.1500, 202.33
43, 101, 52, 28, 0.9278, 1.3181, 1.2847, 0.2948, 0.7422, 250.56
43, 105, 74, 59, 0.7056, 4.1002, 3.1074, 2.6750, 0.2822, 196.75
43, 112, 123, 39, 0.6556, 9.2327, 1.7667, -9.0621, 0.2622, 156.75
43, 114, 124, 102, 0.6556, 29.5026, 28.7110, 6.7882, 0.2622, 150.25
43, 115, 52, 95, 0.6000, 16.8485, 3.0799, -16.5646, 0.1800, 163.00
43, 72, 122, 53, 0.5143, 67.5054, 4.9986, -67.3201, 0.3600, 100.71
43, 117, 43, 22, 0.6000, 30.2698, -4.5354, -29.9281, 0.1800, 203.33
43, 119, 101, 94, 0.6000, 11.6327, -5.5176, -10.2408, 0.1800, 106.00
43, 103, 1, 54, 0.5000, 58.6307, -56.6429, 15.1373, 0.1500, 155.67
44, 88, 0, 58, 0.6556, 2.7211, -1.6164, -2.1891, 0.2622, 192.25
44, 101, 54, 28, 0.9833, 1.7179, 1.7179, 0.0027, 0.8850, 251.06
44, 103, 0, 25, 0.6556, 27.2542, -25.4571, -9.7326, 0.2622, 168.75
44, 105, 68, 87, 0.7111, 26.2247, -4.8467, 25.7730, 0.3556, 192.60
44, 112, 127, 29, 0.7111, 10.0993, 3.5748, -9.4454, 0.3556, 153.20
44, 113, 122, 51, 0.6000, 12.6638, 9.7941, -8.0278, 0.1800, 136.67
44, 115, 45, 53, 0.6556, 40.4796, -6.3653, -39.9760, 0.2622, 172.25
44, 87, 36, 39, 0.5625, 22.9673, -5.3363, -22.3388, 0.2250, 186.25
44, 117, 41, 10, 0.6556, 14.6957, -2.8335, -14.4199, 0.2622, 204.25
44, 118, 68, 57, 0.6000, 33.1738, 1.0901, -33.1558, 0.1800, 174.00
44, 121, 109, 126, 0.7056, 2.2643, -0.0048, 2.2643, 0.2822, 97.50
44, 114, 153, 109, 0.5556, 29.5026, 28.7110, 6.7882, 0.2222, 150.25
44, 119, 96, 84, 0.5000, 11.6327, -5.5176, -10.2408, 0.1500, 106.00
45, 101, 55, 28, 1.0000, 1.2461, 1.2454, -0.0426, 1.0000, 248.75
45, 113, 125, 49, 0.6556, 4.5368, 3.7986, -2.4806, 0.2622, 145.25
45, 114, 129, 106, 0.7111, 2.2538, -1.6048, 1.5825, 0.3556, 134.40
45, 87, 9, 2, 0.6222, 42.5789, -24.4087, -34.8881, 0.3111, 194.80
45, 118, 69, 51, 0.6556, 9.3438, 0.9855, -9.2917, 0.2622, 181.00
45, 119, 68, 90, 0.6556, 18.1103, -18.0786, -1.0711, 0.2622, 118.50
45, 88, -2, 56, 0.5556, 2.7211, -1.6164, -2.1891, 0.2222, 192.25
45, 103, -26, 15, 0.5556, 27.2542, -25.4571, -9.7326, 0.2222, 168.75
45, 112, 130, 20, 0.6111, 10.0993, 3.5748, -9.4454, 0.3056, 153.20
45, 115, 38, 13, 0.5556, 40.4796, -6.3653, -39.9760, 0.2222, 172.25
45, 117, 38, -4, 0.5556, 14.6957, -2.8335, -14.4199, 0.2222, 204.25
45, 121, 109, 128, 0.6056, 2.2643, -0.0048, 2.2643, 0.2422, 97.50
46, 101, 57, 28, 1.0000, 1.7358, 1.7357, -0.0177, 1.0000, 248.95
46, 113, 126, 50, 0.7111, 1.8666, 1.6272, 0.9145, 0.3556, 146.80
46, 115, 13, 15, 0.7111, 23.5716, -17.3631, -15.9418, 0.3556, 179.80
46, 117, 41, 13, 0.7111, 3.5740, 0.4601, 3.5442, 0.3556, 206.20
46, 118, 73, 48, 0.7111, 5.4144, 4.0359, -3.6093, 0.3556, 184.20
46, 119, 41, 108, 0.7111, 30.2947, -25.7514, 15.9573, 0.3556, 126.20
46, 112, 134, 10, 0.5111, 10.0993, 3.5748, -9.4454, 0.2556, 153.20
46, 87, -15, -33, 0.5222, 42.5789, -24.4087, -34.8881, 0.2611, 194.80
46, 121, 109, 130, 0.5056, 2.2643, -0.0048, 2.2643, 0.2022, 97.50
47, 21, 107, 98, 0.5625, 42.4289, 30.4689, 29.5273, 0.2250, 162.25
47, 101, 59, 28, 1.0000, 2.0050, 2.0050, -0.0009, 1.0000, 249.46
47, 113, 113, 59, 0.7667, 14.3346, -12.1611, 7.5887, 0.4600, 144.50
48, 88, 16, 26, 0.7111, 11.1370, 5.6398, -9.6034, 0.3556, 200.20
48, 101, 60, 28, 1.0000, 1.3073, 1.3073, 0.0023, 1.0000, 249.62
48, 93, 109, 87, 0.5625, 19.3394, -4.3425, -18.8455, 0.2250, 110.50
48, 124, 19, 47, 0.6000, 0.9353, 0.9353, 0.0000, 0.1800, 204.67
48, 125, 117, 44, 0.6000, 11.9459, -10.0531, -6.4529, 0.1800, 125.00
49, 58, 24, 10, 1.0000, 11.3610, 7.6920, 8.3609, 1.0000, 218.82
49, 101, 62, 28, 1.0000, 1.7065, 1.7065, 0.0011, 1.0000, 250.00
49, 111, 58, 94, 0.6000, 55.6890, -12.8079, 54.1961, 0.1800, 191.33
49, 124, 8, 55, 0.6556, 11.7196, -9.5501, 6.7930, 0.2622, 206.75
49, 125, 86, 19, 0.6556, 36.0759, -27.8126, -22.9767, 0.2622, 136.50
49, 126, 17, 106, 0.6000, 49.8316, 11.8108, 48.4117, 0.1800, 206.00
49, 127, 63, 98, 0.6000, 45.1675, -45.1268, -1.9174, 0.1800, 124.83
50, 21, 127, 116, 0.6222, 1.8102, 1.5564, 0.9243, 0.3111, 144.00
50, 101, 74, 31, 1.0000, 11.0890, 10.7012, 2.9067, 1.0000, 245.80
50, 124, 6, 57, 0.7111, 3.8038, -2.8695, 2.4969, 0.3556, 206.20
50, 127, 40, 108, 0.6556, 27.4940, -26.1346, 8.5382, 0.2622, 133.62
50, 131, 125, 29, 0.6000, 48.4348, 47.6978, -8.4173, 0.1800, 179.67
50, 111, 45, 148, 0.5000, 55.6890, -12.8079, 54.1961, 0.1500, 191.33
50, 125, 58, -4, 0.5556, 36.0759, -27.8126, -22.9767, 0.2222, 136.50
50, 126, 29, 154, 0.5000, 49.8316, 11.8108, 48.4117, 0.1500, 206.00
51, 21, 122, 123, 0.6806, 8.1382, -4.6484, 6.6801, 0.4083, 136.00
51, 101, 78, 32, 1.0000, 5.2495, 5.0960, 1.2601, 1.0000, 242.00
51, 124, 7, 56, 0.7667, 1.0621, 1.0615, -0.0375, 0.4600, 208.67
51, 125, 40, 17, 0.7111, 22.6598, -22.5202, 2.5114, 0.3556, 149.20
51, 127, 40, 111, 0.7111, 4.4782, -2.9263, 3.3898, 0.3556, 138.70
51, 128, 22, 27, 0.6000, 26.9032, -21.4414, 16.2496, 0.1800, 209.00
51, 131, 172, 21, 0.5000, 48.4348, 47.6978, -8.4173, 0.1500, 179.67
52, 101, 79, 32, 1.0000, 1.2567, 1.2534, 0.0903, 1.0000, 240.12
52, 128, 9, 39, 0.6556, 18.8291, -14.1243, 12.4514, 0.2622, 213.50
52, 129, 66, 21, 0.6000, 9.3195, 2.7289, 8.9110, 0.1800, 198.00
52, 124, 8, 56, 0.6667, 1.0621, 1.0615, -0.0375, 0.4000, 208.67
53, 31, 62, 124, 0.5625, 32.5280, -16.4562, 28.0582, 0.2250, 137.75
53, 104, 99, 3, 0.6000, 33.1429, 15.1877, -29.4581, 0.1800, 177.33
53, 90, 21, 3, 0.5625, 1.2751, 0.8599, 0.9415, 0.2250, 230.00
53, 122, 4, 9, 0.6000, 63.7763, -43.6656, -46.4837, 0.1800, 208.67
53, 128, 2, 45, 0.7111, 10.4320, -7.7144, 7.0225, 0.3556, 212.20
53, 129, 69, 30, 0.6556, 9.3758, 3.0952, 8.8502, 0.2622, 211.50
53, 134, 68, 99, 0.6000, 3.0021, 2.8527, 0.9353, 0.1800, 167.17
53, 101, 80, 32, 0.9000, 1.2567, 1.2534, 0.0903, 0.9000, 240.12
54, 104, 102, -2, 0.6556, 9.3093, 4.2754, -8.2695, 0.2622, 177.75
54, 90, 22, 3, 0.6722, 1.0915, 1.0586, 0.2661, 0.3361, 231.40
54, 129, 70, 31, 0.7111, 2.5983, 1.5452, 2.0888, 0.3556, 213.80
54, 134, 68, 99, 0.7056, 0.8238, 0.7810, 0.2619, 0.2822, 169.88
54, 101, 81, 32, 0.8000, 1.2567, 1.2534, 0.0903, 0.8000, 240.12
54, 122, -40, -38, 0.5000, 63.7763, -43.6656, -46.4837, 0.1500, 208.67
54, 128, -6, 52, 0.6111, 10.4320, -7.7144, 7.0225, 0.3056, 212.20
55, 60, 22, 27, 0.5625, 73.6372, 8.6577, -73.1265, 0.2250, 175.25
55, 101, 81, 32, 1.0000, 0.6161, 0.6036, -0.1235, 1.0000, 237.72
55, 90, 23, 3, 0.7306, 1.0402, 1.0399, -0.0254, 0.4383, 234.33
55, 129, 72, 31, 0.7667, 1.6889, 1.6669, 0.2714, 0.4600, 220.67
55, 134, 66, 84, 0.7111, 13.8643, -1.6140, -13.7700, 0.3556, 173.10
55, 104, 106, -10, 0.5556, 9.3093, 4.2754, -8.2695, 0.2222, 177.75
55, 128, -14, 59, 0.5111, 10.4320, -7.7144, 7.0225, 0.2556, 212.20
56, 101, 68, 48, 1.0000, 18.4532, -11.3792, 14.5271, 1.0000, 235.74
56, 110, 51, 13, 0.6000, 43.3938, 39.8931, -17.0751, 0.1800, 203.67
56, 90, 24, 3, 0.7881, 1.0079, 1.0067, -0.0485, 0.5517, 236.57
56, 129, 73, 31, 0.8222, 1.1922, 1.1752, -0.2007, 0.5756, 225.00
56, 134, 55, 66, 0.7667, 20.5103, -10.6663, -17.5186, 0.4600, 176.92
56, 135, 2, 6, 0.6000, 0.9364, 0.9353, 0.0469, 0.1800, 231.33
57, 102, 113, 120, 0.6000, 81.2079, 37.4732, 72.0450, 0.1800, 170.33
57, 107, 84, 97, 0.6000, 65.0247, 54.5485, 35.3931, 0.1800, 173.67
57, 110, 92, -1, 0.6556, 42.9983, 40.6943, -13.8863, 0.2622, 201.00
57, 90, 25, 4, 0.8451, 1.2446, 0.9968, 0.7453, 0.6761, 238.38
57, 129, 75, 32, 0.8778, 1.8506, 1.7336, 0.6477, 0.7022, 228.50
57, 135, 2, 6, 0.7056, 0.2620, 0.2619, -0.0048, 0.2822, 230.25
57, 138, 16, 54, 0.6000, 35.4798, 7.6228, 34.6513, 0.1800, 205.00
57, 134, 44, 48, 0.6667, 20.5103, -10.6663, -17.5186, 0.4000, 176.92
58, 109, 18, 56, 0.6000, 26.6524, -24.8732, -9.5748, 0.1800, 202.33
58, 90, 26, 4, 0.9019, 1.0411, 0.9978, 0.2973, 0.8117, 239.78
58, 129, 76, 32, 0.9333, 1.2848, 1.2546, 0.2767, 0.8400, 230.56
58, 130, 8, 30, 0.6000, 40.5061, -36.0371, 18.4954, 0.1800, 210.67
58, 135, 3, 6, 0.7611, 0.7372, 0.7372, -0.0079, 0.3806, 230.20
58, 102, 150, 192, 0.5000, 81.2079, 37.4732, 72.0450, 0.1500, 170.33
58, 107, 138, 133, 0.5000, 65.0247, 54.5485, 35.3931, 0.1500, 173.67
58, 110, 133, -14, 0.5556, 42.9983, 40.6943, -13.8863, 0.2222, 201.00
58, 138, 23, 89, 0.5000, 35.4798, 7.6228, 34.6513, 0.1500, 205.00
59, 109, 15, 56, 0.6556, 6.4170, -6.1323, -1.8902, 0.2622, 204.62
59, 90, 27, 4, 0.9583, 0.9996, 0.9996, 0.0081, 0.9583, 241.30
59, 129, 78, 33, 0.9889, 1.9178, 1.7542, 0.7751, 0.9889, 232.40
59, 135, 3, 6, 0.8167, 0.2429, 0.2429, -0.0023, 0.4900, 228.00
59, 130, -28, 48, 0.5000, 40.5061, -36.0371, 18.4954, 0.1500, 210.67
60, 109, 12, 35, 0.7111, 18.7533, -2.8483, -18.5357, 0.3556, 206.90
60, 118, 122, 62, 0.8778, 3.5893, 3.4511, 0.9864, 0.7022, 170.88
60, 90, 35, 18, 0.9646, 13.8136, 6.9806, 11.9200, 0.9646, 238.36
60, 129, 80, 33, 1.0000, 2.0310, 2.0148, 0.2557, 1.0000, 234.45
60, 135, 4, 6, 0.8722, 0.7469, 0.7469, 0.0003, 0.6106, 228.50
60, 138, 51, 108, 0.6556, 18.8249, 12.6193, 13.9689, 0.2622, 196.75
60, 75, 82, 120, 0.5400, 20.1893, -4.6763, 19.6403, 0.2700, 129.80
61, 21, 125, 127, 1.0000, 1.9991, 1.9991, -0.0007, 1.0000, 138.36
61, 120, 4, 42, 0.6000, 72.4753, -33.5564, -64.2389, 0.1800, 168.67
61, 90, 39, 21, 1.0000, 6.8668, 4.9053, 4.8053, 1.0000, 235.25
61, 127, 91, 101, 1.0000, 1.4692, -1.4372, 0.3047, 1.0000, 142.96
61, 128, 3, 77, 0.9333, 0.8437, 0.2208, 0.8143, 0.8400, 200.78
61, 129, 82, 34, 1.0000, 2.1744, 2.0415, 0.7485, 1.0000, 235.75
61, 135, 4, 7, 0.9278, 0.7984, 0.2556, 0.7564, 0.7422, 229.81
61, 138, 79, 105, 0.7111, 27.0446, 26.9604, -2.1332, 0.3556, 184.60
62, 106, 64, 115, 0.6000, 77.6197, 60.7962, 48.2559, 0.1800, 167.00
62, 90, 69, 21, 1.0000, 26.3247, 26.3243, 0.1405, 1.0000, 231.15
62, 129, 83, 34, 1.0000, 1.2743, 1.2498, 0.2486, 1.0000, 237.00
62, 135, 4, 6, 0.9833, 0.4531, -0.0087, -0.4530, 0.8850, 229.61
62, 120, -29, -23, 0.5000, 72.4753, -33.5564, -64.2389, 0.1500, 168.67
63, 129, 85, 34, 1.0000, 1.7053, 1.7052, -0.0130, 1.0000, 236.04
63, 133, 89, 59, 0.6000, 82.3975, 69.5611, 44.1656, 0.1800, 192.00
63, 135, 7, 7, 1.0000, 2.2477, 2.2013, 0.4541, 1.0000, 228.45
63, 141, 94, 103, 0.6000, 12.5966, 12.5627, 0.9229, 0.1800, 141.33
63, 106, 125, 164, 0.5000, 77.6197, 60.7962, 48.2559, 0.1500, 167.00
64, 129, 87, 35, 1.0000, 2.1185, 1.9943, 0.7147, 1.0000, 237.10
64, 135, 6, 7, 1.0000, 0.2942, 0.1518, 0.2521, 1.0000, 227.86
64, 141, 107, 124, 0.6556, 22.6284, 12.9732, 18.5402, 0.2622, 127.25
64, 143, 28, 4, 0.6000, 26.4664, -1.6471, -26.4151, 0.1800, 215.00
64, 133, 159, 104, 0.5000, 82.3975, 69.5611, 44.1656, 0.1500, 192.00
65, 116, 45, 103, 0.6000, 22.5468, 11.5997, -19.3341, 0.1800, 149.67
65, 129, 89, 35, 1.0000, 2.0607, 2.0410, 0.2842, 1.0000, 238.03
65, 135, 7, 7, 1.0000, 0.4712, 0.4699, 0.0353, 1.0000, 228.58
65, 143, 28, -2, 0.6556, 8.3930, -0.5923, -8.3721, 0.2622, 216.50
65, 141, 120, 142, 0.5556, 22.6284, 12.9732, 18.5402, 0.2222, 127.25
66, 109, 33, 6, 1.0000, 1.2492, 0.7559, 0.9945, 1.0000, 221.18
66, 129, 90, 36, 1.0000, 1.4775, 1.2697, 0.7556, 1.0000, 238.85
66, 135, 7, 8, 1.0000, 0.7321, 0.1729, 0.7114, 1.0000, 228.77
66, 140, 86, 5, 0.6000, 9.8731, -9.8318, -0.9020, 0.1800, 157.67
66, 143, 28, -1, 0.7111, 0.4206, 0.0002, 0.4206, 0.3556, 217.20
66, 116, 56, 83, 0.5000, 22.5468, 11.5997, -19.3341, 0.1500, 149.67
67, 116, 59, 74, 0.6556, 15.5314, 6.8560, -13.9363, 0.2622, 157.50
67, 129, 92, 36, 1.0000, 1.7178, 1.6974, 0.2643, 1.0000, 239.75
67, 135, 8, 8, 1.0000, 0.7891, 0.7318, 0.2952, 1.0000, 229.00
67, 100, 99, 101, 0.5625, 53.4028, 24.4708, 47.4662, 0.2250, 183.75
67, 149, 77, 24, 0.6000, 1.1410, 0.8974, 0.7047, 0.1800, 185.33
67, 68, 16, 114, 0.5400, 37.2414, 11.1291, 35.5396, 0.2700, 175.20
67, 151, 11, 9, 0.6000, 8.8140, 2.8996, 8.3234, 0.1800, 220.00
67, 152, 74, 27, 0.6000, 40.6054, 40.2158, -5.6115, 0.1800, 208.00
67, 153, 50, 26, 0.6000, 47.2094, 39.2806, -26.1871, 0.1800, 199.00
67, 140, 76, 4, 0.5000, 9.8731, -9.8318, -0.9020, 0.1500, 157.67
67, 143, 28, 0, 0.6111, 0.4206, 0.0002, 0.4206, 0.3056, 217.20
68, 116, 51, 55, 0.7111, 19.8499, -7.4148, -18.4130, 0.3556, 168.20
68, 129, 94, 36, 1.0000, 1.9855, 1.9855, -0.0051, 1.0000, 240.39
68, 135, 8, 8, 1.0000, 0.2870, 0.2865, 0.0163, 1.0000, 228.20
68, 140, 49, 23, 0.6556, 22.3030, -19.7660, 10.3310, 0.2622, 168.75
68, 143, 28, 1, 0.7667, 0.8845, 0.0624, 0.8823, 0.4600, 219.00
68, 147, 117, 117, 0.6000, 7.3736, -0.9394, -7.3136, 0.1800, 77.67
68, 149, 75, 21, 0.7056, 2.3235, -1.2466, -1.9608, 0.2822, 184.25
68, 151, 23, 21, 0.6556, 16.1381, 10.5883, 12.1790, 0.2622, 217.00
68, 152, 91, 29, 0.6556, 19.5777, 19.5655, 0.6927, 0.2622, 199.25
68, 153, 73, 14, 0.6556, 29.0133, 25.3417, -14.1270, 0.2622, 194.25
69, 116, 36, 35, 0.7667, 23.8218, -13.6979, -19.4896, 0.4600, 176.83
69, 129, 97, 36, 1.0000, 2.7753, 2.7749, -0.0423, 1.0000, 238.90
69, 135, 9, 8, 1.0000, 0.7335, 0.7325, -0.0390, 1.0000, 228.62
69, 140, 32, 54, 0.7111, 33.1442, -16.5591, 28.7112, 0.3556, 175.80
69, 147, 98, 106, 0.6556, 19.6149, -16.9870, -9.8075, 0.2622, 87.00
69, 49, 55, 89, 0.5400, 28.4456, 2.6551, -28.3214, 0.2700, 160.60
69, 149, 55, 25, 0.7111, 18.3821, -18.1359, 2.9984, 0.3556, 186.50
69, 151, 30, 52, 0.7111, 29.7058, 8.0930, 28.5821, 0.3556, 213.60
69, 152, 98, 31, 0.7111, 8.9641, 8.7909, 1.7539, 0.3556, 193.00
69, 153, 107, 2, 0.7111, 34.7239, 32.4157, -12.4488, 0.3556, 184.20
69, 154, 82, 32, 0.6000, 54.9847, 50.3397, -22.1185, 0.1800, 208.67
70, 116, 5, 16, 0.8222, 35.2308, -29.4971, -19.2647, 0.5756, 182.00
70, 129, 97, 36, 1.0000, 0.8683, 0.8681, -0.0171, 1.0000, 237.43
70, 135, 10, 9, 1.0000, 1.2157, 0.9949, 0.6987, 1.0000, 229.94
70, 147, 88, 88, 0.7111, 20.8707, -10.7131, -17.9113, 0.3556, 94.60
70, 49, 84, 73, 0.6000, 31.2523, 25.9860, -17.3619, 0.3600, 161.33
70, 149, 34, 50, 0.7667, 31.1936, -21.2567, 22.8296, 0.4600, 197.58
70, 151, 60, 82, 0.7667, 40.5443, 27.5328, 29.7621, 0.4600, 207.83
70, 158, 95, 106, 0.6000, 2.9575, 2.8058, 0.9353, 0.1800, 127.33
70, 159, 107, 107, 0.6000, 1.9649, 1.9644, 0.0469, 0.1800, 100.67
70, 153, 139, -11, 0.6111, 34.7239, 32.4157, -12.4488, 0.3056, 184.20
70, 154, 132, 10, 0.5000, 54.9847, 50.3397, -22.1185, 0.1500, 208.67
71, 129, 98, 32, 1.0000, 3.6950, 0.6689, -3.6340, 1.0000, 234.45
71, 135, 10, 9, 1.0000, 0.4546, 0.3260, 0.3168, 1.0000, 229.94
71, 49, 101, 41, 0.6587, 35.9615, 18.4168, -30.8877, 0.4611, 174.71
71, 149, 11, 78, 0.8222, 35.3442, -22.2909, 27.4286, 0.5756, 194.93
71, 151, 83, 120, 0.8222, 43.6445, 23.0273, 37.0754, 0.5756, 193.00
71, 158, 97, 106, 0.7056, 2.3102, 2.2953, 0.2619, 0.2822, 122.50
71, 159, 108, 108, 0.7056, 1.4741, 1.2691, 0.7500, 0.2822, 101.25
71, 116, -25, -3, 0.7222, 35.2308, -29.4971, -19.2647, 0.5056, 182.00
71, 153, 171, -23, 0.5111, 34.7239, 32.4157, -12.4488, 0.2556, 184.20
72, 129, 117, 26, 1.0000, 16.8663, 16.0494, -5.1854, 1.0000, 231.04
72, 132, 15, 56, 0.6000, 28.6485, -24.1346, 15.4356, 0.1800, 201.67
72, 135, 11, 9, 1.0000, 0.6981, 0.6975, 0.0307, 1.0000, 230.05
72, 158, 99, 106, 0.7611, 2.0031, 2.0029, -0.0263, 0.3806, 122.70
72, 159, 110, 108, 0.7611, 1.7568, 1.7360, 0.2695, 0.3806, 99.00
73, 132, 12, 76, 0.6556, 20.1346, -5.7972, 19.2820, 0.2622, 192.75
73, 135, 11, 9, 1.0000, 0.2677, 0.2651, -0.0372, 1.0000, 230.35
73, 136, 28, 2, 0.6000, 21.4125, 9.5748, -19.1525, 0.1800, 213.67
73, 158, 110, 109, 0.7667, 10.6068, 10.3665, 2.2450, 0.4600, 118.42
73, 159, 100, 115, 0.7667, 10.6270, -8.6958, 6.1087, 0.4600, 118.33
73, 163, 37, 29, 0.6000, 18.8679, -18.6581, 2.8058, 0.1800, 204.33
73, 164, 81, 29, 0.6000, 1.3562, 0.9353, 0.9822, 0.1800, 193.00
73, 167, 37, 53, 0.6000, 1.0302, 1.0291, -0.0469, 0.1800, 224.33
73, 129, 133, 21, 0.9000, 16.8663, 16.0494, -5.1854, 0.9000, 231.04
74, 135, 11, 9, 1.0000, 0.0237, 0.0086, -0.0221, 1.0000, 230.05
74, 158, 115, 110, 0.8222, 5.4405, 5.1923, 1.6245, 0.5756, 121.50
74, 163, 19, 23, 0.6556, 18.6257, -18.0745, -4.4976, 0.2622, 204.25
74, 164, 86, 30, 0.7056, 4.8963, 4.7906, 1.0119, 0.2822, 187.75
74, 165, 100, 31, 0.6556, 11.3467, 11.3216, 0.7548, 0.2622, 170.75
74, 167, 35, 43, 0.6556, 9.1394, -1.2572, -9.0525, 0.2622, 220.00
74, 129, 149, 16, 0.8000, 16.8663, 16.0494, -5.1854, 0.8000, 231.04
74, 132, 6, 96, 0.5556, 20.1346, -5.7972, 19.2820, 0.2222, 192.75
74, 136, 37, -17, 0.5000, 21.4125, 9.5748, -19.1525, 0.1500, 213.67
75, 135, 11, 9, 1.0000, 0.0398, -0.0396, -0.0042, 1.0000, 229.77
75, 146, 40, 53, 0.6000, 1.8983, 1.8981, 0.0228, 0.1800, 216.67
75, 162, 81, 31, 0.6000, 23.4405, 23.1606, 3.6121, 0.1800, 200.67
75, 163, 0, 33, 0.7111, 20.3064, -18.7046, 7.9049, 0.3556, 204.00
75, 164, 88, 30, 0.7611, 1.6562, 1.6383, 0.2432, 0.3806, 185.20
75, 165, 104, 31, 0.7111, 4.9329, 4.9251, 0.2774, 0.3556, 169.80
75, 167, 55, 28, 0.7111, 22.0021, 16.9643, -14.0108, 0.3556, 215.80
75, 169, 17, 61, 0.6000, 26.6050, -9.7147, -24.7680, 0.1800, 179.67
75, 170, 107, 40, 0.6000, 2.6424, 1.9393, 1.7948, 0.1800, 241.67
75, 173, 82, 107, 0.6000, 1.9644, 1.9644, 0.0000, 0.1800, 136.33
75, 129, 165, 11, 0.7000, 16.8663, 16.0494, -5.1854, 0.7000, 231.04
75, 158, 120, 112, 0.7222, 5.4405, 5.1923, 1.6245, 0.5056, 121.50
76, 135, 13, 10, 1.0000, 1.5341, 1.3674, 0.6954, 1.0000, 229.87
76, 137, 35, 43, 0.6000, 12.8316, -2.8889, 12.5021, 0.1800, 202.33
76, 146, 41, 52, 0.7056, 1.5005, 1.2900, -0.7663, 0.2822, 218.50
76, 158, 118, 111, 0.8778, 1.1607, 1.1169, 0.3158, 0.7022, 122.69
76, 162, 89, 31, 0.6556, 10.2264, 10.2212, 0.3278, 0.2622, 195.00
76, 163, -3, 36, 0.7667, 5.8051, -4.4986, 3.6690, 0.4600, 205.67
76, 164, 76, 43, 0.7667, 15.1798, -10.0104, 11.4113, 0.4600, 186.33
76, 169, 18, 24, 0.6556, 35.9520, -0.0154, -35.9520, 0.2622, 186.25
76, 170, 109, 40, 0.7056, 2.0984, 2.0270, 0.5427, 0.2822, 244.00
76, 173, 83, 107, 0.7056, 1.2691, 1.2691, 0.0000, 0.2822, 134.50
76, 129, 181, 6, 0.6000, 16.8663, 16.0494, -5.1854, 0.6000, 231.04
76, 165, 109, 31, 0.6111, 4.9329, 4.9251, 0.2774, 0.3056, 169.80
76, 167, 71, 14, 0.6111, 22.0021, 16.9643, -14.0108, 0.3056, 215.80
77, 135, 14, 10, 1.0000, 1.3896, 1.3491, 0.3327, 1.0000, 229.96
77, 137, 19, 59, 0.6556, 21.6931, -14.3701, 16.2508, 0.2622, 202.75
77, 146, 42, 52, 0.7611, 1.0298, 0.9899, -0.2838, 0.3806, 217.40
77, 157, 16, 83, 0.6000, 10.2814, 4.5559, -9.2168, 0.1800, 173.67
77, 158, 120, 112, 0.9333, 1.7564, 1.5754, 0.7766, 0.8400, 118.94
77, 162, 89, 30, 0.7111, 0.7850, 0.6976, -0.3599, 0.3556, 191.00
77, 168, 42, 40, 0.6000, 28.5140, 18.7287, -21.5008, 0.1800, 197.00
77, 170, 111, 41, 0.7611, 2.1445, 2.0180, 0.7254, 0.3806, 245.80
77, 173, 85, 108, 0.7611, 1.8965, 1.7360, 0.7635, 0.3806, 132.40
77, 121, 108, 116, 0.5643, 2.8998, 2.8995, 0.0403, 0.3950, 206.57
77, 123, 108, 108, 0.5625, 1.9644, 1.9644, 0.0000, 0.2250, 112.75
77, 129, 197, 0, 0.5000, 16.8663, 16.0494, -5.1854, 0.5000, 231.04
77, 163, -7, 39, 0.6667, 5.8051, -4.4986, 3.6690, 0.4000, 205.67
77, 165, 114, 32, 0.5111, 4.9329, 4.9251, 0.2774, 0.2556, 169.80
77, 169, 18, -12, 0.5556, 35.9520, -0.0154, -35.9520, 0.2222, 186.25
78, 135, 10, 20, 1.0000, 8.8011, -3.0073, 8.2713, 1.0000, 228.88
78, 157, 17, 77, 0.6556, 5.9441, 1.3921, -5.7788, 0.2622, 174.75
78, 158, 122, 113, 0.9889, 2.2116, 1.9659, 1.0130, 0.9889, 119.15
78, 162, 87, 30, 0.7667, 1.2373, -1.2234, -0.1851, 0.4600, 188.00
78, 165, 107, 31, 0.7667, 0.1020, -0.0037, -0.1020, 0.4600, 166.83
78, 168, 70, 36, 0.6556, 27.1169, 26.4579, -5.9417, 0.2622, 208.25
78, 170, 113, 41, 0.8167, 2.0127, 2.0029, 0.1976, 0.4900, 245.67
78, 173, 87, 108, 0.8167, 2.0268, 2.0058, 0.2911, 0.4900, 133.50
78, 123, 109, 109, 0.6722, 1.4766, 1.2691, 0.7548, 0.3361, 114.80
78, 137, 5, 76, 0.5556, 21.6931, -14.3701, 16.2508, 0.2222, 202.75
78, 146, 43, 52, 0.6611, 1.0298, 0.9899, -0.2838, 0.3306, 217.40
79, 135, 2, 36, 1.0000, 15.9373, -7.1695, 14.2337, 1.0000, 228.15
79, 137, 18, 98, 0.7111, 19.7003, 1.5476, 19.6394, 0.3556, 195.20
79, 146, 45, 52, 0.8167, 1.5243, 1.5221, 0.0808, 0.4900, 223.00
79, 148, 18, 78, 0.6000, 79.3653, -23.6742, 75.7521, 0.1800, 205.67
79, 157, 13, 73, 0.7111, 5.6789, -3.1363, -4.7343, 0.3556, 176.40
79, 158, 124, 113, 1.0000, 2.0651, 2.0470, 0.2731, 1.0000, 114.86
79, 162, 87, 30, 0.8222, 0.5612, -0.5610, -0.0163, 0.5756, 186.14
79, 165, 113, 62, 0.8222, 29.8078, 5.5469, 29.2871, 0.5756, 162.29
79, 168, 93, 28, 0.7111, 25.2938, 24.0802, -7.7408, 0.3556, 206.80
79, 170, 115, 42, 0.8722, 2.1281, 1.9985, 0.7312, 0.6106, 247.00
79, 173, 89, 108, 0.8722, 2.0405, 2.0405, 0.0014, 0.6106, 132.29
79, 123, 111, 109, 0.7306, 1.7580, 1.7360, 0.2774, 0.4383, 120.00
80, 146, 47, 52, 0.8722, 1.9269, 1.9265, 0.0383, 0.6106, 226.00
80, 148, 5, 130, 0.6556, 56.7254, -15.0139, 54.7024, 0.2622, 191.50
80, 157, 2, 70, 0.7667, 10.3336, -9.8071, -3.2564, 0.4600, 177.00
80, 158, 126, 114, 1.0000, 2.1474, 2.0229, 0.7206, 1.0000, 113.96
80, 162, 87, 30, 0.8778, 0.0321, -0.0241, 0.0213, 0.7022, 185.12
80, 168, 110, 29, 0.7667, 17.5592, 17.5580, 0.2060, 0.4600, 196.67
80, 170, 117, 42, 0.9278, 2.0153, 1.9990, 0.2560, 0.7422, 247.38
80, 173, 90, 108, 0.9278, 1.2596, 1.2589, -0.0418, 0.7422, 131.25
80, 123, 113, 110, 0.7881, 2.1451, 2.0058, 0.7602, 0.5517, 120.71
81, 142, 21, 65, 0.6000, 76.9597, -51.9576, -56.7732, 0.1800, 152.67
81, 146, 47, 51, 0.9278, 0.9168, 0.5112, -0.7610, 0.7422, 224.50
81, 158, 125, 114, 1.0000, 0.3735, -0.2899, 0.2354, 1.0000, 110.73
81, 162, 87, 30, 0.9333, 0.0718, 0.0711, 0.0099, 0.8400, 184.33
81, 170, 119, 43, 0.9833, 2.1343, 1.9998, 0.7456, 0.8850, 244.89
81, 173, 92, 108, 0.9833, 1.7014, 1.7014, -0.0167, 0.8850, 130.11
81, 123, 115, 110, 0.8451, 2.0560, 2.0405, 0.2522, 0.6761, 121.38
81, 175, 21, 5, 0.6000, 47.5033, 9.9158, -46.4568, 0.1800, 205.33
81, 148, -10, 184, 0.5556, 56.7254, -15.0139, 54.7024, 0.2222, 191.50
81, 157, -8, 66, 0.6667, 10.3336, -9.8071, -3.2564, 0.4000, 177.00
81, 168, 128, 30, 0.6667, 17.5592, 17.5580, 0.2060, 0.4000, 196.67
82, 46, 60, 74, 0.5400, 22.3397, 6.7710, -21.2889, 0.2700, 167.60
82, 146, 49, 51, 0.9833, 1.4675, 1.4368, -0.2985, 0.8850, 226.78
82, 156, 38, 125, 0.6000, 45.6052, 18.8485, 41.5279, 0.1800, 168.67
82, 162, 87, 30, 0.9889, 0.0286, 0.0286, 0.0005, 0.9889, 183.70
82, 170, 121, 43, 1.0000, 2.0170, 2.0001, 0.2607, 1.0000, 242.00
82, 173, 94, 108, 1.0000, 1.9901, 1.9901, -0.0005, 1.0000, 128.90
82, 123, 117, 110, 0.9019, 2.0150, 2.0149, -0.0124, 0.8117, 122.44
82, 176, 23, 13, 0.6000, 9.6750, 0.0397, -9.6750, 0.1800, 209.00
82, 142, -31, 8, 0.5000, 76.9597, -51.9576, -56.7732, 0.1500, 152.67
82, 157, -17, 63, 0.5667, 10.3336, -9.8071, -3.2564, 0.3400, 177.00
82, 158, 125, 114, 0.9000, 0.3735, -0.2899, 0.2354, 0.9000, 110.73
82, 168, 145, 30, 0.5667, 17.5592, 17.5580, 0.2060, 0.3400, 196.67
82, 175, 31, -42, 0.5000, 47.5033, 9.9158, -46.4568, 0.1500, 205.33
83, 46, 94, 63, 0.6000, 32.6772, 30.4798, -11.7807, 0.3600, 165.17
83, 146, 51, 51, 1.0000, 1.9959, 1.9959, -0.0063, 1.0000, 225.80
83, 152, 123, 116, 1.0000, 2.7959, 2.7940, -0.1015, 1.0000, 172.54
83, 162, 87, 30, 1.0000, 0.0012, 0.0002, -0.0012, 1.0000, 183.00
83, 170, 124, 44, 1.0000, 2.8409, 2.7434, 0.7378, 1.0000, 242.55
83, 173, 96, 108, 1.0000, 2.0406, 2.0406, 0.0023, 1.0000, 126.91
83, 123, 119, 111, 0.9583, 2.1222, 2.0000, 0.7099, 0.9583, 126.10
83, 178, 67, 84, 0.6000, 52.9293, 2.8849, 52.8506, 0.1800, 184.33
83, 180, 19, 115, 0.6000, 55.6743, -22.5315, 50.9113, 0.1800, 177.33
83, 156, 57, 166, 0.5000, 45.6052, 18.8485, 41.5279, 0.1500, 168.67
83, 158, 125, 115, 0.8000, 0.3735, -0.2899, 0.2354, 0.8000, 110.73
83, 176, 23, 3, 0.5000, 9.6750, 0.0397, -9.6750, 0.1500, 209.00
84, 46, 111, 46, 0.6587, 25.1300, 18.6607, -16.8314, 0.4611, 162.29
84, 146, 52, 51, 1.0000, 1.3348, 1.3342, 0.0417, 1.0000, 228.09
84, 162, 87, 30, 1.0000, 0.0039, -0.0039, -0.0005, 1.0000, 182.58
84, 170, 126, 44, 1.0000, 2.3210, 2.3059, 0.2644, 1.0000, 241.58
84, 173, 98, 108, 1.0000, 2.0182, 2.0182, 0.0010, 1.0000, 125.67
84, 123, 121, 111, 1.0000, 2.0182, 1.9978, 0.2861, 1.0000, 124.36
84, 176, 28, 1, 0.6556, 6.2918, 2.6978, -5.6840, 0.2622, 211.75
84, 177, 89, 37, 0.6000, 27.4360, 24.0040, 13.2870, 0.1800, 189.00
84, 178, 70, 123, 0.6556, 41.1904, 3.0461, 41.0776, 0.2622, 173.00
84, 181, 89, 1, 0.6000, 26.5886, 21.2761, -15.9462, 0.1800, 184.67
84, 158, 125, 115, 0.7000, 0.3735, -0.2899, 0.2354, 0.7000, 110.73
84, 180, -4, 166, 0.5000, 55.6743, -22.5315, 50.9113, 0.1500, 177.33
85, 146, 54, 51, 1.0000, 1.7304, 1.7303, 0.0179, 1.0000, 229.83
85, 162, 87, 30, 1.0000, 0.0014, -0.0014, -0.0000, 1.0000, 182.08
85, 173, 100, 108, 1.0000, 2.0014, 2.0014, 0.0001, 1.0000, 124.92
85, 174, 45, 6, 0.6000, 53.8016, 42.8012, -32.5985, 0.1800, 205.33
85, 123, 123, 112, 1.0000, 2.1364, 1.9991, 0.7535, 1.0000, 126.83
85, 177, 123, 67, 0.6556, 43.8894, 33.3537, 28.5274, 0.2622, 167.00
85, 181, 112, -1, 0.6556, 22.9524, 22.6533, -3.6932, 0.2622, 177.00
85, 46, 130, 29, 0.5587, 25.1300, 18.6607, -16.8314, 0.3911, 162.29
85, 158, 124, 115, 0.6000, 0.3735, -0.2899, 0.2354, 0.6000, 110.73
85, 170, 128, 44, 0.9000, 2.3210, 2.3059, 0.2644, 0.9000, 241.58
85, 176, 31, -5, 0.5556, 6.2918, 2.6978, -5.6840, 0.2222, 211.75
85, 178, 73, 164, 0.5556, 41.1904, 3.0461, 41.0776, 0.2222, 173.00
86, 146, 53, 51, 1.0000, 0.2281, -0.2281, 0.0011, 1.0000, 228.77
86, 168, 116, 31, 0.9889, 1.2026, 1.2023, -0.0261, 0.9889, 176.70
86, 173, 101, 109, 1.0000, 1.4626, 1.2670, 0.7307, 1.0000, 123.86
86, 123, 125, 112, 1.0000, 2.0177, 2.0000, 0.2670, 1.0000, 125.62
86, 181, 125, 11, 0.7111, 17.5452, 13.9361, 10.6592, 0.3556, 167.60
86, 183, 19, 12, 0.6000, 1.1313, 0.7006, 0.8883, 0.1800, 227.33
86, 158, 124, 115, 0.5000, 0.3735, -0.2899, 0.2354, 0.5000, 110.73
86, 170, 131, 45, 0.8000, 2.3210, 2.3059, 0.2644, 0.8000, 241.58
86, 174, 88, -26, 0.5000, 53.8016, 42.8012, -32.5985, 0.1500, 205.33
86, 177, 157, 96, 0.5556, 43.8894, 33.3537, 28.5274, 0.2222, 167.00
87, 146, 45, 52, 1.0000, 7.7427, -7.7079, 0.7327, 1.0000, 226.86
87, 158, 125, 114, 1.0000, 0.1062, 0.0046, -0.1061, 1.0000, 110.82
87, 166, 4, 41, 0.6000, 11.5501, -11.3928, -1.8995, 0.1800, 200.00
87, 173, 104, 109, 1.0000, 2.4328, 2.4126, 0.3128, 1.0000, 122.63
87, 183, 20, 12, 0.7056, 1.0742, 1.0406, 0.2667, 0.2822, 229.75
87, 187, 54, 32, 0.6000, 9.5440, -9.4933, 0.9822, 0.1800, 209.67
87, 170, 133, 45, 0.7000, 2.3210, 2.3059, 0.2644, 0.7000, 241.58
87, 123, 127, 112, 0.9000, 2.0177, 2.0000, 0.2670, 0.9000, 125.62
87, 181, 139, 22, 0.6111, 17.5452, 13.9361, 10.6592, 0.3056, 167.60
88, 146, 27, 64, 1.0000, 19.5346, -16.4172, 10.5866, 1.0000, 225.00
88, 158, 127, 126, 1.0000, 11.5343, 1.7598, 11.3992, 1.0000, 109.37
88, 166, 2, 41, 0.6556, 3.2498, -3.2057, -0.5340, 0.2622, 204.25
88, 173, 105, 109, 1.0000, 1.5710, 1.5708, 0.0216, 1.0000, 121.78
88, 123, 123, 112, 1.0000, 1.2518, -1.2494, -0.0767, 1.0000, 122.07
88, 179, 53, 12, 0.6000, 19.3330, 2.7462, -19.1370, 0.1800, 203.33
88, 182, 23, 122, 0.6000, 13.5985, 13.3367, -2.6551, 0.1800, 148.50
88, 183, 20, 12, 0.7611, 0.2912, 0.2906, -0.0184, 0.3806, 229.60
88, 187, 45, 34, 0.6556, 9.5625, -9.3979, 1.7667, 0.2622, 206.50
88, 170, 135, 45, 0.6000, 2.3210, 2.3059, 0.2644, 0.6000, 241.58
89, 161, 2, 7, 0.6000, 9.4081, -3.8092, -8.6025, 0.1800, 205.00
89, 166, 3, 42, 0.7111, 1.3391, 1.0637, 0.8135, 0.3556, 208.80
89, 173, 107, 109, 1.0000, 1.7470, 1.7466, -0.0398, 1.0000, 121.09
89, 123, 113, 109, 1.0000, 9.7372, -9.4669, -2.2784, 1.0000, 119.67
89, 183, 21, 12, 0.8167, 0.7251, 0.7236, -0.0459, 0.4900, 233.33
89, 184, 108, 13, 0.6000, 7.1355, -0.8850, -7.0804, 0.1800, 158.33
89, 7, 70, 40, 0.5365, 12.8982, 9.9126, -8.2525, 0.5365, 200.07
89, 170, 138, 45, 0.5000, 2.3210, 2.3059, 0.2644, 0.5000, 241.58
89, 179, 56, -8, 0.5000, 19.3330, 2.7462, -19.1370, 0.1500, 203.33
89, 182, 36, 120, 0.5000, 13.5985, 13.3367, -2.6551, 0.1500, 148.50
89, 187, 36, 36, 0.5556, 9.5625, -9.3979, 1.7667, 0.2222, 206.50
90, 166, 4, 42, 0.7667, 0.9552, 0.8728, 0.3880, 0.4600, 211.33
90, 173, 109, 109, 1.0000, 1.9556, 1.9555, -0.0211, 1.0000, 120.31
90, 182, 40, 127, 0.6556, 8.7220, 8.2617, 2.7959, 0.2622, 158.12
90, 183, 22, 12, 0.8722, 0.9979, 0.9978, -0.0148, 0.6106, 236.00
90, 187, 19, 26, 0.7111, 14.1182, -13.3706, -4.5333, 0.3556, 211.20
90, 161, -2, -1, 0.5000, 9.4081, -3.8092, -8.6025, 0.1500, 205.00
90, 123, 103, 107, 0.9000, 9.7372, -9.4669, -2.2784, 0.9000, 119.67
90, 184, 107, 6, 0.5000, 7.1355, -0.8850, -7.0804, 0.1500, 158.33
91, 166, 4, 43, 0.8222, 0.8134, 0.1783, 0.7936, 0.5756, 216.86
91, 173, 111, 109, 1.0000, 2.0206, 2.0206, -0.0031, 1.0000, 119.97
91, 183, 22, 12, 0.9278, 0.2789, 0.2789, 0.0010, 0.7422, 238.38
91, 189, 11, 74, 0.6000, 21.9990, -15.9919, -15.1068, 0.1800, 180.33
91, 191, 64, 46, 0.6000, 34.1743, 3.3970, 34.0051, 0.1800, 224.67
91, 182, 49, 129, 0.5556, 8.7220, 8.2617, 2.7959, 0.2222, 158.12
92, 160, 63, 11, 0.6000, 0.9582, 0.9582, 0.0122, 0.1800, 223.67
92, 166, 5, 43, 0.8778, 0.7466, 0.7047, 0.2465, 0.7022, 217.00
92, 171, 23, 46, 0.6000, 13.7319, 12.4675, 5.7557, 0.1800, 202.33
92, 173, 113, 109, 1.0000, 2.0166, 2.0166, 0.0020, 1.0000, 120.28
92, 183, 17, 26, 0.9333, 12.9333, -4.5723, 12.0981, 0.8400, 234.78
92, 188, 29, 86, 0.6000, 2.0515, 1.8792, -0.8230, 0.1800, 182.50
92, 189, 6, 63, 0.6556, 12.2957, -5.7927, -10.8457, 0.2622, 183.75
92, 191, 55, 95, 0.6556, 47.3181, -7.2186, 46.7643, 0.2622, 210.00
93, 160, 64, 11, 0.7056, 1.0195, 1.0195, -0.0055, 0.2822, 230.50
93, 171, 41, 48, 0.6556, 17.1820, 17.0221, 2.3389, 0.2622, 204.00
93, 173, 114, 109, 1.0000, 1.3024, 1.3024, 0.0014, 1.0000, 120.69
93, 182, 63, 125, 0.7111, 7.5023, 7.3862, -1.3148, 0.3556, 155.30
93, 185, 14, 97, 0.6556, 6.0876, 3.1792, -5.1915, 0.2622, 173.00
93, 188, 30, 86, 0.7056, 1.3240, 1.2882, -0.3059, 0.2822, 182.62
93, 144, 27, 83, 0.5625, 43.6159, -11.5384, 42.0620, 0.2250, 203.50
93, 145, 39, 3, 0.5625, 54.2753, -47.2565, -26.6953, 0.2250, 179.50
93, 166, 6, 43, 0.7778, 0.7466, 0.7047, 0.2465, 0.6222, 217.00
93, 189, 0, 52, 0.5556, 12.2957, -5.7927, -10.8457, 0.2222, 183.75
93, 191, 48, 142, 0.5556, 47.3181, -7.2186, 46.7643, 0.2222, 210.00
94, 160, 65, 11, 0.7611, 1.0125, 1.0125, -0.0036, 0.3806, 234.40
94, 166, 5, 45, 0.9333, 1.0220, -0.0188, 1.0218, 0.8400, 215.22
94, 171, 66, 49, 0.7111, 23.7554, 23.6988, 1.6394, 0.3556, 213.60
94, 173, 116, 109, 1.0000, 1.6718, 1.6718, 0.0003, 1.0000, 120.39
94, 185, 13, 88, 0.7111, 8.5064, -0.2818, -8.5017, 0.3556, 172.60
94, 188, 26, 86, 0.7611, 3.5873, -3.5873, -0.0041, 0.3806, 181.90
94, 199, 86, 31, 0.6000, 25.2544, 21.6516, -12.9997, 0.1800, 193.00
94, 200, 53, 68, 0.6000, 21.3661, -10.2408, 18.7520, 0.1800, 208.50
94, 182, 70, 124, 0.6111, 7.5023, 7.3862, -1.3148, 0.3056, 155.30
95, 160, 67, 11, 0.8167, 1.7664, 1.7664, -0.0006, 0.4900, 232.50
95, 161, 2, 2, 0.6556, 2.1417, 1.2590, 1.7326, 0.2622, 209.00
95, 166, 6, 20, 0.9889, 22.4436, 0.7373, -22.4315, 0.9889, 212.50
95, 171, 100, 48, 0.7667, 33.3145, 33.3111, -0.4803, 0.4600, 204.67
95, 173, 118, 109, 1.0000, 1.9607, 1.9607, -0.0001, 1.0000, 120.20
95, 188, 25, 86, 0.8167, 1.5569, -1.5563, 0.0430, 0.4900, 183.58
95, 199, 90, 28, 0.6556, 7.0454, 6.0100, -3.6766, 0.2622, 188.25
95, 200, 49, 74, 0.6556, 9.0966, -5.1503, 7.4981, 0.2622, 206.12
95, 182, 78, 123, 0.5111, 7.5023, 7.3862, -1.3148, 0.2556, 155.30
95, 185, 13, 80, 0.6111, 8.5064, -0.2818, -8.5017, 0.3056, 172.60
96, 160, 68, 11, 0.8722, 1.2929, 1.2929, 0.0003, 0.6106, 234.00
96, 161, 24, 13, 0.7111, 23.9182, 21.3090, 10.8631, 0.3556, 214.90
96, 171, 119, 56, 0.8222, 21.7034, 20.7217, 6.4534, 0.5756, 191.29
96, 173, 120, 109, 1.0000, 2.0361, 2.0361, -0.0001, 1.0000, 120.15
96, 182, 80, 123, 0.7667, 5.3136, 5.2811, -0.5872, 0.4600, 149.08
96, 185, 27, 61, 0.7667, 16.2896, 7.9486, -14.2187, 0.4600, 180.67
96, 188, 22, 86, 0.8722, 2.3634, -2.3633, 0.0170, 0.6106, 183.36
96, 199, 88, 29, 0.7111, 0.7218, -0.6296, 0.3530, 0.3556, 185.80
96, 200, 28, 84, 0.7111, 22.1405, -19.6388, 10.2235, 0.3556, 202.90
97, 160, 69, 11, 0.9278, 1.0026, 1.0026, 0.0002, 0.7422, 234.25
97, 173, 122, 109, 1.0000, 2.0240, 2.0240, -0.0000, 1.0000, 120.50
97, 195, 77, 37, 0.6000, 70.9149, 20.1884, -67.9806, 0.1800, 162.67
97, 199, 87, 30, 0.7667, 1.3013, -1.1155, 0.6701, 0.4600, 183.50
97, 155, 32, 87, 0.5625, 0.0469, 0.0469, 0.0000, 0.2250, 183.00
97, 161, 45, 24, 0.6111, 23.9182, 21.3090, 10.8631, 0.3056, 214.90
97, 171, 140, 62, 0.7222, 21.7034, 20.7217, 6.4534, 0.5056, 191.29
97, 182, 85, 122, 0.6667, 5.3136, 5.2811, -0.5872, 0.4000, 149.08
97, 188, 20, 86, 0.7722, 2.3634, -2.3633, 0.0170, 0.5406, 183.36
97, 200, 8, 95, 0.6111, 22.1405, -19.6388, 10.2235, 0.3056, 202.90
98, 160, 71, 12, 0.9833, 1.8678, 1.7098, 0.7518, 0.8850, 233.22
98, 173, 124, 109, 1.0000, 2.0056, 2.0056, 0.0000, 1.0000, 121.06
98, 197, 6, 47, 0.7056, 0.7818, 0.0139, 0.7816, 0.2822, 200.00
98, 150, 96, 55, 0.5625, 24.8842, 24.0864, 6.2507, 0.2250, 220.50
98, 199, 87, 30, 0.8222, 0.3810, -0.3249, 0.1989, 0.5756, 182.14
98, 182, 91, 122, 0.5667, 5.3136, 5.2811, -0.5872, 0.3400, 149.08
98, 188, 17, 86, 0.6722, 2.3634, -2.3633, 0.0170, 0.4706, 183.36
98, 195, 98, -31, 0.5000, 70.9149, 20.1884, -67.9806, 0.1500, 162.67
99, 160, 72, 12, 1.0000, 1.3187, 1.2839, 0.3011, 1.0000, 234.40
99, 173, 126, 108, 1.0000, 2.1104, 1.9986, -0.6776, 1.0000, 120.15
99, 182, 104, 113, 0.8222, 9.4136, 8.5596, -3.9177, 0.5756, 141.36
99, 197, 7, 47, 0.7611, 0.8274, 0.7728, 0.2956, 0.3806, 205.40
99, 155, 35, 74, 0.6222, 7.1992, 1.6042, -7.0182, 0.3111, 185.20
99, 188, 15, 86, 0.5722, 2.3634, -2.3633, 0.0170, 0.4006, 183.36
100, 160, 85, 27, 1.0000, 17.5961, 11.4161, 13.3902, 1.0000, 228.82
100, 197, 7, 48, 0.8167, 0.8173, 0.2928, 0.7631, 0.4900, 208.00
100, 150, 127, 35, 0.6222, 18.8679, 14.4462, -12.1369, 0.3111, 199.60
100, 198, 44, 58, 0.6000, 33.1376, -26.4074, 20.0188, 0.1800, 207.33
100, 155, 34, 68, 0.6806, 6.6916, -1.1417, -6.5934, 0.4083, 186.67
100, 173, 128, 107, 0.9000, 2.1104, 1.9986, -0.6776, 0.9000, 120.15
100, 182, 112, 109, 0.7222, 9.4136, 8.5596, -3.9177, 0.5056, 141.36
101, 160, 88, 32, 1.0000, 7.0332, 4.4723, 5.4281, 1.0000, 224.33
101, 182, 120, 121, 0.8778, 9.6411, 7.9988, 5.3825, 0.7022, 133.69
101, 197, 7, 48, 0.8722, 0.2507, 0.0006, 0.2507, 0.6106, 212.43
101, 155, 16, 39, 0.7381, 31.2190, -16.0029, -26.8055, 0.5167, 190.57
101, 204, 73, 89, 0.6000, 12.7542, 11.5851, -5.3344, 0.1800, 164.67
101, 214, 110, 52, 0.6000, 2.1144, 1.8911, 0.9456, 0.1800, 146.00
101, 173, 130, 107, 0.8000, 2.1104, 1.9986, -0.6776, 0.8000, 120.15
101, 150, 141, 23, 0.5222, 18.8679, 14.4462, -12.1369, 0.2611, 199.60
101, 198, 18, 78, 0.5000, 33.1376, -26.4074, 20.0188, 0.1500, 207.33
102, 160, 88, 31, 1.0000, 0.2039, 0.0916, 0.1822, 1.0000, 220.62
102, 197, 10, 34, 0.8778, 12.3117, 2.2256, -12.1088, 0.7022, 211.12
102, 198, 16, 48, 0.6556, 15.0635, -12.5593, -8.3171, 0.2622, 207.75
102, 204, 75, 62, 0.6556, 24.0545, 3.6533, -23.7755, 0.2622, 168.50
102, 209, 76, 50, 0.6000, 28.0402, 17.0594, -22.2538, 0.1800, 201.33
102, 217, 60, 39, 0.6000, 52.7354, 22.4930, -47.6978, 0.1800, 189.33
102, 173, 132, 106, 0.7000, 2.1104, 1.9986, -0.6776, 0.7000, 120.15
102, 182, 128, 127, 0.7778, 9.6411, 7.9988, 5.3825, 0.6222, 133.69
102, 214, 112, 53, 0.5000, 2.1144, 1.8911, 0.9456, 0.1500, 146.00
103, 182, 127, 121, 0.9333, 3.0618, 2.9292, -0.8914, 0.8400, 126.94
103, 188, 0, 96, 0.9278, 3.9870, -3.4696, 1.9642, 0.7422, 182.81
103, 204, 75, 46, 0.7111, 17.2344, -0.1839, -17.2334, 0.3556, 176.00
103, 172, 40, 88, 0.5625, 12.0886, 2.7886, 11.7626, 0.2250, 194.50
103, 220, 41, 9, 0.6000, 8.5173, -2.0113, 8.2765, 0.1800, 211.67
103, 173, 134, 105, 0.6000, 2.1104, 1.9986, -0.6776, 0.6000, 120.15
103, 198, 3, 40, 0.5556, 15.0635, -12.5593, -8.3171, 0.2222, 207.75
103, 209, 93, 28, 0.5000, 28.0402, 17.0594, -22.2538, 0.1500, 201.33
103, 217, 82, -8, 0.5000, 52.7354, 22.4930, -47.6978, 0.1500, 189.33
104, 182, 127, 121, 0.9889, 0.5986, 0.3021, -0.5168, 0.9889, 121.75
104, 188, 1, 96, 0.9833, 0.5543, 0.5049, 0.2288, 0.8850, 181.94
104, 204, 74, 44, 0.7667, 3.1662, -0.6027, -3.1083, 0.4600, 182.50
104, 208, 78, 54, 0.6000, 16.7093, 14.5696, 8.1810, 0.1800, 205.00
104, 209, 83, 39, 0.6556, 4.0008, 1.5868, -3.6726, 0.2622, 199.00
104, 214, 113, 54, 0.7056, 1.0515, 0.8457, 0.6248, 0.2822, 142.75
104, 172, 40, 90, 0.6222, 3.5932, 0.7916, 3.5049, 0.3111, 193.60
104, 216, 8, 51, 0.6000, 5.3392, -0.0794, -5.3386, 0.1800, 202.67
104, 217, 79, 9, 0.6556, 13.4663, 7.9320, -10.8822, 0.2622, 202.50
104, 220, 35, 46, 0.6556, 33.8173, -5.7929, 33.3174, 0.2622, 207.75
104, 173, 136, 105, 0.5000, 2.1104, 1.9986, -0.6776, 0.5000, 120.15
105, 213, 32, 14, 0.6000, 5.2597, -4.5102, 2.7061, 0.1800, 233.33
105, 172, 41, 90, 0.6806, 0.7357, 0.6854, -0.2673, 0.4083, 191.50
105, 216, 9, 49, 0.7056, 1.8343, 0.7853, -1.6577, 0.2822, 205.50
105, 217, 81, 10, 0.7111, 2.5272, 2.4990, -0.3763, 0.3556, 202.20
105, 220, 6, 102, 0.7111, 59.9912, -26.2988, 53.9195, 0.3556, 197.80
105, 222, 12, 70, 0.6000, 58.4563, -49.6154, 30.9103, 0.1800, 190.67
105, 182, 128, 120, 0.8889, 0.5986, 0.3021, -0.5168, 0.8889, 121.75
105, 204, 73, 41, 0.6667, 3.1662, -0.6027, -3.1083, 0.4000, 182.50
105, 208, 92, 62, 0.5000, 16.7093, 14.5696, 8.1810, 0.1500, 205.00
105, 209, 85, 35, 0.5556, 4.0008, 1.5868, -3.6726, 0.2222, 199.00
105, 214, 114, 55, 0.6056, 1.0515, 0.8457, 0.6248, 0.2422, 142.75
106, 208, 82, 81, 0.6556, 13.7947, 0.5427, 13.7840, 0.2622, 198.62
106, 213, 31, 15, 0.6556, 2.1211, -1.3950, 1.5978, 0.2622, 238.75
106, 214, 85, 47, 0.7111, 16.7161, -16.2383, -3.9680, 0.3556, 157.60
106, 172, 44, 70, 0.7381, 17.5970, 2.4390, -17.4272, 0.5167, 193.57
106, 216, 9, 51, 0.7611, 0.9120, 0.3013, 0.8608, 0.3806, 209.20
106, 227, 3, 105, 0.6000, 31.4153, -18.7520, 25.2049, 0.1800, 184.83
106, 228, 1, 95, 0.6000, 8.7834, -7.4351, 4.6763, 0.1800, 177.33
106, 220, -20, 156, 0.6111, 59.9912, -26.2988, 53.9195, 0.3056, 197.80
106, 222, -38, 101, 0.5000, 58.4563, -49.6154, 30.9103, 0.1500, 190.67
107, 212, 28, 9, 0.6000, 10.4403, -10.0767, 2.7312, 0.1800, 215.00
107, 213, 33, 15, 0.7611, 0.8744, 0.8429, 0.2327, 0.3806, 241.60
107, 216, 11, 67, 0.7667, 15.1682, 1.5290, 15.0910, 0.4600, 204.83
107, 228, 0, 96, 0.6556, 2.4751, -2.1002, 1.3096, 0.2622, 179.50
107, 208, 82, 94, 0.5556, 13.7947, 0.5427, 13.7840, 0.2222, 198.62
107, 227, -16, 130, 0.5000, 31.4153, -18.7520, 25.2049, 0.1500, 184.83
108, 212, 8, 19, 0.6556, 21.0930, -18.9864, 9.1887, 0.2622, 212.75
108, 213, 34, 15, 0.8167, 1.2973, 1.2892, -0.1442, 0.4900, 242.67
108, 228, 0, 117, 0.7111, 18.9650, -0.5607, 18.9567, 0.3556, 169.80
108, 230, 80, 40, 0.6000, 23.9541, 14.9640, -18.7050, 0.1800, 209.00
109, 207, 23, 65, 0.6000, 66.3556, -63.9051, 17.8661, 0.1800, 189.33
109, 213, 35, 15, 0.8722, 1.1368, 1.1333, -0.0889, 0.6106, 243.43
109, 212, -11, 28, 0.5556, 21.0930, -18.9864, 9.1887, 0.2222, 212.75
109, 228, -1, 136, 0.6111, 18.9650, -0.5607, 18.9567, 0.3056, 169.80
109, 230, 95, 21, 0.5000, 23.9541, 14.9640, -18.7050, 0.1500, 209.00
110, 212, 3, 49, 0.7111, 15.6711, 0.0458, 15.6710, 0.3556, 211.60
110, 213, 35, 15, 0.9278, 0.2451, 0.2448, -0.0129, 0.7422, 242.00
110, 230, 88, 29, 0.6556, 4.5329, 2.4190, -3.8335, 0.2622, 199.50
110, 207, -41, 83, 0.5000, 66.3556, -63.9051, 17.8661, 0.1500, 189.33
111, 213, 37, 15, 0.9833, 1.4560, 1.4560, 0.0080, 0.8850, 240.72
111, 230, 91, 10, 0.7111, 17.5560, 2.9906, -17.2994, 0.3556, 190.00
111, 232, 69, 66, 0.6000, 58.5326, 26.6813, -52.0977, 0.1800, 167.33
111, 233, 31, 77, 0.6000, 45.6835, 8.8296, -44.8221, 0.1800, 175.67
111, 234, 3, 95, 0.6000, 26.3521, -12.0644, -23.4282, 0.1800, 181.67
112, 213, 37, 15, 1.0000, 0.5205, 0.5204, 0.0050, 1.0000, 241.85
112, 223, 86, 45, 0.6000, 80.3526, 80.1039, 6.3167, 0.1800, 204.67
112, 232, 89, 24, 0.6556, 48.6246, 21.0988, -43.8086, 0.2622, 164.00
112, 233, 62, 35, 0.6556, 50.7136, 27.7934, -42.4193, 0.2622, 182.00
112, 234, 1, 91, 0.6556, 7.3808, -3.4146, -6.5434, 0.2622, 183.75
112, 235, 27, 107, 0.6000, 24.9154, -13.9818, 20.6225, 0.1800, 178.00
113, 201, 50, 60, 0.6000, 9.5962, 5.7538, 7.6799, 0.1800, 211.67
113, 205, 95, 36, 0.6000, 0.9597, 0.9596, -0.0145, 0.1800, 170.00
113, 213, 37, 16, 1.0000, 0.7648, -0.0136, 0.7647, 1.0000, 241.41
113, 229, 80, 33, 0.6000, 60.3354, 51.4161, 31.5713, 0.1800, 210.33
113, 233, 91, 10, 0.7111, 39.2518, 28.9434, -26.5139, 0.3556, 181.20
113, 235, 17, 119, 0.6556, 16.6275, -9.9719, 13.3054, 0.2622, 174.25
113, 236, 8, 91, 0.6000, 7.9803, -7.9803, 0.0000, 0.1800, 177.00
113, 223, 166, 52, 0.5000, 80.3526, 80.1039, 6.3167, 0.1500, 204.67
113, 232, 110, -20, 0.5556, 48.6246, 21.0988, -43.8086, 0.2222, 164.00
113, 234, -3, 85, 0.5556, 7.3808, -3.4146, -6.5434, 0.2222, 183.75
114, 14, 104, 23, 0.5250, 24.6584, 8.6510, -23.0910, 0.3150, 172.67
114, 201, 50, 63, 0.6556, 3.7150, 0.8315, 3.6207, 0.2622, 212.00
114, 205, 106, 30, 0.6556, 11.3865, 10.0866, -5.2832, 0.2622, 165.00
114, 213, 38, 16, 1.0000, 0.7402, 0.6795, 0.2936, 1.0000, 240.88
114, 221, 92, 13, 0.6000, 22.5660, 22.5467, 0.9337, 0.1800, 194.33
114, 236, 3, 93, 0.6556, 5.7060, -5.5004, 1.5180, 0.2622, 175.50
114, 229, 132, 65, 0.5000, 60.3354, 51.4161, 31.5713, 0.1500, 210.33
114, 235, 7, 133, 0.5556, 16.6275, -9.9719, 13.3054, 0.2222, 174.25
115, 213, 39, 16, 1.0000, 1.0243, 1.0243, 0.0017, 1.0000, 239.35
115, 221, 97, 14, 0.6556, 7.3107, 7.2379, 1.0296, 0.2622, 203.75
115, 234, 14, 78, 0.7111, 7.4201, 6.3371, -3.8600, 0.3556, 182.80
115, 236, 2, 92, 0.7111, 0.9933, -0.9725, -0.2024, 0.3556, 174.50
115, 201, 51, 66, 0.5556, 3.7150, 0.8315, 3.6207, 0.2222, 212.00
115, 205, 117, 25, 0.5556, 11.3865, 10.0866, -5.2832, 0.2222, 165.00
116, 14, 96, 13, 0.5841, 6.1156, -5.3267, -3.0046, 0.4089, 179.43
116, 205, 112, 22, 0.7111, 4.0728, 1.4507, -3.8057, 0.3556, 160.00
116, 213, 40, 16, 1.0000, 1.0573, 1.0564, -0.0423, 1.0000, 239.61
116, 221, 105, 22, 0.7111, 10.8020, 8.1197, 7.1241, 0.3556, 192.30
116, 236, 3, 93, 0.7667, 0.6343, 0.4304, 0.4660, 0.4600, 174.58
116, 238, 29, 53, 0.6000, 18.2615, 6.2818, -17.1470, 0.1800, 205.67
117, 14, 96, 13, 0.6424, 0.5183, -0.3116, 0.4142, 0.5139, 181.50
117, 213, 40, 16, 1.0000, 0.2675, 0.2670, -0.0170, 1.0000, 240.23
117, 236, 5, 102, 0.8222, 8.8035, 1.8337, 8.6104, 0.5756, 173.50
117, 238, 54, 28, 0.6556, 32.9024, 22.3918, -24.1075, 0.2622, 199.75
117, 186, 37, 54, 0.5625, 57.2504, 30.5600, -48.4117, 0.2250, 179.50
117, 240, 23, 114, 0.6000, 18.0119, 8.4642, 15.8993, 0.1800, 158.67
117, 221, 113, 29, 0.6111, 10.8020, 8.1197, 7.1241, 0.3056, 192.30
118, 213, 23, 23, 1.0000, 16.1484, -15.0004, 5.9798, 1.0000, 238.22
118, 221, 127, 27, 0.7667, 11.5888, 11.3966, 2.1022, 0.4600, 179.75
118, 236, 2, 120, 0.8778, 16.3868, -2.4181, 16.2074, 0.7022, 170.44
118, 238, 74, 13, 0.7111, 25.6953, 19.6527, -16.5536, 0.3556, 196.20
118, 186, 44, 15, 0.6222, 41.8676, 10.7322, -40.4687, 0.3111, 187.80
118, 139, 65, 44, 0.5400, 17.9960, -15.8054, -8.6050, 0.2700, 205.40
118, 240, 31, 130, 0.5000, 18.0119, 8.4642, 15.8993, 0.1500, 158.67
119, 14, 99, 15, 0.7572, 1.4035, 1.3335, 0.4378, 0.7572, 186.05
119, 201, 54, 93, 0.7111, 6.9320, 0.8344, 6.8816, 0.3556, 204.20
119, 139, 43, 19, 0.6000, 30.9823, -21.0674, -22.7171, 0.3600, 213.67
119, 221, 138, 29, 0.6667, 11.5888, 11.3966, 2.1022, 0.4000, 179.75
119, 236, -1, 136, 0.7778, 16.3868, -2.4181, 16.2074, 0.6222, 170.44
119, 238, 93, -4, 0.6111, 25.6953, 19.6527, -16.5536, 0.3056, 196.20
119, 186, 55, -26, 0.5222, 41.8676, 10.7322, -40.4687, 0.2611, 187.80
120, 215, 7, 73, 0.6000, 18.5171, 6.7091, 17.2589, 0.1800, 189.00
120, 240, 27, 124, 0.6556, 0.2143, 0.0003, 0.2143, 0.2622, 159.00
120, 139, 39, 14, 0.6587, 9.1828, -5.6716, -7.2220, 0.4611, 219.57
120, 221, 150, 32, 0.5667, 11.5888, 11.3966, 2.1022, 0.3400, 179.75
120, 236, -3, 152, 0.6778, 16.3868, -2.4181, 16.2074, 0.5422, 170.44
121, 14, 86, 31, 0.8708, 5.2627, -3.3812, 4.0328, 0.8708, 184.21
121, 203, 76, 14, 0.6000, 11.6496, 8.7094, 7.7369, 0.1800, 183.78
121, 225, 19, 31, 0.6556, 23.8676, 4.5429, -23.4312, 0.2622, 203.25
121, 240, 27, 123, 0.7111, 0.4931, -0.2504, -0.4248, 0.3556, 157.00
121, 215, 13, 91, 0.5000, 18.5171, 6.7091, 17.2589, 0.1500, 189.00
121, 236, -5, 168, 0.5778, 16.3868, -2.4181, 16.2074, 0.4622, 170.44
122, 203, 102, 37, 0.6556, 32.0144, 24.2157, 20.9409, 0.2622, 176.83
122, 215, 19, 92, 0.6556, 10.2177, 6.0927, 8.2024, 0.2622, 184.50
122, 192, 109, 42, 0.5625, 1.4430, 1.0901, -0.9456, 0.2250, 172.88
122, 225, 24, 8, 0.5556, 23.8676, 4.5429, -23.4312, 0.2222, 203.25
123, 203, 113, 44, 0.7111, 15.2139, 12.3064, 8.9451, 0.3556, 169.87
123, 215, 46, 99, 0.7111, 25.9568, 24.8298, 7.5654, 0.3556, 181.60
123, 225, 44, 16, 0.7111, 14.7342, 13.7651, -5.2553, 0.3556, 213.60
123, 238, 105, 16, 0.9333, 0.6713, 0.6427, -0.1939, 0.8400, 208.00
123, 192, 114, 24, 0.6222, 16.8894, 4.7804, -16.1987, 0.3111, 167.10
124, 192, 116, 19, 0.6806, 6.0804, 1.6216, -5.8601, 0.4083, 163.42
124, 248, 28, 111, 0.6000, 18.7381, 17.7028, 6.1423, 0.1800, 158.50
124, 196, 69, 116, 0.5625, 27.6335, -25.2518, -11.2230, 0.2250, 111.75
125, 203, 115, 41, 0.8222, 1.4687, -0.0306, -1.4683, 0.5756, 166.12
125, 248, 50, 102, 0.6556, 22.7073, 21.5432, -7.1771, 0.2622, 161.62
125, 196, 31, 94, 0.6222, 41.5071, -36.5082, -19.7482, 0.3111, 124.60
125, 192, 117, 13, 0.5806, 6.0804, 1.6216, -5.8601, 0.3483, 163.42
126, 225, 47, 18, 0.8778, 1.1006, 0.3209, 1.0528, 0.7022, 223.25
126, 248, 78, 86, 0.7111, 30.8329, 26.9819, -14.9213, 0.3556, 163.30
126, 196, 12, 69, 0.6806, 32.4249, -20.7982, -24.8759, 0.4083, 135.83
127, 248, 105, 72, 0.6111, 30.8329, 26.9819, -14.9213, 0.3056, 163.30
128, 248, 125, 57, 0.7667, 27.4357, 23.1532, -14.7190, 0.4600, 153.92
128, 251, 17, 9, 0.6000, 0.9937, 0.9937, 0.0000, 0.1800, 230.17
128, 206, 26, 27, 0.5625, 14.9435, -14.9171, -0.8883, 0.2250, 201.50
129, 246, 14, 108, 0.6000, 20.5156, 9.2168, 18.3287, 0.1800, 169.33
129, 250, 113, 42, 0.6000, 1.0395, 1.0377, 0.0610, 0.1800, 141.33
129, 251, 18, 10, 0.7056, 1.2617, 1.0079, 0.7590, 0.2822, 227.25
129, 206, 5, 24, 0.6222, 20.2050, -20.0459, -2.5310, 0.3111, 201.40
129, 254, 48, 61, 0.6000, 61.2558, 18.7010, 58.3314, 0.1800, 207.00
129, 248, 148, 42, 0.6667, 27.4357, 23.1532, -14.7190, 0.4000, 153.92
130, 250, 114, 42, 0.7056, 0.9909, 0.9907, -0.0207, 0.2822, 140.25
130, 251, 20, 12, 0.7611, 2.5274, 1.7671, 1.8071, 0.3806, 223.00
130, 253, 63, 75, 0.6000, 39.5379, -25.5747, 30.1526, 0.1800, 182.33
130, 254, 83, 125, 0.6556, 70.9521, 32.2960, 63.1757, 0.2622, 182.50
130, 194, 70, 84, 0.5625, 1.4614, -0.9353, -1.1230, 0.2250, 183.50
130, 211, 65, 97, 0.5625, 1.3562, 0.9822, 0.9353, 0.2250, 155.00
130, 256, 122, 37, 0.6000, 1.3890, 0.9822, -0.9822, 0.1800, 146.67
130, 246, 24, 126, 0.5000, 20.5156, 9.2168, 18.3287, 0.1500, 169.33
130, 248, 172, 28, 0.5667, 27.4357, 23.1532, -14.7190, 0.3400, 153.92
130, 206, -15, 22, 0.5222, 20.2050, -20.0459, -2.5310, 0.2611, 201.40
131, 250, 115, 43, 0.7611, 1.2415, 0.9916, 0.7471, 0.3806, 140.00
131, 251, 20, 11, 0.8167, 1.0864, 0.5271, -0.9500, 0.4900, 224.17
131, 252, 36, 14, 0.6000, 11.0792, 10.7387, 2.7255, 0.1800, 208.67
131, 253, 47, 117, 0.6556, 43.9929, -16.5511, 40.7607, 0.2622, 171.50
131, 255, 17, 64, 0.6000, 7.5418, 6.1423, 4.3760, 0.1800, 197.67
131, 194, 68, 83, 0.6722, 2.0331, -1.7715, -0.9976, 0.3361, 181.60
131, 211, 66, 97, 0.6722, 1.0453, 1.0119, 0.2619, 0.3361, 155.80
131, 256, 125, 38, 0.7056, 2.5701, 2.5215, 0.4976, 0.2822, 144.00
131, 258, 95, 43, 0.6000, 30.5055, -19.5934, 23.3813, 0.1800, 186.33
131, 254, 115, 188, 0.5556, 70.9521, 32.2960, 63.1757, 0.2222, 182.50
132, 246, 49, 120, 0.6556, 12.0789, 12.0527, 0.7947, 0.2622, 163.50
132, 250, 116, 43, 0.8167, 1.0389, 0.9981, 0.2881, 0.4900, 139.83
132, 251, 21, 10, 0.8722, 0.9451, 0.7069, -0.6273, 0.6106, 228.14
132, 255, 20, 65, 0.6556, 3.4772, 2.7213, 2.1647, 0.2622, 200.50
132, 194, 67, 82, 0.7306, 1.6235, -1.2921, -0.9830, 0.4383, 184.50
132, 211, 68, 97, 0.7306, 1.7704, 1.7703, -0.0263, 0.4383, 159.50
132, 256, 127, 37, 0.7611, 2.3686, 2.3251, -0.4518, 0.3806, 145.60
132, 219, 51, 114, 0.5625, 10.2498, -6.1855, 8.1730, 0.2250, 149.75
132, 258, 52, 87, 0.6556, 57.1044, -39.4701, 41.2678, 0.2622, 183.00
132, 252, 47, 16, 0.5000, 11.0792, 10.7387, 2.7255, 0.1500, 208.67
132, 253, 31, 158, 0.5556, 43.9929, -16.5511, 40.7607, 0.2222, 171.50
133, 231, 69, 39, 0.6000, 51.5306, 32.8909, -39.6686, 0.1800, 182.33
133, 246, 51, 119, 0.7111, 2.3264, 2.2965, -0.3720, 0.3556, 158.60
133, 250, 118, 44, 0.8722, 1.9189, 1.7608, 0.7628, 0.6106, 137.43
133, 251, 28, 2, 0.8778, 9.3147, 6.2464, -6.9099, 0.7022, 227.12
133, 252, 52, 19, 0.6556, 8.2140, 7.7901, 2.6048, 0.2622, 216.00
133, 255, 19, 66, 0.7111, 0.9993, 0.1889, 0.9813, 0.3556, 201.60
133, 194, 70, 76, 0.7881, 6.2537, 2.8230, -5.5803, 0.5517, 184.71
133, 211, 69, 98, 0.7881, 1.4772, 1.2919, 0.7162, 0.5517, 161.14
133, 259, 81, 41, 0.6000, 67.4252, 22.1980, -63.6664, 0.1800, 159.67
133, 261, 90, 7, 0.6000, 40.2125, 38.3453, -12.1113, 0.1800, 219.33
133, 256, 129, 37, 0.6611, 2.3686, 2.3251, -0.4518, 0.3306, 145.60
133, 258, 13, 128, 0.5556, 57.1044, -39.4701, 41.2678, 0.2222, 183.00
134, 231, 98, 17, 0.6556, 38.0163, 29.2459, -24.2881, 0.2622, 171.50
134, 250, 118, 44, 0.9278, 0.5978, 0.5406, 0.2552, 0.7422, 135.62
134, 252, 54, 19, 0.7111, 2.3732, 2.3072, 0.5556, 0.3556, 222.40
134, 255, 19, 66, 0.7667, 0.3298, -0.3245, 0.0589, 0.4600, 203.50
134, 211, 65, 84, 0.7951, 13.1375, -3.5610, -12.6457, 0.6361, 163.75
134, 262, 7, 47, 0.6000, 35.9190, -16.8815, 31.7047, 0.1800, 205.00
134, 267, 47, 85, 0.6000, 37.0921, 27.1692, -25.2518, 0.1800, 173.67
134, 251, 34, -5, 0.7778, 9.3147, 6.2464, -6.9099, 0.6222, 227.12
134, 194, 73, 70, 0.6881, 6.2537, 2.8230, -5.5803, 0.4817, 184.71
134, 256, 132, 36, 0.5611, 2.3686, 2.3251, -0.4518, 0.2806, 145.60
134, 259, 103, -22, 0.5000, 67.4252, 22.1980, -63.6664, 0.1500, 159.67
134, 261, 129, -6, 0.5000, 40.2125, 38.3453, -12.1113, 0.1500, 219.33
135, 252, 69, 17, 0.7667, 13.6902, 13.5850, -1.6938, 0.4600, 215.50
135, 255, 20, 67, 0.8222, 0.8884, 0.6125, 0.6435, 0.5756, 205.43
135, 219, 21, 112, 0.6222, 10.9706, -10.6327, -2.7018, 0.3111, 151.00
135, 262, 0, 103, 0.6556, 52.5092, -7.7290, 51.9372, 0.2622, 193.25
135, 263, 36, 89, 0.6000, 32.9750, 10.6244, 31.2165, 0.1800, 201.10
135, 267, 69, 75, 0.6556, 25.8329, 22.6866, -12.3555, 0.2622, 176.57
135, 231, 127, -7, 0.5556, 38.0163, 29.2459, -24.2881, 0.2222, 171.50
135, 250, 119, 44, 0.8278, 0.5978, 0.5406, 0.2552, 0.6622, 135.62
135, 251, 40, -12, 0.6778, 9.3147, 6.2464, -6.9099, 0.5422, 227.12
135, 194, 76, 65, 0.5881, 6.2537, 2.8230, -5.5803, 0.4117, 184.71
136, 251, 28, 1, 0.9333, 1.7656, -1.3969, 1.0798, 0.8400, 226.33
136, 255, 20, 67, 0.8778, 0.3679, 0.2813, 0.2372, 0.7022, 206.12
136, 194, 65, 50, 0.7951, 9.7468, -2.8023, -9.3352, 0.6361, 186.75
136, 219, 16, 107, 0.6806, 7.2565, -5.3513, -4.9010, 0.4083, 152.00
136, 263, 59, 112, 0.6556, 32.1973, 21.5052, 23.9622, 0.2622, 190.32
136, 267, 70, 61, 0.7111, 13.8345, 3.2498, -13.4474, 0.3556, 181.06
136, 250, 119, 45, 0.7278, 0.5978, 0.5406, 0.2552, 0.5822, 135.62
136, 252, 83, 16, 0.6667, 13.6902, 13.5850, -1.6938, 0.4000, 215.50
136, 262, -7, 154, 0.5556, 52.5092, -7.7290, 51.9372, 0.2222, 193.25
137, 249, 55, 20, 0.7056, 1.0696, 0.7623, 0.7503, 0.2822, 238.50
137, 255, 20, 68, 0.9333, 0.7609, 0.0181, 0.7606, 0.8400, 204.11
137, 219, 10, 105, 0.7381, 6.6491, -5.9593, -2.9491, 0.5167, 154.14
137, 260, 14, 126, 0.7056, 0.0196, 0.0139, -0.0139, 0.2822, 151.50
137, 263, 64, 115, 0.7111, 8.0546, 6.5354, 4.7081, 0.3556, 182.06
137, 173, 127, 125, 0.5150, 6.3422, 2.8883, 5.6464, 0.5150, 87.47
137, 250, 120, 45, 0.6278, 0.5978, 0.5406, 0.2552, 0.5022, 135.62
137, 252, 96, 14, 0.5667, 13.6902, 13.5850, -1.6938, 0.3400, 215.50
137, 267, 73, 48, 0.6111, 13.8345, 3.2498, -13.4474, 0.3056, 181.06
138, 249, 56, 20, 0.7611, 1.0794, 1.0443, 0.2732, 0.3806, 241.80
138, 255, 21, 68, 0.9889, 0.7734, 0.7298, 0.2559, 0.9889, 203.80
138, 273, 59, 92, 0.6000, 49.6044, 33.6691, 36.4279, 0.1800, 199.67
138, 250, 120, 45, 0.5278, 0.5978, 0.5406, 0.2552, 0.4222, 135.62
138, 260, 14, 126, 0.6056, 0.0196, 0.0139, -0.0139, 0.2422, 151.50
138, 263, 70, 119, 0.6111, 8.0546, 6.5354, 4.7081, 0.3056, 182.06
139, 241, 68, 3, 0.6000, 44.8827, -11.5583, -43.3689, 0.1800, 191.00
139, 249, 57, 20, 0.8167, 1.0515, 1.0515, -0.0052, 0.4900, 239.33
139, 250, 126, 58, 0.9833, 4.0777, 1.8868, 3.6149, 0.8850, 133.00
139, 255, 21, 69, 1.0000, 0.7999, 0.2761, 0.7507, 1.0000, 204.64
139, 278, 41, 98, 0.6000, 22.2970, 17.0989, -14.3103, 0.1800, 168.33
139, 260, 14, 126, 0.5056, 0.0196, 0.0139, -0.0139, 0.2022, 151.50
139, 273, 93, 129, 0.5000, 49.6044, 33.6691, 36.4279, 0.1500, 199.67
140, 249, 63, 13, 0.8222, 8.2816, 5.5752, -6.1239, 0.5756, 231.00
140, 250, 123, 63, 1.0000, 5.7441, -3.0947, 4.8392, 1.0000, 130.70
140, 255, 22, 70, 1.0000, 1.2684, 0.7629, 1.0133, 1.0000, 204.25
140, 260, 18, 126, 0.7611, 1.6441, 1.6441, -0.0003, 0.3806, 150.50
140, 271, 33, 45, 0.6000, 40.8830, 24.5694, 32.6766, 0.1800, 213.00
140, 278, 60, 81, 0.6556, 25.0157, 18.8058, -16.4963, 0.2622, 174.25
140, 241, 57, -41, 0.5000, 44.8827, -11.5583, -43.3689, 0.1500, 191.00
141, 249, 82, 7, 0.8778, 18.2644, 17.1927, -6.1644, 0.7022, 223.50
141, 250, 122, 65, 1.0000, 2.4291, -1.2678, 2.0720, 1.0000, 129.86
141, 255, 22, 70, 1.0000, 0.3743, 0.2511, 0.2775, 1.0000, 203.92
141, 278, 102, 51, 0.7111, 49.0143, 39.7901, -28.6208, 0.3556, 170.20
141, 260, 20, 126, 0.6611, 1.6441, 1.6441, -0.0003, 0.3306, 150.50
141, 271, 58, 77, 0.5000, 40.8830, 24.5694, 32.6766, 0.1500, 213.00
142, 250, 121, 68, 1.0000, 3.2429, -0.8165, 3.1384, 1.0000, 127.96
142, 255, 22, 71, 1.0000, 0.7201, -0.0141, 0.7200, 1.0000, 203.21
142, 260, 20, 127, 0.8167, 1.1116, 0.9624, 0.5564, 0.4900, 150.42
142, 271, 90, 95, 0.6556, 37.3174, 28.6215, 23.9458, 0.2622, 195.25
142, 226, 106, 91, 0.5625, 1.4226, 1.0291, 0.9822, 0.2250, 110.25
142, 278, 142, 23, 0.6111, 49.0143, 39.7901, -28.6208, 0.3056, 170.20
143, 247, 28, 53, 0.6000, 45.3680, 9.6371, -44.3326, 0.1800, 187.67
143, 250, 122, 68, 1.0000, 0.6442, 0.6161, 0.1882, 1.0000, 126.50
143, 281, 45, 97, 0.6000, 45.3190, 37.0197, -26.1409, 0.1800, 160.00
143, 226, 107, 92, 0.6722, 1.4277, 1.0071, 1.0119, 0.3361, 108.80
143, 237, 66, 3, 0.5625, 36.5228, 35.5396, -8.4173, 0.2250, 231.00
143, 255, 22, 72, 0.9000, 0.7201, -0.0141, 0.7200, 0.9000, 203.21
143, 260, 21, 128, 0.7167, 1.1116, 0.9624, 0.5564, 0.4300, 150.42
143, 271, 118, 119, 0.5556, 37.3174, 28.6215, 23.9458, 0.2222, 195.25
144, 247, 33, 12, 0.6556, 41.1356, 5.6439, -40.7466, 0.2622, 194.00
144, 250, 121, 68, 1.0000, 0.5234, -0.3834, 0.3563, 1.0000, 125.46
144, 255, 33, 64, 1.0000, 7.1513, 6.0147, -3.8686, 1.0000, 202.63
144, 260, 49, 115, 0.8222, 18.0348, 16.5122, -7.2526, 0.5756, 150.36
144, 270, 100, 96, 0.6556, 6.6499, -3.5069, -5.6501, 0.2622, 90.25
144, 281, 70, 75, 0.6556, 35.4026, 26.6417, -23.3145, 0.2622, 165.50
144, 226, 108, 93, 0.7306, 1.4181, 0.9988, 1.0067, 0.4383, 109.33
145, 266, 28, 63, 0.6000, 32.9144, -0.9337, -32.9012, 0.1800, 187.00
145, 270, 84, 95, 0.7111, 15.5844, -15.5708, -0.6518, 0.3556, 97.40
145, 271, 103, 98, 0.7111, 4.8243, -1.5844, -4.5567, 0.3556, 178.00
145, 281, 88, 33, 0.7111, 44.0133, 19.4434, -39.4857, 0.3556, 166.80
145, 226, 89, 97, 0.7381, 16.9067, -16.5827, 3.2940, 0.5167, 112.71
145, 193, 77, 102, 0.5400, 48.6471, 46.7614, -13.4129, 0.2700, 146.20
145, 247, 38, -28, 0.5556, 41.1356, 5.6439, -40.7466, 0.2222, 194.00
145, 250, 121, 68, 0.9000, 0.5234, -0.3834, 0.3563, 0.9000, 125.46
146, 250, 121, 70, 1.0000, 1.0829, -0.0723, 1.0805, 1.0000, 124.43
146, 266, 31, 39, 0.6556, 25.4901, 2.7558, -25.3407, 0.2622, 193.50
146, 193, 113, 94, 0.6000, 37.8545, 36.8565, -8.6351, 0.3600, 139.00
146, 190, 29, 49, 0.5400, 0.0664, 0.0469, -0.0469, 0.2700, 221.00
146, 281, 108, -6, 0.6111, 44.0133, 19.4434, -39.4857, 0.3056, 166.80
147, 250, 112, 91, 1.0000, 20.9601, -7.6819, 19.5017, 1.0000, 122.47
147, 266, 31, 19, 0.7111, 20.2869, -0.3939, -20.2830, 0.3556, 196.00
147, 282, 56, 100, 0.6000, 41.3221, -33.4885, -24.2082, 0.1800, 130.67
147, 190, 29, 48, 0.6500, 0.7500, -0.0048, -0.7500, 0.3900, 218.00
147, 193, 150, 86, 0.5000, 37.8545, 36.8565, -8.6351, 0.3000, 139.00
148, 190, 30, 47, 0.7087, 1.2799, 0.7556, -1.0331, 0.4961, 217.29
148, 244, 36, 111, 0.5625, 38.4924, 12.1583, 36.5218, 0.2250, 196.75
148, 266, 30, -1, 0.6111, 20.2869, -0.3939, -20.2830, 0.3056, 196.00
148, 282, 23, 75, 0.5000, 41.3221, -33.4885, -24.2082, 0.1500, 130.67
149, 210, 34, 89, 0.5625, 28.2952, -3.8689, -28.0294, 0.2250, 151.50
149, 277, 3, 26, 0.6000, 78.0290, 1.8734, -78.0065, 0.1800, 179.00
149, 190, 30, 47, 0.7667, 0.4055, 0.2888, -0.2846, 0.6133, 216.75
149, 239, 68, 29, 0.5625, 65.1650, 64.5778, 8.7284, 0.2250, 200.50
149, 288, 33, 119, 0.6000, 1.3562, 0.9822, 0.9353, 0.1800, 154.00
150, 210, 6, 77, 0.6222, 28.9910, -25.1756, -14.3759, 0.3111, 156.80
150, 190, 31, 46, 0.8241, 1.0484, 0.7619, -0.7201, 0.7417, 218.78
150, 288, 32, 107, 0.6556, 10.3169, -0.4976, -10.3049, 0.2622, 154.75
150, 289, 65, 23, 0.6000, 1.3562, 0.9822, 0.9353, 0.1800, 233.50
150, 277, 5, -52, 0.5000, 78.0290, 1.8734, -78.0065, 0.1500, 179.00
151, 190, 31, 45, 0.8811, 1.0271, 0.2547, -0.9950, 0.8811, 220.40
151, 245, 5, 84, 0.5625, 0.0794, 0.0794, 0.0000, 0.2250, 179.38
151, 288, 27, 96, 0.7111, 11.8405, -4.8929, -10.7823, 0.3556, 162.60
151, 289, 66, 23, 0.7056, 1.0453, 1.0119, 0.2619, 0.2822, 231.88
151, 210, -20, 62, 0.5222, 28.9910, -25.1756, -14.3759, 0.2611, 156.80
152, 280, 92, 121, 0.6000, 12.6820, 12.3588, -2.8452, 0.1800, 111.00
152, 190, 32, 45, 0.9379, 0.7944, 0.7406, -0.2874, 0.9379, 221.09
152, 245, 7, 84, 0.6722, 1.4990, 1.4990, 0.0000, 0.3361, 178.10
152, 288, 25, 94, 0.7667, 3.1664, -1.7930, -2.6099, 0.4600, 168.00
152, 289, 66, 23, 0.7611, 0.2446, 0.2432, -0.0263, 0.3806, 234.30
152, 290, 101, 2, 0.6000, 0.9364, 0.0469, 0.9353, 0.1800, 171.33
153, 196, 47, 125, 1.0000, 6.7235, 6.3211, 2.2911, 1.0000, 177.78
153, 276, 39, 122, 0.6000, 38.4077, 33.3477, 19.0548, 0.1800, 155.00
153, 280, 109, 105, 0.6556, 21.7690, 16.3168, -14.4101, 0.2622, 106.75
153, 190, 32, 44, 0.9944, 0.7607, 0.2589, -0.7153, 0.9944, 221.17
153, 245, 8, 85, 0.7306, 1.5138, 1.3074, 0.7631, 0.4383, 178.58
153, 289, 67, 23, 0.8167, 0.7113, 0.7097, -0.0482, 0.4900, 237.75
153, 290, 101, 32, 0.6556, 25.9242, -0.0048, 25.9242, 0.2622, 163.00
153, 288, 24, 92, 0.6667, 3.1664, -1.7930, -2.6099, 0.4000, 168.00
154, 276, 81, 128, 0.6556, 41.0007, 40.2925, 7.5876, 0.2622, 147.00
154, 280, 120, 82, 0.7111, 25.1202, 11.2453, -22.4626, 0.3556, 108.40
154, 190, 32, 43, 1.0000, 0.9909, -0.0055, -0.9909, 1.0000, 221.77
154, 245, 24, 80, 0.7381, 15.4118, 14.8013, -4.2945, 0.5167, 184.21
154, 288, 40, 71, 0.8222, 15.8978, 8.8068, -13.2356, 0.5756, 173.57
154, 289, 49, 19, 0.8222, 16.1847, -15.7283, -3.8162, 0.5756, 232.64
154, 290, 95, 68, 0.7111, 35.7695, -5.3527, 35.3667, 0.3556, 161.60
154, 292, 36, 9, 0.6000, 2.6248, -0.8011, 2.4995, 0.1800, 213.00
154, 295, 16, 115, 0.6000, 27.1034, -13.9446, 23.2410, 0.1800, 187.67
155, 190, 33, 42, 1.0000, 1.2517, 0.6979, -1.0391, 1.0000, 223.00
155, 290, 75, 104, 0.7667, 40.0206, -18.0925, 35.6974, 0.4600, 159.50
155, 291, 105, 26, 0.6000, 32.7298, 32.7162, 0.9461, 0.1800, 172.00
155, 292, 16, 29, 0.6556, 25.5055, -17.7503, 18.3154, 0.2622, 209.75
155, 276, 121, 136, 0.5556, 41.0007, 40.2925, 7.5876, 0.2222, 147.00
155, 280, 131, 59, 0.6111, 25.1202, 11.2453, -22.4626, 0.3056, 108.40
155, 295, 2, 138, 0.5000, 27.1034, -13.9446, 23.2410, 0.1500, 187.67
156, 268, 11, 85, 0.6000, 13.8724, 7.6888, 11.5466, 0.1800, 174.67
156, 190, 33, 42, 1.0000, 0.4064, 0.2919, -0.2827, 1.0000, 225.13
156, 290, 50, 129, 0.8222, 35.6990, -24.5337, 25.9329, 0.5756, 158.14
156, 295, 15, 115, 0.6556, 3.7884, 1.4348, -3.5061, 0.2622, 183.50
156, 280, 142, 37, 0.5111, 25.1202, 11.2453, -22.4626, 0.2556, 108.40
156, 291, 137, 27, 0.5000, 32.7298, 32.7162, 0.9461, 0.1500, 172.00
156, 292, -2, 48, 0.5556, 25.5055, -17.7503, 18.3154, 0.2222, 209.75
157, 268, 13, 86, 0.6556, 4.2625, 2.8636, 3.1574, 0.2622, 174.75
157, 190, 34, 41, 1.0000, 1.0176, 0.7471, -0.6909, 1.0000, 225.50
157, 298, 57, 105, 0.6556, 21.5486, 14.4191, -16.0135, 0.2622, 152.75
157, 290, 26, 155, 0.7222, 35.6990, -24.5337, 25.9329, 0.5056, 158.14
157, 295, 16, 111, 0.5556, 3.7884, 1.4348, -3.5061, 0.2222, 183.50
158, 268, 13, 86, 0.7111, 0.8847, 0.8193, -0.3337, 0.3556, 174.80
158, 190, 34, 40, 1.0000, 1.0165, 0.2747, -0.9787, 1.0000, 225.47
158, 294, 10, 24, 0.6000, 25.3681, -22.5328, 11.6540, 0.1800, 213.00
158, 298, 93, 102, 0.7111, 34.5956, 34.3131, -4.4124, 0.3556, 145.20
158, 300, 85, 35, 0.6000, 69.5823, 27.9641, -63.7158, 0.1800, 168.67
158, 301, 71, 25, 0.6000, 1.2271, 0.7944, 0.9353, 0.1800, 220.33
158, 290, 1, 181, 0.6222, 35.6990, -24.5337, 25.9329, 0.4356, 158.14
159, 190, 40, 26, 1.0000, 12.9093, 5.0599, -11.8764, 1.0000, 227.11
159, 294, 5, 27, 0.6556, 8.2611, -6.9820, 4.4156, 0.2622, 210.50
159, 301, 72, 25, 0.7056, 1.0638, 1.0310, 0.2619, 0.2822, 227.25
159, 268, 14, 85, 0.6111, 0.8847, 0.8193, -0.3337, 0.3056, 174.80
159, 300, 113, -29, 0.5000, 69.5823, 27.9641, -63.7158, 0.1500, 168.67
160, 268, 17, 94, 0.7667, 5.0187, 1.9090, 4.6415, 0.4600, 174.00
160, 190, 42, 22, 1.0000, 5.7986, 2.8868, -5.0290, 1.0000, 227.53
160, 294, 7, 28, 0.7111, 1.4396, 1.1579, 0.8554, 0.3556, 212.60
160, 257, 69, 75, 0.5625, 41.5312, 25.5320, 32.7561, 0.2250, 200.75
160, 301, 73, 25, 0.7611, 1.0387, 1.0384, -0.0263, 0.3806, 230.20
161, 275, 16, 86, 0.6000, 12.8950, -12.5661, 2.8937, 0.1800, 182.33
161, 190, 43, 24, 1.0000, 1.2492, 1.1787, 0.4137, 1.0000, 228.90
161, 294, 9, 27, 0.7667, 1.4937, 1.4596, -0.3174, 0.4600, 213.83
161, 257, 72, 113, 0.6222, 38.0198, 5.0482, 37.6832, 0.3111, 185.00
161, 301, 73, 26, 0.8167, 0.7572, 0.2457, 0.7162, 0.4900, 229.67
161, 224, 110, 31, 0.5625, 14.0599, 0.9353, -14.0288, 0.2250, 139.75
161, 305, 103, 20, 0.6000, 24.5245, 24.3635, -2.8058, 0.1800, 172.67
161, 268, 19, 98, 0.6667, 5.0187, 1.9090, 4.6415, 0.4000, 174.00
162, 268, 21, 126, 0.8222, 18.1699, 2.0546, 18.0533, 0.5756, 172.71
162, 275, 15, 86, 0.6556, 2.7622, -2.6475, 0.7878, 0.2622, 179.75
162, 190, 44, 25, 1.0000, 1.2530, 0.7774, 0.9826, 1.0000, 229.33
162, 294, 10, 28, 0.8222, 1.2643, 1.1488, 0.5280, 0.5756, 215.86
162, 257, 68, 127, 0.6806, 16.6121, -2.2964, 16.4526, 0.4083, 177.00
162, 301, 74, 26, 0.8722, 0.7577, 0.7044, 0.2792, 0.6106, 229.57
162, 242, 102, 104, 0.5625, 1.9174, 1.9174, 0.0000, 0.2250, 112.00
162, 309, 31, 86, 0.6000, 49.5709, -35.5396, -34.5574, 0.1800, 155.67
162, 305, 127, 17, 0.5000, 24.5245, 24.3635, -2.8058, 0.1500, 172.67
163, 275, 4, 105, 0.7111, 19.4906, -10.0363, 16.7080, 0.3556, 186.40
163, 190, 45, 25, 1.0000, 0.9469, 0.8741, 0.3641, 1.0000, 228.73
163, 294, 10, 28, 0.8778, 0.3130, 0.2029, 0.2383, 0.7022, 215.00
163, 301, 75, 26, 0.9278, 0.9946, 0.9946, 0.0046, 0.7422, 228.75
163, 303, 28, 87, 0.6000, 31.9585, 24.3550, -20.6925, 0.1800, 187.33
163, 224, 106, 13, 0.6222, 8.6945, -2.2107, -8.4088, 0.3111, 141.20
163, 242, 102, 105, 0.6722, 0.9160, 0.5191, 0.7548, 0.3361, 110.90
163, 310, 73, 39, 0.6000, 42.1194, -41.0572, 9.3995, 0.1800, 166.67
163, 309, -5, 51, 0.5000, 49.5709, -35.5396, -34.5574, 0.1500, 155.67
164, 275, 0, 110, 0.7667, 7.9888, -4.9694, 6.2550, 0.4600, 183.83
164, 190, 46, 26, 1.0000, 1.2190, 0.9804, 0.7245, 1.0000, 229.87
164, 294, 14, 31, 0.9333, 5.0167, 3.8767, 3.1841, 0.8400, 213.78
164, 301, 76, 26, 0.9833, 1.0420, 1.0412, -0.0392, 0.8850, 228.89
164, 303, 33, 83, 0.6556, 9.4327, 7.5331, -5.6771, 0.2622, 185.00
164, 224, 115, 3, 0.6806, 12.3054, 7.9908, -9.3579, 0.4083, 140.17
164, 305, 128, 7, 0.6556, 6.6082, 4.6426, -4.7027, 0.2622, 160.50
164, 242, 109, 113, 0.6806, 9.3641, 6.0477, 7.1493, 0.4083, 106.75
164, 309, 21, 58, 0.6556, 11.1505, -1.2912, -11.0754, 0.2622, 165.50
164, 310, 45, 42, 0.6556, 29.9344, -29.6490, 4.1241, 0.2622, 177.75
164, 269, 102, 0, 0.5625, 42.6709, 42.1802, -6.4529, 0.2250, 190.00
165, 294, 29, 37, 0.9889, 14.9056, 14.0286, 5.0374, 0.9889, 212.50
165, 301, 76, 27, 1.0000, 0.7794, 0.2698, 0.7312, 1.0000, 227.70
165, 303, 32, 86, 0.7111, 1.4354, 0.3309, 1.3967, 0.3556, 184.20
165, 242, 120, 126, 0.7381, 16.4547, 10.6386, 12.5530, 0.5167, 101.93
165, 309, 10, 52, 0.7111, 11.5315, -9.4394, -6.6237, 0.3556, 172.40
165, 310, 12, 32, 0.7111, 33.2447, -32.2389, -8.1154, 0.3556, 182.60
165, 224, 123, -6, 0.5806, 12.3054, 7.9908, -9.3579, 0.3483, 140.17
165, 305, 132, 2, 0.5556, 6.6082, 4.6426, -4.7027, 0.2222, 160.50
166, 294, 38, 36, 1.0000, 9.0375, 9.0324, -0.3045, 1.0000, 214.00
166, 301, 77, 27, 1.0000, 0.7602, 0.6973, 0.3027, 1.0000, 226.00
166, 307, 76, 25, 0.6000, 10.8699, -0.9926, -10.8244, 0.1800, 186.67
166, 242, 131, 139, 0.6381, 16.4547, 10.6386, 12.5530, 0.4467, 101.93
167, 294, 39, 34, 1.0000, 2.5248, 1.9637, -1.5869, 1.0000, 214.67
167, 301, 78, 27, 1.0000, 0.9856, 0.9855, 0.0144, 1.0000, 225.75
167, 274, 1, 94, 0.5625, 0.9353, 0.0000, -0.9353, 0.2250, 181.75
167, 314, 99, 97, 0.6000, 33.1454, 9.3525, 31.7986, 0.1800, 149.33
167, 307, 75, 14, 0.5000, 10.8699, -0.9926, -10.8244, 0.1500, 186.67
167, 242, 141, 151, 0.5381, 16.4547, 10.6386, 12.5530, 0.3767, 101.93
168, 294, 38, 34, 1.0000, 0.7673, -0.5927, -0.4873, 1.0000, 214.62
168, 296, 45, 88, 0.6000, 14.2750, 14.2421, -0.9700, 0.1800, 183.33
168, 301, 79, 28, 1.0000, 1.2508, 1.0400, 0.6949, 1.0000, 225.54
168, 202, 122, 70, 0.5400, 47.0638, 35.5247, -30.8706, 0.2700, 133.40
168, 314, 108, 128, 0.5000, 33.1454, 9.3525, 31.7986, 0.1500, 149.33
169, 294, 38, 33, 1.0000, 0.8819, -0.4619, -0.7513, 1.0000, 215.79
169, 296, 54, 99, 0.6556, 13.3429, 9.2984, 9.5695, 0.2622, 176.75
169, 301, 80, 28, 1.0000, 1.0600, 1.0191, 0.2915, 1.0000, 225.00
169, 307, 59, 0, 0.6556, 10.2589, -6.6544, -7.8079, 0.2622, 188.75
169, 265, 32, 88, 0.5625, 28.1977, -12.6104, 25.2208, 0.2250, 200.25
169, 243, 39, 100, 0.5625, 47.0358, -46.9990, -1.8617, 0.2250, 135.75
169, 274, 25, 95, 0.6222, 13.5095, 13.4966, 0.5911, 0.3111, 179.40
170, 294, 39, 33, 1.0000, 0.7553, 0.7332, -0.1813, 1.0000, 217.67
170, 296, 72, 106, 0.7111, 18.3996, 16.8255, 7.4466, 0.3556, 171.40
170, 301, 80, 28, 1.0000, 0.2759, 0.2754, 0.0172, 1.0000, 226.07
170, 302, 23, 59, 0.6000, 49.4065, 11.3267, -48.0906, 0.1800, 175.50
170, 307, 31, 0, 0.7111, 26.6991, -26.6939, -0.5292, 0.3556, 195.00
170, 274, 32, 92, 0.6806, 8.0967, 7.5475, -2.9311, 0.4083, 183.33
170, 314, 115, 109, 0.6556, 5.0774, 4.6725, -1.9868, 0.2622, 133.38
170, 279, 112, 106, 0.5625, 6.1708, -2.7404, 5.5289, 0.2250, 87.75
170, 176, 3, 19, 0.5000, 2.2005, 1.9655, -0.9896, 0.4500, 247.00
170, 318, 54, 28, 0.6000, 2.1334, 1.9174, 0.9353, 0.1800, 234.67
170, 320, 124, 30, 0.6000, 0.9822, 0.9822, 0.0000, 0.1800, 129.83
171, 294, 39, 32, 1.0000, 0.8223, 0.3021, -0.7648, 1.0000, 218.12
171, 296, 91, 105, 0.7667, 19.6032, 19.5848, -0.8485, 0.4600, 163.17
171, 301, 81, 29, 1.0000, 0.9668, 0.6828, 0.6845, 1.0000, 225.38
171, 302, 30, 3, 0.6556, 55.0298, 7.0072, -54.5819, 0.2622, 185.88
171, 303, 7, 112, 0.9889, 2.2345, 2.2031, 0.3731, 0.9889, 179.05
171, 265, 38, 102, 0.6222, 6.9887, 4.7599, 5.1172, 0.3111, 193.20
171, 243, 6, 97, 0.6222, 12.7594, -12.6672, -1.5308, 0.3111, 141.20
171, 274, 32, 92, 0.7381, 1.0066, 0.9210, -0.4062, 0.5167, 186.71
171, 283, 56, 39, 0.5625, 38.6988, -33.4791, 19.4099, 0.2250, 178.00
171, 279, 113, 107, 0.6222, 1.5950, -0.0438, 1.5944, 0.3111, 93.40
171, 272, 25, 83, 0.5625, 50.6228, 10.8170, 49.4536, 0.2250, 202.08
171, 318, 55, 28, 0.7056, 1.3005, 1.2739, 0.2619, 0.2822, 238.75
171, 314, 120, 107, 0.5556, 5.0774, 4.6725, -1.9868, 0.2222, 133.38
171, 320, 125, 30, 0.5000, 0.9822, 0.9822, 0.0000, 0.1500, 129.83
172, 296, 114, 104, 0.8222, 21.8671, 21.8577, -0.6411, 0.5756, 155.14
172, 301, 82, 29, 1.0000, 1.0193, 0.9748, 0.2978, 1.0000, 225.53
172, 265, 48, 121, 0.6806, 19.8681, 9.7985, 17.2838, 0.4083, 182.67
172, 274, 31, 93, 0.7951, 1.2472, -0.7143, 1.0224, 0.6361, 186.25
172, 283, 12, 56, 0.6222, 45.5071, -41.9559, 17.6240, 0.3111, 185.40
172, 279, 115, 107, 0.7306, 1.9737, 1.8744, 0.6181, 0.4383, 95.00
172, 318, 56, 28, 0.7611, 0.9807, 0.9804, -0.0263, 0.3806, 242.00
172, 320, 127, 30, 0.7056, 1.5529, 1.5529, 0.0000, 0.2822, 130.38
172, 302, 37, -51, 0.5556, 55.0298, 7.0072, -54.5819, 0.2222, 185.88
172, 243, -7, 95, 0.5222, 12.7594, -12.6672, -1.5308, 0.2611, 141.20
173, 301, 82, 29, 1.0000, 0.3258, 0.3249, 0.0237, 1.0000, 224.78
173, 304, 19, 31, 0.6556, 23.5826, -15.8985, 17.4177, 0.2622, 223.50
173, 312, 56, 46, 0.6000, 49.0917, -14.7376, -46.8274, 0.1800, 173.83
173, 279, 115, 106, 0.7881, 1.0484, 0.7212, -0.7608, 0.5517, 95.57
173, 318, 57, 28, 0.8167, 0.9538, 0.9526, -0.0482, 0.4900, 243.83
173, 296, 135, 103, 0.7222, 21.8671, 21.8577, -0.6411, 0.5056, 155.14
173, 265, 58, 138, 0.5806, 19.8681, 9.7985, 17.2838, 0.3483, 182.67
173, 283, -29, 74, 0.5222, 45.5071, -41.9559, 17.6240, 0.2611, 185.40
173, 320, 129, 30, 0.6056, 1.5529, 1.5529, 0.0000, 0.2422, 130.38
174, 296, 120, 107, 0.8778, 1.7961, -0.2004, 1.7848, 0.7022, 146.88
174, 257, 19, 36, 1.0000, 23.1555, -2.1824, -23.0524, 1.0000, 167.30
174, 301, 84, 29, 1.0000, 1.4108, 1.4103, -0.0370, 1.0000, 224.26
174, 218, 3, 126, 0.5400, 59.9650, -55.8696, 21.7807, 0.2700, 150.40
174, 304, 18, 56, 0.7111, 24.0267, -2.0167, 23.9420, 0.3556, 221.10
174, 312, 44, 3, 0.6556, 44.7603, -12.7427, -42.9082, 0.2622, 194.12
174, 279, 113, 106, 0.8451, 1.5722, -1.5255, -0.3804, 0.6761, 95.88
174, 318, 59, 28, 0.8722, 1.7450, 1.7449, -0.0147, 0.6106, 243.00
174, 328, 106, 107, 0.6000, 20.9129, 20.5755, -3.7410, 0.1800, 111.33
174, 320, 130, 30, 0.5056, 1.5529, 1.5529, 0.0000, 0.2022, 130.38
175, 301, 70, 30, 1.0000, 11.4327, -11.4121, 0.6853, 1.0000, 222.65
175, 304, 29, 88, 0.7667, 32.3846, 9.1924, 31.0526, 0.4600, 214.08
175, 306, 86, 30, 1.0000, 0.7184, -0.7184, 0.0000, 1.0000, 174.53
175, 264, 76, 104, 0.5625, 80.0701, 56.6285, 56.6077, 0.2250, 183.25
175, 318, 60, 28, 0.9278, 1.2970, 1.2970, 0.0013, 0.7422, 244.25
175, 320, 123, 16, 0.7111, 6.0781, -1.9844, -5.7451, 0.3556, 130.50
175, 312, 31, -40, 0.5556, 44.7603, -12.7427, -42.9082, 0.2222, 194.12
175, 279, 112, 106, 0.7451, 1.5722, -1.5255, -0.3804, 0.5961, 95.88
175, 328, 127, 103, 0.5000, 20.9129, 20.5755, -3.7410, 0.1500, 111.33
176, 304, 27, 122, 0.8222, 34.3893, -0.8986, 34.3776, 0.5756, 213.93
176, 306, 89, 46, 1.0000, 13.8055, 2.5375, 13.5703, 1.0000, 174.17
176, 318, 61, 28, 0.9833, 1.0080, 1.0080, 0.0027, 0.8850, 238.56
177, 308, 78, 54, 0.6000, 78.5697, 34.3742, -70.6513, 0.1800, 165.67
177, 243, 3, 92, 0.6806, 3.9069, 3.8632, -0.5827, 0.4083, 146.83
177, 318, 63, 29, 1.0000, 1.8637, 1.7068, 0.7484, 1.0000, 237.00
177, 324, 85, 31, 0.6000, 19.6512, 2.6551, -19.4710, 0.1800, 187.44
177, 325, 14, 31, 0.6000, 71.6621, -67.2634, -24.7202, 0.1800, 201.67
177, 304, 26, 157, 0.7222, 34.3893, -0.8986, 34.3776, 0.5056, 213.93
177, 306, 92, 60, 0.9000, 13.8055, 2.5375, 13.5703, 0.9000, 174.17
178, 306, 78, 88, 1.0000, 23.0785, -6.7273, 22.0762, 1.0000, 173.58
178, 308, 121, 2, 0.6556, 68.2844, 41.2820, -54.3927, 0.2622, 155.25
178, 313, 126, 19, 0.6000, 19.7556, 17.8482, 8.4691, 0.1800, 134.83
178, 318, 64, 29, 1.0000, 1.3211, 1.2858, 0.3035, 1.0000, 236.09
178, 324, 112, 11, 0.6556, 31.5273, 24.4621, -19.8891, 0.2622, 175.33
178, 243, 7, 91, 0.5806, 3.9069, 3.8632, -0.5827, 0.3483, 146.83
178, 325, -53, 6, 0.5000, 71.6621, -67.2634, -24.7202, 0.1500, 201.67
179, 318, 81, 23, 1.0000, 15.9154, 15.0550, -5.1620, 1.0000, 230.75
179, 285, 20, 110, 0.5625, 23.6855, -11.6181, 20.6403, 0.2250, 176.38
179, 308, 162, -52, 0.5556, 68.2844, 41.2820, -54.3927, 0.2222, 155.25
179, 313, 144, 27, 0.5000, 19.7556, 17.8482, 8.4691, 0.1500, 134.83
179, 324, 137, -9, 0.5556, 31.5273, 24.4621, -19.8891, 0.2222, 175.33
180, 318, 115, 29, 1.0000, 32.1966, 31.8861, 4.4607, 1.0000, 222.69
180, 285, 18, 115, 0.6222, 7.1741, -3.5386, 6.2407, 0.3111, 174.70
180, 293, 65, 29, 0.5625, 47.4596, 46.7157, 8.3703, 0.2250, 230.50
180, 329, 98, 53, 0.6000, 24.6914, 10.2878, 22.4460, 0.1800, 177.17
181, 319, 75, 54, 0.6000, 44.1895, -38.5334, 21.6308, 0.1800, 158.00
181, 323, 43, 29, 0.6000, 22.7751, -16.5739, -15.6208, 0.1800, 215.00
181, 326, 76, 53, 0.7056, 0.0255, -0.0114, 0.0228, 0.2822, 212.50
181, 285, 19, 118, 0.6806, 4.2630, 0.9989, 4.1443, 0.4083, 172.25
181, 293, 90, 31, 0.6222, 28.3684, 28.1967, 3.1169, 0.3111, 220.20
181, 332, 70, 28, 0.6000, 34.9189, -32.7338, 12.1583, 0.1800, 184.17
181, 329, 108, 75, 0.5000, 24.6914, 10.2878, 22.4460, 0.1500, 177.17
182, 319, 33, 96, 0.6556, 57.7403, -42.1043, 39.5117, 0.2622, 161.00
182, 323, 40, 27, 0.6556, 6.3078, -4.9414, -3.9207, 0.2622, 224.25
182, 326, 73, 55, 0.7611, 2.7663, -2.2968, 1.5418, 0.3806, 214.80
182, 285, 21, 120, 0.7381, 2.1953, 1.6608, 1.4357, 0.5167, 172.21
182, 293, 92, 31, 0.6806, 4.2397, 4.2395, 0.0483, 0.4083, 214.00
182, 329, 108, 106, 0.6556, 27.2746, 4.8348, 26.8426, 0.2622, 156.12
182, 332, 51, 47, 0.6556, 27.1056, -20.4891, 17.7458, 0.2622, 192.38
183, 323, 40, 28, 0.7111, 0.7297, -0.4106, 0.6032, 0.3556, 224.20
183, 329, 112, 122, 0.7111, 17.4359, 3.8886, 16.9967, 0.3556, 144.50
183, 331, 125, 32, 0.6000, 75.6527, 21.3632, -72.5737, 0.1800, 108.67
183, 332, 18, 67, 0.7111, 37.0054, -31.4903, 19.4360, 0.3556, 192.30
183, 319, -9, 135, 0.5556, 57.7403, -42.1043, 39.5117, 0.2222, 161.00
183, 326, 71, 56, 0.6611, 2.7663, -2.2968, 1.5418, 0.3306, 214.80
183, 285, 23, 121, 0.6381, 2.1953, 1.6608, 1.4357, 0.4467, 172.21
184, 323, 41, 28, 0.7667, 0.5650, 0.5638, 0.0373, 0.4600, 224.33
184, 326, 70, 56, 0.8167, 1.7459, -1.6569, 0.5503, 0.4900, 218.83
184, 285, 23, 120, 0.7951, 0.9996, 0.9942, 0.1042, 0.6361, 170.19
184, 329, 113, 124, 0.7667, 3.4266, 0.7710, 3.3387, 0.4600, 140.25
184, 331, 146, -41, 0.5000, 75.6527, 21.3632, -72.5737, 0.1500, 108.67
184, 332, -13, 86, 0.6111, 37.0054, -31.4903, 19.4360, 0.3056, 192.30
185, 323, 41, 28, 0.8222, 0.2817, 0.2716, -0.0749, 0.5756, 225.86
185, 326, 68, 57, 0.8722, 2.0696, -1.8890, 0.8457, 0.6106, 223.29
185, 285, 26, 122, 0.8519, 2.9988, 2.5668, 1.5506, 0.7667, 167.61
185, 329, 111, 124, 0.8222, 1.1011, -1.0403, 0.3608, 0.5756, 134.50
185, 336, 112, 16, 0.6000, 2.8527, 2.8527, 0.0000, 0.1800, 147.67
186, 307, 87, 30, 1.0000, 0.5359, 0.4500, 0.2910, 1.0000, 198.21
186, 326, 67, 58, 0.9278, 1.5979, -1.2423, 1.0051, 0.7422, 222.00
186, 284, 5, 78, 0.5625, 49.3439, -11.1454, -48.0687, 0.2250, 167.50
186, 285, 26, 122, 0.9083, 0.9245, 0.7598, 0.5268, 0.9083, 166.25
186, 293, 94, 32, 0.9083, 0.1973, 0.1948, -0.0318, 0.9083, 204.95
186, 329, 111, 124, 0.8778, 0.6491, -0.4907, 0.4250, 0.7022, 130.44
186, 336, 112, 16, 0.7056, 0.7810, 0.7810, 0.0000, 0.2822, 148.25
186, 342, 75, 31, 0.6000, 1.9180, 1.9174, 0.0469, 0.1800, 227.33
186, 349, 120, 109, 0.6000, 2.1757, 1.9644, 0.9353, 0.1800, 102.67
187, 326, 65, 58, 0.9833, 1.7445, -1.7237, 0.2683, 0.8850, 219.89
187, 284, 2, 53, 0.6222, 28.9490, -4.0261, -28.6677, 0.3111, 172.40
187, 336, 113, 15, 0.7611, 1.0202, 0.6766, -0.7635, 0.3806, 146.00
187, 342, 76, 31, 0.7056, 1.2739, 1.2739, -0.0048, 0.2822, 220.25
187, 343, 126, 7, 0.6000, 12.1562, 2.5823, -11.8787, 0.1800, 130.33
187, 348, 18, 52, 0.6000, 43.7722, -22.3388, -37.6429, 0.1800, 188.00
187, 285, 27, 123, 0.8083, 0.9245, 0.7598, 0.5268, 0.8083, 166.25
187, 349, 122, 110, 0.5000, 2.1757, 1.9644, 0.9353, 0.1500, 102.67
188, 326, 74, 42, 0.9889, 16.2981, 7.7716, -14.3258, 0.9889, 217.60
188, 285, 51, 118, 0.9646, 14.4888, 14.2885, -2.4010, 0.9646, 165.32
188, 334, 93, 111, 0.6000, 12.1554, 11.8378, -2.7606, 0.1800, 115.33
188, 336, 102, 10, 0.7667, 10.9404, -9.7930, -4.8775, 0.4600, 145.33
188, 337, 31, 5, 0.6000, 4.4158, 2.6495, 3.5326, 0.1800, 218.33
188, 342, 77, 31, 0.7611, 0.9804, 0.9804, -0.0079, 0.3806, 217.00
188, 344, 58, 14, 0.6000, 53.9012, -44.1576, -30.9103, 0.1800, 167.00
188, 348, 4, 13, 0.6556, 41.5900, -15.1546, -38.7306, 0.2622, 195.00
188, 349, 124, 109, 0.7056, 2.0268, 2.0261, -0.0513, 0.2822, 100.50
188, 353, 29, 23, 0.6000, 31.8350, 24.2781, -20.5922, 0.1800, 225.33
188, 284, -2, 24, 0.5222, 28.9490, -4.0261, -28.6677, 0.2611, 172.40
188, 343, 129, -5, 0.5000, 12.1562, 2.5823, -11.8787, 0.1500, 130.33
189, 330, 10, 46, 0.6000, 19.2043, 7.4437, -17.7030, 0.1800, 198.33
189, 297, 29, 124, 0.5625, 1.2117, 0.8658, 0.8477, 0.2250, 150.50
189, 337, 33, 19, 0.6556, 13.5031, 2.3576, 13.2957, 0.2622, 226.50
189, 339, 108, 16, 0.6000, 58.4984, 58.3214, 4.5473, 0.1800, 180.00
189, 342, 79, 32, 0.8167, 1.8785, 1.7170, 0.7621, 0.4900, 215.92
189, 349, 126, 110, 0.7611, 2.1345, 2.0089, 0.7213, 0.3806, 97.40
189, 351, 27, 10, 0.6000, 2.6295, -2.4906, 0.8434, 0.1800, 214.67
189, 353, 37, 0, 0.6556, 24.4859, 10.3508, -22.1905, 0.2622, 224.50
189, 334, 105, 108, 0.5000, 12.1554, 11.8378, -2.7606, 0.1500, 115.33
189, 344, 14, -17, 0.5000, 53.9012, -44.1576, -30.9103, 0.1500, 167.00
189, 348, -11, -26, 0.5556, 41.5900, -15.1546, -38.7306, 0.2222, 195.00
190, 317, 45, 93, 0.6000, 15.4559, 0.9678, -15.4255, 0.1800, 165.33
190, 297, 30, 125, 0.6722, 1.4951, 1.0537, 1.0607, 0.3361, 153.20
190, 337, 35, 23, 0.7111, 4.8988, 2.0459, 4.4511, 0.3556, 231.20
190, 342, 80, 32, 0.8722, 1.3120, 1.2786, 0.2942, 0.6106, 218.07
190, 330, 17, 28, 0.5000, 19.2043, 7.4437, -17.7030, 0.1500, 198.33
190, 339, 166, 20, 0.5000, 58.4984, 58.3214, 4.5473, 0.1500, 180.00
190, 349, 128, 111, 0.6611, 2.1345, 2.0089, 0.7213, 0.3306, 97.40
190, 351, 25, 11, 0.5000, 2.6295, -2.4906, 0.8434, 0.1500, 214.67
190, 353, 48, -22, 0.5556, 24.4859, 10.3508, -22.1905, 0.2222, 224.50
191, 315, 123, 9, 0.6000, 8.3180, 4.8282, -6.7733, 0.1800, 140.67
191, 317, 57, 64, 0.6556, 28.9308, 10.8219, -26.8305, 0.2622, 176.25
191, 330, 31, 5, 0.6556, 23.5499, 11.0160, -20.8146, 0.2622, 202.25
191, 337, 37, 22, 0.7667, 1.9799, 1.9654, -0.2396, 0.4600, 231.17
191, 342, 81, 32, 0.9278, 1.0042, 1.0042, 0.0037, 0.7422, 217.69
191, 351, 14, 26, 0.6556, 11.6135, -7.0529, 9.2266, 0.2622, 212.75
191, 297, 31, 126, 0.5722, 1.4951, 1.0537, 1.0607, 0.2861, 153.20
191, 349, 130, 111, 0.5611, 2.1345, 2.0089, 0.7213, 0.2806, 97.40
192, 317, 59, 59, 0.7111, 7.6954, 3.0679, -7.0574, 0.3556, 185.60
192, 330, 30, -1, 0.7111, 7.7883, 0.2074, -7.7855, 0.3556, 205.80
192, 297, 33, 126, 0.7306, 1.6315, 1.5648, 0.4614, 0.4383, 152.17
192, 337, 38, 21, 0.8222, 1.4235, 1.2162, -0.7399, 0.5756, 234.29
192, 341, 30, 15, 0.6000, 48.2618, -48.2617, -0.0575, 0.1800, 199.67
192, 342, 83, 33, 0.9833, 1.8539, 1.7125, 0.7101, 0.8850, 216.39
192, 351, 5, 32, 0.7111, 10.4410, -8.8253, 5.5794, 0.3556, 211.60
192, 357, 36, 112, 0.6000, 14.3066, 2.8058, -14.0288, 0.1800, 152.67
192, 315, 128, 2, 0.5000, 8.3180, 4.8282, -6.7733, 0.1500, 140.67
193, 317, 62, 48, 0.7667, 11.3268, 2.6505, -11.0123, 0.4600, 189.00
193, 334, 100, 112, 0.6556, 2.1840, -1.8976, 1.0810, 0.2622, 111.00
193, 297, 36, 114, 0.7381, 11.2273, 2.7175, -10.8935, 0.5167, 155.43
193, 342, 83, 33, 1.0000, 0.6076, 0.5372, 0.2838, 1.0000, 214.35
193, 354, 88, 26, 0.6000, 78.9809, 77.6476, 14.4507, 0.1800, 199.33
193, 357, 48, 94, 0.6556, 20.4715, 10.5978, -17.5149, 0.2622, 157.25
193, 358, 17, 63, 0.6000, 22.7017, 3.6941, 22.3991, 0.1800, 222.00
193, 341, -18, 15, 0.5000, 48.2618, -48.2617, -0.0575, 0.1500, 199.67
193, 351, -4, 37, 0.6111, 10.4410, -8.8253, 5.5794, 0.3056, 211.60
194, 334, 101, 112, 0.7111, 0.4667, 0.4224, 0.1986, 0.3556, 109.20
194, 342, 85, 34, 1.0000, 1.6328, 1.4490, 0.7525, 1.0000, 212.68
194, 357, 55, 67, 0.7111, 27.2139, 8.1089, -25.9777, 0.3556, 167.80
194, 358, 34, 109, 0.6556, 45.9312, 15.3932, 43.2750, 0.2622, 209.00
194, 354, 166, 40, 0.5000, 78.9809, 77.6476, 14.4507, 0.1500, 199.33
195, 342, 87, 34, 1.0000, 2.0115, 1.9937, 0.2669, 1.0000, 215.04
195, 345, 18, 47, 0.6000, 5.8695, -5.5585, -1.8852, 0.1800, 202.33
195, 359, 23, 113, 0.6000, 11.0163, 8.8777, -6.5227, 0.1800, 152.67
195, 357, 64, 41, 0.6111, 27.2139, 8.1089, -25.9777, 0.3056, 167.80
195, 358, 49, 153, 0.5556, 45.9312, 15.3932, 43.2750, 0.2222, 209.00
196, 342, 88, 34, 1.0000, 1.3462, 1.3462, -0.0031, 1.0000, 215.04
196, 345, 12, 49, 0.6556, 6.4330, -6.1934, 1.7395, 0.2622, 202.25
196, 357, 71, 38, 0.7667, 14.7156, 7.7264, -12.5240, 0.4600, 180.17
196, 359, 55, 123, 0.6556, 29.4511, 28.5411, 7.2645, 0.2622, 148.25
196, 256, 112, 55, 0.5000, 41.3253, -13.0052, 39.2256, 0.4500, 126.00
197, 335, 29, 23, 0.6000, 71.3078, -67.9293, 21.6893, 0.1800, 182.00
197, 342, 89, 35, 1.0000, 1.2091, 0.9939, 0.6886, 1.0000, 215.61
197, 345, 4, 42, 0.7111, 10.2027, -7.6546, -6.7455, 0.3556, 206.20
197, 350, 121, 108, 0.6000, 6.0300, 3.7647, -4.7104, 0.1800, 84.67
197, 361, 50, 68, 0.6000, 2.1544, -1.9174, 0.9822, 0.1800, 227.33
197, 362, 37, 116, 0.6000, 0.9822, 0.0000, 0.9822, 0.1800, 179.33
197, 359, 83, 130, 0.5556, 29.4511, 28.5411, 7.2645, 0.2222, 148.25
198, 287, 125, 20, 0.5625, 48.8464, 48.3746, -6.7727, 0.2250, 158.50
198, 342, 91, 35, 1.0000, 1.6963, 1.6705, 0.2952, 1.0000, 214.97
198, 345, 12, 11, 0.7667, 28.7700, 6.3917, -28.0510, 0.4600, 207.00
198, 360, 52, 97, 0.6000, 31.9198, 17.6233, -26.6137, 0.1800, 152.33
198, 361, 49, 69, 0.7056, 1.6269, -1.2739, 1.0119, 0.2822, 220.50
198, 362, 38, 117, 0.7056, 1.2624, 0.7548, 1.0119, 0.2822, 175.75
198, 335, -39, 44, 0.5000, 71.3078, -67.9293, 21.6893, 0.1500, 182.00
198, 350, 125, 104, 0.5000, 6.0300, 3.7647, -4.7104, 0.1500, 84.67
199, 342, 92, 36, 1.0000, 1.4901, 1.2917, 0.7430, 1.0000, 214.09
199, 350, 124, 109, 0.6556, 1.6299, 1.4363, 0.7704, 0.2622, 86.25
199, 355, 9, 23, 0.6000, 13.4328, 5.6382, 12.1922, 0.1800, 217.00
199, 360, 79, 45, 0.6556, 54.8849, 25.3741, -48.6673, 0.2622, 161.50
199, 361, 47, 70, 0.7611, 2.0136, -1.7439, 1.0067, 0.3806, 221.00
199, 362, 38, 118, 0.7611, 1.0442, 0.2774, 1.0067, 0.3806, 171.40
199, 321, 16, 18, 0.5625, 6.4280, 0.1445, 6.4263, 0.2250, 213.50
200, 342, 94, 36, 1.0000, 1.7632, 1.7409, 0.2798, 1.0000, 211.97
200, 350, 123, 124, 0.7111, 13.8675, -1.3840, 13.7983, 0.3556, 85.00
200, 355, 11, 33, 0.6556, 10.7977, 3.1337, 10.3329, 0.2622, 214.75
200, 360, 124, 2, 0.7111, 61.0776, 42.9089, -43.4661, 0.3556, 155.20
200, 361, 31, 62, 0.7667, 16.4079, -15.0029, -6.6432, 0.4600, 221.00
200, 362, 38, 119, 0.8167, 1.0008, -0.0042, 1.0008, 0.4900, 171.33
200, 321, 7, 27, 0.6222, 11.5649, -7.6235, 8.6965, 0.3111, 212.20
201, 342, 95, 37, 1.0000, 1.4716, 1.2831, 0.7206, 1.0000, 210.97
201, 349, 126, 109, 0.8167, 0.9443, -0.8518, -0.4076, 0.4900, 95.67
201, 352, 71, 68, 0.6000, 30.4096, 7.6101, 29.4419, 0.1800, 197.00
201, 362, 39, 120, 0.8722, 1.2308, 0.7185, 0.9993, 0.6106, 171.71
201, 322, 5, 49, 0.5625, 7.4120, -7.1792, 1.8430, 0.2250, 206.00
201, 365, 33, 28, 0.6000, 21.4644, 21.3932, 1.7466, 0.1800, 210.67
201, 369, 110, 31, 0.6000, 22.6082, 22.5869, 0.9822, 0.1800, 158.67
201, 350, 121, 137, 0.6111, 13.8675, -1.3840, 13.7983, 0.3056, 85.00
201, 355, 15, 44, 0.5556, 10.7977, 3.1337, 10.3329, 0.2222, 214.75
201, 360, 167, -41, 0.6111, 61.0776, 42.9089, -43.4661, 0.3056, 155.20
201, 321, 0, 35, 0.5222, 11.5649, -7.6235, 8.6965, 0.2611, 212.20
202, 342, 96, 37, 1.0000, 1.0467, 1.0087, 0.2795, 1.0000, 211.92
202, 355, 25, 57, 0.7111, 13.9799, 7.1712, 12.0005, 0.3556, 210.60
202, 362, 38, 121, 0.9278, 1.1070, -0.4755, 0.9996, 0.7422, 169.00
202, 321, 4, 51, 0.6806, 12.5756, -0.4977, 12.5657, 0.4083, 212.17
202, 322, 1, 51, 0.6222, 4.2197, -3.6886, 2.0494, 0.3111, 205.00
202, 365, 78, 39, 0.6556, 43.4849, 42.2178, 10.4206, 0.2622, 206.75
202, 370, 26, 43, 0.6000, 36.3186, 20.5755, 29.9281, 0.1800, 218.67
202, 349, 125, 109, 0.7167, 0.9443, -0.8518, -0.4076, 0.4300, 95.67
202, 350, 120, 151, 0.5111, 13.8675, -1.3840, 13.7983, 0.2556, 85.00
202, 352, 78, 97, 0.5000, 30.4096, 7.6101, 29.4419, 0.1500, 197.00
202, 369, 133, 32, 0.5000, 22.6082, 22.5869, 0.9822, 0.1500, 158.67
203, 342, 98, 37, 1.0000, 1.6643, 1.6643, 0.0109, 1.0000, 210.97
203, 349, 115, 117, 0.8222, 7.1834, -5.7826, 4.2617, 0.5756, 94.14
203, 352, 110, 98, 0.6556, 25.1406, 21.1611, 13.5743, 0.2622, 171.50
203, 322, 1, 51, 0.6806, 0.6560, -0.4094, 0.5125, 0.4083, 204.33
203, 370, 42, 74, 0.6556, 35.0598, 16.3293, 31.0249, 0.2622, 212.25
203, 355, 32, 69, 0.6111, 13.9799, 7.1712, 12.0005, 0.3056, 210.60
203, 362, 38, 122, 0.8278, 1.1070, -0.4755, 0.9996, 0.6622, 169.00
203, 365, 121, 50, 0.5556, 43.4849, 42.2178, 10.4206, 0.2222, 206.75
204, 342, 99, 38, 1.0000, 1.4629, 1.3048, 0.6614, 1.0000, 210.07
204, 352, 116, 99, 0.7111, 7.1462, 6.8370, 2.0796, 0.3556, 155.40
204, 355, 40, 75, 0.7667, 11.6383, 7.7012, 8.7259, 0.4600, 208.33
204, 362, 30, 124, 0.9833, 4.7246, -4.4639, 1.5478, 0.8850, 166.11
204, 365, 116, 73, 0.7111, 23.5681, 15.2450, 17.9735, 0.3556, 186.00
204, 369, 123, 17, 0.6556, 5.8324, 0.1288, -5.8310, 0.2622, 151.00
204, 370, 65, 84, 0.7111, 25.8054, 22.3929, 12.8248, 0.3556, 207.00
204, 322, 1, 52, 0.5806, 0.6560, -0.4094, 0.5125, 0.3483, 204.33
205, 342, 101, 38, 1.0000, 1.7578, 1.7309, 0.3067, 1.0000, 210.30
205, 355, 39, 108, 0.8222, 30.6799, -0.6441, 30.6731, 0.5756, 200.29
205, 369, 102, 8, 0.7111, 21.2499, -19.4229, -8.6204, 0.3556, 154.40
205, 374, 38, 116, 0.6000, 17.0088, 11.5699, 12.4673, 0.1800, 155.67
205, 362, 26, 126, 0.8833, 4.7246, -4.4639, 1.5478, 0.7950, 166.11
205, 370, 87, 97, 0.6111, 25.8054, 22.3929, 12.8248, 0.3056, 207.00
206, 342, 102, 39, 1.0000, 1.4856, 1.2944, 0.7289, 1.0000, 209.24
206, 378, 64, 22, 0.6000, 2.9878, 2.8527, 0.8883, 0.1800, 241.67
206, 381, 73, 81, 0.6000, 23.4599, 11.2700, 20.5755, 0.1800, 190.67
206, 362, 21, 127, 0.7833, 4.7246, -4.4639, 1.5478, 0.7050, 166.11
206, 374, 50, 128, 0.5000, 17.0088, 11.5699, 12.4673, 0.1500, 155.67
207, 342, 104, 39, 1.0000, 1.7337, 1.7081, 0.2967, 1.0000, 208.31
207, 374, 41, 126, 0.6556, 3.8681, 0.1071, 3.8667, 0.2622, 162.25
207, 378, 66, 21, 0.7056, 2.3420, 2.2906, -0.4881, 0.2822, 237.50
207, 380, 37, 57, 0.6000, 1.3717, 0.9456, 0.9937, 0.1800, 208.00
207, 381, 67, 98, 0.6556, 17.4706, -3.6546, 17.0840, 0.2622, 182.50
207, 362, 17, 129, 0.6833, 4.7246, -4.4639, 1.5478, 0.6150, 166.11
208, 342, 105, 40, 1.0000, 1.4726, 1.2923, 0.7061, 1.0000, 206.98
208, 362, 4, 103, 0.9889, 10.1461, -7.1773, -7.1715, 0.9889, 165.80
208, 322, 9, 58, 0.7381, 2.7106, 2.1737, 1.6194, 0.5167, 205.14
208, 374, 41, 126, 0.7111, 1.1716, 0.1915, 1.1559, 0.3556, 166.20
208, 378, 68, 21, 0.7611, 2.0168, 1.9950, -0.2959, 0.3806, 241.00
208, 380, 26, 55, 0.6556, 9.8184, -9.6066, -2.0280, 0.2622, 207.75
208, 381, 40, 113, 0.7111, 28.9004, -24.2000, 15.7986, 0.3556, 177.60
209, 342, 107, 40, 1.0000, 1.7293, 1.7040, 0.2944, 1.0000, 206.56
209, 368, 99, 13, 0.6000, 14.5871, 11.9931, -8.3036, 0.1800, 160.67
209, 377, 31, 26, 0.6000, 26.0263, 15.1679, 21.1495, 0.1800, 220.00
209, 378, 70, 22, 0.8167, 2.0850, 1.9558, 0.7227, 0.4900, 242.67
209, 384, 17, 25, 0.6000, 13.3680, 5.6584, 12.1113, 0.1800, 208.00
209, 322, 11, 60, 0.6381, 2.7106, 2.1737, 1.6194, 0.4467, 205.14
209, 380, 16, 52, 0.5556, 9.8184, -9.6066, -2.0280, 0.2222, 207.75
209, 381, 16, 129, 0.6111, 28.9004, -24.2000, 15.7986, 0.3056, 177.60
210, 342, 108, 40, 1.0000, 1.2978, 1.2975, 0.0244, 1.0000, 206.06
210, 322, 38, 60, 0.7951, 16.3037, 16.2760, 0.9491, 0.6361, 205.00
210, 368, 102, 12, 0.6556, 4.6591, 4.3320, -1.7149, 0.2622, 158.75
210, 378, 72, 22, 0.8722, 2.0095, 1.9837, 0.3208, 0.6106, 244.43
210, 380, 12, 53, 0.7111, 6.6652, -6.6353, -0.6299, 0.3556, 206.40
210, 384, 30, 28, 0.6556, 12.8284, 12.1336, 4.1646, 0.2622, 210.00
210, 386, 11, 117, 0.6000, 31.3554, 9.3525, 29.9281, 0.1800, 173.00
210, 377, 46, 47, 0.5000, 26.0263, 15.1679, 21.1495, 0.1500, 220.00
211, 342, 109, 41, 1.0000, 1.2073, 1.0269, 0.6349, 1.0000, 204.07
211, 378, 74, 21, 0.9278, 2.1313, 2.0001, -0.7362, 0.7422, 241.38
211, 380, 12, 52, 0.7667, 0.9719, -0.4890, -0.8399, 0.4600, 204.83
211, 368, 107, 10, 0.5556, 4.6591, 4.3320, -1.7149, 0.2222, 158.75
211, 384, 42, 33, 0.5556, 12.8284, 12.1336, 4.1646, 0.2222, 210.00
211, 386, 20, 147, 0.5000, 31.3554, 9.3525, 29.9281, 0.1500, 173.00
212, 342, 95, 40, 1.0000, 11.0966, -11.0909, -0.3535, 1.0000, 203.21
212, 377, 41, 69, 0.6556, 13.0085, 0.6025, 12.9945, 0.2622, 213.00
212, 378, 95, 13, 0.9333, 19.8554, 18.5412, -7.1037, 0.8400, 231.56
212, 380, 11, 51, 0.6667, 0.9719, -0.4890, -0.8399, 0.4000, 204.83
213, 367, 101, 60, 0.6000, 45.8117, 24.5196, 38.6975, 0.1800, 192.33
213, 373, 95, 17, 1.0000, 12.9299, 6.6524, -11.0873, 1.0000, 176.25
213, 375, 8, 69, 0.6000, 27.8046, -1.8495, 27.7430, 0.1800, 192.67
213, 377, 37, 82, 0.7111, 13.2511, -3.5864, 12.7565, 0.3556, 207.00
213, 379, 125, 112, 0.6000, 72.7481, 12.9012, 71.5950, 0.1800, 129.67
213, 380, 11, 50, 0.8222, 1.1233, -0.4309, -1.0374, 0.5756, 207.71
213, 383, 110, 108, 0.6000, 47.4863, 32.1481, 34.9493, 0.1800, 157.67
213, 384, 44, 31, 0.7111, 2.9760, 2.9738, 0.1132, 0.3556, 208.80
213, 299, 19, 123, 0.5400, 37.1384, -2.5636, 37.0498, 0.2700, 174.20
213, 388, 28, 24, 0.6000, 0.9353, -0.9353, 0.0000, 0.1800, 232.67
214, 367, 115, 109, 0.6556, 50.4726, 15.3177, 48.0921, 0.2622, 165.75
214, 375, 17, 123, 0.6556, 51.2989, 7.7972, 50.7028, 0.2622, 188.25
214, 383, 128, 121, 0.6556, 25.0834, 19.5114, 15.7633, 0.2622, 141.50
214, 384, 51, 28, 0.7667, 7.5705, 6.7828, -3.3624, 0.4600, 206.50
214, 388, 28, 23, 0.7056, 0.7989, -0.2619, -0.7548, 0.2822, 238.25
214, 373, 101, 6, 0.9000, 12.9299, 6.6524, -11.0873, 0.9000, 176.25
214, 379, 138, 184, 0.5000, 72.7481, 12.9012, 71.5950, 0.1500, 129.67
214, 380, 11, 49, 0.7222, 1.1233, -0.4309, -1.0374, 0.5056, 207.71
215, 380, 23, 53, 0.8778, 7.5073, 7.2929, 1.7816, 0.7022, 205.38
215, 383, 130, 121, 0.7111, 3.9281, 3.7327, 1.2234, 0.3556, 140.20
215, 384, 80, 22, 0.8222, 26.5384, 26.0490, -5.0729, 0.5756, 213.00
215, 387, 28, 1, 0.6000, 0.9263, -0.9229, -0.0794, 0.1800, 212.00
215, 388, 27, 23, 0.7611, 0.7877, -0.7372, -0.2774, 0.3806, 236.20
215, 367, 130, 157, 0.5556, 50.4726, 15.3177, 48.0921, 0.2222, 165.75
215, 373, 108, -5, 0.8000, 12.9299, 6.6524, -11.0873, 0.8000, 176.25
215, 375, 25, 174, 0.5556, 51.2989, 7.7972, 50.7028, 0.2222, 188.25
216, 387, 44, 18, 0.6556, 20.8394, 14.2005, 15.2521, 0.2622, 208.75
216, 388, 27, 21, 0.8167, 1.5439, -0.2429, -1.5246, 0.4900, 235.00
216, 338, 87, 30, 0.5625, 0.0000, 0.0000, 0.0000, 0.2250, 173.00
216, 395, 75, 124, 0.6000, 2.9575, -0.9353, -2.8058, 0.1800, 135.67
216, 373, 115, -16, 0.7000, 12.9299, 6.6524, -11.0873, 0.7000, 176.25
216, 380, 31, 55, 0.7778, 7.5073, 7.2929, 1.7816, 0.6222, 205.38
216, 383, 134, 122, 0.6111, 3.9281, 3.7327, 1.2234, 0.3056, 140.20
217, 366, 20, 103, 0.6000, 62.6979, 17.2299, 60.2839, 0.1800, 186.00
217, 387, 83, 31, 0.7111, 38.0242, 35.9024, 12.5243, 0.3556, 201.80
217, 388, 20, 17, 0.8222, 7.4655, -6.0689, -4.3475, 0.5756, 234.00
217, 338, 108, 38, 0.6222, 19.3464, 18.1146, 6.7930, 0.3111, 165.00
217, 395, 75, 123, 0.7056, 1.5627, -0.2619, -1.5406, 0.2822, 136.00
217, 373, 121, -27, 0.6000, 12.9299, 6.6524, -11.0873, 0.6000, 176.25
217, 380, 38, 56, 0.6778, 7.5073, 7.2929, 1.7816, 0.5422, 205.38
218, 388, 19, 15, 0.8778, 2.1286, -1.5511, -1.4579, 0.7022, 231.12
218, 392, 32, 113, 0.6000, 12.7118, 12.4314, 2.6555, 0.1800, 154.00
218, 393, 42, 97, 0.6000, 12.7983, 2.6322, -12.5247, 0.1800, 162.00
218, 338, 122, 43, 0.6806, 15.3339, 14.2938, 5.5511, 0.4083, 161.67
218, 346, 88, 31, 0.5625, 13.6580, -8.7124, -10.5184, 0.2250, 169.75
218, 395, 75, 122, 0.7611, 0.9623, 0.0263, -0.9619, 0.3806, 138.00
218, 366, 38, 164, 0.5000, 62.6979, 17.2299, 60.2839, 0.1500, 186.00
218, 373, 128, -38, 0.5000, 12.9299, 6.6524, -11.0873, 0.5000, 176.25
219, 388, 20, 17, 0.9333, 1.3428, 1.0519, 0.8346, 0.8400, 233.78
219, 392, 34, 113, 0.6556, 4.0410, 3.9507, 0.8496, 0.2622, 153.00
219, 393, 21, 74, 0.6556, 28.2131, -17.4189, -22.1937, 0.2622, 168.75
219, 338, 125, 45, 0.7381, 4.7341, 4.3399, 1.8913, 0.5167, 162.00
219, 346, 76, 7, 0.6222, 25.0399, -11.1941, -22.3985, 0.3111, 172.40
219, 395, 74, 120, 0.8167, 1.8182, -0.7162, -1.6711, 0.4900, 141.50
220, 327, 92, 73, 0.5625, 49.0222, -19.9891, -44.7618, 0.2250, 108.75
220, 388, 22, 17, 0.9889, 1.4958, 1.3956, 0.5381, 0.9889, 234.90
220, 392, 34, 113, 0.7111, 0.1898, -0.1860, -0.0376, 0.3556, 152.60
220, 393, 12, 25, 0.7111, 46.6695, -10.5991, -45.4500, 0.3556, 184.80
220, 338, 126, 50, 0.7951, 4.8699, 1.8679, 4.4974, 0.6361, 160.50
220, 395, 74, 119, 0.8722, 1.2941, -0.2792, -1.2636, 0.6106, 144.00
220, 346, 65, -15, 0.5222, 25.0399, -11.1941, -22.3985, 0.2611, 172.40
221, 327, 97, 18, 0.6222, 54.1082, 1.9618, -54.0726, 0.3111, 115.00
221, 388, 20, 18, 1.0000, 1.4139, -1.1333, 0.8453, 1.0000, 233.09
221, 340, 19, 19, 0.5625, 70.6647, -68.5548, -17.1387, 0.2250, 168.75
221, 395, 74, 116, 0.9278, 2.5170, -0.0046, -2.5170, 0.7422, 142.88
221, 400, 125, 44, 0.6000, 34.4904, 22.4460, 26.1871, 0.1800, 159.33
221, 401, 14, 21, 0.6000, 10.3302, -10.2878, 0.9353, 0.1800, 240.33
221, 403, 7, 74, 0.6000, 11.4547, 6.5468, -9.3995, 0.1800, 184.00
221, 392, 34, 113, 0.6111, 0.1898, -0.1860, -0.0376, 0.3056, 152.60
221, 393, 1, -20, 0.6111, 46.6695, -10.5991, -45.4500, 0.3056, 184.80
221, 338, 128, 54, 0.6951, 4.8699, 1.8679, 4.4974, 0.5561, 160.50
222, 388, 23, 18, 1.0000, 2.4069, 2.3940, 0.2484, 1.0000, 232.50
222, 395, 74, 116, 0.9833, 0.8097, 0.0392, -0.8088, 0.8850, 145.89
222, 400, 130, 48, 0.6556, 10.1668, 7.0411, 7.3340, 0.2622, 163.00
222, 401, 14, 21, 0.6556, 2.1425, -2.1264, 0.2619, 0.2622, 243.00
222, 405, 103, 23, 0.6000, 0.8531, 0.1408, 0.8414, 0.1800, 158.67
222, 406, 84, 48, 0.6000, 15.8993, -14.0288, 7.4820, 0.1800, 174.00
222, 327, 99, -36, 0.5222, 54.1082, 1.9618, -54.0726, 0.2611, 115.00
222, 392, 33, 113, 0.5111, 0.1898, -0.1860, -0.0376, 0.2556, 152.60
222, 338, 130, 58, 0.5951, 4.8699, 1.8679, 4.4974, 0.4761, 160.50
222, 403, 13, 65, 0.5000, 11.4547, 6.5468, -9.3995, 0.1500, 184.00
223, 372, 115, 41, 0.6000, 51.6616, 50.1211, -12.5220, 0.1800, 172.67
223, 389, 50, 72, 0.6000, 49.6752, 2.7924, -49.5966, 0.1800, 175.00
223, 392, 47, 122, 0.7667, 6.5719, 5.4730, 3.6382, 0.4600, 155.17
223, 338, 117, 87, 0.8519, 15.0037, -4.3294, 14.3655, 0.7667, 153.44
223, 395, 74, 118, 1.0000, 2.2915, 0.0164, 2.2914, 1.0000, 143.80
223, 401, 14, 21, 0.7111, 0.5678, 0.5672, -0.0263, 0.3556, 244.00
223, 403, 33, 68, 0.6556, 13.9437, 13.6776, -2.7112, 0.2622, 187.00
223, 405, 104, 24, 0.7056, 1.2655, 0.7404, 1.0263, 0.2822, 155.75
223, 406, 64, 49, 0.6556, 19.1394, -19.0244, 2.0954, 0.2622, 181.25
223, 400, 137, 56, 0.5556, 10.1668, 7.0411, 7.3340, 0.2222, 163.00
224, 389, 47, 19, 0.6556, 52.2845, -2.2109, -52.2377, 0.2622, 182.75
224, 333, 78, 115, 0.5625, 21.3487, -10.3100, 18.6941, 0.2250, 127.75
224, 401, 16, 21, 0.7667, 1.2913, 1.2904, -0.0482, 0.4600, 242.83
224, 403, 43, 61, 0.7111, 12.9277, 11.1714, -6.5056, 0.3556, 191.00
224, 405, 102, 22, 0.7611, 1.7915, -1.2734, -1.2602, 0.3806, 175.20
224, 406, 60, 48, 0.7111, 5.1579, -5.1536, -0.2107, 0.3556, 187.00
224, 372, 165, 29, 0.5000, 51.6616, 50.1211, -12.5220, 0.1500, 172.67
224, 395, 74, 121, 0.9000, 2.2915, 0.0164, 2.2914, 0.9000, 143.80
225, 401, 17, 21, 0.8222, 1.1739, 1.1738, -0.0146, 0.5756, 240.86
225, 405, 104, 22, 0.8167, 1.8128, 1.6998, -0.6299, 0.4900, 188.50
225, 406, 62, 48, 0.7667, 0.8938, 0.8063, -0.3856, 0.4600, 189.17
225, 389, 45, -33, 0.5556, 52.2845, -2.2109, -52.2377, 0.2222, 182.75
225, 403, 55, 54, 0.6111, 12.9277, 11.1714, -6.5056, 0.3056, 191.00
226, 333, 56, 117, 0.6222, 10.8864, -10.8528, -0.8543, 0.3111, 130.60
226, 396, 23, 20, 0.6000, 15.4029, 6.4809, -13.9731, 0.1800, 211.00
226, 401, 18, 20, 0.8778, 1.2767, 1.0240, -0.7625, 0.7022, 238.25
226, 405, 107, 22, 0.8722, 2.3625, 2.3618, -0.0570, 0.6106, 198.00
227, 333, 41, 119, 0.6806, 15.0437, -14.9209, 1.9181, 0.4083, 133.17
227, 396, 24, 17, 0.6556, 4.5098, 1.9209, -4.0802, 0.2622, 216.25
227, 401, 18, 20, 0.9333, 0.3632, 0.2199, -0.2891, 0.8400, 239.78
227, 405, 109, 22, 0.9278, 2.1831, 2.1820, 0.0701, 0.7422, 204.88
228, 396, 23, 18, 0.7111, 0.3516, -0.1393, 0.3228, 0.3556, 219.00
228, 401, 19, 20, 0.9889, 0.6985, 0.6985, 0.0008, 0.9889, 241.30
228, 405, 112, 22, 0.9833, 2.7809, 2.7806, 0.0351, 0.8850, 210.22
228, 412, 1, 85, 0.6000, 25.1915, 0.8974, -25.1755, 0.1800, 169.33
228, 363, 96, 89, 0.5625, 6.7442, 3.7410, -5.6115, 0.2250, 130.75
228, 371, 103, 55, 0.5625, 27.1853, -0.9353, 27.1692, 0.2250, 157.50
229, 398, 17, 87, 0.6000, 26.2573, 1.8639, -26.1911, 0.1800, 166.67
229, 401, 21, 19, 1.0000, 1.9045, 1.7626, -0.7214, 1.0000, 240.45
229, 405, 114, 22, 1.0000, 2.2716, 2.2716, 0.0032, 1.0000, 214.50
229, 408, 6, 91, 0.6000, 1.1653, -0.8240, 0.8240, 0.1800, 179.17
229, 412, 6, 73, 0.6556, 14.4853, 4.8252, -13.6580, 0.2622, 172.75
229, 415, 76, 105, 0.6000, 0.8974, 0.0000, -0.8974, 0.1800, 147.00
229, 396, 23, 18, 0.6111, 0.3516, -0.1393, 0.3228, 0.3056, 219.00
230, 401, 21, 19, 1.0000, 0.6344, 0.5713, -0.2757, 1.0000, 240.08
230, 405, 117, 22, 1.0000, 2.7515, 2.7515, -0.0039, 1.0000, 218.18
230, 408, 5, 90, 0.7056, 1.1588, -1.0633, -0.4606, 0.2822, 189.62
230, 363, 104, 62, 0.6222, 15.3694, 4.1139, -14.8086, 0.3111, 136.20
230, 371, 77, 103, 0.6222, 27.9434, -14.5251, 23.8716, 0.3111, 155.20
230, 415, 48, 106, 0.6556, 24.2923, -24.2874, 0.4876, 0.2622, 151.00
230, 418, 5, 20, 0.6000, 1.9644, 1.9644, 0.0000, 0.1800, 250.33
230, 421, 48, 124, 0.6000, 54.3457, 31.8924, 44.0038, 0.1800, 169.50
230, 396, 23, 19, 0.5111, 0.3516, -0.1393, 0.3228, 0.2556, 219.00
230, 398, 19, 60, 0.5000, 26.2573, 1.8639, -26.1911, 0.1500, 166.67
230, 412, 11, 59, 0.5556, 14.4853, 4.8252, -13.6580, 0.2222, 172.75
231, 398, 1, 74, 0.6556, 9.9554, -9.2611, -3.6525, 0.2622, 164.50
231, 316, 46, 59, 0.5400, 25.8031, -21.6130, 14.0954, 0.2700, 202.80
231, 401, 22, 19, 1.0000, 0.7250, 0.7250, -0.0000, 1.0000, 241.00
231, 405, 119, 22, 1.0000, 2.2532, 2.2532, -0.0020, 1.0000, 221.25
231, 408, 4, 90, 0.7611, 1.0836, -1.0468, -0.2799, 0.3806, 192.90
231, 412, 9, 58, 0.7111, 6.3725, 0.9754, -6.2974, 0.3556, 181.40
231, 415, 16, 109, 0.7111, 31.2907, -31.1106, 3.3526, 0.3556, 152.00
231, 418, 7, 21, 0.7056, 2.1600, 2.0238, 0.7548, 0.2822, 251.50
231, 363, 108, 47, 0.5222, 15.3694, 4.1139, -14.8086, 0.2611, 136.20
231, 371, 62, 127, 0.5222, 27.9434, -14.5251, 23.8716, 0.2611, 155.20
231, 421, 79, 168, 0.5000, 54.3457, 31.8924, 44.0038, 0.1500, 169.50
232, 398, 0, 76, 0.7111, 2.1591, -1.7988, 1.1943, 0.3556, 168.00
232, 316, 42, 71, 0.6000, 14.2020, -6.9654, 12.3767, 0.3600, 201.33
232, 401, 22, 19, 1.0000, 0.1977, 0.1936, 0.0402, 1.0000, 241.04
232, 405, 121, 22, 1.0000, 1.9897, 1.9897, -0.0002, 1.0000, 223.69
232, 408, 17, 82, 0.7667, 13.1811, 11.2197, -6.9181, 0.4600, 191.25
232, 363, 113, 40, 0.6806, 11.3152, 4.5582, -10.3565, 0.4083, 136.00
232, 371, 33, 128, 0.6806, 25.6267, -23.3678, 10.5201, 0.4083, 154.50
232, 418, 9, 21, 0.7611, 2.0325, 2.0134, 0.2774, 0.3806, 251.20
232, 415, -15, 113, 0.6111, 31.2907, -31.1106, 3.3526, 0.3056, 152.00
233, 390, 17, 62, 0.6000, 23.6331, 10.5642, -21.1405, 0.1800, 183.33
233, 316, 22, 81, 0.6587, 20.4431, -18.0612, 9.5767, 0.4611, 199.57
233, 401, 22, 19, 1.0000, 0.0344, -0.0308, 0.0155, 1.0000, 241.17
233, 405, 124, 22, 1.0000, 2.7059, 2.7059, 0.0002, 1.0000, 225.79
233, 363, 115, 38, 0.7381, 3.2715, 2.5805, -2.0110, 0.5167, 136.86
233, 418, 11, 21, 0.8167, 2.0017, 2.0016, -0.0042, 0.4900, 251.83
233, 371, 9, 138, 0.5806, 25.6267, -23.3678, 10.5201, 0.3483, 154.50
233, 415, -46, 116, 0.5111, 31.2907, -31.1106, 3.3526, 0.2556, 152.00
234, 390, 46, 17, 0.6556, 49.9782, 27.0524, -42.0236, 0.2622, 187.75
234, 316, 1, 90, 0.7167, 22.4968, -20.3962, 9.4921, 0.5733, 198.62
234, 401, 22, 19, 1.0000, 0.0401, -0.0401, 0.0002, 1.0000, 240.94
234, 405, 126, 23, 1.0000, 2.4059, 2.2882, 0.7435, 1.0000, 227.53
234, 416, 21, 10, 0.6000, 8.9342, 5.3344, 7.1669, 0.1800, 218.00
234, 418, 13, 21, 0.8722, 1.9991, 1.9987, -0.0418, 0.6106, 252.29
234, 376, 87, 30, 0.5625, 0.2139, 0.1986, -0.0794, 0.2250, 176.00
234, 426, 77, 96, 0.6000, 3.0021, 0.9353, -2.8527, 0.1800, 154.67
234, 363, 118, 36, 0.6381, 3.2715, 2.5805, -2.0110, 0.4467, 136.86
235, 401, 22, 19, 1.0000, 0.0116, -0.0113, -0.0022, 1.0000, 240.56
235, 418, 15, 21, 0.9278, 1.9993, 1.9992, -0.0157, 0.7422, 252.12
235, 376, 87, 30, 0.6722, 0.0642, -0.0596, 0.0239, 0.3361, 175.20
235, 426, 76, 96, 0.7056, 0.9235, -0.4928, -0.7810, 0.2822, 157.50
235, 390, 73, -25, 0.5556, 49.9782, 27.0524, -42.0236, 0.2222, 187.75
235, 405, 128, 24, 0.9000, 2.4059, 2.2882, 0.7435, 0.9000, 227.53
235, 363, 121, 34, 0.5381, 3.2715, 2.5805, -2.0110, 0.3767, 136.86
235, 416, 27, 17, 0.5000, 8.9342, 5.3344, 7.1669, 0.1500, 218.00
236, 401, 19, 5, 1.0000, 12.9054, -2.2412, -12.7093, 1.0000, 238.92
236, 363, 119, 4, 0.7951, 13.6708, 0.9024, -13.6410, 0.6361, 136.88
236, 416, 40, 15, 0.6556, 9.8039, 9.6114, 1.9332, 0.2622, 222.00
236, 418, 17, 21, 0.9833, 1.9999, 1.9999, -0.0001, 0.8850, 252.33
236, 376, 87, 30, 0.7306, 0.0523, -0.0485, 0.0194, 0.4383, 174.83
236, 426, 76, 94, 0.7611, 1.4718, -0.3038, -1.4401, 0.3806, 159.20
236, 405, 131, 24, 0.8000, 2.4059, 2.2882, 0.7435, 0.8000, 227.53
237, 397, 106, 92, 0.6000, 67.0376, 28.8278, 60.5227, 0.1800, 161.67
237, 407, 99, 104, 0.6000, 45.5085, 32.1680, 32.1908, 0.1800, 162.00
237, 411, 107, 37, 0.6000, 19.6659, -19.6433, -0.9423, 0.1800, 133.33
237, 416, 42, 15, 0.7111, 3.0906, 3.0875, 0.1367, 0.3556, 221.60
237, 418, 21, 20, 1.0000, 3.5737, 3.4952, -0.7453, 1.0000, 251.70
237, 376, 87, 30, 0.7881, 0.0106, -0.0098, 0.0039, 0.5517, 174.71
237, 426, 76, 93, 0.8167, 1.2005, -0.0440, -1.1997, 0.4900, 161.00
237, 429, 62, 69, 0.6000, 64.0732, 57.4843, 28.3006, 0.1800, 195.67
237, 401, 17, -8, 0.9000, 12.9054, -2.2412, -12.7093, 0.9000, 238.92
237, 405, 133, 25, 0.7000, 2.4059, 2.2882, 0.7435, 0.7000, 227.53
238, 333, 10, 64, 1.0000, 2.4060, 1.2289, 2.0684, 1.0000, 164.64
238, 418, 22, 20, 1.0000, 1.8882, 1.8638, -0.3026, 1.0000, 250.82
238, 376, 87, 30, 0.8451, 0.0035, 0.0033, -0.0013, 0.6761, 174.75
238, 423, 1, 48, 0.6000, 40.4922, -5.3577, 40.1362, 0.1800, 206.33
238, 426, 75, 92, 0.8722, 1.2506, -0.7332, -1.0131, 0.6106, 161.29
238, 429, 112, 95, 0.6556, 57.2570, 50.8047, 26.4053, 0.2622, 170.00
238, 397, 135, 152, 0.5000, 67.0376, 28.8278, 60.5227, 0.1500, 161.67
238, 405, 135, 26, 0.6000, 2.4059, 2.2882, 0.7435, 0.6000, 227.53
238, 407, 131, 137, 0.5000, 45.5085, 32.1680, 32.1908, 0.1500, 162.00
238, 411, 88, 36, 0.5000, 19.6659, -19.6433, -0.9423, 0.1500, 133.33
238, 416, 45, 15, 0.6111, 3.0906, 3.0875, 0.1367, 0.3056, 221.60
239, 409, 28, 90, 0.6000, 24.5681, -11.3751, -21.7761, 0.1800, 160.00
239, 416, 43, 15, 0.7667, 0.2358, 0.1333, -0.1945, 0.4600, 220.50
239, 418, 24, 21, 1.0000, 1.8660, 1.7186, 0.7269, 1.0000, 250.83
239, 376, 87, 30, 0.9019, 0.0029, 0.0027, -0.0011, 0.8117, 174.89
239, 423, 23, 83, 0.6556, 40.1903, 18.8795, 35.4799, 0.2622, 199.50
239, 426, 74, 91, 0.9278, 1.4227, -1.0351, -0.9760, 0.7422, 161.12
239, 405, 138, 27, 0.5000, 2.4059, 2.2882, 0.7435, 0.5000, 227.53
239, 429, 163, 122, 0.5556, 57.2570, 50.8047, 26.4053, 0.2222, 170.00
240, 404, 43, 87, 0.6000, 21.2199, 21.1332, -1.9163, 0.1800, 182.00
240, 409, 12, 82, 0.6556, 18.2543, -15.3091, -9.9425, 0.2622, 163.25
240, 416, 70, 3, 0.8222, 27.2457, 24.9171, -11.0212, 0.5756, 214.86
240, 418, 26, 21, 1.0000, 1.9351, 1.9034, 0.3492, 1.0000, 250.19
240, 376, 87, 30, 0.9583, 0.0006, 0.0006, -0.0002, 0.9583, 174.90
240, 423, 41, 122, 0.7111, 43.1756, 18.3656, 39.0747, 0.3556, 186.00
240, 391, 7, 123, 0.5625, 1.8711, 0.0469, 1.8705, 0.2250, 169.38
240, 394, 54, 117, 0.5625, 49.8655, -48.5862, 11.2230, 0.2250, 119.00
240, 426, 73, 90, 0.8278, 1.4227, -1.0351, -0.9760, 0.6622, 161.12
241, 417, 45, 15, 0.6000, 0.9458, 0.9456, -0.0178, 0.1800, 208.33
241, 418, 29, 21, 1.0000, 2.7334, 2.7331, 0.0361, 1.0000, 250.54
241, 376, 87, 30, 1.0000, 0.0002, -0.0002, 0.0001, 1.0000, 174.82
241, 431, 109, 109, 0.6000, 23.3699, -16.9428, -16.0965, 0.1800, 77.67
241, 391, 9, 123, 0.6722, 1.5933, 1.5048, 0.5239, 0.3361, 175.70
241, 433, 22, 17, 0.6000, 1.0461, 0.1877, -1.0291, 0.1800, 221.06
241, 404, 64, 85, 0.5000, 21.2199, 21.1332, -1.9163, 0.1500, 182.00
241, 409, -4, 72, 0.5556, 18.2543, -15.3091, -9.9425, 0.2222, 163.25
241, 423, 59, 161, 0.6111, 43.1756, 18.3656, 39.0747, 0.3056, 186.00
241, 426, 72, 89, 0.7278, 1.4227, -1.0351, -0.9760, 0.5822, 161.12
242, 404, 72, 101, 0.6556, 15.6606, 13.3554, 8.1785, 0.2622, 169.75
242, 410, 125, 39, 0.6000, 1.5744, 1.5744, -0.0070, 0.1800, 114.00
242, 417, 46, 16, 0.7056, 1.2784, 1.0244, 0.7648, 0.2822, 212.00
242, 418, 31, 21, 1.0000, 2.3291, 2.3288, -0.0386, 1.0000, 250.83
242, 376, 87, 30, 1.0000, 0.0002, -0.0002, 0.0001, 1.0000, 174.67
242, 426, 70, 89, 0.9833, 1.5435, -1.4247, -0.5939, 0.8850, 163.00
242, 286, 39, 117, 0.5250, 5.0109, -4.8694, -1.1821, 0.3150, 147.83
242, 391, 9, 123, 0.7306, 0.5495, 0.5470, -0.0527, 0.4383, 181.58
242, 433, 23, 18, 0.7056, 0.8908, 0.7357, 0.5024, 0.2822, 223.67
242, 434, 2, 53, 0.6000, 0.7238, 0.5070, 0.5165, 0.1800, 207.33
242, 423, 78, 200, 0.5111, 43.1756, 18.3656, 39.0747, 0.2556, 186.00
242, 431, 92, 92, 0.5000, 23.3699, -16.9428, -16.0965, 0.1500, 77.67
243, 410, 126, 39, 0.7056, 1.1545, 1.1545, -0.0044, 0.2822, 116.50
243, 417, 47, 16, 0.7611, 1.0547, 1.0160, 0.2829, 0.3806, 211.10
243, 418, 33, 21, 1.0000, 2.0283, 2.0281, -0.0224, 1.0000, 250.78
243, 376, 87, 30, 1.0000, 0.0000, -0.0000, 0.0000, 1.0000, 174.54
243, 426, 64, 105, 0.9889, 16.1461, -5.8813, 15.0368, 0.9889, 160.20
243, 431, 69, 89, 0.6556, 22.1248, -20.0988, -9.2489, 0.2622, 105.50
243, 391, 10, 124, 0.7881, 1.0072, 0.7537, 0.6680, 0.5517, 179.21
243, 433, 24, 17, 0.7611, 1.1026, 1.0093, -0.4439, 0.3806, 222.43
243, 404, 85, 109, 0.5556, 15.6606, 13.3554, 8.1785, 0.2222, 169.75
243, 434, 3, 54, 0.5000, 0.7238, 0.5070, 0.5165, 0.1500, 207.33
244, 405, 127, 39, 1.0000, 2.1312, -0.8080, 1.9721, 1.0000, 221.50
244, 409, 4, 54, 0.7111, 6.4602, 2.0582, -6.1235, 0.3556, 175.20
244, 410, 111, 42, 0.7111, 13.9661, -13.6238, 3.0732, 0.3556, 123.20
244, 417, 48, 17, 0.8167, 1.2585, 1.0025, 0.7608, 0.4900, 211.92
244, 418, 36, 21, 1.0000, 2.6789, 2.6789, -0.0037, 1.0000, 250.79
244, 376, 87, 30, 1.0000, 0.0000, 0.0000, -0.0000, 1.0000, 174.36
244, 426, 61, 124, 1.0000, 18.8817, -3.5448, 18.5460, 1.0000, 160.45
244, 431, 59, 80, 0.7111, 13.8444, -10.7800, -8.6867, 0.3556, 118.00
244, 286, 38, 116, 0.6341, 0.4965, -0.1206, -0.4817, 0.4439, 148.71
244, 391, 11, 125, 0.8451, 1.4117, 0.9709, 1.0248, 0.6761, 178.44
244, 432, 69, 63, 0.6000, 11.9698, -5.3810, -10.6921, 0.1800, 179.17
244, 433, 23, 17, 0.8167, 0.5438, -0.4867, -0.2424, 0.4900, 224.11
244, 434, 12, 66, 0.6556, 9.5127, 5.5157, 7.7504, 0.2622, 211.00
245, 405, 127, 39, 1.0000, 0.2232, -0.0945, 0.2022, 1.0000, 215.29
245, 417, 49, 17, 0.8722, 1.0299, 0.9987, 0.2516, 0.6106, 215.64
245, 418, 38, 21, 1.0000, 2.2974, 2.2974, 0.0019, 1.0000, 250.92
245, 376, 87, 30, 1.0000, 0.0000, 0.0000, -0.0000, 1.0000, 174.27
245, 425, 5, 62, 0.6000, 44.8964, -27.2452, -35.6846, 0.1800, 177.67
245, 391, 12, 126, 0.9019, 1.4727, 1.0245, 1.0579, 0.8117, 181.17
245, 433, 25, 17, 0.8722, 1.1955, 1.1952, -0.0279, 0.6106, 226.60
245, 434, 14, 68, 0.7111, 3.0634, 2.2526, 2.0761, 0.3556, 207.80
245, 436, 1, 0, 0.7056, 1.0768, 0.7614, -0.7614, 0.2822, 230.25
245, 437, 111, 3, 0.6000, 20.5968, -13.0935, -15.8993, 0.1800, 132.33
245, 410, 97, 46, 0.6111, 13.9661, -13.6238, 3.0732, 0.3056, 123.20
245, 431, 49, 71, 0.6111, 13.8444, -10.7800, -8.6867, 0.3056, 118.00
245, 286, 38, 115, 0.5341, 0.4965, -0.1206, -0.4817, 0.3739, 148.71
245, 432, 63, 52, 0.5000, 11.9698, -5.3810, -10.6921, 0.1500, 179.17
246, 417, 50, 18, 0.9278, 1.2453, 0.9991, 0.7433, 0.7422, 216.19
246, 418, 41, 20, 1.0000, 2.8255, 2.7352, -0.7087, 1.0000, 251.03
246, 376, 87, 30, 1.0000, 0.0000, 0.0000, -0.0000, 1.0000, 174.25
246, 286, 10, 101, 0.6424, 18.2236, -15.9446, -8.8242, 0.5139, 151.12
246, 391, 12, 126, 0.9583, 0.3745, 0.2622, 0.2675, 0.9583, 183.35
246, 432, 72, 49, 0.6556, 7.3250, 2.8948, -6.7287, 0.2622, 191.88
246, 433, 26, 17, 0.9278, 1.2916, 1.2914, 0.0247, 0.7422, 230.15
246, 434, 14, 68, 0.7667, 0.9488, 0.8332, 0.4538, 0.4600, 209.17
246, 436, 1, 0, 0.7611, 0.3986, 0.2819, -0.2819, 0.3806, 230.20
246, 311, 118, 92, 0.5250, 49.7373, 49.5214, 4.6293, 0.3150, 166.17
246, 405, 127, 39, 0.9000, 0.2232, -0.0945, 0.2022, 0.9000, 215.29
246, 425, -23, 26, 0.5000, 44.8964, -27.2452, -35.6846, 0.1500, 177.67
246, 437, 98, -13, 0.5000, 20.5968, -13.0935, -15.8993, 0.1500, 132.33
247, 417, 35, 17, 0.9333, 13.2929, -13.2836, -0.4951, 0.8400, 215.17
247, 418, 43, 20, 1.0000, 2.3096, 2.2869, -0.3231, 1.0000, 251.22
247, 376, 87, 30, 1.0000, 0.0000, -0.0000, 0.0000, 1.0000, 174.24
247, 391, 13, 127, 1.0000, 0.9892, 0.7009, 0.6980, 1.0000, 184.86
247, 432, 54, 21, 0.7111, 30.2445, -16.1843, -25.5499, 0.3556, 197.90
247, 433, 27, 16, 0.9833, 1.3174, 1.0828, -0.7504, 0.8850, 229.69
247, 434, 14, 68, 0.8222, 0.1214, -0.0029, -0.1213, 0.5756, 209.29
247, 402, 0, 56, 0.5625, 0.0000, 0.0000, 0.0000, 0.2250, 188.00
247, 405, 127, 40, 0.8000, 0.2232, -0.0945, 0.2022, 0.8000, 215.29
247, 436, 1, 0, 0.6611, 0.3986, 0.2819, -0.2819, 0.3306, 230.20
248, 405, 109, 47, 1.0000, 7.7547, -7.1164, 3.0808, 1.0000, 211.22
248, 418, 45, 20, 1.0000, 2.0127, 2.0125, -0.0335, 1.0000, 251.40
248, 376, 95, 17, 1.0000, 12.5661, 6.4652, -10.7753, 1.0000, 173.22
248, 391, 24, 116, 1.0000, 13.6720, 9.9089, -9.4200, 1.0000, 182.29
248, 433, 27, 16, 1.0000, 0.3716, 0.2293, -0.2924, 1.0000, 230.02
248, 402, 11, 61, 0.6222, 10.8067, 9.8120, 4.5286, 0.3111, 189.40
248, 436, 2, -1, 0.5611, 0.3986, 0.2819, -0.2819, 0.2806, 230.20
249, 418, 48, 20, 1.0000, 2.6568, 2.6565, 0.0375, 1.0000, 251.48
249, 428, 48, 77, 0.6000, 55.1308, 37.0439, 40.8307, 0.1800, 200.67
249, 433, 28, 16, 1.0000, 0.6877, 0.6877, -0.0047, 1.0000, 231.42
249, 402, 17, 69, 0.6806, 9.1602, 5.8973, 7.0094, 0.4083, 192.17
249, 439, 63, 84, 0.6000, 3.7771, -0.9822, -3.6471, 0.1800, 177.67
249, 376, 101, 7, 0.9000, 12.5661, 6.4652, -10.7753, 0.9000, 173.22
249, 391, 34, 107, 0.9000, 13.6720, 9.9089, -9.4200, 0.9000, 182.29
250, 418, 51, 20, 1.0000, 3.0016, 3.0015, 0.0232, 1.0000, 250.96
250, 376, 117, 0, 1.0000, 14.3670, 11.5405, -8.5572, 1.0000, 170.63
250, 428, 66, 124, 0.6556, 50.4918, 20.2383, 46.2584, 0.2622, 180.25
250, 391, 47, 86, 1.0000, 19.8164, 11.5768, -16.0831, 1.0000, 182.04
250, 433, 28, 16, 1.0000, 0.2415, 0.2380, 0.0410, 1.0000, 232.93
250, 435, 8, 57, 0.6000, 12.6765, -12.1203, -3.7138, 0.1800, 200.67
250, 437, 84, 3, 0.6556, 5.8378, -2.8698, 5.0837, 0.2622, 144.50
250, 402, 32, 76, 0.7381, 16.3325, 14.5783, 7.3636, 0.5167, 191.14
250, 347, 126, 91, 0.5400, 1.7270, 1.7266, -0.0397, 0.2700, 81.00
250, 439, 62, 83, 0.7056, 2.0755, -1.0119, -1.8120, 0.2822, 181.00
251, 414, 124, 92, 0.6000, 60.6865, 9.6546, 59.9136, 0.1800, 105.33
251, 418, 53, 20, 1.0000, 2.3684, 2.3684, 0.0048, 1.0000, 249.39
251, 385, 108, 115, 0.5625, 57.1546, 41.3287, 39.4790, 0.2250, 159.25
251, 433, 29, 15, 1.0000, 1.0405, 0.7410, -0.7304, 1.0000, 233.71
251, 402, 61, 92, 0.7951, 31.0302, 26.8583, 15.5403, 0.6361, 184.50
251, 347, 127, 91, 0.6500, 1.3299, 1.3299, 0.0119, 0.3900, 82.00
251, 439, 61, 82, 0.7611, 1.3852, -1.0067, -0.9514, 0.3806, 179.70
251, 440, 87, 5, 0.6000, 19.6816, -17.9481, -8.0767, 0.1800, 156.67
251, 376, 128, -9, 0.9000, 14.3670, 11.5405, -8.5572, 0.9000, 170.63
251, 428, 86, 170, 0.5556, 50.4918, 20.2383, 46.2584, 0.2222, 180.25
251, 391, 58, 69, 0.9000, 19.8164, 11.5768, -16.0831, 0.9000, 182.04
251, 435, -4, 54, 0.5000, 12.6765, -12.1203, -3.7138, 0.1500, 200.67
251, 437, 81, 8, 0.5556, 5.8378, -2.8698, 5.0837, 0.2222, 144.50
252, 418, 55, 20, 1.0000, 2.0091, 2.0091, -0.0016, 1.0000, 249.11
252, 433, 29, 17, 1.0000, 1.9455, 0.2653, 1.9273, 1.0000, 235.23
252, 435, 8, 57, 0.6556, 1.6368, 1.6290, 0.1601, 0.2622, 198.00
252, 402, 90, 114, 0.8519, 36.1730, 29.5216, 20.9037, 0.7667, 176.00
252, 347, 125, 94, 0.7087, 3.0649, -2.0270, 2.2989, 0.4961, 78.57
252, 439, 59, 82, 0.8167, 1.7680, -1.7652, -0.0988, 0.4900, 186.08
252, 440, 74, 6, 0.6556, 13.7883, -13.7755, 0.5939, 0.2622, 164.25
252, 451, 12, 124, 0.6000, 21.5108, 0.0000, 21.5108, 0.1800, 154.00
252, 414, 133, 152, 0.5000, 60.6865, 9.6546, 59.9136, 0.1500, 105.33
252, 376, 140, -17, 0.8000, 14.3670, 11.5405, -8.5572, 0.8000, 170.63
253, 418, 56, 20, 1.0000, 1.2602, 1.2602, -0.0016, 1.0000, 248.06
253, 433, 29, 19, 1.0000, 1.6424, -0.0025, 1.6424, 1.0000, 234.38
253, 435, 11, 59, 0.7111, 3.2092, 2.6503, 1.8096, 0.3556, 200.00
253, 347, 124, 108, 0.7167, 13.1391, -0.9670, 13.1035, 0.5733, 84.00
253, 439, 58, 81, 0.8722, 1.4514, -1.2910, -0.6632, 0.6106, 188.21
253, 448, 80, 7, 0.6556, 20.5320, -6.0382, -19.6241, 0.2622, 178.00
253, 376, 151, -26, 0.7000, 14.3670, 11.5405, -8.5572, 0.7000, 170.63
253, 402, 120, 135, 0.7519, 36.1730, 29.5216, 20.9037, 0.6767, 176.00
253, 440, 60, 7, 0.5556, 13.7883, -13.7755, 0.5939, 0.2222, 164.25
253, 451, 12, 146, 0.5000, 21.5108, 0.0000, 21.5108, 0.1500, 154.00
254, 418, 57, 22, 1.0000, 1.6578, 0.9556, 1.3547, 1.0000, 247.72
254, 433, 29, 20, 1.0000, 1.1277, -0.0414, 1.1269, 1.0000, 234.10
254, 436, 23, 4, 0.8167, 3.7970, 3.7066, 0.8240, 0.4900, 227.50
254, 439, 58, 64, 0.8778, 15.5193, -0.2356, -15.5175, 0.7022, 187.94
254, 440, 54, 20, 0.7111, 12.2450, -9.7543, 7.4023, 0.3556, 170.40
254, 443, 37, 47, 0.6000, 21.6313, -19.6916, 8.9528, 0.1800, 196.33
254, 446, 40, 21, 0.6000, 22.5061, 11.5604, 19.3102, 0.1800, 212.67
254, 376, 163, -34, 0.6000, 14.3670, 11.5405, -8.5572, 0.6000, 170.63
254, 347, 123, 121, 0.6167, 13.1391, -0.9670, 13.1035, 0.4933, 84.00
254, 448, 74, -12, 0.5556, 20.5320, -6.0382, -19.6241, 0.2222, 178.00
255, 418, 58, 22, 1.0000, 1.1523, 0.9329, 0.6765, 1.0000, 247.16
255, 433, 20, 14, 1.0000, 9.4246, -8.0559, -4.8913, 1.0000, 232.75
255, 439, 60, 32, 0.9333, 30.3199, 1.6262, -30.2762, 0.8400, 189.57
255, 443, 6, 39, 0.6556, 30.4275, -29.7589, -6.3434, 0.2622, 197.50
255, 446, 61, 22, 0.6556, 19.8291, 19.5834, 3.1122, 0.2622, 213.25
255, 452, 90, 81, 0.6000, 1.3226, 0.9353, 0.9353, 0.1800, 156.33
255, 376, 174, -43, 0.5000, 14.3670, 11.5405, -8.5572, 0.5000, 170.63
255, 347, 122, 134, 0.5167, 13.1391, -0.9670, 13.1035, 0.4133, 84.00
256, 418, 58, 23, 1.0000, 0.8326, 0.3043, 0.7750, 1.0000, 246.03
256, 347, 127, 124, 0.7741, 3.8669, 1.5417, 3.5463, 0.6967, 83.00
256, 446, 86, 29, 0.7111, 25.7478, 24.7857, 6.9727, 0.3556, 204.80
256, 452, 94, 83, 0.7056, 3.7287, 3.2810, 1.7715, 0.2822, 151.25
256, 453, 62, 60, 0.6000, 37.8402, -24.3165, 28.9928, 0.1800, 171.00
256, 443, -24, 32, 0.5556, 30.4275, -29.7589, -6.3434, 0.2222, 197.50
257, 418, 60, 23, 1.0000, 1.3511, 1.3226, 0.2764, 1.0000, 245.30
257, 413, 66, 18, 0.5625, 22.0721, 19.3489, 10.6205, 0.2250, 216.38
257, 452, 120, 81, 0.7111, 24.0541, 23.9895, -1.7621, 0.3556, 141.20
257, 453, 16, 79, 0.6556, 47.5422, -43.0393, 20.1962, 0.2622, 173.50
257, 457, 7, 21, 0.6000, 15.1329, 1.9174, 15.0110, 0.1800, 212.00
257, 446, 111, 36, 0.6111, 25.7478, 24.7857, 6.9727, 0.3056, 204.80
258, 418, 61, 24, 1.0000, 1.4517, 1.2895, 0.6669, 1.0000, 245.26
258, 449, 46, 91, 0.6000, 26.4218, 26.4217, 0.0288, 0.1800, 171.67
258, 413, 73, 20, 0.6222, 9.1442, 8.5014, 3.3677, 0.3111, 223.70
258, 457, 8, 28, 0.6556, 8.0612, 1.2739, 7.9600, 0.2622, 211.00
258, 461, 2, 28, 0.6000, 32.9252, -11.0822, -31.0041, 0.1800, 199.00
258, 462, 67, 74, 0.6000, 13.5535, 12.9997, -3.8349, 0.1800, 191.67
258, 452, 144, 79, 0.6111, 24.0541, 23.9895, -1.7621, 0.3056, 141.20
258, 453, -27, 99, 0.5556, 47.5422, -43.0393, 20.1962, 0.2222, 173.50
259, 418, 62, 24, 1.0000, 1.1331, 1.0932, 0.2980, 1.0000, 245.16
259, 427, 85, 29, 0.6000, 72.4229, 66.7675, 28.0566, 0.1800, 207.78
259, 413, 84, 24, 0.6806, 11.8313, 11.2546, 3.6489, 0.4083, 216.25
259, 460, 68, 22, 0.6000, 69.5038, 58.4277, -37.6429, 0.1800, 215.00
259, 465, 30, 123, 0.6000, 10.2701, 6.2818, 8.1248, 0.1800, 159.33
259, 449, 72, 91, 0.5000, 26.4218, 26.4217, 0.0288, 0.1500, 171.67
259, 457, 9, 36, 0.5556, 8.0612, 1.2739, 7.9600, 0.2222, 211.00
259, 461, -9, -3, 0.5000, 32.9252, -11.0822, -31.0041, 0.1500, 199.00
259, 462, 80, 70, 0.5000, 13.5535, 12.9997, -3.8349, 0.1500, 191.67
260, 418, 63, 26, 1.0000, 1.6736, 0.9969, 1.3442, 1.0000, 243.92
260, 449, 59, 98, 0.6556, 5.4185, 3.8867, 3.7754, 0.2622, 168.00
260, 413, 88, 30, 0.7381, 7.1490, 4.5829, 5.4868, 0.5167, 209.79
260, 457, 10, 44, 0.7111, 7.9401, 0.9101, 7.8877, 0.3556, 210.80
260, 461, 21, 2, 0.6556, 16.7561, 12.4460, -11.2189, 0.2622, 202.75
260, 462, 74, 66, 0.6556, 4.5521, 2.0124, -4.0831, 0.2622, 192.00
260, 463, 13, 64, 0.6556, 19.7243, 9.0966, -17.5014, 0.2622, 186.75
260, 427, 152, 57, 0.5000, 72.4229, 66.7675, 28.0566, 0.1500, 207.78
260, 460, 127, -16, 0.5000, 69.5038, 58.4277, -37.6429, 0.1500, 215.00
260, 465, 37, 132, 0.5000, 10.2701, 6.2818, 8.1248, 0.1500, 159.33
261, 418, 64, 25, 1.0000, 0.9815, 0.9815, 0.0108, 1.0000, 243.84
261, 450, 30, 86, 0.6000, 19.5792, 19.5559, -0.9547, 0.1800, 173.67
261, 413, 88, 31, 0.7951, 1.5181, 0.0576, 1.5171, 0.6361, 204.94
261, 457, 14, 60, 0.7667, 15.5640, 4.0910, 15.0168, 0.4600, 213.67
261, 461, 29, -1, 0.7111, 8.3843, 7.8568, -2.9272, 0.3556, 206.20
261, 462, 64, 41, 0.7111, 24.4994, -8.7875, -22.8692, 0.3556, 192.40
261, 463, 10, 31, 0.7111, 31.7442, -1.9882, -31.6819, 0.3556, 189.40
261, 449, 62, 102, 0.5556, 5.4185, 3.8867, 3.7754, 0.2222, 168.00
262, 418, 78, 21, 1.0000, 11.8440, 11.3245, -3.4694, 1.0000, 244.16
262, 450, 33, 86, 0.6556, 5.7210, 5.7150, -0.2622, 0.2622, 174.75
262, 413, 87, 30, 0.8519, 0.6999, -0.6519, -0.2546, 0.7667, 201.17
262, 457, 22, 71, 0.8222, 13.2615, 6.7718, 11.4022, 0.5756, 210.71
262, 473, 122, 9, 0.6000, 44.3150, 43.1155, -10.2408, 0.1800, 203.11
262, 462, 55, 19, 0.6111, 24.4994, -8.7875, -22.8692, 0.3056, 192.40
262, 463, 8, -1, 0.6111, 31.7442, -1.9882, -31.6819, 0.3056, 189.40
263, 418, 85, 20, 1.0000, 7.9682, 7.8723, -1.2321, 1.0000, 243.35
263, 413, 87, 30, 0.9083, 0.3899, -0.2410, -0.3064, 0.9083, 198.25
263, 456, 15, 108, 0.6000, 60.1018, 7.3805, 59.6469, 0.1800, 188.33
263, 457, 15, 107, 0.8778, 33.8398, -4.8889, 33.4848, 0.7022, 204.88
263, 422, 30, 119, 0.5625, 66.3840, -45.1018, 48.7100, 0.2250, 182.00
263, 474, 2, 42, 0.6000, 8.3104, -1.7466, 8.1248, 0.1800, 202.33
263, 450, 39, 86, 0.5556, 5.7210, 5.7150, -0.2622, 0.2222, 174.75
263, 463, 6, -33, 0.5111, 31.7442, -1.9882, -31.6819, 0.2556, 189.40
263, 473, 165, -1, 0.5000, 44.3150, 43.1155, -10.2408, 0.1500, 203.11
264, 418, 87, 21, 1.0000, 3.4413, 3.4413, -0.0200, 1.0000, 243.53
264, 450, 62, 91, 0.7111, 16.0315, 15.7751, 2.8559, 0.3556, 171.80
264, 413, 87, 30, 0.9646, 0.0734, 0.0055, -0.0732, 0.9646, 195.86
264, 476, 92, 28, 0.6000, 25.2745, 25.2237, 1.6021, 0.1800, 183.33
264, 478, 45, 24, 0.6000, 46.7626, 28.0576, -37.4101, 0.1800, 206.67
264, 456, 23, 168, 0.5000, 60.1018, 7.3805, 59.6469, 0.1500, 188.33
264, 474, 0, 51, 0.5000, 8.3104, -1.7466, 8.1248, 0.1500, 202.33
265, 418, 89, 22, 1.0000, 2.4843, 2.3292, 0.8641, 1.0000, 243.78
265, 413, 87, 30, 1.0000, 0.0394, 0.0356, 0.0168, 1.0000, 194.12
265, 465, 30, 124, 0.6556, 3.5109, -2.2816, -2.6685, 0.2622, 159.75
265, 468, 38, 9, 0.6000, 0.9583, -0.1526, -0.9461, 0.1800, 228.33
265, 469, 32, 21, 0.6000, 23.6070, -22.9807, 5.4018, 0.1800, 207.67
265, 471, 21, 16, 0.6000, 4.4253, 4.4252, -0.0305, 0.1800, 210.33
265, 474, 17, 64, 0.6556, 14.0735, 8.7299, 11.0387, 0.2622, 205.75
265, 476, 110, 37, 0.6556, 20.6480, 18.9597, 8.1773, 0.2622, 173.00
265, 480, 46, 70, 0.6000, 28.6018, 27.7232, 7.0347, 0.1800, 197.00
265, 478, 73, -14, 0.5000, 46.7626, 28.0576, -37.4101, 0.1500, 206.67
266, 418, 94, 27, 1.0000, 5.7983, 3.8438, 4.3412, 1.0000, 241.76
266, 413, 87, 30, 1.0000, 0.0201, 0.0119, 0.0162, 1.0000, 192.65
266, 419, 26, 51, 0.5625, 2.0886, 0.9147, -1.8777, 0.2250, 190.25
266, 455, 126, 7, 0.6000, 38.0068, 23.4125, -29.9395, 0.1800, 153.33
266, 464, 1, 95, 0.6000, 18.6766, -2.7936, -18.4665, 0.1800, 167.00
266, 465, 31, 124, 0.7111, 0.6733, 0.5199, -0.4278, 0.3556, 161.20
266, 382, 64, 22, 0.5400, 7.0140, -4.5814, -5.3111, 0.2700, 195.00
266, 468, 25, 5, 0.6556, 11.8483, -11.3773, -3.3077, 0.2622, 224.50
266, 469, 14, 6, 0.6556, 22.2832, -18.7362, -12.0622, 0.2622, 209.25
266, 471, 37, 10, 0.6556, 16.0280, 15.1182, -5.3232, 0.2622, 220.75
266, 474, 19, 66, 0.7111, 3.5232, 2.4452, 2.5366, 0.3556, 206.20
266, 480, 51, 71, 0.6556, 8.5568, 8.4338, 1.4453, 0.2622, 203.50
266, 482, 2, 79, 0.6000, 1.1928, -0.8434, -0.8434, 0.1800, 184.33
266, 476, 129, 45, 0.5556, 20.6480, 18.9597, 8.1773, 0.2222, 173.00
267, 413, 87, 30, 1.0000, 0.0035, -0.0008, 0.0034, 1.0000, 191.46
267, 471, 42, 8, 0.7111, 6.0939, 5.7682, -1.9655, 0.3556, 227.60
267, 474, 18, 65, 0.7667, 1.0931, -1.0806, 0.1651, 0.4600, 206.25
267, 475, 119, 17, 0.6000, 76.0350, 74.9847, 12.5946, 0.1800, 182.00
267, 482, 3, 91, 0.6556, 10.3803, 0.4712, 10.3696, 0.2622, 182.12
267, 483, 46, 112, 0.6000, 26.9240, 17.7620, 20.2339, 0.1800, 168.33
267, 411, 46, 68, 0.5250, 11.5680, -4.1157, 10.8111, 0.3150, 205.00
267, 418, 97, 31, 0.9000, 5.7983, 3.8438, 4.3412, 0.9000, 241.76
267, 455, 149, -23, 0.5000, 38.0068, 23.4125, -29.9395, 0.1500, 153.33
267, 464, -2, 77, 0.5000, 18.6766, -2.7936, -18.4665, 0.1500, 167.00
267, 468, 14, 2, 0.5556, 11.8483, -11.3773, -3.3077, 0.2222, 224.50
267, 469, -4, -6, 0.5556, 22.2832, -18.7362, -12.0622, 0.2222, 209.25
267, 480, 60, 72, 0.5556, 8.5568, 8.4338, 1.4453, 0.2222, 203.50
268, 447, 118, 26, 0.6000, 8.5323, -7.6380, 3.8027, 0.1800, 118.83
268, 413, 87, 30, 1.0000, 0.0022, -0.0019, -0.0011, 1.0000, 190.57
268, 464, 7, 82, 0.6556, 6.1833, 3.3712, -5.1834, 0.2622, 170.75
268, 471, 41, 9, 0.7667, 0.0263, -0.0031, 0.0261, 0.4600, 232.17
268, 482, 14, 123, 0.7111, 31.5896, 10.2067, 29.8953, 0.3556, 182.90
268, 483, 50, 116, 0.6556, 8.5716, 5.5921, 6.4962, 0.2622, 163.75
268, 411, 46, 69, 0.5841, 2.5186, -0.3563, 2.4933, 0.4089, 206.86
268, 418, 101, 36, 0.8000, 5.7983, 3.8438, 4.3412, 0.8000, 241.76
268, 475, 194, 29, 0.5000, 76.0350, 74.9847, 12.5946, 0.1500, 182.00
269, 444, 22, 115, 0.6000, 25.8668, -24.0150, 9.6109, 0.1800, 160.33
269, 413, 87, 30, 1.0000, 0.0010, -0.0006, -0.0008, 1.0000, 189.78
269, 459, 13, 103, 0.6000, 72.3567, -0.9516, 72.3505, 0.1800, 190.00
269, 464, 8, 81, 0.7111, 2.1926, 1.8385, -1.1947, 0.3556, 174.00
269, 382, 48, 1, 0.6000, 9.1289, -5.6339, -7.1830, 0.3600, 197.17
269, 471, 41, 9, 0.8222, 0.3063, -0.0776, 0.2963, 0.5756, 234.86
269, 418, 105, 40, 0.7000, 5.7983, 3.8438, 4.3412, 0.7000, 241.76
269, 447, 111, 30, 0.5000, 8.5323, -7.6380, 3.8027, 0.1500, 118.83
269, 482, 24, 153, 0.6111, 31.5896, 10.2067, 29.8953, 0.3056, 182.90
269, 483, 56, 123, 0.5556, 8.5716, 5.5921, 6.4962, 0.2222, 163.75
270, 444, 18, 116, 0.6556, 7.0977, -6.5908, 2.6341, 0.2622, 161.75
270, 447, 88, 30, 0.6556, 16.4075, -16.2901, 1.9597, 0.2622, 132.38
270, 419, 29, 33, 0.6222, 5.3020, 0.7295, -5.2516, 0.3111, 195.10
270, 468, 6, 18, 0.7111, 5.7706, -2.7683, 5.0633, 0.3556, 222.40
270, 471, 41, 6, 0.8778, 2.1826, -0.0292, -2.1824, 0.7022, 232.12
270, 480, 72, 49, 0.7111, 8.6365, 4.1895, -7.5522, 0.3556, 211.00
270, 483, 57, 117, 0.7111, 3.3373, 3.2138, -0.8997, 0.3556, 159.40
270, 485, 115, 73, 0.6000, 52.4092, -1.9174, -52.3741, 0.1800, 96.67
270, 418, 109, 44, 0.6000, 5.7983, 3.8438, 4.3412, 0.6000, 241.76
270, 459, 12, 175, 0.5000, 72.3567, -0.9516, 72.3505, 0.1500, 190.00
270, 382, 42, -6, 0.5000, 9.1289, -5.6339, -7.1830, 0.3000, 197.17
271, 444, 20, 116, 0.7111, 0.7399, 0.6865, -0.2760, 0.3556, 161.40
271, 447, 74, 29, 0.7111, 13.3873, -13.3793, -0.4612, 0.3556, 149.00
271, 419, 29, 32, 0.7306, 0.8956, 0.1111, -0.8887, 0.4383, 204.58
271, 418, 113, 49, 0.5000, 5.7983, 3.8438, 4.3412, 0.5000, 241.76
271, 471, 41, 4, 0.7778, 2.1826, -0.0292, -2.1824, 0.6222, 232.12
271, 485, 113, 21, 0.5000, 52.4092, -1.9174, -52.3741, 0.1500, 96.67
272, 418, 84, 53, 1.0000, 5.4963, -3.3824, 4.3323, 1.0000, 240.61
272, 447, 75, 29, 0.7667, 1.2480, -1.1656, -0.4458, 0.4600, 163.33
272, 419, 28, 34, 0.7881, 1.3102, -0.8069, 1.0322, 0.5517, 208.07
272, 485, 109, 42, 0.6556, 11.5938, -3.1213, -11.1658, 0.2622, 108.75
272, 486, 10, 93, 0.6000, 15.3905, -14.9171, 3.7879, 0.1800, 194.00
272, 471, 41, 2, 0.6778, 2.1826, -0.0292, -2.1824, 0.5422, 232.12
273, 444, 35, 121, 0.8222, 4.3702, 4.0767, 1.5746, 0.5756, 162.29
273, 447, 77, 30, 0.8222, 2.3436, 2.2449, 0.6728, 0.5756, 168.57
273, 382, 28, 1, 0.6587, 5.2078, -4.8408, 1.9205, 0.4611, 200.43
273, 477, 27, 88, 0.6000, 30.1934, 16.7240, 25.1386, 0.1800, 190.00
273, 471, 41, 0, 0.5778, 2.1826, -0.0292, -2.1824, 0.4622, 232.12
273, 485, 106, 31, 0.5556, 11.5938, -3.1213, -11.1658, 0.2222, 108.75
273, 486, -5, 97, 0.5000, 15.3905, -14.9171, 3.7879, 0.1500, 194.00
274, 444, 36, 120, 0.8778, 1.0262, 0.6257, -0.8134, 0.7022, 163.25
274, 382, 5, 8, 0.7167, 23.7699, -22.6520, 7.2037, 0.5733, 199.75
274, 477, 39, 104, 0.6556, 21.2633, 12.4952, 17.2045, 0.2622, 184.50
274, 479, 43, 62, 0.6000, 0.9354, 0.0069, -0.9354, 0.1800, 207.33
274, 486, 0, 97, 0.6556, 4.0136, -3.5141, 1.9390, 0.2622, 186.25
275, 444, 21, 111, 0.9333, 15.5681, -13.0739, -8.4523, 0.8400, 163.67
275, 477, 37, 120, 0.7111, 16.0146, 0.1207, 16.0141, 0.3556, 179.20
275, 479, 42, 61, 0.7056, 1.2792, -0.7605, -1.0287, 0.2822, 212.75
275, 489, 83, 33, 0.6000, 52.5457, -32.7338, -41.1041, 0.1800, 151.00
275, 382, -18, 15, 0.6167, 23.7699, -22.6520, 7.2037, 0.4933, 199.75
275, 486, -3, 99, 0.5556, 4.0136, -3.5141, 1.9390, 0.2222, 186.25
276, 471, 28, 1, 0.9333, 2.9721, -2.9374, -0.4530, 0.8400, 231.00
276, 479, 41, 61, 0.7611, 1.0740, -1.0431, -0.2559, 0.3806, 216.40
276, 489, 34, 9, 0.6556, 53.2808, -46.1514, -26.6251, 0.2622, 165.25
276, 438, 32, 92, 0.5625, 1.3906, 1.0291, 0.9353, 0.2250, 190.88
276, 495, 39, 118, 0.6000, 45.2801, 28.0576, 35.5396, 0.1800, 166.17
276, 477, 37, 136, 0.6111, 16.0146, 0.1207, 16.0141, 0.3056, 179.20
277, 458, 33, 20, 0.6000, 49.6679, -46.1843, 18.2732, 0.1800, 181.67
277, 479, 39, 60, 0.8167, 1.9504, -1.8158, -0.7120, 0.4900, 222.17
277, 481, 35, 116, 0.6000, 55.0742, 26.4964, 48.2816, 0.1800, 182.33
277, 438, 18, 93, 0.6222, 11.8676, -11.8240, 1.0167, 0.3111, 188.70
277, 493, 14, 94, 0.6000, 20.8246, -6.3300, 19.8393, 0.1800, 181.67
277, 471, 25, 1, 0.8333, 2.9721, -2.9374, -0.4530, 0.7500, 231.00
277, 489, -12, -18, 0.5556, 53.2808, -46.1514, -26.6251, 0.2222, 165.25
277, 495, 67, 154, 0.5000, 45.2801, 28.0576, 35.5396, 0.1500, 166.17
278, 458, 3, 31, 0.6556, 34.3378, -32.2488, 11.7942, 0.2622, 186.25
278, 471, 28, 1, 0.9889, 0.2526, 0.2473, 0.0517, 0.9889, 230.00
278, 479, 46, 57, 0.8722, 6.0809, 5.5352, -2.5177, 0.6106, 220.57
278, 438, 15, 93, 0.6806, 3.7261, -3.7176, 0.2511, 0.4083, 187.25
278, 491, 35, 58, 0.6556, 23.2082, 18.1931, 14.4094, 0.2622, 213.50
278, 493, 17, 124, 0.6556, 27.9810, 1.1478, 27.9574, 0.2622, 173.00
278, 442, 84, 32, 0.5625, 1.2563, 0.8883, 0.8883, 0.2250, 194.75
278, 481, 61, 165, 0.5000, 55.0742, 26.4964, 48.2816, 0.1500, 182.33
279, 438, 8, 92, 0.7381, 7.3843, -7.3390, -0.8168, 0.5167, 184.50
279, 492, 35, 61, 0.6000, 12.8159, 10.7426, -6.9888, 0.1800, 210.67
279, 494, 28, 89, 0.6000, 15.9305, 8.9420, 13.1841, 0.1800, 179.33
279, 442, 77, 38, 0.6222, 8.0071, -5.7715, 5.5501, 0.3111, 190.80
279, 458, -30, 43, 0.5556, 34.3378, -32.2488, 11.7942, 0.2222, 186.25
279, 471, 28, 1, 0.8889, 0.2526, 0.2473, 0.0517, 0.8889, 230.00
279, 491, 53, 72, 0.5556, 23.2082, 18.1931, 14.4094, 0.2222, 213.50
279, 493, 18, 152, 0.5556, 27.9810, 1.1478, 27.9574, 0.2222, 173.00
280, 494, 38, 115, 0.6556, 26.6174, 9.6328, 24.8132, 0.2622, 181.25
280, 445, 33, 123, 0.5625, 6.5801, -4.6293, 4.6763, 0.2250, 170.75
280, 498, 20, 93, 0.6000, 14.2760, 7.4820, 12.1583, 0.1800, 174.67
280, 499, 45, 119, 0.6000, 26.6476, 8.5111, 25.2518, 0.1800, 189.33
280, 438, 0, 91, 0.6381, 7.3843, -7.3390, -0.8168, 0.4467, 184.50
280, 492, 46, 54, 0.5000, 12.8159, 10.7426, -6.9888, 0.1500, 210.67
280, 442, 71, 44, 0.5222, 8.0071, -5.7715, 5.5501, 0.2611, 190.80
281, 487, 45, 12, 0.6000, 32.9284, 16.5156, -28.4870, 0.1800, 224.33
281, 491, 84, 58, 0.7111, 16.3539, 15.9616, -3.5604, 0.3556, 207.80
281, 494, 40, 120, 0.7111, 8.0638, 3.1383, 7.4281, 0.3556, 180.00
281, 442, 80, 52, 0.6806, 7.5567, 2.7397, 7.0425, 0.4083, 191.67
281, 445, 26, 122, 0.6222, 6.6009, -6.5978, -0.1999, 0.3111, 165.40
281, 497, 29, 45, 0.6000, 36.6891, -8.0285, -35.7999, 0.1800, 208.83
281, 498, 37, 96, 0.6556, 16.7851, 16.4361, 3.4051, 0.2622, 176.75
281, 438, -7, 91, 0.5381, 7.3843, -7.3390, -0.8168, 0.3767, 184.50
281, 499, 53, 144, 0.5000, 26.6476, 8.5111, 25.2518, 0.1500, 189.33
282, 492, 81, 52, 0.6556, 16.4441, 16.3129, -2.0728, 0.2622, 206.75
282, 494, 36, 123, 0.7667, 4.4592, -3.2639, 3.0383, 0.4600, 170.83
282, 445, 6, 119, 0.6806, 18.8526, -18.6160, -2.9772, 0.4083, 163.00
282, 496, 8, 79, 0.6000, 6.9924, 3.4134, 6.1026, 0.1800, 182.00
282, 497, 39, 11, 0.6556, 35.3616, 8.1725, -34.4043, 0.2622, 207.62
282, 498, 42, 95, 0.7111, 5.8341, 5.8241, -0.3425, 0.3556, 176.20
282, 487, 61, -16, 0.5000, 32.9284, 16.5156, -28.4870, 0.1500, 224.33
283, 492, 92, 36, 0.7111, 18.7357, 11.3269, -14.9240, 0.3556, 201.00
283, 497, 37, -3, 0.7111, 16.4024, -1.2569, -16.3542, 0.3556, 211.50
283, 501, 69, 76, 0.6000, 60.1043, -56.5366, -20.3995, 0.1800, 131.67
283, 503, 37, 86, 0.6000, 35.5520, 19.7429, -29.5662, 0.1800, 174.33
283, 445, -12, 116, 0.5806, 18.8526, -18.6160, -2.9772, 0.3483, 163.00
283, 496, 11, 85, 0.5000, 6.9924, 3.4134, 6.1026, 0.1500, 182.00
283, 498, 48, 94, 0.6111, 5.8341, 5.8241, -0.3425, 0.3056, 176.20
284, 424, 76, 41, 0.5625, 35.5420, -1.9203, -35.4901, 0.2250, 176.50
284, 492, 94, 33, 0.7667, 5.1295, 2.7845, -4.3079, 0.4600, 199.67
284, 496, 39, 84, 0.6556, 17.4452, 17.3287, 2.0127, 0.2622, 190.25
284, 504, 31, 46, 0.6000, 3.3984, 2.8058, 1.9174, 0.1800, 207.67
284, 507, 31, 114, 0.6000, 3.7879, 3.7879, 0.0000, 0.1800, 159.00
284, 497, 36, -20, 0.6111, 16.4024, -1.2569, -16.3542, 0.3056, 211.50
284, 501, 12, 55, 0.5000, 60.1043, -56.5366, -20.3995, 0.1500, 131.67
284, 503, 57, 57, 0.5000, 35.5520, 19.7429, -29.5662, 0.1500, 174.33
285, 438, 0, 94, 0.7951, 1.1483, 0.9081, 0.7029, 0.6361, 182.31
285, 496, 73, 80, 0.7111, 32.9278, 32.7185, -3.7064, 0.3556, 188.00
285, 503, 71, 26, 0.6556, 34.4950, 16.5485, -30.2663, 0.2622, 178.00
285, 507, 60, 125, 0.6556, 27.7435, 25.9504, 9.8120, 0.2622, 158.25
285, 508, 21, 92, 0.6556, 26.2904, -16.6098, -20.3789, 0.2622, 159.12
285, 504, 34, 48, 0.5000, 3.3984, 2.8058, 1.9174, 0.1500, 207.67
286, 470, 94, 36, 0.6556, 13.4108, -10.4328, 8.4265, 0.2622, 142.25
286, 504, 36, 74, 0.6556, 15.7453, 2.5455, 15.5381, 0.2622, 207.50
286, 507, 83, 120, 0.7111, 23.7746, 23.5493, -3.2652, 0.3556, 149.40
286, 508, 9, 79, 0.7111, 18.8576, -12.2198, -14.3626, 0.3556, 162.90
286, 503, 88, -4, 0.5556, 34.4950, 16.5485, -30.2663, 0.2222, 178.00
287, 470, 94, 37, 0.7111, 1.8822, -0.5822, 1.7899, 0.3556, 151.60
287, 424, 62, 1, 0.6222, 10.0574, -5.2578, -8.5736, 0.3111, 176.00
287, 441, 28, 47, 0.5625, 0.9220, 0.0178, 0.9219, 0.2250, 221.50
287, 503, 105, 3, 0.7111, 18.8418, 16.9296, -8.2705, 0.3556, 172.80
287, 504, 42, 86, 0.7111, 13.3556, 6.0281, 11.9178, 0.3556, 205.00
287, 506, 15, 81, 0.6000, 16.4707, -4.5168, -15.8392, 0.1800, 177.00
287, 508, 4, 54, 0.7667, 24.6670, -6.0615, -23.9106, 0.4600, 170.75
287, 507, 107, 117, 0.6111, 23.7746, 23.5493, -3.2652, 0.3056, 149.40
288, 470, 97, 37, 0.7667, 1.8874, 1.8525, 0.3614, 0.4600, 159.50
288, 441, 28, 48, 0.6722, 1.0347, -0.0077, 1.0347, 0.3361, 228.20
288, 506, 7, 71, 0.6556, 13.2749, -8.2296, -10.4163, 0.2622, 177.50
288, 508, 9, 39, 0.8222, 15.8942, 4.1669, -15.3383, 0.5756, 174.93
288, 511, 14, 80, 0.6000, 17.2276, 12.2052, -12.1583, 0.1800, 176.00
288, 512, 32, 92, 0.6000, 1.9174, 1.9174, 0.0000, 0.1800, 179.67
288, 513, 40, 85, 0.6000, 11.1998, -7.3881, -8.4173, 0.1800, 199.67
288, 424, 57, -8, 0.5222, 10.0574, -5.2578, -8.5736, 0.2611, 176.00
289, 470, 98, 37, 0.8222, 1.5376, 1.5332, -0.1163, 0.5756, 160.43
289, 441, 28, 49, 0.7306, 1.0229, -0.0051, 1.0229, 0.4383, 230.67
289, 500, 34, 114, 0.6000, 47.9054, 3.6144, 47.7689, 0.1800, 179.00
289, 510, 51, 95, 0.6000, 1.0122, 0.9937, 0.1927, 0.1800, 173.33
289, 511, 17, 77, 0.6556, 5.3727, 3.4003, -4.1599, 0.2622, 177.00
289, 472, 51, 12, 0.5625, 0.7490, 0.7475, 0.0469, 0.2250, 219.00
289, 506, -2, 61, 0.5556, 13.2749, -8.2296, -10.4163, 0.2222, 177.50
289, 508, 13, 24, 0.7222, 15.8942, 4.1669, -15.3383, 0.5056, 174.93
289, 512, 34, 92, 0.5000, 1.9174, 1.9174, 0.0000, 0.1500, 179.67
289, 513, 33, 77, 0.5000, 11.1998, -7.3881, -8.4173, 0.1500, 199.67
290, 470, 100, 38, 0.8778, 1.9693, 1.8485, 0.6792, 0.7022, 165.62
290, 424, 28, 1, 0.6806, 12.8210, -12.6895, 1.8319, 0.4083, 183.50
290, 441, 27, 50, 0.7881, 1.2621, -0.7652, 1.0037, 0.5517, 231.29
290, 510, 53, 102, 0.6556, 6.2806, 1.7669, 6.0270, 0.2622, 170.00
290, 511, 41, 84, 0.7111, 23.3852, 22.5557, 6.1733, 0.3556, 184.80
290, 512, 35, 118, 0.6556, 14.6535, 1.5017, 14.5763, 0.2622, 181.25
290, 513, 35, 78, 0.6556, 4.0484, -2.3200, -3.3177, 0.2622, 198.25
290, 472, 52, 13, 0.6722, 1.2788, 1.0358, 0.7500, 0.3361, 223.80
290, 514, 35, 93, 0.6000, 24.6763, 6.7046, 23.7480, 0.1800, 199.67
290, 516, 63, 111, 0.6000, 43.8273, 28.0576, 33.6691, 0.1800, 180.67
290, 500, 37, 162, 0.5000, 47.9054, 3.6144, 47.7689, 0.1500, 179.00
291, 470, 101, 38, 0.9333, 1.2651, 1.2366, 0.2669, 0.8400, 167.56
291, 441, 27, 50, 0.8451, 0.3778, -0.2935, 0.2378, 0.6761, 231.81
291, 510, 63, 112, 0.7111, 13.2754, 8.9173, 9.8346, 0.3556, 166.00
291, 512, 36, 121, 0.7111, 4.0606, 1.0857, 3.9127, 0.3556, 175.00
291, 472, 52, 13, 0.7306, 0.3906, 0.2827, 0.2695, 0.4383, 226.33
291, 514, 37, 96, 0.6556, 5.9751, 2.3317, 5.5013, 0.2622, 196.75
291, 424, 16, 2, 0.5806, 12.8210, -12.6895, 1.8319, 0.3483, 183.50
291, 513, 32, 74, 0.5556, 4.0484, -2.3200, -3.3177, 0.2222, 198.25
291, 516, 91, 145, 0.5000, 43.8273, 28.0576, 33.6691, 0.1500, 180.67
292, 470, 102, 39, 0.9889, 1.2389, 0.9661, 0.7757, 0.9889, 170.30
292, 441, 26, 49, 0.9019, 1.1095, -0.7590, -0.8093, 0.8117, 231.46
292, 512, 37, 121, 0.7667, 0.9792, 0.9617, 0.1845, 0.4600, 171.17
292, 513, 36, 79, 0.7111, 1.5173, 1.0138, 1.1289, 0.3556, 195.00
292, 472, 57, 3, 0.7381, 10.2421, 4.5433, -9.1793, 0.5167, 222.00
292, 514, 37, 94, 0.7111, 1.4582, 0.6960, -1.2813, 0.3556, 198.00
292, 510, 72, 122, 0.6111, 13.2754, 8.9173, 9.8346, 0.3056, 166.00
293, 470, 103, 39, 1.0000, 0.9854, 0.9537, 0.2477, 1.0000, 170.45
293, 441, 28, 51, 0.9583, 2.2732, 1.2468, 1.9007, 0.9583, 232.02
293, 511, 48, 88, 0.8778, 0.4768, -0.2379, 0.4132, 0.7022, 188.00
293, 517, 53, 14, 0.6000, 1.1269, 1.1230, 0.0939, 0.1800, 220.33
293, 510, 80, 132, 0.5111, 13.2754, 8.9173, 9.8346, 0.2556, 166.00
293, 472, 62, -6, 0.6381, 10.2421, 4.5433, -9.1793, 0.4467, 222.00
294, 470, 99, 45, 1.0000, 6.5226, -3.6578, 5.4004, 1.0000, 169.50
294, 441, 28, 53, 1.0000, 1.7397, 0.6117, 1.6286, 1.0000, 232.47
294, 510, 93, 121, 0.7667, 10.4817, 10.4013, 1.2954, 0.4600, 159.17
294, 517, 52, 15, 0.7056, 0.9041, -0.5120, 0.7452, 0.2822, 222.38
294, 472, 66, -16, 0.5381, 10.2421, 4.5433, -9.1793, 0.3767, 222.00
295, 441, 28, 54, 1.0000, 1.1224, 0.0621, 1.1207, 1.0000, 230.85
295, 517, 52, 16, 0.7611, 1.0786, -0.3354, 1.0252, 0.3806, 223.50
295, 470, 95, 50, 0.9000, 6.5226, -3.6578, 5.4004, 0.9000, 169.50
296, 441, 28, 55, 1.0000, 0.9573, -0.0666, 0.9549, 1.0000, 232.47
296, 514, 17, 77, 0.8778, 11.8509, -8.4875, -8.2708, 0.7022, 191.25
296, 517, 52, 17, 0.8167, 1.0481, -0.0533, 1.0467, 0.4900, 224.42
296, 470, 92, 56, 0.8000, 6.5226, -3.6578, 5.4004, 0.8000, 169.50
297, 441, 28, 56, 1.0000, 0.9636, -0.0372, 0.9629, 1.0000, 231.37
297, 517, 52, 17, 0.8722, 0.2556, 0.0281, 0.2540, 0.6106, 227.07
298, 441, 28, 57, 1.0000, 0.9912, -0.0055, 0.9912, 1.0000, 231.68
298, 517, 52, 18, 0.9278, 0.7029, 0.0187, 0.7027, 0.7422, 228.31
298, 364, 112, 86, 0.5250, 22.1282, -10.1939, -19.6403, 0.3150, 103.50
299, 441, 28, 58, 1.0000, 1.0020, 0.0034, 1.0020, 1.0000, 230.95
299, 502, 29, 99, 0.6000, 29.1014, 25.8330, -13.3994, 0.1800, 162.00
299, 517, 52, 19, 0.9833, 0.9920, 0.0033, 0.9920, 0.8850, 227.83
300, 441, 28, 59, 1.0000, 1.0022, 0.0023, 1.0022, 1.0000, 231.72
300, 502, 39, 101, 0.6556, 12.4372, 12.4370, 0.0699, 0.2622, 162.75
300, 517, 52, 20, 1.0000, 1.0408, -0.0015, 1.0408, 1.0000, 227.85
300, 364, 93, 59, 0.5841, 15.8844, -9.1845, -12.9600, 0.4089, 112.00
300, 521, 31, 52, 0.6000, 1.3372, 0.9456, 0.9456, 0.1800, 204.33
300, 523, 6, 9, 0.6000, 15.0339, -1.8705, -14.9171, 0.1800, 215.67
301, 441, 28, 59, 1.0000, 0.2823, 0.0005, 0.2823, 1.0000, 230.73
301, 502, 50, 95, 0.7111, 12.2547, 11.1370, -5.1132, 0.3556, 164.60
301, 517, 52, 20, 1.0000, 0.2744, -0.0011, 0.2744, 1.0000, 228.23
301, 520, 35, 105, 0.6000, 29.9702, 25.2027, -16.2185, 0.1800, 157.50
301, 364, 99, 36, 0.6424, 22.6457, 5.1428, -22.0540, 0.5139, 117.62
301, 521, 32, 52, 0.7056, 1.0518, 1.0191, 0.2601, 0.2822, 207.25
301, 523, 2, 4, 0.6556, 7.3677, -3.5430, -6.4600, 0.2622, 225.50
301, 526, 11, 86, 0.6000, 45.5914, -8.0767, 44.8703, 0.1800, 195.67
301, 527, 0, 11, 0.6000, 5.6814, -0.8883, 5.6115, 0.1800, 237.33
302, 441, 28, 60, 1.0000, 0.6806, -0.0002, 0.6806, 1.0000, 230.54
302, 502, 56, 93, 0.7667, 6.8235, 6.2561, -2.7242, 0.4600, 165.67
302, 509, 38, 41, 0.6000, 12.4777, 12.3304, 1.9116, 0.1800, 212.00
302, 517, 52, 21, 1.0000, 0.6952, -0.0002, 0.6952, 1.0000, 228.96
302, 520, 49, 102, 0.6556, 16.0202, 15.4411, -4.2682, 0.2622, 162.62
302, 521, 33, 53, 0.7611, 1.2519, 1.0143, 0.7338, 0.3806, 207.60
302, 523, 2, 4, 0.7111, 0.5114, -0.2935, -0.4187, 0.3556, 226.60
302, 527, 23, 35, 0.6556, 29.2665, 19.3574, 21.9504, 0.2622, 232.50
302, 364, 105, 14, 0.5424, 22.6457, 5.1428, -22.0540, 0.4339, 117.62
302, 526, 3, 131, 0.5000, 45.5914, -8.0767, 44.8703, 0.1500, 195.67
303, 441, 28, 61, 1.0000, 0.9712, -0.0001, 0.9712, 1.0000, 230.51
303, 502, 56, 93, 0.8222, 0.7516, 0.7026, -0.2671, 0.5756, 166.57
303, 517, 52, 22, 1.0000, 0.9832, 0.0001, 0.9832, 1.0000, 229.35
303, 520, 55, 107, 0.7111, 8.8701, 7.7143, 4.3782, 0.3556, 162.30
303, 521, 33, 53, 0.8167, 0.3397, 0.2384, 0.2420, 0.4900, 206.67
303, 523, 4, 4, 0.7667, 1.1687, 1.1686, 0.0170, 0.4600, 227.44
303, 526, 15, 127, 0.6556, 17.5206, 3.5834, 17.1502, 0.2622, 184.00
303, 527, 27, 40, 0.7111, 9.2191, 6.4682, 6.5692, 0.3556, 228.50
303, 509, 51, 43, 0.5000, 12.4777, 12.3304, 1.9116, 0.1500, 212.00
304, 441, 28, 62, 1.0000, 1.0385, -0.0000, 1.0385, 1.0000, 230.10
304, 502, 57, 94, 0.8778, 1.4135, 0.9040, 1.0866, 0.7022, 167.38
304, 509, 71, 39, 0.6556, 16.6625, 16.6205, -1.1828, 0.2622, 213.50
304, 517, 52, 22, 1.0000, 0.3088, 0.0001, 0.3088, 1.0000, 230.82
304, 521, 35, 53, 0.8722, 1.4653, 1.4653, -0.0133, 0.6106, 206.07
304, 523, 6, 3, 0.8222, 2.1334, 2.0165, -0.6965, 0.5756, 231.38
304, 526, 19, 144, 0.5556, 17.5206, 3.5834, 17.1502, 0.2222, 184.00
305, 441, 28, 63, 1.0000, 1.0224, 0.0000, 1.0224, 1.0000, 229.96
305, 502, 58, 94, 0.9333, 1.0924, 1.0092, 0.4182, 0.8400, 168.56
305, 517, 53, 23, 1.0000, 1.0137, 0.7267, 0.7067, 1.0000, 232.23
305, 520, 56, 111, 0.8222, 1.2853, 0.1814, 1.2724, 0.5756, 160.21
305, 521, 35, 55, 0.9278, 1.5662, 0.5360, 1.4716, 0.7422, 205.69
305, 523, 6, 2, 0.8778, 1.1939, 0.5997, -1.0324, 0.7022, 230.33
305, 527, 26, 35, 0.8222, 2.4210, -0.7985, -2.2855, 0.5756, 228.36
305, 509, 87, 38, 0.5556, 16.6625, 16.6205, -1.1828, 0.2222, 213.50
306, 441, 28, 64, 1.0000, 1.0041, 0.0000, 1.0041, 1.0000, 229.57
306, 502, 58, 94, 0.9889, 0.2122, 0.2118, -0.0123, 0.9889, 169.75
306, 399, 32, 101, 0.5400, 27.9535, -23.9681, 14.3851, 0.2700, 174.20
306, 509, 80, 41, 0.7111, 2.9464, 2.7198, 1.1331, 0.3556, 212.40
306, 517, 53, 23, 1.0000, 0.4074, 0.3151, 0.2582, 1.0000, 231.03
306, 520, 57, 111, 0.8778, 0.6359, 0.6358, 0.0133, 0.7022, 160.06
306, 521, 36, 55, 0.9833, 0.9488, 0.7485, 0.5832, 0.8850, 205.39
306, 523, 9, 2, 0.9333, 2.2458, 2.2267, -0.2927, 0.8400, 232.85
306, 467, 43, 33, 0.5625, 37.8023, -26.7186, 26.7419, 0.2250, 194.00
307, 441, 28, 65, 1.0000, 0.9982, 0.0000, 0.9982, 1.0000, 228.34
307, 502, 59, 96, 1.0000, 1.7177, 0.7387, 1.5508, 1.0000, 170.50
307, 399, 1, 97, 0.6000, 30.0808, -30.0089, -2.0778, 0.3600, 172.83
307, 517, 53, 24, 1.0000, 0.7209, 0.0239, 0.7205, 1.0000, 230.15
307, 520, 58, 112, 0.9333, 1.1663, 0.9903, 0.6160, 0.8400, 159.94
307, 521, 37, 56, 1.0000, 1.2327, 0.9679, 0.7632, 1.0000, 206.55
307, 523, 10, 2, 0.9889, 1.5274, 1.5269, 0.0388, 0.9889, 234.37
307, 467, 39, 70, 0.6222, 35.7568, -6.9135, 35.0821, 0.3111, 192.80
307, 530, 21, 72, 0.7056, 2.2844, 0.0239, -2.2842, 0.2822, 189.62
307, 533, 56, 84, 0.6000, 69.7610, 34.1496, 60.8309, 0.1800, 193.33
307, 534, 7, 91, 0.6000, 2.8384, 2.8367, 0.0963, 0.1800, 222.50
308, 441, 28, 66, 1.0000, 0.9985, 0.0000, 0.9985, 1.0000, 226.93
308, 502, 43, 105, 1.0000, 16.6570, -14.2858, 8.5658, 1.0000, 169.54
308, 517, 54, 24, 1.0000, 0.7303, 0.6748, 0.2793, 1.0000, 229.42
308, 520, 59, 113, 0.9889, 1.4552, 1.0479, 1.0097, 0.9889, 159.55
308, 521, 37, 57, 1.0000, 1.0062, 0.2812, 0.9661, 1.0000, 205.86
308, 523, 11, 1, 1.0000, 1.2426, 1.0223, -0.7064, 1.0000, 235.97
308, 467, 31, 96, 0.6806, 27.9681, -7.4091, 26.9688, 0.4083, 190.42
308, 530, 32, 56, 0.7111, 17.6462, 9.9393, -14.5808, 0.3556, 192.50
308, 534, 8, 91, 0.7056, 1.5395, 1.5393, -0.0224, 0.2822, 230.62
308, 399, -29, 95, 0.5000, 30.0808, -30.0089, -2.0778, 0.3000, 172.83
308, 533, 90, 145, 0.5000, 69.7610, 34.1496, 60.8309, 0.1500, 193.33
309, 441, 28, 67, 1.0000, 0.9996, -0.0000, 0.9996, 1.0000, 225.97
309, 517, 41, 11, 1.0000, 15.3494, -11.0619, -10.6414, 1.0000, 228.71
309, 520, 61, 114, 1.0000, 2.1064, 1.8229, 1.0553, 1.0000, 158.32
309, 521, 38, 57, 1.0000, 0.7633, 0.7090, 0.2826, 1.0000, 205.04
309, 523, 13, 0, 1.0000, 1.9888, 1.6956, -1.0394, 1.0000, 237.39
309, 530, 35, 45, 0.7667, 11.9590, 3.7880, -11.3432, 0.4600, 193.92
309, 534, 10, 90, 0.7611, 1.8892, 1.7186, -0.7844, 0.3806, 226.70
309, 535, 12, 30, 0.6000, 30.3080, -16.0159, 25.7306, 0.1800, 211.67
310, 441, 28, 68, 1.0000, 1.0000, -0.0000, 1.0000, 1.0000, 225.90
310, 520, 61, 114, 1.0000, 0.5044, 0.4580, 0.2113, 1.0000, 158.71
310, 521, 31, 72, 1.0000, 14.3497, -5.6268, 13.2005, 1.0000, 203.88
310, 523, 14, 0, 1.0000, 1.2962, 1.2624, -0.2940, 1.0000, 238.36
310, 530, 53, 26, 0.8222, 24.2964, 16.0406, -18.2487, 0.5756, 198.21
310, 534, 18, 88, 0.7667, 7.5342, 7.3099, -1.8245, 0.4600, 218.92
310, 536, 118, 17, 0.6000, 61.5542, 61.1597, -6.9583, 0.1800, 188.00
310, 535, -5, 55, 0.5000, 30.3080, -16.0159, 25.7306, 0.1500, 211.67
311, 441, 28, 69, 1.0000, 1.0001, -0.0000, 1.0001, 1.0000, 225.61
311, 519, 56, 26, 0.6000, 22.3986, -4.7619, -21.8866, 0.1800, 212.00
311, 520, 62, 115, 1.0000, 1.0229, 0.7124, 0.7340, 1.0000, 157.96
311, 530, 75, 8, 0.8778, 28.3237, 21.6164, -18.3020, 0.7022, 196.94
311, 534, 38, 63, 0.8222, 29.3634, 18.5822, -22.7358, 0.5756, 218.07
311, 535, 23, 67, 0.6556, 19.6359, 8.7145, 17.5962, 0.2622, 207.00
311, 430, 66, 94, 0.5400, 1.9174, 1.9174, 0.0000, 0.2700, 170.60
311, 505, 51, 92, 0.5625, 1.3890, 0.9822, 0.9822, 0.2250, 184.75
311, 538, 63, 98, 0.6000, 1.3562, 0.9822, 0.9353, 0.1800, 177.33
311, 523, 15, 0, 0.9000, 1.2962, 1.2624, -0.2940, 0.9000, 238.36
311, 536, 179, 10, 0.5000, 61.5542, 61.1597, -6.9583, 0.1500, 188.00
312, 441, 28, 65, 1.0000, 3.0415, 0.0000, -3.0415, 1.0000, 224.52
312, 519, 55, 23, 0.6556, 5.5371, -1.3310, -5.3748, 0.2622, 218.00
312, 520, 63, 116, 1.0000, 1.4117, 0.9780, 1.0180, 1.0000, 157.61
312, 523, 3, 0, 1.0000, 6.8133, -6.8124, 0.1097, 1.0000, 237.55
312, 535, 17, 90, 0.7111, 23.4260, -4.6293, 22.9640, 0.3556, 215.80
312, 430, 54, 92, 0.6000, 10.1605, -10.0477, -1.5095, 0.3600, 172.67
312, 505, 31, 72, 0.6222, 24.1868, -17.1026, -17.1026, 0.3111, 190.40
312, 538, 64, 98, 0.7056, 1.0453, 1.0119, 0.2619, 0.2822, 176.75
313, 519, 57, 25, 0.7111, 1.2406, 0.8917, 0.8626, 0.3556, 222.60
313, 520, 64, 117, 1.0000, 1.4656, 1.0312, 1.0414, 1.0000, 157.77
313, 430, 35, 78, 0.6587, 22.4406, -18.4519, -12.7714, 0.4611, 175.57
313, 505, 26, 68, 0.6806, 8.5497, -6.4153, -5.6517, 0.4083, 196.00
313, 538, 65, 99, 0.7611, 1.2478, 1.0067, 0.7372, 0.3806, 174.60
313, 441, 28, 62, 0.9000, 3.0415, 0.0000, -3.0415, 0.9000, 224.52
314, 441, 28, 58, 1.0000, 3.5416, 0.0000, -3.5416, 1.0000, 223.44
314, 519, 57, 26, 0.7667, 1.2338, 0.5340, 1.1122, 0.4600, 218.75
314, 520, 65, 117, 1.0000, 1.0347, 1.0132, 0.2096, 1.0000, 157.06
314, 430, 23, 73, 0.7167, 13.8996, -12.4511, -6.1782, 0.5733, 176.75
314, 505, 27, 70, 0.7381, 1.1018, 0.0453, 1.1008, 0.5167, 199.14
314, 538, 66, 99, 0.8167, 1.0299, 1.0008, 0.2429, 0.4900, 176.00
315, 519, 58, 27, 0.8222, 1.3552, 0.8415, 1.0622, 0.5756, 221.21
315, 520, 66, 118, 1.0000, 1.2377, 1.0003, 0.7290, 1.0000, 157.47
315, 538, 67, 100, 0.8722, 1.2476, 0.9993, 0.7469, 0.6106, 175.86
315, 539, 2, 53, 0.6000, 36.3788, -11.2230, -34.6043, 0.1800, 178.33
315, 430, 10, 67, 0.6167, 13.8996, -12.4511, -6.1782, 0.4933, 176.75
316, 519, 58, 28, 0.8778, 1.0315, 0.2272, 1.0061, 0.7022, 219.25
316, 520, 68, 103, 1.0000, 14.1664, 1.7913, -14.0527, 1.0000, 157.50
316, 538, 58, 95, 0.8778, 9.1366, -8.0720, -4.2802, 0.7022, 174.75
316, 539, 10, 36, 0.6556, 19.6593, 5.9141, -18.7487, 0.2622, 184.75
317, 519, 60, 27, 0.9333, 1.6363, 1.5314, -0.5764, 0.8400, 222.89
317, 520, 48, 66, 1.0000, 39.2821, -17.7471, -35.0446, 1.0000, 160.47
317, 532, 24, 90, 0.6000, 0.9436, 0.9435, -0.0156, 0.1800, 225.67
317, 539, 24, 20, 0.7111, 20.5716, 12.8078, -16.0982, 0.3556, 196.60
318, 519, 60, 27, 0.9889, 0.6176, 0.5120, -0.3452, 0.9889, 226.10
318, 532, 26, 90, 0.7056, 1.7822, 1.7822, 0.0068, 0.2822, 232.25
319, 519, 61, 27, 1.0000, 0.7538, 0.7526, -0.0421, 1.0000, 227.18
319, 522, 26, 19, 0.6000, 17.0231, -16.3351, 4.7908, 0.1800, 212.00
319, 524, 13, 39, 0.6000, 21.1428, -0.9606, 21.1210, 0.1800, 195.00
319, 531, 44, 64, 0.6000, 44.5849, 41.8974, -15.2453, 0.1800, 196.67
319, 532, 28, 90, 0.7611, 2.0572, 2.0572, 0.0045, 0.3806, 236.40
320, 519, 62, 28, 1.0000, 1.2767, 0.9803, 0.8179, 1.0000, 229.50
320, 522, 23, 19, 0.6556, 4.5155, -4.4796, 0.5690, 0.2622, 215.88
320, 524, 10, 47, 0.6556, 9.9071, -2.5278, 9.5791, 0.2622, 195.25
320, 532, 30, 90, 0.8167, 2.0536, 2.0536, 0.0007, 0.4900, 239.00
320, 531, 86, 48, 0.5000, 44.5849, 41.8974, -15.2453, 0.1500, 196.67
321, 519, 63, 28, 1.0000, 1.0694, 1.0275, 0.2962, 1.0000, 228.85
321, 522, 25, 17, 0.7111, 1.7007, 1.2315, -1.1730, 0.3556, 220.10
321, 525, 47, 63, 0.6000, 31.8128, 0.9616, 31.7982, 0.1800, 198.83
321, 532, 32, 89, 0.8722, 2.1513, 2.0123, -0.7607, 0.6106, 240.43
321, 466, 111, 99, 0.5400, 1.0761, 1.0761, 0.0000, 0.2700, 146.10
321, 524, 8, 57, 0.5556, 9.9071, -2.5278, 9.5791, 0.2222, 195.25
322, 519, 55, 16, 1.0000, 13.3759, -7.6186, -10.9941, 1.0000, 226.79
322, 522, 26, 16, 0.7667, 1.7134, 1.1223, -1.2946, 0.4600, 221.42
322, 524, 15, 60, 0.7111, 6.8406, 2.8832, 6.2033, 0.3556, 196.60
322, 525, 30, 75, 0.6556, 20.8795, -14.8238, 14.7040, 0.2622, 197.38
322, 531, 77, 61, 0.6556, 4.8989, 4.2473, 2.4413, 0.2622, 197.25
322, 532, 34, 89, 0.9278, 2.0189, 1.9970, -0.2964, 0.7422, 242.00
322, 466, 114, 100, 0.6500, 2.6229, 2.5119, 0.7548, 0.3900, 144.58
322, 550, 73, 104, 0.6000, 0.9833, 0.0469, 0.9822, 0.1800, 160.33
323, 522, 26, 15, 0.8222, 1.1154, 0.2491, -1.0872, 0.5756, 224.93
323, 524, 18, 62, 0.7667, 3.8121, 3.2830, 1.9376, 0.4600, 197.00
323, 532, 36, 89, 0.9833, 1.9970, 1.9970, -0.0054, 0.8850, 243.44
323, 466, 116, 100, 0.7087, 2.3259, 2.3093, 0.2774, 0.4961, 140.36
323, 549, 70, 43, 0.6000, 54.5080, 9.0704, -53.7480, 0.1800, 193.67
323, 550, 74, 105, 0.7056, 1.2596, 0.7500, 1.0119, 0.2822, 163.50
323, 525, 15, 90, 0.5556, 20.8795, -14.8238, 14.7040, 0.2222, 197.38
323, 531, 82, 64, 0.5556, 4.8989, 4.2473, 2.4413, 0.2222, 197.25
324, 522, 26, 14, 0.8778, 0.9927, -0.0686, -0.9904, 0.7022, 228.44
324, 524, 18, 61, 0.8222, 0.9503, 0.0152, -0.9501, 0.5756, 197.29
324, 525, 28, 82, 0.7111, 2.1859, 1.1946, 1.8306, 0.3556, 200.50
324, 532, 49, 69, 0.9889, 20.7722, 11.7174, -17.1519, 0.9889, 241.10
324, 466, 118, 101, 0.7667, 2.1802, 2.0434, 0.7602, 0.6133, 138.94
324, 549, 83, 8, 0.6556, 39.5980, 12.5577, -37.5540, 0.2622, 187.75
324, 550, 75, 106, 0.7611, 1.4425, 1.0331, 1.0067, 0.3806, 159.40
325, 522, 26, 12, 0.9333, 1.7486, -0.0625, -1.7475, 0.8400, 231.39
325, 524, 19, 61, 0.8778, 1.1178, 1.1053, 0.1668, 0.7022, 199.25
325, 466, 120, 101, 0.8241, 1.9879, 1.9719, 0.2522, 0.7417, 144.28
325, 550, 76, 106, 0.8167, 1.0753, 1.0490, 0.2364, 0.4900, 156.17
325, 549, 96, -29, 0.5556, 39.5980, 12.5577, -37.5540, 0.2222, 187.75
326, 522, 26, 11, 0.9889, 1.2870, -0.0139, -1.2869, 0.9889, 232.35
326, 524, 20, 61, 0.9333, 1.1933, 1.1773, 0.1943, 0.8400, 202.33
326, 466, 122, 102, 0.8811, 2.1176, 1.9827, 0.7436, 0.8811, 145.15
326, 550, 74, 86, 0.8222, 17.5872, -1.2668, -17.5415, 0.5756, 154.71
327, 522, 26, 10, 1.0000, 1.0005, 0.0038, -1.0005, 1.0000, 232.05
327, 524, 21, 61, 0.9889, 1.0492, 1.0483, 0.0457, 0.9889, 204.10
327, 529, 47, 78, 0.6000, 37.8945, 37.6964, 3.8689, 0.1800, 181.00
327, 484, 70, 6, 0.5625, 58.1186, -36.6362, -45.1172, 0.2250, 160.25
327, 541, 83, 104, 0.6000, 23.6786, 23.5102, -2.8191, 0.1800, 148.00
327, 542, 20, 10, 0.6000, 19.8166, -17.5417, 9.2188, 0.1800, 212.00
327, 466, 124, 102, 0.9379, 2.0137, 1.9973, 0.2567, 0.9379, 147.86
328, 524, 22, 61, 1.0000, 0.9924, 0.9924, -0.0109, 1.0000, 203.64
328, 529, 79, 86, 0.6556, 33.7488, 32.8275, 7.8321, 0.2622, 172.25
328, 541, 88, 105, 0.6556, 7.4977, 7.4975, -0.0527, 0.2622, 143.50
328, 542, 15, 43, 0.6556, 30.0680, -6.7343, 29.3042, 0.2622, 210.75
328, 466, 126, 103, 0.9944, 2.1340, 2.0015, 0.7403, 0.9944, 146.38
328, 490, 95, 14, 0.5625, 32.0803, -31.2533, 7.2369, 0.2250, 147.00
328, 488, 47, 78, 0.5400, 20.0130, 18.8458, 6.7345, 0.2700, 194.80
328, 522, 26, 9, 0.9000, 1.0005, 0.0038, -1.0005, 0.9000, 232.05
329, 522, 26, 8, 1.0000, 0.9697, 0.0015, -0.9697, 1.0000, 231.79
329, 524, 23, 61, 1.0000, 0.9906, 0.9906, -0.0103, 1.0000, 203.75
329, 420, 51, 71, 0.5250, 41.1457, -16.0954, 37.8669, 0.3150, 205.17
329, 466, 126, 103, 1.0000, 0.5773, 0.5143, 0.2622, 1.0000, 140.65
329, 488, 70, 97, 0.6000, 28.6719, 22.5840, 17.6646, 0.3600, 185.33
329, 529, 112, 94, 0.5556, 33.7488, 32.8275, 7.8321, 0.2222, 172.25
329, 541, 95, 104, 0.5556, 7.4977, 7.4975, -0.0527, 0.2222, 143.50
329, 542, 8, 72, 0.5556, 30.0680, -6.7343, 29.3042, 0.2222, 210.75
330, 522, 26, 7, 1.0000, 0.9917, 0.0002, -0.9917, 1.0000, 233.58
330, 524, 25, 61, 1.0000, 1.7824, 1.7824, -0.0021, 1.0000, 204.08
330, 420, 12, 125, 0.5841, 62.6315, -35.5617, 51.5565, 0.4089, 196.57
330, 542, 17, 95, 0.7111, 25.9958, 2.2834, 25.8953, 0.3556, 201.60
330, 551, 36, 65, 0.6000, 18.7478, -18.4270, -3.4532, 0.1800, 204.67
330, 466, 127, 103, 0.9000, 0.5773, 0.5143, 0.2622, 0.9000, 140.65
330, 488, 93, 115, 0.5000, 28.6719, 22.5840, 17.6646, 0.3000, 185.33
331, 522, 26, 6, 1.0000, 1.0012, -0.0001, -1.0012, 1.0000, 232.96
331, 524, 42, 55, 1.0000, 17.0936, 16.1873, -5.4919, 1.0000, 204.29
331, 537, 105, 25, 0.6000, 51.2326, 50.3113, -9.6720, 0.1800, 177.00
331, 547, 31, 120, 0.6000, 25.4353, -25.3658, -1.8794, 0.1800, 140.33
331, 551, 25, 61, 0.6556, 12.6805, -11.9708, -4.1826, 0.2622, 202.75
331, 552, 124, 63, 0.6000, 59.3671, 0.9766, -59.3591, 0.1800, 92.67
331, 466, 127, 104, 0.8000, 0.5773, 0.5143, 0.2622, 0.8000, 140.65
332, 522, 26, 5, 1.0000, 1.0016, -0.0001, -1.0016, 1.0000, 233.97
332, 524, 57, 37, 1.0000, 22.5070, 14.9128, -16.8574, 1.0000, 203.80
332, 545, 73, 26, 0.6000, 0.9227, 0.9227, -0.0052, 0.1800, 226.00
332, 551, 25, 60, 0.7111, 1.6296, -1.2130, -1.0882, 0.3556, 202.40
332, 537, 156, 16, 0.5000, 51.2326, 50.3113, -9.6720, 0.1500, 177.00
332, 547, 6, 118, 0.5000, 25.4353, -25.3658, -1.8794, 0.1500, 140.33
332, 466, 128, 104, 0.7000, 0.5773, 0.5143, 0.2622, 0.7000, 140.65
332, 552, 125, 4, 0.5000, 59.3671, 0.9766, -59.3591, 0.1500, 92.67
333, 522, 26, 4, 1.0000, 1.0005, -0.0000, -1.0005, 1.0000, 233.53
333, 539, 59, 71, 1.0000, 5.9611, 5.0620, -3.1481, 1.0000, 206.35
333, 545, 74, 26, 0.7056, 1.0345, 1.0345, 0.0023, 0.2822, 220.50
333, 518, 43, 42, 0.5625, 25.6566, -4.5102, 25.2570, 0.2250, 200.25
333, 551, 28, 60, 0.7667, 2.8675, 2.8103, -0.5699, 0.4600, 201.92
333, 555, 18, 53, 0.6000, 19.8193, -11.6181, -16.0570, 0.1800, 198.67
333, 524, 72, 20, 0.9000, 22.5070, 14.9128, -16.8574, 0.9000, 203.80
333, 466, 128, 104, 0.6000, 0.5773, 0.5143, 0.2622, 0.6000, 140.65
334, 522, 26, 3, 1.0000, 0.9999, 0.0000, -0.9999, 1.0000, 233.32
334, 524, 95, 26, 1.0000, 19.6934, 19.3634, -3.5897, 1.0000, 201.12
334, 541, 104, 97, 0.7111, 1.9547, 0.9840, -1.6890, 0.3556, 140.60
334, 545, 75, 26, 0.7611, 1.0227, 1.0227, 0.0015, 0.3806, 220.00
334, 518, 55, 87, 0.6222, 43.7993, 9.2565, 42.8100, 0.3111, 208.40
334, 551, 30, 61, 0.8222, 2.1294, 2.0041, 0.7198, 0.5756, 202.64
334, 555, 11, 14, 0.6556, 36.7635, -7.3335, -36.0247, 0.2622, 204.00
334, 466, 129, 104, 0.5000, 0.5773, 0.5143, 0.2622, 0.5000, 140.65
335, 522, 26, 2, 1.0000, 0.9999, 0.0000, -0.9999, 1.0000, 232.97
335, 545, 76, 25, 0.8167, 1.2614, 1.0036, -0.7642, 0.4900, 222.00
335, 547, 20, 122, 0.6556, 3.7501, 3.5808, 1.1140, 0.2622, 143.00
335, 555, 13, -3, 0.7111, 19.5787, 0.3600, -19.5754, 0.3556, 208.20
335, 518, 64, 130, 0.5222, 43.7993, 9.2565, 42.8100, 0.2611, 208.40
336, 522, 26, 1, 1.0000, 1.0000, 0.0000, -1.0000, 1.0000, 232.03
336, 545, 77, 25, 0.8722, 1.0405, 0.9981, -0.2941, 0.6106, 221.29
336, 518, 74, 112, 0.6806, 12.3976, 9.7352, 7.6764, 0.4083, 198.67
336, 547, 24, 123, 0.5556, 3.7501, 3.5808, 1.1140, 0.2222, 143.00
336, 555, 13, -23, 0.6111, 19.5787, 0.3600, -19.5754, 0.3056, 208.20
337, 522, 26, 0, 1.0000, 1.0000, -0.0000, -1.0000, 1.0000, 232.22
337, 545, 78, 25, 0.9278, 0.9987, 0.9987, -0.0034, 0.7422, 220.88
338, 522, 45, 1, 1.0000, 16.1762, 16.1694, 0.4699, 1.0000, 231.17
338, 545, 79, 25, 0.9833, 1.0007, 0.9998, 0.0418, 0.8850, 220.00
338, 466, 111, 96, 1.0000, 2.8550, -2.5863, -1.2090, 1.0000, 138.46
339, 522, 77, 20, 1.0000, 34.8468, 30.2842, 17.2385, 1.0000, 230.48
339, 545, 99, 22, 0.9889, 17.6977, 17.4462, -2.9729, 0.9889, 213.70
339, 548, 77, 110, 0.6000, 17.3254, 1.8991, 17.2210, 0.1800, 156.00
340, 545, 105, 21, 1.0000, 7.7262, 7.6317, -1.2051, 1.0000, 208.27
340, 548, 92, 124, 0.6556, 19.7882, 13.3738, 14.5847, 0.2622, 144.25
340, 563, 68, 92, 0.6000, 1.9649, 1.9644, 0.0469, 0.1800, 235.00
341, 541, 70, 93, 0.9889, 11.3096, -11.2086, 1.5078, 0.9889, 144.40
341, 563, 80, 93, 0.6556, 11.1065, 11.0811, 0.7500, 0.2622, 212.50
341, 564, 39, 62, 0.6000, 0.9822, 0.9822, 0.0000, 0.1800, 217.00
341, 565, 106, 116, 0.6000, 21.1426, -20.5755, -4.8640, 0.1800, 82.33
341, 548, 105, 139, 0.5556, 19.7882, 13.3738, 14.5847, 0.2222, 144.25
342, 548, 120, 128, 0.7111, 14.0341, 14.0335, -0.1245, 0.3556, 130.60
342, 560, 48, 69, 0.6000, 34.8110, -17.5439, 30.0669, 0.1800, 198.67
342, 561, 82, 58, 0.6000, 11.8225, -9.5955, -6.9063, 0.1800, 165.33
342, 563, 83, 93, 0.7111, 3.8251, 3.8156, 0.2695, 0.3556, 200.00
342, 564, 41, 62, 0.7056, 1.7667, 1.7667, 0.0000, 0.2822, 217.75
342, 565, 74, 95, 0.6556, 35.8954, -30.6699, -18.6503, 0.2622, 120.75
343, 557, 66, 71, 0.6000, 75.3727, 33.3391, 67.5984, 0.1800, 207.33
343, 562, 61, 96, 0.6000, 58.6349, 55.8799, 17.7620, 0.1800, 175.00
343, 563, 90, 111, 0.7667, 17.1155, 5.9558, 16.0459, 0.4600, 185.00
343, 564, 42, 62, 0.7611, 1.2842, 1.2842, 0.0000, 0.3806, 219.80
343, 567, 73, 92, 0.6000, 23.8210, 17.8637, 15.7585, 0.1800, 201.00
343, 568, 81, 114, 0.6000, 1.3890, 0.9822, 0.9822, 0.1800, 131.67
343, 560, 30, 99, 0.5000, 34.8110, -17.5439, 30.0669, 0.1500, 198.67
343, 561, 72, 51, 0.5000, 11.8225, -9.5955, -6.9063, 0.1500, 165.33
343, 565, 43, 77, 0.5556, 35.8954, -30.6699, -18.6503, 0.2222, 120.75
344, 561, 75, 48, 0.6556, 5.6109, -3.0050, -4.7384, 0.2622, 174.50
344, 564, 43, 62, 0.8167, 0.9967, 0.9967, 0.0000, 0.4900, 225.33
344, 565, 47, 61, 0.7111, 20.2677, -10.9904, -17.0291, 0.3556, 135.00
344, 567, 78, 96, 0.6556, 8.3196, 6.4766, 5.2219, 0.2622, 204.00
344, 557, 99, 138, 0.5000, 75.3727, 33.3391, 67.5984, 0.1500, 207.33
344, 562, 117, 114, 0.5000, 58.6349, 55.8799, 17.7620, 0.1500, 175.00
344, 563, 96, 127, 0.6667, 17.1155, 5.9558, 16.0459, 0.4000, 185.00
344, 568, 82, 115, 0.5000, 1.3890, 0.9822, 0.9822, 0.1500, 131.67
345, 564, 45, 62, 0.8722, 1.7178, 1.7178, 0.0000, 0.6106, 226.57
345, 540, 111, 76, 0.5625, 74.7434, 74.2245, 8.7918, 0.2250, 174.50
345, 567, 79, 95, 0.7111, 1.5725, 1.5656, -0.1467, 0.3556, 207.80
345, 568, 83, 116, 0.7056, 1.4327, 1.0131, 1.0131, 0.2822, 129.25
345, 561, 72, 43, 0.5556, 5.6109, -3.0050, -4.7384, 0.2222, 174.50
346, 561, 61, 34, 0.7111, 10.1678, -7.2041, -7.1753, 0.3556, 178.40
346, 568, 81, 98, 0.7111, 16.4034, -2.1352, -16.2638, 0.3556, 151.00
346, 569, 32, 66, 0.6556, 11.0448, 10.6257, 3.0135, 0.2622, 203.25
346, 564, 47, 62, 0.7722, 1.7178, 1.7178, 0.0000, 0.5406, 226.57
347, 454, 122, 93, 0.5400, 58.4767, 6.6703, 58.0951, 0.2700, 126.80
347, 556, 21, 62, 0.6000, 40.7447, 6.5478, 40.2151, 0.1800, 198.00
347, 564, 48, 62, 0.9278, 1.5548, 1.5548, 0.0000, 0.7422, 226.69
347, 571, 115, 121, 0.6000, 2.0518, 1.8922, 0.7935, 0.1800, 96.00
347, 561, 54, 27, 0.6111, 10.1678, -7.2041, -7.1753, 0.3056, 178.40
347, 569, 43, 70, 0.5556, 11.0448, 10.6257, 3.0135, 0.2222, 203.25
348, 556, 10, 113, 0.6556, 49.4242, -7.9500, 48.7806, 0.2622, 188.00
348, 564, 23, 58, 0.9333, 22.3079, -21.9734, -3.8486, 0.8400, 223.06
348, 567, 72, 61, 0.8222, 9.9115, -0.1217, -9.9107, 0.5756, 203.14
348, 569, 49, 62, 0.7111, 8.6580, 8.1930, -2.7994, 0.3556, 211.20
348, 571, 116, 122, 0.7056, 1.6720, 1.2817, 1.0737, 0.2822, 97.25
348, 561, 47, 20, 0.5111, 10.1678, -7.2041, -7.1753, 0.2556, 178.40
349, 454, 119, 125, 0.6000, 11.2392, -2.5077, 10.9559, 0.3600, 121.50
349, 561, 56, 29, 0.7667, 0.6855, -0.5060, -0.4624, 0.4600, 180.67
349, 569, 51, 62, 0.7667, 2.5993, 2.4236, -0.9393, 0.4600, 208.92
349, 571, 121, 100, 0.7111, 20.1255, 4.8003, -19.5446, 0.3556, 94.20
349, 556, 3, 161, 0.5556, 49.4242, -7.9500, 48.7806, 0.2222, 188.00
350, 454, 114, 128, 0.6587, 5.6298, -4.1643, 3.7886, 0.4611, 116.71
350, 569, 52, 62, 0.8222, 1.2867, 1.2860, 0.0436, 0.5756, 214.93
350, 571, 118, 73, 0.7667, 26.0463, -2.1769, -25.9551, 0.4600, 96.33
350, 356, 88, 97, 0.5062, 1.9649, 1.9644, 0.0469, 0.4050, 219.25
351, 569, 53, 62, 0.8778, 0.9194, 0.9073, 0.1489, 0.7022, 214.44
351, 570, 117, 124, 0.6000, 64.2987, 64.2728, 1.8247, 0.1800, 134.00
351, 574, 103, 93, 0.6000, 9.9383, 9.7941, 1.6869, 0.1800, 121.00
351, 356, 89, 98, 0.6130, 1.4741, 1.2691, 0.7500, 0.5517, 217.56
351, 543, 18, 1, 0.5625, 0.9364, 0.0469, 0.9353, 0.2250, 253.50
351, 577, 90, 121, 0.6000, 2.1544, 1.9174, 0.9822, 0.1800, 134.00
351, 454, 110, 132, 0.5587, 5.6298, -4.1643, 3.7886, 0.3911, 116.71
352, 574, 116, 75, 0.6556, 20.1190, 12.9355, -15.4093, 0.2622, 117.50
352, 356, 91, 99, 0.6694, 2.0201, 1.7360, 1.0331, 0.6694, 218.20
352, 575, 118, 38, 0.6000, 10.2761, 3.5723, 9.6352, 0.1800, 133.00
352, 543, 18, 2, 0.6722, 1.0167, -0.0048, 1.0167, 0.3361, 252.80
352, 577, 91, 121, 0.7056, 1.2995, 1.2739, 0.2571, 0.2822, 133.25
352, 584, 62, 118, 0.6000, 30.5186, 25.4865, 16.7876, 0.1800, 167.67
352, 570, 181, 126, 0.5000, 64.2987, 64.2728, 1.8247, 0.1500, 134.00
353, 574, 112, 41, 0.7111, 31.9809, -2.6211, -31.8733, 0.3556, 122.40
353, 356, 93, 100, 0.7258, 2.2636, 2.0058, 1.0490, 0.7258, 216.73
353, 543, 18, 2, 0.7306, 0.2512, -0.0079, 0.2511, 0.4383, 252.67
353, 577, 92, 122, 0.7611, 1.2219, 0.9804, 0.7293, 0.3806, 137.80
353, 580, 35, 66, 0.6000, 13.0403, 12.5637, -3.4933, 0.1800, 191.00
353, 584, 103, 125, 0.6556, 39.6686, 38.7487, 8.4934, 0.2622, 169.50
353, 575, 121, 48, 0.5000, 10.2761, 3.5723, 9.6352, 0.1500, 133.00
354, 356, 94, 100, 0.7819, 1.3051, 1.2802, 0.2538, 0.7819, 211.50
354, 575, 112, 69, 0.6556, 16.5015, -3.9349, 16.0255, 0.2622, 132.25
354, 543, 19, 3, 0.7881, 1.0430, 0.7621, 0.7120, 0.5517, 252.57
354, 577, 93, 123, 0.8167, 1.3847, 0.9526, 1.0050, 0.4900, 136.83
354, 578, 85, 26, 0.6000, 3.9338, -1.6471, -3.5723, 0.1800, 170.33
354, 580, 52, 69, 0.6556, 16.8123, 16.7014, 1.9282, 0.2622, 191.50
354, 584, 141, 134, 0.5556, 39.6686, 38.7487, 8.4934, 0.2222, 169.50
355, 356, 96, 103, 0.8380, 2.8030, 1.7188, 2.2142, 0.8380, 210.92
355, 543, 19, 4, 0.8451, 1.0402, 0.2942, 0.9977, 0.6761, 252.88
355, 577, 94, 124, 0.8722, 1.4330, 0.9846, 1.0411, 0.6106, 136.29
355, 580, 60, 64, 0.7111, 9.9927, 9.0825, -4.1667, 0.3556, 191.00
355, 584, 126, 125, 0.7111, 7.8584, 7.6762, -1.6823, 0.3556, 151.40
355, 575, 108, 85, 0.5556, 16.5015, -3.9349, 16.0255, 0.2222, 132.25
355, 578, 84, 23, 0.5000, 3.9338, -1.6471, -3.5723, 0.1500, 170.33
356, 356, 92, 119, 0.8440, 14.7359, -3.2678, 14.3691, 0.8440, 203.14
356, 575, 98, 104, 0.7111, 19.2611, -7.0799, 17.9127, 0.3556, 148.60
356, 543, 19, 4, 0.9019, 0.2851, 0.0037, 0.2850, 0.8117, 253.11
356, 577, 95, 125, 0.9278, 1.4257, 1.0009, 1.0153, 0.7422, 138.75
356, 580, 62, 63, 0.7667, 3.1698, 2.5595, -1.8699, 0.4600, 199.67
356, 590, 101, 124, 0.6000, 2.9575, 2.8058, 0.9353, 0.1800, 99.33
357, 575, 101, 113, 0.7667, 9.7283, 2.2020, 9.4758, 0.4600, 137.50
357, 543, 19, 5, 0.9583, 0.7191, -0.0417, 0.7179, 0.9583, 253.00
357, 577, 96, 126, 0.9833, 1.4161, 1.0026, 1.0000, 0.8850, 140.33
357, 578, 85, 26, 0.7056, 0.6747, 0.2449, 0.6286, 0.2822, 171.75
357, 580, 62, 63, 0.8222, 0.4318, 0.4183, -0.1070, 0.5756, 205.57
357, 587, 5, 76, 0.6000, 0.8068, 0.0963, -0.8011, 0.1800, 189.67
357, 590, 105, 125, 0.7056, 3.9384, 3.8049, 1.0167, 0.2822, 97.00
357, 356, 89, 133, 0.7440, 14.7359, -3.2678, 14.3691, 0.7440, 203.14
358, 543, 20, 6, 1.0000, 1.2325, 0.7303, 0.9929, 1.0000, 253.00
358, 577, 97, 126, 1.0000, 1.0317, 1.0009, 0.2502, 1.0000, 143.10
358, 578, 87, 30, 0.7611, 3.9101, 1.7335, 3.5048, 0.3806, 172.20
358, 580, 63, 65, 0.8778, 1.8438, 0.5504, 1.7597, 0.7022, 203.88
358, 587, 14, 82, 0.6556, 9.0806, 7.5674, 5.0191, 0.2622, 185.25
358, 588, 101, 106, 0.6000, 1.3897, 0.9626, 1.0023, 0.1800, 170.00
358, 590, 106, 125, 0.7611, 1.0609, 1.0307, 0.2511, 0.3806, 98.20
358, 553, 9, 61, 0.5625, 1.7766, 1.7766, 0.0000, 0.2250, 198.25
358, 554, 36, 78, 0.5625, 12.5342, 12.2052, 2.8527, 0.2250, 191.75
358, 356, 85, 147, 0.6440, 14.7359, -3.2678, 14.3691, 0.6440, 203.14
358, 575, 104, 122, 0.6667, 9.7283, 2.2020, 9.4758, 0.4000, 137.50
359, 515, 38, 63, 0.5400, 35.5089, -8.6267, 34.4450, 0.2700, 196.40
359, 543, 20, 7, 1.0000, 1.0824, 0.3028, 1.0392, 1.0000, 253.00
359, 577, 98, 127, 1.0000, 1.2181, 1.0000, 0.6956, 1.0000, 143.18
359, 578, 87, 30, 0.8167, 1.3136, 0.5890, 1.1742, 0.4900, 172.17
359, 580, 65, 63, 0.9333, 1.8757, 1.6771, -0.8401, 0.8400, 206.78
359, 581, 14, 86, 0.6000, 68.2395, -67.9339, 6.4506, 0.1800, 169.33
359, 544, 14, 79, 0.5625, 29.9476, -8.1727, 28.8108, 0.2250, 173.75
359, 586, 7, 77, 0.6000, 14.4608, 5.3344, 13.4409, 0.1800, 201.67
359, 588, 103, 107, 0.7056, 2.0412, 1.7772, 1.0039, 0.2822, 176.50
359, 553, 11, 57, 0.6722, 4.2914, 2.0430, -3.7739, 0.3361, 202.00
359, 591, 86, 41, 0.6000, 36.0497, -34.9025, 9.0222, 0.1800, 152.33
359, 356, 82, 162, 0.5440, 14.7359, -3.2678, 14.3691, 0.5440, 203.14
359, 587, 21, 87, 0.5556, 9.0806, 7.5674, 5.0191, 0.2222, 185.25
359, 590, 107, 125, 0.6611, 1.0609, 1.0307, 0.2511, 0.3306, 98.20
360, 566, 63, 5, 0.6000, 44.9770, 35.3960, -27.7498, 0.1800, 212.00
360, 543, 20, 7, 1.0000, 0.2784, 0.0145, 0.2781, 1.0000, 253.00
360, 578, 92, 27, 0.8722, 5.5106, 4.5599, -3.0942, 0.6106, 171.57
360, 580, 67, 63, 0.9889, 2.1666, 2.0881, -0.5776, 0.9889, 206.40
360, 586, 14, 87, 0.6556, 12.0367, 6.2600, 10.2808, 0.2622, 212.88
360, 588, 105, 108, 0.7611, 2.2866, 2.0558, 1.0011, 0.3806, 182.00
360, 590, 108, 126, 0.8167, 1.3339, 1.2573, 0.4456, 0.4900, 96.33
360, 554, 73, 67, 0.6222, 19.8966, 18.7533, -6.6475, 0.3111, 192.00
360, 591, 74, 49, 0.6556, 17.1470, -15.1584, 8.0150, 0.2622, 166.75
360, 577, 99, 128, 0.9000, 1.2181, 1.0000, 0.6956, 0.9000, 143.18
360, 581, -54, 92, 0.5000, 68.2395, -67.9339, 6.4506, 0.1500, 169.33
360, 553, 13, 53, 0.5722, 4.2914, 2.0430, -3.7739, 0.2861, 202.00
361, 515, 10, 82, 0.6000, 16.0860, -14.6025, 6.7473, 0.3600, 200.00
361, 566, 102, 7, 0.6556, 37.8181, 37.7423, -2.3931, 0.2622, 205.88
361, 543, 20, 8, 1.0000, 0.6941, -0.0400, 0.6929, 1.0000, 251.25
361, 578, 123, 33, 0.8778, 28.0405, 27.6334, 4.7606, 0.7022, 164.38
361, 580, 68, 63, 1.0000, 1.3205, 1.3169, -0.0981, 1.0000, 206.45
361, 586, 17, 88, 0.7111, 3.7270, 3.1326, 2.0192, 0.3556, 215.30
361, 587, 44, 109, 0.7111, 14.5915, 10.6896, 9.9320, 0.3556, 183.20
361, 588, 107, 109, 0.8167, 2.2842, 2.0537, 0.9999, 0.4900, 184.50
361, 553, 36, 33, 0.6806, 19.3901, 14.1800, -13.2251, 0.4083, 201.83
361, 554, 88, 34, 0.6806, 33.8815, 15.3717, -30.1938, 0.4083, 188.83
361, 591, 42, 63, 0.7111, 32.7543, -29.9710, 13.2129, 0.3556, 172.20
361, 577, 100, 128, 0.8000, 1.2181, 1.0000, 0.6956, 0.8000, 143.18
361, 590, 109, 126, 0.7167, 1.3339, 1.2573, 0.4456, 0.4300, 96.33
362, 515, 9, 81, 0.6587, 2.6691, -2.6690, -0.0126, 0.4611, 205.29
362, 566, 126, 15, 0.7111, 27.0311, 26.0305, 7.2867, 0.3556, 189.10
362, 543, 20, 9, 1.0000, 0.9812, -0.0191, 0.9810, 1.0000, 251.37
362, 577, 93, 121, 1.0000, 3.4044, -2.2512, -2.5539, 1.0000, 139.58
362, 586, 24, 81, 0.7667, 8.9175, 7.1611, -5.3142, 0.4600, 211.08
362, 588, 109, 109, 0.8722, 2.0268, 2.0126, 0.2395, 0.6106, 181.64
362, 590, 89, 117, 0.8222, 12.3089, -11.2311, -5.0370, 0.5756, 96.43
362, 554, 104, 9, 0.7381, 30.3213, 16.1485, -25.6634, 0.5167, 185.14
362, 580, 69, 63, 0.9000, 1.3205, 1.3169, -0.0981, 0.9000, 206.45
363, 543, 21, 10, 1.0000, 1.2670, 0.7246, 1.0394, 1.0000, 251.59
363, 580, 71, 63, 1.0000, 1.4392, 1.4379, 0.0610, 1.0000, 206.17
363, 586, 27, 80, 0.8222, 3.4175, 3.0413, -1.5588, 0.5756, 207.79
363, 588, 111, 111, 0.9278, 2.4737, 1.9971, 1.4598, 0.7422, 188.44
363, 596, 127, 35, 0.6000, 9.8145, 1.8911, -9.6306, 0.1800, 119.00
363, 597, 121, 93, 0.6000, 1.9875, 1.9875, 0.0000, 0.1800, 100.67
363, 598, 62, 6, 0.6000, 0.9353, -0.9353, 0.0000, 0.1800, 201.00
363, 566, 152, 22, 0.6111, 27.0311, 26.0305, 7.2867, 0.3056, 189.10
363, 577, 91, 119, 0.9000, 3.4044, -2.2512, -2.5539, 0.9000, 139.58
364, 572, 87, 49, 0.6000, 44.0279, -18.1435, 40.1157, 0.1800, 194.67
364, 543, 21, 11, 1.0000, 1.0682, 0.3172, 1.0200, 1.0000, 251.50
364, 580, 73, 63, 1.0000, 1.8849, 1.8848, 0.0223, 1.0000, 206.85
364, 586, 27, 82, 0.8778, 1.7116, 0.1171, 1.7076, 0.7022, 204.94
364, 588, 113, 112, 0.9833, 2.3792, 1.9970, 1.2932, 0.8850, 195.50
364, 596, 109, 11, 0.6556, 26.8775, -15.4184, -22.0153, 0.2622, 140.25
364, 597, 123, 93, 0.7056, 2.0158, 2.0158, 0.0000, 0.2822, 103.50
364, 598, 66, 24, 0.6556, 16.2346, 3.5119, 15.8502, 0.2622, 194.25
365, 543, 21, 11, 1.0000, 0.2854, 0.0252, 0.2842, 1.0000, 251.69
365, 586, 26, 83, 0.9333, 0.9659, -0.3990, 0.8797, 0.8400, 202.72
365, 588, 115, 112, 1.0000, 2.0219, 1.9992, 0.3018, 1.0000, 201.45
365, 596, 105, 5, 0.7111, 9.2162, -5.1853, -7.6192, 0.3556, 149.60
365, 597, 125, 93, 0.7611, 2.0075, 2.0075, 0.0000, 0.3806, 103.80
365, 572, 69, 89, 0.5000, 44.0279, -18.1435, 40.1157, 0.1500, 194.67
365, 580, 75, 63, 0.9000, 1.8849, 1.8848, 0.0223, 0.9000, 206.85
365, 598, 70, 40, 0.5556, 16.2346, 3.5119, 15.8502, 0.2222, 194.25
366, 572, 75, 70, 0.6556, 8.2790, -4.4147, 7.0037, 0.2622, 190.00
366, 543, 21, 12, 1.0000, 0.6797, -0.0392, 0.6786, 1.0000, 250.92
366, 580, 87, 53, 1.0000, 9.3575, 7.5621, -5.5115, 1.0000, 204.79
366, 586, 17, 83, 0.9889, 8.5732, -8.5727, 0.0869, 0.9889, 201.25
366, 588, 118, 113, 1.0000, 2.8248, 2.7435, 0.6727, 1.0000, 205.05
366, 598, 76, 39, 0.7111, 7.7609, 5.0262, 5.9135, 0.3556, 195.20
366, 597, 127, 93, 0.6611, 2.0075, 2.0075, 0.0000, 0.3306, 103.80
367, 543, 22, 13, 1.0000, 1.1895, 0.6884, 0.9700, 1.0000, 251.03
367, 586, 15, 84, 1.0000, 2.5419, -2.4523, 0.6688, 1.0000, 201.14
367, 588, 120, 113, 1.0000, 2.3177, 2.3061, 0.2314, 1.0000, 208.38
367, 596, 109, 7, 0.8222, 2.1449, 1.9235, 0.9491, 0.5756, 165.14
367, 572, 71, 77, 0.5556, 8.2790, -4.4147, 7.0037, 0.2222, 190.00
367, 580, 94, 48, 0.9000, 9.3575, 7.5621, -5.5115, 0.9000, 204.79
367, 597, 129, 93, 0.5611, 2.0075, 2.0075, 0.0000, 0.2806, 103.80
368, 515, 27, 84, 1.0000, 1.4239, 1.1310, -0.8650, 1.0000, 212.62
368, 543, 26, 5, 1.0000, 7.7515, 3.8500, -6.7278, 1.0000, 248.74
368, 588, 122, 113, 1.0000, 2.0146, 2.0146, -0.0058, 1.0000, 206.73
368, 580, 102, 42, 0.8000, 9.3575, 7.5621, -5.5115, 0.8000, 204.79
369, 588, 125, 113, 1.0000, 2.6903, 2.6900, -0.0379, 1.0000, 205.50
369, 558, 124, 66, 0.5625, 18.6215, 6.1976, 17.5599, 0.2250, 125.25
369, 559, 56, 10, 0.5625, 0.9984, -0.9937, 0.0963, 0.2250, 206.50
369, 580, 109, 37, 0.7000, 9.3575, 7.5621, -5.5115, 0.7000, 204.79
370, 588, 127, 114, 1.0000, 2.4009, 2.2931, 0.7113, 1.0000, 207.87
370, 558, 125, 68, 0.6222, 4.3205, 1.4380, 4.0742, 0.3111, 125.00
370, 559, 55, 11, 0.6722, 1.2483, -1.0079, 0.7366, 0.3361, 205.40
370, 601, 21, 125, 0.6556, 10.8067, 10.5668, 2.2643, 0.2622, 187.25
370, 580, 117, 31, 0.6000, 9.3575, 7.5621, -5.5115, 0.6000, 204.79
371, 559, 54, 12, 0.7306, 1.4330, -1.0037, 1.0227, 0.4383, 205.67
371, 580, 124, 26, 0.5000, 9.3575, 7.5621, -5.5115, 0.5000, 204.79
371, 588, 129, 115, 0.9000, 2.4009, 2.2931, 0.7113, 0.9000, 207.87
371, 558, 126, 73, 0.5222, 4.3205, 1.4380, 4.0742, 0.2611, 125.00
371, 601, 32, 127, 0.5556, 10.8067, 10.5668, 2.2643, 0.2222, 187.25
372, 559, 53, 12, 0.7881, 1.0395, -1.0003, 0.2827, 0.5517, 207.29
372, 601, 39, 122, 0.7111, 8.8928, 8.7323, -1.6818, 0.3556, 181.60
372, 528, 45, 115, 0.5400, 48.5961, -48.5862, -0.9822, 0.2700, 106.40
372, 588, 132, 115, 0.8000, 2.4009, 2.2931, 0.7113, 0.8000, 207.87
373, 580, 109, 31, 1.0000, 2.8252, 1.5818, -2.3409, 1.0000, 200.80
373, 559, 55, 10, 0.8451, 2.6506, 1.2813, -2.3204, 0.6761, 206.38
373, 601, 54, 124, 0.7667, 14.3502, 14.3170, 0.9755, 0.4600, 176.17
373, 603, 10, 61, 0.6000, 19.8641, -4.5198, 19.3431, 0.1800, 209.00
373, 528, 3, 102, 0.6000, 44.5908, -43.0612, -11.5787, 0.3600, 114.92
373, 588, 134, 116, 0.7000, 2.4009, 2.2931, 0.7113, 0.7000, 207.87
374, 600, 69, 36, 0.6000, 36.4297, 18.1132, 31.6075, 0.1800, 205.67
374, 601, 89, 112, 0.8222, 34.0609, 32.5148, -10.1455, 0.5756, 166.29
374, 602, 50, 14, 0.6000, 1.9792, -1.7159, 0.9863, 0.1800, 219.67
374, 603, 12, 77, 0.6556, 16.0641, 1.6512, 15.9790, 0.2622, 198.25
374, 588, 136, 117, 0.6000, 2.4009, 2.2931, 0.7113, 0.6000, 207.87
374, 559, 56, 7, 0.7451, 2.6506, 1.2813, -2.3204, 0.5961, 206.38
374, 528, -40, 90, 0.5000, 44.5908, -43.0612, -11.5787, 0.3000, 114.92
375, 593, 53, 94, 0.6000, 32.6497, 25.7684, 20.0497, 0.1800, 178.67
375, 602, 49, 14, 0.7056, 1.3702, -1.3478, 0.2463, 0.2822, 217.50
375, 603, 28, 94, 0.7111, 22.2269, 14.1724, 17.1225, 0.3556, 193.60
375, 588, 139, 117, 0.5000, 2.4009, 2.2931, 0.7113, 0.5000, 207.87
375, 600, 88, 68, 0.5000, 36.4297, 18.1132, 31.6075, 0.1500, 205.67
376, 579, 30, 62, 0.6000, 1.9285, 1.9285, 0.0016, 0.1800, 211.67
376, 593, 57, 97, 0.6556, 9.0837, 7.1719, 5.5748, 0.2622, 172.50
376, 602, 58, 29, 0.7111, 15.2685, 8.1210, 12.9297, 0.3556, 212.60
377, 579, 4, 74, 0.6556, 24.4836, -22.0920, 10.5542, 0.2622, 204.00
377, 607, 99, 7, 0.6000, 51.2188, 50.5684, -8.1365, 0.1800, 220.33
377, 593, 64, 103, 0.5556, 9.0837, 7.1719, 5.5748, 0.2222, 172.50
377, 602, 66, 42, 0.6111, 15.2685, 8.1210, 12.9297, 0.3056, 212.60
378, 593, 76, 101, 0.7111, 9.7603, 9.6630, 1.3744, 0.3556, 164.60
378, 606, 52, 15, 0.6000, 72.4631, -71.8942, 9.0628, 0.1800, 157.33
378, 579, -18, 85, 0.5556, 24.4836, -22.0920, 10.5542, 0.2222, 204.00
378, 607, 150, -1, 0.5000, 51.2188, 50.5684, -8.1365, 0.1500, 220.33
379, 593, 85, 103, 0.6111, 9.7603, 9.6630, 1.3744, 0.3056, 164.60
379, 606, -20, 24, 0.5000, 72.4631, -71.8942, 9.0628, 0.1500, 157.33
380, 593, 95, 104, 0.5111, 9.7603, 9.6630, 1.3744, 0.2556, 164.60
381, 614, 43, 19, 0.6000, 1.3890, -0.9822, 0.9822, 0.1800, 215.00
382, 614, 42, 19, 0.7056, 1.0441, -1.0119, 0.2571, 0.2822, 213.50
382, 615, 29, 99, 0.6000, 1.3717, 0.9937, 0.9456, 0.1800, 189.67
382, 585, 115, 7, 0.5625, 1.9644, 1.9644, 0.0000, 0.2250, 251.50
383, 576, 38, 101, 0.5625, 48.6692, -44.2217, 20.3255, 0.2250, 170.25
383, 613, 38, 63, 0.6000, 1.0381, 1.0377, 0.0305, 0.1800, 200.67
383, 614, 32, 22, 0.7111, 9.6725, -9.4056, 2.2564, 0.3556, 220.80
383, 615, 30, 101, 0.7056, 2.0439, 1.0079, 1.7781, 0.2822, 184.00
383, 585, 118, 8, 0.6722, 2.8793, 2.7786, 0.7548, 0.3361, 251.60
384, 576, 8, 111, 0.6222, 33.7000, -31.5671, 11.7987, 0.3111, 167.80
384, 613, 40, 63, 0.7056, 1.7527, 1.7527, -0.0104, 0.2822, 213.75
384, 614, 29, 23, 0.7667, 3.7873, -3.4387, 1.5872, 0.4600, 226.50
384, 615, 31, 100, 0.7611, 1.0302, 1.0037, -0.2319, 0.3806, 180.80
384, 585, 120, 8, 0.7306, 2.3076, 2.2909, 0.2774, 0.4383, 252.17
385, 613, 50, 72, 0.7111, 12.3091, 9.6658, 7.6215, 0.3556, 209.60
385, 614, 29, 24, 0.8222, 1.0428, 0.0564, 1.0413, 0.5756, 230.57
385, 615, 32, 103, 0.8167, 2.1875, 1.0003, 1.9455, 0.4900, 180.50
385, 585, 122, 9, 0.7881, 2.1373, 1.9975, 0.7602, 0.5517, 252.57
385, 621, 75, 19, 0.6000, 33.6630, -33.1077, -6.0892, 0.1800, 156.33
385, 576, -24, 123, 0.5222, 33.7000, -31.5671, 11.7987, 0.2611, 167.80
386, 613, 75, 77, 0.7667, 24.0546, 23.3030, 5.9661, 0.4600, 206.17
386, 614, 31, 24, 0.8778, 1.2977, 1.2870, 0.1662, 0.7022, 233.62
386, 615, 34, 107, 0.8722, 4.2087, 1.7599, 3.8231, 0.6106, 178.14
386, 585, 125, 9, 0.8451, 2.7289, 2.7172, 0.2522, 0.6761, 252.88
386, 617, 71, 38, 0.6000, 32.9530, 25.8256, -20.4679, 0.1800, 197.33
386, 618, 63, 46, 0.6000, 27.2171, 21.3376, -16.8961, 0.1800, 220.00
386, 621, 39, 26, 0.6556, 35.5593, -35.1082, 5.6456, 0.2622, 168.75
386, 632, 14, 103, 0.6000, 10.0333, -1.7948, -9.8715, 0.1800, 173.00
387, 614, 31, 25, 0.9333, 0.8306, 0.4834, 0.6755, 0.8400, 236.00
387, 615, 34, 108, 0.9278, 2.0249, 0.5342, 1.9532, 0.7422, 175.88
387, 585, 127, 9, 0.9019, 2.2797, 2.2797, -0.0124, 0.8117, 252.89
387, 621, 16, 45, 0.7111, 30.1346, -24.6050, 17.3978, 0.3556, 175.00
387, 632, 3, 98, 0.6556, 10.9916, -9.6504, -5.2616, 0.2622, 170.75
387, 582, 23, 84, 0.5625, 34.5235, -33.5283, 8.2295, 0.2250, 199.50
387, 613, 99, 83, 0.6667, 24.0546, 23.3030, 5.9661, 0.4000, 206.17
387, 617, 97, 18, 0.5000, 32.9530, 25.8256, -20.4679, 0.1500, 197.33
387, 618, 84, 29, 0.5000, 27.2171, 21.3376, -16.8961, 0.1500, 220.00
388, 604, 62, 43, 0.6000, 52.8459, 44.9737, 27.7498, 0.1800, 201.33
388, 608, 8, 13, 0.6000, 14.8210, 3.8288, -14.3180, 0.1800, 205.00
388, 614, 22, 9, 0.9889, 16.5714, -8.4064, -14.2809, 0.9889, 237.90
388, 617, 115, 31, 0.6556, 21.5254, 21.4690, -1.5582, 0.2622, 182.25
388, 618, 106, 25, 0.6556, 23.5250, 21.6220, -9.2689, 0.2622, 201.50
388, 582, 5, 73, 0.6222, 21.6219, -20.0106, -8.1903, 0.3111, 196.80
388, 615, 35, 110, 0.8278, 2.0249, 0.5342, 1.9532, 0.6622, 175.88
388, 585, 129, 9, 0.8019, 2.2797, 2.2797, -0.0124, 0.7217, 252.89
388, 621, -9, 62, 0.6111, 30.1346, -24.6050, 17.3978, 0.3056, 175.00
388, 632, -6, 93, 0.5556, 10.9916, -9.6504, -5.2616, 0.2222, 170.75
389, 593, 110, 65, 1.0000, 0.2590, -0.2586, 0.0150, 1.0000, 140.85
389, 604, 114, 66, 0.6556, 56.1318, 50.9585, 23.5375, 0.2622, 192.00
389, 608, 20, 5, 0.6556, 13.8146, 10.8777, -8.5158, 0.2622, 216.75
389, 615, 35, 110, 0.9833, 0.7920, 0.3656, 0.7025, 0.8850, 174.22
389, 633, 70, 43, 0.6000, 18.1939, -4.4557, 17.6399, 0.1800, 195.00
389, 585, 132, 9, 0.7019, 2.2797, 2.2797, -0.0124, 0.6317, 252.89
389, 617, 137, 29, 0.5556, 21.5254, 21.4690, -1.5582, 0.2222, 182.25
389, 618, 128, 16, 0.5556, 23.5250, 21.6220, -9.2689, 0.2222, 201.50
389, 582, -15, 65, 0.5222, 21.6219, -20.0106, -8.1903, 0.2611, 196.80
390, 615, 35, 112, 1.0000, 1.6412, 0.0715, 1.6397, 1.0000, 173.10
390, 633, 87, 66, 0.6556, 26.3307, 13.8460, 22.3963, 0.2622, 188.75
390, 636, 56, 76, 0.6000, 6.1689, -5.5176, 2.7588, 0.1800, 229.17
390, 604, 165, 89, 0.5556, 56.1318, 50.9585, 23.5375, 0.2222, 192.00
390, 608, 31, -3, 0.5556, 13.8146, 10.8777, -8.5158, 0.2222, 216.75
390, 585, 134, 9, 0.6019, 2.2797, 2.2797, -0.0124, 0.5417, 252.89
391, 615, 30, 105, 1.0000, 7.2412, -4.6063, -5.5872, 1.0000, 172.91
391, 636, 31, 92, 0.6556, 26.8820, -22.7148, 14.3765, 0.2622, 224.38
391, 594, 97, 21, 0.5625, 5.2906, -3.7410, 3.7410, 0.2250, 152.25
391, 639, 17, 126, 0.6000, 31.6165, -10.1939, 29.9281, 0.1800, 206.33
391, 585, 136, 9, 0.5019, 2.2797, 2.2797, -0.0124, 0.4517, 252.89
391, 633, 101, 89, 0.5556, 26.3307, 13.8460, 22.3963, 0.2222, 188.75
392, 605, 51, 69, 0.6000, 62.8304, 41.4436, 47.2238, 0.1800, 202.33
392, 615, 29, 95, 1.0000, 10.0162, -1.0162, -9.9645, 1.0000, 173.50
392, 618, 114, 33, 0.7111, 6.5099, -4.0195, 5.1208, 0.3556, 188.20
392, 622, 67, 58, 0.6000, 35.1697, -30.4351, 17.6242, 0.1800, 148.67
392, 636, 16, 95, 0.7111, 16.5558, -16.0249, 4.1592, 0.3556, 214.05
392, 639, 6, 156, 0.5000, 31.6165, -10.1939, 29.9281, 0.1500, 206.33
393, 620, 32, 34, 0.6000, 26.1019, -0.9305, 26.0853, 0.1800, 210.33
393, 622, 50, 65, 0.6556, 19.8240, -18.3795, 7.4286, 0.2622, 165.50
393, 605, 92, 117, 0.5000, 62.8304, 41.4436, 47.2238, 0.1500, 202.33
393, 636, 0, 99, 0.6111, 16.5558, -16.0249, 4.1592, 0.3056, 214.05
394, 605, 80, 113, 0.6556, 22.1320, 11.6270, 18.8319, 0.2622, 184.25
394, 608, 40, 5, 0.7111, 3.3425, 1.7458, 2.8504, 0.3556, 216.40
394, 622, 33, 91, 0.7111, 29.5914, -17.1633, 24.1054, 0.3556, 173.20
394, 628, 30, 33, 0.6000, 60.8092, -1.8846, -60.7800, 0.1800, 206.33
394, 633, 108, 103, 0.7111, 5.9681, 2.7594, 5.2919, 0.3556, 169.80
394, 620, 31, 60, 0.5000, 26.1019, -0.9305, 26.0853, 0.1500, 210.33
395, 605, 75, 127, 0.7111, 14.8175, -3.7858, 14.3258, 0.3556, 179.40
395, 620, 35, 94, 0.6556, 30.2099, 1.6619, 30.1642, 0.2622, 219.25
395, 594, 79, 40, 0.6222, 6.9650, -4.7632, 5.0817, 0.3111, 163.20
395, 643, 45, 89, 0.6000, 28.2414, 8.9741, -26.7777, 0.1800, 162.67
395, 628, 28, -28, 0.5000, 60.8092, -1.8846, -60.7800, 0.1500, 206.33
395, 633, 111, 109, 0.6111, 5.9681, 2.7594, 5.2919, 0.3056, 169.80
396, 620, 37, 98, 0.7111, 7.0216, 2.0649, 6.7111, 0.3556, 215.80
396, 631, 60, 125, 0.6000, 26.5847, 26.4325, 2.8408, 0.1800, 158.00
396, 594, 49, 56, 0.6806, 32.3505, -28.5824, 15.1526, 0.4083, 171.67
396, 595, 77, 37, 0.5625, 35.3607, -33.0859, -12.4780, 0.2250, 150.31
396, 643, 56, 63, 0.6556, 28.3293, 10.3032, -26.3893, 0.2622, 171.25
396, 597, 121, 69, 0.5062, 26.0768, 20.7052, -15.8523, 0.4050, 124.50
396, 633, 114, 114, 0.5111, 5.9681, 2.7594, 5.2919, 0.2556, 169.80
397, 631, 76, 127, 0.6556, 17.5112, 17.3574, 2.3153, 0.2622, 152.50
397, 595, 36, 31, 0.6222, 40.6603, -40.0568, -6.9798, 0.3111, 170.45
397, 643, 84, 31, 0.7111, 40.9324, 26.2778, -31.3837, 0.3556, 172.20
397, 594, 21, 71, 0.5806, 32.3505, -28.5824, 15.1526, 0.3483, 171.67
398, 612, 35, 34, 0.6000, 22.9450, -12.5089, -19.2354, 0.1800, 215.00
398, 595, 1, 38, 0.6806, 35.9704, -35.5960, 5.1761, 0.4083, 174.88
398, 631, 93, 129, 0.5556, 17.5112, 17.3574, 2.3153, 0.2222, 152.50
398, 643, 110, 0, 0.6111, 40.9324, 26.2778, -31.3837, 0.3056, 172.20
399, 612, 31, 9, 0.6556, 24.7905, -5.6842, -24.1300, 0.2622, 222.12
399, 595, -34, 43, 0.5806, 35.9704, -35.5960, 5.1761, 0.3483, 174.88
400, 612, 32, 5, 0.7111, 5.5880, 0.2972, -5.5801, 0.3556, 228.30
400, 599, 87, 30, 0.5625, 0.0000, 0.0000, 0.0000, 0.2250, 174.00
401, 612, 33, 8, 0.7667, 1.6780, 0.9416, 1.3889, 0.4600, 231.42
401, 646, 40, 40, 0.6000, 73.9965, -38.3503, -63.2830, 0.1800, 165.67
401, 599, 87, 30, 0.6722, 0.0000, 0.0000, 0.0000, 0.3361, 173.40
401, 546, 43, 8, 0.5250, 25.8780, 5.6584, -25.2518, 0.3150, 244.83
402, 599, 87, 30, 0.7306, 0.0000, 0.0000, 0.0000, 0.4383, 173.50
402, 646, 1, -23, 0.5000, 73.9965, -38.3503, -63.2830, 0.1500, 165.67
403, 599, 87, 30, 0.7881, 0.0000, 0.0000, 0.0000, 0.5517, 173.86
404, 629, 5, 89, 0.6000, 0.9667, -0.0045, -0.9667, 0.1800, 171.00
404, 599, 87, 30, 0.8451, 0.0000, 0.0000, 0.0000, 0.6761, 173.75
404, 654, 119, 32, 0.6556, 9.8410, 0.7548, 9.8120, 0.2622, 134.75
404, 655, 8, 0, 0.6000, 19.6625, -19.6403, -0.9353, 0.1800, 226.67
404, 657, 60, 70, 0.6000, 39.5629, 20.6225, 33.7629, 0.1800, 216.00
405, 629, 10, 89, 0.7056, 4.5368, 4.5293, -0.2611, 0.2822, 165.50
405, 599, 87, 30, 0.9019, 0.0000, 0.0000, 0.0000, 0.8117, 173.78
405, 654, 119, 40, 0.7111, 8.1926, 0.2774, 8.1879, 0.3556, 134.20
405, 657, 108, 91, 0.6556, 49.5305, 44.2511, 22.2510, 0.2622, 187.25
405, 659, 11, 45, 0.6000, 38.3440, -38.2984, -1.8705, 0.1800, 201.33
405, 655, -12, -1, 0.5000, 19.6625, -19.6403, -0.9353, 0.1500, 226.67
406, 599, 87, 30, 0.9583, 0.0000, 0.0000, 0.0000, 0.9583, 173.80
406, 610, 9, 87, 0.5625, 7.1436, 0.0000, 7.1436, 0.2250, 182.75
406, 654, 123, 56, 0.7667, 15.1754, 3.8178, 14.6873, 0.4600, 130.00
406, 658, 10, 77, 0.6000, 34.7926, -9.9196, 33.3485, 0.1800, 208.67
406, 629, 15, 89, 0.6056, 4.5368, 4.5293, -0.2611, 0.2422, 165.50
406, 657, 152, 113, 0.5556, 49.5305, 44.2511, 22.2510, 0.2222, 187.25
406, 659, -28, 43, 0.5000, 38.3440, -38.2984, -1.8705, 0.1500, 201.33
407, 623, 68, 72, 0.6000, 59.0729, 57.0146, 15.4580, 0.1800, 196.67
407, 629, 17, 95, 0.7111, 4.7185, 3.2620, 3.4094, 0.3556, 165.00
407, 634, 68, 5, 0.6000, 24.5262, -4.8044, -24.0510, 0.1800, 205.33
407, 599, 87, 30, 1.0000, 0.0000, 0.0000, 0.0000, 1.0000, 174.18
407, 654, 118, 73, 0.8222, 17.0939, -3.9308, 16.6358, 0.5756, 126.29
407, 658, 4, 111, 0.6556, 34.0684, -6.0094, 33.5342, 0.2622, 189.50
408, 623, 118, 75, 0.6556, 51.0586, 50.8863, 4.1902, 0.2622, 173.75
408, 624, 16, 62, 0.6000, 3.9876, -0.9675, 3.8685, 0.1800, 201.00
408, 629, 17, 95, 0.8167, 1.1430, 0.6362, 0.9496, 0.4900, 165.50
408, 592, 9, 34, 0.5625, 26.2888, -21.2561, -15.4687, 0.2250, 191.50
408, 634, 67, 2, 0.6556, 5.9728, -1.3187, -5.8254, 0.2622, 207.50
408, 610, 11, 89, 0.6222, 1.1086, 1.0854, -0.2256, 0.3111, 184.20
408, 658, 1, 129, 0.7111, 19.6724, -3.1929, 19.4116, 0.3556, 180.50
408, 599, 87, 30, 0.9000, 0.0000, 0.0000, 0.0000, 0.9000, 174.18
408, 654, 115, 89, 0.7222, 17.0939, -3.9308, 16.6358, 0.5056, 126.29
409, 629, 16, 95, 0.8722, 0.9974, -0.9894, -0.1256, 0.6106, 174.67
409, 592, 1, 2, 0.6222, 30.5921, -9.5312, -29.0694, 0.3111, 204.07
409, 634, 69, 5, 0.7111, 1.9530, 0.9003, 1.7331, 0.3556, 215.20
409, 583, 117, 75, 0.5625, 47.2632, -1.9295, -47.2238, 0.2250, 89.00
409, 599, 87, 30, 1.0000, 0.0000, 0.0000, 0.0000, 1.0000, 174.08
409, 610, 10, 117, 0.6806, 26.2239, -0.4918, 26.2193, 0.4083, 176.17
409, 623, 169, 79, 0.5556, 51.0586, 50.8863, 4.1902, 0.2222, 173.75
409, 624, 15, 66, 0.5000, 3.9876, -0.9675, 3.8685, 0.1500, 201.00
409, 654, 111, 106, 0.6222, 17.0939, -3.9308, 16.6358, 0.4356, 126.29
410, 624, 13, 86, 0.6556, 13.3118, -1.5569, 13.2204, 0.2622, 193.50
410, 629, 17, 95, 0.9278, 0.3505, 0.2999, -0.1813, 0.7422, 180.21
410, 634, 76, 7, 0.7667, 7.0292, 6.6511, 2.2741, 0.4600, 209.00
410, 583, 115, 22, 0.6222, 52.1354, -2.0331, -52.0957, 0.3111, 100.00
410, 599, 87, 30, 1.0000, 0.0000, 0.0000, 0.0000, 1.0000, 174.15
410, 654, 118, 73, 0.8778, 4.2003, 0.7197, -4.1382, 0.7022, 125.00
410, 592, -9, -27, 0.5222, 30.5921, -9.5312, -29.0694, 0.2611, 204.07
410, 610, 10, 143, 0.5806, 26.2239, -0.4918, 26.2193, 0.3483, 176.17
411, 624, 18, 96, 0.7111, 10.5507, 4.3459, 9.6141, 0.3556, 204.70
411, 629, 17, 86, 0.9333, 7.6951, 0.2587, -7.6908, 0.8400, 179.07
411, 599, 87, 30, 1.0000, 0.0000, 0.0000, 0.0000, 1.0000, 174.29
411, 647, 66, 8, 0.6000, 38.6364, 38.5334, -2.8191, 0.1800, 196.67
411, 661, 15, 20, 0.6000, 7.0053, 6.4263, -2.7886, 0.1800, 208.67
411, 625, 8, 51, 0.5625, 6.8801, -6.5937, 1.9644, 0.2250, 202.25
411, 634, 83, 9, 0.6667, 7.0292, 6.6511, 2.2741, 0.4000, 209.00
411, 583, 113, -30, 0.5222, 52.1354, -2.0331, -52.0957, 0.2611, 100.00
412, 624, 22, 100, 0.7667, 6.3375, 4.1380, 4.8000, 0.4600, 195.08
412, 629, 13, 55, 0.9889, 29.1293, -3.7647, -28.8850, 0.9889, 184.37
412, 634, 80, 4, 0.8222, 2.4138, 1.5170, -1.8775, 0.5756, 204.14
412, 599, 87, 30, 1.0000, 0.0000, 0.0000, 0.0000, 1.0000, 174.40
412, 647, 122, 10, 0.6556, 54.2371, 54.2174, 1.4614, 0.2622, 178.75
412, 660, 87, 114, 0.6556, 4.7036, 2.2300, -4.1414, 0.2622, 124.50
412, 661, 18, 8, 0.6556, 11.1825, 3.3837, -10.6583, 0.2622, 210.25
412, 630, 20, 95, 0.5625, 16.3916, 6.7235, -14.9493, 0.2250, 171.25
412, 663, 47, 12, 0.6000, 1.3595, 0.8883, 1.0291, 0.1800, 237.67
412, 667, 61, 75, 0.6000, 18.4056, -15.8523, 9.3525, 0.1800, 193.67
413, 624, 23, 98, 0.8222, 1.4291, 0.9504, -1.0673, 0.5756, 200.36
413, 599, 87, 30, 1.0000, 0.0000, 0.0000, 0.0000, 1.0000, 174.44
413, 651, 79, 7, 0.6000, 41.4235, -41.3287, -2.8012, 0.1800, 156.67
413, 656, 71, 36, 0.6000, 41.2683, 38.1165, 15.8178, 0.1800, 196.00
413, 660, 87, 114, 0.7611, 0.8282, 0.3927, -0.7292, 0.3806, 121.80
413, 630, 13, 56, 0.6222, 37.5903, -5.4941, -37.1866, 0.3111, 177.40
413, 663, 48, 12, 0.7056, 1.0522, 1.0215, 0.2524, 0.2822, 241.00
413, 667, 27, 85, 0.6556, 33.2233, -31.6294, 10.1670, 0.2622, 190.00
413, 647, 177, 12, 0.5556, 54.2371, 54.2174, 1.4614, 0.2222, 178.75
413, 661, 21, -2, 0.5556, 11.1825, 3.3837, -10.6583, 0.2222, 210.25
414, 624, 23, 97, 0.8778, 1.2245, 0.5238, -1.1068, 0.7022, 204.56
414, 599, 87, 30, 1.0000, 0.0000, 0.0000, 0.0000, 1.0000, 174.41
414, 651, 30, 22, 0.6556, 49.8961, -48.2238, 12.8098, 0.2622, 171.00
414, 656, 111, 75, 0.6556, 53.0527, 39.2329, 35.7123, 0.2622, 175.50
414, 660, 76, 110, 0.7667, 10.4607, -10.0615, -2.8621, 0.4600, 124.17
414, 625, 6, 70, 0.6222, 7.2719, 0.4512, 7.2579, 0.3111, 195.80
414, 630, 11, 39, 0.6806, 19.5337, -2.2142, -19.4078, 0.4083, 181.75
414, 663, 49, 12, 0.7611, 1.0234, 1.0225, -0.0422, 0.3806, 243.00
414, 667, 8, 109, 0.7111, 30.1603, -20.2373, 22.3629, 0.3556, 183.80
414, 670, 17, 85, 0.6000, 2.0913, 1.8705, -0.9353, 0.1800, 175.00
415, 599, 87, 30, 1.0000, 0.0000, 0.0000, 0.0000, 1.0000, 174.44
415, 651, -3, 26, 0.7111, 34.8203, -34.4502, 5.0630, 0.3556, 177.40
415, 663, 51, 12, 0.8167, 1.7707, 1.7699, -0.0528, 0.4900, 245.00
415, 666, 4, 30, 0.6000, 18.7617, -6.0427, -17.7620, 0.1800, 203.33
415, 671, 108, 59, 0.6000, 2.6461, 1.9174, -1.8236, 0.1800, 200.83
415, 656, 150, 110, 0.5556, 53.0527, 39.2329, 35.7123, 0.2222, 175.50
415, 660, 66, 108, 0.6667, 10.4607, -10.0615, -2.8621, 0.4000, 124.17
415, 625, 6, 77, 0.5222, 7.2719, 0.4512, 7.2579, 0.2611, 195.80
415, 670, 19, 84, 0.5000, 2.0913, 1.8705, -0.9353, 0.1500, 175.00
416, 599, 87, 30, 1.0000, 0.0000, 0.0000, 0.0000, 1.0000, 174.47
416, 660, 72, 97, 0.8222, 7.1101, -0.5230, -7.0909, 0.5756, 125.00
416, 625, 26, 89, 0.6806, 15.3489, 11.7654, 9.8573, 0.4083, 193.00
416, 663, 52, 13, 0.8722, 1.4926, 1.2928, 0.7461, 0.6106, 246.43
416, 664, 34, 42, 0.6000, 31.3098, -1.8792, 31.2533, 0.1800, 194.50
416, 668, 10, 2, 0.6000, 20.0578, 7.8292, -18.4668, 0.1800, 212.33
416, 670, 20, 84, 0.7056, 1.5938, 1.5171, -0.4886, 0.2822, 178.00
416, 671, 110, 59, 0.7056, 2.0964, 2.0286, -0.5286, 0.2822, 200.62
416, 672, 105, 57, 0.6556, 20.7665, 19.6241, -6.7930, 0.2622, 174.50
416, 637, 33, 101, 0.5625, 11.8153, 3.6941, 11.2230, 0.2250, 173.75
416, 638, 92, 109, 0.5625, 25.1824, 9.3525, 23.3813, 0.2250, 150.75
416, 676, 27, 94, 0.6000, 1.0291, 1.0291, 0.0000, 0.1800, 238.33
416, 651, -37, 32, 0.6111, 34.8203, -34.4502, 5.0630, 0.3056, 177.40
416, 666, -2, 12, 0.5000, 18.7617, -6.0427, -17.7620, 0.1500, 203.33
417, 599, 87, 30, 1.0000, 0.0000, 0.0000, 0.0000, 1.0000, 174.55
417, 663, 53, 13, 0.9278, 1.0455, 1.0021, 0.2983, 0.7422, 247.50
417, 671, 112, 58, 0.7611, 2.1453, 2.0213, -0.7188, 0.3806, 204.50
417, 638, 107, 114, 0.6222, 16.4102, 14.6957, 7.3030, 0.3111, 138.60
417, 676, 29, 94, 0.7056, 1.7619, 1.7619, 0.0000, 0.2822, 229.75
417, 664, 32, 73, 0.5000, 31.3098, -1.8792, 31.2533, 0.1500, 194.50
417, 668, 18, -17, 0.5000, 20.0578, 7.8292, -18.4668, 0.1500, 212.33
417, 670, 22, 83, 0.6056, 1.5938, 1.5171, -0.4886, 0.2422, 178.00
417, 672, 124, 50, 0.5556, 20.7665, 19.6241, -6.7930, 0.2222, 174.50
418, 599, 74, 19, 1.0000, 14.5547, -11.2961, -9.1781, 1.0000, 176.29
418, 653, 87, 30, 0.6556, 13.1194, -11.6516, 6.0297, 0.2622, 146.50
418, 663, 46, 4, 0.9333, 10.0984, -5.8080, -8.2611, 0.8400, 241.78
418, 667, 13, 113, 0.9333, 1.1053, 0.8662, 0.6865, 0.8400, 175.06
418, 670, 28, 87, 0.7611, 4.6124, 4.2700, 1.7439, 0.3806, 179.40
418, 671, 113, 57, 0.8167, 1.5687, 1.2396, -0.9614, 0.4900, 199.92
418, 589, 7, 53, 0.5400, 45.7964, -29.1440, -35.3261, 0.2700, 188.60
418, 637, 54, 125, 0.6222, 16.6095, 11.6873, 11.8017, 0.3111, 163.80
418, 638, 122, 121, 0.5222, 16.4102, 14.6957, 7.3030, 0.2611, 138.60
418, 676, 31, 94, 0.6056, 1.7619, 1.7619, 0.0000, 0.2422, 229.75
419, 648, 6, 60, 0.6000, 1.3516, -0.9606, 0.9508, 0.1800, 195.67
419, 653, 72, 20, 0.7111, 17.7260, -15.5454, -8.5177, 0.3556, 161.20
419, 619, 99, 115, 0.5625, 78.2813, 49.0416, 61.0154, 0.2250, 183.00
419, 670, 32, 110, 0.7667, 22.0338, 4.2080, 21.6283, 0.4600, 175.83
419, 671, 117, 56, 0.8722, 3.3843, 3.2251, -1.0259, 0.6106, 192.17
419, 673, 49, 45, 0.6000, 0.8898, -0.0916, 0.8850, 0.1800, 234.67
419, 674, 46, 119, 0.6000, 51.5110, 10.5595, 50.4171, 0.1800, 179.67
419, 676, 32, 94, 0.7611, 1.5419, 1.5419, 0.0000, 0.3806, 230.00
419, 680, 38, 127, 0.6000, 20.7617, 20.2645, 4.5168, 0.1800, 164.33
419, 681, 4, 2, 0.6000, 23.5822, 1.6828, -23.5221, 0.1800, 214.67
419, 637, 66, 137, 0.5222, 16.6095, 11.6873, 11.8017, 0.2611, 163.80
420, 653, 57, 13, 0.7667, 16.6868, -14.8431, -7.6245, 0.4600, 171.00
420, 635, 85, 30, 0.5625, 29.5145, 29.1679, 4.5098, 0.2250, 188.00
420, 671, 118, 57, 0.9278, 1.8978, 1.8318, 0.4962, 0.7422, 194.27
420, 673, 50, 45, 0.7056, 0.8413, 0.7931, 0.2806, 0.2822, 239.25
420, 676, 34, 95, 0.8167, 2.0438, 1.8880, 0.7828, 0.4900, 231.17
420, 677, 33, 98, 0.6000, 1.8092, 1.8092, 0.0000, 0.1800, 205.33
420, 648, 5, 61, 0.5000, 1.3516, -0.9606, 0.9508, 0.1500, 195.67
420, 674, 56, 169, 0.5000, 51.5110, 10.5595, 50.4171, 0.1500, 179.67
420, 680, 58, 131, 0.5000, 20.7617, 20.2645, 4.5168, 0.1500, 164.33
420, 681, 6, -22, 0.5000, 23.5822, 1.6828, -23.5221, 0.1500, 214.67
421, 648, 4, 62, 0.7056, 1.4507, -1.0230, 1.0286, 0.2822, 195.75
421, 653, 56, 13, 0.8222, 2.6537, -2.5162, -0.8430, 0.5756, 182.71
421, 573, 104, 119, 0.5400, 54.0388, 13.3261, 52.3699, 0.2700, 152.40
421, 635, 90, 31, 0.6222, 8.9726, 8.8621, 1.4036, 0.3111, 185.40
421, 671, 120, 56, 0.9833, 1.8000, 1.7538, -0.4052, 0.8850, 193.69
421, 673, 50, 45, 0.7611, 0.3059, 0.3056, -0.0138, 0.3806, 237.40
421, 676, 36, 95, 0.8722, 2.0434, 2.0221, 0.2944, 0.6106, 224.00
421, 677, 34, 98, 0.7056, 1.3138, 1.3138, 0.0000, 0.2822, 204.00
421, 680, 83, 122, 0.6556, 23.0493, 22.7915, -3.4380, 0.2622, 151.75
422, 635, 89, 30, 0.6806, 0.5719, -0.5669, -0.0754, 0.4083, 184.17
422, 671, 122, 55, 1.0000, 2.1628, 1.9263, -0.9833, 1.0000, 191.82
422, 673, 51, 47, 0.8167, 1.6682, 0.7653, 1.4824, 0.4900, 240.00
422, 676, 37, 95, 0.9278, 1.2689, 1.2689, 0.0034, 0.7422, 226.12
422, 677, 36, 98, 0.7611, 1.7717, 1.7717, 0.0000, 0.3806, 206.80
422, 680, 107, 121, 0.7111, 23.9035, 23.8749, -1.1696, 0.3556, 140.40
422, 648, 3, 63, 0.6056, 1.4507, -1.0230, 1.0286, 0.2422, 195.75
423, 648, 11, 38, 0.7111, 14.6045, 4.0142, -14.0420, 0.3556, 191.60
423, 650, 82, 81, 0.6000, 56.7102, 39.6150, -40.5796, 0.1800, 154.00
423, 652, 109, 0, 0.6000, 6.7998, -6.7311, -0.9645, 0.1800, 148.00
423, 671, 124, 55, 1.0000, 2.0352, 2.0069, -0.3387, 1.0000, 193.83
423, 673, 52, 51, 0.8722, 4.4890, 1.0104, 4.3738, 0.6106, 237.29
423, 677, 38, 97, 0.8167, 2.1532, 2.0129, -0.7643, 0.4900, 206.67
423, 680, 110, 121, 0.7667, 5.6988, 5.6987, 0.0466, 0.4600, 131.50
423, 676, 38, 95, 0.8278, 1.2689, 1.2689, 0.0034, 0.6622, 226.12
424, 635, 87, 30, 0.7951, 0.4873, -0.4813, -0.0763, 0.6361, 183.00
424, 671, 125, 53, 1.0000, 1.9454, 1.2748, -1.4695, 1.0000, 191.07
424, 677, 39, 97, 0.8722, 1.3112, 1.2778, -0.2940, 0.6106, 209.64
424, 641, 3, 49, 0.5625, 21.0741, -12.3952, -17.0434, 0.2250, 192.00
424, 683, 85, 3, 0.6000, 1.9174, 0.0000, 1.9174, 0.1800, 251.33
424, 650, 121, 41, 0.5000, 56.7102, 39.6150, -40.5796, 0.1500, 154.00
424, 652, 103, -1, 0.5000, 6.7998, -6.7311, -0.9645, 0.1500, 148.00
424, 673, 53, 56, 0.7722, 4.4890, 1.0104, 4.3738, 0.5406, 237.29
424, 676, 40, 95, 0.7278, 1.2689, 1.2689, 0.0034, 0.5822, 226.12
425, 650, 103, 64, 0.6556, 9.0229, 7.3874, -5.1807, 0.2622, 152.75
425, 652, 84, 4, 0.6556, 13.2623, -13.0772, 2.2082, 0.2622, 164.12
425, 635, 87, 30, 0.8519, 0.0471, 0.0467, 0.0066, 0.7667, 182.22
425, 671, 127, 53, 1.0000, 1.7870, 1.6965, -0.5614, 1.0000, 190.83
425, 673, 30, 67, 0.8778, 15.1245, -12.7555, 8.1269, 0.7022, 231.38
425, 676, 40, 98, 0.9833, 1.4890, 0.8794, 1.2016, 0.8850, 221.61
425, 677, 38, 116, 0.8778, 16.6371, -0.5511, 16.6279, 0.7022, 201.69
425, 641, 7, 23, 0.6222, 25.2783, 2.6173, -25.1424, 0.3111, 194.80
425, 683, 66, 14, 0.6556, 19.1685, -16.6050, 9.5764, 0.2622, 251.25
425, 684, 43, 4, 0.6000, 17.9756, 17.5820, -3.7410, 0.1800, 224.00
426, 650, 102, 65, 0.7111, 0.7616, -0.1121, 0.7533, 0.3556, 155.20
426, 652, 66, 14, 0.7111, 20.3061, -18.0623, 9.2785, 0.3556, 181.90
426, 627, 81, 52, 0.5625, 28.6182, 28.4760, 2.8492, 0.2250, 217.00
426, 671, 122, 40, 1.0000, 11.6341, -3.8634, -10.9739, 1.0000, 186.49
426, 676, 40, 115, 0.9889, 15.4281, 0.1660, 15.4272, 0.9889, 213.80
426, 641, 7, 5, 0.6806, 19.2541, -0.3659, -19.2507, 0.4083, 199.50
426, 683, 46, 5, 0.7111, 20.9340, -19.8472, -6.6573, 0.3556, 240.00
426, 640, 91, 90, 0.5625, 18.5492, -3.6378, 18.1890, 0.2250, 169.75
426, 684, 55, 1, 0.6556, 12.9734, 12.5435, -3.3120, 0.2622, 222.00
427, 652, 40, 31, 0.7667, 29.6641, -24.8531, 16.1950, 0.4600, 183.08
427, 665, 63, 84, 0.6000, 58.1095, 0.0109, 58.1095, 0.1800, 191.00
427, 671, 92, 16, 1.0000, 34.6829, -26.7284, -22.1020, 1.0000, 184.32
427, 675, 113, 123, 0.6000, 40.4393, 20.6614, 34.7627, 0.1800, 122.67
427, 676, 31, 127, 1.0000, 14.5676, -7.5657, 12.4489, 1.0000, 207.36
427, 683, 25, 0, 0.7667, 21.1536, -20.4363, -5.4620, 0.4600, 238.00
427, 640, 92, 93, 0.6222, 5.3890, 0.4438, 5.3706, 0.3111, 167.20
427, 684, 67, 12, 0.7111, 15.7753, 12.2314, 9.9626, 0.3556, 220.50
427, 641, 6, -14, 0.5806, 19.2541, -0.3659, -19.2507, 0.3483, 199.50
428, 627, 96, 71, 0.6222, 11.7535, 5.0086, 10.6329, 0.3111, 202.80
428, 676, 17, 129, 1.0000, 13.9076, -13.4636, 3.4861, 1.0000, 205.58
428, 640, 104, 112, 0.6806, 20.1242, 10.5702, 17.1247, 0.4083, 154.83
428, 684, 70, 16, 0.7667, 5.5938, 3.6007, 4.2809, 0.4600, 225.08
428, 609, 33, 78, 0.5400, 48.0996, 21.5108, 43.0216, 0.2700, 205.80
428, 652, 15, 47, 0.6667, 29.6641, -24.8531, 16.1950, 0.4000, 183.08
428, 665, 63, 142, 0.5000, 58.1095, 0.0109, 58.1095, 0.1500, 191.00
428, 675, 133, 158, 0.5000, 40.4393, 20.6614, 34.7627, 0.1500, 122.67
429, 627, 98, 90, 0.6806, 17.7482, 2.1907, 17.6125, 0.4083, 196.33
429, 662, 38, 23, 0.6000, 22.0288, -0.9481, 22.0084, 0.1800, 211.33
429, 684, 70, 16, 0.8222, 0.3478, 0.3201, 0.1359, 0.5756, 226.93
429, 649, 14, 96, 0.5625, 0.0000, 0.0000, 0.0000, 0.2250, 165.00
429, 652, -9, 63, 0.5667, 29.6641, -24.8531, 16.1950, 0.3400, 183.08
430, 662, 20, 39, 0.6556, 22.6702, -15.3719, 16.6626, 0.2622, 209.50
430, 640, 117, 126, 0.7951, 13.3540, 9.2025, 9.6770, 0.6361, 138.50
430, 684, 71, 15, 0.8778, 1.2920, 1.1549, -0.5791, 0.7022, 230.06
430, 649, 14, 96, 0.6722, 0.0000, 0.0000, 0.0000, 0.3361, 165.40
430, 687, 2, 95, 0.6000, 28.4122, -19.5934, -20.5755, 0.1800, 186.00
431, 662, 16, 43, 0.7111, 7.8115, -5.5022, 5.5448, 0.3556, 214.87
431, 684, 72, 15, 0.9333, 1.1731, 1.1519, -0.2220, 0.8400, 232.39
431, 649, 5, 94, 0.6806, 8.5366, -8.3989, -1.5271, 0.4083, 175.92
431, 687, -1, 65, 0.6556, 28.8001, -4.7505, -28.4056, 0.2622, 184.75
432, 662, 13, 51, 0.7667, 8.2022, -3.6800, 7.3303, 0.4600, 214.14
432, 649, 3, 95, 0.7381, 2.4446, -2.4378, 0.1822, 0.5167, 186.64
432, 655, 3, 12, 0.5250, 5.2749, -1.7544, -4.9745, 0.3150, 214.67
432, 688, 21, 16, 0.6000, 11.8085, -7.3881, 9.2117, 0.1800, 211.67
432, 687, -5, 37, 0.5556, 28.8001, -4.7505, -28.4056, 0.2222, 184.75
433, 649, 5, 95, 0.7951, 1.8429, 1.8197, 0.2917, 0.6361, 194.56
433, 687, 14, 11, 0.7111, 28.5306, 9.0944, -27.0423, 0.3556, 192.60
433, 655, 4, 12, 0.5841, 0.5154, 0.0200, -0.5150, 0.4089, 214.57
433, 688, 13, 48, 0.6556, 30.8978, -8.1432, 29.8055, 0.2622, 211.00
433, 693, 53, 101, 0.6000, 1.3906, 1.0291, 0.9353, 0.1800, 229.67
434, 688, 13, 56, 0.7111, 9.8292, -1.2610, 9.7480, 0.3556, 210.20
434, 645, 88, 20, 0.5625, 1.9111, 1.0419, 1.6021, 0.2250, 213.50
434, 693, 55, 101, 0.7056, 1.7813, 1.7619, 0.2619, 0.2822, 227.75
435, 644, 94, 57, 0.5625, 60.1011, -8.3580, -59.5171, 0.2250, 116.00
435, 645, 88, 21, 0.6722, 1.3673, 0.2377, 1.3465, 0.3361, 220.40
435, 693, 57, 101, 0.7611, 2.0399, 2.0398, -0.0263, 0.3806, 226.80
435, 611, 21, 45, 0.5400, 69.3372, -25.0310, -64.6614, 0.2700, 158.40
436, 645, 89, 23, 0.7306, 1.9466, 0.7127, 1.8114, 0.4383, 225.50
436, 692, 18, 28, 0.6000, 1.0076, 1.0071, 0.0305, 0.1800, 211.67
436, 693, 57, 102, 0.8167, 0.8857, 0.5211, 0.7162, 0.4900, 218.42
436, 695, 80, 16, 0.6000, 1.9180, 1.9174, 0.0469, 0.1800, 235.67
437, 644, 64, 4, 0.6222, 26.9940, -15.3058, -22.2354, 0.3111, 132.20
437, 645, 89, 24, 0.7881, 1.2811, 0.2372, 1.2590, 0.5517, 228.43
437, 692, 17, 38, 0.6556, 8.3873, -0.5228, 8.3710, 0.2622, 210.50
437, 693, 60, 102, 0.8722, 2.2036, 2.1858, 0.2792, 0.6106, 219.36
437, 695, 82, 16, 0.7056, 2.0286, 2.0286, -0.0048, 0.2822, 239.25
437, 697, 18, 51, 0.6000, 12.2447, 0.9822, 12.2052, 0.1800, 220.00
438, 644, 63, 3, 0.6806, 4.0217, -2.8797, -2.8074, 0.4083, 142.50
438, 645, 81, 27, 0.7951, 8.0531, -7.6524, 2.5085, 0.6361, 222.50
438, 692, 16, 42, 0.7111, 4.7459, -1.0902, 4.6190, 0.3556, 209.00
438, 693, 62, 102, 0.9278, 2.2875, 2.2875, 0.0046, 0.7422, 218.06
438, 695, 83, 17, 0.7611, 1.4673, 1.2578, 0.7556, 0.3806, 241.60
438, 696, 19, 29, 0.6000, 1.3717, 0.8434, 1.0818, 0.1800, 212.50
438, 697, 17, 56, 0.6556, 5.6864, -0.4976, 5.6646, 0.2622, 212.00
439, 627, 117, 89, 1.0000, 2.2314, 2.1166, 0.7067, 1.0000, 150.71
439, 693, 63, 102, 0.9833, 1.3351, 1.3345, -0.0392, 0.8850, 213.98
439, 695, 87, 28, 0.7667, 10.7275, 3.2417, 10.2260, 0.4600, 230.33
439, 696, 20, 28, 0.7056, 1.1834, 1.0516, -0.5428, 0.2822, 209.88
439, 697, 3, 78, 0.7111, 23.8835, -12.5283, 20.3339, 0.3556, 214.40
439, 699, 20, 39, 0.6000, 44.3728, 18.7520, -40.2158, 0.1800, 208.67
439, 700, 16, 98, 0.6000, 2.1334, 1.9174, 0.9353, 0.1800, 250.00
439, 644, 60, 1, 0.5806, 4.0217, -2.8797, -2.8074, 0.3483, 142.50
439, 645, 73, 29, 0.6951, 8.0531, -7.6524, 2.5085, 0.5561, 222.50
439, 692, 15, 46, 0.6111, 4.7459, -1.0902, 4.6190, 0.3056, 209.00
440, 693, 65, 103, 1.0000, 1.8422, 1.6909, 0.7312, 1.0000, 212.88
440, 697, 0, 84, 0.7667, 7.9694, -3.9397, 6.9275, 0.4600, 214.67
440, 698, 55, 52, 0.6556, 21.6071, 9.0525, -19.6193, 0.2622, 201.75
440, 699, 62, 8, 0.6556, 50.8534, 39.1986, -32.3966, 0.2622, 205.25
440, 700, 18, 99, 0.7056, 2.2691, 2.0286, 1.0167, 0.2822, 250.25
440, 626, 19, 41, 0.5400, 10.3261, -0.8883, -10.2878, 0.2700, 225.00
440, 704, 52, 108, 0.6000, 2.0913, 1.8705, -0.9353, 0.1800, 159.67
440, 645, 65, 32, 0.5951, 8.0531, -7.6524, 2.5085, 0.4761, 222.50
440, 692, 14, 51, 0.5111, 4.7459, -1.0902, 4.6190, 0.2556, 209.00
440, 695, 90, 38, 0.6667, 10.7275, 3.2417, 10.2260, 0.4000, 230.33
440, 696, 21, 28, 0.6056, 1.1834, 1.0516, -0.5428, 0.2422, 209.88
441, 692, 21, 52, 0.7667, 3.8801, 2.2646, 3.1507, 0.4600, 207.00
441, 693, 67, 103, 1.0000, 1.9970, 1.9739, 0.3027, 1.0000, 213.62
441, 695, 92, 32, 0.8222, 2.6725, 2.6306, 0.4711, 0.5756, 233.14
441, 696, 26, 24, 0.7611, 3.9667, 3.2248, -2.3098, 0.3806, 204.50
441, 697, 1, 83, 0.8222, 0.5248, 0.3695, 0.3727, 0.5756, 218.14
441, 698, 67, 13, 0.7111, 38.5722, 10.9567, -36.9833, 0.3556, 202.20
441, 699, 98, 0, 0.7111, 37.1216, 35.6195, -10.4531, 0.3556, 195.60
441, 700, 19, 99, 0.7611, 1.2826, 1.2578, 0.2511, 0.3806, 250.60
441, 626, 7, 31, 0.6000, 15.0376, -10.8335, -10.4290, 0.3600, 222.00
441, 704, 54, 107, 0.5000, 2.0913, 1.8705, -0.9353, 0.1500, 159.67
442, 645, 58, 20, 0.8519, 5.8206, -5.0245, -2.9383, 0.7667, 219.44
442, 692, 30, 52, 0.8222, 8.6727, 8.6683, -0.2751, 0.5756, 213.00
442, 693, 68, 102, 1.0000, 1.4855, 1.2967, -0.7248, 1.0000, 209.30
442, 696, 26, 23, 0.8167, 1.6119, 0.8243, -1.3852, 0.4900, 205.42
442, 700, 21, 100, 0.8167, 1.8550, 1.7129, 0.7120, 0.4900, 250.50
442, 626, -1, 23, 0.6587, 11.5270, -7.6834, -8.5929, 0.4611, 221.71
442, 705, 10, 15, 0.6000, 10.9267, 8.9741, -6.2337, 0.1800, 216.50
442, 698, 78, -24, 0.6111, 38.5722, 10.9567, -36.9833, 0.3056, 202.20
442, 699, 133, -11, 0.6111, 37.1216, 35.6195, -10.4531, 0.3056, 195.60
443, 692, 44, 68, 0.8778, 20.1102, 13.5611, 14.8498, 0.7022, 211.25
443, 693, 71, 103, 1.0000, 2.4760, 2.4456, 0.3867, 1.0000, 205.24
443, 696, 16, 31, 0.8222, 11.5187, -9.3577, 6.7167, 0.5756, 204.79
443, 700, 23, 101, 0.8722, 2.2324, 1.9971, 0.9977, 0.6106, 251.14
443, 626, -1, 23, 0.7167, 1.6767, -1.3513, -0.9926, 0.5733, 219.12
443, 616, 93, 34, 0.5400, 1.4690, 0.8883, 1.1699, 0.2700, 221.00
443, 645, 53, 17, 0.7519, 5.8206, -5.0245, -2.9383, 0.6767, 219.44
443, 698, 89, -61, 0.5111, 38.5722, 10.9567, -36.9833, 0.2556, 202.20
443, 705, 19, 8, 0.5000, 10.9267, 8.9741, -6.2337, 0.1500, 216.50
444, 682, 33, 54, 0.6000, 2.1494, 0.9596, 1.9233, 0.1800, 230.50
444, 693, 71, 103, 1.0000, 0.8786, 0.8346, 0.2746, 1.0000, 202.36
444, 700, 25, 101, 0.9278, 2.0604, 2.0406, 0.2850, 0.7422, 251.62
444, 616, 93, 36, 0.6500, 1.7678, 0.2667, 1.7476, 0.3900, 226.00
444, 626, -3, 22, 0.6167, 1.6767, -1.3513, -0.9926, 0.4933, 219.12
445, 682, 34, 55, 0.7056, 1.6372, 1.0189, 1.2815, 0.2822, 236.62
445, 693, 74, 105, 1.0000, 2.6351, 2.1588, 1.5110, 1.0000, 202.01
445, 700, 26, 102, 0.9833, 1.4543, 1.2647, 0.7179, 0.8850, 251.78
445, 616, 94, 38, 0.7087, 2.1493, 0.7451, 2.0160, 0.4961, 230.14
445, 708, 84, 49, 0.6000, 1.3717, 0.9456, 0.9937, 0.1800, 209.67
445, 711, 49, 68, 0.6000, 27.9374, 21.5577, 17.7698, 0.1800, 204.67
445, 626, -4, 21, 0.5167, 1.6767, -1.3513, -0.9926, 0.4133, 219.12
446, 682, 35, 56, 0.7611, 1.4116, 1.0121, 0.9840, 0.3806, 240.30
446, 688, 36, 124, 1.0000, 1.0649, 0.4300, 0.9742, 1.0000, 176.86
446, 693, 77, 105, 1.0000, 3.0356, 2.9732, 0.6123, 1.0000, 198.38
446, 700, 28, 103, 1.0000, 1.9683, 1.6995, 0.9929, 1.0000, 252.10
446, 704, 59, 84, 0.6556, 5.1493, 0.9443, -5.0620, 0.2622, 164.25
446, 705, 35, 15, 0.6556, 5.7231, 5.4064, 1.8773, 0.2622, 213.88
446, 616, 95, 40, 0.7667, 2.2788, 1.0096, 2.0429, 0.6133, 232.62
446, 708, 85, 51, 0.7056, 2.0397, 1.0191, 1.7669, 0.2822, 208.75
446, 709, 71, 13, 0.6000, 1.1422, 1.0235, 0.5070, 0.1800, 198.33
446, 710, 23, 44, 0.6000, 0.9505, 0.0963, 0.9456, 0.1800, 211.33
446, 711, 59, 77, 0.6556, 15.2652, 11.3030, 10.2601, 0.2622, 199.25
447, 682, 36, 58, 0.8167, 1.9882, 1.0019, 1.7173, 0.4900, 242.42
447, 693, 78, 105, 1.0000, 1.6843, 1.6840, 0.0310, 1.0000, 197.65
447, 700, 30, 103, 1.0000, 2.0097, 1.9878, 0.2959, 1.0000, 252.18
447, 704, 58, 50, 0.7111, 33.1960, -0.7744, -33.1869, 0.3556, 173.00
447, 705, 52, 15, 0.7111, 16.7981, 16.7920, 0.4498, 0.3556, 210.10
447, 616, 96, 42, 0.8241, 2.2671, 1.0406, 2.0142, 0.7417, 234.00
447, 708, 85, 52, 0.7611, 1.3085, 0.2510, 1.2842, 0.3806, 204.80
447, 709, 96, 5, 0.6556, 24.0152, 22.9864, -6.9537, 0.2622, 191.50
447, 710, 23, 44, 0.7056, 0.2611, -0.0224, 0.2601, 0.2822, 211.75
447, 712, 98, 18, 0.6000, 47.8449, 39.4858, -27.0185, 0.1800, 187.67
447, 711, 70, 88, 0.5556, 15.2652, 11.3030, 10.2601, 0.2222, 199.25
448, 682, 53, 51, 0.8222, 16.6893, 15.4444, -6.3247, 0.5756, 237.50
448, 693, 80, 106, 1.0000, 1.8179, 1.7050, 0.6308, 1.0000, 196.73
448, 700, 31, 104, 1.0000, 1.4829, 1.3011, 0.7113, 1.0000, 252.42
448, 626, 3, 8, 0.7741, 3.8884, 1.5772, -3.5542, 0.6967, 218.44
448, 701, 78, 45, 0.6000, 80.3006, 70.2824, -38.8403, 0.1800, 187.67
448, 616, 96, 43, 0.8811, 1.2699, 0.2585, 1.2433, 0.8811, 232.15
448, 708, 86, 53, 0.8167, 1.2246, 0.7116, 0.9967, 0.4900, 204.50
448, 710, 34, 57, 0.7111, 15.1152, 9.9019, 11.4201, 0.3556, 220.40
448, 714, 74, 47, 0.6000, 42.2217, 42.1802, -1.8705, 0.1800, 200.67
448, 709, 119, -2, 0.5556, 24.0152, 22.9864, -6.9537, 0.2222, 191.50
448, 712, 137, -9, 0.5000, 47.8449, 39.4858, -27.0185, 0.1500, 187.67
449, 693, 82, 106, 1.0000, 1.9380, 1.9178, 0.2789, 1.0000, 196.27
449, 700, 33, 105, 1.0000, 1.9745, 1.7104, 0.9866, 1.0000, 252.46
449, 616, 97, 45, 0.9379, 1.8380, 0.7011, 1.6990, 0.9379, 233.86
449, 710, 38, 62, 0.7667, 7.4043, 4.5439, 5.8460, 0.4600, 225.67
449, 713, 37, 48, 0.6000, 55.1219, -52.8988, 15.4967, 0.1800, 183.67
449, 701, 148, 6, 0.5000, 80.3006, 70.2824, -38.8403, 0.1500, 187.67
449, 708, 87, 54, 0.7167, 1.2246, 0.7116, 0.9967, 0.4300, 204.50
449, 714, 116, 45, 0.5000, 42.2217, 42.1802, -1.8705, 0.1500, 200.67
450, 693, 84, 105, 1.0000, 2.1224, 2.0102, -0.6808, 1.0000, 194.30
450, 700, 35, 106, 1.0000, 2.2401, 1.9848, 1.0386, 1.0000, 252.36
450, 616, 98, 47, 0.9944, 2.2240, 0.9901, 1.9915, 0.9944, 235.62
450, 708, 85, 47, 0.8722, 3.4835, -0.5746, -3.4358, 0.6106, 202.00
450, 710, 39, 63, 0.8222, 1.7004, 1.0564, 1.3324, 0.5756, 229.57
450, 714, 90, 30, 0.6556, 9.7635, 3.6009, -9.0752, 0.2622, 195.00
450, 713, -16, 63, 0.5000, 55.1219, -52.8988, 15.4967, 0.1500, 183.67
451, 700, 35, 106, 1.0000, 0.6538, 0.5850, 0.2920, 1.0000, 247.62
451, 616, 98, 48, 1.0000, 1.3318, 0.2973, 1.2982, 1.0000, 235.12
451, 710, 28, 50, 0.8778, 15.1051, -9.4264, -11.8028, 0.7022, 226.75
451, 713, -3, 50, 0.6556, 15.7731, -15.7564, -0.7244, 0.2622, 185.25
451, 714, 88, 29, 0.7111, 2.6658, -1.2838, -2.3363, 0.3556, 191.80
451, 718, 76, 57, 0.6000, 34.2007, -18.9419, 28.4761, 0.1800, 196.33
451, 719, 87, 107, 0.6000, 34.6225, -34.6043, -1.1230, 0.1800, 124.67
451, 693, 86, 105, 0.9000, 2.1224, 2.0102, -0.6808, 0.9000, 194.30
452, 693, 87, 107, 1.0000, 1.7764, 1.4816, 0.9801, 1.0000, 193.67
452, 700, 32, 103, 1.0000, 4.1519, -2.9461, -2.9255, 1.0000, 242.83
452, 616, 78, 48, 1.0000, 17.7681, -17.7666, 0.2341, 1.0000, 234.82
452, 713, -3, 49, 0.7111, 1.7377, -1.4011, -1.0279, 0.3556, 188.20
452, 718, 74, 62, 0.6556, 10.0270, -4.9166, 8.7388, 0.2622, 201.25
452, 719, 41, 107, 0.6556, 44.4116, -44.4109, -0.2428, 0.2622, 156.00
452, 685, 36, 49, 0.5625, 33.0529, 14.0288, 29.9281, 0.2250, 204.50
453, 689, 24, 18, 0.6000, 12.5282, -12.5282, -0.0062, 0.1800, 209.00
453, 693, 114, 120, 1.0000, 25.8751, 23.0642, 11.7288, 1.0000, 188.41
453, 694, 9, 35, 0.6000, 42.0579, -28.7569, -30.6906, 0.1800, 217.00
453, 700, 17, 85, 1.0000, 20.3049, -12.8793, -15.6976, 1.0000, 237.84
453, 718, 73, 61, 0.7111, 0.9953, -0.8274, -0.5532, 0.3556, 203.90
453, 685, 40, 69, 0.6222, 22.4614, 4.6837, 21.9676, 0.3111, 214.20
453, 719, -4, 107, 0.5556, 44.4116, -44.4109, -0.2428, 0.2222, 156.00
454, 689, 15, 16, 0.6556, 9.5685, -9.4493, -1.5059, 0.2622, 211.75
454, 694, -2, 19, 0.6556, 22.5434, -13.2139, -18.2647, 0.2622, 216.50
454, 685, 42, 88, 0.6806, 19.6423, 2.9364, 19.4216, 0.4083, 209.33
455, 689, 6, 15, 0.5556, 9.5685, -9.4493, -1.5059, 0.2222, 211.75
455, 694, -15, 1, 0.5556, 22.5434, -13.2139, -18.2647, 0.2222, 216.50
456, 703, 11, 121, 0.6000, 39.3643, -36.2739, 15.2890, 0.1800, 169.33
456, 715, 85, 23, 0.6000, 40.9634, -4.6431, -40.6994, 0.1800, 171.67
456, 722, 41, 52, 0.6000, 0.9833, 0.9822, 0.0469, 0.1800, 228.17
456, 724, 102, 58, 0.6000, 1.9649, 0.0469, 1.9644, 0.1800, 253.67
456, 725, 37, 74, 0.6000, 2.1757, -0.9353, 1.9644, 0.1800, 254.00
456, 726, 73, 54, 0.6000, 21.8937, 7.4820, -20.5755, 0.1800, 190.00
457, 718, 91, 64, 0.9333, 3.4126, 3.4038, 0.2441, 0.8400, 205.61
457, 685, 98, 123, 0.7951, 22.5464, 18.4916, 12.8997, 0.6361, 188.88
457, 722, 42, 52, 0.7056, 1.0119, 1.0119, -0.0048, 0.2822, 223.88
457, 724, 103, 60, 0.7056, 2.1583, 0.7500, 2.0238, 0.2822, 251.50
457, 725, 37, 76, 0.7056, 2.0407, -0.2619, 2.0238, 0.2822, 253.75
457, 726, 92, 22, 0.6556, 35.5344, 17.9457, -30.6699, 0.2622, 182.50
457, 731, 61, 45, 0.6000, 1.3226, 0.9353, -0.9353, 0.1800, 210.33
457, 703, -26, 137, 0.5000, 39.3643, -36.2739, 15.2890, 0.1500, 169.33
457, 715, 81, -18, 0.5000, 40.9634, -4.6431, -40.6994, 0.1500, 171.67
458, 722, 44, 52, 0.7611, 1.7703, 1.7703, -0.0079, 0.3806, 230.10
458, 724, 104, 62, 0.7611, 2.2630, 1.0331, 2.0134, 0.3806, 251.80
458, 725, 36, 79, 0.7611, 2.8732, -0.7372, 2.7770, 0.3806, 249.30
458, 730, 41, 26, 0.6556, 4.7691, 1.5095, 4.5239, 0.2622, 208.75
458, 731, 61, 45, 0.7056, 0.3704, 0.2619, -0.2619, 0.2822, 212.00
458, 726, 110, -9, 0.5556, 35.5344, 17.9457, -30.6699, 0.2222, 182.50
459, 722, 61, 61, 0.7667, 17.9107, 15.8155, 8.4061, 0.4600, 223.25
459, 724, 105, 64, 0.8167, 2.2599, 1.0490, 2.0016, 0.4900, 251.83
459, 725, 36, 81, 0.8167, 2.3056, -0.2429, 2.2928, 0.4900, 249.08
459, 730, 58, 43, 0.7111, 22.0821, 15.8256, 15.4004, 0.3556, 209.80
459, 731, 58, 29, 0.7111, 14.6650, -2.3170, -14.4808, 0.3556, 208.20
459, 690, 91, 68, 0.5625, 12.5342, 12.2052, 2.8527, 0.2250, 229.50
459, 735, 30, 20, 0.6000, 29.3601, -4.6293, -28.9928, 0.1800, 215.33
460, 724, 105, 66, 0.8722, 2.0147, 0.2538, 1.9987, 0.6106, 245.50
460, 725, 36, 83, 0.8722, 2.0001, 0.0134, 2.0001, 0.6106, 249.36
460, 730, 63, 47, 0.7667, 7.8085, 5.8139, 5.2127, 0.4600, 209.67
460, 731, 35, 17, 0.7667, 24.4819, -21.5603, -11.5981, 0.4600, 211.33
460, 690, 94, 70, 0.6222, 4.7446, 4.1551, 2.2906, 0.3111, 220.20
460, 735, 28, 0, 0.6556, 21.8886, -2.8240, -21.7057, 0.2622, 216.50
460, 740, 45, 30, 0.6000, 48.7244, -33.4813, -35.3988, 0.1800, 212.50
460, 741, 44, 125, 0.6000, 30.8775, -0.9353, 30.8633, 0.1800, 161.67
460, 742, 65, 64, 0.6000, 29.0501, -1.8236, -28.9928, 0.1800, 174.17
461, 724, 106, 68, 0.9278, 2.1190, 0.7022, 1.9992, 0.7422, 240.56
461, 725, 42, 98, 0.8778, 14.3263, 5.3323, 13.2970, 0.7022, 237.19
461, 730, 66, 61, 0.8222, 14.0058, 3.7353, 13.4985, 0.5756, 209.57
461, 690, 94, 69, 0.6806, 1.0616, -0.0729, -1.0591, 0.4083, 207.67
461, 691, 20, 100, 0.5625, 65.5910, -63.6195, 15.9606, 0.2250, 160.75
461, 736, 40, 80, 0.6000, 75.7368, -45.8640, 60.2707, 0.1800, 205.67
461, 738, 17, 67, 0.6000, 40.0591, -22.3388, 33.2522, 0.1800, 204.67
461, 741, 45, 130, 0.6556, 8.6577, 0.4928, 8.6437, 0.2622, 157.50
461, 735, 25, -22, 0.5556, 21.8886, -2.8240, -21.7057, 0.2222, 216.50
461, 740, 11, -6, 0.5000, 48.7244, -33.4813, -35.3988, 0.1500, 212.50
461, 742, 63, 35, 0.5000, 29.0501, -1.8236, -28.9928, 0.1500, 174.17
462, 724, 107, 70, 0.9833, 2.2324, 0.9919, 1.9999, 0.8850, 237.61
462, 730, 70, 89, 0.8778, 26.1824, 3.6332, 25.9291, 0.7022, 203.50
462, 690, 94, 72, 0.7381, 3.0873, 0.1313, 3.0845, 0.5167, 199.71
462, 738, 10, 100, 0.6556, 34.0321, -9.0828, 32.7976, 0.2622, 196.50
462, 740, 31, 16, 0.6556, 5.0294, -3.6148, -3.4969, 0.2622, 211.12
462, 741, 46, 128, 0.7111, 1.3766, 1.0673, -0.8693, 0.3556, 154.40
462, 742, 65, 39, 0.6556, 10.8281, 0.0871, -10.8278, 0.2622, 177.12
462, 743, 23, 85, 0.6000, 20.5033, -10.4787, -17.6233, 0.1800, 173.00
462, 744, 36, 89, 0.6000, 23.7796, -6.1821, -22.9620, 0.1800, 171.33
462, 725, 47, 111, 0.7778, 14.3263, 5.3323, 13.2970, 0.6222, 237.19
462, 736, -6, 141, 0.5000, 75.7368, -45.8640, 60.2707, 0.1500, 205.67
463, 720, 16, 91, 0.6000, 22.2799, -10.3545, 19.7276, 0.1800, 182.00
463, 724, 108, 72, 1.0000, 2.2547, 1.0408, 2.0001, 1.0000, 239.15
463, 730, 65, 102, 0.9333, 15.2359, -4.7146, 14.4881, 0.8400, 197.89
463, 737, 44, 33, 0.6000, 7.9585, -7.0498, 3.6928, 0.1800, 193.00
463, 739, 39, 86, 0.6000, 45.7124, -32.8382, 31.8006, 0.1800, 220.67
463, 742, 49, 28, 0.7111, 18.3032, -14.7928, -10.7787, 0.3556, 183.90
463, 743, 2, 51, 0.6556, 37.9952, -20.1261, -32.2269, 0.2622, 185.75
463, 744, 23, 81, 0.6556, 15.6853, -11.8463, -10.2808, 0.2622, 175.00
463, 725, 53, 124, 0.6778, 14.3263, 5.3323, 13.2970, 0.5422, 237.19
463, 690, 94, 75, 0.6381, 3.0873, 0.1313, 3.0845, 0.4467, 199.71
463, 738, 1, 133, 0.5556, 34.0321, -9.0828, 32.7976, 0.2222, 196.50
463, 740, 27, 12, 0.5556, 5.0294, -3.6148, -3.4969, 0.2222, 211.12
464, 642, 63, 47, 0.5400, 39.7939, 0.0193, -39.7939, 0.2700, 175.20
464, 724, 108, 74, 1.0000, 2.0188, 0.2744, 2.0000, 1.0000, 238.05
464, 739, 11, 124, 0.6556, 47.2281, -28.6392, 37.5538, 0.2622, 201.75
464, 741, 50, 126, 0.8222, 1.3661, 1.1130, 0.7921, 0.5756, 167.38
464, 748, 20, 91, 0.6000, 12.9719, 8.1248, -10.1123, 0.1800, 181.00
464, 750, 42, 9, 0.6000, 47.1248, -45.7804, -11.1761, 0.1800, 180.33
464, 751, 2, 48, 0.6000, 30.7922, -29.8811, -7.4351, 0.1800, 229.33
464, 720, 5, 111, 0.5000, 22.2799, -10.3545, 19.7276, 0.1500, 182.00
464, 725, 58, 138, 0.5778, 14.3263, 5.3323, 13.2970, 0.4622, 237.19
464, 730, 60, 117, 0.8333, 15.2359, -4.7146, 14.4881, 0.7500, 197.89
464, 690, 94, 78, 0.5381, 3.0873, 0.1313, 3.0845, 0.3767, 199.71
464, 737, 37, 36, 0.5000, 7.9585, -7.0498, 3.6928, 0.1500, 193.00
464, 743, -18, 18, 0.5556, 37.9952, -20.1261, -32.2269, 0.2222, 185.75
464, 744, 11, 71, 0.5556, 15.6853, -11.8463, -10.2808, 0.2222, 175.00
465, 717, 71, 87, 0.6000, 39.9659, 39.2265, -7.6522, 0.1800, 174.00
465, 720, 28, 118, 0.6556, 15.3738, 8.0581, 13.0928, 0.2622, 169.75
465, 642, 46, 24, 0.6000, 29.6111, -15.1810, -25.4236, 0.3600, 179.33
465, 724, 109, 76, 1.0000, 2.1174, 0.6952, 2.0000, 1.0000, 236.88
465, 690, 93, 78, 0.7951, 1.7142, -0.4257, 1.6605, 0.6361, 195.38
465, 737, 12, 54, 0.6556, 20.8281, -17.1850, 11.7681, 0.2622, 194.75
465, 741, 49, 125, 0.8778, 1.9057, -1.6612, -0.9339, 0.7022, 164.21
465, 744, 3, 48, 0.7111, 20.1335, -9.8000, -17.5874, 0.3556, 188.60
465, 748, 35, 91, 0.6556, 13.8309, 13.8155, -0.6517, 0.2622, 199.00
465, 739, -17, 162, 0.5556, 47.2281, -28.6392, 37.5538, 0.2222, 201.75
465, 750, -4, -3, 0.5000, 47.1248, -45.7804, -11.1761, 0.1500, 180.33
465, 751, -27, 41, 0.5000, 30.7922, -29.8811, -7.4351, 0.1500, 229.33
466, 706, 19, 60, 0.6000, 20.8975, 17.3907, -11.5873, 0.1800, 184.00
466, 717, 91, 62, 0.6556, 32.1476, 22.1868, -23.2641, 0.2622, 175.00
466, 720, 51, 124, 0.7111, 23.2267, 22.3305, 6.3897, 0.3556, 168.60
466, 642, 28, 1, 0.6587, 28.7973, -17.0288, -23.2229, 0.4611, 185.29
466, 724, 109, 78, 1.0000, 2.0153, 0.2482, 2.0000, 1.0000, 236.73
466, 741, 48, 125, 0.9333, 0.8616, -0.7406, -0.4403, 0.8400, 161.69
466, 748, 39, 94, 0.7111, 5.4633, 4.7892, 2.6290, 0.3556, 209.60
466, 737, -5, 66, 0.5556, 20.8281, -17.1850, 11.7681, 0.2222, 194.75
467, 706, 41, 47, 0.6556, 24.9296, 21.3032, -12.9483, 0.2622, 190.00
467, 724, 110, 80, 1.0000, 2.1287, 0.7291, 2.0000, 1.0000, 236.75
467, 748, 38, 96, 0.7667, 1.8711, -0.1861, 1.8619, 0.4600, 210.17
467, 717, 113, 38, 0.5556, 32.1476, 22.1868, -23.2641, 0.2222, 175.00
467, 642, 11, -23, 0.5587, 28.7973, -17.0288, -23.2229, 0.3911, 185.29
468, 706, 77, 43, 0.7111, 34.8786, 34.5513, -4.7667, 0.3556, 187.00
468, 724, 111, 82, 1.0000, 2.2362, 1.0003, 2.0000, 1.0000, 232.57
468, 748, 38, 99, 0.8222, 2.6285, -0.0024, 2.6285, 0.5756, 216.57
468, 754, 41, 9, 0.6000, 52.1279, -50.4567, -13.0935, 0.1800, 184.33
469, 724, 113, 84, 1.0000, 2.6674, 1.7649, 2.0000, 1.0000, 232.84
469, 748, 39, 100, 0.8778, 1.6813, 0.8007, 1.4784, 0.7022, 221.38
469, 754, 1, 17, 0.6556, 42.4194, -42.0756, 5.3903, 0.2622, 191.00
469, 757, 19, 85, 0.6000, 47.9083, -37.4101, 29.9281, 0.1800, 203.00
469, 706, 112, 39, 0.6111, 34.8786, 34.5513, -4.7667, 0.3056, 187.00
470, 679, 75, 26, 0.5625, 74.5028, -44.3975, -59.8292, 0.2250, 101.00
470, 724, 114, 86, 1.0000, 2.4051, 1.3358, 2.0000, 1.0000, 232.21
470, 748, 22, 105, 0.9333, 15.9340, -15.1891, 4.8149, 0.8400, 215.22
470, 755, 96, 24, 0.7056, 1.7523, 1.5628, 0.7926, 0.2822, 161.75
470, 756, 55, 59, 0.6000, 57.1195, 36.3284, -44.0782, 0.1800, 183.67
470, 757, 0, 123, 0.6556, 42.6207, -21.0440, 37.0631, 0.2622, 190.75
470, 758, 38, 60, 0.6000, 1.3226, 0.9353, 0.9353, 0.1800, 201.50
470, 759, 8, 94, 0.6000, 29.3440, 4.8171, -28.9459, 0.1800, 155.33
470, 754, -42, 22, 0.5556, 42.4194, -42.0756, 5.3903, 0.2222, 191.00
471, 705, 104, 28, 1.0000, 18.0401, 17.9048, -2.2054, 1.0000, 201.75
471, 724, 116, 88, 1.0000, 2.6523, 1.7420, 2.0000, 1.0000, 227.56
471, 753, 39, 100, 0.6000, 44.8283, 22.9546, 38.5054, 0.1800, 201.67
471, 755, 88, 29, 0.7111, 7.9500, -6.2667, 4.8919, 0.3556, 163.60
471, 756, 82, 28, 0.6556, 43.3382, 28.1246, -32.9729, 0.2622, 184.25
471, 758, 58, 56, 0.6556, 17.9683, 17.6217, -3.5119, 0.2622, 204.62
471, 759, 36, 62, 0.6556, 40.6397, 24.6933, -32.2773, 0.2622, 172.00
471, 757, -21, 160, 0.5556, 42.6207, -21.0440, 37.0631, 0.2222, 190.75
472, 724, 117, 89, 1.0000, 1.8173, 1.2802, 1.2899, 1.0000, 225.45
472, 749, 19, 108, 0.6000, 13.2979, 12.0879, 5.5423, 0.1800, 180.67
472, 753, 52, 124, 0.6556, 29.4213, 13.7232, 26.0247, 0.2622, 187.00
472, 755, 86, 31, 0.7667, 3.1488, -2.6176, 1.7502, 0.4600, 164.83
472, 756, 100, 21, 0.7111, 21.1379, 18.5426, -10.1480, 0.3556, 180.00
472, 758, 82, 54, 0.7111, 23.2546, 23.1525, -2.1771, 0.3556, 202.50
472, 759, 56, 30, 0.7111, 37.8716, 20.6616, -31.7388, 0.3556, 179.60
473, 724, 119, 91, 1.0000, 2.3974, 1.7138, 1.6765, 1.0000, 225.68
473, 749, 22, 110, 0.6556, 4.9324, 4.3035, 2.4099, 0.2622, 175.75
473, 753, 52, 126, 0.7111, 4.9735, 2.0438, 4.5341, 0.3556, 178.40
473, 761, 32, 93, 0.6000, 41.0830, 27.1692, -30.8164, 0.1800, 154.33
473, 755, 84, 32, 0.6667, 3.1488, -2.6176, 1.7502, 0.4000, 164.83
473, 756, 118, 10, 0.6111, 21.1379, 18.5426, -10.1480, 0.3056, 180.00
473, 758, 105, 52, 0.6111, 23.2546, 23.1525, -2.1771, 0.3056, 202.50
473, 759, 76, -2, 0.6111, 37.8716, 20.6616, -31.7388, 0.3056, 179.60
474, 724, 121, 93, 1.0000, 2.7944, 1.9853, 1.9666, 1.0000, 226.12
474, 749, 23, 109, 0.7111, 0.7851, 0.7680, 0.1627, 0.3556, 172.60
474, 755, 87, 30, 0.8222, 0.8381, 0.6607, -0.5157, 0.5756, 165.86
474, 758, 101, 27, 0.7667, 16.8818, 7.5388, -15.1050, 0.4600, 194.42
474, 760, 72, 35, 0.6000, 25.0300, 24.7680, 3.6121, 0.1800, 199.00
474, 761, 64, 57, 0.6556, 47.8620, 31.7439, -35.8203, 0.2622, 171.50
474, 702, 47, 105, 0.5625, 1.9649, 1.9644, 0.0469, 0.2250, 253.25
474, 753, 54, 131, 0.6111, 4.9735, 2.0438, 4.5341, 0.3056, 178.40
475, 686, 66, 57, 0.5625, 21.2124, 10.6263, -18.3589, 0.2250, 186.25
475, 724, 124, 94, 1.0000, 3.0482, 2.7380, 1.3397, 1.0000, 227.25
475, 749, 26, 101, 0.7667, 8.6658, 3.4875, -7.9331, 0.4600, 172.17
475, 755, 87, 30, 0.8778, 0.4095, 0.3307, -0.2414, 0.7022, 166.88
475, 760, 101, 29, 0.6556, 29.4067, 29.0993, -4.2406, 0.2622, 186.75
475, 702, 48, 106, 0.6722, 1.4741, 1.2691, 0.7500, 0.3361, 253.30
475, 716, 55, 36, 0.5625, 0.9822, 0.9822, 0.0000, 0.2250, 199.25
475, 762, 85, 85, 0.6000, 1.3562, 0.9353, 0.9822, 0.1800, 196.83
475, 761, 96, 21, 0.5556, 47.8620, 31.7439, -35.8203, 0.2222, 171.50
476, 686, 59, 37, 0.6222, 19.8564, -4.6594, -19.3020, 0.3111, 194.60
476, 724, 126, 95, 1.0000, 2.5547, 2.3507, 1.0002, 1.0000, 228.46
476, 760, 106, 28, 0.7111, 7.7482, 7.4718, -2.0511, 0.3556, 182.00
476, 702, 50, 107, 0.7306, 2.0201, 1.7360, 1.0331, 0.4383, 249.67
476, 716, 49, 33, 0.6222, 5.5128, -5.0263, -2.2643, 0.3111, 199.20
476, 762, 70, 61, 0.6556, 24.3683, -12.5692, -20.8765, 0.2622, 199.38
476, 763, 43, 64, 0.6000, 1.3890, 0.9822, 0.9822, 0.1800, 212.67
476, 766, 23, 111, 0.6000, 16.3335, 14.9640, 6.5468, 0.1800, 160.00
476, 749, 30, 93, 0.6667, 8.6658, 3.4875, -7.9331, 0.4000, 172.17
477, 686, 60, 28, 0.6806, 10.0610, 0.7464, -10.0333, 0.4083, 194.33
477, 749, 46, 70, 0.8222, 19.8978, 10.9735, -16.5983, 0.5756, 176.14
477, 702, 53, 107, 0.7881, 2.7848, 2.7702, 0.2846, 0.5517, 250.43
477, 716, 47, 20, 0.6806, 12.5872, -2.7398, -12.2853, 0.4083, 204.17
477, 762, 67, 55, 0.7111, 8.7586, -3.9792, -7.8025, 0.3556, 198.10
477, 763, 23, 49, 0.6556, 21.2275, -17.1026, -12.5740, 0.2622, 216.50
477, 766, 27, 113, 0.6556, 5.5820, 4.9456, 2.5883, 0.2622, 159.25
477, 724, 128, 96, 0.9000, 2.5547, 2.3507, 1.0002, 0.9000, 228.46
478, 702, 55, 108, 0.8451, 2.4430, 2.3344, 0.7201, 0.6761, 250.75
478, 716, 42, 13, 0.7381, 8.4869, -4.1345, -7.4118, 0.5167, 205.57
478, 762, 70, 56, 0.7667, 1.8437, 1.8426, 0.0662, 0.4600, 200.92
478, 763, 15, 28, 0.7111, 22.8404, -9.4694, -20.7849, 0.3556, 219.60
478, 766, 46, 123, 0.7111, 19.7237, 17.4173, 9.2555, 0.3556, 155.40
478, 686, 61, 18, 0.5806, 10.0610, 0.7464, -10.0333, 0.3483, 194.33
478, 724, 131, 97, 0.8000, 2.5547, 2.3507, 1.0002, 0.8000, 228.46
479, 702, 57, 108, 0.9019, 2.0323, 2.0182, 0.2391, 0.8117, 247.83
479, 763, 14, 18, 0.7667, 10.8442, -1.8835, -10.6794, 0.4600, 217.50
479, 724, 133, 98, 0.7000, 2.5547, 2.3507, 1.0002, 0.7000, 228.46
479, 716, 38, 6, 0.6381, 8.4869, -4.1345, -7.4118, 0.4467, 205.57
479, 766, 63, 132, 0.6111, 19.7237, 17.4173, 9.2555, 0.3056, 155.40
480, 702, 58, 109, 0.9583, 1.4155, 1.2064, 0.7405, 0.9583, 243.10
480, 770, 16, 31, 0.6000, 17.1589, -6.4529, -15.8993, 0.1800, 237.33
480, 724, 135, 99, 0.6000, 2.5547, 2.3507, 1.0002, 0.6000, 228.46
480, 716, 34, -2, 0.5381, 8.4869, -4.1345, -7.4118, 0.3767, 205.57
480, 763, 12, 7, 0.6667, 10.8442, -1.8835, -10.6794, 0.4000, 217.50
481, 745, 16, 115, 0.6000, 10.5925, -10.5925, -0.0062, 0.1800, 152.33
481, 702, 45, 102, 0.9646, 13.0918, -11.7765, -5.7192, 0.9646, 236.27
481, 716, 33, 15, 0.7951, 3.8009, -2.8447, 2.5208, 0.6361, 205.88
481, 769, 12, 34, 0.6000, 17.1404, -11.7626, -12.4673, 0.1800, 208.33
481, 770, 15, 28, 0.6556, 4.8192, -1.8431, -4.4528, 0.2622, 233.00
481, 772, 109, 20, 0.6000, 50.6257, 47.7448, -16.8345, 0.1800, 193.33
481, 773, 37, 54, 0.6000, 14.5791, -9.3056, -11.2230, 0.1800, 206.67
481, 724, 138, 100, 0.5000, 2.5547, 2.3507, 1.0002, 0.5000, 228.46
482, 745, 2, 120, 0.6556, 14.1959, -13.4540, 4.5291, 0.2622, 152.00
482, 768, 61, 38, 0.6000, 10.7965, 10.6376, 1.8458, 0.1800, 198.67
482, 770, 16, 29, 0.7111, 0.4785, 0.1686, 0.4478, 0.3556, 230.40
482, 771, 11, 92, 0.6000, 45.5225, -14.2496, 43.2347, 0.1800, 201.00
482, 773, 5, 52, 0.6556, 29.9612, -29.7959, -3.1431, 0.2622, 202.50
482, 689, 42, 68, 0.5143, 45.2412, 16.6662, 42.0595, 0.3600, 211.00
482, 777, 68, 40, 0.6000, 0.9353, 0.0000, -0.9353, 0.1800, 205.67
482, 769, 0, 22, 0.5000, 17.1404, -11.7626, -12.4673, 0.1500, 208.33
482, 772, 157, 3, 0.5000, 50.6257, 47.7448, -16.8345, 0.1500, 193.33
483, 770, 26, 44, 0.7667, 16.1447, 9.5055, 13.0497, 0.4600, 230.42
483, 777, 68, 40, 0.7056, 0.2619, 0.0000, -0.2619, 0.2822, 204.25
483, 745, -11, 125, 0.5556, 14.1959, -13.4540, 4.5291, 0.2222, 152.00
483, 768, 72, 40, 0.5000, 10.7965, 10.6376, 1.8458, 0.1500, 198.67
483, 771, -3, 135, 0.5000, 45.5225, -14.2496, 43.2347, 0.1500, 201.00
483, 773, -25, 48, 0.5556, 29.9612, -29.7959, -3.1431, 0.2222, 202.50
484, 769, 10, 8, 0.6556, 8.1759, 2.1327, -7.8929, 0.2622, 211.25
484, 777, 54, 38, 0.7111, 12.3084, -12.2166, -1.5007, 0.3556, 203.80
485, 777, 51, 39, 0.7667, 4.6635, -4.6578, 0.2304, 0.4600, 203.17
485, 769, 13, 0, 0.5556, 8.1759, 2.1327, -7.8929, 0.2222, 211.25
486, 774, 52, 68, 0.6000, 0.8116, 0.8114, -0.0181, 0.1800, 194.67
486, 777, 52, 39, 0.8222, 0.8232, 0.7641, 0.3063, 0.5756, 201.71
486, 782, 33, 48, 0.6000, 1.3906, 1.0291, 0.9353, 0.1800, 253.33
487, 767, 81, 3, 0.6000, 49.0625, 46.8040, -14.7143, 0.1800, 198.00
487, 768, 84, 58, 0.6556, 5.4292, 2.6853, 4.7186, 0.2622, 196.50
487, 774, 53, 69, 0.7056, 1.3206, 1.0745, 0.7678, 0.2822, 198.75
487, 776, 34, 118, 0.6000, 18.8202, 16.4627, 9.1204, 0.1800, 160.67
487, 782, 49, 32, 0.6556, 19.7411, 13.8383, -14.0788, 0.2622, 235.25
488, 768, 85, 59, 0.7111, 1.9134, 1.1254, 1.5474, 0.3556, 196.20
488, 733, 76, 115, 0.5625, 2.9208, 2.7955, 0.8463, 0.2250, 165.50
488, 783, 36, 48, 0.6000, 0.7253, 0.7243, -0.0397, 0.1800, 227.00
488, 728, 54, 39, 0.5625, 23.1541, -1.6985, 23.0917, 0.2250, 204.50
488, 729, 115, 35, 0.5625, 1.0430, 1.0419, 0.0482, 0.2250, 153.50
488, 746, 22, 114, 0.5625, 10.9337, -10.7689, -1.8911, 0.2250, 152.50
488, 767, 128, -12, 0.5000, 49.0625, 46.8040, -14.7143, 0.1500, 198.00
488, 774, 54, 70, 0.6056, 1.3206, 1.0745, 0.7678, 0.2422, 198.75
488, 776, 50, 127, 0.5000, 18.8202, 16.4627, 9.1204, 0.1500, 160.67
488, 782, 63, 17, 0.5556, 19.7411, 13.8383, -14.0788, 0.2222, 235.25
489, 776, 39, 122, 0.6556, 1.2251, 0.9781, 0.7376, 0.2622, 156.50
489, 733, 78, 116, 0.6722, 2.5517, 2.3216, 1.0590, 0.3361, 182.20
489, 782, 75, 29, 0.7111, 13.0363, 13.0219, 0.6115, 0.3556, 228.00
489, 783, 18, 52, 0.6556, 16.1225, -15.6637, 3.8190, 0.2622, 220.00
489, 728, 40, 50, 0.6222, 17.7725, -12.7088, 12.4237, 0.3111, 214.00
489, 729, 116, 36, 0.6722, 1.2460, 0.9967, 0.7478, 0.3361, 150.00
489, 746, 16, 113, 0.6222, 6.4207, -6.2920, -1.2792, 0.3111, 153.60
489, 787, 5, 82, 0.6000, 1.1422, 1.0235, 0.5070, 0.1800, 179.00
489, 774, 55, 70, 0.5056, 1.3206, 1.0745, 0.7678, 0.2022, 198.75
490, 774, 56, 70, 0.7611, 1.0419, 1.0013, 0.2880, 0.3806, 196.80
490, 776, 38, 121, 0.7111, 0.6794, -0.6153, -0.2882, 0.3556, 156.00
490, 733, 80, 117, 0.7306, 2.2672, 2.0135, 1.0421, 0.4383, 191.33
490, 781, 10, 22, 0.6000, 25.1695, 9.7758, -23.1934, 0.1800, 213.00
490, 783, 9, 53, 0.7111, 9.8134, -9.7103, 1.4190, 0.3556, 217.20
490, 728, 7, 71, 0.6806, 36.7448, -30.4230, 20.6063, 0.4083, 208.17
490, 746, 1, 120, 0.6806, 15.3818, -13.8708, 6.6483, 0.4083, 154.50
490, 787, 3, 104, 0.6556, 20.5561, -1.3406, 20.5123, 0.2622, 187.50
490, 789, 50, 91, 0.6000, 56.9783, 48.3748, -30.1066, 0.1800, 166.00
490, 729, 117, 37, 0.5722, 1.2460, 0.9967, 0.7478, 0.2861, 150.00
491, 774, 43, 51, 0.7667, 21.5508, -12.0328, -17.8788, 0.4600, 203.00
491, 733, 81, 117, 0.7881, 1.2185, 1.1940, 0.2432, 0.5517, 189.43
491, 780, 6, 80, 0.6000, 34.7087, 5.3397, 34.2955, 0.1800, 203.00
491, 781, 3, 0, 0.6556, 23.1385, -5.2759, -22.5290, 0.2622, 217.50
491, 783, 2, 47, 0.7667, 9.2504, -7.5356, -5.3651, 0.4600, 220.08
491, 789, 82, 50, 0.6556, 52.1832, 33.6386, -39.8940, 0.2622, 172.75
491, 728, -23, 92, 0.5806, 36.7448, -30.4230, 20.6063, 0.3483, 208.17
491, 746, -12, 127, 0.5806, 15.3818, -13.8708, 6.6483, 0.3483, 154.50
491, 787, 2, 125, 0.5556, 20.5561, -1.3406, 20.5123, 0.2222, 187.50
492, 733, 84, 119, 0.8451, 2.8603, 2.4543, 1.4689, 0.6761, 197.62
492, 780, 24, 115, 0.6556, 38.4964, 16.1574, 34.9415, 0.2622, 193.00
492, 783, 2, 45, 0.8222, 3.0984, -0.6983, -3.0187, 0.5756, 221.57
492, 729, 120, 38, 0.7306, 1.5719, 1.4085, 0.6978, 0.4383, 148.83
492, 790, 72, 38, 0.6000, 0.9026, 0.0963, -0.8974, 0.1800, 209.50
492, 781, -3, -23, 0.5556, 23.1385, -5.2759, -22.5290, 0.2222, 217.50
492, 789, 115, 10, 0.5556, 52.1832, 33.6386, -39.8940, 0.2222, 172.75
493, 723, 11, 81, 0.5625, 77.2186, -65.7845, 40.4366, 0.2250, 186.50
493, 733, 86, 120, 0.9019, 2.6290, 2.2911, 1.2895, 0.8117, 203.33
493, 780, 32, 125, 0.7111, 15.8090, 9.0718, 12.9471, 0.3556, 183.00
493, 783, 4, 44, 0.8778, 1.6388, 1.5964, -0.3704, 0.7022, 222.38
493, 729, 121, 38, 0.7881, 1.0961, 1.0886, 0.1279, 0.5517, 147.57
493, 790, 74, 40, 0.7056, 1.9470, 1.4955, 1.2466, 0.2822, 206.88
493, 752, 49, 77, 0.5625, 10.0381, -7.9803, 6.0892, 0.2250, 196.75
493, 792, 45, 47, 0.6556, 8.8311, -8.3025, 3.0095, 0.2622, 219.75
494, 733, 89, 121, 0.9583, 2.9940, 2.8064, 1.0433, 0.9583, 208.50
494, 783, 5, 44, 0.9333, 1.5471, 1.4756, -0.4650, 0.8400, 225.56
494, 729, 122, 39, 0.8451, 1.2186, 0.9810, 0.7229, 0.6761, 144.50
494, 790, 57, 44, 0.7111, 15.3686, -14.7263, 4.3964, 0.3556, 207.90
494, 752, 49, 95, 0.6222, 16.3922, -0.9465, 16.3648, 0.3111, 191.40
494, 792, 44, 48, 0.7111, 2.5363, -2.2883, 1.0939, 0.3556, 226.40
494, 727, 55, 82, 0.5625, 36.6229, -33.8099, 14.0757, 0.2250, 160.00
494, 732, 60, 73, 0.5625, 28.6895, -27.1223, 9.3525, 0.2250, 175.25
494, 780, 41, 138, 0.6111, 15.8090, 9.0718, 12.9471, 0.3056, 183.00
495, 707, 32, 5, 0.5625, 27.3456, -14.4935, -23.1888, 0.2250, 200.25
495, 733, 91, 122, 1.0000, 2.4720, 2.2718, 0.9748, 1.0000, 212.55
495, 721, 30, 33, 0.5625, 16.7660, 16.7402, 0.9305, 0.2250, 208.75
495, 729, 123, 40, 0.9019, 1.4104, 0.9806, 1.0138, 0.8117, 142.44
495, 785, 55, 80, 0.6000, 58.7116, 49.0031, 32.3380, 0.1800, 194.67
495, 790, 46, 48, 0.7667, 11.8083, -11.1842, 3.7880, 0.4600, 212.19
495, 752, 43, 106, 0.6806, 12.5628, -5.3962, 11.3448, 0.4083, 191.17
495, 792, 35, 51, 0.7667, 8.3851, -8.0714, 2.2719, 0.4600, 222.33
495, 795, 30, 114, 0.6000, 15.2667, -11.5218, 10.0160, 0.1800, 167.67
496, 707, 10, 4, 0.6222, 21.6480, -21.2711, -4.0223, 0.3111, 205.80
496, 733, 93, 123, 1.0000, 2.2190, 1.9890, 0.9837, 1.0000, 215.83
496, 721, 49, 47, 0.6222, 22.3160, 18.5528, 12.4014, 0.3111, 217.40
496, 729, 125, 40, 0.9583, 1.7716, 1.7470, 0.2942, 0.9583, 141.40
496, 785, 95, 119, 0.6556, 56.2496, 41.0761, 38.4289, 0.2622, 171.00
496, 788, 42, 126, 0.6000, 25.9396, 25.9224, 0.9440, 0.1800, 149.33
496, 752, 42, 107, 0.7381, 2.2605, -1.1558, 1.9426, 0.5167, 191.29
496, 792, 21, 59, 0.8222, 15.4332, -13.4418, 7.5829, 0.5756, 218.14
496, 727, 5, 99, 0.6222, 25.2730, -24.0219, 7.8535, 0.3111, 160.60
496, 732, 10, 85, 0.6222, 25.6696, -24.9667, 5.9657, 0.3111, 176.00
496, 795, 19, 124, 0.5000, 15.2667, -11.5218, 10.0160, 0.1500, 167.67
497, 669, 36, 20, 0.5400, 46.3088, -41.6118, -20.3213, 0.2700, 189.60
497, 733, 95, 124, 1.0000, 2.1950, 1.9554, 0.9972, 1.0000, 218.85
497, 721, 80, 39, 0.6806, 30.3131, 29.8127, -5.4851, 0.4083, 216.83
497, 729, 127, 42, 1.0000, 2.5181, 2.0496, 1.4629, 1.0000, 138.64
497, 752, 44, 106, 0.7951, 1.1479, 1.1350, -0.1710, 0.6361, 194.12
497, 792, 4, 56, 0.8778, 17.0632, -16.9433, -2.0189, 0.7022, 215.00
497, 707, -11, 0, 0.5222, 21.6480, -21.2711, -4.0223, 0.2611, 205.80
497, 785, 136, 157, 0.5556, 56.2496, 41.0761, 38.4289, 0.2222, 171.00
497, 788, 68, 127, 0.5000, 25.9396, 25.9224, 0.9440, 0.1500, 149.33
497, 727, -19, 107, 0.5222, 25.2730, -24.0219, 7.8535, 0.2611, 160.60
497, 732, -15, 91, 0.5222, 25.6696, -24.9667, 5.9657, 0.2611, 176.00
498, 733, 98, 125, 1.0000, 2.9049, 2.7269, 1.0013, 1.0000, 221.43
498, 729, 127, 42, 1.0000, 0.7930, 0.5712, 0.5500, 1.0000, 137.33
498, 752, 45, 106, 0.8519, 1.4090, 1.3656, -0.3473, 0.7667, 194.00
498, 792, -2, 58, 0.9333, 7.0742, -6.8024, 1.9422, 0.8400, 214.22
499, 733, 100, 126, 1.0000, 2.5138, 2.3059, 1.0010, 1.0000, 223.47
499, 795, 17, 126, 0.6556, 1.3614, -0.9654, 0.9599, 0.2622, 161.75
499, 729, 128, 43, 0.9000, 0.7930, 0.5712, 0.5500, 0.9000, 137.33
499, 792, -9, 60, 0.8333, 7.0742, -6.8024, 1.9422, 0.7500, 214.22
500, 669, 16, 14, 0.6000, 2.5277, 1.1135, 2.2692, 0.3600, 192.33
500, 733, 102, 127, 1.0000, 2.2514, 2.0171, 1.0002, 1.0000, 224.91
500, 729, 115, 58, 1.0000, 11.6376, -7.2736, 9.0846, 1.0000, 136.46
500, 788, 76, 123, 0.6556, 3.5650, 3.3575, -1.1983, 0.2622, 143.25
500, 795, 15, 121, 0.7111, 5.3337, -1.6363, -5.0765, 0.3556, 159.20
500, 800, 32, 11, 0.6000, 5.4897, -3.8818, 3.8818, 0.1800, 247.17
500, 792, -16, 62, 0.7333, 7.0742, -6.8024, 1.9422, 0.6600, 214.22
501, 669, 38, 19, 0.6587, 20.7077, 20.2466, 4.3455, 0.4611, 194.57
501, 734, 3, 123, 0.5625, 52.2562, -52.2479, -0.9335, 0.2250, 148.75
501, 784, 12, 43, 0.7056, 0.7623, 0.7623, 0.0000, 0.2822, 236.50
501, 800, 29, 15, 0.7056, 5.2247, -3.2977, 4.0525, 0.2822, 248.62
501, 801, 32, 31, 0.6000, 30.4354, -15.8993, -25.9524, 0.1800, 202.33
501, 733, 104, 128, 0.9000, 2.2514, 2.0171, 1.0002, 0.9000, 224.91
501, 788, 79, 122, 0.5556, 3.5650, 3.3575, -1.1983, 0.2222, 143.25
501, 792, -22, 64, 0.6333, 7.0742, -6.8024, 1.9422, 0.5700, 214.22
501, 795, 13, 116, 0.6111, 5.3337, -1.6363, -5.0765, 0.3056, 159.20
502, 784, 13, 44, 0.7611, 1.2934, 1.0443, 0.7631, 0.3806, 240.20
502, 798, 1, 75, 0.6000, 30.1336, -1.8212, -30.0785, 0.1800, 162.67
502, 800, 25, 19, 0.7611, 5.5134, -3.7573, 4.0348, 0.3806, 247.30
502, 801, 17, 2, 0.6556, 32.8776, -15.0196, -29.2463, 0.2622, 208.50
502, 802, 24, 48, 0.6000, 49.7093, -48.6331, 10.2878, 0.1800, 206.33
502, 803, 3, 42, 0.6000, 0.9822, 0.9822, 0.0000, 0.1800, 227.33
502, 806, 3, 60, 0.6000, 0.9353, 0.9353, 0.0000, 0.1800, 206.33
502, 809, 23, 78, 0.6000, 11.9699, 7.5290, -9.3056, 0.1800, 181.33
502, 813, 49, 108, 0.6000, 1.3562, 0.9822, 0.9353, 0.1800, 204.67
502, 733, 106, 129, 0.8000, 2.2514, 2.0171, 1.0002, 0.8000, 224.91
502, 792, -29, 66, 0.5333, 7.0742, -6.8024, 1.9422, 0.4800, 214.22
502, 795, 12, 111, 0.5111, 5.3337, -1.6363, -5.0765, 0.2556, 159.20
503, 784, 13, 44, 0.8167, 0.4088, 0.2871, 0.2910, 0.4900, 242.17
503, 798, 3, 41, 0.6556, 32.7465, 1.7256, -32.7010, 0.2622, 182.75
503, 800, 22, 23, 0.8167, 5.1553, -3.2454, 4.0056, 0.4900, 248.58
503, 803, 15, 29, 0.6556, 15.6632, 10.8240, -11.3216, 0.2622, 223.75
503, 809, 48, 53, 0.6556, 32.6880, 23.2243, -23.0029, 0.2622, 189.75
503, 810, 25, 27, 0.6000, 61.0810, 3.5896, -60.9754, 0.1800, 198.67
503, 813, 50, 108, 0.7056, 1.0453, 1.0119, 0.2619, 0.2822, 201.50
503, 733, 108, 130, 0.7000, 2.2514, 2.0171, 1.0002, 0.7000, 224.91
503, 801, 2, -28, 0.5556, 32.8776, -15.0196, -29.2463, 0.2222, 208.50
503, 802, -24, 58, 0.5000, 49.7093, -48.6331, 10.2878, 0.1500, 206.33
503, 806, 4, 60, 0.5000, 0.9353, 0.9353, 0.0000, 0.1500, 206.33
504, 784, 14, 45, 0.8722, 1.0477, 0.7194, 0.7617, 0.6106, 243.14
504, 798, 10, 20, 0.7111, 23.4321, 6.2156, -22.5927, 0.3556, 187.40
504, 800, 6, 39, 0.8222, 20.5282, -14.3890, 14.6411, 0.5756, 242.00
504, 802, 2, 61, 0.6556, 9.1687, -6.5121, 6.4543, 0.2622, 207.25
504, 803, 21, 25, 0.7111, 7.8716, 6.1405, -4.9251, 0.3556, 229.40
504, 806, 11, 73, 0.6556, 8.2139, 4.2676, 7.0182, 0.2622, 201.88
504, 812, 39, 120, 0.6556, 15.8695, -4.5539, 15.2020, 0.2622, 147.00
504, 813, 50, 108, 0.7611, 0.2446, 0.2432, -0.0263, 0.3806, 197.70
504, 815, 70, 126, 0.6000, 20.7008, 15.0533, 14.2099, 0.1800, 153.67
504, 733, 110, 131, 0.6000, 2.2514, 2.0171, 1.0002, 0.6000, 224.91
504, 809, 72, 30, 0.5556, 32.6880, 23.2243, -23.0029, 0.2222, 189.75
504, 810, 28, -34, 0.5000, 61.0810, 3.5896, -60.9754, 0.1500, 198.67
505, 784, 8, 42, 0.9278, 5.7625, -5.0533, -2.7696, 0.7422, 243.75
505, 797, 112, 60, 0.6000, 46.5266, 13.0669, 44.6540, 0.1800, 166.67
505, 798, 25, 2, 0.7667, 23.3121, 14.3488, -18.3730, 0.4600, 189.67
505, 802, 5, 63, 0.7111, 2.5568, 1.6316, 1.9686, 0.3556, 209.00
505, 803, 41, 27, 0.7667, 18.3917, 18.3456, 1.3002, 0.4600, 224.67
505, 806, 18, 89, 0.7111, 16.5924, 6.5901, 15.2276, 0.3556, 197.10
505, 809, 53, 49, 0.7111, 1.4771, -0.9580, 1.1243, 0.3556, 194.60
505, 812, 39, 127, 0.7111, 7.1586, -0.1561, 7.1568, 0.3556, 146.40
505, 813, 51, 109, 0.8167, 1.0083, 0.7097, 0.7162, 0.4900, 197.42
505, 815, 75, 129, 0.6556, 7.6530, 6.2416, 4.4285, 0.2622, 156.50
505, 733, 112, 132, 0.5000, 2.2514, 2.0171, 1.0002, 0.5000, 224.91
506, 793, 65, 50, 0.6000, 0.9540, 0.9538, 0.0202, 0.1800, 232.33
506, 803, 74, 27, 0.8222, 31.3194, 31.3162, 0.4489, 0.5756, 219.14
506, 812, 40, 126, 0.7667, 0.7935, 0.6038, 0.5149, 0.4600, 147.67
506, 813, 52, 110, 0.8722, 1.4410, 0.9980, 1.0395, 0.6106, 198.93
506, 815, 76, 127, 0.7111, 2.0944, 1.8308, -1.0172, 0.3556, 156.80
506, 816, 19, 47, 0.6000, 12.6581, -2.9935, -12.2991, 0.1800, 200.67
506, 797, 125, 105, 0.5000, 46.5266, 13.0669, 44.6540, 0.1500, 166.67
506, 798, 40, -16, 0.6667, 23.3121, 14.3488, -18.3730, 0.4000, 189.67
507, 793, 67, 50, 0.7056, 1.7771, 1.7771, -0.0090, 0.2822, 232.75
507, 797, 120, 97, 0.6556, 15.5433, 2.6429, 15.3170, 0.2622, 145.50
507, 803, 96, 32, 0.8778, 23.3977, 22.9383, 4.6136, 0.7022, 211.50
507, 812, 37, 117, 0.8222, 8.9356, -2.8024, -8.4848, 0.5756, 145.14
507, 813, 54, 110, 0.9278, 1.8224, 1.7974, 0.3007, 0.7422, 194.56
507, 815, 77, 123, 0.7667, 3.5775, 1.3174, -3.3262, 0.4600, 150.17
507, 816, 16, 32, 0.6556, 15.7613, -3.0310, -15.4671, 0.2622, 201.00
508, 779, 6, 69, 0.6000, 33.3176, -5.8000, 32.8089, 0.1800, 217.67
508, 793, 64, 63, 0.7111, 11.7168, -2.5252, 11.4415, 0.3556, 224.60
508, 795, 0, 72, 0.8222, 6.2674, -0.0803, -6.2669, 0.5756, 163.86
508, 803, 118, 60, 0.9333, 34.3368, 22.5399, 25.9031, 0.8400, 201.44
508, 812, 31, 100, 0.8778, 16.5655, -5.7420, -15.5386, 0.7022, 147.62
508, 813, 54, 111, 0.9833, 0.9127, 0.5635, 0.7180, 0.8850, 196.28
508, 816, 9, 13, 0.7111, 19.0807, -6.8299, -17.8164, 0.3556, 204.40
508, 817, 78, 125, 0.6000, 3.7720, 3.6860, -0.8011, 0.1800, 138.33
508, 775, 28, 43, 0.5625, 14.3066, 14.0288, -2.8058, 0.2250, 235.38
508, 818, 96, 45, 0.6000, 27.7030, -20.4347, -18.7050, 0.1800, 149.17
508, 797, 122, 112, 0.5556, 15.5433, 2.6429, 15.3170, 0.2222, 145.50
508, 815, 78, 120, 0.6667, 3.5775, 1.3174, -3.3262, 0.4000, 150.17
509, 779, 27, 117, 0.6556, 49.0218, 17.2865, 45.8728, 0.2622, 198.75
509, 793, 52, 70, 0.7667, 13.4022, -11.1595, 7.4218, 0.4600, 220.67
509, 764, 49, 106, 0.5625, 26.6883, 7.3688, 25.6508, 0.2250, 176.75
509, 813, 55, 111, 1.0000, 0.7477, 0.7071, 0.2430, 1.0000, 195.55
509, 815, 90, 121, 0.8222, 7.1104, 7.0429, -0.9774, 0.5756, 143.71
509, 817, 80, 124, 0.7056, 2.7873, 2.5809, -1.0527, 0.2822, 136.00
509, 775, 43, 13, 0.6222, 30.1600, 14.4958, -26.4481, 0.3111, 229.90
509, 591, 2, 44, 0.5333, 11.0083, -5.2273, 9.6880, 0.5333, 244.40
509, 818, 79, 28, 0.6556, 24.8705, -17.8531, -17.3150, 0.2622, 158.12
509, 821, 16, 49, 0.6000, 5.1768, -4.7701, 2.0113, 0.1800, 222.33
509, 822, 6, 44, 0.6000, 9.4076, -8.6520, -3.6941, 0.1800, 238.00
509, 823, 70, 50, 0.6000, 2.0588, 2.0583, 0.0469, 0.1800, 226.50
509, 812, 25, 85, 0.7778, 16.5655, -5.7420, -15.5386, 0.6222, 147.62
509, 816, 2, -4, 0.6111, 19.0807, -6.8299, -17.8164, 0.3056, 204.40
510, 811, 19, 12, 0.6000, 81.6983, -22.2330, -78.6149, 0.1800, 183.67
510, 812, 9, 65, 0.9333, 21.1743, -11.3126, -17.8990, 0.8400, 153.56
510, 813, 56, 112, 1.0000, 1.1981, 0.9463, 0.7348, 1.0000, 194.86
510, 815, 112, 117, 0.8778, 21.2371, 20.9838, -3.2706, 0.7022, 136.88
510, 817, 81, 124, 0.7611, 1.2595, 1.2274, -0.2826, 0.3806, 137.70
510, 821, 15, 50, 0.7056, 1.8135, -1.3001, 1.2643, 0.2822, 230.50
510, 822, 0, 43, 0.6556, 7.0961, -6.8621, -1.8073, 0.2622, 242.25
510, 823, 72, 50, 0.7056, 2.0143, 2.0143, -0.0048, 0.2822, 226.12
510, 779, 44, 163, 0.5556, 49.0218, 17.2865, 45.8728, 0.2222, 198.75
510, 793, 40, 77, 0.6667, 13.4022, -11.1595, 7.4218, 0.4000, 220.67
510, 816, -5, -22, 0.5111, 19.0807, -6.8299, -17.8164, 0.2556, 204.40
510, 775, 57, -13, 0.5222, 30.1600, 14.4958, -26.4481, 0.2611, 229.90
510, 818, 61, 10, 0.5556, 24.8705, -17.8531, -17.3150, 0.2222, 158.12
511, 764, 86, 124, 0.6222, 20.9625, 19.7143, 7.1255, 0.3111, 161.40
511, 804, 77, 114, 0.6000, 74.4775, 34.4513, 66.0304, 0.1800, 175.33
511, 812, 12, 40, 0.9889, 24.4008, 1.1369, -24.3743, 0.9889, 162.00
511, 813, 56, 112, 1.0000, 0.3881, 0.2829, 0.2658, 1.0000, 192.58
511, 817, 84, 122, 0.8167, 2.8085, 2.3850, -1.4830, 0.4900, 136.08
511, 820, 77, 34, 0.6000, 5.1238, -2.5303, 4.4555, 0.1800, 185.33
511, 821, 17, 50, 0.7611, 0.9330, 0.9111, 0.2010, 0.3806, 235.40
511, 822, 0, 43, 0.7111, 0.6499, -0.6244, -0.1800, 0.3556, 244.20
511, 823, 74, 49, 0.7611, 2.1414, 1.9976, -0.7714, 0.3806, 229.00
511, 811, -4, -67, 0.5000, 81.6983, -22.2330, -78.6149, 0.1500, 183.67
511, 815, 133, 114, 0.7778, 21.2371, 20.9838, -3.2706, 0.6222, 136.88
512, 764, 115, 121, 0.6806, 28.5588, 28.4412, -2.5893, 0.4083, 147.83
512, 813, 57, 113, 1.0000, 1.0206, 0.7091, 0.7341, 1.0000, 192.15
512, 817, 86, 122, 0.8722, 2.3196, 2.2595, -0.5249, 0.6106, 136.50
512, 820, 73, 67, 0.6556, 29.8101, -3.9163, 29.5517, 0.2622, 182.50
512, 821, 17, 51, 0.8167, 0.8483, 0.5367, 0.6569, 0.4900, 238.67
512, 822, 2, 44, 0.7667, 1.8023, 1.5259, 0.9590, 0.4600, 245.67
512, 823, 75, 50, 0.8167, 1.3195, 1.2326, 0.4710, 0.4900, 226.33
512, 804, 111, 180, 0.5000, 74.4775, 34.4513, 66.0304, 0.1500, 175.33
512, 815, 154, 111, 0.6778, 21.2371, 20.9838, -3.2706, 0.5422, 136.88
513, 669, 108, 23, 1.0000, 1.4073, 0.9910, 0.9991, 1.0000, 179.06
513, 813, 58, 113, 1.0000, 1.0232, 0.9871, 0.2695, 1.0000, 192.43
513, 817, 88, 120, 0.9278, 2.5416, 2.0429, -1.5120, 0.7422, 134.15
513, 820, 62, 97, 0.7111, 31.8846, -10.2694, 30.1856, 0.3556, 178.20
513, 821, 17, 51, 0.8722, 0.2329, 0.0723, 0.2214, 0.6106, 236.67
513, 822, 1, 45, 0.8222, 1.1596, -0.0907, 1.1561, 0.5756, 242.57
513, 823, 77, 50, 0.8722, 1.7302, 1.7053, 0.2928, 0.6106, 227.43
513, 764, 144, 118, 0.5806, 28.5588, 28.4412, -2.5893, 0.3483, 147.83
513, 815, 175, 108, 0.5778, 21.2371, 20.9838, -3.2706, 0.4622, 136.88
514, 733, 119, 120, 1.0000, 1.4361, 0.8603, -1.1499, 1.0000, 216.32
514, 796, 62, 27, 0.6000, 18.7429, -13.5168, 12.9842, 0.1800, 178.67
514, 813, 59, 114, 1.0000, 1.2693, 1.0395, 0.7284, 1.0000, 190.67
514, 817, 89, 120, 0.9833, 1.3139, 1.2146, -0.5010, 0.8850, 133.24
514, 820, 43, 123, 0.7667, 31.8076, -17.8677, 26.3148, 0.4600, 173.83
514, 821, 13, 44, 0.8778, 7.2434, -3.8703, -6.1227, 0.7022, 232.21
514, 823, 79, 51, 0.9278, 2.1517, 1.9968, 0.8015, 0.7422, 228.25
515, 733, 125, 123, 1.0000, 6.1835, 5.5823, 2.6597, 1.0000, 208.53
515, 796, 36, 55, 0.6556, 36.5046, -25.0826, 26.5226, 0.2622, 182.25
515, 813, 60, 114, 1.0000, 1.0553, 1.0191, 0.2738, 1.0000, 191.06
515, 817, 91, 119, 1.0000, 1.8462, 1.6937, -0.7347, 1.0000, 134.42
515, 820, 31, 130, 0.8222, 15.8912, -12.9068, 9.2707, 0.5756, 170.43
515, 823, 80, 51, 0.9833, 1.3189, 1.2902, 0.2736, 0.8850, 227.50
516, 796, 18, 57, 0.7111, 19.5946, -18.9555, 4.9637, 0.3556, 195.80
516, 813, 61, 115, 1.0000, 1.2363, 1.0022, 0.7239, 1.0000, 189.71
516, 817, 93, 119, 1.0000, 2.0072, 1.9962, -0.2100, 1.0000, 135.47
516, 823, 82, 51, 1.0000, 1.7162, 1.7162, -0.0091, 1.0000, 230.05
516, 733, 130, 125, 0.9000, 6.1835, 5.5823, 2.6597, 0.9000, 208.53
517, 813, 62, 115, 1.0000, 1.0360, 0.9979, 0.2783, 1.0000, 190.67
517, 817, 95, 118, 1.0000, 2.1699, 2.0431, -0.7309, 1.0000, 133.82
517, 819, 28, 40, 0.6000, 23.4931, -16.6266, 16.5977, 0.1800, 202.67
517, 823, 84, 51, 1.0000, 1.9913, 1.9908, -0.0446, 1.0000, 229.77
517, 786, 38, 47, 0.5625, 67.3480, -66.5005, 10.6511, 0.2250, 158.50
517, 826, 25, 56, 0.6000, 62.5368, -53.8657, -31.7701, 0.1800, 193.33
517, 733, 136, 128, 0.8000, 6.1835, 5.5823, 2.6597, 0.8000, 208.53
518, 733, 127, 122, 1.0000, 0.7898, -0.1123, -0.7817, 1.0000, 206.92
518, 813, 62, 116, 1.0000, 0.7752, 0.2886, 0.7194, 1.0000, 188.98
518, 817, 97, 117, 1.0000, 2.2561, 2.0176, -1.0096, 1.0000, 133.76
518, 819, 14, 69, 0.6556, 31.4159, -14.8015, 27.7105, 0.2622, 204.75
518, 823, 86, 50, 1.0000, 2.1747, 2.0390, -0.7561, 1.0000, 228.25
518, 826, -29, 25, 0.5000, 62.5368, -53.8657, -31.7701, 0.1500, 193.33
519, 813, 64, 116, 1.0000, 1.4109, 1.3823, 0.2828, 1.0000, 187.68
519, 817, 99, 117, 1.0000, 2.0225, 2.0007, -0.2962, 1.0000, 132.60
519, 819, 13, 75, 0.7111, 8.4022, -2.5066, 8.0195, 0.3556, 201.80
519, 823, 88, 51, 1.0000, 2.0622, 2.0177, 0.4264, 1.0000, 226.54
519, 824, 28, 73, 0.6000, 26.2680, -24.1920, -10.2351, 0.1800, 183.67
519, 832, 51, 26, 0.6000, 36.5032, -35.7999, -7.1311, 0.1800, 193.33
520, 813, 65, 117, 1.0000, 1.4768, 1.2921, 0.7151, 1.0000, 187.32
520, 814, 26, 122, 0.6000, 13.9608, 3.8353, 13.4236, 0.1800, 156.00
520, 817, 101, 116, 1.0000, 2.1210, 1.9976, -0.7128, 1.0000, 133.02
520, 823, 89, 51, 1.0000, 1.3047, 1.2707, 0.2962, 1.0000, 225.04
520, 824, 7, 58, 0.6556, 25.2218, -20.7292, -14.3680, 0.2622, 182.25
520, 831, 6, 43, 0.6000, 31.6835, 0.7640, 31.6743, 0.1800, 210.67
520, 832, 13, 35, 0.6556, 38.0754, -37.4402, 6.9259, 0.2622, 197.00
520, 837, 47, 26, 0.6000, 26.4546, 14.0757, -22.3991, 0.1800, 208.50
520, 839, 76, 106, 0.6000, 5.4534, -2.8058, 4.6763, 0.1800, 136.67
521, 813, 66, 117, 1.0000, 1.1112, 1.0735, 0.2871, 1.0000, 186.71
521, 817, 103, 115, 1.0000, 2.2297, 1.9989, -0.9879, 1.0000, 132.06
521, 823, 91, 51, 1.0000, 1.6862, 1.6851, 0.0608, 1.0000, 223.90
521, 824, 6, 54, 0.7111, 5.9856, -3.6978, -4.7067, 0.3556, 186.00
521, 831, 16, 65, 0.6556, 25.5698, 9.4510, 23.7591, 0.2622, 206.50
521, 832, 5, 49, 0.7111, 17.5959, -11.3696, 13.4294, 0.3556, 203.00
521, 814, 30, 136, 0.5000, 13.9608, 3.8353, 13.4236, 0.1500, 156.00
521, 837, 61, 4, 0.5000, 26.4546, 14.0757, -22.3991, 0.1500, 208.50
521, 839, 73, 110, 0.5000, 5.4534, -2.8058, 4.6763, 0.1500, 136.67
522, 796, 23, 56, 1.0000, 3.7330, 3.5142, 1.2593, 1.0000, 224.36
522, 805, 63, 58, 0.6556, 11.5125, -11.3078, 2.1613, 0.2622, 187.25
522, 813, 66, 118, 1.0000, 0.7686, 0.2925, 0.7108, 1.0000, 185.46
522, 817, 104, 115, 1.0000, 1.3009, 1.2649, -0.3036, 1.0000, 132.06
522, 823, 93, 51, 1.0000, 1.9774, 1.9773, -0.0199, 1.0000, 223.41
522, 831, 18, 76, 0.7111, 12.4862, 2.6337, 12.2053, 0.3556, 208.20
522, 839, 40, 117, 0.6556, 20.6196, -19.8212, 5.6822, 0.2622, 138.25
522, 841, 116, 49, 0.6000, 8.4691, 8.4173, 0.9353, 0.1800, 142.33
523, 805, 42, 62, 0.7111, 19.8656, -19.5143, 3.7197, 0.3556, 189.60
523, 808, 89, 27, 0.6000, 58.8673, 37.5929, -45.3005, 0.1800, 189.00
523, 813, 66, 118, 1.0000, 0.2940, -0.0397, 0.2913, 1.0000, 184.24
523, 817, 106, 114, 1.0000, 1.8317, 1.6895, -0.7076, 1.0000, 132.72
523, 823, 83, 36, 1.0000, 15.2298, -8.0173, -12.9487, 1.0000, 220.59
523, 835, 7, 83, 0.6000, 71.4104, -56.8283, -43.2434, 0.1800, 146.67
523, 839, 36, 118, 0.7111, 5.3260, -5.1709, 1.2758, 0.3556, 139.20
523, 841, 117, 49, 0.6556, 2.3719, 2.3574, 0.2619, 0.2622, 134.25
523, 845, 30, 40, 0.6000, 26.0867, -6.5468, -25.2518, 0.1800, 203.67
524, 805, 10, 78, 0.7667, 34.4086, -31.0150, 14.9004, 0.4600, 188.50
524, 813, 68, 119, 1.0000, 1.4821, 1.3028, 0.7066, 1.0000, 184.55
524, 817, 108, 114, 1.0000, 1.9973, 1.9808, -0.2559, 1.0000, 131.63
524, 823, 76, 26, 1.0000, 12.4885, -7.4468, -10.0253, 1.0000, 218.61
524, 778, 28, 105, 0.5625, 20.5258, 11.3847, 17.0791, 0.2250, 170.25
524, 837, 81, 31, 0.6556, 10.5607, 6.8516, 8.0364, 0.2622, 200.88
524, 839, 25, 121, 0.7667, 11.0152, -10.6663, 2.7505, 0.4600, 140.83
524, 841, 116, 49, 0.7111, 0.2386, -0.2371, -0.0263, 0.3556, 129.40
524, 845, 29, 32, 0.6556, 10.2564, -1.8335, -10.0912, 0.2622, 215.50
524, 808, 126, -19, 0.5000, 58.8673, 37.5929, -45.3005, 0.1500, 189.00
524, 835, -50, 40, 0.5000, 71.4104, -56.8283, -43.2434, 0.1500, 146.67
525, 813, 69, 120, 1.0000, 1.6460, 1.3246, 0.9771, 1.0000, 184.60
525, 817, 110, 113, 1.0000, 2.1645, 2.0401, -0.7230, 1.0000, 131.35
525, 836, 47, 6, 0.6000, 40.1317, 37.7949, -13.4943, 0.1800, 209.33
525, 837, 114, 39, 0.7111, 32.2261, 31.2829, 7.7395, 0.3556, 189.30
525, 838, 44, 70, 0.6000, 46.2214, -38.7695, -25.1664, 0.1800, 162.00
525, 840, 122, 34, 0.6000, 1.8995, 1.7396, 0.7630, 0.1800, 139.17
525, 841, 113, 50, 0.7667, 2.8195, -2.7270, 0.7162, 0.4600, 131.00
525, 842, 15, 60, 0.6000, 59.0746, 7.9654, -58.5351, 0.1800, 192.00
525, 843, 32, 1, 0.6000, 15.9571, 15.0930, -5.1797, 0.1800, 216.00
525, 845, 31, 33, 0.7111, 1.7573, 1.7115, -0.3985, 0.3556, 217.80
525, 805, -21, 93, 0.6667, 34.4086, -31.0150, 14.9004, 0.4000, 188.50
526, 813, 70, 120, 1.0000, 1.1658, 1.1084, 0.3614, 1.0000, 184.69
526, 817, 116, 99, 1.0000, 13.6923, 5.6124, -12.4892, 1.0000, 129.38
526, 838, 15, 54, 0.6556, 34.4245, -29.5030, -17.7375, 0.2622, 184.75
526, 840, 123, 35, 0.7056, 1.7186, 1.3336, 1.0841, 0.2822, 137.12
526, 841, 103, 50, 0.8222, 9.4132, -9.4091, 0.2771, 0.5756, 136.64
526, 842, 24, 2, 0.6556, 58.7380, 8.6213, -58.1018, 0.2622, 198.50
526, 845, 33, 35, 0.7667, 2.1385, 1.6840, 1.3180, 0.4600, 218.83
526, 848, 114, 51, 0.6000, 15.0579, 15.0579, 0.0000, 0.1800, 195.33
526, 849, 25, 117, 0.6000, 19.4343, -11.1761, 15.8993, 0.1800, 164.83
526, 836, 85, -7, 0.5000, 40.1317, 37.7949, -13.4943, 0.1500, 209.33
526, 843, 47, -5, 0.5000, 15.9571, 15.0930, -5.1797, 0.1500, 216.00
527, 813, 71, 121, 1.0000, 1.2106, 0.9980, 0.6852, 1.0000, 183.86
527, 840, 103, 37, 0.7111, 18.1404, -18.0483, 1.8256, 0.3556, 141.70
527, 841, 102, 51, 0.8778, 2.5495, -2.4319, 0.7653, 0.7022, 148.06
527, 845, 41, 47, 0.8222, 13.5319, 7.3341, 11.3720, 0.5756, 222.29
527, 848, 124, 37, 0.6556, 15.8201, 10.2195, -12.0764, 0.2622, 177.00
527, 850, 36, 106, 0.6000, 9.1930, -8.0767, -4.3907, 0.1800, 158.67
527, 817, 122, 86, 0.9000, 13.6923, 5.6124, -12.4892, 0.9000, 129.38
527, 838, -14, 36, 0.5556, 34.4245, -29.5030, -17.7375, 0.2222, 184.75
527, 842, 33, -56, 0.5556, 58.7380, 8.6213, -58.1018, 0.2222, 198.50
527, 849, 13, 133, 0.5000, 19.4343, -11.1761, 15.8993, 0.1500, 164.83
528, 813, 72, 121, 1.0000, 1.0201, 0.9801, 0.2828, 1.0000, 184.25
528, 817, 97, 65, 1.0000, 20.4724, -11.2296, -17.1177, 1.0000, 129.82
528, 836, 117, 11, 0.6556, 20.3718, 19.7099, 5.1506, 0.2622, 191.00
528, 841, 103, 51, 0.9333, 1.2338, 1.2078, 0.2519, 0.8400, 152.44
528, 848, 121, 28, 0.7111, 9.8661, -1.2720, -9.7837, 0.3556, 165.20
528, 849, 23, 126, 0.6556, 2.9688, 0.5997, 2.9076, 0.2622, 161.12
528, 850, 22, 81, 0.6556, 26.1325, -13.0678, -22.6306, 0.2622, 165.50
528, 840, 85, 39, 0.6111, 18.1404, -18.0483, 1.8256, 0.3056, 141.70
529, 813, 73, 122, 1.0000, 1.2066, 0.9902, 0.6895, 1.0000, 183.91
529, 834, 69, 74, 0.6000, 36.8515, -3.7528, 36.6599, 0.1800, 180.67
529, 836, 124, 40, 0.7111, 28.7491, 7.9836, 27.6184, 0.3556, 172.40
529, 845, 86, 109, 0.9333, 40.1550, 26.4377, 30.2237, 0.8400, 205.89
529, 847, 96, 93, 0.6000, 49.9809, -14.9237, 47.7009, 0.1800, 136.67
529, 850, 20, 76, 0.7111, 7.6275, -2.9927, -7.0159, 0.3556, 170.20
529, 765, 48, 48, 0.5400, 37.6902, -34.0532, 16.1533, 0.2700, 192.00
529, 848, 120, 18, 0.6111, 9.8661, -1.2720, -9.7837, 0.3056, 165.20
529, 849, 24, 129, 0.5556, 2.9688, 0.5997, 2.9076, 0.2222, 161.12
530, 813, 74, 123, 1.0000, 1.3899, 0.9985, 0.9670, 1.0000, 183.88
530, 834, 91, 100, 0.6556, 33.5613, 18.6015, 27.9346, 0.2622, 164.75
530, 843, 71, 4, 0.6556, 6.1457, 5.5947, 2.5433, 0.2622, 203.75
530, 850, 21, 78, 0.7667, 1.5812, 0.7623, 1.3853, 0.4600, 173.00
530, 765, 10, 87, 0.6000, 51.5438, -36.8863, 36.0023, 0.3600, 188.50
530, 847, 81, 141, 0.5000, 49.9809, -14.9237, 47.7009, 0.1500, 136.67
531, 813, 75, 123, 1.0000, 1.0709, 1.0010, 0.3805, 1.0000, 183.57
531, 834, 110, 128, 0.5556, 33.5613, 18.6015, 27.9346, 0.2222, 164.75
531, 843, 77, 6, 0.5556, 6.1457, 5.5947, 2.5433, 0.2222, 203.75
531, 765, -26, 123, 0.5000, 51.5438, -36.8863, 36.0023, 0.3000, 188.50
532, 813, 76, 124, 1.0000, 1.2099, 1.0008, 0.6800, 1.0000, 183.46
532, 834, 122, 107, 0.7111, 15.0730, 15.0664, -0.4448, 0.3556, 147.60
532, 843, 71, 38, 0.7111, 19.0300, -0.6242, 19.0198, 0.3556, 211.20
532, 807, 82, 86, 0.5625, 25.0335, -14.1227, 20.6694, 0.2250, 147.75
533, 813, 78, 124, 1.0000, 1.6757, 1.6500, 0.2925, 1.0000, 183.56
533, 747, 115, 84, 0.5400, 55.7898, 55.7148, -2.8916, 0.2700, 151.20
533, 825, 124, 54, 0.6000, 2.1491, 0.9533, 1.9261, 0.1800, 128.17
533, 807, 91, 110, 0.6222, 24.5841, 5.8927, 23.8674, 0.3111, 140.60
533, 854, 106, 40, 0.6000, 1.0430, 1.0419, 0.0482, 0.1800, 160.00
533, 858, 19, 51, 0.6000, 9.1492, -3.6941, -8.3703, 0.1800, 233.67
534, 813, 79, 124, 1.0000, 1.3493, 1.3489, 0.0327, 1.0000, 183.02
534, 825, 119, 83, 0.6556, 25.7857, -4.2614, 25.4311, 0.2622, 119.38
534, 807, 102, 124, 0.6806, 18.1033, 10.8895, 14.4620, 0.4083, 132.67
534, 854, 107, 41, 0.7056, 1.2460, 0.9967, 0.7478, 0.2822, 163.50
534, 863, 99, 103, 0.6000, 2.6453, 1.8705, 1.8705, 0.1800, 116.67
534, 858, 16, 43, 0.5000, 9.1492, -3.6941, -8.3703, 0.1500, 233.67
535, 813, 80, 125, 1.0000, 1.2291, 1.0694, 0.6058, 1.0000, 182.52
535, 828, 29, 85, 0.6000, 63.0842, -52.0402, -35.6572, 0.1800, 144.00
535, 833, 71, 39, 0.6000, 10.3397, 8.6032, 5.7354, 0.1800, 212.00
535, 854, 108, 41, 0.7611, 1.0292, 0.9932, 0.2699, 0.3806, 162.20
535, 858, 33, 33, 0.6556, 12.4357, 8.2876, -9.2716, 0.2622, 225.75
535, 863, 100, 104, 0.7056, 1.8083, 1.2786, 1.2786, 0.2822, 122.25
535, 825, 115, 108, 0.5556, 25.7857, -4.2614, 25.4311, 0.2222, 119.38
536, 813, 81, 125, 1.0000, 1.0263, 0.9732, 0.3258, 1.0000, 181.84
536, 828, 0, 36, 0.6556, 57.3819, -32.2875, -47.4362, 0.2622, 159.00
536, 799, 33, 32, 0.5625, 14.8692, 9.0916, 11.7659, 0.2250, 209.75
536, 854, 111, 53, 0.7667, 10.9886, 2.5265, 10.6942, 0.4600, 154.17
536, 858, 35, 27, 0.7111, 7.1729, 2.4217, -6.7517, 0.3556, 221.80
536, 862, 117, 38, 0.7056, 1.1798, 0.5091, -1.0643, 0.2822, 136.25
536, 863, 89, 92, 0.7111, 14.2697, -9.7012, -10.4648, 0.3556, 127.20
536, 866, 28, 63, 0.6000, 0.9833, 0.9822, 0.0469, 0.1800, 244.17
536, 833, 79, 44, 0.5000, 10.3397, 8.6032, 5.7354, 0.1500, 212.00
537, 813, 82, 126, 1.0000, 1.1985, 0.9722, 0.7009, 1.0000, 181.06
537, 833, 110, 42, 0.6556, 21.1187, 21.0783, 1.3072, 0.2622, 195.00
537, 799, 31, 61, 0.6222, 27.2141, -1.0216, 27.1949, 0.3111, 218.40
537, 857, 4, 31, 0.6000, 1.3454, -0.9396, 0.9629, 0.1800, 202.33
537, 862, 120, 35, 0.7611, 3.6251, 2.4864, -2.6380, 0.3806, 133.60
537, 863, 59, 70, 0.7667, 35.2730, -28.3458, -20.9929, 0.4600, 140.33
537, 866, 16, 41, 0.6556, 21.5063, -10.3097, -18.8741, 0.2622, 233.12
537, 867, 12, 75, 0.6000, 26.4216, 10.3347, -24.3165, 0.1800, 194.00
537, 828, -33, -11, 0.5556, 57.3819, -32.2875, -47.4362, 0.2222, 159.00
538, 813, 85, 122, 1.0000, 4.0322, 2.8804, -2.8216, 1.0000, 179.39
538, 825, 83, 127, 0.7111, 12.3484, -10.3678, 6.7075, 0.3556, 128.70
538, 833, 122, 36, 0.7111, 13.4114, 12.2548, -5.4484, 0.3556, 180.60
538, 799, 18, 78, 0.6806, 21.0427, -11.4889, 17.6294, 0.4083, 211.83
538, 857, 1, 46, 0.6556, 13.4447, -2.5480, 13.2010, 0.2622, 200.25
538, 862, 112, 12, 0.7667, 21.8831, -6.8223, -20.7925, 0.4600, 136.17
538, 863, 26, 51, 0.8222, 37.7668, -32.3691, -19.4569, 0.5756, 148.71
538, 866, 3, 19, 0.7111, 25.7797, -13.0808, -22.2145, 0.3556, 227.70
538, 867, 29, 63, 0.6556, 21.3554, 16.4624, -13.6031, 0.2622, 209.25
538, 868, 50, 28, 0.6000, 4.7046, 2.8527, -3.7410, 0.1800, 221.33
539, 813, 104, 123, 1.0000, 15.2218, 15.2210, 0.1550, 1.0000, 177.18
539, 794, 57, 48, 0.5625, 1.3614, 0.9575, -0.9678, 0.2250, 217.25
539, 799, 1, 92, 0.7381, 21.7574, -16.4629, 14.2251, 0.5167, 205.14
539, 867, 34, 64, 0.7111, 6.3109, 6.2232, -1.0485, 0.3556, 218.00
539, 872, 19, 20, 0.6000, 16.6528, 9.1178, -13.9349, 0.1800, 204.00
539, 857, -1, 59, 0.5556, 13.4447, -2.5480, 13.2010, 0.2222, 200.25
539, 862, 105, -8, 0.6667, 21.8831, -6.8223, -20.7925, 0.4000, 136.17
539, 866, -11, -4, 0.6111, 25.7797, -13.0808, -22.2145, 0.3056, 227.70
539, 868, 53, 24, 0.5000, 4.7046, 2.8527, -3.7410, 0.1500, 221.33
540, 813, 111, 124, 1.0000, 8.7286, 8.7058, 0.6315, 1.0000, 174.98
540, 794, 32, 55, 0.6222, 22.3694, -21.6113, 5.7742, 0.3111, 215.00
540, 857, 12, 64, 0.7111, 10.9500, 6.7437, 8.6271, 0.3556, 199.00
540, 867, 36, 62, 0.7667, 2.7058, 2.2679, -1.4758, 0.4600, 223.83
540, 869, 2, 31, 0.6000, 14.4921, -8.7918, -11.5207, 0.1800, 196.33
540, 866, -24, -26, 0.5111, 25.7797, -13.0808, -22.2145, 0.2556, 227.70
540, 872, 29, 6, 0.5000, 16.6528, 9.1178, -13.9349, 0.1500, 204.00
541, 794, 19, 86, 0.6806, 31.1952, -13.3661, 28.1867, 0.4083, 214.67
541, 852, 57, 31, 0.6000, 63.0789, -62.9654, -3.7826, 0.1800, 163.67
541, 827, 59, 50, 0.5625, 33.5780, -7.4820, -32.7338, 0.2250, 181.25
541, 813, 120, 124, 0.9000, 8.7286, 8.7058, 0.6315, 0.9000, 174.98
541, 869, -7, 20, 0.5000, 14.4921, -8.7918, -11.5207, 0.1500, 196.33
542, 852, 19, 19, 0.6556, 42.2286, -40.7946, -10.9113, 0.2622, 181.25
542, 827, 54, 28, 0.6222, 23.4982, -5.8693, -22.7534, 0.3111, 195.40
542, 875, 32, 94, 0.6556, 6.0846, 0.7500, 6.0382, 0.2622, 189.75
542, 879, 3, 86, 0.6000, 14.7729, -4.6293, -14.0288, 0.1800, 185.00
542, 880, 112, 124, 0.6000, 14.3070, 5.6584, 13.1405, 0.1800, 94.33
543, 865, 15, 99, 0.6000, 81.3654, -0.9055, 81.3603, 0.1800, 201.00
543, 873, 120, 33, 0.6000, 33.0705, 32.7772, 4.3947, 0.1800, 158.33
543, 827, 55, 26, 0.6806, 4.0869, 0.3506, -4.0718, 0.4083, 200.33
543, 875, 53, 108, 0.7111, 23.2674, 19.3579, 12.9090, 0.3556, 183.60
543, 879, 2, 79, 0.6556, 7.8141, -1.3144, -7.7028, 0.2622, 187.50
543, 880, 114, 127, 0.6556, 4.9899, 2.3216, 4.4170, 0.2622, 92.25
543, 852, -22, 8, 0.5556, 42.2286, -40.7946, -10.9113, 0.2222, 181.25
544, 868, 73, 0, 0.6556, 6.5440, 4.1942, -5.0232, 0.2622, 216.00
544, 873, 128, 33, 0.6556, 11.1543, 11.1353, 0.6516, 0.2622, 149.25
544, 875, 71, 124, 0.7667, 23.7388, 17.9729, 15.5082, 0.4600, 176.67
544, 879, 10, 57, 0.7111, 21.2641, 6.9956, -20.0804, 0.3556, 188.60
544, 830, 15, 41, 0.5625, 46.2461, -45.7804, -6.5468, 0.2250, 212.75
544, 865, 14, 180, 0.5000, 81.3654, -0.9055, 81.3603, 0.1500, 201.00
544, 880, 116, 132, 0.5556, 4.9899, 2.3216, 4.4170, 0.2222, 92.25
545, 794, 14, 100, 0.9083, 2.5898, 2.4128, -0.9412, 0.9083, 204.80
545, 868, 73, 0, 0.7111, 0.5809, 0.5191, 0.2608, 0.3556, 213.40
545, 871, 38, 55, 0.6000, 38.0357, 26.4361, 27.3467, 0.1800, 197.67
545, 827, 58, 30, 0.7951, 1.8662, 1.3775, 1.2591, 0.6361, 204.38
545, 881, 23, 74, 0.6000, 15.7663, 15.3522, 3.5896, 0.1800, 192.67
545, 873, 139, 33, 0.5556, 11.1543, 11.1353, 0.6516, 0.2222, 149.25
545, 875, 89, 139, 0.6667, 23.7388, 17.9729, 15.5082, 0.4000, 176.67
545, 879, 17, 37, 0.6111, 21.2641, 6.9956, -20.0804, 0.3056, 188.60
546, 871, 91, 89, 0.6556, 59.9846, 49.8329, 33.3892, 0.2622, 179.00
546, 875, 115, 126, 0.8222, 22.2937, 22.2790, -0.8096, 0.5756, 163.86
546, 881, 53, 85, 0.6556, 29.9092, 28.1187, 10.1931, 0.2622, 194.25
546, 889, 111, 118, 0.6000, 1.9180, 0.0469, 1.9174, 0.1800, 105.17
546, 892, 19, 75, 0.6000, 47.3204, 14.9640, -44.8921, 0.1800, 170.33
546, 893, 35, 93, 0.6000, 33.4867, 19.6403, -27.1223, 0.1800, 163.33
547, 846, 17, 59, 0.6000, 53.4594, -5.7999, 53.1439, 0.1800, 210.67
547, 871, 120, 115, 0.7111, 41.6319, 31.6724, 27.0198, 0.3556, 160.20
547, 878, 109, 115, 0.6000, 69.3708, 62.2587, 30.5968, 0.1800, 150.00
547, 889, 111, 118, 0.7056, 0.5191, -0.0048, 0.5191, 0.2822, 106.75
547, 893, 38, 90, 0.6556, 8.7782, 5.5005, -6.8412, 0.2622, 166.25
547, 881, 81, 95, 0.5556, 29.9092, 28.1187, 10.1931, 0.2222, 194.25
547, 892, 34, 30, 0.5000, 47.3204, 14.9640, -44.8921, 0.1500, 170.33
548, 846, 17, 102, 0.6556, 44.5707, -0.8158, 44.5632, 0.2622, 215.25
548, 888, 112, 116, 0.6000, 49.8623, 49.5757, 5.3386, 0.1800, 127.50
548, 889, 113, 120, 0.7611, 2.1115, 1.5192, 1.4665, 0.3806, 111.00
548, 892, 43, 54, 0.6556, 13.1393, 11.5967, -6.1773, 0.2622, 179.75
548, 893, 52, 91, 0.7111, 12.4705, 12.4269, 1.0414, 0.3556, 164.20
548, 871, 152, 142, 0.6111, 41.6319, 31.6724, 27.0198, 0.3056, 160.20
548, 878, 172, 146, 0.5000, 69.3708, 62.2587, 30.5968, 0.1500, 150.00
549, 853, 19, 101, 0.6000, 5.1714, -1.9123, -4.8049, 0.1800, 162.33
549, 829, 119, 114, 0.5625, 48.5583, 1.8006, 48.5249, 0.2250, 104.25
549, 889, 114, 121, 0.8167, 1.8342, 1.3443, 1.2479, 0.4900, 109.17
549, 890, 1, 89, 0.6000, 33.1663, -6.1343, -32.5941, 0.1800, 175.33
549, 895, 27, 19, 0.6000, 21.7053, 18.8455, -10.7689, 0.1800, 209.33
549, 846, 16, 147, 0.5556, 44.5707, -0.8158, 44.5632, 0.2222, 215.25
549, 888, 162, 122, 0.5000, 49.8623, 49.5757, 5.3386, 0.1500, 127.50
549, 892, 55, 48, 0.5556, 13.1393, 11.5967, -6.1773, 0.2222, 179.75
549, 893, 64, 93, 0.6111, 12.4705, 12.4269, 1.0414, 0.3056, 164.20
550, 853, 2, 86, 0.6556, 20.0170, -14.8745, -13.3950, 0.2622, 175.00
550, 860, 28, 1, 0.6000, 2.6912, -1.9030, -1.9030, 0.1800, 211.67
550, 882, 115, 118, 0.6000, 50.9005, 50.5141, 6.2599, 0.1800, 114.67
550, 885, 77, 43, 0.6000, 63.1205, 38.3969, -50.0986, 0.1800, 174.00
550, 889, 115, 123, 0.8722, 2.0772, 1.0572, 1.7881, 0.6106, 117.29
550, 890, 3, 58, 0.6556, 31.0262, 1.0625, -31.0080, 0.2622, 180.25
550, 893, 77, 94, 0.5111, 12.4705, 12.4269, 1.0414, 0.2556, 164.20
550, 895, 46, 8, 0.5000, 21.7053, 18.8455, -10.7689, 0.1500, 209.33
551, 889, 116, 124, 0.9278, 1.6001, 0.9722, 1.2709, 0.7422, 120.88
551, 678, 122, 119, 0.5143, 4.9642, -3.4486, -3.5707, 0.3600, 90.71
551, 897, 47, 98, 0.6000, 74.7750, -72.6348, -17.7620, 0.1800, 116.00
551, 898, 78, 6, 0.6000, 1.3717, 0.9456, 0.9937, 0.1800, 193.33
551, 853, -13, 73, 0.5556, 20.0170, -14.8745, -13.3950, 0.2222, 175.00
551, 860, 26, -1, 0.5000, 2.6912, -1.9030, -1.9030, 0.1500, 211.67
551, 882, 166, 125, 0.5000, 50.9005, 50.5141, 6.2599, 0.1500, 114.67
551, 885, 116, -7, 0.5000, 63.1205, 38.3969, -50.0986, 0.1500, 174.00
551, 890, 4, 27, 0.5556, 31.0262, 1.0625, -31.0080, 0.2222, 180.25
552, 853, 4, 52, 0.7111, 17.9034, 3.1188, -17.6296, 0.3556, 181.60
552, 889, 117, 125, 0.9833, 1.3944, 0.9806, 0.9913, 0.8850, 123.00
552, 890, 13, 33, 0.7111, 10.8308, 5.5538, -9.2985, 0.3556, 187.00
552, 678, 96, 113, 0.5722, 24.8621, -24.0120, -6.4458, 0.4578, 92.88
552, 895, 70, 7, 0.6556, 13.4236, 13.1858, -2.5152, 0.2622, 203.50
552, 898, 79, 6, 0.7056, 1.0491, 1.0191, 0.2489, 0.2822, 192.00
552, 897, -25, 80, 0.5000, 74.7750, -72.6348, -17.7620, 0.1500, 116.00
553, 856, 76, 78, 0.6000, 79.8724, 41.3799, 68.3176, 0.1800, 197.00
553, 864, 10, 58, 0.6000, 49.2370, 5.7476, 48.9003, 0.1800, 206.67
553, 889, 118, 126, 1.0000, 1.3811, 0.9964, 0.9564, 1.0000, 125.00
553, 898, 69, 15, 0.7111, 11.7056, -8.9087, 7.5931, 0.3556, 191.00
553, 901, 24, 101, 0.6000, 0.9822, 0.9822, 0.0000, 0.1800, 177.33
553, 895, 83, 4, 0.5556, 13.4236, 13.1858, -2.5152, 0.2222, 203.50
554, 889, 126, 121, 1.0000, 8.1292, 6.9482, -4.2198, 1.0000, 120.82
554, 678, 56, 84, 0.6296, 24.8680, -19.3481, -15.6227, 0.5667, 103.22
554, 895, 81, 8, 0.7111, 4.0945, 3.9694, 1.0046, 0.3556, 197.60
554, 901, 41, 99, 0.6556, 14.6757, 14.5978, -1.5095, 0.2622, 180.25
554, 844, 89, 26, 0.5625, 0.0000, 0.0000, 0.0000, 0.2250, 172.50
554, 905, 100, 107, 0.6000, 27.7186, -26.0932, -9.3525, 0.1800, 85.00
554, 856, 118, 147, 0.5000, 79.8724, 41.3799, 68.3176, 0.1500, 197.00
554, 864, 16, 107, 0.5000, 49.2370, 5.7476, 48.9003, 0.1500, 206.67
554, 898, 60, 22, 0.6111, 11.7056, -8.9087, 7.5931, 0.3056, 191.00
555, 864, 43, 124, 0.6556, 36.0388, 17.9917, 31.2264, 0.2622, 192.25
555, 678, 45, 68, 0.6867, 19.1255, -10.9814, -15.6587, 0.6867, 112.50
555, 844, 73, 23, 0.6222, 13.9173, -13.5859, -3.0191, 0.3111, 171.60
555, 889, 133, 117, 0.9000, 8.1292, 6.9482, -4.2198, 0.9000, 120.82
555, 895, 85, 9, 0.6111, 4.0945, 3.9694, 1.0046, 0.3056, 197.60
555, 901, 55, 98, 0.5556, 14.6757, 14.5978, -1.5095, 0.2222, 180.25
555, 905, 74, 98, 0.5000, 27.7186, -26.0932, -9.3525, 0.1500, 85.00
556, 860, 17, 2, 0.7056, 2.0185, -1.8298, 0.8521, 0.2822, 209.75
556, 864, 65, 131, 0.7111, 23.5397, 21.7850, 8.9179, 0.3556, 181.20
556, 901, 73, 91, 0.7111, 16.9183, 16.3346, -4.4057, 0.3556, 176.40
556, 844, 68, 15, 0.6806, 9.7274, -6.5209, -7.2180, 0.4083, 176.83
556, 904, 72, 116, 0.6000, 0.8444, 0.8434, 0.0397, 0.1800, 138.33
556, 905, 44, 100, 0.6556, 28.4759, -28.2880, -3.2664, 0.2622, 109.25
556, 909, 85, 111, 0.6000, 41.1180, -38.8984, -13.3267, 0.1800, 95.33
556, 889, 140, 113, 0.8000, 8.1292, 6.9482, -4.2198, 0.8000, 120.82
557, 903, 15, 122, 0.6000, 13.4921, 1.8311, 13.3672, 0.1800, 172.00
557, 904, 80, 111, 0.6556, 8.4854, 7.1429, -4.5804, 0.2622, 137.75
557, 905, 13, 106, 0.7111, 31.0989, -30.5338, 5.9015, 0.3556, 120.00
557, 909, 45, 101, 0.6556, 41.1416, -39.6430, -11.0030, 0.2622, 117.75
557, 860, 15, 3, 0.6056, 2.0185, -1.8298, 0.8521, 0.2422, 209.75
557, 889, 147, 108, 0.7000, 8.1292, 6.9482, -4.2198, 0.7000, 120.82
557, 901, 89, 87, 0.6111, 16.9183, 16.3346, -4.4057, 0.3056, 176.40
557, 844, 61, 8, 0.5806, 9.7274, -6.5209, -7.2180, 0.3483, 176.83
558, 860, 12, 32, 0.7111, 17.0237, -2.5597, 16.8302, 0.3556, 210.40
558, 901, 79, 64, 0.7667, 15.2427, 0.9945, -15.2103, 0.4600, 179.17
558, 903, 16, 125, 0.6556, 5.1092, 1.3025, 4.9404, 0.2622, 165.75
558, 909, 28, 100, 0.7111, 19.4724, -19.4119, -1.5343, 0.3556, 135.40
558, 889, 154, 104, 0.6000, 8.1292, 6.9482, -4.2198, 0.6000, 120.82
558, 904, 87, 106, 0.5556, 8.4854, 7.1429, -4.5804, 0.2222, 137.75
558, 905, -17, 112, 0.6111, 31.0989, -30.5338, 5.9015, 0.3056, 120.00
559, 895, 90, 25, 0.8778, 1.1134, -0.5002, -0.9948, 0.7022, 188.12
559, 844, 51, 4, 0.7381, 5.9972, -5.3255, -2.7578, 0.5167, 181.71
559, 903, 16, 127, 0.7111, 1.5949, 0.2385, 1.5769, 0.3556, 162.00
559, 914, 83, 12, 0.6000, 0.9833, 0.0469, 0.9822, 0.1800, 179.00
559, 889, 161, 100, 0.5000, 8.1292, 6.9482, -4.2198, 0.5000, 120.82
559, 905, -48, 118, 0.5111, 31.0989, -30.5338, 5.9015, 0.2556, 120.00
560, 903, 18, 125, 0.7667, 2.1810, 1.4297, -1.6471, 0.4600, 165.00
560, 911, 125, 64, 0.6000, 1.8157, -1.6471, 0.7640, 0.1800, 148.67
560, 914, 84, 13, 0.7056, 1.2596, 0.7500, 1.0119, 0.2822, 185.25
560, 851, 6, 41, 0.5625, 0.9822, 0.9822, 0.0000, 0.2250, 203.00
560, 895, 90, 24, 0.7778, 1.1134, -0.5002, -0.9948, 0.6222, 188.12
560, 844, 46, 1, 0.6381, 5.9972, -5.3255, -2.7578, 0.4467, 181.71
561, 874, 79, 118, 0.6000, 69.4105, -29.8811, 62.6493, 0.1800, 134.33
561, 911, 123, 64, 0.7056, 2.1383, -2.1152, 0.3141, 0.2822, 147.50
561, 851, 16, 44, 0.6222, 8.8541, 8.5597, 2.2643, 0.3111, 198.80
561, 895, 89, 23, 0.6778, 1.1134, -0.5002, -0.9948, 0.5422, 188.12
561, 844, 40, -2, 0.5381, 5.9972, -5.3255, -2.7578, 0.3767, 181.71
561, 903, 19, 123, 0.6667, 2.1810, 1.4297, -1.6471, 0.4000, 165.00
561, 914, 85, 14, 0.6056, 1.2596, 0.7500, 1.0119, 0.2422, 185.25
562, 844, 27, 6, 0.7951, 8.6876, -8.5610, 1.4776, 0.6361, 185.88
562, 904, 88, 110, 0.7111, 1.3407, -0.2320, 1.3205, 0.3556, 133.20
562, 911, 122, 65, 0.7611, 1.5376, -1.3266, 0.7775, 0.3806, 144.20
562, 874, 49, 180, 0.5000, 69.4105, -29.8811, 62.6493, 0.1500, 134.33
562, 903, 21, 121, 0.5667, 2.1810, 1.4297, -1.6471, 0.3400, 165.00
562, 914, 85, 15, 0.5056, 1.2596, 0.7500, 1.0119, 0.2022, 185.25
562, 851, 24, 46, 0.5222, 8.8541, 8.5597, 2.2643, 0.2611, 198.80
563, 844, 10, 37, 0.8519, 33.2171, -16.3438, 28.9180, 0.7667, 187.00
563, 908, 19, 127, 0.6000, 31.6577, -31.6438, 0.9386, 0.1800, 137.67
563, 791, 28, 72, 0.5400, 34.2735, -34.2230, 1.8584, 0.2700, 188.80
563, 911, 120, 66, 0.8167, 2.0027, -1.7263, 1.0151, 0.4900, 141.50
563, 914, 86, 16, 0.7611, 1.2183, 0.6969, 0.9993, 0.3806, 182.60
563, 917, 13, 88, 0.6000, 36.0492, -35.3713, -6.9583, 0.1800, 187.50
563, 920, 39, 103, 0.6000, 1.7012, 1.6985, 0.0963, 0.1800, 185.33
563, 904, 88, 111, 0.6111, 1.3407, -0.2320, 1.3205, 0.3056, 133.20
564, 903, 21, 125, 0.8222, 0.8740, 0.6217, 0.6144, 0.5756, 163.00
564, 791, 7, 86, 0.6000, 26.1001, -22.7961, 12.7104, 0.3600, 199.50
564, 911, 118, 66, 0.8722, 2.0124, -1.9936, 0.2742, 0.6106, 139.00
564, 914, 76, 15, 0.7667, 9.6658, -9.6453, -0.6293, 0.4600, 182.67
564, 855, 44, 15, 0.5625, 1.3359, 1.0023, -0.8832, 0.2250, 202.75
564, 921, 89, 112, 0.6000, 6.7059, -2.0746, -6.3769, 0.1800, 104.67
564, 922, 82, 122, 0.6000, 1.8625, 1.5305, 1.0612, 0.1800, 125.33
564, 923, 4, 25, 0.6000, 6.2950, 2.8527, 5.6115, 0.1800, 234.67
564, 908, -13, 128, 0.5000, 31.6577, -31.6438, 0.9386, 0.1500, 137.67
564, 917, -23, 81, 0.5000, 36.0492, -35.3713, -6.9583, 0.1500, 187.50
564, 920, 40, 103, 0.5000, 1.7012, 1.6985, 0.0963, 0.1500, 185.33
565, 791, 6, 90, 0.6587, 5.4391, -3.1353, 4.4445, 0.4611, 207.43
565, 911, 117, 67, 0.9278, 1.4652, -1.2770, 0.7185, 0.7422, 139.12
565, 915, 32, 70, 0.6000, 60.7433, -57.3246, 20.0907, 0.1800, 183.00
565, 851, 46, 36, 0.6806, 7.9310, 7.2832, -3.1394, 0.4083, 199.50
565, 920, 42, 103, 0.7056, 1.5950, 1.5945, -0.0408, 0.2822, 182.75
565, 903, 22, 126, 0.7222, 0.8740, 0.6217, 0.6144, 0.5056, 163.00
565, 921, 87, 106, 0.5000, 6.7059, -2.0746, -6.3769, 0.1500, 104.67
565, 922, 84, 123, 0.5000, 1.8625, 1.5305, 1.0612, 0.1500, 125.33
565, 923, 7, 30, 0.5000, 6.2950, 2.8527, 5.6115, 0.1500, 234.67
566, 903, 34, 122, 0.8778, 7.3085, 7.1095, -1.6937, 0.7022, 159.88
566, 911, 115, 68, 0.9833, 1.9869, -1.7193, 0.9959, 0.8850, 139.00
566, 920, 43, 104, 0.7611, 1.3603, 1.1226, 0.7682, 0.3806, 181.00
566, 921, 62, 100, 0.6556, 16.5482, -15.3866, -6.0906, 0.2622, 121.50
566, 922, 74, 122, 0.7056, 4.6298, -4.6289, -0.0908, 0.2822, 125.00
566, 923, 12, 35, 0.6556, 6.5680, 4.1497, 5.0911, 0.2622, 226.50
566, 915, -25, 90, 0.5000, 60.7433, -57.3246, 20.0907, 0.1500, 183.00
567, 911, 113, 68, 1.0000, 2.0159, -1.9952, 0.2879, 1.0000, 139.00
567, 920, 44, 104, 0.8167, 1.0056, 0.9623, 0.2919, 0.4900, 180.67
567, 922, 62, 117, 0.7111, 12.4659, -11.5139, -4.7780, 0.3556, 128.80
567, 923, 14, 42, 0.7111, 7.0331, 2.5316, 6.5617, 0.3556, 221.20
567, 903, 41, 120, 0.7778, 7.3085, 7.1095, -1.6937, 0.6222, 159.88
567, 921, 47, 94, 0.5556, 16.5482, -15.3866, -6.0906, 0.2222, 121.50
568, 903, 64, 96, 0.9333, 22.3554, 16.6561, -14.9110, 0.8400, 159.44
568, 791, 12, 88, 0.8311, 1.2319, 1.2091, -0.2361, 0.8311, 221.70
568, 911, 111, 73, 1.0000, 4.8980, -2.0397, 4.4532, 1.0000, 136.82
568, 855, 49, 15, 0.6722, 1.3382, 1.3204, 0.2175, 0.3361, 203.80
568, 923, 14, 43, 0.7667, 1.7677, 0.3617, 1.7303, 0.4600, 219.33
568, 920, 45, 104, 0.7167, 1.0056, 0.9623, 0.2919, 0.4300, 180.67
568, 922, 51, 112, 0.6111, 12.4659, -11.5139, -4.7780, 0.3056, 128.80
569, 911, 89, 92, 1.0000, 25.9023, -19.8571, 16.6320, 1.0000, 136.83
569, 855, 60, 44, 0.6806, 29.7078, 10.3236, 27.8564, 0.4083, 206.00
569, 920, 48, 104, 0.8722, 2.0899, 2.0885, -0.0778, 0.6106, 179.71
569, 922, 49, 109, 0.7667, 7.2399, -6.1359, -3.8427, 0.4600, 137.67
569, 923, 29, 51, 0.8222, 14.7283, 12.7559, 7.3626, 0.5756, 216.43
569, 924, 3, 3, 0.6000, 33.9835, -18.0226, -28.8108, 0.1800, 225.33
570, 883, 7, 98, 0.6000, 20.3361, -0.9659, 20.3131, 0.1800, 172.50
570, 894, 27, 126, 0.6000, 0.9692, 0.9692, 0.0066, 0.1800, 153.33
570, 900, 50, 16, 0.6000, 66.2038, 35.6066, -55.8132, 0.1800, 195.00
570, 920, 49, 105, 0.9278, 1.5023, 1.3097, 0.7359, 0.7422, 179.12
570, 924, 0, -3, 0.6556, 10.1673, -4.8262, -8.9489, 0.2622, 232.00
570, 933, 92, 117, 0.6000, 0.8883, 0.0000, -0.8883, 0.1800, 105.67
570, 855, 70, 72, 0.5806, 29.7078, 10.3236, 27.8564, 0.3483, 206.00
570, 922, 42, 105, 0.6667, 7.2399, -6.1359, -3.8427, 0.4000, 137.67
571, 920, 50, 105, 0.9833, 1.0091, 0.9650, 0.2952, 0.8850, 176.89
571, 933, 94, 120, 0.7056, 2.5038, 1.5095, 1.9976, 0.2822, 108.25
571, 883, 6, 119, 0.5000, 20.3361, -0.9659, 20.3131, 0.1500, 172.50
571, 894, 28, 126, 0.5000, 0.9692, 0.9692, 0.0066, 0.1500, 153.33
571, 900, 85, -40, 0.5000, 66.2038, 35.6066, -55.8132, 0.1500, 195.00
571, 922, 36, 101, 0.5667, 7.2399, -6.1359, -3.8427, 0.3400, 137.67
571, 924, -5, -12, 0.5556, 10.1673, -4.8262, -8.9489, 0.2222, 232.00
572, 894, 21, 125, 0.7056, 3.3289, -3.2845, -0.5416, 0.2822, 153.00
572, 877, 7, 3, 0.5625, 32.9354, -16.7799, -28.3403, 0.2250, 214.00
572, 930, 117, 73, 0.6000, 54.3099, 24.6091, 48.4145, 0.1800, 134.33
572, 933, 95, 121, 0.7611, 2.0842, 1.3184, 1.6143, 0.3806, 106.60
572, 920, 51, 105, 0.8833, 1.0091, 0.9650, 0.2952, 0.7950, 176.89
573, 883, 29, 127, 0.6556, 11.6343, 9.0082, 7.3626, 0.2622, 167.12
573, 920, 54, 105, 1.0000, 2.0602, 2.0589, -0.0731, 1.0000, 176.40
573, 877, 4, -3, 0.6222, 9.9676, -4.5258, -8.8809, 0.3111, 221.20
573, 933, 95, 122, 0.8167, 1.1250, 0.2828, 1.0889, 0.4900, 107.00
573, 894, 18, 124, 0.6056, 3.3289, -3.2845, -0.5416, 0.2422, 153.00
573, 930, 142, 121, 0.5000, 54.3099, 24.6091, 48.4145, 0.1500, 134.33
574, 883, 31, 128, 0.7111, 2.9231, 2.7582, 0.9679, 0.3556, 164.50
574, 894, 21, 126, 0.7611, 0.6362, 0.2160, 0.5984, 0.3806, 152.00
574, 909, 21, 90, 1.0000, 5.7765, 5.7568, 0.4761, 1.0000, 178.42
574, 918, 31, 30, 0.6000, 13.1409, -4.7173, -12.2650, 0.1800, 214.33
574, 919, 25, 66, 0.6000, 24.1693, -15.0902, 18.8796, 0.1800, 203.67
574, 920, 56, 105, 1.0000, 2.0789, 2.0786, -0.0392, 1.0000, 175.32
574, 922, 16, 89, 0.8222, 7.7782, -6.6504, -4.0339, 0.5756, 153.71
574, 877, 6, -2, 0.6806, 1.4110, 1.3236, 0.4888, 0.4083, 226.17
574, 929, 19, 40, 0.6000, 20.1166, 10.8087, 16.9661, 0.1800, 204.00
574, 933, 96, 123, 0.8722, 1.1633, 0.6781, 0.9452, 0.6106, 108.14
575, 918, 15, 21, 0.6556, 17.3555, -14.9641, -8.7916, 0.2622, 217.08
575, 919, 6, 89, 0.6556, 29.4563, -18.6803, 22.7755, 0.2622, 195.75
575, 920, 68, 117, 1.0000, 15.1086, 10.9501, 10.4099, 1.0000, 171.79
575, 929, 7, 72, 0.6556, 31.2144, -9.6159, 29.6964, 0.2622, 197.50
575, 933, 97, 124, 0.9278, 1.3751, 0.9789, 0.9657, 0.7422, 109.75
576, 918, 13, 21, 0.7111, 3.7246, -3.3480, -1.6320, 0.3556, 224.27
576, 919, 2, 93, 0.7111, 7.6642, -4.8909, 5.9007, 0.3556, 193.20
576, 877, 9, 0, 0.7951, 1.3867, 1.3001, 0.4825, 0.6361, 233.12
576, 929, 14, 92, 0.7111, 21.6941, 5.6966, 20.9328, 0.3556, 208.60
576, 933, 98, 125, 0.9833, 1.4382, 1.0389, 0.9945, 0.8850, 109.44
576, 920, 79, 127, 0.9000, 15.1086, 10.9501, 10.4099, 0.9000, 171.79
577, 918, 14, 22, 0.7667, 1.1191, 0.9044, 0.6591, 0.4600, 227.14
577, 919, 0, 104, 0.7667, 10.8111, -2.9644, 10.3968, 0.4600, 187.50
577, 861, 67, 117, 0.5625, 73.0236, -50.1934, 53.0383, 0.2250, 120.50
577, 877, 10, 0, 0.8519, 0.9736, 0.9726, -0.0422, 0.7667, 234.11
577, 933, 99, 126, 1.0000, 1.4295, 1.0187, 1.0029, 1.0000, 109.50
577, 859, 14, 3, 0.5625, 29.4125, -29.3974, -0.9396, 0.2250, 213.50
577, 884, 1, 92, 0.5625, 1.3595, 0.8883, 1.0291, 0.2250, 205.75
577, 920, 90, 138, 0.8000, 15.1086, 10.9501, 10.4099, 0.8000, 171.79
578, 933, 97, 106, 1.0000, 17.6245, -1.2283, -17.5817, 1.0000, 110.00
578, 936, 110, 52, 0.7056, 2.2433, 2.2433, -0.0112, 0.2822, 155.50
578, 884, 3, 93, 0.6722, 2.0419, 1.7763, 1.0071, 0.3361, 214.60
578, 920, 101, 148, 0.7000, 15.1086, 10.9501, 10.4099, 0.7000, 171.79
578, 877, 11, 0, 0.7519, 0.9736, 0.9726, -0.0422, 0.6767, 234.11
579, 870, 8, 107, 0.5625, 78.1476, -77.2121, -12.0555, 0.2250, 124.75
579, 877, 27, 1, 0.9083, 10.0234, 10.0100, 0.5168, 0.9083, 232.70
579, 932, 74, 28, 0.6000, 81.7620, -31.6600, -75.3835, 0.1800, 135.33
579, 886, 69, 122, 0.5625, 17.0242, -16.8159, -2.6551, 0.2250, 123.00
579, 884, 5, 93, 0.7306, 2.0769, 2.0635, 0.2353, 0.4383, 210.92
579, 939, 40, 28, 0.6000, 52.5358, -52.0495, 7.1311, 0.1800, 180.00
579, 920, 112, 159, 0.6000, 15.1086, 10.9501, 10.4099, 0.6000, 171.79
579, 936, 112, 52, 0.6056, 2.2433, 2.2433, -0.0112, 0.2422, 155.50
580, 929, 20, 91, 0.9333, 0.8372, 0.5453, 0.6353, 0.8400, 228.44
580, 886, 38, 108, 0.6222, 31.7506, -28.9524, -13.0330, 0.3111, 132.40
580, 936, 113, 52, 0.7611, 1.6236, 1.6236, -0.0045, 0.3806, 153.20
580, 884, 5, 94, 0.7881, 0.8827, 0.5280, 0.7074, 0.5517, 216.93
580, 938, 49, 21, 0.6000, 13.1521, -10.4787, 7.9484, 0.1800, 195.67
580, 920, 123, 169, 0.5000, 15.1086, 10.9501, 10.4099, 0.5000, 171.79
580, 932, 42, -47, 0.5000, 81.7620, -31.6600, -75.3835, 0.1500, 135.33
580, 939, -12, 36, 0.5000, 52.5358, -52.0495, 7.1311, 0.1500, 180.00
581, 929, 21, 91, 0.9889, 1.0665, 0.9979, 0.3763, 0.9889, 230.90
581, 886, 4, 107, 0.6806, 33.7243, -33.6537, -2.1803, 0.4083, 137.00
581, 936, 103, 35, 0.7667, 18.0974, -9.0764, -15.6567, 0.4600, 155.17
581, 884, 6, 94, 0.8451, 0.7058, 0.6645, 0.2379, 0.6761, 221.69
581, 938, 41, 31, 0.6556, 12.7802, -8.7050, 9.3572, 0.2622, 192.50
581, 891, 67, 106, 0.5625, 1.0901, 1.0901, 0.0000, 0.2250, 165.50
582, 884, 7, 95, 0.9019, 1.1983, 0.9380, 0.7458, 0.8117, 222.39
582, 938, 29, 43, 0.7111, 15.9466, -10.9829, 11.5615, 0.3556, 197.40
582, 891, 93, 109, 0.6222, 23.1954, 22.9959, 3.0359, 0.3111, 174.60
582, 906, 18, 125, 0.5625, 13.8502, -12.2052, 6.5468, 0.2250, 143.25
582, 943, 39, 30, 0.6000, 42.2481, -3.6941, -42.0863, 0.1800, 202.83
583, 935, 117, 53, 0.7056, 3.1407, 3.0516, 0.7430, 0.2822, 125.00
583, 884, 8, 95, 0.9583, 1.0571, 1.0247, 0.2596, 0.9583, 225.25
583, 938, 29, 45, 0.7667, 3.3498, -1.3925, 3.0467, 0.4600, 197.83
583, 891, 102, 111, 0.6806, 10.0575, 9.8792, 1.8851, 0.4083, 181.67
583, 943, 43, 2, 0.6556, 30.0249, 2.7214, -29.9014, 0.2622, 210.12
584, 916, 91, 29, 0.6000, 58.8476, 42.5678, -40.6328, 0.1800, 190.33
584, 935, 119, 53, 0.7611, 1.9100, 1.8911, 0.2681, 0.3806, 125.20
584, 884, 10, 96, 1.0000, 1.9158, 1.7666, 0.7411, 1.0000, 227.68
584, 891, 103, 113, 0.7381, 2.6547, 1.9463, 1.8053, 0.5167, 186.57
584, 902, 28, 116, 0.5625, 28.0283, 16.0159, 23.0017, 0.2250, 170.50
584, 943, 46, -28, 0.5556, 30.0249, 2.7214, -29.9014, 0.2222, 210.12
585, 934, 29, 3, 0.6000, 40.9666, -18.6803, -36.4597, 0.1800, 200.33
585, 935, 121, 53, 0.8167, 1.8052, 1.8051, -0.0061, 0.4900, 125.00
585, 884, 11, 96, 1.0000, 1.3336, 1.3076, 0.2621, 1.0000, 225.21
585, 891, 103, 114, 0.7951, 1.4292, 0.8191, 1.1711, 0.6361, 190.75
585, 944, 25, 20, 0.6000, 62.3038, -30.8850, -54.1099, 0.1800, 199.33
585, 916, 133, -11, 0.5000, 58.8476, 42.5678, -40.6328, 0.1500, 190.33
586, 926, 106, 36, 0.7056, 2.1397, 1.5169, 1.5090, 0.2822, 145.25
586, 886, 1, 106, 0.9083, 2.4460, 0.3396, -2.4223, 0.9083, 150.20
586, 935, 122, 53, 0.8722, 1.1783, 1.1776, -0.0413, 0.6106, 126.57
586, 884, 12, 97, 1.0000, 1.2502, 1.0111, 0.7353, 1.0000, 226.73
586, 907, 59, 81, 0.5625, 32.1006, 28.3774, -15.0058, 0.2250, 171.50
586, 934, 11, -33, 0.5000, 40.9666, -18.6803, -36.4597, 0.1500, 200.33
586, 944, -6, -35, 0.5000, 62.3038, -30.8850, -54.1099, 0.1500, 199.33
587, 926, 107, 37, 0.7611, 1.8633, 1.3202, 1.3150, 0.3806, 144.60
587, 935, 124, 53, 0.9278, 1.7118, 1.7118, -0.0150, 0.7422, 128.12
587, 884, 12, 78, 1.0000, 16.6390, 0.2229, -16.6375, 1.0000, 224.61
587, 937, 44, 20, 0.6000, 23.1226, -14.9036, 17.6788, 0.1800, 201.33
587, 907, 72, 73, 0.6222, 16.3261, 13.6209, -9.0007, 0.3111, 173.00
588, 935, 125, 53, 0.9833, 1.2514, 1.2514, 0.0002, 0.8850, 129.33
588, 937, 26, 34, 0.6556, 22.3817, -17.2396, 14.2736, 0.2622, 204.25
588, 907, 82, 79, 0.6806, 11.8246, 11.0775, 4.1365, 0.4083, 172.83
588, 926, 108, 38, 0.6611, 1.8633, 1.3202, 1.3150, 0.3306, 144.60
589, 925, 36, 31, 0.6000, 84.8118, -84.8063, -0.9616, 0.1800, 158.67
589, 926, 109, 39, 0.8167, 1.3378, 0.9455, 0.9464, 0.4900, 146.50
589, 935, 127, 53, 1.0000, 1.7466, 1.7466, 0.0023, 1.0000, 129.50
589, 937, 12, 47, 0.7111, 20.3151, -15.0723, 13.6209, 0.3556, 203.40
589, 906, 0, 127, 0.6222, 2.1873, 1.0231, -1.9332, 0.3111, 146.20
589, 910, 73, 2, 0.5625, 10.0602, 1.9393, -9.8715, 0.2250, 188.50
589, 949, 24, 4, 0.6000, 1.0464, 0.0963, 1.0419, 0.1800, 217.00
589, 953, 124, 10, 0.6000, 4.1826, 3.7410, -1.8705, 0.1800, 131.33
590, 926, 110, 39, 0.8722, 0.9848, 0.9667, 0.1881, 0.6106, 147.57
590, 906, 7, 117, 0.6806, 12.4775, 7.3465, -10.0855, 0.4083, 143.83
590, 949, 33, 2, 0.6556, 7.6749, 7.5674, -1.2803, 0.2622, 215.25
590, 952, 40, 27, 0.6000, 27.7035, 11.6663, 25.1274, 0.1800, 214.67
590, 953, 124, 10, 0.7056, 1.1714, 1.0477, -0.5239, 0.2822, 129.00
590, 957, 31, 25, 0.6000, 1.6886, 1.6828, 0.1408, 0.1800, 230.83
590, 958, 6, 113, 0.6000, 1.3890, 0.9822, 0.9822, 0.1800, 167.33
590, 925, -49, 30, 0.5000, 84.8118, -84.8063, -0.9616, 0.1500, 158.67
590, 935, 129, 53, 0.9000, 1.7466, 1.7466, 0.0023, 0.9000, 129.50
590, 937, -3, 61, 0.6111, 20.3151, -15.0723, 13.6209, 0.3056, 203.40
591, 926, 111, 40, 0.9278, 1.2157, 0.9950, 0.6985, 0.7422, 147.12
591, 957, 32, 26, 0.7056, 1.4941, 1.2978, 0.7404, 0.2822, 236.12
591, 958, 10, 114, 0.7056, 4.1561, 4.0310, 1.0119, 0.2822, 166.50
591, 935, 130, 53, 0.8000, 1.7466, 1.7466, 0.0023, 0.8000, 129.50
591, 937, -19, 74, 0.5111, 20.3151, -15.0723, 13.6209, 0.2556, 203.40
591, 949, 40, 1, 0.5556, 7.6749, 7.5674, -1.2803, 0.2222, 215.25
591, 952, 52, 52, 0.5000, 27.7035, 11.6663, 25.1274, 0.1500, 214.67
591, 953, 126, 9, 0.6056, 1.1714, 1.0477, -0.5239, 0.2422, 129.00
592, 926, 97, 51, 0.9333, 16.0283, -12.5176, 10.0108, 0.8400, 149.67
592, 928, 0, 97, 0.6000, 82.5973, -9.6489, 82.0318, 0.1800, 195.33
592, 935, 113, 41, 1.0000, 7.7890, -6.0595, -4.8940, 1.0000, 130.18
592, 937, 3, 90, 0.7667, 14.4534, 0.3922, 14.4481, 0.4600, 197.83
592, 949, 54, 31, 0.7111, 19.8071, 10.9743, 16.4890, 0.3556, 215.20
592, 952, 43, 32, 0.6556, 0.4875, 0.0663, -0.4829, 0.2622, 211.12
592, 953, 127, 30, 0.7111, 11.8602, 1.2921, 11.7896, 0.3556, 124.00
592, 913, 80, 109, 0.5625, 71.5412, 71.4559, -3.4929, 0.2250, 164.50
592, 955, 49, 26, 0.6000, 21.8826, -9.7544, 19.5882, 0.1800, 199.00
592, 957, 33, 26, 0.7611, 1.0510, 1.0199, 0.2537, 0.3806, 239.90
592, 958, 16, 125, 0.7111, 11.4082, 5.1706, 10.1691, 0.3556, 170.40
593, 899, 11, 37, 0.5625, 41.1941, -34.2784, -22.8462, 0.2250, 204.50
593, 896, 113, 112, 0.5625, 36.0702, 8.5393, 35.0448, 0.2250, 122.00
593, 887, 21, 124, 0.5625, 13.2809, 9.3731, 9.4088, 0.2250, 164.25
593, 941, 76, 13, 0.6000, 27.2452, 0.0297, -27.2452, 0.1800, 203.67
593, 955, 42, 42, 0.6556, 18.3863, -7.6176, 16.7341, 0.2622, 201.00
593, 957, 34, 26, 0.8167, 0.9643, 0.9642, -0.0111, 0.4900, 241.42
593, 926, 84, 61, 0.8333, 16.0283, -12.5176, 10.0108, 0.7500, 149.67
593, 928, -9, 179, 0.5000, 82.5973, -9.6489, 82.0318, 0.1500, 195.33
593, 952, 43, 31, 0.5556, 0.4875, 0.0663, -0.4829, 0.2222, 211.12
593, 958, 21, 135, 0.6111, 11.4082, 5.1706, 10.1691, 0.3056, 170.40
594, 926, 73, 83, 0.9889, 20.7090, -11.7704, 17.0387, 0.9889, 151.80
594, 941, 78, 8, 0.6556, 7.9730, 1.5013, -7.8304, 0.2622, 196.50
594, 912, 15, 75, 0.5625, 32.6687, -32.5500, 2.7833, 0.2250, 192.50
594, 955, 42, 45, 0.7111, 3.6637, -0.7571, 3.5846, 0.3556, 200.80
594, 957, 35, 26, 0.8722, 0.9843, 0.9834, -0.0412, 0.6106, 242.79
594, 964, 113, 127, 0.6000, 1.3890, 0.9822, 0.9822, 0.1800, 92.67
594, 958, 26, 146, 0.5111, 11.4082, 5.1706, 10.1691, 0.2556, 170.40
595, 926, 70, 86, 1.0000, 5.5610, -3.4508, 4.3608, 1.0000, 154.18
595, 927, 94, 18, 0.6556, 11.0750, -5.3749, 9.6833, 0.2622, 158.00
595, 896, 114, 129, 0.6222, 5.2543, -0.4398, 5.2359, 0.3111, 113.60
595, 941, 80, 0, 0.7111, 8.0000, 2.0730, -7.7267, 0.3556, 193.80
595, 907, 72, 91, 1.0000, 1.4574, 1.3221, 0.6133, 1.0000, 186.67
595, 912, -1, 78, 0.6222, 18.1477, -17.8818, 3.0950, 0.3111, 189.60
595, 957, 37, 27, 0.9278, 1.9108, 1.7591, 0.7461, 0.7422, 244.06
595, 962, 16, 17, 0.6000, 30.8245, 10.5978, -28.9454, 0.1800, 207.33
595, 964, 95, 111, 0.6556, 20.5134, -15.5931, -13.3288, 0.2622, 101.25
595, 955, 41, 48, 0.6111, 3.6637, -0.7571, 3.5846, 0.3056, 200.80
596, 927, 93, 20, 0.7111, 2.9625, -1.4374, 2.5904, 0.3556, 159.60
596, 906, 25, 100, 1.0000, 1.0276, 1.0272, -0.0295, 1.0000, 185.64
596, 945, 113, 109, 0.6000, 1.3343, 0.9435, 0.9435, 0.1800, 92.33
596, 957, 38, 27, 0.9833, 1.3316, 1.2981, 0.2966, 0.8850, 245.06
596, 962, 33, 0, 0.6556, 24.5552, 16.2833, -18.3796, 0.2622, 208.00
596, 964, 74, 93, 0.7111, 27.1870, -20.3676, -18.0082, 0.3556, 119.60
596, 896, 113, 134, 0.5222, 5.2543, -0.4398, 5.2359, 0.2611, 113.60
596, 941, 82, -8, 0.6111, 8.0000, 2.0730, -7.7267, 0.3056, 193.80
596, 912, -18, 81, 0.5222, 18.1477, -17.8818, 3.0950, 0.2611, 189.60
597, 927, 94, 26, 0.7667, 4.9885, 0.2166, 4.9838, 0.4600, 159.33
597, 945, 115, 109, 0.7056, 1.8023, 1.7822, 0.2688, 0.2822, 94.50
597, 956, 67, 80, 0.6000, 73.4485, 2.7662, 73.3964, 0.1800, 181.00
597, 957, 39, 27, 1.0000, 1.0064, 1.0063, 0.0077, 1.0000, 245.65
597, 962, 36, -1, 0.7111, 5.4762, 4.6157, -2.9469, 0.3556, 208.40
597, 964, 57, 85, 0.7667, 19.0826, -16.9601, -8.7464, 0.4600, 141.67
597, 965, 30, 1, 0.6000, 1.8711, 1.8705, 0.0469, 0.1800, 247.17
597, 968, 51, 7, 0.6000, 19.9383, -10.3816, -17.0223, 0.1800, 195.67
597, 941, 84, -15, 0.5111, 8.0000, 2.0730, -7.7267, 0.2556, 193.80
598, 927, 74, 38, 0.8222, 20.7158, -17.2712, 11.4389, 0.5756, 171.00
598, 945, 101, 110, 0.7111, 12.4639, -12.4419, 0.7393, 0.3556, 102.80
598, 957, 40, 28, 1.0000, 1.1908, 0.9584, 0.7067, 1.0000, 246.14
598, 964, 57, 85, 0.8222, 1.9096, -1.8051, -0.6232, 0.5756, 157.57
598, 965, 31, 2, 0.7056, 1.4824, 1.2786, 0.7500, 0.2822, 248.62
598, 968, 16, 5, 0.6556, 32.5473, -32.3078, -3.9408, 0.2622, 194.25
598, 956, 70, 154, 0.5000, 73.4485, 2.7662, 73.3964, 0.1500, 181.00
599, 957, 42, 28, 1.0000, 1.7490, 1.7255, 0.2858, 1.0000, 246.88
599, 965, 32, 2, 0.7611, 1.0244, 0.9883, 0.2695, 0.3806, 249.50
599, 945, 88, 111, 0.6111, 12.4639, -12.4419, 0.7393, 0.3056, 102.80
599, 968, -17, 1, 0.5556, 32.5473, -32.3078, -3.9408, 0.2222, 194.25
600, 957, 43, 28, 1.0000, 1.3049, 1.3049, 0.0111, 1.0000, 247.19
600, 965, 33, 1, 0.8167, 1.2273, 0.9549, -0.7709, 0.4900, 245.42
600, 931, 35, 97, 0.5625, 39.3372, -39.2336, 2.8527, 0.2250, 201.00
600, 971, 65, 86, 0.6000, 0.9822, -0.9822, 0.0000, 0.1800, 207.00
600, 972, 31, 101, 0.6000, 0.8735, 0.8414, 0.2347, 0.1800, 222.67
601, 957, 43, 28, 1.0000, 0.2845, 0.2819, -0.0388, 1.0000, 246.04
601, 961, 80, 96, 0.6000, 46.4962, -43.7317, -15.7936, 0.1800, 116.33
601, 965, 22, 3, 0.8222, 9.8536, -9.6597, 1.9454, 0.5756, 241.07
601, 931, 17, 118, 0.6222, 28.1145, -20.8179, 18.8956, 0.3111, 192.50
601, 971, 65, 77, 0.6556, 7.5521, -0.2571, -7.5477, 0.2622, 200.50
601, 972, 33, 101, 0.7056, 1.7812, 1.7810, -0.0239, 0.2822, 227.75
602, 957, 41, 25, 1.0000, 3.7175, -2.2734, -2.9413, 1.0000, 242.97
602, 961, 34, 98, 0.6556, 45.4025, -45.4024, -0.0938, 0.2622, 148.75
602, 967, 45, 3, 0.6000, 14.5900, 1.8766, -14.4688, 0.1800, 202.33
602, 931, 17, 123, 0.6806, 7.0339, -2.5082, 6.5715, 0.4083, 188.50
602, 971, 55, 44, 0.7111, 31.6084, -9.1282, -30.2617, 0.3556, 199.60
602, 972, 16, 109, 0.7111, 16.2341, -14.7264, 6.8323, 0.3556, 217.00
603, 957, 36, 6, 1.0000, 16.9723, -3.9234, -16.5126, 1.0000, 243.34
603, 971, 53, 26, 0.7667, 19.7932, -2.6784, -19.6111, 0.4600, 199.50
603, 972, 13, 111, 0.7667, 5.0681, -4.3453, 2.6084, 0.4600, 211.83
603, 961, -11, 98, 0.5556, 45.4025, -45.4024, -0.0938, 0.2222, 148.75
603, 967, 47, -11, 0.5000, 14.5900, 1.8766, -14.4688, 0.1500, 202.33
604, 957, 36, 1, 1.0000, 6.6826, -0.6084, -6.6548, 1.0000, 243.85
604, 969, 39, 37, 0.6000, 9.4877, -9.0772, -2.7606, 0.1800, 209.67
604, 974, 33, 95, 0.7056, 2.1382, -1.5143, -1.5095, 0.2822, 232.50
604, 975, 53, 79, 0.6000, 30.0898, -24.3165, -17.7228, 0.1800, 201.33
604, 977, 77, 84, 0.6000, 54.4294, -46.6687, -28.0106, 0.1800, 118.33
605, 948, 80, 80, 0.6000, 44.3109, 1.9289, -44.2688, 0.1800, 136.00
605, 959, 75, 83, 0.6000, 55.3797, 41.9155, -36.1940, 0.1800, 174.33
605, 976, 80, 99, 0.6000, 1.2183, 0.9937, 0.7047, 0.1800, 171.67
605, 980, 58, 88, 0.6000, 0.9353, -0.9353, 0.0000, 0.1800, 167.00
605, 981, 37, 97, 0.6000, 0.8427, 0.8414, -0.0469, 0.1800, 213.00
605, 982, 39, 101, 0.6000, 1.9174, 1.9174, 0.0000, 0.1800, 223.33
605, 969, 30, 34, 0.5000, 9.4877, -9.0772, -2.7606, 0.1500, 209.67
605, 974, 32, 94, 0.6056, 2.1382, -1.5143, -1.5095, 0.2422, 232.50
605, 975, 29, 61, 0.5000, 30.0898, -24.3165, -17.7228, 0.1500, 201.33
605, 977, 31, 56, 0.5000, 54.4294, -46.6687, -28.0106, 0.1500, 118.33
606, 948, 74, 24, 0.6556, 54.5626, -4.7576, -54.3547, 0.2622, 150.00
606, 969, 16, 30, 0.6556, 12.1601, -11.5918, -3.6741, 0.2622, 212.25
606, 931, 24, 125, 0.9083, 1.1434, 0.8853, 0.7236, 0.9083, 176.30
606, 974, 13, 94, 0.7111, 11.6076, -11.5952, -0.5369, 0.3556, 218.60
606, 975, 40, 66, 0.6556, 6.7832, -4.6057, -4.9799, 0.2622, 199.50
606, 976, 80, 100, 0.7056, 1.1036, 0.2489, 1.0752, 0.2822, 177.25
606, 977, 32, 52, 0.6556, 24.4858, -19.6021, -14.6735, 0.2622, 145.75
606, 980, 77, 79, 0.6556, 18.0018, 16.3431, -7.5477, 0.2622, 172.25
606, 981, 38, 97, 0.7056, 1.0263, 1.0263, 0.0048, 0.2822, 223.50
606, 982, 40, 101, 0.7056, 1.2739, 1.2739, 0.0000, 0.2822, 222.75
606, 985, 73, 17, 0.6000, 28.6132, -28.0576, 5.6115, 0.1800, 164.83
606, 959, 117, 46, 0.5000, 55.3797, 41.9155, -36.1940, 0.1500, 174.33
607, 969, 6, 21, 0.7111, 13.6090, -10.4773, -8.6850, 0.3556, 211.00
607, 975, 51, 44, 0.7111, 23.1943, 10.2650, -20.7992, 0.3556, 198.40
607, 976, 81, 101, 0.7611, 1.2890, 0.7233, 1.0670, 0.3806, 178.00
607, 977, 36, 28, 0.7111, 22.9343, 1.9376, -22.8523, 0.3556, 156.40
607, 980, 85, 75, 0.7111, 9.8265, 8.4205, -5.0650, 0.3556, 177.30
607, 981, 38, 97, 0.7611, 0.2670, 0.2669, 0.0079, 0.3806, 229.80
607, 982, 42, 102, 0.7611, 1.9037, 1.7439, 0.7635, 0.3806, 219.80
607, 983, 41, 3, 0.7056, 2.2787, 2.2787, -0.0096, 0.2822, 242.75
607, 985, 42, 15, 0.6556, 31.2635, -31.2558, -0.6927, 0.2622, 175.38
607, 948, 69, -31, 0.5556, 54.5626, -4.7576, -54.3547, 0.2222, 150.00
607, 974, 1, 93, 0.6111, 11.6076, -11.5952, -0.5369, 0.3056, 218.60
608, 976, 81, 102, 0.8167, 1.0425, 0.2396, 1.0146, 0.4900, 181.67
608, 980, 85, 72, 0.7667, 2.8484, 1.5943, -2.3605, 0.4600, 184.75
608, 981, 24, 106, 0.7667, 14.4644, -12.2781, 7.6463, 0.4600, 227.50
608, 982, 43, 102, 0.8167, 1.2774, 1.2437, 0.2911, 0.4900, 219.33
608, 983, 42, 4, 0.7611, 1.7838, 1.6196, 0.7477, 0.3806, 244.80
608, 986, 43, 50, 0.6000, 19.1973, 13.2076, 13.9318, 0.1800, 197.33
608, 969, -5, 12, 0.6111, 13.6090, -10.4773, -8.6850, 0.3056, 211.00
608, 985, 10, 14, 0.5556, 31.2635, -31.2558, -0.6927, 0.2222, 175.38
609, 976, 81, 104, 0.8722, 1.7563, -0.0127, 1.7562, 0.6106, 182.14
609, 982, 38, 120, 0.8222, 16.5457, -4.3360, 15.9674, 0.5756, 209.00
609, 983, 43, 4, 0.8167, 1.0883, 1.0500, 0.2865, 0.4900, 245.00
609, 986, 66, 92, 0.6556, 43.7710, 21.6985, 38.0142, 0.2622, 187.88
609, 988, 28, 125, 0.6000, 42.9038, -25.2987, 34.6513, 0.1800, 172.17
609, 969, -15, 4, 0.5111, 13.6090, -10.4773, -8.6850, 0.2556, 211.00
609, 980, 87, 70, 0.6667, 2.8484, 1.5943, -2.3605, 0.4000, 184.75
610, 966, 95, 9, 0.6000, 63.4634, 63.4347, -1.9073, 0.1800, 212.33
610, 976, 81, 106, 0.9278, 2.0488, -0.0398, 2.0484, 0.7422, 182.88
610, 978, 119, 24, 0.6000, 22.1224, 9.9224, 19.7723, 0.1800, 151.33
610, 980, 88, 69, 0.8222, 2.1369, 1.3240, -1.6772, 0.5756, 191.71
610, 983, 32, 13, 0.8222, 12.3989, -9.7657, 7.6396, 0.5756, 246.14
610, 986, 87, 130, 0.5556, 43.7710, 21.6985, 38.0142, 0.2222, 187.88
610, 988, 3, 160, 0.5000, 42.9038, -25.2987, 34.6513, 0.1500, 172.17
611, 976, 80, 106, 0.9833, 0.9435, -0.7656, 0.5514, 0.8850, 179.67
611, 980, 91, 67, 0.8778, 3.2314, 2.6204, -1.8909, 0.7022, 189.62
611, 966, 158, 7, 0.5000, 63.4634, 63.4347, -1.9073, 0.1500, 212.33
611, 978, 129, 44, 0.5000, 22.1224, 9.9224, 19.7723, 0.1500, 151.33
612, 976, 80, 109, 1.0000, 2.1810, -0.3007, 2.1602, 1.0000, 183.40
612, 980, 94, 66, 0.9333, 3.3326, 3.0944, -1.2371, 0.8400, 192.22
612, 991, 41, 97, 0.6000, 1.2563, -0.8883, 0.8883, 0.1800, 226.00
613, 976, 79, 111, 1.0000, 2.4019, -0.7511, 2.2814, 1.0000, 181.00
613, 980, 98, 65, 0.9889, 3.9713, 3.8525, -0.9640, 0.9889, 189.13
613, 990, 59, 33, 0.6000, 1.3477, 0.8037, 1.0818, 0.1800, 235.00
613, 991, 43, 98, 0.7056, 1.6087, 1.2428, 1.0215, 0.2822, 233.25
613, 992, 48, 4, 0.6000, 1.0291, 1.0291, 0.0000, 0.1800, 253.00
614, 976, 79, 113, 1.0000, 2.1083, -0.2638, 2.0917, 1.0000, 182.17
614, 980, 99, 64, 1.0000, 2.0217, 1.7837, -0.9517, 1.0000, 191.21
614, 989, 84, 73, 0.6000, 11.4860, 8.6168, 7.5947, 0.1800, 187.00
614, 946, 58, 93, 0.5625, 28.5052, 20.3666, 19.9436, 0.2250, 187.75
614, 990, 61, 33, 0.7056, 1.8380, 1.8250, 0.2186, 0.2822, 239.50
614, 991, 44, 98, 0.7611, 1.3617, 1.3368, 0.2590, 0.3806, 237.60
614, 992, 49, 4, 0.7056, 1.0071, 1.0071, 0.0000, 0.2822, 253.50
615, 976, 78, 115, 1.0000, 2.1251, -0.7308, 1.9954, 1.0000, 184.00
615, 980, 103, 64, 1.0000, 3.1828, 3.1750, -0.2229, 1.0000, 189.03
615, 990, 63, 33, 0.7611, 2.0956, 2.0946, -0.0632, 0.3806, 238.80
615, 991, 44, 98, 0.8167, 0.3324, 0.3287, -0.0500, 0.4900, 240.50
615, 992, 50, 4, 0.7611, 0.9988, 0.9988, 0.0000, 0.3806, 253.20
615, 989, 92, 80, 0.5000, 11.4860, 8.6168, 7.5947, 0.1500, 187.00
616, 976, 77, 117, 1.0000, 2.2214, -0.9992, 1.9840, 1.0000, 182.36
616, 980, 105, 63, 1.0000, 2.5800, 2.4804, -0.7102, 1.0000, 186.91
616, 942, 21, 64, 0.5625, 10.4203, 10.0597, -2.7174, 0.2250, 193.50
616, 946, 56, 108, 0.6222, 7.1644, -4.6533, 5.4475, 0.3111, 193.60
616, 990, 64, 34, 0.8167, 1.4781, 1.2973, 0.7083, 0.4900, 241.50
616, 991, 45, 98, 0.8722, 0.6954, 0.6931, -0.0568, 0.6106, 236.57
616, 992, 51, 4, 0.8167, 0.9985, 0.9985, 0.0000, 0.4900, 248.58
616, 995, 52, 13, 0.6000, 42.4369, -42.3516, -2.6892, 0.1800, 181.50
617, 976, 75, 119, 1.0000, 2.6648, -1.7679, 1.9939, 1.0000, 182.60
617, 980, 106, 63, 1.0000, 1.2707, 1.2481, -0.2388, 1.0000, 186.92
617, 984, 89, 6, 0.6000, 37.6742, -37.5699, 2.8012, 0.1800, 155.67
617, 942, 30, 72, 0.6222, 11.3487, 9.1136, 6.7629, 0.3111, 193.60
617, 990, 66, 34, 0.8722, 1.7406, 1.7180, 0.2796, 0.6106, 239.43
617, 991, 46, 99, 0.9278, 1.2272, 0.9781, 0.7411, 0.7422, 237.75
617, 992, 53, 4, 0.8722, 1.7599, 1.7599, 0.0000, 0.6106, 248.64
617, 994, 33, 24, 0.6000, 15.0951, 9.7355, 11.5361, 0.1800, 206.33
617, 995, 33, 7, 0.6556, 23.3319, -22.5061, -6.1528, 0.2622, 188.38
617, 946, 51, 113, 0.5222, 7.1644, -4.6533, 5.4475, 0.2611, 193.60
618, 976, 73, 120, 1.0000, 2.4201, -2.0556, 1.2773, 1.0000, 181.08
618, 980, 110, 64, 1.0000, 3.2643, 3.1706, 0.7764, 1.0000, 188.66
618, 984, 64, 31, 0.6556, 34.6084, -26.7032, 22.0154, 0.2622, 178.12
618, 989, 92, 77, 0.6556, 0.8288, 0.1906, -0.8066, 0.2622, 177.75
618, 990, 74, 39, 0.8778, 8.6240, 7.3157, 4.5667, 0.7022, 236.12
618, 991, 46, 99, 0.9833, 0.4143, 0.2846, 0.3011, 0.8850, 238.11
618, 992, 54, 4, 0.9278, 1.2962, 1.2962, 0.0000, 0.7422, 248.69
618, 994, 47, 50, 0.6556, 27.8446, 13.7542, 24.2104, 0.2622, 208.50
618, 960, 41, 96, 0.5625, 7.3650, 4.7701, -5.6115, 0.2250, 170.25
618, 1001, 9, 56, 0.6000, 36.0999, 6.5937, 35.4926, 0.1800, 211.67
618, 942, 39, 79, 0.5222, 11.3487, 9.1136, 6.7629, 0.2611, 193.60
618, 995, 10, 0, 0.5556, 23.3319, -22.5061, -6.1528, 0.2222, 188.38
619, 976, 72, 124, 1.0000, 3.3969, -1.3426, 3.1204, 1.0000, 181.31
619, 980, 113, 64, 1.0000, 3.3372, 3.3208, 0.3314, 1.0000, 192.80
619, 989, 72, 79, 0.7111, 19.5293, -19.4795, 1.3948, 0.3556, 176.40
619, 991, 47, 100, 1.0000, 1.0435, 0.7167, 0.7584, 1.0000, 239.30
619, 992, 53, 4, 0.9833, 0.4981, -0.4981, 0.0000, 0.8850, 246.17
619, 994, 67, 65, 0.7111, 25.2570, 19.0536, 16.5794, 0.3556, 206.60
619, 1002, 36, 99, 0.6000, 37.0884, 32.4029, 18.0444, 0.1800, 192.67
619, 1009, 67, 33, 0.6000, 24.5797, 15.9462, 18.7050, 0.1800, 213.50
619, 1011, 59, 109, 0.6000, 1.9180, 1.9174, 0.0469, 0.1800, 218.17
619, 984, 37, 53, 0.5556, 34.6084, -26.7032, 22.0154, 0.2222, 178.12
619, 990, 81, 44, 0.7778, 8.6240, 7.3157, 4.5667, 0.6222, 236.12
619, 1001, 15, 92, 0.5000, 36.0999, 6.5937, 35.4926, 0.1500, 211.67
620, 976, 70, 126, 1.0000, 3.1166, -1.6989, 2.6128, 1.0000, 182.46
620, 980, 115, 64, 1.0000, 2.3384, 2.3384, 0.0148, 1.0000, 196.46
620, 984, 13, 68, 0.7111, 31.3397, -25.4562, 18.2800, 0.3556, 180.90
620, 942, 40, 100, 0.6806, 9.9677, 1.9204, 9.7809, 0.4083, 190.33
620, 946, 28, 100, 0.6806, 8.6645, -7.5970, -4.1664, 0.4083, 188.67
620, 990, 77, 40, 0.9333, 0.3959, 0.3956, -0.0130, 0.8400, 233.78
620, 991, 48, 100, 1.0000, 1.0261, 0.9918, 0.2630, 1.0000, 240.55
620, 992, 56, 4, 1.0000, 2.5988, 2.5988, 0.0000, 1.0000, 246.75
620, 994, 79, 103, 0.7667, 37.9234, 12.9066, 35.6596, 0.4600, 194.67
620, 995, 5, 24, 0.7111, 10.6271, -5.6645, 8.9915, 0.3556, 192.10
620, 951, 107, 10, 0.5625, 35.0169, 30.2136, -17.7009, 0.2250, 181.75
620, 1001, 25, 84, 0.6556, 13.7775, 8.2636, 11.0242, 0.2622, 204.50
620, 1002, 64, 119, 0.6556, 34.2762, 27.9612, 19.8249, 0.2622, 183.75
620, 1009, 71, 37, 0.6556, 7.9366, 5.2028, 5.9934, 0.2622, 223.38
620, 1011, 50, 105, 0.6556, 8.6522, -7.7834, -3.7786, 0.2622, 203.12
621, 980, 117, 65, 1.0000, 2.0667, 1.9396, 0.7135, 1.0000, 193.32
621, 990, 70, 33, 0.9889, 8.6756, -5.7568, -6.4904, 0.9889, 231.50
621, 991, 49, 101, 1.0000, 1.2719, 1.0393, 0.7331, 1.0000, 237.75
621, 992, 58, 4, 1.0000, 1.8729, 1.8729, 0.0000, 1.0000, 247.50
621, 950, 51, 16, 0.5625, 37.2507, 22.9429, -29.3469, 0.2250, 211.25
621, 1001, 36, 98, 0.7111, 17.6914, 11.2855, 13.6243, 0.3556, 198.40
621, 1009, 72, 36, 0.7111, 1.3716, 1.3488, -0.2494, 0.3556, 229.70
621, 976, 68, 129, 0.9000, 3.1166, -1.6989, 2.6128, 0.9000, 182.46
621, 984, -13, 87, 0.6111, 31.3397, -25.4562, 18.2800, 0.3056, 180.90
621, 1002, 92, 139, 0.5556, 34.2762, 27.9612, 19.8249, 0.2222, 183.75
621, 1011, 42, 101, 0.5556, 8.6522, -7.7834, -3.7786, 0.2222, 203.12
622, 980, 120, 65, 1.0000, 2.6928, 2.6783, 0.2797, 1.0000, 191.44
622, 991, 49, 101, 1.0000, 0.3880, 0.2827, 0.2658, 1.0000, 237.62
622, 992, 60, 4, 1.0000, 1.8575, 1.8575, 0.0000, 1.0000, 244.88
622, 960, 49, 62, 0.6222, 9.4638, 1.2952, -9.3747, 0.3111, 178.80
622, 1009, 72, 36, 0.7667, 0.5592, 0.5208, -0.2037, 0.4600, 233.92
622, 1011, 35, 98, 0.7111, 7.9901, -7.2854, -3.2810, 0.3556, 201.50
622, 1012, 67, 36, 0.6000, 43.1130, 39.2806, -17.7698, 0.1800, 207.67
622, 976, 67, 131, 0.8000, 3.1166, -1.6989, 2.6128, 0.8000, 182.46
622, 984, -38, 105, 0.5111, 31.3397, -25.4562, 18.2800, 0.2556, 180.90
622, 990, 64, 27, 0.8889, 8.6756, -5.7568, -6.4904, 0.8889, 231.50
623, 973, 52, 99, 0.6000, 45.3045, 35.6572, -27.9475, 0.1800, 170.00
623, 980, 123, 65, 1.0000, 3.0281, 3.0281, 0.0064, 1.0000, 193.97
623, 940, 53, 73, 0.5625, 52.6039, -26.5237, 45.4275, 0.2250, 183.50
623, 990, 39, 9, 1.0000, 21.2624, -17.0863, -12.6551, 1.0000, 230.09
623, 991, 50, 102, 1.0000, 1.0056, 0.6908, 0.7307, 1.0000, 238.86
623, 992, 61, 4, 1.0000, 1.2249, 1.2249, 0.0000, 1.0000, 243.69
623, 960, 70, 38, 0.6806, 31.0662, 20.3664, -23.4589, 0.4083, 186.92
623, 1009, 80, 27, 0.8222, 10.4247, 6.9521, -7.7681, 0.5756, 226.64
623, 1012, 96, 8, 0.6556, 39.6735, 29.8703, -26.1103, 0.2622, 198.50
623, 941, 34, 5, 0.5062, 63.2935, -62.5780, -9.4901, 0.4050, 165.12
623, 976, 65, 134, 0.7000, 3.1166, -1.6989, 2.6128, 0.7000, 182.46
623, 1011, 28, 95, 0.6111, 7.9901, -7.2854, -3.2810, 0.3056, 201.50
624, 970, 56, 14, 0.6000, 5.2149, -4.8426, 1.9351, 0.1800, 195.33
624, 973, 91, 80, 0.6556, 44.1546, 39.1382, -20.4409, 0.2622, 165.00
624, 976, 56, 124, 1.0000, 4.2547, -4.0206, -1.3919, 1.0000, 180.33
624, 980, 126, 66, 1.0000, 3.1395, 3.0595, 0.7042, 1.0000, 193.54
624, 940, 32, 102, 0.6222, 38.5688, -21.8639, 31.7730, 0.3111, 184.60
624, 991, 51, 102, 1.0000, 1.0156, 0.9786, 0.2717, 1.0000, 239.80
624, 992, 62, 4, 1.0000, 0.9635, 0.9635, 0.0000, 1.0000, 244.21
624, 960, 78, 24, 0.7381, 17.9562, 9.1455, -15.4526, 0.5167, 189.07
624, 1009, 83, 26, 0.8778, 3.8047, 3.2319, -2.0075, 0.7022, 220.81
624, 1011, 18, 86, 0.7667, 10.6692, -8.6182, -6.2895, 0.4600, 197.75
624, 1012, 125, -18, 0.5556, 39.6735, 29.8703, -26.1103, 0.2222, 198.50
625, 970, 34, 20, 0.6556, 20.9710, -20.1529, 5.8003, 0.2622, 193.50
625, 976, 51, 105, 1.0000, 18.2431, -4.8397, -17.5895, 1.0000, 183.96
625, 940, 36, 128, 0.6806, 26.3723, 0.7670, 26.3611, 0.4083, 184.83
625, 991, 55, 100, 1.0000, 4.4854, 3.9290, -2.1637, 1.0000, 235.44
625, 947, 102, 108, 0.5625, 62.4868, 60.3919, -16.0440, 0.2250, 134.75
625, 992, 63, 4, 1.0000, 0.9496, 0.9496, 0.0000, 1.0000, 243.30
625, 960, 96, 7, 0.7951, 23.3912, 16.7563, -16.3211, 0.6361, 184.94
625, 1006, 62, 117, 0.6000, 45.9109, 45.8742, 1.8364, 0.1800, 147.67
625, 1009, 83, 27, 0.9333, 1.0135, 0.9248, 0.4147, 0.8400, 216.17
625, 1011, 13, 87, 0.8222, 5.0770, -5.0769, 0.0333, 0.5756, 194.21
625, 1012, 120, 5, 0.7111, 9.4296, 9.2236, 1.9602, 0.3556, 185.00
625, 973, 131, 59, 0.5556, 44.1546, 39.1382, -20.4409, 0.2222, 165.00
625, 980, 129, 67, 0.9000, 3.1395, 3.0595, 0.7042, 0.9000, 193.54
626, 970, 2, 4, 0.7111, 33.5377, -30.4022, -14.1593, 0.3556, 200.60
626, 976, 34, 98, 1.0000, 17.3381, -15.1012, -8.5184, 1.0000, 183.54
626, 991, 57, 99, 1.0000, 2.4954, 2.2894, -0.9928, 1.0000, 230.88
626, 992, 65, 4, 1.0000, 1.7063, 1.7063, 0.0000, 1.0000, 243.78
626, 1009, 84, 27, 0.9889, 0.7839, 0.6611, 0.4214, 0.9889, 212.75
626, 1013, 87, 38, 0.6000, 24.3659, -10.5581, 21.9596, 0.1800, 176.00
626, 980, 132, 67, 0.8000, 3.1395, 3.0595, 0.7042, 0.8000, 193.54
626, 940, 36, 154, 0.5806, 26.3723, 0.7670, 26.3611, 0.3483, 184.83
626, 960, 112, -9, 0.6951, 23.3912, 16.7563, -16.3211, 0.5561, 184.94
626, 1006, 108, 119, 0.5000, 45.9109, 45.8742, 1.8364, 0.1500, 147.67
626, 1011, 8, 87, 0.7222, 5.0770, -5.0769, 0.0333, 0.5056, 194.21
627, 991, 58, 100, 1.0000, 1.2680, 1.1081, 0.6164, 1.0000, 227.61
627, 992, 67, 4, 1.0000, 2.0364, 2.0364, 0.0000, 1.0000, 244.32
627, 1009, 85, 28, 1.0000, 1.2636, 0.8984, 0.8885, 1.0000, 209.77
627, 1013, 86, 45, 0.6556, 9.6316, -2.5898, 9.2769, 0.2622, 176.50
627, 1018, 51, 95, 0.6000, 1.4070, 1.0419, -0.9456, 0.1800, 173.00
627, 1019, 98, 14, 0.6000, 23.7394, 21.4169, -10.2408, 0.1800, 173.33
627, 1020, 79, 38, 0.6000, 1.3906, 1.0291, 0.9353, 0.1800, 240.83
627, 970, -28, -10, 0.6111, 33.5377, -30.4022, -14.1593, 0.3056, 200.60
627, 980, 135, 68, 0.7000, 3.1395, 3.0595, 0.7042, 0.7000, 193.54
627, 1011, 3, 87, 0.6222, 5.0770, -5.0769, 0.0333, 0.4356, 194.21
628, 991, 55, 103, 1.0000, 3.7315, -2.7084, 2.5668, 1.0000, 227.00
628, 992, 68, 4, 1.0000, 1.3486, 1.3486, 0.0000, 1.0000, 244.81
628, 1006, 128, 116, 0.6556, 16.4786, 16.4625, -0.7283, 0.2622, 128.75
628, 1009, 96, 28, 1.0000, 10.6811, 10.6785, 0.2352, 1.0000, 205.29
628, 1011, 2, 106, 0.8778, 8.5698, -3.4907, 7.8266, 0.7022, 189.69
628, 1013, 92, 49, 0.7111, 6.6301, 5.0266, 4.3234, 0.3556, 175.40
628, 1018, 49, 100, 0.7056, 4.4806, -1.2803, 4.2938, 0.2822, 171.25
628, 1019, 107, 4, 0.6556, 14.8469, 10.5626, -10.4337, 0.2622, 167.75
628, 1020, 81, 38, 0.7056, 1.7813, 1.7619, 0.2619, 0.2822, 244.38
628, 1022, 98, 15, 0.6000, 34.2486, 28.0576, -19.6403, 0.1800, 193.00
628, 980, 138, 69, 0.6000, 3.1395, 3.0595, 0.7042, 0.6000, 193.54
629, 991, 55, 103, 1.0000, 1.2713, -0.6976, 1.0628, 1.0000, 226.80
629, 992, 69, 4, 1.0000, 0.9909, 0.9909, 0.0000, 1.0000, 245.24
629, 1007, 53, 95, 0.6000, 37.9516, 28.2027, -25.3955, 0.1800, 164.67
629, 1014, 86, 29, 0.6000, 17.9787, 15.0152, -9.8881, 0.1800, 198.67
629, 1019, 120, 5, 0.7111, 13.2926, 13.2911, -0.2019, 0.3556, 160.00
629, 1020, 82, 39, 0.7611, 1.4739, 1.2762, 0.7372, 0.3806, 246.50
629, 1021, 28, 24, 0.6000, 38.3372, -35.8962, 13.4611, 0.1800, 196.67
629, 1022, 102, 12, 0.6556, 9.5918, 7.8579, -5.5005, 0.2622, 185.00
629, 1025, 17, 91, 0.6000, 35.5519, 0.9353, -35.5396, 0.1800, 182.83
629, 980, 141, 69, 0.5000, 3.1395, 3.0595, 0.7042, 0.5000, 193.54
629, 1006, 145, 115, 0.5556, 16.4786, 16.4625, -0.7283, 0.2222, 128.75
629, 1009, 107, 28, 0.9000, 10.6811, 10.6785, 0.2352, 0.9000, 205.29
629, 1013, 97, 53, 0.6111, 6.6301, 5.0266, 4.3234, 0.3056, 175.40
629, 1018, 48, 104, 0.6056, 4.4806, -1.2803, 4.2938, 0.2422, 171.25
630, 991, 55, 104, 1.0000, 0.7826, 0.1260, 0.7724, 1.0000, 228.05
630, 992, 70, 4, 1.0000, 0.9395, 0.9395, 0.0000, 1.0000, 243.82
630, 1007, 91, 45, 0.6556, 59.5861, 36.1042, -47.4024, 0.2622, 167.50
630, 1014, 99, 15, 0.6556, 19.0003, 13.1626, -13.7024, 0.2622, 188.25
630, 1018, 50, 101, 0.7611, 0.4669, 0.4639, 0.0522, 0.3806, 167.00
630, 1019, 125, 7, 0.7667, 5.9982, 5.8221, 1.4429, 0.4600, 156.50
630, 1020, 84, 39, 0.8167, 1.7754, 1.7587, 0.2429, 0.4900, 247.58
630, 1021, 8, 31, 0.6556, 22.8738, -21.4792, 7.8649, 0.2622, 199.00
630, 1025, 8, 58, 0.6556, 34.1378, -7.2858, -33.3513, 0.2622, 185.12
630, 1009, 118, 29, 0.8000, 10.6811, 10.6785, 0.2352, 0.8000, 205.29
630, 1013, 102, 58, 0.5111, 6.6301, 5.0266, 4.3234, 0.2556, 175.40
630, 1022, 110, 6, 0.5556, 9.5918, 7.8579, -5.5005, 0.2222, 185.00
631, 991, 57, 94, 1.0000, 8.6467, 2.2994, -8.3354, 1.0000, 225.64
631, 992, 72, 4, 1.0000, 1.6755, 1.6755, 0.0000, 1.0000, 243.36
631, 1005, 37, 63, 0.6000, 50.3899, 23.6514, -44.4944, 0.1800, 169.67
631, 1014, 97, 2, 0.7111, 12.9448, -0.9406, -12.9106, 0.3556, 183.60
631, 1018, 29, 104, 0.7667, 19.4855, -19.3700, 2.1180, 0.4600, 168.00
631, 1019, 126, 7, 0.8222, 1.1473, 0.9957, 0.5699, 0.5756, 151.71
631, 1020, 85, 39, 0.8722, 1.2518, 1.2518, -0.0134, 0.6106, 248.64
631, 1022, 105, 7, 0.7111, 1.9473, 0.0183, -1.9472, 0.3556, 178.00
631, 1007, 127, -3, 0.5556, 59.5861, 36.1042, -47.4024, 0.2222, 167.50
631, 1009, 128, 29, 0.7000, 10.6811, 10.6785, 0.2352, 0.7000, 205.29
631, 1021, -13, 39, 0.5556, 22.8738, -21.4792, 7.8649, 0.2222, 199.00
631, 1025, 1, 24, 0.5556, 34.1378, -7.2858, -33.3513, 0.2222, 185.12
632, 991, 42, 65, 1.0000, 29.0553, -13.1633, -25.9025, 1.0000, 224.52
632, 992, 65, 2, 1.0000, 5.8230, -5.6533, -1.3957, 1.0000, 241.25
632, 1005, 39, 10, 0.6556, 52.1780, 5.1922, -51.9190, 0.2622, 181.75
632, 1009, 107, 23, 1.0000, 1.7553, 0.1533, -1.7486, 1.0000, 200.65
632, 1019, 127, 7, 0.8778, 1.0742, 1.0741, -0.0049, 0.7022, 150.12
632, 1020, 87, 40, 0.9278, 1.8847, 1.7437, 0.7154, 0.7422, 249.19
632, 1014, 96, -11, 0.6111, 12.9448, -0.9406, -12.9106, 0.3056, 183.60
633, 1020, 89, 40, 0.9833, 2.0286, 2.0086, 0.2846, 0.8850, 248.06
633, 1027, 61, 33, 0.6000, 3.9349, -2.7588, 2.8058, 0.1800, 216.00
633, 1028, 53, 38, 0.6000, 8.8539, -7.5759, 4.5824, 0.1800, 218.33
633, 992, 59, 1, 0.9000, 5.8230, -5.6533, -1.3957, 0.9000, 241.25
633, 1005, 44, -42, 0.5556, 52.1780, 5.1922, -51.9190, 0.2222, 181.75
633, 1019, 128, 7, 0.7778, 1.0742, 1.0741, -0.0049, 0.6222, 150.12
634, 1019, 127, 7, 0.9333, 0.1439, -0.1316, -0.0581, 0.8400, 147.44
634, 1020, 90, 41, 1.0000, 1.4983, 1.2938, 0.7556, 1.0000, 248.45
634, 1027, 61, 33, 0.7056, 1.1147, -0.7906, 0.7858, 0.2822, 212.00
634, 1028, 44, 46, 0.6556, 12.0267, -8.8788, 8.1122, 0.2622, 227.00
634, 987, 23, 106, 0.5625, 40.6733, -40.4036, 4.6763, 0.2250, 175.00
634, 1031, 62, 92, 0.6000, 0.9400, 0.0939, -0.9353, 0.1800, 172.17
635, 1019, 124, 10, 0.9889, 4.1288, -2.5399, 3.2551, 0.9889, 145.65
635, 1020, 92, 41, 1.0000, 1.7323, 1.7120, 0.2643, 1.0000, 248.14
635, 1027, 76, 39, 0.7111, 14.7843, 13.8148, 5.2657, 0.3556, 210.80
635, 1028, 36, 55, 0.7111, 11.9277, -8.3786, 8.4893, 0.3556, 232.30
635, 1031, 65, 92, 0.7056, 2.2699, 2.2548, -0.2619, 0.2822, 171.12
635, 1032, 59, 105, 0.7056, 0.7500, 0.7500, -0.0048, 0.2822, 250.00
636, 1019, 119, 16, 1.0000, 7.5682, -5.6121, 5.0776, 1.0000, 145.14
636, 1020, 93, 42, 1.0000, 1.4485, 1.2487, 0.7341, 1.0000, 247.38
636, 1027, 81, 41, 0.7667, 5.7055, 5.3823, 1.8932, 0.4600, 210.33
636, 1028, 28, 65, 0.7667, 12.5830, -8.0163, 9.6990, 0.4600, 231.58
636, 987, -1, 87, 0.6222, 13.9631, -8.5314, -11.0536, 0.3111, 175.80
636, 1029, 96, 29, 0.6000, 7.5597, 2.6892, -7.0652, 0.1800, 169.00
636, 1031, 66, 91, 0.7611, 1.7435, 1.5800, -0.7372, 0.3806, 169.90
636, 1032, 60, 105, 0.7611, 1.0331, 1.0331, -0.0079, 0.3806, 240.70
636, 1034, 110, 8, 0.6000, 10.5812, -7.4820, -7.4820, 0.1800, 138.67
637, 996, 50, 10, 0.6000, 25.9734, 18.3624, -18.3695, 0.1800, 211.33
637, 1020, 95, 42, 1.0000, 1.7508, 1.7305, 0.2660, 1.0000, 247.73
637, 1023, 33, 58, 0.6000, 40.3924, -31.6357, -25.1144, 0.1800, 181.67
637, 1028, 18, 73, 0.8222, 12.7835, -9.4789, 8.5772, 0.5756, 234.93
637, 1029, 96, 27, 0.6556, 2.3734, 0.8229, -2.2262, 0.2622, 166.75
637, 1031, 68, 91, 0.8167, 1.8191, 1.8028, -0.2429, 0.4900, 169.92
637, 1032, 62, 106, 0.8167, 1.9670, 1.8134, 0.7621, 0.4900, 233.58
637, 1034, 109, 7, 0.6556, 2.9634, -2.0954, -2.0954, 0.2622, 142.50
637, 1039, 17, 108, 0.6000, 1.9180, -1.9174, 0.0469, 0.1800, 179.50
637, 1027, 86, 43, 0.6667, 5.7055, 5.3823, 1.8932, 0.4000, 210.33
637, 987, -10, 76, 0.5222, 13.9631, -8.5314, -11.0536, 0.2611, 175.80
638, 996, 53, 7, 0.6556, 7.0307, 4.9731, -4.9698, 0.2622, 208.50
638, 1020, 97, 42, 1.0000, 2.0013, 2.0013, -0.0002, 1.0000, 248.25
638, 1023, 11, 4, 0.6556, 55.1478, -23.6670, -49.8112, 0.2622, 190.25
638, 1028, 6, 103, 0.8778, 30.4646, -12.3821, 27.8348, 0.7022, 226.56
638, 1031, 71, 90, 0.8722, 2.8451, 2.7453, -0.7469, 0.6106, 168.79
638, 1032, 70, 113, 0.8222, 9.7610, 7.3903, 6.3765, 0.5756, 220.79
638, 1033, 84, 5, 0.7111, 15.0593, -12.9801, -7.6354, 0.3556, 179.40
638, 1037, 66, 51, 0.6000, 22.2321, -11.3623, 19.1093, 0.1800, 175.33
638, 1039, 16, 109, 0.7056, 1.4782, -1.2739, 0.7500, 0.2822, 184.88
638, 1029, 97, 25, 0.5556, 2.3734, 0.8229, -2.2262, 0.2222, 166.75
638, 1034, 107, 5, 0.5556, 2.9634, -2.0954, -2.0954, 0.2222, 142.50
639, 984, 123, 100, 1.0000, 1.2634, 0.9505, -0.8322, 1.0000, 148.26
639, 1010, 1, 90, 0.6000, 11.5887, -7.6933, 8.6667, 0.1800, 217.50
639, 1020, 98, 43, 1.0000, 1.4835, 1.3156, 0.6854, 1.0000, 246.37
639, 1031, 73, 90, 0.9278, 2.3330, 2.3189, -0.2556, 0.7422, 167.69
639, 1033, 82, 3, 0.7667, 4.4913, -3.4201, -2.9111, 0.4600, 191.67
639, 1034, 88, 2, 0.7111, 12.2554, -11.9799, -2.5841, 0.3556, 144.80
639, 1037, 66, 59, 0.6556, 9.2042, -1.0668, 9.1421, 0.2622, 183.00
639, 1038, 112, 10, 0.6000, 35.0807, 23.8451, -25.7306, 0.1800, 168.33
639, 1039, 14, 110, 0.7611, 2.0269, -1.7439, 1.0331, 0.3806, 181.30
639, 978, 110, 84, 0.5250, 2.1564, 0.4956, 2.0986, 0.3150, 146.83
639, 996, 58, 2, 0.5556, 7.0307, 4.9731, -4.9698, 0.2222, 208.50
639, 1023, -13, -46, 0.5556, 55.1478, -23.6670, -49.8112, 0.2222, 190.25
639, 1032, 77, 119, 0.7222, 9.7610, 7.3903, 6.3765, 0.5056, 220.79
640, 996, 71, 14, 0.7111, 10.5852, 9.2819, 5.0883, 0.3556, 204.00
640, 1010, 6, 106, 0.6556, 15.5204, 3.1748, 15.1922, 0.2622, 202.88
640, 1020, 100, 43, 1.0000, 1.7288, 1.7031, 0.2972, 1.0000, 245.41
640, 1029, 119, 14, 0.7111, 10.3524, 9.1260, -4.8876, 0.3556, 159.00
640, 1031, 73, 90, 0.9833, 0.5132, 0.5131, 0.0087, 0.8850, 166.94
640, 1033, 84, 3, 0.8222, 1.3476, 1.3476, 0.0001, 0.5756, 200.29
640, 1037, 66, 86, 0.7111, 25.3148, -0.3423, 25.3125, 0.3556, 179.20
640, 1039, 13, 109, 0.8167, 1.3331, -1.2437, -0.4798, 0.4900, 179.83
640, 1032, 85, 126, 0.6222, 9.7610, 7.3903, 6.3765, 0.4356, 220.79
640, 1038, 135, -15, 0.5000, 35.0807, 23.8451, -25.7306, 0.1500, 168.33
641, 1010, 12, 112, 0.7111, 9.1217, 5.2053, 7.4907, 0.3556, 196.30
641, 1020, 101, 44, 1.0000, 1.4609, 1.2590, 0.7409, 1.0000, 244.32
641, 1032, 94, 127, 0.8778, 9.2353, 8.1708, 4.3045, 0.7022, 218.44
641, 1033, 87, 4, 0.8778, 2.5766, 2.5414, 0.4247, 0.7022, 206.00
641, 1039, 9, 108, 0.8722, 3.4453, -3.2669, -1.0944, 0.6106, 179.57
641, 1040, 96, 15, 0.6000, 20.3088, 19.3794, -6.0732, 0.1800, 176.67
641, 1031, 74, 90, 0.8833, 0.5132, 0.5131, 0.0087, 0.7950, 166.94
641, 1037, 66, 111, 0.6111, 25.3148, -0.3423, 25.3125, 0.3056, 179.20
642, 1010, 13, 113, 0.7667, 2.0723, 1.5219, 1.4065, 0.4600, 192.75
642, 1020, 107, 64, 1.0000, 18.2087, 5.2889, 17.4236, 1.0000, 244.81
642, 987, 2, 56, 0.6806, 4.8448, 3.7126, -3.1127, 0.4083, 179.67
642, 1031, 77, 89, 1.0000, 2.0100, 1.9420, -0.5184, 1.0000, 167.75
642, 1032, 97, 128, 0.9333, 3.2870, 3.1993, 0.7542, 0.8400, 221.06
642, 1033, 88, 4, 0.9333, 1.5466, 1.5380, 0.1622, 0.8400, 211.00
642, 1036, 85, 29, 0.6000, 14.3268, -8.1002, 11.8171, 0.1800, 173.67
642, 1039, 3, 105, 0.9278, 6.2091, -5.6273, -2.6244, 0.7422, 176.62
642, 1040, 100, 13, 0.6556, 6.5214, 6.2052, -2.0060, 0.2622, 175.50
643, 1010, 11, 112, 0.8222, 1.1276, -0.9693, -0.5761, 0.5756, 190.29
643, 1020, 102, 80, 1.0000, 16.6208, -3.5429, 16.2389, 1.0000, 237.71
643, 979, 101, 46, 0.5625, 62.2640, 61.0563, -12.2041, 0.2250, 204.75
643, 1030, 28, 4, 0.6000, 41.0687, 2.8076, -40.9727, 0.1800, 204.33
643, 1033, 90, 4, 0.9889, 1.7446, 1.7446, -0.0000, 0.9889, 213.00
643, 910, 104, 28, 0.5062, 1.0318, 1.0167, -0.1758, 0.4050, 157.62
643, 1031, 79, 89, 0.9000, 2.0100, 1.9420, -0.5184, 0.9000, 167.75
643, 1032, 100, 128, 0.8333, 3.2870, 3.1993, 0.7542, 0.7500, 221.06
643, 1036, 77, 41, 0.5000, 14.3268, -8.1002, 11.8171, 0.1500, 173.67
643, 1039, -2, 103, 0.8278, 6.2091, -5.6273, -2.6244, 0.6622, 176.62
643, 1040, 107, 11, 0.5556, 6.5214, 6.2052, -2.0060, 0.2222, 175.50
644, 1010, 9, 114, 0.8778, 2.4111, -2.1291, 1.1315, 0.7022, 188.75
644, 1031, 92, 77, 1.0000, 10.4326, 8.1093, -6.5633, 1.0000, 166.14
644, 1032, 104, 118, 0.9889, 6.4304, 3.6229, -5.3126, 0.9889, 209.95
644, 1033, 91, 4, 1.0000, 1.2061, 1.2059, -0.0237, 1.0000, 216.18
644, 1036, 102, 61, 0.6556, 19.4734, 10.5686, 16.3560, 0.2622, 193.75
644, 1039, 3, 107, 0.9833, 1.2159, 0.2844, 1.1822, 0.8850, 175.67
644, 978, 115, 113, 0.5841, 6.9321, 1.0567, 6.8511, 0.4089, 138.00
644, 1040, 101, 3, 0.7111, 5.5357, -0.8149, -5.4754, 0.3556, 171.80
644, 910, 106, 28, 0.5630, 1.7475, 1.7436, 0.1177, 0.5067, 156.44
644, 1051, 5, 66, 0.6000, 24.6720, -19.6872, 14.8702, 0.1800, 198.67
644, 1020, 98, 97, 0.9000, 16.6208, -3.5429, 16.2389, 0.9000, 237.71
644, 1030, 31, -37, 0.5000, 41.0687, 2.8076, -40.9727, 0.1500, 204.33
645, 1010, 8, 114, 0.9333, 1.5058, -1.4206, 0.4993, 0.8400, 185.33
645, 1031, 97, 64, 1.0000, 13.9593, 6.1039, -12.5540, 1.0000, 165.88
645, 1033, 93, 4, 1.0000, 1.7340, 1.7339, -0.0090, 1.0000, 219.00
645, 1035, 93, 7, 0.6000, 24.1800, 24.0247, 2.7358, 0.1800, 169.67
645, 1039, 25, 94, 0.9889, 23.5581, 20.3911, -11.7976, 0.9889, 175.90
645, 1043, 40, 28, 0.6000, 55.8772, -33.0896, -45.0260, 0.1800, 207.33
645, 910, 107, 28, 0.6194, 1.2729, 1.2711, 0.0663, 0.6194, 156.20
645, 1050, 98, 23, 0.6000, 21.1381, 16.2978, -13.4611, 0.1800, 187.33
645, 1020, 95, 113, 0.8000, 16.6208, -3.5429, 16.2389, 0.8000, 237.71
645, 1032, 108, 113, 0.8889, 6.4304, 3.6229, -5.3126, 0.8889, 209.95
645, 1036, 112, 77, 0.5556, 19.4734, 10.5686, 16.3560, 0.2222, 193.75
645, 1051, -15, 81, 0.5000, 24.6720, -19.6872, 14.8702, 0.1500, 198.67
646, 1024, 78, 79, 0.6000, 68.8816, 68.0689, -10.5498, 0.1800, 164.33
646, 1031, 100, 55, 1.0000, 10.4048, 2.7399, -10.0375, 1.0000, 172.62
646, 1033, 94, 4, 1.0000, 1.2503, 1.2503, 0.0000, 1.0000, 220.38
646, 1035, 120, 4, 0.6556, 26.1892, 26.0969, -2.1968, 0.2622, 161.25
646, 1051, 1, 88, 0.6556, 10.5477, 0.0122, 10.5477, 0.2622, 192.25
646, 1000, 33, 95, 0.5625, 21.3394, 5.6584, -20.5755, 0.2250, 159.75
646, 1054, 109, 45, 0.6000, 1.3243, 0.9822, -0.8883, 0.1800, 221.00
646, 1057, 7, 72, 0.6000, 34.2261, -5.6115, -33.7629, 0.1800, 176.33
646, 1020, 91, 129, 0.7000, 16.6208, -3.5429, 16.2389, 0.7000, 237.71
646, 1032, 111, 108, 0.7889, 6.4304, 3.6229, -5.3126, 0.7889, 209.95
646, 1043, 6, -17, 0.5000, 55.8772, -33.0896, -45.0260, 0.1500, 207.33
646, 1050, 114, 10, 0.5000, 21.1381, 16.2978, -13.4611, 0.1500, 187.33
647, 1031, 99, 51, 1.0000, 4.4761, -0.5306, -4.4446, 1.0000, 178.50
647, 1032, 85, 87, 1.0000, 14.4997, -8.6114, -11.6655, 1.0000, 205.00
647, 1033, 96, 4, 1.0000, 1.7525, 1.7525, 0.0013, 1.0000, 222.21
647, 1045, 95, 63, 0.6000, 49.6267, 49.5936, -1.8130, 0.1800, 190.00
647, 1047, 114, 42, 0.6000, 45.0620, 36.4089, 26.5514, 0.1800, 176.00
647, 1050, 125, 10, 0.6556, 14.4346, 13.3799, -5.4162, 0.2622, 170.75
647, 1000, 28, 72, 0.6222, 22.5627, -2.9618, -22.3674, 0.3111, 166.20
647, 1054, 112, 47, 0.7056, 2.8111, 2.5215, 1.2428, 0.2822, 225.00
647, 1057, 23, 38, 0.6556, 35.9190, 12.7691, -33.5726, 0.2622, 183.00
647, 1020, 88, 145, 0.6000, 16.6208, -3.5429, 16.2389, 0.6000, 237.71
647, 1024, 146, 69, 0.5000, 68.8816, 68.0689, -10.5498, 0.1500, 164.33
647, 1035, 146, 2, 0.5556, 26.1892, 26.0969, -2.1968, 0.2222, 161.25
647, 1051, 1, 99, 0.5556, 10.5477, 0.0122, 10.5477, 0.2222, 192.25
648, 1031, 97, 49, 1.0000, 2.8718, -1.3772, -2.5200, 1.0000, 183.47
648, 1033, 98, 5, 1.0000, 2.1550, 2.0148, 0.7644, 1.0000, 224.27
648, 1045, 129, 72, 0.6556, 36.9675, 36.1370, 7.7918, 0.2622, 165.75
648, 1050, 127, 10, 0.7111, 2.8253, 2.7279, -0.7354, 0.3556, 161.40
648, 1000, 27, 69, 0.6806, 5.8195, -1.8306, -5.5240, 0.4083, 172.17
648, 1054, 114, 47, 0.7611, 2.3948, 2.3251, 0.5733, 0.3806, 218.60
648, 1020, 84, 161, 0.5000, 16.6208, -3.5429, 16.2389, 0.5000, 237.71
648, 1047, 151, 69, 0.5000, 45.0620, 36.4089, 26.5514, 0.1500, 176.00
648, 1057, 36, 4, 0.5556, 35.9190, 12.7691, -33.5726, 0.2222, 183.00
649, 1026, 12, 88, 0.6000, 67.9689, 1.9138, 67.9420, 0.1800, 204.00
649, 1031, 103, 25, 1.0000, 21.6709, 4.7158, -21.1516, 1.0000, 182.19
649, 1033, 99, 4, 1.0000, 1.3623, 1.2778, -0.4721, 1.0000, 222.59
649, 1041, 52, 54, 0.6000, 47.8414, -33.8468, 33.8111, 0.1800, 188.33
649, 998, 21, 86, 0.5625, 47.6296, -4.5818, 47.4087, 0.2250, 208.25
649, 1000, 27, 71, 0.7381, 1.1825, -0.2665, 1.1520, 0.5167, 174.57
649, 1054, 115, 48, 0.8167, 1.5135, 1.2836, 0.8019, 0.4900, 215.17
649, 1058, 20, 109, 0.6000, 0.8934, 0.8850, -0.1221, 0.1800, 168.00
649, 1045, 165, 80, 0.5556, 36.9675, 36.1370, 7.7918, 0.2222, 165.75
649, 1050, 130, 9, 0.6111, 2.8253, 2.7279, -0.7354, 0.3056, 161.40
650, 1033, 101, 5, 1.0000, 1.7823, 1.7199, 0.4676, 1.0000, 223.79
650, 1053, 82, 15, 0.6000, 14.3177, -14.2173, 1.6926, 0.1800, 168.00
650, 1054, 117, 48, 0.8722, 1.6925, 1.6774, 0.2253, 0.6106, 214.43
650, 1058, 9, 114, 0.6556, 10.6731, -9.6246, 4.6131, 0.2622, 164.50
650, 1061, 6, 54, 0.6000, 1.4919, 1.1230, -0.9822, 0.1800, 243.14
650, 1026, 14, 156, 0.5000, 67.9689, 1.9138, 67.9420, 0.1500, 204.00
650, 1041, 18, 88, 0.5000, 47.8414, -33.8468, 33.8111, 0.1500, 188.33
651, 1033, 102, 5, 1.0000, 1.2651, 1.2400, 0.2508, 1.0000, 225.36
651, 993, 44, 86, 0.5625, 35.1069, 33.0196, -11.9247, 0.2250, 170.75
651, 1054, 119, 49, 0.9278, 2.1079, 1.9786, 0.7271, 0.7422, 214.88
651, 1061, 9, 54, 0.7056, 2.5203, 2.5071, -0.2571, 0.2822, 245.35
651, 999, 83, 110, 0.5625, 38.5772, -38.2984, -4.6293, 0.2250, 90.75
651, 1053, 68, 16, 0.5000, 14.3177, -14.2173, 1.6926, 0.1500, 168.00
651, 1058, -1, 119, 0.5556, 10.6731, -9.6246, 4.6131, 0.2222, 164.50
652, 1033, 104, 5, 1.0000, 1.7412, 1.7409, 0.0305, 1.0000, 226.34
652, 993, 60, 75, 0.6222, 20.7901, 17.5280, -11.1803, 0.3111, 178.20
652, 1053, 82, 15, 0.6556, 1.5006, 1.5006, -0.0083, 0.2622, 174.50
652, 1054, 121, 49, 0.9833, 2.0546, 2.0389, 0.2541, 0.8850, 215.44
652, 1055, 126, 45, 0.6000, 1.8077, 1.8068, -0.0575, 0.1800, 129.00
652, 1058, 0, 119, 0.7111, 4.4411, -3.8685, 2.1814, 0.3556, 166.40
652, 1061, 11, 53, 0.7611, 2.4142, 2.3014, -0.7293, 0.3806, 247.28
652, 999, 57, 85, 0.6222, 35.3819, -27.3489, -22.4481, 0.3111, 110.00
652, 1064, 118, 124, 0.6000, 1.9180, 1.9174, 0.0469, 0.1800, 95.67
653, 876, 73, 110, 0.5250, 74.3768, 38.5463, 63.6089, 0.3150, 212.67
653, 1033, 106, 5, 1.0000, 2.0089, 2.0088, -0.0249, 1.0000, 224.60
653, 1008, 3, 40, 0.5625, 45.8315, -24.8026, 38.5404, 0.2250, 210.75
653, 1053, 84, 15, 0.7111, 1.9526, 1.9504, -0.0929, 0.3556, 174.00
653, 1054, 123, 50, 1.0000, 2.1507, 2.0187, 0.7417, 1.0000, 215.50
653, 1059, 1, 11, 0.6000, 6.5306, -3.6424, 5.4204, 0.1800, 226.08
653, 1061, 14, 52, 0.8167, 2.9800, 2.8054, -1.0050, 0.4900, 242.79
653, 999, 22, 86, 0.6806, 34.0804, -34.0458, -1.5361, 0.4083, 127.33
653, 1015, 89, 106, 0.5625, 21.4736, -6.0892, 20.5922, 0.2250, 141.00
653, 1064, 120, 125, 0.7056, 2.1628, 2.0286, 0.7500, 0.2822, 94.00
653, 993, 77, 64, 0.5222, 20.7901, 17.5280, -11.1803, 0.2611, 178.20
653, 1055, 128, 45, 0.5000, 1.8077, 1.8068, -0.0575, 0.1500, 129.00
654, 1033, 110, 6, 1.0000, 3.6034, 3.5290, 0.7287, 1.0000, 221.05
654, 1054, 125, 50, 1.0000, 2.0190, 2.0018, 0.2632, 1.0000, 210.32
654, 1055, 111, 21, 0.6556, 16.0805, -8.7246, -13.5079, 0.2622, 133.00
654, 1061, 16, 51, 0.8722, 2.4938, 2.2661, -1.0411, 0.6106, 244.54
654, 1064, 121, 126, 0.7611, 1.6277, 1.2578, 1.0331, 0.3806, 91.20
654, 1059, -2, 17, 0.5000, 6.5306, -3.6424, 5.4204, 0.1500, 226.08
655, 1033, 112, 13, 1.0000, 6.7495, 2.6279, 6.2169, 1.0000, 217.36
655, 1054, 127, 51, 1.0000, 2.1291, 1.9979, 0.7357, 1.0000, 209.04
655, 1055, 97, 12, 0.7111, 16.2298, -13.4246, -9.1205, 0.3556, 137.20
655, 1061, 19, 50, 0.9278, 2.9244, 2.7425, -1.0153, 0.7422, 245.59
655, 1015, 52, 127, 0.6222, 21.8075, -19.8909, 8.9399, 0.3111, 144.00
655, 1064, 123, 127, 0.8167, 2.0086, 1.7129, 1.0490, 0.4900, 93.17
656, 1033, 112, 15, 1.0000, 2.5443, 0.5595, 2.4821, 1.0000, 214.00
656, 1061, 20, 49, 0.9833, 1.8048, 1.5025, -1.0000, 0.8850, 243.47
656, 1069, 32, 26, 0.6000, 6.7442, -3.7410, 5.6115, 0.1800, 206.67
656, 1054, 129, 52, 0.9000, 2.1291, 1.9979, 0.7357, 0.9000, 209.04
656, 1015, 32, 136, 0.5222, 21.8075, -19.8909, 8.9399, 0.2611, 144.00
656, 1064, 125, 128, 0.7167, 2.0086, 1.7129, 1.0490, 0.4300, 93.17
657, 1033, 112, 15, 1.0000, 0.1897, -0.1700, 0.0842, 1.0000, 210.92
657, 954, 104, 84, 0.5625, 27.5163, 11.5272, -24.9854, 0.2250, 114.75
657, 1044, 47, 18, 0.6000, 70.1265, -11.5248, -69.1730, 0.1800, 183.67
657, 1061, 36, 34, 0.9889, 19.3716, 14.3991, -12.9585, 0.9889, 238.03
657, 1069, 25, 46, 0.6556, 19.5089, -7.0859, 18.1766, 0.2622, 218.00
657, 1073, 122, 28, 0.6000, 0.9822, 0.9822, 0.0000, 0.1800, 130.00
657, 1054, 131, 52, 0.8000, 2.1291, 1.9979, 0.7357, 0.8000, 209.04
657, 1064, 126, 129, 0.6167, 2.0086, 1.7129, 1.0490, 0.3700, 93.17
658, 1033, 98, 13, 1.0000, 11.9570, -11.9078, -1.0842, 1.0000, 209.00
658, 954, 107, 79, 0.6222, 8.9258, 4.6731, -7.6048, 0.3111, 117.60
658, 1015, 16, 108, 0.6806, 14.3870, -10.1524, -10.1939, 0.4083, 148.33
658, 1068, 27, 44, 0.6000, 32.6032, 1.7266, 32.5575, 0.1800, 238.29
658, 1073, 99, 20, 0.6556, 21.2374, -20.1217, -6.7930, 0.2622, 142.75
658, 1076, 88, 106, 0.6000, 12.7588, 10.3347, -7.4820, 0.1800, 176.33
658, 1044, 36, -52, 0.5000, 70.1265, -11.5248, -69.1730, 0.1500, 183.67
658, 1054, 133, 53, 0.7000, 2.1291, 1.9979, 0.7357, 0.7000, 209.04
658, 1064, 128, 130, 0.5167, 2.0086, 1.7129, 1.0490, 0.3100, 93.17
658, 1069, 17, 64, 0.5556, 19.5089, -7.0859, 18.1766, 0.2222, 218.00
659, 954, 109, 80, 0.6806, 1.8037, 1.7490, 0.4408, 0.4083, 121.83
659, 1048, 55, 49, 0.6000, 30.3015, -20.9523, 21.8902, 0.1800, 189.67
659, 1004, 33, 104, 0.5625, 3.7827, 3.7826, 0.0228, 0.2250, 166.00
659, 1052, 38, 9, 0.6000, 6.7019, 6.6366, -0.9331, 0.1800, 239.97
659, 1068, 32, 73, 0.6556, 30.4447, 4.3755, 30.1287, 0.2622, 229.22
659, 1069, 25, 94, 0.7111, 25.3001, 1.5347, 25.2535, 0.3556, 208.40
659, 1072, 112, 15, 0.6000, 5.8550, -2.4906, -5.2989, 0.1800, 149.00
659, 1054, 135, 54, 0.6000, 2.1291, 1.9979, 0.7357, 0.6000, 209.04
659, 1073, 79, 13, 0.5556, 21.2374, -20.1217, -6.7930, 0.2222, 142.75
659, 1076, 98, 99, 0.5000, 12.7588, 10.3347, -7.4820, 0.1500, 176.33
660, 954, 110, 81, 0.7381, 1.5989, 1.5148, 0.5118, 0.5167, 120.71
660, 1049, 32, 25, 0.6000, 16.4310, 9.5605, -13.3632, 0.1800, 204.67
660, 1004, 36, 108, 0.6722, 5.0394, 3.3424, 3.7714, 0.3361, 165.40
660, 1052, 45, 9, 0.6556, 7.1703, 7.1651, -0.2739, 0.2622, 242.90
660, 1060, 43, 21, 0.6000, 37.3757, -31.8103, -19.6226, 0.1800, 196.00
660, 1072, 98, 12, 0.6556, 13.4495, -13.0651, -3.1925, 0.2622, 156.25
660, 1073, 48, 20, 0.7111, 25.8857, -25.8589, 1.1766, 0.3556, 154.40
660, 1048, 34, 71, 0.5000, 30.3015, -20.9523, 21.8902, 0.1500, 189.67
660, 1054, 137, 55, 0.5000, 2.1291, 1.9979, 0.7357, 0.5000, 209.04
660, 1068, 36, 104, 0.5556, 30.4447, 4.3755, 30.1287, 0.2222, 229.22
661, 954, 112, 80, 0.7951, 1.9646, 1.8553, -0.6461, 0.6361, 119.88
661, 1052, 51, 9, 0.7111, 6.3445, 6.3445, 0.0206, 0.3556, 244.62
661, 1060, 1, 10, 0.6556, 42.1756, -40.2743, -12.5203, 0.2622, 200.75
661, 1065, 74, 7, 0.6000, 9.2169, -9.2168, 0.0466, 0.1800, 176.83
661, 1076, 117, 78, 0.6556, 13.8365, 9.7104, -9.8568, 0.2622, 158.00
661, 1078, 35, 44, 0.6000, 3.1060, 2.9466, -0.9822, 0.1800, 252.33
661, 1049, 41, 11, 0.5000, 16.4310, 9.5605, -13.3632, 0.1500, 204.67
661, 1004, 39, 112, 0.5722, 5.0394, 3.3424, 3.7714, 0.2861, 165.40
661, 1072, 85, 8, 0.5556, 13.4495, -13.0651, -3.1925, 0.2222, 156.25
662, 954, 113, 80, 0.8519, 1.2733, 1.2350, -0.3098, 0.7667, 122.00
662, 1048, 13, 83, 0.6556, 15.5625, -12.5648, 9.1824, 0.2622, 182.25
662, 1049, 65, 29, 0.6556, 18.2285, 17.7965, 3.9449, 0.2622, 201.50
662, 1052, 59, 8, 0.7667, 7.5246, 7.4904, -0.7167, 0.4600, 243.86
662, 1076, 118, 77, 0.7111, 2.5753, 1.7623, -1.8779, 0.3556, 147.00
662, 1078, 38, 44, 0.7056, 3.0466, 3.0358, -0.2571, 0.2822, 252.50
662, 1060, -39, -3, 0.5556, 42.1756, -40.2743, -12.5203, 0.2222, 200.75
662, 1065, 64, 7, 0.5000, 9.2169, -9.2168, 0.0466, 0.1500, 176.83
663, 954, 115, 79, 0.9083, 1.9313, 1.7534, -0.8096, 0.9083, 124.80
663, 1049, 93, 18, 0.7111, 28.8221, 27.0269, -10.0131, 0.3556, 197.80
663, 1004, 50, 127, 0.6806, 8.3919, 4.9444, 6.7806, 0.4083, 161.50
663, 1052, 67, 8, 0.8222, 8.0512, 8.0465, -0.2765, 0.5756, 244.48
663, 1016, 80, 115, 0.5625, 46.5360, 27.9138, 37.2346, 0.2250, 192.00
663, 1065, 48, 6, 0.6556, 13.1545, -13.1423, -0.5664, 0.2622, 182.88
663, 1067, 33, 72, 0.6000, 30.3887, 19.5640, 23.2534, 0.1800, 195.33
663, 1078, 40, 43, 0.7611, 2.3715, 2.2566, -0.7293, 0.3806, 253.00
663, 1048, 0, 93, 0.5556, 15.5625, -12.5648, 9.1824, 0.2222, 182.25
664, 954, 117, 78, 0.9646, 2.2690, 2.0215, -1.0304, 0.9646, 123.45
664, 1052, 74, 8, 0.8778, 7.3281, 7.3281, -0.0011, 0.7022, 244.60
664, 1054, 127, 52, 1.0000, 0.8074, -0.7979, -0.1231, 1.0000, 201.19
664, 1065, 39, 20, 0.7111, 16.1425, -9.3171, 13.1823, 0.3556, 187.70
664, 1072, 50, 7, 0.7111, 11.6473, -11.6341, -0.5542, 0.3556, 165.60
664, 1078, 43, 42, 0.8167, 2.8916, 2.7114, -1.0050, 0.4900, 253.33
664, 1080, 122, 18, 0.6000, 1.0428, 1.0420, -0.0397, 0.1800, 131.67
664, 1067, 52, 96, 0.5000, 30.3887, 19.5640, 23.2534, 0.1500, 195.33
665, 954, 119, 78, 1.0000, 2.0553, 2.0410, -0.2414, 1.0000, 123.08
665, 1048, 0, 119, 0.7111, 12.6586, -2.4392, 12.4213, 0.3556, 180.20
665, 1052, 81, 8, 0.9333, 6.9728, 6.9727, 0.0399, 0.8400, 243.78
665, 1056, 40, 53, 0.6000, 78.9803, -78.7692, -5.7709, 0.1800, 144.00
665, 1078, 49, 41, 0.8722, 5.3792, 5.2775, -1.0411, 0.6106, 246.14
665, 1080, 123, 18, 0.7056, 0.9921, 0.9920, 0.0119, 0.2822, 131.75
665, 1054, 126, 52, 0.9000, 0.8074, -0.7979, -0.1231, 0.9000, 201.19
666, 954, 121, 77, 1.0000, 2.1418, 2.0111, -0.7368, 1.0000, 121.92
666, 1046, 38, 24, 0.6000, 19.9497, -7.7419, -18.3863, 0.1800, 219.33
666, 1052, 89, 8, 0.9889, 7.7056, 7.7056, 0.0154, 0.9889, 242.99
666, 1054, 127, 20, 1.0000, 17.5642, 0.0425, -17.5641, 1.0000, 195.61
666, 1078, 50, 41, 0.9278, 1.6812, 1.6611, -0.2593, 0.7422, 247.00
666, 1080, 103, 15, 0.7111, 18.2283, -18.0852, -2.2795, 0.3556, 136.60
666, 1056, -39, 47, 0.5000, 78.9803, -78.7692, -5.7709, 0.1500, 144.00
667, 954, 122, 76, 1.0000, 1.5732, 1.2031, -1.0137, 1.0000, 120.57
667, 1046, 23, 5, 0.6556, 23.3215, -14.1533, -18.5358, 0.2622, 218.25
667, 1052, 98, 8, 1.0000, 8.7962, 8.7962, 0.0001, 1.0000, 241.54
667, 1062, 4, 119, 0.6000, 18.5799, -18.1838, -3.8158, 0.1800, 160.00
667, 1078, 52, 41, 0.9833, 2.1398, 2.1392, 0.0518, 0.8850, 247.89
667, 1080, 71, 10, 0.7667, 30.3365, -29.9713, -4.6926, 0.4600, 145.00
667, 1085, 1, 30, 0.6000, 32.6095, -20.5755, 25.2987, 0.1800, 218.33
667, 1086, 2, 15, 0.6000, 0.9364, 0.9353, 0.0469, 0.1800, 234.67
668, 954, 126, 82, 1.0000, 6.2692, 3.3166, 5.3201, 1.0000, 118.47
668, 1052, 106, 7, 1.0000, 8.3873, 8.3530, -0.7582, 1.0000, 241.61
668, 1062, 2, 119, 0.6556, 4.2859, -4.2747, -0.3093, 0.2622, 159.75
668, 1078, 55, 40, 1.0000, 2.9440, 2.8605, -0.6966, 1.0000, 245.80
668, 1085, -1, 72, 0.6556, 40.5012, -4.2529, 40.2773, 0.2622, 207.75
668, 1086, 1, 29, 0.6556, 12.0816, -0.4928, 12.0716, 0.2622, 228.00
668, 1046, 9, -14, 0.5556, 23.3215, -14.1533, -18.5358, 0.2222, 218.25
669, 1052, 116, 6, 1.0000, 9.5839, 9.5261, -1.0512, 1.0000, 241.79
669, 1062, 5, 120, 0.7111, 2.3412, 2.3102, 0.3795, 0.3556, 163.50
669, 1078, 57, 40, 1.0000, 2.3346, 2.3176, -0.2815, 1.0000, 246.64
669, 1082, 72, 41, 0.6000, 58.5648, 58.5046, -2.6551, 0.1800, 200.00
669, 1086, 1, 40, 0.7111, 11.3070, -0.3038, 11.3029, 0.3556, 224.00
669, 1087, 99, 13, 0.6000, 42.7862, 42.3226, 6.2818, 0.1800, 195.00
669, 1089, 82, 121, 0.6000, 31.7185, -31.7047, -0.9353, 0.1800, 101.00
669, 954, 129, 87, 0.9000, 6.2692, 3.3166, 5.3201, 0.9000, 118.47
669, 1085, -5, 113, 0.5556, 40.5012, -4.2529, 40.2773, 0.2222, 207.75
670, 1052, 125, 6, 1.0000, 9.3116, 9.3065, -0.3088, 1.0000, 242.51
670, 1078, 60, 40, 1.0000, 2.7504, 2.7504, -0.0085, 1.0000, 247.17
670, 1086, 9, 61, 0.7667, 21.5189, 7.6000, 20.1322, 0.4600, 217.67
670, 1093, 52, 110, 0.6000, 1.0291, 1.0291, 0.0000, 0.1800, 164.00
670, 954, 132, 93, 0.8000, 6.2692, 3.3166, 5.3201, 0.8000, 118.47
670, 1062, 7, 120, 0.6111, 2.3412, 2.3102, 0.3795, 0.3056, 163.50
670, 1082, 131, 39, 0.5000, 58.5648, 58.5046, -2.6551, 0.1500, 200.00
670, 1087, 141, 20, 0.5000, 42.7862, 42.3226, 6.2818, 0.1500, 195.00
670, 1089, 50, 120, 0.5000, 31.7185, -31.7047, -0.9353, 0.1500, 101.00
671, 954, 112, 114, 1.0000, 13.6703, -6.4951, 12.0287, 1.0000, 118.44
671, 1078, 63, 40, 1.0000, 3.0013, 3.0011, 0.0383, 1.0000, 247.77
671, 1086, 12, 98, 0.8222, 35.1897, 2.9444, 35.0663, 0.5756, 209.00
671, 1052, 134, 6, 0.9000, 9.3116, 9.3065, -0.3088, 0.9000, 242.51
671, 1062, 9, 121, 0.5111, 2.3412, 2.3102, 0.3795, 0.2556, 163.50
671, 1093, 53, 110, 0.5000, 1.0291, 1.0291, 0.0000, 0.1500, 164.00
672, 1062, 9, 121, 0.7667, 1.2681, 1.2109, 0.3765, 0.4600, 166.75
672, 1078, 66, 40, 1.0000, 3.0378, 3.0377, 0.0168, 1.0000, 248.29
672, 1089, 57, 100, 0.6556, 8.7637, -2.8807, -8.2767, 0.2622, 110.25
672, 1093, 56, 110, 0.7056, 2.0774, 2.0774, 0.0000, 0.2822, 161.50
672, 997, 43, 24, 0.5400, 38.8070, 38.3923, -5.6584, 0.2700, 226.60
672, 1094, 59, 8, 0.6000, 5.7541, -5.7054, 0.7475, 0.1800, 189.67
672, 1052, 144, 5, 0.8000, 9.3116, 9.3065, -0.3088, 0.8000, 242.51
673, 1062, 9, 121, 0.8222, 0.1928, 0.1808, 0.0669, 0.5756, 165.79
673, 1078, 69, 41, 1.0000, 3.1049, 3.0154, 0.7403, 1.0000, 248.73
673, 1089, 71, 71, 0.7111, 30.9167, 13.3903, -27.8666, 0.3556, 123.00
673, 1093, 70, 125, 0.7111, 18.6723, 13.0615, 13.3437, 0.3556, 152.80
673, 997, 97, 11, 0.6000, 52.9023, 51.4921, -12.1336, 0.3600, 214.50
673, 1094, 40, 4, 0.6556, 17.7591, -17.4122, -3.4928, 0.2622, 197.25
673, 1003, 21, 39, 0.5400, 20.5052, 20.4817, -0.9822, 0.2700, 205.80
673, 1052, 153, 5, 0.7000, 9.3116, 9.3065, -0.3088, 0.7000, 242.51
674, 1062, 13, 122, 0.8778, 3.1125, 3.0200, 0.7533, 0.7022, 163.81
674, 1078, 71, 41, 1.0000, 2.2863, 2.2657, 0.3062, 1.0000, 248.78
674, 1094, 35, 3, 0.7111, 6.4455, -6.4158, -0.6183, 0.3556, 202.60
674, 1003, 43, 15, 0.6000, 29.8892, 21.6222, -20.6360, 0.3600, 203.83
674, 1052, 162, 5, 0.6000, 9.3116, 9.3065, -0.3088, 0.6000, 242.51
674, 997, 148, -1, 0.5000, 52.9023, 51.4921, -12.1336, 0.3000, 214.50
675, 1066, 97, 12, 0.6000, 28.3370, 16.3748, -23.1269, 0.1800, 174.00
675, 1078, 74, 41, 1.0000, 2.6874, 2.6873, 0.0158, 1.0000, 248.97
675, 1088, 22, 18, 0.6000, 53.2711, -6.3886, -52.8866, 0.1800, 199.00
675, 1094, 35, 3, 0.7667, 0.8342, -0.6742, -0.4914, 0.4600, 204.67
675, 1003, 65, 9, 0.6587, 23.2863, 22.0602, -7.4565, 0.4611, 202.43
675, 1052, 172, 4, 0.5000, 9.3116, 9.3065, -0.3088, 0.5000, 242.51
675, 1062, 16, 123, 0.7778, 3.1125, 3.0200, 0.7533, 0.6222, 163.81
676, 1062, 14, 123, 0.9333, 0.7302, 0.4934, 0.5383, 0.8400, 165.83
676, 1066, 100, 6, 0.6556, 9.0007, 4.4687, -7.8131, 0.2622, 171.00
676, 1078, 76, 41, 1.0000, 2.2535, 2.2531, -0.0406, 1.0000, 248.11
676, 1084, 5, 30, 0.6000, 30.4240, -12.0636, 27.9300, 0.1800, 214.00
676, 1094, 50, 9, 0.8222, 14.6366, 13.6627, 5.2498, 0.5756, 204.86
676, 1003, 90, 0, 0.7167, 26.7016, 25.1356, -9.0097, 0.5733, 198.50
676, 1095, 79, 28, 0.6000, 31.0688, 25.5320, 17.7028, 0.1800, 195.00
676, 1101, 54, 110, 0.6000, 24.0452, 5.6115, 23.3813, 0.1800, 164.00
676, 1102, 111, 126, 0.6000, 11.6963, -5.5646, 10.2878, 0.1800, 106.00
676, 1088, 15, -34, 0.5000, 53.2711, -6.3886, -52.8866, 0.1500, 199.00
677, 1062, 15, 123, 0.9889, 0.7617, 0.7553, 0.0988, 0.9889, 164.35
677, 1066, 94, 1, 0.7111, 7.8330, -5.0555, -5.9831, 0.3556, 177.00
677, 1074, 47, 77, 0.6000, 48.8768, 8.6555, -48.1043, 0.1800, 166.33
677, 1078, 80, 42, 1.0000, 3.5183, 3.4475, 0.7024, 1.0000, 248.32
677, 1095, 116, 25, 0.6556, 35.5087, 35.5047, -0.5377, 0.2622, 178.25
677, 1103, 70, 124, 0.6000, 0.9364, -0.9353, -0.0469, 0.1800, 142.33
677, 1084, -7, 58, 0.5000, 30.4240, -12.0636, 27.9300, 0.1500, 214.00
677, 1101, 59, 133, 0.5000, 24.0452, 5.6115, 23.3813, 0.1500, 164.00
677, 1102, 106, 136, 0.5000, 11.6963, -5.5646, 10.2878, 0.1500, 106.00
678, 1062, 14, 123, 1.0000, 0.5747, -0.5734, -0.0383, 1.0000, 163.05
678, 1074, 41, 18, 0.6556, 57.0404, -3.6662, -56.9224, 0.2622, 176.50
678, 1078, 82, 43, 1.0000, 2.7938, 2.5957, 1.0332, 1.0000, 248.45
678, 1084, 6, 44, 0.6556, 4.6762, 2.1379, 4.1589, 0.2622, 211.50
678, 1090, 112, 11, 0.6000, 14.4145, -9.1995, 11.0972, 0.1800, 143.33
678, 1042, 64, 14, 0.5625, 25.7117, -7.2848, -24.6581, 0.2250, 219.50
678, 1101, 39, 123, 0.6556, 10.0850, -8.9454, 4.6570, 0.2622, 158.50
678, 1102, 95, 125, 0.6556, 8.5060, -8.3456, -1.6436, 0.2622, 124.88
678, 1103, 70, 123, 0.7056, 0.7944, -0.2619, -0.7500, 0.2822, 141.75
678, 1095, 152, 25, 0.5556, 35.5087, 35.5047, -0.5377, 0.2222, 178.25
679, 1066, 94, 2, 0.8222, 1.4848, 0.8379, 1.2258, 0.5756, 174.71
679, 1078, 84, 42, 1.0000, 2.0677, 2.0350, -0.3665, 1.0000, 247.02
679, 1090, 121, 37, 0.6556, 24.8094, 7.1030, 23.7709, 0.2622, 133.75
679, 1042, 62, 9, 0.6222, 7.7815, -2.2184, -7.4585, 0.3111, 215.80
679, 1102, 95, 125, 0.7111, 1.1764, -1.1584, -0.2052, 0.3556, 146.90
679, 1103, 70, 122, 0.7611, 1.0334, 0.0263, -1.0331, 0.3806, 142.60
679, 1104, 21, 18, 0.6000, 0.9822, 0.0000, 0.9822, 0.1800, 219.67
679, 1105, 6, 26, 0.6000, 0.8414, 0.8414, 0.0000, 0.1800, 211.67
679, 1062, 14, 123, 0.9000, 0.5747, -0.5734, -0.0383, 0.9000, 163.05
679, 1074, 37, -38, 0.5556, 57.0404, -3.6662, -56.9224, 0.2222, 176.50
679, 1084, 8, 48, 0.5556, 4.6762, 2.1379, 4.1589, 0.2222, 211.50
679, 1101, 30, 128, 0.5556, 10.0850, -8.9454, 4.6570, 0.2222, 158.50
680, 1062, 18, 125, 1.0000, 2.4227, 2.1571, 1.1030, 1.0000, 162.46
680, 1066, 94, 2, 0.8778, 0.8374, 0.5706, 0.6129, 0.7022, 174.25
680, 1078, 88, 43, 1.0000, 3.3621, 3.3406, 0.3797, 1.0000, 247.39
680, 1042, 37, 9, 0.6806, 22.7716, -22.7481, -1.0343, 0.4083, 217.00
680, 1103, 69, 121, 0.8167, 1.2702, -0.7162, -1.0490, 0.4900, 141.67
680, 1104, 23, 16, 0.7056, 2.5115, 1.5095, -2.0072, 0.2822, 217.00
680, 1105, 6, 25, 0.7056, 0.8021, 0.2715, -0.7548, 0.2822, 214.50
680, 1090, 128, 61, 0.5556, 24.8094, 7.1030, 23.7709, 0.2222, 133.75
681, 1062, 19, 125, 1.0000, 1.4199, 1.3899, 0.2904, 1.0000, 161.88
681, 1077, 55, 15, 0.6000, 34.8637, 34.6511, -3.8444, 0.1800, 214.33
681, 1078, 90, 44, 1.0000, 2.7688, 2.6050, 0.9382, 1.0000, 247.50
681, 1103, 69, 121, 0.8722, 0.3773, -0.2792, -0.2538, 0.6106, 141.86
681, 1104, 27, 3, 0.7111, 12.3556, 4.3726, -11.5561, 0.3556, 217.80
681, 1105, 6, 25, 0.7611, 0.2776, -0.0105, -0.2774, 0.3806, 213.20
681, 1017, 72, 20, 0.5400, 19.9934, -3.7410, -19.6403, 0.2700, 208.20
682, 1062, 21, 126, 1.0000, 1.9046, 1.7589, 0.7306, 1.0000, 162.54
682, 1077, 74, 18, 0.6556, 21.6291, 21.5398, 1.9637, 0.2622, 207.25
682, 1078, 93, 44, 1.0000, 2.7872, 2.7624, 0.3706, 1.0000, 247.81
682, 1090, 111, 72, 0.7111, 10.3238, -5.8494, 8.5068, 0.3556, 156.80
682, 1103, 68, 120, 0.9278, 1.0352, -0.7606, -0.7022, 0.7422, 141.62
682, 1017, 73, 11, 0.6000, 10.0398, 0.4618, -10.0291, 0.3600, 203.17
682, 1110, 42, 34, 0.6000, 33.4867, -27.1223, 19.6403, 0.1800, 201.33
682, 1104, 32, -9, 0.6111, 12.3556, 4.3726, -11.5561, 0.3056, 217.80
682, 1105, 6, 25, 0.6611, 0.2776, -0.0105, -0.2774, 0.3306, 213.20
683, 1077, 81, 15, 0.7111, 8.4024, 7.9891, -2.6029, 0.3556, 201.40
683, 1078, 96, 45, 1.0000, 3.0397, 2.9541, 0.7166, 1.0000, 246.46
683, 1103, 68, 119, 0.9833, 1.0253, -0.2594, -0.9919, 0.8850, 141.33
683, 1110, 12, 47, 0.6556, 33.2405, -30.2391, 13.8030, 0.2622, 200.25
683, 1062, 23, 127, 0.9000, 1.9046, 1.7589, 0.7306, 0.9000, 162.54
683, 1104, 36, -20, 0.5111, 12.3556, 4.3726, -11.5561, 0.2556, 217.80
683, 1105, 6, 24, 0.5611, 0.2776, -0.0105, -0.2774, 0.2806, 213.20
683, 1017, 74, 1, 0.5000, 10.0398, 0.4618, -10.0291, 0.3000, 203.17
684, 1078, 98, 45, 1.0000, 2.3404, 2.3239, 0.2768, 1.0000, 246.08
684, 1103, 68, 118, 1.0000, 1.0409, 0.0087, -1.0408, 1.0000, 140.90
684, 1104, 49, 0, 0.7667, 7.9841, 7.8359, 1.5315, 0.4600, 216.00
684, 1105, 9, 23, 0.8167, 1.4107, 1.2132, -0.7199, 0.4900, 214.00
684, 1017, 90, 0, 0.6587, 11.0540, 9.7460, -5.2159, 0.4611, 197.57
684, 963, 72, 75, 0.5250, 0.0000, 0.0000, 0.0000, 0.3150, 183.33
684, 1062, 24, 127, 0.8000, 1.9046, 1.7589, 0.7306, 0.8000, 162.54
684, 1110, -19, 61, 0.5556, 33.2405, -30.2391, 13.8030, 0.2222, 200.25
685, 1062, 49, 126, 1.0000, 11.1628, 11.1619, -0.1413, 1.0000, 161.30
685, 1078, 101, 46, 1.0000, 2.7752, 2.6849, 0.7021, 1.0000, 246.22
685, 1081, 15, 27, 0.6000, 26.5255, 8.6754, -25.0667, 0.1800, 194.00
685, 1103, 67, 118, 1.0000, 0.7529, -0.7011, -0.2744, 1.0000, 140.55
685, 1105, 9, 22, 0.8722, 0.9972, 0.2669, -0.9608, 0.6106, 215.14
685, 1115, 96, 88, 0.6000, 30.8240, 20.5087, -23.0112, 0.1800, 138.67
685, 963, 72, 75, 0.6341, 0.0000, 0.0000, 0.0000, 0.4439, 183.00
686, 1078, 104, 47, 1.0000, 3.1191, 2.9618, 0.9780, 1.0000, 246.54
686, 1081, 51, 11, 0.6556, 36.8909, 32.5377, -17.3851, 0.2622, 194.50
686, 1103, 67, 117, 1.0000, 0.7532, -0.2898, -0.6952, 1.0000, 140.50
686, 1105, 10, 21, 0.9278, 1.2408, 0.7056, -1.0207, 0.7422, 215.50
686, 1115, 101, 83, 0.6556, 10.2262, 7.1648, -7.2967, 0.2622, 134.75
686, 1118, 60, 25, 0.6000, 17.5093, 7.4351, 15.8523, 0.1800, 196.00
686, 1119, 81, 40, 0.6000, 41.4137, -38.2984, 15.7585, 0.1800, 159.33
686, 963, 72, 75, 0.5341, 0.0000, 0.0000, 0.0000, 0.3739, 183.00
687, 1078, 107, 47, 1.0000, 3.0560, 3.0349, 0.3583, 1.0000, 246.76
687, 1081, 73, 12, 0.7111, 23.0039, 22.9887, -0.8362, 0.3556, 192.20
687, 1105, 12, 15, 0.9833, 5.7853, 1.7381, -5.5180, 0.8850, 216.89
687, 1106, 44, 4, 0.6000, 5.5736, 0.9182, -5.4974, 0.1800, 226.00
687, 1115, 106, 82, 0.7111, 4.8985, 4.5024, -1.9297, 0.3556, 130.80
687, 1059, 24, 46, 0.5250, 17.4191, 11.5471, -13.0418, 0.3150, 203.00
687, 1071, 37, 22, 0.5625, 10.4333, 8.8777, 5.4808, 0.2250, 215.00
687, 1123, 19, 27, 0.6000, 0.9822, 0.0000, 0.9822, 0.1800, 223.00
687, 1103, 67, 116, 0.9000, 0.7532, -0.2898, -0.6952, 0.9000, 140.50
687, 1118, 67, 41, 0.5000, 17.5093, 7.4351, 15.8523, 0.1500, 196.00
687, 1119, 42, 56, 0.5000, 41.4137, -38.2984, 15.7585, 0.1500, 159.33
688, 1078, 110, 48, 1.0000, 3.1008, 3.0238, 0.6869, 1.0000, 247.03
688, 1103, 65, 116, 1.0000, 1.1437, -1.0130, -0.5309, 1.0000, 141.54
688, 1105, 13, 13, 1.0000, 2.4399, 1.3370, -2.0409, 1.0000, 217.00
688, 1107, 101, 89, 0.6000, 1.3419, 0.9440, -0.9537, 0.1800, 118.50
688, 1070, 98, 105, 0.5625, 57.0640, 51.0367, 25.5255, 0.2250, 164.75
688, 1059, 43, 47, 0.5841, 18.0369, 17.9992, -1.1666, 0.4089, 202.57
688, 1071, 51, 36, 0.6222, 18.6354, 13.3615, 12.9903, 0.3111, 212.20
688, 1118, 91, 62, 0.6556, 25.1027, 16.8809, 18.5790, 0.2622, 206.25
688, 1119, 44, 79, 0.6556, 25.2009, -15.7292, 19.6896, 0.2622, 167.75
688, 1079, 25, 42, 0.5625, 32.2649, -22.4351, 23.1880, 0.2250, 197.25
688, 1123, 12, 21, 0.6556, 7.8564, -6.0382, -5.0263, 0.2622, 221.75
688, 1106, 45, -1, 0.5000, 5.5736, 0.9182, -5.4974, 0.1500, 226.00
689, 1078, 112, 50, 1.0000, 2.8444, 2.3322, 1.6282, 1.0000, 245.55
689, 1083, 26, 8, 0.6000, 46.4751, 2.8973, -46.3847, 0.1800, 199.00
689, 1100, 40, 61, 0.6000, 80.8617, -68.5748, -42.8498, 0.1800, 134.33
689, 1105, 13, 13, 1.0000, 0.7869, 0.2726, -0.7382, 1.0000, 217.00
689, 1075, 25, 20, 0.5625, 11.4915, 7.1414, -9.0031, 0.2250, 207.75
689, 1118, 94, 65, 0.7111, 5.8521, 4.1347, 4.1414, 0.3556, 212.80
689, 1120, 80, 5, 0.6000, 22.3419, -2.6246, -22.1872, 0.1800, 177.33
689, 1079, 13, 46, 0.6222, 14.3289, -12.8552, 6.3294, 0.3111, 198.40
689, 1123, 11, 19, 0.7111, 3.1027, -1.4560, -2.7398, 0.3556, 221.80
689, 1103, 64, 115, 0.9000, 1.1437, -1.0130, -0.5309, 0.9000, 141.54
689, 1107, 102, 88, 0.5000, 1.3419, 0.9440, -0.9537, 0.1500, 118.50
689, 1071, 65, 49, 0.5222, 18.6354, 13.3615, 12.9903, 0.2611, 212.20
689, 1119, 29, 98, 0.5556, 25.2009, -15.7292, 19.6896, 0.2222, 167.75
690, 1078, 116, 49, 1.0000, 3.3287, 3.3285, 0.0323, 1.0000, 245.78
690, 1096, 113, 16, 0.6000, 26.5465, 21.0142, -16.2210, 0.1800, 157.67
690, 1105, 14, 13, 1.0000, 0.6596, 0.6595, 0.0115, 1.0000, 218.08
690, 1107, 99, 100, 0.6556, 6.1073, -1.1308, 6.0017, 0.2622, 115.62
690, 1071, 77, 26, 0.6806, 14.7583, 12.8405, -7.2752, 0.4083, 207.00
690, 1075, 26, 19, 0.6222, 2.4717, 1.4624, -1.9926, 0.3111, 211.80
690, 1123, 13, 19, 0.7667, 1.1328, 1.0888, -0.3125, 0.4600, 219.83
690, 1083, 29, -39, 0.5000, 46.4751, 2.8973, -46.3847, 0.1500, 199.00
690, 1100, -28, 18, 0.5000, 80.8617, -68.5748, -42.8498, 0.1500, 134.33
690, 1103, 63, 115, 0.8000, 1.1437, -1.0130, -0.5309, 0.8000, 141.54
690, 1120, 78, -17, 0.5000, 22.3419, -2.6246, -22.1872, 0.1500, 177.33
690, 1079, 0, 52, 0.5222, 14.3289, -12.8552, 6.3294, 0.2611, 198.40
691, 1078, 120, 50, 1.0000, 3.9702, 3.9504, 0.3961, 1.0000, 246.06
691, 1096, 126, 7, 0.6556, 17.2112, 14.1452, -9.8050, 0.2622, 149.00
691, 1103, 64, 114, 1.0000, 0.7219, -0.2106, -0.6905, 1.0000, 141.93
691, 1123, 13, 18, 0.8222, 0.7927, 0.6274, -0.4845, 0.5756, 219.57
691, 1105, 15, 13, 0.9000, 0.6596, 0.6595, 0.0115, 0.9000, 218.08
691, 1107, 98, 106, 0.5556, 6.1073, -1.1308, 6.0017, 0.2222, 115.62
691, 1075, 27, 17, 0.5222, 2.4717, 1.4624, -1.9926, 0.2611, 211.80
692, 1078, 123, 50, 1.0000, 3.4375, 3.4317, 0.1985, 1.0000, 246.32
692, 1103, 35, 116, 1.0000, 26.3962, -26.3078, 2.1575, 1.0000, 142.27
692, 1105, 15, 12, 1.0000, 0.7043, 0.5269, -0.4673, 1.0000, 219.54
692, 1107, 111, 125, 0.7111, 15.8406, 7.2931, 14.0618, 0.3556, 110.10
692, 1113, 26, 24, 0.6000, 49.4536, -47.6845, -13.1093, 0.1800, 214.67
692, 1123, 13, 17, 0.8778, 0.9070, 0.0808, -0.9034, 0.7022, 218.75
692, 1096, 140, -3, 0.5556, 17.2112, 14.1452, -9.8050, 0.2222, 149.00
693, 1078, 126, 51, 1.0000, 3.1322, 3.0552, 0.6903, 1.0000, 246.57
693, 1097, 100, 10, 0.6000, 36.1604, -10.5764, -34.5792, 0.1800, 137.33
693, 1105, 16, 11, 1.0000, 1.2640, 0.8826, -0.9048, 1.0000, 219.11
693, 1079, 14, 78, 0.6806, 9.4231, 4.0312, 8.5173, 0.4083, 195.00
693, 1126, 50, 35, 0.6000, 32.3250, 32.3066, 1.0901, 0.1800, 202.67
693, 1113, -22, 11, 0.5000, 49.4536, -47.6845, -13.1093, 0.1500, 214.67
693, 1123, 13, 16, 0.7778, 0.9070, 0.0808, -0.9034, 0.6222, 218.75
694, 1077, 122, 13, 1.0000, 0.4051, -0.4021, 0.0491, 1.0000, 181.88
694, 1105, 17, 11, 1.0000, 1.0620, 1.0231, -0.2849, 1.0000, 219.77
694, 963, 60, 89, 0.6924, 2.8783, -1.8732, 2.1854, 0.5539, 192.00
694, 1126, 72, 38, 0.6556, 22.8086, 22.6708, 2.5034, 0.2622, 202.00
694, 1078, 129, 52, 0.9000, 3.1322, 3.0552, 0.6903, 0.9000, 246.57
694, 1097, 90, -24, 0.5000, 36.1604, -10.5764, -34.5792, 0.1500, 137.33
694, 1123, 13, 15, 0.6778, 0.9070, 0.0808, -0.9034, 0.5422, 218.75
695, 1105, 17, 10, 1.0000, 0.7821, 0.2755, -0.7319, 1.0000, 220.91
695, 1109, 11, 53, 0.6000, 66.7752, 3.8095, -66.6665, 0.1800, 186.33
695, 1075, 27, 11, 0.6806, 1.4264, -0.2206, -1.4092, 0.4083, 211.00
695, 1123, 10, 10, 0.9333, 2.9943, -1.2950, -2.6997, 0.8400, 218.33
695, 1126, 99, 13, 0.7111, 34.8921, 26.9853, -22.1190, 0.3556, 192.80
695, 1129, 79, 18, 0.6000, 35.5801, 26.9815, -23.1935, 0.1800, 190.33
695, 1078, 132, 52, 0.8000, 3.1322, 3.0552, 0.6903, 0.8000, 246.57
696, 1105, 15, 10, 1.0000, 1.5576, -1.5372, -0.2512, 1.0000, 220.74
696, 1108, 81, 109, 0.6000, 43.5375, -42.0057, -11.4472, 0.1800, 117.33
696, 1075, 17, 36, 0.7381, 25.7729, -9.5337, 23.9448, 0.5167, 210.71
696, 1129, 101, 6, 0.6556, 26.3448, 22.7057, -13.3603, 0.2622, 183.00
696, 1078, 135, 53, 0.7000, 3.1322, 3.0552, 0.6903, 0.7000, 246.57
696, 1109, 15, -14, 0.5000, 66.7752, 3.8095, -66.6665, 0.1500, 186.33
696, 1123, 9, 7, 0.8333, 2.9943, -1.2950, -2.6997, 0.7500, 218.33
696, 1126, 126, -9, 0.6111, 34.8921, 26.9853, -22.1190, 0.3056, 192.80
697, 1042, 79, 41, 1.0000, 4.1568, 3.7790, 1.7315, 1.0000, 209.75
697, 1105, 16, 8, 1.0000, 1.4876, 0.0856, -1.4851, 1.0000, 220.31
697, 1109, 27, 9, 0.6556, 18.9455, 8.4208, -16.9712, 0.2622, 191.62
697, 1129, 103, 6, 0.7111, 5.1593, 4.8085, -1.8700, 0.3556, 177.00
697, 1130, 23, 28, 0.6000, 47.4746, -47.4662, 0.8974, 0.1800, 201.33
697, 1132, 64, 44, 0.6000, 11.4459, -9.6306, -6.1855, 0.1800, 209.33
697, 1078, 138, 54, 0.6000, 3.1322, 3.0552, 0.6903, 0.6000, 246.57
697, 1108, 39, 97, 0.5000, 43.5375, -42.0057, -11.4472, 0.1500, 117.33
697, 1123, 7, 5, 0.7333, 2.9943, -1.2950, -2.6997, 0.6600, 218.33
698, 1108, 53, 121, 0.6556, 13.4361, -10.6833, 8.1483, 0.2622, 122.75
698, 1132, 62, 42, 0.6556, 3.5971, -3.0408, -1.9218, 0.2622, 207.00
698, 1078, 141, 54, 0.5000, 3.1322, 3.0552, 0.6903, 0.5000, 246.57
698, 1105, 16, 7, 0.9000, 1.4876, 0.0856, -1.4851, 0.9000, 220.31
698, 1109, 35, -8, 0.5556, 18.9455, 8.4208, -16.9712, 0.2222, 191.62
698, 1123, 6, 2, 0.6333, 2.9943, -1.2950, -2.6997, 0.5700, 218.33
698, 1129, 108, 4, 0.6111, 5.1593, 4.8085, -1.8700, 0.3056, 177.00
698, 1130, -25, 29, 0.5000, 47.4746, -47.4662, 0.8974, 0.1500, 201.33
699, 1063, 22, 45, 0.5625, 10.9914, -8.6713, -6.7542, 0.2250, 198.50
699, 1105, 16, 4, 1.0000, 2.1913, 0.1715, -2.1846, 1.0000, 220.39
699, 1108, 45, 126, 0.7111, 9.9274, -8.4919, 5.1421, 0.3556, 127.50
699, 1116, 105, 114, 0.6000, 81.3013, -21.9592, 78.2796, 0.1800, 120.00
699, 1132, 37, 29, 0.7111, 25.7628, -22.7437, -12.1015, 0.3556, 206.80
699, 1123, 5, -1, 0.5333, 2.9943, -1.2950, -2.6997, 0.4800, 218.33
700, 1063, 16, 32, 0.6222, 14.1825, -6.8909, -12.3959, 0.3111, 199.40
700, 1105, 16, 3, 1.0000, 1.3264, 0.0462, -1.3256, 1.0000, 220.22
700, 1116, 83, 192, 0.5000, 81.3013, -21.9592, 78.2796, 0.1500, 120.00
700, 1132, 14, 17, 0.6111, 25.7628, -22.7437, -12.1015, 0.3056, 206.80
701, 1105, 16, 0, 1.0000, 2.4452, -0.0065, -2.4452, 1.0000, 220.98
701, 1121, 66, 81, 0.6000, 16.8703, 4.7655, -16.1832, 0.1800, 173.33
701, 1135, 1, 71, 0.6000, 10.6501, 0.7935, 10.6205, 0.1800, 186.00
701, 1136, 121, 94, 0.6000, 1.5570, 1.5540, -0.0963, 0.1800, 83.00
701, 1063, 9, 20, 0.5222, 14.1825, -6.8909, -12.3959, 0.2611, 199.40
702, 1121, 71, 42, 0.6556, 35.8762, 5.1077, -35.5107, 0.2622, 191.00
702, 1128, 52, 8, 0.6000, 24.1052, -7.3221, -22.9662, 0.1800, 196.67
702, 1135, 10, 91, 0.6556, 20.2264, 7.9312, 18.6065, 0.2622, 182.50
702, 1098, 81, 28, 0.5625, 18.8216, 8.4173, -16.8345, 0.2250, 195.75
702, 1140, 58, 106, 0.6000, 1.3226, -0.9353, -0.9353, 0.1800, 166.00
702, 1105, 16, -2, 0.9000, 2.4452, -0.0065, -2.4452, 0.9000, 220.98
702, 1136, 122, 94, 0.5000, 1.5570, 1.5540, -0.0963, 0.1500, 83.00
703, 1128, 45, 0, 0.6556, 12.0115, -6.7699, -9.9218, 0.2622, 196.50
703, 1135, 23, 101, 0.7111, 17.2190, 12.7472, 11.5760, 0.3556, 197.00
703, 1136, 96, 111, 0.6556, 17.1492, -14.0715, 9.8024, 0.2622, 87.75
703, 1098, 98, 8, 0.6222, 24.8455, 15.9433, -19.0554, 0.3111, 191.00
703, 1140, 58, 105, 0.7056, 1.0499, -0.2619, -1.0167, 0.2822, 163.50
703, 1105, 16, -5, 0.8000, 2.4452, -0.0065, -2.4452, 0.8000, 220.98
703, 1121, 76, 7, 0.5556, 35.8762, 5.1077, -35.5107, 0.2222, 191.00
704, 1111, 69, 49, 0.6000, 39.7428, 19.3016, 34.7410, 0.1800, 200.67
704, 1128, 44, 0, 0.7111, 1.6620, -1.5324, -0.6433, 0.3556, 196.00
704, 1098, 101, 5, 0.6806, 6.7557, 4.7568, -4.7971, 0.4083, 185.83
704, 1140, 57, 105, 0.7611, 0.7788, -0.7372, -0.2511, 0.3806, 162.80
704, 1143, 50, 7, 0.6000, 23.4149, 20.5755, -11.1761, 0.1800, 205.67
704, 1105, 16, -7, 0.7000, 2.4452, -0.0065, -2.4452, 0.7000, 220.98
704, 1135, 36, 113, 0.6111, 17.2190, 12.7472, 11.5760, 0.3056, 197.00
704, 1136, 82, 121, 0.5556, 17.1492, -14.0715, 9.8024, 0.2222, 87.75
705, 1140, 57, 103, 0.8167, 1.4963, -0.2429, -1.4764, 0.4900, 161.83
705, 1142, 27, 44, 0.6000, 71.1412, -57.2895, 42.1781, 0.1800, 181.00
705, 1143, 85, 0, 0.6556, 33.6538, 32.9343, -6.9218, 0.2622, 196.75
705, 1105, 16, -10, 0.6000, 2.4452, -0.0065, -2.4452, 0.6000, 220.98
705, 1111, 89, 84, 0.5000, 39.7428, 19.3016, 34.7410, 0.1500, 200.67
705, 1135, 49, 124, 0.5111, 17.2190, 12.7472, 11.5760, 0.2556, 197.00
705, 1098, 106, 0, 0.5806, 6.7557, 4.7568, -4.7971, 0.3483, 185.83
706, 1127, 39, 50, 0.6000, 52.7000, 37.7333, 36.7898, 0.1800, 207.33
706, 1099, 12, 123, 0.5625, 21.9132, -4.3481, 21.4775, 0.2250, 173.50
706, 1140, 57, 103, 0.8722, 0.5315, 0.0134, -0.5314, 0.6106, 163.00
706, 1144, 102, 41, 0.6000, 26.5346, -16.0159, 21.1559, 0.1800, 149.00
706, 1105, 16, -12, 0.5000, 2.4452, -0.0065, -2.4452, 0.5000, 220.98
706, 1142, -31, 86, 0.5000, 71.1412, -57.2895, 42.1781, 0.1500, 181.00
706, 1143, 118, -7, 0.5556, 33.6538, 32.9343, -6.9218, 0.2222, 196.75
707, 1111, 100, 115, 0.6556, 20.8380, 8.3717, 19.0823, 0.2622, 175.75
707, 1123, 2, 3, 0.9889, 0.4949, -0.4191, 0.2631, 0.9889, 218.50
707, 1134, 44, 7, 0.6000, 50.3125, -2.7590, -50.2368, 0.1800, 217.00
707, 1140, 56, 102, 0.9278, 1.0352, -0.7154, -0.7482, 0.7422, 163.00
707, 1143, 101, 7, 0.7111, 6.6187, 4.3343, 5.0021, 0.3556, 189.40
707, 1127, 77, 87, 0.5000, 52.7000, 37.7333, 36.7898, 0.1500, 207.33
707, 1144, 85, 62, 0.5000, 26.5346, -16.0159, 21.1559, 0.1500, 149.00
708, 1140, 56, 102, 0.9833, 0.3582, -0.2846, -0.2175, 0.8850, 164.22
708, 1111, 109, 134, 0.5556, 20.8380, 8.3717, 19.0823, 0.2222, 175.75
708, 1123, 2, 3, 0.8889, 0.4949, -0.4191, 0.2631, 0.8889, 218.50
708, 1134, 41, -43, 0.5000, 50.3125, -2.7590, -50.2368, 0.1500, 217.00
709, 1111, 104, 116, 0.7111, 2.1711, 1.0698, -1.8892, 0.3556, 160.20
709, 1123, 6, 2, 1.0000, 2.2119, 2.1448, -0.5405, 1.0000, 218.09
709, 1145, 93, 12, 0.6000, 77.3620, 64.1352, -43.2615, 0.1800, 193.67
710, 1147, 84, 15, 0.6000, 14.2453, -5.6115, 13.0935, 0.1800, 172.00
710, 1152, 11, 57, 0.6000, 1.3562, -0.9353, 0.9822, 0.1800, 200.00
710, 1145, 157, -31, 0.5000, 77.3620, 64.1352, -43.2615, 0.1500, 193.67
711, 1152, 6, 55, 0.6556, 5.1941, -4.7906, -2.0072, 0.2622, 199.75
711, 1153, 55, 99, 0.6000, 18.1646, 17.5599, 4.6482, 0.1800, 200.67
711, 1147, 79, 28, 0.5000, 14.2453, -5.6115, 13.0935, 0.1500, 172.00
712, 1147, 79, 62, 0.6556, 24.7717, -2.3917, 24.6559, 0.2622, 179.25
712, 1153, 57, 100, 0.6556, 4.2145, 4.0742, 1.0785, 0.2622, 193.75
712, 1152, 1, 53, 0.5556, 5.1941, -4.7906, -2.0072, 0.2222, 199.75
713, 1153, 55, 98, 0.7111, 1.9935, -1.7136, -1.0187, 0.3556, 188.20
713, 1147, 76, 87, 0.5556, 24.7717, -2.3917, 24.6559, 0.2222, 179.25
714, 1153, 54, 97, 0.7667, 1.7789, -1.2163, -1.2981, 0.4600, 184.17
714, 1157, 100, 9, 0.6000, 1.0291, -1.0291, 0.0000, 0.1800, 190.00
715, 1153, 53, 96, 0.8222, 1.4771, -0.9758, -1.1089, 0.5756, 181.29
715, 1157, 109, 23, 0.6556, 14.1089, 7.2954, 12.0764, 0.2622, 177.00
716, 1152, 4, 49, 0.7611, 1.4104, 1.1620, -0.7995, 0.3806, 203.00
716, 1153, 53, 96, 0.8778, 0.2755, -0.1758, -0.2121, 0.7022, 179.12
716, 1156, 74, 66, 0.6000, 66.1013, -21.1559, 62.6244, 0.1800, 172.00
716, 1157, 99, 51, 0.7111, 27.7229, -7.8730, 26.5815, 0.3556, 174.60
717, 1146, 30, 57, 0.6000, 75.6445, -53.0110, -53.9623, 0.1800, 149.67
717, 1152, 3, 50, 0.8167, 0.9870, -0.6202, 0.7679, 0.4900, 202.67
717, 1156, 53, 128, 0.5000, 66.1013, -21.1559, 62.6244, 0.1500, 172.00
717, 1157, 91, 78, 0.6111, 27.7229, -7.8730, 26.5815, 0.3056, 174.60
718, 1152, 7, 51, 0.8722, 3.6704, 3.5025, 1.0974, 0.6106, 200.29
718, 1146, -23, 3, 0.5000, 75.6445, -53.0110, -53.9623, 0.1500, 149.67
719, 1137, 116, 118, 0.6000, 1.9188, 1.9188, 0.0073, 0.1800, 93.00
719, 1161, 37, 17, 0.6000, 28.3317, -0.7630, -28.3214, 0.1800, 206.33
719, 1168, 0, 41, 0.6000, 0.9353, 0.0000, -0.9353, 0.1800, 226.33
719, 1169, 6, 18, 0.6000, 48.6221, -1.8705, -48.5862, 0.1800, 190.33
720, 1137, 118, 117, 0.7056, 2.1743, 2.0378, -0.7581, 0.2822, 91.12
720, 1168, 1, 40, 0.7056, 1.2662, 0.7548, -1.0167, 0.2822, 219.75
720, 1161, 36, -11, 0.5000, 28.3317, -0.7630, -28.3214, 0.1500, 206.33
720, 1169, 4, -30, 0.5000, 48.6221, -1.8705, -48.5862, 0.1500, 190.33
721, 1168, 1, 40, 0.7611, 0.3742, 0.2774, -0.2511, 0.3806, 225.40
721, 1172, 81, 26, 0.6556, 16.0010, -15.1002, -5.2930, 0.2622, 168.00
721, 1175, 40, 47, 0.6000, 12.2841, 9.9678, -7.1792, 0.1800, 204.33
721, 1137, 120, 116, 0.6056, 2.1743, 2.0378, -0.7581, 0.2422, 91.12
722, 1168, 2, 39, 0.8167, 1.0416, 0.7602, -0.7120, 0.4900, 227.00
722, 1125, 20, 17, 0.5625, 22.4071, -16.7402, -14.8944, 0.2250, 214.00
722, 1137, 122, 116, 0.5056, 2.1743, 2.0378, -0.7581, 0.2022, 91.12
722, 1172, 66, 21, 0.5556, 16.0010, -15.1002, -5.2930, 0.2222, 168.00
722, 1175, 50, 39, 0.5000, 12.2841, 9.9678, -7.1792, 0.1500, 204.33
723, 1138, 95, 47, 0.6000, 69.0135, 64.6623, 24.1175, 0.1800, 187.33
723, 1154, 73, 107, 0.6000, 71.3124, 70.0714, 13.2459, 0.1800, 156.33
723, 1168, 2, 38, 0.8722, 1.0291, 0.2522, -0.9977, 0.6106, 225.43
723, 1172, 44, 1, 0.7111, 23.1733, -18.6378, -13.7708, 0.3556, 184.20
723, 1177, 50, 91, 0.6000, 1.3226, -0.9353, -0.9353, 0.1800, 175.83
724, 1137, 123, 120, 0.7611, 1.5432, 1.0227, 1.1557, 0.3806, 94.90
724, 1167, 46, 70, 0.6000, 47.8171, 34.2955, 33.3210, 0.1800, 207.33
724, 1168, 12, 40, 0.8778, 9.1420, 9.0593, 1.2269, 0.7022, 222.25
724, 1125, 15, 3, 0.6222, 5.5808, -0.5682, -5.5518, 0.3111, 214.00
724, 1172, 42, -1, 0.7667, 4.3886, -3.4667, -2.6911, 0.4600, 194.50
724, 1176, 0, 90, 0.6000, 14.3415, -4.5352, 13.6056, 0.1800, 182.50
724, 1177, 50, 90, 0.7056, 1.0499, -0.2619, -1.0167, 0.2822, 175.88
724, 1138, 159, 71, 0.5000, 69.0135, 64.6623, 24.1175, 0.1500, 187.33
724, 1154, 143, 121, 0.5000, 71.3124, 70.0714, 13.2459, 0.1500, 156.33
725, 1155, 2, 92, 0.6000, 16.2110, -0.9488, -16.1832, 0.1800, 203.33
725, 1124, 18, 84, 0.5625, 2.9604, 2.8012, -0.9575, 0.2250, 213.25
725, 1168, 18, 38, 0.9333, 5.8481, 5.7812, -0.8824, 0.8400, 220.67
725, 1170, 4, 79, 0.6000, 1.9913, -0.8674, 1.7924, 0.1800, 188.33
725, 1174, 15, 15, 0.6000, 38.1249, -19.8267, -32.5639, 0.1800, 213.00
725, 1177, 49, 89, 0.7611, 1.2542, -0.7372, -1.0146, 0.3806, 174.90
725, 1137, 124, 121, 0.6611, 1.5432, 1.0227, 1.1557, 0.3306, 94.90
725, 1167, 80, 103, 0.5000, 47.8171, 34.2955, 33.3210, 0.1500, 207.33
725, 1125, 14, -2, 0.5222, 5.5808, -0.5682, -5.5518, 0.2611, 214.00
725, 1176, -4, 104, 0.5000, 14.3415, -4.5352, 13.6056, 0.1500, 182.50
726, 1137, 126, 121, 0.8167, 1.6033, 1.5372, 0.4556, 0.4900, 97.25
726, 1155, 3, 89, 0.6556, 4.5547, 0.4879, -4.5285, 0.2622, 197.00
726, 1124, 20, 83, 0.6722, 2.5447, 2.3316, -1.0193, 0.3361, 221.60
726, 1167, 75, 112, 0.6556, 22.7940, 11.8270, 19.4857, 0.2622, 194.50
726, 1168, 22, 31, 0.9889, 8.0826, 4.7043, -6.5725, 0.9889, 219.30
726, 1170, 3, 83, 0.7056, 3.7572, -1.0544, 3.6062, 0.2822, 188.25
726, 1177, 49, 89, 0.8167, 0.3406, -0.2429, -0.2387, 0.4900, 175.75
726, 1180, 124, 1, 0.6000, 8.3350, 7.7376, -3.0988, 0.1800, 150.67
726, 1182, 123, 12, 0.6000, 20.7935, 12.2052, -16.8345, 0.1800, 135.33
726, 1174, -5, -18, 0.5000, 38.1249, -19.8267, -32.5639, 0.1500, 213.00
727, 1137, 127, 122, 0.8722, 1.4221, 1.1399, 0.8503, 0.6106, 102.93
727, 1155, 3, 82, 0.7111, 6.4408, 0.3013, -6.4338, 0.3556, 193.40
727, 1124, 22, 82, 0.7306, 2.2574, 2.0176, -1.0126, 0.4383, 224.92
727, 1170, 4, 90, 0.7111, 7.2132, 0.4884, 7.1966, 0.3556, 187.00
727, 1125, 14, 0, 0.6806, 0.2520, -0.2338, -0.0938, 0.4083, 212.17
727, 1171, 36, 51, 0.6000, 37.4334, -22.0131, 30.2767, 0.1800, 199.33
727, 1177, 49, 88, 0.8722, 0.7053, 0.0134, -0.7051, 0.6106, 175.07
727, 1179, 71, 91, 0.6000, 58.2779, -50.8050, -28.5511, 0.1800, 119.00
727, 1182, 126, 11, 0.6556, 4.6728, 3.4003, -3.2052, 0.2622, 130.75
727, 1183, 101, 37, 0.6000, 1.6992, 0.0482, -1.6985, 0.1800, 162.00
727, 1167, 86, 131, 0.5556, 22.7940, 11.8270, 19.4857, 0.2222, 194.50
727, 1168, 27, 25, 0.8889, 8.0826, 4.7043, -6.5725, 0.8889, 219.30
727, 1180, 132, -2, 0.5000, 8.3350, 7.7376, -3.0988, 0.1500, 150.67
728, 1155, 3, 82, 0.7667, 1.0297, 0.0438, -1.0288, 0.4600, 193.67
728, 1124, 25, 81, 0.7881, 2.9013, 2.7228, -1.0020, 0.5517, 228.50
728, 1168, 37, 15, 1.0000, 11.2279, 7.6618, -8.2074, 1.0000, 218.45
728, 1170, 29, 106, 0.7667, 27.1652, 22.5058, 15.2132, 0.4600, 181.50
728, 1171, 30, 77, 0.6556, 27.7872, -8.1419, 26.5676, 0.2622, 196.25
728, 1175, 47, 13, 0.6556, 4.5659, -2.3313, -3.9259, 0.2622, 204.00
728, 1177, 49, 88, 0.9278, 0.2433, 0.0405, -0.2399, 0.7422, 176.44
728, 1179, 18, 33, 0.6556, 75.8462, -52.5691, -54.6729, 0.2622, 141.00
728, 1182, 125, 12, 0.7111, 1.0871, -0.3504, 1.0291, 0.3556, 127.80
728, 1183, 75, 45, 0.6556, 23.6266, -22.7806, 6.2657, 0.2622, 170.50
728, 1141, 52, 96, 0.5625, 28.8870, -14.0288, -25.2518, 0.2250, 128.50
728, 1137, 128, 123, 0.7722, 1.4221, 1.1399, 0.8503, 0.5406, 102.93
729, 1137, 123, 110, 0.8778, 7.5785, -2.3572, -7.2026, 0.7022, 99.06
729, 1155, 6, 90, 0.8222, 7.0296, 2.2646, 6.6549, 0.5756, 192.57
729, 1124, 27, 80, 0.8451, 2.4850, 2.2754, -0.9989, 0.6761, 231.19
729, 1175, 47, 5, 0.7111, 7.5434, -0.3441, -7.5356, 0.3556, 206.00
729, 1185, 110, 2, 0.6000, 21.2036, -14.0288, -15.8993, 0.1800, 134.00
729, 1186, 103, 42, 0.6000, 15.2911, -10.3347, 11.2700, 0.1800, 146.44
729, 1168, 44, 7, 0.9000, 11.2279, 7.6618, -8.2074, 0.9000, 218.45
729, 1171, 21, 103, 0.5556, 27.7872, -8.1419, 26.5676, 0.2222, 196.25
729, 1179, -34, -22, 0.5556, 75.8462, -52.5691, -54.6729, 0.2222, 141.00
729, 1182, 124, 13, 0.6111, 1.0871, -0.3504, 1.0291, 0.3056, 127.80
729, 1183, 52, 51, 0.5556, 23.6266, -22.7806, 6.2657, 0.2222, 170.50
730, 1155, 11, 97, 0.8778, 9.0854, 5.4421, 7.2752, 0.7022, 188.62
730, 1124, 34, 84, 0.9019, 7.4332, 6.5380, 3.5365, 0.8117, 226.17
730, 1168, 45, 13, 1.0000, 3.7367, 3.7272, 0.2661, 1.0000, 218.25
730, 1182, 105, 5, 0.7667, 12.1204, -11.4117, -4.0839, 0.4600, 132.00
730, 1183, 30, 78, 0.7111, 28.9945, -22.4553, 18.3422, 0.3556, 186.60
730, 1141, 38, 88, 0.6222, 5.8590, -5.7094, -1.3152, 0.3111, 134.60
730, 1185, 88, 1, 0.6556, 20.7438, -20.5339, -2.9432, 0.2622, 154.25
730, 1186, 103, 44, 0.6556, 4.4337, -2.1217, 3.8931, 0.2622, 148.08
731, 1124, 48, 100, 0.9083, 19.2493, 12.8027, 14.3745, 0.9083, 220.05
731, 1141, 32, 79, 0.6806, 10.5071, -6.2786, -8.4249, 0.4083, 154.00
731, 1185, 84, 1, 0.7111, 5.7134, -5.7084, 0.2392, 0.3556, 172.20
731, 1186, 103, 45, 0.7111, 1.5883, 0.5751, 1.4805, 0.3556, 151.27
731, 1168, 49, 14, 0.9000, 3.7367, 3.7272, 0.2661, 0.9000, 218.25
732, 1124, 79, 97, 0.9646, 29.0053, 28.9907, -0.9186, 0.9646, 213.05
732, 1168, 70, 38, 1.0000, 19.7965, 13.8399, 14.1548, 1.0000, 218.23
732, 1175, 49, 8, 0.8778, 1.6505, 0.7879, 1.4503, 0.7022, 209.00
732, 1131, 38, 63, 0.5625, 19.9453, -12.1284, 15.8340, 0.2250, 194.75
732, 1185, 85, 2, 0.7667, 0.5223, 0.0503, 0.5199, 0.4600, 180.17
732, 1186, 104, 47, 0.6111, 1.5883, 0.5751, 1.4805, 0.3056, 151.27
733, 1131, 36, 76, 0.6222, 14.1682, -3.5284, 13.7218, 0.3111, 206.80
733, 1186, 105, 48, 0.5111, 1.5883, 0.5751, 1.4805, 0.2556, 151.27
734, 1131, 15, 92, 0.6806, 24.1591, -18.7906, 15.1848, 0.4083, 205.83
734, 1190, 42, 45, 0.6000, 54.7206, 29.9750, -45.7804, 0.1800, 201.67
735, 1189, 42, 74, 0.6000, 2.2653, 2.0356, -0.9937, 0.1800, 255.00
735, 1190, 70, 0, 0.6556, 53.6516, 28.7558, -45.2945, 0.2622, 198.00
736, 1189, 44, 49, 0.6556, 22.3494, 2.0046, -22.2594, 0.2622, 241.25
736, 1105, 64, 95, 0.5156, 56.1966, 23.5250, 51.0356, 0.5156, 208.00
736, 1191, 21, 18, 0.6000, 5.5732, 3.4933, 4.3425, 0.1800, 204.33
736, 1190, 99, -45, 0.5556, 53.6516, 28.7558, -45.2945, 0.2222, 198.00
737, 1166, 122, 121, 0.6000, 39.5711, 39.3846, 3.8375, 0.1800, 100.67
737, 1189, 45, 43, 0.7111, 7.4330, 1.2336, -7.3299, 0.3556, 234.80
737, 1191, 22, 19, 0.7056, 2.3276, 1.8668, 1.3903, 0.2822, 209.00
738, 1122, 49, 72, 0.5625, 44.6064, 29.0307, -33.8667, 0.2250, 179.75
738, 1184, 116, 3, 0.6000, 12.5855, -9.3677, -8.4048, 0.1800, 139.67
738, 1186, 111, 32, 0.7667, 3.4542, 1.2626, -3.2152, 0.4600, 149.22
738, 1191, 40, 14, 0.7111, 16.7118, 16.2553, -3.8796, 0.3556, 205.80
738, 1166, 162, 125, 0.5000, 39.5711, 39.3846, 3.8375, 0.1500, 100.67
738, 1189, 46, 36, 0.6111, 7.4330, 1.2336, -7.3299, 0.3056, 234.80
739, 1122, 50, 47, 0.6222, 26.9235, 4.8240, -26.4878, 0.3111, 184.00
739, 1114, 19, 92, 0.5400, 17.7863, 7.7470, 16.0105, 0.2700, 194.60
739, 1184, 106, -6, 0.5000, 12.5855, -9.3677, -8.4048, 0.1500, 139.67
739, 1191, 57, 10, 0.6111, 16.7118, 16.2553, -3.8796, 0.3056, 205.80
740, 1122, 47, 44, 0.6806, 5.6740, -1.9723, -5.3202, 0.4083, 188.33
740, 1114, 21, 94, 0.6000, 4.5240, 2.5822, 3.7147, 0.3600, 197.33
740, 1193, 9, 26, 0.7056, 0.7453, 0.0096, -0.7452, 0.2822, 228.75
741, 1091, 16, 64, 0.5400, 43.1052, -21.9047, -37.1247, 0.2700, 174.20
741, 1114, 21, 100, 0.6587, 5.3252, 0.6431, 5.2862, 0.4611, 192.14
741, 1193, 10, 25, 0.7611, 1.2878, 0.7794, -1.0252, 0.3806, 234.00
742, 1193, 10, 25, 0.8167, 0.4089, 0.2958, -0.2823, 0.4900, 237.50
742, 1114, 22, 105, 0.5587, 5.3252, 0.6431, 5.2862, 0.3911, 192.14
743, 1091, 13, 25, 0.6000, 17.4935, 1.1512, -17.4556, 0.3600, 177.67
743, 1193, 11, 24, 0.8722, 1.0480, 0.7611, -0.7204, 0.6106, 237.71
743, 1194, 24, 92, 0.6000, 20.7124, -17.1470, 11.6181, 0.1800, 191.67
744, 1091, 18, 12, 0.6587, 13.4715, 3.8213, -12.9182, 0.4611, 182.43
744, 1193, 11, 24, 0.9278, 0.3487, 0.2534, -0.2395, 0.7422, 237.50
744, 1117, 112, 61, 0.5400, 1.0451, 0.0794, 1.0420, 0.2700, 135.60
744, 1194, 7, 104, 0.5000, 20.7124, -17.1470, 11.6181, 0.1500, 191.67
745, 1193, 11, 23, 0.9833, 0.7407, -0.0116, -0.7406, 0.8850, 238.89
745, 1117, 112, 61, 0.6500, 0.2318, -0.0239, 0.2306, 0.3900, 134.00
746, 1092, 70, 63, 0.5400, 2.1506, 1.9200, -0.9689, 0.2700, 216.20
746, 1192, 42, 17, 0.6000, 17.8294, 5.6203, -16.9204, 0.1800, 202.00
746, 1193, 12, 22, 1.0000, 1.2309, 0.7054, -1.0087, 1.0000, 238.10
746, 1117, 112, 61, 0.5500, 0.2318, -0.0239, 0.2306, 0.3300, 134.00
747, 1092, 73, 63, 0.6500, 2.8040, 2.7919, -0.2601, 0.3900, 222.17
747, 1193, 12, 21, 1.0000, 1.0814, 0.2881, -1.0423, 1.0000, 237.36
747, 1192, 47, 0, 0.5000, 17.8294, 5.6203, -16.9204, 0.1500, 202.00
748, 1092, 75, 62, 0.7087, 2.4140, 2.2999, -0.7335, 0.4961, 226.57
748, 1193, 13, 21, 1.0000, 0.8008, 0.7514, -0.2769, 1.0000, 238.25
748, 1149, 54, 27, 0.5625, 1.9174, 0.0000, 1.9174, 0.2250, 217.25
749, 1092, 77, 62, 0.7667, 2.0135, 1.9989, -0.2417, 0.6133, 226.62
749, 1192, 54, 0, 0.6556, 5.0616, 3.8047, -3.3383, 0.2622, 208.50
749, 1193, 13, 20, 1.0000, 0.7427, 0.2696, -0.6920, 1.0000, 238.23
749, 1149, 55, 28, 0.6722, 1.4807, 0.7548, 1.2739, 0.3361, 219.20
749, 1197, 51, 57, 0.6000, 17.1280, -14.9171, 8.4173, 0.1800, 225.67
750, 1125, 119, 95, 1.0000, 6.4586, 3.4959, 5.4307, 1.0000, 197.53
750, 1092, 81, 60, 0.8241, 3.7894, 3.4767, -1.5073, 0.7417, 229.78
750, 1192, 55, 0, 0.7111, 1.5809, 1.4608, 0.6044, 0.3556, 212.60
750, 1193, 13, 19, 1.0000, 0.9808, -0.0013, -0.9808, 1.0000, 236.71
750, 1117, 116, 69, 0.7087, 2.2878, 1.0714, 2.0214, 0.4961, 132.29
750, 1149, 55, 29, 0.7306, 1.0189, 0.2774, 0.9804, 0.4383, 219.67
750, 1197, 39, 75, 0.6556, 20.8573, -12.4981, 16.6980, 0.2622, 218.25
751, 1092, 83, 59, 0.8811, 2.8884, 2.5753, -1.3079, 0.8811, 231.70
751, 1114, 12, 127, 0.7741, 0.2291, -0.1586, 0.1652, 0.6967, 182.22
751, 1193, 14, 19, 1.0000, 0.7524, 0.6844, -0.3128, 1.0000, 237.73
751, 1149, 56, 30, 0.7881, 1.2188, 0.7602, 0.9526, 0.5517, 219.00
751, 1197, 37, 77, 0.7111, 5.0198, -2.6382, 4.2707, 0.3556, 212.60
751, 1150, 75, 12, 0.5625, 46.0275, -41.9925, -18.8458, 0.2250, 163.00
751, 1117, 117, 71, 0.6087, 2.2878, 1.0714, 2.0214, 0.4261, 132.29
752, 1092, 86, 58, 0.9379, 2.9541, 2.7623, -1.0472, 0.9379, 230.58
752, 1193, 14, 18, 1.0000, 0.7650, 0.2969, -0.7050, 1.0000, 238.44
752, 1117, 118, 72, 0.7667, 1.7749, 1.0025, 1.4646, 0.6133, 129.50
752, 1149, 68, 46, 0.7951, 18.2737, 10.8962, 14.6698, 0.6361, 217.50
752, 1197, 37, 76, 0.7667, 0.8056, 0.0503, -0.8041, 0.4600, 211.83
752, 1150, 29, 0, 0.6222, 47.5101, -45.7612, -12.7720, 0.3111, 174.40
753, 1092, 89, 58, 0.9944, 2.9762, 2.9677, -0.2258, 0.9944, 232.19
753, 1193, 15, 17, 1.0000, 1.2276, 0.7410, -0.9787, 1.0000, 239.29
753, 1117, 119, 84, 0.7741, 11.2922, 0.9978, 11.2481, 0.6967, 124.78
753, 1148, 34, 5, 0.5625, 63.0566, -62.2768, -9.8862, 0.2250, 170.25
753, 1204, 73, 11, 0.6000, 6.6153, 6.3590, 1.8236, 0.1800, 183.00
753, 1150, -17, -13, 0.5222, 47.5101, -45.7612, -12.7720, 0.2611, 174.40
754, 1092, 91, 57, 1.0000, 2.3779, 2.2790, -0.6786, 1.0000, 233.95
754, 1193, 15, 17, 1.0000, 0.4291, 0.2823, -0.3231, 1.0000, 240.00
754, 1117, 119, 95, 0.8311, 10.8994, 0.2309, 10.8970, 0.8311, 120.40
754, 1202, 35, 27, 0.6000, 1.1174, 0.6845, 0.8832, 0.1800, 221.00
754, 1204, 74, 11, 0.6556, 1.9266, 1.8526, 0.5286, 0.2622, 182.50
754, 1205, 42, 4, 0.6000, 16.2397, 5.4326, -15.3041, 0.1800, 212.00
755, 1092, 94, 56, 1.0000, 2.8815, 2.7082, -0.9844, 1.0000, 235.02
755, 1193, 15, 16, 1.0000, 0.6988, 0.0084, -0.6988, 1.0000, 239.53
755, 1202, 29, 5, 0.6556, 20.1467, -4.9920, -19.5185, 0.2622, 221.25
755, 1204, 56, 16, 0.7111, 16.0768, -15.4235, 4.5364, 0.3556, 184.60
755, 1117, 119, 106, 0.7311, 10.8994, 0.2309, 10.8970, 0.7311, 120.40
755, 1205, 47, -11, 0.5000, 16.2397, 5.4326, -15.3041, 0.1500, 212.00
756, 1092, 97, 55, 1.0000, 3.1645, 2.9879, -1.0424, 1.0000, 236.02
756, 1193, 16, 15, 1.0000, 1.1774, 0.6642, -0.9721, 1.0000, 239.12
756, 1199, 5, 12, 0.6000, 27.1020, -25.9189, 7.9199, 0.1800, 208.33
756, 1202, 27, -1, 0.7111, 7.5948, -1.9392, -7.3431, 0.3556, 221.00
756, 1204, 22, 6, 0.7667, 33.1905, -32.1399, -8.2846, 0.4600, 192.33
756, 1205, 44, 2, 0.6556, 1.0614, 0.8445, 0.6429, 0.2622, 214.25
756, 1211, 36, 73, 0.6000, 21.6124, 14.3585, -16.1533, 0.1800, 206.67
756, 1178, 52, 79, 0.5625, 32.6268, -28.9928, -14.9640, 0.2250, 156.00
756, 1117, 120, 117, 0.6311, 10.8994, 0.2309, 10.8970, 0.6311, 120.40
757, 1092, 100, 54, 1.0000, 3.2063, 3.0396, -1.0203, 1.0000, 236.96
757, 1193, 16, 15, 1.0000, 0.4524, 0.3049, -0.3343, 1.0000, 239.74
757, 1202, 28, 0, 0.7667, 0.0449, -0.0123, 0.0432, 0.4600, 221.00
757, 1205, 39, 25, 0.7111, 21.9155, -4.7709, 21.3899, 0.3556, 216.20
757, 1178, 18, 47, 0.6222, 44.5864, -33.7821, -29.0984, 0.3111, 160.60
757, 1117, 120, 128, 0.5311, 10.8994, 0.2309, 10.8970, 0.5311, 120.40
757, 1199, -21, 20, 0.5000, 27.1020, -25.9189, 7.9199, 0.1500, 208.33
757, 1211, 50, 57, 0.5000, 21.6124, 14.3585, -16.1533, 0.1500, 206.67
758, 1092, 102, 53, 1.0000, 2.5017, 2.2922, -1.0021, 1.0000, 238.02
758, 1193, 17, 14, 1.0000, 1.0079, 0.7309, -0.6940, 1.0000, 240.30
758, 1202, 28, 1, 0.8222, 1.1338, 0.2812, 1.0984, 0.5756, 221.14
758, 1211, 55, 65, 0.6556, 9.5356, 9.1758, -2.5948, 0.2622, 206.50
758, 1214, 3, 27, 0.6000, 45.8943, 0.9626, -45.8842, 0.1800, 198.00
758, 1178, -16, 18, 0.5222, 44.5864, -33.7821, -29.0984, 0.2611, 160.60
759, 1122, 0, 28, 1.0000, 1.0433, -0.6499, 0.8162, 1.0000, 195.86
759, 1092, 105, 52, 1.0000, 2.8662, 2.6869, -0.9978, 1.0000, 238.30
759, 1193, 17, 13, 1.0000, 1.0098, 0.2944, -0.9659, 1.0000, 240.67
759, 1117, 127, 119, 0.8879, 3.4032, 2.0214, 2.7378, 0.8879, 116.36
759, 1211, 56, 66, 0.7111, 1.9490, 1.6998, 0.9536, 0.3556, 204.20
759, 1214, 4, -19, 0.5000, 45.8943, 0.9626, -45.8842, 0.1500, 198.00
760, 1092, 108, 51, 1.0000, 3.1372, 2.9740, -0.9987, 1.0000, 238.86
760, 1193, 17, 13, 1.0000, 0.3456, 0.0184, -0.3452, 1.0000, 240.23
760, 1181, 105, 17, 0.5625, 8.0367, 8.0366, 0.0466, 0.2250, 158.25
760, 1215, 38, 34, 0.6000, 53.1653, 33.8389, -41.0058, 0.1800, 195.50
761, 1092, 111, 50, 1.0000, 3.1984, 3.0381, -0.9998, 1.0000, 239.67
761, 1193, 26, 3, 1.0000, 11.1371, 7.5015, -8.2318, 1.0000, 239.42
761, 1220, 4, 80, 0.6000, 2.1757, 1.9644, -0.9353, 0.1800, 235.67
761, 1221, 47, 76, 0.6000, 18.7308, 0.9822, -18.7050, 0.1800, 199.50
761, 1215, 71, -7, 0.5000, 53.1653, 33.8389, -41.0058, 0.1500, 195.50
762, 1092, 114, 49, 1.0000, 3.1826, 3.0213, -1.0001, 1.0000, 240.06
762, 1193, 55, 7, 1.0000, 25.6496, 25.5533, 2.2208, 1.0000, 238.17
762, 1158, 50, 95, 0.5625, 0.0060, -0.0027, 0.0054, 0.2250, 161.25
762, 1208, 53, 76, 0.6000, 6.1906, -2.7839, 5.5293, 0.1800, 180.67
762, 1213, 61, 34, 0.6000, 24.6955, 1.8068, 24.6293, 0.1800, 211.33
762, 1215, 76, 18, 0.6556, 17.8009, 17.4283, -3.6230, 0.2622, 191.38
762, 1219, 33, 75, 0.6000, 5.9769, -2.6922, 5.3363, 0.1800, 199.33
762, 1220, 5, 81, 0.7056, 1.3614, 1.2691, 0.4928, 0.2822, 239.75
762, 1221, 56, 69, 0.6556, 11.3625, 7.8049, -8.2577, 0.2622, 201.12
763, 1092, 116, 48, 1.0000, 2.5058, 2.2976, -1.0001, 1.0000, 239.67
763, 1196, 71, 39, 0.6000, 30.2006, 25.9844, -15.3910, 0.1800, 201.00
763, 1158, 72, 109, 0.6222, 22.4074, 18.8745, 12.0765, 0.3111, 156.40
763, 1208, 51, 93, 0.6556, 16.2348, -2.3352, 16.0660, 0.2622, 181.00
763, 1181, 126, 32, 0.6222, 9.0151, 6.6987, 6.0332, 0.3111, 150.40
763, 1213, 65, 43, 0.6556, 11.8313, 3.6005, 11.2702, 0.2622, 210.25
763, 1220, 7, 81, 0.7611, 1.7624, 1.7360, 0.3038, 0.3806, 242.40
763, 1226, 25, 55, 0.6000, 32.8591, 22.3052, -24.1288, 0.1800, 196.67
763, 1215, 94, 15, 0.5556, 17.8009, 17.4283, -3.6230, 0.2222, 191.38
763, 1219, 31, 80, 0.5000, 5.9769, -2.6922, 5.3363, 0.1500, 199.33
763, 1221, 64, 61, 0.5556, 11.3625, 7.8049, -8.2577, 0.2222, 201.12
764, 1092, 119, 47, 1.0000, 2.8536, 2.6727, -1.0000, 1.0000, 240.08
764, 1203, 50, 6, 0.6000, 24.6017, 1.8766, -24.5300, 0.1800, 200.67
764, 1213, 65, 51, 0.7111, 7.8589, 1.0892, 7.7830, 0.3556, 208.80
764, 1188, 45, 71, 0.5625, 9.6061, 8.9420, 3.5097, 0.2250, 198.12
764, 1220, 9, 81, 0.8167, 2.0063, 2.0058, 0.0440, 0.4900, 244.50
764, 1221, 66, 41, 0.7111, 15.4817, 4.7992, -14.7190, 0.3556, 211.50
764, 1139, 88, 97, 0.5400, 1.3226, 0.9353, 0.9353, 0.2700, 132.40
764, 1228, 10, 23, 0.6000, 7.1602, -6.5468, 2.8996, 0.1800, 208.67
764, 1196, 97, 23, 0.5000, 30.2006, 25.9844, -15.3910, 0.1500, 201.00
764, 1158, 91, 121, 0.5222, 22.4074, 18.8745, 12.0765, 0.2611, 156.40
764, 1208, 49, 109, 0.5556, 16.2348, -2.3352, 16.0660, 0.2222, 181.00
764, 1181, 133, 38, 0.5222, 9.0151, 6.6987, 6.0332, 0.2611, 150.40
764, 1226, 47, 31, 0.5000, 32.8591, 22.3052, -24.1288, 0.1500, 196.67
765, 1092, 122, 46, 1.0000, 3.1269, 2.9627, -1.0000, 1.0000, 240.45
765, 1195, 1, 98, 0.6000, 61.0346, -19.2997, 57.9029, 0.1800, 183.33
765, 1196, 87, 6, 0.6556, 17.4451, 6.0670, -16.3561, 0.2622, 194.50
765, 1158, 114, 118, 0.6806, 21.5642, 21.3296, 3.1719, 0.4083, 144.67
765, 1203, 50, 2, 0.6556, 7.0110, 0.5422, -6.9900, 0.2622, 201.00
765, 1220, 11, 81, 0.8722, 2.0407, 2.0405, -0.0271, 0.6106, 245.57
765, 1226, 61, 9, 0.6556, 29.0470, 17.7111, -23.0226, 0.2622, 196.75
765, 1139, 89, 97, 0.6500, 1.0499, 1.0167, 0.2619, 0.3900, 132.83
765, 1227, 96, 19, 0.6000, 1.1549, -0.5165, 1.0329, 0.1800, 165.50
765, 1228, 4, 26, 0.6556, 7.0514, -6.3621, 3.0405, 0.2622, 208.50
765, 1213, 67, 58, 0.6111, 7.8589, 1.0892, 7.7830, 0.3056, 208.80
766, 1092, 125, 45, 1.0000, 3.1971, 3.0367, -1.0000, 1.0000, 240.91
766, 1201, 3, 4, 0.6000, 72.1479, -71.2427, -11.3928, 0.1800, 188.50
766, 1181, 116, 66, 0.6806, 13.7224, -5.5168, 12.5647, 0.4083, 144.33
766, 1213, 72, 72, 0.7667, 11.5132, 3.4895, 10.9717, 0.4600, 206.33
766, 1219, 9, 78, 0.6556, 6.9973, -6.9873, -0.3740, 0.2622, 203.25
766, 1220, 13, 81, 0.9278, 2.0150, 2.0149, -0.0169, 0.7422, 246.38
766, 1225, 40, 21, 0.6000, 20.2985, -11.4140, -16.7853, 0.1800, 201.00
766, 1227, 73, 38, 0.6556, 27.5757, -21.3079, 17.5040, 0.2622, 187.12
766, 1229, 46, 34, 0.6000, 1.3613, 0.9626, 0.9626, 0.1800, 221.00
766, 1231, 105, 40, 0.7056, 0.0112, 0.0112, 0.0000, 0.2822, 150.50
766, 1195, -19, 156, 0.5000, 61.0346, -19.2997, 57.9029, 0.1500, 183.33
766, 1196, 93, -10, 0.5556, 17.4451, 6.0670, -16.3561, 0.2222, 194.50
766, 1203, 51, -5, 0.5556, 7.0110, 0.5422, -6.9900, 0.2222, 201.00
766, 1226, 79, -14, 0.5556, 29.0470, 17.7111, -23.0226, 0.2222, 196.75
766, 1139, 90, 97, 0.5500, 1.0499, 1.0167, 0.2619, 0.3300, 132.83
766, 1228, -2, 29, 0.5556, 7.0514, -6.3621, 3.0405, 0.2222, 208.50
767, 1165, 37, 64, 0.5625, 0.9455, -0.0027, -0.9454, 0.2250, 189.25
767, 1173, 8, 29, 0.5625, 36.2646, -8.5678, -35.2380, 0.2250, 198.00
767, 1219, 8, 78, 0.7111, 1.1935, -1.1817, -0.1675, 0.3556, 201.00
767, 1220, 14, 81, 0.9833, 1.2482, 1.2482, -0.0027, 0.8850, 247.33
767, 1231, 96, 43, 0.7111, 7.9591, -7.6225, 2.2899, 0.3556, 162.20
767, 1233, 17, 86, 0.6000, 28.3353, -28.3214, -0.8850, 0.1800, 177.00
767, 1092, 128, 44, 0.9000, 3.1971, 3.0367, -1.0000, 0.9000, 240.91
767, 1201, -68, -8, 0.5000, 72.1479, -71.2427, -11.3928, 0.1500, 188.50
767, 1213, 75, 83, 0.6667, 11.5132, 3.4895, 10.9717, 0.4000, 206.33
767, 1225, 29, 4, 0.5000, 20.2985, -11.4140, -16.7853, 0.1500, 201.00
767, 1227, 51, 56, 0.5556, 27.5757, -21.3079, 17.5040, 0.2222, 187.12
767, 1229, 47, 35, 0.5000, 1.3613, 0.9626, 0.9626, 0.1500, 221.00
768, 1165, 13, 61, 0.6222, 20.5390, -20.3820, -2.5350, 0.3111, 190.80
768, 1173, 5, 17, 0.6222, 15.6352, -3.9087, -15.1387, 0.3111, 199.60
768, 1213, 71, 94, 0.8222, 11.1697, -0.8935, 11.1339, 0.5756, 200.29
768, 1219, 10, 79, 0.7667, 1.3488, 1.1218, 0.7489, 0.4600, 197.17
768, 1220, 16, 81, 1.0000, 1.6967, 1.6967, 0.0014, 1.0000, 247.90
768, 1227, 37, 64, 0.7111, 21.5763, -17.5518, 12.5488, 0.3556, 192.50
768, 1229, 58, 38, 0.6556, 6.7893, 6.4539, 2.1075, 0.2622, 214.25
768, 1231, 93, 44, 0.7667, 4.0215, -3.6730, 1.6376, 0.4600, 165.67
768, 1233, -2, 103, 0.6556, 24.6937, -19.6477, 14.9582, 0.2622, 172.75
768, 1092, 131, 43, 0.8000, 3.1971, 3.0367, -1.0000, 0.8000, 240.91
769, 1220, 18, 81, 1.0000, 1.9891, 1.9891, 0.0010, 1.0000, 248.55
769, 1229, 70, 39, 0.7111, 11.9535, 11.8825, 1.3007, 0.3556, 214.80
769, 1231, 93, 46, 0.8222, 1.8427, -0.2920, 1.8195, 0.5756, 168.71
769, 1092, 134, 42, 0.7000, 3.1971, 3.0367, -1.0000, 0.7000, 240.91
769, 1165, -7, 59, 0.5222, 20.5390, -20.3820, -2.5350, 0.2611, 190.80
769, 1173, 1, 1, 0.5222, 15.6352, -3.9087, -15.1387, 0.2611, 199.60
769, 1213, 70, 105, 0.7222, 11.1697, -0.8935, 11.1339, 0.5056, 200.29
769, 1233, -21, 118, 0.5556, 24.6937, -19.6477, 14.9582, 0.2222, 172.75
770, 1092, 126, 36, 1.0000, 2.6284, -0.4866, -2.5830, 1.0000, 236.07
770, 1173, 19, 9, 0.6806, 8.8263, 8.5849, -2.0502, 0.4083, 201.83
770, 1213, 55, 123, 0.8778, 17.7877, -9.6516, 14.9415, 0.7022, 195.75
770, 1188, 75, 66, 0.6222, 4.2464, 3.6027, -2.2477, 0.3111, 196.50
770, 1220, 28, 75, 1.0000, 10.7586, 9.4328, -5.1739, 1.0000, 243.92
770, 1225, 9, 21, 0.6556, 8.3022, -6.8153, 4.7411, 0.2622, 205.00
770, 1187, 10, 27, 0.5625, 0.0643, -0.0288, -0.0575, 0.2250, 204.75
770, 1229, 97, 36, 0.7667, 25.9455, 25.7849, -2.8817, 0.4600, 205.83
770, 1231, 93, 47, 0.8778, 1.2664, -0.3397, 1.2200, 0.7022, 171.38
771, 1092, 100, 22, 1.0000, 26.1749, -22.8581, -12.7528, 1.0000, 233.85
771, 1209, 22, 81, 0.6000, 1.9079, 1.9079, 0.0029, 0.1800, 223.33
771, 1188, 88, 51, 0.6806, 19.1903, 12.6914, -14.3943, 0.4083, 194.92
771, 1220, 37, 63, 1.0000, 14.0547, 8.7765, -10.9777, 1.0000, 242.92
771, 1187, 11, 27, 0.6722, 0.7718, 0.7714, 0.0228, 0.3361, 206.40
771, 1231, 93, 49, 0.9333, 1.7306, -0.0872, 1.7284, 0.8400, 172.89
771, 1213, 45, 138, 0.7778, 17.7877, -9.6516, 14.9415, 0.6222, 195.75
771, 1225, 2, 25, 0.5556, 8.3022, -6.8153, 4.7411, 0.2222, 205.00
772, 1209, 24, 81, 0.7056, 2.0426, 2.0426, -0.0013, 0.2822, 230.75
772, 1220, 38, 60, 1.0000, 5.0643, 2.2315, -4.5462, 1.0000, 239.86
772, 1139, 80, 106, 0.7087, 2.7168, -2.1571, 1.6516, 0.4961, 132.29
772, 1187, 12, 27, 0.7306, 1.0511, 1.0510, 0.0160, 0.4383, 208.67
772, 1231, 81, 61, 0.9889, 15.4586, -10.6788, 11.1772, 0.9889, 175.70
772, 1213, 35, 153, 0.6778, 17.7877, -9.6516, 14.9415, 0.5422, 195.75
773, 1209, 26, 81, 0.7611, 2.0275, 2.0275, -0.0009, 0.3806, 235.60
773, 1220, 34, 47, 1.0000, 11.7168, -3.3604, -11.2245, 1.0000, 237.27
773, 1187, 13, 27, 0.7881, 1.0528, 1.0528, 0.0028, 0.5517, 208.00
773, 1160, 14, 81, 0.5400, 0.9833, 0.9822, 0.0469, 0.2700, 207.20
773, 1213, 26, 168, 0.5778, 17.7877, -9.6516, 14.9415, 0.4622, 195.75
774, 1141, 76, 40, 1.0000, 1.1616, -0.7884, -0.8531, 1.0000, 178.00
774, 1209, 28, 81, 0.8167, 2.0043, 2.0043, -0.0001, 0.4900, 238.17
774, 1220, 34, 10, 1.0000, 34.1276, -0.2924, -34.1264, 1.0000, 235.44
774, 1187, 15, 26, 0.8451, 1.9298, 1.7732, -0.7616, 0.6761, 206.38
774, 1160, 34, 62, 0.6000, 24.2124, 17.6169, -16.6098, 0.3600, 206.50
775, 1207, 50, 22, 0.6000, 58.1102, 30.8883, -49.2210, 0.1800, 187.67
775, 1209, 30, 81, 0.8722, 1.9977, 1.9977, 0.0001, 0.6106, 235.29
775, 1187, 14, 28, 0.9019, 1.5574, -0.9744, 1.2149, 0.8117, 206.56
775, 1160, 55, 40, 0.6587, 29.3398, 20.0904, -21.3822, 0.4611, 206.71
776, 1209, 32, 82, 0.9278, 2.1367, 1.9985, 0.7560, 0.7422, 237.75
776, 1187, 15, 31, 0.9583, 2.9735, 0.8584, 2.8469, 0.9583, 207.40
776, 1236, 49, 1, 0.6556, 9.9663, -8.4125, -5.3440, 0.2622, 202.50
776, 1106, 18, 1, 0.5062, 0.8375, 0.0164, 0.8373, 0.4050, 252.75
776, 1241, 29, 20, 0.6000, 34.5655, -34.5574, -0.7475, 0.1800, 200.67
776, 1207, 81, -28, 0.5000, 58.1102, 30.8883, -49.2210, 0.1500, 187.67
776, 1160, 75, 19, 0.5587, 29.3398, 20.0904, -21.3822, 0.3911, 206.71
777, 1206, 8, 32, 0.6000, 48.2018, -37.7335, -29.9933, 0.1800, 228.67
777, 1209, 33, 82, 0.9833, 1.2832, 1.2480, 0.2986, 0.8850, 239.11
777, 1232, 5, 78, 0.6000, 18.0239, 0.9650, 17.9981, 0.1800, 188.00
777, 1236, 46, -1, 0.7111, 4.3634, -3.8876, -1.9813, 0.3556, 200.00
777, 1106, 18, 2, 0.6130, 1.0823, -0.0109, 1.0822, 0.5517, 252.56
777, 1241, 7, 21, 0.6556, 23.2869, -23.2821, 0.4737, 0.2622, 204.75
777, 1187, 15, 34, 0.8583, 2.9735, 0.8584, 2.8469, 0.8583, 207.40
778, 1209, 54, 85, 0.9889, 19.1290, 18.8927, 2.9979, 0.9889, 230.40
778, 1216, 108, 45, 0.6000, 27.2332, 14.4378, 23.0910, 0.1800, 154.00
778, 1187, 16, 32, 1.0000, 0.8086, 0.6652, 0.4598, 1.0000, 206.82
778, 1236, 29, 0, 0.7667, 15.5423, -15.5423, 0.0231, 0.4600, 206.33
778, 1106, 18, 2, 0.6694, 0.2881, -0.0062, 0.2880, 0.6694, 251.50
778, 1206, -30, 2, 0.5000, 48.2018, -37.7335, -29.9933, 0.1500, 228.67
778, 1232, 6, 96, 0.5000, 18.0239, 0.9650, 17.9981, 0.1500, 188.00
778, 1241, -16, 21, 0.5556, 23.2869, -23.2821, 0.4737, 0.2222, 204.75
779, 1218, 104, 9, 0.6000, 32.4918, -18.2465, -26.8846, 0.1800, 135.33
779, 1224, 95, 54, 0.6000, 77.8124, 41.1521, -66.0400, 0.1800, 146.33
779, 1232, 8, 112, 0.6556, 16.9530, 1.5595, 16.8811, 0.2622, 175.00
779, 1236, 7, 4, 0.8222, 21.8017, -21.4094, 4.1171, 0.5756, 207.71
779, 1238, 70, 23, 0.6000, 0.9317, 0.9298, -0.0583, 0.1800, 214.17
779, 1216, 123, 68, 0.5000, 27.2332, 14.4378, 23.0910, 0.1500, 154.00
779, 1187, 17, 33, 0.9000, 0.8086, 0.6652, 0.4598, 0.9000, 206.82
780, 1218, 101, 5, 0.6556, 8.9266, -5.0113, -7.3873, 0.2622, 139.25
780, 1187, 8, 31, 1.0000, 4.5407, -4.4864, -0.7005, 1.0000, 206.17
780, 1232, 5, 117, 0.7111, 6.5429, -2.7728, 5.9263, 0.3556, 181.40
780, 1238, 70, 24, 0.7056, 0.8285, 0.2708, 0.7830, 0.2822, 210.88
780, 1164, 77, 95, 0.5400, 1.0291, 1.0291, 0.0000, 0.2700, 162.20
780, 1200, 63, 18, 0.5625, 23.6398, 3.7879, -23.3344, 0.2250, 210.00
780, 1245, 41, 82, 0.6000, 49.5772, -49.5683, 0.9353, 0.1800, 181.33
780, 1224, 136, -12, 0.5000, 77.8124, 41.1521, -66.0400, 0.1500, 146.33
780, 1236, -14, 8, 0.7222, 21.8017, -21.4094, 4.1171, 0.5056, 207.71
781, 1238, 70, 25, 0.7611, 1.0590, -0.0221, 1.0588, 0.3806, 210.30
781, 1240, 58, 48, 0.6000, 67.7478, 32.1248, -59.6469, 0.1800, 171.00
781, 1164, 63, 87, 0.6000, 13.6364, -11.8240, -6.7930, 0.3600, 164.50
781, 1245, 16, 85, 0.6556, 28.3358, -28.2229, 2.5262, 0.2622, 181.00
781, 1218, 96, -3, 0.5556, 8.9266, -5.0113, -7.3873, 0.2222, 139.25
781, 1232, 2, 123, 0.6111, 6.5429, -2.7728, 5.9263, 0.3056, 181.40
782, 1218, 103, 7, 0.7111, 3.1406, 1.7637, 2.5987, 0.3556, 142.50
782, 1238, 63, 41, 0.7667, 15.3404, -6.1628, 14.0481, 0.4600, 212.58
782, 1164, 44, 82, 0.6587, 19.0514, -18.2248, -5.5511, 0.4611, 177.00
782, 1133, 67, 95, 0.5250, 0.0888, -0.0794, 0.0397, 0.3150, 149.83
782, 1245, 1, 96, 0.7111, 19.5823, -16.8552, 9.9684, 0.3556, 178.20
782, 1232, -1, 129, 0.5111, 6.5429, -2.7728, 5.9263, 0.2556, 181.40
782, 1240, 91, -12, 0.5000, 67.7478, 32.1248, -59.6469, 0.1500, 171.00
783, 1230, 93, 42, 0.6000, 0.9606, 0.9606, 0.0098, 0.1800, 178.67
783, 1237, 8, 1, 0.6000, 67.5637, -62.9892, -24.4380, 0.1800, 219.83
783, 1242, 72, 27, 0.6000, 6.4856, 0.0117, -6.4856, 0.1800, 215.33
783, 1164, 40, 67, 0.7167, 15.3398, -5.9906, -14.1217, 0.5733, 180.25
783, 1133, 48, 84, 0.5841, 19.4426, -16.7272, -9.9103, 0.4089, 164.86
783, 1151, 98, 2, 0.5400, 15.3925, -3.9757, -14.8702, 0.2700, 155.87
783, 1245, -16, 106, 0.6111, 19.5823, -16.8552, 9.9684, 0.3056, 178.20
784, 1230, 95, 42, 0.7056, 1.7731, 1.7731, -0.0044, 0.2822, 180.75
784, 1242, 72, 27, 0.6556, 1.1460, -0.0047, -1.1460, 0.2622, 222.50
784, 1133, 22, 93, 0.6424, 25.4782, -24.4951, 7.0090, 0.5139, 164.62
784, 1247, 78, 35, 0.6556, 16.5707, -14.3407, 8.3025, 0.2622, 177.50
784, 1237, -55, -23, 0.5000, 67.5637, -62.9892, -24.4380, 0.1500, 219.83
785, 1230, 75, 39, 0.7111, 17.9405, -17.7934, -2.2926, 0.3556, 193.00
785, 1242, 69, 13, 0.7111, 12.7503, -2.2921, -12.5425, 0.3556, 215.20
785, 1247, 66, 45, 0.7111, 16.2807, -12.9066, 9.9236, 0.3556, 185.10
785, 1133, -2, 100, 0.5424, 25.4782, -24.4951, 7.0090, 0.4339, 164.62
786, 1230, 65, 45, 0.7667, 11.7513, -10.8647, 4.4778, 0.4600, 202.83
786, 1162, 24, 88, 0.5400, 1.3307, 0.9538, 0.9279, 0.2700, 205.40
786, 1247, 65, 62, 0.7667, 16.4637, -2.0675, 16.3333, 0.4600, 183.25
786, 1249, 68, 24, 0.6000, 50.4056, 49.5214, 9.3995, 0.1800, 205.33
786, 1242, 67, 1, 0.6111, 12.7503, -2.2921, -12.5425, 0.3056, 215.20
787, 1162, 12, 67, 0.6000, 20.6526, -10.3289, -17.8842, 0.3600, 203.50
787, 1243, 22, 13, 0.6000, 80.2826, -75.1636, -28.2086, 0.1800, 182.33
787, 1247, 54, 82, 0.8222, 22.2475, -9.6055, 20.0670, 0.5756, 193.21
787, 1249, 101, 40, 0.6556, 38.9673, 35.7754, 15.4457, 0.2622, 199.12
787, 1251, 14, 8, 0.6000, 4.1007, 2.8996, 2.8996, 0.1800, 254.08
788, 1162, 22, 30, 0.6587, 35.7165, 7.5360, -34.9124, 0.4611, 205.14
788, 1247, 34, 113, 0.8778, 35.5029, -19.4096, 29.7276, 0.7022, 186.31
788, 1251, 17, 10, 0.7056, 3.8039, 3.0405, 2.2858, 0.2822, 253.96
788, 1243, -53, -16, 0.5000, 80.2826, -75.1636, -28.2086, 0.1500, 182.33
788, 1249, 137, 55, 0.5556, 38.9673, 35.7754, 15.4457, 0.2222, 199.12
789, 1239, 27, 89, 0.6000, 36.6167, -34.4421, 12.4307, 0.1800, 183.00
789, 1247, 7, 122, 0.9333, 27.9927, -25.9504, 10.4962, 0.8400, 181.28
789, 1251, 25, 25, 0.7111, 15.4447, 7.6093, 13.4401, 0.3556, 244.97
789, 1253, 41, 32, 0.6000, 50.4589, -50.2547, 4.5352, 0.1800, 189.67
790, 1112, 70, 49, 0.5250, 0.9562, 0.9562, -0.0080, 0.3150, 192.75
790, 1251, 28, 29, 0.7667, 5.7743, 3.2227, 4.7913, 0.4600, 237.64
790, 1253, 13, 27, 0.6556, 31.2983, -31.1334, -3.2084, 0.2622, 194.50
790, 1254, 92, 26, 0.6000, 1.2603, -0.7640, -1.0023, 0.1800, 170.67
790, 1239, -7, 102, 0.5000, 36.6167, -34.4421, 12.4307, 0.1500, 183.00
791, 1112, 81, 78, 0.5841, 26.6040, 9.3246, 24.9164, 0.4089, 189.79
791, 1239, 2, 92, 0.6556, 9.9810, -9.9802, -0.1320, 0.2622, 179.75
791, 1251, 28, 28, 0.8222, 0.8955, 0.8864, -0.1273, 0.5756, 233.26
791, 1253, -18, 24, 0.5556, 31.2983, -31.1334, -3.2084, 0.2222, 194.50
791, 1254, 91, 25, 0.5000, 1.2603, -0.7640, -1.0023, 0.1500, 170.67
792, 1112, 83, 85, 0.6424, 9.6902, 3.2876, 9.1155, 0.5139, 188.44
792, 1251, 26, 20, 0.8778, 7.0568, -1.6593, -6.8589, 0.7022, 234.48
792, 1254, 78, 9, 0.6556, 12.3399, -7.6341, -9.6950, 0.2622, 173.25
792, 1234, 77, 62, 0.5625, 16.8605, -5.6115, -15.8993, 0.2250, 192.50
792, 1239, -8, 92, 0.5556, 9.9810, -9.9802, -0.1320, 0.2222, 179.75
793, 1112, 83, 85, 0.7000, 0.6179, -0.1054, 0.6089, 0.6300, 186.06
793, 1162, 27, 21, 0.9444, 12.2636, 7.2792, 9.8695, 0.9444, 222.33
793, 1254, 77, 1, 0.7111, 8.2986, -2.0176, -8.0496, 0.3556, 175.60
793, 1234, 89, 28, 0.6222, 33.0935, 9.7500, -31.6246, 0.3111, 188.60
793, 1257, 99, 98, 0.6000, 1.9644, 1.9644, 0.0000, 0.1800, 126.67
794, 1162, 31, 25, 1.0000, 6.0421, 3.9660, 4.5582, 1.0000, 224.40
794, 1244, 78, 38, 0.6000, 16.1456, -0.0121, -16.1456, 0.1800, 197.67
794, 1235, 75, 111, 0.5625, 16.2091, 13.9446, 8.2635, 0.2250, 150.75
794, 1257, 100, 99, 0.7056, 1.4766, 1.2691, 0.7548, 0.2822, 127.25
794, 1254, 75, -7, 0.6111, 8.2986, -2.0176, -8.0496, 0.3056, 175.60
794, 1234, 99, -4, 0.5222, 33.0935, 9.7500, -31.6246, 0.2611, 188.60
795, 1244, 79, 36, 0.6556, 3.8587, 0.7613, -3.7829, 0.2622, 203.75
795, 1250, 83, 8, 0.6000, 30.4917, -29.5830, 7.3885, 0.1800, 157.67
795, 1234, 82, 0, 0.6806, 12.7447, -5.6493, -11.4242, 0.4083, 189.50
795, 1235, 104, 108, 0.6222, 28.4181, 28.3472, -2.0064, 0.3111, 141.40
795, 1257, 102, 99, 0.7611, 1.7580, 1.7360, 0.2774, 0.3806, 125.20
796, 1244, 79, 38, 0.7111, 1.4941, 0.2804, 1.4676, 0.3556, 203.20
796, 1250, 57, 12, 0.6556, 27.2323, -26.9780, 3.7129, 0.2622, 168.25
796, 1235, 124, 116, 0.6806, 22.1212, 20.8752, 7.3193, 0.4083, 130.00
796, 1257, 104, 99, 0.8167, 2.0058, 2.0058, -0.0042, 0.4900, 129.17
797, 1244, 79, 39, 0.7667, 1.1109, -0.0040, 1.1109, 0.4600, 203.17
797, 1250, 21, 13, 0.7111, 34.3384, -34.2844, 1.9257, 0.3556, 185.60
797, 1217, 79, 91, 0.5625, 11.7796, 9.8862, -6.4049, 0.2250, 145.75
797, 1257, 105, 100, 0.8722, 1.4680, 1.2802, 0.7185, 0.6106, 128.07
797, 1210, 7, 26, 0.5625, 17.8958, -12.2991, 12.9997, 0.2250, 212.50
797, 1235, 145, 124, 0.5806, 22.1212, 20.8752, 7.3193, 0.3483, 130.00
798, 1244, 73, 45, 0.8222, 7.7419, -5.3897, 5.5577, 0.5756, 205.29
798, 1250, 0, 18, 0.7667, 23.3956, -22.9022, 4.7795, 0.4600, 194.83
798, 1217, 81, 91, 0.6222, 3.1083, 3.0829, -0.3967, 0.3111, 155.20
798, 1257, 107, 100, 0.9278, 1.7415, 1.7188, 0.2804, 0.7422, 126.31
798, 1210, 2, 56, 0.6222, 27.8229, -6.4098, 27.0745, 0.3111, 221.00
798, 1228, 56, 58, 0.5143, 53.2431, 53.2430, 0.1011, 0.3600, 243.14
798, 1259, 60, 47, 0.6000, 25.3678, 25.2987, 1.8705, 0.1800, 222.50
799, 1257, 109, 101, 0.9833, 2.1334, 1.9946, 0.7571, 0.8850, 126.50
799, 1258, 19, 16, 0.6000, 28.3785, 8.9741, -26.9222, 0.1800, 223.33
799, 1259, 82, 43, 0.6556, 22.3998, 22.1628, -3.2500, 0.2622, 214.88
799, 1244, 68, 51, 0.7222, 7.7419, -5.3897, 5.5577, 0.5056, 205.29
799, 1250, -23, 23, 0.6667, 23.3956, -22.9022, 4.7795, 0.4000, 194.83
799, 1217, 84, 91, 0.5222, 3.1083, 3.0829, -0.3967, 0.2611, 155.20
799, 1210, -4, 83, 0.5222, 27.8229, -6.4098, 27.0745, 0.2611, 221.00
800, 1217, 89, 88, 0.6806, 4.3054, 3.9992, -1.5947, 0.4083, 152.00
800, 1257, 110, 102, 1.0000, 1.6394, 1.2919, 1.0093, 1.0000, 124.15
800, 1210, 1, 107, 0.6806, 25.5736, 0.6818, 25.5645, 0.4083, 207.83
800, 1258, 41, -1, 0.6556, 27.5496, 20.1699, -18.7658, 0.2622, 222.75
800, 1259, 92, 28, 0.7111, 17.9839, 11.7014, -13.6564, 0.3556, 206.50
800, 1261, 20, 14, 0.6000, 15.0805, -7.4820, 13.0935, 0.1800, 232.00
800, 1244, 62, 56, 0.6222, 7.7419, -5.3897, 5.5577, 0.4356, 205.29
801, 1217, 90, 88, 0.7381, 1.0099, 0.9208, -0.4147, 0.5167, 149.71
801, 1257, 112, 102, 1.0000, 1.7388, 1.7133, 0.2967, 1.0000, 125.95
801, 1259, 92, 24, 0.7667, 4.8913, 1.2330, -4.7333, 0.4600, 199.75
801, 1261, 20, 31, 0.6556, 16.5525, -1.3407, 16.4981, 0.2622, 221.25
801, 1263, 94, 26, 0.6000, 25.0475, -15.3522, 19.7911, 0.1800, 160.67
801, 1244, 57, 62, 0.5222, 7.7419, -5.3897, 5.5577, 0.3656, 205.29
801, 1210, 2, 133, 0.5806, 25.5736, 0.6818, 25.5645, 0.3483, 207.83
801, 1258, 61, -20, 0.5556, 27.5496, 20.1699, -18.7658, 0.2222, 222.75
802, 1244, 69, 75, 0.8778, 8.0337, 0.2955, 8.0283, 0.7022, 199.62
802, 1159, 122, 58, 0.5400, 67.6757, -2.8608, -67.6152, 0.2700, 88.00
802, 1217, 89, 88, 0.7951, 0.2303, -0.2195, 0.0698, 0.6361, 148.00
802, 1257, 113, 103, 1.0000, 1.4368, 1.2496, 0.7092, 1.0000, 126.04
802, 1258, 91, -2, 0.7111, 25.6283, 25.4794, 2.7580, 0.3556, 212.20
802, 1259, 90, 25, 0.8222, 1.2834, -1.2611, 0.2385, 0.5756, 195.64
802, 1261, 18, 47, 0.7111, 15.9031, -1.8024, 15.8006, 0.3556, 217.20
802, 1263, 82, 31, 0.6556, 13.9095, -12.1801, 6.7172, 0.2622, 165.75
802, 1163, 78, 98, 0.5250, 1.9180, -0.0469, 1.9174, 0.3150, 158.33
802, 1267, 10, 45, 0.6000, 14.1592, 1.9174, -14.0288, 0.1800, 238.67
803, 1257, 115, 105, 1.0000, 2.4404, 1.7306, 1.7206, 1.0000, 125.19
803, 1259, 84, 27, 0.8778, 6.3214, -6.1246, 1.5652, 0.7022, 193.56
803, 1261, 11, 60, 0.7667, 14.3992, -6.6071, 12.7938, 0.4600, 217.33
803, 1263, 80, 42, 0.7111, 11.0220, -3.2249, 10.5396, 0.3556, 169.80
803, 1267, 18, 34, 0.6556, 13.6081, 7.3120, -11.4767, 0.2622, 231.00
803, 1269, 21, 17, 0.6000, 1.3562, 0.9353, 0.9822, 0.1800, 250.33
803, 1271, 6, 53, 0.6000, 7.7325, -3.8818, -6.6876, 0.1800, 203.00
803, 1273, 37, 98, 0.6000, 1.3226, 0.9353, 0.9353, 0.1800, 180.33
803, 1217, 89, 88, 0.6951, 0.2303, -0.2195, 0.0698, 0.5561, 148.00
804, 1257, 116, 105, 1.0000, 1.4129, 1.2705, 0.6183, 1.0000, 127.46
804, 1263, 83, 48, 0.7667, 6.4409, 2.0731, 6.0982, 0.4600, 181.00
804, 1163, 109, 102, 0.5841, 17.4111, 17.2910, 2.0415, 0.4089, 149.14
804, 1267, 22, 18, 0.7111, 15.8624, 3.9634, -15.3593, 0.3556, 235.80
804, 1269, 33, 45, 0.6556, 26.7040, 10.8288, 24.4099, 0.2622, 237.50
804, 1271, 18, 36, 0.6556, 18.7624, 9.5334, -16.1599, 0.2622, 204.25
804, 1217, 89, 88, 0.5951, 0.2303, -0.2195, 0.0698, 0.4761, 148.00
804, 1261, 4, 72, 0.6667, 14.3992, -6.6071, 12.7938, 0.4000, 217.33
804, 1273, 38, 99, 0.5000, 1.3226, 0.9353, 0.9353, 0.1500, 180.33
805, 1257, 117, 106, 1.0000, 1.2374, 1.0027, 0.7251, 1.0000, 125.41
805, 1261, 3, 99, 0.8222, 21.3161, -3.6781, 20.9964, 0.5756, 209.57
805, 1263, 85, 49, 0.8222, 2.5216, 2.0242, 1.5037, 0.5756, 188.86
805, 1163, 112, 102, 0.6424, 4.6653, 4.6440, 0.4457, 0.5139, 142.25
805, 1271, 22, 18, 0.7111, 17.9278, 4.7767, -17.2797, 0.3556, 213.00
805, 1273, 32, 100, 0.7056, 2.9366, -2.7506, 1.0285, 0.2822, 173.50
805, 1267, 26, 2, 0.6111, 15.8624, 3.9634, -15.3593, 0.3056, 235.80
805, 1269, 44, 69, 0.5556, 26.7040, 10.8288, 24.4099, 0.2222, 237.50
806, 1217, 71, 88, 0.8519, 5.8391, -5.8391, 0.0083, 0.7667, 149.78
806, 1257, 118, 108, 1.0000, 1.9196, 0.9590, 1.6629, 1.0000, 125.82
806, 1222, 94, 46, 0.5625, 32.8632, -30.8818, -11.2385, 0.2250, 118.38
806, 1263, 85, 49, 0.8778, 0.6118, 0.4308, 0.4344, 0.7022, 190.50
806, 1269, 25, 77, 0.7111, 15.8699, -6.2819, 14.5737, 0.3556, 223.60
806, 1271, 22, 16, 0.7667, 4.2563, 0.4325, -4.2343, 0.4600, 219.67
806, 1273, 11, 100, 0.7111, 19.6277, -19.6264, 0.2262, 0.3556, 176.30
806, 1277, 16, 61, 0.6000, 1.9174, 1.9174, 0.0000, 0.1800, 249.00
806, 1163, 117, 103, 0.5424, 4.6653, 4.6440, 0.4457, 0.4339, 142.25
806, 1267, 30, -13, 0.5111, 15.8624, 3.9634, -15.3593, 0.2556, 235.80
807, 1255, 76, 102, 0.6000, 45.0482, 10.4617, 43.8166, 0.1800, 194.20
807, 1257, 119, 109, 1.0000, 1.6565, 0.9816, 1.3343, 1.0000, 128.48
807, 1222, 69, 58, 0.6222, 27.1008, -25.6071, 8.8729, 0.3111, 143.50
807, 1263, 85, 49, 0.9333, 0.1544, -0.1403, -0.0643, 0.8400, 190.11
807, 1271, 21, 18, 0.8222, 1.8142, -0.5413, 1.7316, 0.5756, 224.00
807, 1273, 6, 100, 0.7667, 6.9217, -6.9214, -0.0597, 0.4600, 180.83
807, 1277, 17, 62, 0.7056, 1.4807, 1.2739, 0.7548, 0.2822, 245.00
808, 1257, 120, 111, 1.0000, 2.0213, 0.9983, 1.7576, 1.0000, 127.29
808, 1222, 34, 64, 0.6806, 35.0844, -34.3772, 7.0086, 0.4083, 154.25
808, 1212, 20, 86, 0.5625, 13.4691, 8.1365, -10.7338, 0.2250, 170.25
808, 1273, 8, 100, 0.8222, 1.6765, 1.6756, -0.0544, 0.5756, 190.43
808, 1277, 28, 77, 0.7111, 16.6925, 10.1428, 13.2575, 0.3556, 233.60
808, 1278, 13, 40, 0.6000, 29.3857, -18.3873, -22.9222, 0.1800, 199.00
808, 1255, 87, 146, 0.5000, 45.0482, 10.4617, 43.8166, 0.1500, 194.20
809, 1257, 121, 112, 1.0000, 1.6315, 1.0022, 1.2874, 1.0000, 129.64
809, 1212, 22, 65, 0.6222, 20.2761, 2.5041, -20.1209, 0.3111, 186.60
809, 1272, 62, 58, 0.6000, 42.9135, 42.7550, -3.6855, 0.1800, 205.33
809, 1276, 33, 37, 0.7056, 0.7308, 0.0000, -0.7308, 0.2822, 212.75
809, 1278, 18, 19, 0.6556, 21.8555, 2.4841, -21.7139, 0.2622, 203.38
809, 1222, -1, 71, 0.5806, 35.0844, -34.3772, 7.0086, 0.3483, 154.25
809, 1277, 38, 90, 0.6111, 16.6925, 10.1428, 13.2575, 0.3056, 233.60
810, 1257, 122, 114, 1.0000, 1.9855, 1.0013, 1.7145, 1.0000, 132.81
810, 1212, 25, 35, 0.6806, 29.0408, 2.9027, -28.8954, 0.4083, 191.00
810, 1272, 105, 54, 0.6556, 42.8915, 42.6920, -4.1323, 0.2622, 191.75
810, 1276, 33, 37, 0.7611, 0.2582, 0.0000, -0.2582, 0.3806, 215.80
810, 1278, 33, 0, 0.7111, 23.5830, 13.2895, -19.4820, 0.3556, 207.10
810, 1180, 119, 13, 0.5062, 20.9837, 20.8542, 2.3281, 0.4050, 171.75
811, 1257, 123, 116, 1.0000, 2.2223, 1.0002, 1.9845, 1.0000, 136.20
811, 1276, 33, 36, 0.8167, 0.7563, 0.0000, -0.7563, 0.4900, 219.67
811, 1248, 80, 5, 0.5625, 13.6731, -9.1648, -10.1470, 0.2250, 175.00
811, 1212, 28, 6, 0.5806, 29.0408, 2.9027, -28.8954, 0.3483, 191.00
811, 1272, 148, 50, 0.5556, 42.8915, 42.6920, -4.1323, 0.2222, 191.75
811, 1278, 46, -20, 0.6111, 23.5830, 13.2895, -19.4820, 0.3056, 207.10
812, 1252, 84, 3, 0.6000, 20.8845, -20.3180, -4.8310, 0.1800, 159.67
812, 1257, 124, 118, 1.0000, 2.2716, 0.9999, 2.0397, 1.0000, 134.64
812, 1282, 98, 67, 0.6000, 19.2107, 14.4067, 12.7082, 0.1800, 173.00
812, 1284, 22, 22, 0.6000, 0.9822, 0.0000, 0.9822, 0.1800, 253.00
812, 1276, 33, 35, 0.7167, 0.7563, 0.0000, -0.7563, 0.4300, 219.67
812, 1278, 60, -39, 0.5111, 23.5830, 13.2895, -19.4820, 0.2556, 207.10
813, 1252, 49, 25, 0.6556, 37.4081, -32.6308, 18.2921, 0.2622, 170.50
813, 1257, 125, 120, 1.0000, 2.2551, 0.9999, 2.0213, 1.0000, 134.77
813, 1276, 22, 23, 0.8222, 9.7866, -6.0582, -7.6860, 0.5756, 224.71
813, 1284, 21, 10, 0.6556, 10.3373, -0.7548, -10.3097, 0.2622, 243.00
813, 1286, 8, 17, 0.6000, 48.8054, -16.7876, -45.8273, 0.1800, 238.00
813, 1282, 112, 80, 0.5000, 19.2107, 14.4067, 12.7082, 0.1500, 173.00
814, 1252, 18, 32, 0.7111, 32.4618, -31.4434, 8.0676, 0.3556, 176.20
814, 1257, 126, 120, 1.0000, 1.1788, 1.0000, 0.6241, 1.0000, 135.07
814, 1268, 29, 7, 0.6000, 9.2839, 8.4810, -3.7766, 0.1800, 203.67
814, 1282, 100, 69, 0.6556, 0.8347, -0.6062, -0.5738, 0.2622, 169.50
814, 1284, 27, 1, 0.7111, 10.5585, 5.0673, -9.2631, 0.3556, 238.60
814, 1287, 29, 65, 0.6000, 1.7948, 1.7948, 0.0000, 0.1800, 228.67
814, 1286, -9, -29, 0.5000, 48.8054, -16.7876, -45.8273, 0.1500, 238.00
815, 1257, 118, 119, 1.0000, 6.6926, -6.5422, -1.4106, 1.0000, 133.11
815, 1266, 50, 106, 0.6000, 28.8852, -25.6430, -13.2964, 0.1800, 137.00
815, 1275, 19, 29, 0.6000, 26.4494, -22.4426, 13.9964, 0.1800, 202.67
815, 1282, 91, 60, 0.7111, 11.2391, -7.9971, -7.8971, 0.3556, 171.20
815, 1285, 34, 63, 0.7056, 0.0119, 0.0000, 0.0119, 0.2822, 197.00
815, 1287, 30, 66, 0.7056, 1.5068, 1.3017, 0.7590, 0.2822, 234.25
815, 1288, 87, 5, 0.6000, 2.1334, 0.9353, 1.9174, 0.1800, 218.67
815, 1268, 37, 3, 0.5000, 9.2839, 8.4810, -3.7766, 0.1500, 203.67
815, 1284, 32, -8, 0.6111, 10.5585, 5.0673, -9.2631, 0.3056, 238.60
816, 1266, 46, 103, 0.6556, 8.1202, -7.2087, -3.7379, 0.2622, 144.50
816, 1287, 32, 67, 0.7611, 2.0541, 1.7692, 1.0438, 0.3806, 237.80
816, 1288, 87, 6, 0.7056, 1.3005, 0.2619, 1.2739, 0.2822, 217.75
816, 1257, 111, 117, 0.9000, 6.6926, -6.5422, -1.4106, 0.9000, 133.11
816, 1275, -3, 43, 0.5000, 26.4494, -22.4426, 13.9964, 0.1500, 202.67
816, 1284, 37, -18, 0.5111, 10.5585, 5.0673, -9.2631, 0.2556, 238.60
816, 1285, 34, 63, 0.6056, 0.0119, 0.0000, 0.0119, 0.2422, 197.00
817, 1257, 101, 96, 1.0000, 14.8747, -8.5207, -12.1924, 1.0000, 131.72
817, 1262, 74, 26, 0.6000, 52.2423, 45.9395, 24.8761, 0.1800, 199.00
817, 1266, 30, 86, 0.7111, 21.9368, -15.3474, -15.6743, 0.3556, 159.60
817, 1284, 28, 1, 0.7667, 2.3525, -0.7237, 2.2384, 0.4600, 235.67
817, 1285, 45, 58, 0.7111, 6.6747, 6.0778, -2.7589, 0.3556, 202.20
817, 1287, 34, 67, 0.8167, 2.0341, 2.0137, 0.2875, 0.4900, 234.67
817, 1288, 88, 8, 0.7611, 1.8933, 0.7372, 1.7439, 0.3806, 214.40
817, 1289, 87, 28, 0.6000, 24.9490, -18.4270, 16.8196, 0.1800, 168.00
817, 1293, 37, 50, 0.6000, 21.4123, -8.1730, 19.7911, 0.1800, 201.33
818, 1262, 107, 68, 0.6556, 52.9775, 34.6059, 40.1129, 0.2622, 190.50
818, 1268, 44, 6, 0.6556, 2.6893, 2.6104, 0.6470, 0.2622, 204.25
818, 1275, 4, 52, 0.6556, 6.4253, -1.1553, 6.3206, 0.2622, 204.25
818, 1280, 84, 30, 0.6000, 7.9419, -2.8128, 7.4271, 0.1800, 175.67
818, 1285, 80, 58, 0.7667, 32.9878, 32.9791, -0.7572, 0.4600, 199.67
818, 1287, 52, 73, 0.8222, 17.3098, 16.4844, 5.2814, 0.5756, 237.43
818, 1288, 88, 9, 0.8167, 1.2672, 0.2429, 1.2437, 0.4900, 214.83
818, 1289, 75, 37, 0.6556, 16.0938, -12.7323, 9.8438, 0.2622, 175.25
818, 1293, 22, 87, 0.6556, 37.4374, -13.8043, 34.7995, 0.2622, 204.25
818, 1294, 9, 26, 0.6556, 21.3667, -20.4925, -6.0494, 0.2622, 212.75
819, 1268, 50, 28, 0.7111, 22.1444, 6.1998, 21.2588, 0.3556, 205.00
819, 1280, 68, 37, 0.6556, 15.9515, -14.4616, 6.7315, 0.2622, 181.75
819, 1288, 88, 11, 0.8722, 1.7463, -0.0134, 1.7463, 0.6106, 215.00
819, 1289, 57, 49, 0.7111, 20.8596, -17.5192, 11.3226, 0.3556, 181.60
819, 1292, 56, 71, 0.6000, 79.5422, -42.3601, 67.3245, 0.1800, 170.67
819, 1293, 17, 125, 0.7111, 37.3594, -5.5420, 36.9460, 0.3556, 192.80
819, 1296, 30, 96, 0.6000, 65.8793, -19.6948, 62.8666, 0.1800, 199.67
819, 1262, 142, 109, 0.5556, 52.9775, 34.6059, 40.1129, 0.2222, 190.50
819, 1275, 3, 59, 0.5556, 6.4253, -1.1553, 6.3206, 0.2222, 204.25
819, 1294, -12, 20, 0.5556, 21.3667, -20.4925, -6.0494, 0.2222, 212.75
820, 1280, 36, 33, 0.7111, 30.2845, -30.1282, -3.0734, 0.3556, 188.60
820, 1288, 99, 3, 0.8778, 12.0680, 9.7871, -7.0605, 0.7022, 207.75
820, 1289, 39, 68, 0.7667, 25.4499, -17.8200, 18.1700, 0.4600, 193.83
820, 1297, 89, 14, 0.6000, 48.7264, -3.6941, -48.5862, 0.1800, 189.67
820, 1292, 14, 138, 0.5000, 79.5422, -42.3601, 67.3245, 0.1500, 170.67
820, 1293, 12, 162, 0.6111, 37.3594, -5.5420, 36.9460, 0.3056, 192.80
820, 1296, 10, 159, 0.5000, 65.8793, -19.6948, 62.8666, 0.1500, 199.67
821, 1280, 6, 30, 0.6111, 30.2845, -30.1282, -3.0734, 0.3056, 188.60
821, 1293, 6, 198, 0.5111, 37.3594, -5.5420, 36.9460, 0.2556, 192.80
821, 1297, 86, -34, 0.5000, 48.7264, -3.6941, -48.5862, 0.1500, 189.67
823, 1198, 69, 44, 0.5400, 65.1751, 14.0997, -63.6317, 0.2700, 171.40
823, 1301, 2, 123, 0.6000, 0.9833, 0.9822, 0.0469, 0.1800, 215.00
824, 1301, 3, 124, 0.7056, 1.2596, 1.0119, 0.7500, 0.2822, 204.75
824, 1303, 46, 72, 0.6000, 2.1757, 1.9644, 0.9353, 0.1800, 246.50
824, 1304, 74, 72, 0.6000, 37.4180, -37.3162, -2.7588, 0.1800, 153.33
825, 1266, 33, 28, 1.0000, 0.1515, 0.0014, -0.1515, 1.0000, 200.46
825, 1212, 24, 29, 1.0000, 0.4608, -0.0251, 0.4601, 1.0000, 213.97
825, 1291, 60, 107, 0.6000, 81.9939, -10.2962, 81.3449, 0.1800, 183.00
825, 1246, 116, 80, 0.5625, 41.0492, -9.1204, -40.0232, 0.2250, 79.75
825, 1300, 68, 27, 0.6556, 12.9524, -12.1213, -4.5651, 0.2622, 188.25
825, 1301, 4, 124, 0.7611, 1.0422, 1.0067, 0.2695, 0.3806, 205.20
825, 1303, 47, 73, 0.7056, 1.6261, 1.2691, 1.0167, 0.2822, 248.62
825, 1304, 22, 63, 0.6556, 50.4291, -49.7349, -8.3383, 0.2622, 165.00
826, 1246, 114, 36, 0.6222, 44.2269, -2.7673, -44.1403, 0.3111, 94.40
826, 1300, 58, 31, 0.7111, 10.9597, -10.5727, 2.8866, 0.3556, 193.80
826, 1301, 20, 115, 0.7667, 16.3305, 13.9956, -8.4149, 0.4600, 194.83
826, 1302, 120, 11, 0.7056, 2.2433, 2.2433, 0.0000, 0.2822, 138.38
826, 1303, 42, 73, 0.7611, 4.3795, -4.3723, 0.2511, 0.3806, 235.90
826, 1304, -2, 46, 0.7111, 31.7280, -27.1324, -16.4469, 0.3556, 171.40
826, 1291, 49, 188, 0.5000, 81.9939, -10.2962, 81.3449, 0.1500, 183.00
827, 1246, 108, 2, 0.6806, 35.1589, -5.9248, -34.6561, 0.4083, 106.00
827, 1300, 57, 32, 0.7667, 2.3183, -1.5021, 1.7659, 0.4600, 195.17
827, 1302, 121, 11, 0.7611, 1.5731, 1.5731, 0.0000, 0.3806, 135.70
827, 1303, 23, 65, 0.7667, 18.7885, -17.1398, -7.6963, 0.4600, 228.75
827, 1305, 5, 100, 0.6000, 49.5549, -42.4822, 25.5137, 0.1800, 218.67
827, 1306, 6, 125, 0.6000, 1.1737, 1.1699, -0.0939, 0.1800, 161.67
827, 1304, -29, 29, 0.6111, 31.7280, -27.1324, -16.4469, 0.3056, 171.40
828, 1302, 122, 10, 0.8167, 1.2886, 1.0374, -0.7643, 0.4900, 135.75
828, 1306, 5, 124, 0.7056, 0.9068, -0.5167, -0.7452, 0.2822, 164.50
828, 1264, 96, 12, 0.5625, 1.3562, 0.9353, 0.9822, 0.2250, 160.50
828, 1246, 102, -32, 0.5806, 35.1589, -5.9248, -34.6561, 0.3483, 106.00
828, 1300, 56, 34, 0.6667, 2.3183, -1.5021, 1.7659, 0.4000, 195.17
828, 1305, -37, 126, 0.5000, 49.5549, -42.4822, 25.5137, 0.1500, 218.67
829, 1299, 72, 77, 0.6000, 69.9662, 66.0976, -22.9429, 0.1800, 169.67
829, 1300, 34, 25, 0.8222, 13.8989, -13.2574, -4.1737, 0.5756, 201.29
829, 1302, 124, 10, 0.8722, 1.7170, 1.6916, -0.2940, 0.6106, 134.79
829, 1264, 97, 13, 0.6722, 1.4345, 1.0167, 1.0119, 0.3361, 159.60
829, 1265, 59, 112, 0.5625, 0.0000, 0.0000, 0.0000, 0.2250, 155.00
829, 1306, 5, 123, 0.6056, 0.9068, -0.5167, -0.7452, 0.2422, 164.50
830, 1302, 109, 9, 0.8778, 13.1215, -13.0995, -0.7593, 0.7022, 136.56
830, 1264, 95, 10, 0.7306, 3.4729, -2.0395, -2.8110, 0.4383, 159.67
830, 1265, 58, 88, 0.6222, 21.2650, -0.7590, -21.2515, 0.3111, 158.20
830, 1310, 104, 66, 0.6000, 49.6076, 48.7270, -9.3056, 0.1800, 215.00
830, 1311, 40, 55, 0.6000, 57.3521, 35.6334, -44.9390, 0.1800, 199.67
830, 1299, 138, 54, 0.5000, 69.9662, 66.0976, -22.9429, 0.1500, 169.67
830, 1306, 4, 123, 0.5056, 0.9068, -0.5167, -0.7452, 0.2022, 164.50
831, 1281, 108, 25, 0.6000, 23.9042, 15.3978, -18.2844, 0.1800, 160.50
831, 1290, 115, 14, 0.6000, 9.5423, 7.6315, -5.7285, 0.1800, 147.33
831, 1306, 6, 99, 0.7111, 10.1547, 0.4123, -10.1464, 0.3556, 176.93
831, 1311, 54, 4, 0.6556, 53.0175, 16.7367, -50.3065, 0.2622, 201.25
831, 1313, 94, 30, 0.6000, 1.3562, 0.9353, 0.9822, 0.1800, 196.00
831, 1314, 124, 82, 0.6000, 1.4226, 1.0291, 0.9822, 0.1800, 121.00
831, 1264, 93, 7, 0.6306, 3.4729, -2.0395, -2.8110, 0.3783, 159.67
831, 1265, 57, 66, 0.5222, 21.2650, -0.7590, -21.2515, 0.2611, 158.20
831, 1310, 153, 57, 0.5000, 49.6076, 48.7270, -9.3056, 0.1500, 215.00
832, 1281, 114, 17, 0.6556, 10.9006, 6.4725, -8.7709, 0.2622, 154.62
832, 1265, 60, 77, 0.6806, 3.3159, 1.1120, -3.1239, 0.4083, 173.67
832, 1313, 81, 40, 0.6556, 13.9851, -11.0597, 8.5597, 0.2622, 199.00
832, 1314, 126, 83, 0.7056, 2.0318, 1.7619, 1.0119, 0.2822, 112.50
832, 1290, 122, 9, 0.5000, 9.5423, 7.6315, -5.7285, 0.1500, 147.33
832, 1264, 91, 4, 0.5306, 3.4729, -2.0395, -2.8110, 0.3183, 159.67
832, 1311, 71, -46, 0.5556, 53.0175, 16.7367, -50.3065, 0.2222, 201.25
833, 1260, 56, 79, 0.5625, 53.3375, 53.2202, -3.5357, 0.2250, 184.50
833, 1313, 68, 44, 0.7111, 13.3821, -12.5868, 4.5446, 0.3556, 202.00
833, 1314, 127, 84, 0.7611, 1.6255, 1.2762, 1.0067, 0.3806, 110.80
833, 1281, 120, 9, 0.5556, 10.9006, 6.4725, -8.7709, 0.2222, 154.62
834, 1281, 109, 1, 0.7111, 8.9486, -3.7254, -8.1363, 0.3556, 156.30
834, 1290, 127, 18, 0.6556, 4.3234, 3.3947, 2.6773, 0.2622, 139.50
834, 1260, 99, 95, 0.6222, 46.5554, 44.6116, 13.3119, 0.3111, 172.40
834, 1313, 53, 33, 0.7667, 17.4374, -14.6539, -9.4513, 0.4600, 200.33
834, 1314, 128, 85, 0.6611, 1.6255, 1.2762, 1.0067, 0.3306, 110.80
835, 1313, 45, 26, 0.8222, 11.2242, -9.1079, -6.5598, 0.5756, 200.57
835, 1279, 52, 65, 0.5625, 37.2460, -23.3813, 28.9928, 0.2250, 197.00
835, 1290, 131, 20, 0.5556, 4.3234, 3.3947, 2.6773, 0.2222, 139.50
835, 1260, 144, 108, 0.5222, 46.5554, 44.6116, 13.3119, 0.2611, 172.40
835, 1314, 130, 86, 0.5611, 1.6255, 1.2762, 1.0067, 0.2806, 110.80
836, 1283, 47, 27, 0.6000, 14.3865, 13.5470, 4.8426, 0.1800, 209.33
836, 1290, 127, 54, 0.7111, 20.4420, -0.4642, 20.4368, 0.3556, 133.00
836, 1313, 33, 21, 0.8778, 12.6362, -11.2723, -5.7104, 0.7022, 201.88
836, 1279, 45, 86, 0.6222, 24.4133, -9.5673, 22.4605, 0.3111, 193.20
836, 1321, 67, 81, 0.6000, 1.9649, 1.9644, 0.0469, 0.1800, 251.67
837, 1283, 70, 38, 0.6556, 24.0906, 21.7531, 10.3518, 0.2622, 211.00
837, 1264, 77, 13, 0.7881, 3.1896, -2.6911, 1.7122, 0.5517, 162.86
837, 1313, 31, 20, 0.9333, 3.2187, -2.9768, -1.2241, 0.8400, 203.44
837, 1319, 79, 125, 0.6000, 11.5490, 9.7660, 6.1648, 0.1800, 122.33
837, 1279, 45, 88, 0.6806, 4.4774, -0.4512, 4.4546, 0.4083, 190.67
837, 1321, 69, 82, 0.7056, 2.1583, 2.0238, 0.7500, 0.2822, 251.50
837, 1322, 24, 25, 0.6000, 22.2307, 21.5108, 5.6115, 0.1800, 229.00
838, 1283, 73, 68, 0.7111, 28.1163, 5.4412, 27.5848, 0.3556, 205.80
838, 1313, 32, 20, 0.9889, 0.6452, 0.5076, -0.3984, 0.9889, 203.90
838, 1321, 71, 83, 0.7611, 2.2630, 2.0134, 1.0331, 0.3806, 251.40
838, 1322, 48, 27, 0.6556, 23.4996, 23.3841, 2.3263, 0.2622, 220.25
838, 1319, 89, 131, 0.5000, 11.5490, 9.7660, 6.1648, 0.1500, 122.33
839, 1298, 1, 11, 0.6000, 84.3825, 0.9588, -84.3770, 0.1800, 196.33
839, 1313, 34, 33, 1.0000, 11.5695, 1.3921, 11.4854, 1.0000, 204.27
839, 1321, 73, 84, 0.8167, 2.2599, 2.0016, 1.0490, 0.4900, 252.00
839, 1322, 70, 31, 0.7111, 22.9137, 22.5729, 3.9371, 0.3556, 214.20
839, 1283, 79, 95, 0.6111, 28.1163, 5.4412, 27.5848, 0.3056, 205.80
840, 1321, 75, 85, 0.8722, 2.2412, 1.9987, 1.0141, 0.6106, 252.14
840, 1322, 78, 36, 0.7667, 10.3072, 9.0220, 4.9842, 0.4600, 212.00
840, 1330, 25, 40, 0.6000, 59.5167, 24.1757, -54.3854, 0.1800, 198.00
840, 1298, 2, -73, 0.5000, 84.3825, 0.9588, -84.3770, 0.1500, 196.33
840, 1313, 35, 44, 0.9000, 11.5695, 1.3921, 11.4854, 0.9000, 204.27
841, 1313, 9, 55, 1.0000, 18.2009, -14.4260, 11.0978, 1.0000, 203.33
841, 1321, 77, 85, 0.9278, 2.0139, 1.9992, 0.2424, 0.7422, 251.75
841, 1330, 49, -14, 0.5000, 59.5167, 24.1757, -54.3854, 0.1500, 198.00
842, 1321, 79, 86, 0.9833, 2.1184, 1.9999, 0.6987, 0.8850, 251.89
843, 1321, 81, 87, 1.0000, 2.2323, 2.0001, 0.9915, 1.0000, 251.00
843, 1331, 77, 29, 0.6000, 46.6830, -39.2336, 25.2987, 0.1800, 169.67
844, 1321, 83, 89, 1.0000, 2.6807, 2.0000, 1.7849, 1.0000, 245.50
844, 1324, 86, 16, 0.6000, 70.8781, 69.7669, 12.5013, 0.1800, 202.67
844, 1331, 38, 54, 0.5000, 46.6830, -39.2336, 25.2987, 0.1500, 169.67
845, 1321, 85, 89, 1.0000, 2.0839, 2.0000, 0.5852, 1.0000, 246.04
845, 1331, 27, 41, 0.6556, 23.5776, -23.2360, 3.9992, 0.2622, 189.50
845, 1332, 79, 31, 0.6000, 8.9066, 5.3363, -7.1311, 0.1800, 196.67
845, 1295, 3, 100, 0.5625, 1.3226, 0.9353, 0.9353, 0.2250, 216.25
845, 1336, 67, 14, 0.6000, 45.9266, 38.3923, -25.2049, 0.1800, 229.33
845, 1324, 156, 28, 0.5000, 70.8781, 69.7669, 12.5013, 0.1500, 202.67
846, 1321, 87, 90, 1.0000, 2.1215, 2.0000, 0.7076, 1.0000, 246.35
846, 1331, 13, 51, 0.7111, 17.6804, -15.1329, 9.1428, 0.3556, 188.60
846, 1332, 80, 30, 0.6556, 2.1707, 1.6392, -1.4229, 0.2622, 196.25
846, 1333, 71, 39, 0.6000, 1.8860, -1.6869, 0.8434, 0.1800, 214.33
846, 1295, 3, 100, 0.6722, 0.3704, 0.2619, 0.2619, 0.3361, 210.70
846, 1336, 106, -11, 0.5000, 45.9266, 38.3923, -25.2049, 0.1500, 229.33
847, 1317, 65, 113, 0.6000, 2.1008, 1.8844, 0.9285, 0.1800, 182.33
847, 1321, 89, 90, 1.0000, 2.0109, 2.0000, 0.2093, 1.0000, 243.05
847, 1327, 7, 104, 0.6000, 35.8828, -2.7895, 35.7742, 0.1800, 175.67
847, 1332, 80, 31, 0.7111, 0.7833, 0.6602, 0.4214, 0.3556, 196.40
847, 1333, 67, 24, 0.6556, 13.1631, -3.6261, -12.6538, 0.2622, 208.75
847, 1295, 4, 101, 0.7306, 1.0425, 0.7372, 0.7372, 0.4383, 213.08
847, 1336, 123, 3, 0.6556, 26.6594, 26.4957, -2.9502, 0.2622, 209.50
848, 1315, 97, 42, 0.6000, 45.2758, 41.0477, 19.1047, 0.1800, 186.67
848, 1317, 66, 113, 0.7056, 1.3251, 1.2960, 0.2759, 0.2822, 183.38
848, 1321, 92, 90, 1.0000, 2.7267, 2.7266, -0.0199, 1.0000, 238.08
848, 1332, 80, 31, 0.7667, 0.3682, 0.0130, 0.3680, 0.4600, 193.67
848, 1333, 48, 3, 0.7111, 26.8870, -17.9050, -20.0579, 0.3556, 205.80
848, 1295, 4, 102, 0.7881, 1.0362, 0.2429, 1.0073, 0.5517, 213.50
848, 1327, 4, 140, 0.5000, 35.8828, -2.7895, 35.7742, 0.1500, 175.67
848, 1336, 149, 1, 0.5556, 26.6594, 26.4957, -2.9502, 0.2222, 209.50
849, 1317, 68, 113, 0.7611, 1.7571, 1.7570, -0.0192, 0.3806, 180.30
849, 1321, 94, 92, 1.0000, 2.7074, 2.3151, 1.4037, 1.0000, 237.70
849, 1323, 15, 33, 0.6000, 33.8303, -13.2344, -31.1342, 0.1800, 200.67
849, 1332, 74, 16, 0.8222, 14.7134, -5.4386, -13.6714, 0.5756, 192.43
849, 1295, 5, 102, 0.8451, 0.7979, 0.7469, 0.2806, 0.6761, 210.81
849, 1340, 25, 103, 0.6000, 21.5431, -6.3300, -20.5922, 0.1800, 157.83
849, 1315, 138, 61, 0.5000, 45.2758, 41.0477, 19.1047, 0.1500, 186.67
849, 1333, 30, -17, 0.6111, 26.8870, -17.9050, -20.0579, 0.3056, 205.80
850, 1317, 70, 113, 0.8167, 2.0105, 2.0099, -0.0475, 0.4900, 183.58
850, 1321, 96, 93, 1.0000, 2.4261, 2.0239, 1.3378, 1.0000, 237.13
850, 1323, 18, 5, 0.6556, 28.5558, 0.7874, -28.5450, 0.2622, 204.00
850, 1295, 5, 103, 0.9019, 0.7628, 0.2556, 0.7187, 0.8117, 207.72
850, 1340, 18, 76, 0.6556, 26.9647, -7.2010, -25.9854, 0.2622, 164.88
851, 1317, 72, 114, 0.8722, 2.1708, 2.0390, 0.7448, 0.6106, 178.36
851, 1321, 98, 94, 1.0000, 2.2413, 1.9606, 1.0861, 1.0000, 237.57
851, 1325, 44, 19, 0.6000, 31.9249, 23.4745, -21.6367, 0.1800, 201.67
851, 1295, 6, 103, 0.9583, 0.7817, 0.7431, 0.2427, 0.9583, 206.40
851, 1342, 74, 37, 0.6000, 43.3255, -42.0863, 10.2878, 0.1800, 149.33
851, 1323, 18, -24, 0.5556, 28.5558, 0.7874, -28.5450, 0.2222, 204.00
851, 1340, 11, 50, 0.5556, 26.9647, -7.2010, -25.9854, 0.2222, 164.88
852, 1317, 74, 114, 0.9278, 2.0355, 2.0138, 0.2970, 0.7422, 180.69
852, 1274, 32, 27, 0.5625, 22.0285, -6.6897, 20.9882, 0.2250, 204.50
852, 1321, 100, 95, 1.0000, 2.2099, 1.9784, 0.9846, 1.0000, 236.09
852, 1325, 75, 12, 0.6556, 31.6018, 30.2250, -9.2263, 0.2622, 198.75
852, 1295, 6, 104, 1.0000, 0.7827, 0.2598, 0.7383, 1.0000, 207.00
852, 1340, 12, 40, 0.7111, 16.7828, -2.6419, -16.5735, 0.3556, 172.50
852, 1342, 32, 43, 0.6556, 42.5020, -41.9777, 6.6551, 0.2622, 175.75
853, 1312, 36, 10, 0.6000, 45.6518, -44.3994, -10.6197, 0.1800, 192.33
853, 1317, 75, 114, 0.9833, 1.2480, 1.2479, 0.0080, 0.8850, 179.50
853, 1274, 31, 44, 0.6222, 17.2784, -1.8553, 17.1785, 0.3111, 213.60
853, 1321, 103, 96, 1.0000, 2.8744, 2.7025, 0.9791, 1.0000, 235.54
853, 1295, 5, 106, 1.0000, 1.9037, -0.7489, 1.7502, 1.0000, 204.42
853, 1342, 15, 58, 0.7111, 24.7750, -19.8380, 14.8410, 0.3556, 180.40
853, 1344, 27, 106, 0.7056, 1.5000, 0.0000, 1.5000, 0.2822, 213.75
853, 1325, 105, 3, 0.5556, 31.6018, 30.2250, -9.2263, 0.2222, 198.75
854, 1312, 2, 8, 0.6556, 34.8749, -34.6848, -3.6366, 0.2622, 195.00
854, 1317, 77, 114, 1.0000, 1.6972, 1.6968, -0.0408, 1.0000, 182.95
854, 1320, 63, 123, 0.6000, 7.3233, -6.7333, 2.8799, 0.1800, 133.67
854, 1274, 36, 64, 0.6806, 20.0070, 4.0013, 19.6028, 0.4083, 210.00
854, 1321, 105, 97, 1.0000, 2.5303, 2.3274, 0.9929, 1.0000, 234.61
854, 1295, 1, 124, 1.0000, 16.6302, -4.0431, 16.1313, 1.0000, 198.92
854, 1344, 43, 104, 0.7111, 14.6125, 14.5072, -1.7516, 0.3556, 203.60
854, 1345, 44, 89, 0.6000, 53.4344, 39.0928, -36.4279, 0.1800, 157.33
855, 1317, 79, 115, 1.0000, 2.1174, 1.9892, 0.7256, 1.0000, 179.32
855, 1321, 107, 98, 1.0000, 2.2695, 2.0373, 1.0001, 1.0000, 231.38
855, 1334, 2, 65, 0.6000, 52.0927, -6.5660, -51.6772, 0.1800, 169.67
855, 1337, 35, 62, 0.6000, 42.7621, -41.3183, 11.0182, 0.1800, 197.67
855, 1312, -32, 4, 0.5556, 34.8749, -34.6848, -3.6366, 0.2222, 195.00
855, 1320, 57, 126, 0.5000, 7.3233, -6.7333, 2.8799, 0.1500, 133.67
855, 1344, 58, 102, 0.6111, 14.6125, 14.5072, -1.7516, 0.3056, 203.60
855, 1345, 83, 52, 0.5000, 53.4344, 39.0928, -36.4279, 0.1500, 157.33
856, 1317, 100, 118, 1.0000, 18.5910, 18.3027, 3.2614, 1.0000, 176.08
856, 1320, 26, 112, 0.6556, 21.1347, -20.0721, -6.6170, 0.2622, 163.00
856, 1321, 110, 98, 1.0000, 2.6748, 2.6571, 0.3075, 1.0000, 229.97
856, 1334, 1, 18, 0.6556, 47.4403, -1.8946, -47.4025, 0.2622, 187.50
856, 1337, 7, 96, 0.6556, 42.7886, -29.8650, 30.6422, 0.2622, 203.50
856, 1343, 5, 58, 0.6000, 53.0784, -17.9290, 49.9587, 0.1800, 212.00
856, 1270, 34, 44, 0.5400, 1.3226, 0.9353, 0.9353, 0.2700, 252.20
856, 1350, 79, 13, 0.6000, 17.6143, 15.9462, -7.4820, 0.1800, 192.33
856, 1344, 72, 100, 0.5111, 14.6125, 14.5072, -1.7516, 0.2556, 203.60
857, 1317, 106, 121, 1.0000, 8.4659, 8.0179, 2.7173, 1.0000, 173.08
857, 1320, 21, 112, 0.7111, 6.5960, -6.5865, -0.3524, 0.3556, 174.70
857, 1321, 112, 99, 1.0000, 2.4026, 2.3075, 0.6694, 1.0000, 229.97
857, 1337, -1, 111, 0.7111, 19.5466, -10.1568, 16.7006, 0.3556, 200.60
857, 1343, 7, 100, 0.6556, 43.1339, -0.2510, 43.1332, 0.2622, 212.50
857, 1270, 34, 44, 0.6500, 0.3704, 0.2619, 0.2619, 0.3900, 252.33
857, 1346, 18, 7, 0.6000, 4.4428, -2.5823, 3.6153, 0.1800, 214.33
857, 1348, 43, 21, 0.6000, 6.7288, 3.6058, 5.6811, 0.1800, 218.00
857, 1350, 104, 12, 0.6556, 23.4113, 23.3173, -2.0954, 0.2622, 180.50
857, 1334, -1, -29, 0.5556, 47.4403, -1.8946, -47.4025, 0.2222, 187.50
858, 1317, 120, 123, 1.0000, 13.2374, 13.0691, 2.1038, 1.0000, 169.43
858, 1320, 11, 101, 0.7667, 13.3229, -8.8563, -9.9533, 0.4600, 180.75
858, 1321, 115, 100, 1.0000, 2.8867, 2.7234, 0.9571, 1.0000, 230.97
858, 1328, 68, 89, 0.6000, 30.0202, 28.7515, 8.6348, 0.1800, 174.00
858, 1343, 20, 119, 0.7111, 24.3783, 11.4356, 21.5297, 0.3556, 208.60
858, 1344, 84, 115, 0.7667, 9.8545, 8.9104, 4.2091, 0.4600, 198.17
858, 1270, 35, 44, 0.7087, 0.7377, 0.7372, -0.0263, 0.4961, 252.43
858, 1346, 10, 20, 0.6556, 14.0904, -7.6618, 11.8252, 0.2622, 215.00
858, 1348, 53, 24, 0.6556, 10.1480, 9.4602, 3.6724, 0.2622, 213.75
858, 1349, 21, 1, 0.6000, 22.6624, 18.3873, -13.2473, 0.1800, 209.33
858, 1337, -11, 127, 0.6111, 19.5466, -10.1568, 16.7006, 0.3056, 200.60
858, 1350, 127, 10, 0.5556, 23.4113, 23.3173, -2.0954, 0.2222, 180.50
859, 1321, 117, 101, 1.0000, 2.5231, 2.3010, 1.0352, 1.0000, 228.24
859, 1270, 35, 45, 0.7667, 0.7563, 0.2429, 0.7162, 0.6133, 250.50
859, 1346, 4, 33, 0.7111, 14.5563, -6.3275, 13.1091, 0.3556, 212.00
859, 1352, 52, 1, 0.6000, 18.5859, 18.5859, 0.0000, 0.1800, 208.00
859, 1354, 15, 95, 0.6000, 33.8517, -11.0822, 31.9863, 0.1800, 175.67
859, 1355, 3, 64, 0.6000, 1.2899, 0.8883, 0.9353, 0.1800, 202.83
859, 1328, 97, 97, 0.5000, 30.0202, 28.7515, 8.6348, 0.1500, 174.00
859, 1343, 31, 141, 0.6111, 24.3783, 11.4356, 21.5297, 0.3056, 208.60
859, 1348, 62, 28, 0.5556, 10.1480, 9.4602, 3.6724, 0.2222, 213.75
859, 1349, 39, -12, 0.5000, 22.6624, 18.3873, -13.2473, 0.1500, 209.33
860, 1321, 119, 102, 1.0000, 2.2692, 2.0247, 1.0247, 1.0000, 227.75
860, 1328, 106, 125, 0.6556, 26.3641, 17.8061, 19.4424, 0.2622, 173.00
860, 1270, 37, 45, 0.8241, 1.5329, 1.5072, 0.2792, 0.7417, 247.94
860, 1346, 3, 35, 0.7667, 3.5362, -1.3115, 3.2840, 0.4600, 211.83
860, 1349, 50, 11, 0.6556, 15.7621, 14.1503, 6.9437, 0.2622, 207.25
860, 1352, 56, 2, 0.6556, 5.8813, 5.8318, 0.7614, 0.2622, 207.50
860, 1354, 22, 124, 0.6556, 30.4578, 5.1450, 30.0201, 0.2622, 170.75
860, 1355, 4, 65, 0.7056, 1.4412, 1.0215, 1.0167, 0.2822, 200.38
861, 1321, 122, 103, 1.0000, 2.8196, 2.6339, 1.0063, 1.0000, 228.72
861, 1329, 108, 87, 0.6000, 44.3412, 44.3306, 0.9699, 0.1800, 149.33
861, 1270, 36, 45, 0.8811, 0.2043, -0.2043, 0.0046, 0.8811, 248.65
861, 1348, 79, 41, 0.7111, 10.3976, 8.5149, 5.9671, 0.3556, 208.20
861, 1349, 87, 16, 0.7111, 35.4412, 34.9762, 5.7221, 0.3556, 199.00
861, 1351, 8, 18, 0.6000, 29.0292, -25.2389, -14.3420, 0.1800, 204.00
861, 1355, 4, 65, 0.7611, 0.3607, 0.2590, 0.2511, 0.3806, 202.10
861, 1358, 25, 24, 0.6556, 18.0082, -9.8120, 15.1002, 0.2622, 223.25
861, 1328, 124, 145, 0.5556, 26.3641, 17.8061, 19.4424, 0.2222, 173.00
861, 1352, 62, 3, 0.5556, 5.8813, 5.8318, 0.7614, 0.2222, 207.50
861, 1354, 27, 154, 0.5556, 30.4578, 5.1450, 30.0201, 0.2222, 170.75
862, 1321, 125, 104, 1.0000, 3.1478, 2.9852, 0.9989, 1.0000, 229.53
862, 1329, 125, 91, 0.6556, 20.6414, 20.3795, 3.2773, 0.2622, 133.25
862, 1270, 37, 46, 0.9379, 0.8427, 0.4499, 0.7126, 0.9379, 249.23
862, 1352, 86, 13, 0.7111, 17.4785, 16.3902, 6.0713, 0.3556, 199.00
862, 1355, 5, 66, 0.8167, 1.0086, 0.7144, 0.7120, 0.4900, 203.58
862, 1359, 5, 19, 0.6000, 2.8058, 2.8058, 0.0000, 0.1800, 230.67
862, 1351, -17, 4, 0.5000, 29.0292, -25.2389, -14.3420, 0.1500, 204.00
862, 1358, 15, 39, 0.5556, 18.0082, -9.8120, 15.1002, 0.2222, 223.25
863, 1321, 127, 104, 1.0000, 2.4142, 2.3911, 0.3327, 1.0000, 226.71
863, 1270, 40, 31, 0.9444, 13.5545, 3.2006, -13.1712, 0.9444, 245.38
863, 1355, 5, 66, 0.8722, 0.3356, 0.2372, 0.2374, 0.6106, 202.93
863, 1358, 36, 46, 0.7111, 12.9824, 7.8406, 10.3474, 0.3556, 229.20
863, 1359, 27, 11, 0.6556, 20.7959, 19.6551, -6.7930, 0.2622, 225.75
863, 1329, 145, 94, 0.5556, 20.6414, 20.3795, 3.2773, 0.2222, 133.25
864, 1355, 6, 66, 0.9278, 0.7445, 0.7444, -0.0111, 0.7422, 203.44
864, 1321, 130, 105, 0.9000, 2.4142, 2.3911, 0.3327, 0.9000, 226.71
864, 1359, 47, 4, 0.5556, 20.7959, 19.6551, -6.7930, 0.2222, 225.75
865, 1353, 36, 46, 0.6000, 30.2167, 27.7430, 11.9738, 0.1800, 213.33
865, 1355, 6, 67, 0.9833, 0.7582, 0.2592, 0.7125, 0.8850, 204.61
865, 1359, 39, 4, 0.7111, 5.1114, 3.9492, -3.2450, 0.3556, 221.50
865, 1361, 9, 0, 0.6000, 27.1668, -26.9222, -3.6378, 0.1800, 227.50
865, 1321, 132, 105, 0.8000, 2.4142, 2.3911, 0.3327, 0.8000, 226.71
866, 1353, 42, 48, 0.6556, 9.6651, 8.9772, 3.5813, 0.2622, 219.50
866, 1355, 7, 65, 1.0000, 1.4173, 0.7412, -1.2081, 1.0000, 203.85
866, 1362, 44, 26, 0.6000, 21.4203, -8.0767, 19.8393, 0.1800, 208.00
866, 1321, 134, 105, 0.7000, 2.4142, 2.3911, 0.3327, 0.7000, 226.71
866, 1361, -18, -3, 0.5000, 27.1668, -26.9222, -3.6378, 0.1500, 227.50
867, 1353, 41, 49, 0.7111, 0.6088, -0.3241, 0.5153, 0.3556, 226.60
867, 1355, 27, 67, 1.0000, 18.1760, 18.1025, 1.6331, 1.0000, 204.14
867, 1316, 32, 18, 0.5625, 75.6438, 24.0488, -71.7192, 0.2250, 195.75
867, 1362, 9, 36, 0.6556, 33.2480, -31.2833, 11.2598, 0.2622, 206.25
867, 1256, 100, 119, 0.5625, 2.1757, 1.9644, 0.9353, 0.2250, 179.00
867, 1321, 137, 106, 0.6000, 2.4142, 2.3911, 0.3327, 0.6000, 226.71
868, 1355, 67, 48, 1.0000, 40.7008, 36.9930, -16.9726, 1.0000, 203.71
868, 1358, 20, 126, 0.9889, 9.4806, 0.5457, 9.4649, 0.9889, 210.00
868, 1256, 102, 119, 0.6722, 2.0407, 2.0238, 0.2619, 0.3361, 191.40
868, 1365, 12, 35, 0.6000, 21.4138, -16.8345, -13.2343, 0.1800, 202.33
868, 1321, 139, 106, 0.5000, 2.4142, 2.3911, 0.3327, 0.5000, 226.71
868, 1362, -22, 48, 0.5556, 33.2480, -31.2833, 11.2598, 0.2222, 206.25
869, 1353, 40, 48, 0.8222, 0.2830, -0.2024, -0.1978, 0.5756, 232.14
869, 1356, 67, 117, 0.6000, 70.0754, 58.0083, 39.3142, 0.1800, 163.67
869, 1256, 103, 120, 0.7306, 1.4511, 1.2499, 0.7372, 0.4383, 191.00
869, 1307, 115, 105, 0.5625, 2.2445, 0.9456, 2.0356, 0.2250, 106.00
869, 1365, 8, 32, 0.6556, 6.5770, -5.4695, -3.6527, 0.2622, 202.25
870, 1353, 41, 49, 0.8778, 1.1092, 0.8082, 0.7596, 0.7022, 233.62
870, 1256, 105, 120, 0.7881, 1.7277, 1.7105, 0.2429, 0.5517, 200.14
870, 1307, 115, 107, 0.6722, 2.0214, 0.2601, 2.0046, 0.3361, 104.80
870, 1365, 2, 17, 0.7111, 15.3026, -5.9115, -14.1146, 0.3556, 205.20
870, 1335, 34, 71, 0.5625, 32.2180, 9.3995, -30.8164, 0.2250, 190.00
870, 1369, 63, 37, 0.6000, 0.9353, -0.9353, 0.0000, 0.1800, 204.00
870, 1371, 9, 69, 0.6000, 0.9364, 0.0469, 0.9353, 0.1800, 191.00
870, 1356, 125, 156, 0.5000, 70.0754, 58.0083, 39.3142, 0.1500, 163.67
871, 1357, 26, 103, 0.6000, 0.9386, 0.9383, -0.0259, 0.1800, 188.33
871, 1256, 107, 121, 0.8451, 2.1324, 1.9973, 0.7469, 0.6761, 203.88
871, 1307, 116, 110, 0.7306, 2.8561, 0.7338, 2.7603, 0.4383, 105.67
871, 1335, 40, 17, 0.6222, 51.3149, 6.3884, -50.9157, 0.3111, 189.00
871, 1367, 29, 2, 0.6000, 12.1105, -7.0829, -9.8233, 0.1800, 219.00
871, 1369, 62, 38, 0.7056, 1.2662, -1.0167, 0.7548, 0.2822, 204.50
871, 1371, 9, 68, 0.7056, 0.4929, -0.0048, -0.4928, 0.2822, 192.25
871, 1365, -4, 3, 0.6111, 15.3026, -5.9115, -14.1146, 0.3056, 205.20
872, 1357, 28, 104, 0.7056, 1.9427, 1.7844, 0.7679, 0.2822, 192.00
872, 1256, 109, 122, 0.9019, 2.2780, 2.0411, 1.0115, 0.8117, 201.89
872, 1307, 117, 112, 0.7881, 2.5007, 1.0063, 2.2893, 0.5517, 104.29
872, 1369, 62, 38, 0.7611, 0.3742, -0.2511, 0.2774, 0.3806, 203.60
872, 1371, 10, 70, 0.7611, 1.4379, 0.7556, 1.2233, 0.3806, 190.40
872, 1372, 92, 115, 0.6000, 20.1465, 18.5462, 7.8689, 0.1800, 130.67
872, 1335, 46, -33, 0.5222, 51.3149, 6.3884, -50.9157, 0.2611, 189.00
872, 1367, 22, -8, 0.5000, 12.1105, -7.0829, -9.8233, 0.1500, 219.00
873, 1357, 29, 104, 0.7611, 1.3266, 1.2956, 0.2849, 0.3806, 191.60
873, 1256, 111, 122, 0.9583, 2.0373, 2.0166, 0.2899, 0.9583, 207.20
873, 1307, 117, 114, 0.8451, 2.0207, 0.2807, 2.0011, 0.6761, 106.12
873, 1367, 8, 2, 0.6556, 10.6952, -10.5941, 1.4670, 0.2622, 218.75
873, 1369, 61, 39, 0.8167, 1.0416, -0.7120, 0.7602, 0.4900, 204.67
873, 1371, 11, 70, 0.8167, 1.1827, 1.0532, 0.5382, 0.4900, 193.50
873, 1381, 5, 120, 0.6000, 0.7068, -0.0939, 0.7006, 0.1800, 163.00
873, 1372, 111, 123, 0.5000, 20.1465, 18.5462, 7.8689, 0.1500, 130.67
874, 1357, 30, 104, 0.8167, 0.9984, 0.9984, -0.0033, 0.4900, 195.83
874, 1256, 113, 123, 1.0000, 2.1241, 2.0006, 0.7139, 1.0000, 205.27
874, 1369, 60, 39, 0.8722, 1.0291, -0.9977, 0.2522, 0.6106, 203.86
874, 1371, 11, 71, 0.8722, 0.8436, 0.2956, 0.7901, 0.6106, 193.43
874, 1381, 6, 120, 0.7056, 0.8160, 0.7643, 0.2858, 0.2822, 172.50
874, 1383, 11, 41, 0.6000, 6.7183, -3.6941, 5.6115, 0.1800, 203.33
874, 1307, 117, 116, 0.7451, 2.0207, 0.2807, 2.0011, 0.5961, 106.12
874, 1367, -2, 4, 0.5556, 10.6952, -10.5941, 1.4670, 0.2222, 218.75
875, 1309, 103, 50, 0.5625, 79.8932, 24.9732, -75.8898, 0.2250, 125.75
875, 1357, 31, 104, 0.8722, 0.9575, 0.9566, -0.0425, 0.6106, 194.57
875, 1256, 115, 122, 1.0000, 2.0586, 1.9978, -0.4968, 1.0000, 202.04
875, 1307, 119, 119, 0.9019, 2.7077, 0.9941, 2.5186, 0.8117, 107.89
875, 1369, 60, 39, 0.9278, 0.2853, -0.2850, -0.0124, 0.7422, 207.75
875, 1371, 11, 71, 0.9278, 0.2326, -0.0381, 0.2294, 0.7422, 192.88
875, 1381, 6, 121, 0.7611, 0.8303, 0.2933, 0.7767, 0.3806, 179.60
875, 1383, 4, 58, 0.6556, 17.4206, -7.0907, 15.9123, 0.2622, 200.50
875, 1384, 62, 88, 0.6000, 15.0805, 14.9640, 1.8705, 0.1800, 176.00
876, 1357, 33, 105, 0.9278, 1.8901, 1.7393, 0.7399, 0.7422, 194.50
876, 1256, 117, 123, 1.0000, 2.0441, 1.9990, 0.4271, 1.0000, 198.75
876, 1373, 91, 20, 0.6000, 16.8986, 7.2163, 15.2803, 0.1800, 170.67
876, 1381, 7, 122, 0.8167, 1.2741, 0.7649, 1.0189, 0.4900, 180.00
876, 1307, 120, 121, 0.8019, 2.7077, 0.9941, 2.5186, 0.7217, 107.89
876, 1371, 11, 71, 0.8278, 0.2326, -0.0381, 0.2294, 0.6622, 192.88
876, 1383, -4, 74, 0.5556, 17.4206, -7.0907, 15.9123, 0.2222, 200.50
876, 1384, 77, 90, 0.5000, 15.0805, 14.9640, 1.8705, 0.1500, 176.00
877, 1357, 34, 105, 0.9833, 1.3323, 1.2984, 0.2985, 0.8850, 196.78
877, 1256, 119, 124, 1.0000, 2.2309, 1.9999, 0.9886, 1.0000, 196.05
877, 1371, 12, 72, 0.9833, 0.6949, 0.5157, 0.4659, 0.8850, 193.00
877, 1381, 7, 122, 0.8722, 0.3717, 0.2492, 0.2758, 0.6106, 182.86
877, 1383, 4, 107, 0.7111, 25.8753, 1.5303, 25.8300, 0.3556, 192.60
877, 1384, 76, 102, 0.6556, 9.3595, 5.6582, 7.4556, 0.2622, 166.00
877, 1386, 76, 34, 0.6000, 17.2619, -2.6922, 17.0507, 0.1800, 183.00
877, 1307, 121, 124, 0.7019, 2.7077, 0.9941, 2.5186, 0.6317, 107.89
877, 1373, 99, 35, 0.5000, 16.8986, 7.2163, 15.2803, 0.1500, 170.67
878, 1357, 35, 105, 1.0000, 1.0101, 1.0100, 0.0100, 1.0000, 195.90
878, 1256, 120, 125, 1.0000, 1.6686, 1.2693, 1.0831, 1.0000, 195.45
878, 1307, 121, 121, 0.9583, 0.6698, 0.6148, 0.2658, 0.9583, 103.50
878, 1371, 13, 73, 1.0000, 1.2777, 0.9185, 0.8883, 1.0000, 192.70
878, 1373, 108, 47, 0.6556, 15.9975, 8.4266, 13.5983, 0.2622, 163.50
878, 1381, 8, 123, 0.9278, 1.0384, 0.7476, 0.7207, 0.7422, 182.62
878, 1386, 84, 54, 0.6556, 21.4342, 6.7758, 20.3350, 0.2622, 183.00
878, 1387, 81, 14, 0.6000, 4.4954, 2.7289, -3.5723, 0.1800, 175.33
878, 1391, 70, 28, 0.6000, 29.4077, 26.1211, 13.5093, 0.1800, 212.33
878, 1392, 85, 6, 0.6000, 9.9834, -9.3058, -3.6153, 0.1800, 158.33
878, 1326, 125, 37, 0.5625, 20.1223, 17.8167, -9.3525, 0.2250, 143.88
878, 1384, 81, 109, 0.5556, 9.3595, 5.6582, 7.4556, 0.2222, 166.00
879, 1357, 36, 106, 1.0000, 1.1894, 0.9595, 0.7028, 1.0000, 196.45
879, 1318, 53, 89, 0.5625, 38.6401, -11.3706, -36.9293, 0.2250, 144.00
879, 1256, 122, 126, 1.0000, 1.9806, 1.6872, 1.0373, 1.0000, 197.11
879, 1307, 106, 124, 0.9646, 14.6423, -14.2919, 3.1842, 0.9646, 104.27
879, 1364, 20, 28, 0.6000, 33.1971, -32.8655, -4.6806, 0.1800, 193.00
879, 1371, 13, 73, 1.0000, 0.4067, 0.2900, 0.2852, 1.0000, 194.73
879, 1373, 110, 49, 0.7111, 3.8978, 2.6665, 2.8430, 0.3556, 158.80
879, 1381, 8, 124, 0.9833, 1.0289, 0.2515, 0.9976, 0.8850, 183.78
879, 1389, 4, 61, 0.6000, 11.6418, -10.7426, 4.4863, 0.1800, 195.67
879, 1392, 77, 11, 0.6556, 9.6433, -8.4457, 4.6544, 0.2622, 164.25
879, 1393, 78, 25, 0.6000, 33.1186, -25.9766, 20.5440, 0.1800, 154.67
879, 1386, 91, 75, 0.5556, 21.4342, 6.7758, 20.3350, 0.2222, 183.00
879, 1387, 84, 11, 0.5000, 4.4954, 2.7289, -3.5723, 0.1500, 175.33
879, 1391, 96, 41, 0.5000, 29.4077, 26.1211, 13.5093, 0.1500, 212.33
880, 1357, 38, 106, 1.0000, 1.7449, 1.7210, 0.2877, 1.0000, 198.25
880, 1318, 50, 25, 0.6222, 60.4903, -3.9667, -60.3601, 0.3111, 156.40
880, 1256, 124, 127, 1.0000, 2.2182, 1.9784, 1.0032, 1.0000, 196.69
880, 1364, 3, 19, 0.6556, 21.2646, -19.2996, -8.9280, 0.2622, 192.25
880, 1371, 14, 74, 1.0000, 1.0242, 0.7230, 0.7254, 1.0000, 195.67
880, 1373, 110, 48, 0.7667, 1.0270, 0.5793, -0.8480, 0.4600, 159.67
880, 1381, 9, 125, 1.0000, 1.2792, 0.7452, 1.0397, 1.0000, 184.00
880, 1387, 83, 13, 0.7056, 1.0485, 0.9644, -0.4115, 0.2822, 175.00
880, 1391, 74, 28, 0.6556, 1.9881, -1.1026, -1.6543, 0.2622, 203.00
880, 1392, 76, 13, 0.7111, 2.8921, -1.8349, 2.2355, 0.3556, 167.40
880, 1393, 58, 33, 0.6556, 22.7682, -20.7826, 9.2991, 0.2622, 164.25
880, 1397, 69, 51, 0.6000, 35.5806, 3.1775, -35.4385, 0.1800, 166.67
880, 1307, 91, 128, 0.8646, 14.6423, -14.2919, 3.1842, 0.8646, 104.27
880, 1389, -7, 65, 0.5000, 11.6418, -10.7426, 4.4863, 0.1500, 195.67
881, 1357, 39, 106, 1.0000, 1.3069, 1.3069, 0.0132, 1.0000, 196.35
881, 1371, 14, 74, 1.0000, 0.3651, 0.2573, 0.2590, 1.0000, 196.00
881, 1373, 111, 47, 0.8222, 0.9417, 0.6066, -0.7203, 0.5756, 157.57
881, 1376, 45, 75, 0.6000, 40.1152, 40.0179, 2.7914, 0.1800, 187.00
881, 1381, 9, 125, 1.0000, 0.3689, 0.2574, 0.2643, 1.0000, 184.91
881, 1385, 56, 21, 0.6000, 52.1153, -51.4705, 8.1727, 0.1800, 171.00
881, 1395, 47, 15, 0.6000, 1.1230, 0.8240, 0.7630, 0.1800, 204.67
881, 1318, 46, -35, 0.5222, 60.4903, -3.9667, -60.3601, 0.2611, 156.40
881, 1256, 126, 128, 0.9000, 2.2182, 1.9784, 1.0032, 0.9000, 196.69
881, 1307, 77, 131, 0.7646, 14.6423, -14.2919, 3.1842, 0.7646, 104.27
881, 1364, -17, 10, 0.5556, 21.2646, -19.2996, -8.9280, 0.2222, 192.25
881, 1387, 84, 12, 0.6056, 1.0485, 0.9644, -0.4115, 0.2422, 175.00
881, 1391, 73, 26, 0.5556, 1.9881, -1.1026, -1.6543, 0.2222, 203.00
881, 1392, 74, 16, 0.6111, 2.8921, -1.8349, 2.2355, 0.3056, 167.40
881, 1393, 37, 42, 0.5556, 22.7682, -20.7826, 9.2991, 0.2222, 164.25
881, 1397, 72, 16, 0.5000, 35.5806, 3.1775, -35.4385, 0.1500, 166.67
882, 1357, 40, 107, 1.0000, 1.2320, 1.0191, 0.6922, 1.0000, 197.54
882, 1371, 15, 75, 1.0000, 1.0307, 0.7287, 0.7290, 1.0000, 195.43
882, 1381, 10, 126, 1.0000, 1.0185, 0.7403, 0.6995, 1.0000, 183.67
882, 1385, 10, 56, 0.6556, 55.9568, -46.3153, 31.4015, 0.2622, 178.00
882, 1387, 84, 13, 0.7611, 0.4150, 0.3795, 0.1678, 0.3806, 173.60
882, 1393, 45, 54, 0.7111, 11.5612, -4.4984, 10.6502, 0.3556, 182.40
882, 1395, 51, 22, 0.6556, 7.2390, 3.3492, 6.4177, 0.2622, 204.50
882, 1397, 69, 2, 0.6556, 22.8186, -0.3005, -22.8166, 0.2622, 174.25
882, 1256, 128, 129, 0.8000, 2.2182, 1.9784, 1.0032, 0.8000, 196.69
882, 1376, 85, 78, 0.5000, 40.1152, 40.0179, 2.7914, 0.1500, 187.00
882, 1392, 72, 18, 0.5111, 2.8921, -1.8349, 2.2355, 0.2556, 167.40
883, 1357, 42, 107, 1.0000, 1.7128, 1.6873, 0.2943, 1.0000, 199.23
883, 1366, 13, 112, 0.6000, 66.7272, -66.6665, 2.8463, 0.1800, 139.50
883, 1371, 16, 75, 1.0000, 1.0351, 0.9987, 0.2720, 1.0000, 195.80
883, 1376, 83, 109, 0.6556, 24.7107, 16.0540, 18.7853, 0.2622, 174.25
883, 1381, 10, 127, 1.0000, 1.0221, 0.2621, 0.9879, 1.0000, 182.85
883, 1392, 56, 39, 0.7667, 12.6077, -7.7033, 9.9806, 0.4600, 175.50
883, 1395, 51, 25, 0.7111, 3.9633, 1.1296, 3.7989, 0.3556, 203.40
883, 1256, 130, 130, 0.7000, 2.2182, 1.9784, 1.0032, 0.7000, 196.69
883, 1385, -36, 87, 0.5556, 55.9568, -46.3153, 31.4015, 0.2222, 178.00
883, 1397, 69, -21, 0.5556, 22.8186, -0.3005, -22.8166, 0.2222, 174.25
884, 1357, 43, 108, 1.0000, 1.4926, 1.2950, 0.7421, 1.0000, 199.84
884, 1371, 16, 75, 1.0000, 0.3193, 0.3193, 0.0041, 1.0000, 196.25
884, 1376, 110, 124, 0.7111, 30.5058, 26.5094, 15.0950, 0.3556, 156.60
884, 1381, 11, 127, 1.0000, 0.7947, 0.7355, 0.3011, 1.0000, 182.64
884, 1395, 51, 26, 0.7667, 1.2794, -0.0572, 1.2781, 0.4600, 201.67
884, 1256, 132, 131, 0.6000, 2.2182, 1.9784, 1.0032, 0.6000, 196.69
884, 1366, -54, 115, 0.5000, 66.7272, -66.6665, 2.8463, 0.1500, 139.50
885, 1357, 43, 108, 1.0000, 0.4122, 0.3030, 0.2795, 1.0000, 197.91
885, 1378, 13, 111, 0.6000, 51.4269, -37.7644, 34.9081, 0.1800, 177.00
885, 1381, 10, 121, 1.0000, 5.1906, -0.4681, -5.1694, 1.0000, 180.53
885, 1390, 32, 90, 0.6000, 19.1788, -7.4356, 17.6788, 0.1800, 190.33
885, 1395, 51, 18, 0.8222, 7.7070, -0.1864, -7.7048, 0.5756, 201.29
885, 1256, 134, 132, 0.5000, 2.2182, 1.9784, 1.0032, 0.5000, 196.69
885, 1371, 16, 75, 0.9000, 0.3193, 0.3193, 0.0041, 0.9000, 196.25
886, 1357, 46, 108, 1.0000, 2.0717, 2.0717, 0.0064, 1.0000, 198.86
886, 1371, 18, 76, 1.0000, 1.0916, 0.9685, 0.5037, 1.0000, 198.06
886, 1381, 10, 119, 1.0000, 2.2522, -0.3106, -2.2307, 1.0000, 179.00
886, 1390, 14, 113, 0.6556, 28.0431, -16.5862, 22.6122, 0.2622, 182.75
886, 1395, 52, 15, 0.8778, 3.2067, 0.7011, -3.1291, 0.7022, 202.88
886, 1404, 12, 43, 0.6000, 7.7907, -6.7814, 3.8349, 0.1800, 200.00
886, 1378, -25, 146, 0.5000, 51.4269, -37.7644, 34.9081, 0.1500, 177.00
887, 1357, 47, 109, 1.0000, 1.7284, 1.5940, 0.6682, 1.0000, 199.24
887, 1371, 18, 76, 1.0000, 0.3491, 0.3054, 0.1691, 1.0000, 198.28
887, 1381, 12, 114, 1.0000, 4.7249, 1.3927, -4.5149, 1.0000, 177.65
887, 1390, 8, 122, 0.7111, 12.4960, -6.6495, 10.5798, 0.3556, 176.00
887, 1395, 53, 15, 0.9333, 1.0613, 1.0589, -0.0711, 0.8400, 202.89
887, 1402, 57, 66, 0.6000, 68.8440, -26.0729, 63.7158, 0.1800, 176.00
887, 1403, 46, 69, 0.6000, 64.2459, 41.1843, 49.3091, 0.1800, 214.33
887, 1404, 11, 43, 0.6556, 2.0863, -1.8096, 1.0382, 0.2622, 200.00
888, 1357, 48, 109, 1.0000, 1.1386, 1.0974, 0.3034, 1.0000, 200.12
888, 1395, 51, 27, 0.9889, 10.4327, -1.2257, 10.3605, 0.9889, 204.30
888, 1402, 16, 117, 0.6556, 65.5148, -38.9757, 52.6600, 0.2622, 172.00
888, 1371, 18, 76, 0.9000, 0.3491, 0.3054, 0.1691, 0.9000, 198.28
888, 1390, 1, 133, 0.6111, 12.4960, -6.6495, 10.5798, 0.3056, 176.00
888, 1403, 87, 118, 0.5000, 64.2459, 41.1843, 49.3091, 0.1500, 214.33
888, 1404, 9, 45, 0.5556, 2.0863, -1.8096, 1.0382, 0.2222, 200.00
889, 1357, 49, 109, 1.0000, 0.9487, 0.9481, 0.0310, 1.0000, 199.19
889, 1395, 53, 38, 1.0000, 10.9708, 1.6691, 10.8431, 1.0000, 203.55
889, 1405, 64, 29, 0.6000, 18.2413, -14.1302, -11.5361, 0.1800, 189.33
889, 1371, 19, 76, 0.8000, 0.3491, 0.3054, 0.1691, 0.8000, 198.28
889, 1402, -23, 170, 0.5556, 65.5148, -38.9757, 52.6600, 0.2222, 172.00
890, 1357, 51, 110, 1.0000, 1.7851, 1.6576, 0.6624, 1.0000, 198.91
890, 1368, 2, 19, 0.6000, 11.2711, -10.5911, 3.8556, 0.1800, 233.67
890, 1371, 20, 78, 1.0000, 1.0016, 0.6798, 0.7356, 1.0000, 198.11
890, 1395, 64, 58, 1.0000, 20.8248, 9.2196, 18.6727, 1.0000, 203.00
890, 1405, 20, 14, 0.6556, 43.4937, -41.0739, -14.3052, 0.2622, 198.25
890, 1408, 90, 105, 0.6000, 24.1048, 19.0213, 14.8065, 0.1800, 164.67
891, 1357, 51, 110, 1.0000, 0.6967, 0.6252, 0.3075, 1.0000, 197.63
891, 1371, 20, 78, 1.0000, 0.2744, 0.1834, 0.2041, 1.0000, 197.70
891, 1368, -8, 23, 0.5000, 11.2711, -10.5911, 3.8556, 0.1500, 233.67
891, 1395, 73, 76, 0.9000, 20.8248, 9.2196, 18.6727, 0.9000, 203.00
891, 1405, -21, 0, 0.5556, 43.4937, -41.0739, -14.3052, 0.2222, 198.25
891, 1408, 109, 120, 0.5000, 24.1048, 19.0213, 14.8065, 0.1500, 164.67
892, 1357, 51, 109, 1.0000, 0.6540, 0.0215, -0.6536, 1.0000, 195.77
892, 1368, 1, 19, 0.6556, 0.6400, 0.6007, -0.2209, 0.2622, 235.50
892, 1395, 95, 85, 1.0000, 21.5086, 16.9602, 13.2277, 1.0000, 198.15
892, 1399, 50, 61, 0.6000, 47.1735, -36.1664, -30.2875, 0.1800, 128.00
892, 1360, 81, 27, 0.5625, 52.2261, 50.8983, -11.7017, 0.2250, 202.00
892, 1371, 20, 78, 0.9000, 0.2744, 0.1834, 0.2041, 0.9000, 197.70
893, 1368, 17, 14, 0.7111, 14.9203, 14.0670, -4.9734, 0.3556, 238.80
893, 1371, 21, 80, 1.0000, 1.0862, 0.4624, 0.9828, 1.0000, 198.24
893, 1399, 12, 34, 0.6556, 46.3285, -37.7241, -26.8927, 0.2622, 146.25
893, 1360, 128, 14, 0.6222, 48.8956, 47.2043, -12.7492, 0.3111, 189.60
893, 1357, 51, 109, 0.9000, 0.6540, 0.0215, -0.6536, 0.9000, 195.77
893, 1395, 112, 99, 0.9000, 21.5086, 16.9602, 13.2277, 0.9000, 198.15
894, 1357, 57, 111, 1.0000, 3.2030, 3.0583, 0.9519, 1.0000, 194.62
894, 1371, 22, 80, 1.0000, 0.9238, 0.8608, 0.3352, 1.0000, 198.82
894, 1399, 4, 8, 0.7111, 28.7935, -11.2648, -26.4985, 0.3556, 159.80
894, 1401, 54, 68, 0.6000, 33.8242, 33.7087, 2.7924, 0.1800, 194.00
894, 1404, 10, 44, 0.7111, 0.5456, 0.4611, -0.2917, 0.3556, 202.00
894, 1412, 110, 20, 0.6000, 19.8052, 13.1874, 14.7763, 0.1800, 163.89
894, 1395, 129, 112, 0.8000, 21.5086, 16.9602, 13.2277, 0.8000, 198.15
894, 1360, 175, 1, 0.5222, 48.8956, 47.2043, -12.7492, 0.2611, 189.60
895, 1357, 58, 112, 1.0000, 2.1472, 1.8469, 1.0952, 1.0000, 194.06
895, 1371, 22, 81, 1.0000, 0.7661, 0.3230, 0.6947, 1.0000, 198.87
895, 1308, 79, 95, 0.5625, 16.5659, -16.4529, -1.9318, 0.2250, 124.75
895, 1404, 20, 39, 0.7667, 11.2455, 9.8702, -5.3888, 0.4600, 199.67
895, 1412, 113, 23, 0.6556, 5.5768, 3.6574, 4.2100, 0.2622, 156.92
895, 1415, 79, 28, 0.6000, 13.3521, -8.5111, 10.2878, 0.1800, 176.33
895, 1417, 49, 63, 0.6000, 0.9822, 0.0000, 0.9822, 0.1800, 246.67
895, 1399, -7, -19, 0.6111, 28.7935, -11.2648, -26.4985, 0.3056, 159.80
895, 1401, 88, 71, 0.5000, 33.8242, 33.7087, 2.7924, 0.1500, 194.00
896, 1357, 59, 111, 1.0000, 1.1057, 1.0596, -0.3158, 1.0000, 192.94
896, 1371, 23, 82, 1.0000, 1.1923, 0.7033, 0.9628, 1.0000, 199.75
896, 1308, 67, 91, 0.6222, 12.4929, -11.9808, -3.5400, 0.3111, 134.00
896, 1413, 93, 28, 0.7056, 0.0112, 0.0112, 0.0000, 0.2822, 191.25
896, 1415, 67, 50, 0.6556, 23.8935, -11.4051, 20.9958, 0.2622, 182.50
896, 1417, 49, 63, 0.7056, 0.2571, 0.0000, 0.2571, 0.2822, 240.75
896, 1418, 11, 43, 0.6000, 31.9303, -11.1291, 29.9281, 0.1800, 231.67
896, 1412, 116, 27, 0.5556, 5.5768, 3.6574, 4.2100, 0.2222, 156.92
897, 1357, 62, 112, 1.0000, 2.2659, 2.2405, 0.3387, 1.0000, 191.82
897, 1371, 23, 82, 1.0000, 0.4495, 0.2849, 0.3477, 1.0000, 199.48
897, 1308, 59, 82, 0.6806, 12.0545, -8.3669, -8.6779, 0.4083, 143.83
897, 1413, 93, 28, 0.7611, 0.0105, 0.0105, 0.0000, 0.3806, 193.00
897, 1415, 40, 61, 0.7111, 28.5007, -25.9824, 11.7134, 0.3556, 184.80
897, 1417, 49, 63, 0.7611, 0.0343, 0.0000, -0.0343, 0.3806, 238.70
897, 1418, -1, 73, 0.5000, 31.9303, -11.1291, 29.9281, 0.1500, 231.67
898, 1357, 62, 113, 1.0000, 1.2966, 0.9358, 0.8975, 1.0000, 191.00
898, 1371, 24, 83, 1.0000, 0.9823, 0.7013, 0.6878, 1.0000, 199.19
898, 1394, 27, 10, 0.6000, 23.1243, -23.1045, 0.9577, 0.1800, 215.33
898, 1363, 82, 38, 0.5625, 46.7550, -29.7129, 36.0996, 0.2250, 153.38
898, 1413, 93, 28, 0.8167, 0.0024, 0.0024, 0.0000, 0.4900, 194.17
898, 1415, 9, 69, 0.7667, 31.5213, -30.4125, 8.2872, 0.4600, 184.83
898, 1416, 5, 35, 0.6000, 43.5298, -43.3977, 3.3876, 0.1800, 194.33
898, 1417, 49, 65, 0.8167, 1.4783, 0.0000, 1.4783, 0.4900, 240.42
898, 1308, 51, 73, 0.5806, 12.0545, -8.3669, -8.6779, 0.3483, 143.83
899, 1357, 64, 113, 1.0000, 1.4761, 1.4232, 0.3917, 1.0000, 190.43
899, 1371, 24, 83, 1.0000, 0.4085, 0.2974, 0.2800, 1.0000, 198.81
899, 1308, 38, 77, 0.7381, 11.0506, -10.8967, -1.8377, 0.5167, 148.86
899, 1394, 24, 10, 0.6556, 5.5615, -5.5552, 0.2652, 0.2622, 225.25
899, 1363, 66, 83, 0.6222, 47.2663, -17.5970, 43.8686, 0.3111, 153.50
899, 1411, 102, 7, 0.6000, 2.0100, -1.7678, 0.9564, 0.1800, 154.00
899, 1417, 49, 66, 0.8722, 1.3337, 0.0000, 1.3337, 0.6106, 240.21
899, 1374, 36, 40, 0.5625, 0.0000, 0.0000, 0.0000, 0.2250, 209.00
899, 1420, 65, 19, 0.6000, 0.9822, 0.9822, 0.0000, 0.1800, 194.00
899, 1413, 93, 28, 0.7167, 0.0024, 0.0024, 0.0000, 0.4300, 194.17
899, 1416, -38, 38, 0.5000, 43.5298, -43.3977, 3.3876, 0.1500, 194.33
900, 1357, 65, 113, 1.0000, 1.2250, 1.2244, 0.0390, 1.0000, 189.71
900, 1371, 25, 83, 1.0000, 0.7012, 0.7009, 0.0209, 1.0000, 199.11
900, 1417, 49, 66, 0.9278, 0.3044, 0.0000, 0.3044, 0.7422, 236.85
900, 1418, 28, 89, 0.6556, 10.6367, 8.6078, 6.2487, 0.2622, 218.50
900, 1374, 48, 38, 0.6222, 10.6741, 10.5668, -1.5095, 0.3111, 207.80
900, 1420, 69, 20, 0.7056, 3.3621, 3.2762, 0.7548, 0.2822, 192.25
900, 1394, 18, 10, 0.5556, 5.5615, -5.5552, 0.2652, 0.2222, 225.25
900, 1363, 48, 127, 0.5222, 47.2663, -17.5970, 43.8686, 0.2611, 153.50
900, 1411, 100, 8, 0.5000, 2.0100, -1.7678, 0.9564, 0.1500, 154.00
900, 1413, 93, 28, 0.6167, 0.0024, 0.0024, 0.0000, 0.3700, 194.17
901, 1357, 67, 114, 1.0000, 1.8211, 1.7111, 0.6233, 1.0000, 188.55
901, 1371, 26, 84, 1.0000, 1.1586, 0.9715, 0.6314, 1.0000, 198.86
901, 1394, 12, 10, 0.7111, 6.0678, -6.0671, -0.0926, 0.3556, 223.00
901, 1409, 67, 26, 0.6000, 54.0106, -52.6109, 12.2160, 0.1800, 155.33
901, 1417, 50, 67, 0.9833, 1.0112, 0.7518, 0.6763, 0.8850, 238.65
901, 1374, 50, 38, 0.6806, 3.1695, 3.1206, -0.5549, 0.4083, 207.50
901, 1420, 68, 20, 0.7611, 0.5300, -0.4516, 0.2774, 0.3806, 192.80
901, 1413, 93, 28, 0.5167, 0.0024, 0.0024, 0.0000, 0.3100, 194.17
901, 1418, 36, 95, 0.5556, 10.6367, 8.6078, 6.2487, 0.2222, 218.50
902, 1357, 68, 114, 1.0000, 1.3539, 1.3186, 0.3071, 1.0000, 188.35
902, 1371, 26, 84, 1.0000, 0.4899, 0.3724, 0.3183, 1.0000, 198.87
902, 1394, 12, 10, 0.7667, 0.5654, -0.5639, -0.0405, 0.4600, 221.83
902, 1396, 30, 33, 0.6000, 64.3200, 7.7336, -63.8534, 0.1800, 174.33
902, 1411, 94, 2, 0.7056, 3.6700, -2.9350, -2.2033, 0.2822, 156.25
902, 1412, 109, 45, 0.7111, 3.4827, -2.1053, 2.7743, 0.3556, 154.33
902, 1413, 83, 33, 0.8722, 3.6186, -3.2368, 1.6178, 0.6106, 193.57
902, 1417, 50, 68, 1.0000, 1.0188, 0.3011, 0.9733, 1.0000, 235.68
902, 1374, 50, 38, 0.7381, 0.3496, -0.3495, 0.0083, 0.5167, 206.71
902, 1420, 69, 20, 0.8167, 0.8794, 0.8794, -0.0042, 0.4900, 193.83
902, 1409, 14, 39, 0.5000, 54.0106, -52.6109, 12.2160, 0.1500, 155.33
903, 1357, 70, 113, 1.0000, 1.8165, 1.7060, -0.6238, 1.0000, 187.43
903, 1371, 27, 84, 1.0000, 0.6835, 0.6815, 0.0523, 1.0000, 198.29
903, 1394, 27, 6, 0.8222, 14.3879, 13.8540, -3.8830, 0.5756, 220.71
903, 1417, 50, 69, 1.0000, 1.0376, 0.0100, 1.0375, 1.0000, 236.98
903, 1374, 41, 42, 0.7951, 8.4218, -7.4626, 3.9034, 0.6361, 206.12
903, 1388, 91, 29, 0.5625, 52.0378, 50.5975, -12.1583, 0.2250, 208.50
903, 1396, 37, -31, 0.5000, 64.3200, 7.7336, -63.8534, 0.1500, 174.33
903, 1411, 91, 0, 0.6056, 3.6700, -2.9350, -2.2033, 0.2422, 156.25
903, 1420, 70, 20, 0.7167, 0.8794, 0.8794, -0.0042, 0.4300, 193.83
904, 1357, 71, 115, 1.0000, 1.6188, 1.3042, 0.9590, 1.0000, 186.19
904, 1371, 28, 85, 1.0000, 1.1357, 0.9462, 0.6281, 1.0000, 198.62
904, 1411, 74, 14, 0.7111, 13.1095, -10.8142, 7.4103, 0.3556, 162.40
904, 1414, 32, 27, 0.6000, 26.2473, -12.0960, 23.2939, 0.1800, 209.67
904, 1417, 50, 69, 1.0000, 0.2833, -0.0413, 0.2803, 1.0000, 236.74
904, 1374, 17, 26, 0.8519, 26.5269, -22.6614, -13.7890, 0.7667, 205.11
904, 1420, 71, 20, 0.8722, 1.1532, 1.1529, -0.0292, 0.6106, 195.86
905, 1357, 73, 113, 1.0000, 1.8395, 1.6934, -0.7185, 1.0000, 185.26
905, 1371, 28, 85, 1.0000, 0.4939, 0.3753, 0.3211, 1.0000, 198.94
905, 1414, 10, 46, 0.6556, 28.2539, -20.9774, 18.9270, 0.2622, 207.00
905, 1417, 50, 70, 1.0000, 0.6944, -0.0187, 0.6941, 1.0000, 236.37
905, 1420, 72, 20, 0.9278, 1.0493, 1.0493, -0.0079, 0.7422, 194.88
906, 1357, 74, 115, 1.0000, 1.5168, 1.3069, 0.7699, 1.0000, 184.93
906, 1371, 29, 85, 1.0000, 0.6800, 0.6776, 0.0568, 1.0000, 198.88
906, 1417, 50, 71, 1.0000, 0.9811, -0.0016, 0.9811, 1.0000, 236.35
906, 1420, 54, 28, 0.9333, 17.1450, -15.7213, 6.8405, 0.8400, 193.44
906, 1414, -11, 65, 0.5556, 28.2539, -20.9774, 18.9270, 0.2222, 207.00
907, 1357, 76, 116, 1.0000, 2.0662, 1.6904, 1.1882, 1.0000, 184.17
907, 1371, 30, 85, 1.0000, 0.9416, 0.9411, -0.0282, 1.0000, 199.00
907, 1417, 51, 72, 1.0000, 1.2694, 0.7289, 1.0392, 1.0000, 237.59
907, 1341, 50, 51, 0.5400, 11.4924, 7.1792, 8.9741, 0.2700, 203.00
908, 1357, 77, 116, 1.0000, 1.4006, 1.3114, 0.4920, 1.0000, 183.68
908, 1371, 31, 86, 1.0000, 1.1981, 1.0275, 0.6162, 1.0000, 198.64
908, 1347, 75, 21, 0.5625, 0.9670, 0.9670, -0.0038, 0.2250, 183.50
908, 1417, 51, 72, 1.0000, 0.4342, 0.3163, 0.2975, 1.0000, 236.40
908, 1341, 77, 47, 0.6000, 24.3205, 24.1811, -2.5995, 0.3600, 198.33
908, 1428, 50, 101, 0.6000, 14.2168, -8.6050, 11.3169, 0.1800, 169.33
909, 1357, 79, 117, 1.0000, 1.8235, 1.6868, 0.6928, 1.0000, 183.06
909, 1371, 21, 95, 1.0000, 10.8032, -7.9069, 7.3615, 1.0000, 197.76
909, 1417, 51, 73, 1.0000, 0.6858, 0.0241, 0.6854, 1.0000, 235.67
909, 1423, 28, 1, 0.6000, 2.0100, 0.9564, -1.7678, 0.1800, 220.33
909, 1428, 34, 121, 0.6556, 24.3001, -15.1694, 18.9838, 0.2622, 161.50
909, 1341, 101, 44, 0.5000, 24.3205, 24.1811, -2.5995, 0.3000, 198.33
910, 1357, 80, 117, 1.0000, 1.3457, 1.3151, 0.2851, 1.0000, 182.87
910, 1347, 67, 23, 0.6722, 4.4918, -4.3605, 1.0782, 0.3361, 181.80
910, 1417, 51, 74, 1.0000, 0.9725, -0.0395, 0.9717, 1.0000, 235.96
910, 1379, 20, 86, 0.5625, 64.2821, -63.6000, 9.3402, 0.2250, 171.75
910, 1423, 28, 1, 0.7056, 0.6275, 0.2582, -0.5719, 0.2822, 221.00
910, 1429, 32, 11, 0.6000, 4.6160, 3.5533, 2.9466, 0.1800, 215.00
910, 1430, 61, 14, 0.6000, 6.5469, 6.5468, 0.0469, 0.1800, 226.00
910, 1428, 19, 140, 0.5556, 24.3001, -15.1694, 18.9838, 0.2222, 161.50
911, 1357, 82, 117, 1.0000, 1.6833, 1.6830, 0.0274, 1.0000, 182.01
911, 1347, 48, 35, 0.6806, 21.6614, -18.4918, 11.2813, 0.4083, 186.17
911, 1417, 35, 85, 1.0000, 16.5528, -13.5137, 9.5590, 1.0000, 233.33
911, 1375, 16, 85, 0.5625, 40.6823, 2.8200, 40.5844, 0.2250, 186.25
911, 1423, 30, 4, 0.7611, 3.4180, 1.4950, 3.0737, 0.3806, 219.00
911, 1429, 43, 6, 0.6556, 10.7988, 10.1241, -3.7572, 0.2622, 221.50
911, 1430, 67, 14, 0.5000, 6.5469, 6.5468, 0.0469, 0.1500, 226.00
912, 1357, 74, 116, 1.0000, 5.6970, -5.6572, -0.6724, 1.0000, 181.01
912, 1347, 43, 38, 0.7381, 7.4647, -6.2721, 4.0476, 0.5167, 188.43
912, 1417, 31, 89, 1.0000, 7.2845, -5.4065, 4.8821, 1.0000, 231.97
912, 1375, 2, 125, 0.6222, 41.8593, -11.2955, 40.3065, 0.3111, 179.60
912, 1339, 96, 109, 0.5400, 81.1048, 48.3516, 65.1161, 0.2700, 187.00
912, 1423, 30, 6, 0.8167, 2.0893, 0.5326, 2.0202, 0.4900, 219.50
912, 1429, 46, 5, 0.7111, 4.3905, 4.0190, -1.7674, 0.3556, 227.80
912, 1430, 71, 16, 0.6556, 5.1510, 5.0398, 1.0643, 0.2622, 214.50
913, 1357, 58, 121, 1.0000, 14.0199, -13.5966, 3.4189, 1.0000, 179.99
913, 1347, 43, 38, 0.7951, 0.4744, -0.4621, -0.1073, 0.6361, 191.00
913, 1410, 85, 118, 0.6000, 0.9637, 0.9637, -0.0062, 0.1800, 143.67
913, 1417, 32, 90, 1.0000, 1.3856, -0.2458, 1.3636, 1.0000, 229.54
913, 1423, 24, 12, 0.8222, 7.8044, -5.3619, 5.6710, 0.5756, 218.57
913, 1398, 76, 110, 0.5625, 72.3469, 66.1325, 29.3352, 0.2250, 160.25
913, 1429, 66, 8, 0.7667, 18.6351, 18.4032, 2.9310, 0.4600, 220.67
913, 1430, 80, 21, 0.7111, 10.1636, 8.8528, 4.9927, 0.3556, 207.80
913, 1400, 120, 4, 0.5625, 1.9649, 1.9644, 0.0469, 0.2250, 163.50
913, 1375, -9, 165, 0.5222, 41.8593, -11.2955, 40.3065, 0.2611, 179.60
914, 1347, 49, 42, 0.8519, 6.8055, 5.4546, 4.0697, 0.7667, 191.89
914, 1410, 87, 119, 0.7056, 1.9264, 1.7714, 0.7572, 0.2822, 149.50
914, 1423, 18, 16, 0.8778, 7.2578, -5.9452, 4.1630, 0.7022, 218.00
914, 1429, 82, 10, 0.8222, 15.7171, 15.5721, 2.1303, 0.5756, 213.43
914, 1430, 99, 34, 0.7667, 21.4154, 17.9437, 11.6894, 0.4600, 199.83
914, 1400, 120, 4, 0.6722, 0.5143, 0.5143, -0.0048, 0.3361, 159.60
915, 1410, 88, 119, 0.7611, 1.3163, 1.2866, 0.2776, 0.3806, 147.30
915, 1423, 17, 17, 0.9333, 1.6726, -1.4886, 0.7627, 0.8400, 217.00
915, 1400, 120, 4, 0.7306, 0.0690, -0.0685, -0.0079, 0.4383, 155.00
915, 1430, 117, 45, 0.6667, 21.4154, 17.9437, 11.6894, 0.4000, 199.83
916, 1410, 90, 120, 0.8167, 1.9183, 1.7613, 0.7600, 0.4900, 149.58
916, 1423, 18, 16, 0.9889, 0.4349, 0.2988, -0.3160, 0.9889, 215.70
916, 1400, 123, 3, 0.7881, 2.3224, 2.1922, -0.7667, 0.5517, 152.29
916, 1433, 51, 3, 0.6000, 1.9180, 1.9174, -0.0469, 0.1800, 237.00
916, 1434, 34, 124, 0.6000, 52.7768, 31.8455, 42.0863, 0.1800, 184.67
916, 1430, 135, 57, 0.5667, 21.4154, 17.9437, 11.6894, 0.3400, 199.83
917, 1410, 92, 120, 0.8722, 2.0273, 2.0115, 0.2520, 0.6106, 150.50
917, 1433, 53, 3, 0.7056, 2.0286, 2.0286, 0.0048, 0.2822, 240.50
917, 1439, 54, 44, 0.6000, 12.1546, 10.2408, 6.5468, 0.1800, 206.67
917, 1423, 18, 16, 0.8889, 0.4349, 0.2988, -0.3160, 0.8889, 215.70
917, 1400, 125, 2, 0.6881, 2.3224, 2.1922, -0.7667, 0.4817, 152.29
917, 1434, 65, 166, 0.5000, 52.7768, 31.8455, 42.0863, 0.1500, 184.67
918, 1410, 93, 120, 0.9278, 1.2833, 1.2832, -0.0124, 0.7422, 151.81
918, 1425, 37, 84, 0.6556, 17.4299, -14.3872, -9.8391, 0.2622, 162.00
918, 1433, 54, 2, 0.7611, 1.4673, 1.2578, -0.7556, 0.3806, 243.40
918, 1439, 55, 45, 0.6556, 3.4192, 2.8860, 1.8335, 0.2622, 210.25
918, 1400, 127, 2, 0.5881, 2.3224, 2.1922, -0.7667, 0.4117, 152.29
919, 1410, 95, 121, 0.9833, 1.8563, 1.7152, 0.7099, 0.8850, 151.61
919, 1370, 22, 20, 0.5625, 78.2030, -59.9189, -50.2537, 0.2250, 186.00
919, 1422, 16, 127, 0.6000, 7.4925, 5.7587, 4.7932, 0.1800, 156.00
919, 1425, 8, 79, 0.7111, 28.6352, -28.1710, -5.1351, 0.3556, 167.00
919, 1382, 32, 16, 0.5625, 73.2961, -73.2961, 0.0119, 0.2250, 159.00
919, 1433, 55, 1, 0.8167, 1.4173, 0.9485, -1.0532, 0.4900, 239.22
919, 1439, 55, 44, 0.7111, 0.5158, 0.4817, -0.1844, 0.3556, 209.00
920, 1410, 97, 121, 1.0000, 2.0125, 1.9921, 0.2862, 1.0000, 155.85
920, 1377, 53, 104, 0.5625, 34.2682, -26.9444, -21.1733, 0.2250, 122.75
920, 1425, 2, 78, 0.7667, 7.9866, -7.8820, -1.2885, 0.4600, 169.67
920, 1433, 57, 1, 0.8722, 1.7286, 1.7031, -0.2956, 0.6106, 235.62
920, 1439, 56, 44, 0.7667, 0.6263, 0.5277, -0.3374, 0.4600, 209.33
920, 1422, 22, 132, 0.5000, 7.4925, 5.7587, 4.7932, 0.1500, 156.00
921, 1410, 98, 121, 1.0000, 1.2960, 1.2960, 0.0101, 1.0000, 157.73
921, 1433, 59, 1, 0.9278, 2.0377, 2.0373, 0.0381, 0.7422, 236.54
921, 1440, 28, 18, 0.6000, 16.4628, -13.2757, 9.7355, 0.1800, 208.33
921, 1425, -6, 77, 0.6667, 7.9866, -7.8820, -1.2885, 0.4000, 169.67
921, 1439, 57, 44, 0.6667, 0.6263, 0.5277, -0.3374, 0.4000, 209.33
922, 1410, 100, 122, 1.0000, 1.8492, 1.7115, 0.7002, 1.0000, 158.92
922, 1377, 8, 77, 0.6222, 25.3238, -22.1593, -12.2582, 0.3111, 134.40
922, 1433, 60, 0, 0.9833, 1.4791, 1.3065, -0.6934, 0.8850, 235.15
922, 1439, 53, 59, 0.8222, 9.0267, -1.7091, 8.8634, 0.5756, 208.86
922, 1440, 20, 21, 0.6556, 9.5878, -8.7813, 3.8490, 0.2622, 207.75
923, 1410, 102, 122, 1.0000, 2.0078, 1.9867, 0.2905, 1.0000, 161.85
923, 1377, 4, 68, 0.6806, 10.6400, -5.2936, -9.2297, 0.4083, 142.50
923, 1338, 113, 36, 0.5400, 60.6845, 37.3186, -47.8532, 0.2700, 157.40
923, 1406, 37, 12, 0.5625, 53.5269, 11.0065, -52.3831, 0.2250, 203.00
923, 1433, 62, 0, 1.0000, 1.7400, 1.7167, -0.2833, 1.0000, 236.53
923, 1442, 79, 48, 0.6000, 25.2846, 11.4736, 22.5315, 0.1800, 193.00
923, 1440, 11, 25, 0.5556, 9.5878, -8.7813, 3.8490, 0.2222, 207.75
924, 1410, 103, 123, 1.0000, 1.5057, 1.3078, 0.7462, 1.0000, 163.57
924, 1433, 56, 6, 1.0000, 7.0044, -4.7015, 5.1920, 1.0000, 234.12
924, 1440, 5, 7, 0.7111, 11.4815, -7.4853, -8.7061, 0.3556, 209.20
924, 1443, 51, 27, 0.6556, 12.3636, 9.1190, -8.3488, 0.2622, 220.25
924, 1447, 20, 68, 0.6000, 15.4835, 12.1583, -9.5872, 0.1800, 181.67
924, 1377, -1, 59, 0.5806, 10.6400, -5.2936, -9.2297, 0.3483, 142.50
924, 1442, 90, 71, 0.5000, 25.2846, 11.4736, 22.5315, 0.1500, 193.00
925, 1410, 105, 121, 1.0000, 2.0734, 1.7058, -1.1788, 1.0000, 162.33
925, 1433, 53, 25, 1.0000, 17.4085, -3.6671, 17.0179, 1.0000, 235.53
925, 1443, 64, 18, 0.7111, 15.5444, 12.5357, -9.1915, 0.3556, 213.80
925, 1447, 57, 47, 0.6556, 39.0756, 33.5960, -19.9552, 0.2622, 189.00
925, 1452, 106, 122, 0.6000, 40.1246, 39.4858, 7.1311, 0.1800, 121.67
926, 1410, 106, 119, 1.0000, 2.4244, 1.2580, -2.0726, 1.0000, 157.75
926, 1443, 70, 13, 0.7667, 8.4237, 6.5096, -5.3464, 0.4600, 211.83
926, 1445, 23, 60, 0.6000, 8.7926, 0.8434, -8.7521, 0.1800, 196.33
926, 1447, 76, 23, 0.7111, 31.4089, 20.6809, -23.6394, 0.3556, 189.20
926, 1452, 145, 130, 0.5000, 40.1246, 39.4858, 7.1311, 0.1500, 121.67
927, 1444, 38, 98, 0.6000, 35.7980, 27.0611, -23.4348, 0.1800, 154.67
927, 1410, 107, 117, 0.9000, 2.4244, 1.2580, -2.0726, 0.9000, 157.75
927, 1443, 77, 8, 0.6667, 8.4237, 6.5096, -5.3464, 0.4000, 211.83
927, 1445, 24, 51, 0.5000, 8.7926, 0.8434, -8.7521, 0.1500, 196.33
927, 1447, 97, -1, 0.6111, 31.4089, 20.6809, -23.6394, 0.3056, 189.20
928, 1410, 102, 102, 1.0000, 9.8633, -2.2832, -9.5954, 1.0000, 154.88
928, 1444, 68, 101, 0.6556, 30.4368, 30.4340, -0.4136, 0.2622, 154.50
928, 1445, 26, 28, 0.6556, 17.2168, 1.6203, -17.1403, 0.2622, 201.00
928, 1457, 110, 124, 0.6000, 1.0302, 1.0291, 0.0469, 0.1800, 198.00
928, 1443, 83, 3, 0.5667, 8.4237, 6.5096, -5.3464, 0.3400, 211.83
929, 1410, 103, 100, 1.0000, 2.3383, -0.1107, -2.3357, 1.0000, 152.61
929, 1223, 114, 38, 0.5062, 4.6766, 4.6766, -0.0243, 0.4050, 151.62
929, 1445, 34, 19, 0.7111, 11.5723, 7.4489, -8.8562, 0.3556, 199.80
929, 1419, 104, 28, 0.5625, 4.7329, 4.4252, 1.6785, 0.2250, 153.00
929, 1454, 39, 35, 0.6000, 10.8126, 4.4952, 9.8338, 0.1800, 207.33
929, 1457, 112, 125, 0.7056, 1.9149, 1.7619, 0.7500, 0.2822, 197.25
929, 1444, 99, 101, 0.5556, 30.4368, 30.4340, -0.4136, 0.2222, 154.50
930, 1410, 104, 102, 1.0000, 1.6058, 1.0367, 1.2263, 1.0000, 150.21
930, 1443, 102, 27, 0.8222, 10.3431, 8.3947, 6.0422, 0.5756, 204.14
930, 1444, 112, 122, 0.7111, 23.7040, 20.3309, 12.1875, 0.3556, 138.60
930, 1445, 59, 2, 0.7667, 28.8324, 23.2757, -17.0162, 0.4600, 198.83
930, 1419, 105, 28, 0.6722, 2.2447, 2.1651, 0.5924, 0.3361, 152.60
930, 1454, 57, 54, 0.6556, 24.1121, 16.5958, 17.4921, 0.2622, 204.00
930, 1457, 114, 125, 0.7611, 2.0575, 2.0398, 0.2695, 0.3806, 192.40
931, 1454, 82, 56, 0.7111, 24.8886, 24.6211, 3.6388, 0.3556, 198.00
931, 1456, 76, 105, 0.6000, 59.7062, 15.8698, 57.5585, 0.1800, 186.67
931, 1457, 116, 125, 0.8167, 2.0499, 2.0498, -0.0065, 0.4900, 181.94
931, 1458, 75, 39, 0.6000, 55.2165, 51.9532, 18.7010, 0.1800, 198.67
931, 1445, 82, -16, 0.6667, 28.8324, 23.2757, -17.0162, 0.4000, 198.83
931, 1419, 108, 29, 0.5722, 2.2447, 2.1651, 0.5924, 0.2861, 152.60
932, 1422, 51, 125, 0.6556, 2.6356, 1.4250, -2.2172, 0.2622, 154.50
932, 1457, 117, 126, 0.8722, 1.4446, 1.2531, 0.7188, 0.6106, 181.67
932, 1454, 107, 59, 0.6111, 24.8886, 24.6211, 3.6388, 0.3056, 198.00
932, 1456, 92, 163, 0.5000, 59.7062, 15.8698, 57.5585, 0.1500, 186.67
932, 1458, 127, 58, 0.5000, 55.2165, 51.9532, 18.7010, 0.1500, 198.67
933, 1422, 57, 119, 0.7111, 8.1026, 5.6892, -5.7693, 0.3556, 152.20
933, 1446, 63, 86, 0.6000, 21.9741, -13.0507, 17.6788, 0.1800, 187.33
933, 1457, 119, 126, 0.9278, 1.7249, 1.7019, 0.2809, 0.7422, 184.08
933, 1459, 0, 70, 0.7056, 0.8051, 0.0000, 0.8051, 0.2822, 182.00
934, 1446, 53, 108, 0.6556, 24.3009, -10.6268, 21.8541, 0.2622, 179.75
934, 1450, 68, 113, 0.6000, 17.7833, 0.9354, 17.7587, 0.1800, 153.33
934, 1457, 122, 126, 0.9833, 2.7436, 2.7436, 0.0055, 0.8850, 180.80
934, 1459, 19, 50, 0.7111, 25.8671, 17.9654, -18.6105, 0.3556, 183.20
934, 1461, 44, 1, 0.6000, 1.1240, 1.1230, 0.0469, 0.1800, 234.50
934, 1462, 37, 36, 0.6000, 0.9353, -0.9353, 0.0000, 0.1800, 209.00
934, 1464, 48, 99, 0.6000, 1.3226, 0.9353, 0.9353, 0.1800, 179.83
935, 1446, 20, 127, 0.7111, 36.1226, -30.4342, 19.4577, 0.3556, 180.80
935, 1457, 123, 127, 1.0000, 1.7446, 1.5944, 0.7082, 1.0000, 182.62
935, 1459, 37, 35, 0.7667, 23.4872, 17.9205, -15.1824, 0.4600, 188.67
935, 1460, 35, 91, 0.6000, 49.0104, -25.8189, 41.6582, 0.1800, 203.00
935, 1461, 45, 2, 0.7056, 1.2481, 0.9976, 0.7500, 0.2822, 233.38
935, 1462, 39, 13, 0.6556, 19.6637, 1.2476, -19.6241, 0.2622, 204.25
935, 1464, 48, 100, 0.7056, 1.0499, 0.2619, 1.0167, 0.2822, 178.62
935, 1450, 69, 131, 0.5000, 17.7833, 0.9354, 17.7587, 0.1500, 153.33
936, 1435, 58, 92, 0.6000, 12.3326, 9.6334, 7.7000, 0.1800, 181.17
936, 1438, 80, 107, 0.6000, 44.2772, -44.2666, -0.9689, 0.1800, 97.67
936, 1450, 64, 120, 0.6556, 2.9015, -2.2028, 1.8884, 0.2622, 150.50
936, 1457, 126, 112, 1.0000, 13.3240, 2.4676, -13.0935, 1.0000, 173.38
936, 1459, 57, 13, 0.8222, 28.9809, 19.5009, -21.4384, 0.5756, 189.29
936, 1460, 15, 128, 0.6556, 42.6768, -20.2778, 37.5515, 0.2622, 198.75
936, 1461, 46, 1, 0.7611, 1.1001, 0.9830, -0.4940, 0.3806, 237.10
936, 1464, 49, 100, 0.7611, 0.7788, 0.7372, 0.2511, 0.3806, 179.10
936, 1465, 37, 36, 0.6000, 3.7879, 0.0000, 3.7879, 0.1800, 211.67
936, 1446, -11, 147, 0.6111, 36.1226, -30.4342, 19.4577, 0.3056, 180.80
936, 1462, 40, -6, 0.5556, 19.6637, 1.2476, -19.6241, 0.2222, 204.25
937, 1432, 40, 22, 0.6000, 64.3824, -62.7321, 14.4838, 0.1800, 173.67
937, 1435, 84, 121, 0.6556, 35.9118, 24.5078, 26.2493, 0.2622, 165.62
937, 1461, 47, 1, 0.8167, 1.0375, 0.9939, -0.2976, 0.4900, 240.08
937, 1464, 49, 101, 0.8167, 0.7523, 0.2429, 0.7120, 0.4900, 180.75
937, 1465, 37, 36, 0.7056, 0.2882, 0.0000, 0.2882, 0.2822, 212.88
937, 1470, 119, 107, 0.6000, 20.0524, -4.6763, -19.4995, 0.1800, 107.67
937, 1438, 35, 106, 0.5000, 44.2772, -44.2666, -0.9689, 0.1500, 97.67
937, 1450, 62, 122, 0.5556, 2.9015, -2.2028, 1.8884, 0.2222, 150.50
937, 1457, 128, 99, 0.9000, 13.3240, 2.4676, -13.0935, 0.9000, 173.38
937, 1459, 76, -8, 0.7222, 28.9809, 19.5009, -21.4384, 0.5056, 189.29
937, 1460, -5, 165, 0.5556, 42.6768, -20.2778, 37.5515, 0.2222, 198.75
938, 1438, 31, 95, 0.6556, 23.1596, -22.2578, -6.4000, 0.2622, 117.75
938, 1461, 49, 8, 0.8722, 6.2907, 1.7604, 6.0394, 0.6106, 234.64
938, 1462, 48, 0, 0.7111, 3.5989, 3.5621, -0.5135, 0.3556, 213.60
938, 1464, 58, 95, 0.8222, 9.1353, 7.5895, -5.0846, 0.5756, 186.50
938, 1465, 29, 28, 0.7111, 9.4583, -6.8718, -6.4990, 0.3556, 211.70
938, 1432, -23, 36, 0.5000, 64.3824, -62.7321, 14.4838, 0.1500, 173.67
938, 1435, 109, 147, 0.5556, 35.9118, 24.5078, 26.2493, 0.2222, 165.62
938, 1457, 131, 86, 0.8000, 13.3240, 2.4676, -13.0935, 0.8000, 173.38
938, 1459, 96, -30, 0.6222, 28.9809, 19.5009, -21.4384, 0.4356, 189.29
938, 1470, 115, 87, 0.5000, 20.0524, -4.6763, -19.4995, 0.1500, 107.67
939, 1461, 41, 34, 0.8778, 24.6773, -7.0603, 23.6458, 0.7022, 232.06
939, 1465, 28, 27, 0.7667, 2.5544, -1.8556, -1.7554, 0.4600, 211.25
939, 1467, 53, 38, 0.6000, 0.8871, 0.0610, 0.8850, 0.1800, 235.67
939, 1438, 8, 89, 0.5556, 23.1596, -22.2578, -6.4000, 0.2222, 117.75
939, 1457, 133, 73, 0.7000, 13.3240, 2.4676, -13.0935, 0.7000, 173.38
939, 1459, 115, -51, 0.5222, 28.9809, 19.5009, -21.4384, 0.3656, 189.29
940, 1419, 115, 31, 0.7306, 0.4863, 0.4619, 0.1522, 0.4383, 149.67
940, 1463, 112, 103, 0.6000, 65.1478, 35.4846, 54.6359, 0.1800, 189.67
940, 1465, 29, 28, 0.8222, 0.4015, 0.2918, 0.2758, 0.5756, 212.50
940, 1467, 53, 39, 0.7056, 1.0428, -0.0207, 1.0426, 0.2822, 240.00
940, 1475, 26, 73, 0.6000, 30.7923, -27.8698, -13.0935, 0.1800, 177.67
940, 1457, 136, 59, 0.6000, 13.3240, 2.4676, -13.0935, 0.6000, 173.38
941, 1419, 112, 30, 0.7881, 2.8692, -2.7221, -0.9070, 0.5517, 148.71
941, 1455, 55, 29, 0.6000, 34.8239, 32.2045, -13.2505, 0.1800, 209.00
941, 1467, 53, 40, 0.7611, 1.0312, -0.0158, 1.0310, 0.3806, 243.00
941, 1475, 22, 70, 0.6556, 8.0108, -7.1222, -3.6670, 0.2622, 183.50
941, 1477, 55, 87, 0.6000, 16.2986, 3.7879, -15.8523, 0.1800, 174.33
941, 1457, 138, 46, 0.5000, 13.3240, 2.4676, -13.0935, 0.5000, 173.38
941, 1463, 147, 158, 0.5000, 65.1478, 35.4846, 54.6359, 0.1500, 189.67
942, 1419, 99, 18, 0.7951, 16.3944, -12.2352, -10.9122, 0.6361, 147.62
942, 1455, 64, 6, 0.6556, 24.0099, 11.3704, -21.1469, 0.2622, 205.25
942, 1467, 53, 40, 0.8167, 0.2414, -0.0030, 0.2414, 0.4900, 245.00
942, 1470, 87, 65, 0.6556, 8.5405, -7.0003, -4.8923, 0.2622, 125.25
942, 1475, 25, 72, 0.7111, 2.1262, 1.7996, 1.1323, 0.3556, 184.00
942, 1477, 55, 84, 0.6556, 4.5780, 1.0429, -4.4576, 0.2622, 174.50
943, 1467, 53, 41, 0.8722, 0.7037, 0.0011, 0.7037, 0.6106, 246.43
943, 1469, 19, 58, 0.6000, 25.4814, -22.0014, -12.8546, 0.1800, 186.00
943, 1471, 70, 127, 0.6000, 51.8776, -51.8466, 1.7924, 0.1800, 92.67
943, 1476, 38, 41, 0.6000, 23.3590, 20.4317, 11.3221, 0.1800, 195.33
943, 1256, 118, 109, 0.5214, 1.0195, 1.0174, 0.0648, 0.5214, 95.24
943, 1478, 51, 8, 0.6000, 13.0909, -13.0466, -1.0761, 0.1800, 195.67
943, 1455, 75, -15, 0.5556, 24.0099, 11.3704, -21.1469, 0.2222, 205.25
943, 1470, 80, 60, 0.5556, 8.5405, -7.0003, -4.8923, 0.2222, 125.25
943, 1475, 27, 73, 0.6111, 2.1262, 1.7996, 1.1323, 0.3056, 184.00
943, 1477, 57, 80, 0.5556, 4.5780, 1.0429, -4.4576, 0.2222, 174.50
944, 1467, 53, 42, 0.9278, 0.9949, 0.0009, 0.9949, 0.7422, 247.50
944, 1469, 4, 52, 0.6556, 17.1838, -15.7397, -6.8953, 0.2622, 183.50
944, 1471, 19, 114, 0.6556, 52.6774, -51.5511, -10.8347, 0.2622, 110.50
944, 1476, 43, 44, 0.6556, 8.3890, 7.1259, 4.4267, 0.2622, 196.50
944, 1478, 49, 9, 0.6556, 2.9608, -2.9170, 0.5072, 0.2622, 196.75
944, 1475, 29, 74, 0.5111, 2.1262, 1.7996, 1.1323, 0.2556, 184.00
945, 1467, 53, 43, 0.9833, 1.0415, 0.0002, 1.0415, 0.8850, 247.89
945, 1470, 71, 27, 0.7111, 14.8655, -5.0463, -13.9828, 0.3556, 139.20
945, 1476, 42, 45, 0.7111, 0.8971, -0.0846, 0.8931, 0.3556, 199.20
945, 1477, 56, 66, 0.7111, 6.3770, -0.0256, -6.3770, 0.3556, 177.60
945, 1478, 49, 12, 0.7111, 3.3840, -0.1252, 3.3817, 0.3556, 197.20
945, 1469, -12, 45, 0.5556, 17.1838, -15.7397, -6.8953, 0.2222, 183.50
945, 1471, -33, 103, 0.5556, 52.6774, -51.5511, -10.8347, 0.2222, 110.50
946, 1380, 72, 126, 0.5400, 55.7341, 55.6014, 3.8433, 0.2700, 148.93
946, 1467, 53, 44, 1.0000, 1.0174, -0.0001, 1.0174, 1.0000, 248.60
946, 1469, 1, 26, 0.7111, 14.1939, 0.5911, -14.1816, 0.3556, 187.40
946, 1477, 37, 38, 0.7667, 32.0016, -17.9550, -26.4899, 0.4600, 184.17
946, 1478, 49, 16, 0.6111, 3.3840, -0.1252, 3.3817, 0.3056, 197.20
947, 1453, 70, 13, 0.6000, 25.6741, -25.0155, -5.7778, 0.1800, 180.67
947, 1467, 52, 48, 1.0000, 4.0432, -0.7434, 3.9742, 1.0000, 244.73
947, 1468, 61, 46, 0.6000, 15.1834, 14.0954, 5.6441, 0.1800, 205.00
947, 1478, 53, 44, 0.7667, 17.7413, 1.9653, 17.6322, 0.4600, 206.00
948, 1453, 41, 13, 0.6556, 28.7356, -28.7238, -0.8221, 0.2622, 185.75
948, 1467, 51, 52, 0.9000, 4.0432, -0.7434, 3.9742, 0.9000, 244.73
948, 1468, 75, 51, 0.5000, 15.1834, 14.0954, 5.6441, 0.1500, 205.00
949, 1424, 68, 17, 0.5625, 77.7994, 51.1430, -58.6271, 0.2250, 183.75
949, 1475, 95, 110, 0.9333, 19.1351, 17.6281, 7.4430, 0.8400, 174.00
949, 1479, 124, 41, 0.6000, 79.9669, 37.9037, -70.4132, 0.1800, 115.33
949, 1453, 12, 12, 0.5556, 28.7356, -28.7238, -0.8221, 0.2222, 185.75
949, 1467, 51, 56, 0.8000, 4.0432, -0.7434, 3.9742, 0.8000, 244.73
950, 1427, 54, 98, 0.5625, 31.7329, -22.9172, 21.9494, 0.2250, 178.00
950, 1467, 76, 73, 1.0000, 13.4322, 9.8547, 9.1273, 1.0000, 238.25
950, 1468, 108, 44, 0.6556, 16.0264, 15.9206, -1.8383, 0.2622, 191.00
950, 1479, 161, -29, 0.5000, 79.9669, 37.9037, -70.4132, 0.1500, 115.33
951, 1453, 3, 19, 0.7111, 8.7544, -8.3625, 2.5902, 0.3556, 190.00
951, 1468, 121, 36, 0.7111, 15.7223, 13.5892, -7.9072, 0.3556, 177.20
951, 1472, 47, 4, 0.6000, 73.2967, -73.2723, 1.8913, 0.1800, 157.67
951, 1437, 52, 109, 0.5625, 0.8599, 0.0000, 0.8599, 0.2250, 151.50
951, 1441, 89, 10, 0.5625, 0.9822, 0.9822, 0.0000, 0.2250, 163.50
952, 1427, 50, 112, 0.6222, 5.3398, 0.6885, 5.2953, 0.3111, 172.60
952, 1437, 53, 107, 0.6722, 1.4365, 0.7593, -1.2194, 0.3361, 152.40
952, 1481, 51, 35, 0.6000, 0.9591, -0.0725, 0.9564, 0.1800, 195.67
952, 1482, 78, 57, 0.6000, 12.6376, -10.4679, 7.0804, 0.1800, 186.00
952, 1441, 63, 16, 0.6222, 23.0011, -22.3860, 5.2834, 0.3111, 169.20
952, 1468, 135, 28, 0.6111, 15.7223, 13.5892, -7.9072, 0.3056, 177.20
952, 1472, -26, 6, 0.5000, 73.2967, -73.2723, 1.8913, 0.1500, 157.67
953, 1427, 52, 114, 0.6806, 2.9626, 1.3953, 2.6134, 0.4083, 168.33
953, 1437, 55, 89, 0.6806, 16.6815, 1.8054, -16.5835, 0.4083, 156.33
953, 1481, 43, 53, 0.6556, 17.6096, -6.8197, 16.2355, 0.2622, 199.50
953, 1482, 76, 59, 0.6556, 4.0907, -3.4196, 2.2451, 0.2622, 183.50
953, 1441, 48, 21, 0.6806, 16.7549, -15.9927, 4.9962, 0.4083, 177.17
954, 1437, 54, 53, 0.7381, 33.6779, -0.9508, -33.6645, 0.5167, 169.71
954, 1481, 52, 84, 0.7111, 29.6909, 7.4112, 28.7511, 0.3556, 194.60
954, 1482, 75, 67, 0.7111, 7.5458, -0.6367, 7.5189, 0.3556, 182.00
954, 1441, 9, 36, 0.7381, 39.1118, -36.4701, 14.1300, 0.5167, 180.00
955, 1449, 40, 74, 0.5625, 0.9949, 0.9937, -0.0482, 0.2250, 193.75
955, 1437, 53, 20, 0.6381, 33.6779, -0.9508, -33.6645, 0.4467, 169.71
955, 1482, 75, 75, 0.6111, 7.5458, -0.6367, 7.5189, 0.3056, 182.00
956, 1407, 82, 52, 0.5400, 11.7111, 2.8404, 11.3614, 0.2700, 184.20
956, 1449, 41, 73, 0.6722, 1.2550, 1.0079, -0.7478, 0.3361, 195.40
956, 1488, 58, 46, 0.6000, 43.2007, 2.7119, 43.1155, 0.1800, 205.00
956, 1482, 74, 82, 0.5111, 7.5458, -0.6367, 7.5189, 0.2556, 182.00
957, 1474, 17, 67, 0.6000, 1.9167, -0.0029, 1.9167, 0.1800, 194.67
957, 1407, 72, 73, 0.6000, 20.8111, -8.2719, 19.0965, 0.3600, 185.17
957, 1449, 42, 73, 0.7306, 1.0394, 1.0037, -0.2699, 0.4383, 195.17
957, 1485, 52, 13, 0.6000, 35.5942, -23.7741, -26.4903, 0.1800, 203.33
957, 1488, 63, 93, 0.6556, 46.9815, 4.5692, 46.7587, 0.2622, 188.25
957, 1493, 62, 71, 0.6000, 37.7384, -32.1621, 19.7429, 0.1800, 177.67
958, 1427, 52, 120, 0.8519, 1.9778, -0.0258, 1.9776, 0.7667, 162.56
958, 1474, 9, 66, 0.6556, 6.7989, -6.7951, -0.2269, 0.2622, 192.25
958, 1407, 56, 87, 0.6587, 20.8809, -14.8463, 14.6833, 0.4611, 183.86
958, 1482, 66, 105, 0.7667, 10.4935, -2.8812, 10.0902, 0.4600, 177.83
958, 1449, 39, 74, 0.7881, 2.9245, -2.8212, 0.7703, 0.5517, 193.43
958, 1488, 64, 118, 0.7111, 26.8863, 2.0875, 26.8052, 0.3556, 179.80
958, 1493, 33, 97, 0.6556, 38.0824, -28.7763, 24.9439, 0.2622, 176.25
958, 1494, 9, 37, 0.6000, 0.9833, 0.9822, -0.0469, 0.1800, 210.67
958, 1485, 28, -14, 0.5000, 35.5942, -23.7741, -26.4903, 0.1500, 203.33
959, 1427, 53, 121, 0.9083, 1.4625, 0.8412, 1.1963, 0.9083, 161.83
959, 1407, 53, 88, 0.7167, 5.2708, -4.4557, 2.8158, 0.5733, 182.88
959, 1448, 86, 59, 0.5625, 10.7520, -0.0181, -10.7520, 0.2250, 168.25
959, 1489, 103, 0, 0.6000, 0.9176, -0.9156, -0.0610, 0.1800, 154.00
959, 1491, 92, 20, 0.6000, 17.4458, 15.9308, -7.1109, 0.1800, 170.33
959, 1494, 10, 37, 0.7056, 1.0119, 1.0119, 0.0048, 0.2822, 210.75
959, 1474, 2, 66, 0.5556, 6.7989, -6.7951, -0.2269, 0.2222, 192.25
959, 1449, 36, 75, 0.6881, 2.9245, -2.8212, 0.7703, 0.4817, 193.43
959, 1493, 5, 122, 0.5556, 38.0824, -28.7763, 24.9439, 0.2222, 176.25
960, 1407, 54, 87, 0.7741, 1.2228, 0.5178, -1.1077, 0.6967, 182.11
960, 1480, 74, 64, 0.6000, 70.1473, 59.6339, 36.9384, 0.1800, 204.33
960, 1448, 101, 37, 0.6222, 24.5606, 12.9410, -20.8748, 0.3111, 168.60
960, 1494, 11, 37, 0.7611, 1.0067, 1.0067, 0.0079, 0.3806, 214.40
960, 1496, 22, 9, 0.6000, 22.2911, -20.7164, -8.2295, 0.1800, 207.00
960, 1499, 17, 71, 0.6000, 23.9089, -23.4282, 4.7701, 0.1800, 208.67
960, 1427, 54, 122, 0.8083, 1.4625, 0.8412, 1.1963, 0.8083, 161.83
960, 1489, 102, 0, 0.5000, 0.9176, -0.9156, -0.0610, 0.1500, 154.00
960, 1491, 108, 13, 0.5000, 17.4458, 15.9308, -7.1109, 0.1500, 170.33
961, 1474, 1, 72, 0.7111, 2.9556, -1.7665, 2.3696, 0.3556, 191.20
961, 1480, 128, 101, 0.6556, 65.9857, 54.6963, 36.9111, 0.2622, 201.50
961, 1486, 75, 9, 0.6000, 0.8981, 0.8962, -0.0575, 0.1800, 183.33
961, 1494, 12, 36, 0.8167, 1.2579, 1.0008, -0.7621, 0.4900, 213.25
961, 1496, 1, 17, 0.6556, 21.4755, -20.8436, 5.1712, 0.2622, 206.25
961, 1499, 12, 73, 0.6556, 7.8204, -7.2982, 2.8096, 0.2622, 202.75
961, 1502, 35, 26, 0.6000, 26.3836, 26.2340, -2.8058, 0.1800, 215.00
961, 1427, 55, 124, 0.7083, 1.4625, 0.8412, 1.1963, 0.7083, 161.83
961, 1448, 114, 16, 0.5222, 24.5606, 12.9410, -20.8748, 0.2611, 168.60
962, 1427, 35, 117, 0.9646, 7.8865, -7.6280, -2.0029, 0.9646, 160.12
962, 1494, 14, 36, 0.8722, 1.7841, 1.7596, -0.2942, 0.6106, 212.64
962, 1496, -2, 19, 0.7111, 5.7738, -4.9454, 2.9798, 0.3556, 207.60
962, 1499, 14, 75, 0.7111, 1.9731, 0.3891, 1.9344, 0.3556, 198.20
962, 1474, -1, 74, 0.6111, 2.9556, -1.7665, 2.3696, 0.3056, 191.20
962, 1480, 183, 138, 0.5556, 65.9857, 54.6963, 36.9111, 0.2222, 201.50
962, 1486, 76, 9, 0.5000, 0.8981, 0.8962, -0.0575, 0.1500, 183.33
962, 1502, 61, 23, 0.5000, 26.3836, 26.2340, -2.8058, 0.1500, 215.00
963, 1494, 15, 36, 0.9278, 1.2957, 1.2957, -0.0037, 0.7422, 212.19
963, 1503, 35, 39, 0.6000, 30.9041, -7.1447, -30.0669, 0.1800, 206.67
963, 1474, -3, 77, 0.5111, 2.9556, -1.7665, 2.3696, 0.2556, 191.20
963, 1496, -7, 22, 0.6111, 5.7738, -4.9454, 2.9798, 0.3056, 207.60
964, 1486, 73, 21, 0.7056, 4.9631, -0.9582, 4.8698, 0.2822, 183.75
964, 1488, 70, 112, 0.9889, 1.2209, 0.7047, 0.9970, 0.9889, 170.83
964, 1494, 16, 35, 0.9833, 1.2308, 1.0053, -0.7101, 0.8850, 212.72
964, 1497, 34, 37, 0.6000, 5.1868, 4.4414, 2.6789, 0.1800, 211.50
964, 1498, 114, 108, 0.6000, 63.6643, 5.2644, 63.4462, 0.1800, 133.33
964, 1502, 57, 41, 0.6556, 7.2556, 3.0813, 6.5688, 0.2622, 210.50
964, 1503, 34, 2, 0.6556, 36.1276, -1.4409, -36.0988, 0.2622, 209.50
964, 1436, 121, 100, 0.5625, 1.9644, -1.9644, 0.0000, 0.2250, 156.25
965, 1489, 106, 12, 0.7056, 2.8922, 0.9742, 2.7232, 0.2822, 155.75
965, 1494, 17, 35, 1.0000, 0.9995, 0.9583, -0.2838, 1.0000, 212.35
965, 1497, 36, 64, 0.6556, 24.6243, 2.9334, 24.4489, 0.2622, 203.38
965, 1502, 49, 65, 0.7111, 24.6875, -7.4694, 23.5305, 0.3556, 207.60
965, 1436, 119, 99, 0.6722, 2.1600, -2.0238, -0.7548, 0.3361, 159.60
965, 1466, 17, 60, 0.5625, 54.7485, -2.4514, 54.6936, 0.2250, 211.00
965, 1421, 71, 118, 0.5400, 1.3562, 0.9822, 0.9353, 0.2700, 152.00
965, 1486, 72, 26, 0.6056, 4.9631, -0.9582, 4.8698, 0.2422, 183.75
965, 1498, 120, 171, 0.5000, 63.6643, 5.2644, 63.4462, 0.1500, 133.33
965, 1503, 33, -34, 0.5556, 36.1276, -1.4409, -36.0988, 0.2222, 209.50
966, 1486, 79, 41, 0.7111, 11.2034, 3.4055, 10.6733, 0.3556, 184.20
966, 1489, 107, 12, 0.7611, 1.0760, 1.0153, 0.3563, 0.3806, 154.40
966, 1494, 18, 35, 1.0000, 0.9823, 0.9823, -0.0092, 1.0000, 212.05
966, 1497, 17, 83, 0.7111, 25.7977, -17.0508, 19.3596, 0.3556, 195.90
966, 1436, 117, 99, 0.7306, 2.0325, -2.0134, -0.2774, 0.4383, 164.33
966, 1421, 71, 123, 0.6500, 4.7975, 0.2571, 4.7906, 0.3900, 150.33
966, 1504, 7, 19, 0.6000, 10.6635, -2.8058, -10.2878, 0.1800, 214.33
967, 1487, 3, 33, 0.6000, 63.5442, -60.3816, 19.7971, 0.1800, 202.00
967, 1451, 44, 80, 0.5625, 47.1649, -47.0144, 3.7647, 0.2250, 141.50
967, 1489, 108, 13, 0.8167, 1.1956, 1.0072, 0.6442, 0.4900, 153.83
967, 1494, 19, 34, 1.0000, 1.2199, 0.9990, -0.7002, 1.0000, 211.96
967, 1501, 61, 42, 0.6000, 47.0130, -38.2308, 27.3611, 0.1800, 174.00
967, 1436, 115, 99, 0.7881, 2.0017, -2.0016, 0.0042, 0.5517, 165.14
967, 1504, 10, 9, 0.6556, 10.6654, 2.2333, -10.4290, 0.2622, 215.75
967, 1486, 82, 51, 0.6111, 11.2034, 3.4055, 10.6733, 0.3056, 184.20
967, 1497, 0, 102, 0.6111, 25.7977, -17.0508, 19.3596, 0.3056, 195.90
967, 1421, 71, 128, 0.5500, 4.7975, 0.2571, 4.7906, 0.3300, 150.33
968, 1474, 14, 97, 0.7667, 5.1104, 3.1653, 4.0121, 0.4600, 185.67
968, 1486, 111, 55, 0.7667, 19.3633, 18.1350, 6.7867, 0.4600, 176.33
968, 1451, 11, 84, 0.6222, 34.9236, -34.6814, 4.1054, 0.3111, 148.00
968, 1494, 20, 34, 1.0000, 1.0436, 1.0023, -0.2906, 1.0000, 213.19
968, 1501, 49, 64, 0.6556, 27.4957, -15.4525, 22.7428, 0.2622, 186.75
968, 1436, 113, 98, 0.8451, 2.1239, -1.9987, -0.7185, 0.6761, 162.88
968, 1421, 71, 124, 0.7087, 0.1689, -0.0959, -0.1390, 0.4961, 149.14
968, 1473, 37, 12, 0.5625, 24.8082, 0.1589, -24.8077, 0.2250, 200.00
968, 1504, 26, 1, 0.7111, 16.5709, 14.1689, -8.5929, 0.3556, 216.60
968, 1507, 74, 120, 0.6000, 20.9129, -20.5755, 3.7410, 0.1800, 114.33
968, 1487, -57, 53, 0.5000, 63.5442, -60.3816, 19.7971, 0.1500, 202.00
969, 1483, 101, 2, 0.6000, 20.1604, 18.2151, -8.6402, 0.1800, 172.67
969, 1490, 98, 7, 0.6000, 8.0209, 5.6762, -5.6670, 0.1800, 160.33
969, 1494, 22, 34, 1.0000, 1.7320, 1.7319, -0.0154, 1.0000, 213.75
969, 1501, 50, 66, 0.7111, 4.8317, -0.6706, 4.7849, 0.3556, 195.00
969, 1436, 111, 98, 0.9019, 2.0188, -1.9992, -0.2804, 0.8117, 160.22
969, 1421, 74, 121, 0.7667, 4.1441, 2.3075, -3.4423, 0.6133, 147.50
969, 1451, -24, 88, 0.5222, 34.9236, -34.6814, 4.1054, 0.2611, 148.00
969, 1504, 40, -8, 0.6111, 16.5709, 14.1689, -8.5929, 0.3056, 216.60
969, 1507, 53, 124, 0.5000, 20.9129, -20.5755, 3.7410, 0.1500, 114.33
970, 1451, -2, 83, 0.6806, 2.5581, -2.3741, -0.9526, 0.4083, 151.67
970, 1490, 98, 6, 0.6556, 1.8248, 0.8529, -1.6132, 0.2622, 159.25
970, 1494, 23, 34, 1.0000, 1.3135, 1.3130, 0.0384, 1.0000, 215.70
970, 1436, 109, 98, 0.9583, 1.9999, -1.9999, -0.0053, 0.9583, 158.40
970, 1421, 75, 114, 0.7741, 6.0961, 1.6423, -5.8707, 0.6967, 151.00
970, 1507, 72, 120, 0.6556, 1.6802, 1.6676, -0.2050, 0.2622, 120.62
970, 1483, 119, -6, 0.5000, 20.1604, 18.2151, -8.6402, 0.1500, 172.67
971, 1490, 89, 11, 0.7111, 8.9747, -8.0544, 3.9589, 0.3556, 162.00
971, 1494, 24, 34, 1.0000, 1.0216, 1.0215, 0.0190, 1.0000, 216.66
971, 1436, 107, 97, 1.0000, 2.1217, -2.0001, -0.7082, 1.0000, 157.55
971, 1507, 76, 122, 0.7111, 3.3815, 3.1153, 1.3152, 0.3556, 122.50
972, 1483, 127, 3, 0.6556, 6.9155, 6.6106, 2.0308, 0.2622, 161.75
972, 1490, 76, 22, 0.7667, 16.0025, -12.3688, 10.1534, 0.4600, 169.67
972, 1494, 21, 34, 1.0000, 2.6316, -2.6316, 0.0023, 1.0000, 216.15
972, 1495, 61, 122, 0.6000, 41.3661, 21.8440, 35.1282, 0.1800, 160.33
972, 1500, 110, 1, 0.6000, 59.5545, 59.1888, -6.5897, 0.1800, 179.67
972, 1436, 106, 97, 1.0000, 1.2890, -1.2567, -0.2867, 1.0000, 158.08
972, 1508, 33, 51, 0.6000, 45.0806, 0.0794, 45.0805, 0.1800, 211.33
972, 1509, 3, 36, 0.6000, 3.1745, -1.6869, 2.6892, 0.1800, 213.00
972, 1510, 89, 7, 0.6000, 1.0291, 1.0291, 0.0000, 0.1800, 223.17
973, 1490, 77, 40, 0.8222, 17.0561, -0.4924, 17.0490, 0.5756, 172.00
973, 1494, 8, 34, 1.0000, 11.3313, -11.3313, -0.0020, 1.0000, 215.75
973, 1495, 92, 131, 0.6556, 31.9747, 29.5756, 12.1519, 0.2622, 145.25
973, 1436, 104, 96, 1.0000, 1.8529, -1.6941, -0.7504, 1.0000, 159.92
973, 1508, 37, 90, 0.6556, 40.2463, 3.7832, 40.0681, 0.2622, 207.25
973, 1509, 3, 36, 0.7056, 1.0070, -0.5804, 0.8229, 0.2822, 215.25
973, 1510, 90, 7, 0.7056, 1.0071, 1.0071, 0.0000, 0.2822, 221.12
973, 1512, 27, 34, 0.6000, 1.6992, 1.6985, 0.0482, 0.1800, 215.33
973, 1514, 43, 49, 0.6000, 36.8198, 3.5415, -36.6491, 0.1800, 202.00
973, 1483, 134, 5, 0.5556, 6.9155, 6.6106, 2.0308, 0.2222, 161.75
973, 1500, 169, -5, 0.5000, 59.5545, 59.1888, -6.5897, 0.1500, 179.67
974, 1490, 79, 51, 0.8778, 11.9586, 1.6406, 11.8456, 0.7022, 174.62
974, 1501, 54, 68, 0.9889, 1.0638, -0.0548, 1.0624, 0.9889, 219.30
974, 1436, 103, 95, 1.0000, 1.6039, -1.2505, -1.0044, 1.0000, 160.36
974, 1508, 53, 112, 0.7111, 28.0437, 14.3620, 24.0869, 0.3556, 196.40
974, 1509, 5, 35, 0.7611, 2.4399, 2.2991, -0.8168, 0.3806, 213.90
974, 1510, 92, 7, 0.7611, 1.7623, 1.7623, 0.0000, 0.3806, 216.50
974, 1511, 23, 10, 0.6000, 21.0605, 9.7544, -18.6654, 0.1800, 210.00
974, 1512, 28, 33, 0.7056, 1.5318, 1.3241, -0.7702, 0.2822, 213.75
974, 1513, 12, 63, 0.6000, 20.1933, 7.9881, 18.5462, 0.1800, 205.33
974, 1514, 33, 7, 0.6556, 42.2835, -8.0112, -41.5177, 0.2622, 204.25
974, 1495, 121, 143, 0.5556, 31.9747, 29.5756, 12.1519, 0.2222, 145.25
975, 1436, 101, 94, 1.0000, 2.0188, -1.7302, -1.0401, 1.0000, 158.80
975, 1509, 13, 34, 0.7667, 7.1761, 7.0757, -1.1957, 0.4600, 214.08
975, 1510, 93, 8, 0.8167, 1.4991, 1.2896, 0.7644, 0.4900, 220.08
975, 1511, 32, 2, 0.6556, 12.7253, 9.1404, -8.8536, 0.2622, 213.75
975, 1512, 37, 18, 0.7111, 15.4395, 7.8968, -13.2672, 0.3556, 212.10
975, 1513, 27, 90, 0.6556, 29.1724, 13.9137, 25.6405, 0.2622, 200.25
975, 1521, 77, 93, 0.6000, 15.4246, -14.9640, -3.7410, 0.1800, 129.33
975, 1490, 80, 63, 0.7778, 11.9586, 1.6406, 11.8456, 0.6222, 174.62
975, 1508, 67, 136, 0.6111, 28.0437, 14.3620, 24.0869, 0.3056, 196.40
975, 1514, 25, -35, 0.5556, 42.2835, -8.0112, -41.5177, 0.2222, 204.25
976, 1436, 100, 93, 1.0000, 1.6297, -1.2738, -1.0165, 1.0000, 159.81
976, 1509, 16, 34, 0.8222, 3.1483, 3.1301, -0.3375, 0.5756, 212.64
976, 1510, 94, 9, 0.8722, 1.4537, 1.0010, 1.0542, 0.6106, 213.60
976, 1512, 57, 1, 0.7667, 25.5161, 18.8691, -17.1764, 0.4600, 210.25
976, 1513, 15, 112, 0.7111, 23.9882, -8.8859, 22.2817, 0.3556, 209.35
976, 1521, 53, 65, 0.6556, 33.6540, -22.3054, -25.2005, 0.2622, 148.00
976, 1523, 118, 54, 0.6000, 49.5814, 9.1648, 48.7270, 0.1800, 135.33
976, 1524, 124, 18, 0.6000, 0.9364, -0.9353, 0.0469, 0.1800, 121.17
976, 1529, 31, 34, 0.6000, 18.5170, -13.0935, -13.0935, 0.1800, 213.33
976, 1490, 82, 75, 0.6778, 11.9586, 1.6406, 11.8456, 0.5422, 174.62
976, 1511, 41, -7, 0.5556, 12.7253, 9.1404, -8.8536, 0.2222, 213.75
977, 1436, 99, 92, 1.0000, 1.4182, -1.0048, -1.0009, 1.0000, 160.47
977, 1509, 16, 34, 0.8778, 0.1697, 0.1634, 0.0455, 0.7022, 211.94
977, 1510, 92, 21, 0.8778, 10.9615, -1.3097, 10.8830, 0.7022, 207.40
977, 1511, 58, 0, 0.7111, 13.3480, 13.3462, 0.2192, 0.3556, 211.20
977, 1512, 94, -2, 0.8222, 35.2930, 35.0812, -3.8604, 0.5756, 204.07
977, 1521, 16, 54, 0.7111, 37.9070, -36.0149, -11.8267, 0.3556, 154.60
977, 1524, 124, 18, 0.7056, 0.2620, -0.2619, -0.0048, 0.2822, 121.12
977, 1513, 6, 134, 0.6111, 23.9882, -8.8859, 22.2817, 0.3056, 209.35
977, 1523, 128, 103, 0.5000, 49.5814, 9.1648, 48.7270, 0.1500, 135.33
977, 1529, 18, 21, 0.5000, 18.5170, -13.0935, -13.0935, 0.1500, 213.33
978, 1436, 85, 82, 1.0000, 14.7275, -11.7343, -8.8997, 1.0000, 160.06
978, 1509, 16, 35, 0.9333, 0.9091, 0.3697, 0.8306, 0.8400, 212.61
978, 1520, 46, 48, 0.6000, 5.4594, 0.9766, 5.3713, 0.1800, 210.00
978, 1522, 70, 92, 0.6000, 31.9092, 10.5290, -30.1221, 0.1800, 144.00
978, 1524, 110, 15, 0.7111, 12.4050, -12.1902, -2.2985, 0.3556, 126.70
978, 1529, 25, 10, 0.6556, 11.7877, -1.4418, -11.6992, 0.2622, 219.75
978, 1534, 98, 9, 0.6000, 1.9908, 1.8430, 0.7529, 0.1800, 181.67
978, 1538, 12, 27, 0.6000, 9.7643, 2.8058, -9.3525, 0.1800, 201.00
978, 1510, 91, 32, 0.7778, 10.9615, -1.3097, 10.8830, 0.6222, 207.40
979, 1492, 11, 59, 0.6000, 11.6318, 7.7219, 8.6989, 0.1800, 195.00
979, 1426, 10, 89, 0.5400, 47.8180, -44.1998, 18.2465, 0.2700, 191.00
979, 1509, 18, 48, 0.9889, 11.8840, 1.6452, 11.7696, 0.9889, 210.35
979, 1516, 19, 115, 0.6000, 45.7436, -35.8092, 28.4637, 0.1800, 180.17
979, 1520, 46, 51, 0.7056, 2.4378, 0.2495, 2.4250, 0.2822, 210.25
979, 1522, 68, 62, 0.6556, 30.1067, -0.4109, -30.1039, 0.2622, 157.00
979, 1524, 105, 14, 0.7667, 6.3537, -6.1384, -1.6401, 0.4600, 129.75
979, 1527, 22, 66, 0.6000, 56.9180, -51.2105, 24.8423, 0.1800, 203.33
979, 1531, 55, 71, 0.6000, 13.0239, -9.5829, 8.8199, 0.1800, 201.17
979, 1533, 24, 50, 0.6000, 40.9506, -5.4578, 40.5853, 0.1800, 202.67
979, 1534, 97, 10, 0.7056, 1.0880, -0.2275, 1.0640, 0.2822, 182.38
979, 1535, 122, 21, 0.6000, 3.7103, 1.0023, 3.5723, 0.1800, 139.67
979, 1536, 20, 52, 0.6000, 34.4915, 5.4808, 34.0532, 0.1800, 203.00
979, 1539, 34, 102, 0.6000, 3.9587, -0.9822, 3.8349, 0.1800, 174.67
979, 1436, 74, 73, 0.9000, 14.7275, -11.7343, -8.8997, 0.9000, 160.06
979, 1510, 90, 43, 0.6778, 10.9615, -1.3097, 10.8830, 0.5422, 207.40
979, 1529, 24, -2, 0.5556, 11.7877, -1.4418, -11.6992, 0.2222, 219.75
979, 1538, 15, 18, 0.5000, 9.7643, 2.8058, -9.3525, 0.1500, 201.00
980, 1492, 29, 62, 0.6556, 17.6087, 17.1796, 3.8634, 0.2622, 194.75
980, 1436, 68, 85, 1.0000, 8.9611, -8.4747, 2.9121, 1.0000, 160.11
980, 1509, 23, 57, 1.0000, 11.0055, 5.1581, 9.7219, 1.0000, 209.59
980, 1517, 96, 88, 0.7056, 2.1577, -1.5328, -1.5186, 0.2822, 150.62
980, 1520, 47, 50, 0.7611, 0.7482, 0.7254, 0.1832, 0.3806, 214.40
980, 1522, 40, 33, 0.7111, 38.6171, -25.2027, -29.2593, 0.3556, 166.00
980, 1524, 99, 15, 0.8222, 5.9348, -5.9159, 0.4725, 0.5756, 133.64
980, 1531, 53, 74, 0.6556, 4.7603, -3.1389, 3.5787, 0.2622, 214.62
980, 1532, 93, 88, 0.6000, 32.5745, 11.5617, -30.4537, 0.1800, 122.00
980, 1533, 20, 107, 0.6556, 54.8891, -4.6676, 54.6902, 0.2622, 191.25
980, 1534, 100, 9, 0.7611, 2.0166, 1.9611, -0.4702, 0.3806, 185.90
980, 1535, 123, 48, 0.6556, 24.7254, 1.0039, 24.7050, 0.2622, 133.25
980, 1536, 33, 100, 0.6556, 47.5927, 12.2313, 45.9941, 0.2622, 196.25
980, 1538, 28, 10, 0.6556, 12.1269, 8.4840, -8.6651, 0.2622, 205.50
980, 1539, 19, 117, 0.6556, 19.0699, -13.0883, 13.8693, 0.2622, 192.50
980, 1484, 54, 3, 0.5625, 43.7492, -42.0394, -12.1113, 0.2250, 175.00
980, 1510, 89, 54, 0.5778, 10.9615, -1.3097, 10.8830, 0.4622, 207.40
980, 1516, -17, 143, 0.5000, 45.7436, -35.8092, 28.4637, 0.1500, 180.17
980, 1527, -29, 91, 0.5000, 56.9180, -51.2105, 24.8423, 0.1500, 203.33
981, 1492, 66, 63, 0.7111, 34.3052, 34.2889, 1.0554, 0.3556, 196.60
981, 1509, 32, 76, 1.0000, 19.9864, 8.6056, 18.0389, 1.0000, 208.38
981, 1517, 95, 87, 0.7611, 1.8763, -1.3317, -1.3219, 0.3806, 152.10
981, 1520, 47, 51, 0.8167, 0.5374, 0.2404, 0.4807, 0.4900, 213.67
981, 1525, 109, 13, 0.6000, 14.2281, -11.6721, -8.1365, 0.1800, 132.33
981, 1531, 53, 75, 0.7111, 0.9215, 0.1125, 0.9146, 0.3556, 221.30
981, 1534, 101, 9, 0.8167, 1.5811, 1.5453, -0.3343, 0.4900, 195.08
981, 1537, 35, 32, 0.6000, 9.7050, 9.7050, -0.0305, 0.1800, 215.33
981, 1538, 29, 10, 0.7111, 2.3692, 2.1277, -1.0421, 0.3556, 208.60
981, 1539, 16, 122, 0.7111, 7.2690, -3.9186, 6.1223, 0.3556, 204.00
981, 1484, 7, -1, 0.6222, 46.7706, -46.5111, -4.9194, 0.3111, 185.60
981, 1522, 15, 4, 0.6111, 38.6171, -25.2027, -29.2593, 0.3056, 166.00
981, 1524, 93, 15, 0.7222, 5.9348, -5.9159, 0.4725, 0.5056, 133.64
981, 1532, 104, 57, 0.5000, 32.5745, 11.5617, -30.4537, 0.1500, 122.00
981, 1533, 15, 161, 0.5556, 54.8891, -4.6676, 54.6902, 0.2222, 191.25
981, 1535, 124, 73, 0.5556, 24.7254, 1.0039, 24.7050, 0.2222, 133.25
981, 1536, 45, 146, 0.5556, 47.5927, 12.2313, 45.9941, 0.2222, 196.25
982, 1509, 34, 104, 1.0000, 26.9812, 2.5345, 26.8619, 1.0000, 205.04
982, 1510, 80, 64, 0.9333, 8.3326, -2.8835, 7.8178, 0.8400, 207.80
982, 1517, 94, 85, 0.8167, 2.0932, -1.0488, -1.8115, 0.4900, 153.92
982, 1520, 48, 52, 0.8722, 1.1875, 0.7500, 0.9207, 0.6106, 214.71
982, 1531, 54, 75, 0.7667, 0.7748, 0.5004, 0.5915, 0.4600, 221.08
982, 1534, 102, 9, 0.8722, 1.0698, 1.0682, -0.0591, 0.6106, 197.07
982, 1537, 38, 32, 0.6556, 3.8594, 3.8594, 0.0104, 0.2622, 214.00
982, 1538, 29, 12, 0.7667, 1.6353, 0.3725, 1.5923, 0.4600, 209.50
982, 1539, 15, 124, 0.7667, 2.6330, -1.8807, 1.8427, 0.4600, 194.17
982, 1544, 18, 36, 0.6000, 1.1240, 1.1230, 0.0469, 0.1800, 209.67
982, 1492, 100, 64, 0.6111, 34.3052, 34.2889, 1.0554, 0.3056, 196.60
982, 1525, 97, 5, 0.5000, 14.2281, -11.6721, -8.1365, 0.1500, 132.33
982, 1484, -40, -6, 0.5222, 46.7706, -46.5111, -4.9194, 0.2611, 185.60
983, 1505, 4, 36, 0.6000, 19.6264, -15.2344, -12.3737, 0.1800, 203.67
983, 1509, 33, 111, 1.0000, 9.2165, -1.0514, 9.1564, 1.0000, 202.54
983, 1510, 80, 65, 0.9889, 1.1881, -0.4444, 1.1019, 0.9889, 208.02
983, 1517, 93, 84, 0.8722, 1.5949, -0.9707, -1.2655, 0.6106, 153.21
983, 1525, 90, 15, 0.6556, 9.7011, -9.3850, 2.4561, 0.2622, 140.75
983, 1531, 54, 76, 0.8222, 0.8741, 0.1747, 0.8565, 0.5756, 225.36
983, 1532, 95, 28, 0.6556, 17.8310, -1.5628, -17.7624, 0.2622, 136.75
983, 1534, 104, 10, 0.9278, 1.8841, 1.7104, 0.7901, 0.7422, 199.31
983, 1544, 18, 36, 0.7056, 0.2429, 0.2428, -0.0048, 0.2822, 207.50
983, 1520, 49, 53, 0.7722, 1.1875, 0.7500, 0.9207, 0.5406, 214.71
983, 1537, 42, 32, 0.5556, 3.8594, 3.8594, 0.0104, 0.2222, 214.00
984, 1510, 80, 64, 1.0000, 0.4239, 0.1352, -0.4018, 1.0000, 208.20
984, 1517, 92, 84, 0.9278, 1.0079, -0.9815, -0.2294, 0.7422, 155.69
984, 1520, 36, 59, 0.8778, 8.1603, -7.2116, 3.8187, 0.7022, 211.88
984, 1525, 84, 27, 0.7111, 12.0137, -5.8235, 10.5078, 0.3556, 147.20
984, 1531, 43, 80, 0.8778, 10.4699, -9.9374, 3.2966, 0.7022, 220.31
984, 1532, 123, 4, 0.7111, 34.4923, 25.4395, -23.2926, 0.3556, 135.20
984, 1534, 105, 10, 0.9833, 1.2990, 1.2614, 0.3104, 0.8850, 201.94
984, 1537, 46, 49, 0.7111, 10.7238, 4.0046, 9.9481, 0.3556, 211.40
984, 1543, 28, 13, 0.6000, 22.6576, 17.5836, -14.2893, 0.1800, 202.33
984, 1544, 11, 40, 0.7111, 7.2483, -6.1663, 3.8098, 0.3556, 209.00
984, 1550, 63, 113, 0.6000, 42.4518, 41.1980, -10.2408, 0.1800, 197.33
984, 1505, -12, 23, 0.5000, 19.6264, -15.2344, -12.3737, 0.1500, 203.67
985, 1510, 80, 64, 1.0000, 0.3235, 0.1121, -0.3035, 1.0000, 208.35
985, 1517, 91, 83, 0.9833, 1.1938, -0.9970, -0.6567, 0.8850, 157.06
985, 1520, 13, 67, 0.9333, 23.0372, -21.5888, 8.0395, 0.8400, 209.11
985, 1534, 106, 10, 1.0000, 0.9975, 0.9975, 0.0047, 1.0000, 200.95
985, 1543, 55, 2, 0.6556, 27.7702, 25.3861, -11.2574, 0.2622, 201.50
985, 1544, 10, 41, 0.7667, 2.1778, -1.6220, 1.4532, 0.4600, 209.00
985, 1531, 33, 83, 0.7778, 10.4699, -9.9374, 3.2966, 0.6222, 220.31
985, 1550, 104, 103, 0.5000, 42.4518, 41.1980, -10.2408, 0.1500, 197.33
986, 1510, 88, 63, 1.0000, 6.8738, 6.8253, -0.8153, 1.0000, 205.71
986, 1517, 89, 83, 1.0000, 1.7640, -1.7491, -0.2290, 1.0000, 157.15
986, 1531, 30, 72, 0.9333, 7.9283, -6.0991, -5.0655, 0.8400, 217.94
986, 1534, 107, 10, 1.0000, 0.9620, 0.9610, -0.0433, 1.0000, 200.14
986, 1543, 85, 0, 0.7111, 30.1853, 29.9465, -3.7894, 0.3556, 195.60
986, 1550, 93, 86, 0.6556, 18.3087, 11.7655, -14.0278, 0.2622, 179.25
986, 1551, 98, 13, 0.6000, 3.6653, -2.5918, -2.5918, 0.1800, 161.67
986, 1544, 9, 43, 0.6667, 2.1778, -1.6220, 1.4532, 0.4000, 209.00
987, 1517, 86, 83, 1.0000, 2.7913, -2.7913, 0.0051, 1.0000, 156.77
987, 1518, 85, 86, 0.6000, 45.0252, -33.2207, 30.3917, 0.1800, 133.00
987, 1528, 72, 39, 0.6000, 17.8970, -17.8720, -0.9456, 0.1800, 195.33
987, 1534, 109, 11, 1.0000, 1.8854, 1.7367, 0.7340, 1.0000, 199.54
987, 1552, 34, 115, 0.6000, 36.9162, -36.0503, -7.9484, 0.1800, 144.33
987, 1554, 50, 45, 0.6000, 29.9881, 29.0397, 7.4820, 0.1800, 206.67
987, 1543, 115, -4, 0.6111, 30.1853, 29.9465, -3.7894, 0.3056, 195.60
987, 1544, 7, 44, 0.5667, 2.1778, -1.6220, 1.4532, 0.3400, 209.00
987, 1550, 105, 72, 0.5556, 18.3087, 11.7655, -14.0278, 0.2222, 179.25
987, 1551, 95, 10, 0.5000, 3.6653, -2.5918, -2.5918, 0.1500, 161.67
988, 1517, 83, 86, 1.0000, 4.3111, -3.1026, 2.9932, 1.0000, 154.71
988, 1518, 31, 117, 0.6556, 59.7399, -50.9315, 31.2225, 0.2622, 142.50
988, 1528, 24, 38, 0.6556, 43.7434, -43.7314, -1.0244, 0.2622, 200.75
988, 1534, 110, 11, 1.0000, 1.3351, 1.3008, 0.3004, 1.0000, 200.42
988, 1552, 11, 104, 0.6556, 26.7167, -24.4010, -10.8800, 0.2622, 144.50
988, 1554, 86, 79, 0.6556, 46.8228, 35.2869, 30.7768, 0.2622, 195.75
988, 1555, 32, 14, 0.6000, 11.5684, 11.2230, -2.8058, 0.1800, 204.67
988, 1556, 21, 47, 0.6000, 53.6896, -50.5975, 17.9575, 0.1800, 194.33
988, 1543, 145, -8, 0.5111, 30.1853, 29.9465, -3.7894, 0.2556, 195.60
989, 1517, 61, 81, 1.0000, 19.7936, -19.2439, -4.6322, 1.0000, 162.04
989, 1526, 107, 23, 0.6000, 51.8853, 50.1660, -13.2459, 0.1800, 181.67
989, 1528, 3, 23, 0.7111, 27.0884, -23.6404, -13.2254, 0.3556, 204.20
989, 1534, 111, 11, 1.0000, 1.0122, 1.0121, 0.0123, 1.0000, 199.36
989, 1553, 27, 110, 0.6000, 76.0314, 3.4929, 75.9511, 0.1800, 190.33
989, 1555, 47, 8, 0.6556, 14.9933, 13.7100, -6.0692, 0.2622, 199.00
989, 1518, -20, 148, 0.5556, 59.7399, -50.9315, 31.2225, 0.2222, 142.50
989, 1552, -13, 93, 0.5556, 26.7167, -24.4010, -10.8800, 0.2222, 144.50
989, 1554, 121, 110, 0.5556, 46.8228, 35.2869, 30.7768, 0.2222, 195.75
989, 1556, -29, 65, 0.5000, 53.6896, -50.5975, 17.9575, 0.1500, 194.33
990, 1534, 113, 12, 1.0000, 1.8370, 1.6988, 0.6990, 1.0000, 199.13
990, 1555, 61, 4, 0.7111, 14.8502, 14.2575, -4.1536, 0.3556, 201.80
990, 1559, 17, 44, 0.6000, 3.2680, 2.7119, 1.8236, 0.1800, 212.33
990, 1526, 158, 9, 0.5000, 51.8853, 50.1660, -13.2459, 0.1500, 181.67
990, 1528, -20, 10, 0.6111, 27.0884, -23.6404, -13.2254, 0.3056, 204.20
990, 1553, 30, 186, 0.5000, 76.0314, 3.4929, 75.9511, 0.1500, 190.33
991, 1515, 59, 79, 0.6000, 12.4833, 11.5223, -4.8030, 0.1800, 199.33
991, 1534, 114, 12, 1.0000, 1.3217, 1.2896, 0.2896, 1.0000, 199.88
991, 1544, 8, 58, 0.8222, 3.2320, 0.1020, 3.2304, 0.5756, 204.00
991, 1549, 122, 113, 0.6000, 41.4593, 40.4351, -9.1585, 0.1800, 102.00
991, 1551, 62, 1, 0.6556, 9.0339, -8.7215, -2.3550, 0.2622, 170.50
991, 1558, 24, 33, 0.6000, 28.4514, -22.9501, -16.8159, 0.1800, 211.33
991, 1559, 18, 45, 0.7056, 2.0125, 1.5501, 1.2834, 0.2822, 212.00
991, 1555, 75, -1, 0.6111, 14.8502, 14.2575, -4.1536, 0.3056, 201.80
992, 1515, 86, 76, 0.6556, 25.3078, 25.0530, -3.5824, 0.2622, 188.00
992, 1534, 115, 12, 1.0000, 1.0153, 1.0152, 0.0152, 1.0000, 198.31
992, 1544, 18, 64, 0.8778, 11.2314, 9.6891, 5.6803, 0.7022, 202.50
992, 1551, 44, 5, 0.7111, 18.1100, -17.6650, 3.9900, 0.3556, 182.00
992, 1555, 80, 12, 0.7667, 10.6550, 9.0564, 5.6135, 0.4600, 197.33
992, 1549, 162, 104, 0.5000, 41.4593, 40.4351, -9.1585, 0.1500, 102.00
992, 1558, 1, 16, 0.5000, 28.4514, -22.9501, -16.8159, 0.1500, 211.33
992, 1559, 20, 46, 0.6056, 2.0125, 1.5501, 1.2834, 0.2422, 212.00
993, 1534, 117, 13, 1.0000, 1.8233, 1.6883, 0.6883, 1.0000, 197.74
993, 1557, 22, 39, 0.6000, 14.0836, 9.9586, 9.9586, 0.1800, 204.00
993, 1560, 24, 16, 0.6000, 1.6985, -1.6985, 0.0000, 0.1800, 213.33
993, 1565, 78, 122, 0.6000, 63.1366, 54.7417, 31.4574, 0.1800, 160.67
993, 1515, 111, 72, 0.5556, 25.3078, 25.0530, -3.5824, 0.2222, 188.00
993, 1544, 28, 69, 0.7778, 11.2314, 9.6891, 5.6803, 0.6222, 202.50
993, 1559, 21, 48, 0.5056, 2.0125, 1.5501, 1.2834, 0.2022, 212.00
994, 1515, 110, 78, 0.7111, 10.3544, 10.2306, 1.5966, 0.3556, 176.40
994, 1534, 122, 17, 1.0000, 6.2746, 4.9085, 3.9085, 1.0000, 193.86
994, 1544, 22, 89, 0.9333, 13.8159, 0.8313, 13.7909, 0.8400, 200.89
994, 1557, 49, 32, 0.6556, 25.6750, 25.1191, -5.3139, 0.2622, 210.75
994, 1560, 24, 16, 0.7056, 0.5651, -0.5651, 0.0000, 0.2822, 215.75
994, 1565, 132, 154, 0.5000, 63.1366, 54.7417, 31.4574, 0.1500, 160.67
995, 1557, 82, 24, 0.7111, 32.3897, 31.6046, -7.0882, 0.3556, 206.20
995, 1559, 37, 68, 0.7111, 9.0216, 5.6349, 7.0454, 0.3556, 209.80
995, 1560, 27, 16, 0.7611, 3.0700, 3.0700, 0.0000, 0.3806, 213.00
995, 1534, 127, 21, 0.9000, 6.2746, 4.9085, 3.9085, 0.9000, 193.86
996, 1560, 35, 9, 0.7667, 9.5743, 7.3676, -6.1144, 0.4600, 210.08
996, 1562, 23, 41, 0.6000, 5.5520, 5.2877, -1.6926, 0.1800, 209.67
996, 1534, 132, 25, 0.8000, 6.2746, 4.9085, 3.9085, 0.8000, 193.86
997, 1560, 63, 5, 0.8222, 26.4541, 26.0466, -4.6256, 0.5756, 207.79
997, 1562, 25, 41, 0.7056, 2.5400, 2.4693, -0.5948, 0.2822, 209.00
997, 1566, 40, 18, 0.6000, 17.2703, 4.4252, -16.6938, 0.1800, 203.67
997, 1569, 32, 68, 0.6000, 23.3813, -22.4460, 6.5468, 0.1800, 198.33
997, 1534, 137, 29, 0.7000, 6.2746, 4.9085, 3.9085, 0.7000, 193.86
998, 1562, 25, 41, 0.7111, 0.2124, 0.2124, 0.0043, 0.3556, 209.40
998, 1566, 61, 7, 0.6556, 22.7867, 19.6898, -11.4692, 0.2622, 200.75
998, 1569, 27, 78, 0.6556, 11.7296, -7.0411, 9.3812, 0.2622, 194.50
998, 1534, 142, 33, 0.6000, 6.2746, 4.9085, 3.9085, 0.6000, 193.86
999, 1540, 39, 16, 0.6000, 12.2952, -7.6897, -9.5938, 0.1800, 206.33
999, 1541, 60, 91, 0.6000, 28.2474, 8.6454, 26.8919, 0.1800, 187.00
999, 1545, 107, 35, 0.6000, 33.1352, 6.6800, 32.4549, 0.1800, 165.00
999, 1562, 26, 42, 0.8167, 0.9811, 0.4853, 0.8526, 0.4900, 209.17
999, 1563, 58, 33, 0.6000, 33.2718, 13.7961, -30.2767, 0.1800, 206.33
999, 1570, 58, 27, 0.6000, 5.4960, 5.4238, -0.8883, 0.1800, 203.00
999, 1534, 147, 37, 0.5000, 6.2746, 4.9085, 3.9085, 0.5000, 193.86
999, 1566, 81, -4, 0.5556, 22.7867, 19.6898, -11.4692, 0.2222, 200.75
999, 1569, 20, 87, 0.5556, 11.7296, -7.0411, 9.3812, 0.2222, 194.50
1000, 1534, 122, 28, 1.0000, 2.0606, -1.7765, 1.0441, 1.0000, 190.27
1000, 1540, 33, 15, 0.6556, 7.1418, -6.6352, -2.6419, 0.2622, 207.50
1000, 1541, 58, 103, 0.6556, 14.1769, 0.1085, 14.1765, 0.2622, 179.25
1000, 1562, 26, 42, 0.8722, 0.3597, 0.1543, 0.3249, 0.6106, 210.86
1000, 1563, 57, 8, 0.6556, 25.8312, 1.0869, -25.8083, 0.2622, 204.50
1000, 1566, 76, 5, 0.7111, 5.5122, 5.4791, 0.6025, 0.3556, 196.80
1000, 1506, 58, 69, 0.5625, 34.1632, -20.3560, 27.4364, 0.2250, 186.75
1000, 1568, 80, 27, 0.6000, 45.7980, -44.3133, 11.5666, 0.1800, 155.00
1000, 1569, 30, 115, 0.7111, 20.4692, 2.7568, 20.2827, 0.3556, 185.40
1000, 1570, 60, 26, 0.7056, 3.2642, 3.1002, -1.0215, 0.2822, 203.75
1000, 1571, 32, 24, 0.6000, 5.7431, -5.6584, 0.9822, 0.1800, 208.33
1000, 1573, 79, 47, 0.6000, 21.6264, -19.4995, 9.3525, 0.1800, 173.67
1000, 1545, 113, 67, 0.5000, 33.1352, 6.6800, 32.4549, 0.1500, 165.00
1001, 1542, 9, 77, 0.6000, 4.8082, -4.8082, -0.0021, 0.1800, 184.33
1001, 1545, 120, 80, 0.6556, 22.4375, 6.6471, 21.4303, 0.2622, 151.25
1001, 1562, 27, 42, 0.9278, 0.7521, 0.7521, -0.0003, 0.7422, 211.50
1001, 1568, 42, 19, 0.6556, 38.7876, -38.3935, -5.5157, 0.2622, 166.75
1001, 1570, 70, 8, 0.7111, 18.5308, 8.8274, -16.2933, 0.3556, 200.80
1001, 1571, 14, 24, 0.6556, 16.6642, -16.6623, 0.2571, 0.2622, 202.00
1001, 1573, 59, 63, 0.6556, 25.1587, -19.8555, 15.4504, 0.2622, 179.25
1001, 1540, 26, 12, 0.5556, 7.1418, -6.6352, -2.6419, 0.2222, 207.50
1001, 1541, 59, 117, 0.5556, 14.1769, 0.1085, 14.1765, 0.2222, 179.25
1001, 1563, 58, -18, 0.5556, 25.8312, 1.0869, -25.8083, 0.2222, 204.50
1002, 1540, 20, 29, 0.7111, 10.7645, -6.3873, 8.6647, 0.3556, 207.40
1002, 1542, 8, 77, 0.7056, 1.3179, -1.3179, 0.0009, 0.2822, 188.00
1002, 1545, 123, 82, 0.7111, 5.0176, 2.9972, 4.0241, 0.3556, 140.60
1002, 1562, 27, 43, 0.9833, 0.7638, 0.2648, 0.7164, 0.8850, 211.00
1002, 1568, 2, 3, 0.7111, 42.3491, -39.5952, -15.0223, 0.3556, 180.80
1002, 1570, 73, 3, 0.7667, 7.0918, 3.6784, -6.0633, 0.4600, 199.33
1002, 1571, 4, 24, 0.7111, 10.7276, -10.7275, -0.0343, 0.3556, 203.00
1002, 1573, 30, 51, 0.7111, 29.1671, -27.6479, -9.2907, 0.3556, 185.60
1002, 1577, 97, 85, 0.6000, 20.1241, 6.3769, -19.0870, 0.1800, 118.33
1003, 1562, 24, 46, 1.0000, 3.4458, -2.3004, 2.5655, 1.0000, 210.20
1003, 1574, 45, 20, 0.6000, 39.1926, 4.4252, -38.9420, 0.1800, 200.67
1003, 1577, 98, 81, 0.6556, 4.9200, 1.5660, -4.6642, 0.2622, 121.50
1003, 1580, 4, 3, 0.6000, 23.1115, -15.9762, -16.7004, 0.1800, 210.33
1003, 1542, 7, 77, 0.6056, 1.3179, -1.3179, 0.0009, 0.2422, 188.00
1003, 1545, 126, 86, 0.6111, 5.0176, 2.9972, 4.0241, 0.3056, 140.60
1003, 1568, -37, -12, 0.6111, 42.3491, -39.5952, -15.0223, 0.3056, 180.80
1003, 1570, 77, -3, 0.6667, 7.0918, 3.6784, -6.0633, 0.4000, 199.33
1003, 1571, -7, 24, 0.6111, 10.7276, -10.7275, -0.0343, 0.3056, 203.00
1003, 1573, 3, 41, 0.6111, 29.1671, -27.6479, -9.2907, 0.3056, 185.60
1004, 1542, 2, 98, 0.7111, 12.6266, -3.4043, 12.1590, 0.3556, 183.00
1004, 1547, 34, 42, 0.6000, 0.9533, -0.0022, 0.9532, 0.1800, 204.67
1004, 1562, 25, 53, 1.0000, 7.0135, 0.6106, 6.9869, 1.0000, 209.27
1004, 1577, 84, 53, 0.7111, 28.5189, -11.8346, -25.9475, 0.3556, 138.00
1004, 1568, -77, -27, 0.5111, 42.3491, -39.5952, -15.0223, 0.2556, 180.80
1004, 1571, -18, 24, 0.5111, 10.7276, -10.7275, -0.0343, 0.2556, 203.00
1004, 1574, 49, -19, 0.5000, 39.1926, 4.4252, -38.9420, 0.1500, 200.67
1004, 1580, -12, -14, 0.5000, 23.1115, -15.9762, -16.7004, 0.1500, 210.33
1005, 1547, 34, 43, 0.7056, 1.0217, 0.0010, 1.0217, 0.2822, 204.50
1005, 1562, 21, 62, 1.0000, 9.3154, -4.0148, 8.4059, 1.0000, 208.17
1006, 1547, 33, 44, 0.7611, 1.2687, -0.7626, 1.0140, 0.3806, 205.40
1006, 1587, 26, 46, 0.6000, 17.5425, -4.7701, 16.8815, 0.1800, 207.00
1007, 1547, 30, 44, 0.8167, 2.5952, -2.5843, 0.2377, 0.4900, 204.67
1007, 1587, 28, 57, 0.6556, 11.5432, 0.9642, 11.5029, 0.2622, 204.50
1008, 1547, 30, 44, 0.8722, 0.8850, -0.8833, -0.0554, 0.6106, 204.86
1008, 1519, 97, 48, 0.5625, 0.8839, 0.8832, 0.0350, 0.2250, 171.50
1008, 1583, 28, 32, 0.6000, 1.2786, -0.8674, 0.9394, 0.1800, 209.00
1008, 1587, 53, 77, 0.7111, 29.7177, 22.3589, 19.5762, 0.3556, 200.60
1009, 1519, 81, 42, 0.6222, 14.4003, -13.3779, -5.3294, 0.3111, 173.80
1009, 1581, 84, 17, 0.6000, 42.6080, 2.7358, -42.5201, 0.1800, 188.33
1009, 1583, 47, 21, 0.6556, 19.0336, 16.4267, -9.6147, 0.2622, 207.75
1009, 1547, 29, 44, 0.7722, 0.8850, -0.8833, -0.0554, 0.5406, 204.86
1010, 1547, 31, 45, 0.9278, 0.9695, 0.8159, 0.5237, 0.7422, 209.00
1010, 1519, 72, 25, 0.6806, 18.4106, -9.6169, -15.6992, 0.4083, 178.33
1010, 1581, 90, -3, 0.6556, 24.0306, 6.1484, -23.2308, 0.2622, 182.75
1010, 1583, 52, 18, 0.7111, 7.1740, 6.1665, -3.6660, 0.3556, 206.80
1011, 1519, 48, 13, 0.7381, 25.4154, -22.3555, -12.0904, 0.5167, 181.57
1011, 1581, 93, -3, 0.7111, 3.4711, 2.6661, -2.2227, 0.3556, 180.80
1011, 1583, 52, 19, 0.7667, 1.0537, 0.7218, 0.7676, 0.4600, 207.50
1011, 1589, 29, 50, 0.6000, 8.2814, -1.9025, -8.0599, 0.1800, 204.67
1011, 1593, 21, 27, 0.6000, 0.8974, 0.0000, -0.8974, 0.1800, 218.83
1011, 1598, 75, 33, 0.6000, 27.6955, -11.2700, 25.2987, 0.1800, 176.67
1012, 1575, 107, 84, 0.6000, 74.4045, 72.6518, 16.0544, 0.1800, 179.33
1012, 1579, 94, 124, 0.6000, 1.3308, 0.9590, 0.9227, 0.1800, 110.67
1012, 1519, 41, 9, 0.7951, 10.0201, -8.5000, -5.3060, 0.6361, 183.00
1012, 1583, 58, 35, 0.8222, 15.0267, 5.5447, 13.9663, 0.5756, 205.43
1012, 1584, 22, 71, 0.6000, 17.9737, 11.2247, 14.0378, 0.1800, 207.67
1012, 1589, 24, 36, 0.6556, 13.8683, -4.3258, -13.1764, 0.2622, 204.50
1012, 1591, 72, 22, 0.6000, 32.9171, 32.7162, 3.6318, 0.1800, 207.33
1012, 1548, 7, 36, 0.5625, 19.0851, 4.3363, -18.5859, 0.2250, 186.75
1012, 1593, 22, 27, 0.7056, 0.8060, 0.7590, -0.2713, 0.2822, 216.88
1012, 1598, 60, 84, 0.6556, 50.1869, -15.2147, 47.8250, 0.2622, 173.50
1012, 1581, 95, -5, 0.6111, 3.4711, 2.6661, -2.2227, 0.3056, 180.80
1013, 1564, 77, 24, 0.6000, 43.7404, 5.7822, -43.3565, 0.1800, 198.33
1013, 1578, 20, 43, 0.6000, 81.8774, 8.5211, -81.4328, 0.1800, 158.00
1013, 1579, 94, 124, 0.7056, 0.3820, 0.2621, 0.2779, 0.2822, 110.25
1013, 1519, 35, 4, 0.8519, 8.4016, -6.8576, -4.8538, 0.7667, 187.22
1013, 1548, 3, 19, 0.6222, 17.4180, -2.3918, -17.2530, 0.3111, 197.00
1013, 1593, 23, 35, 0.7111, 6.9673, 1.0438, 6.8887, 0.3556, 214.90
1013, 1595, 104, 47, 0.6000, 0.7684, 0.7630, 0.0916, 0.1800, 160.33
1013, 1603, 33, 59, 0.6000, 9.9401, 2.9466, 9.4933, 0.1800, 200.00
1013, 1575, 180, 100, 0.5000, 74.4045, 72.6518, 16.0544, 0.1500, 179.33
1013, 1583, 64, 48, 0.7222, 15.0267, 5.5447, 13.9663, 0.5056, 205.43
1013, 1584, 34, 85, 0.5000, 17.9737, 11.2247, 14.0378, 0.1500, 207.67
1013, 1589, 20, 23, 0.5556, 13.8683, -4.3258, -13.1764, 0.2222, 204.50
1013, 1591, 104, 25, 0.5000, 32.9171, 32.7162, 3.6318, 0.1500, 207.33
1013, 1598, 44, 132, 0.5556, 50.1869, -15.2147, 47.8250, 0.2222, 173.50
1014, 1564, 84, 4, 0.6556, 24.1336, 6.8564, -23.1391, 0.2622, 193.50
1014, 1579, 102, 110, 0.7111, 14.0106, 6.8397, -12.2276, 0.3556, 108.60
1014, 1584, 51, 76, 0.6556, 14.6329, 14.6007, 0.9694, 0.2622, 203.75
1014, 1589, 22, 25, 0.7111, 4.1737, -0.8830, -4.0792, 0.3556, 208.00
1014, 1593, 5, 65, 0.7667, 32.0351, -15.7629, 27.8887, 0.4600, 209.42
1014, 1594, 37, 50, 0.6000, 62.7166, -62.4833, 5.4044, 0.1800, 177.67
1014, 1595, 106, 47, 0.7056, 1.8463, 1.8460, -0.0311, 0.2822, 157.00
1014, 1603, 34, 61, 0.6556, 3.6901, 1.5262, 3.3597, 0.2622, 199.75
1014, 1578, 28, -38, 0.5000, 81.8774, 8.5211, -81.4328, 0.1500, 158.00
1014, 1548, 1, 2, 0.5222, 17.4180, -2.3918, -17.2530, 0.2611, 197.00
1015, 1564, 84, -3, 0.7111, 8.2767, 0.9982, -8.2162, 0.3556, 189.80
1015, 1584, 67, 74, 0.7111, 16.0103, 15.8779, -2.0542, 0.3556, 198.80
1015, 1548, 7, 4, 0.6806, 6.2582, 2.3648, -5.7943, 0.4083, 202.33
1015, 1595, 107, 47, 0.7611, 1.3447, 1.3445, -0.0237, 0.3806, 158.60
1015, 1603, 35, 61, 0.7111, 1.2035, 0.9382, 0.7538, 0.3556, 199.00
1015, 1579, 109, 98, 0.6111, 14.0106, 6.8397, -12.2276, 0.3056, 108.60
1015, 1594, -25, 55, 0.5000, 62.7166, -62.4833, 5.4044, 0.1500, 177.67
1016, 1595, 109, 46, 0.8167, 1.9319, 1.7724, -0.7688, 0.4900, 156.67
1016, 1603, 36, 61, 0.7667, 0.9222, 0.8998, -0.2020, 0.4600, 198.17
1016, 1564, 85, -11, 0.6111, 8.2767, 0.9982, -8.2162, 0.3056, 189.80
1017, 1595, 110, 46, 0.8722, 1.2780, 1.2447, -0.2900, 0.6106, 155.86
1017, 1603, 37, 62, 0.8222, 1.1294, 0.9707, 0.5771, 0.5756, 200.86
1017, 1607, 98, 3, 0.6000, 24.5102, 16.8815, -17.7698, 0.1800, 188.67
1018, 1595, 111, 45, 0.9278, 1.2420, 0.9820, -0.7603, 0.7422, 154.12
1018, 1599, 20, 85, 0.6000, 66.3331, 14.5840, 64.7101, 0.1800, 204.00
1018, 1600, 84, 21, 0.6000, 8.2099, 0.0432, -8.2098, 0.1800, 188.33
1018, 1603, 52, 73, 0.8778, 16.6910, 13.2263, 10.1810, 0.7022, 198.00
1018, 1604, 90, 15, 0.6000, 8.5603, 2.8367, 8.0767, 0.1800, 167.67
1018, 1605, 36, 1, 0.6000, 15.3191, -9.8715, -11.7144, 0.1800, 211.83
1018, 1607, 115, -15, 0.5000, 24.5102, 16.8815, -17.7698, 0.1500, 188.67
1019, 1600, 85, 19, 0.6556, 2.5985, 0.7430, -2.4900, 0.2622, 186.75
1019, 1605, 11, 4, 0.6556, 22.7419, -22.7182, 1.0377, 0.2622, 213.12
1019, 1606, 40, 4, 0.6556, 20.9529, -14.4431, -15.1796, 0.2622, 207.25
1019, 1609, 23, 25, 0.6000, 8.4334, 8.3703, -1.0291, 0.1800, 203.33
1019, 1595, 112, 44, 0.8278, 1.2420, 0.9820, -0.7603, 0.6622, 154.12
1019, 1599, 34, 149, 0.5000, 66.3331, 14.5840, 64.7101, 0.1500, 204.00
1019, 1604, 93, 23, 0.5000, 8.5603, 2.8367, 8.0767, 0.1500, 167.67
1020, 1588, 30, 52, 0.6000, 18.1441, -13.2842, 12.3588, 0.1800, 200.00
1020, 1600, 86, 19, 0.7111, 1.0435, 1.0310, 0.1612, 0.3556, 185.80
1020, 1602, 72, 39, 0.6000, 7.5715, -7.3455, -1.8364, 0.1800, 196.33
1020, 1604, 80, 41, 0.6556, 14.5823, -6.1365, 13.2283, 0.2622, 172.00
1020, 1605, 6, 6, 0.7111, 7.3443, -7.0836, 1.9395, 0.3556, 214.10
1020, 1606, 36, -1, 0.7111, 7.2456, -4.5865, -5.6091, 0.3556, 212.20
1020, 1607, 103, 1, 0.6556, 3.9068, -1.9938, 3.3598, 0.2622, 185.50
1020, 1609, 28, 14, 0.6556, 11.7874, 6.1360, -10.0644, 0.2622, 205.25
1020, 1595, 113, 44, 0.7278, 1.2420, 0.9820, -0.7603, 0.5822, 154.12
1021, 1595, 116, 43, 0.9833, 1.9267, 1.8018, -0.6824, 0.8850, 151.22
1021, 1600, 88, 19, 0.7667, 1.8452, 1.8136, -0.3398, 0.4600, 187.00
1021, 1602, 50, 24, 0.6556, 23.8332, -19.6688, -13.4595, 0.2622, 197.00
1021, 1604, 78, 43, 0.7111, 3.6124, -1.8053, 3.1289, 0.3556, 174.60
1021, 1605, 8, 6, 0.7667, 0.8461, 0.6080, 0.5885, 0.4600, 215.25
1021, 1607, 103, 2, 0.7111, 1.2460, -0.1075, 1.2413, 0.3556, 180.60
1021, 1588, 16, 65, 0.5000, 18.1441, -13.2842, 12.3588, 0.1500, 200.00
1021, 1606, 32, -6, 0.6111, 7.2456, -4.5865, -5.6091, 0.3056, 212.20
1021, 1609, 35, 3, 0.5556, 11.7874, 6.1360, -10.0644, 0.2222, 205.25
1022, 1595, 116, 43, 1.0000, 0.4053, 0.3829, -0.1327, 1.0000, 149.90
1022, 1600, 89, 19, 0.8222, 1.3150, 1.3061, -0.1532, 0.5756, 188.29
1022, 1546, 18, 35, 0.5625, 83.0415, -18.6254, -80.9258, 0.2250, 162.50
1022, 1602, 17, 14, 0.7111, 33.0218, -31.4541, -10.0536, 0.3556, 199.00
1022, 1604, 79, 42, 0.7667, 0.7140, 0.1878, -0.6889, 0.4600, 176.33
1022, 1606, 11, 6, 0.7667, 14.7947, -13.9541, 4.9159, 0.4600, 217.83
1022, 1609, 38, 1, 0.7111, 7.5050, 4.6682, -5.8765, 0.3556, 208.70
1022, 1561, 93, 8, 0.5625, 2.8058, 2.8058, 0.0000, 0.2250, 171.25
1022, 1610, 60, 23, 0.6000, 2.0713, 0.9822, 1.8236, 0.1800, 198.50
1023, 1595, 117, 42, 1.0000, 0.9763, 0.6653, -0.7145, 1.0000, 148.91
1023, 1596, 75, 67, 0.6000, 49.2379, -45.4549, 18.9266, 0.1800, 139.00
1023, 1600, 91, 19, 0.8778, 1.7622, 1.7621, -0.0089, 0.7022, 189.38
1023, 1561, 94, 8, 0.6722, 1.5406, 1.5406, 0.0000, 0.3361, 170.20
1023, 1610, 61, 24, 0.7056, 1.6344, 1.0119, 1.2834, 0.2822, 197.62
1023, 1602, -14, 4, 0.6111, 33.0218, -31.4541, -10.0536, 0.3056, 199.00
1023, 1609, 43, -5, 0.6111, 7.5050, 4.6682, -5.8765, 0.3056, 208.70
1024, 1588, 11, 64, 0.6556, 2.3456, -2.3227, 0.3267, 0.2622, 198.50
1024, 1595, 120, 41, 1.0000, 2.6383, 2.4380, -1.0082, 1.0000, 147.38
1024, 1596, 33, 89, 0.6556, 48.3949, -43.1054, 21.9998, 0.2622, 149.75
1024, 1600, 92, 19, 0.9333, 1.2466, 1.2465, 0.0189, 0.8400, 188.11
1024, 1609, 41, 1, 0.7667, 1.7648, 1.0796, 1.3961, 0.4600, 209.75
1024, 1610, 61, 24, 0.7611, 0.3366, 0.2432, 0.2327, 0.3806, 198.70
1024, 1617, 56, 28, 0.6000, 31.1314, -26.1871, 16.8345, 0.1800, 186.00
1024, 1561, 96, 8, 0.5722, 1.5406, 1.5406, 0.0000, 0.2861, 170.20
1025, 1595, 120, 40, 1.0000, 1.3817, 0.9023, -1.0463, 1.0000, 146.96
1025, 1596, 17, 121, 0.7111, 35.8202, -18.3001, 30.7927, 0.3556, 153.20
1025, 1600, 93, 18, 0.9889, 1.2397, 0.9829, -0.7554, 0.9889, 187.50
1025, 1609, 41, 2, 0.8222, 0.7013, 0.0391, 0.7002, 0.5756, 210.64
1025, 1561, 79, 10, 0.6806, 9.1922, -9.1255, 1.1054, 0.4083, 171.17
1025, 1610, 62, 25, 0.8167, 0.9734, 0.7097, 0.6662, 0.4900, 197.58
1025, 1617, 20, 45, 0.6556, 39.0545, -35.2606, 16.7911, 0.2622, 189.50
1025, 1621, 11, 10, 0.6000, 34.3632, -7.5290, -33.5283, 0.1800, 214.17
1025, 1622, 31, 66, 0.6000, 12.1942, -6.5468, 10.2878, 0.1800, 201.00
1025, 1623, 44, 65, 0.6000, 1.3243, 0.9822, -0.8883, 0.1800, 213.83
1025, 1624, 62, 106, 0.6000, 0.9822, 0.0000, 0.9822, 0.1800, 196.17
1025, 1588, 8, 65, 0.5556, 2.3456, -2.3227, 0.3267, 0.2222, 198.50
1026, 1595, 123, 38, 1.0000, 2.8214, 2.2107, -1.7531, 1.0000, 145.89
1026, 1600, 95, 18, 1.0000, 1.7459, 1.7215, -0.2913, 1.0000, 188.55
1026, 1610, 63, 25, 0.8722, 1.0225, 0.9980, 0.2225, 0.6106, 199.79
1026, 1621, 10, 4, 0.6556, 9.6724, -2.0907, -9.4438, 0.2622, 216.88
1026, 1623, 54, 83, 0.6556, 17.7796, 8.5597, 15.5835, 0.2622, 204.12
1026, 1624, 62, 107, 0.7056, 1.0119, 0.0000, 1.0119, 0.2822, 196.88
1026, 1596, -1, 152, 0.6111, 35.8202, -18.3001, 30.7927, 0.3056, 153.20
1026, 1617, -16, 62, 0.5556, 39.0545, -35.2606, 16.7911, 0.2222, 189.50
1026, 1622, 25, 76, 0.5000, 12.1942, -6.5468, 10.2878, 0.1500, 201.00
1027, 1592, 20, 14, 0.6000, 16.2579, -7.6522, 14.3445, 0.1800, 211.00
1027, 1595, 122, 39, 1.0000, 0.1639, 0.0650, 0.1505, 1.0000, 144.50
1027, 1600, 100, 17, 1.0000, 5.1548, 5.0977, -0.7650, 1.0000, 186.75
1027, 1610, 66, 41, 0.8778, 14.5785, 2.5534, 14.3532, 0.7022, 200.19
1027, 1617, 2, 59, 0.7111, 7.2886, -4.8828, 5.4113, 0.3556, 190.80
1027, 1621, 11, 6, 0.7111, 0.9501, 0.2187, 0.9246, 0.3556, 216.90
1027, 1622, 33, 72, 0.6556, 2.9111, 1.9784, 2.1354, 0.2622, 206.75
1027, 1623, 73, 85, 0.7111, 18.6304, 18.2883, 3.5540, 0.3556, 198.10
1027, 1624, 61, 109, 0.7611, 1.9279, -0.7635, 1.7703, 0.3806, 198.70
1027, 1572, 17, 47, 0.5625, 1.0313, -0.7529, 0.7047, 0.2250, 193.25
1028, 1592, 22, 47, 0.6556, 30.4067, 0.1457, 30.4064, 0.2622, 206.50
1028, 1595, 116, 48, 1.0000, 9.9265, -5.4007, 8.3287, 1.0000, 143.34
1028, 1600, 120, 35, 1.0000, 24.3261, 18.5025, 15.7929, 1.0000, 183.54
1028, 1610, 65, 49, 0.9333, 8.6417, -0.6565, 8.6167, 0.8400, 201.72
1028, 1622, 32, 71, 0.7111, 0.6899, -0.6895, 0.0243, 0.3556, 211.40
1028, 1624, 61, 110, 0.8167, 1.3243, -0.2911, 1.2919, 0.4900, 196.42
1028, 1572, 16, 47, 0.6722, 1.1099, -1.0640, 0.3162, 0.3361, 196.20
1029, 1431, 41, 54, 0.5250, 72.2814, 35.7531, -62.8197, 0.3150, 159.17
1029, 1592, 25, 81, 0.7111, 33.0333, 2.5678, 32.9334, 0.3556, 202.60
1029, 1624, 61, 111, 0.8722, 1.0007, -0.0014, 1.0007, 0.6106, 198.79
1029, 1572, 16, 48, 0.7306, 0.8394, -0.2931, 0.7865, 0.4383, 198.17
1029, 1595, 111, 57, 0.9000, 9.9265, -5.4007, 8.3287, 0.9000, 143.34
1030, 1592, 22, 93, 0.7667, 15.1520, -2.1000, 15.0058, 0.4600, 200.33
1030, 1621, 13, 9, 0.8778, 1.0434, 0.7594, 0.7155, 0.7022, 219.44
1030, 1624, 61, 112, 0.9278, 0.9587, 0.0418, 0.9578, 0.7422, 198.56
1030, 1572, 15, 49, 0.7881, 1.2477, -0.7211, 1.0182, 0.5517, 201.29
1031, 1431, 63, 11, 0.5841, 18.6652, 8.1474, -16.7931, 0.4089, 164.86
1031, 1590, 63, 24, 0.6556, 23.4966, 15.8456, 17.3496, 0.2622, 208.12
1031, 1620, 77, 39, 0.6000, 36.7012, 24.5574, 27.2748, 0.1800, 206.33
1031, 1621, 14, 9, 0.9333, 1.0177, 1.0023, 0.1767, 0.8400, 219.61
1031, 1624, 60, 114, 0.9833, 1.8843, -0.7350, 1.7350, 0.8850, 195.72
1031, 1572, 14, 50, 0.8451, 1.4389, -0.9965, 1.0380, 0.6761, 202.12
1032, 1431, 80, 9, 0.6424, 16.2338, 15.9990, -2.7511, 0.5139, 165.50
1032, 1590, 79, 41, 0.7111, 23.1716, 15.7158, 17.0276, 0.3556, 202.90
1032, 1618, 66, 28, 0.6000, 11.1470, 8.3036, 7.4367, 0.1800, 195.67
1032, 1619, 9, 25, 0.6000, 8.6946, -4.6142, -7.3692, 0.1800, 206.00
1032, 1621, 19, 4, 0.9889, 7.0215, 5.0584, -4.8698, 0.9889, 219.15
1032, 1624, 60, 115, 1.0000, 1.3349, -0.3006, 1.3006, 1.0000, 195.65
1032, 1572, 25, 67, 0.8519, 18.1991, 9.6052, 15.4579, 0.7667, 204.89
1032, 1530, 43, 53, 0.5400, 0.0469, 0.0469, 0.0000, 0.2700, 219.60
1032, 1620, 101, 66, 0.5000, 36.7012, 24.5574, 27.2748, 0.1500, 206.33
1033, 1567, 52, 72, 0.5625, 48.8819, 1.8675, -48.8462, 0.2250, 164.00
1033, 1613, 44, 61, 0.6000, 35.9798, 12.2041, -33.8468, 0.1800, 187.00
1033, 1618, 69, 30, 0.6556, 3.8962, 3.2322, 2.1756, 0.2622, 195.25
1033, 1619, 14, 10, 0.6556, 13.9502, 3.1781, -13.5833, 0.2622, 207.75
1033, 1624, 60, 116, 1.0000, 1.0123, -0.0122, 1.0123, 1.0000, 193.77
1033, 1625, 65, 39, 0.6000, 19.1878, -12.6648, -14.4145, 0.1800, 197.33
1033, 1530, 44, 54, 0.6500, 1.0640, 0.7500, 0.7548, 0.3900, 217.50
1033, 1431, 96, 7, 0.5424, 16.2338, 15.9990, -2.7511, 0.4339, 165.50
1033, 1590, 95, 58, 0.6111, 23.1716, 15.7158, 17.0276, 0.3056, 202.90
1034, 1567, 77, 14, 0.6222, 60.7593, 22.5000, -56.4397, 0.3111, 165.20
1034, 1613, 46, 51, 0.6556, 13.7738, 2.7571, -13.4950, 0.2622, 191.75
1034, 1619, 15, 8, 0.7111, 3.7174, 1.7713, -3.2682, 0.3556, 211.00
1034, 1624, 60, 117, 1.0000, 0.9606, 0.0403, 0.9597, 1.0000, 191.58
1034, 1625, 42, 15, 0.6556, 31.7395, -22.1519, -22.7308, 0.2622, 198.25
1034, 1530, 27, 68, 0.6587, 19.5227, -15.0012, 12.4940, 0.4611, 218.57
1034, 1627, 8, 26, 0.6000, 43.5169, -38.3453, 20.5755, 0.1800, 213.67
1034, 1590, 110, 75, 0.5111, 23.1716, 15.7158, 17.0276, 0.2556, 202.90
1034, 1618, 72, 32, 0.5556, 3.8962, 3.2322, 2.1756, 0.2222, 195.25
1035, 1613, 45, 52, 0.7111, 0.7972, -0.5742, -0.5530, 0.3556, 194.90
1035, 1618, 68, 33, 0.7111, 1.6951, -0.8198, 1.4837, 0.3556, 196.80
1035, 1619, 16, 9, 0.7667, 1.2215, 0.9767, 0.7336, 0.4600, 213.67
1035, 1624, 59, 119, 1.0000, 1.8598, -0.7163, 1.7163, 1.0000, 190.50
1035, 1625, 20, 2, 0.7111, 26.3609, -21.7611, -14.8779, 0.3556, 201.40
1035, 1530, 21, 71, 0.7167, 8.7057, -7.3575, 4.6536, 0.5733, 218.38
1035, 1567, 100, -42, 0.5222, 60.7593, 22.5000, -56.4397, 0.2611, 165.20
1035, 1627, -31, 47, 0.5000, 43.5169, -38.3453, 20.5755, 0.1500, 213.67
1036, 1608, 50, 7, 0.6000, 0.9589, -0.0134, 0.9588, 0.1800, 208.83
1036, 1618, 89, 31, 0.7667, 19.2726, 19.1616, -2.0657, 0.4600, 193.17
1036, 1624, 59, 120, 1.0000, 1.3448, -0.3089, 1.3089, 1.0000, 190.96
1036, 1585, 55, 72, 0.5625, 1.9156, 0.9396, 1.6693, 0.2250, 196.00
1037, 1608, 31, 18, 0.6556, 19.4220, -16.6025, 10.0783, 0.2622, 208.38
1037, 1624, 59, 121, 1.0000, 1.0216, -0.0214, 1.0214, 1.0000, 191.77
1037, 1585, 79, 90, 0.6222, 26.1611, 20.8250, 15.8342, 0.3111, 187.20
1037, 1630, 71, 41, 0.6000, 10.2882, 0.0939, 10.2878, 0.1800, 204.33
1038, 1608, 26, 21, 0.7111, 7.0397, -6.0715, 3.5629, 0.3556, 209.90
1038, 1613, 46, 56, 0.8778, 0.4196, 0.3098, 0.2829, 0.7022, 203.56
1038, 1624, 59, 122, 1.0000, 0.9619, 0.0389, 0.9611, 1.0000, 191.38
1038, 1585, 85, 94, 0.6806, 9.4340, 7.5702, 5.6296, 0.4083, 181.33
1038, 1630, 74, 60, 0.6556, 18.1175, 2.2548, 17.9767, 0.2622, 203.50
1038, 1631, 34, 63, 0.6000, 25.2065, 24.1336, 7.2756, 0.1800, 207.33
1039, 1613, 47, 56, 0.9333, 0.7878, 0.7715, -0.1595, 0.8400, 207.83
1039, 1624, 59, 125, 1.0000, 2.4163, 0.0205, 2.4162, 1.0000, 189.06
1039, 1626, 85, 33, 0.6000, 67.6800, 65.1444, 18.3520, 0.1800, 197.33
1039, 1628, 112, 10, 0.6000, 1.0420, 1.0420, 0.0000, 0.1800, 149.67
1039, 1631, 50, 62, 0.6556, 17.2157, 17.2152, -0.1287, 0.2622, 208.00
1039, 1634, 50, 9, 0.6000, 53.5804, 47.7448, -24.3165, 0.1800, 210.33
1039, 1608, 20, 25, 0.6111, 7.0397, -6.0715, 3.5629, 0.3056, 209.90
1039, 1585, 92, 100, 0.5806, 9.4340, 7.5702, 5.6296, 0.3483, 181.33
1039, 1630, 76, 78, 0.5556, 18.1175, 2.2548, 17.9767, 0.2222, 203.50
1040, 1616, 117, 56, 0.6000, 51.8783, -5.7415, 51.5596, 0.1800, 125.33
1040, 1624, 58, 125, 1.0000, 1.1642, -0.7113, 0.9216, 1.0000, 190.44
1040, 1628, 122, 5, 0.6556, 9.7435, 8.6061, -4.5685, 0.2622, 147.62
1040, 1630, 85, 68, 0.7111, 6.4184, 6.0471, 2.1514, 0.3556, 198.80
1040, 1631, 79, 55, 0.7111, 28.3048, 27.5816, -6.3571, 0.3556, 208.00
1040, 1586, 60, 111, 0.5625, 49.4181, -24.3165, 43.0216, 0.2250, 169.25
1040, 1639, 74, 27, 0.6000, 3.8224, 0.9822, -3.6941, 0.1800, 198.33
1040, 1640, 19, 56, 0.6000, 28.8220, -16.7876, 23.4282, 0.1800, 202.00
1040, 1626, 150, 51, 0.5000, 67.6800, 65.1444, 18.3520, 0.1500, 197.33
1040, 1634, 98, -15, 0.5000, 53.5804, 47.7448, -24.3165, 0.1500, 210.33
1041, 1624, 58, 125, 1.0000, 0.3246, -0.3234, 0.0278, 1.0000, 188.82
1041, 1628, 126, 4, 0.7111, 4.6664, 4.5731, -0.9281, 0.3556, 144.10
1041, 1634, 118, 11, 0.6556, 32.7109, 32.4614, 4.0321, 0.2622, 197.50
1041, 1639, 73, 3, 0.6556, 21.4371, -0.4976, -21.4314, 0.2622, 193.75
1041, 1640, 5, 62, 0.6556, 15.9578, -13.7768, 8.0530, 0.2622, 200.50
1041, 1641, 33, 11, 0.6000, 37.8046, -32.2103, -19.7911, 0.1800, 200.67
1041, 1616, 112, 107, 0.5000, 51.8783, -5.7415, 51.5596, 0.1500, 125.33
1042, 1640, 3, 61, 0.7111, 3.6846, -3.6265, 0.6519, 0.3556, 199.20
1042, 1641, 10, 7, 0.6556, 24.0216, -23.4522, -5.1992, 0.2622, 204.00
1042, 1624, 58, 125, 0.9000, 0.3246, -0.3234, 0.0278, 0.9000, 188.82
1042, 1628, 130, 3, 0.6111, 4.6664, 4.5731, -0.9281, 0.3056, 144.10
1042, 1634, 151, 15, 0.5556, 32.7109, 32.4614, 4.0321, 0.2222, 197.50
1042, 1639, 73, -18, 0.5556, 21.4371, -0.4976, -21.4314, 0.2222, 193.75
1043, 1576, 55, 86, 0.5625, 0.0000, 0.0000, 0.0000, 0.2250, 175.50
1043, 1640, 3, 61, 0.7667, 0.2128, -0.1403, -0.1601, 0.4600, 198.67
1043, 1624, 57, 125, 0.8000, 0.3246, -0.3234, 0.0278, 0.8000, 188.82
1043, 1628, 135, 2, 0.5111, 4.6664, 4.5731, -0.9281, 0.2556, 144.10
1043, 1641, -13, 2, 0.5556, 24.0216, -23.4522, -5.1992, 0.2222, 204.00
1044, 1611, 66, 56, 0.6000, 25.0997, 0.0057, -25.0997, 0.1800, 185.00
1044, 1615, 69, 9, 0.6000, 40.4423, 39.5017, -8.6713, 0.1800, 200.33
1044, 1576, 55, 86, 0.6722, 0.0000, 0.0000, 0.0000, 0.3361, 173.80
1044, 1635, 27, 20, 0.6000, 27.7186, 22.4784, -16.2185, 0.1800, 212.67
1044, 1642, 98, 51, 0.7056, 0.0519, -0.0519, 0.0000, 0.2822, 170.50
1044, 1645, 41, 50, 0.6000, 32.0901, 11.0822, -30.1158, 0.1800, 199.00
1044, 1624, 57, 125, 0.7000, 0.3246, -0.3234, 0.0278, 0.7000, 188.82
1045, 1611, 77, 32, 0.6556, 26.0732, 9.8021, -24.1605, 0.2622, 187.00
1045, 1576, 55, 67, 0.6806, 16.7879, 0.0000, -16.7879, 0.4083, 177.33
1045, 1635, 32, 16, 0.6556, 8.6215, 7.0028, -5.0290, 0.2622, 213.50
1045, 1642, 98, 51, 0.7611, 0.0395, -0.0395, 0.0000, 0.3806, 169.40
1045, 1645, 24, 14, 0.6556, 37.9938, -13.4475, -35.5344, 0.2622, 203.50
1045, 1648, 85, 44, 0.6000, 36.9009, 21.6516, -29.8811, 0.1800, 194.17
1045, 1615, 108, 1, 0.5000, 40.4423, 39.5017, -8.6713, 0.1500, 200.33
1046, 1611, 60, 4, 0.7111, 31.4059, -14.7372, -27.7335, 0.3556, 189.80
1046, 1576, 55, 54, 0.7381, 13.2818, 0.0000, -13.2818, 0.5167, 183.00
1046, 1631, 125, 10, 0.9333, 2.1729, 2.0073, 0.8319, 0.8400, 184.28
1046, 1635, 37, 15, 0.7111, 5.8564, 5.7230, -1.2428, 0.3556, 212.50
1046, 1642, 87, 46, 0.7667, 10.9495, -9.9430, -4.5856, 0.4600, 172.67
1046, 1646, 55, 84, 0.6000, 27.9161, -0.0963, 27.9159, 0.1800, 192.67
1046, 1647, 64, 75, 0.6556, 18.1706, 12.0716, 13.5811, 0.2622, 205.75
1046, 1645, 11, -22, 0.5556, 37.9938, -13.4475, -35.5344, 0.2222, 203.50
1046, 1648, 107, 15, 0.5000, 36.9009, 21.6516, -29.8811, 0.1500, 194.17
1047, 1642, 83, 45, 0.8222, 4.6596, -4.5539, -0.9866, 0.5756, 177.57
1047, 1648, 78, 12, 0.6556, 16.0058, -6.6238, -14.5709, 0.2622, 190.12
1047, 1649, 30, 51, 0.6000, 57.9524, -44.7739, 36.7936, 0.1800, 188.33
1047, 1611, 45, -24, 0.6111, 31.4059, -14.7372, -27.7335, 0.3056, 189.80
1047, 1646, 55, 112, 0.5000, 27.9161, -0.0963, 27.9159, 0.1500, 192.67
1047, 1647, 76, 88, 0.5556, 18.1706, 12.0716, 13.5811, 0.2222, 205.75
1048, 1642, 69, 44, 0.8778, 13.3332, -13.2758, -1.2358, 0.7022, 181.62
1048, 1646, 57, 101, 0.6556, 5.9811, 1.1254, 5.8742, 0.2622, 183.75
1048, 1647, 100, 69, 0.7111, 19.8841, 19.2133, -5.1211, 0.3556, 193.00
1048, 1648, 77, 11, 0.7111, 2.6884, -1.3634, -2.3170, 0.3556, 189.30
1048, 1649, 9, 98, 0.6556, 51.6689, -23.4560, 46.0379, 0.2622, 182.50
1049, 1629, 41, 19, 0.6000, 26.4698, -26.4014, 1.9025, 0.1800, 195.00
1049, 1642, 50, 35, 0.9333, 19.8284, -18.1573, -7.9674, 0.8400, 183.22
1049, 1646, 58, 106, 0.5556, 5.9811, 1.1254, 5.8742, 0.2222, 183.75
1049, 1647, 120, 64, 0.6111, 19.8841, 19.2133, -5.1211, 0.3056, 193.00
1049, 1649, -14, 144, 0.5556, 51.6689, -23.4560, 46.0379, 0.2222, 182.50
1050, 1629, 10, 38, 0.6556, 35.0724, -30.9908, 16.4207, 0.2622, 196.00
1050, 1636, 60, 6, 0.6000, 1.3232, 0.9147, 0.9561, 0.1800, 211.33
1050, 1642, 46, 33, 0.9889, 5.7604, -4.9985, -2.8630, 0.9889, 185.60
1051, 1636, 60, 7, 0.7056, 1.0576, 0.2800, 1.0198, 0.2822, 214.25
1051, 1629, -21, 54, 0.5556, 35.0724, -30.9908, 16.4207, 0.2222, 196.00
1051, 1642, 41, 30, 0.8889, 5.7604, -4.9985, -2.8630, 0.8889, 185.60
1052, 1582, 86, 37, 0.5625, 47.2318, 3.8546, -47.0743, 0.2250, 173.00
1052, 1636, 61, 8, 0.7611, 1.2585, 0.7468, 1.0130, 0.3806, 212.00
1052, 1642, 50, 34, 1.0000, 3.1373, 3.0225, 0.8411, 1.0000, 186.64
1052, 1651, 67, 39, 0.6000, 44.4649, 44.2371, -4.4952, 0.1800, 212.67
1052, 1612, 21, 90, 0.5625, 0.0000, 0.0000, 0.0000, 0.2250, 187.25
1052, 1658, 70, 24, 0.6000, 15.1931, -10.2408, 11.2230, 0.1800, 187.00
1053, 1636, 61, 9, 0.8167, 1.0313, 0.2440, 1.0021, 0.4900, 215.00
1053, 1612, 19, 88, 0.6722, 2.1348, -1.5095, -1.5095, 0.3361, 185.60
1053, 1662, 6, 50, 0.6000, 69.7806, -63.6195, -28.6688, 0.1800, 186.67
1053, 1663, 4, 82, 0.6000, 3.1689, 1.7466, 2.6440, 0.1800, 183.33
1053, 1666, 55, 63, 0.6000, 1.3226, 0.9353, 0.9353, 0.1800, 211.33
1053, 1642, 53, 35, 0.9000, 3.1373, 3.0225, 0.8411, 0.9000, 186.64
1053, 1651, 111, 35, 0.5000, 44.4649, 44.2371, -4.4952, 0.1500, 212.67
1053, 1658, 60, 36, 0.5000, 15.1931, -10.2408, 11.2230, 0.1500, 187.00
1054, 1582, 80, 10, 0.6222, 9.8402, -3.4509, -9.2152, 0.3111, 173.20
1054, 1636, 52, 10, 0.8222, 8.4370, -8.3776, 0.9989, 0.5756, 212.71
1054, 1655, 17, 45, 0.6000, 51.6756, -49.1124, -16.0731, 0.1800, 199.33
1054, 1657, 32, 16, 0.7056, 0.7496, 0.7495, 0.0119, 0.2822, 215.25
1054, 1658, 46, 18, 0.6556, 13.3533, -12.4082, -4.9341, 0.2622, 194.00
1054, 1663, 19, 89, 0.6556, 15.1211, 13.4566, 6.8971, 0.2622, 184.75
1054, 1666, 75, 58, 0.6556, 18.1309, 17.6217, -4.2667, 0.2622, 214.25
1054, 1612, 18, 87, 0.5722, 2.1348, -1.5095, -1.5095, 0.2861, 185.60
1054, 1662, -57, 22, 0.5000, 69.7806, -63.6195, -28.6688, 0.1500, 186.67
1055, 1582, 64, 10, 0.6806, 15.3381, -15.2593, -1.5524, 0.4083, 182.67
1055, 1657, 32, 14, 0.7611, 1.5407, 0.2722, -1.5164, 0.3806, 214.60
1055, 1612, 8, 60, 0.6806, 17.1220, -6.0638, -16.0123, 0.4083, 185.83
1055, 1658, 26, 16, 0.7111, 19.4571, -19.2677, -2.7082, 0.3556, 199.20
1055, 1663, 23, 91, 0.7111, 5.2250, 4.7404, 2.1974, 0.3556, 185.40
1055, 1614, 76, 85, 0.5625, 36.5005, -9.0301, -35.3658, 0.2250, 128.00
1055, 1636, 43, 11, 0.7222, 8.4370, -8.3776, 0.9989, 0.5056, 212.71
1055, 1655, -32, 29, 0.5000, 51.6756, -49.1124, -16.0731, 0.1500, 199.33
1055, 1666, 93, 54, 0.5556, 18.1309, 17.6217, -4.2667, 0.2222, 214.25
1056, 1636, 35, 3, 0.8778, 9.2188, -8.3244, -3.9612, 0.7022, 212.75
1056, 1657, 32, 15, 0.8167, 0.1842, -0.0054, 0.1841, 0.4900, 215.83
1056, 1663, 22, 90, 0.7667, 0.2259, -0.1524, -0.1667, 0.4600, 186.00
1056, 1614, 65, 65, 0.6222, 23.4220, -10.3372, -21.0174, 0.3111, 139.60
1056, 1666, 90, 37, 0.7111, 12.5250, 5.8062, -11.0979, 0.3556, 211.20
1057, 1637, 108, 39, 0.6000, 38.9602, 35.3990, 16.2730, 0.1800, 180.67
1057, 1657, 27, 16, 0.8722, 4.7218, -4.6034, 1.0510, 0.6106, 216.71
1057, 1614, 64, 65, 0.6806, 2.9619, -1.8604, -2.3048, 0.4083, 147.83
1057, 1663, 22, 90, 0.6667, 0.2259, -0.1524, -0.1667, 0.4000, 186.00
1058, 1637, 127, 49, 0.6556, 22.9376, 20.3724, 10.5402, 0.2622, 163.50
1058, 1657, 25, 17, 0.9278, 2.1122, -1.7788, 1.1389, 0.7422, 219.50
1058, 1663, 32, 103, 0.8222, 9.3542, 5.5809, 7.5071, 0.5756, 183.29
1059, 1657, 27, 17, 0.9833, 0.8010, 0.7479, 0.2867, 0.8850, 218.78
1059, 1669, 59, 65, 0.6000, 0.9468, 0.9456, 0.0482, 0.1800, 199.00
1059, 1637, 147, 60, 0.5556, 22.9376, 20.3724, 10.5402, 0.2222, 163.50
1060, 1669, 60, 66, 0.7056, 1.2640, 1.0191, 0.7478, 0.2822, 198.50
1061, 1632, 13, 64, 0.6000, 17.4980, -17.3907, 1.9345, 0.1800, 205.67
1061, 1669, 60, 66, 0.7611, 0.3686, 0.2510, 0.2699, 0.3806, 196.00
1062, 1669, 61, 66, 0.8167, 0.7116, 0.7116, -0.0060, 0.4900, 195.33
1062, 1675, 97, 56, 0.6000, 16.4397, 2.7886, 16.2015, 0.1800, 168.33
1062, 1632, -5, 66, 0.5000, 17.4980, -17.3907, 1.9345, 0.1500, 205.67
1063, 1632, -1, 72, 0.6556, 6.8730, -5.4480, 4.1901, 0.2622, 202.12
1063, 1650, 46, 47, 0.6000, 33.0369, -32.5342, 5.7413, 0.1800, 190.33
1063, 1669, 61, 67, 0.8722, 0.7570, 0.2373, 0.7189, 0.6106, 196.29
1063, 1623, 64, 18, 0.5402, 7.1430, -5.0971, 5.0042, 0.5402, 185.31
1063, 1679, 52, 11, 0.6000, 6.7960, -1.8236, -6.5468, 0.1800, 199.67
1063, 1675, 100, 72, 0.5000, 16.4397, 2.7886, 16.2015, 0.1500, 168.33
1064, 1650, 42, 47, 0.6556, 8.2901, -8.2481, 0.8337, 0.2622, 196.25
1064, 1669, 62, 67, 0.9278, 0.7961, 0.7449, 0.2809, 0.7422, 197.25
1064, 1675, 84, 77, 0.6556, 12.7796, -7.7430, 10.1668, 0.2622, 168.75
1064, 1682, 61, 88, 0.6000, 21.1188, 7.7281, -19.6540, 0.1800, 160.00
1064, 1601, 68, 69, 0.5400, 2.0078, -0.9353, -1.7766, 0.2700, 195.80
1064, 1632, -6, 76, 0.5556, 6.8730, -5.4480, 4.1901, 0.2222, 202.12
1064, 1679, 50, 5, 0.5000, 6.7960, -1.8236, -6.5468, 0.1500, 199.67
1065, 1582, 30, 19, 1.0000, 0.8625, 0.1810, 0.8432, 1.0000, 209.40
1065, 1669, 62, 68, 0.9833, 0.8004, 0.2594, 0.7572, 0.8850, 196.00
1065, 1674, 98, 40, 0.6000, 21.4302, 0.9863, 21.4075, 0.1800, 165.67
1065, 1677, 87, 86, 0.6000, 23.5109, 5.3713, 22.8891, 0.1800, 177.67
1065, 1678, 28, 121, 0.6000, 43.5475, -26.5514, 34.5168, 0.1800, 166.67
1065, 1650, 34, 48, 0.5556, 8.2901, -8.2481, 0.8337, 0.2222, 196.25
1065, 1675, 76, 88, 0.5556, 12.7796, -7.7430, 10.1668, 0.2222, 168.75
1065, 1682, 69, 69, 0.5000, 21.1188, 7.7281, -19.6540, 0.1500, 160.00
1066, 1650, 21, 50, 0.7111, 10.8059, -10.6771, 1.6640, 0.3556, 197.40
1066, 1669, 63, 68, 1.0000, 0.7860, 0.7412, 0.2617, 1.0000, 195.70
1066, 1676, 10, 74, 0.6556, 16.9328, -9.9171, -13.7248, 0.2622, 185.75
1066, 1677, 93, 111, 0.6556, 25.4581, 5.4728, 24.8628, 0.2622, 160.00
1066, 1682, 80, 65, 0.6556, 14.1759, 9.7832, -10.2589, 0.2622, 166.75
1066, 1683, 67, 75, 0.7056, 2.7863, -1.5404, 2.3218, 0.2822, 189.50
1066, 1674, 99, 61, 0.5000, 21.4302, 0.9863, 21.4075, 0.1500, 165.67
1066, 1678, 1, 156, 0.5000, 43.5475, -26.5514, 34.5168, 0.1500, 166.67
1067, 1669, 57, 75, 1.0000, 7.7265, -4.9412, 5.9399, 1.0000, 193.91
1067, 1682, 81, 43, 0.7111, 21.3372, 1.4550, -21.2875, 0.3556, 170.00
1067, 1601, 47, 49, 0.6000, 11.3280, -8.2767, -7.7342, 0.3600, 196.83
1067, 1683, 66, 76, 0.7611, 2.1265, -1.3453, 1.6468, 0.3806, 188.80
1067, 1633, 23, 61, 0.5625, 22.2920, 18.8455, -11.9071, 0.2250, 185.00
1067, 1684, 62, 18, 0.6000, 34.5804, -34.0051, 6.2818, 0.1800, 176.67
1067, 1676, 0, 61, 0.5556, 16.9328, -9.9171, -13.7248, 0.2222, 185.75
1067, 1677, 98, 136, 0.5556, 25.4581, 5.4728, 24.8628, 0.2222, 160.00
1068, 1674, 73, 67, 0.6556, 11.9342, -10.2996, 6.0287, 0.2622, 172.50
1068, 1679, 37, 7, 0.6556, 3.5250, -3.3994, 0.9327, 0.2622, 203.00
1068, 1601, 16, 45, 0.6587, 29.8976, -29.4998, -4.8611, 0.4611, 197.57
1068, 1683, 65, 98, 0.7667, 19.4260, -1.0530, 19.3974, 0.4600, 182.50
1068, 1633, 61, 66, 0.6222, 35.4578, 35.2983, 3.3595, 0.3111, 185.20
1068, 1638, 68, 3, 0.5625, 16.7811, -0.1986, -16.7799, 0.2250, 196.50
1068, 1684, 31, 21, 0.6556, 30.9401, -30.8257, 2.6583, 0.2622, 191.25
1068, 1643, 94, 40, 0.5625, 37.8852, -10.2408, 36.4748, 0.2250, 155.50
1068, 1685, 11, 72, 0.6000, 24.0328, -11.1761, 21.2761, 0.1800, 207.33
1069, 1674, 64, 78, 0.7111, 14.7813, -9.5739, 11.2618, 0.3556, 173.60
1069, 1679, 32, 19, 0.7111, 12.4157, -4.8020, 11.4495, 0.3556, 209.80
1069, 1680, 23, 50, 0.6000, 29.2655, 17.3014, 23.6036, 0.1800, 208.33
1069, 1643, 74, 77, 0.6222, 41.1457, -18.7362, 36.6323, 0.3111, 164.20
1069, 1685, 9, 76, 0.6556, 6.5045, -2.3932, 6.0483, 0.2622, 203.75
1069, 1601, -13, 40, 0.5587, 29.8976, -29.4998, -4.8611, 0.3911, 197.57
1069, 1683, 64, 117, 0.6667, 19.4260, -1.0530, 19.3974, 0.4000, 182.50
1069, 1633, 96, 70, 0.5222, 35.4578, 35.2983, 3.3595, 0.2611, 185.20
1069, 1684, 1, 23, 0.5556, 30.9401, -30.8257, 2.6583, 0.2222, 191.25
1070, 1679, 25, 49, 0.7667, 28.9316, -6.6165, 28.1649, 0.4600, 208.50
1070, 1680, 63, 70, 0.6556, 42.6704, 37.1907, 20.9191, 0.2622, 204.50
1070, 1633, 76, 70, 0.6806, 3.7827, 3.3954, 1.6673, 0.4083, 187.83
1070, 1684, 3, 24, 0.7111, 12.0291, -11.9246, 1.5823, 0.3556, 193.20
1070, 1685, 9, 74, 0.7111, 1.0986, -0.9414, -0.5663, 0.3556, 204.40
1070, 1643, 56, 114, 0.5222, 41.1457, -18.7362, 36.6323, 0.2611, 164.20
1071, 1676, 5, 26, 0.7111, 8.5726, 2.0631, -8.3207, 0.3556, 189.40
1071, 1679, 21, 88, 0.8222, 38.3307, -4.8434, 38.0235, 0.5756, 205.71
1071, 1685, 10, 73, 0.7667, 1.3311, 0.7541, -1.0970, 0.4600, 204.67
1071, 1628, 110, 5, 0.5062, 4.5967, 1.0636, 4.4720, 0.4050, 148.50
1071, 1680, 100, 91, 0.5556, 42.6704, 37.1907, 20.9191, 0.2222, 204.50
1072, 1665, 26, 54, 0.6000, 0.9631, -0.0122, 0.9630, 0.1800, 212.67
1072, 1680, 123, 77, 0.7111, 28.9283, 28.9266, 0.3086, 0.3556, 185.20
1072, 1685, 12, 73, 0.8222, 1.9936, 1.9666, -0.3273, 0.5756, 202.43
1072, 1686, 15, 73, 0.6000, 15.2297, -0.8930, 15.2035, 0.1800, 194.67
1073, 1665, 27, 54, 0.7056, 0.8043, 0.7603, 0.2625, 0.2822, 215.75
1073, 1667, 113, 8, 0.6000, 16.8011, 8.6405, -14.4090, 0.1800, 137.33
1073, 1685, 3, 76, 0.8778, 8.6232, -8.0167, 3.1768, 0.7022, 200.00
1073, 1686, 24, 88, 0.6556, 17.4158, 8.0966, 15.4193, 0.2622, 190.50
1073, 1688, 80, 41, 0.6000, 23.7891, -23.3344, -4.6293, 0.1800, 168.00
1074, 1665, 16, 71, 0.7111, 18.0316, -9.6426, 15.2368, 0.3556, 211.20
1074, 1667, 114, 5, 0.6556, 4.6128, 2.3749, -3.9545, 0.2622, 139.75
1074, 1681, 21, 87, 0.6000, 46.0423, 0.9219, 46.0331, 0.1800, 197.67
1074, 1457, 114, 2, 0.5240, 3.0232, 2.3232, -1.9345, 0.5240, 155.95
1074, 1688, 32, 53, 0.6556, 45.9868, -45.0464, 9.2524, 0.2622, 180.50
1074, 1686, 33, 103, 0.5556, 17.4158, 8.0966, 15.4193, 0.2222, 190.50
1075, 1665, 19, 89, 0.7667, 18.0702, 1.5640, 18.0024, 0.4600, 207.50
1075, 1686, 60, 101, 0.7111, 19.9931, 19.3497, 5.0313, 0.3556, 187.40
1075, 1688, 12, 72, 0.7111, 29.2631, -22.6610, 18.5151, 0.3556, 185.80
1075, 1691, 75, 96, 0.6556, 16.6735, 1.5095, 16.6050, 0.2622, 185.50
1075, 1667, 116, 1, 0.5556, 4.6128, 2.3749, -3.9545, 0.2222, 139.75
1075, 1681, 22, 133, 0.5000, 46.0423, 0.9219, 46.0331, 0.1500, 197.67
1076, 1667, 116, 7, 0.7111, 1.6176, 0.8228, 1.3927, 0.3556, 139.20
1076, 1681, 16, 120, 0.6556, 13.2063, -2.7331, 12.9204, 0.2622, 187.25
1076, 1690, 62, 41, 0.6000, 13.2800, -12.2450, 5.1400, 0.1800, 201.67
1076, 1691, 81, 120, 0.7111, 23.6491, 5.8996, 22.9014, 0.3556, 169.20
1076, 1652, 74, 63, 0.5625, 10.3520, 4.5354, -9.3056, 0.2250, 193.75
1077, 1671, 87, 76, 0.6000, 33.7396, -33.6161, -2.8842, 0.1800, 128.33
1077, 1690, 38, 65, 0.6556, 31.4696, -22.9669, 21.5141, 0.2622, 196.00
1077, 1652, 75, 31, 0.6222, 29.1154, 2.0788, -29.0411, 0.3111, 192.20
1077, 1653, 39, 11, 0.5625, 11.5351, 2.6649, -11.2230, 0.2250, 210.25
1077, 1667, 117, 8, 0.6111, 1.6176, 0.8228, 1.3927, 0.3056, 139.20
1077, 1681, 14, 133, 0.5556, 13.2063, -2.7331, 12.9204, 0.2222, 187.25
1077, 1691, 87, 143, 0.6111, 23.6491, 5.8996, 22.9014, 0.3056, 169.20
1078, 1667, 118, 8, 0.7667, 1.1379, 0.9573, 0.6151, 0.4600, 139.00
1078, 1671, 34, 60, 0.6556, 52.7365, -50.7395, -14.3749, 0.2622, 146.00
1078, 1690, 19, 76, 0.7111, 22.4639, -19.0794, 11.8577, 0.3556, 198.40
1078, 1652, 88, 17, 0.6806, 20.0409, 11.6225, -16.3266, 0.4083, 185.50
1078, 1653, 39, 8, 0.6222, 3.9792, 0.8001, -3.8979, 0.3111, 210.20
1078, 1654, 75, 43, 0.5625, 62.2194, 54.6936, -29.6626, 0.2250, 189.50
1078, 1597, 46, 125, 0.5400, 28.5520, -14.9640, 24.3165, 0.2700, 176.40
1078, 1691, 93, 166, 0.5111, 23.6491, 5.8996, 22.9014, 0.2556, 169.20
1079, 1667, 119, 8, 0.8222, 1.0022, 0.9980, 0.0914, 0.5756, 137.57
1079, 1689, 72, 75, 0.7056, 1.9067, 1.5920, 1.0493, 0.2822, 185.75
1079, 1693, 113, 62, 0.6000, 60.6876, -13.1281, -59.2506, 0.1800, 98.67
1079, 1671, -17, 46, 0.5556, 52.7365, -50.7395, -14.3749, 0.2222, 146.00
1079, 1652, 100, 0, 0.5806, 20.0409, 11.6225, -16.3266, 0.3483, 185.50
1079, 1653, 40, 4, 0.5222, 3.9792, 0.8001, -3.8979, 0.2611, 210.20
1080, 1667, 110, 22, 0.8778, 14.7266, -8.2056, 12.2288, 0.7022, 138.12
1080, 1672, 54, 97, 0.6000, 2.1597, -0.9613, 1.9340, 0.1800, 168.00
1080, 1689, 72, 75, 0.7611, 0.5085, 0.4251, 0.2789, 0.3806, 187.00
1080, 1653, 40, 9, 0.6806, 1.1437, 0.2914, 1.1060, 0.4083, 214.33
1080, 1693, 78, 6, 0.6556, 65.2878, -32.3822, -56.6912, 0.2622, 119.25
1080, 1661, 21, 74, 0.5625, 9.9929, 9.6352, 2.6495, 0.2250, 190.00
1081, 1653, 40, 9, 0.7381, 0.5264, 0.0343, 0.5253, 0.5167, 214.14
1081, 1659, 46, 11, 0.5625, 27.6123, -26.4293, -7.9959, 0.2250, 201.62
1081, 1661, 25, 75, 0.6222, 4.8764, 4.6077, 1.5962, 0.3111, 193.60
1081, 1694, 40, 56, 0.6000, 75.7486, -62.1058, 43.3672, 0.1800, 170.33
1081, 1656, 95, 98, 0.5625, 55.5479, -0.7529, 55.5428, 0.2250, 153.50
1081, 1664, 69, 101, 0.5625, 7.5402, 7.4820, 0.9353, 0.2250, 179.25
1081, 1672, 53, 99, 0.5000, 2.1597, -0.9613, 1.9340, 0.1500, 168.00
1081, 1689, 73, 75, 0.6611, 0.5085, 0.4251, 0.2789, 0.3306, 187.00
1081, 1693, 46, -51, 0.5556, 65.2878, -32.3822, -56.6912, 0.2222, 119.25
1082, 1644, 34, 30, 0.5625, 0.0114, -0.0081, 0.0081, 0.2250, 203.00
1082, 1653, 40, 8, 0.7951, 0.7278, -0.0282, -0.7273, 0.6361, 214.00
1082, 1661, 29, 83, 0.6806, 8.2729, 4.2371, 7.1055, 0.4083, 192.17
1082, 1694, -1, 93, 0.6556, 58.2064, -43.9752, 38.1336, 0.2622, 169.75
1082, 1697, 113, 12, 0.6000, 43.4049, 37.7392, -21.4414, 0.1800, 177.33
1082, 1698, 75, 36, 0.6556, 5.8950, -3.7739, -4.5286, 0.2622, 187.50
1082, 1706, 24, 120, 0.6000, 41.3697, -36.3340, 19.7811, 0.1800, 175.33
1082, 1689, 73, 76, 0.5611, 0.5085, 0.4251, 0.2789, 0.2806, 187.00
1083, 1672, 51, 102, 0.7056, 1.9305, -1.0226, 1.6374, 0.2822, 169.75
1083, 1644, 40, 27, 0.6222, 5.7777, 5.3098, -2.2776, 0.3111, 202.40
1083, 1653, 41, 8, 0.8519, 0.8251, 0.7478, -0.3487, 0.7667, 213.22
1083, 1664, 105, 107, 0.6222, 19.8229, 19.5649, 3.1879, 0.3111, 167.00
1083, 1698, 74, 35, 0.7111, 1.0958, -0.6236, -0.9011, 0.3556, 191.80
1083, 1700, 27, 71, 0.6000, 59.3251, 0.0000, 59.3251, 0.1800, 206.17
1083, 1702, 121, 10, 0.6000, 33.7976, 22.3870, -25.3200, 0.1800, 149.56
1083, 1661, 33, 90, 0.5806, 8.2729, 4.2371, 7.1055, 0.3483, 192.17
1083, 1694, -45, 131, 0.5556, 58.2064, -43.9752, 38.1336, 0.2222, 169.75
1083, 1697, 151, -10, 0.5000, 43.4049, 37.7392, -21.4414, 0.1500, 177.33
1083, 1706, -13, 140, 0.5000, 41.3697, -36.3340, 19.7811, 0.1500, 175.33
1084, 1672, 51, 104, 0.7611, 1.9342, -0.1890, 1.9249, 0.3806, 169.20
1084, 1644, 66, 8, 0.6806, 29.2278, 23.3163, -17.6243, 0.4083, 200.00
1084, 1653, 41, 8, 0.9083, 0.2908, 0.2896, -0.0271, 0.9083, 212.70
1084, 1661, 34, 91, 0.7381, 4.3451, 2.2777, 3.7003, 0.5167, 190.14
1084, 1664, 109, 109, 0.6806, 5.4030, 4.8526, 2.3757, 0.4083, 159.67
1084, 1698, 75, 37, 0.7667, 1.1246, 0.3119, 1.0805, 0.4600, 191.83
1084, 1700, 17, 127, 0.6556, 57.2063, -8.3488, 56.5938, 0.2622, 200.88
1084, 1702, 127, 6, 0.6556, 10.1592, 7.5536, -6.7936, 0.2622, 145.42
1084, 1705, 30, 86, 0.6000, 3.6653, -2.4906, 2.6892, 0.1800, 184.33
1085, 1695, 30, 3, 0.6000, 38.9635, -38.5637, -5.5674, 0.1800, 196.33
1085, 1664, 107, 111, 0.7381, 2.1823, -0.9314, 1.9736, 0.5167, 153.14
1085, 1698, 72, 39, 0.8222, 3.5198, -2.8458, 2.0713, 0.5756, 198.86
1085, 1701, 76, 28, 0.6000, 11.5056, 4.4252, -10.6205, 0.1800, 206.33
1085, 1672, 51, 106, 0.6611, 1.9342, -0.1890, 1.9249, 0.3306, 169.20
1085, 1644, 89, -10, 0.5806, 29.2278, 23.3163, -17.6243, 0.3483, 200.00
1085, 1653, 41, 8, 0.8083, 0.2908, 0.2896, -0.0271, 0.8083, 212.70
1085, 1661, 36, 95, 0.6381, 4.3451, 2.2777, 3.7003, 0.4467, 190.14
1085, 1700, 9, 184, 0.5556, 57.2063, -8.3488, 56.5938, 0.2222, 200.88
1085, 1702, 134, -1, 0.5556, 10.1592, 7.5536, -6.7936, 0.2222, 145.42
1085, 1705, 28, 88, 0.5000, 3.6653, -2.4906, 2.6892, 0.1500, 184.33
1086, 1672, 55, 87, 0.7667, 10.2786, 2.2836, -10.0217, 0.4600, 170.17
1086, 1698, 64, 56, 0.8778, 16.7911, -7.2438, 15.1482, 0.7022, 198.25
1086, 1701, 103, 18, 0.6556, 26.3282, 24.2615, -10.2252, 0.2622, 190.50
1086, 1705, 2, 104, 0.6556, 18.7713, -15.7458, 10.2192, 0.2622, 174.75
1086, 1653, 42, 8, 0.7083, 0.2908, 0.2896, -0.0271, 0.7083, 212.70
1086, 1661, 39, 99, 0.5381, 4.3451, 2.2777, 3.7003, 0.3767, 190.14
1086, 1695, -9, -2, 0.5000, 38.9635, -38.5637, -5.5674, 0.1500, 196.33
1087, 1689, 98, 81, 0.8167, 5.0147, 4.9044, 1.0461, 0.4900, 178.00
1087, 1653, 44, 3, 0.9646, 2.3177, 1.1297, -2.0238, 0.9646, 212.82
1087, 1701, 123, 9, 0.7111, 22.5722, 20.5952, -9.2379, 0.3556, 178.90
1087, 1705, -14, 115, 0.5556, 18.7713, -15.7458, 10.2192, 0.2222, 174.75
1088, 1653, 64, 4, 1.0000, 19.0034, 18.9661, 1.1909, 1.0000, 210.67
1088, 1661, 35, 97, 0.7951, 0.8696, -0.3869, 0.7788, 0.6361, 189.00
1088, 1713, 40, 65, 0.6000, 2.0913, 0.9353, 1.8705, 0.1800, 210.00
1088, 1701, 143, 0, 0.6111, 22.5722, 20.5952, -9.2379, 0.3056, 178.90
1089, 1661, 35, 98, 0.8519, 0.9161, -0.1122, 0.9092, 0.7667, 187.22
1089, 1703, 15, 34, 0.6000, 45.1668, -18.3753, -41.2599, 0.1800, 191.00
1089, 1713, 41, 65, 0.7056, 1.1437, 1.0167, 0.5239, 0.2822, 206.50
1089, 1714, 28, 23, 0.6000, 44.9894, -42.0863, -15.8993, 0.1800, 230.33
1089, 1715, 77, 43, 0.6000, 3.8106, 0.9353, 3.6941, 0.1800, 207.00
1089, 1653, 83, 6, 0.9000, 19.0034, 18.9661, 1.1909, 0.9000, 210.67
1089, 1701, 164, -10, 0.5111, 22.5722, 20.5952, -9.2379, 0.2556, 178.90
1090, 1661, 52, 88, 0.9083, 17.7482, 15.3193, -8.9620, 0.9083, 186.10
1090, 1713, 50, 58, 0.7111, 10.0077, 7.8865, -6.1610, 0.3556, 206.40
1090, 1715, 77, 43, 0.7056, 1.0846, 0.2619, 1.0525, 0.2822, 208.75
1090, 1653, 102, 7, 0.8000, 19.0034, 18.9661, 1.1909, 0.8000, 210.67
1090, 1703, -3, -7, 0.5000, 45.1668, -18.3753, -41.2599, 0.1500, 191.00
1090, 1714, -14, 7, 0.5000, 44.9894, -42.0863, -15.8993, 0.1500, 230.33
1091, 1653, 77, 9, 1.0000, 1.7066, 0.6480, 1.5788, 1.0000, 207.85
1091, 1708, 70, 4, 0.6000, 22.9961, -15.3527, -17.1206, 0.1800, 178.00
1091, 1713, 46, 30, 0.7667, 26.2402, -2.4920, -26.1216, 0.4600, 208.92
1091, 1714, 6, 19, 0.6556, 7.4137, -7.4108, -0.2083, 0.2622, 224.25
1091, 1715, 86, 24, 0.7111, 18.5296, 7.6090, -16.8953, 0.3556, 201.20
1092, 1715, 97, 12, 0.7667, 16.9879, 11.2713, -12.7101, 0.4600, 196.50
1092, 1722, 43, 26, 0.6000, 19.6625, 0.9353, 19.6403, 0.1800, 213.67
1092, 1708, 55, -14, 0.5000, 22.9961, -15.3527, -17.1206, 0.1500, 178.00
1092, 1714, -2, 19, 0.5556, 7.4137, -7.4108, -0.2083, 0.2222, 224.25
1093, 1696, 75, 44, 0.6000, 73.0347, 64.1606, 34.8925, 0.1800, 202.33
1093, 1710, 40, 76, 0.6000, 14.9699, 14.7143, 2.7546, 0.1800, 182.33
1093, 1712, 117, 116, 0.6000, 79.3357, 26.1409, 74.9053, 0.1800, 132.67
1093, 1717, 113, 115, 0.6000, 65.8282, 45.1068, 47.9451, 0.1800, 161.00
1093, 1722, 45, 30, 0.6556, 6.5013, 1.7715, 6.2553, 0.2622, 214.25
1093, 1727, 48, 117, 0.6000, 30.9927, -6.4263, 30.3191, 0.1800, 160.00
1093, 1729, 35, 15, 0.6000, 10.7873, 8.4642, -6.6876, 0.1800, 211.33
1094, 1710, 47, 70, 0.6556, 9.3448, 8.1963, -4.4885, 0.2622, 186.50
1094, 1722, 45, 30, 0.7111, 0.7192, 0.5285, 0.4878, 0.3556, 220.00
1094, 1726, 14, 43, 0.6000, 75.0375, -65.2738, -37.0129, 0.1800, 187.67
1094, 1727, 47, 124, 0.6556, 9.4562, -1.8657, 9.2703, 0.2622, 157.50
1094, 1729, 42, 5, 0.6556, 12.0850, 7.6360, -9.3669, 0.2622, 212.00
1094, 1696, 140, 79, 0.5000, 73.0347, 64.1606, 34.8925, 0.1500, 202.33
1094, 1712, 143, 191, 0.5000, 79.3357, 26.1409, 74.9053, 0.1500, 132.67
1094, 1717, 158, 163, 0.5000, 65.8282, 45.1068, 47.9451, 0.1500, 161.00
1095, 1660, 26, 35, 0.5625, 39.4535, -36.3617, -15.3102, 0.2250, 200.00
1095, 1708, 41, 0, 0.6556, 6.2644, -5.1388, 3.5827, 0.2622, 188.75
1095, 1710, 48, 69, 0.7111, 2.2343, 1.8520, -1.2497, 0.3556, 188.40
1095, 1722, 46, 29, 0.7667, 1.0134, 0.7079, -0.7252, 0.4600, 224.00
1095, 1727, 48, 122, 0.7111, 0.6237, 0.1642, -0.6017, 0.3556, 153.60
1095, 1729, 44, 4, 0.7111, 3.5553, 2.4606, -2.5662, 0.3556, 211.60
1095, 1734, 87, 37, 0.6000, 22.8708, -20.6587, -9.8129, 0.1800, 132.33
1095, 1726, -52, 6, 0.5000, 75.0375, -65.2738, -37.0129, 0.1500, 187.67
1096, 1708, 45, 26, 0.7111, 25.6464, 3.5982, 25.3927, 0.3556, 199.60
1096, 1710, 48, 71, 0.7667, 0.9816, 0.2759, 0.9420, 0.4600, 189.50
1096, 1722, 49, 27, 0.8222, 3.1133, 2.4849, -1.8755, 0.5756, 219.57
1096, 1729, 43, 0, 0.7667, 3.5619, -0.9386, -3.4360, 0.4600, 212.17
1096, 1731, 33, 105, 0.7667, 16.8341, 10.7016, 12.9948, 0.4600, 181.67
1096, 1734, 70, 30, 0.6556, 19.0095, -17.3491, -7.7700, 0.2622, 151.00
1097, 1710, 46, 76, 0.8222, 5.3972, -1.6922, 5.1250, 0.5756, 191.00
1097, 1727, 45, 126, 0.8222, 2.7895, -1.7309, 2.1876, 0.5756, 151.79
1097, 1734, 48, 29, 0.7111, 22.0488, -21.9968, -1.5128, 0.3556, 171.20
1097, 1722, 51, 25, 0.7222, 3.1133, 2.4849, -1.8755, 0.5056, 219.57
1097, 1729, 42, -3, 0.6667, 3.5619, -0.9386, -3.4360, 0.4000, 212.17
1097, 1731, 44, 118, 0.6667, 16.8341, 10.7016, 12.9948, 0.4000, 181.67
1098, 1729, 44, 0, 0.8222, 0.8889, 0.8466, 0.2709, 0.5756, 214.57
1098, 1739, 113, 68, 0.6000, 12.1583, -11.2230, 4.6763, 0.1800, 90.33
1098, 1742, 80, 52, 0.6000, 41.7639, -27.0754, -31.7986, 0.1800, 143.67
1098, 1710, 45, 81, 0.7222, 5.3972, -1.6922, 5.1250, 0.5056, 191.00
1098, 1722, 54, 23, 0.6222, 3.1133, 2.4849, -1.8755, 0.4356, 219.57
1098, 1727, 44, 128, 0.7222, 2.7895, -1.7309, 2.1876, 0.5056, 151.79
1098, 1731, 54, 131, 0.5667, 16.8341, 10.7016, 12.9948, 0.3400, 181.67
1099, 1709, 13, 24, 0.6000, 35.1201, 8.5028, -34.0752, 0.1800, 196.33
1099, 1710, 37, 93, 0.8778, 10.0755, -5.0041, 8.7450, 0.7022, 186.38
1099, 1718, 27, 64, 0.6000, 1.3216, -0.9386, -0.9305, 0.1800, 186.00
1099, 1729, 43, 3, 0.8778, 3.4373, -0.4968, 3.4012, 0.7022, 214.38
1099, 1733, 124, 32, 0.7056, 1.7106, -1.5401, 0.7445, 0.2822, 128.25
1099, 1722, 56, 22, 0.5222, 3.1133, 2.4849, -1.8755, 0.3656, 219.57
1099, 1727, 42, 130, 0.6222, 2.7895, -1.7309, 2.1876, 0.4356, 151.79
1099, 1739, 101, 72, 0.5000, 12.1583, -11.2230, 4.6763, 0.1500, 90.33
1099, 1742, 53, 21, 0.5000, 41.7639, -27.0754, -31.7986, 0.1500, 143.67
1100, 1718, 22, 87, 0.6556, 20.0251, -4.8174, 19.4370, 0.2622, 186.50
1100, 1722, 81, 36, 0.8778, 10.3267, 9.7492, 3.4050, 0.7022, 215.25
1100, 1731, 78, 116, 0.8222, 11.4263, 11.4255, -0.1401, 0.5756, 174.14
1100, 1733, 122, 33, 0.7611, 2.3407, -2.1010, 1.0318, 0.3806, 128.20
1100, 1734, 49, 31, 0.8778, 2.1916, 2.0162, 0.8590, 0.7022, 193.00
1100, 1742, 77, 39, 0.6556, 3.9407, 1.4712, -3.6557, 0.2622, 154.25
1100, 1743, 52, 78, 0.6556, 7.4751, -3.0359, -6.8308, 0.2622, 178.50
1100, 1709, 21, -10, 0.5000, 35.1201, 8.5028, -34.0752, 0.1500, 196.33
1101, 1718, 45, 114, 0.7111, 33.3629, 20.4804, 26.3370, 0.3556, 174.40
1101, 1728, 7, 37, 0.6000, 68.2112, -57.3164, 36.9811, 0.1800, 192.33
1101, 1733, 121, 33, 0.8167, 1.3713, -1.3413, 0.2851, 0.4900, 135.83
1101, 1739, 112, 88, 0.6556, 7.4744, 2.1220, 7.1669, 0.2622, 95.00
1101, 1742, 83, 38, 0.7111, 5.8271, 5.7641, -0.8546, 0.3556, 160.40
1101, 1743, 31, 46, 0.7111, 34.6964, -18.6779, -29.2399, 0.3556, 182.60
1101, 1746, 81, 54, 0.6000, 33.0140, -16.2015, 28.7651, 0.1800, 175.67
1102, 1733, 119, 34, 0.8722, 1.8758, -1.7320, 0.7204, 0.6106, 134.29
1102, 1746, 56, 86, 0.6556, 39.4618, -23.8474, 31.4410, 0.2622, 175.75
1102, 1718, 66, 140, 0.6111, 33.3629, 20.4804, 26.3370, 0.3056, 174.40
1102, 1728, -50, 74, 0.5000, 68.2112, -57.3164, 36.9811, 0.1500, 192.33
1102, 1739, 114, 95, 0.5556, 7.4744, 2.1220, 7.1669, 0.2222, 95.00
1102, 1743, 12, 17, 0.6111, 34.6964, -18.6779, -29.2399, 0.3056, 182.60
1103, 1721, 49, 1, 0.6000, 0.9100, 0.9100, -0.0119, 0.1800, 209.67
1103, 1733, 119, 32, 0.9278, 1.3601, -0.4795, -1.2728, 0.7422, 135.75
1103, 1740, 31, 16, 0.6000, 61.4535, -25.3114, -55.9988, 0.1800, 188.67
1103, 1743, 3, 5, 0.7667, 23.4491, -13.4965, -19.1757, 0.4600, 188.00
1103, 1752, 51, 37, 0.6000, 65.5180, 3.6860, -65.4143, 0.1800, 187.67
1103, 1746, 32, 117, 0.5556, 39.4618, -23.8474, 31.4410, 0.2222, 175.75
1104, 1721, 51, 28, 0.6556, 23.5430, 1.7969, 23.4743, 0.2622, 216.00
1104, 1724, 45, 42, 0.6000, 24.5977, -20.7406, -13.2240, 0.1800, 195.67
1104, 1733, 120, 51, 0.9333, 16.7020, 0.8165, 16.6820, 0.8400, 132.00
1104, 1752, 51, -3, 0.6556, 43.3594, 0.3039, -43.3584, 0.2622, 197.00
1104, 1740, 6, -40, 0.5000, 61.4535, -25.3114, -55.9988, 0.1500, 188.67
1105, 1721, 57, 74, 0.7111, 44.1087, 5.8825, 43.7147, 0.3556, 214.80
1105, 1724, 35, 12, 0.6556, 29.4349, -11.2180, -27.2134, 0.2622, 201.62
1105, 1750, 127, 118, 0.6000, 65.6682, 1.7090, 65.6460, 0.1800, 100.33
1105, 1752, 51, -46, 0.5556, 43.3594, 0.3039, -43.3584, 0.2222, 197.00
1106, 1723, 51, 33, 0.6000, 13.3300, 13.2964, -0.9457, 0.1800, 220.50
1106, 1724, 24, -15, 0.5556, 29.4349, -11.2180, -27.2134, 0.2222, 201.62
1106, 1750, 128, 184, 0.5000, 65.6682, 1.7090, 65.6460, 0.1500, 100.33
1107, 1723, 54, 33, 0.6556, 3.7475, 3.7379, -0.2688, 0.2622, 217.12
1107, 1753, 52, 109, 0.6556, 19.8550, -3.0191, 19.6241, 0.2622, 169.50
1107, 1754, 52, 25, 0.6000, 22.5079, 6.3121, 21.6047, 0.1800, 202.17
1108, 1668, 98, 6, 0.5625, 15.0780, 11.5848, -9.6508, 0.2250, 167.25
1108, 1723, 54, 33, 0.7111, 1.1745, 1.1743, 0.0240, 0.3556, 218.30
1108, 1753, 51, 115, 0.7111, 7.9844, -0.3462, 7.9769, 0.3556, 166.00
1108, 1754, 50, 45, 0.6556, 20.3596, -0.4069, 20.3555, 0.2622, 202.12
1108, 1755, 54, 2, 0.6000, 1.1850, 1.0424, 0.5636, 0.1800, 214.00
1108, 1704, 59, 83, 0.5625, 0.9642, 0.9353, 0.2347, 0.2250, 192.08
1109, 1668, 99, 5, 0.6222, 4.0943, 3.1446, -2.6220, 0.3111, 165.20
1109, 1723, 54, 34, 0.7667, 0.8185, -0.0970, 0.8127, 0.4600, 222.42
1109, 1735, 39, 104, 0.6000, 14.3212, -0.9560, -14.2893, 0.1800, 161.33
1109, 1745, 107, 39, 0.6000, 2.0916, -1.8708, 0.9354, 0.1800, 152.00
1109, 1747, 6, 13, 0.6000, 64.3292, 4.6442, -64.1614, 0.1800, 196.00
1109, 1755, 55, 2, 0.7056, 1.0497, 1.0352, 0.1739, 0.2822, 212.50
1109, 1704, 56, 86, 0.6722, 3.5527, -2.7572, 2.2404, 0.3361, 188.67
1109, 1753, 51, 123, 0.6111, 7.9844, -0.3462, 7.9769, 0.3056, 166.00
1109, 1754, 50, 66, 0.5556, 20.3596, -0.4069, 20.3555, 0.2222, 202.12
1110, 1723, 54, 35, 0.8222, 1.0906, -0.2079, 1.0706, 0.5756, 227.07
1110, 1735, 23, 90, 0.6556, 19.5738, -13.8666, -13.8149, 0.2622, 168.00
1110, 1745, 94, 59, 0.6556, 21.3267, -11.9053, 17.6944, 0.2622, 173.50
1110, 1754, 39, 80, 0.7111, 18.1444, -6.1217, 17.0805, 0.3556, 196.10
1110, 1755, 56, 2, 0.7611, 1.0073, 1.0072, -0.0143, 0.3806, 214.20
1110, 1704, 55, 86, 0.7306, 1.3853, -1.1361, 0.7928, 0.4383, 185.72
1110, 1760, 35, 110, 0.6000, 23.4189, 14.0288, 18.7520, 0.1800, 172.56
1110, 1761, 85, 67, 0.6000, 41.9097, -18.7050, -37.5039, 0.1800, 127.33
1110, 1668, 103, 2, 0.5222, 4.0943, 3.1446, -2.6220, 0.2611, 165.20
1110, 1747, 10, -51, 0.5000, 64.3292, 4.6442, -64.1614, 0.1500, 196.00
1110, 1753, 51, 131, 0.5111, 7.9844, -0.3462, 7.9769, 0.2556, 166.00
1111, 1723, 54, 35, 0.8778, 0.2976, -0.0653, 0.2903, 0.7022, 227.94
1111, 1735, 2, 94, 0.7111, 20.3293, -20.2172, 2.1319, 0.3556, 169.40
1111, 1745, 93, 88, 0.7111, 27.7998, -1.8375, 27.7390, 0.3556, 168.60
1111, 1755, 57, 2, 0.8167, 0.9982, 0.9978, -0.0297, 0.4900, 214.33
1111, 1704, 55, 86, 0.7881, 0.0397, -0.0315, -0.0241, 0.5517, 183.90
1111, 1699, 50, 66, 0.5625, 40.0560, -26.1211, 30.3673, 0.2250, 208.25
1111, 1758, 11, 109, 0.6000, 51.3572, -34.0532, 38.4439, 0.1800, 200.00
1111, 1759, 63, 84, 0.6000, 5.1599, -2.5477, 4.4870, 0.1800, 192.67
1111, 1760, 71, 113, 0.6556, 33.0276, 32.6103, 5.2338, 0.2622, 163.17
1111, 1761, 90, 28, 0.6556, 38.4257, 1.5544, -38.3942, 0.2622, 145.50
1112, 1723, 55, 36, 0.9333, 1.0528, 0.7693, 0.7186, 0.8400, 229.50
1112, 1745, 95, 94, 0.7667, 8.1993, 1.7990, 7.9995, 0.4600, 161.00
1112, 1755, 49, 19, 0.8222, 16.6525, -6.6418, 15.2706, 0.5756, 212.43
1112, 1704, 51, 72, 0.7951, 12.8798, -3.6662, -12.3470, 0.6361, 192.54
1112, 1699, 21, 91, 0.6222, 37.9211, -28.3388, 25.1977, 0.3111, 204.00
1112, 1759, 57, 113, 0.6556, 26.9499, -5.4015, 26.4031, 0.2622, 180.00
1112, 1761, 91, 1, 0.7111, 28.3235, 1.4967, -28.2840, 0.3556, 152.40
1112, 1758, -23, 147, 0.5000, 51.3572, -34.0532, 38.4439, 0.1500, 200.00
1112, 1760, 103, 119, 0.5556, 33.0276, 32.6103, 5.2338, 0.2222, 163.17
1113, 1723, 54, 37, 0.9889, 1.0974, -0.4606, 0.9961, 0.9889, 230.45
1113, 1735, 2, 97, 0.8222, 2.0462, 1.9060, 0.7442, 0.5756, 170.86
1113, 1759, 57, 121, 0.7111, 9.9639, -0.8943, 9.9237, 0.3556, 173.00
1113, 1764, 12, 4, 0.6000, 1.3818, 0.8492, -1.0901, 0.1800, 236.33
1113, 1699, -7, 116, 0.5222, 37.9211, -28.3388, 25.1977, 0.2611, 204.00
1113, 1761, 93, -27, 0.6111, 28.3235, 1.4967, -28.2840, 0.3056, 152.40
1114, 1723, 54, 37, 1.0000, 0.3987, -0.2882, 0.2756, 1.0000, 228.50
1114, 1764, 14, 3, 0.7056, 2.0526, 1.8005, -0.9855, 0.2822, 235.00
1114, 1735, 4, 98, 0.7222, 2.0462, 1.9060, 0.7442, 0.5056, 170.86
1114, 1759, 56, 131, 0.6111, 9.9639, -0.8943, 9.9237, 0.3056, 173.00
1115, 1723, 54, 38, 1.0000, 0.7252, -0.0429, 0.7239, 1.0000, 225.88
1115, 1748, 97, 43, 0.6000, 1.3261, -0.9285, 0.9468, 0.1800, 174.00
1115, 1764, 16, 1, 0.7611, 2.7150, 2.0791, -1.7460, 0.3806, 235.20
1115, 1768, 62, 11, 0.6000, 21.5311, -21.5108, 0.9353, 0.1800, 180.67
1116, 1723, 54, 38, 1.0000, 0.2377, 0.0257, 0.2363, 1.0000, 225.19
1116, 1748, 104, 32, 0.6556, 11.1720, 5.7744, -9.5639, 0.2622, 168.00
1116, 1764, 16, 0, 0.8167, 1.3917, 0.5306, -1.2866, 0.4900, 235.50
1116, 1670, 66, 85, 0.5400, 31.9932, 24.8474, 20.1536, 0.2700, 193.20
1116, 1768, 40, 12, 0.5000, 21.5311, -21.5108, 0.9353, 0.1500, 180.67
1117, 1668, 113, 0, 0.6806, 1.1435, 1.1270, 0.1938, 0.4083, 167.50
1117, 1723, 54, 39, 1.0000, 0.7487, 0.0161, 0.7486, 1.0000, 223.89
1117, 1748, 106, 13, 0.7111, 17.5073, 2.2364, -17.3638, 0.3556, 163.20
1117, 1756, 90, 42, 0.6000, 34.5637, 13.9407, 31.6276, 0.1800, 176.00
1117, 1764, 16, 0, 0.8722, 0.2572, -0.1002, -0.2369, 0.6106, 233.43
1117, 1670, 78, 89, 0.6000, 14.9694, 13.8472, 5.6866, 0.3600, 189.33
1117, 1766, 18, 55, 0.6000, 30.4845, 4.4863, 30.1526, 0.1800, 205.67
1117, 1768, 39, 5, 0.6556, 10.6778, -10.1581, -3.2904, 0.2622, 189.25
1118, 1668, 108, 12, 0.7381, 12.9023, -5.3117, 11.7582, 0.5167, 165.00
1118, 1723, 55, 40, 1.0000, 1.2690, 0.7628, 1.0141, 1.0000, 222.10
1118, 1736, 58, 29, 0.6000, 14.9734, 10.5822, 10.5934, 0.1800, 203.00
1118, 1692, 34, 125, 0.5625, 53.8132, -22.8977, 48.6987, 0.2250, 185.50
1118, 1748, 112, 1, 0.7667, 14.2553, 6.1266, -12.8716, 0.4600, 163.83
1118, 1687, 76, 41, 0.5625, 59.7873, 59.4226, -6.5939, 0.2250, 194.75
1118, 1756, 94, 49, 0.6556, 11.1377, 4.8519, 10.0254, 0.2622, 175.00
1118, 1768, 17, 22, 0.7111, 25.8369, -21.2021, 14.7653, 0.3556, 192.80
1118, 1771, 101, 38, 0.6556, 21.2862, -17.4902, 12.1325, 0.2622, 138.50
1118, 1764, 16, 0, 0.7722, 0.2572, -0.1002, -0.2369, 0.5406, 233.43
1118, 1670, 92, 94, 0.5000, 14.9694, 13.8472, 5.6866, 0.3000, 189.33
1118, 1766, 22, 85, 0.5000, 30.4845, 4.4863, 30.1526, 0.1500, 205.67
1119, 1723, 55, 40, 1.0000, 0.4108, 0.2948, 0.2861, 1.0000, 222.22
1119, 1736, 78, 41, 0.6556, 22.2237, 18.7407, 11.9447, 0.2622, 198.75
1119, 1748, 113, 1, 0.8222, 2.0463, 1.2487, -1.6212, 0.5756, 162.29
1119, 1751, 65, 5, 0.6000, 45.0511, -9.5571, -44.0257, 0.1800, 208.67
1119, 1687, 126, 24, 0.6222, 54.2454, 51.7502, -16.2629, 0.3111, 179.40
1119, 1756, 97, 64, 0.7111, 15.2945, 3.7800, 14.8200, 0.3556, 170.60
1119, 1765, 72, 5, 0.6000, 24.3717, -18.9428, -15.3346, 0.1800, 175.33
1119, 1673, 120, 35, 0.5400, 59.8296, 39.6304, -44.8221, 0.2700, 186.40
1119, 1716, 71, 90, 0.5625, 4.8376, -1.6828, 4.5354, 0.2250, 163.50
1119, 1725, 21, 90, 0.5625, 0.0000, 0.0000, 0.0000, 0.2250, 188.25
1119, 1764, 16, -1, 0.6722, 0.2572, -0.1002, -0.2369, 0.4706, 233.43
1119, 1771, 84, 50, 0.5556, 21.2862, -17.4902, 12.1325, 0.2222, 138.50
1120, 1723, 56, 41, 1.0000, 1.0414, 0.7563, 0.7159, 1.0000, 223.38
1120, 1736, 90, 48, 0.7111, 15.1537, 13.1208, 7.5815, 0.3556, 200.20
1120, 1748, 111, 3, 0.8778, 2.3415, -1.1806, 2.0221, 0.7022, 161.00
1120, 1764, 33, 3, 0.8778, 7.0757, 6.9425, 1.3664, 0.7022, 231.25
1120, 1765, 56, 2, 0.6556, 16.4485, -15.7498, -4.7430, 0.2622, 182.00
1120, 1771, 78, 42, 0.7111, 10.3646, -10.3553, 0.4385, 0.3556, 148.00
1120, 1711, 38, 52, 0.5625, 28.9668, 14.9681, -24.7998, 0.2250, 178.75
1120, 1716, 72, 91, 0.6722, 2.0895, 0.2118, 2.0788, 0.3361, 163.80
1120, 1725, 21, 90, 0.6722, 0.0000, 0.0000, 0.0000, 0.3361, 188.40
1120, 1751, 56, -39, 0.5000, 45.0511, -9.5571, -44.0257, 0.1500, 208.67
1120, 1687, 178, 7, 0.5222, 54.2454, 51.7502, -16.2629, 0.2611, 179.40
1121, 1723, 56, 41, 1.0000, 0.3563, 0.2592, 0.2444, 1.0000, 222.61
1121, 1736, 89, 48, 0.7667, 1.3688, 0.7425, 1.1499, 0.4600, 197.67
1121, 1748, 110, 6, 0.9333, 2.8960, -1.3971, 2.5367, 0.8400, 160.44
1121, 1749, 123, 18, 0.6000, 28.2672, 4.7957, -27.8574, 0.1800, 116.00
1121, 1763, 24, 61, 0.6000, 64.7837, -34.4109, 54.8891, 0.1800, 195.00
1121, 1670, 100, 65, 0.6587, 9.8012, 3.0481, -9.3152, 0.4611, 188.00
1121, 1765, 17, 9, 0.7111, 37.3055, -36.8809, 5.6123, 0.3556, 187.60
1121, 1771, 64, 47, 0.7667, 15.1827, -14.3674, 4.9084, 0.4600, 156.50
1121, 1725, 21, 90, 0.7306, 0.0000, 0.0000, 0.0000, 0.4383, 188.33
1121, 1764, 40, 4, 0.7778, 7.0757, 6.9425, 1.3664, 0.6222, 231.25
1121, 1716, 72, 94, 0.5722, 2.0895, 0.2118, 2.0788, 0.2861, 163.80
1122, 1723, 57, 42, 1.0000, 1.0403, 0.7356, 0.7356, 1.0000, 222.47
1122, 1736, 86, 48, 0.8222, 3.2002, -3.1990, 0.0874, 0.5756, 198.57
1122, 1763, 13, 103, 0.6556, 45.7723, -14.6365, 43.3690, 0.2622, 188.00
1122, 1764, 44, 0, 0.9333, 5.7743, 5.4930, -1.7803, 0.8400, 229.56
1122, 1772, 13, 85, 0.6000, 39.3731, 3.6999, 39.1989, 0.1800, 192.00
1122, 1711, 69, 4, 0.6222, 28.4070, 15.7331, -23.6522, 0.3111, 183.80
1122, 1716, 58, 102, 0.6806, 9.8900, -8.1329, 5.6274, 0.4083, 167.50
1122, 1725, 21, 90, 0.7881, 0.0000, 0.0000, 0.0000, 0.5517, 188.14
1122, 1749, 128, -10, 0.5000, 28.2672, 4.7957, -27.8574, 0.1500, 116.00
1122, 1765, -20, 15, 0.6111, 37.3055, -36.8809, 5.6123, 0.3056, 187.60
1123, 1723, 58, 41, 1.0000, 1.1089, 1.0028, -0.4732, 1.0000, 221.40
1123, 1749, 106, 2, 0.6556, 11.3445, -9.9526, -5.4446, 0.2622, 124.50
1123, 1762, 70, 68, 0.6000, 59.8061, -23.6697, -54.9228, 0.1800, 134.00
1123, 1764, 59, 3, 0.9889, 14.5921, 14.3664, 2.5561, 0.9889, 225.80
1123, 1772, 3, 101, 0.6556, 20.3962, -8.0342, 18.7472, 0.2622, 185.75
1123, 1711, 72, 1, 0.6806, 6.6183, 4.2437, -5.0787, 0.4083, 191.00
1123, 1725, 21, 90, 0.8451, 0.0000, 0.0000, 0.0000, 0.6761, 187.88
1123, 1779, 110, 11, 0.6000, 12.8348, -8.2729, -9.8129, 0.1800, 133.67
1123, 1763, -2, 146, 0.5556, 45.7723, -14.6365, 43.3690, 0.2222, 188.00
1124, 1723, 58, 43, 1.0000, 1.2005, 0.3064, 1.1607, 1.0000, 222.52
1124, 1749, 98, 5, 0.7111, 8.5604, -8.4128, 1.5832, 0.3556, 131.00
1124, 1762, 34, 16, 0.6556, 62.9956, -34.6795, -52.5907, 0.2622, 153.00
1124, 1772, 1, 101, 0.7111, 3.6814, -2.6835, 2.5203, 0.3556, 181.60
1124, 1725, 21, 90, 0.9019, 0.0000, 0.0000, 0.0000, 0.8117, 187.33
1124, 1779, 105, 4, 0.6556, 9.7271, -5.8518, -7.7700, 0.2622, 138.50
1125, 1723, 59, 43, 1.0000, 0.9034, 0.7065, 0.5631, 1.0000, 223.14
1125, 1767, 82, 54, 0.6000, 17.4876, 10.3426, 14.1014, 0.1800, 217.00
1125, 1770, 39, 5, 0.6000, 10.9240, 10.2674, 3.7299, 0.1800, 217.67
1125, 1725, 21, 90, 0.9583, 0.0000, 0.0000, 0.0000, 0.9583, 187.30
1125, 1780, 38, 49, 0.6000, 26.5697, -21.2411, 15.9613, 0.1800, 200.33
1125, 1762, -1, -37, 0.5556, 62.9956, -34.6795, -52.5907, 0.2222, 153.00
1125, 1772, -2, 104, 0.6111, 3.6814, -2.6835, 2.5203, 0.3056, 181.60
1125, 1779, 99, -4, 0.5556, 9.7271, -5.8518, -7.7700, 0.2222, 138.50
1126, 1723, 59, 43, 1.0000, 0.2623, 0.2550, 0.0615, 1.0000, 223.83
1126, 1767, 94, 79, 0.6556, 26.2808, 11.2944, 23.7301, 0.2622, 200.62
1126, 1725, 17, 106, 0.9646, 14.6870, -3.7377, 14.2034, 0.9646, 184.91
1126, 1780, 20, 87, 0.6556, 39.2173, -18.1645, 34.7569, 0.2622, 197.50
1126, 1792, 38, 96, 0.6000, 55.2667, -53.2155, 14.9171, 0.1800, 158.17
1126, 1770, 50, 8, 0.5000, 10.9240, 10.2674, 3.7299, 0.1500, 217.67
1127, 1723, 60, 44, 1.0000, 0.9796, 0.7228, 0.6613, 1.0000, 225.12
1127, 1767, 96, 84, 0.7111, 7.7415, 3.5626, 6.8730, 0.3556, 191.90
1127, 1779, 100, 2, 0.7111, 1.2156, -0.5422, 1.0880, 0.3556, 151.60
1127, 1780, 18, 105, 0.7111, 20.2714, -3.8972, 19.8932, 0.3556, 191.40
1127, 1732, 45, 120, 0.5625, 30.8189, 24.4226, 18.7974, 0.2250, 164.25
1127, 1788, 77, 73, 0.6000, 15.6372, 10.6244, 11.4736, 0.1800, 192.00
1127, 1792, -16, 111, 0.5000, 55.2667, -53.2155, 14.9171, 0.1500, 158.17
1128, 1723, 61, 44, 1.0000, 1.0344, 0.9956, 0.2807, 1.0000, 225.28
1128, 1757, 2, 90, 0.6000, 25.8264, -6.7172, 24.9376, 0.1800, 181.50
1128, 1767, 107, 97, 0.7667, 15.5212, 9.6496, 12.1570, 0.4600, 177.81
1128, 1769, 1, 30, 0.7056, 0.7567, 0.7567, -0.0045, 0.2822, 225.38
1128, 1770, 56, 0, 0.6556, 5.3065, 4.5753, -2.6880, 0.2622, 213.25
1128, 1784, 30, 1, 0.6000, 9.2435, 2.7289, -8.8315, 0.1800, 220.33
1128, 1788, 84, 76, 0.6556, 8.9600, 7.8436, 4.3312, 0.2622, 206.25
1128, 1789, 109, 65, 0.6000, 1.0420, 1.0420, 0.0000, 0.1800, 139.33
1128, 1792, 2, 101, 0.6556, 13.3297, -13.3048, 0.8148, 0.2622, 159.38
1128, 1780, 14, 125, 0.6111, 20.2714, -3.8972, 19.8932, 0.3056, 191.40
1129, 1723, 61, 44, 1.0000, 0.3284, 0.3278, 0.0198, 1.0000, 224.73
1129, 1769, 2, 30, 0.7611, 1.0405, 1.0405, -0.0030, 0.3806, 230.30
1129, 1770, 74, 4, 0.7111, 17.3393, 17.0026, 3.4004, 0.3556, 211.40
1129, 1775, 84, 95, 0.6000, 68.0919, -31.9317, 60.1404, 0.1800, 133.00
1129, 1783, 20, 89, 0.6000, 18.6843, 15.2735, 10.7621, 0.1800, 175.33
1129, 1788, 89, 87, 0.7111, 11.3189, 5.3037, 9.9995, 0.3556, 195.40
1129, 1789, 100, 80, 0.6556, 14.9018, -7.3836, 12.9440, 0.2622, 137.75
1129, 1795, 24, 17, 0.6000, 46.5936, -23.2874, -40.3566, 0.1800, 208.00
1129, 1796, 26, 102, 0.6000, 53.3969, -53.2624, 3.7879, 0.1800, 146.33
1129, 1757, -4, 115, 0.5000, 25.8264, -6.7172, 24.9376, 0.1500, 181.50
1129, 1784, 33, -8, 0.5000, 9.2435, 2.7289, -8.8315, 0.1500, 220.33
1129, 1792, -11, 102, 0.5556, 13.3297, -13.3048, 0.8148, 0.2222, 159.38
1130, 1723, 59, 43, 1.0000, 1.6149, -1.4321, -0.7462, 1.0000, 224.11
1130, 1770, 79, 5, 0.7667, 6.4585, 6.2703, 1.5480, 0.4600, 205.83
1130, 1783, 23, 91, 0.6556, 5.7964, 4.7322, 3.3474, 0.2622, 178.50
1130, 1788, 108, 99, 0.7667, 20.5174, 16.9304, 11.5899, 0.4600, 179.83
1130, 1789, 84, 99, 0.7111, 23.8890, -15.0812, 18.5268, 0.3556, 137.60
1130, 1794, 4, 79, 0.6000, 50.6766, -19.6466, 46.7133, 0.1800, 193.00
1130, 1769, 3, 30, 0.6611, 1.0405, 1.0405, -0.0030, 0.3306, 230.30
1130, 1775, 52, 156, 0.5000, 68.0919, -31.9317, 60.1404, 0.1500, 133.00
1130, 1795, 1, -24, 0.5000, 46.5936, -23.2874, -40.3566, 0.1500, 208.00
1130, 1796, -27, 106, 0.5000, 53.3969, -53.2624, 3.7879, 0.1500, 146.33
1131, 1723, 62, 45, 1.0000, 2.3730, 2.1187, 1.0689, 1.0000, 224.64
1131, 1769, 4, 31, 0.8167, 1.1653, 1.0256, 0.5532, 0.4900, 227.42
1131, 1770, 80, 6, 0.8222, 1.7160, 1.4807, 0.8672, 0.5756, 205.86
1131, 1777, 114, 65, 0.6000, 1.8754, 1.8753, 0.0137, 0.1800, 123.67
1131, 1711, 20, 4, 0.9646, 16.7485, -16.7365, 0.6343, 0.9646, 195.73
1131, 1783, 29, 98, 0.7111, 8.3051, 5.8296, 5.9152, 0.3556, 175.60
1131, 1738, 17, 17, 0.5625, 51.8877, -44.2723, -27.0611, 0.2250, 219.25
1131, 1790, 91, 75, 0.6000, 2.8599, 0.8114, 2.7423, 0.1800, 185.67
1131, 1788, 125, 110, 0.6667, 20.5174, 16.9304, 11.5899, 0.4000, 179.83
1131, 1789, 69, 117, 0.6111, 23.8890, -15.0812, 18.5268, 0.3056, 137.60
1131, 1794, -16, 126, 0.5000, 50.6766, -19.6466, 46.7133, 0.1500, 193.00
1132, 1723, 63, 45, 1.0000, 1.3571, 1.2101, 0.6144, 1.0000, 224.79
1132, 1757, 5, 123, 0.6556, 4.5953, 2.6897, 3.7259, 0.2622, 173.38
1132, 1770, 80, 6, 0.8778, 0.4107, 0.4013, 0.0876, 0.7022, 204.75
1132, 1777, 88, 69, 0.6556, 22.4645, -22.1450, 3.7754, 0.2622, 132.50
1132, 1783, 33, 99, 0.7667, 4.9201, 4.5913, 1.7686, 0.4600, 175.67
1132, 1790, 93, 75, 0.7056, 2.0115, 1.8354, 0.8231, 0.2822, 198.25
1132, 1794, 0, 122, 0.6556, 18.1426, 0.2225, 18.1412, 0.2622, 182.50
1132, 1769, 5, 32, 0.7167, 1.1653, 1.0256, 0.5532, 0.4300, 227.42
1132, 1711, 3, 5, 0.8646, 16.7485, -16.7365, 0.6343, 0.8646, 195.73
1132, 1789, 54, 136, 0.5111, 23.8890, -15.0812, 18.5268, 0.2556, 137.60
1133, 1723, 69, 50, 1.0000, 6.6704, 5.1012, 4.2979, 1.0000, 224.70
1133, 1769, 6, 31, 0.8722, 0.9973, 0.9966, -0.0385, 0.6106, 225.79
1133, 1777, 59, 66, 0.7111, 28.3044, -28.1996, -2.4339, 0.3556, 145.80
1133, 1786, 34, 53, 0.6000, 0.9416, 0.0117, 0.9415, 0.1800, 213.67
1133, 1790, 96, 75, 0.7611, 2.8595, 2.8589, -0.0579, 0.3806, 207.20
1133, 1757, 7, 127, 0.5556, 4.5953, 2.6897, 3.7259, 0.2222, 173.38
1133, 1783, 38, 101, 0.6667, 4.9201, 4.5913, 1.7686, 0.4000, 175.67
1133, 1794, 0, 140, 0.5556, 18.1426, 0.2225, 18.1412, 0.2222, 182.50
1134, 1723, 95, 71, 1.0000, 28.7055, 22.4048, 17.9452, 1.0000, 225.56
1134, 1769, 17, 30, 0.8778, 10.3222, 10.2899, -0.8153, 0.7022, 223.44
1134, 1777, 34, 55, 0.7667, 27.9786, -25.8718, -10.6515, 0.4600, 159.33
1134, 1741, 72, 51, 0.5625, 44.4421, -22.4564, -38.3512, 0.2250, 142.25
1134, 1785, 67, 3, 0.6000, 60.7824, 59.1852, -13.8426, 0.1800, 201.67
1134, 1786, 59, 43, 0.6556, 23.7260, 22.0154, -8.8457, 0.2622, 210.00
1134, 1790, 115, 66, 0.7667, 19.2797, 17.6379, -7.7852, 0.4600, 192.50
1134, 1807, 18, 91, 0.6000, 16.3443, 8.4642, -13.9818, 0.1800, 166.67
1134, 1783, 42, 102, 0.5667, 4.9201, 4.5913, 1.7686, 0.3400, 175.67
1135, 1769, 35, 30, 0.9333, 16.7098, 16.7070, -0.3067, 0.8400, 218.83
1135, 1783, 33, 98, 0.8222, 1.4227, -1.2063, -0.7542, 0.5756, 175.71
1135, 1785, 112, 6, 0.6556, 47.1351, 47.1201, 1.1893, 0.2622, 189.50
1135, 1786, 107, 30, 0.7111, 46.4460, 44.7227, -12.5343, 0.3556, 195.00
1135, 1802, 7, 93, 0.6000, 6.2443, 6.0232, -1.6471, 0.1800, 175.67
1135, 1803, 69, 51, 0.6556, 11.7415, -8.3025, 8.3025, 0.2622, 189.00
1135, 1807, 11, 75, 0.6556, 15.8884, -4.4404, -15.2553, 0.2622, 171.50
1135, 1809, 63, 46, 0.6000, 36.5719, 34.5574, 11.9705, 0.1800, 209.67
1136, 1769, 55, 19, 0.9889, 22.3795, 20.1124, -9.8147, 0.9889, 216.45
1136, 1741, 67, 2, 0.6222, 23.0768, -0.5815, -23.0695, 0.3111, 155.80
1136, 1783, 34, 104, 0.8778, 5.6489, 0.4541, 5.6307, 0.7022, 175.00
1136, 1799, 80, 40, 0.6000, 12.6971, -6.4173, 10.9560, 0.1800, 187.00
1136, 1802, 21, 107, 0.6556, 17.1608, 12.6554, 11.5903, 0.2622, 171.25
1136, 1803, 62, 64, 0.7111, 15.0561, -7.6330, 12.9778, 0.3556, 191.20
1136, 1806, 98, 92, 0.6000, 14.6856, 8.1073, -12.2450, 0.1800, 123.67
1136, 1809, 103, 72, 0.6556, 45.8031, 39.1323, 23.8031, 0.2622, 220.50
1136, 1785, 159, 8, 0.5556, 47.1351, 47.1201, 1.1893, 0.2222, 189.50
1136, 1786, 151, 17, 0.6111, 46.4460, 44.7227, -12.5343, 0.3056, 195.00
1136, 1807, 7, 60, 0.5556, 15.8884, -4.4404, -15.2553, 0.2222, 171.50
1137, 1744, 26, 106, 0.5625, 22.4937, -8.5028, 20.8248, 0.2250, 177.75
1137, 1800, 79, 42, 0.6000, 9.6341, -2.7662, -9.2285, 0.1800, 186.67
1137, 1806, 106, 74, 0.6556, 19.2795, 7.7867, -17.6370, 0.2622, 155.25
1137, 1810, 16, 58, 0.6000, 22.1716, 10.2878, -19.6403, 0.1800, 185.67
1137, 1811, 3, 107, 0.6000, 12.4477, 1.9174, -12.2991, 0.1800, 158.00
1137, 1769, 75, 9, 0.8889, 22.3795, 20.1124, -9.8147, 0.8889, 216.45
1137, 1741, 66, -21, 0.5222, 23.0768, -0.5815, -23.0695, 0.2611, 155.80
1137, 1799, 73, 51, 0.5000, 12.6971, -6.4173, 10.9560, 0.1500, 187.00
1137, 1802, 33, 118, 0.5556, 17.1608, 12.6554, 11.5903, 0.2222, 171.25
1137, 1803, 54, 77, 0.6111, 15.0561, -7.6330, 12.9778, 0.3056, 191.20
1137, 1809, 142, 96, 0.5556, 45.8031, 39.1323, 23.8031, 0.2222, 220.50
1138, 1769, 77, 2, 1.0000, 12.5078, 9.3608, -8.2958, 1.0000, 213.14
1138, 1798, 108, 13, 0.6000, 14.1110, -12.9660, 5.5679, 0.1800, 137.00
1138, 1800, 79, 40, 0.6556, 2.8576, -0.8220, -2.7368, 0.2622, 186.50
1138, 1803, 56, 102, 0.7667, 20.2744, -2.4414, 20.1269, 0.4600, 183.50
1138, 1806, 117, 59, 0.7111, 17.9863, 10.1959, -14.8172, 0.3556, 148.60
1138, 1810, 31, 35, 0.6556, 26.6905, 14.9576, -22.1055, 0.2622, 197.25
1138, 1811, 4, 106, 0.6556, 2.9276, 1.2739, -2.6360, 0.2622, 163.75
1138, 1813, 37, 67, 0.6000, 35.0064, -28.9459, 19.6872, 0.1800, 227.50
1138, 1814, 63, 53, 0.6000, 2.9575, -2.8058, 0.9353, 0.1800, 222.00
1139, 1744, 17, 119, 0.6222, 6.5959, -4.4334, 4.8837, 0.3111, 173.10
1139, 1798, 93, 28, 0.6556, 19.9620, -14.4484, 13.7741, 0.2622, 150.50
1139, 1799, 68, 48, 0.6556, 3.4123, -3.2940, 0.8909, 0.2622, 195.75
1139, 1800, 79, 40, 0.7111, 0.2103, 0.0598, 0.2016, 0.3556, 186.40
1139, 1806, 111, 36, 0.7667, 23.3204, -4.1238, -22.9529, 0.4600, 147.50
1139, 1810, 35, 33, 0.7111, 6.8592, 4.9127, -4.7868, 0.3556, 203.20
1139, 1811, 5, 108, 0.7111, 1.7150, 0.9804, 1.4072, 0.3556, 163.60
1139, 1814, 62, 53, 0.7056, 1.5627, -1.5406, 0.2619, 0.2822, 225.00
1139, 1813, 8, 87, 0.5000, 35.0064, -28.9459, 19.6872, 0.1500, 227.50
1140, 1744, 15, 120, 0.6806, 1.8174, -1.5231, 0.9916, 0.4083, 170.42
1140, 1798, 91, 33, 0.7111, 7.5492, -3.6181, 6.6257, 0.3556, 156.40
1140, 1799, 68, 49, 0.7111, 0.7468, 0.3037, 0.6823, 0.3556, 202.60
1140, 1800, 79, 41, 0.7667, 0.4968, 0.1427, 0.4759, 0.4600, 186.17
1140, 1807, 6, 30, 0.7111, 6.9623, 0.0956, -6.9616, 0.3556, 177.80
1140, 1810, 35, 19, 0.7667, 13.1366, 0.4587, -13.1286, 0.4600, 204.00
1140, 1811, 5, 109, 0.7667, 0.9395, 0.1882, 0.9205, 0.4600, 169.67
1140, 1813, 17, 115, 0.6556, 25.6110, -8.1438, 24.2817, 0.2622, 214.62
1140, 1814, 60, 54, 0.7611, 1.8764, -1.7255, 0.7372, 0.3806, 226.80
1141, 1719, 47, 102, 0.5625, 27.0399, -15.4394, 22.1987, 0.2250, 175.25
1141, 1799, 69, 49, 0.7667, 0.5347, 0.5179, 0.1330, 0.4600, 209.83
1141, 1811, 6, 109, 0.8222, 0.7084, 0.6931, 0.1465, 0.5756, 174.86
1141, 1814, 59, 54, 0.8167, 1.2222, -1.1979, 0.2429, 0.4900, 227.67
1141, 1744, 14, 121, 0.5806, 1.8174, -1.5231, 0.9916, 0.3483, 170.42
1141, 1798, 87, 40, 0.6111, 7.5492, -3.6181, 6.6257, 0.3056, 156.40
1141, 1800, 79, 41, 0.6667, 0.4968, 0.1427, 0.4759, 0.4000, 186.17
1141, 1813, 8, 139, 0.5556, 25.6110, -8.1438, 24.2817, 0.2222, 214.62
1142, 1719, 35, 116, 0.6222, 19.1101, -11.7382, 15.0802, 0.3111, 171.80
1142, 1811, 19, 93, 0.8778, 18.7018, 11.6962, -14.5930, 0.7022, 176.62
1142, 1814, 57, 55, 0.8722, 1.8856, -1.7313, 0.7469, 0.6106, 231.00
1142, 1817, 65, 3, 0.6000, 11.2619, -11.2230, 0.9353, 0.1800, 187.00
1142, 1818, 60, 54, 0.6000, 4.6763, -4.6763, 0.0000, 0.1800, 206.00
1142, 1800, 79, 42, 0.5667, 0.4968, 0.1427, 0.4759, 0.3400, 186.17
1143, 1719, 21, 122, 0.6806, 15.1972, -13.7513, 6.4696, 0.4083, 168.17
1143, 1800, 91, 36, 0.8222, 5.3542, 4.9059, -2.1447, 0.5756, 184.14
1143, 1814, 55, 55, 0.9278, 2.0282, -2.0120, 0.2556, 0.7422, 227.94
1143, 1817, 27, 15, 0.6556, 35.7675, -34.0888, 10.8288, 0.2622, 192.25
1143, 1818, 45, 64, 0.6556, 15.7517, -13.3860, 8.3025, 0.2622, 204.25
1143, 1819, 126, 84, 0.6000, 2.1807, 1.9875, 0.8974, 0.1800, 118.33
1144, 1814, 55, 56, 0.9833, 0.9190, -0.5407, 0.7431, 0.8850, 226.72
1144, 1817, 8, 32, 0.7111, 26.4337, -20.9847, 16.0743, 0.3556, 194.00
1144, 1818, 18, 92, 0.7111, 36.5184, -25.6863, 25.9579, 0.3556, 196.60
1144, 1776, 101, 71, 0.5625, 21.4476, -21.3700, 1.8236, 0.2250, 207.25
1144, 1719, 8, 128, 0.5806, 15.1972, -13.7513, 6.4696, 0.3483, 168.17
1144, 1819, 128, 85, 0.5000, 2.1807, 1.9875, 0.8974, 0.1500, 118.33
1145, 1814, 53, 56, 1.0000, 1.4374, -1.4137, 0.2598, 1.0000, 226.05
1145, 1816, 115, 91, 0.6000, 24.8044, -10.7154, 22.3705, 0.1800, 125.83
1145, 1818, 14, 116, 0.7667, 25.5330, -6.3147, 24.7399, 0.4600, 191.33
1145, 1766, 17, 98, 0.5250, 15.9654, -0.0140, -15.9654, 0.3150, 172.83
1145, 1817, -13, 48, 0.6111, 26.4337, -20.9847, 16.0743, 0.3056, 194.00
1146, 1814, 70, 52, 1.0000, 14.8478, 14.3737, -3.7223, 1.0000, 227.05
1146, 1815, 11, 111, 0.6000, 1.3148, 0.9151, 0.9440, 0.1800, 176.67
1146, 1816, 121, 125, 0.6556, 33.1583, 4.2510, 32.8846, 0.2622, 115.62
1146, 1776, 77, 51, 0.6222, 15.6828, -10.7442, -11.4243, 0.3111, 205.80
1146, 1820, 109, 95, 0.6000, 68.4317, 67.8438, -8.9507, 0.1800, 137.67
1147, 1815, 12, 111, 0.7056, 1.0702, 1.0366, 0.2660, 0.2822, 180.75
1147, 1776, 72, 49, 0.6806, 6.1475, -5.6685, -2.3790, 0.4083, 211.75
1147, 1824, 25, 24, 0.6000, 11.4432, 6.5937, -9.3525, 0.1800, 212.33
1147, 1816, 126, 158, 0.5556, 33.1583, 4.2510, 32.8846, 0.2222, 115.62
1147, 1820, 177, 86, 0.5000, 68.4317, 67.8438, -8.9507, 0.1500, 137.67
1148, 1815, 12, 111, 0.7611, 0.2628, 0.2615, -0.0256, 0.3806, 176.60
1148, 1818, 29, 124, 0.9333, 6.1250, 5.7946, 1.9843, 0.8400, 177.78
1148, 1766, 42, 63, 0.5841, 14.7461, 10.0451, -10.7956, 0.4089, 176.71
1148, 1824, 55, 4, 0.6556, 33.5459, 27.4910, -19.2243, 0.2622, 211.00
1148, 1776, 66, 47, 0.5806, 6.1475, -5.6685, -2.3790, 0.3483, 211.75
1149, 1812, 35, 60, 0.6000, 20.6091, -14.0954, 15.0351, 0.1800, 199.00
1149, 1815, 20, 93, 0.7667, 17.4883, 6.8280, -16.1003, 0.4600, 178.67
1149, 1819, 127, 109, 0.7056, 5.3325, -0.4571, 5.3129, 0.2822, 119.75
1149, 1818, 35, 126, 0.8333, 6.1250, 5.7946, 1.9843, 0.7500, 177.78
1149, 1824, 83, -16, 0.5556, 33.5459, 27.4910, -19.2243, 0.2222, 211.00
1150, 1804, 30, 19, 0.6000, 25.3838, -8.6025, -23.8817, 0.1800, 206.33
1150, 1812, 16, 59, 0.6556, 18.4783, -18.4332, 1.2905, 0.2622, 199.50
1150, 1773, 90, 49, 0.5625, 5.3247, 3.6941, 3.8349, 0.2250, 193.75
1150, 1819, 127, 114, 0.6056, 5.3325, -0.4571, 5.3129, 0.2422, 119.75
1151, 1801, 37, 105, 1.0000, 23.1420, -15.9963, 16.7234, 1.0000, 173.33
1151, 1804, 29, 15, 0.6556, 7.0466, -2.3848, -6.6308, 0.2622, 207.25
1151, 1812, -3, 61, 0.5556, 18.4783, -18.4332, 1.2905, 0.2222, 199.50
1152, 1801, 28, 123, 1.0000, 20.0318, -9.9007, 17.4140, 1.0000, 171.89
1152, 1804, 29, 17, 0.7111, 0.7009, 0.2387, 0.6590, 0.3556, 210.60
1152, 1821, 52, 77, 0.6000, 32.7282, -4.6527, -32.3958, 0.1800, 166.67
1152, 1791, 36, 102, 0.5625, 23.4560, 21.5108, -9.3525, 0.2250, 163.50
1153, 1821, 33, 22, 0.6556, 54.8565, -17.2894, -52.0606, 0.2622, 177.25
1153, 1832, 3, 98, 0.6000, 0.9364, 0.9353, 0.0469, 0.1800, 174.17
1153, 1801, 18, 140, 0.9000, 20.0318, -9.9007, 17.4140, 0.9000, 171.89
1154, 1801, 29, 128, 1.0000, 1.9815, 1.9167, 0.5027, 1.0000, 170.75
1154, 1773, 114, 47, 0.6222, 6.8941, 6.6943, -1.6477, 0.3111, 182.20
1154, 1831, 74, 61, 0.6000, 75.4651, 43.3936, -61.7412, 0.1800, 173.50
1154, 1832, 4, 99, 0.7056, 1.2634, 1.0167, 0.7500, 0.2822, 174.12
1154, 1821, 16, -30, 0.5556, 54.8565, -17.2894, -52.0606, 0.2222, 177.25
1155, 1791, 69, 125, 0.6222, 14.4336, 8.8145, 11.4296, 0.3111, 154.00
1155, 1832, 4, 100, 0.7611, 1.0631, 0.2511, 1.0331, 0.3806, 174.30
1155, 1773, 121, 45, 0.5222, 6.8941, 6.6943, -1.6477, 0.2611, 182.20
1155, 1831, 117, 0, 0.5000, 75.4651, 43.3936, -61.7412, 0.1500, 173.50
1156, 1804, 11, 19, 0.9333, 1.8311, 1.6812, 0.7257, 0.8400, 213.00
1156, 1773, 125, 40, 0.6806, 6.5913, 5.4120, -3.7624, 0.4083, 169.17
1156, 1828, 1, 51, 0.6000, 38.7981, 0.9020, -38.7876, 0.1800, 184.67
1156, 1832, 11, 116, 0.7667, 16.0013, 6.0628, 14.8082, 0.4600, 168.25
1156, 1781, 49, 43, 0.5625, 22.5299, 21.5577, 6.5468, 0.2250, 215.75
1156, 1791, 78, 137, 0.5222, 14.4336, 8.8145, 11.4296, 0.2611, 154.00
1157, 1805, 28, 38, 0.6000, 19.9215, -12.5643, -15.4598, 0.1800, 209.83
1157, 1828, 6, 28, 0.6556, 24.6509, 4.8439, -24.1703, 0.2622, 188.50
1157, 1774, 53, 42, 0.5625, 29.5948, -28.9014, 6.3686, 0.2250, 198.25
1157, 1830, 5, 52, 0.6000, 74.3092, -18.0226, -72.0905, 0.1800, 176.00
1157, 1781, 57, 46, 0.6222, 10.3483, 9.7935, 3.3430, 0.3111, 214.20
1158, 1805, 4, 19, 0.6556, 29.0668, -23.0081, -17.7625, 0.2622, 217.62
1158, 1774, 7, 46, 0.6222, 44.0477, -43.9121, 3.4538, 0.3111, 209.20
1158, 1781, 57, 46, 0.6806, 0.8575, 0.7734, 0.3705, 0.4083, 213.33
1158, 1782, 35, 64, 0.5625, 2.7117, -1.9174, 1.9174, 0.2250, 208.00
1158, 1840, 55, 86, 0.6000, 7.5927, 0.9822, 7.5290, 0.1800, 186.33
1158, 1828, 11, 4, 0.5556, 24.6509, 4.8439, -24.1703, 0.2222, 188.50
1158, 1830, -13, -20, 0.5000, 74.3092, -18.0226, -72.0905, 0.1500, 176.00
1159, 1805, -1, 16, 0.7111, 8.1464, -6.7902, -4.5008, 0.3556, 221.70
1159, 1828, 12, 19, 0.7111, 3.0733, 2.6302, -1.5899, 0.3556, 194.50
1159, 1781, 45, 55, 0.7381, 13.5683, -10.3045, 8.8271, 0.5167, 212.57
1159, 1834, 21, 114, 0.7056, 0.7479, 0.7478, -0.0112, 0.2822, 159.42
1159, 1782, 34, 65, 0.6722, 1.8015, -1.2739, 1.2739, 0.3361, 211.20
1159, 1841, 30, 35, 0.6000, 33.7210, 1.8705, 33.6691, 0.1800, 228.67
1159, 1774, -37, 49, 0.5222, 44.0477, -43.9121, 3.4538, 0.2611, 209.20
1159, 1840, 56, 93, 0.5000, 7.5927, 0.9822, 7.5290, 0.1500, 186.33
1160, 1781, 33, 66, 0.7951, 15.5257, -11.7000, 10.2057, 0.6361, 211.88
1160, 1834, 21, 93, 0.7111, 18.3319, 0.2699, -18.3299, 0.3556, 165.33
1160, 1782, 47, 61, 0.6806, 11.7991, 11.2362, -3.6008, 0.4083, 211.00
1160, 1840, 55, 87, 0.6556, 0.4307, -0.0667, -0.4255, 0.2622, 183.00
1160, 1841, 22, 78, 0.6556, 41.6049, -6.2691, 41.1299, 0.2622, 219.50
1160, 1805, -8, 12, 0.6111, 8.1464, -6.7902, -4.5008, 0.3056, 221.70
1161, 1833, 45, 15, 0.6000, 55.5923, -36.5644, -41.8754, 0.1800, 212.50
1161, 1834, 12, 48, 0.7667, 43.7281, -8.4133, -42.9111, 0.4600, 178.11
1161, 1782, 72, 63, 0.7381, 23.6271, 23.5795, 1.4992, 0.5167, 209.43
1161, 1793, 81, 42, 0.5625, 14.9879, -14.0386, -5.2492, 0.2250, 173.50
1161, 1840, 55, 86, 0.7111, 0.5207, -0.0703, -0.5159, 0.3556, 180.80
1161, 1841, 23, 116, 0.7111, 38.1921, -0.2590, 38.1912, 0.3556, 205.80
1162, 1823, 26, 117, 0.6000, 28.4797, -27.6844, -6.6832, 0.1800, 155.17
1162, 1782, 86, 60, 0.7951, 15.2474, 15.0022, -2.7234, 0.6361, 208.12
1162, 1793, 64, 40, 0.6222, 16.0517, -15.9609, -1.7046, 0.3111, 177.60
1162, 1835, 75, 63, 0.6000, 9.7688, -8.1532, 5.3810, 0.1800, 194.00
1162, 1840, 55, 86, 0.7667, 0.1336, -0.0168, -0.1325, 0.4600, 179.33
1162, 1787, 13, 43, 0.5625, 20.3811, -19.5934, 5.6115, 0.2250, 247.00
1162, 1845, 2, 27, 0.6000, 0.9822, 0.9822, 0.0000, 0.1800, 209.33
1162, 1846, 28, 56, 0.6000, 29.3092, -27.0754, 11.2230, 0.1800, 212.00
1162, 1833, 8, -27, 0.5000, 55.5923, -36.5644, -41.8754, 0.1500, 212.50
1162, 1834, 3, 5, 0.6667, 43.7281, -8.4133, -42.9111, 0.4000, 178.11
1162, 1841, 23, 154, 0.6111, 38.1921, -0.2590, 38.1912, 0.3056, 205.80
1163, 1822, 39, 52, 0.6000, 72.3289, -36.4955, -62.4463, 0.1800, 150.00
1163, 1823, 0, 110, 0.6556, 27.5285, -26.5849, -7.1460, 0.2622, 180.12
1163, 1835, 72, 78, 0.6556, 13.4922, -3.2422, 13.0968, 0.2622, 189.00
1163, 1844, 35, 37, 0.6000, 16.5370, -3.5415, 16.1533, 0.1800, 213.67
1163, 1845, 1, 27, 0.7056, 0.4976, -0.4976, 0.0000, 0.2822, 206.75
1163, 1782, 101, 57, 0.6951, 15.2474, 15.0022, -2.7234, 0.5561, 208.12
1163, 1793, 48, 39, 0.5222, 16.0517, -15.9609, -1.7046, 0.2611, 177.60
1163, 1841, 22, 192, 0.5111, 38.1921, -0.2590, 38.1912, 0.2556, 205.80
1163, 1846, 1, 68, 0.5000, 29.3092, -27.0754, 11.2230, 0.1500, 212.00
1164, 1823, -3, 110, 0.7111, 5.4800, -5.3901, -0.9888, 0.3556, 194.70
1164, 1793, 36, 38, 0.6806, 14.0253, -13.9791, -1.1373, 0.4083, 189.67
1164, 1844, 18, 67, 0.6556, 32.3736, -15.5172, 28.4125, 0.2622, 206.75
1164, 1845, 3, 28, 0.7611, 1.4353, 1.2154, 0.7635, 0.3806, 210.00
1164, 1846, 12, 68, 0.6556, 8.0863, -6.0869, 5.3234, 0.2622, 205.50
1164, 1822, 3, -10, 0.5000, 72.3289, -36.4955, -62.4463, 0.1500, 150.00
1164, 1835, 69, 91, 0.5556, 13.4922, -3.2422, 13.0968, 0.2222, 189.00
1165, 1730, 19, 77, 0.5400, 32.2285, 18.0988, -26.6666, 0.2700, 160.73
1165, 1826, 67, 3, 0.6000, 17.0021, 15.2120, -7.5939, 0.1800, 208.00
1165, 1793, 35, 38, 0.7381, 2.1509, -2.1402, -0.2146, 0.5167, 198.71
1165, 1843, 58, 23, 0.6000, 34.3831, 30.9461, 14.9847, 0.1800, 204.67
1165, 1844, 20, 84, 0.7111, 18.2765, 0.0797, 18.2763, 0.3556, 202.00
1165, 1845, 4, 28, 0.8167, 1.3325, 1.3003, 0.2911, 0.4900, 208.17
1165, 1846, 2, 65, 0.7111, 9.1207, -8.8235, -2.3095, 0.3556, 205.60
1165, 1823, -8, 109, 0.6111, 5.4800, -5.3901, -0.9888, 0.3056, 194.70
1166, 1730, 21, 41, 0.6000, 34.9231, 4.3004, -34.6573, 0.3600, 176.44
1166, 1827, 43, 24, 0.6000, 55.3034, 10.4870, -54.3000, 0.1800, 199.00
1166, 1793, 37, 38, 0.7951, 1.9391, 1.9374, 0.0800, 0.6361, 205.50
1166, 1845, 5, 28, 0.8722, 1.0843, 1.0843, 0.0014, 0.6106, 213.00
1166, 1852, 58, 60, 0.6000, 27.0754, -27.0754, 0.0469, 0.1800, 191.00
1166, 1853, 44, 74, 0.6000, 45.6840, 17.7698, -42.0863, 0.1800, 164.67
1166, 1826, 82, -4, 0.5000, 17.0021, 15.2120, -7.5939, 0.1500, 208.00
1166, 1843, 89, 38, 0.5000, 34.3831, 30.9461, 14.9847, 0.1500, 204.67
1166, 1844, 20, 102, 0.6111, 18.2765, 0.0797, 18.2763, 0.3056, 202.00
1167, 1825, 21, 38, 0.6000, 38.1791, -18.2151, 33.5537, 0.1800, 228.00
1167, 1845, 6, 28, 0.9278, 0.9900, 0.9891, -0.0418, 0.7422, 212.75
1167, 1849, 7, 83, 0.6000, 46.9116, -46.8334, -2.7061, 0.1800, 169.00
1167, 1707, 56, 85, 0.5250, 21.1626, -13.5574, 16.2496, 0.3150, 193.17
1167, 1852, 24, 73, 0.6556, 35.1354, -33.2630, 11.3168, 0.2622, 191.75
1167, 1730, 26, 7, 0.5000, 34.9231, 4.3004, -34.6573, 0.3000, 176.44
1167, 1827, 53, -31, 0.5000, 55.3034, 10.4870, -54.3000, 0.1500, 199.00
1167, 1793, 39, 38, 0.6951, 1.9391, 1.9374, 0.0800, 0.5561, 205.50
1167, 1853, 62, 32, 0.5000, 45.6840, 17.7698, -42.0863, 0.1500, 164.67
1168, 1825, 28, 77, 0.6556, 38.9017, 4.0383, 38.6915, 0.2622, 217.75
1168, 1826, 81, 2, 0.6556, 2.5965, 2.3938, 1.0059, 0.2622, 199.75
1168, 1835, 72, 123, 0.7111, 7.7873, 1.0480, 7.7165, 0.3556, 178.40
1168, 1843, 89, 61, 0.6556, 13.2740, 5.6426, 12.0150, 0.2622, 199.00
1168, 1845, 7, 28, 0.9833, 0.9835, 0.9833, -0.0167, 0.8850, 217.00
1168, 1707, 34, 87, 0.5841, 21.1470, -20.7452, 4.1026, 0.4089, 192.43
1168, 1852, 17, 77, 0.7111, 10.6442, -9.4403, 4.9172, 0.3556, 192.60
1168, 1853, 46, 20, 0.6556, 25.2451, -0.9740, -25.2263, 0.2622, 174.00
1168, 1855, 55, 86, 0.6000, 19.3511, -3.1082, 19.0998, 0.1800, 203.67
1168, 1849, -39, 81, 0.5000, 46.9116, -46.8334, -2.7061, 0.1500, 169.00
1169, 1825, 31, 119, 0.7111, 41.2304, 3.0644, 41.1164, 0.3556, 204.00
1169, 1720, 22, 77, 0.5400, 30.3784, -17.3006, -24.9707, 0.2700, 174.20
1169, 1842, 25, 35, 0.6000, 34.4356, -5.5557, 33.9845, 0.1800, 224.33
1169, 1843, 90, 63, 0.7111, 2.3908, 1.1017, 2.1219, 0.3556, 194.00
1169, 1845, 8, 28, 1.0000, 0.9949, 0.9949, -0.0005, 1.0000, 217.70
1169, 1853, 46, 17, 0.7111, 4.5460, -0.4246, -4.5261, 0.3556, 185.20
1169, 1855, 55, 89, 0.6556, 4.4827, -0.7298, 4.4229, 0.2622, 195.50
1169, 1826, 84, 3, 0.5556, 2.5965, 2.3938, 1.0059, 0.2222, 199.75
1169, 1852, 8, 82, 0.6111, 10.6442, -9.4403, 4.9172, 0.3056, 192.60
1170, 1720, 16, 50, 0.6000, 27.3906, -7.0052, -26.4797, 0.3600, 176.83
1170, 1842, 39, 53, 0.6556, 23.0132, 11.2739, 20.0625, 0.2622, 219.75
1170, 1845, 9, 28, 1.0000, 1.0004, 1.0004, 0.0023, 1.0000, 217.55
1170, 1707, 1, 76, 0.6424, 17.6905, -16.1921, -7.1254, 0.5139, 190.62
1170, 1855, 55, 87, 0.7111, 1.0441, 0.1641, -1.0312, 0.3556, 191.00
1171, 1720, 26, 34, 0.6587, 18.9509, 8.0649, -17.1492, 0.4611, 187.71
1171, 1839, 39, 51, 0.6000, 32.9976, -25.5815, -20.8430, 0.1800, 183.67
1171, 1845, 10, 29, 1.0000, 1.2449, 1.0009, 0.7402, 1.0000, 217.33
1171, 1855, 55, 86, 0.7667, 1.0213, 0.1640, -1.0080, 0.4600, 187.83
1171, 1857, 18, 81, 0.6000, 30.4742, 1.8911, -30.4155, 0.1800, 176.50
1171, 1842, 50, 73, 0.5556, 23.0132, 11.2739, 20.0625, 0.2222, 219.75
1171, 1707, -16, 69, 0.5424, 17.6905, -16.1921, -7.1254, 0.4339, 190.62
1172, 1839, 28, 34, 0.6556, 21.7519, -13.2748, -17.2315, 0.2622, 196.83
1172, 1845, 11, 29, 1.0000, 1.0468, 1.0003, 0.3084, 1.0000, 217.38
1172, 1855, 55, 86, 0.8222, 0.2285, 0.0372, -0.2255, 0.5756, 185.71
1172, 1856, 119, 91, 0.6000, 64.6268, 52.3181, 37.9399, 0.1800, 170.67
1172, 1857, 17, 74, 0.6556, 9.2509, -0.2387, -9.2478, 0.2622, 180.38
1173, 1839, 29, 32, 0.7111, 3.6136, -0.0233, -3.6135, 0.3556, 208.27
1173, 1842, 68, 54, 0.7111, 10.4335, 9.2469, -4.8323, 0.3556, 225.00
1173, 1845, 12, 29, 1.0000, 1.0001, 1.0000, 0.0168, 1.0000, 217.29
1173, 1855, 55, 86, 0.8778, 0.0670, -0.0106, 0.0661, 0.7022, 184.25
1173, 1856, 171, 128, 0.5000, 64.6268, 52.3181, 37.9399, 0.1500, 170.67
1173, 1857, 17, 65, 0.5556, 9.2509, -0.2387, -9.2478, 0.2222, 180.38
1174, 1845, 13, 29, 1.0000, 1.0008, 0.9999, -0.0405, 1.0000, 216.40
1174, 1855, 55, 86, 0.9333, 0.0564, -0.0091, 0.0556, 0.8400, 183.11
1174, 1857, 20, 45, 0.7111, 15.2989, 1.4781, -15.2273, 0.3556, 183.50
1175, 1845, 14, 29, 1.0000, 1.0002, 1.0000, -0.0202, 1.0000, 216.88
1175, 1855, 55, 86, 0.9889, 0.0107, -0.0017, 0.0105, 0.9889, 182.40
1175, 1858, 22, 116, 0.6000, 22.8199, -21.6489, -7.2163, 0.1800, 171.17
1176, 1845, 15, 29, 1.0000, 1.0000, 1.0000, -0.0025, 1.0000, 217.24
1176, 1855, 58, 80, 1.0000, 5.9797, 2.3546, -5.4966, 1.0000, 183.45
1176, 1858, 10, 118, 0.6556, 12.8084, -12.7827, 0.8113, 0.2622, 174.38
1177, 1836, 44, 29, 0.6000, 38.0669, -27.8550, -25.9460, 0.1800, 192.67
1177, 1845, 16, 29, 1.0000, 1.0000, 1.0000, 0.0021, 1.0000, 217.22
1177, 1850, 58, 35, 0.6000, 19.3853, -18.8058, -4.7044, 0.1800, 192.00
1177, 1851, 59, 45, 0.6000, 10.7418, -2.8369, -10.3604, 0.1800, 199.00
1177, 1855, 47, 53, 1.0000, 27.1576, -9.3644, -25.4920, 1.0000, 187.25
1177, 1858, 10, 120, 0.7111, 2.7424, -1.8617, 2.0137, 0.3556, 189.70
1177, 1859, 56, 86, 0.6000, 17.0491, -16.9544, 1.7948, 0.1800, 167.67
1177, 1861, 51, 40, 0.6000, 0.9822, 0.9822, 0.0000, 0.1800, 225.67
1177, 1862, 10, 82, 0.6000, 1.3226, -0.9353, 0.9353, 0.1800, 181.33
1178, 1836, 16, 5, 0.6556, 37.2056, -28.0242, -24.4724, 0.2622, 197.25
1178, 1838, 106, 28, 0.6000, 42.3489, -0.9734, -42.3377, 0.1800, 128.00
1178, 1845, 17, 29, 1.0000, 1.0000, 1.0000, 0.0013, 1.0000, 217.47
1178, 1850, 42, 31, 0.6556, 17.3115, -16.7494, -4.3753, 0.2622, 207.75
1178, 1851, 53, 40, 0.6556, 8.0364, -6.1016, -5.2301, 0.2622, 203.75
1178, 1858, 12, 121, 0.7667, 2.3828, 1.9177, 1.4142, 0.4600, 199.92
1178, 1859, 48, 102, 0.6556, 17.2183, -9.7317, 14.2043, 0.2622, 165.25
1178, 1861, 73, 46, 0.6556, 19.8428, 19.1265, 5.2834, 0.2622, 222.00
1178, 1862, 9, 82, 0.7056, 1.0499, -1.0167, 0.2619, 0.2822, 183.25
1179, 1845, 18, 30, 1.0000, 1.2243, 1.0000, 0.7063, 1.0000, 217.30
1179, 1847, 74, 58, 0.6000, 30.6280, 19.1407, -23.9104, 0.1800, 195.33
1179, 1850, 27, 29, 0.7111, 15.3555, -15.1473, -2.5200, 0.3556, 213.80
1179, 1851, 52, 40, 0.7111, 1.2460, -1.1066, -0.5726, 0.3556, 207.00
1179, 1858, 14, 122, 0.8222, 2.0317, 1.7653, 1.0057, 0.5756, 207.79
1179, 1859, 25, 118, 0.7111, 26.3705, -21.1901, 15.6967, 0.3556, 163.00
1179, 1861, 104, 30, 0.7111, 32.9711, 29.8077, -14.0922, 0.3556, 206.80
1179, 1862, 8, 83, 0.7611, 1.2542, -1.0146, 0.7372, 0.3806, 181.40
1179, 1836, -12, -20, 0.5556, 37.2056, -28.0242, -24.4724, 0.2222, 197.25
1179, 1838, 105, -15, 0.5000, 42.3489, -0.9734, -42.3377, 0.1500, 128.00
1180, 1845, 20, 30, 1.0000, 1.7327, 1.7019, 0.3254, 1.0000, 217.67
1180, 1847, 70, 31, 0.6556, 27.0248, -0.7465, -27.0145, 0.2622, 194.00
1180, 1850, 26, 29, 0.7667, 2.5909, -2.5706, -0.3233, 0.4600, 218.83
1180, 1851, 47, 31, 0.7667, 9.2574, -4.8835, -7.8645, 0.4600, 214.50
1180, 1859, 13, 124, 0.7667, 14.5575, -12.7781, 6.9743, 0.4600, 178.33
1180, 1860, 42, 24, 0.6000, 67.4932, 20.5379, -64.2925, 0.1800, 192.33
1180, 1862, 11, 80, 0.8167, 3.9835, 2.8188, -2.8147, 0.4900, 180.50
1180, 1861, 134, 16, 0.6111, 32.9711, 29.8077, -14.0922, 0.3056, 206.80
1181, 1737, 22, 89, 0.5400, 64.3154, -45.4737, 45.4819, 0.2700, 197.60
1181, 1851, 46, 28, 0.8222, 3.7998, -0.9388, -3.6820, 0.5756, 217.14
1181, 1829, 97, 68, 0.5625, 16.9602, 16.8769, 1.6785, 0.2250, 179.50
1181, 1845, 22, 30, 0.9000, 1.7327, 1.7019, 0.3254, 0.9000, 217.67
1181, 1847, 70, 4, 0.5556, 27.0248, -0.7465, -27.0145, 0.2222, 194.00
1181, 1859, 1, 131, 0.6667, 14.5575, -12.7781, 6.9743, 0.4000, 178.33
1181, 1860, 63, -40, 0.5000, 67.4932, 20.5379, -64.2925, 0.1500, 192.33
1181, 1862, 14, 77, 0.7167, 3.9835, 2.8188, -2.8147, 0.4300, 180.50
1182, 1845, 22, 30, 1.0000, 1.0505, 1.0485, -0.0653, 1.0000, 217.59
1182, 1847, 59, 21, 0.7111, 6.3397, -6.2021, -1.3139, 0.3556, 195.60
1182, 1829, 122, 45, 0.6222, 30.9204, 23.5981, -19.9800, 0.3111, 168.00
1182, 1863, 70, 32, 0.6000, 14.0664, 11.2700, 8.4173, 0.1800, 195.33
1182, 1851, 45, 25, 0.7222, 3.7998, -0.9388, -3.6820, 0.5056, 217.14
1183, 1845, 23, 30, 1.0000, 0.9719, 0.9709, -0.0454, 1.0000, 218.43
1183, 1851, 41, 10, 0.8778, 10.0703, -2.8013, -9.6728, 0.7022, 216.12
1183, 1863, 98, 65, 0.6556, 39.7719, 25.7816, 30.2840, 0.2622, 185.00
1183, 1829, 145, 25, 0.5222, 30.9204, 23.5981, -19.9800, 0.2611, 168.00
1184, 1845, 24, 30, 1.0000, 0.9783, 0.9783, -0.0105, 1.0000, 219.00
1184, 1851, 42, 6, 0.9333, 4.8670, 0.8503, -4.7922, 0.8400, 215.33
1184, 1863, 126, 79, 0.7111, 31.8119, 27.8510, 15.3728, 0.3556, 171.60
1185, 1845, 31, 44, 1.0000, 13.0105, 5.7908, 11.6508, 1.0000, 218.32
1185, 1789, 18, 128, 0.5000, 3.3225, -1.6358, 2.8919, 0.4500, 203.44
1185, 1868, 27, 121, 0.6000, 30.2733, 6.2818, 29.6144, 0.1800, 176.33
1185, 1869, 7, 74, 0.6000, 13.3285, 5.5646, -12.1113, 0.1800, 184.33
1185, 1870, 54, 51, 0.6000, 37.7752, 5.5646, -37.3631, 0.1800, 186.33
1185, 1851, 43, 1, 0.8333, 4.8670, 0.8503, -4.7922, 0.7500, 215.33
1186, 1867, 42, 123, 0.6000, 38.2620, -12.3641, 36.2092, 0.1800, 165.33
1186, 1868, 30, 127, 0.6556, 10.0703, 2.6583, 9.7131, 0.2622, 170.25
1186, 1869, 12, 58, 0.6556, 15.6729, 5.3502, -14.7315, 0.2622, 187.00
1186, 1870, 58, 24, 0.6556, 28.2184, 4.5954, -27.8417, 0.2622, 203.00
1186, 1837, 103, 70, 0.5625, 1.3562, 0.9822, 0.9353, 0.2250, 146.25
1186, 1871, 87, 16, 0.6000, 10.7006, 8.4642, 6.5468, 0.1800, 176.00
1186, 1873, 63, 24, 0.6000, 0.9822, 0.9822, 0.0000, 0.1800, 195.67
1186, 1874, 54, 48, 0.6000, 21.5802, -1.7297, 21.5108, 0.1800, 231.17
1186, 1875, 62, 42, 0.6000, 1.9174, 1.9174, 0.0000, 0.1800, 240.00
1186, 1881, 0, 117, 0.6000, 43.9927, -1.7766, 43.9568, 0.1800, 219.67
1186, 1845, 37, 56, 0.9000, 13.0105, 5.7908, 11.6508, 0.9000, 218.32
1186, 1851, 44, -3, 0.7333, 4.8670, 0.8503, -4.7922, 0.6600, 215.33
1187, 1868, 30, 127, 0.7111, 1.0029, 0.9112, 0.4189, 0.3556, 168.40
1187, 1869, 13, 48, 0.7111, 10.7701, 1.2370, -10.6988, 0.3556, 187.40
1187, 1870, 77, 8, 0.7111, 24.4306, 16.9938, -17.5518, 0.3556, 196.60
1187, 1837, 104, 71, 0.6722, 1.4345, 1.0119, 1.0167, 0.3361, 147.20
1187, 1873, 64, 26, 0.7056, 1.8173, 1.0119, 1.5095, 0.2822, 195.00
1187, 1875, 63, 42, 0.7056, 1.2739, 1.2739, 0.0000, 0.2822, 243.00
1187, 1845, 42, 67, 0.8000, 13.0105, 5.7908, 11.6508, 0.8000, 218.32
1187, 1851, 45, -8, 0.6333, 4.8670, 0.8503, -4.7922, 0.5700, 215.33
1187, 1867, 30, 160, 0.5000, 38.2620, -12.3641, 36.2092, 0.1500, 165.33
1187, 1871, 95, 22, 0.5000, 10.7006, 8.4642, 6.5468, 0.1500, 176.00
1187, 1874, 52, 70, 0.5000, 21.5802, -1.7297, 21.5108, 0.1500, 231.17
1187, 1881, -2, 161, 0.5000, 43.9927, -1.7766, 43.9568, 0.1500, 219.67
1188, 1857, 114, 23, 1.0000, 0.6968, -0.3440, 0.6060, 1.0000, 173.35
1188, 1868, 31, 126, 0.7667, 0.8752, 0.7246, -0.4909, 0.4600, 167.50
1188, 1869, 6, 17, 0.7667, 29.2399, -5.6585, -28.6872, 0.4600, 192.50
1188, 1837, 104, 71, 0.7306, 0.3495, 0.2432, 0.2511, 0.4383, 149.50
1188, 1871, 109, 53, 0.6556, 23.1566, 11.4003, 20.1560, 0.2622, 165.00
1188, 1873, 65, 24, 0.7611, 1.3995, 1.0067, -0.9722, 0.3806, 196.20
1188, 1874, 55, 86, 0.6556, 18.8054, 0.5962, 18.7959, 0.2622, 215.38
1188, 1875, 64, 42, 0.7611, 0.9804, 0.9804, 0.0000, 0.3806, 245.40
1188, 1845, 48, 79, 0.7000, 13.0105, 5.7908, 11.6508, 0.7000, 218.32
1189, 1845, 55, 86, 1.0000, 11.8599, 6.1173, 10.1605, 1.0000, 216.50
1189, 1837, 105, 72, 0.7881, 1.0053, 0.7097, 0.7120, 0.5517, 149.57
1189, 1872, 59, 46, 0.6000, 33.6707, -15.1068, 30.0915, 0.1800, 198.33
1189, 1873, 64, 25, 0.8167, 0.5559, -0.5280, 0.1738, 0.4900, 199.39
1189, 1874, 45, 97, 0.7111, 14.9003, -9.1667, 11.7470, 0.3556, 207.10
1189, 1875, 65, 42, 0.8167, 0.9526, 0.9526, 0.0000, 0.4900, 240.58
1189, 1887, 39, 30, 0.6000, 1.0291, 1.0291, 0.0000, 0.1800, 226.00
1189, 1868, 32, 126, 0.6667, 0.8752, 0.7246, -0.4909, 0.4000, 167.50
1189, 1871, 120, 73, 0.5556, 23.1566, 11.4003, 20.1560, 0.2222, 165.00
1190, 1845, 56, 88, 1.0000, 2.9046, 1.5205, 2.4748, 1.0000, 214.89
1190, 1868, 25, 123, 0.8222, 3.8512, -3.4492, -1.7130, 0.5756, 170.57
1190, 1872, 25, 78, 0.6556, 44.5878, -31.4181, 31.6381, 0.2622, 196.75
1190, 1873, 66, 24, 0.8722, 1.2955, 1.1717, -0.5526, 0.6106, 202.98
1190, 1875, 67, 42, 0.8722, 1.7449, 1.7449, 0.0000, 0.6106, 241.64
1190, 1887, 40, 30, 0.7056, 1.0071, 1.0071, 0.0000, 0.2822, 223.50
1190, 1848, 87, 90, 0.5625, 27.1223, 0.0000, 27.1223, 0.2250, 161.00
1190, 1889, 25, 5, 0.6000, 41.6686, -28.9928, -29.9281, 0.1800, 206.33
1190, 1890, 77, 5, 0.6000, 35.5888, -1.8705, -35.5396, 0.1800, 184.00
1190, 1892, 118, 103, 0.6000, 13.0737, -0.8414, -13.0466, 0.1800, 91.33
1190, 1837, 106, 73, 0.6881, 1.0053, 0.7097, 0.7120, 0.4817, 149.57
1190, 1874, 36, 109, 0.6111, 14.9003, -9.1667, 11.7470, 0.3056, 207.10
1191, 1837, 107, 72, 0.8451, 1.0787, 1.0784, -0.0239, 0.6761, 148.00
1191, 1873, 68, 23, 0.9278, 2.2750, 2.0451, -0.9965, 0.7422, 209.48
1191, 1875, 68, 42, 0.9278, 1.2970, 1.2970, 0.0000, 0.7422, 243.31
1191, 1887, 41, 30, 0.7611, 0.9988, 0.9988, 0.0000, 0.3806, 229.40
1191, 1896, 5, 68, 0.6000, 51.4294, 1.9644, -51.3919, 0.1800, 160.83
1191, 1845, 57, 90, 0.9000, 2.9046, 1.5205, 2.4748, 0.9000, 214.89
1191, 1872, -7, 109, 0.5556, 44.5878, -31.4181, 31.6381, 0.2222, 196.75
1191, 1889, -4, -25, 0.5000, 41.6686, -28.9928, -29.9281, 0.1500, 206.33
1191, 1890, 75, -31, 0.5000, 35.5888, -1.8705, -35.5396, 0.1500, 184.00
1191, 1892, 117, 90, 0.5000, 13.0737, -0.8414, -13.0466, 0.1500, 91.33
1192, 1797, 85, 14, 0.5625, 15.9315, -8.2242, -13.6446, 0.2250, 171.50
1192, 1837, 94, 66, 0.8519, 12.6014, -11.3528, -5.4688, 0.7667, 150.11
1192, 1872, -2, 109, 0.7111, 16.9793, -10.4258, 13.4014, 0.3556, 188.80
1192, 1873, 73, 8, 0.9333, 14.7698, 5.1464, -13.8442, 0.8400, 208.65
1192, 1875, 69, 43, 0.9833, 1.2575, 1.0080, 0.7518, 0.8850, 240.83
1192, 1887, 42, 29, 0.8167, 1.2575, 0.9985, -0.7644, 0.4900, 226.17
1192, 1848, 113, 123, 0.6222, 21.0952, 14.5763, 15.2492, 0.3111, 145.20
1192, 1892, 85, 80, 0.6556, 21.4719, -18.3349, -11.1747, 0.2622, 109.25
1192, 1896, 9, 23, 0.6556, 46.2465, 3.5334, -46.1113, 0.2622, 172.62
1192, 1845, 59, 93, 0.8000, 2.9046, 1.5205, 2.4748, 0.8000, 214.89
1193, 1866, 10, 66, 0.6000, 30.3334, -29.8152, -5.5828, 0.1800, 184.00
1193, 1875, 71, 43, 1.0000, 1.7331, 1.7068, 0.3011, 1.0000, 242.05
1193, 1879, 93, 65, 0.6000, 14.3276, 11.0182, 9.1585, 0.1800, 182.67
1193, 1885, 103, 28, 0.6000, 32.8166, 32.0297, 7.1436, 0.1800, 183.67
1193, 1887, 43, 29, 0.8722, 1.0419, 0.9996, -0.2939, 0.6106, 229.71
1193, 1892, 73, 74, 0.7111, 14.1683, -12.7260, -6.2282, 0.3556, 125.80
1193, 1893, 25, 93, 0.6000, 50.0970, -42.4822, -26.5514, 0.1800, 156.00
1193, 1894, 18, 121, 0.6000, 11.5068, -11.4751, -0.8545, 0.1800, 142.67
1193, 1808, 125, 117, 0.5400, 1.0302, 1.0291, 0.0469, 0.2700, 111.80
1193, 1845, 60, 95, 0.7000, 2.9046, 1.5205, 2.4748, 0.7000, 214.89
1193, 1848, 128, 138, 0.5222, 21.0952, 14.5763, 15.2492, 0.2611, 145.20
1193, 1896, 12, -23, 0.5556, 46.2465, 3.5334, -46.1113, 0.2222, 172.62
1194, 1845, 52, 92, 1.0000, 1.7793, -1.6022, 0.7740, 1.0000, 213.07
1194, 1866, 4, 66, 0.6556, 8.7460, -8.7019, -0.8767, 0.2622, 186.25
1194, 1797, 77, 1, 0.6222, 6.4685, -3.4714, -5.4581, 0.3111, 173.20
1194, 1875, 70, 29, 1.0000, 12.6285, -0.2009, -12.6269, 1.0000, 238.14
1194, 1887, 44, 29, 0.9278, 1.0001, 1.0001, -0.0033, 0.7422, 228.62
1194, 1808, 127, 117, 0.6500, 1.7619, 1.7619, -0.0048, 0.3900, 107.00
1194, 1879, 104, 74, 0.5000, 14.3276, 11.0182, 9.1585, 0.1500, 182.67
1194, 1885, 135, 35, 0.5000, 32.8166, 32.0297, 7.1436, 0.1500, 183.67
1194, 1893, -17, 66, 0.5000, 50.0970, -42.4822, -26.5514, 0.1500, 156.00
1194, 1894, 7, 120, 0.5000, 11.5068, -11.4751, -0.8545, 0.1500, 142.67
1195, 1845, 37, 104, 1.0000, 17.0704, -13.2922, 10.7106, 1.0000, 211.21
1195, 1875, 94, 8, 1.0000, 28.6483, 20.4531, -20.0599, 1.0000, 231.46
1195, 1887, 45, 29, 0.9833, 1.0010, 1.0001, 0.0418, 0.8850, 227.22
1195, 1901, 21, 20, 0.6000, 0.9949, 0.0482, 0.9937, 0.1800, 213.00
1195, 1866, -4, 65, 0.5556, 8.7460, -8.7019, -0.8767, 0.2222, 186.25
1195, 1797, 73, -4, 0.5222, 6.4685, -3.4714, -5.4581, 0.2611, 173.20
1195, 1808, 129, 117, 0.5500, 1.7619, 1.7619, -0.0048, 0.3300, 107.00
1196, 1797, 74, 2, 0.6806, 1.4387, -1.0948, 0.9335, 0.4083, 175.17
1196, 1879, 106, 108, 0.6556, 15.5772, 2.8827, 15.3081, 0.2622, 161.50
1196, 1887, 46, 28, 1.0000, 1.2383, 1.0000, -0.7303, 1.0000, 225.10
1196, 1808, 112, 107, 0.6587, 10.5292, -8.9593, -5.5313, 0.4611, 104.14
1196, 1901, 21, 20, 0.7056, 0.2492, -0.0112, 0.2489, 0.2822, 210.00
1197, 1887, 53, 14, 1.0000, 13.6833, 6.2034, -12.1963, 1.0000, 222.55
1197, 1901, 13, 19, 0.7111, 6.9271, -6.8803, -0.8033, 0.3556, 205.60
1197, 1903, 76, 36, 0.6000, 27.5604, 15.1679, -23.0112, 0.1800, 189.33
1197, 1906, 8, 2, 0.6000, 0.9822, 0.0000, 0.9822, 0.1800, 250.67
1197, 1879, 109, 123, 0.5556, 15.5772, 2.8827, 15.3081, 0.2222, 161.50
1198, 1877, 47, 30, 0.6000, 26.0190, -18.8589, -17.9258, 0.1800, 212.50
1198, 1901, 8, 5, 0.7667, 13.7949, -5.6795, -12.5715, 0.4600, 213.50
1198, 1903, 79, 26, 0.6556, 12.7759, 4.7294, -11.8683, 0.2622, 188.25
1198, 1905, 33, 96, 0.6556, 10.6505, 0.7253, 10.6257, 0.2622, 183.50
1198, 1906, 11, 26, 0.6556, 20.7599, 2.2643, 20.6360, 0.2622, 239.00
1198, 1912, 39, 33, 0.6000, 1.3562, 0.9822, 0.9353, 0.1800, 241.33
1198, 1887, 59, 2, 0.9000, 13.6833, 6.2034, -12.1963, 0.9000, 222.55
1199, 1863, 85, 15, 1.0000, 2.4152, 2.1593, -1.0820, 1.0000, 184.50
1199, 1877, 23, 22, 0.6556, 25.4415, -23.5412, -9.6480, 0.2622, 211.62
1199, 1901, 6, 2, 0.8222, 4.3672, -1.9299, -3.9176, 0.5756, 219.00
1199, 1905, 32, 110, 0.7111, 13.0962, -0.5145, 13.0861, 0.3556, 178.90
1199, 1906, 14, 73, 0.7111, 44.9783, 3.1229, 44.8698, 0.3556, 227.20
1199, 1909, 38, 80, 0.6000, 68.2749, -26.9703, 62.7221, 0.1800, 202.00
1199, 1910, 45, 30, 0.6000, 10.3260, 5.1918, 8.9259, 0.1800, 212.33
1199, 1912, 40, 33, 0.7056, 1.0453, 1.0119, 0.2619, 0.2822, 233.00
1199, 1916, 17, 126, 0.6000, 23.2221, -15.9462, 16.8815, 0.1800, 179.00
1199, 1887, 65, -10, 0.8000, 13.6833, 6.2034, -12.1963, 0.8000, 222.55
1199, 1903, 84, 14, 0.5556, 12.7759, 4.7294, -11.8683, 0.2222, 188.25
1200, 1887, 87, 13, 1.0000, 12.7634, 12.5004, 2.5779, 1.0000, 225.08
1200, 1901, 7, 5, 0.8778, 1.8675, 0.0913, 1.8653, 0.7022, 222.88
1200, 1903, 103, 1, 0.7111, 18.4045, 13.4163, -12.5987, 0.3556, 182.20
1200, 1905, 31, 114, 0.7667, 5.8339, -1.0662, 5.7357, 0.4600, 175.50
1200, 1906, 17, 109, 0.7667, 37.1674, 3.1540, 37.0334, 0.4600, 216.83
1200, 1910, 47, 34, 0.6556, 4.5604, 1.6729, 4.2425, 0.2622, 222.50
1200, 1912, 41, 33, 0.7611, 1.0071, 1.0067, -0.0263, 0.3806, 237.00
1200, 1877, -1, 12, 0.5556, 25.4415, -23.5412, -9.6480, 0.2222, 211.62
1200, 1909, 11, 143, 0.5000, 68.2749, -26.9703, 62.7221, 0.1500, 202.00
1200, 1916, 1, 143, 0.5000, 23.2221, -15.9462, 16.8815, 0.1500, 179.00
1201, 1878, 83, 45, 0.6000, 12.9516, 10.4762, -7.6154, 0.1800, 197.50
1201, 1899, 25, 24, 0.6000, 25.4826, -22.9662, 11.0415, 0.1800, 217.33
1201, 1905, 29, 115, 0.8222, 2.1347, -1.8599, 1.0477, 0.5756, 174.29
1201, 1910, 46, 35, 0.7111, 1.1476, -0.0714, 1.1454, 0.3556, 221.40
1201, 1912, 42, 33, 0.8167, 1.0020, 1.0008, -0.0482, 0.4900, 236.83
1201, 1913, 79, 41, 0.6000, 2.9243, -0.9156, -2.7772, 0.1800, 189.33
1202, 1878, 84, 43, 0.6556, 4.1119, 2.9281, -2.8868, 0.2622, 211.38
1202, 1899, 9, 42, 0.6556, 23.8446, -16.7557, 16.9651, 0.2622, 215.00
1202, 1905, 28, 115, 0.8778, 1.3588, -1.3188, 0.3275, 0.7022, 177.50
1202, 1910, 51, 39, 0.7667, 5.6453, 4.3149, 3.6403, 0.4600, 217.33
1202, 1912, 45, 36, 0.8722, 3.3890, 2.5199, 2.2661, 0.6106, 236.00
1202, 1913, 94, 21, 0.6556, 22.7282, 13.4447, -18.3251, 0.2622, 182.00
1203, 1864, 121, 55, 0.6000, 78.7749, 78.7692, -0.9484, 0.1800, 173.00
1203, 1865, 9, 29, 0.6000, 51.2007, -20.1775, -47.0572, 0.1800, 207.67
1203, 1878, 94, 37, 0.7111, 10.3966, 8.8754, -5.4144, 0.3556, 205.10
1203, 1905, 27, 117, 0.9333, 1.8008, -0.9963, 1.5001, 0.8400, 178.67
1203, 1907, 7, 8, 0.6000, 0.9134, -0.0719, 0.9106, 0.1800, 239.33
1203, 1912, 45, 37, 0.9278, 1.8457, 0.8359, 1.6456, 0.7422, 232.50
1203, 1913, 99, 16, 0.7111, 8.1896, 5.0961, -6.4109, 0.3556, 177.60
1203, 1922, 48, 14, 0.6000, 18.6070, 4.7279, -17.9963, 0.1800, 209.67
1203, 1899, -8, 59, 0.5556, 23.8446, -16.7557, 16.9651, 0.2222, 215.00
1203, 1910, 55, 42, 0.6667, 5.6453, 4.3149, 3.6403, 0.4000, 217.33
1204, 1865, 5, 6, 0.6556, 27.2445, -6.2888, -26.5087, 0.2622, 218.50
1204, 1878, 116, 35, 0.7667, 20.6803, 20.5396, -2.4082, 0.4600, 192.75
1204, 1882, 14, 78, 0.6000, 6.0659, 1.9070, -5.7583, 0.1800, 173.00
1204, 1899, 1, 83, 0.7111, 20.9833, -2.0698, 20.8810, 0.3556, 203.80
1204, 1905, 26, 118, 0.9889, 1.6026, -0.9521, 1.2891, 0.9889, 177.50
1204, 1907, 1, 33, 0.6556, 22.9375, -5.2918, 22.3187, 0.2622, 230.12
1204, 1910, 52, 40, 0.8222, 0.4316, 0.0069, 0.4315, 0.5756, 214.86
1204, 1912, 45, 39, 0.9833, 1.8214, -0.0396, 1.8210, 0.8850, 230.00
1204, 1913, 102, 18, 0.7667, 3.9323, 3.8057, 0.9897, 0.4600, 173.67
1204, 1922, 44, 0, 0.6556, 14.7359, -2.4943, -14.5233, 0.2622, 211.50
1204, 1923, 89, 44, 0.6000, 29.3191, -28.2211, 7.9484, 0.1800, 149.00
1204, 1932, 16, 127, 0.6000, 25.4416, -24.3165, 7.4820, 0.1800, 168.00
1204, 1864, 200, 54, 0.5000, 78.7749, 78.7692, -0.9484, 0.1500, 173.00
1205, 1865, 6, 5, 0.7111, 2.8789, 0.3021, -2.8630, 0.3556, 225.20
1205, 1880, 92, 39, 0.6000, 41.3053, 24.0052, -33.6137, 0.1800, 185.33
1205, 1882, 18, 47, 0.6556, 28.2299, 3.5530, -28.0054, 0.2622, 181.50
1205, 1905, 25, 120, 1.0000, 2.0518, -0.9822, 1.8014, 1.0000, 177.91
1205, 1907, -1, 41, 0.7111, 9.0766, -1.9404, 8.8668, 0.3556, 223.30
1205, 1910, 76, 40, 0.8778, 21.6710, 21.6708, -0.0894, 0.7022, 212.12
1205, 1912, 44, 40, 1.0000, 1.5192, -0.8872, 1.2332, 1.0000, 231.20
1205, 1921, 8, 12, 0.6000, 36.1032, -35.3713, -7.2330, 0.1800, 200.67
1205, 1923, 83, 46, 0.6556, 8.5312, -8.1553, 2.5045, 0.2622, 161.50
1205, 1927, 98, 8, 0.6000, 1.9422, 1.7466, -0.8492, 0.1800, 223.33
1205, 1930, 13, 28, 0.6000, 27.4795, -13.3166, -24.0373, 0.1800, 200.00
1205, 1878, 136, 33, 0.6667, 20.6803, 20.5396, -2.4082, 0.4000, 192.75
1205, 1922, 42, -14, 0.5556, 14.7359, -2.4943, -14.5233, 0.2222, 211.50
1205, 1932, -8, 134, 0.5000, 25.4416, -24.3165, 7.4820, 0.1500, 168.00
1206, 1880, 106, 2, 0.6556, 40.0307, 14.8973, -37.1555, 0.2622, 178.50
1206, 1882, 24, 28, 0.7111, 20.4495, 6.3962, -19.4234, 0.3556, 187.80
1206, 1905, 24, 121, 1.0000, 1.6118, -1.0002, 1.2639, 1.0000, 176.67
1206, 1912, 45, 33, 1.0000, 5.7313, 0.3890, -5.7181, 1.0000, 226.73
1206, 1923, 71, 59, 0.7111, 17.1885, -12.2306, 12.0770, 0.3556, 169.60
1206, 1927, 101, 7, 0.7056, 3.0164, 2.8308, -1.0415, 0.2822, 231.25
1206, 1930, 21, 7, 0.6556, 22.3587, 5.0041, -21.7916, 0.2622, 202.50
1206, 1907, -3, 49, 0.6111, 9.0766, -1.9404, 8.8668, 0.3056, 223.30
1206, 1921, -28, 4, 0.5000, 36.1032, -35.3713, -7.2330, 0.1500, 200.67
1207, 1882, 26, 27, 0.7667, 3.8395, 1.9210, -3.3244, 0.4600, 190.83
1207, 1905, 23, 123, 1.0000, 2.0150, -1.0027, 1.7478, 1.0000, 175.69
1207, 1778, 103, 15, 0.5400, 15.3036, -6.4637, -13.8715, 0.2700, 137.80
1207, 1927, 103, 6, 0.7611, 2.5594, 2.3407, -1.0354, 0.3806, 225.90
1207, 1935, 43, 43, 0.6000, 1.0994, -0.8011, 0.7529, 0.1800, 224.83
1207, 1880, 120, -36, 0.5556, 40.0307, 14.8973, -37.1555, 0.2222, 178.50
1207, 1912, 45, 28, 0.9000, 5.7313, 0.3890, -5.7181, 0.9000, 226.73
1207, 1923, 59, 71, 0.6111, 17.1885, -12.2306, 12.0770, 0.3056, 169.60
1207, 1930, 26, -15, 0.5556, 22.3587, 5.0041, -21.7916, 0.2222, 202.50
1208, 1878, 105, 40, 0.8778, 7.7982, -7.4505, 2.3027, 0.7022, 179.69
1208, 1882, 26, 30, 0.8222, 2.4501, 0.5504, 2.3875, 0.5756, 193.00
1208, 1905, 22, 125, 1.0000, 2.2464, -1.0010, 2.0111, 1.0000, 175.64
1208, 1927, 105, 5, 0.8167, 2.2473, 2.0089, -1.0074, 0.4900, 230.75
1208, 1935, 43, 44, 0.7056, 1.1038, -0.2938, 1.0640, 0.2822, 221.38
1208, 1941, 7, 101, 0.6000, 36.6291, -28.9459, 22.4460, 0.1800, 224.67
1209, 1905, 21, 126, 1.0000, 1.6220, -1.0000, 1.2771, 1.0000, 175.67
1209, 1927, 108, 3, 0.8722, 3.2339, 2.7143, -1.7580, 0.6106, 234.21
1209, 1935, 42, 45, 0.7611, 1.3046, -0.7655, 1.0565, 0.3806, 219.30
1209, 1941, -22, 123, 0.5000, 36.6291, -28.9459, 22.4460, 0.1500, 224.67
1210, 1898, 82, 29, 0.6000, 41.3142, 31.5132, 26.7167, 0.1800, 198.00
1210, 1905, 29, 108, 1.0000, 17.1828, 6.6395, -15.8482, 1.0000, 174.88
1210, 1920, 92, 114, 0.6000, 26.7462, -21.5210, 15.8810, 0.1800, 127.33
1210, 1927, 110, 2, 0.9278, 2.6190, 2.2769, -1.2942, 0.7422, 236.81
1210, 1931, 45, 80, 0.9333, 10.4438, -9.0211, -5.2623, 0.8400, 182.22
1210, 1935, 46, 60, 0.7667, 13.7145, 3.5724, 13.2411, 0.4600, 218.42
1210, 1939, 38, 47, 0.6556, 20.4701, 20.4701, -0.0112, 0.2622, 214.00
1210, 1942, 70, 101, 0.6000, 48.8148, 47.6505, 10.5978, 0.1800, 173.33
1210, 1945, 51, 35, 0.6000, 40.0329, 39.3275, 7.4820, 0.1800, 207.00
1211, 1865, 7, 16, 1.0000, 2.4084, 0.2853, 2.3914, 1.0000, 233.00
1211, 1915, 10, 91, 0.6000, 42.3547, -41.6678, 7.5971, 0.1800, 186.33
1211, 1920, 84, 116, 0.6556, 10.7386, -10.0207, 3.8605, 0.2622, 124.25
1211, 1927, 113, 2, 0.9833, 2.7679, 2.7563, -0.2532, 0.8850, 232.78
1211, 1931, 43, 78, 0.9889, 3.5571, -2.8655, -2.1076, 0.9889, 189.50
1211, 1939, 55, 37, 0.7111, 19.0617, 16.7110, -9.1702, 0.3556, 221.20
1211, 1944, 67, 91, 0.6000, 62.3381, -58.2909, -22.0956, 0.1800, 105.67
1211, 1946, 11, 95, 0.6000, 43.8016, -43.0216, 8.2295, 0.1800, 189.33
1211, 1898, 113, 56, 0.5000, 41.3142, 31.5132, 26.7167, 0.1500, 198.00
1211, 1942, 118, 112, 0.5000, 48.8148, 47.6505, 10.5978, 0.1500, 173.33
1211, 1945, 91, 42, 0.5000, 40.0329, 39.3275, 7.4820, 0.1500, 207.00
1212, 1898, 110, 40, 0.6556, 12.6510, 12.3167, 2.8891, 0.2622, 184.00
1212, 1917, 27, 45, 0.6556, 9.1910, 8.0446, 4.4451, 0.2622, 202.25
1212, 1920, 78, 108, 0.7111, 9.1812, -6.2192, -6.7539, 0.3556, 127.20
1212, 1927, 115, 0, 1.0000, 2.6627, 2.2619, -1.4049, 1.0000, 235.00
1212, 1931, 24, 77, 1.0000, 17.0501, -16.9791, -1.5538, 1.0000, 189.09
1212, 1939, 57, 34, 0.7667, 5.4302, 4.1554, -3.4956, 0.4600, 220.67
1212, 1944, 11, 92, 0.6556, 56.7141, -56.6609, -2.4547, 0.2622, 141.75
1212, 1945, 98, 27, 0.6556, 22.2194, 21.5856, -5.2689, 0.2622, 194.50
1212, 1915, -32, 98, 0.5000, 42.3547, -41.6678, 7.5971, 0.1500, 186.33
1212, 1946, -32, 103, 0.5000, 43.8016, -43.0216, 8.2295, 0.1500, 189.33
1213, 1900, 73, 8, 0.6000, 60.6989, 60.5080, -4.8103, 0.1800, 201.33
1213, 1917, 57, 46, 0.7111, 28.6745, 28.6589, 0.9474, 0.3556, 203.40
1213, 1918, 2, 45, 0.6000, 26.7134, -24.6073, 10.3964, 0.1800, 210.17
1213, 1931, 3, 69, 1.0000, 21.7881, -20.6221, -7.0321, 1.0000, 188.50
1213, 1939, 57, 34, 0.8222, 0.1395, -0.1330, 0.0420, 0.5756, 222.00
1213, 1898, 123, 42, 0.5556, 12.6510, 12.3167, 2.8891, 0.2222, 184.00
1213, 1920, 72, 101, 0.6111, 9.1812, -6.2192, -6.7539, 0.3056, 127.20
1213, 1927, 117, -1, 0.9000, 2.6627, 2.2619, -1.4049, 0.9000, 235.00
1213, 1944, -46, 89, 0.5556, 56.7141, -56.6609, -2.4547, 0.2222, 141.75
1213, 1945, 120, 22, 0.5556, 22.2194, 21.5856, -5.2689, 0.2222, 194.50
1214, 1931, 0, 67, 1.0000, 5.6590, -5.0223, -2.6079, 1.0000, 189.38
1214, 1933, 8, 2, 0.6000, 32.1110, -31.4518, -6.4734, 0.1800, 210.67
1214, 1938, 13, 91, 0.6000, 70.6386, 11.0415, 69.7703, 0.1800, 219.67
1214, 1947, 50, 81, 0.6000, 2.1757, 1.9644, 0.9353, 0.1800, 239.00
1214, 1948, 16, 112, 0.6000, 16.2073, 3.7879, 15.7585, 0.1800, 195.33
1214, 1900, 133, 3, 0.5000, 60.6989, 60.5080, -4.8103, 0.1500, 201.33
1214, 1917, 85, 47, 0.6111, 28.6745, 28.6589, 0.9474, 0.3056, 203.40
1214, 1918, -22, 56, 0.5000, 26.7134, -24.6073, 10.3964, 0.1500, 210.17
1214, 1920, 66, 95, 0.5111, 9.1812, -6.2192, -6.7539, 0.2556, 127.20
1214, 1927, 120, -3, 0.8000, 2.6627, 2.2619, -1.4049, 0.8000, 235.00
1215, 1917, 103, 49, 0.7667, 22.7125, 22.6418, 1.7907, 0.4600, 194.83
1215, 1933, 2, 1, 0.6556, 9.5057, -9.3103, -1.9177, 0.2622, 212.50
1215, 1947, 51, 81, 0.7056, 1.2958, 1.2691, 0.2619, 0.2822, 236.38
1215, 1927, 122, -4, 0.7000, 2.6627, 2.2619, -1.4049, 0.7000, 235.00
1215, 1938, 24, 160, 0.5000, 70.6386, 11.0415, 69.7703, 0.1500, 219.67
1215, 1948, 20, 128, 0.5000, 16.2073, 3.7879, 15.7585, 0.1500, 195.33
1216, 1933, 5, 2, 0.7111, 1.4560, 1.4492, 0.1407, 0.3556, 214.60
1216, 1947, 53, 81, 0.7611, 1.7362, 1.7360, -0.0263, 0.3806, 240.10
1216, 1927, 124, -5, 0.6000, 2.6627, 2.2619, -1.4049, 0.6000, 235.00
1217, 1947, 55, 82, 0.8167, 2.1298, 2.0058, 0.7162, 0.4900, 242.58
1217, 1952, 18, 97, 0.6000, 1.3954, 1.0761, 0.8883, 0.1800, 233.00
1217, 1927, 126, -7, 0.5000, 2.6627, 2.2619, -1.4049, 0.5000, 235.00
1218, 1933, 8, 1, 0.8222, 1.2875, 1.2746, -0.1822, 0.5756, 220.86
1218, 1947, 57, 82, 0.8722, 2.0595, 2.0405, 0.2792, 0.6106, 244.36
1218, 1948, 52, 127, 0.6556, 10.4850, 10.4776, 0.3923, 0.2622, 180.50
1218, 1950, 8, 28, 0.6000, 1.4475, -1.0235, 1.0235, 0.1800, 219.67
1218, 1952, 16, 111, 0.6556, 12.4074, -1.2620, 12.3431, 0.2622, 217.75
1218, 1888, 73, 64, 0.5625, 29.7420, 12.2052, 27.1223, 0.2250, 225.75
1218, 1953, 20, 94, 0.6000, 55.8041, -8.3234, 55.1799, 0.1800, 219.00
1219, 1927, 122, 4, 1.0000, 1.3641, 0.5080, 1.2660, 1.0000, 225.36
1219, 1933, 8, 2, 0.8778, 0.8018, 0.1825, 0.7808, 0.7022, 223.42
1219, 1947, 59, 82, 0.9278, 2.0149, 2.0149, 0.0046, 0.7422, 245.69
1219, 1950, 2, 48, 0.6556, 19.1527, -5.7221, 18.2779, 0.2622, 215.50
1219, 1888, 70, 84, 0.6222, 21.2119, -1.1283, 21.1819, 0.3111, 214.80
1219, 1891, 93, 28, 0.5625, 23.8214, -11.9236, -20.6225, 0.2250, 164.75
1219, 1948, 62, 128, 0.5556, 10.4850, 10.4776, 0.3923, 0.2222, 180.50
1219, 1952, 15, 123, 0.5556, 12.4074, -1.2620, 12.3431, 0.2222, 217.75
1219, 1953, 12, 150, 0.5000, 55.8041, -8.3234, 55.1799, 0.1500, 219.00
1220, 1927, 122, 4, 1.0000, 0.1892, 0.0499, 0.1825, 1.0000, 218.25
1220, 1933, 9, 4, 0.9333, 2.0044, 0.6748, 1.8874, 0.8400, 226.59
1220, 1936, 27, 82, 0.6000, 31.3398, -30.3998, -7.6182, 0.1800, 180.67
1220, 1947, 61, 83, 0.9833, 2.1231, 2.0000, 0.7126, 0.8850, 246.06
1220, 1950, 6, 69, 0.7111, 20.7602, 3.3968, 20.4804, 0.3556, 211.40
1220, 1952, 16, 116, 0.7111, 0.8961, -0.0889, 0.8917, 0.3556, 205.40
1220, 1886, 75, 15, 0.5625, 1.0031, 1.0023, 0.0397, 0.2250, 184.25
1220, 1888, 68, 86, 0.6806, 4.6853, -2.0150, 4.2299, 0.4083, 208.67
1220, 1891, 91, 16, 0.6222, 13.7401, -3.4290, -13.3054, 0.3111, 164.40
1221, 1933, 9, 5, 0.9889, 1.3439, 0.2009, 1.3288, 0.9889, 228.53
1221, 1936, 0, 89, 0.6556, 28.5803, -28.1951, 4.6767, 0.2622, 181.25
1221, 1943, 27, 83, 0.6000, 10.1972, -3.7871, -9.4679, 0.1800, 174.67
1221, 1947, 63, 83, 1.0000, 2.0180, 1.9978, 0.2847, 1.0000, 246.25
1221, 1949, 52, 123, 0.6000, 27.5146, 27.4989, 0.9298, 0.1800, 151.67
1221, 1950, 17, 86, 0.7667, 20.5704, 9.7134, 18.1326, 0.4600, 206.00
1221, 1951, 63, 38, 0.6000, 41.6845, 38.4902, -16.0032, 0.1800, 211.00
1221, 1886, 75, 15, 0.6722, 0.2428, 0.2425, -0.0119, 0.3361, 183.40
1221, 1902, 32, 43, 0.5625, 0.9833, 0.0469, 0.9822, 0.2250, 221.00
1221, 1927, 122, 4, 0.9000, 0.1892, 0.0499, 0.1825, 0.9000, 218.25
1221, 1888, 66, 90, 0.5806, 4.6853, -2.0150, 4.2299, 0.3483, 208.67
1221, 1891, 87, 2, 0.5222, 13.7401, -3.4290, -13.3054, 0.2611, 164.40
1222, 1933, 9, 6, 1.0000, 0.9883, -0.0253, 0.9880, 1.0000, 230.67
1222, 1936, -4, 91, 0.7111, 6.9389, -6.3924, 2.6992, 0.3556, 188.00
1222, 1943, 25, 57, 0.6556, 23.9944, -2.5841, -23.8548, 0.2622, 180.00
1222, 1947, 65, 83, 1.0000, 1.9991, 1.9991, 0.0092, 1.0000, 244.18
1222, 1949, 76, 110, 0.6556, 26.6610, 24.2317, -11.1189, 0.2622, 153.25
1222, 1950, 28, 102, 0.8222, 18.8375, 10.8524, 15.3974, 0.5756, 199.86
1222, 1951, 102, 31, 0.6556, 39.3692, 38.6758, -7.3568, 0.2622, 198.50
1222, 1886, 69, 33, 0.6806, 16.8959, -5.3852, 16.0147, 0.4083, 187.33
1222, 1902, 33, 44, 0.6722, 1.2596, 0.7500, 1.0119, 0.3361, 219.60
1222, 1927, 122, 4, 0.8000, 0.1892, 0.0499, 0.1825, 0.8000, 218.25
1223, 1927, 118, 26, 1.0000, 8.8623, -1.6299, 8.7112, 1.0000, 211.85
1223, 1933, 9, 8, 1.0000, 1.7581, -0.0351, 1.7577, 1.0000, 232.28
1223, 1943, 36, 28, 0.7111, 30.3937, 9.4646, -28.8825, 0.3556, 184.60
1223, 1947, 67, 84, 1.0000, 2.1189, 2.0000, 0.7000, 1.0000, 245.08
1223, 1949, 81, 81, 0.7111, 28.1493, 7.6049, -27.1026, 0.3556, 159.60
1223, 1886, 72, 71, 0.7381, 36.0037, 2.4960, 35.9171, 0.5167, 188.00
1223, 1902, 33, 45, 0.7306, 1.0422, 0.2695, 1.0067, 0.4383, 219.33
1223, 1950, 39, 117, 0.7222, 18.8375, 10.8524, 15.3974, 0.5056, 199.86
1223, 1951, 141, 24, 0.5556, 39.3692, 38.6758, -7.3568, 0.2222, 198.50
1224, 1933, 9, 9, 1.0000, 1.2501, -0.0081, 1.2501, 1.0000, 233.72
1224, 1943, 37, 14, 0.7667, 16.1336, 2.4569, -15.9454, 0.4600, 188.33
1224, 1947, 69, 83, 1.0000, 2.0489, 2.0001, -0.4444, 1.0000, 242.50
1224, 1954, 4, 94, 0.6000, 27.8471, -21.8544, -17.2582, 0.1800, 174.67
1224, 1902, 28, 55, 0.7381, 9.7891, -4.5929, 8.6448, 0.5167, 217.57
1224, 1897, 14, 2, 0.5625, 34.8814, -34.4827, -5.2592, 0.2250, 208.88
1224, 1955, 104, 79, 0.6000, 66.2632, 56.6806, 34.3238, 0.1800, 174.00
1224, 1950, 49, 132, 0.6222, 18.8375, 10.8524, 15.3974, 0.4356, 199.86
1224, 1886, 75, 107, 0.6381, 36.0037, 2.4960, 35.9171, 0.4467, 188.00
1225, 1929, 21, 43, 0.6000, 51.1644, -51.0827, -2.8891, 0.1800, 199.67
1225, 1933, 9, 10, 1.0000, 0.9809, 0.0020, 0.9809, 1.0000, 234.88
1225, 1937, 112, 72, 0.6000, 53.1311, -11.5296, -51.8651, 0.1800, 87.00
1225, 1954, 0, 77, 0.6556, 17.6972, -5.8951, -16.6865, 0.2622, 176.75
1225, 1902, 4, 59, 0.7951, 22.1534, -21.6534, 4.6803, 0.6361, 214.12
1225, 1897, -2, 11, 0.6222, 19.9039, -18.4549, 7.4554, 0.3111, 213.30
1225, 1904, 11, 41, 0.5625, 6.0631, 2.6922, 5.4326, 0.2250, 201.25
1225, 1956, 9, 30, 0.6000, 33.5259, -16.8345, 28.9928, 0.1800, 209.00
1225, 1943, 40, -2, 0.6667, 16.1336, 2.4569, -15.9454, 0.4000, 188.33
1225, 1947, 71, 83, 0.9000, 2.0489, 2.0001, -0.4444, 0.9000, 242.50
1225, 1950, 60, 148, 0.5222, 18.8375, 10.8524, 15.3974, 0.3656, 199.86
1225, 1955, 161, 114, 0.5000, 66.2632, 56.6806, 34.3238, 0.1500, 174.00
1226, 1933, 9, 13, 1.0000, 2.5715, 0.0017, 2.5715, 1.0000, 234.02
1226, 1937, 91, 3, 0.6556, 69.4184, -20.5213, -66.3159, 0.2622, 109.00
1226, 1947, 72, 85, 1.0000, 1.7617, 1.4600, 0.9860, 1.0000, 243.25
1226, 1954, 15, 43, 0.7111, 34.6058, 12.9061, -32.1091, 0.3556, 183.20
1226, 1897, -2, 14, 0.6806, 4.1207, -2.2369, 3.4606, 0.4083, 214.58
1226, 1904, 32, 44, 0.6222, 19.4238, 19.0296, 3.8937, 0.3111, 203.20
1226, 1956, 3, 36, 0.6556, 11.8925, -6.9790, 9.6293, 0.2622, 219.00
1226, 1929, -30, 40, 0.5000, 51.1644, -51.0827, -2.8891, 0.1500, 199.67
1227, 1933, 9, 13, 1.0000, 0.7212, 0.0003, 0.7212, 1.0000, 235.02
1227, 1947, 74, 86, 1.0000, 2.1246, 1.8271, 1.0843, 1.0000, 243.90
1227, 1904, 72, 38, 0.6806, 37.5948, 37.2065, -5.3893, 0.4083, 202.50
1227, 1956, 11, 67, 0.7111, 28.5736, 5.7502, 27.9891, 0.3556, 212.20
1227, 1937, 70, -63, 0.5556, 69.4184, -20.5213, -66.3159, 0.2222, 109.00
1228, 1933, 9, 14, 1.0000, 0.6971, -0.0001, 0.6971, 1.0000, 234.84
1228, 1876, 71, 39, 0.5625, 7.8318, -7.5979, -1.8995, 0.2250, 199.25
1228, 1947, 76, 86, 1.0000, 2.0329, 2.0091, 0.3099, 1.0000, 244.34
1229, 1933, 10, 16, 1.0000, 1.9003, 0.7929, 1.7270, 1.0000, 235.96
1229, 1947, 78, 87, 1.0000, 2.1435, 2.0302, 0.6878, 1.0000, 244.97
1229, 1957, 5, 94, 0.6000, 27.4614, -26.7186, 6.3440, 0.1800, 180.33
1229, 1914, 36, 50, 0.5625, 0.9833, 0.0469, 0.9822, 0.2250, 222.25
1229, 1924, 110, 121, 0.5625, 2.9575, 2.8058, 0.9353, 0.2250, 93.50
1229, 1958, 84, 17, 0.6000, 11.9771, 7.4820, 9.3525, 0.1800, 181.00
1229, 1960, 15, 52, 0.6000, 16.2717, -14.9171, -6.4998, 0.1800, 203.22
1230, 1933, 6, 8, 1.0000, 8.2431, -3.6682, -7.3819, 1.0000, 236.86
1230, 1876, 69, 37, 0.6222, 0.9911, -0.1474, -0.9801, 0.3111, 197.80
1230, 1947, 81, 88, 1.0000, 2.8938, 2.7262, 0.9706, 1.0000, 242.38
1230, 1957, -2, 97, 0.6556, 9.5834, -9.1982, 2.6900, 0.2622, 177.75
1230, 1914, 36, 51, 0.6722, 1.0119, -0.0048, 1.0119, 0.3361, 219.00
1230, 1924, 111, 121, 0.6722, 1.5627, 1.5406, 0.2619, 0.3361, 92.60
1230, 1958, 78, 49, 0.6556, 30.0509, -3.9428, 29.7911, 0.2622, 188.00
1230, 1961, 92, 6, 0.6000, 39.5579, 39.2806, 4.6763, 0.1800, 188.33
1230, 1968, 9, 95, 0.6000, 0.9867, 0.9822, 0.0939, 0.1800, 210.00
1230, 1969, 6, 85, 0.6000, 26.7979, -23.3813, -13.0935, 0.1800, 175.00
1230, 1960, 0, 46, 0.5000, 16.2717, -14.9171, -6.4998, 0.1500, 203.22
1231, 1933, 5, 5, 1.0000, 2.8806, -0.6026, -2.8169, 1.0000, 237.62
1231, 1947, 83, 88, 1.0000, 2.3448, 2.3220, 0.3267, 1.0000, 242.83
1231, 1914, 33, 72, 0.6806, 18.7098, -2.2985, 18.5680, 0.4083, 219.17
1231, 1924, 112, 121, 0.7306, 0.9623, 0.9619, -0.0263, 0.4383, 91.67
1231, 1958, 53, 86, 0.7111, 42.0699, -22.2822, 35.6845, 0.3556, 185.92
1231, 1960, -1, 41, 0.6556, 8.7699, -6.7533, -5.5951, 0.2622, 202.17
1231, 1963, 14, 89, 0.6000, 65.6089, -3.5896, 65.5106, 0.1800, 193.67
1231, 1968, 28, 101, 0.6556, 17.6676, 16.8622, 5.2739, 0.2622, 200.50
1231, 1969, 2, 82, 0.6556, 7.5051, -6.5482, -3.6670, 0.2622, 177.75
1231, 1876, 69, 36, 0.5222, 0.9911, -0.1474, -0.9801, 0.2611, 197.80
1231, 1957, -11, 99, 0.5556, 9.5834, -9.1982, 2.6900, 0.2222, 177.75
1231, 1961, 131, 10, 0.5000, 39.5579, 39.2806, 4.6763, 0.1500, 188.33
1232, 1876, 69, 31, 0.6806, 3.2068, -0.2606, -3.1962, 0.4083, 197.67
1232, 1947, 84, 89, 1.0000, 1.4962, 1.3234, 0.6980, 1.0000, 240.72
1232, 1954, 16, 15, 1.0000, 1.1304, -0.6918, 0.8940, 1.0000, 206.18
1232, 1914, 32, 77, 0.7381, 7.1234, -1.6401, 6.9320, 0.5167, 215.79
1232, 1924, 114, 122, 0.7881, 1.8182, 1.6711, 0.7162, 0.5517, 91.00
1232, 1960, 5, 10, 0.7111, 28.9754, 4.4775, -28.6274, 0.3556, 212.13
1232, 1968, 59, 86, 0.7111, 31.5888, 28.9754, -12.5810, 0.3556, 196.00
1232, 1970, 60, 101, 0.6556, 22.4930, -15.8937, -15.9162, 0.2622, 125.25
1232, 1963, 11, 154, 0.5000, 65.6089, -3.5896, 65.5106, 0.1500, 193.67
1232, 1969, -4, 79, 0.5556, 7.5051, -6.5482, -3.6670, 0.2222, 177.75
1233, 1876, 65, 4, 0.7381, 25.3864, -3.9754, -25.0732, 0.5167, 196.86
1233, 1947, 87, 90, 1.0000, 2.5310, 2.3375, 0.9705, 1.0000, 240.87
1233, 1962, 114, 33, 0.6000, 30.6314, 26.6124, 15.1679, 0.1800, 158.67
1233, 1964, 39, 49, 0.6000, 8.7619, 6.2564, -6.1343, 0.1800, 205.00
1233, 1970, 45, 94, 0.7111, 16.7303, -15.0071, -7.3951, 0.3556, 134.60
1233, 1924, 116, 123, 0.6881, 1.8182, 1.6711, 0.7162, 0.4817, 91.00
1233, 1968, 88, 74, 0.6111, 31.5888, 28.9754, -12.5810, 0.3056, 196.00
1234, 1947, 89, 90, 1.0000, 2.2937, 2.2686, 0.3380, 1.0000, 240.15
1234, 1924, 116, 123, 0.8451, 1.1497, 1.0063, 0.5560, 0.6761, 93.25
1234, 1962, 120, 36, 0.6556, 9.6386, 8.3985, 4.7294, 0.2622, 154.00
1234, 1964, 51, 26, 0.6556, 23.1056, 11.0871, -20.2719, 0.2622, 203.50
1234, 1969, 2, 65, 0.7111, 6.4608, 1.4799, -6.2890, 0.3556, 180.00
1234, 1970, 31, 80, 0.7667, 19.5231, -14.1082, -13.4949, 0.4600, 144.33
1234, 1973, 5, 41, 0.6000, 0.9822, 0.0000, 0.9822, 0.1800, 240.00
1235, 1947, 92, 91, 1.0000, 2.8500, 2.7646, 0.6925, 1.0000, 240.49
1235, 1924, 118, 123, 0.9019, 1.7418, 1.7379, 0.1162, 0.8117, 92.44
1235, 1962, 127, 31, 0.7111, 8.2755, 7.1992, -4.0811, 0.3556, 150.80
1235, 1970, 6, 50, 0.8222, 37.3701, -23.9394, -28.6955, 0.5756, 152.29
1235, 1973, 12, 20, 0.6556, 18.8506, 6.0382, -17.8574, 0.2622, 235.00
1235, 1964, 62, 6, 0.5556, 23.1056, 11.0871, -20.2719, 0.2222, 203.50
1236, 1947, 94, 92, 1.0000, 2.5124, 2.3201, 0.9638, 1.0000, 240.56
1236, 1924, 119, 124, 0.9583, 1.4730, 1.2840, 0.7218, 0.9583, 91.30
1236, 1964, 64, 1, 0.7111, 12.8390, 5.9307, -11.3872, 0.3556, 204.00
1236, 1973, 25, 5, 0.7111, 19.3719, 12.1455, -15.0916, 0.3556, 229.40
1237, 1947, 96, 92, 1.0000, 2.0555, 2.0257, 0.3487, 1.0000, 239.19
1237, 1895, 41, 95, 0.5625, 37.6546, -29.7737, -23.0520, 0.2250, 151.25
1237, 1924, 120, 124, 1.0000, 1.0424, 1.0070, 0.2692, 1.0000, 94.91
1237, 1934, 45, 13, 0.5625, 8.1597, 5.3103, 6.1953, 0.2250, 208.75
1237, 1973, 40, 5, 0.7667, 14.6487, 14.4527, -2.3883, 0.4600, 226.33
1237, 1940, 22, 72, 0.5625, 13.3383, -11.7144, 6.3782, 0.2250, 197.00
1237, 1974, 14, 23, 0.6000, 9.2865, 4.5834, 8.0767, 0.1800, 208.00
1238, 1947, 98, 93, 1.0000, 2.0755, 1.9582, 0.6881, 1.0000, 238.92
1238, 1895, 27, 83, 0.6222, 21.0629, -16.4769, -13.1209, 0.3111, 158.00
1238, 1908, 40, 92, 0.5625, 59.5045, -8.5436, 58.8879, 0.2250, 190.75
1238, 1934, 47, 18, 0.6222, 5.2875, 1.6838, 5.0123, 0.3111, 207.40
1238, 1973, 63, 4, 0.8222, 22.9653, 22.9439, -0.9909, 0.5756, 221.43
1238, 1974, 20, 35, 0.6556, 12.9641, 5.8881, 11.5498, 0.2622, 207.00
1238, 1975, 40, 60, 0.6000, 5.3004, 2.8084, -4.4952, 0.1800, 206.00
1238, 1984, 31, 101, 0.6000, 17.0263, 1.8236, 16.9284, 0.1800, 187.00
1238, 1924, 121, 124, 0.9000, 1.0424, 1.0070, 0.2692, 0.9000, 94.91
1239, 1947, 100, 94, 1.0000, 2.1949, 1.9749, 0.9576, 1.0000, 238.25
1239, 1895, 26, 84, 0.6806, 2.4308, -2.1863, -1.0625, 0.4083, 166.33
1239, 1973, 96, 6, 0.8778, 32.1088, 32.0710, 1.5581, 0.7022, 213.50
1239, 1940, 19, 99, 0.6222, 14.8878, -0.0459, 14.8877, 0.3111, 203.20
1239, 1974, 37, 63, 0.7111, 30.6456, 16.0698, 26.0943, 0.3556, 205.00
1239, 1975, 40, 60, 0.7056, 0.9934, 0.7871, -0.6061, 0.2822, 206.50
1239, 1979, 4, 47, 0.7056, 0.7643, 0.0000, 0.7643, 0.2822, 235.08
1239, 1986, 11, 30, 0.6000, 1.3906, 0.9353, 1.0291, 0.1800, 252.67
1239, 1924, 122, 125, 0.8000, 1.0424, 1.0070, 0.2692, 0.8000, 94.91
1239, 1934, 48, 23, 0.5222, 5.2875, 1.6838, 5.0123, 0.2611, 207.40
1239, 1984, 33, 118, 0.5000, 17.0263, 1.8236, 16.9284, 0.1500, 187.00
1240, 1947, 102, 95, 1.0000, 2.2462, 1.9947, 1.0327, 1.0000, 235.99
1240, 1924, 124, 125, 1.0000, 1.4174, 1.3829, 0.3106, 1.0000, 94.67
1240, 1934, 63, 21, 0.6806, 9.4741, 9.4193, 1.0172, 0.4083, 202.83
1240, 1940, 22, 102, 0.6806, 4.2692, 2.1860, 3.6672, 0.4083, 209.67
1240, 1974, 54, 80, 0.7667, 24.1713, 16.7354, 17.4408, 0.4600, 203.17
1240, 1979, 4, 49, 0.7611, 1.8203, 0.0000, 1.8203, 0.3806, 239.07
1240, 1986, 8, 38, 0.6556, 7.5656, -2.7572, 7.0453, 0.2622, 237.75
1240, 1973, 128, 7, 0.7778, 32.1088, 32.0710, 1.5581, 0.6222, 213.50
1240, 1975, 41, 60, 0.6056, 0.9934, 0.7871, -0.6061, 0.2422, 206.50
1241, 1947, 105, 95, 1.0000, 2.6947, 2.6713, 0.3543, 1.0000, 234.99
1241, 1928, 16, 15, 0.5625, 49.7513, -48.8581, 9.3850, 0.2250, 205.50
1241, 1940, 23, 102, 0.7381, 1.5891, 1.5884, 0.0467, 0.5167, 208.43
1241, 1974, 57, 88, 0.8222, 10.0248, 4.6721, 8.8695, 0.5756, 199.29
1241, 1975, 41, 65, 0.7611, 2.6632, 0.2748, 2.6490, 0.3806, 208.00
1241, 1977, 23, 97, 0.6000, 73.5440, -46.9074, 56.6429, 0.1800, 217.33
1241, 1979, 2, 54, 0.8167, 4.6625, -1.5288, 4.4047, 0.4900, 233.81
1241, 1984, 57, 110, 0.6556, 10.1391, 10.1311, -0.4020, 0.2622, 177.75
1241, 1985, 46, 71, 0.7667, 15.7399, -7.6440, -13.7592, 0.4600, 178.50
1241, 1986, 4, 49, 0.7111, 11.3817, -3.4267, 10.8537, 0.3556, 241.20
1241, 1924, 125, 125, 0.9000, 1.4174, 1.3829, 0.3106, 0.9000, 94.67
1242, 1947, 107, 96, 1.0000, 2.4358, 2.3433, 0.6649, 1.0000, 234.36
1242, 1895, 27, 90, 0.8519, 1.5339, -0.6755, 1.3771, 0.7667, 174.11
1242, 1974, 43, 110, 0.8778, 24.4769, -12.5151, 21.0354, 0.7022, 192.62
1242, 1975, 42, 68, 0.8167, 3.2140, 0.8133, 3.1094, 0.4900, 206.00
1242, 1979, 2, 55, 0.8722, 2.2679, -0.5879, 2.1904, 0.6106, 229.83
1242, 1985, 36, 60, 0.8222, 14.9582, -10.5561, -10.5980, 0.5756, 180.86
1242, 1986, 4, 52, 0.7667, 3.9805, -0.9049, 3.8763, 0.4600, 242.50
1242, 1924, 127, 126, 0.8000, 1.4174, 1.3829, 0.3106, 0.8000, 94.67
1242, 1977, -24, 154, 0.5000, 73.5440, -46.9074, 56.6429, 0.1500, 217.33
1242, 1984, 67, 109, 0.5556, 10.1391, 10.1311, -0.4020, 0.2222, 177.75
1243, 1947, 109, 97, 1.0000, 2.2633, 2.0581, 0.9416, 1.0000, 233.96
1243, 1975, 43, 69, 0.8722, 1.8666, 1.0324, 1.5551, 0.6106, 204.57
1243, 1978, 68, 35, 0.6000, 66.0959, 64.8923, -12.5560, 0.1800, 204.67
1243, 1979, 1, 56, 0.9278, 1.2286, -0.7634, 0.9627, 0.7422, 225.98
1243, 1985, 7, 52, 0.8778, 28.0532, -26.5986, -8.9162, 0.7022, 190.12
1243, 1986, 23, 71, 0.8222, 24.3555, 17.7231, 16.7057, 0.5756, 234.71
1243, 1924, 128, 126, 0.7000, 1.4174, 1.3829, 0.3106, 0.7000, 94.67
1244, 1947, 111, 98, 1.0000, 2.2218, 1.9690, 1.0294, 1.0000, 233.43
1244, 1926, 103, 72, 0.5625, 67.4963, 52.2317, -42.7505, 0.2250, 147.50
1244, 1972, 13, 36, 0.6000, 1.3134, 0.9078, 0.9492, 0.1800, 236.33
1244, 1975, 43, 68, 0.9278, 0.6732, 0.2753, -0.6144, 0.7422, 203.38
1244, 1978, 116, 19, 0.6556, 52.8204, 50.5420, -15.3462, 0.2622, 187.25
1244, 1979, 7, 56, 0.9833, 5.1088, 5.1085, 0.0506, 0.8850, 223.98
1244, 1924, 130, 126, 0.6000, 1.4174, 1.3829, 0.3106, 0.6000, 94.67
1244, 1985, -20, 43, 0.7778, 28.0532, -26.5986, -8.9162, 0.6222, 190.12
1245, 1947, 113, 99, 1.0000, 2.2240, 1.9732, 1.0260, 1.0000, 232.51
1245, 1959, 105, 68, 0.6000, 46.1271, 21.0175, 41.0607, 0.1800, 162.67
1245, 1972, 13, 37, 0.7056, 1.0612, 0.2829, 1.0228, 0.2822, 241.00
1245, 1975, 33, 83, 0.9333, 16.1718, -9.2132, 13.2907, 0.8400, 201.11
1245, 1988, 17, 17, 0.6000, 2.6898, 0.9937, -2.4995, 0.1800, 228.67
1245, 1924, 131, 127, 0.5000, 1.4174, 1.3829, 0.3106, 0.5000, 94.67
1245, 1978, 167, 4, 0.5556, 52.8204, 50.5420, -15.3462, 0.2222, 187.25
1245, 1979, 12, 56, 0.8833, 5.1088, 5.1085, 0.0506, 0.7950, 223.98
1246, 1947, 114, 101, 1.0000, 2.1330, 1.3416, 1.6583, 1.0000, 230.35
1246, 1972, 14, 38, 0.7611, 1.2613, 0.7488, 1.0150, 0.3806, 243.20
1246, 1976, 2, 75, 0.6000, 26.2922, -26.2255, 1.8708, 0.1800, 187.33
1246, 1979, 17, 38, 0.9889, 11.7270, 5.0649, -10.5769, 0.9889, 220.48
1246, 1988, 23, 3, 0.6556, 14.1421, 5.5618, -13.0026, 0.2622, 230.50
1246, 1991, 102, 40, 0.6000, 18.8216, -16.8345, -8.4173, 0.1800, 137.67
1246, 1959, 126, 109, 0.5000, 46.1271, 21.0175, 41.0607, 0.1500, 162.67
1247, 1947, 117, 101, 1.0000, 2.4023, 2.2972, 0.7029, 1.0000, 229.18
1247, 1972, 15, 40, 0.8167, 2.0345, 1.0087, 1.7668, 0.4900, 240.50
1247, 1990, 80, 21, 0.6000, 73.4127, 71.8406, -15.1114, 0.1800, 192.67
1247, 1991, 94, 19, 0.6556, 21.7763, -9.2434, -19.7171, 0.2622, 143.50
1247, 1994, 20, 89, 0.6000, 36.0213, 16.8345, 31.8455, 0.1800, 230.67
1247, 1976, -25, 77, 0.5000, 26.2922, -26.2255, 1.8708, 0.1500, 187.33
1247, 1988, 29, -10, 0.5556, 14.1421, 5.5618, -13.0026, 0.2222, 230.50
1248, 1947, 120, 101, 1.0000, 2.9255, 2.9245, 0.0755, 1.0000, 227.87
1248, 1924, 115, 93, 1.0000, 5.9168, -2.0290, -5.5581, 1.0000, 94.54
1248, 1972, 16, 41, 0.8722, 1.6590, 1.0397, 1.2927, 0.6106, 242.57
1248, 1991, 84, 6, 0.7111, 16.7876, -9.5893, -13.7793, 0.3556, 150.60
1248, 1994, 47, 104, 0.6556, 30.8574, 25.0936, 17.9581, 0.2622, 214.50
1248, 1995, 24, 100, 0.6000, 8.0549, -1.6503, -7.8840, 0.1800, 160.67
1248, 1990, 152, 6, 0.5000, 73.4127, 71.8406, -15.1114, 0.1500, 192.67
1249, 1947, 122, 102, 1.0000, 2.5119, 2.4512, 0.5488, 1.0000, 228.08
1249, 1965, 42, 67, 0.6000, 7.3176, -6.7242, 2.8867, 0.1800, 203.00
1249, 1971, 41, 115, 0.6000, 13.7557, -12.4878, -5.7685, 0.1800, 154.00
1249, 1972, 16, 42, 0.9278, 1.0352, 0.2582, 1.0025, 0.7422, 244.12
1249, 1995, 24, 99, 0.6556, 1.8215, -0.5763, -1.7279, 0.2622, 163.00
1249, 1996, 29, 35, 0.6000, 20.4276, 10.0160, 17.8036, 0.1800, 217.67
1249, 1997, 99, 40, 0.6000, 28.4230, -13.0466, -25.2518, 0.1800, 144.67
1249, 1991, 74, -8, 0.6111, 16.7876, -9.5893, -13.7793, 0.3056, 150.60
1249, 1994, 72, 122, 0.5556, 30.8574, 25.0936, 17.9581, 0.2222, 214.50
1250, 1947, 124, 103, 1.0000, 2.2725, 2.0764, 0.9236, 1.0000, 228.64
1250, 1965, 15, 61, 0.6556, 24.8964, -24.4873, -4.4944, 0.2622, 199.50
1250, 1971, 35, 118, 0.6556, 7.3433, -7.2009, 1.4393, 0.2622, 152.25
1250, 1972, 17, 43, 0.9833, 1.1872, 0.7012, 0.9580, 0.8850, 245.33
1250, 1987, 30, 18, 0.6000, 10.8922, 8.1235, 7.2560, 0.1800, 207.00
1250, 1988, 28, 1, 0.7111, 3.2676, -0.0961, 3.2662, 0.3556, 228.40
1250, 1992, 21, 18, 0.6000, 1.1221, 0.7935, 0.7935, 0.1800, 219.00
1250, 1995, 23, 101, 0.7111, 2.0781, -0.7571, 1.9353, 0.3556, 163.20
1250, 1996, 31, 43, 0.6556, 8.9942, 2.9511, 8.4963, 0.2622, 212.00
1250, 1997, 73, 36, 0.6556, 25.0689, -24.0507, -7.0721, 0.2622, 162.75
1250, 1999, 68, 45, 0.6000, 33.8249, 22.3991, -25.3457, 0.1800, 200.67
1250, 1991, 65, -22, 0.5111, 16.7876, -9.5893, -13.7793, 0.2556, 150.60
1251, 1947, 126, 104, 1.0000, 2.2178, 1.9575, 1.0425, 1.0000, 226.32
1251, 1971, 19, 125, 0.7111, 16.1751, -14.7615, 6.6130, 0.3556, 150.60
1251, 1972, 17, 44, 1.0000, 1.0123, 0.2426, 0.9828, 1.0000, 244.05
1251, 1987, 49, 36, 0.6556, 23.8187, 17.7252, 15.9107, 0.2622, 203.88
1251, 1992, 22, 18, 0.7056, 1.1180, 1.0737, 0.3118, 0.2822, 217.75
1251, 1995, 23, 103, 0.7667, 1.7660, -0.2048, 1.7541, 0.4600, 166.33
1251, 1996, 45, 71, 0.7111, 28.9195, 12.7363, 25.9639, 0.3556, 208.10
1251, 1997, 66, 30, 0.7111, 10.6252, -8.6569, -6.1606, 0.3556, 168.60
1251, 1911, 67, 37, 0.5400, 29.5990, 26.7777, -12.6118, 0.2700, 205.00
1251, 1998, 70, 15, 0.6000, 0.7529, 0.7529, 0.0000, 0.1800, 193.50
1251, 1999, 82, 33, 0.6556, 20.6772, 15.3484, -13.8555, 0.2622, 198.00
1251, 1965, -9, 57, 0.5556, 24.8964, -24.4873, -4.4944, 0.2222, 199.50
1252, 1972, 18, 45, 1.0000, 1.2417, 0.7371, 0.9993, 1.0000, 244.68
1252, 1987, 50, 73, 0.7111, 35.5082, 2.4120, 35.4261, 0.3556, 200.90
1252, 1992, 23, 18, 0.7611, 1.0548, 1.0547, 0.0099, 0.3806, 219.80
1252, 1995, 22, 104, 0.8222, 1.3645, -0.7318, 1.1516, 0.5756, 166.29
1252, 1998, 70, 18, 0.7056, 2.2973, 0.3050, 2.2769, 0.2822, 194.12
1252, 1947, 128, 105, 0.9000, 2.2178, 1.9575, 1.0425, 0.9000, 226.32
1252, 1971, 5, 132, 0.6111, 16.1751, -14.7615, 6.6130, 0.3056, 150.60
1252, 1997, 57, 24, 0.6111, 10.6252, -8.6569, -6.1606, 0.3056, 168.60
1252, 1999, 98, 19, 0.5556, 20.6772, 15.3484, -13.8555, 0.2222, 198.00
1253, 1971, 4, 114, 0.7667, 9.7529, -6.4261, -7.3366, 0.4600, 151.50
1253, 1972, 19, 46, 1.0000, 1.4200, 1.0060, 1.0023, 1.0000, 244.38
1253, 1883, 79, 103, 0.5400, 40.2794, 4.6523, 40.0098, 0.2700, 189.00
1253, 1987, 55, 111, 0.7667, 37.5451, 5.2150, 37.1812, 0.4600, 188.92
1253, 1992, 23, 18, 0.8167, 0.2494, 0.2459, -0.0417, 0.4900, 219.50
1253, 1995, 22, 106, 0.8778, 1.7300, -0.2496, 1.7119, 0.7022, 169.25
1253, 1911, 124, 12, 0.6000, 31.3796, 28.7900, -12.4825, 0.3600, 191.17
1253, 1999, 111, 0, 0.7111, 22.0533, 14.2941, -16.7936, 0.3556, 208.00
1253, 2003, 32, 97, 0.6556, 15.0025, -11.3407, -9.8216, 0.2622, 160.00
1253, 1947, 130, 106, 0.8000, 2.2178, 1.9575, 1.0425, 0.8000, 226.32
1253, 1998, 70, 20, 0.6056, 2.2973, 0.3050, 2.2769, 0.2422, 194.12
1254, 1962, 111, 17, 1.0000, 4.9953, 3.5259, 3.5386, 1.0000, 164.06
1254, 1972, 19, 48, 1.0000, 1.7631, 0.3075, 1.7360, 1.0000, 245.04
1254, 1992, 30, 28, 0.8222, 10.9185, 6.0241, 9.1063, 0.5756, 217.57
1254, 1995, 21, 108, 0.9333, 2.1497, -0.7525, 2.0137, 0.8400, 170.22
1254, 1998, 70, 18, 0.7611, 0.0779, -0.0751, -0.0205, 0.3806, 197.90
1254, 2003, 21, 90, 0.7111, 13.3338, -11.0650, -7.4402, 0.3556, 165.60
1254, 1947, 132, 107, 0.7000, 2.2178, 1.9575, 1.0425, 0.7000, 226.32
1254, 1911, 153, 0, 0.5000, 31.3796, 28.7900, -12.4825, 0.3000, 191.17
1255, 1972, 20, 49, 1.0000, 1.4889, 0.7064, 1.3107, 1.0000, 245.75
1255, 1995, 20, 109, 1.0000, 1.6362, -1.0149, 1.2833, 1.0000, 169.00
1255, 1884, 6, 69, 0.5400, 61.2479, -58.5418, -18.0045, 0.2700, 183.80
1255, 2002, 46, 85, 0.6000, 69.1590, -68.8809, 6.1953, 0.1800, 123.33
1255, 2003, 19, 89, 0.7667, 2.9266, -2.5668, -1.4060, 0.4600, 169.33
1255, 2005, 7, 116, 0.6556, 26.4278, -26.4171, 0.7548, 0.2622, 150.00
1255, 2006, 88, 2, 0.6000, 1.3562, -0.9353, 0.9822, 0.1800, 242.22
1255, 1947, 134, 108, 0.6000, 2.2178, 1.9575, 1.0425, 0.6000, 226.32
1255, 1992, 36, 37, 0.7222, 10.9185, 6.0241, 9.1063, 0.5056, 217.57
1255, 1998, 70, 18, 0.6611, 0.0779, -0.0751, -0.0205, 0.3306, 197.90
1256, 1972, 8, 39, 1.0000, 13.0149, -9.9181, -8.4272, 1.0000, 243.17
1256, 1992, 54, 38, 0.8778, 13.4313, 12.6737, 4.4471, 0.7022, 217.88
1256, 1993, 27, 27, 0.6556, 21.4578, 15.1730, -15.1730, 0.2622, 212.75
1256, 1995, 20, 112, 1.0000, 2.5037, -0.2779, 2.4882, 1.0000, 169.95
1256, 1998, 70, 21, 0.8167, 1.5801, -0.0069, 1.5801, 0.4900, 198.42
1256, 1999, 116, 0, 0.8778, 1.6237, 1.3522, 0.8988, 0.7022, 218.56
1256, 2003, 3, 72, 0.8222, 21.3230, -14.6475, -15.4959, 0.5756, 172.19
1256, 2006, 87, 4, 0.7056, 2.0384, -1.0167, 1.7667, 0.2822, 245.42
1256, 1947, 136, 109, 0.5000, 2.2178, 1.9575, 1.0425, 0.5000, 226.32
1256, 2002, -23, 92, 0.5000, 69.1590, -68.8809, 6.1953, 0.1500, 123.33
1256, 2005, -20, 117, 0.5556, 26.4278, -26.4171, 0.7548, 0.2222, 150.00
1257, 1989, 112, 64, 0.6000, 30.4653, 4.7044, 30.0999, 0.1800, 139.83
1257, 1993, 32, 2, 0.7111, 24.5330, 5.5785, -23.8903, 0.3556, 210.00
1257, 1995, 19, 112, 1.0000, 1.0506, -0.7220, 0.7632, 1.0000, 169.46
1257, 1998, 70, 22, 0.8722, 1.2134, 0.0022, 1.2134, 0.6106, 196.79
1257, 2006, 86, 5, 0.7611, 1.6366, -1.0146, 1.2842, 0.3806, 247.33
1257, 1966, 54, 34, 0.5625, 25.2712, -24.2300, -7.1792, 0.2250, 189.00
1258, 1995, 19, 114, 1.0000, 1.4752, -0.2352, 1.4563, 1.0000, 168.73
1258, 1998, 70, 23, 0.9278, 0.9981, 0.0018, 0.9981, 0.7422, 203.81
1258, 2006, 93, 16, 0.7667, 11.7452, 5.8764, 10.1694, 0.4600, 233.44
1258, 1966, 33, 43, 0.6222, 22.3543, -20.9877, 7.6961, 0.3111, 191.60
1258, 1989, 116, 94, 0.5000, 30.4653, 4.7044, 30.0999, 0.1500, 139.83
1258, 1993, 37, -22, 0.6111, 24.5330, 5.5785, -23.8903, 0.3056, 210.00
1259, 1989, 95, 112, 0.6556, 25.3990, -9.9411, 23.3727, 0.2622, 132.12
1259, 1995, 18, 116, 1.0000, 2.1100, -0.7484, 1.9728, 1.0000, 169.89
1259, 1998, 73, 14, 0.9333, 8.7414, 3.0536, -8.1906, 0.8400, 200.94
1259, 1966, 4, 54, 0.6806, 30.6094, -28.9628, 9.9039, 0.4083, 195.17
1259, 2014, 99, 30, 0.6000, 26.9133, 13.3282, 23.3813, 0.1800, 197.50
1259, 2017, 77, 42, 0.6000, 54.5046, 53.3563, -11.1291, 0.1800, 231.33
1259, 1993, 43, -46, 0.5111, 24.5330, 5.5785, -23.8903, 0.2556, 210.00
1260, 1995, 17, 117, 1.0000, 1.6553, -1.0142, 1.3082, 1.0000, 171.57
1260, 2016, 23, 55, 0.6000, 2.2247, 0.8974, 2.0356, 0.1800, 230.00
1260, 1989, 85, 136, 0.5556, 25.3990, -9.9411, 23.3727, 0.2222, 132.12
1260, 1966, -25, 63, 0.5806, 30.6094, -28.9628, 9.9039, 0.3483, 195.17
1260, 2014, 112, 53, 0.5000, 26.9133, 13.3282, 23.3813, 0.1500, 197.50
1260, 2017, 130, 30, 0.5000, 54.5046, 53.3563, -11.1291, 0.1500, 231.33
1261, 1995, 30, 122, 1.0000, 12.7320, 11.8094, 4.7584, 1.0000, 169.78
1261, 2009, 7, 64, 0.6000, 74.0261, -63.1063, 38.6970, 0.1800, 189.67
1261, 2013, 14, 17, 0.6000, 19.7916, 10.5581, 16.7402, 0.1800, 217.33
1261, 2016, 24, 56, 0.7056, 1.6165, 1.0303, 1.2456, 0.2822, 236.25
1262, 1995, 51, 115, 1.0000, 20.7379, 19.8867, -5.8802, 1.0000, 172.85
1262, 2013, 21, 39, 0.6556, 22.4601, 7.1583, 21.2888, 0.2622, 212.00
1262, 2016, 26, 52, 0.7611, 4.0435, 1.7881, -3.6267, 0.3806, 228.40
1262, 2024, 5, 54, 0.6000, 0.9364, 0.9353, 0.0469, 0.1800, 202.17
1262, 2025, 14, 58, 0.6000, 4.7599, -0.8883, 4.6763, 0.1800, 202.00
1262, 2027, 36, 106, 0.6000, 23.3813, -14.0288, 18.7050, 0.1800, 165.67
1262, 2009, -56, 103, 0.5000, 74.0261, -63.1063, 38.6970, 0.1500, 189.67
1263, 2011, 113, 16, 0.6000, 6.2861, -6.2237, -0.8839, 0.1800, 149.67
1263, 2013, 25, 59, 0.7111, 20.7737, 5.0583, 20.1484, 0.3556, 216.80
1263, 2023, 73, 30, 0.6556, 11.1441, -5.2834, -9.8120, 0.2622, 186.00
1263, 2024, 6, 55, 0.7056, 1.2634, 1.0167, 0.7500, 0.2822, 199.62
1263, 2025, 14, 59, 0.7056, 1.3365, -0.2667, 1.3096, 0.2822, 200.50
1263, 2026, 21, 88, 0.6000, 28.9594, -3.3488, 28.7651, 0.1800, 216.67
1263, 2016, 28, 48, 0.6611, 4.0435, 1.7881, -3.6267, 0.3306, 228.40
1263, 2027, 22, 125, 0.5000, 23.3813, -14.0288, 18.7050, 0.1500, 165.67
1264, 1947, 126, 118, 1.0000, 1.3645, -0.8140, 1.0951, 1.0000, 222.72
1264, 2011, 105, 15, 0.6556, 7.3880, -7.3135, -1.0468, 0.2622, 148.75
1264, 2013, 44, 77, 0.7667, 24.9638, 16.9360, 18.3403, 0.4600, 211.67
1264, 2016, 38, 45, 0.7667, 7.3787, 6.5239, -3.4472, 0.4600, 224.33
1264, 2023, 63, 21, 0.7111, 13.1093, -9.5774, -8.9514, 0.3556, 187.60
1264, 2024, 7, 55, 0.7611, 1.0498, 1.0146, 0.2695, 0.3806, 201.10
1264, 2025, 24, 60, 0.7111, 9.2863, 9.1809, 1.3954, 0.3556, 211.00
1264, 2026, 14, 122, 0.6556, 34.4808, -7.2133, 33.7179, 0.2622, 217.75
1264, 2032, 2, 83, 0.6000, 13.0801, -0.9353, -13.0466, 0.1800, 170.33
1265, 2016, 47, 15, 0.8222, 29.6983, 9.5146, -28.1329, 0.5756, 228.14
1265, 2023, 52, 9, 0.7667, 15.3382, -10.5259, -11.1564, 0.4600, 186.67
1265, 2025, 28, 62, 0.7667, 4.6923, 4.3036, 1.8700, 0.4600, 217.83
1265, 2027, 45, 126, 0.6556, 7.9933, 7.0805, 3.7093, 0.2622, 165.25
1265, 2032, 25, 54, 0.6556, 32.6707, 19.3622, -26.3150, 0.2622, 182.25
1265, 2035, 21, 90, 0.6000, 2.9575, 0.9353, -2.8058, 0.1800, 177.67
1265, 1947, 125, 119, 0.9000, 1.3645, -0.8140, 1.0951, 0.9000, 222.72
1265, 2011, 98, 14, 0.5556, 7.3880, -7.3135, -1.0468, 0.2222, 148.75
1265, 2024, 8, 55, 0.6611, 1.0498, 1.0146, 0.2695, 0.3306, 201.10
1265, 2026, 6, 156, 0.5556, 34.4808, -7.2133, 33.7179, 0.2222, 217.75
1266, 1947, 118, 119, 1.0000, 4.1089, -4.0800, 0.4866, 1.0000, 219.38
1266, 2010, 62, 39, 0.6000, 38.5248, 15.7018, 35.1797, 0.1800, 204.33
1266, 2011, 79, 5, 0.7111, 14.7386, -13.7016, -5.4309, 0.3556, 154.80
1266, 2020, 123, 11, 0.7611, 3.6678, 2.5935, 2.5935, 0.3806, 119.60
1266, 2023, 45, 3, 0.8222, 9.8907, -7.2066, -6.7744, 0.5756, 190.57
1266, 2024, 9, 55, 0.8167, 1.0014, 0.9982, -0.0790, 0.4900, 200.42
1266, 2025, 29, 63, 0.8222, 1.6643, 1.0703, 1.2745, 0.5756, 222.57
1266, 2027, 59, 118, 0.7111, 15.1316, 13.3556, -7.1129, 0.3556, 172.00
1266, 2030, 19, 53, 0.6000, 21.2770, 10.6376, 18.4270, 0.1800, 201.00
1266, 2032, 24, 27, 0.7111, 27.1169, 1.8949, -27.0506, 0.3556, 187.20
1266, 2034, 48, 78, 0.6000, 13.9389, -6.2337, -12.4673, 0.1800, 180.11
1266, 2035, 18, 63, 0.6556, 24.3404, -2.7572, -24.1838, 0.2622, 183.50
1267, 2008, 55, 89, 0.6000, 79.2538, -14.0716, 77.9946, 0.1800, 180.67
1267, 2010, 61, 89, 0.6556, 47.5759, 0.8719, 47.5679, 0.2622, 195.75
1267, 2012, 21, 110, 0.6000, 80.7322, -71.6455, 37.2104, 0.1800, 164.00
1267, 2024, 10, 56, 0.8722, 1.2441, 0.9987, 0.7420, 0.6106, 200.21
1267, 2025, 29, 64, 0.8778, 1.1195, 0.5450, 0.9779, 0.7022, 226.62
1267, 1980, 9, 96, 0.5625, 75.5613, -59.3591, 46.7548, 0.2250, 201.25
1267, 2034, 41, 53, 0.6556, 24.4256, -6.4645, -23.5546, 0.2622, 186.21
1267, 2036, 1, 9, 0.6000, 9.9793, -1.0901, -9.9196, 0.1800, 219.33
1267, 1947, 114, 120, 0.9000, 4.1089, -4.0800, 0.4866, 0.9000, 219.38
1267, 2020, 126, 14, 0.6611, 3.6678, 2.5935, 2.5935, 0.3306, 119.60
1267, 2023, 38, -4, 0.7222, 9.8907, -7.2066, -6.7744, 0.5056, 190.57
1267, 2030, 30, 71, 0.5000, 21.2770, 10.6376, 18.4270, 0.1500, 201.00
1267, 2032, 26, 0, 0.6111, 27.1169, 1.8949, -27.0506, 0.3056, 187.20
1267, 2035, 15, 38, 0.5556, 24.3404, -2.7572, -24.1838, 0.2222, 183.50
1268, 2023, 23, 12, 0.8778, 13.1333, -11.6029, 6.1527, 0.7022, 192.75
1268, 2025, 29, 66, 0.9333, 1.7162, 0.0520, 1.7155, 0.8400, 227.89
1268, 2029, 6, 95, 0.6000, 78.0791, -29.3508, 72.3524, 0.1800, 194.67
1268, 2030, 12, 96, 0.6556, 22.3622, -5.2477, 21.7378, 0.2622, 191.50
1268, 2034, 49, 19, 0.7111, 33.5544, 6.0724, -33.0004, 0.3556, 187.77
1268, 2035, 6, 20, 0.7111, 21.9129, -6.1395, -21.0353, 0.3556, 188.20
1268, 2008, 41, 167, 0.5000, 79.2538, -14.0716, 77.9946, 0.1500, 180.67
1268, 2010, 61, 136, 0.5556, 47.5759, 0.8719, 47.5679, 0.2222, 195.75
1268, 2012, -51, 148, 0.5000, 80.7322, -71.6455, 37.2104, 0.1500, 164.00
1268, 2020, 128, 16, 0.5611, 3.6678, 2.5935, 2.5935, 0.2806, 119.60
1268, 2024, 11, 57, 0.7722, 1.2441, 0.9987, 0.7420, 0.5406, 200.21
1268, 2036, 0, -1, 0.5000, 9.9793, -1.0901, -9.9196, 0.1500, 219.33
1269, 2024, 12, 56, 0.9278, 1.0003, 1.0002, 0.0133, 0.7422, 199.81
1269, 2025, 41, 54, 0.9889, 14.7240, 10.6354, -10.1825, 0.9889, 225.00
1269, 1982, 40, 13, 0.5625, 38.5534, -32.4371, -20.8374, 0.2250, 230.25
1269, 2034, 49, 2, 0.7667, 18.3511, 0.9646, -18.3257, 0.4600, 190.81
1269, 2029, -23, 167, 0.5000, 78.0791, -29.3508, 72.3524, 0.1500, 194.67
1269, 2030, 7, 118, 0.5556, 22.3622, -5.2477, 21.7378, 0.2222, 191.50
1269, 2035, 0, -1, 0.6111, 21.9129, -6.1395, -21.0353, 0.3056, 188.20
1270, 2024, 13, 56, 0.9833, 1.0008, 1.0001, -0.0380, 0.8850, 199.39
1270, 1982, 16, 0, 0.6222, 28.8883, -25.2745, -13.9906, 0.3111, 229.60
1270, 2034, 50, -16, 0.6667, 18.3511, 0.9646, -18.3257, 0.4000, 190.81
1270, 2035, -6, -22, 0.5111, 21.9129, -6.1395, -21.0353, 0.2556, 188.20
1271, 1981, 38, 24, 0.5625, 30.6459, 4.5909, -30.3001, 0.2250, 203.00
1271, 1982, 6, -2, 0.6806, 11.5951, -11.1513, -3.1773, 0.4083, 228.33
1271, 2040, 52, 47, 0.6000, 66.3139, 10.5900, -65.4628, 0.1800, 160.67
1271, 2024, 14, 56, 0.8833, 1.0008, 1.0001, -0.0380, 0.7950, 199.39
1272, 2018, 23, 89, 0.6000, 43.8932, -39.6254, 18.8796, 0.1800, 186.33
1272, 2024, 32, 55, 0.9889, 10.8062, 10.7924, -0.5460, 0.9889, 199.45
1272, 1981, 32, 7, 0.6222, 19.5379, -4.6966, -18.9650, 0.3111, 205.00
1272, 2046, 33, 71, 0.6000, 1.4226, 0.9822, 1.0291, 0.1800, 255.00
1272, 1982, -5, -5, 0.5806, 11.5951, -11.1513, -3.1773, 0.3483, 228.33
1272, 2040, 62, -19, 0.5000, 66.3139, 10.5900, -65.4628, 0.1500, 160.67
1273, 2024, 44, 50, 1.0000, 12.4540, 11.5163, -4.7411, 1.0000, 199.59
1273, 2039, 26, 59, 0.6000, 56.2276, 20.7831, -52.2457, 0.1800, 180.00
1273, 2044, 73, 17, 0.6000, 15.6533, 14.3585, 6.2337, 0.1800, 210.67
1273, 2046, 34, 72, 0.7056, 1.4277, 1.0119, 1.0071, 0.2822, 249.75
1273, 2048, 15, 59, 0.6000, 31.2292, 11.8108, -28.9097, 0.1800, 183.00
1273, 2018, -16, 108, 0.5000, 43.8932, -39.6254, 18.8796, 0.1500, 186.33
1273, 1981, 27, -12, 0.5222, 19.5379, -4.6966, -18.9650, 0.2611, 205.00
1274, 2018, 2, 89, 0.6556, 7.4978, -7.2229, -2.0117, 0.2622, 182.75
1274, 2021, 50, 54, 0.6000, 58.6990, -57.7677, 10.4147, 0.1800, 161.00
1274, 2024, 52, 48, 1.0000, 9.1579, 8.9803, -1.7950, 1.0000, 200.79
1274, 1981, 32, 3, 0.6806, 0.7805, 0.7178, 0.3063, 0.4083, 204.67
1274, 2039, 50, 5, 0.6556, 58.5877, 23.9021, -53.4903, 0.2622, 186.50
1274, 2043, 14, 56, 0.6000, 61.3399, -43.4731, 43.2745, 0.1800, 205.67
1274, 2046, 29, 57, 0.7111, 14.1878, -4.3380, -13.5084, 0.3556, 235.80
1274, 2048, 6, 14, 0.6556, 43.2640, -6.3730, -42.7920, 0.2622, 189.25
1274, 2044, 87, 24, 0.5000, 15.6533, 14.3585, 6.2337, 0.1500, 210.67
1275, 2024, 53, 49, 1.0000, 1.9085, 1.9084, -0.0257, 1.0000, 201.19
1275, 2044, 96, 55, 0.6556, 23.3180, 11.3451, 20.3720, 0.2622, 199.25
1275, 2046, 40, 26, 0.7667, 30.5617, 9.6646, -28.9934, 0.4600, 231.17
1275, 2051, 67, 92, 0.6000, 48.2466, 21.6516, 43.1155, 0.1800, 194.67
1275, 2018, -5, 87, 0.5556, 7.4978, -7.2229, -2.0117, 0.2222, 182.75
1275, 2021, -8, 65, 0.5000, 58.6990, -57.7677, 10.4147, 0.1500, 161.00
1275, 2039, 74, -48, 0.5556, 58.5877, 23.9021, -53.4903, 0.2222, 186.50
1275, 2043, -29, 99, 0.5000, 61.3399, -43.4731, 43.2745, 0.1500, 205.67
1275, 2048, 0, -28, 0.5556, 43.2640, -6.3730, -42.7920, 0.2222, 189.25
1276, 2024, 41, 56, 1.0000, 12.6819, -11.0425, 6.2365, 1.0000, 200.89
1276, 2044, 87, 74, 0.7111, 20.8326, -7.9131, 19.2712, 0.3556, 191.60
1276, 2052, 120, 120, 0.6000, 28.2041, -4.3425, 27.8677, 0.1800, 82.67
1276, 2051, 89, 135, 0.5000, 48.2466, 21.6516, 43.1155, 0.1500, 194.67
1277, 2052, 116, 148, 0.5000, 28.2041, -4.3425, 27.8677, 0.1500, 82.67
1278, 2044, 76, 126, 0.8222, 25.9328, -2.2582, 25.8343, 0.5756, 173.43
1278, 2045, 73, 8, 0.6000, 8.9145, 8.1235, -3.6712, 0.1800, 213.67
1279, 2015, 11, 40, 0.6000, 31.8753, -31.7443, 2.8867, 0.1800, 193.33
1279, 2033, 75, 127, 0.6000, 67.6792, 67.6188, 2.8571, 0.1800, 145.67
1279, 2037, 49, 51, 0.6000, 11.4061, 0.9559, 11.3660, 0.1800, 203.00
1279, 2047, 74, 95, 0.6000, 2.0593, 1.8130, 0.9765, 0.1800, 160.33
1279, 2045, 81, 5, 0.5000, 8.9145, 8.1235, -3.6712, 0.1500, 213.67
1280, 2037, 61, 71, 0.6556, 21.3086, 10.8519, 18.3382, 0.2622, 196.25
1280, 2045, 97, 0, 0.6556, 12.8876, 12.1902, -4.1819, 0.2622, 201.00
1280, 2053, 38, 5, 0.6000, 31.9230, 31.4574, -5.4326, 0.1800, 208.83
1280, 2015, -21, 43, 0.5000, 31.8753, -31.7443, 2.8867, 0.1500, 193.33
1280, 2033, 142, 130, 0.5000, 67.6792, 67.6188, 2.8571, 0.1500, 145.67
1280, 2047, 76, 96, 0.5000, 2.0593, 1.8130, 0.9765, 0.1500, 160.33
1281, 2037, 63, 112, 0.7111, 38.8948, 2.3265, 38.8252, 0.3556, 186.40
1281, 2045, 100, -1, 0.7111, 3.7462, 3.6293, -0.9287, 0.3556, 193.10
1281, 2054, 36, 84, 0.6000, 35.8309, 35.1275, -7.0652, 0.1800, 186.67
1281, 2057, 49, 25, 0.6000, 0.9949, 0.9937, 0.0482, 0.1800, 230.33
1281, 2058, 60, 34, 0.6000, 2.6745, -1.8911, 1.8911, 0.1800, 238.17
1281, 2053, 70, 0, 0.5000, 31.9230, 31.4574, -5.4326, 0.1500, 208.83
1282, 2020, 125, 35, 0.8167, 1.3765, -0.8816, 1.0571, 0.4900, 123.83
1282, 2038, 6, 111, 0.6000, 25.0884, -19.9567, 15.2039, 0.1800, 170.00
1282, 2045, 108, 5, 0.7667, 9.4283, 8.0874, 4.8465, 0.4600, 185.25
1282, 2047, 86, 125, 0.6556, 12.7232, 4.5224, 11.8923, 0.2622, 154.92
1282, 2053, 101, 1, 0.6556, 31.2964, 31.2369, -1.9292, 0.2622, 200.12
1282, 2054, 46, 84, 0.6556, 12.7329, 12.7134, -0.7034, 0.2622, 203.38
1282, 2057, 50, 25, 0.7056, 1.0080, 1.0079, -0.0112, 0.2822, 223.25
1282, 2058, 59, 35, 0.7056, 1.8091, -1.2792, 1.2792, 0.2822, 241.88
1282, 2063, 57, 11, 0.6000, 29.3410, -13.1405, -26.2340, 0.1800, 203.67
1282, 2037, 65, 151, 0.6111, 38.8948, 2.3265, 38.8252, 0.3056, 186.40
1283, 1967, 34, 82, 0.5625, 29.9739, 28.0223, 10.6387, 0.2250, 190.75
1283, 2053, 105, 2, 0.7111, 6.8554, 6.7229, 1.3411, 0.3556, 194.90
1283, 2054, 45, 86, 0.7111, 2.3439, 0.7887, 2.2072, 0.3556, 212.70
1283, 2058, 58, 36, 0.7611, 1.3927, -0.9848, 0.9848, 0.3806, 244.10
1283, 2038, -14, 126, 0.5000, 25.0884, -19.9567, 15.2039, 0.1500, 170.00
1283, 2045, 116, 10, 0.6667, 9.4283, 8.0874, 4.8465, 0.4000, 185.25
1283, 2047, 90, 136, 0.5556, 12.7232, 4.5224, 11.8923, 0.2222, 154.92
1283, 2057, 51, 25, 0.6056, 1.0080, 1.0079, -0.0112, 0.2422, 223.25
1283, 2063, 43, -15, 0.5000, 29.3410, -13.1405, -26.2340, 0.1500, 203.67
1284, 1967, 78, 96, 0.6222, 43.8819, 41.5255, 14.1865, 0.3111, 181.00
1284, 2045, 124, 32, 0.8222, 16.9467, 7.8925, 14.9966, 0.5756, 176.07
1284, 2057, 57, 11, 0.7111, 9.1073, 3.7635, -8.2934, 0.3556, 218.40
1284, 2058, 57, 38, 0.8167, 1.9647, -0.9535, 1.7178, 0.4900, 245.58
1284, 2007, 6, 120, 0.5625, 1.8705, 0.0000, 1.8705, 0.2250, 154.75
1285, 2049, 81, 98, 0.6000, 22.7515, 22.7320, 0.9422, 0.1800, 164.00
1285, 2058, 56, 39, 0.8722, 1.6134, -0.9843, 1.2783, 0.6106, 246.21
1285, 2007, 6, 123, 0.6722, 2.7882, 0.0000, 2.7882, 0.3361, 153.80
1285, 1967, 119, 111, 0.5222, 43.8819, 41.5255, 14.1865, 0.2611, 181.00
1286, 2049, 86, 98, 0.6556, 7.1862, 7.1812, 0.2699, 0.2622, 158.75
1286, 2054, 47, 91, 0.8778, 2.4941, 1.8143, 1.7114, 0.7022, 227.94
1286, 2058, 55, 40, 0.9278, 1.4175, -1.0007, 1.0040, 0.7422, 246.94
1286, 2060, 12, 66, 0.6000, 16.7998, -15.5377, 6.3886, 0.1800, 203.00
1286, 2007, 6, 123, 0.7306, 0.7796, 0.0000, 0.7796, 0.4383, 155.83
1287, 2041, 30, 63, 0.6000, 57.7732, -3.8351, -57.6458, 0.1800, 164.67
1287, 2054, 48, 92, 0.9333, 1.8499, 1.3764, 1.2361, 0.8400, 230.94
1287, 2058, 53, 42, 0.9833, 2.4516, -1.7543, 1.7125, 0.8850, 247.61
1287, 2060, 3, 89, 0.6556, 23.2072, -10.0116, 20.9366, 0.2622, 193.75
1287, 2007, 6, 123, 0.7881, 0.1089, 0.0000, -0.1089, 0.5517, 155.14
1287, 2049, 93, 98, 0.5556, 7.1862, 7.1812, 0.2699, 0.2222, 158.75
1288, 2041, 43, 27, 0.6556, 40.5311, 10.2631, -39.2102, 0.2622, 174.25
1288, 2054, 49, 93, 0.9889, 1.4082, 1.0119, 0.9793, 0.9889, 231.95
1288, 2058, 52, 43, 1.0000, 1.8292, -1.3020, 1.2848, 1.0000, 248.35
1288, 2064, 72, 61, 0.6000, 23.7025, -12.6908, 20.0188, 0.1800, 191.00
1288, 2007, 7, 125, 0.8451, 1.5631, 0.7603, 1.3658, 0.6761, 154.88
1288, 2068, 49, 122, 0.6000, 41.0873, 27.1223, 30.8633, 0.1800, 167.67
1288, 2060, -7, 110, 0.5556, 23.2072, -10.0116, 20.9366, 0.2222, 193.75
1289, 1925, 94, 74, 0.5400, 43.8015, -28.5003, -33.2611, 0.2700, 91.60
1289, 2054, 51, 94, 1.0000, 2.0119, 1.7675, 0.9609, 1.0000, 234.05
1289, 2058, 51, 44, 1.0000, 1.4278, -1.0099, 1.0092, 1.0000, 248.95
1289, 2065, 104, 8, 0.6000, 5.4913, -0.8011, 5.4326, 0.1800, 162.67
1289, 2069, 16, 8, 0.6000, 21.5412, -21.4639, 1.8236, 0.1800, 216.33
1289, 2041, 53, -12, 0.5556, 40.5311, 10.2631, -39.2102, 0.2222, 174.25
1289, 2064, 59, 81, 0.5000, 23.7025, -12.6908, 20.0188, 0.1500, 191.00
1289, 2007, 8, 126, 0.7451, 1.5631, 0.7603, 1.3658, 0.5961, 154.88
1289, 2068, 76, 152, 0.5000, 41.0873, 27.1223, 30.8633, 0.1500, 167.67
1290, 2041, 63, 9, 0.7111, 10.9765, 10.1834, -4.0965, 0.3556, 177.20
1290, 2042, 33, 88, 0.6000, 39.0521, 10.6049, -37.5846, 0.1800, 153.33
1290, 1925, 71, 48, 0.6000, 35.8389, -23.8813, -26.7228, 0.3600, 116.17
1290, 2054, 52, 95, 1.0000, 1.5832, 1.2349, 0.9907, 1.0000, 235.79
1290, 2058, 36, 59, 1.0000, 19.1277, -13.5242, 13.5265, 1.0000, 244.38
1290, 2064, 57, 82, 0.6556, 11.4979, -7.1397, 9.0126, 0.2622, 188.00
1290, 2065, 105, 10, 0.7056, 2.4209, 0.4652, 2.3758, 0.2822, 174.00
1290, 2069, 2, 4, 0.6556, 15.4315, -15.0864, -3.2452, 0.2622, 217.75
1290, 2007, 8, 127, 0.6451, 1.5631, 0.7603, 1.3658, 0.5161, 154.88
1291, 2042, 47, 47, 0.6556, 42.8406, 14.2027, -40.4178, 0.2622, 178.75
1291, 2054, 54, 96, 1.0000, 2.0589, 1.7985, 1.0023, 1.0000, 237.27
1291, 2064, 52, 98, 0.7111, 16.3146, -5.1651, 15.4753, 0.3556, 183.20
1291, 2007, 11, 127, 0.9019, 1.6463, 1.5236, 0.6236, 0.8117, 160.22
1291, 2065, 106, 10, 0.7611, 1.3895, 1.0416, 0.9196, 0.3806, 175.20
1291, 2067, 15, 34, 0.6000, 33.8754, -31.8616, 11.5056, 0.1800, 200.00
1291, 2028, 122, 29, 0.5625, 0.9364, -0.0469, -0.9353, 0.2250, 140.75
1291, 1925, 47, 21, 0.5000, 35.8389, -23.8813, -26.7228, 0.3000, 116.17
1291, 2058, 22, 73, 0.9000, 19.1277, -13.5242, 13.5265, 0.9000, 244.38
1291, 2069, -13, 1, 0.5556, 15.4315, -15.0864, -3.2452, 0.2222, 217.75
1292, 2042, 60, 24, 0.7111, 28.3472, 12.9849, -25.1984, 0.3556, 186.40
1292, 1925, 46, 46, 0.6587, 11.2423, -10.8688, 2.8736, 0.4611, 135.57
1292, 2054, 55, 98, 1.0000, 2.1928, 1.2103, 1.8285, 1.0000, 238.39
1292, 2058, 21, 95, 1.0000, 19.1981, -6.2076, 18.1668, 1.0000, 238.96
1292, 2007, 15, 109, 0.9083, 17.1077, 3.5334, -16.7388, 0.9083, 160.80
1292, 2065, 106, 11, 0.8167, 0.8365, 0.3295, 0.7689, 0.4900, 176.50
1292, 2028, 122, 29, 0.6722, 0.2620, 0.0048, -0.2619, 0.3361, 138.40
1292, 2067, -17, 45, 0.5000, 33.8754, -31.8616, 11.5056, 0.1500, 200.00
1293, 2001, 87, 8, 0.5625, 74.4692, 74.0797, -7.6060, 0.2250, 188.25
1293, 2054, 57, 99, 1.0000, 2.1811, 1.7881, 1.2489, 1.0000, 239.50
1293, 2004, 91, 16, 0.5625, 83.0019, -29.3458, -77.6411, 0.2250, 101.25
1293, 2022, 117, 70, 0.5625, 77.1556, 55.0424, -54.0678, 0.2250, 138.50
1293, 2065, 107, 12, 0.8722, 1.1822, 0.7380, 0.9235, 0.6106, 176.43
1293, 2028, 122, 28, 0.7306, 0.7372, 0.0079, -0.7372, 0.4383, 138.67
1293, 2031, 14, 19, 0.5625, 41.4762, -3.4933, -41.3288, 0.2250, 201.00
1294, 2054, 58, 100, 1.0000, 1.5536, 1.2131, 0.9706, 1.0000, 240.47
1294, 2055, 23, 109, 0.6000, 19.0743, 19.0512, -0.9379, 0.1800, 162.67
1294, 2056, 60, 71, 0.6000, 53.7948, 18.9989, 50.3281, 0.1800, 195.67
1294, 2065, 94, 15, 0.8778, 11.5072, -11.2251, 2.5323, 0.7022, 185.88
1294, 2028, 110, 14, 0.7381, 16.4334, -10.6993, -12.4733, 0.5167, 143.14
1294, 2031, 11, -2, 0.6222, 24.0939, -3.3847, -23.8550, 0.3111, 206.80
1295, 2054, 59, 102, 1.0000, 2.0228, 0.9656, 1.7775, 1.0000, 241.32
1295, 2061, 47, 18, 0.6000, 56.9587, -35.2416, -44.7473, 0.1800, 200.00
1295, 2019, 9, 48, 0.5625, 76.5454, -60.5418, -46.8390, 0.2250, 164.50
1295, 2055, 42, 108, 0.5000, 19.0743, 19.0512, -0.9379, 0.1500, 162.67
1295, 2056, 79, 121, 0.5000, 53.7948, 18.9989, 50.3281, 0.1500, 195.67
1295, 2031, 8, -26, 0.5222, 24.0939, -3.3847, -23.8550, 0.2611, 206.80
1296, 2054, 60, 104, 1.0000, 2.2755, 0.9618, 2.0622, 1.0000, 241.86
1296, 2066, 61, 26, 0.6000, 40.4611, 39.7843, 7.3692, 0.1800, 204.67
1296, 2061, 11, -27, 0.5000, 56.9587, -35.2416, -44.7473, 0.1500, 200.00
1297, 2054, 61, 105, 1.0000, 1.5875, 0.9922, 1.2392, 1.0000, 242.26
1297, 2055, 50, 106, 0.6556, 6.9701, 6.8927, -1.0358, 0.2622, 156.00
1297, 2066, 116, 46, 0.6556, 55.7699, 52.7389, 18.1352, 0.2622, 186.50
1297, 2073, 115, 4, 0.6000, 1.8290, 0.1408, 1.8236, 0.1800, 138.33
1298, 2054, 62, 107, 1.0000, 2.0117, 1.0025, 1.7441, 1.0000, 242.90
1298, 2055, 57, 115, 0.7111, 10.3668, 6.6231, 7.9753, 0.3556, 153.20
1298, 2062, 83, 34, 0.6000, 31.6427, -0.9642, -31.6280, 0.1800, 180.00
1298, 2073, 115, 4, 0.7056, 0.5288, -0.0143, 0.5286, 0.2822, 141.00
1298, 2066, 169, 64, 0.5556, 55.7699, 52.7389, 18.1352, 0.2222, 186.50
1299, 2054, 63, 109, 1.0000, 2.2510, 1.0018, 2.0157, 1.0000, 243.48
1299, 2059, 43, 63, 0.6000, 23.7206, -12.4951, 20.1628, 0.1800, 200.67
1299, 2062, 99, 7, 0.6556, 30.6471, 13.3270, -27.5977, 0.2622, 174.75
1299, 2073, 115, 4, 0.7611, 0.0507, -0.0237, -0.0448, 0.3806, 140.00
1299, 2050, 16, 93, 0.5625, 0.9937, 0.9937, 0.0000, 0.2250, 176.75
1299, 2076, 60, 27, 0.6000, 6.5668, -6.4998, -0.9353, 0.1800, 207.33
1299, 2055, 64, 123, 0.6111, 10.3668, 6.6231, 7.9753, 0.3056, 153.20
1300, 2042, 111, 19, 1.0000, 1.1769, 0.8162, 0.8479, 1.0000, 175.54
1300, 2000, 100, 96, 0.5625, 81.6939, 78.0624, 24.0865, 0.2250, 167.50
1300, 2054, 64, 111, 1.0000, 2.2715, 1.0003, 2.0394, 1.0000, 243.86
1300, 2059, 7, 80, 0.6556, 37.9497, -33.6131, 17.6164, 0.2622, 199.25
1300, 2062, 115, 0, 0.7111, 18.1169, 15.6847, -9.0671, 0.3556, 167.00
1300, 2073, 118, 21, 0.7667, 15.3649, 2.2862, 15.1939, 0.4600, 138.17
1300, 2050, 4, 100, 0.6222, 12.0227, -10.3768, 6.0718, 0.3111, 192.40
1300, 2076, 50, 18, 0.6556, 12.2102, -9.3860, -7.8097, 0.2622, 205.75
1300, 2077, 91, 28, 0.6000, 22.6283, 22.6278, -0.1445, 0.1800, 196.00
1300, 2081, 31, 63, 0.6000, 47.8423, 29.8811, -37.3631, 0.1800, 209.00
1300, 2055, 70, 130, 0.5111, 10.3668, 6.6231, 7.9753, 0.2556, 153.20
1301, 2054, 65, 113, 1.0000, 2.2462, 0.9999, 2.0114, 1.0000, 244.26
1301, 2071, 43, 67, 0.6000, 31.2605, 21.6489, -22.5509, 0.1800, 194.33
1301, 2074, 44, 26, 0.6556, 11.6023, 11.2637, 2.7824, 0.2622, 212.00
1301, 2050, 2, 103, 0.6806, 4.3934, -3.2031, 3.0070, 0.4083, 196.67
1301, 2076, 20, 17, 0.7111, 28.6270, -28.5581, -1.9845, 0.3556, 206.00
1301, 2081, 76, 25, 0.6556, 57.2358, 43.1061, -37.6538, 0.2622, 196.50
1301, 2082, 78, 18, 0.6000, 43.1839, -41.1511, 13.0935, 0.1800, 145.00
1301, 2059, -27, 98, 0.5556, 37.9497, -33.6131, 17.6164, 0.2222, 199.25
1301, 2077, 114, 28, 0.5000, 22.6283, 22.6278, -0.1445, 0.1500, 196.00
1302, 2054, 66, 115, 1.0000, 2.2348, 0.9999, 1.9986, 1.0000, 244.58
1302, 2059, -1, 101, 0.7111, 8.9720, 0.4632, 8.9600, 0.3556, 192.80
1302, 2071, 52, 35, 0.6556, 32.3142, 10.5002, -30.5606, 0.2622, 194.00
1302, 2074, 45, 26, 0.7111, 2.4741, 2.4024, 0.5913, 0.3556, 210.00
1302, 1983, 73, 16, 0.5400, 1.3462, 0.9863, 0.9163, 0.2700, 184.80
1302, 2050, 3, 103, 0.7381, 1.0865, 1.0544, 0.2623, 0.5167, 203.00
1302, 2076, 10, 12, 0.7667, 12.8170, -11.8142, -4.9698, 0.4600, 206.83
1302, 2077, 127, 15, 0.6556, 18.9983, 17.4418, -7.5313, 0.2622, 188.00
1302, 2082, 38, 26, 0.6556, 41.0331, -40.2063, 8.1956, 0.2622, 159.38
1302, 2081, 119, -13, 0.5556, 57.2358, 43.1061, -37.6538, 0.2222, 196.50
1303, 2054, 67, 117, 1.0000, 2.2342, 1.0000, 1.9979, 1.0000, 242.48
1303, 2050, 6, 102, 0.7951, 2.4204, 2.3967, -0.3378, 0.6361, 209.50
1303, 2086, 67, 91, 0.6000, 26.3129, -18.5065, 18.7051, 0.1800, 177.67
1303, 2071, 62, 5, 0.5556, 32.3142, 10.5002, -30.5606, 0.2222, 194.00
1303, 2074, 48, 27, 0.6111, 2.4741, 2.4024, 0.5913, 0.3056, 210.00
1303, 2076, -2, 7, 0.6667, 12.8170, -11.8142, -4.9698, 0.4000, 206.83
1303, 2077, 145, 7, 0.5556, 18.9983, 17.4418, -7.5313, 0.2222, 188.00
1303, 2082, -2, 34, 0.5556, 41.0331, -40.2063, 8.1956, 0.2222, 159.38
1304, 2054, 68, 119, 1.0000, 2.2356, 1.0000, 1.9995, 1.0000, 242.85
1304, 1983, 76, 28, 0.6000, 6.6556, 1.5518, 6.4722, 0.3600, 185.00
1304, 2087, 37, 110, 0.6000, 15.7091, 4.5168, 15.0458, 0.1800, 182.33
1304, 2088, 65, 8, 0.6000, 58.6348, -53.9517, -22.9620, 0.1800, 149.00
1304, 2091, 17, 21, 0.6000, 19.6403, 0.0000, 19.6403, 0.1800, 225.00
1304, 2093, 71, 28, 0.6000, 0.8883, -0.8883, 0.0000, 0.1800, 192.67
1304, 2100, 33, 96, 0.6000, 14.1995, 14.0757, 1.8705, 0.1800, 175.33
1304, 2074, 50, 28, 0.5111, 2.4741, 2.4024, 0.5913, 0.2556, 210.00
1304, 2086, 48, 110, 0.5000, 26.3129, -18.5065, 18.7051, 0.1500, 177.67
1305, 2054, 69, 121, 1.0000, 2.2361, 1.0000, 2.0001, 1.0000, 241.13
1305, 1983, 75, 29, 0.6587, 1.7455, -0.4190, 1.6944, 0.4611, 191.29
1305, 2087, 38, 114, 0.6556, 5.2264, 2.1340, 4.7709, 0.2622, 185.75
1305, 2088, 29, 2, 0.6556, 39.2598, -38.2704, -8.7580, 0.2622, 162.50
1305, 2091, 18, 25, 0.6556, 6.3007, 0.7548, 6.2553, 0.2622, 220.75
1305, 2093, 74, 18, 0.6556, 8.7468, 2.7524, -8.3025, 0.2622, 189.50
1305, 2096, 35, 53, 0.6000, 12.0570, 11.8787, -2.0659, 0.1800, 215.33
1305, 2097, 87, 76, 0.6000, 21.4165, 20.6492, 5.6811, 0.1800, 196.17
1305, 2100, 67, 74, 0.6556, 36.1042, 31.0960, -18.3455, 0.2622, 179.00
1306, 2054, 69, 123, 1.0000, 2.0132, 0.2292, 2.0001, 1.0000, 240.77
1306, 2074, 48, 22, 0.7667, 1.5747, 0.1377, -1.5687, 0.4600, 208.17
1306, 1983, 76, 28, 0.7167, 0.4813, 0.3938, -0.2767, 0.5733, 191.88
1306, 2086, 40, 112, 0.6556, 8.0041, -6.9316, 4.0022, 0.2622, 190.38
1306, 2091, 10, 43, 0.7111, 18.0863, -7.3579, 16.5220, 0.3556, 215.20
1306, 2093, 69, 4, 0.7111, 14.3737, -4.2166, -13.7413, 0.3556, 193.20
1306, 2096, 38, 52, 0.6556, 3.7597, 3.5408, -1.2641, 0.2622, 214.25
1306, 2097, 91, 78, 0.6556, 5.9510, 5.5671, 2.1029, 0.2622, 190.62
1306, 2100, 86, 46, 0.7111, 34.2494, 20.2741, -27.6041, 0.3556, 180.20
1306, 2087, 41, 119, 0.5556, 5.2264, 2.1340, 4.7709, 0.2222, 185.75
1306, 2088, -9, -7, 0.5556, 39.2598, -38.2704, -8.7580, 0.2222, 162.50
1307, 2054, 70, 125, 1.0000, 2.1225, 0.7104, 2.0000, 1.0000, 239.19
1307, 2080, 121, 101, 0.6000, 76.5435, 29.4169, 70.6651, 0.1800, 138.33
1307, 2084, 51, 49, 0.6000, 31.0147, -1.8356, 30.9604, 0.1800, 199.67
1307, 2085, 24, 67, 0.6000, 2.0233, -1.8068, 0.9106, 0.1800, 224.33
1307, 2086, 4, 108, 0.7111, 33.7027, -33.5720, -2.9655, 0.3556, 203.30
1307, 2091, 6, 51, 0.7667, 9.2125, -3.6797, 8.4457, 0.4600, 212.00
1307, 2092, 64, 7, 0.6000, 15.0596, -11.5666, -9.6439, 0.1800, 189.33
1307, 2094, 76, 43, 0.6000, 12.0765, -7.0193, 9.8271, 0.1800, 192.33
1307, 2097, 89, 77, 0.7111, 0.8231, -0.8230, -0.0142, 0.3556, 185.90
1307, 2074, 48, 20, 0.6667, 1.5747, 0.1377, -1.5687, 0.4000, 208.17
1307, 1983, 76, 28, 0.6167, 0.4813, 0.3938, -0.2767, 0.4933, 191.88
1307, 2093, 65, -10, 0.6111, 14.3737, -4.2166, -13.7413, 0.3056, 193.20
1307, 2096, 41, 51, 0.5556, 3.7597, 3.5408, -1.2641, 0.2222, 214.25
1307, 2100, 106, 18, 0.6111, 34.2494, 20.2741, -27.6041, 0.3056, 180.20
1308, 2062, 116, 26, 1.0000, 0.4708, 0.3903, -0.2634, 1.0000, 151.77
1308, 2074, 19, 24, 0.8222, 16.7848, -16.7373, 1.2624, 0.5756, 208.00
1308, 1983, 79, 29, 0.7741, 1.7411, 1.6989, 0.3807, 0.6967, 191.22
1308, 2084, 51, 84, 0.6556, 33.7542, -0.5489, 33.7497, 0.2622, 194.25
1308, 2085, 22, 69, 0.7056, 2.7493, -2.0804, 1.7974, 0.2822, 221.50
1308, 2092, 30, 2, 0.6556, 31.5242, -31.0575, -5.4040, 0.2622, 192.50
1308, 2096, 39, 51, 0.7111, 0.5734, 0.4595, -0.3430, 0.3556, 213.20
1308, 2054, 71, 127, 0.9000, 2.1225, 0.7104, 2.0000, 0.9000, 239.19
1308, 2080, 150, 172, 0.5000, 76.5435, 29.4169, 70.6651, 0.1500, 138.33
1308, 2091, 3, 59, 0.6667, 9.2125, -3.6797, 8.4457, 0.4000, 212.00
1308, 2093, 61, -23, 0.5111, 14.3737, -4.2166, -13.7413, 0.2556, 193.20
1308, 2094, 69, 53, 0.5000, 12.0765, -7.0193, 9.8271, 0.1500, 192.33
1309, 1983, 72, 30, 0.8311, 5.8882, -5.8185, 0.9030, 0.8311, 192.70
1309, 2084, 51, 112, 0.7111, 28.9667, 0.0389, 28.9667, 0.3556, 185.40
1309, 2085, 21, 87, 0.7111, 16.6144, -1.2921, 16.5641, 0.3556, 214.60
1309, 2094, 87, 76, 0.6556, 19.0210, 7.2442, 17.5875, 0.2622, 184.25
1309, 2096, 40, 50, 0.7667, 1.0755, 0.7117, -0.8063, 0.4600, 216.33
1309, 2102, 13, 107, 0.6000, 1.7679, -0.0181, 1.7678, 0.1800, 201.11
1309, 2103, 79, 16, 0.6000, 7.6507, 7.1792, -2.6440, 0.1800, 178.00
1309, 2054, 71, 129, 0.8000, 2.1225, 0.7104, 2.0000, 0.8000, 239.19
1309, 2092, -1, -3, 0.5556, 31.5242, -31.0575, -5.4040, 0.2222, 192.50
1310, 2054, 72, 126, 1.0000, 0.6956, 0.6937, -0.0512, 1.0000, 235.25
1310, 2085, 21, 92, 0.7667, 6.0593, -0.1896, 6.0563, 0.4600, 209.17
1310, 2087, 38, 122, 0.7111, 1.0171, -0.8266, 0.5926, 0.3556, 177.00
1310, 2094, 94, 88, 0.7111, 13.9575, 7.0350, 12.0549, 0.3556, 174.00
1310, 2096, 40, 49, 0.8222, 1.0398, 0.2009, -1.0202, 0.5756, 214.86
1310, 2102, 15, 105, 0.7056, 1.7996, 1.5286, -0.9498, 0.2822, 202.21
1310, 2103, 113, 27, 0.6556, 31.5752, 30.2530, 9.0415, 0.2622, 169.50
1310, 2106, 86, 62, 0.6556, 19.1796, 6.0382, 18.2043, 0.2622, 189.75
1310, 2084, 51, 141, 0.6111, 28.9667, 0.0389, 28.9667, 0.3056, 185.40
1311, 2054, 50, 110, 1.0000, 25.3397, -20.0904, -15.4426, 1.0000, 234.19
1311, 2079, 113, 39, 0.6000, 64.5590, 57.5408, -29.2732, 0.1800, 177.67
1311, 2085, 10, 104, 0.8222, 15.0117, -9.8152, 11.3584, 0.5756, 208.57
1311, 2087, 38, 118, 0.7667, 4.2871, -0.1546, -4.2843, 0.4600, 169.50
1311, 2096, 53, 65, 0.8778, 18.2497, 11.4250, 14.2310, 0.7022, 211.38
1311, 2102, 17, 106, 0.7611, 2.0998, 2.0922, 0.1794, 0.3806, 207.17
1311, 2103, 121, 32, 0.7111, 11.4802, 10.2254, 5.2188, 0.3556, 163.60
1311, 2106, 90, 84, 0.7111, 22.4428, 4.5020, 21.9866, 0.3556, 180.40
1311, 2084, 51, 170, 0.5111, 28.9667, 0.0389, 28.9667, 0.2556, 185.40
1312, 2087, 47, 108, 0.8222, 12.5294, 8.5290, -9.1784, 0.5756, 176.14
1312, 2102, 18, 106, 0.8167, 1.3555, 1.3396, 0.2069, 0.4900, 213.31
1312, 2079, 170, 9, 0.5000, 64.5590, 57.5408, -29.2732, 0.1500, 177.67
1312, 2085, 0, 115, 0.7222, 15.0117, -9.8152, 11.3584, 0.5056, 208.57
1312, 2106, 95, 106, 0.6111, 22.4428, 4.5020, 21.9866, 0.3056, 180.40
1313, 2087, 43, 75, 0.8778, 31.0001, -3.2315, -30.8312, 0.7022, 175.00
1313, 2102, 20, 107, 0.8722, 1.9172, 1.7345, 0.8168, 0.6106, 216.98
1313, 2103, 119, 33, 0.8222, 0.8368, -0.6374, 0.5423, 0.5756, 165.71
1314, 2102, 21, 107, 0.9278, 1.2628, 1.2310, 0.2818, 0.7422, 220.35
1314, 2104, 37, 36, 0.6000, 12.4279, 3.5992, 11.8953, 0.1800, 208.00
1314, 2112, 13, 75, 0.6000, 2.1544, -1.9174, 0.9822, 0.1800, 254.00
1315, 2102, 23, 108, 0.9833, 1.8972, 1.7426, 0.7502, 0.8850, 222.09
1315, 2104, 47, 45, 0.6556, 13.5412, 9.4868, 9.6625, 0.2622, 206.75
1315, 2105, 28, 54, 0.6000, 52.3374, -50.4768, 13.8311, 0.1800, 205.67
1315, 2112, 11, 76, 0.7056, 2.2670, -2.0286, 1.0119, 0.2822, 253.75
1316, 2102, 25, 108, 1.0000, 2.0272, 2.0116, 0.2512, 1.0000, 218.13
1316, 2104, 58, 58, 0.7111, 16.5591, 10.6519, 12.6783, 0.3556, 203.80
1316, 2105, -3, 58, 0.6556, 33.7427, -33.3895, 4.8692, 0.2622, 200.75
1316, 2112, 10, 76, 0.7611, 1.2811, -1.2578, 0.2432, 0.3806, 251.40
1316, 2118, 81, 22, 0.6000, 1.3562, 0.9822, 0.9353, 0.1800, 175.33
1316, 2123, 8, 101, 0.6000, 36.7734, -36.4748, 4.6763, 0.1800, 174.67
1317, 2102, 26, 109, 1.0000, 1.4881, 1.2906, 0.7409, 1.0000, 217.85
1317, 2104, 89, 89, 0.7667, 40.5301, 28.6676, 28.6506, 0.4600, 192.67
1317, 2112, 8, 77, 0.8167, 1.8541, -1.7129, 0.7097, 0.4900, 251.17
1317, 1919, 100, 88, 0.5143, 40.6601, 36.8900, 17.0989, 0.3600, 197.00
1317, 2117, 74, 7, 0.6000, 0.9937, 0.9937, 0.0000, 0.1800, 195.67
1317, 2118, 86, 20, 0.7056, 4.9457, 4.7858, -1.2476, 0.2822, 175.00
1317, 2124, 56, 103, 0.6000, 2.1334, 1.9174, -0.9353, 0.1800, 202.00
1317, 2105, -36, 62, 0.5556, 33.7427, -33.3895, 4.8692, 0.2222, 200.75
1317, 2123, -29, 105, 0.5000, 36.7734, -36.4748, 4.6763, 0.1500, 174.67
1318, 2083, 45, 21, 0.6000, 8.8368, -6.7100, 5.7502, 0.1800, 199.33
1318, 2090, 104, 88, 0.6000, 24.4636, -19.1080, 15.2760, 0.1800, 104.67
1318, 2102, 26, 108, 1.0000, 0.5349, 0.2191, -0.4880, 1.0000, 215.49
1318, 2112, 6, 78, 0.8722, 2.2325, -1.9971, 0.9980, 0.6106, 251.43
1318, 2117, 81, 21, 0.6556, 13.6902, 6.3208, 12.1437, 0.2622, 192.50
1318, 2118, 105, 21, 0.7111, 16.9021, 16.9011, 0.1823, 0.3556, 169.00
1318, 2124, 57, 102, 0.7056, 1.6298, 1.2739, -1.0167, 0.2822, 201.25
1318, 2125, 48, 60, 0.6000, 16.8863, -1.8236, 16.7876, 0.1800, 209.33
1319, 2083, 16, 17, 0.6556, 26.1054, -26.0132, -2.1909, 0.2622, 201.50
1319, 2090, 101, 91, 0.6556, 6.7947, -5.3035, 4.2474, 0.2622, 106.38
1319, 2097, 83, 123, 0.9333, 0.1081, 0.0957, -0.0502, 0.8400, 155.50
1319, 2102, 29, 109, 1.0000, 2.1701, 2.1262, 0.4345, 1.0000, 217.18
1319, 2107, 79, 9, 0.6000, 52.1518, -43.2497, -29.1424, 0.1800, 144.67
1319, 2112, 4, 79, 0.9278, 2.2910, -2.0406, 1.0414, 0.7422, 251.50
1319, 2117, 80, 40, 0.7111, 18.2271, -0.0863, 18.2269, 0.3556, 190.60
1319, 2124, 59, 102, 0.7611, 1.7619, 1.7439, -0.2511, 0.3806, 196.60
1319, 2070, 20, 44, 0.5625, 57.3001, -57.2413, 2.5959, 0.2250, 193.25
1319, 2125, 28, 100, 0.6556, 41.2548, -17.8884, 37.1747, 0.2622, 220.75
1319, 2118, 122, 21, 0.6111, 16.9021, 16.9011, 0.1823, 0.3056, 169.00
1320, 2090, 93, 95, 0.7111, 8.2324, -7.1040, 4.1599, 0.3556, 111.40
1320, 2102, 30, 110, 1.0000, 1.8663, 1.5812, 0.9915, 1.0000, 218.95
1320, 2112, 3, 80, 0.9833, 1.6227, -1.2647, 1.0167, 0.8850, 251.22
1320, 2117, 69, 70, 0.7667, 30.5994, -10.1253, 28.8756, 0.4600, 189.67
1320, 2124, 58, 102, 0.8167, 0.2898, -0.2851, 0.0524, 0.4900, 196.83
1320, 2129, 103, 107, 0.6000, 14.6452, 9.3525, 11.2700, 0.1800, 120.17
1320, 2132, 52, 98, 0.6000, 15.4246, -3.7410, -14.9640, 0.1800, 154.00
1320, 2083, -10, 15, 0.5556, 26.1054, -26.0132, -2.1909, 0.2222, 201.50
1320, 2107, 35, -20, 0.5000, 52.1518, -43.2497, -29.1424, 0.1500, 144.67
1320, 2125, 10, 138, 0.5556, 41.2548, -17.8884, 37.1747, 0.2222, 220.75
1321, 2102, 32, 110, 1.0000, 1.8393, 1.8061, 0.3475, 1.0000, 217.89
1321, 2112, 2, 80, 1.0000, 0.9850, -0.9519, 0.2530, 1.0000, 247.45
1321, 2117, 61, 101, 0.8222, 31.6789, -8.4160, 30.5405, 0.5756, 191.00
1321, 2120, 90, 31, 0.6000, 38.8239, 38.8238, -0.0725, 0.1800, 196.00
1321, 2124, 54, 108, 0.8222, 6.8018, -4.1636, 5.3785, 0.5756, 191.14
1321, 2129, 111, 120, 0.6556, 15.5777, 8.6575, 12.9504, 0.2622, 112.62
1321, 2132, 63, 76, 0.6556, 22.5673, 8.7643, -20.7959, 0.2622, 161.75
1321, 2090, 86, 99, 0.6111, 8.2324, -7.1040, 4.1599, 0.3056, 111.40
1322, 2090, 82, 104, 0.7667, 7.1392, -5.5207, 4.5266, 0.4600, 114.50
1322, 2102, 33, 111, 1.0000, 1.4466, 1.2515, 0.7256, 1.0000, 219.58
1322, 2110, 15, 4, 0.6000, 25.9031, -25.9031, 0.0000, 0.1800, 217.33
1322, 2112, 18, 79, 1.0000, 13.9485, 13.9260, -0.7925, 1.0000, 242.50
1322, 2117, 61, 105, 0.8778, 7.1283, -0.1005, 7.1276, 0.7022, 195.12
1322, 2120, 119, 39, 0.6556, 30.2732, 29.4822, 6.8752, 0.2622, 182.75
1322, 2132, 69, 70, 0.7111, 9.8870, 6.7662, -7.2092, 0.3556, 167.00
1322, 2129, 120, 133, 0.5556, 15.5777, 8.6575, 12.9504, 0.2222, 112.62
1323, 2089, 50, 25, 0.6000, 76.9508, -71.3165, -28.9030, 0.1800, 148.33
1323, 2090, 66, 102, 0.8222, 15.3699, -15.3052, -1.4086, 0.5756, 130.14
1323, 2102, 35, 111, 1.0000, 1.7288, 1.7096, 0.2568, 1.0000, 218.28
1323, 2131, 59, 47, 0.6000, 66.8872, -8.9420, -66.2868, 0.1800, 153.00
1323, 2072, 87, 20, 0.5625, 14.6153, -11.2700, -9.3056, 0.2250, 171.75
1323, 2133, 93, 101, 0.6000, 2.6461, -1.8236, 1.9174, 0.1800, 128.00
1323, 2110, -11, 4, 0.5000, 25.9031, -25.9031, 0.0000, 0.1500, 217.33
1323, 2120, 148, 46, 0.5556, 30.2732, 29.4822, 6.8752, 0.2222, 182.75
1323, 2132, 76, 63, 0.6111, 9.8870, 6.7662, -7.2092, 0.3056, 167.00
1324, 2089, 0, 1, 0.6556, 58.0414, -52.6268, -24.4791, 0.2622, 167.25
1324, 2090, 56, 98, 0.8778, 11.0276, -10.1594, -4.2888, 0.7022, 135.81
1324, 2102, 36, 112, 1.0000, 1.4588, 1.2684, 0.7206, 1.0000, 218.05
1324, 2120, 127, 46, 0.7111, 3.2846, 0.4305, 3.2563, 0.3556, 177.80
1324, 2129, 114, 124, 0.7111, 1.8608, -0.8323, -1.6643, 0.3556, 104.30
1324, 2072, 65, 15, 0.6222, 21.9894, -21.2529, -5.6432, 0.3111, 178.20
1324, 2133, 69, 101, 0.6556, 20.9140, -20.9075, 0.5191, 0.2622, 158.50
1324, 2134, 95, 102, 0.6000, 4.8723, -4.1317, -2.5823, 0.1800, 107.33
1324, 2075, 57, 39, 0.5625, 34.2997, 33.6691, 6.5468, 0.2250, 219.75
1324, 2136, 72, 38, 0.6000, 19.1898, -14.0288, 13.0935, 0.1800, 201.67
1324, 2137, 101, 23, 0.6000, 9.6110, 4.7232, -8.3703, 0.1800, 167.00
1324, 2142, 110, 91, 0.6000, 2.9575, 2.8058, 0.9353, 0.1800, 107.33
1324, 2131, 50, -19, 0.5000, 66.8872, -8.9420, -66.2868, 0.1500, 153.00
1325, 2102, 39, 112, 1.0000, 2.4584, 2.4428, 0.2760, 1.0000, 216.73
1325, 2072, 47, 12, 0.6806, 18.2118, -17.7875, -3.9084, 0.4083, 183.17
1325, 2133, 64, 100, 0.7111, 6.7331, -6.6825, -0.8241, 0.3556, 177.20
1325, 2134, 94, 102, 0.6556, 0.9764, -0.9586, 0.1856, 0.2622, 108.00
1325, 2136, 60, 40, 0.6556, 12.5734, -12.2314, 2.9122, 0.2622, 211.00
1325, 2138, 96, 31, 0.6000, 1.1382, -1.1382, 0.0000, 0.1800, 163.67
1325, 2142, 111, 91, 0.7056, 1.5627, 1.5406, 0.2619, 0.2822, 105.75
1325, 2089, -53, -23, 0.5556, 58.0414, -52.6268, -24.4791, 0.2222, 167.25
1325, 2090, 46, 93, 0.7778, 11.0276, -10.1594, -4.2888, 0.6222, 135.81
1325, 2137, 106, 15, 0.5000, 9.6110, 4.7232, -8.3703, 0.1500, 167.00
1326, 2090, 35, 86, 0.9333, 12.1512, -10.5991, -5.9422, 0.8400, 140.61
1326, 2102, 40, 113, 1.0000, 1.7545, 1.5988, 0.7225, 1.0000, 216.09
1326, 2122, 7, 83, 1.0000, 13.1476, -11.7596, -5.8798, 1.0000, 185.46
1326, 2072, 42, 5, 0.7381, 9.5650, -6.7436, -6.7833, 0.5167, 190.00
1326, 2133, 51, 119, 0.7667, 20.6403, -12.4971, 16.4269, 0.4600, 171.50
1326, 2134, 97, 105, 0.7611, 2.6394, 1.7593, 1.9675, 0.3806, 111.20
1326, 2075, 110, 31, 0.6222, 25.6833, 25.1478, -5.2176, 0.3111, 204.40
1326, 2136, 28, 35, 0.7111, 29.6125, -29.3804, -3.7004, 0.3556, 213.60
1326, 2138, 95, 32, 0.7056, 1.2350, -0.9742, 0.7590, 0.2822, 169.00
1326, 2139, 89, 29, 0.6000, 30.1799, -2.6097, -30.0669, 0.1800, 163.33
1326, 2140, 10, 114, 0.6000, 51.3696, -21.0765, 46.8468, 0.1800, 177.00
1326, 2142, 102, 100, 0.7111, 11.1868, -8.2005, 7.6090, 0.3556, 106.80
1327, 2090, 32, 64, 0.9889, 21.2453, -3.5177, -20.9521, 0.9889, 145.85
1327, 2102, 34, 99, 1.0000, 12.6720, -4.6425, -11.7909, 1.0000, 214.09
1327, 2122, 3, 50, 1.0000, 30.0695, -5.7001, -29.5243, 1.0000, 185.50
1327, 2130, 7, 104, 0.6000, 1.8714, 0.0117, 1.8714, 0.1800, 156.33
1327, 2072, 10, 1, 0.7951, 29.4839, -29.2743, -3.5098, 0.6361, 193.12
1327, 2134, 120, 98, 0.7667, 22.0720, 21.4038, -5.3902, 0.4600, 105.83
1327, 2075, 126, 45, 0.6806, 20.8100, 16.7279, 12.3787, 0.4083, 192.83
1327, 2138, 100, 32, 0.7611, 4.3800, 4.3710, 0.2805, 0.3806, 168.80
1327, 2142, 97, 107, 0.7667, 9.3461, -5.6442, 7.4493, 0.4600, 106.50
1327, 2133, 39, 135, 0.6667, 20.6403, -12.4971, 16.4269, 0.4000, 171.50
1327, 2139, 87, -1, 0.5000, 30.1799, -2.6097, -30.0669, 0.1500, 163.33
1327, 2140, -11, 161, 0.5000, 51.3696, -21.0765, 46.8468, 0.1500, 177.00
1328, 2122, 22, 15, 1.0000, 37.9099, 16.1938, -34.2771, 1.0000, 186.93
1328, 2130, 2, 110, 0.6556, 7.4193, -4.5606, 5.8521, 0.2622, 157.00
1328, 2138, 101, 33, 0.8167, 1.9624, 1.8089, 0.7607, 0.4900, 168.71
1328, 2142, 97, 109, 0.8222, 2.5071, -0.1967, 2.4994, 0.5756, 109.29
1329, 2138, 93, 29, 0.8222, 8.3833, -7.5852, -3.5701, 0.5756, 170.32
1329, 2142, 98, 109, 0.8778, 0.7596, 0.7481, -0.1319, 0.7022, 108.25
1329, 2143, 114, 92, 0.6556, 12.9686, 12.9462, -0.7615, 0.2622, 105.00
1329, 2078, 43, 117, 0.5625, 52.4551, -33.6221, 40.2628, 0.2250, 181.25
1329, 2122, 38, -19, 0.9000, 37.9099, 16.1938, -34.2771, 0.9000, 186.93
1329, 2130, -3, 116, 0.5556, 7.4193, -4.5606, 5.8521, 0.2222, 157.00
1330, 2143, 127, 99, 0.7111, 14.4043, 13.1754, 5.8218, 0.3556, 98.60
1330, 2146, 38, 66, 0.6000, 47.0459, -5.5646, -46.7157, 0.1800, 207.17
1331, 2113, 33, 52, 0.6000, 34.4787, 22.9042, 25.7717, 0.1800, 213.67
1331, 2127, 54, 16, 0.6000, 67.7623, -67.6579, -3.7588, 0.1800, 162.00
1331, 2146, 44, 30, 0.6556, 38.2697, 4.4618, -38.0087, 0.2622, 205.12
1331, 2143, 140, 105, 0.6111, 14.4043, 13.1754, 5.8218, 0.3056, 98.60
1332, 2109, 49, 19, 0.6000, 62.3570, 38.4821, -49.0665, 0.1800, 194.33
1332, 2113, 66, 63, 0.6556, 34.6754, 32.0590, 13.2136, 0.2622, 212.50
1332, 2127, 7, 4, 0.6556, 50.9029, -49.7175, -10.9216, 0.2622, 175.00
1332, 2130, 1, 123, 0.7111, 2.6170, 1.0994, 2.3749, 0.3556, 155.80
1332, 2137, 117, 8, 0.6556, 1.1268, 1.0003, 0.5187, 0.2622, 159.75
1332, 2145, 27, 86, 0.6000, 14.0903, -13.3672, -4.4557, 0.1800, 182.67
1332, 2146, 36, 3, 0.7111, 28.5188, -6.7928, -27.6981, 0.3556, 210.50
1332, 2143, 153, 110, 0.5111, 14.4043, 13.1754, 5.8218, 0.2556, 98.60
1333, 2113, 107, 75, 0.7111, 41.8794, 40.0657, 12.1910, 0.3556, 193.80
1333, 2121, 32, 8, 0.6000, 28.9724, 3.8276, -28.7184, 0.1800, 211.00
1333, 2137, 110, 32, 0.7111, 24.6280, -7.1448, 23.5689, 0.3556, 162.60
1333, 2101, 121, 93, 0.5625, 14.5355, -1.5588, -14.4516, 0.2250, 83.50
1333, 2109, 87, -30, 0.5000, 62.3570, 38.4821, -49.0665, 0.1500, 194.33
1333, 2127, -43, -7, 0.5556, 50.9029, -49.7175, -10.9216, 0.2222, 175.00
1333, 2130, 2, 125, 0.6111, 2.6170, 1.0994, 2.3749, 0.3056, 155.80
1333, 2145, 14, 82, 0.5000, 14.0903, -13.3672, -4.4557, 0.1500, 182.67
1333, 2146, 29, -25, 0.6111, 28.5188, -6.7928, -27.6981, 0.3056, 210.50
1334, 2121, 37, 0, 0.6556, 11.9785, 4.8350, -10.9593, 0.2622, 214.00
1334, 2130, 1, 123, 0.7667, 0.2985, -0.0427, -0.2954, 0.4600, 157.00
1334, 2101, 111, 76, 0.6222, 18.9588, -9.0025, -16.6851, 0.3111, 90.40
1334, 2099, 50, 117, 0.5625, 43.2587, 43.1718, 2.7404, 0.2250, 161.25
1334, 2148, 104, 29, 0.6000, 25.8001, -18.7050, -17.7698, 0.1800, 137.00
1335, 1854, 99, 94, 0.5062, 18.6400, -10.5642, -15.3574, 0.4050, 94.88
1335, 2121, 69, 3, 0.7111, 29.5393, 29.5139, 1.2245, 0.3556, 211.40
1335, 2130, 1, 123, 0.8222, 0.1926, -0.0600, -0.1830, 0.5756, 156.57
1335, 2145, 21, 90, 0.6556, 2.4057, 0.2922, 2.3878, 0.2622, 183.50
1335, 2101, 87, 74, 0.6806, 22.7255, -22.3387, -4.1755, 0.4083, 100.83
1335, 2147, 17, 17, 0.6000, 14.0428, -4.5778, 13.2757, 0.1800, 207.67
1335, 2099, 84, 101, 0.6222, 38.2756, 35.7711, -13.6178, 0.3111, 170.60
1335, 2148, 101, 26, 0.6556, 7.2256, -5.2386, -4.9767, 0.2622, 140.50
1335, 2149, 87, 36, 0.6000, 4.2875, 1.9174, 3.8349, 0.1800, 184.33
1335, 2151, 112, 35, 0.6000, 24.2805, -6.5468, -23.3813, 0.1800, 127.33
1336, 1854, 79, 62, 0.5630, 34.6428, -18.7504, -29.1298, 0.5067, 106.44
1336, 2145, 21, 90, 0.7111, 0.7903, 0.4598, 0.6427, 0.3556, 184.40
1336, 2147, 3, 22, 0.6556, 15.0196, -13.5424, 6.4954, 0.2622, 209.50
1336, 2099, 125, 83, 0.6806, 43.9846, 40.3060, -17.6090, 0.4083, 154.67
1336, 2148, 98, 29, 0.7111, 3.8653, -3.2908, 2.0276, 0.3556, 143.00
1336, 2149, 110, 35, 0.6556, 20.1487, 20.1432, -0.4714, 0.2622, 176.00
1336, 2151, 105, 27, 0.6556, 12.5378, -7.1169, -10.3221, 0.2622, 134.50
1336, 2152, 29, 24, 0.6000, 21.7776, -7.5290, 20.4347, 0.1800, 214.00
1336, 2101, 65, 70, 0.5806, 22.7255, -22.3387, -4.1755, 0.3483, 100.83
1337, 1854, 62, 13, 0.6194, 50.7850, -17.7068, -47.5982, 0.6194, 115.10
1337, 2149, 117, 35, 0.7111, 8.6803, 8.6798, 0.0875, 0.3556, 169.60
1337, 2147, -11, 29, 0.5556, 15.0196, -13.5424, 6.4954, 0.2222, 209.50
1337, 2099, 165, 65, 0.5806, 43.9846, 40.3060, -17.6090, 0.3483, 154.67
1337, 2148, 94, 31, 0.6111, 3.8653, -3.2908, 2.0276, 0.3056, 143.00
1337, 2151, 98, 16, 0.5556, 12.5378, -7.1169, -10.3221, 0.2222, 134.50
1337, 2152, 22, 44, 0.5000, 21.7776, -7.5290, 20.4347, 0.1500, 214.00
1338, 2148, 83, 27, 0.7667, 7.8210, -7.7383, -1.1340, 0.4600, 149.00
1338, 2149, 117, 35, 0.7667, 1.1441, 1.1396, 0.1020, 0.4600, 164.67
1338, 2151, 79, 6, 0.7111, 17.1705, -13.6741, -10.3847, 0.3556, 143.40
1338, 2152, 10, 35, 0.6556, 10.5325, -9.8319, 3.7772, 0.2622, 210.75
1338, 2154, 81, 57, 0.6000, 22.0532, -9.6306, -19.8393, 0.1800, 188.00
1338, 2157, 60, 118, 0.6000, 2.1334, 1.9174, 0.9353, 0.1800, 204.83
1338, 1854, 44, -35, 0.5194, 50.7850, -17.7068, -47.5982, 0.5194, 115.10
1339, 2149, 116, 35, 0.8222, 0.8516, -0.8512, 0.0253, 0.5756, 161.14
1339, 2153, 10, 80, 0.6000, 43.4987, -19.3896, 38.9381, 0.1800, 196.33
1339, 2156, 4, 81, 0.6000, 1.1423, -1.1382, -0.0963, 0.1800, 172.33
1339, 2157, 62, 118, 0.7056, 2.0455, 2.0286, 0.2619, 0.2822, 210.62
1339, 2152, 0, 39, 0.5556, 10.5325, -9.8319, 3.7772, 0.2222, 210.75
1339, 2154, 71, 37, 0.5000, 22.0532, -9.6306, -19.8393, 0.1500, 188.00
1340, 2153, 4, 110, 0.6556, 32.1797, -7.6568, 31.2555, 0.2622, 189.25
1340, 2154, 64, 2, 0.6556, 29.6466, -8.3762, -28.4387, 0.2622, 188.50
1340, 2156, 4, 81, 0.7056, 0.2164, -0.2153, 0.0224, 0.2822, 175.75
1340, 2157, 64, 119, 0.7611, 2.1516, 2.0213, 0.7372, 0.3806, 211.70
1340, 2167, 29, 68, 0.6000, 36.4093, 25.3926, -26.0932, 0.1800, 180.67
1341, 2128, 70, 98, 0.6000, 28.1379, -22.1612, 17.3385, 0.1800, 152.33
1341, 2144, 116, 18, 0.6000, 69.0985, 68.1550, 11.3797, 0.1800, 187.33
1341, 2095, 46, 70, 0.5625, 62.7071, 36.2961, 51.1349, 0.2250, 209.00
1341, 2153, 5, 115, 0.7111, 7.1632, 0.5123, 7.1449, 0.3556, 183.40
1341, 2156, 4, 81, 0.7611, 0.0747, 0.0716, 0.0211, 0.3806, 177.20
1341, 2157, 65, 119, 0.8167, 1.2631, 1.2396, 0.2429, 0.4900, 203.53
1341, 2111, 102, 32, 0.5625, 30.4722, 29.6144, -7.1792, 0.2250, 207.50
1341, 2154, 56, -27, 0.5556, 29.6466, -8.3762, -28.4387, 0.2222, 188.50
1341, 2167, 54, 42, 0.5000, 36.4093, 25.3926, -26.0932, 0.1500, 180.67
1342, 2128, 66, 101, 0.6556, 7.6745, -6.0426, 4.7313, 0.2622, 153.75
1342, 2095, 79, 101, 0.6222, 48.1377, 34.1226, 33.9542, 0.3111, 218.20
1342, 2156, 6, 82, 0.8167, 1.7638, 1.5873, 0.7691, 0.4900, 178.17
1342, 2157, 67, 120, 0.8722, 1.8610, 1.7045, 0.7469, 0.6106, 201.31
1342, 2158, 55, 93, 0.6000, 51.1903, 44.3438, -25.5747, 0.1800, 157.00
1342, 2111, 121, 20, 0.6222, 23.9232, 21.0978, -11.2785, 0.3111, 193.40
1342, 2159, 18, 3, 0.6000, 1.2558, 1.0811, 0.6390, 0.1800, 216.17
1342, 2162, 81, 31, 0.7056, 0.7591, 0.7590, -0.0112, 0.2822, 192.25
1342, 2167, 48, 15, 0.6556, 27.7709, 7.7474, -26.6684, 0.2622, 187.00
1342, 2049, 103, 34, 0.5062, 68.6099, 25.7552, -63.5923, 0.4050, 166.25
1342, 2144, 185, 30, 0.5000, 69.0985, 68.1550, 11.3797, 0.1500, 187.33
1342, 2153, 6, 122, 0.6111, 7.1632, 0.5123, 7.1449, 0.3056, 183.40
1343, 2095, 121, 112, 0.6806, 42.7780, 40.6129, 13.4367, 0.4083, 195.00
1343, 2155, 37, 65, 0.6000, 45.1345, -36.1358, 27.0430, 0.1800, 201.00
1343, 2157, 69, 120, 0.9278, 2.0118, 1.9955, 0.2556, 0.7422, 198.21
1343, 2158, 102, 39, 0.6556, 67.9992, 46.0025, -50.0766, 0.2622, 158.00
1343, 2111, 124, 18, 0.6806, 5.2348, 4.6257, -2.4507, 0.4083, 183.67
1343, 2162, 82, 31, 0.7611, 1.0438, 1.0438, -0.0105, 0.3806, 192.40
1343, 2163, 80, 44, 0.6000, 1.3811, -0.9766, 0.9766, 0.1800, 200.67
1343, 2128, 60, 106, 0.5556, 7.6745, -6.0426, 4.7313, 0.2222, 153.75
1343, 2156, 7, 83, 0.7167, 1.7638, 1.5873, 0.7691, 0.4300, 178.17
1343, 2159, 19, 4, 0.5000, 1.2558, 1.0811, 0.6390, 0.1500, 216.17
1343, 2167, 56, -12, 0.5556, 27.7709, 7.7474, -26.6684, 0.2222, 187.00
1344, 2156, 8, 83, 0.8722, 1.2280, 1.0977, 0.5504, 0.6106, 179.86
1344, 2157, 69, 121, 0.9833, 0.9174, 0.5381, 0.7431, 0.8850, 197.35
1344, 2159, 20, 3, 0.7056, 1.0204, 1.0203, -0.0191, 0.2822, 215.62
1344, 2161, 41, 10, 0.6000, 19.5636, -12.4547, -15.0869, 0.1800, 200.00
1344, 2162, 84, 31, 0.8167, 1.8161, 1.8161, -0.0024, 0.4900, 195.17
1344, 2163, 70, 49, 0.6556, 9.8862, -8.6309, 4.8212, 0.2622, 201.50
1344, 2095, 161, 125, 0.5806, 42.7780, 40.6129, 13.4367, 0.3483, 195.00
1344, 2155, 1, 93, 0.5000, 45.1345, -36.1358, 27.0430, 0.1500, 201.00
1344, 2158, 148, -11, 0.5556, 67.9992, 46.0025, -50.0766, 0.2222, 158.00
1345, 2155, 4, 66, 0.6556, 14.7823, -14.4566, -3.0858, 0.2622, 198.00
1345, 2156, 8, 83, 0.9278, 0.2407, 0.2146, 0.1091, 0.7422, 178.88
1345, 2157, 73, 121, 1.0000, 2.9218, 2.9102, 0.2598, 1.0000, 196.52
1345, 2111, 121, 22, 0.7951, 2.0526, -1.1717, 1.6853, 0.6361, 169.06
1345, 2159, 21, 3, 0.7611, 1.0019, 1.0011, -0.0398, 0.3806, 216.10
1345, 2160, 69, 22, 0.6000, 48.3715, 46.9422, 11.6721, 0.1800, 208.33
1345, 2161, 32, 6, 0.6556, 11.1236, -10.0345, -4.8003, 0.2622, 204.50
1345, 2162, 85, 30, 0.8722, 1.5122, 1.3076, -0.7597, 0.6106, 195.00
1345, 2115, 58, 2, 0.5625, 13.1460, 12.6600, -3.5415, 0.2250, 212.75
1345, 2163, 62, 54, 0.5556, 9.8862, -8.6309, 4.8212, 0.2222, 201.50
1346, 2128, 62, 114, 0.7111, 2.7986, 0.4059, 2.7690, 0.3556, 153.20
1346, 2156, 8, 80, 0.9833, 2.3168, -0.0726, -2.3156, 0.8850, 179.67
1346, 2157, 75, 122, 1.0000, 2.6911, 2.5880, 0.7378, 1.0000, 195.56
1346, 2160, 112, 47, 0.6556, 49.9960, 44.1664, 23.4293, 0.2622, 190.25
1346, 2161, 3, 0, 0.7111, 27.1166, -26.4716, -5.8795, 0.3556, 209.40
1346, 2162, 74, 32, 0.8778, 9.7834, -9.5825, 1.9724, 0.7022, 195.25
1346, 2163, 66, 69, 0.7111, 10.4036, -0.9354, 10.3615, 0.3556, 198.50
1346, 2165, 22, 48, 0.6000, 44.1675, 10.9128, -42.7981, 0.1800, 182.67
1346, 2115, 84, 26, 0.6222, 31.5467, 24.2688, 20.1549, 0.3111, 205.00
1346, 2116, 116, 6, 0.5625, 24.6885, 24.6885, 0.0000, 0.2250, 160.50
1346, 2155, -11, 63, 0.5556, 14.7823, -14.4566, -3.0858, 0.2222, 198.00
1346, 2159, 22, 3, 0.6611, 1.0019, 1.0011, -0.0398, 0.3306, 216.10
1347, 2098, 59, 49, 0.5625, 73.8478, 56.3301, -47.7537, 0.2250, 161.25
1347, 2156, 25, 64, 0.9889, 21.4168, 15.0350, -15.2522, 0.9889, 183.80
1347, 2157, 92, 105, 1.0000, 20.6400, 14.6704, -14.5186, 1.0000, 188.51
1347, 2159, 23, 4, 0.8167, 1.1407, 0.9980, 0.5525, 0.4900, 219.92
1347, 2165, 22, 14, 0.6556, 35.0902, 1.0531, -35.0744, 0.2622, 188.50
1347, 2115, 90, 31, 0.6806, 10.7696, 8.0495, 7.1547, 0.4083, 204.67
1347, 2160, 157, 70, 0.5556, 49.9960, 44.1664, 23.4293, 0.2222, 190.25
1347, 2161, -23, -6, 0.6111, 27.1166, -26.4716, -5.8795, 0.3056, 209.40
1348, 2098, 111, 12, 0.6222, 65.6795, 53.4323, -38.1941, 0.3111, 158.20
1348, 2159, 23, 10, 0.8722, 5.6373, 0.2165, 5.6332, 0.6106, 218.21
1348, 2165, 28, -2, 0.7111, 18.9000, 5.8206, -17.9814, 0.3556, 194.40
1349, 2126, 48, 44, 0.5625, 51.9057, 45.1678, 25.5747, 0.2250, 212.25
1349, 2098, 165, -26, 0.5222, 65.6795, 53.4323, -38.1941, 0.2611, 158.20
1349, 2159, 23, 16, 0.7722, 5.6373, 0.2165, 5.6332, 0.5406, 218.21
1349, 2165, 34, -20, 0.6111, 18.9000, 5.8206, -17.9814, 0.3056, 194.40
1350, 2159, 22, 14, 0.9278, 1.7235, -0.6513, 1.5957, 0.7422, 216.31
1350, 2115, 91, 27, 0.8519, 1.5731, 0.6222, -1.4449, 0.7667, 197.56
1350, 2126, 79, 50, 0.6222, 33.5974, 32.5889, 8.1697, 0.3111, 211.60
1351, 2159, 50, 10, 0.9333, 25.9243, 25.6453, -3.7929, 0.8400, 214.39
1351, 2114, 15, 81, 0.5625, 66.3236, -24.8143, 61.5066, 0.2250, 195.75
1351, 2177, 108, 98, 0.6000, 1.3102, 0.7475, 1.0761, 0.1800, 138.67
1351, 2126, 112, 58, 0.5222, 33.5974, 32.5889, 8.1697, 0.2611, 211.60
1352, 2126, 92, 70, 0.6806, 10.4888, 2.5491, 10.1743, 0.4083, 207.17
1352, 2177, 109, 99, 0.7056, 1.4414, 1.0358, 1.0024, 0.2822, 148.50
1352, 2179, 3, 93, 0.6000, 1.3562, 0.9822, 0.9353, 0.1800, 252.00
1353, 2175, 108, 95, 0.8778, 7.7094, 7.5597, 1.5119, 0.7022, 118.25
1353, 2177, 110, 100, 0.7611, 1.4410, 1.0463, 0.9909, 0.3806, 152.80
1353, 2179, 4, 93, 0.7056, 1.0453, 1.0119, 0.2619, 0.2822, 251.75
1354, 2175, 112, 93, 0.9333, 5.3191, 5.2413, -0.9063, 0.8400, 122.22
1354, 2177, 113, 90, 0.7667, 9.2951, 2.5412, -8.9410, 0.4600, 145.50
1354, 2179, 5, 93, 0.7611, 1.0071, 1.0067, -0.0263, 0.3806, 251.60
1354, 2135, 54, 14, 0.5625, 18.3748, -4.6763, -17.7698, 0.2250, 207.50
1355, 2164, 21, 118, 0.6000, 34.3622, -23.8058, 24.7799, 0.1800, 170.17
1355, 2169, 75, 39, 0.6000, 61.1995, 54.9377, 26.9672, 0.1800, 202.33
1355, 2175, 115, 94, 0.9889, 2.4802, 2.4750, 0.1607, 0.9889, 135.10
1355, 2178, 125, 38, 0.6000, 7.2494, -0.8240, 7.2025, 0.1800, 125.00
1355, 2179, 7, 93, 0.8167, 1.7659, 1.7652, -0.0482, 0.4900, 252.17
1355, 2135, 33, 3, 0.6222, 22.7117, -19.4242, -11.7696, 0.3111, 210.00
1355, 2055, 112, 102, 0.5000, 18.0139, 17.9816, 1.0773, 0.4500, 124.11
1355, 2186, 59, 33, 0.6000, 40.3098, 28.8051, 28.1984, 0.1800, 220.33
1355, 2187, 23, 73, 0.6000, 5.8279, -0.9353, 5.7523, 0.1800, 185.67
1355, 2188, 8, 118, 0.6000, 24.3710, 6.5468, 23.4752, 0.1800, 149.00
1356, 2128, 116, 86, 1.0000, 3.6051, 2.4339, -2.6594, 1.0000, 134.03
1356, 2164, 3, 119, 0.6556, 19.1464, -18.7470, 3.8903, 0.2622, 184.88
1356, 2175, 117, 94, 1.0000, 2.4601, 2.4519, 0.2008, 1.0000, 145.64
1356, 2179, 17, 111, 0.8222, 18.2643, 8.8962, 15.9513, 0.5756, 239.43
1356, 2180, 80, 116, 0.6000, 57.6501, 57.6500, 0.0610, 0.1800, 147.00
1356, 2135, 28, 2, 0.6806, 6.0992, -5.7632, -1.9964, 0.4083, 211.17
1356, 2187, 10, 92, 0.6556, 20.9093, -11.5835, 17.4075, 0.2622, 202.00
1356, 2169, 130, 66, 0.5000, 61.1995, 54.9377, 26.9672, 0.1500, 202.33
1356, 2178, 124, 46, 0.5000, 7.2494, -0.8240, 7.2025, 0.1500, 125.00
1356, 2186, 87, 61, 0.5000, 40.3098, 28.8051, 28.1984, 0.1500, 220.33
1356, 2188, 14, 141, 0.5000, 24.3710, 6.5468, 23.4752, 0.1500, 149.00
1357, 2168, 62, 39, 0.6000, 83.4172, 9.5274, -82.8714, 0.1800, 160.67
1357, 2169, 120, 89, 0.6556, 30.9694, 18.6191, 24.7474, 0.2622, 179.75
1357, 2175, 120, 93, 1.0000, 2.9371, 2.8559, -0.6859, 1.0000, 148.92
1357, 2178, 127, 40, 0.6556, 1.1156, 1.0826, 0.2694, 0.2622, 123.50
1357, 2180, 119, 105, 0.6556, 42.2412, 41.0585, -9.9260, 0.2622, 157.75
1357, 2187, 8, 96, 0.7111, 6.2178, -2.6081, 5.6444, 0.3556, 203.30
1357, 2164, -16, 122, 0.5556, 19.1464, -18.7470, 3.8903, 0.2222, 184.88
1357, 2135, 23, 0, 0.5806, 6.0992, -5.7632, -1.9964, 0.3483, 211.17
1358, 2164, -1, 127, 0.7111, 4.2724, 0.2371, 4.2658, 0.3556, 174.50
1358, 2169, 120, 105, 0.7111, 16.2478, 1.2952, 16.1961, 0.3556, 181.80
1358, 2175, 123, 93, 1.0000, 3.0394, 3.0233, -0.3126, 1.0000, 157.08
1358, 2178, 108, 38, 0.7111, 17.1234, -16.9145, -2.6667, 0.3556, 128.60
1358, 2186, 100, 93, 0.6556, 21.0740, 10.2914, 18.3903, 0.2622, 191.25
1358, 2187, 9, 95, 0.7667, 0.7921, 0.6929, -0.3837, 0.4600, 211.92
1358, 2168, 71, -44, 0.5000, 83.4172, 9.5274, -82.8714, 0.1500, 160.67
1358, 2180, 160, 95, 0.5556, 42.2412, 41.0585, -9.9260, 0.2222, 157.75
1359, 2175, 126, 93, 1.0000, 3.0318, 3.0317, -0.0247, 1.0000, 163.93
1359, 2181, 33, 8, 0.6000, 35.1907, 13.6030, -32.4552, 0.1800, 212.83
1359, 2182, 62, 80, 0.6000, 56.4995, 49.5577, 27.1336, 0.1800, 184.33
1359, 2186, 118, 106, 0.7111, 21.8685, 17.6718, 12.8817, 0.3556, 178.90
1359, 2195, 126, 8, 0.6000, 0.9353, 0.9353, 0.0000, 0.1800, 126.00
1360, 2182, 119, 104, 0.6556, 61.0767, 55.6896, 25.0804, 0.2622, 184.00
1360, 2198, 60, 19, 0.6000, 7.7238, 1.9174, 7.4820, 0.1800, 201.67
1360, 2199, 19, 3, 0.6000, 15.2998, 3.6002, -14.8702, 0.1800, 214.00
1360, 2175, 129, 93, 0.9000, 3.0318, 3.0317, -0.0247, 0.9000, 163.93
1360, 2181, 46, -24, 0.5000, 35.1907, 13.6030, -32.4552, 0.1500, 212.83
1360, 2195, 127, 8, 0.5000, 0.9353, 0.9353, 0.0000, 0.1500, 126.00
1361, 2197, 58, 13, 0.6000, 16.8435, 14.9341, -7.7895, 0.1800, 200.33
1361, 2175, 132, 93, 0.8000, 3.0318, 3.0317, -0.0247, 0.8000, 163.93
1361, 2182, 175, 129, 0.5556, 61.0767, 55.6896, 25.0804, 0.2222, 184.00
1361, 2198, 62, 26, 0.5000, 7.7238, 1.9174, 7.4820, 0.1500, 201.67
1361, 2199, 22, -12, 0.5000, 15.2998, 3.6002, -14.8702, 0.1500, 214.00
1362, 2195, 107, 17, 0.6556, 8.6233, -7.8253, 3.6230, 0.2622, 136.75
1362, 2196, 31, 16, 0.6000, 12.2072, -4.4863, 11.3530, 0.1800, 223.67
1362, 2197, 63, 11, 0.6556, 6.0778, 5.5159, -2.5522, 0.2622, 202.25
1362, 2175, 135, 93, 0.7000, 3.0318, 3.0317, -0.0247, 0.7000, 163.93
1363, 2189, 38, 19, 0.6000, 15.3230, 12.8662, -8.3220, 0.1800, 204.00
1363, 2195, 79, 43, 0.7111, 36.4343, -27.0092, 24.4533, 0.3556, 150.20
1363, 2196, 31, 18, 0.6556, 3.7519, -0.6205, 3.7002, 0.2622, 220.00
1363, 2197, 68, 4, 0.7111, 8.6592, 5.3934, -6.7744, 0.3556, 203.40
1363, 2198, 65, 35, 0.6556, 5.2872, 1.6407, 5.0262, 0.2622, 201.75
1363, 2205, 9, 79, 0.6000, 20.6562, -1.8236, 20.5755, 0.1800, 194.33
1363, 2175, 138, 93, 0.6000, 3.0318, 3.0317, -0.0247, 0.6000, 163.93
1364, 2141, 124, 43, 0.5625, 63.2979, 59.4640, -21.6944, 0.2250, 172.75
1364, 2189, 61, 13, 0.6556, 22.9453, 22.0768, -6.2530, 0.2622, 201.25
1364, 2197, 69, 2, 0.7667, 2.5427, 1.2536, -2.2123, 0.4600, 204.17
1364, 2198, 72, 62, 0.7111, 26.2503, 6.8256, 25.3474, 0.3556, 206.80
1364, 2205, 6, 96, 0.6556, 17.3108, -2.7930, 17.0840, 0.2622, 182.25
1364, 2175, 141, 93, 0.5000, 3.0318, 3.0317, -0.0247, 0.5000, 163.93
1364, 2196, 31, 22, 0.5556, 3.7519, -0.6205, 3.7002, 0.2222, 220.00
1365, 2205, 18, 113, 0.7111, 20.3453, 10.6655, 17.3256, 0.3556, 176.40
1365, 2212, 29, 80, 0.6000, 48.1603, 21.7304, -42.9791, 0.1800, 165.00
1365, 2189, 83, 6, 0.5556, 22.9453, 22.0768, -6.2530, 0.2222, 201.25
1365, 2197, 70, 0, 0.6667, 2.5427, 1.2536, -2.2123, 0.4000, 204.17
1366, 2197, 66, 0, 0.8222, 1.9391, -1.7000, -0.9328, 0.5756, 202.43
1366, 2199, 27, 0, 0.6556, 4.5348, 0.6081, 4.4938, 0.2622, 219.75
1366, 2205, 25, 127, 0.7667, 16.2905, 6.7664, 14.8187, 0.4600, 171.00
1366, 2212, 31, 19, 0.6556, 58.7351, 4.1903, -58.5854, 0.2622, 176.25
1366, 2213, 109, 63, 0.6000, 37.7041, 0.9937, -37.6910, 0.1800, 111.83
1366, 2214, 32, 121, 0.6000, 7.5251, 4.4870, 6.0410, 0.1800, 156.67
1367, 2185, 16, 60, 0.6000, 26.5055, 0.0091, -26.5055, 0.1800, 179.33
1367, 2193, 22, 98, 0.6000, 11.7454, 5.6322, -10.3069, 0.1800, 187.67
1367, 2199, 40, 4, 0.7111, 13.0651, 12.3551, 4.2482, 0.3556, 218.60
1367, 2200, 64, 21, 0.6000, 57.4313, 55.9742, -12.8546, 0.1800, 195.67
1367, 2214, 33, 124, 0.6556, 3.4415, 2.1157, 2.7144, 0.2622, 156.75
1367, 2197, 65, -1, 0.7222, 1.9391, -1.7000, -0.9328, 0.5056, 202.43
1367, 2205, 32, 142, 0.6667, 16.2905, 6.7664, 14.8187, 0.4000, 171.00
1367, 2212, 35, -40, 0.5556, 58.7351, 4.1903, -58.5854, 0.2222, 176.25
1367, 2213, 110, 25, 0.5000, 37.7041, 0.9937, -37.6910, 0.1500, 111.83
1368, 2185, 28, 18, 0.6556, 41.3987, 10.5841, -40.0229, 0.2622, 187.25
1368, 2193, 24, 97, 0.6556, 3.2574, 2.3792, -2.2249, 0.2622, 204.00
1368, 2197, 70, 0, 0.8778, 2.3351, 2.3294, 0.1634, 0.7022, 200.62
1368, 2209, 112, 102, 0.6000, 30.0315, -3.2263, 29.8577, 0.1800, 116.83
1368, 2214, 45, 123, 0.7111, 10.8739, 10.8721, 0.2006, 0.3556, 153.40
1368, 2216, 2, 16, 0.6000, 0.7238, 0.5070, -0.5165, 0.1800, 213.33
1368, 2220, 17, 59, 0.6000, 7.6778, 7.2305, -2.5823, 0.1800, 195.00
1368, 2200, 120, 8, 0.5000, 57.4313, 55.9742, -12.8546, 0.1500, 195.67
1369, 2185, 42, 0, 0.7111, 24.6193, 13.7981, -20.3893, 0.3556, 193.40
1369, 2193, 24, 97, 0.7111, 1.0444, 0.9041, 0.5229, 0.3556, 213.40
1369, 2197, 70, 0, 0.9333, 0.6996, 0.6936, 0.0918, 0.8400, 199.00
1369, 2209, 113, 107, 0.6556, 7.5821, 0.7637, 7.5435, 0.2622, 111.12
1369, 2210, 77, 34, 0.6000, 43.4573, 9.9405, -42.3051, 0.1800, 179.67
1369, 2215, 2, 79, 0.6000, 37.4201, -4.3031, -37.1719, 0.1800, 184.67
1369, 2216, 4, 15, 0.7056, 1.9067, 1.6785, -0.9046, 0.2822, 213.08
1369, 2220, 19, 59, 0.6556, 2.5342, 2.4624, -0.5991, 0.2622, 197.25
1369, 2214, 56, 124, 0.6111, 10.8739, 10.8721, 0.2006, 0.3056, 153.40
1370, 2193, 25, 99, 0.7667, 1.4968, 0.7624, 1.2881, 0.4600, 212.67
1370, 2197, 68, 13, 0.9889, 11.7845, -1.6244, 11.6720, 0.9889, 200.20
1370, 2214, 64, 111, 0.7667, 11.8301, 9.1724, -7.4713, 0.4600, 151.67
1370, 2216, 5, 15, 0.7611, 1.3472, 1.3211, -0.2638, 0.3806, 214.87
1370, 2217, 111, 57, 0.6556, 8.8286, -6.4408, 6.0383, 0.2622, 120.00
1370, 2220, 22, 51, 0.7111, 7.4021, 2.9764, -6.7774, 0.3556, 199.20
1370, 2185, 56, -20, 0.6111, 24.6193, 13.7981, -20.3893, 0.3056, 193.40
1370, 2209, 114, 115, 0.5556, 7.5821, 0.7637, 7.5435, 0.2222, 111.12
1370, 2210, 87, -8, 0.5000, 43.4573, 9.9405, -42.3051, 0.1500, 179.67
1370, 2215, -3, 42, 0.5000, 37.4201, -4.3031, -37.1719, 0.1500, 184.67
1371, 2193, 27, 99, 0.8222, 1.7376, 1.6872, 0.4155, 0.5756, 214.71
1371, 2196, 34, 53, 0.7111, 4.6375, 0.7104, 4.5828, 0.3556, 221.40
1371, 2208, 50, 6, 0.6000, 57.8283, -48.6404, -31.2765, 0.1800, 178.33
1371, 2216, 5, 15, 0.8167, 0.2642, 0.2628, 0.0273, 0.4900, 215.56
1371, 2220, 31, 21, 0.7667, 28.9059, 8.4088, -27.6558, 0.4600, 200.33
1371, 2226, 23, 60, 0.6000, 38.1408, -35.9444, -12.7563, 0.1800, 197.67
1371, 2217, 105, 63, 0.5556, 8.8286, -6.4408, 6.0383, 0.2222, 120.00
1372, 2193, 28, 100, 0.8778, 1.4907, 1.2971, 0.7347, 0.7022, 219.12
1372, 2230, 1, 92, 0.6000, 17.0516, -2.7119, 16.8345, 0.1800, 229.00
1372, 2208, 1, -25, 0.5000, 57.8283, -48.6404, -31.2765, 0.1500, 178.33
1372, 2216, 5, 15, 0.7167, 0.2642, 0.2628, 0.0273, 0.4300, 215.56
1372, 2226, -13, 47, 0.5000, 38.1408, -35.9444, -12.7563, 0.1500, 197.67
1373, 2193, 29, 100, 0.9333, 1.0368, 1.0132, 0.2200, 0.8400, 221.56
1373, 2194, 41, 125, 0.6000, 55.3594, -49.5128, 24.7618, 0.1800, 138.33
1373, 2216, 7, 14, 0.8722, 1.0965, 0.9638, -0.5230, 0.6106, 217.48
1373, 2231, 7, 94, 0.6000, 22.5305, -2.9331, -22.3388, 0.1800, 163.33
1373, 2230, -2, 109, 0.5000, 17.0516, -2.7119, 16.8345, 0.1500, 229.00
1374, 2193, 30, 101, 0.9889, 1.2139, 0.9617, 0.7408, 0.9889, 224.90
1374, 2209, 127, 125, 0.7111, 4.0928, 3.3979, 2.2815, 0.3556, 105.90
1374, 2216, 5, 13, 0.9278, 2.2631, -2.0660, -0.9239, 0.7422, 218.29
1374, 2217, 79, 41, 0.7111, 10.7827, -8.4951, -6.6408, 0.3556, 132.40
1374, 2231, 21, 62, 0.6556, 33.1123, 11.3858, -31.0932, 0.2622, 173.25
1374, 2119, 71, 37, 0.5400, 37.0744, 6.6406, 36.4748, 0.2700, 246.40
1374, 2235, 68, 76, 0.6000, 47.9265, 45.8273, -14.0288, 0.1800, 186.67
1374, 2194, -8, 150, 0.5000, 55.3594, -49.5128, 24.7618, 0.1500, 138.33
1375, 2193, 32, 102, 1.0000, 2.0207, 1.7474, 1.0148, 1.0000, 223.36
1375, 2150, 97, 90, 0.5625, 62.7574, 35.0266, 52.0733, 0.2250, 177.75
1375, 2216, 0, 2, 0.9333, 10.8568, -3.9583, -10.1094, 0.8400, 220.54
1375, 2217, 78, 40, 0.7667, 1.8722, -1.3747, -1.2710, 0.4600, 141.17
1375, 2229, 14, 12, 0.6000, 57.2183, -57.1023, -3.6418, 0.1800, 208.00
1375, 2231, 24, 56, 0.7111, 9.6830, 4.5968, -8.5223, 0.3556, 177.40
1375, 2233, 41, 86, 0.6000, 35.0410, 12.3906, -32.7772, 0.1800, 165.67
1375, 2119, 60, 79, 0.6000, 42.0792, -8.7429, 41.1609, 0.3600, 237.67
1375, 2235, 94, 60, 0.6556, 32.4868, 28.6848, -15.2505, 0.2622, 183.00
1375, 2209, 130, 127, 0.6111, 4.0928, 3.3979, 2.2815, 0.3056, 105.90
1376, 2193, 33, 102, 1.0000, 1.3210, 1.2911, 0.2795, 1.0000, 225.00
1376, 2150, 122, 125, 0.6222, 45.2695, 26.5516, 36.6653, 0.3111, 156.60
1376, 2204, 15, 6, 0.6000, 18.8646, 5.6807, -17.9890, 0.1800, 205.33
1376, 2233, 59, 72, 0.6556, 24.1357, 17.6439, -16.4689, 0.2622, 172.75
1376, 2119, 41, 117, 0.6587, 41.8247, -17.8280, 37.8348, 0.4611, 224.14
1376, 2209, 134, 130, 0.5111, 4.0928, 3.3979, 2.2815, 0.2556, 105.90
1376, 2229, -43, 9, 0.5000, 57.2183, -57.1023, -3.6418, 0.1500, 208.00
1376, 2235, 123, 45, 0.5556, 32.4868, 28.6848, -15.2505, 0.2222, 183.00
1377, 2184, 22, 26, 0.6000, 60.0019, 15.4616, -57.9756, 0.1800, 184.00
1377, 2193, 34, 103, 1.0000, 1.2355, 1.0021, 0.7226, 1.0000, 225.54
1377, 2233, 94, 78, 0.7111, 33.3053, 33.1097, 3.6042, 0.3556, 165.20
1377, 2237, 44, 19, 0.6000, 19.8182, 6.9858, 18.5462, 0.1800, 212.67
1377, 2150, 149, 161, 0.5222, 45.2695, 26.5516, 36.6653, 0.2611, 156.60
1377, 2204, 20, -12, 0.5000, 18.8646, 5.6807, -17.9890, 0.1500, 205.33
1377, 2119, 23, 154, 0.5587, 41.8247, -17.8280, 37.8348, 0.3911, 224.14
1378, 2193, 35, 104, 1.0000, 1.3845, 0.9584, 0.9992, 1.0000, 225.93
1378, 2230, 26, 123, 0.6556, 6.5842, 6.4899, 1.1104, 0.2622, 209.00
1378, 2235, 120, 25, 0.7111, 11.5019, 3.6172, -10.9183, 0.3556, 172.00
1378, 2237, 30, 44, 0.6556, 26.7000, -11.4554, 24.1177, 0.2622, 209.50
1378, 2184, 38, -32, 0.5000, 60.0019, 15.4616, -57.9756, 0.1500, 184.00
1378, 2233, 127, 82, 0.6111, 33.3053, 33.1097, 3.6042, 0.3056, 165.20
1379, 2193, 36, 105, 1.0000, 1.4315, 0.9837, 1.0400, 1.0000, 225.53
1379, 2222, 42, 117, 0.6000, 0.9161, 0.9159, -0.0178, 0.1800, 137.00
1379, 2241, 6, 85, 0.6556, 5.4427, 3.0191, 4.5286, 0.2622, 188.75
1379, 2230, 32, 124, 0.5556, 6.5842, 6.4899, 1.1104, 0.2222, 209.00
1379, 2237, 19, 68, 0.5556, 26.7000, -11.4554, 24.1177, 0.2222, 209.50
1380, 2193, 36, 106, 1.0000, 1.0445, 0.2437, 1.0157, 1.0000, 224.72
1380, 2222, 37, 103, 0.6556, 12.8339, -4.2622, -12.1054, 0.2622, 141.00
1380, 2227, 69, 16, 0.6000, 39.6198, 39.0794, 6.5213, 0.1800, 208.83
1380, 2241, 19, 90, 0.7111, 12.7078, 11.7992, 4.7188, 0.3556, 188.40
1381, 2193, 39, 107, 1.0000, 2.4233, 2.2072, 1.0003, 1.0000, 225.85
1381, 2222, 11, 87, 0.7111, 28.6240, -23.8120, -15.8847, 0.3556, 147.00
1381, 2227, 117, 5, 0.6556, 46.9918, 46.3143, -7.9509, 0.2622, 191.62
1381, 2245, 57, 5, 0.6000, 1.9174, 1.9174, 0.0000, 0.1800, 207.33
1381, 2241, 31, 95, 0.6111, 12.7078, 11.7992, 4.7188, 0.3056, 188.40
1382, 2193, 41, 108, 1.0000, 2.5466, 2.3430, 0.9978, 1.0000, 223.61
1382, 2174, 20, 118, 0.5625, 19.0674, -19.0187, 1.3618, 0.2250, 126.75
1382, 2241, 21, 124, 0.7667, 18.8867, -0.8711, 18.8666, 0.4600, 182.00
1382, 2173, 123, 63, 0.5625, 13.4619, 8.8061, -10.1821, 0.2250, 117.00
1382, 2245, 55, 7, 0.7056, 2.3075, -1.7452, 1.5095, 0.2822, 205.25
1382, 2227, 163, -2, 0.5556, 46.9918, 46.3143, -7.9509, 0.2222, 191.62
1383, 2193, 41, 109, 1.0000, 1.1767, 0.6216, 0.9991, 1.0000, 222.42
1383, 2222, 5, 84, 0.8222, 0.3417, 0.3392, -0.0411, 0.5756, 155.00
1383, 2242, 96, 95, 0.6000, 38.0014, 33.0392, -18.7753, 0.1800, 132.00
1383, 2245, 53, 8, 0.6056, 2.3075, -1.7452, 1.5095, 0.2422, 205.25
1384, 2193, 42, 110, 1.0000, 1.1882, 0.6419, 0.9999, 1.0000, 223.35
1384, 2221, 96, 92, 0.6000, 75.4402, 72.7147, 20.0946, 0.1800, 153.67
1384, 2245, 43, 19, 0.7111, 9.0971, -6.2433, 6.6165, 0.3556, 204.80
1384, 2222, 6, 84, 0.7222, 0.3417, 0.3392, -0.0411, 0.5056, 155.00
1384, 2242, 129, 76, 0.5000, 38.0014, 33.0392, -18.7753, 0.1500, 132.00
1385, 2193, 43, 111, 1.0000, 1.3509, 0.9082, 1.0001, 1.0000, 223.29
1385, 2249, 57, 37, 0.6000, 77.9786, 40.4796, -66.6489, 0.1800, 166.33
1385, 2221, 169, 112, 0.5000, 75.4402, 72.7147, 20.0946, 0.1500, 153.67
1386, 2193, 63, 116, 1.0000, 17.7160, 17.0938, 4.6541, 1.0000, 219.09
1386, 2231, 47, 79, 0.9333, 8.2878, 6.4721, 5.1768, 0.8400, 184.22
1386, 2247, 54, 48, 0.6000, 39.0025, -28.8471, 26.2497, 0.1800, 185.56
1386, 2249, 97, -29, 0.5000, 77.9786, 40.4796, -66.6489, 0.1500, 166.33
1387, 2218, 92, 26, 0.6000, 21.1309, -10.5844, -18.2889, 0.1800, 151.00
1387, 2223, 55, 72, 0.6000, 52.8368, 0.9582, -52.8281, 0.1800, 165.00
1387, 2232, 11, 86, 0.6000, 33.7883, -21.8975, -25.7323, 0.1800, 154.33
1387, 2247, 15, 73, 0.6556, 45.0379, -37.0855, 25.5553, 0.2622, 184.92
1387, 2250, 84, 2, 0.6000, 1.9174, 1.9174, 0.0000, 0.1800, 252.33
1387, 2193, 80, 121, 0.9000, 17.7160, 17.0938, 4.6541, 0.9000, 219.09
1388, 2218, 85, 20, 0.6556, 10.3819, -7.4216, -7.2598, 0.2622, 160.00
1388, 2223, 76, 38, 0.6556, 40.7668, 18.3783, -36.3892, 0.2622, 170.25
1388, 2174, 7, 124, 0.6222, 3.0090, 2.8717, 0.8984, 0.3111, 133.00
1388, 2173, 123, 50, 0.6222, 2.6262, -2.6177, 0.2117, 0.3111, 119.60
1388, 2250, 84, 1, 0.7056, 0.9160, 0.5191, -0.7548, 0.2822, 242.12
1388, 2192, 112, 79, 0.5625, 3.0021, 2.8527, -0.9353, 0.2250, 121.12
1388, 2193, 97, 126, 0.8000, 17.7160, 17.0938, 4.6541, 0.8000, 219.09
1388, 2232, -11, 60, 0.5000, 33.7883, -21.8975, -25.7323, 0.1500, 154.33
1388, 2247, -22, 99, 0.5556, 45.0379, -37.0855, 25.5553, 0.2222, 184.92
1389, 2193, 69, 121, 1.0000, 1.7554, -1.4884, 0.9307, 1.0000, 215.46
1389, 2218, 85, 22, 0.7111, 1.4275, -1.3493, 0.4660, 0.3556, 160.60
1389, 2223, 117, 9, 0.7111, 49.0256, 38.6539, -30.1561, 0.3556, 158.40
1389, 2174, 30, 109, 0.6806, 27.0273, 22.5626, -14.8796, 0.4083, 135.67
1389, 2250, 87, 2, 0.7611, 2.2824, 2.2300, 0.4861, 0.3806, 243.50
1389, 2192, 123, 81, 0.6222, 9.9171, 9.8383, 1.2476, 0.3111, 114.50
1389, 2173, 120, 50, 0.5222, 2.6262, -2.6177, 0.2117, 0.2611, 119.60
1390, 2232, 4, 44, 0.6556, 11.4540, 2.0684, -11.2657, 0.2622, 165.75
1390, 2173, 119, 62, 0.6806, 6.8690, -2.0054, 6.5697, 0.4083, 119.00
1390, 2250, 88, 2, 0.8167, 1.5671, 1.5390, 0.2953, 0.4900, 245.42
1390, 2218, 83, 22, 0.6111, 1.4275, -1.3493, 0.4660, 0.3056, 160.60
1390, 2223, 156, -21, 0.6111, 49.0256, 38.6539, -30.1561, 0.3056, 158.40
1390, 2192, 133, 82, 0.5222, 9.9171, 9.8383, 1.2476, 0.2611, 114.50
1391, 2244, 55, 88, 0.6000, 37.6112, -8.4572, -36.6480, 0.1800, 153.83
1391, 2250, 90, 2, 0.8722, 1.7899, 1.7894, 0.0431, 0.6106, 246.07
1391, 2202, 49, 118, 0.5625, 2.1544, 0.9822, 1.9174, 0.2250, 209.38
1391, 2218, 82, 22, 0.5111, 1.4275, -1.3493, 0.4660, 0.2556, 160.60
1391, 2232, 6, 33, 0.5556, 11.4540, 2.0684, -11.2657, 0.2222, 165.75
1391, 2173, 117, 68, 0.5806, 6.8690, -2.0054, 6.5697, 0.3483, 119.00
1392, 2218, 91, 24, 0.7667, 2.9857, 2.8444, 0.9076, 0.4600, 166.17
1392, 2250, 98, 23, 0.8778, 20.2273, 7.2768, 18.8731, 0.7022, 235.19
1392, 2203, 30, 120, 0.5625, 1.1452, 1.0154, 0.5296, 0.2250, 150.00
1392, 2202, 50, 119, 0.6722, 1.6269, 1.0119, 1.2739, 0.3361, 213.70
1392, 2252, 8, 65, 0.6000, 27.2935, -12.5637, -24.2300, 0.1800, 186.33
1392, 2206, 107, 91, 0.5625, 1.3890, 0.9822, 0.9822, 0.2250, 109.50
1392, 2244, 47, 51, 0.5000, 37.6112, -8.4572, -36.6480, 0.1500, 153.83
1393, 2172, 94, 5, 0.5625, 43.0522, -27.4568, -33.1604, 0.2250, 155.00
1393, 2244, 57, 72, 0.6556, 5.1420, 2.0223, -4.7276, 0.2622, 162.62
1393, 2203, 40, 112, 0.6222, 11.8631, 9.6313, -6.9262, 0.3111, 151.20
1393, 2202, 50, 121, 0.7306, 1.7608, 0.2432, 1.7439, 0.4383, 207.83
1393, 2206, 102, 82, 0.6222, 9.1090, -4.2715, -8.0454, 0.3111, 109.80
1393, 2252, -5, 41, 0.5000, 27.2935, -12.5637, -24.2300, 0.1500, 186.33
1394, 2244, 76, 45, 0.7111, 30.6847, 17.4719, -25.2246, 0.3556, 167.10
1394, 2203, 70, 110, 0.6806, 27.3833, 27.2547, -2.6503, 0.4083, 152.17
1394, 2202, 53, 120, 0.7881, 2.2566, 2.2385, -0.2851, 0.5517, 210.79
1394, 2251, 99, 29, 0.6556, 20.5017, 17.5125, -10.6598, 0.2622, 177.75
1394, 2252, 15, 18, 0.6556, 24.0287, 5.3935, -23.4155, 0.2622, 191.25
1394, 2206, 86, 46, 0.6806, 35.9932, -14.6790, -32.8640, 0.4083, 122.83
1394, 2254, 111, 91, 0.6000, 13.7532, -6.0232, 12.3641, 0.1800, 102.83
1395, 2202, 54, 121, 0.8451, 1.6351, 1.5859, 0.3981, 0.6761, 210.56
1395, 2251, 103, 4, 0.7111, 23.7226, 5.7198, -23.0227, 0.3556, 173.40
1395, 2252, 24, 1, 0.7111, 19.8139, 9.1875, -17.5550, 0.3556, 195.60
1395, 2206, 68, 13, 0.7381, 37.3656, -17.9692, -32.7612, 0.5167, 135.00
1395, 2255, 62, 53, 0.6000, 49.6607, 18.7051, 46.0034, 0.1800, 205.67
1395, 2203, 97, 108, 0.5806, 27.3833, 27.2547, -2.6503, 0.3483, 152.17
1395, 2254, 105, 103, 0.5000, 13.7532, -6.0232, 12.3641, 0.1500, 102.83
1396, 2201, 37, 102, 0.5625, 14.7097, -12.7628, -7.3136, 0.2250, 158.75
1396, 2108, 63, 59, 0.5250, 14.6901, 12.7484, -7.2992, 0.3150, 198.00
1396, 2202, 55, 122, 0.9019, 1.4162, 1.0480, 0.9525, 0.8117, 213.39
1396, 2254, 99, 94, 0.6556, 5.8551, -5.8533, 0.1475, 0.2622, 103.12
1396, 2256, 98, 3, 0.6000, 2.8568, 1.0291, 2.6649, 0.1800, 216.33
1396, 2257, 93, 4, 0.6000, 2.9161, -2.8058, 0.7944, 0.1800, 199.00
1396, 2251, 109, -19, 0.6111, 23.7226, 5.7198, -23.0227, 0.3056, 173.40
1396, 2255, 81, 99, 0.5000, 49.6607, 18.7051, 46.0034, 0.1500, 205.67
1397, 2201, 11, 109, 0.6222, 24.9868, -24.3978, 5.3935, 0.3111, 158.80
1397, 2202, 51, 120, 0.9583, 3.7689, -3.5776, -1.1857, 0.9583, 206.55
1397, 2254, 98, 93, 0.7111, 1.4017, -1.2543, -0.6256, 0.3556, 103.30
1397, 2255, 59, 124, 0.6556, 34.1015, -4.4716, 33.8070, 0.2622, 214.00
1397, 2256, 96, 6, 0.7056, 3.3123, -1.2572, 3.0644, 0.2822, 205.75
1397, 2251, 115, -42, 0.5111, 23.7226, 5.7198, -23.0227, 0.2556, 173.40
1397, 2257, 90, 5, 0.5000, 2.9161, -2.8058, 0.7944, 0.1500, 199.00
1398, 2190, 21, 4, 0.5625, 37.0072, -32.3074, -18.0491, 0.2250, 207.00
1398, 2202, 50, 120, 1.0000, 1.6936, -1.5786, -0.6132, 1.0000, 202.68
1398, 2255, 57, 129, 0.7111, 7.5614, -1.4284, 7.4253, 0.3556, 217.60
1398, 2201, -13, 114, 0.5222, 24.9868, -24.3978, 5.3935, 0.2611, 158.80
1398, 2256, 95, 9, 0.6056, 3.3123, -1.2572, 3.0644, 0.2422, 205.75
1399, 2243, 102, 4, 0.6000, 38.5837, 36.5052, -12.4927, 0.1800, 219.67
1399, 2108, 71, 39, 0.5841, 6.4026, 0.5873, -6.3756, 0.4089, 200.29
1399, 2202, 51, 116, 1.0000, 3.1412, 0.6579, -3.0716, 1.0000, 198.62
1399, 2256, 102, 34, 0.7111, 16.0714, 3.2317, 15.7431, 0.3556, 195.20
1399, 2257, 65, 18, 0.6556, 12.0737, -10.7409, 5.5142, 0.2622, 202.50
1399, 2258, 116, 90, 0.6000, 64.5428, 18.0444, 61.9692, 0.1800, 144.33
1399, 2262, 23, 32, 0.6000, 55.6681, 1.7948, -55.6392, 0.1800, 195.67
1399, 2207, 46, 85, 0.5625, 1.9649, 1.9644, 0.0469, 0.2250, 251.75
1400, 2243, 118, 2, 0.6556, 19.3788, 19.0737, -3.4250, 0.2622, 200.75
1400, 2190, 5, 4, 0.6222, 5.1988, -4.7944, 2.0103, 0.3111, 208.60
1400, 2108, 67, 21, 0.6424, 17.9997, -4.3335, -17.4703, 0.5139, 199.50
1400, 2257, 56, 23, 0.7111, 10.8938, -9.5541, 5.2339, 0.3556, 202.20
1400, 2207, 47, 85, 0.6722, 1.2691, 1.2691, -0.0048, 0.3361, 251.60
1400, 2258, 134, 152, 0.5000, 64.5428, 18.0444, 61.9692, 0.1500, 144.33
1400, 2262, 25, -23, 0.5000, 55.6681, 1.7948, -55.6392, 0.1500, 195.67
1401, 2190, 3, 6, 0.6806, 3.5447, -2.7156, 2.2782, 0.4083, 209.50
1401, 2248, 20, 91, 0.6000, 20.3512, 13.4112, -15.3073, 0.1800, 164.67
1401, 2207, 49, 86, 0.7306, 1.8933, 1.7360, 0.7556, 0.4383, 251.50
1401, 2224, 53, 122, 0.5625, 4.9671, 1.7948, 4.6315, 0.2250, 144.25
1401, 2243, 137, -1, 0.5556, 19.3788, 19.0737, -3.4250, 0.2222, 200.75
1402, 2248, 23, 88, 0.6556, 5.6264, 3.7006, -4.2381, 0.2622, 170.00
1402, 2207, 51, 86, 0.7881, 2.0265, 2.0058, 0.2888, 0.5517, 251.57
1402, 2265, 51, 123, 0.6000, 11.7708, -11.1761, -3.6941, 0.1800, 197.33
1402, 2190, 0, 8, 0.5806, 3.5447, -2.7156, 2.2782, 0.3483, 209.50
1403, 2176, 39, 19, 0.5625, 30.5592, -28.9922, 9.6599, 0.2250, 191.25
1403, 2260, 8, 58, 0.6000, 17.6068, 3.6263, -17.2293, 0.1800, 191.00
1403, 2207, 53, 85, 0.8451, 2.1769, 2.0405, -0.7587, 0.6761, 246.12
1403, 2248, 26, 84, 0.5556, 5.6264, 3.7006, -4.2381, 0.2222, 170.00
1403, 2265, 39, 120, 0.5000, 11.7708, -11.1761, -3.6941, 0.1500, 197.33
1404, 2176, 34, 20, 0.6222, 8.2781, -7.8527, 2.6195, 0.3111, 194.60
1404, 2248, 33, 72, 0.7111, 10.0068, 5.3342, -8.4665, 0.3556, 175.00
1404, 2260, 3, 43, 0.6556, 15.5460, -3.4559, -15.1571, 0.2622, 193.00
1404, 2207, 55, 87, 0.9019, 2.3322, 2.0149, 1.1745, 0.8117, 247.11
1404, 2265, 42, 121, 0.6556, 3.3015, -3.1793, -0.8901, 0.2622, 184.00
1404, 2266, 104, 28, 0.6000, 1.9174, 1.9174, 0.0000, 0.1800, 163.67
1404, 2267, 68, 32, 0.6000, 14.0288, -11.2230, -8.4173, 0.1800, 187.00
1405, 2207, 57, 87, 0.9583, 2.0810, 2.0000, 0.5752, 0.9583, 247.90
1405, 2224, 52, 127, 0.6722, 0.8680, -0.7710, 0.3987, 0.3361, 142.60
1405, 2266, 82, 39, 0.6556, 20.8088, -18.3502, 9.8120, 0.2622, 169.00
1405, 2267, 58, 34, 0.6556, 9.9581, -9.9361, 0.6617, 0.2622, 189.50
1405, 2176, 27, 23, 0.5222, 8.2781, -7.8527, 2.6195, 0.2611, 194.60
1405, 2248, 38, 64, 0.6111, 10.0068, 5.3342, -8.4665, 0.3056, 175.00
1405, 2260, 0, 27, 0.5556, 15.5460, -3.4559, -15.1571, 0.2222, 193.00
1405, 2265, 39, 120, 0.5556, 3.3015, -3.1793, -0.8901, 0.2222, 184.00
1406, 2207, 59, 87, 1.0000, 1.9986, 1.9978, 0.0565, 1.0000, 245.36
1406, 2224, 52, 127, 0.7306, 0.1711, -0.1702, -0.0177, 0.4383, 146.67
1406, 2265, 18, 105, 0.7111, 16.6353, -13.8181, -9.2624, 0.3556, 178.80
1406, 2266, 77, 42, 0.7111, 7.8714, -6.9965, 3.6067, 0.3556, 171.80
1406, 2267, 48, 35, 0.5556, 9.9581, -9.9361, 0.6617, 0.2222, 189.50
1407, 2176, 0, 24, 0.6806, 12.3601, -12.3230, 0.9569, 0.4083, 195.33
1407, 2207, 61, 88, 1.0000, 2.1117, 1.9991, 0.6804, 1.0000, 242.38
1407, 2224, 52, 127, 0.7881, 0.0558, 0.0256, -0.0496, 0.5517, 146.71
1407, 2266, 78, 42, 0.7667, 0.0544, 0.0055, -0.0542, 0.4600, 174.00
1407, 2239, 89, 118, 0.5625, 23.6047, -19.6403, 13.0935, 0.2250, 98.25
1408, 2207, 62, 88, 1.0000, 1.2897, 1.2608, 0.2715, 1.0000, 241.42
1408, 2228, 29, 17, 0.5625, 32.2796, -31.6743, -6.2218, 0.2250, 197.62
1408, 2272, 118, 5, 0.6000, 1.9644, 1.9644, 0.0000, 0.1800, 217.67
1408, 2224, 52, 127, 0.6881, 0.0558, 0.0256, -0.0496, 0.4817, 146.71
1409, 2207, 64, 88, 1.0000, 1.6919, 1.6918, 0.0098, 1.0000, 240.96
1409, 2267, 37, 38, 0.7111, 3.9069, -3.7877, 0.9574, 0.3556, 191.40
1409, 2272, 120, 5, 0.7056, 2.0238, 2.0238, 0.0000, 0.2822, 224.25
1410, 2207, 66, 89, 1.0000, 2.1009, 1.9832, 0.6933, 1.0000, 241.77
1410, 2264, 61, 68, 0.6000, 73.2127, 44.3503, -58.2508, 0.1800, 176.00
1410, 2272, 122, 6, 0.7611, 2.1533, 2.0134, 0.7635, 0.3806, 226.20
1410, 2276, 59, 116, 0.7056, 0.0251, -0.0224, -0.0112, 0.2822, 150.00
1410, 2267, 33, 39, 0.6111, 3.9069, -3.7877, 0.9574, 0.3056, 191.40
1411, 2207, 67, 88, 1.0000, 1.3828, 1.3138, -0.4314, 1.0000, 239.72
1411, 2236, 6, 24, 0.5625, 81.2117, -25.1225, -77.2283, 0.2250, 183.00
1411, 2228, 5, 10, 0.6222, 2.9847, -2.6666, -1.3407, 0.3111, 195.70
1411, 2272, 122, 7, 0.8167, 1.1566, 0.4729, 1.0555, 0.4900, 218.08
1411, 2234, 66, 60, 0.5625, 36.2221, -7.8292, 35.3658, 0.2250, 207.75
1411, 2264, 105, 10, 0.5000, 73.2127, 44.3503, -58.2508, 0.1500, 176.00
1411, 2276, 59, 116, 0.6056, 0.0251, -0.0224, -0.0112, 0.2422, 150.00
1412, 2207, 66, 68, 1.0000, 17.6748, -1.1849, -17.6351, 1.0000, 236.79
1412, 2272, 125, 6, 0.8722, 2.2203, 2.1711, -0.4650, 0.6106, 214.79
1412, 2276, 54, 126, 0.7111, 6.1781, -2.7720, 5.5214, 0.3556, 143.20
1412, 2234, 68, 91, 0.6222, 30.9417, 1.2668, 30.9158, 0.3111, 216.00
1412, 2228, 2, 8, 0.5222, 2.9847, -2.6666, -1.3407, 0.2611, 195.70
1413, 2207, 75, 29, 1.0000, 36.6445, 7.9353, -35.7749, 1.0000, 234.86
1413, 2272, 127, 6, 0.9278, 2.3131, 2.2888, -0.3346, 0.7422, 211.56
1413, 2234, 72, 95, 0.6806, 7.3859, 3.0383, 6.7321, 0.4083, 218.67
1413, 2276, 51, 131, 0.6111, 6.1781, -2.7720, 5.5214, 0.3056, 143.20
1414, 2225, 71, 39, 0.5625, 0.0138, 0.0000, 0.0138, 0.2250, 205.50
1414, 2228, 4, 8, 0.6806, 0.4891, 0.1936, -0.4491, 0.4083, 205.58
1414, 2273, 6, 110, 0.6000, 24.7710, -14.5696, 20.0332, 0.1800, 174.00
1414, 2272, 129, 6, 0.8278, 2.3131, 2.2888, -0.3346, 0.6622, 211.56
1414, 2276, 49, 137, 0.5111, 6.1781, -2.7720, 5.5214, 0.2556, 143.20
1415, 2272, 132, 5, 0.7278, 2.3131, 2.2888, -0.3346, 0.5822, 211.56
1415, 2273, -8, 130, 0.5000, 24.7710, -14.5696, 20.0332, 0.1500, 174.00
1416, 2225, 74, 37, 0.6722, 1.9510, 1.6198, -1.0875, 0.3361, 203.60
1416, 2234, 78, 91, 0.8519, 2.2287, 2.2279, -0.0587, 0.7667, 225.67
1416, 2278, 112, 79, 0.6556, 7.1672, -5.6357, 4.4281, 0.2622, 107.50
1416, 2170, 80, 26, 0.5400, 0.9822, 0.9822, 0.0000, 0.2700, 195.30
1416, 2272, 134, 5, 0.6278, 2.3131, 2.2888, -0.3346, 0.5022, 211.56
1417, 2170, 81, 26, 0.6500, 1.0119, 1.0119, 0.0000, 0.3900, 194.25
1417, 2225, 76, 36, 0.5722, 1.9510, 1.6198, -1.0875, 0.2861, 203.60
1417, 2272, 136, 5, 0.5278, 2.3131, 2.2888, -0.3346, 0.4222, 211.56
1417, 2278, 107, 83, 0.5556, 7.1672, -5.6357, 4.4281, 0.2222, 107.50
1418, 2225, 79, 41, 0.7306, 3.5249, 2.6615, 2.3111, 0.4383, 200.50
1418, 2276, 31, 127, 0.7667, 4.5550, -4.2529, -1.6314, 0.4600, 156.17
1418, 2278, 79, 76, 0.7111, 18.5006, -18.3841, -2.0736, 0.3556, 121.00
1418, 2170, 82, 27, 0.7087, 1.2635, 1.0067, 0.7635, 0.4961, 193.79
1418, 2253, 59, 54, 0.5625, 23.6047, -19.6403, 13.0935, 0.2250, 188.75
1419, 2225, 79, 41, 0.7881, 0.9358, 0.6354, 0.6870, 0.5517, 198.29
1419, 2277, 122, 27, 0.6000, 22.2079, -2.7546, -22.0364, 0.1800, 142.33
1419, 2170, 82, 27, 0.7667, 0.3750, 0.2364, 0.2911, 0.6133, 193.19
1419, 2280, 87, 122, 0.6000, 0.9353, 0.9353, 0.0000, 0.1800, 112.83
1419, 2278, 60, 74, 0.6111, 18.5006, -18.3841, -2.0736, 0.3056, 121.00
1420, 2225, 79, 41, 0.8451, 0.1531, -0.1370, -0.0685, 0.6761, 196.38
1420, 2277, 122, 22, 0.6556, 6.6652, -0.8267, -6.6138, 0.2622, 139.00
1420, 2170, 84, 27, 0.8241, 1.4657, 1.4657, 0.0014, 0.7417, 192.28
1420, 2280, 98, 97, 0.6556, 23.7897, 9.3192, -21.8884, 0.2622, 110.62
1421, 2225, 82, 38, 0.9019, 4.3089, 2.9120, -3.1760, 0.8117, 195.22
1421, 2277, 118, 9, 0.7111, 13.0699, -3.7582, -12.5179, 0.3556, 138.40
1421, 2170, 85, 27, 0.8811, 1.2931, 1.2924, -0.0418, 0.8811, 192.35
1421, 2253, 21, 49, 0.6222, 12.3707, -11.1809, -5.2935, 0.3111, 190.40
1421, 2280, 100, 90, 0.7111, 8.6972, 3.3029, -8.0456, 0.3556, 109.30
1421, 2219, 78, 30, 0.5400, 39.6952, -39.3413, -5.2881, 0.2700, 140.20
1422, 2277, 117, 6, 0.7667, 4.0304, -1.3130, -3.8105, 0.4600, 138.17
1422, 2170, 86, 28, 0.9379, 1.2794, 1.0472, 0.7350, 0.9379, 191.05
1422, 2253, 4, 54, 0.6806, 17.2454, -16.4992, 5.0181, 0.4083, 192.00
1422, 2280, 100, 91, 0.7667, 0.1557, -0.0982, 0.1209, 0.4600, 108.42
1422, 2191, 35, 76, 0.5400, 69.7190, 30.0669, 62.9024, 0.2700, 207.20
1422, 2219, 20, 12, 0.6000, 58.4680, -55.9933, -16.8301, 0.3600, 152.67
1422, 2281, 117, 37, 0.6000, 60.2877, 51.2228, 31.7935, 0.1800, 171.67
1422, 2283, 99, 24, 0.6000, 29.9720, 18.7520, 23.3813, 0.1800, 170.67
1422, 2225, 85, 34, 0.8019, 4.3089, 2.9120, -3.1760, 0.7217, 195.22
1423, 2225, 86, 28, 0.9583, 5.2414, 1.6723, -4.9674, 0.9583, 193.20
1423, 2277, 117, 7, 0.8222, 0.4218, 0.0620, 0.4172, 0.5756, 138.00
1423, 2170, 79, 30, 0.9944, 6.7434, -6.4999, 1.7957, 0.9944, 190.88
1423, 2283, 121, 43, 0.6556, 29.1975, 21.8388, 19.3794, 0.2622, 157.50
1423, 2286, 37, 85, 0.6000, 28.6895, -27.1223, 9.3525, 0.1800, 183.00
1423, 2253, -13, 59, 0.5806, 17.2454, -16.4992, 5.0181, 0.3483, 192.00
1423, 2219, -36, -5, 0.5000, 58.4680, -55.9933, -16.8301, 0.3000, 152.67
1423, 2281, 168, 69, 0.5000, 60.2877, 51.2228, 31.7935, 0.1500, 171.67
1424, 2225, 86, 13, 0.9646, 14.4903, 0.2927, -14.4874, 0.9646, 190.91
1424, 2277, 117, 8, 0.8778, 0.7428, 0.2153, 0.7110, 0.7022, 137.88
1424, 2283, 126, 46, 0.7111, 7.9589, 6.3323, 4.8214, 0.3556, 154.00
1424, 2286, 20, 91, 0.6556, 19.9686, -18.9175, 6.3932, 0.2622, 184.25
1424, 2290, 125, 83, 0.6000, 49.8448, 31.8455, -38.3453, 0.1800, 96.67
1425, 2286, 18, 91, 0.7111, 3.5786, -3.3976, 1.1237, 0.3556, 185.00
1425, 2259, 4, 3, 0.5625, 15.5151, -13.0935, -8.3234, 0.2250, 211.75
1425, 2225, 87, -2, 0.8646, 14.4903, 0.2927, -14.4874, 0.8646, 190.91
1425, 2283, 132, 51, 0.6111, 7.9589, 6.3323, 4.8214, 0.3056, 154.00
1425, 2290, 156, 44, 0.5000, 49.8448, 31.8455, -38.3453, 0.1500, 96.67
1426, 2286, 20, 90, 0.7667, 1.5444, 1.4603, -0.5028, 0.4600, 185.50
1426, 2225, 87, -16, 0.7646, 14.4903, 0.2927, -14.4874, 0.7646, 190.91
1427, 2285, 92, 29, 0.7056, 1.0890, 0.7701, 0.7701, 0.2822, 174.00
1427, 2183, 68, 76, 0.5400, 56.2590, 54.8746, 12.4039, 0.2700, 188.20
1427, 2225, 87, -31, 0.6646, 14.4903, 0.2927, -14.4874, 0.6646, 190.91
1428, 2285, 93, 29, 0.7611, 1.0892, 1.0505, 0.2876, 0.3806, 174.90
1428, 2183, 117, 100, 0.6000, 54.9645, 49.9580, 22.9192, 0.3600, 171.00
1428, 2225, 87, -45, 0.5646, 14.4903, 0.2927, -14.4874, 0.5646, 190.91
1429, 2238, 0, 78, 0.5625, 55.1249, -4.6361, 54.9296, 0.2250, 202.12
1429, 2285, 95, 29, 0.8167, 1.8171, 1.8171, -0.0025, 0.4900, 175.92
1429, 2289, 88, 119, 0.6000, 10.2567, 7.2707, 7.2344, 0.1800, 117.33
1429, 2293, 104, 111, 0.6000, 13.0617, 6.3012, -11.4413, 0.1800, 101.67
1429, 2294, 10, 3, 0.6000, 24.0920, -6.1855, -23.2844, 0.1800, 212.33
1429, 2211, 118, 97, 0.5400, 25.2518, 0.0000, 25.2518, 0.2700, 102.00
1429, 2263, 120, 102, 0.5625, 17.9087, 17.0223, 5.5646, 0.2250, 155.12
1429, 2183, 167, 123, 0.5000, 54.9645, 49.9580, 22.9192, 0.3000, 171.00
1430, 2270, 59, 24, 0.6000, 34.4539, -27.0924, 21.2856, 0.1800, 184.67
1430, 2285, 106, 29, 0.8222, 10.4308, 10.4307, -0.0427, 0.5756, 172.07
1430, 2289, 90, 121, 0.6556, 3.1369, 2.2112, 2.2251, 0.2622, 116.00
1430, 2293, 107, 97, 0.6556, 13.7895, 2.6736, -13.5279, 0.2622, 134.75
1430, 2211, 103, 123, 0.6000, 28.9412, -12.8311, 25.9414, 0.3600, 104.50
1430, 2263, 124, 104, 0.6222, 5.9280, 5.4504, 2.3311, 0.3111, 140.10
1430, 2294, 3, -20, 0.5000, 24.0920, -6.1855, -23.2844, 0.1500, 212.33
1431, 2270, 11, 55, 0.6556, 53.6139, -45.0148, 29.1225, 0.2622, 190.50
1431, 2289, 101, 123, 0.7111, 10.0098, 9.7749, 2.1558, 0.3556, 118.80
1431, 2291, 83, 4, 0.6000, 55.5540, 55.5465, 0.9106, 0.1800, 192.67
1431, 2297, 10, 65, 0.6000, 58.2505, -9.7050, -57.4364, 0.1800, 167.00
1431, 2263, 125, 103, 0.6806, 1.3049, 1.2987, 0.1273, 0.4083, 133.08
1431, 2302, 79, 33, 0.6000, 73.1049, 68.9557, -24.2781, 0.1800, 195.00
1431, 2285, 117, 29, 0.7222, 10.4308, 10.4307, -0.0427, 0.5056, 172.07
1431, 2293, 109, 84, 0.5556, 13.7895, 2.6736, -13.5279, 0.2222, 134.75
1431, 2211, 90, 149, 0.5000, 28.9412, -12.8311, 25.9414, 0.3000, 104.50
1432, 2289, 124, 107, 0.7667, 25.8793, 21.7501, -14.0240, 0.4600, 111.33
1432, 2263, 113, 98, 0.7381, 11.3386, -10.2360, -4.8774, 0.5167, 149.07
1432, 2301, 6, 63, 0.7056, 1.0503, 0.7702, 0.7141, 0.2822, 194.25
1432, 2268, 24, 112, 0.5625, 42.6540, -41.1511, -11.2230, 0.2250, 141.50
1432, 2304, 3, 81, 0.6000, 0.9822, 0.9822, 0.0000, 0.1800, 213.33
1432, 2270, -34, 84, 0.5556, 53.6139, -45.0148, 29.1225, 0.2222, 190.50
1432, 2285, 127, 29, 0.6222, 10.4308, 10.4307, -0.0427, 0.4356, 172.07
1432, 2291, 139, 5, 0.5000, 55.5540, 55.5465, 0.9106, 0.1500, 192.67
1432, 2297, 0, 8, 0.5000, 58.2505, -9.7050, -57.4364, 0.1500, 167.00
1432, 2302, 148, 9, 0.5000, 73.1049, 68.9557, -24.2781, 0.1500, 195.00
1433, 2297, 26, 7, 0.6556, 27.3887, 10.0553, -25.4762, 0.2622, 174.50
1433, 2263, 111, 97, 0.7951, 3.4225, -3.2504, -1.0718, 0.6361, 148.69
1433, 2304, 5, 81, 0.7056, 1.7667, 1.7667, 0.0000, 0.2822, 210.38
1433, 2285, 138, 29, 0.5222, 10.4308, 10.4307, -0.0427, 0.3656, 172.07
1433, 2301, 7, 64, 0.6056, 1.0503, 0.7702, 0.7141, 0.2422, 194.25
1434, 2284, 80, 6, 0.6000, 13.4975, 2.8511, -13.1929, 0.1800, 177.00
1434, 2293, 83, 78, 0.7111, 8.7531, -8.4556, -2.2627, 0.3556, 143.40
1434, 2297, 39, 4, 0.7111, 13.4414, 12.6419, -4.5667, 0.3556, 184.60
1434, 2301, 12, 52, 0.7111, 6.9447, 3.3132, -6.1034, 0.3556, 195.20
1434, 2304, 6, 82, 0.7611, 1.4940, 1.2842, 0.7635, 0.3806, 210.30
1435, 2288, 19, 108, 0.6000, 30.0702, -30.0702, -0.0119, 0.1800, 147.33
1435, 2166, 98, 67, 0.5250, 19.3355, -9.0204, 17.1025, 0.3150, 145.83
1435, 2301, 21, 31, 0.7667, 22.2683, 8.6926, -20.5016, 0.4600, 197.67
1435, 2304, 7, 82, 0.8167, 1.0383, 0.9967, 0.2911, 0.4900, 208.42
1435, 2308, 34, 57, 0.6000, 46.5441, -43.9729, 15.2559, 0.1800, 181.00
1435, 2284, 83, -7, 0.5000, 13.4975, 2.8511, -13.1929, 0.1500, 177.00
1436, 2301, 33, 13, 0.8222, 21.8826, 11.9889, -18.3062, 0.5756, 199.57
1436, 2304, 8, 82, 0.8722, 0.9576, 0.9576, 0.0014, 0.6106, 213.50
1436, 2271, 102, 30, 0.5625, 12.7143, 12.4436, 2.6097, 0.2250, 159.25
1436, 2308, 6, 66, 0.6556, 30.8731, -29.2341, 9.9256, 0.2622, 182.75
1436, 2274, 74, 117, 0.5625, 37.1729, -34.9507, 12.6600, 0.2250, 106.25
1436, 2288, -11, 108, 0.5000, 30.0702, -30.0702, -0.0119, 0.1500, 147.33
1437, 2166, 98, 93, 0.5841, 12.5205, 1.3932, 12.4427, 0.4089, 139.29
1437, 2301, 37, 10, 0.8778, 6.2855, 4.8290, -4.0234, 0.7022, 204.50
1437, 2304, 9, 82, 0.9278, 0.9848, 0.9840, -0.0418, 0.7422, 217.44
1437, 2271, 105, 29, 0.6222, 4.6342, 4.6334, 0.0853, 0.3111, 160.50
1437, 2308, 2, 66, 0.7111, 7.3046, -7.2517, 0.8780, 0.3556, 183.60
1438, 2166, 87, 110, 0.6424, 19.4025, -10.1232, 16.5522, 0.5139, 137.25
1438, 2301, 38, 11, 0.9333, 0.9357, 0.8604, 0.3676, 0.8400, 208.22
1438, 2304, 10, 82, 0.9833, 1.0000, 0.9999, -0.0167, 0.8850, 220.83
1438, 2274, 52, 112, 0.6222, 8.9410, -7.8117, -4.3496, 0.3111, 115.00
1438, 2271, 110, 30, 0.5222, 4.6342, 4.6334, 0.0853, 0.2611, 160.50
1438, 2308, -5, 67, 0.6111, 7.3046, -7.2517, 0.8780, 0.3056, 183.60
1439, 2287, 56, 28, 0.6000, 69.2756, -21.8938, -65.7249, 0.1800, 164.00
1439, 2166, 84, 125, 0.7000, 15.6795, -3.9670, 15.1693, 0.6300, 134.33
1439, 2304, 11, 82, 1.0000, 1.0023, 1.0023, -0.0005, 1.0000, 220.45
1439, 2271, 110, 31, 0.6806, 2.2432, 2.0748, 0.8525, 0.4083, 154.08
1439, 2274, 44, 108, 0.5222, 8.9410, -7.8117, -4.3496, 0.2611, 115.00
1440, 2304, 13, 83, 1.0000, 1.8970, 1.7443, 0.7456, 1.0000, 218.86
1440, 2271, 109, 31, 0.7381, 1.2815, -1.2609, 0.2289, 0.5167, 155.64
1440, 2274, 22, 91, 0.6806, 20.2793, -16.4559, -11.8512, 0.4083, 127.00
1440, 2310, 122, 104, 0.6000, 20.8034, -0.9202, -20.7831, 0.1800, 85.33
1440, 2311, 31, 37, 0.6000, 45.3973, -31.1833, 32.9926, 0.1800, 199.67
1440, 2287, 34, -38, 0.5000, 69.2756, -21.8938, -65.7249, 0.1500, 164.00
1440, 2166, 80, 140, 0.6000, 15.6795, -3.9670, 15.1693, 0.5400, 134.33
1441, 2298, 87, 126, 0.6000, 2.1171, 1.8981, 0.9377, 0.1800, 107.17
1441, 2304, 14, 83, 1.0000, 1.3416, 1.3060, 0.3069, 1.0000, 218.21
1441, 2305, 20, 90, 0.6000, 13.0758, 13.0426, -0.9305, 0.1800, 174.00
1441, 2306, 28, 102, 0.6000, 59.6870, -58.6271, -11.1979, 0.1800, 126.67
1441, 2271, 108, 31, 0.7951, 0.7636, -0.7628, -0.0346, 0.6361, 155.81
1441, 2310, 122, 100, 0.6556, 6.4089, -0.2721, -6.4032, 0.2622, 84.25
1441, 2311, 14, 75, 0.6556, 42.3017, -18.9770, 37.8062, 0.2622, 194.50
1442, 2298, 88, 126, 0.7056, 1.3184, 1.2900, 0.2719, 0.2822, 108.12
1442, 2300, 117, 125, 0.6000, 1.8799, 1.8799, 0.0000, 0.1800, 90.00
1442, 2304, 15, 83, 1.0000, 1.0146, 1.0144, 0.0147, 1.0000, 216.42
1442, 2305, 23, 90, 0.6556, 3.8175, 3.8077, -0.2725, 0.2622, 177.25
1442, 2310, 122, 101, 0.7111, 0.3785, 0.0209, 0.3779, 0.3556, 83.60
1442, 2311, -1, 116, 0.7111, 43.5761, -15.0899, 40.8800, 0.3556, 186.20
1442, 2306, -31, 91, 0.5000, 59.6870, -58.6271, -11.1979, 0.1500, 126.67
1443, 2246, 97, 9, 0.5625, 55.7550, 55.0730, -8.6936, 0.2250, 193.50
1443, 2296, 55, 106, 0.6000, 20.8678, 19.0295, -8.5642, 0.1800, 144.67
1443, 2300, 118, 125, 0.7056, 1.2980, 1.2980, 0.0000, 0.2822, 97.25
1443, 2304, 15, 83, 1.0000, 0.2320, 0.2284, -0.0409, 1.0000, 214.43
1443, 2305, 22, 90, 0.7111, 0.3023, -0.3016, 0.0212, 0.3556, 179.60
1443, 2298, 89, 126, 0.6056, 1.3184, 1.2900, 0.2719, 0.2422, 108.12
1443, 2310, 122, 101, 0.6111, 0.3785, 0.0209, 0.3779, 0.3056, 83.60
1443, 2311, -16, 157, 0.6111, 43.5761, -15.0899, 40.8800, 0.3056, 186.20
1444, 2292, 17, 124, 0.6000, 6.0625, -5.7503, -1.9203, 0.1800, 149.00
1444, 2295, 19, 18, 0.6000, 15.5490, 10.5087, -11.4602, 0.1800, 222.33
1444, 2296, 71, 86, 0.6556, 25.2919, 16.6669, -19.0236, 0.2622, 148.00
1444, 2298, 90, 126, 0.7611, 0.9169, 0.9124, -0.0911, 0.3806, 110.30
1444, 2300, 120, 126, 0.7611, 1.9168, 1.7583, 0.7631, 0.3806, 96.80
1444, 2304, 17, 84, 1.0000, 1.5631, 1.3941, 0.7069, 1.0000, 214.00
1444, 2305, 13, 92, 0.7667, 8.4621, -8.3140, 1.5766, 0.4600, 178.33
1444, 2318, 98, 10, 0.6000, 53.3891, 53.3563, -1.8705, 0.1800, 214.00
1444, 2320, 44, 13, 0.6000, 30.0956, 13.1405, -27.0754, 0.1800, 215.33
1444, 2321, 18, 63, 0.6000, 0.9833, 0.9822, 0.0469, 0.1800, 213.83
1444, 2322, 35, 82, 0.6000, 24.4280, 20.6225, 13.0935, 0.1800, 187.33
1444, 2326, 96, 124, 0.6000, 18.6839, -18.6581, 0.9822, 0.1800, 90.33
1444, 2310, 122, 101, 0.5111, 0.3785, 0.0209, 0.3779, 0.2556, 83.60
1444, 2311, -31, 198, 0.5111, 43.5761, -15.0899, 40.8800, 0.2556, 186.20
1445, 2295, 20, 16, 0.6556, 3.7959, 2.9172, -2.4287, 0.2622, 230.50
1445, 2298, 91, 126, 0.8167, 0.9603, 0.9595, -0.0405, 0.4900, 108.92
1445, 2300, 121, 126, 0.8167, 1.2793, 1.2457, 0.2910, 0.4900, 96.33
1445, 2304, 18, 84, 1.0000, 1.3287, 1.2913, 0.3129, 1.0000, 214.06
1445, 2307, 73, 83, 0.6000, 42.7636, -19.8962, -37.8532, 0.1800, 127.00
1445, 2240, 31, 21, 0.5400, 50.9311, -46.9059, -19.8448, 0.2700, 191.40
1445, 2279, 21, 88, 0.5625, 19.6328, -2.5303, 19.4691, 0.2250, 192.50
1445, 2320, 47, 9, 0.6556, 8.7910, 4.4170, -7.6007, 0.2622, 214.00
1445, 2321, 18, 64, 0.7056, 0.7929, 0.2571, 0.7500, 0.2822, 211.12
1445, 2292, 11, 122, 0.5000, 6.0625, -5.7503, -1.9203, 0.1500, 149.00
1445, 2296, 88, 67, 0.5556, 25.2919, 16.6669, -19.0236, 0.2222, 148.00
1445, 2305, 4, 93, 0.6667, 8.4621, -8.3140, 1.5766, 0.4000, 178.33
1445, 2318, 151, 8, 0.5000, 53.3891, 53.3563, -1.8705, 0.1500, 214.00
1445, 2322, 56, 95, 0.5000, 24.4280, 20.6225, 13.0935, 0.1500, 187.33
1445, 2326, 77, 125, 0.5000, 18.6839, -18.6581, 0.9822, 0.1500, 90.33
1446, 2295, 20, 18, 0.7111, 1.3858, -0.2902, 1.3551, 0.3556, 235.00
1446, 2296, 88, 57, 0.7111, 15.5015, 6.8662, -13.8980, 0.3556, 152.40
1446, 2298, 93, 126, 0.8722, 1.7611, 1.7611, -0.0025, 0.6106, 108.64
1446, 2300, 121, 125, 0.8722, 0.7914, 0.2244, -0.7589, 0.6106, 94.71
1446, 2304, 19, 84, 1.0000, 1.0662, 1.0659, 0.0261, 1.0000, 215.29
1446, 2307, 47, 17, 0.6556, 67.0963, -25.2828, -62.1506, 0.2622, 150.25
1446, 2279, 29, 117, 0.6222, 28.8188, 5.9821, 28.1911, 0.3111, 183.40
1446, 2316, 88, 16, 0.6000, 53.3816, 52.1060, 11.6001, 0.1800, 199.67
1446, 2320, 58, 7, 0.7111, 10.0918, 9.8267, -2.2981, 0.3556, 209.60
1446, 2321, 16, 70, 0.7111, 5.8273, -1.5613, 5.6143, 0.3556, 206.70
1446, 2322, 56, 87, 0.6556, 9.1588, 9.1143, 0.9019, 0.2622, 184.25
1446, 2305, -4, 95, 0.5667, 8.4621, -8.3140, 1.5766, 0.3400, 178.33
1447, 2295, 19, 20, 0.7667, 1.7206, -0.5358, 1.6351, 0.4600, 238.33
1447, 2298, 94, 126, 0.9278, 1.2989, 1.2989, 0.0047, 0.7422, 107.44
1447, 2300, 124, 126, 0.9278, 2.2139, 2.1741, 0.4181, 0.7422, 95.75
1447, 2304, 20, 84, 1.0000, 0.9838, 0.9830, -0.0381, 1.0000, 215.86
1447, 2312, 35, 7, 0.6000, 45.3713, 29.1424, -34.7746, 0.1800, 202.67
1447, 2240, 1, 5, 0.6000, 13.0613, -11.4040, -6.3677, 0.3600, 195.00
1447, 2319, 33, 30, 0.6000, 2.0359, 1.8617, -0.8240, 0.1800, 220.67
1447, 2326, 92, 120, 0.6556, 3.2589, 2.7131, -1.8055, 0.2622, 92.75
1447, 2307, 22, -45, 0.5556, 67.0963, -25.2828, -62.1506, 0.2222, 150.25
1447, 2279, 34, 146, 0.5222, 28.8188, 5.9821, 28.1911, 0.2611, 183.40
1447, 2316, 140, 28, 0.5000, 53.3816, 52.1060, 11.6001, 0.1500, 199.67
1447, 2320, 68, 5, 0.6111, 10.0918, 9.8267, -2.2981, 0.3056, 209.60
1447, 2321, 15, 76, 0.6111, 5.8273, -1.5613, 5.6143, 0.3056, 206.70
1447, 2322, 65, 88, 0.5556, 9.1588, 9.1143, 0.9019, 0.2222, 184.25
1448, 2295, 18, 20, 0.8222, 1.0197, -0.9261, 0.4268, 0.5756, 237.21
1448, 2298, 95, 126, 0.9833, 1.0064, 1.0064, 0.0022, 0.8850, 107.39
1448, 2300, 124, 126, 0.9833, 0.8709, 0.8258, 0.2765, 0.8850, 95.17
1448, 2304, 18, 74, 1.0000, 8.6195, -1.1485, -8.5426, 1.0000, 214.50
1448, 2319, 48, 13, 0.6556, 20.0049, 13.4832, -14.7783, 0.2622, 228.25
1448, 2321, 21, 85, 0.7667, 8.1325, 2.7364, 7.6583, 0.4600, 211.92
1448, 2326, 92, 104, 0.7111, 15.1209, -0.5033, -15.1125, 0.3556, 97.40
1448, 2312, 64, -28, 0.5000, 45.3713, 29.1424, -34.7746, 0.1500, 202.67
1448, 2240, -11, -1, 0.5000, 13.0613, -11.4040, -6.3677, 0.3000, 195.00
1448, 2320, 78, 2, 0.5111, 10.0918, 9.8267, -2.2981, 0.2556, 209.60
1449, 2295, 18, 22, 0.8778, 1.4783, -0.2756, 1.4524, 0.7022, 239.44
1449, 2298, 97, 127, 1.0000, 1.8626, 1.7059, 0.7478, 1.0000, 106.35
1449, 2300, 127, 126, 1.0000, 2.2520, 2.2515, 0.0488, 1.0000, 93.85
1449, 2304, 20, 65, 1.0000, 8.9434, 1.4360, -8.8274, 1.0000, 213.18
1449, 2310, 122, 115, 0.7667, 2.6740, 0.0031, 2.6740, 0.4600, 82.17
1449, 2319, 53, 9, 0.7111, 7.6815, 5.5041, -5.3583, 0.3556, 224.20
1449, 2321, 36, 95, 0.8222, 17.5512, 14.1452, 10.3903, 0.5756, 206.21
1450, 2292, 0, 123, 0.6556, 1.9367, -1.8920, 0.4141, 0.2622, 151.50
1450, 2295, 18, 23, 0.9333, 1.2568, 0.0299, 1.2564, 0.8400, 240.72
1450, 2298, 98, 127, 1.0000, 1.3209, 1.2856, 0.3033, 1.0000, 107.05
1450, 2303, 127, 88, 0.6000, 34.0174, 4.8111, -33.6755, 0.1800, 78.67
1450, 2304, 21, 64, 1.0000, 2.7814, 0.8465, -2.6495, 1.0000, 212.31
1450, 2319, 53, 10, 0.7667, 0.9054, 0.8987, 0.1100, 0.4600, 221.83
1450, 2321, 61, 91, 0.8778, 24.2222, 24.0851, -2.5737, 0.7022, 200.19
1450, 2300, 129, 126, 0.9000, 2.2520, 2.2515, 0.0488, 0.9000, 93.85
1451, 2295, 18, 24, 0.9889, 1.0332, 0.0516, 1.0319, 0.9889, 241.85
1451, 2298, 99, 127, 1.0000, 1.0112, 1.0112, 0.0121, 1.0000, 106.46
1451, 2304, 40, 47, 1.0000, 21.3971, 15.6677, -14.5724, 1.0000, 211.80
1451, 2240, 3, 8, 0.6587, 4.9560, 4.0947, 2.7921, 0.4611, 197.71
1451, 2319, 54, 11, 0.8222, 1.3556, 1.0711, 0.8309, 0.5756, 220.57
1451, 2327, 41, 22, 0.6000, 60.5975, -59.2980, 12.4822, 0.1800, 169.33
1451, 2328, 36, 31, 0.6000, 0.9822, 0.9822, 0.0000, 0.1800, 228.00
1451, 2292, -2, 123, 0.5556, 1.9367, -1.8920, 0.4141, 0.2222, 151.50
1451, 2300, 131, 126, 0.8000, 2.2520, 2.2515, 0.0488, 0.8000, 93.85
1451, 2303, 132, 55, 0.5000, 34.0174, 4.8111, -33.6755, 0.1500, 78.67
1452, 2292, 15, 113, 0.7111, 10.4560, 8.9102, -5.4714, 0.3556, 155.40
1452, 2295, 17, 25, 1.0000, 1.2291, -0.7486, 0.9748, 1.0000, 242.68
1452, 2328, 50, 14, 0.6556, 19.4933, 12.3335, -15.0955, 0.2622, 223.00
1452, 2282, 23, 89, 0.5625, 37.2695, -35.5396, 11.2230, 0.2250, 195.50
1452, 2332, 23, 66, 0.6000, 0.7068, 0.7006, 0.0939, 0.1800, 204.33
1452, 2298, 100, 127, 0.9000, 1.0112, 1.0112, 0.0121, 0.9000, 106.46
1452, 2300, 133, 126, 0.7000, 2.2520, 2.2515, 0.0488, 0.7000, 93.85
1452, 2327, -18, 34, 0.5000, 60.5975, -59.2980, 12.4822, 0.1500, 169.33
1453, 2295, 17, 26, 1.0000, 1.0285, -0.2935, 0.9857, 1.0000, 243.71
1453, 2298, 102, 127, 1.0000, 1.5103, 1.5099, -0.0336, 1.0000, 105.81
1453, 2303, 121, 39, 0.6556, 12.9290, -3.3174, -12.4961, 0.2622, 88.75
1453, 2328, 57, 8, 0.7111, 9.7713, 7.4589, -6.3123, 0.3556, 223.00
1453, 2331, 38, 30, 0.6000, 23.2650, -1.8911, 23.1880, 0.1800, 212.33
1453, 2332, 24, 66, 0.7056, 1.0406, 1.0406, -0.0096, 0.2822, 204.75
1453, 2333, 22, 75, 0.6000, 1.3717, 0.9937, 0.9456, 0.1800, 186.67
1453, 2300, 136, 126, 0.6000, 2.2520, 2.2515, 0.0488, 0.6000, 93.85
1454, 2295, 17, 28, 1.0000, 1.7622, -0.0029, 1.7622, 1.0000, 244.58
1454, 2303, 116, 10, 0.7111, 28.2412, -4.9304, -27.8075, 0.3556, 97.40
1454, 2328, 59, 9, 0.7667, 2.5844, 2.5760, -0.2078, 0.4600, 223.83
1454, 2282, 10, 115, 0.6222, 13.2062, -2.9108, 12.8815, 0.3111, 189.00
1454, 2330, 7, 4, 0.6000, 25.4480, -23.9246, -8.6726, 0.1800, 215.33
1454, 2331, 8, 45, 0.6556, 30.9088, -26.3256, 16.1961, 0.2622, 214.50
1454, 2332, 22, 53, 0.7111, 11.5353, -1.2364, -11.4689, 0.3556, 204.00
1454, 2333, 23, 75, 0.7056, 1.0409, 1.0079, 0.2601, 0.2822, 188.50
1454, 2335, 36, 23, 0.6000, 1.0122, 0.9937, -0.1927, 0.1800, 204.00
1454, 2298, 103, 127, 0.9000, 1.5103, 1.5099, -0.0336, 0.9000, 105.81
1454, 2300, 138, 126, 0.5000, 2.2520, 2.2515, 0.0488, 0.5000, 93.85
1455, 2295, 16, 29, 1.0000, 1.4812, -0.7222, 1.2932, 1.0000, 245.11
1455, 2328, 59, 10, 0.8222, 1.0686, 0.6616, 0.8392, 0.5756, 225.43
1455, 2332, 8, 37, 0.7667, 20.3968, -12.8534, -15.8373, 0.4600, 204.50
1455, 2333, 24, 75, 0.7611, 1.0042, 1.0037, -0.0295, 0.3806, 191.00
1455, 2335, 40, 31, 0.6556, 7.6200, 3.2848, 6.8757, 0.2622, 203.00
1455, 2298, 105, 127, 0.8000, 1.5103, 1.5099, -0.0336, 0.8000, 105.81
1455, 2282, 7, 128, 0.5222, 13.2062, -2.9108, 12.8815, 0.2611, 189.00
1455, 2330, -17, -5, 0.5000, 25.4480, -23.9246, -8.6726, 0.1500, 215.33
1455, 2331, -18, 61, 0.5556, 30.9088, -26.3256, 16.1961, 0.2222, 214.50
1456, 2295, 16, 30, 1.0000, 1.0399, -0.2776, 1.0022, 1.0000, 245.57
1456, 2298, 106, 127, 1.0000, 1.3117, 1.3117, 0.0057, 1.0000, 106.61
1456, 2328, 61, 10, 0.8778, 1.4480, 1.4048, 0.3508, 0.7022, 222.38
1456, 2332, 4, 18, 0.8222, 18.9380, -5.4890, -18.1251, 0.5756, 205.71
1456, 2333, 26, 68, 0.7667, 6.4112, 1.7646, -6.1636, 0.4600, 196.50
1456, 2335, 45, 43, 0.7111, 12.7080, 4.8984, 11.7260, 0.3556, 203.00
1457, 2295, 16, 31, 1.0000, 0.9582, -0.0030, 0.9582, 1.0000, 246.16
1457, 2298, 85, 116, 1.0000, 21.5261, -19.0371, -10.0481, 1.0000, 107.77
1457, 2328, 62, 9, 0.9333, 1.4197, 1.2040, -0.7524, 0.8400, 223.44
1457, 2329, 4, 71, 0.6000, 74.2508, -34.2049, 65.9030, 0.1800, 202.00
1457, 2337, 100, 31, 0.6000, 19.9361, -0.1445, 19.9356, 0.1800, 159.00
1457, 2332, -2, 0, 0.7222, 18.9380, -5.4890, -18.1251, 0.5056, 205.71
1457, 2333, 28, 62, 0.6667, 6.4112, 1.7646, -6.1636, 0.4000, 196.50
1457, 2335, 50, 55, 0.6111, 12.7080, 4.8984, 11.7260, 0.3056, 203.00
1458, 2295, 16, 32, 1.0000, 0.9840, 0.0395, 0.9832, 1.0000, 246.68
1458, 2328, 63, 9, 0.9889, 1.0736, 1.0189, -0.3386, 0.9889, 221.30
1458, 2337, 105, 47, 0.6556, 17.1743, 4.5875, 16.5503, 0.2622, 156.00
1458, 2338, 3, 64, 0.6000, 37.1473, -2.6495, 37.0527, 0.1800, 197.33
1458, 2260, 90, 13, 0.5062, 47.7292, 47.5424, 4.2185, 0.4050, 191.50
1458, 2329, -30, 137, 0.5000, 74.2508, -34.2049, 65.9030, 0.1500, 202.00
1458, 2332, -7, -18, 0.6222, 18.9380, -5.4890, -18.1251, 0.4356, 205.71
1458, 2333, 29, 56, 0.5667, 6.4112, 1.7646, -6.1636, 0.3400, 196.50
1458, 2335, 54, 67, 0.5111, 12.7080, 4.8984, 11.7260, 0.2556, 203.00
1459, 2295, 15, 34, 1.0000, 1.8939, -0.7313, 1.7470, 1.0000, 247.03
1459, 2328, 65, 9, 1.0000, 1.7415, 1.7414, -0.0196, 1.0000, 222.45
1459, 2343, 82, 32, 0.6000, 75.4462, 68.0027, -32.6766, 0.1800, 182.00
1459, 2337, 110, 63, 0.5556, 17.1743, 4.5875, 16.5503, 0.2222, 156.00
1459, 2338, 1, 101, 0.5000, 37.1473, -2.6495, 37.0527, 0.1500, 197.33
1460, 2295, 13, 34, 1.0000, 1.8758, -1.7895, 0.5625, 1.0000, 245.73
1460, 2328, 66, 9, 1.0000, 1.2811, 1.2804, 0.0419, 1.0000, 221.67
1460, 2333, 45, 33, 0.8222, 11.1338, 5.6842, -9.5735, 0.5756, 198.57
1460, 2335, 58, 72, 0.7667, 6.5539, 2.8604, 5.8968, 0.4600, 197.00
1460, 2337, 123, 49, 0.7111, 9.4157, 9.3665, -0.9611, 0.3556, 149.20
1460, 2338, 22, 126, 0.6556, 32.2584, 10.9508, 30.3428, 0.2622, 185.25
1460, 2346, 118, 14, 0.6000, 11.9771, -7.4820, 9.3525, 0.1800, 134.00
1460, 2343, 150, 0, 0.5000, 75.4462, 68.0027, -32.6766, 0.1500, 182.00
1461, 2295, 14, 36, 1.0000, 1.4509, 0.1129, 1.4465, 1.0000, 246.19
1461, 2328, 68, 9, 1.0000, 1.7630, 1.7629, 0.0189, 1.0000, 220.00
1461, 2341, 114, 46, 0.6000, 71.7897, 45.0112, -55.9263, 0.1800, 147.67
1461, 2346, 118, 16, 0.6556, 3.6307, -1.3407, 3.3741, 0.2622, 132.50
1461, 2335, 61, 78, 0.6667, 6.5539, 2.8604, 5.8968, 0.4000, 197.00
1461, 2338, 33, 157, 0.5556, 32.2584, 10.9508, 30.3428, 0.2222, 185.25
1462, 2295, 14, 37, 1.0000, 1.2928, 0.3192, 1.2527, 1.0000, 246.42
1462, 2328, 76, 20, 1.0000, 12.3631, 7.3619, 9.9322, 1.0000, 217.14
1462, 2282, 26, 125, 0.6806, 5.0627, 3.9242, -3.1987, 0.4083, 185.00
1462, 2346, 120, 44, 0.7111, 25.2911, 2.0153, 25.2107, 0.3556, 130.90
1462, 2335, 64, 84, 0.5667, 6.5539, 2.8604, 5.8968, 0.3400, 197.00
1462, 2341, 159, -10, 0.5000, 71.7897, 45.0112, -55.9263, 0.1500, 147.67
1463, 2295, 14, 38, 1.0000, 1.0450, 0.1176, 1.0383, 1.0000, 246.81
1463, 2335, 57, 87, 0.8222, 4.8684, -0.9870, 4.7673, 0.5756, 192.86
1463, 2339, 11, 35, 0.6000, 66.4273, -43.1546, -50.5001, 0.1800, 182.67
1463, 2328, 83, 30, 0.9000, 12.3631, 7.3619, 9.9322, 0.9000, 217.14
1463, 2346, 122, 69, 0.6111, 25.2911, 2.0153, 25.2107, 0.3056, 130.90
1464, 2295, 12, 40, 1.0000, 2.2389, -1.4523, 1.7039, 1.0000, 245.95
1464, 2328, 97, 18, 1.0000, 11.2160, 10.8696, -2.7659, 1.0000, 213.27
1464, 2335, 70, 117, 0.8778, 30.9968, 11.9626, 28.5955, 0.7022, 183.25
1464, 2339, -32, -16, 0.5000, 66.4273, -43.1546, -50.5001, 0.1500, 182.67
1465, 2295, 13, 41, 1.0000, 1.3014, 0.0744, 1.2992, 1.0000, 246.24
1465, 2340, 35, 71, 0.6000, 30.9943, -26.0691, -16.7645, 0.1800, 173.00
1466, 2295, 12, 42, 1.0000, 1.1182, -0.4570, 1.0206, 1.0000, 246.53
1466, 2340, 17, 58, 0.6556, 23.5919, -18.9931, -13.9943, 0.2622, 180.25
1467, 2295, 12, 44, 1.0000, 1.6896, -0.2150, 1.6759, 1.0000, 246.78
1467, 2340, 0, 47, 0.7111, 20.2925, -17.3129, -10.5854, 0.3556, 185.80
1467, 2314, 79, 41, 0.5625, 0.0000, 0.0000, 0.0000, 0.2250, 186.00
1468, 2295, 11, 45, 1.0000, 1.4935, -0.7337, 1.3009, 1.0000, 247.09
1468, 2314, 79, 41, 0.6722, 0.0000, 0.0000, 0.0000, 0.3361, 185.20
1468, 2309, 7, 103, 0.5625, 19.1898, -14.0288, 13.0935, 0.2250, 179.25
1468, 2340, -18, 37, 0.6111, 20.2925, -17.3129, -10.5854, 0.3056, 185.80
1469, 2295, 11, 47, 1.0000, 1.7596, -0.2995, 1.7339, 1.0000, 247.23
1469, 2314, 90, 57, 0.6806, 17.5779, 9.9260, 14.5072, 0.4083, 178.83
1469, 2359, 37, 66, 0.6000, 32.6268, -14.9640, 28.9928, 0.1800, 210.67
1469, 2340, -35, 26, 0.5111, 20.2925, -17.3129, -10.5854, 0.2556, 185.80
1470, 2295, 9, 48, 1.0000, 1.9197, -1.4224, 1.2893, 1.0000, 246.49
1470, 2309, 6, 106, 0.6222, 1.3208, 1.3088, -0.1778, 0.3111, 175.60
1470, 2359, 27, 82, 0.6556, 20.6442, -10.2290, 17.9319, 0.2622, 204.25
1470, 2323, 55, 86, 0.5625, 0.0000, 0.0000, 0.0000, 0.2250, 172.50
1470, 2314, 100, 72, 0.5806, 17.5779, 9.9260, 14.5072, 0.3483, 178.83
1471, 2295, 9, 49, 1.0000, 1.1859, -0.6143, 1.0144, 1.0000, 246.68
1471, 2275, 41, 86, 0.5400, 42.0851, -11.9480, -40.3534, 0.2700, 158.40
1471, 2309, 4, 96, 0.6806, 9.4640, -1.2550, -9.3804, 0.4083, 181.92
1471, 2359, 11, 103, 0.7111, 25.6070, -15.5416, 20.3513, 0.3556, 196.80
1471, 2323, 55, 86, 0.6722, 0.0000, 0.0000, 0.0000, 0.3361, 172.20
1472, 2295, 9, 51, 1.0000, 1.6535, -0.0542, 1.6526, 1.0000, 246.95
1472, 2275, 6, 50, 0.6000, 48.7837, -32.4316, -36.4422, 0.3600, 167.83
1472, 2349, 100, 95, 0.6556, 15.3749, 8.3525, -12.9083, 0.2622, 112.00
1472, 2358, 55, 73, 0.6000, 16.9418, 16.9194, 0.8696, 0.1800, 193.67
1472, 2323, 55, 86, 0.7306, 0.0000, 0.0000, 0.0000, 0.4383, 172.33
1472, 2361, 64, 31, 0.6000, 8.6999, 6.6876, -5.5646, 0.1800, 203.67
1473, 2295, 11, 53, 1.0000, 2.4730, 1.4562, 1.9989, 1.0000, 245.45
1473, 2336, 5, 11, 0.6000, 4.8812, 0.9454, -4.7888, 0.1800, 232.00
1473, 2275, 0, 17, 0.6587, 34.4581, -8.8448, -33.3036, 0.4611, 176.50
1473, 2358, 61, 77, 0.6556, 7.6341, 6.8671, 3.3351, 0.2622, 191.50
1473, 2323, 55, 86, 0.7881, 0.0000, 0.0000, 0.0000, 0.5517, 172.57
1473, 2349, 108, 82, 0.5556, 15.3749, 8.3525, -12.9083, 0.2222, 112.00
1473, 2361, 70, 26, 0.5000, 8.6999, 6.6876, -5.5646, 0.1500, 203.67
