# Enhanced Poisson Multi-Bernoulli Tracking Log
# Input: D:\khenk\Downloads\parallel_run5_2025-12-20260128T124203Z-3-001\parallel_run5_2025-12\cam0_tile0_max_iqr2.0_down32.mp4
#
# frame, track_id, x, y, existence_prob, confidence, speed, age, detections
#================================================================================
3, 1, 6, 10, 0.9345, 0.5673, 10.0585, 3, 3
3, 2, 12, 16, 0.9320, 0.5660, 5.8331, 3, 3
3, 3, 82, 35, 0.9215, 0.5608, 8.2547, 3, 3
3, 4, 62, 91, 0.8911, 0.5456, 6.2467, 3, 3
4, 2, 7, 23, 0.9960, 0.6395, 8.3657, 4, 4
4, 7, 13, 35, 0.8198, 0.5714, 13.9562, 2, 3
4, 8, 54, 32, 0.8219, 0.5726, 13.4223, 2, 3
5, 2, 2, 29, 0.9996, 0.6831, 8.3109, 5, 5
5, 5, 102, 113, 0.9996, 0.6831, 1.0218, 5, 5
5, 6, 99, 125, 0.9996, 0.6831, 2.6320, 5, 5
5, 10, 121, 3, 0.9981, 0.6947, 1.0064, 3, 4
5, 11, 126, 112, 0.9980, 0.6946, 1.2807, 3, 4
6, 5, 100, 114, 0.9997, 0.7248, 1.8856, 6, 6
6, 6, 102, 126, 0.9997, 0.7248, 2.9529, 6, 6
6, 10, 122, 3, 0.9996, 0.7268, 1.0021, 4, 5
6, 11, 127, 113, 0.9996, 0.7268, 1.2258, 4, 5
6, 12, 27, 127, 0.9980, 0.6947, 1.7374, 3, 4
7, 5, 99, 114, 0.9997, 0.7664, 1.3031, 7, 7
7, 6, 104, 127, 0.9997, 0.7664, 2.4504, 7, 7
7, 10, 123, 3, 0.9997, 0.7623, 0.9996, 5, 6
7, 11, 127, 101, 0.5621, 0.4724, 10.4190, 5, 6
7, 12, 28, 127, 0.9996, 0.7268, 1.2421, 4, 5
7, 13, 9, 9, 0.9979, 0.6946, 1.3122, 3, 4
8, 9, 87, 37, 0.9997, 0.6613, 1.2727, 8, 7
8, 5, 97, 114, 0.9997, 0.8081, 1.7648, 8, 8
8, 10, 125, 4, 0.9997, 0.7998, 1.9227, 6, 7
8, 12, 30, 127, 0.9997, 0.7623, 1.7490, 5, 6
8, 13, 10, 9, 0.9996, 0.7268, 1.0456, 4, 5
8, 14, 81, 35, 0.9604, 0.6722, 7.0387, 3, 4
9, 9, 88, 37, 0.9997, 0.7040, 0.9765, 9, 8
9, 5, 96, 115, 0.9997, 0.8497, 1.4445, 9, 9
9, 10, 126, 4, 0.9997, 0.8384, 1.3249, 7, 8
9, 12, 30, 127, 0.9996, 0.7998, 0.4868, 6, 7
9, 13, 11, 8, 0.9997, 0.7623, 1.2363, 5, 6
10, 4, 74, 90, 0.9953, 0.6067, 6.6516, 10, 8
10, 5, 95, 115, 0.9997, 0.8914, 1.0229, 10, 10
10, 10, 127, 4, 0.9997, 0.8779, 1.0000, 8, 9
10, 12, 28, 127, 0.9995, 0.8383, 2.3610, 7, 8
10, 13, 12, 8, 0.9997, 0.7998, 1.0250, 6, 7
11, 9, 89, 38, 0.9997, 0.7888, 1.0098, 11, 10
11, 5, 93, 116, 0.9997, 0.9331, 1.8836, 11, 11
11, 12, 15, 122, 0.7845, 0.7105, 12.5359, 8, 9
11, 13, 13, 8, 0.9997, 0.8385, 0.9975, 7, 8
12, 9, 90, 38, 0.9997, 0.8310, 1.0409, 12, 11
12, 5, 93, 116, 0.9996, 0.9747, 0.5721, 12, 12
12, 13, 14, 6, 0.9996, 0.8778, 1.7914, 8, 9
12, 17, 30, 80, 0.8461, 0.5865, 4.8137, 2, 3
13, 5, 91, 117, 0.9997, 1.0000, 1.6522, 13, 13
13, 16, 73, 98, 0.9879, 0.5939, 4.3368, 5, 5
14, 9, 92, 39, 0.9996, 0.9152, 1.6550, 14, 13
14, 4, 72, 95, 0.9725, 0.5550, 6.3147, 14, 11
14, 5, 89, 117, 0.9997, 1.0000, 2.0309, 14, 14
14, 15, 18, 80, 0.9997, 0.6831, 1.4506, 8, 8
15, 9, 93, 38, 0.9996, 0.9572, 1.3806, 15, 14
15, 5, 88, 118, 0.9997, 1.0000, 1.5172, 15, 15
15, 15, 28, 76, 0.9508, 0.6942, 9.3668, 9, 9
16, 9, 94, 40, 0.9996, 0.9991, 1.6154, 16, 15
16, 5, 86, 118, 0.9997, 1.0000, 1.7555, 16, 16
16, 20, 26, 10, 0.9511, 0.6667, 14.6846, 3, 4
16, 21, 14, 22, 0.7676, 0.5413, 11.2314, 2, 3
17, 9, 95, 40, 0.9997, 1.0000, 1.1142, 17, 16
17, 5, 85, 119, 0.9997, 1.0000, 1.4451, 17, 17
17, 22, 20, 7, 0.9970, 0.6941, 0.9468, 3, 4
18, 9, 96, 40, 0.9997, 1.0000, 0.9841, 18, 17
18, 5, 84, 119, 0.9997, 1.0000, 1.0135, 18, 18
18, 22, 21, 6, 0.9996, 0.7268, 1.2835, 4, 5
19, 9, 97, 41, 0.9997, 1.0000, 1.2160, 19, 18
19, 5, 82, 120, 0.9997, 1.0000, 1.8790, 19, 19
19, 18, 13, 31, 0.9997, 0.6831, 1.9223, 8, 8
19, 22, 22, 6, 0.9997, 0.7623, 1.0269, 5, 6
20, 9, 98, 41, 0.9997, 1.0000, 1.0351, 20, 19
20, 5, 81, 120, 0.9997, 1.0000, 1.3029, 20, 20
20, 18, 14, 31, 0.9997, 0.7248, 1.2839, 9, 9
20, 22, 24, 6, 0.9997, 0.7998, 1.7672, 6, 7
21, 9, 99, 41, 0.9997, 1.0000, 1.0009, 21, 20
21, 5, 79, 121, 0.9997, 1.0000, 1.9177, 21, 21
21, 18, 16, 31, 0.9997, 0.7664, 1.7475, 10, 10
21, 22, 25, 6, 0.9997, 0.8384, 1.2983, 7, 8
22, 9, 100, 42, 0.9997, 1.0000, 1.2354, 22, 21
22, 5, 78, 121, 0.9997, 1.0000, 1.2762, 22, 22
22, 18, 17, 31, 0.9997, 0.8081, 1.2497, 11, 11
22, 26, 6, 115, 0.9980, 0.6946, 1.8977, 3, 4
23, 9, 101, 42, 0.9997, 1.0000, 1.0376, 23, 22
23, 5, 77, 121, 0.9997, 1.0000, 0.9846, 23, 23
23, 18, 19, 31, 0.9997, 0.8498, 1.7501, 12, 12
23, 26, 7, 115, 0.9996, 0.7268, 1.2758, 4, 5
24, 5, 76, 121, 0.9997, 1.0000, 0.9583, 24, 24
24, 18, 21, 30, 0.9997, 0.8914, 2.1541, 13, 13
24, 26, 8, 115, 0.9997, 0.7623, 0.9851, 5, 6
24, 27, 84, 99, 0.9744, 0.7110, 8.2694, 4, 5
25, 9, 103, 41, 0.9996, 1.0000, 1.6775, 25, 24
25, 5, 74, 121, 0.9997, 1.0000, 1.7500, 25, 25
25, 18, 22, 30, 0.9997, 0.9331, 1.3113, 14, 14
25, 25, 28, 88, 0.9997, 0.6831, 1.0349, 8, 8
25, 30, 15, 115, 0.9981, 0.6947, 1.4453, 3, 4
26, 9, 104, 43, 0.9996, 1.0000, 1.7773, 26, 25
26, 5, 73, 121, 0.9997, 1.0000, 1.2927, 26, 26
26, 18, 24, 30, 0.9997, 0.9747, 1.7221, 15, 15
26, 25, 29, 89, 0.9997, 0.7248, 1.2244, 9, 9
26, 26, 9, 114, 0.9997, 0.8384, 1.0446, 7, 8
26, 30, 12, 111, 0.9984, 0.7261, 4.4176, 4, 5
26, 32, 120, 98, 0.9980, 0.6946, 1.9270, 3, 4
27, 9, 105, 43, 0.9997, 1.0000, 1.1948, 27, 26
27, 5, 72, 120, 0.9997, 1.0000, 1.2589, 27, 27
27, 18, 25, 30, 0.9997, 1.0000, 1.2360, 16, 16
27, 22, 31, 4, 0.9997, 0.6831, 1.5162, 13, 13
27, 25, 31, 89, 0.9997, 0.7664, 1.7781, 10, 10
27, 26, 8, 115, 0.9996, 0.8778, 0.7076, 8, 9
28, 9, 106, 44, 0.9997, 1.0000, 1.2658, 28, 27
28, 5, 71, 120, 0.9997, 1.0000, 1.0014, 28, 28
28, 18, 27, 29, 0.9997, 1.0000, 1.9015, 17, 17
28, 22, 32, 4, 0.9997, 0.7248, 1.2662, 14, 14
28, 25, 32, 90, 0.9997, 0.8081, 1.4938, 11, 11
28, 26, 5, 114, 0.9994, 0.9176, 3.3911, 9, 10
28, 28, 116, 118, 0.9996, 0.6831, 1.7904, 8, 8
28, 34, 54, 33, 0.9981, 0.6947, 0.7315, 3, 4
29, 9, 107, 44, 0.9997, 1.0000, 1.0089, 29, 28
29, 5, 70, 120, 0.9997, 1.0000, 0.9837, 29, 29
29, 18, 29, 29, 0.9997, 1.0000, 2.0365, 18, 18
29, 22, 33, 3, 0.9997, 0.7664, 1.2707, 15, 15
29, 25, 33, 90, 0.9997, 0.8498, 1.0314, 12, 12
29, 28, 117, 119, 0.9997, 0.7248, 1.4598, 9, 9
29, 34, 55, 33, 0.9996, 0.7268, 1.0058, 4, 5
30, 9, 108, 45, 0.9997, 1.0000, 1.2370, 30, 29
30, 5, 69, 120, 0.9997, 1.0000, 1.0008, 30, 30
30, 18, 30, 29, 0.9997, 1.0000, 1.2787, 19, 19
30, 22, 34, 3, 0.9997, 0.8081, 1.0143, 16, 16
30, 25, 34, 91, 0.9997, 0.8914, 1.2168, 13, 13
30, 28, 119, 120, 0.9997, 0.7664, 2.0152, 10, 10
30, 36, 8, 40, 0.7641, 0.5393, 17.6219, 2, 3
31, 9, 109, 45, 0.9997, 1.0000, 1.0314, 31, 30
31, 5, 68, 119, 0.9997, 1.0000, 1.2505, 31, 31
31, 18, 32, 29, 0.9997, 1.0000, 1.7227, 20, 20
31, 22, 36, 2, 0.9997, 0.8497, 1.9096, 17, 17
31, 25, 35, 91, 0.9997, 0.9331, 1.0150, 14, 14
32, 9, 110, 45, 0.9997, 1.0000, 1.0010, 32, 31
32, 5, 67, 119, 0.9997, 1.0000, 1.0426, 32, 32
32, 18, 34, 29, 0.9997, 1.0000, 1.9992, 21, 21
32, 22, 37, 2, 0.9997, 0.8914, 1.3143, 18, 18
32, 25, 26, 95, 0.8824, 0.8721, 9.0103, 15, 15
32, 30, 18, 116, 0.9997, 0.6831, 0.9531, 10, 10
33, 9, 111, 46, 0.9997, 1.0000, 1.2342, 33, 32
33, 5, 66, 118, 0.9997, 1.0000, 1.2599, 33, 33
33, 18, 36, 28, 0.9997, 1.0000, 2.1785, 22, 22
33, 22, 38, 2, 0.9997, 0.9331, 1.0017, 19, 19
33, 25, 15, 99, 0.9929, 1.0000, 11.5160, 16, 16
33, 30, 20, 116, 0.9997, 0.7248, 1.7427, 11, 11
33, 34, 53, 42, 0.7073, 0.4536, 9.5095, 8, 8
33, 37, 86, 104, 0.9981, 0.6947, 1.0064, 3, 4
34, 9, 112, 46, 0.9997, 1.0000, 1.0379, 34, 33
34, 5, 65, 118, 0.9997, 1.0000, 1.0307, 34, 34
34, 18, 37, 28, 0.9997, 1.0000, 1.2856, 23, 23
34, 22, 39, 1, 0.9997, 0.9747, 1.1993, 20, 20
34, 26, 15, 115, 0.9996, 0.6831, 2.4967, 15, 15
34, 30, 21, 116, 0.9997, 0.7664, 1.2908, 12, 12
34, 38, 112, 27, 0.9980, 0.6946, 1.0797, 3, 4
34, 39, 39, 92, 0.8540, 0.5911, 15.6150, 2, 3
35, 9, 113, 47, 0.9997, 1.0000, 1.2588, 35, 34
35, 5, 64, 118, 0.9997, 1.0000, 1.0001, 35, 35
35, 18, 39, 28, 0.9997, 1.0000, 1.7083, 24, 24
35, 22, 40, 1, 0.9997, 1.0000, 1.0223, 21, 21
35, 26, 16, 115, 0.9997, 0.7248, 1.5920, 16, 16
35, 30, 23, 116, 0.9997, 0.8081, 1.7666, 13, 13
35, 38, 114, 19, 0.9828, 0.7163, 6.8871, 4, 5
36, 9, 114, 47, 0.9997, 1.0000, 1.0311, 36, 35
36, 5, 63, 118, 0.9997, 1.0000, 1.0009, 36, 36
36, 18, 41, 28, 0.9997, 1.0000, 1.9982, 25, 25
36, 22, 42, 1, 0.9997, 1.0000, 1.7638, 22, 22
36, 26, 19, 115, 0.9997, 0.7664, 2.5320, 17, 17
36, 28, 119, 122, 0.9784, 0.6600, 6.7629, 16, 15
36, 30, 24, 115, 0.9997, 0.8497, 1.4654, 14, 14
37, 9, 116, 47, 0.9997, 1.0000, 1.7640, 37, 36
37, 5, 62, 117, 0.9997, 1.0000, 1.2500, 37, 37
37, 18, 42, 28, 0.9997, 1.0000, 1.2779, 26, 26
37, 22, 43, 1, 0.9997, 1.0000, 1.2947, 23, 23
37, 26, 20, 115, 0.9997, 0.8081, 1.5028, 18, 18
37, 30, 25, 115, 0.9997, 0.8914, 1.0263, 15, 15
37, 37, 98, 104, 0.8688, 0.5344, 9.6802, 7, 7
38, 9, 117, 48, 0.9997, 1.0000, 1.4795, 38, 37
38, 18, 44, 27, 0.9997, 1.0000, 1.8861, 27, 27
38, 22, 44, 0, 0.9997, 1.0000, 1.2498, 24, 24
38, 26, 22, 115, 0.9997, 0.8498, 1.7325, 19, 19
38, 30, 27, 115, 0.9997, 0.9331, 1.7212, 16, 16
38, 37, 114, 102, 0.9687, 0.6247, 14.9971, 8, 8
38, 40, 61, 52, 0.9996, 0.7268, 1.4743, 4, 5
39, 9, 118, 48, 0.9997, 1.0000, 1.0379, 39, 38
39, 18, 46, 27, 0.9997, 1.0000, 2.0216, 28, 28
39, 26, 24, 115, 0.9997, 0.8914, 1.9704, 20, 20
39, 30, 28, 115, 0.9997, 0.9747, 1.2786, 17, 17
40, 9, 119, 48, 0.9997, 1.0000, 0.9574, 40, 39
40, 18, 47, 27, 0.9997, 1.0000, 1.2763, 29, 29
40, 22, 54, 4, 0.8839, 0.9839, 9.8637, 26, 26
40, 26, 26, 115, 0.9997, 0.9331, 2.0277, 21, 21
40, 30, 30, 115, 0.9997, 1.0000, 1.7649, 18, 18
40, 41, 124, 117, 0.7364, 0.5234, 17.1337, 2, 3
41, 9, 120, 49, 0.9997, 1.0000, 1.2213, 41, 40
41, 18, 49, 27, 0.9997, 1.0000, 1.7241, 30, 30
41, 26, 28, 115, 0.9997, 0.9747, 2.0149, 22, 22
41, 30, 31, 114, 0.9997, 1.0000, 1.4663, 19, 19
41, 42, 92, 108, 0.9950, 0.6929, 1.7497, 3, 4
42, 9, 121, 49, 0.9997, 1.0000, 1.0375, 42, 41
42, 18, 51, 28, 0.9997, 1.0000, 2.1468, 31, 31
42, 26, 30, 114, 0.9997, 1.0000, 2.1424, 23, 23
42, 42, 93, 109, 0.9995, 0.7268, 1.3954, 4, 5
42, 43, 16, 45, 0.9871, 0.6881, 1.4652, 3, 4
42, 44, 48, 53, 0.9878, 0.6885, 2.2747, 3, 4
43, 9, 122, 50, 0.9997, 1.0000, 1.2603, 43, 42
43, 5, 56, 115, 0.9997, 0.6791, 1.0000, 43, 42
43, 18, 52, 28, 0.9997, 1.0000, 1.3093, 32, 32
43, 26, 32, 114, 0.9997, 1.0000, 2.0197, 24, 24
43, 42, 94, 109, 0.9997, 0.7623, 0.9843, 5, 6
43, 47, 12, 0, 0.9981, 0.6947, 1.0059, 3, 4
43, 48, 109, 123, 0.9142, 0.6257, 8.2712, 2, 3
44, 9, 123, 50, 0.9997, 1.0000, 1.0320, 44, 43
44, 5, 55, 114, 0.9997, 0.7205, 1.2342, 44, 43
44, 18, 54, 28, 0.9997, 1.0000, 1.7236, 33, 33
44, 26, 34, 114, 0.9997, 1.0000, 1.9992, 25, 25
44, 42, 95, 110, 0.9997, 0.7998, 1.2100, 6, 7
44, 51, 112, 123, 0.9945, 0.6925, 1.6034, 3, 4
44, 52, 24, 0, 0.7755, 0.5459, 17.3440, 2, 3
45, 9, 124, 50, 0.9997, 1.0000, 1.0001, 45, 44
45, 5, 54, 114, 0.9997, 0.7620, 1.0377, 45, 44
45, 18, 55, 28, 0.9997, 1.0000, 1.2368, 34, 34
45, 26, 36, 113, 0.9997, 1.0000, 2.1260, 26, 26
45, 42, 95, 111, 0.9997, 0.8384, 1.0364, 7, 8
45, 47, 13, 1, 0.9997, 0.7623, 1.0414, 5, 6
45, 51, 113, 123, 0.9994, 0.7267, 0.5458, 4, 5
46, 9, 126, 51, 0.9997, 1.0000, 1.9056, 46, 45
46, 5, 42, 111, 0.8350, 0.6876, 11.1689, 46, 45
46, 18, 57, 28, 0.9997, 1.0000, 1.7486, 35, 35
46, 26, 37, 112, 0.9997, 1.0000, 1.6151, 27, 27
46, 49, 58, 95, 0.9619, 0.6015, 8.6219, 8, 7
46, 42, 95, 110, 0.9996, 0.8778, 0.4875, 8, 9
46, 47, 14, 1, 0.9997, 0.7998, 1.0415, 6, 7
47, 9, 127, 51, 0.9997, 1.0000, 1.3213, 47, 46
47, 18, 59, 28, 0.9997, 1.0000, 2.0154, 36, 36
47, 26, 39, 111, 0.9997, 1.0000, 2.0082, 28, 28
47, 40, 72, 55, 0.9992, 0.6694, 1.5755, 13, 12
47, 49, 49, 100, 0.9982, 0.6629, 10.1131, 9, 8
47, 42, 96, 111, 0.9996, 0.9178, 0.8310, 9, 10
47, 47, 15, 1, 0.9997, 0.8385, 1.0425, 7, 8
48, 9, 118, 45, 0.6153, 0.7114, 9.7616, 48, 47
48, 18, 60, 28, 0.9997, 1.0000, 1.2786, 37, 37
48, 26, 40, 111, 0.9997, 1.0000, 1.2614, 29, 29
48, 49, 42, 113, 0.9751, 0.6912, 14.7774, 10, 9
48, 42, 98, 112, 0.9996, 0.9580, 2.0649, 10, 11
48, 47, 16, 1, 0.9997, 0.8779, 1.0172, 8, 9
48, 55, 28, 0, 0.7162, 0.5118, 10.4901, 2, 3
48, 56, 76, 37, 0.6411, 0.4687, 13.6621, 2, 3
49, 18, 62, 28, 0.9997, 1.0000, 1.7222, 38, 38
49, 26, 41, 110, 0.9997, 1.0000, 1.2134, 30, 30
49, 42, 99, 113, 0.9997, 0.9986, 1.7309, 11, 12
49, 47, 17, 2, 0.9997, 0.9178, 1.2486, 9, 10
50, 18, 64, 29, 0.9997, 1.0000, 2.1401, 39, 39
50, 26, 43, 110, 0.9997, 1.0000, 1.7401, 31, 31
50, 42, 100, 113, 0.9997, 1.0000, 1.0508, 12, 13
50, 47, 18, 2, 0.9997, 0.9581, 1.0394, 10, 11
51, 18, 65, 29, 0.9997, 1.0000, 1.3092, 40, 40
51, 26, 44, 110, 0.9997, 1.0000, 1.2787, 32, 32
51, 42, 100, 114, 0.9997, 1.0000, 0.7336, 13, 14
51, 47, 19, 2, 0.9997, 0.9986, 0.9991, 11, 12
51, 53, 121, 108, 0.9945, 0.6801, 2.4172, 8, 8
51, 60, 8, 56, 0.9981, 0.6947, 1.0059, 3, 4
51, 61, 77, 33, 0.8619, 0.5956, 4.5728, 2, 3
51, 62, 48, 112, 0.8645, 0.5971, 4.0416, 2, 3
52, 18, 67, 30, 0.9997, 1.0000, 1.8854, 41, 41
52, 26, 45, 109, 0.9997, 1.0000, 1.2355, 33, 33
52, 42, 101, 114, 0.9997, 1.0000, 0.7265, 14, 15
52, 47, 20, 2, 0.9997, 1.0000, 1.0009, 12, 13
52, 53, 122, 108, 0.9995, 0.7247, 1.4573, 9, 9
52, 61, 77, 19, 0.6494, 0.4869, 13.1011, 3, 4
52, 63, 124, 124, 0.9963, 0.6937, 1.9201, 3, 4
53, 18, 69, 30, 0.9997, 1.0000, 2.0155, 42, 42
53, 26, 47, 110, 0.9996, 1.0000, 1.7905, 34, 34
53, 42, 102, 115, 0.9997, 1.0000, 1.2487, 15, 16
53, 47, 21, 3, 0.9997, 1.0000, 1.2487, 13, 14
53, 53, 124, 108, 0.9997, 0.7664, 1.7408, 10, 10
53, 63, 124, 124, 0.9995, 0.7268, 0.7288, 4, 5
54, 18, 70, 30, 0.9997, 1.0000, 1.2765, 43, 43
54, 42, 103, 115, 0.9997, 1.0000, 1.0751, 16, 17
54, 47, 22, 3, 0.9997, 1.0000, 1.0417, 14, 15
54, 53, 126, 109, 0.9997, 0.8081, 2.1109, 11, 11
54, 59, 117, 106, 0.9997, 0.6831, 1.6269, 7, 7
54, 63, 127, 124, 0.9996, 0.7622, 2.2905, 5, 6
55, 18, 72, 31, 0.9997, 1.0000, 1.8685, 44, 44
55, 26, 45, 110, 0.9997, 1.0000, 1.1122, 36, 36
55, 42, 104, 116, 0.9997, 1.0000, 1.2645, 17, 18
55, 47, 23, 3, 0.9997, 1.0000, 1.0000, 15, 16
55, 53, 127, 109, 0.9997, 0.8497, 1.2976, 12, 12
55, 59, 119, 107, 0.9997, 0.7248, 2.0287, 8, 8
55, 65, 51, 108, 0.8107, 0.5830, 18.3250, 3, 4
56, 18, 73, 31, 0.9997, 1.0000, 1.2669, 45, 45
56, 26, 44, 110, 0.9997, 1.0000, 1.1521, 37, 37
56, 42, 104, 117, 0.9997, 1.0000, 1.0411, 18, 19
56, 47, 24, 3, 0.9997, 1.0000, 1.0009, 16, 17
56, 53, 121, 108, 0.9955, 0.8881, 5.2091, 13, 13
56, 67, 2, 6, 0.9980, 0.6946, 0.7813, 3, 4
57, 18, 75, 32, 0.9997, 1.0000, 1.9085, 46, 46
57, 42, 105, 117, 0.9997, 1.0000, 0.7584, 19, 20
57, 47, 25, 4, 0.9997, 1.0000, 1.2486, 17, 18
57, 64, 60, 115, 0.9996, 0.6831, 1.2657, 8, 8
58, 18, 76, 32, 0.9997, 1.0000, 1.2765, 47, 47
58, 26, 52, 108, 0.9805, 1.0000, 7.8518, 39, 39
58, 42, 106, 118, 0.9997, 1.0000, 1.2327, 20, 21
58, 47, 26, 4, 0.9997, 1.0000, 1.0417, 18, 19
58, 64, 63, 115, 0.9996, 0.7248, 2.4682, 9, 9
58, 67, 3, 6, 0.9997, 0.7623, 0.7507, 5, 6
58, 68, 119, 127, 0.9981, 0.6947, 2.0118, 3, 4
58, 69, 33, 18, 0.9012, 0.6182, 13.0269, 2, 3
59, 18, 78, 33, 0.9997, 1.0000, 1.9040, 48, 48
59, 26, 66, 114, 0.9427, 1.0000, 13.7645, 40, 40
59, 42, 107, 119, 0.9997, 1.0000, 1.4441, 21, 22
59, 47, 27, 4, 0.9997, 1.0000, 1.0000, 19, 20
59, 64, 71, 122, 0.9786, 0.7524, 9.7559, 10, 10
59, 68, 121, 127, 0.9996, 0.7268, 2.0017, 4, 5
60, 18, 80, 33, 0.9997, 1.0000, 2.0294, 49, 49
60, 26, 82, 121, 0.9961, 1.0000, 16.6440, 41, 41
60, 42, 108, 119, 0.9997, 1.0000, 1.0533, 22, 23
60, 47, 28, 4, 0.9997, 1.0000, 1.0009, 20, 21
60, 67, 4, 6, 0.9997, 0.8384, 0.7505, 7, 8
60, 68, 123, 127, 0.9997, 0.7623, 1.9989, 5, 6
60, 71, 97, 0, 0.9980, 0.6947, 1.7374, 3, 4
60, 72, 53, 118, 0.7900, 0.5543, 5.4729, 2, 3
61, 18, 82, 34, 0.9997, 1.0000, 2.1751, 50, 50
61, 26, 107, 121, 0.5991, 0.6991, 24.5973, 42, 42
61, 47, 29, 5, 0.9997, 1.0000, 1.2486, 21, 22
61, 59, 127, 114, 0.9997, 0.6706, 1.5970, 14, 13
61, 67, 4, 7, 0.9997, 0.8779, 0.8060, 8, 9
61, 68, 125, 127, 0.9997, 0.7998, 1.9993, 6, 7
61, 71, 99, 0, 0.9996, 0.7268, 2.0066, 4, 5
61, 73, 21, 56, 0.9978, 0.6945, 1.7957, 3, 4
61, 74, 90, 101, 0.9972, 0.6942, 0.8677, 3, 4
62, 18, 83, 34, 0.9997, 1.0000, 1.2747, 51, 51
62, 23, 87, 31, 0.9997, 1.0000, 0.7639, 46, 45
62, 47, 30, 5, 0.9997, 1.0000, 1.0417, 22, 23
62, 59, 125, 106, 0.9618, 0.6891, 7.5167, 15, 14
62, 67, 4, 6, 0.9996, 0.9178, 0.4715, 9, 10
62, 68, 127, 127, 0.9997, 0.8385, 1.9999, 7, 8
62, 71, 100, 0, 0.9997, 0.7623, 1.2768, 5, 6
62, 73, 22, 56, 0.9996, 0.7268, 1.2927, 4, 5
62, 74, 93, 102, 0.9995, 0.7268, 2.4019, 4, 5
62, 76, 60, 108, 0.9979, 0.6946, 1.3122, 3, 4
63, 18, 85, 34, 0.9997, 1.0000, 1.7075, 52, 52
63, 23, 87, 30, 0.9996, 1.0000, 0.4721, 47, 46
63, 47, 31, 5, 0.9997, 1.0000, 1.0000, 23, 24
63, 67, 7, 7, 0.9995, 0.9579, 2.2990, 10, 11
63, 68, 123, 121, 0.9886, 0.8693, 6.3088, 8, 9
63, 71, 102, 0, 0.9997, 0.7998, 1.7228, 6, 7
63, 73, 23, 56, 0.9997, 0.7623, 0.9999, 5, 6
63, 74, 95, 103, 0.9997, 0.7623, 2.4929, 5, 6
63, 76, 62, 108, 0.9996, 0.7268, 1.8102, 4, 5
63, 77, 74, 20, 0.9980, 0.6947, 1.0347, 3, 4
63, 78, 75, 116, 0.9980, 0.6947, 2.7752, 3, 4
64, 18, 87, 35, 0.9997, 1.0000, 2.1242, 53, 53
64, 47, 32, 4, 0.9997, 1.0000, 1.2841, 24, 25
64, 71, 103, 0, 0.9997, 0.8384, 1.2357, 7, 8
64, 73, 25, 55, 0.9997, 0.7998, 1.8762, 6, 7
64, 76, 64, 108, 0.9997, 0.7623, 2.0276, 5, 6
64, 77, 76, 26, 0.9981, 0.7259, 5.5833, 4, 5
64, 78, 77, 116, 0.9996, 0.7268, 2.2927, 4, 5
64, 79, 1, 80, 0.8302, 0.5774, 4.1645, 2, 3
65, 18, 89, 35, 0.9997, 1.0000, 2.0606, 54, 54
65, 47, 32, 5, 0.9996, 1.0000, 0.5134, 25, 26
65, 70, 86, 104, 0.9997, 0.6656, 2.5866, 10, 9
65, 71, 105, 0, 0.9997, 0.8779, 1.7485, 8, 9
65, 73, 26, 55, 0.9997, 0.8384, 1.3079, 7, 8
65, 76, 65, 108, 0.9997, 0.7998, 1.2743, 6, 7
65, 77, 90, 32, 0.5847, 0.4874, 14.0090, 5, 6
65, 78, 79, 116, 0.9997, 0.7623, 1.9989, 5, 6
66, 18, 90, 36, 0.9997, 1.0000, 1.4674, 55, 55
66, 42, 113, 123, 0.9997, 0.6831, 1.2358, 28, 28
66, 47, 33, 6, 0.9997, 1.0000, 1.2712, 26, 27
66, 71, 106, 0, 0.9997, 0.9178, 1.2515, 9, 10
66, 73, 27, 55, 0.9997, 0.8779, 1.0000, 8, 9
66, 76, 67, 107, 0.9997, 0.8384, 1.8809, 7, 8
66, 78, 81, 116, 0.9997, 0.7998, 1.9569, 6, 7
66, 80, 37, 105, 0.9996, 0.7268, 1.0396, 4, 5
66, 81, 61, 7, 0.8748, 0.6030, 8.9375, 2, 3
67, 18, 92, 36, 0.9997, 1.0000, 1.7268, 56, 56
67, 42, 114, 124, 0.9997, 0.7248, 1.4120, 29, 29
67, 47, 35, 6, 0.9996, 1.0000, 1.7958, 27, 28
67, 71, 108, 0, 0.9997, 0.9581, 1.7508, 10, 11
67, 73, 31, 57, 0.9993, 0.9175, 4.3114, 9, 10
67, 76, 68, 107, 0.9997, 0.8779, 1.2685, 8, 9
67, 78, 84, 116, 0.9997, 0.8384, 2.7476, 7, 8
67, 80, 37, 104, 0.9997, 0.7623, 1.0302, 5, 6
68, 18, 94, 36, 0.9997, 1.0000, 1.9977, 57, 57
68, 47, 36, 6, 0.9997, 1.0000, 1.3346, 28, 29
68, 71, 110, 0, 0.9997, 0.9986, 2.0140, 11, 12
68, 73, 46, 55, 0.8303, 0.8127, 13.7156, 10, 11
68, 76, 71, 95, 0.7636, 0.7246, 10.9862, 9, 10
68, 78, 86, 116, 0.9997, 0.8779, 2.2919, 8, 9
68, 80, 37, 105, 0.9996, 0.7997, 0.4860, 6, 7
69, 18, 97, 36, 0.9997, 1.0000, 2.8059, 58, 58
69, 42, 115, 124, 0.9997, 0.8081, 0.7089, 31, 31
69, 47, 37, 6, 0.9997, 1.0000, 1.0180, 29, 30
69, 67, 9, 8, 0.9997, 0.6831, 0.7709, 16, 16
69, 71, 111, 0, 0.9997, 1.0000, 1.2778, 12, 13
69, 76, 76, 80, 0.9560, 0.9205, 15.6832, 10, 11
69, 78, 88, 116, 0.9997, 0.9178, 2.0024, 9, 10
69, 80, 35, 102, 0.9995, 0.8383, 2.4597, 7, 8
69, 81, 77, 25, 0.8942, 0.4577, 10.4253, 5, 5
70, 42, 116, 125, 0.9997, 0.8497, 1.2255, 32, 32
70, 67, 10, 9, 0.9997, 0.7248, 1.2616, 17, 17
70, 71, 113, 0, 0.9997, 1.0000, 1.7221, 13, 14
70, 78, 91, 116, 0.9997, 0.9580, 2.7223, 10, 11
70, 80, 35, 102, 0.9996, 0.8778, 0.9982, 8, 9
71, 42, 116, 126, 0.9997, 0.8914, 1.0770, 33, 33
71, 47, 39, 7, 0.9996, 1.0000, 1.6427, 31, 32
71, 67, 10, 9, 0.9997, 0.7664, 0.4015, 18, 18
71, 70, 108, 108, 0.9997, 0.6613, 1.3532, 16, 14
71, 71, 115, 0, 0.9997, 1.0000, 1.9992, 14, 15
71, 78, 93, 116, 0.9997, 0.9986, 2.2755, 11, 12
71, 84, 34, 54, 0.9975, 0.6943, 1.6102, 3, 4
71, 85, 97, 106, 0.9975, 0.6944, 2.3660, 3, 4
72, 42, 118, 127, 0.9996, 0.9330, 1.8261, 34, 34
72, 47, 40, 7, 0.9997, 1.0000, 1.3242, 32, 33
72, 67, 11, 9, 0.9997, 0.8081, 0.7210, 19, 19
72, 70, 110, 108, 0.9997, 0.7027, 1.7376, 17, 15
72, 71, 117, 0, 0.9997, 1.0000, 2.0402, 15, 16
72, 78, 95, 116, 0.9997, 1.0000, 1.9999, 12, 13
72, 80, 34, 101, 0.9997, 0.9580, 0.9448, 10, 11
72, 84, 36, 53, 0.9996, 0.7268, 1.9585, 4, 5
72, 85, 99, 106, 0.9996, 0.7268, 2.0963, 4, 5
72, 87, 14, 57, 0.9977, 0.6945, 0.6135, 3, 4
73, 47, 41, 8, 0.9997, 1.0000, 1.2950, 33, 34
73, 70, 112, 109, 0.9997, 0.7442, 2.1526, 18, 16
73, 71, 118, 0, 0.9997, 1.0000, 1.2516, 16, 17
73, 78, 98, 116, 0.9997, 1.0000, 2.7237, 13, 14
73, 84, 37, 53, 0.9997, 0.7623, 1.2472, 5, 6
73, 88, 15, 78, 0.9958, 0.6933, 3.1627, 3, 4
74, 47, 42, 8, 0.9997, 1.0000, 1.0061, 34, 35
74, 70, 114, 110, 0.9997, 0.7857, 2.2856, 19, 17
74, 71, 120, 0, 0.9997, 1.0000, 1.7082, 17, 18
74, 78, 100, 116, 0.9997, 1.0000, 2.2764, 14, 15
74, 84, 38, 53, 0.9997, 0.7998, 0.9674, 6, 7
75, 47, 43, 8, 0.9997, 1.0000, 0.9839, 35, 36
75, 78, 103, 116, 0.9997, 1.0000, 2.7639, 15, 16
75, 84, 40, 53, 0.9997, 0.8384, 1.7196, 7, 8
76, 47, 44, 8, 0.9997, 1.0000, 0.9984, 36, 37
76, 67, 13, 10, 0.9996, 0.9747, 1.6975, 23, 23
76, 78, 105, 116, 0.9997, 1.0000, 2.2515, 16, 17
76, 84, 41, 52, 0.9997, 0.8779, 1.4831, 8, 9
77, 47, 45, 9, 0.9997, 1.0000, 1.2512, 37, 38
77, 67, 14, 10, 0.9997, 1.0000, 1.3798, 24, 24
77, 78, 108, 116, 0.9997, 1.0000, 2.7485, 17, 18
77, 84, 42, 52, 0.9997, 0.9178, 1.0437, 9, 10
77, 89, 111, 41, 0.9997, 0.6831, 2.1521, 8, 8
77, 90, 85, 108, 0.9997, 0.6831, 1.8783, 7, 7
78, 47, 46, 9, 0.9997, 1.0000, 1.0428, 38, 39
78, 78, 110, 116, 0.9997, 1.0000, 2.2492, 18, 19
78, 85, 109, 109, 0.9997, 0.6831, 1.4350, 10, 10
78, 89, 113, 41, 0.9997, 0.7248, 2.0306, 9, 9
78, 90, 87, 108, 0.9997, 0.7248, 2.0201, 8, 8
78, 93, 17, 77, 0.6639, 0.4818, 5.7322, 2, 3
79, 47, 47, 9, 0.9997, 1.0000, 1.0001, 39, 40
79, 67, 15, 10, 0.9997, 1.0000, 0.6809, 26, 26
79, 78, 113, 116, 0.9997, 1.0000, 2.7499, 19, 20
79, 85, 111, 109, 0.9997, 0.7248, 1.7293, 11, 11
79, 89, 115, 42, 0.9997, 0.7664, 2.1371, 10, 10
79, 90, 89, 108, 0.9997, 0.7665, 2.0410, 9, 9
79, 92, 30, 28, 0.8439, 0.5571, 8.8138, 6, 6
80, 47, 48, 9, 0.9997, 1.0000, 1.0008, 40, 41
80, 70, 126, 114, 0.9997, 0.6621, 2.1246, 25, 22
80, 78, 115, 116, 0.9997, 1.0000, 2.2501, 20, 21
80, 85, 113, 110, 0.9997, 0.7664, 2.1399, 12, 12
80, 89, 117, 42, 0.9997, 0.8081, 2.0144, 11, 11
80, 90, 90, 108, 0.9997, 0.8081, 1.2526, 10, 10
80, 95, 92, 8, 0.9147, 0.6259, 6.6852, 2, 3
80, 96, 42, 62, 0.7568, 0.5352, 17.0311, 2, 3
81, 47, 50, 9, 0.9997, 1.0000, 1.7640, 41, 42
81, 67, 16, 11, 0.9997, 1.0000, 1.0688, 28, 28
81, 78, 118, 116, 0.9997, 1.0000, 2.7500, 21, 22
81, 85, 115, 110, 0.9997, 0.8081, 2.0576, 13, 13
81, 89, 119, 43, 0.9997, 0.8498, 2.1355, 12, 12
81, 90, 92, 108, 0.9997, 0.8498, 1.7083, 11, 11
82, 47, 51, 9, 0.9997, 1.0000, 1.2918, 42, 43
82, 67, 17, 11, 0.9997, 1.0000, 1.0595, 29, 29
82, 85, 117, 110, 0.9997, 0.8498, 2.0164, 14, 14
82, 89, 121, 43, 0.9997, 0.8914, 2.0154, 13, 13
82, 90, 94, 108, 0.9997, 0.8914, 1.9977, 12, 12
83, 47, 52, 10, 0.9997, 1.0000, 1.2598, 43, 44
83, 84, 51, 51, 0.9997, 0.6831, 2.0063, 15, 15
83, 89, 124, 44, 0.9997, 0.9331, 2.8639, 14, 14
83, 90, 96, 108, 0.9997, 0.9331, 2.0417, 13, 13
83, 95, 64, 23, 0.9468, 0.4787, 10.1361, 5, 5
84, 47, 53, 10, 0.9997, 1.0000, 1.0012, 44, 45
84, 67, 18, 11, 0.9997, 1.0000, 0.7235, 31, 31
84, 84, 52, 51, 0.9997, 0.7248, 1.3200, 16, 16
84, 89, 126, 44, 0.9997, 0.9747, 2.3054, 15, 15
84, 90, 98, 108, 0.9997, 0.9747, 2.0163, 14, 14
85, 47, 54, 10, 0.9997, 1.0000, 0.9837, 45, 46
85, 84, 54, 51, 0.9997, 0.7664, 1.7392, 17, 17
85, 90, 100, 108, 0.9997, 1.0000, 2.0001, 15, 15
86, 47, 55, 10, 0.9997, 1.0000, 1.0009, 46, 47
86, 67, 19, 12, 0.9997, 1.0000, 1.0694, 33, 33
86, 90, 101, 109, 0.9997, 1.0000, 1.4510, 16, 16
86, 98, 116, 31, 0.9981, 0.6947, 1.0378, 3, 4
87, 47, 57, 10, 0.9997, 1.0000, 1.7664, 47, 48
87, 67, 20, 12, 0.9997, 1.0000, 1.0572, 34, 34
87, 84, 56, 50, 0.9994, 0.8496, 2.7974, 19, 19
87, 90, 104, 109, 0.9996, 1.0000, 2.4884, 17, 17
87, 99, 55, 32, 0.7949, 0.5570, 8.3524, 2, 3
88, 47, 57, 9, 0.9996, 1.0000, 0.9291, 48, 49
88, 84, 58, 50, 0.9996, 0.8914, 1.8574, 20, 20
88, 90, 105, 109, 0.9997, 1.0000, 1.5279, 18, 18
88, 99, 45, 34, 0.9905, 0.6902, 9.6821, 3, 4
88, 100, 114, 7, 0.9021, 0.6187, 4.7177, 2, 3
89, 47, 59, 10, 0.9996, 1.0000, 1.5467, 49, 50
89, 67, 21, 12, 0.9997, 1.0000, 0.7235, 36, 36
89, 70, 113, 109, 0.9690, 0.6017, 10.1135, 34, 29
89, 90, 107, 109, 0.9997, 1.0000, 1.7514, 19, 19
89, 100, 109, 4, 0.9962, 0.6936, 5.1932, 3, 4
90, 47, 60, 11, 0.9997, 1.0000, 1.6361, 50, 51
90, 67, 22, 12, 0.9997, 1.0000, 0.9993, 37, 37
90, 90, 109, 109, 0.9997, 1.0000, 1.9738, 20, 20
90, 100, 105, 1, 0.9996, 0.7268, 5.1083, 4, 5
91, 47, 62, 11, 0.9997, 1.0000, 1.8212, 51, 52
91, 90, 111, 109, 0.9997, 1.0000, 2.0263, 21, 21
91, 98, 121, 31, 0.9976, 0.6404, 4.4958, 8, 8
91, 101, 4, 43, 0.9996, 0.7268, 0.7596, 4, 5
92, 47, 63, 11, 0.9997, 1.0000, 1.2658, 52, 53
92, 67, 23, 13, 0.9997, 1.0000, 1.0540, 39, 39
92, 90, 113, 109, 0.9997, 1.0000, 2.0139, 22, 22
92, 101, 5, 43, 0.9997, 0.7623, 0.7641, 5, 6
92, 102, 11, 40, 0.7411, 0.5261, 15.8221, 2, 3
92, 103, 16, 28, 0.8895, 0.6115, 12.2137, 2, 3
93, 47, 64, 11, 0.9997, 1.0000, 0.9879, 53, 54
93, 67, 24, 13, 0.9997, 1.0000, 1.0420, 40, 40
93, 90, 114, 109, 0.9997, 1.0000, 1.2375, 23, 23
94, 47, 65, 11, 0.9997, 1.0000, 0.9561, 54, 55
94, 90, 116, 109, 0.9997, 1.0000, 1.7067, 24, 24
94, 104, 67, 49, 0.9969, 0.6940, 2.6147, 3, 4
95, 47, 67, 11, 0.9997, 1.0000, 1.7491, 55, 56
95, 67, 25, 13, 0.9997, 1.0000, 0.7249, 42, 42
95, 90, 118, 109, 0.9997, 1.0000, 1.9992, 25, 25
95, 105, 4, 78, 0.7109, 0.5236, 13.2397, 3, 4
96, 47, 68, 11, 0.9997, 1.0000, 1.2926, 56, 57
96, 67, 26, 14, 0.9997, 1.0000, 1.2486, 43, 43
96, 90, 120, 109, 0.9997, 1.0000, 2.0425, 26, 26
96, 107, 101, 123, 0.9980, 0.6946, 1.3030, 3, 4
97, 47, 69, 11, 0.9997, 1.0000, 1.0025, 57, 58
97, 67, 26, 13, 0.9996, 1.0000, 0.5471, 44, 44
97, 90, 122, 109, 0.9997, 1.0000, 2.0163, 27, 27
97, 107, 100, 121, 0.9996, 0.7268, 1.8981, 4, 5
97, 109, 79, 32, 0.8662, 0.5981, 14.7576, 2, 3
98, 47, 71, 12, 0.9997, 1.0000, 1.8840, 58, 59
98, 67, 27, 13, 0.9997, 1.0000, 0.7793, 45, 45
98, 90, 124, 109, 0.9997, 1.0000, 2.0000, 28, 28
98, 107, 99, 119, 0.9997, 0.7623, 2.2477, 5, 6
99, 47, 72, 12, 0.9997, 1.0000, 1.3084, 59, 60
99, 67, 28, 14, 0.9997, 1.0000, 1.2336, 46, 46
99, 90, 126, 108, 0.9997, 1.0000, 2.1387, 29, 29
99, 107, 99, 118, 0.9997, 0.7998, 1.3060, 6, 7
100, 47, 73, 12, 0.9997, 1.0000, 0.9999, 60, 61
100, 67, 28, 14, 0.9997, 1.0000, 0.4214, 47, 47
100, 101, 7, 48, 0.9997, 0.6697, 0.8103, 13, 12
100, 107, 97, 117, 0.9996, 0.8384, 1.7698, 7, 8
101, 47, 74, 12, 0.9997, 1.0000, 0.9607, 61, 62
101, 67, 29, 14, 0.9997, 1.0000, 0.7238, 48, 48
101, 107, 97, 115, 0.9996, 0.8778, 1.7872, 8, 9
101, 111, 3, 123, 0.9980, 0.6947, 1.0347, 3, 4
102, 47, 76, 12, 0.9997, 1.0000, 1.7487, 62, 63
102, 67, 30, 14, 0.9997, 1.0000, 1.0008, 49, 49
102, 101, 16, 46, 0.9857, 0.7440, 7.7533, 15, 14
102, 107, 96, 114, 0.9997, 0.9178, 1.4797, 9, 10
102, 110, 24, 81, 0.9997, 0.6831, 1.0088, 7, 7
102, 111, 5, 122, 0.9996, 0.7268, 1.9027, 4, 5
103, 107, 96, 112, 0.9997, 0.9580, 1.7786, 10, 11
103, 110, 24, 80, 0.9997, 0.7248, 1.0415, 8, 8
103, 112, 41, 8, 0.7117, 0.4559, 6.4676, 5, 5
103, 111, 6, 122, 0.9997, 0.7623, 1.3125, 5, 6
103, 114, 63, 45, 0.7625, 0.5384, 12.5581, 2, 3
104, 67, 31, 14, 0.9997, 1.0000, 0.7236, 51, 51
104, 104, 75, 47, 0.9983, 0.6689, 3.6104, 13, 12
104, 107, 95, 111, 0.9997, 0.9986, 1.4519, 11, 12
104, 113, 9, 19, 0.9417, 0.5395, 5.8376, 9, 7
104, 110, 23, 80, 0.9997, 0.7664, 0.8055, 9, 9
104, 111, 7, 122, 0.9997, 0.7998, 0.9997, 6, 7
105, 67, 32, 14, 0.9997, 1.0000, 1.0000, 52, 52
105, 107, 94, 109, 0.9997, 1.0000, 2.0213, 12, 13
105, 110, 22, 79, 0.9997, 0.8081, 1.2713, 10, 10
105, 111, 9, 121, 0.9997, 0.8384, 1.8675, 7, 8
106, 67, 32, 15, 0.9997, 1.0000, 0.8133, 53, 53
106, 107, 94, 108, 0.9997, 1.0000, 1.2801, 13, 14
106, 110, 23, 78, 0.9996, 0.8497, 1.1038, 11, 11
106, 111, 10, 121, 0.9997, 0.8779, 1.3057, 8, 9
106, 117, 9, 51, 0.9914, 0.6907, 0.9939, 3, 4
107, 67, 33, 15, 0.9997, 1.0000, 0.7802, 54, 54
107, 107, 93, 106, 0.9997, 1.0000, 1.8933, 14, 15
107, 110, 23, 77, 0.9997, 0.8914, 1.0941, 12, 12
107, 117, 9, 51, 0.9994, 0.7267, 0.5896, 4, 5
107, 118, 1, 95, 0.8630, 0.5962, 11.9465, 2, 3
108, 67, 34, 15, 0.9997, 1.0000, 1.0000, 55, 55
108, 107, 92, 104, 0.9997, 1.0000, 2.2483, 15, 16
108, 108, 82, 38, 0.9775, 1.0000, 8.2632, 14, 15
108, 110, 23, 76, 0.9997, 0.9331, 1.0180, 13, 13
108, 117, 10, 52, 0.9997, 0.7623, 1.1153, 5, 6
108, 119, 84, 12, 0.9980, 0.6947, 1.2803, 3, 4
108, 120, 67, 40, 0.7485, 0.5304, 19.2414, 2, 3
109, 67, 35, 15, 0.9997, 1.0000, 1.0412, 56, 56
109, 119, 85, 12, 0.9996, 0.7268, 0.9959, 4, 5
109, 121, 126, 108, 0.9980, 0.6947, 1.0347, 3, 4
110, 110, 23, 75, 0.9997, 1.0000, 0.7061, 15, 15
110, 117, 10, 54, 0.9996, 0.8384, 1.4950, 7, 8
110, 119, 87, 13, 0.9997, 0.7623, 1.8834, 5, 6
110, 122, 0, 101, 0.9113, 0.6240, 6.4158, 2, 3
110, 123, 22, 123, 0.8223, 0.5728, 10.3660, 2, 3
111, 67, 37, 15, 0.9996, 1.0000, 1.4721, 58, 58
111, 110, 23, 74, 0.9997, 1.0000, 0.9991, 16, 16
111, 117, 11, 53, 0.9996, 0.8778, 0.7587, 8, 9
111, 119, 88, 13, 0.9997, 0.7998, 1.3091, 6, 7
111, 124, 91, 46, 0.9980, 0.6946, 1.2375, 3, 4
112, 67, 37, 15, 0.9997, 1.0000, 0.5256, 59, 59
112, 117, 11, 54, 0.9997, 0.9178, 0.5357, 9, 10
112, 119, 90, 13, 0.9997, 0.8384, 1.7641, 7, 8
112, 124, 93, 46, 0.9996, 0.7268, 1.7401, 4, 5
113, 67, 37, 16, 0.9997, 1.0000, 0.7650, 60, 60
113, 119, 91, 13, 0.9997, 0.8779, 1.2523, 8, 9
113, 124, 95, 46, 0.9997, 0.7623, 2.0407, 5, 6
114, 67, 38, 16, 0.9997, 1.0000, 0.7417, 61, 61
114, 107, 89, 96, 0.9997, 0.6831, 1.4946, 21, 21
114, 119, 93, 13, 0.9997, 0.9178, 1.7486, 9, 10
114, 124, 96, 46, 0.9997, 0.7998, 1.2938, 6, 7
114, 125, 3, 8, 0.9643, 0.6745, 1.2940, 3, 4
114, 126, 4, 103, 0.9174, 0.6275, 8.5951, 2, 3
115, 67, 39, 16, 0.9997, 1.0000, 1.0264, 62, 62
115, 107, 89, 94, 0.9997, 0.7248, 1.7839, 22, 22
115, 119, 94, 14, 0.9997, 0.9580, 1.4643, 10, 11
115, 125, 4, 8, 0.9985, 0.7262, 1.4496, 4, 5
116, 67, 40, 16, 0.9997, 1.0000, 1.0574, 63, 63
116, 107, 88, 93, 0.9997, 0.7664, 1.4579, 23, 23
116, 119, 95, 14, 0.9997, 0.9986, 1.0289, 11, 12
116, 125, 5, 8, 0.9996, 0.7623, 1.1286, 5, 6
116, 128, 89, 109, 0.6298, 0.4753, 9.3194, 3, 4
116, 129, 31, 51, 0.6607, 0.4799, 19.4704, 2, 3
117, 107, 88, 92, 0.9997, 0.8081, 1.0151, 24, 24
117, 119, 97, 14, 0.9997, 1.0000, 1.7222, 12, 13
117, 125, 6, 8, 0.9997, 0.7998, 0.9836, 6, 7
118, 67, 41, 16, 0.9997, 1.0000, 0.7067, 65, 65
118, 107, 87, 90, 0.9997, 0.8497, 1.8775, 25, 25
118, 119, 98, 15, 0.9997, 1.0000, 1.4674, 13, 14
118, 125, 7, 8, 0.9997, 0.8385, 0.9750, 7, 8
118, 130, 25, 121, 0.9980, 0.6946, 1.4232, 3, 4
119, 67, 42, 17, 0.9997, 1.0000, 1.2574, 66, 66
119, 110, 23, 68, 0.9997, 0.6686, 1.0405, 24, 22
119, 117, 14, 58, 0.9997, 0.7248, 1.0410, 16, 16
119, 119, 99, 15, 0.9997, 1.0000, 1.0380, 14, 15
119, 125, 8, 8, 0.9997, 0.8779, 0.9928, 8, 9
120, 67, 42, 17, 0.9997, 1.0000, 0.4034, 67, 67
120, 119, 101, 15, 0.9997, 1.0000, 1.7237, 15, 16
120, 125, 9, 8, 0.9997, 0.9178, 1.0009, 9, 10
121, 67, 43, 17, 0.9997, 1.0000, 0.7245, 68, 68
121, 110, 24, 67, 0.9997, 0.7511, 1.0418, 26, 24
121, 117, 15, 59, 0.9997, 0.8081, 1.0712, 18, 18
121, 119, 102, 16, 0.9997, 1.0000, 1.4672, 16, 17
121, 125, 10, 8, 0.9997, 0.9581, 1.0014, 10, 11
122, 67, 44, 17, 0.9997, 1.0000, 1.0011, 69, 69
122, 110, 24, 66, 0.9997, 0.7924, 1.0395, 27, 25
122, 119, 104, 16, 0.9997, 1.0000, 1.7854, 17, 18
122, 125, 11, 8, 0.9997, 0.9986, 1.0004, 11, 12
123, 67, 45, 17, 0.9997, 1.0000, 1.0404, 70, 70
123, 117, 15, 60, 0.9997, 0.8914, 0.7501, 20, 20
123, 119, 105, 16, 0.9997, 1.0000, 1.2515, 18, 19
123, 125, 12, 8, 0.9997, 1.0000, 0.9999, 12, 13
124, 110, 24, 65, 0.9997, 0.8750, 0.7257, 29, 27
124, 117, 16, 60, 0.9997, 0.9331, 0.7634, 21, 21
124, 119, 107, 17, 0.9997, 1.0000, 1.8923, 19, 20
124, 125, 13, 9, 0.9997, 1.0000, 1.2584, 13, 14
124, 130, 30, 126, 0.9997, 0.6831, 1.4745, 9, 9
124, 131, 6, 121, 0.6186, 0.4557, 16.2936, 2, 3
125, 67, 46, 17, 0.9997, 1.0000, 0.7082, 72, 72
125, 110, 24, 64, 0.9997, 0.9164, 1.0003, 30, 28
125, 117, 16, 61, 0.9997, 0.9747, 0.7998, 22, 22
125, 119, 107, 17, 0.9996, 1.0000, 0.5585, 20, 21
125, 124, 114, 41, 0.9997, 0.6626, 1.2988, 17, 15
125, 125, 14, 9, 0.9997, 1.0000, 1.0417, 14, 15
125, 130, 31, 127, 0.9997, 0.7248, 1.4372, 10, 10
125, 132, 24, 9, 0.7619, 0.5381, 14.6885, 2, 3
126, 67, 47, 18, 0.9997, 1.0000, 1.2572, 73, 73
126, 110, 24, 63, 0.9997, 0.9578, 1.0402, 31, 29
126, 117, 16, 62, 0.9997, 1.0000, 1.0139, 23, 23
126, 119, 110, 17, 0.9996, 1.0000, 2.2221, 21, 22
126, 124, 111, 36, 0.9970, 0.7023, 5.3902, 18, 16
127, 67, 48, 18, 0.9997, 1.0000, 1.0818, 74, 74
127, 117, 13, 60, 0.9992, 1.0000, 3.3388, 24, 24
127, 119, 111, 18, 0.9997, 1.0000, 1.7032, 22, 23
128, 110, 24, 62, 0.9997, 1.0000, 0.7082, 33, 31
128, 119, 112, 18, 0.9997, 1.0000, 1.0652, 23, 24
129, 67, 49, 18, 0.9997, 1.0000, 0.7096, 76, 76
129, 107, 71, 85, 0.9997, 0.6734, 1.2850, 36, 34
129, 110, 24, 61, 0.9997, 1.0000, 0.9978, 34, 32
129, 119, 114, 19, 0.9997, 1.0000, 1.8600, 24, 25
130, 67, 50, 18, 0.9997, 1.0000, 0.9978, 77, 77
130, 107, 70, 84, 0.9997, 0.7147, 1.2474, 37, 35
130, 110, 24, 60, 0.9997, 1.0000, 1.0417, 35, 33
130, 119, 115, 19, 0.9997, 1.0000, 1.2864, 25, 26
130, 133, 122, 37, 0.9978, 0.6945, 1.3781, 3, 4
131, 67, 51, 18, 0.9997, 1.0000, 1.0417, 78, 78
131, 107, 68, 83, 0.9997, 0.7559, 1.9977, 38, 36
131, 119, 116, 18, 0.9997, 1.0000, 1.2666, 26, 27
131, 125, 20, 10, 0.9997, 0.6831, 1.1064, 20, 20
131, 133, 125, 38, 0.9995, 0.7268, 2.4871, 4, 5
131, 134, 115, 43, 0.9981, 0.6947, 1.2628, 3, 4
131, 135, 66, 97, 0.9980, 0.6947, 1.0426, 3, 4
131, 136, 27, 17, 0.7486, 0.5304, 11.4682, 2, 3
132, 67, 51, 19, 0.9997, 1.0000, 0.8068, 79, 79
132, 107, 67, 82, 0.9997, 0.7972, 1.6470, 39, 37
132, 119, 118, 20, 0.9996, 1.0000, 2.0978, 27, 28
132, 125, 21, 10, 0.9997, 0.7248, 1.0306, 21, 21
132, 133, 127, 37, 0.9997, 0.7623, 2.3551, 5, 6
132, 134, 116, 43, 0.9996, 0.7268, 1.0423, 4, 5
132, 135, 68, 97, 0.9996, 0.7268, 1.7654, 4, 5
133, 67, 52, 19, 0.9997, 1.0000, 0.7664, 80, 80
133, 107, 70, 76, 0.9966, 0.8363, 6.2667, 40, 38
133, 110, 24, 58, 0.9996, 1.0000, 1.4698, 38, 36
133, 117, 19, 66, 0.9997, 0.6773, 1.0132, 30, 29
133, 119, 120, 21, 0.9997, 1.0000, 2.4381, 28, 29
133, 125, 22, 10, 0.9997, 0.7665, 1.0003, 22, 22
133, 134, 118, 44, 0.9997, 0.7623, 1.9217, 5, 6
133, 135, 69, 98, 0.9997, 0.7623, 1.4794, 5, 6
133, 137, 23, 15, 0.7706, 0.5431, 10.4597, 2, 3
134, 67, 53, 19, 0.9997, 1.0000, 0.9977, 81, 81
134, 110, 25, 57, 0.9997, 1.0000, 1.5368, 39, 37
134, 119, 121, 21, 0.9996, 1.0000, 1.3347, 29, 30
134, 125, 23, 10, 0.9997, 0.8081, 1.0003, 23, 23
135, 67, 54, 19, 0.9997, 1.0000, 1.0425, 82, 82
135, 110, 25, 57, 0.9996, 1.0000, 0.4149, 40, 38
135, 117, 20, 67, 0.9997, 0.7602, 1.0304, 32, 31
135, 119, 123, 22, 0.9997, 1.0000, 1.8593, 30, 31
135, 125, 24, 10, 0.9997, 0.8498, 1.0001, 24, 24
136, 110, 25, 56, 0.9997, 1.0000, 0.6820, 41, 39
136, 119, 124, 22, 0.9997, 1.0000, 1.2528, 31, 32
136, 125, 25, 10, 0.9997, 0.8914, 1.0000, 25, 25
136, 138, 2, 16, 0.7390, 0.5250, 19.1647, 2, 3
136, 139, 31, 86, 0.8478, 0.5875, 13.8881, 2, 3
137, 67, 55, 20, 0.9997, 1.0000, 1.0418, 84, 84
137, 110, 25, 55, 0.9997, 1.0000, 0.9823, 42, 40
137, 117, 20, 68, 0.9997, 0.8431, 0.7485, 34, 33
137, 119, 125, 23, 0.9997, 1.0000, 1.2342, 32, 33
138, 67, 56, 20, 0.9997, 1.0000, 1.0401, 85, 85
138, 110, 26, 55, 0.9997, 1.0000, 0.7968, 43, 41
138, 117, 21, 68, 0.9997, 0.8846, 0.7656, 35, 34
138, 119, 126, 22, 0.9996, 1.0000, 1.0872, 33, 34
138, 125, 27, 11, 0.9996, 0.9747, 1.6589, 27, 27
138, 140, 127, 121, 0.9980, 0.6947, 1.6282, 3, 4
139, 67, 57, 20, 0.9997, 1.0000, 1.0417, 86, 86
139, 110, 26, 54, 0.9997, 1.0000, 0.7824, 44, 42
139, 117, 21, 69, 0.9997, 0.9261, 0.7999, 36, 35
139, 125, 28, 11, 0.9997, 1.0000, 1.3244, 28, 28
140, 110, 27, 53, 0.9997, 1.0000, 1.2607, 45, 43
140, 117, 22, 70, 0.9997, 0.9676, 1.2696, 37, 36
140, 125, 30, 9, 0.9996, 1.0000, 2.3660, 29, 29
141, 67, 58, 20, 0.9997, 1.0000, 0.7085, 88, 88
141, 110, 27, 52, 0.9997, 1.0000, 1.0700, 46, 44
141, 127, 93, 22, 0.9644, 1.0000, 8.7102, 31, 30
141, 125, 42, 5, 0.8796, 0.9796, 12.0470, 30, 30
141, 141, 122, 64, 0.9980, 0.6947, 1.0426, 3, 4
141, 143, 5, 53, 0.9209, 0.6295, 8.7054, 2, 3
142, 67, 59, 21, 0.9997, 1.0000, 1.2565, 89, 89
142, 117, 22, 71, 0.9997, 1.0000, 0.7223, 39, 38
142, 141, 121, 68, 0.9995, 0.7268, 3.3808, 4, 5
142, 142, 64, 83, 0.9910, 0.7215, 6.8358, 4, 5
143, 67, 60, 21, 0.9997, 1.0000, 1.0824, 90, 90
143, 110, 28, 51, 0.9997, 1.0000, 1.0108, 48, 46
143, 144, 107, 92, 0.9980, 0.6947, 1.4001, 3, 4
144, 110, 28, 50, 0.9997, 1.0000, 1.0357, 49, 47
144, 144, 108, 93, 0.9996, 0.7268, 1.3807, 4, 5
144, 145, 32, 13, 0.9980, 0.6946, 1.0735, 3, 4
145, 67, 61, 22, 0.9997, 1.0000, 1.0110, 92, 92
145, 110, 29, 49, 0.9997, 1.0000, 1.2923, 50, 48
145, 144, 103, 97, 0.9974, 0.7608, 5.4644, 5, 6
145, 145, 33, 14, 0.9996, 0.7268, 1.2964, 4, 5
146, 67, 62, 22, 0.9997, 1.0000, 1.0350, 93, 93
146, 144, 87, 102, 0.7052, 0.5936, 15.5916, 6, 7
146, 145, 33, 15, 0.9997, 0.7623, 1.0441, 5, 6
147, 67, 63, 22, 0.9997, 1.0000, 1.0417, 94, 94
147, 110, 29, 48, 0.9997, 1.0000, 0.7085, 52, 50
147, 144, 66, 101, 0.6956, 0.6138, 20.2924, 7, 8
147, 145, 34, 16, 0.9997, 0.7998, 1.2574, 6, 7
148, 110, 30, 47, 0.9997, 1.0000, 1.2311, 53, 51
148, 142, 47, 72, 0.9996, 0.6831, 1.6960, 10, 10
149, 67, 64, 22, 0.9997, 1.0000, 0.7085, 96, 96
149, 145, 34, 17, 0.9997, 0.8779, 0.7076, 8, 9
150, 67, 65, 23, 0.9997, 1.0000, 1.2566, 97, 97
150, 110, 31, 46, 0.9997, 1.0000, 1.0534, 55, 53
150, 145, 35, 18, 0.9997, 0.9178, 1.2331, 9, 10
150, 147, 25, 118, 0.9655, 0.6230, 7.4166, 6, 6
150, 148, 100, 1, 0.9980, 0.6947, 1.0426, 3, 4
150, 149, 121, 32, 0.9980, 0.6947, 2.0075, 3, 4
151, 67, 66, 23, 0.9997, 1.0000, 1.0824, 98, 98
151, 110, 31, 45, 0.9997, 1.0000, 1.0313, 56, 54
151, 145, 35, 19, 0.9997, 0.9581, 1.0785, 10, 11
151, 148, 101, 1, 0.9996, 0.7268, 1.0009, 4, 5
151, 149, 120, 32, 0.9996, 0.7268, 1.2644, 4, 5
151, 151, 4, 22, 0.9980, 0.6946, 1.0345, 3, 4
152, 110, 32, 45, 0.9997, 1.0000, 0.7978, 57, 55
152, 145, 36, 19, 0.9997, 0.9986, 0.8053, 11, 12
152, 148, 101, 2, 0.9997, 0.7623, 0.7596, 5, 6
152, 149, 118, 32, 0.9997, 0.7623, 1.7499, 5, 6
152, 151, 5, 26, 0.9994, 0.7267, 3.4492, 4, 5
153, 67, 67, 23, 0.9997, 1.0000, 0.7096, 100, 100
153, 110, 32, 44, 0.9997, 1.0000, 0.7653, 58, 56
153, 145, 37, 19, 0.9997, 1.0000, 1.0169, 12, 13
153, 148, 104, 3, 0.9996, 0.7997, 2.4660, 6, 7
153, 149, 117, 33, 0.9997, 0.7998, 1.4373, 6, 7
153, 151, 9, 32, 0.9989, 0.7617, 7.6831, 5, 6
153, 152, 8, 85, 0.9954, 0.6931, 1.3579, 3, 4
153, 153, 40, 123, 0.8893, 0.6114, 4.0484, 2, 3
154, 67, 68, 24, 0.9997, 1.0000, 1.2467, 101, 101
154, 110, 32, 43, 0.9997, 1.0000, 1.0001, 59, 57
154, 149, 115, 33, 0.9997, 0.8384, 1.7725, 7, 8
154, 154, 27, 79, 0.9980, 0.6946, 1.0735, 3, 4
155, 67, 69, 24, 0.9997, 1.0000, 1.0818, 102, 102
155, 110, 33, 42, 0.9997, 1.0000, 1.2664, 60, 58
155, 145, 38, 21, 0.9996, 1.0000, 1.6769, 14, 15
155, 149, 113, 34, 0.9997, 0.8779, 2.1551, 8, 9
156, 145, 39, 22, 0.9997, 1.0000, 1.6800, 15, 16
156, 149, 112, 34, 0.9997, 0.9178, 1.3025, 9, 10
156, 154, 28, 80, 0.9997, 0.7623, 1.0212, 5, 6
156, 156, 12, 34, 0.7026, 0.5186, 10.1596, 3, 4
157, 67, 70, 24, 0.9997, 1.0000, 0.7096, 104, 104
157, 110, 34, 41, 0.9997, 1.0000, 1.0423, 62, 60
157, 145, 40, 21, 0.9996, 1.0000, 1.1411, 16, 17
157, 149, 111, 34, 0.9997, 0.9581, 0.9583, 10, 11
157, 154, 28, 81, 0.9997, 0.7998, 1.0356, 6, 7
158, 67, 71, 25, 0.9997, 1.0000, 1.2467, 105, 105
158, 110, 34, 40, 0.9997, 1.0000, 1.0290, 63, 61
158, 145, 40, 23, 0.9996, 1.0000, 1.1789, 17, 18
158, 149, 109, 36, 0.9996, 0.9985, 2.2629, 11, 12
158, 154, 29, 81, 0.9997, 0.8384, 0.8125, 7, 8
159, 67, 72, 25, 0.9997, 1.0000, 1.0817, 106, 106
159, 145, 41, 24, 0.9997, 1.0000, 1.4561, 18, 19
159, 148, 108, 6, 0.9997, 0.6831, 1.0916, 12, 12
159, 149, 107, 38, 0.9997, 1.0000, 2.9260, 12, 13
160, 67, 73, 25, 0.9997, 1.0000, 1.0163, 107, 107
160, 110, 35, 39, 0.9997, 1.0000, 1.0223, 65, 63
160, 145, 42, 24, 0.9997, 1.0000, 1.0472, 19, 20
160, 148, 109, 7, 0.9997, 0.7248, 1.2478, 13, 13
160, 149, 105, 38, 0.9996, 1.0000, 2.1394, 13, 14
160, 150, 99, 104, 0.9997, 0.6562, 1.4741, 13, 11
160, 157, 9, 27, 0.9979, 0.6946, 1.2252, 3, 4
161, 67, 73, 26, 0.9997, 1.0000, 0.7599, 108, 108
161, 110, 35, 38, 0.9997, 1.0000, 1.0380, 66, 64
161, 145, 43, 25, 0.9997, 1.0000, 1.2549, 20, 21
161, 149, 104, 40, 0.9996, 1.0000, 1.9123, 14, 15
161, 150, 100, 104, 0.9997, 0.6980, 1.2500, 14, 12
162, 67, 74, 26, 0.9997, 1.0000, 0.7578, 109, 109
162, 145, 44, 25, 0.9997, 1.0000, 1.0400, 21, 22
162, 148, 111, 8, 0.9996, 0.8081, 1.6486, 15, 15
162, 149, 102, 41, 0.9997, 1.0000, 2.1035, 15, 16
162, 150, 102, 104, 0.9997, 0.7398, 1.7901, 15, 13
162, 157, 10, 28, 0.9997, 0.7623, 1.0205, 5, 6
162, 160, 68, 123, 0.8834, 0.4534, 8.6169, 5, 5
162, 159, 2, 95, 0.9996, 0.7268, 1.7095, 4, 5
163, 67, 75, 26, 0.9997, 1.0000, 0.9991, 110, 110
163, 110, 36, 37, 0.9997, 1.0000, 1.0234, 68, 66
163, 145, 45, 25, 0.9997, 1.0000, 1.0003, 22, 23
163, 148, 112, 8, 0.9997, 0.8498, 1.3151, 16, 16
163, 149, 101, 42, 0.9997, 1.0000, 1.6021, 16, 17
163, 150, 102, 105, 0.9996, 0.7815, 0.9138, 16, 14
163, 155, 32, 64, 0.9997, 0.6686, 1.0433, 12, 11
163, 159, 2, 95, 0.9997, 0.7623, 0.6522, 5, 6
164, 67, 76, 26, 0.9997, 1.0000, 1.0433, 111, 111
164, 110, 36, 36, 0.9997, 1.0000, 1.0375, 69, 67
164, 145, 46, 26, 0.9997, 1.0000, 1.2332, 23, 24
164, 148, 113, 9, 0.9997, 0.8914, 1.2849, 17, 17
164, 149, 100, 43, 0.9997, 1.0000, 1.3867, 17, 18
164, 150, 109, 113, 0.9721, 0.8034, 9.3758, 17, 15
164, 155, 31, 63, 0.9997, 0.7104, 1.2340, 13, 12
164, 157, 14, 31, 0.9988, 0.8378, 4.8750, 7, 8
164, 159, 1, 106, 0.8009, 0.6606, 9.9605, 6, 7
165, 67, 76, 27, 0.9997, 1.0000, 0.7900, 112, 112
165, 110, 37, 36, 0.9997, 1.0000, 0.8124, 70, 68
165, 145, 48, 26, 0.9997, 1.0000, 1.7850, 24, 25
165, 149, 99, 44, 0.9997, 1.0000, 1.3774, 18, 19
165, 150, 120, 126, 0.9730, 0.8446, 16.4582, 18, 16
165, 155, 30, 62, 0.9997, 0.7522, 1.4119, 14, 13
165, 157, 29, 37, 0.8446, 0.7572, 14.5104, 8, 9
166, 67, 77, 27, 0.9997, 1.0000, 0.7660, 113, 113
166, 110, 37, 35, 0.9997, 1.0000, 0.7661, 71, 69
166, 145, 49, 27, 0.9997, 1.0000, 1.5013, 25, 26
166, 148, 115, 10, 0.9996, 0.9747, 1.6377, 19, 19
166, 149, 98, 44, 0.9997, 1.0000, 1.0146, 19, 20
166, 155, 29, 62, 0.9997, 0.7939, 1.0372, 15, 14
166, 154, 30, 89, 0.9996, 0.6715, 1.8450, 15, 14
166, 161, 125, 112, 0.9996, 0.6672, 1.5773, 11, 10
167, 67, 78, 27, 0.9997, 1.0000, 0.9976, 114, 114
167, 110, 38, 34, 0.9997, 1.0000, 1.2491, 72, 70
167, 145, 50, 27, 0.9997, 1.0000, 1.0312, 26, 27
167, 148, 116, 11, 0.9997, 1.0000, 1.6403, 20, 20
167, 149, 97, 44, 0.9997, 1.0000, 1.0023, 20, 21
167, 155, 28, 61, 0.9997, 0.8357, 1.2344, 16, 15
167, 154, 31, 89, 0.9996, 0.7130, 0.6965, 16, 15
167, 161, 127, 113, 0.9997, 0.7092, 2.2691, 12, 11
168, 67, 79, 28, 0.9997, 1.0000, 1.2675, 115, 115
168, 145, 51, 27, 0.9997, 1.0000, 0.9576, 27, 28
168, 148, 117, 12, 0.9997, 1.0000, 1.4749, 21, 21
168, 149, 95, 45, 0.9997, 1.0000, 1.9031, 21, 22
168, 155, 27, 60, 0.9997, 0.8774, 1.4143, 17, 16
169, 67, 80, 28, 0.9997, 1.0000, 1.0529, 116, 116
169, 110, 38, 33, 0.9997, 1.0000, 0.7237, 74, 72
169, 145, 52, 27, 0.9997, 1.0000, 0.9847, 28, 29
169, 148, 118, 12, 0.9997, 1.0000, 1.0061, 22, 22
169, 149, 93, 45, 0.9997, 1.0000, 2.0753, 22, 23
169, 154, 31, 90, 0.9997, 0.7963, 0.6658, 18, 17
170, 110, 39, 33, 0.9997, 1.0000, 0.7598, 75, 73
170, 145, 54, 28, 0.9997, 1.0000, 1.9167, 29, 30
170, 148, 119, 13, 0.9997, 1.0000, 1.2118, 23, 23
170, 149, 92, 46, 0.9997, 1.0000, 1.5023, 23, 24
170, 155, 26, 59, 0.9997, 0.9609, 1.0125, 19, 18
170, 154, 31, 91, 0.9997, 0.8379, 1.0267, 19, 18
170, 167, 24, 56, 0.8197, 0.5713, 11.4124, 2, 3
171, 67, 81, 29, 0.9997, 1.0000, 1.0109, 118, 118
171, 110, 39, 32, 0.9997, 1.0000, 0.7985, 76, 74
171, 145, 55, 28, 0.9997, 1.0000, 1.3268, 30, 31
171, 148, 120, 13, 0.9997, 1.0000, 1.0246, 24, 24
171, 149, 90, 47, 0.9997, 1.0000, 1.9988, 24, 25
171, 155, 25, 59, 0.9997, 1.0000, 1.0275, 20, 19
171, 154, 31, 92, 0.9997, 0.8795, 1.0590, 20, 19
171, 169, 5, 20, 0.9977, 0.6945, 2.0942, 3, 4
172, 67, 82, 29, 0.9997, 1.0000, 1.0366, 119, 119
172, 110, 40, 31, 0.9997, 1.0000, 1.2712, 77, 75
172, 145, 56, 28, 0.9997, 1.0000, 1.0009, 31, 32
172, 148, 121, 14, 0.9997, 1.0000, 1.2511, 25, 25
172, 149, 88, 48, 0.9997, 1.0000, 2.2515, 25, 26
172, 155, 24, 58, 0.9997, 1.0000, 1.2835, 21, 20
172, 154, 31, 93, 0.9997, 0.9212, 1.0187, 21, 20
172, 169, 6, 20, 0.9996, 0.7268, 1.3103, 4, 5
173, 145, 57, 28, 0.9997, 1.0000, 0.9583, 32, 33
173, 148, 122, 15, 0.9997, 1.0000, 1.4264, 26, 26
173, 149, 87, 48, 0.9997, 1.0000, 1.2996, 26, 27
173, 155, 23, 57, 0.9997, 1.0000, 1.4366, 22, 21
173, 154, 31, 94, 0.9997, 0.9628, 0.9985, 22, 21
173, 162, 9, 113, 0.9996, 0.6672, 0.4122, 11, 10
173, 163, 115, 106, 0.9996, 0.6656, 1.0316, 10, 9
173, 169, 9, 20, 0.9996, 0.7623, 2.4856, 5, 6
174, 67, 84, 29, 0.9996, 1.0000, 1.4891, 121, 121
174, 110, 41, 30, 0.9997, 1.0000, 1.0401, 79, 77
174, 145, 59, 28, 0.9997, 1.0000, 1.7476, 33, 34
174, 148, 123, 16, 0.9997, 1.0000, 1.4448, 27, 27
174, 149, 85, 49, 0.9997, 1.0000, 1.8632, 27, 28
174, 155, 21, 57, 0.9997, 1.0000, 1.7858, 23, 22
174, 154, 32, 95, 0.9997, 1.0000, 1.2563, 23, 22
174, 162, 12, 114, 0.9996, 0.7091, 2.3247, 12, 11
174, 163, 118, 107, 0.9996, 0.7077, 2.3272, 11, 10
174, 168, 20, 37, 0.9994, 0.6636, 4.2285, 9, 8
175, 67, 86, 30, 0.9997, 1.0000, 2.1878, 122, 122
175, 110, 41, 29, 0.9997, 1.0000, 1.0297, 80, 78
175, 145, 60, 28, 0.9997, 1.0000, 1.2917, 34, 35
175, 155, 21, 56, 0.9996, 1.0000, 0.8932, 24, 23
175, 162, 13, 114, 0.9997, 0.7511, 1.5831, 13, 12
175, 163, 119, 106, 0.9996, 0.7498, 1.6190, 12, 11
175, 170, 17, 35, 0.8189, 0.5709, 17.0499, 2, 3
176, 145, 61, 28, 0.9997, 1.0000, 1.0024, 35, 36
176, 148, 125, 17, 0.9996, 1.0000, 1.6332, 29, 29
176, 155, 20, 56, 0.9997, 1.0000, 0.7454, 25, 24
176, 154, 32, 97, 0.9996, 1.0000, 1.4722, 25, 24
176, 162, 14, 115, 0.9997, 0.7929, 1.2805, 14, 13
176, 163, 120, 107, 0.9996, 0.7917, 1.1383, 13, 12
177, 110, 42, 28, 0.9997, 1.0000, 1.0224, 82, 80
177, 145, 63, 29, 0.9997, 1.0000, 1.8845, 36, 37
177, 148, 126, 18, 0.9997, 1.0000, 1.6322, 30, 30
177, 155, 20, 55, 0.9997, 1.0000, 0.7730, 26, 25
177, 154, 32, 98, 0.9997, 1.0000, 1.2927, 26, 25
177, 162, 15, 116, 0.9997, 0.8348, 1.3787, 15, 14
177, 163, 122, 108, 0.9997, 0.8337, 1.9830, 14, 13
177, 171, 50, 44, 0.8439, 0.5038, 7.3641, 7, 6
178, 110, 42, 27, 0.9997, 1.0000, 1.0379, 83, 81
178, 145, 64, 29, 0.9997, 1.0000, 1.3085, 37, 38
178, 148, 127, 19, 0.9997, 1.0000, 1.4739, 31, 31
178, 155, 19, 54, 0.9997, 1.0000, 1.2534, 27, 26
178, 154, 32, 99, 0.9997, 1.0000, 1.0428, 27, 26
178, 162, 7, 120, 0.9556, 0.8423, 8.4896, 16, 15
178, 163, 123, 108, 0.9997, 0.8756, 1.3019, 15, 14
179, 145, 65, 29, 0.9997, 1.0000, 0.9999, 38, 39
179, 155, 18, 53, 0.9997, 1.0000, 1.4560, 28, 27
179, 163, 124, 108, 0.9997, 0.9174, 0.9995, 16, 15
179, 166, 119, 110, 0.9902, 0.5992, 5.9618, 13, 10
179, 169, 17, 20, 0.9997, 0.6831, 2.0260, 11, 11
180, 145, 67, 29, 0.9997, 1.0000, 1.7242, 39, 40
180, 154, 32, 100, 0.9997, 1.0000, 0.6919, 29, 28
180, 158, 88, 30, 0.9997, 0.6755, 0.8134, 23, 22
180, 163, 126, 108, 0.9997, 0.9593, 1.7263, 17, 16
180, 168, 20, 38, 0.9996, 0.6598, 0.4179, 15, 13
180, 169, 18, 21, 0.9997, 0.7248, 1.4872, 12, 12
181, 145, 68, 29, 0.9997, 1.0000, 1.2765, 40, 41
181, 155, 17, 52, 0.9997, 1.0000, 1.0115, 30, 29
181, 154, 33, 101, 0.9997, 1.0000, 1.2571, 30, 29
181, 158, 90, 31, 0.9996, 0.7170, 1.8984, 24, 23
181, 163, 127, 109, 0.9997, 1.0000, 1.4792, 18, 17
181, 168, 21, 39, 0.9997, 0.7014, 1.0097, 16, 14
181, 169, 20, 21, 0.9997, 0.7664, 1.7442, 13, 13
181, 174, 20, 117, 0.8619, 0.5956, 4.5728, 2, 3
182, 145, 70, 30, 0.9997, 1.0000, 1.9223, 41, 42
182, 155, 17, 51, 0.9997, 1.0000, 1.0250, 31, 30
182, 154, 33, 102, 0.9997, 1.0000, 1.0840, 31, 30
182, 158, 92, 31, 0.9997, 0.7584, 2.0957, 25, 24
182, 168, 22, 39, 0.9997, 0.7429, 1.0184, 17, 15
182, 169, 21, 21, 0.9997, 0.8081, 1.2346, 14, 14
182, 174, 29, 125, 0.7989, 0.5760, 11.0759, 3, 4
183, 145, 69, 29, 0.9995, 1.0000, 0.5450, 42, 43
183, 155, 16, 49, 0.9997, 1.0000, 1.9546, 32, 31
183, 168, 22, 40, 0.9997, 0.7845, 0.7962, 18, 16
183, 169, 23, 21, 0.9997, 0.8498, 1.7491, 15, 15
183, 173, 4, 90, 0.9997, 0.6831, 1.0739, 8, 8
184, 145, 72, 30, 0.9995, 1.0000, 1.9860, 43, 44
184, 155, 16, 48, 0.9997, 1.0000, 1.3321, 33, 32
184, 154, 33, 104, 0.9996, 1.0000, 1.4729, 33, 32
184, 168, 23, 41, 0.9997, 0.8261, 1.2475, 19, 17
184, 169, 25, 21, 0.9997, 0.8914, 2.0157, 16, 16
184, 173, 4, 90, 0.9997, 0.7248, 0.4113, 9, 9
184, 177, 86, 29, 0.9980, 0.6946, 1.0797, 3, 4
185, 145, 73, 31, 0.9997, 1.0000, 1.8442, 44, 45
185, 155, 16, 47, 0.9997, 1.0000, 1.0002, 34, 33
185, 154, 34, 105, 0.9997, 1.0000, 1.4904, 34, 33
185, 169, 26, 21, 0.9997, 0.9331, 1.2787, 17, 17
186, 145, 75, 31, 0.9997, 1.0000, 1.8624, 45, 46
186, 155, 15, 46, 0.9997, 1.0000, 1.1974, 35, 34
186, 154, 34, 106, 0.9997, 1.0000, 1.0817, 35, 34
186, 168, 24, 42, 0.9997, 0.9093, 1.0402, 21, 19
186, 169, 28, 21, 0.9997, 0.9747, 1.7222, 18, 18
187, 145, 76, 31, 0.9997, 1.0000, 1.2403, 46, 47
187, 155, 15, 45, 0.9997, 1.0000, 1.0213, 36, 35
187, 154, 34, 107, 0.9997, 1.0000, 0.9737, 36, 35
187, 168, 25, 43, 0.9997, 0.9509, 1.4245, 22, 20
187, 169, 30, 21, 0.9997, 1.0000, 1.9991, 19, 19
187, 173, 4, 89, 0.9997, 0.8497, 0.7478, 12, 12
187, 181, 28, 1, 0.9211, 0.6296, 8.4089, 2, 3
188, 145, 77, 31, 0.9997, 1.0000, 0.9715, 47, 48
188, 155, 15, 44, 0.9997, 1.0000, 1.0000, 37, 36
188, 154, 33, 108, 0.9997, 1.0000, 1.2716, 37, 36
188, 158, 96, 33, 0.9997, 0.6718, 1.2658, 31, 29
188, 169, 31, 21, 0.9997, 1.0000, 1.2763, 20, 20
188, 175, 40, 27, 0.9997, 0.8081, 1.0670, 10, 10
189, 145, 79, 32, 0.9997, 1.0000, 1.8725, 48, 49
189, 155, 14, 43, 0.9997, 1.0000, 1.2364, 38, 37
189, 154, 35, 108, 0.9996, 1.0000, 1.2420, 38, 37
189, 158, 97, 33, 0.9997, 0.7131, 1.0831, 32, 30
189, 168, 26, 44, 0.9997, 1.0000, 1.0224, 24, 22
189, 169, 33, 21, 0.9997, 1.0000, 1.7237, 21, 21
189, 173, 3, 89, 0.9997, 0.9331, 0.7616, 14, 14
189, 175, 40, 27, 0.9997, 0.8498, 0.4144, 11, 11
190, 145, 80, 32, 0.9997, 1.0000, 1.3116, 49, 50
190, 155, 16, 52, 0.9269, 1.0000, 8.2616, 39, 38
190, 154, 35, 109, 0.9997, 1.0000, 0.9187, 39, 38
190, 158, 98, 33, 0.9997, 0.7543, 1.0143, 33, 31
190, 168, 27, 44, 0.9997, 1.0000, 1.0267, 25, 23
190, 169, 35, 21, 0.9997, 1.0000, 2.0000, 22, 22
190, 175, 39, 27, 0.9997, 0.8914, 0.7654, 12, 12
191, 145, 81, 32, 0.9997, 1.0000, 1.0017, 50, 51
191, 154, 35, 110, 0.9997, 1.0000, 1.0019, 40, 39
191, 158, 99, 32, 0.9997, 0.7956, 1.2839, 34, 32
191, 168, 27, 45, 0.9997, 1.0000, 0.7979, 26, 24
191, 169, 37, 21, 0.9997, 1.0000, 2.0403, 23, 23
191, 180, 123, 10, 0.9876, 0.5753, 7.3218, 8, 7
192, 145, 83, 33, 0.9997, 1.0000, 1.8692, 51, 52
192, 154, 36, 111, 0.9997, 1.0000, 1.2536, 41, 40
192, 158, 100, 34, 0.9996, 0.8368, 1.5758, 35, 33
192, 168, 24, 38, 0.9925, 1.0000, 6.3070, 27, 25
192, 169, 38, 21, 0.9997, 1.0000, 1.2515, 24, 24
193, 145, 83, 33, 0.9996, 1.0000, 0.5817, 52, 53
193, 149, 56, 64, 0.9997, 0.6717, 2.0208, 46, 43
193, 154, 36, 112, 0.9997, 1.0000, 1.0487, 42, 41
193, 158, 101, 34, 0.9997, 0.8782, 1.1571, 36, 34
193, 169, 40, 21, 0.9997, 1.0000, 1.7082, 25, 25
194, 145, 85, 34, 0.9997, 1.0000, 1.6584, 53, 54
194, 149, 55, 65, 0.9997, 0.7128, 1.6010, 47, 44
194, 154, 36, 113, 0.9997, 1.0000, 1.0000, 43, 42
194, 158, 101, 33, 0.9996, 0.9195, 0.7568, 37, 35
194, 169, 42, 22, 0.9997, 1.0000, 2.1388, 26, 26
194, 175, 38, 28, 0.9997, 1.0000, 1.0689, 16, 16
194, 184, 1, 9, 0.6477, 0.4724, 5.9062, 2, 3
194, 185, 11, 56, 0.6334, 0.4642, 20.5153, 2, 3
195, 145, 87, 34, 0.9997, 1.0000, 2.0310, 54, 55
195, 149, 53, 66, 0.9997, 0.7540, 2.0150, 48, 45
195, 155, 18, 48, 0.8513, 0.5548, 10.5800, 44, 42
195, 154, 37, 114, 0.9997, 1.0000, 1.2333, 44, 43
195, 158, 103, 35, 0.9996, 0.9608, 1.8794, 38, 36
195, 169, 43, 22, 0.9997, 1.0000, 1.3107, 27, 27
195, 175, 38, 28, 0.9997, 1.0000, 0.4127, 17, 17
196, 145, 88, 34, 0.9997, 1.0000, 1.3191, 55, 56
196, 149, 52, 67, 0.9997, 0.7951, 1.6005, 49, 46
196, 155, 13, 36, 0.9804, 0.6642, 12.6026, 45, 43
196, 154, 37, 115, 0.9997, 1.0000, 1.0369, 45, 44
196, 158, 104, 35, 0.9997, 1.0000, 1.4045, 39, 37
196, 169, 45, 22, 0.9997, 1.0000, 1.7245, 28, 28
196, 186, 125, 21, 0.7226, 0.5155, 5.0112, 2, 3
196, 187, 103, 113, 0.8265, 0.5752, 15.9145, 2, 3
197, 145, 89, 35, 0.9997, 1.0000, 1.2118, 56, 57
197, 149, 50, 68, 0.9997, 0.8363, 2.0155, 50, 47
197, 154, 37, 116, 0.9997, 1.0000, 1.0000, 46, 45
197, 158, 106, 35, 0.9997, 1.0000, 1.8069, 40, 38
197, 169, 47, 22, 0.9997, 1.0000, 2.0006, 29, 29
197, 173, 2, 88, 0.9997, 0.6672, 0.7656, 22, 20
197, 187, 121, 109, 0.9681, 0.6769, 18.0815, 3, 4
198, 145, 91, 35, 0.9997, 1.0000, 1.7298, 57, 58
198, 149, 49, 69, 0.9997, 0.8774, 1.6008, 51, 48
198, 154, 38, 117, 0.9997, 1.0000, 1.2344, 47, 46
198, 158, 106, 35, 0.9996, 1.0000, 0.5058, 41, 39
198, 169, 49, 22, 0.9997, 1.0000, 2.0403, 30, 30
198, 173, 1, 88, 0.9997, 0.7085, 1.0558, 23, 21
198, 183, 2, 49, 0.9996, 0.6656, 0.9871, 10, 9
199, 145, 92, 36, 0.9997, 1.0000, 1.4859, 58, 59
199, 149, 47, 70, 0.9997, 0.9186, 2.0156, 52, 49
199, 154, 38, 118, 0.9997, 1.0000, 1.0375, 48, 47
199, 158, 107, 36, 0.9997, 1.0000, 1.0082, 42, 40
199, 169, 51, 22, 0.9997, 1.0000, 2.0154, 31, 31
199, 183, 3, 49, 0.9997, 0.7078, 1.0422, 11, 10
199, 190, 78, 17, 0.6665, 0.4833, 6.4231, 2, 3
200, 145, 94, 36, 0.9997, 1.0000, 1.7832, 59, 60
200, 154, 38, 119, 0.9997, 1.0000, 1.0000, 49, 48
200, 158, 108, 36, 0.9997, 1.0000, 0.9980, 43, 41
200, 169, 53, 22, 0.9997, 1.0000, 2.0000, 32, 32
200, 192, 11, 33, 0.9980, 0.6946, 0.7813, 3, 4
200, 193, 5, 12, 0.8960, 0.6152, 12.7579, 2, 3
201, 145, 95, 37, 0.9997, 1.0000, 1.4590, 60, 61
201, 154, 39, 120, 0.9997, 1.0000, 1.2343, 50, 49
201, 158, 109, 36, 0.9997, 1.0000, 1.0278, 44, 42
201, 169, 54, 22, 0.9997, 1.0000, 1.2338, 33, 33
201, 188, 90, 9, 0.9770, 0.6292, 8.2501, 6, 6
201, 192, 9, 32, 0.9996, 0.7268, 1.8260, 4, 5
201, 194, 110, 114, 0.9980, 0.6946, 1.7377, 3, 4
202, 145, 96, 37, 0.9997, 1.0000, 1.0158, 61, 62
202, 154, 38, 121, 0.9996, 1.0000, 1.1125, 51, 50
202, 158, 110, 37, 0.9997, 1.0000, 1.2480, 45, 43
202, 169, 56, 22, 0.9997, 1.0000, 1.7073, 34, 34
202, 192, 14, 28, 0.9968, 0.7604, 5.2388, 5, 6
202, 194, 110, 115, 0.9996, 0.7268, 0.8596, 4, 5
203, 145, 98, 37, 0.9997, 1.0000, 1.7213, 62, 63
203, 158, 111, 37, 0.9997, 1.0000, 1.0397, 46, 44
203, 169, 58, 22, 0.9997, 1.0000, 2.0000, 35, 35
203, 173, 8, 12, 0.9218, 0.5461, 19.0945, 28, 25
203, 175, 34, 28, 0.9997, 0.7584, 0.7508, 25, 24
203, 195, 51, 96, 0.9673, 0.5836, 24.6276, 5, 5
203, 194, 111, 115, 0.9997, 0.7623, 0.7469, 5, 6
204, 145, 99, 38, 0.9997, 1.0000, 1.4677, 63, 64
204, 158, 112, 37, 0.9997, 1.0000, 0.9985, 47, 45
204, 169, 60, 22, 0.9997, 1.0000, 2.0427, 36, 36
204, 194, 113, 115, 0.9997, 0.7998, 1.7230, 6, 7
205, 145, 101, 38, 0.9997, 1.0000, 1.7865, 64, 65
205, 158, 113, 37, 0.9997, 1.0000, 0.9999, 48, 46
205, 169, 61, 21, 0.9997, 1.0000, 1.4670, 37, 37
205, 175, 33, 29, 0.9997, 0.8414, 1.0819, 27, 26
205, 194, 115, 116, 0.9997, 0.8384, 2.2070, 7, 8
205, 196, 85, 40, 0.8637, 0.5966, 13.6207, 2, 3
205, 197, 42, 82, 0.7591, 0.5365, 6.3945, 2, 3
206, 145, 102, 39, 0.9997, 1.0000, 1.4667, 65, 66
206, 158, 114, 38, 0.9997, 1.0000, 1.2490, 49, 47
206, 169, 64, 22, 0.9996, 1.0000, 2.5168, 38, 38
206, 191, 6, 17, 0.9356, 0.5522, 5.7896, 9, 8
207, 145, 104, 39, 0.9997, 1.0000, 1.7665, 66, 67
207, 158, 115, 38, 0.9997, 1.0000, 1.0418, 50, 48
207, 169, 66, 21, 0.9997, 1.0000, 2.3376, 39, 39
207, 175, 34, 29, 0.9997, 0.9244, 0.7802, 29, 28
207, 183, 7, 50, 0.9997, 0.7051, 0.7239, 19, 17
208, 145, 105, 40, 0.9997, 1.0000, 1.4562, 67, 68
208, 158, 116, 38, 0.9997, 1.0000, 1.0001, 51, 49
208, 169, 68, 21, 0.9997, 1.0000, 2.0568, 40, 40
208, 175, 33, 29, 0.9996, 0.9659, 0.4315, 30, 29
208, 183, 7, 49, 0.9997, 0.7464, 0.8102, 20, 18
208, 192, 16, 25, 0.9986, 0.6825, 5.7909, 11, 11
209, 145, 107, 40, 0.9997, 1.0000, 1.7676, 68, 69
209, 158, 117, 38, 0.9997, 1.0000, 1.0009, 52, 50
209, 169, 70, 22, 0.9997, 1.0000, 2.1070, 41, 41
209, 175, 32, 28, 0.9997, 1.0000, 1.3016, 31, 30
209, 183, 8, 50, 0.9996, 0.7878, 0.8980, 21, 19
209, 194, 113, 111, 0.9804, 0.5902, 6.3762, 11, 11
210, 145, 108, 40, 0.9997, 1.0000, 1.2502, 69, 70
210, 158, 118, 39, 0.9997, 1.0000, 1.2486, 53, 51
210, 169, 72, 22, 0.9997, 1.0000, 2.0092, 42, 42
210, 175, 31, 27, 0.9997, 1.0000, 1.5241, 32, 31
210, 183, 9, 50, 0.9997, 0.8293, 1.0562, 22, 20
210, 198, 48, 125, 0.9955, 0.6392, 6.2382, 6, 6
210, 200, 30, 81, 0.9980, 0.6947, 2.0075, 3, 4
211, 145, 109, 41, 0.9997, 1.0000, 1.2223, 70, 71
211, 158, 119, 39, 0.9997, 1.0000, 1.0417, 54, 52
211, 169, 74, 21, 0.9997, 1.0000, 2.1338, 43, 43
211, 175, 29, 24, 0.9996, 1.0000, 3.1444, 33, 32
211, 183, 10, 50, 0.9997, 0.8708, 1.0411, 23, 21
212, 145, 112, 40, 0.9996, 1.0000, 2.5331, 71, 72
212, 158, 120, 39, 0.9997, 1.0000, 1.0000, 55, 53
212, 169, 76, 21, 0.9997, 1.0000, 2.0290, 44, 44
212, 191, 7, 22, 0.9997, 0.6598, 1.0215, 15, 13
213, 145, 120, 39, 0.9982, 1.0000, 7.7532, 72, 73
213, 158, 113, 41, 0.9929, 1.0000, 6.0604, 56, 54
213, 169, 78, 21, 0.9997, 1.0000, 2.0010, 45, 45
213, 183, 11, 50, 0.9997, 0.9537, 0.7075, 25, 23
213, 191, 8, 22, 0.9997, 0.7014, 0.8164, 16, 14
213, 203, 41, 63, 0.9980, 0.6947, 1.2437, 3, 4
214, 158, 96, 40, 0.6838, 0.7766, 16.1421, 57, 55
214, 169, 80, 21, 0.9997, 1.0000, 2.0006, 46, 46
214, 183, 11, 51, 0.9997, 0.9952, 0.7967, 26, 24
214, 191, 10, 21, 0.9996, 0.7429, 1.9558, 17, 15
214, 203, 41, 64, 0.9996, 0.7268, 1.0295, 4, 5
214, 204, 28, 23, 0.9811, 0.6845, 1.0059, 3, 4
215, 169, 83, 22, 0.9997, 1.0000, 2.8725, 47, 47
215, 191, 10, 21, 0.9996, 0.7845, 0.6283, 18, 16
215, 203, 41, 65, 0.9997, 0.7623, 0.9996, 5, 6
215, 204, 27, 23, 0.9991, 0.7265, 1.1661, 4, 5
215, 206, 127, 98, 0.9981, 0.6947, 1.7693, 3, 4
215, 207, 127, 118, 0.9975, 0.6943, 1.6102, 3, 4
216, 169, 85, 21, 0.9996, 1.0000, 2.3397, 48, 48
216, 183, 12, 52, 0.9997, 1.0000, 1.0535, 28, 26
216, 200, 22, 87, 0.9997, 0.6831, 2.0402, 9, 9
216, 204, 27, 21, 0.9996, 0.7622, 1.6204, 5, 6
217, 169, 87, 21, 0.9997, 1.0000, 2.0215, 49, 49
217, 191, 11, 21, 0.9997, 0.8677, 0.6635, 20, 18
217, 201, 19, 16, 0.9997, 0.6657, 1.0089, 10, 9
217, 200, 20, 88, 0.9997, 0.7248, 2.0876, 10, 10
217, 208, 125, 40, 0.9981, 0.6947, 1.0059, 3, 4
217, 209, 75, 123, 0.9975, 0.6943, 1.6102, 3, 4
218, 169, 89, 21, 0.9997, 1.0000, 1.9579, 50, 50
218, 191, 12, 21, 0.9997, 0.9093, 1.0233, 21, 19
218, 201, 20, 16, 0.9997, 0.7078, 0.9989, 11, 10
218, 200, 19, 89, 0.9997, 0.7664, 1.5643, 11, 11
218, 208, 126, 41, 0.9996, 0.7268, 1.2594, 4, 5
218, 209, 75, 122, 0.9996, 0.7268, 1.0407, 4, 5
219, 169, 91, 21, 0.9997, 1.0000, 1.9839, 51, 51
219, 183, 11, 54, 0.9996, 1.0000, 1.6890, 31, 29
219, 191, 13, 21, 0.9997, 0.9509, 1.0581, 22, 20
219, 201, 21, 17, 0.9997, 0.7498, 1.2569, 12, 11
219, 200, 17, 89, 0.9997, 0.8081, 1.7456, 12, 12
219, 208, 127, 41, 0.9997, 0.7623, 1.0412, 5, 6
219, 209, 74, 120, 0.9997, 0.7623, 1.8416, 5, 6
220, 169, 93, 22, 0.9997, 1.0000, 2.1468, 52, 52
220, 183, 11, 54, 0.9997, 1.0000, 0.6473, 32, 30
220, 201, 22, 17, 0.9997, 0.7918, 1.0419, 13, 12
220, 200, 16, 90, 0.9997, 0.8498, 1.4327, 13, 13
220, 208, 126, 49, 0.9944, 0.7961, 6.8955, 6, 7
220, 209, 74, 119, 0.9997, 0.7998, 1.2892, 6, 7
221, 169, 96, 22, 0.9997, 1.0000, 2.7819, 53, 53
221, 183, 11, 55, 0.9997, 1.0000, 0.7648, 33, 31
221, 191, 14, 21, 0.9997, 1.0000, 0.7069, 24, 22
221, 201, 23, 17, 0.9997, 0.8337, 1.0001, 14, 13
221, 200, 15, 90, 0.9997, 0.8914, 1.0157, 14, 14
221, 205, 6, 75, 0.9201, 0.6367, 9.7757, 9, 9
221, 209, 74, 116, 0.9996, 0.8384, 2.5256, 7, 8
222, 169, 98, 22, 0.9997, 1.0000, 2.2927, 54, 54
222, 191, 15, 21, 0.9997, 1.0000, 0.9968, 25, 23
222, 201, 24, 18, 0.9997, 0.8756, 1.2331, 15, 14
222, 210, 127, 45, 0.9997, 0.6831, 1.2739, 8, 8
222, 212, 103, 22, 0.9794, 0.6836, 5.2222, 3, 4
222, 213, 2, 112, 0.9980, 0.6946, 1.4232, 3, 4
223, 169, 100, 22, 0.9997, 1.0000, 2.0005, 55, 55
223, 183, 10, 55, 0.9997, 1.0000, 0.7475, 35, 33
223, 201, 25, 17, 0.9996, 0.9174, 1.1130, 16, 15
223, 200, 13, 90, 0.9996, 0.9747, 1.4589, 16, 16
223, 210, 119, 42, 0.9342, 0.6839, 8.0280, 9, 9
223, 213, 3, 113, 0.9996, 0.7268, 1.4172, 4, 5
224, 169, 102, 22, 0.9997, 1.0000, 1.9574, 56, 56
224, 183, 9, 56, 0.9997, 1.0000, 1.2786, 36, 34
224, 191, 16, 21, 0.9997, 1.0000, 0.7245, 27, 25
224, 201, 26, 17, 0.9997, 0.9593, 1.0417, 17, 16
224, 200, 6, 92, 0.9980, 1.0000, 6.8106, 17, 17
224, 210, 106, 40, 0.9889, 0.7593, 12.3412, 10, 10
225, 169, 105, 22, 0.9997, 1.0000, 2.7476, 57, 57
225, 183, 10, 56, 0.9996, 1.0000, 0.5468, 37, 35
225, 191, 17, 21, 0.9997, 1.0000, 1.0002, 28, 26
225, 201, 27, 17, 0.9997, 1.0000, 1.0008, 18, 17
225, 213, 4, 114, 0.9997, 0.7998, 1.0012, 6, 7
226, 169, 107, 22, 0.9997, 1.0000, 2.2918, 58, 58
226, 183, 10, 57, 0.9997, 1.0000, 0.8351, 38, 36
226, 191, 18, 20, 0.9997, 1.0000, 1.2906, 29, 27
226, 201, 28, 16, 0.9997, 1.0000, 1.2421, 19, 18
226, 213, 5, 115, 0.9997, 0.8384, 1.4142, 7, 8
226, 215, 70, 55, 0.9383, 0.6884, 8.9321, 4, 5
226, 217, 10, 88, 0.7857, 0.5681, 9.1327, 3, 4
226, 218, 104, 26, 0.8978, 0.6162, 10.6385, 2, 3
227, 169, 109, 22, 0.9997, 1.0000, 2.0024, 59, 59
227, 201, 29, 16, 0.9997, 1.0000, 1.0373, 20, 19
227, 209, 77, 108, 0.9995, 0.6830, 2.6414, 13, 13
227, 219, 42, 12, 0.6859, 0.5087, 8.8411, 3, 4
228, 169, 112, 22, 0.9997, 1.0000, 2.7223, 60, 60
228, 191, 19, 20, 0.9997, 1.0000, 0.7082, 31, 29
228, 201, 30, 16, 0.9997, 1.0000, 1.0000, 21, 20
228, 209, 87, 103, 0.9734, 0.7083, 10.8985, 14, 14
228, 213, 6, 117, 0.9996, 0.9178, 1.6553, 9, 10
228, 220, 95, 90, 0.7952, 0.5572, 5.4211, 2, 3
229, 169, 114, 22, 0.9997, 1.0000, 2.2755, 61, 61
229, 191, 21, 19, 0.9996, 1.0000, 1.9037, 32, 30
229, 201, 31, 16, 0.9997, 1.0000, 1.0008, 22, 21
229, 213, 7, 117, 0.9997, 0.9580, 1.1308, 10, 11
230, 169, 117, 22, 0.9997, 1.0000, 2.7638, 62, 62
230, 191, 21, 19, 0.9996, 1.0000, 0.6327, 33, 31
230, 201, 33, 15, 0.9997, 1.0000, 1.9162, 23, 22
230, 213, 8, 118, 0.9997, 0.9986, 1.2815, 11, 12
230, 221, 5, 20, 0.9980, 0.6946, 2.0440, 3, 4
230, 222, 59, 70, 0.9981, 0.6947, 1.0059, 3, 4
230, 223, 5, 90, 0.9978, 0.6945, 1.0898, 3, 4
230, 224, 2, 114, 0.9981, 0.6947, 1.4453, 3, 4
231, 169, 119, 22, 0.9997, 1.0000, 2.2515, 63, 63
231, 191, 22, 19, 0.9997, 1.0000, 0.7245, 34, 32
231, 201, 34, 15, 0.9997, 1.0000, 1.3244, 24, 23
231, 213, 3, 116, 0.9968, 1.0000, 4.8069, 12, 13
231, 221, 7, 21, 0.9996, 0.7268, 2.1724, 4, 5
231, 222, 61, 71, 0.9996, 0.7268, 1.9238, 4, 5
231, 223, 4, 90, 0.9996, 0.7268, 0.9961, 4, 5
231, 224, 13, 111, 0.8488, 0.6323, 10.6069, 4, 5
232, 169, 121, 22, 0.9997, 1.0000, 1.9846, 64, 64
232, 182, 86, 20, 0.8072, 0.4928, 5.4505, 45, 41
232, 201, 35, 15, 0.9997, 1.0000, 1.0000, 25, 24
232, 214, 76, 100, 0.9997, 0.6581, 1.7996, 14, 12
232, 221, 9, 21, 0.9997, 0.7623, 2.0323, 5, 6
232, 223, 1, 90, 0.9996, 0.7622, 2.5133, 5, 6
233, 169, 124, 22, 0.9997, 1.0000, 2.7214, 65, 65
233, 182, 87, 6, 0.8220, 0.5336, 12.7152, 46, 42
233, 201, 36, 15, 0.9997, 1.0000, 0.9583, 26, 25
233, 214, 76, 99, 0.9997, 0.6998, 1.2514, 15, 13
233, 221, 11, 21, 0.9997, 0.7998, 1.9976, 6, 7
233, 226, 115, 39, 0.7423, 0.5268, 12.3945, 2, 3
234, 169, 126, 23, 0.9997, 1.0000, 2.4025, 66, 66
234, 201, 37, 15, 0.9997, 1.0000, 0.9839, 27, 26
234, 214, 77, 96, 0.9996, 0.7414, 2.6210, 16, 14
234, 221, 13, 21, 0.9997, 0.8385, 1.9975, 7, 8
235, 201, 38, 15, 0.9997, 1.0000, 1.0000, 28, 27
235, 221, 15, 21, 0.9997, 0.8779, 1.9993, 8, 9
235, 225, 9, 62, 0.9995, 0.6831, 1.1058, 7, 7
235, 227, 11, 122, 0.9666, 0.6759, 7.9996, 3, 4
236, 201, 40, 15, 0.9997, 1.0000, 1.7663, 29, 28
236, 221, 17, 21, 0.9997, 0.9178, 2.0001, 9, 10
237, 191, 21, 20, 0.9997, 1.0000, 1.0788, 40, 38
237, 201, 41, 15, 0.9997, 1.0000, 1.2927, 30, 29
238, 191, 22, 20, 0.9996, 1.0000, 0.5556, 41, 39
239, 191, 24, 21, 0.9996, 1.0000, 1.9734, 42, 40
240, 191, 26, 21, 0.9997, 1.0000, 2.1683, 43, 41
240, 229, 7, 123, 0.9992, 0.6828, 1.8373, 8, 8
241, 191, 29, 21, 0.9997, 1.0000, 2.8491, 44, 42
241, 229, 9, 123, 0.9996, 0.7248, 1.7191, 9, 9
242, 191, 31, 21, 0.9997, 1.0000, 2.3022, 45, 43
242, 229, 9, 123, 0.9996, 0.7664, 0.5270, 10, 10
242, 233, 23, 18, 0.9978, 0.6945, 0.8799, 3, 4
243, 191, 33, 21, 0.9997, 1.0000, 1.9915, 46, 44
243, 201, 47, 16, 0.9997, 0.6734, 1.0436, 36, 34
243, 229, 10, 124, 0.9997, 0.8081, 0.9885, 11, 11
243, 233, 24, 17, 0.9996, 0.7268, 1.1096, 4, 5
244, 191, 36, 21, 0.9997, 1.0000, 2.7166, 47, 45
244, 201, 48, 17, 0.9997, 0.7147, 1.2585, 37, 35
244, 229, 11, 125, 0.9997, 0.8498, 1.4069, 12, 12
244, 233, 23, 17, 0.9996, 0.7623, 0.5469, 5, 6
245, 191, 38, 21, 0.9997, 1.0000, 2.2750, 48, 46
245, 201, 49, 17, 0.9997, 0.7559, 1.0304, 38, 36
245, 229, 12, 126, 0.9997, 0.8914, 1.4736, 13, 13
245, 231, 113, 108, 0.9997, 0.6831, 1.7569, 8, 8
245, 233, 25, 17, 0.9996, 0.7997, 1.1957, 6, 7
245, 235, 67, 87, 0.9981, 0.6947, 1.4453, 3, 4
246, 191, 41, 20, 0.9997, 1.0000, 2.8678, 49, 47
246, 201, 50, 18, 0.9997, 0.7972, 1.2485, 39, 37
246, 231, 114, 108, 0.9997, 0.7248, 1.2510, 9, 9
246, 233, 26, 17, 0.9997, 0.8385, 1.2918, 7, 8
246, 235, 66, 87, 0.9996, 0.7268, 1.0409, 4, 5
247, 191, 43, 20, 0.9997, 1.0000, 2.2707, 50, 48
247, 201, 51, 18, 0.9997, 0.8385, 1.0306, 40, 38
247, 229, 13, 127, 0.9997, 0.9747, 1.0020, 15, 15
247, 231, 115, 109, 0.9997, 0.7664, 1.2378, 10, 10
247, 233, 27, 16, 0.9997, 0.8779, 1.3172, 8, 9
247, 235, 65, 86, 0.9997, 0.7623, 1.2330, 5, 6
248, 191, 45, 20, 0.9997, 1.0000, 1.9847, 51, 49
248, 201, 52, 18, 0.9997, 0.8798, 1.0001, 41, 39
248, 225, 15, 68, 0.9997, 0.7061, 0.7059, 20, 18
248, 229, 6, 125, 0.9922, 1.0000, 6.2271, 16, 16
248, 231, 117, 109, 0.9997, 0.8081, 1.7464, 11, 11
248, 235, 64, 88, 0.9996, 0.7997, 1.6350, 6, 7
249, 191, 48, 20, 0.9997, 1.0000, 2.7217, 52, 50
249, 201, 53, 19, 0.9997, 0.9212, 1.2336, 42, 40
249, 225, 16, 69, 0.9997, 0.7474, 1.2305, 21, 19
249, 231, 118, 109, 0.9997, 0.8498, 1.2778, 12, 12
249, 233, 28, 16, 0.9997, 0.9581, 0.6920, 10, 11
249, 235, 63, 85, 0.9992, 0.8381, 2.6519, 7, 8
250, 191, 51, 20, 0.9997, 1.0000, 3.0417, 53, 51
250, 231, 120, 109, 0.9997, 0.8914, 1.7653, 13, 13
250, 235, 62, 83, 0.9997, 0.8779, 2.1390, 8, 9
251, 191, 53, 20, 0.9997, 1.0000, 2.2927, 54, 52
251, 225, 17, 70, 0.9997, 0.8302, 1.0535, 23, 21
251, 231, 121, 110, 0.9997, 0.9330, 1.4579, 14, 14
251, 232, 8, 57, 0.9994, 0.6164, 4.3732, 13, 11
251, 233, 29, 15, 0.9997, 1.0000, 1.0601, 12, 13
251, 235, 61, 82, 0.9997, 0.9178, 1.5073, 9, 10
251, 237, 2, 79, 0.7007, 0.5029, 6.0344, 2, 3
252, 191, 55, 20, 0.9997, 1.0000, 1.9598, 55, 53
252, 225, 18, 70, 0.9997, 0.8716, 1.0313, 24, 22
252, 231, 123, 110, 0.9997, 0.9747, 1.7726, 15, 15
252, 233, 30, 14, 0.9997, 1.0000, 1.4660, 13, 14
252, 235, 59, 82, 0.9996, 0.9580, 1.7707, 10, 11
252, 238, 125, 94, 0.9946, 0.6926, 3.0938, 3, 4
253, 191, 56, 20, 0.9997, 1.0000, 1.1780, 56, 54
253, 225, 19, 70, 0.9997, 0.9131, 1.0404, 25, 23
253, 231, 124, 110, 0.9997, 1.0000, 1.2492, 16, 16
253, 233, 31, 14, 0.9997, 1.0000, 1.0835, 14, 15
253, 235, 58, 81, 0.9997, 0.9986, 1.4500, 11, 12
254, 191, 57, 22, 0.9996, 1.0000, 1.7876, 57, 55
254, 225, 19, 71, 0.9997, 0.9545, 0.7639, 26, 24
254, 233, 31, 13, 0.9997, 1.0000, 0.7643, 15, 16
254, 235, 57, 81, 0.9997, 1.0000, 1.0259, 12, 13
255, 191, 58, 22, 0.9997, 1.0000, 1.1120, 58, 56
255, 225, 20, 71, 0.9997, 0.9960, 0.7607, 27, 25
255, 233, 32, 13, 0.9997, 1.0000, 0.7446, 16, 17
255, 235, 56, 80, 0.9997, 1.0000, 1.2195, 13, 14
255, 241, 3, 84, 0.9877, 0.6885, 1.8556, 3, 4
256, 191, 58, 23, 0.9997, 1.0000, 0.7968, 59, 57
256, 225, 21, 71, 0.9997, 1.0000, 0.9978, 28, 26
256, 232, 46, 7, 0.8414, 0.4997, 8.4792, 18, 15
256, 233, 32, 12, 0.9997, 1.0000, 0.7832, 17, 18
256, 239, 12, 59, 0.9996, 0.6831, 1.5838, 7, 7
256, 240, 29, 21, 0.9996, 0.7268, 0.7098, 4, 5
256, 242, 94, 83, 0.9968, 0.6939, 3.7844, 3, 4
256, 243, 1, 30, 0.6157, 0.4540, 6.8829, 2, 3
257, 191, 60, 23, 0.9996, 1.0000, 1.4905, 60, 58
257, 225, 22, 71, 0.9997, 1.0000, 1.0425, 29, 27
257, 233, 33, 12, 0.9997, 1.0000, 0.7911, 18, 19
257, 235, 54, 78, 0.9996, 1.0000, 2.1125, 15, 16
257, 239, 13, 60, 0.9997, 0.7248, 1.7287, 8, 8
257, 237, 9, 81, 0.9995, 0.6830, 2.2458, 8, 8
257, 240, 29, 22, 0.9997, 0.7623, 0.9995, 5, 6
257, 241, 11, 78, 0.8100, 0.6366, 10.0564, 5, 6
257, 244, 68, 19, 0.9980, 0.6946, 3.0498, 3, 4
258, 191, 61, 24, 0.9997, 1.0000, 1.4871, 61, 59
258, 233, 33, 11, 0.9997, 1.0000, 0.7922, 19, 20
258, 235, 53, 77, 0.9997, 1.0000, 1.8382, 16, 17
258, 239, 12, 60, 0.9996, 0.7664, 0.5475, 9, 9
258, 237, 10, 82, 0.9997, 0.7248, 1.6447, 9, 9
258, 244, 71, 19, 0.9996, 0.7268, 3.0527, 4, 5
259, 191, 62, 24, 0.9997, 1.0000, 1.0725, 62, 60
259, 225, 23, 72, 0.9997, 1.0000, 1.0418, 31, 29
259, 233, 34, 11, 0.9997, 1.0000, 0.7915, 20, 21
259, 235, 52, 76, 0.9997, 1.0000, 1.4743, 17, 18
259, 239, 14, 60, 0.9996, 0.8081, 1.1571, 10, 10
259, 237, 4, 84, 0.9943, 0.7629, 5.3580, 10, 10
259, 240, 29, 23, 0.9997, 0.8384, 0.7244, 7, 8
259, 244, 73, 19, 0.9997, 0.7623, 2.2489, 5, 6
260, 191, 63, 26, 0.9996, 1.0000, 1.8019, 63, 61
260, 225, 24, 72, 0.9997, 1.0000, 1.0401, 32, 30
260, 233, 35, 11, 0.9997, 1.0000, 1.0140, 21, 22
260, 235, 52, 75, 0.9997, 1.0000, 0.9937, 18, 19
260, 239, 15, 61, 0.9997, 0.8497, 1.4538, 11, 11
260, 240, 29, 24, 0.9997, 0.8779, 1.0000, 8, 9
260, 244, 76, 19, 0.9997, 0.7998, 2.7055, 6, 7
260, 243, 3, 32, 0.8548, 0.5274, 6.0883, 6, 6
260, 245, 5, 103, 0.9980, 0.6947, 1.0426, 3, 4
261, 191, 64, 25, 0.9996, 1.0000, 1.0081, 64, 62
261, 225, 24, 73, 0.9997, 1.0000, 0.8137, 33, 31
261, 233, 35, 10, 0.9997, 1.0000, 0.7737, 22, 23
261, 235, 51, 74, 0.9997, 1.0000, 1.2020, 19, 20
261, 239, 15, 61, 0.9997, 0.8914, 0.4195, 12, 12
261, 240, 29, 25, 0.9997, 0.9178, 1.0402, 9, 10
261, 244, 78, 20, 0.9997, 0.8384, 2.3593, 7, 8
262, 225, 25, 73, 0.9997, 1.0000, 0.7661, 34, 32
262, 233, 36, 10, 0.9997, 1.0000, 0.7737, 23, 24
262, 235, 50, 73, 0.9997, 1.0000, 1.4109, 20, 21
262, 239, 16, 62, 0.9997, 0.9331, 1.0374, 13, 13
262, 244, 81, 20, 0.9997, 0.8779, 2.7654, 8, 9
262, 245, 13, 102, 0.9950, 0.7592, 6.8664, 5, 6
262, 247, 4, 35, 0.7375, 0.5241, 8.9262, 2, 3
263, 225, 26, 74, 0.9997, 1.0000, 1.2486, 35, 33
263, 233, 37, 10, 0.9997, 1.0000, 0.9992, 24, 25
263, 235, 50, 72, 0.9997, 1.0000, 1.0400, 21, 22
263, 244, 84, 21, 0.9997, 0.9178, 3.1117, 9, 10
263, 248, 17, 112, 0.6475, 0.4858, 17.9655, 3, 4
263, 249, 15, 84, 0.9980, 0.6947, 1.0426, 3, 4
264, 225, 27, 74, 0.9997, 1.0000, 1.0697, 36, 34
264, 233, 38, 10, 0.9997, 1.0000, 1.0410, 25, 26
264, 239, 17, 63, 0.9997, 1.0000, 1.0570, 15, 15
264, 244, 86, 21, 0.9997, 0.9580, 2.2924, 10, 11
264, 250, 29, 124, 0.9980, 0.6946, 0.7813, 3, 4
265, 233, 38, 9, 0.9997, 1.0000, 0.7896, 26, 27
265, 239, 18, 64, 0.9997, 1.0000, 1.4353, 16, 16
265, 244, 89, 22, 0.9997, 0.9986, 2.8230, 11, 12
265, 250, 30, 124, 0.9996, 0.7268, 0.7970, 4, 5
265, 251, 120, 126, 0.9981, 0.6947, 0.7315, 3, 4
266, 225, 28, 75, 0.9997, 1.0000, 1.0115, 38, 36
266, 233, 39, 9, 0.9997, 1.0000, 0.7660, 27, 28
266, 244, 91, 22, 0.9997, 1.0000, 2.2490, 12, 13
266, 250, 31, 124, 0.9997, 0.7623, 1.0139, 5, 6
266, 251, 124, 125, 0.9988, 0.7263, 3.6620, 4, 5
266, 252, 70, 27, 0.9980, 0.6946, 1.3093, 3, 4
267, 225, 29, 75, 0.9997, 1.0000, 1.0357, 39, 37
267, 233, 40, 9, 0.9997, 1.0000, 0.9978, 28, 29
267, 239, 17, 65, 0.9996, 1.0000, 1.0819, 18, 18
267, 240, 29, 30, 0.9997, 0.6831, 1.0083, 15, 15
267, 242, 106, 87, 0.9997, 0.6706, 1.7415, 14, 13
267, 244, 94, 23, 0.9997, 1.0000, 2.8489, 13, 14
267, 252, 71, 28, 0.9996, 0.7268, 1.2525, 4, 5
268, 225, 30, 75, 0.9997, 1.0000, 1.0417, 40, 38
268, 239, 19, 66, 0.9996, 1.0000, 1.5458, 19, 19
268, 240, 29, 31, 0.9997, 0.7248, 0.9989, 16, 16
268, 242, 107, 88, 0.9997, 0.7123, 1.4817, 15, 14
268, 244, 97, 23, 0.9997, 1.0000, 3.0258, 14, 15
268, 249, 27, 90, 0.9950, 0.6389, 7.3495, 8, 8
268, 252, 72, 28, 0.9997, 0.7623, 0.9897, 5, 6
268, 253, 47, 68, 0.9980, 0.6947, 1.0426, 3, 4
269, 225, 22, 67, 0.6478, 0.7383, 10.1190, 41, 39
269, 233, 41, 9, 0.9997, 1.0000, 0.7246, 30, 31
269, 240, 29, 32, 0.9997, 0.7665, 0.9984, 17, 17
269, 242, 108, 89, 0.9997, 0.7540, 1.4251, 16, 15
269, 244, 99, 24, 0.9997, 1.0000, 2.3990, 15, 16
269, 252, 72, 29, 0.9997, 0.7998, 0.7804, 6, 7
269, 253, 46, 67, 0.9996, 0.7268, 1.2564, 4, 5
270, 233, 42, 9, 0.9997, 1.0000, 1.0001, 31, 32
270, 240, 29, 33, 0.9997, 0.8081, 0.9995, 18, 18
270, 242, 110, 89, 0.9997, 0.7956, 1.7459, 17, 16
270, 244, 102, 24, 0.9997, 1.0000, 2.7337, 16, 17
270, 252, 74, 29, 0.9996, 0.8384, 1.4934, 7, 8
270, 257, 8, 35, 0.9975, 0.6943, 1.6134, 3, 4
271, 242, 111, 90, 0.9997, 0.8373, 1.4664, 18, 17
271, 244, 105, 25, 0.9997, 1.0000, 3.0915, 17, 18
271, 250, 22, 116, 0.7709, 0.5176, 10.1185, 10, 10
271, 252, 75, 29, 0.9997, 0.8779, 1.2942, 8, 9
271, 258, 23, 63, 0.8139, 0.5680, 14.8834, 2, 3
272, 233, 43, 9, 0.9997, 1.0000, 0.7236, 33, 34
272, 240, 28, 34, 0.9997, 0.8914, 1.0418, 20, 20
272, 242, 112, 90, 0.9997, 0.8789, 1.0273, 19, 18
272, 244, 108, 25, 0.9997, 1.0000, 3.0505, 18, 19
272, 252, 77, 29, 0.9997, 0.9178, 1.8079, 9, 10
272, 256, 6, 91, 0.9707, 0.6662, 8.1618, 7, 7
272, 258, 28, 44, 0.9526, 0.6676, 19.1693, 3, 4
273, 240, 28, 35, 0.9997, 0.9331, 1.0417, 21, 21
273, 242, 114, 90, 0.9997, 0.9206, 1.7237, 20, 19
273, 244, 111, 25, 0.9997, 1.0000, 3.0155, 19, 20
273, 252, 78, 30, 0.9997, 0.9580, 1.4710, 10, 11
274, 233, 44, 9, 0.9997, 1.0000, 0.7485, 35, 36
274, 239, 23, 68, 0.9997, 0.6761, 0.7514, 25, 24
274, 240, 28, 36, 0.9997, 0.9747, 1.0426, 22, 22
274, 242, 115, 92, 0.9996, 0.9622, 1.9602, 21, 20
274, 244, 115, 26, 0.9997, 1.0000, 3.8326, 20, 21
274, 249, 35, 120, 0.9969, 0.6691, 1.5391, 14, 13
274, 252, 79, 30, 0.9997, 0.9986, 1.0262, 11, 12
275, 239, 24, 69, 0.9997, 0.7176, 1.2842, 26, 25
275, 240, 28, 37, 0.9997, 1.0000, 1.0171, 23, 23
275, 242, 117, 92, 0.9997, 1.0000, 1.8539, 22, 21
275, 244, 119, 25, 0.9996, 1.0000, 4.0825, 21, 22
275, 249, 35, 120, 0.9996, 0.7122, 0.4636, 15, 14
275, 252, 81, 31, 0.9997, 1.0000, 1.8820, 12, 13
275, 259, 35, 78, 0.9996, 0.7268, 1.0396, 4, 5
275, 260, 31, 91, 0.9980, 0.6946, 1.7859, 3, 4
275, 261, 124, 118, 0.8102, 0.5659, 5.2624, 2, 3
276, 233, 46, 9, 0.9996, 1.0000, 1.5147, 37, 38
276, 239, 25, 70, 0.9997, 0.7590, 1.4656, 27, 26
276, 240, 28, 38, 0.9997, 1.0000, 1.0001, 24, 24
276, 242, 118, 93, 0.9997, 1.0000, 1.4667, 23, 22
276, 244, 122, 25, 0.9997, 1.0000, 3.3038, 22, 23
276, 249, 39, 120, 0.9993, 0.7537, 3.8117, 16, 15
276, 252, 84, 32, 0.9997, 1.0000, 2.9825, 13, 14
276, 259, 36, 79, 0.9997, 0.7623, 1.4236, 5, 6
276, 260, 32, 92, 0.9996, 0.7268, 1.4740, 4, 5
277, 233, 45, 10, 0.9996, 1.0000, 0.7955, 38, 39
277, 239, 26, 70, 0.9997, 0.8005, 1.0536, 28, 27
277, 242, 120, 93, 0.9997, 1.0000, 1.7610, 24, 23
277, 244, 126, 25, 0.9997, 1.0000, 3.7216, 23, 24
277, 250, 21, 111, 0.9997, 0.6722, 1.0560, 16, 15
277, 262, 39, 60, 0.9980, 0.6946, 1.9146, 3, 4
278, 233, 46, 10, 0.9997, 1.0000, 0.5432, 39, 40
278, 239, 27, 70, 0.9997, 0.8420, 0.9985, 29, 28
278, 240, 28, 39, 0.9997, 1.0000, 0.7073, 26, 26
278, 242, 121, 94, 0.9997, 1.0000, 1.4480, 25, 24
278, 250, 22, 112, 0.9997, 0.7138, 1.2258, 17, 16
278, 262, 38, 60, 0.9996, 0.7268, 1.3142, 4, 5
279, 239, 28, 71, 0.9997, 0.8835, 1.2223, 30, 29
279, 240, 28, 40, 0.9997, 1.0000, 1.0000, 27, 27
279, 242, 122, 95, 0.9997, 1.0000, 1.4137, 26, 25
279, 246, 86, 31, 0.9997, 1.0000, 1.0804, 20, 21
279, 250, 23, 112, 0.9997, 0.7553, 1.0192, 18, 17
279, 262, 36, 60, 0.9997, 0.7623, 1.7634, 5, 6
280, 233, 47, 10, 0.9997, 1.0000, 0.7775, 41, 42
280, 240, 28, 41, 0.9997, 1.0000, 1.0427, 28, 28
280, 242, 124, 95, 0.9997, 1.0000, 1.7449, 27, 26
280, 246, 87, 31, 0.9996, 1.0000, 0.5550, 21, 22
280, 250, 24, 113, 0.9997, 0.7969, 1.2482, 19, 18
280, 259, 21, 94, 0.7908, 0.4954, 10.7672, 9, 9
280, 260, 37, 84, 0.9192, 0.5596, 8.5765, 8, 8
280, 262, 34, 58, 0.9996, 0.7997, 2.5027, 6, 7
280, 263, 4, 112, 0.6634, 0.4815, 20.2959, 2, 3
281, 233, 46, 10, 0.9996, 1.0000, 0.4979, 42, 43
281, 239, 33, 61, 0.7884, 0.7834, 10.2224, 32, 31
281, 240, 28, 42, 0.9997, 1.0000, 1.0163, 29, 29
281, 242, 125, 96, 0.9997, 1.0000, 1.4683, 28, 27
281, 246, 87, 32, 0.9997, 1.0000, 0.8178, 22, 23
281, 250, 26, 120, 0.9976, 0.8370, 6.6027, 20, 19
282, 233, 48, 11, 0.9996, 1.0000, 1.4433, 43, 44
282, 240, 28, 43, 0.9997, 1.0000, 1.0000, 30, 30
282, 242, 127, 97, 0.9997, 1.0000, 2.0280, 29, 28
282, 246, 89, 34, 0.9996, 1.0000, 2.3716, 23, 24
282, 249, 39, 116, 0.9997, 0.6672, 0.7997, 22, 20
283, 233, 48, 11, 0.9997, 1.0000, 0.6152, 44, 45
283, 240, 31, 55, 0.7850, 0.8850, 11.3479, 31, 31
283, 246, 91, 34, 0.9996, 1.0000, 2.1609, 24, 25
283, 249, 40, 116, 0.9997, 0.7085, 0.7896, 23, 21
283, 264, 27, 113, 0.6315, 0.4631, 12.5752, 2, 3
283, 265, 36, 79, 0.6395, 0.4677, 5.3875, 2, 3
284, 233, 49, 11, 0.9997, 1.0000, 0.7917, 45, 46
284, 240, 36, 74, 0.8464, 0.9464, 18.2739, 32, 32
284, 246, 92, 35, 0.9997, 1.0000, 1.5141, 25, 26
285, 246, 93, 35, 0.9997, 1.0000, 0.9872, 26, 27
285, 249, 41, 115, 0.9997, 0.7911, 1.0398, 25, 23
285, 266, 4, 14, 0.9978, 0.6945, 1.5269, 3, 4
286, 233, 50, 12, 0.9997, 1.0000, 1.0475, 47, 48
286, 246, 94, 36, 0.9997, 1.0000, 1.1912, 27, 28
286, 249, 40, 117, 0.9994, 0.8323, 2.0785, 26, 24
287, 239, 28, 47, 0.9995, 0.6738, 1.1499, 38, 36
287, 246, 96, 36, 0.9997, 1.0000, 1.7635, 28, 29
287, 265, 38, 70, 0.9824, 0.5912, 4.8224, 6, 6
287, 268, 28, 54, 0.9980, 0.6947, 1.4001, 3, 4
287, 269, 14, 80, 0.8327, 0.5788, 6.0423, 2, 3
288, 239, 28, 48, 0.9997, 0.7152, 0.9842, 39, 37
288, 246, 97, 37, 0.9997, 1.0000, 1.4969, 29, 30
288, 268, 28, 53, 0.9996, 0.7268, 1.0181, 4, 5
288, 270, 3, 92, 0.9979, 0.6946, 1.0079, 3, 4
288, 271, 79, 42, 0.6665, 0.4833, 6.4231, 2, 3
289, 233, 51, 12, 0.9997, 1.0000, 0.7242, 50, 51
289, 239, 28, 49, 0.9997, 0.7565, 0.9724, 40, 38
289, 246, 98, 37, 0.9997, 1.0000, 1.0343, 30, 31
289, 268, 27, 52, 0.9997, 0.7623, 1.2165, 5, 6
289, 270, 5, 92, 0.9996, 0.7268, 1.7682, 4, 5
289, 272, 44, 86, 0.9980, 0.6946, 0.7813, 3, 4
290, 233, 52, 13, 0.9997, 1.0000, 1.2824, 51, 52
290, 239, 27, 50, 0.9997, 0.7977, 1.2540, 41, 39
290, 246, 100, 38, 0.9997, 1.0000, 1.8786, 31, 32
290, 268, 23, 48, 0.9993, 0.7995, 4.6562, 6, 7
290, 270, 6, 92, 0.9997, 0.7623, 1.2915, 5, 6
290, 272, 45, 86, 0.9996, 0.7268, 1.0058, 4, 5
290, 273, 35, 92, 0.7641, 0.5393, 14.9710, 2, 3
291, 233, 52, 13, 0.9997, 1.0000, 0.4131, 52, 53
291, 246, 101, 38, 0.9997, 1.0000, 1.2997, 32, 33
291, 270, 7, 92, 0.9997, 0.7998, 0.9996, 6, 7
291, 272, 46, 87, 0.9997, 0.7623, 1.2671, 5, 6
291, 275, 123, 95, 0.9980, 0.6946, 1.4906, 3, 4
292, 233, 52, 14, 0.9997, 1.0000, 0.7673, 53, 54
292, 239, 26, 49, 0.9996, 0.8803, 1.1190, 43, 41
292, 246, 102, 39, 0.9997, 1.0000, 1.2498, 33, 34
292, 249, 37, 120, 0.9997, 0.6667, 1.2675, 32, 29
292, 272, 47, 87, 0.9997, 0.7998, 1.0519, 6, 7
292, 275, 123, 96, 0.9996, 0.7268, 1.0375, 4, 5
293, 233, 53, 14, 0.9997, 1.0000, 0.7489, 54, 55
293, 239, 25, 49, 0.9997, 0.9217, 1.0708, 44, 42
293, 246, 103, 39, 0.9997, 1.0000, 0.9918, 34, 35
293, 249, 38, 120, 0.9997, 0.7078, 0.9980, 33, 30
293, 272, 48, 88, 0.9997, 0.8384, 1.2583, 7, 8
293, 275, 123, 98, 0.9997, 0.7623, 1.7216, 5, 6
294, 233, 52, 15, 0.9996, 1.0000, 0.8931, 55, 56
294, 239, 26, 48, 0.9996, 0.9630, 0.9179, 45, 43
294, 246, 105, 39, 0.9997, 1.0000, 1.7486, 35, 36
294, 249, 38, 122, 0.9996, 0.7488, 1.5262, 34, 31
294, 272, 48, 89, 0.9997, 0.8779, 1.0420, 8, 9
294, 275, 117, 104, 0.9942, 0.7960, 7.9617, 6, 7
295, 233, 52, 16, 0.9997, 1.0000, 1.0536, 56, 57
295, 239, 26, 46, 0.9997, 1.0000, 1.8053, 46, 44
295, 246, 105, 39, 0.9996, 1.0000, 0.5295, 36, 37
295, 249, 40, 122, 0.9996, 0.7899, 1.5672, 35, 32
295, 272, 49, 89, 0.9997, 0.9178, 0.7595, 9, 10
295, 274, 121, 114, 0.9997, 0.6831, 1.4416, 8, 8
296, 233, 52, 17, 0.9997, 1.0000, 1.0425, 57, 58
296, 239, 26, 45, 0.9997, 1.0000, 1.3294, 47, 45
296, 246, 108, 40, 0.9996, 1.0000, 2.3606, 37, 38
296, 249, 41, 122, 0.9997, 0.8310, 1.2935, 36, 33
296, 272, 50, 90, 0.9997, 0.9581, 1.2330, 10, 11
296, 274, 120, 115, 0.9997, 0.7248, 1.4256, 9, 9
296, 277, 28, 55, 0.9981, 0.6947, 1.0059, 3, 4
297, 239, 25, 43, 0.9997, 1.0000, 1.9446, 48, 46
297, 246, 109, 41, 0.9997, 1.0000, 1.8691, 38, 39
297, 249, 42, 122, 0.9997, 0.8722, 1.0469, 37, 34
297, 272, 49, 90, 0.9996, 0.9985, 0.5392, 11, 12
297, 276, 38, 102, 0.8963, 0.5237, 8.7435, 11, 9
297, 274, 117, 117, 0.9996, 0.7664, 3.0828, 10, 10
297, 277, 28, 56, 0.9996, 0.7269, 1.0008, 4, 5
298, 233, 52, 18, 0.9997, 1.0000, 0.7077, 59, 60
298, 239, 25, 42, 0.9997, 1.0000, 1.2867, 49, 47
298, 246, 110, 41, 0.9997, 1.0000, 1.0676, 39, 40
298, 249, 43, 123, 0.9997, 0.9133, 1.2192, 38, 35
298, 272, 51, 91, 0.9996, 1.0000, 1.4115, 12, 13
298, 274, 111, 120, 0.9992, 0.8078, 6.7792, 11, 11
298, 277, 28, 57, 0.9997, 0.7623, 0.9995, 5, 6
298, 279, 124, 105, 0.9981, 0.6947, 2.0437, 3, 4
299, 233, 52, 19, 0.9997, 1.0000, 0.9977, 60, 61
299, 246, 112, 42, 0.9997, 1.0000, 1.8423, 40, 41
299, 272, 52, 92, 0.9997, 1.0000, 1.6432, 13, 14
299, 277, 28, 58, 0.9997, 0.7998, 0.9997, 6, 7
299, 279, 125, 106, 0.9996, 0.7268, 1.4969, 4, 5
299, 280, 41, 84, 0.9980, 0.6946, 0.7706, 3, 4
300, 233, 52, 20, 0.9997, 1.0000, 1.0418, 61, 62
300, 239, 25, 40, 0.9996, 1.0000, 1.4296, 51, 49
300, 246, 113, 42, 0.9997, 1.0000, 1.2829, 41, 42
300, 272, 53, 92, 0.9997, 1.0000, 1.1181, 14, 15
300, 277, 28, 59, 0.9997, 0.8385, 1.0000, 7, 8
301, 239, 26, 39, 0.9997, 1.0000, 1.4978, 52, 50
301, 272, 54, 92, 0.9997, 1.0000, 0.9899, 15, 16
301, 279, 125, 108, 0.9996, 0.7998, 1.4142, 6, 7
302, 233, 52, 21, 0.9997, 1.0000, 0.7083, 63, 64
302, 239, 26, 38, 0.9997, 1.0000, 1.0837, 53, 51
302, 246, 88, 30, 0.6593, 0.7639, 15.7302, 43, 44
302, 272, 55, 93, 0.9997, 1.0000, 1.2116, 16, 17
302, 277, 28, 60, 0.9997, 0.9178, 0.7082, 9, 10
302, 279, 126, 109, 0.9997, 0.8384, 1.4656, 7, 8
302, 282, 3, 5, 0.9981, 0.6947, 1.0059, 3, 4
302, 283, 115, 121, 0.9979, 0.6946, 1.1309, 3, 4
303, 233, 52, 22, 0.9997, 1.0000, 0.9977, 64, 65
303, 239, 25, 37, 0.9997, 1.0000, 1.2410, 54, 52
303, 277, 28, 61, 0.9997, 0.9581, 1.0000, 10, 11
303, 279, 126, 110, 0.9997, 0.8779, 1.0806, 8, 9
303, 282, 4, 4, 0.9996, 0.7268, 1.2594, 4, 5
303, 283, 114, 122, 0.9996, 0.7268, 1.2241, 4, 5
304, 239, 26, 36, 0.9996, 1.0000, 1.0738, 55, 53
304, 249, 50, 127, 0.9997, 0.6672, 1.3846, 44, 40
304, 272, 57, 94, 0.9996, 1.0000, 1.6602, 18, 19
304, 277, 28, 62, 0.9997, 0.9986, 1.0426, 11, 12
304, 279, 126, 112, 0.9997, 0.9178, 1.7409, 9, 10
304, 282, 6, 3, 0.9997, 0.7623, 2.0552, 5, 6
304, 283, 113, 123, 0.9997, 0.7623, 1.3842, 5, 6
304, 284, 35, 53, 0.9996, 0.7268, 1.4743, 4, 5
304, 286, 106, 126, 0.9979, 0.6946, 1.8221, 3, 4
305, 233, 53, 23, 0.9997, 1.0000, 1.0528, 66, 67
305, 239, 26, 35, 0.9997, 1.0000, 1.0349, 56, 54
305, 272, 58, 94, 0.9997, 1.0000, 1.3171, 19, 20
305, 277, 28, 63, 0.9997, 1.0000, 1.0163, 12, 13
305, 279, 127, 113, 0.9997, 0.9580, 1.4673, 10, 11
305, 282, 6, 2, 0.9996, 0.7998, 1.1800, 6, 7
305, 283, 113, 124, 0.9997, 0.7998, 1.0337, 6, 7
305, 284, 35, 55, 0.9996, 0.7622, 1.5768, 5, 6
305, 287, 80, 96, 0.9979, 0.6946, 1.2781, 3, 4
306, 239, 26, 34, 0.9997, 1.0000, 1.0022, 57, 55
306, 277, 28, 64, 0.9997, 1.0000, 1.0000, 13, 14
306, 279, 127, 114, 0.9997, 0.9986, 1.0351, 11, 12
306, 282, 9, 2, 0.9996, 0.8384, 2.2499, 7, 8
306, 283, 112, 125, 0.9997, 0.8384, 1.2349, 7, 8
306, 284, 36, 55, 0.9997, 0.7998, 0.9412, 6, 7
306, 287, 90, 99, 0.9828, 0.7163, 9.1176, 4, 5
307, 233, 53, 24, 0.9997, 1.0000, 0.7485, 68, 69
307, 239, 25, 33, 0.9997, 1.0000, 1.2737, 58, 56
307, 272, 59, 96, 0.9996, 1.0000, 1.6342, 21, 22
307, 277, 28, 65, 0.9997, 1.0000, 0.9976, 14, 15
307, 279, 127, 116, 0.9997, 1.0000, 1.7226, 12, 13
307, 282, 10, 2, 0.9997, 0.8779, 1.5422, 8, 9
307, 283, 110, 126, 0.9997, 0.8779, 2.0297, 8, 9
307, 284, 37, 56, 0.9997, 0.8385, 1.2377, 7, 8
307, 288, 123, 46, 0.9978, 0.6945, 1.7957, 3, 4
307, 289, 7, 91, 0.9976, 0.6944, 2.5016, 3, 4
308, 233, 54, 24, 0.9997, 1.0000, 0.7639, 69, 70
308, 239, 25, 31, 0.9997, 1.0000, 1.7906, 59, 57
308, 272, 67, 92, 0.9831, 1.0000, 7.8041, 22, 23
308, 277, 28, 66, 0.9997, 1.0000, 0.9991, 15, 16
308, 282, 11, 1, 0.9997, 0.9178, 1.2452, 9, 10
308, 283, 110, 127, 0.9996, 0.9178, 1.1505, 9, 10
308, 284, 37, 57, 0.9997, 0.8779, 1.0077, 8, 9
308, 288, 124, 47, 0.9996, 0.7268, 1.5245, 4, 5
308, 289, 8, 91, 0.9996, 0.7268, 1.5364, 4, 5
309, 233, 55, 24, 0.9997, 1.0000, 1.0396, 70, 71
309, 239, 25, 30, 0.9997, 1.0000, 1.2917, 60, 58
309, 277, 28, 67, 0.9997, 1.0000, 1.0000, 16, 17
309, 282, 13, 0, 0.9997, 0.9580, 1.9896, 10, 11
309, 284, 38, 57, 0.9997, 0.9178, 0.7675, 9, 10
309, 288, 126, 47, 0.9997, 0.7623, 1.7831, 5, 6
309, 289, 10, 90, 0.9997, 0.7623, 1.9202, 5, 6
310, 233, 55, 25, 0.9997, 1.0000, 0.7789, 71, 72
310, 239, 25, 29, 0.9997, 1.0000, 1.0009, 61, 59
310, 277, 28, 68, 0.9997, 1.0000, 1.0001, 17, 18
310, 282, 14, 0, 0.9997, 0.9986, 1.2957, 11, 12
310, 288, 127, 48, 0.9997, 0.7998, 1.4552, 6, 7
310, 289, 12, 91, 0.9996, 0.7997, 2.0288, 6, 7
311, 233, 56, 25, 0.9997, 1.0000, 0.7752, 72, 73
311, 239, 25, 28, 0.9997, 1.0000, 0.9576, 62, 60
311, 277, 28, 69, 0.9997, 1.0000, 1.0001, 18, 19
311, 289, 13, 90, 0.9996, 0.8384, 1.3456, 7, 8
311, 291, 113, 19, 0.5815, 0.4646, 11.0259, 4, 5
312, 233, 56, 26, 0.9997, 1.0000, 0.7996, 73, 74
312, 239, 25, 27, 0.9997, 1.0000, 0.9837, 63, 61
312, 289, 15, 91, 0.9997, 0.8779, 1.7979, 8, 9
312, 292, 64, 98, 0.9973, 0.6942, 1.0846, 3, 4
313, 233, 57, 26, 0.9997, 1.0000, 0.7889, 74, 75
313, 239, 25, 26, 0.9997, 1.0000, 1.0000, 64, 62
313, 277, 28, 70, 0.9997, 1.0000, 0.7082, 20, 21
313, 289, 17, 91, 0.9997, 0.9178, 2.0191, 9, 10
313, 290, 64, 117, 0.9995, 0.6830, 1.4250, 8, 8
313, 292, 65, 99, 0.9996, 0.7268, 1.2583, 4, 5
314, 277, 28, 71, 0.9997, 1.0000, 1.0000, 21, 22
314, 289, 19, 91, 0.9997, 0.9581, 2.0413, 10, 11
314, 290, 65, 117, 0.9997, 0.7248, 1.0522, 9, 9
314, 292, 66, 99, 0.9997, 0.7623, 1.0487, 5, 6
314, 293, 5, 60, 0.9981, 0.6947, 1.0059, 3, 4
315, 233, 58, 27, 0.9997, 1.0000, 1.0412, 76, 77
315, 277, 28, 72, 0.9997, 1.0000, 1.0426, 22, 23
315, 289, 21, 90, 0.9997, 0.9986, 2.1658, 11, 12
315, 290, 66, 118, 0.9997, 0.7664, 1.2362, 10, 10
315, 292, 67, 100, 0.9997, 0.7998, 1.2493, 6, 7
315, 293, 7, 60, 0.9996, 0.7268, 1.7654, 4, 5
316, 233, 58, 28, 0.9997, 1.0000, 1.0713, 77, 78
316, 277, 26, 73, 0.9996, 1.0000, 1.8350, 23, 24
316, 289, 23, 90, 0.9997, 1.0000, 2.0233, 12, 13
316, 290, 67, 119, 0.9997, 0.8081, 1.4139, 11, 11
316, 292, 68, 100, 0.9997, 0.8384, 1.0273, 7, 8
316, 293, 8, 60, 0.9997, 0.7623, 1.2912, 5, 6
316, 295, 16, 7, 0.9386, 0.6397, 7.6889, 2, 3
317, 233, 60, 27, 0.9996, 1.0000, 1.5855, 78, 79
317, 277, 25, 74, 0.9997, 1.0000, 1.6780, 24, 25
317, 289, 24, 90, 0.9997, 1.0000, 1.2338, 13, 14
317, 292, 69, 100, 0.9997, 0.8779, 0.9985, 8, 9
317, 293, 9, 60, 0.9997, 0.7998, 0.9996, 6, 7
317, 295, 9, 10, 0.9976, 0.6944, 7.6605, 3, 4
318, 233, 60, 27, 0.9997, 1.0000, 0.6354, 79, 80
318, 277, 27, 74, 0.9995, 1.0000, 1.2580, 25, 26
318, 289, 26, 90, 0.9997, 1.0000, 1.7079, 14, 15
318, 290, 69, 121, 0.9996, 0.8914, 2.0926, 13, 13
318, 292, 76, 95, 0.9928, 0.9121, 7.8543, 9, 10
318, 293, 10, 60, 0.9997, 0.8385, 0.9574, 7, 8
319, 233, 61, 27, 0.9997, 1.0000, 0.7522, 80, 81
319, 277, 28, 76, 0.9996, 1.0000, 2.0535, 26, 27
319, 289, 28, 90, 0.9997, 1.0000, 2.0001, 15, 16
319, 293, 10, 63, 0.9994, 0.8777, 3.0636, 8, 9
319, 299, 83, 11, 0.9978, 0.6945, 1.3143, 3, 4
320, 233, 62, 28, 0.9997, 1.0000, 1.2522, 81, 82
320, 277, 29, 77, 0.9997, 1.0000, 1.7168, 27, 28
320, 289, 30, 90, 0.9997, 1.0000, 2.0427, 16, 17
320, 296, 110, 99, 0.9997, 0.6831, 2.7636, 7, 7
320, 299, 84, 11, 0.9996, 0.7268, 1.1382, 4, 5
321, 233, 63, 28, 0.9997, 1.0000, 1.0715, 82, 83
321, 277, 29, 78, 0.9997, 1.0000, 1.0663, 28, 29
321, 289, 32, 89, 0.9997, 1.0000, 2.1570, 17, 18
321, 294, 71, 102, 0.7668, 0.5029, 12.7321, 10, 9
321, 296, 111, 99, 0.9996, 0.7248, 1.5284, 8, 8
322, 233, 64, 27, 0.9997, 1.0000, 1.2676, 83, 84
322, 277, 29, 79, 0.9997, 1.0000, 0.9770, 29, 30
322, 289, 34, 89, 0.9997, 1.0000, 2.0213, 18, 19
322, 296, 114, 100, 0.9996, 0.7664, 2.5828, 9, 9
322, 300, 29, 35, 0.6231, 0.4583, 18.3580, 2, 3
323, 233, 64, 27, 0.9997, 1.0000, 0.4114, 84, 85
323, 277, 35, 88, 0.9637, 1.0000, 9.4706, 30, 31
323, 296, 116, 100, 0.9997, 0.8081, 2.2681, 10, 10
324, 233, 65, 27, 0.9997, 1.0000, 0.7070, 85, 86
324, 290, 76, 125, 0.9997, 0.6739, 1.3146, 19, 18
324, 296, 118, 101, 0.9997, 0.8498, 2.1664, 11, 11
325, 233, 66, 27, 0.9997, 1.0000, 1.0001, 86, 87
325, 290, 77, 126, 0.9997, 0.7154, 1.2257, 20, 19
325, 296, 120, 101, 0.9997, 0.8914, 1.9895, 12, 12
325, 301, 27, 12, 0.6490, 0.4867, 14.4637, 3, 4
325, 302, 19, 61, 0.9962, 0.6936, 1.2437, 3, 4
325, 303, 75, 43, 0.8053, 0.5631, 5.3158, 2, 3
326, 233, 67, 27, 0.9997, 1.0000, 1.0427, 87, 88
326, 290, 78, 127, 0.9997, 0.7569, 1.3836, 21, 20
326, 296, 122, 102, 0.9997, 0.9331, 2.1222, 13, 13
326, 299, 90, 14, 0.9996, 0.6831, 2.5872, 10, 10
326, 302, 20, 61, 0.9996, 0.7268, 1.2272, 4, 5
327, 233, 68, 27, 0.9997, 1.0000, 1.0163, 88, 89
327, 296, 124, 102, 0.9997, 0.9747, 2.0140, 14, 14
327, 302, 21, 61, 0.9997, 0.7623, 1.0548, 5, 6
327, 306, 49, 76, 0.8057, 0.5801, 8.9170, 3, 4
328, 233, 69, 27, 0.9997, 1.0000, 1.0000, 89, 90
328, 289, 23, 61, 0.9258, 0.6400, 11.4504, 24, 24
328, 296, 126, 103, 0.9997, 1.0000, 2.1374, 15, 15
328, 307, 78, 108, 0.7532, 0.5331, 14.5486, 2, 3
329, 233, 70, 27, 0.9997, 1.0000, 0.9976, 90, 91
329, 277, 47, 89, 0.9997, 0.6831, 2.0153, 36, 36
329, 308, 81, 109, 0.8286, 0.5764, 4.7871, 2, 3
330, 233, 71, 26, 0.9997, 1.0000, 1.2577, 91, 92
330, 277, 49, 90, 0.9997, 0.7248, 2.1472, 37, 37
330, 292, 97, 97, 0.9996, 0.6581, 1.5538, 21, 18
331, 233, 72, 26, 0.9997, 1.0000, 1.0417, 92, 93
331, 277, 51, 90, 0.9997, 0.7664, 2.0202, 38, 38
331, 292, 98, 97, 0.9997, 0.6992, 0.9833, 22, 19
332, 233, 73, 26, 0.9997, 1.0000, 1.0001, 93, 94
332, 277, 53, 90, 0.9997, 0.8081, 1.9992, 39, 39
332, 292, 103, 97, 0.9992, 0.7401, 4.7364, 23, 20
333, 233, 74, 26, 0.9997, 1.0000, 1.0010, 94, 95
333, 277, 55, 90, 0.9997, 0.8498, 2.0003, 40, 40
333, 304, 26, 4, 0.9997, 0.6672, 1.0013, 11, 10
334, 233, 75, 26, 0.9997, 1.0000, 1.0001, 95, 96
334, 277, 57, 90, 0.9997, 0.8914, 2.0001, 41, 41
334, 304, 26, 3, 0.9997, 0.7092, 1.0001, 12, 11
334, 311, 13, 11, 0.6289, 0.4616, 19.8489, 2, 3
335, 233, 76, 25, 0.9997, 1.0000, 1.2584, 96, 97
335, 277, 58, 91, 0.9997, 0.9330, 1.4532, 42, 42
335, 304, 26, 2, 0.9997, 0.7511, 0.9998, 13, 12
335, 308, 86, 111, 0.9997, 0.6831, 1.3041, 8, 8
335, 312, 33, 89, 0.9980, 0.6946, 1.0345, 3, 4
336, 233, 77, 25, 0.9997, 1.0000, 1.0424, 97, 98
336, 277, 60, 91, 0.9997, 0.9747, 1.7334, 43, 43
336, 304, 26, 1, 0.9997, 0.7929, 0.9999, 14, 13
336, 308, 76, 109, 0.7974, 0.5984, 9.0262, 9, 9
336, 312, 33, 90, 0.9996, 0.7268, 1.0343, 4, 5
337, 233, 78, 25, 0.9997, 1.0000, 1.0000, 98, 99
337, 277, 62, 90, 0.9997, 1.0000, 2.1406, 44, 44
337, 304, 26, 0, 0.9997, 0.8348, 1.0000, 15, 14
337, 312, 33, 91, 0.9997, 0.7623, 1.0414, 5, 6
338, 233, 79, 25, 0.9997, 1.0000, 1.0009, 99, 100
338, 267, 87, 31, 0.9997, 1.0000, 0.7639, 54, 54
338, 277, 64, 91, 0.9996, 1.0000, 2.0872, 45, 45
338, 312, 34, 91, 0.9997, 0.7998, 0.7656, 6, 7
338, 313, 35, 61, 0.9980, 0.6947, 0.9739, 3, 4
339, 233, 80, 24, 0.9997, 1.0000, 1.2485, 100, 101
339, 267, 87, 30, 0.9996, 1.0000, 0.4721, 55, 55
339, 277, 66, 92, 0.9997, 1.0000, 2.2684, 46, 46
339, 313, 37, 62, 0.9996, 0.7268, 1.8782, 4, 5
340, 233, 81, 24, 0.9997, 1.0000, 1.0417, 101, 102
340, 277, 68, 92, 0.9997, 1.0000, 2.0277, 47, 47
340, 313, 38, 62, 0.9997, 0.7623, 1.3097, 5, 6
340, 315, 91, 115, 0.9981, 0.6947, 1.4225, 3, 4
341, 233, 82, 24, 0.9997, 1.0000, 1.0000, 102, 103
341, 277, 70, 92, 0.9997, 1.0000, 1.9978, 48, 48
341, 313, 39, 62, 0.9997, 0.7998, 1.0014, 6, 7
341, 315, 92, 116, 0.9996, 0.7269, 1.4154, 4, 5
342, 233, 83, 23, 0.9997, 1.0000, 1.2336, 103, 104
342, 277, 72, 93, 0.9997, 1.0000, 2.1201, 49, 49
342, 313, 41, 62, 0.9997, 0.8384, 1.7246, 7, 8
342, 315, 93, 116, 0.9997, 0.7623, 1.0269, 5, 6
343, 233, 84, 23, 0.9997, 1.0000, 1.0373, 104, 105
343, 277, 74, 93, 0.9997, 1.0000, 2.0186, 50, 50
343, 313, 42, 62, 0.9997, 0.8779, 1.2765, 8, 9
343, 315, 95, 117, 0.9997, 0.7998, 1.9004, 6, 7
343, 316, 121, 96, 0.9981, 0.6947, 2.0118, 3, 4
343, 317, 33, 123, 0.7944, 0.5568, 5.3283, 2, 3
344, 233, 85, 22, 0.9997, 1.0000, 1.2583, 105, 106
344, 277, 76, 94, 0.9997, 1.0000, 2.1415, 51, 51
344, 313, 43, 62, 0.9997, 0.9178, 0.9999, 9, 10
344, 315, 96, 117, 0.9997, 0.8384, 1.3131, 7, 8
344, 316, 122, 96, 0.9996, 0.7268, 1.2372, 4, 5
345, 233, 86, 21, 0.9997, 1.0000, 1.4252, 106, 107
345, 277, 78, 94, 0.9997, 1.0000, 2.0159, 52, 52
345, 313, 45, 62, 0.9997, 0.9580, 1.7236, 10, 11
345, 315, 97, 118, 0.9997, 0.8779, 1.2505, 8, 9
345, 316, 124, 96, 0.9997, 0.7623, 1.7072, 5, 6
346, 233, 87, 21, 0.9997, 1.0000, 1.0375, 107, 108
346, 277, 80, 95, 0.9997, 1.0000, 2.1355, 53, 53
346, 313, 36, 66, 0.7941, 0.8138, 8.7671, 11, 12
346, 315, 98, 118, 0.9997, 0.9178, 0.9901, 9, 10
346, 316, 126, 97, 0.9997, 0.7998, 2.1404, 6, 7
347, 233, 88, 20, 0.9997, 1.0000, 1.2330, 108, 109
347, 277, 82, 95, 0.9997, 1.0000, 2.0155, 54, 54
347, 313, 22, 66, 0.8883, 0.9346, 13.1968, 12, 13
347, 315, 99, 119, 0.9997, 0.9581, 1.2375, 10, 11
348, 233, 89, 19, 0.9997, 1.0000, 1.4136, 109, 110
348, 277, 84, 96, 0.9997, 1.0000, 2.1360, 55, 55
348, 315, 100, 120, 0.9997, 0.9986, 1.4241, 11, 12
349, 233, 90, 19, 0.9997, 1.0000, 1.0375, 110, 111
349, 277, 86, 97, 0.9997, 1.0000, 2.2424, 56, 56
349, 312, 39, 100, 0.9997, 0.6729, 1.2880, 17, 16
349, 315, 101, 121, 0.9997, 1.0000, 1.4456, 12, 13
349, 320, 13, 15, 0.9980, 0.6946, 2.8783, 3, 4
349, 321, 118, 122, 0.9980, 0.6946, 1.7542, 3, 4
350, 233, 91, 18, 0.9997, 1.0000, 1.2344, 111, 112
350, 277, 88, 97, 0.9997, 1.0000, 2.0192, 57, 57
350, 315, 102, 122, 0.9997, 1.0000, 1.4247, 13, 14
350, 320, 13, 13, 0.9996, 0.7268, 2.3111, 4, 5
350, 321, 120, 123, 0.9996, 0.7268, 2.1285, 4, 5
350, 323, 52, 62, 0.9981, 0.6947, 1.7693, 3, 4
351, 233, 92, 18, 0.9997, 1.0000, 1.0275, 112, 113
351, 277, 89, 98, 0.9997, 1.0000, 1.4316, 58, 58
351, 312, 40, 101, 0.9997, 0.7559, 1.0312, 19, 18
351, 320, 13, 11, 0.9997, 0.7623, 1.9989, 5, 6
351, 321, 122, 124, 0.9997, 0.7623, 2.2723, 5, 6
351, 323, 53, 62, 0.9996, 0.7268, 1.2919, 4, 5
352, 233, 93, 18, 0.9997, 1.0000, 1.0001, 113, 114
352, 277, 91, 99, 0.9997, 1.0000, 1.9790, 59, 59
352, 315, 93, 121, 0.9624, 1.0000, 8.4990, 15, 16
352, 320, 13, 9, 0.9997, 0.7998, 1.9574, 6, 7
352, 324, 18, 2, 0.9980, 0.6946, 1.0383, 3, 4
353, 233, 93, 19, 0.9997, 1.0000, 0.8382, 114, 115
353, 277, 93, 100, 0.9997, 1.0000, 2.2544, 60, 60
353, 322, 115, 29, 0.9996, 0.6562, 0.4442, 13, 11
353, 320, 13, 8, 0.9997, 0.8384, 1.2199, 7, 8
353, 325, 4, 87, 0.9980, 0.6946, 1.3093, 3, 4
354, 233, 95, 17, 0.9994, 1.0000, 2.4728, 115, 116
354, 277, 94, 100, 0.9997, 1.0000, 1.3032, 61, 61
354, 322, 117, 30, 0.9996, 0.6980, 1.6442, 14, 12
354, 320, 12, 5, 0.9996, 0.8778, 2.5875, 8, 9
354, 324, 19, 3, 0.9997, 0.7623, 1.0408, 5, 6
354, 325, 6, 87, 0.9996, 0.7268, 1.7604, 4, 5
355, 233, 96, 15, 0.9997, 1.0000, 2.0878, 116, 117
355, 277, 96, 103, 0.9996, 1.0000, 2.8238, 62, 62
355, 320, 12, 3, 0.9997, 0.9178, 2.3130, 9, 10
355, 324, 19, 4, 0.9997, 0.7998, 1.0403, 6, 7
355, 325, 7, 87, 0.9997, 0.7623, 1.2501, 5, 6
355, 326, 72, 39, 0.7090, 0.5077, 17.8200, 2, 3
356, 233, 97, 14, 0.9997, 1.0000, 1.5160, 117, 118
356, 277, 98, 104, 0.9997, 1.0000, 2.5496, 63, 63
356, 320, 11, 2, 0.9997, 0.9580, 1.4907, 10, 11
356, 325, 9, 87, 0.9997, 0.7998, 1.7483, 6, 7
356, 329, 109, 126, 0.9980, 0.6946, 1.7859, 3, 4
357, 233, 98, 14, 0.9997, 1.0000, 0.9904, 118, 119
357, 277, 100, 105, 0.9997, 1.0000, 2.2908, 64, 64
357, 312, 42, 106, 0.9997, 0.6691, 1.0303, 25, 23
357, 318, 96, 126, 0.9997, 0.6503, 1.4217, 16, 13
357, 320, 11, 0, 0.9997, 0.9986, 1.7003, 11, 12
357, 324, 19, 5, 0.9997, 0.8779, 0.7249, 8, 9
357, 325, 10, 86, 0.9997, 0.8384, 1.4646, 7, 8
357, 329, 109, 126, 0.9996, 0.7268, 0.5302, 4, 5
357, 330, 105, 125, 0.9971, 0.6941, 4.0135, 3, 4
358, 233, 99, 13, 0.9997, 1.0000, 1.1917, 119, 120
358, 277, 101, 106, 0.9997, 1.0000, 1.5598, 65, 65
358, 312, 43, 107, 0.9997, 0.7104, 1.2834, 26, 24
358, 318, 97, 126, 0.9997, 0.6917, 1.0281, 17, 14
358, 320, 19, 5, 0.9395, 0.9827, 8.0334, 12, 13
358, 324, 14, 12, 0.9915, 0.9111, 7.8391, 9, 10
358, 325, 11, 86, 0.9997, 0.8779, 1.0290, 8, 9
358, 327, 14, 82, 0.8307, 0.5153, 9.1231, 6, 6
358, 329, 106, 125, 0.9992, 0.7620, 3.2179, 5, 6
358, 331, 2, 63, 0.9280, 0.6336, 4.5312, 2, 3
359, 233, 100, 12, 0.9997, 1.0000, 1.4086, 120, 121
359, 277, 103, 107, 0.9997, 1.0000, 1.9632, 66, 66
359, 318, 98, 127, 0.9997, 0.7331, 1.2244, 18, 15
359, 325, 13, 86, 0.9997, 0.9178, 1.7222, 9, 10
359, 332, 12, 56, 0.7044, 0.5050, 7.0481, 2, 3
360, 233, 101, 12, 0.9997, 1.0000, 1.0403, 121, 122
360, 277, 105, 108, 0.9997, 1.0000, 2.2330, 67, 67
360, 312, 44, 108, 0.9997, 0.7929, 1.0315, 28, 26
360, 318, 107, 126, 0.9932, 0.7702, 7.8930, 19, 16
360, 319, 92, 27, 0.9979, 1.0000, 5.5088, 18, 19
360, 325, 14, 86, 0.9997, 0.9581, 1.2786, 10, 11
360, 334, 72, 65, 0.9800, 0.6839, 6.8336, 3, 4
361, 233, 102, 11, 0.9997, 1.0000, 1.2367, 122, 123
361, 277, 107, 109, 0.9997, 1.0000, 2.2751, 68, 68
361, 312, 44, 109, 0.9997, 0.8342, 1.0285, 29, 27
361, 325, 16, 86, 0.9997, 0.9986, 1.7648, 11, 12
361, 335, 68, 62, 0.6470, 0.4720, 14.8702, 2, 3
362, 233, 104, 10, 0.9997, 1.0000, 2.0279, 123, 124
362, 277, 109, 109, 0.9997, 1.0000, 2.0302, 69, 69
362, 312, 45, 110, 0.9997, 0.8756, 1.2836, 30, 28
362, 325, 17, 86, 0.9997, 1.0000, 1.2515, 12, 13
362, 333, 63, 6, 0.9996, 0.6656, 0.9150, 10, 9
363, 233, 105, 9, 0.9997, 1.0000, 1.6584, 124, 125
363, 277, 111, 111, 0.9996, 1.0000, 2.4836, 70, 70
363, 312, 45, 111, 0.9997, 0.9169, 1.0466, 31, 29
363, 325, 19, 86, 0.9997, 1.0000, 1.7484, 13, 14
363, 333, 62, 6, 0.9997, 0.7078, 0.7973, 11, 10
364, 233, 106, 9, 0.9997, 1.0000, 1.0310, 125, 126
364, 277, 113, 112, 0.9997, 1.0000, 2.3788, 71, 71
364, 312, 46, 111, 0.9997, 0.9583, 0.7863, 32, 30
364, 320, 21, 11, 0.9997, 0.6831, 1.0607, 18, 18
364, 325, 21, 85, 0.9997, 1.0000, 2.1535, 14, 15
364, 333, 61, 7, 0.9997, 0.7498, 1.1757, 12, 11
364, 339, 13, 81, 0.9980, 0.6947, 1.0426, 3, 4
365, 233, 107, 8, 0.9997, 1.0000, 1.1909, 126, 127
365, 277, 115, 112, 0.9997, 1.0000, 2.0184, 72, 72
365, 312, 47, 112, 0.9997, 0.9997, 1.2354, 33, 31
365, 325, 22, 85, 0.9997, 1.0000, 1.3107, 15, 16
365, 339, 24, 83, 0.9282, 0.6820, 10.2885, 4, 5
366, 233, 108, 7, 0.9997, 1.0000, 1.4012, 127, 128
366, 277, 118, 113, 0.9997, 1.0000, 2.8468, 73, 73
366, 312, 47, 113, 0.9997, 1.0000, 1.0370, 34, 32
366, 320, 21, 12, 0.9997, 0.7664, 0.7087, 20, 20
366, 325, 24, 85, 0.9997, 1.0000, 1.7222, 16, 17
367, 233, 109, 7, 0.9997, 1.0000, 1.0379, 128, 129
367, 277, 120, 113, 0.9997, 1.0000, 2.3024, 74, 74
367, 312, 48, 114, 0.9997, 1.0000, 1.2682, 35, 33
367, 320, 22, 13, 0.9997, 0.8081, 1.2473, 21, 21
367, 325, 26, 85, 0.9997, 1.0000, 1.9997, 17, 18
367, 340, 22, 10, 0.9370, 0.5685, 7.3553, 5, 5
368, 233, 110, 6, 0.9997, 1.0000, 1.2368, 129, 130
368, 277, 122, 113, 0.9997, 1.0000, 2.0001, 75, 75
368, 312, 48, 113, 0.9996, 1.0000, 0.5630, 36, 34
368, 320, 22, 13, 0.9997, 0.8497, 0.4030, 22, 22
368, 325, 27, 84, 0.9997, 1.0000, 1.4792, 18, 19
368, 343, 8, 122, 0.8656, 0.5977, 4.5106, 2, 3
369, 233, 111, 4, 0.9997, 1.0000, 2.0282, 130, 131
369, 277, 125, 113, 0.9997, 1.0000, 2.7216, 76, 76
369, 312, 48, 114, 0.9997, 1.0000, 0.4167, 37, 35
369, 320, 23, 14, 0.9997, 0.8914, 1.0546, 23, 23
369, 325, 29, 83, 0.9997, 1.0000, 2.0213, 19, 20
369, 341, 21, 62, 0.9997, 0.6831, 0.9930, 7, 7
369, 344, 88, 2, 0.9980, 0.6946, 2.0238, 3, 4
370, 277, 127, 114, 0.9997, 1.0000, 2.3965, 77, 77
370, 312, 50, 115, 0.9996, 1.0000, 1.7912, 38, 36
370, 320, 23, 15, 0.9997, 0.9331, 1.0309, 24, 24
370, 325, 30, 83, 0.9997, 1.0000, 1.2706, 20, 21
370, 340, 1, 26, 0.9702, 0.4735, 8.3428, 8, 7
370, 341, 22, 62, 0.9997, 0.7248, 1.0013, 8, 8
370, 342, 18, 88, 0.9996, 0.6831, 1.3017, 8, 8
370, 344, 90, 2, 0.9996, 0.7268, 2.0269, 4, 5
370, 345, 3, 1, 0.9981, 0.6947, 1.0059, 3, 4
371, 312, 51, 115, 0.9997, 1.0000, 1.3723, 39, 37
371, 325, 32, 83, 0.9997, 1.0000, 1.7490, 21, 22
371, 341, 24, 62, 0.9997, 0.7664, 1.7655, 9, 9
371, 342, 18, 89, 0.9997, 0.7248, 0.9807, 9, 9
371, 344, 92, 3, 0.9997, 0.7623, 2.1647, 5, 6
371, 345, 4, 2, 0.9996, 0.7268, 1.2594, 4, 5
371, 346, 54, 12, 0.9816, 0.6849, 1.6135, 3, 4
372, 312, 52, 116, 0.9997, 1.0000, 1.2904, 40, 38
372, 320, 24, 16, 0.9997, 1.0000, 1.0216, 26, 26
372, 325, 34, 82, 0.9997, 1.0000, 2.1352, 22, 23
372, 341, 25, 62, 0.9997, 0.8081, 1.2922, 10, 10
372, 342, 19, 91, 0.9997, 0.7664, 1.8909, 10, 10
372, 344, 94, 3, 0.9997, 0.7998, 2.0281, 6, 7
372, 345, 5, 2, 0.9997, 0.7623, 1.0412, 5, 6
372, 346, 53, 12, 0.9991, 0.7265, 1.4188, 4, 5
373, 312, 52, 117, 0.9997, 1.0000, 1.0217, 41, 39
373, 320, 25, 16, 0.9997, 1.0000, 1.0682, 27, 27
373, 325, 35, 82, 0.9997, 1.0000, 1.3080, 23, 24
373, 341, 26, 62, 0.9997, 0.8498, 0.9999, 11, 11
373, 342, 20, 92, 0.9997, 0.8081, 1.6393, 11, 11
373, 344, 96, 4, 0.9997, 0.8384, 2.1349, 7, 8
373, 345, 6, 2, 0.9997, 0.7998, 0.9997, 6, 7
373, 346, 52, 13, 0.9997, 0.7623, 1.3200, 5, 6
373, 347, 115, 2, 0.9979, 0.6946, 1.2252, 3, 4
374, 312, 53, 117, 0.9997, 1.0000, 0.7420, 42, 40
374, 320, 25, 17, 0.9997, 1.0000, 0.8037, 28, 28
374, 325, 37, 81, 0.9997, 1.0000, 1.8850, 24, 25
374, 341, 27, 62, 0.9997, 0.8914, 0.9573, 12, 12
374, 342, 20, 93, 0.9997, 0.8497, 1.0407, 12, 12
374, 344, 98, 4, 0.9997, 0.8779, 2.0135, 8, 9
374, 346, 50, 14, 0.9997, 0.7998, 2.0149, 6, 7
374, 347, 117, 2, 0.9996, 0.7268, 1.7757, 4, 5
375, 312, 54, 118, 0.9997, 1.0000, 1.2312, 43, 41
375, 320, 26, 17, 0.9997, 1.0000, 0.7662, 29, 29
375, 325, 39, 80, 0.9997, 1.0000, 2.2427, 25, 26
375, 341, 28, 62, 0.9997, 0.9331, 0.9837, 13, 13
375, 342, 21, 94, 0.9997, 0.8914, 1.2008, 13, 13
375, 344, 100, 5, 0.9997, 0.9178, 2.1356, 9, 10
375, 345, 7, 3, 0.9997, 0.8779, 1.0299, 8, 9
375, 346, 49, 14, 0.9997, 0.8384, 1.2998, 7, 8
375, 347, 117, 1, 0.9996, 0.7623, 0.9048, 5, 6
376, 312, 55, 118, 0.9997, 1.0000, 1.0704, 44, 42
376, 320, 26, 18, 0.9997, 1.0000, 0.7863, 30, 30
376, 325, 40, 80, 0.9997, 1.0000, 1.3059, 26, 27
376, 341, 30, 62, 0.9997, 0.9747, 1.7639, 14, 14
376, 342, 22, 95, 0.9997, 0.9331, 1.4024, 14, 14
376, 344, 102, 5, 0.9997, 0.9581, 2.0156, 10, 11
376, 345, 8, 3, 0.9997, 0.9178, 1.0417, 9, 10
376, 346, 48, 15, 0.9997, 0.8779, 1.2297, 8, 9
376, 347, 118, 0, 0.9997, 0.7998, 1.2389, 6, 7
376, 349, 4, 97, 0.9978, 0.6945, 1.3705, 3, 4
377, 312, 56, 119, 0.9997, 1.0000, 1.2631, 45, 43
377, 320, 27, 18, 0.9997, 1.0000, 0.7883, 31, 31
377, 325, 41, 80, 0.9997, 1.0000, 0.9607, 27, 28
377, 344, 104, 6, 0.9997, 0.9986, 2.1361, 11, 12
377, 345, 9, 3, 0.9997, 0.9581, 1.0426, 10, 11
377, 347, 119, 0, 0.9997, 0.8384, 0.9978, 7, 8
377, 349, 6, 96, 0.9996, 0.7268, 2.0552, 4, 5
377, 350, 96, 63, 0.9980, 0.6946, 2.8783, 3, 4
378, 312, 57, 119, 0.9997, 1.0000, 1.0313, 46, 44
378, 320, 27, 19, 0.9997, 1.0000, 0.7910, 32, 32
378, 325, 44, 79, 0.9996, 1.0000, 2.5714, 28, 29
378, 344, 106, 6, 0.9997, 1.0000, 2.0156, 12, 13
378, 345, 10, 3, 0.9997, 0.9986, 1.0171, 11, 12
378, 349, 7, 96, 0.9997, 0.7623, 1.2931, 5, 6
379, 312, 58, 119, 0.9997, 1.0000, 0.9976, 47, 45
379, 320, 29, 20, 0.9996, 1.0000, 1.8228, 33, 33
379, 325, 45, 79, 0.9997, 1.0000, 1.5924, 29, 30
379, 344, 108, 6, 0.9997, 1.0000, 2.0000, 13, 14
379, 345, 11, 4, 0.9997, 1.0000, 1.2486, 12, 13
379, 349, 9, 96, 0.9997, 0.7998, 1.7485, 6, 7
379, 351, 95, 117, 0.9980, 0.6946, 1.2180, 3, 4
380, 312, 58, 120, 0.9997, 1.0000, 0.7595, 48, 46
380, 320, 29, 20, 0.9996, 1.0000, 0.6090, 34, 34
380, 325, 47, 78, 0.9997, 1.0000, 1.9253, 30, 31
380, 344, 111, 7, 0.9997, 1.0000, 2.8567, 14, 15
380, 345, 12, 4, 0.9997, 1.0000, 1.0394, 13, 14
380, 349, 10, 96, 0.9997, 0.8384, 1.2508, 7, 8
380, 351, 96, 118, 0.9996, 0.7268, 1.3843, 4, 5
381, 312, 59, 120, 0.9997, 1.0000, 0.7607, 49, 47
381, 320, 29, 21, 0.9997, 1.0000, 0.7223, 35, 35
381, 325, 48, 78, 0.9997, 1.0000, 1.2358, 31, 32
381, 344, 113, 7, 0.9997, 1.0000, 2.3086, 15, 16
381, 345, 13, 4, 0.9997, 1.0000, 0.9991, 14, 15
381, 349, 12, 96, 0.9997, 0.8779, 1.7501, 8, 9
381, 351, 98, 120, 0.9996, 0.7623, 2.5135, 5, 6
382, 312, 60, 120, 0.9997, 1.0000, 1.0001, 50, 48
382, 320, 30, 21, 0.9997, 1.0000, 0.7191, 36, 36
382, 325, 50, 78, 0.9997, 1.0000, 1.7323, 32, 33
382, 344, 115, 7, 0.9997, 1.0000, 2.0000, 16, 17
382, 345, 14, 5, 0.9997, 1.0000, 1.2336, 15, 16
382, 346, 42, 19, 0.9997, 0.6831, 1.0293, 14, 14
382, 349, 14, 96, 0.9997, 0.9178, 2.0140, 9, 10
382, 351, 98, 121, 0.9996, 0.7997, 1.4025, 6, 7
383, 312, 61, 121, 0.9997, 1.0000, 1.2692, 51, 49
383, 320, 30, 22, 0.9997, 1.0000, 0.7928, 37, 37
383, 325, 52, 76, 0.9996, 1.0000, 2.5016, 33, 34
383, 344, 118, 8, 0.9997, 1.0000, 2.8159, 17, 18
383, 345, 15, 5, 0.9997, 1.0000, 1.0374, 16, 17
383, 349, 15, 96, 0.9997, 0.9580, 1.2779, 10, 11
383, 351, 99, 122, 0.9997, 0.8384, 1.2274, 7, 8
384, 312, 62, 121, 0.9997, 1.0000, 1.0532, 52, 50
384, 320, 30, 23, 0.9997, 1.0000, 1.0155, 38, 38
384, 325, 53, 76, 0.9996, 1.0000, 1.4011, 34, 35
384, 344, 120, 8, 0.9997, 1.0000, 2.2922, 18, 19
384, 345, 16, 5, 0.9997, 1.0000, 1.0001, 17, 18
384, 349, 16, 96, 0.9997, 0.9986, 0.9582, 11, 12
384, 351, 100, 123, 0.9997, 0.8779, 1.3530, 8, 9
384, 352, 10, 110, 0.9628, 0.6736, 7.2594, 3, 4
385, 320, 30, 24, 0.9997, 1.0000, 1.0433, 39, 39
385, 325, 55, 75, 0.9997, 1.0000, 1.8852, 35, 36
385, 344, 122, 9, 0.9997, 1.0000, 2.1409, 19, 20
385, 345, 17, 5, 0.9997, 1.0000, 1.0008, 18, 19
385, 349, 19, 95, 0.9996, 1.0000, 2.5867, 12, 13
385, 350, 108, 65, 0.9997, 0.6672, 1.7376, 11, 10
385, 351, 102, 124, 0.9997, 0.9178, 2.0420, 9, 10
385, 353, 41, 63, 0.9980, 0.6947, 1.2803, 3, 4
385, 354, 97, 121, 0.8550, 0.5916, 11.9659, 2, 3
386, 312, 64, 122, 0.9996, 1.0000, 1.6382, 54, 52
386, 320, 31, 24, 0.9997, 1.0000, 0.7900, 40, 40
386, 325, 57, 75, 0.9997, 1.0000, 2.0102, 36, 37
386, 344, 125, 9, 0.9997, 1.0000, 2.7353, 20, 21
386, 345, 18, 6, 0.9997, 1.0000, 1.2491, 19, 20
386, 350, 110, 64, 0.9997, 0.7092, 2.1386, 12, 11
386, 351, 103, 125, 0.9997, 0.9581, 1.6464, 10, 11
386, 353, 51, 68, 0.9220, 0.6782, 10.4644, 4, 5
386, 354, 118, 122, 0.6058, 0.4610, 20.1327, 3, 4
387, 312, 65, 122, 0.9997, 1.0000, 1.3201, 55, 53
387, 320, 31, 25, 0.9997, 1.0000, 0.7651, 41, 41
387, 325, 59, 74, 0.9997, 1.0000, 2.1675, 37, 38
387, 344, 127, 9, 0.9997, 1.0000, 2.2765, 21, 22
387, 345, 19, 6, 0.9997, 1.0000, 1.0417, 20, 21
387, 350, 111, 65, 0.9996, 0.7510, 1.3474, 13, 12
387, 351, 104, 126, 0.9997, 0.9986, 1.4176, 11, 12
387, 355, 115, 93, 0.9980, 0.6946, 1.9270, 3, 4
388, 312, 66, 123, 0.9997, 1.0000, 1.2925, 56, 54
388, 320, 31, 26, 0.9997, 1.0000, 0.9976, 42, 42
388, 325, 60, 74, 0.9997, 1.0000, 1.2761, 38, 39
388, 345, 20, 6, 0.9997, 1.0000, 1.0000, 21, 22
388, 351, 105, 127, 0.9997, 1.0000, 1.3841, 12, 13
388, 355, 116, 94, 0.9996, 0.7268, 1.3759, 4, 5
389, 312, 67, 123, 0.9997, 1.0000, 1.0058, 57, 55
389, 320, 31, 27, 0.9997, 1.0000, 1.0426, 43, 43
389, 325, 62, 73, 0.9997, 1.0000, 1.8666, 39, 40
389, 342, 37, 107, 0.9996, 0.6637, 1.2490, 27, 24
389, 345, 21, 6, 0.9997, 1.0000, 1.0009, 22, 23
389, 350, 110, 65, 0.9997, 0.8347, 0.8763, 15, 14
389, 355, 117, 95, 0.9997, 0.7623, 1.4537, 5, 6
390, 312, 68, 124, 0.9997, 1.0000, 1.2362, 58, 56
390, 320, 32, 28, 0.9997, 1.0000, 1.2617, 44, 44
390, 325, 64, 73, 0.9997, 1.0000, 2.0135, 40, 41
390, 342, 38, 108, 0.9997, 0.7047, 1.4005, 28, 25
390, 345, 22, 6, 0.9997, 1.0000, 1.0001, 23, 24
390, 350, 113, 67, 0.9992, 0.8762, 3.0843, 16, 15
391, 312, 69, 124, 0.9997, 1.0000, 1.0283, 59, 57
391, 320, 32, 27, 0.9996, 1.0000, 0.6030, 45, 45
391, 325, 65, 73, 0.9997, 1.0000, 1.2779, 41, 42
391, 342, 39, 109, 0.9997, 0.7458, 1.4900, 29, 26
391, 345, 23, 7, 0.9997, 1.0000, 1.2583, 24, 25
391, 349, 28, 94, 0.9997, 0.6831, 1.4975, 18, 18
392, 312, 69, 125, 0.9997, 1.0000, 0.7866, 60, 58
392, 320, 32, 29, 0.9996, 1.0000, 1.1780, 46, 46
392, 325, 67, 72, 0.9997, 1.0000, 1.8695, 42, 43
392, 342, 40, 110, 0.9997, 0.7869, 1.4446, 30, 27
392, 345, 24, 7, 0.9997, 1.0000, 1.0424, 25, 26
392, 349, 30, 94, 0.9997, 0.7248, 1.7487, 19, 19
392, 357, 18, 93, 0.7236, 0.5161, 14.7797, 2, 3
393, 312, 70, 125, 0.9997, 1.0000, 0.7519, 61, 59
393, 320, 33, 30, 0.9997, 1.0000, 1.4792, 47, 47
393, 325, 69, 71, 0.9997, 1.0000, 2.2552, 43, 44
393, 342, 41, 111, 0.9997, 0.8280, 1.4150, 31, 28
393, 345, 25, 7, 0.9997, 1.0000, 1.0000, 26, 27
393, 349, 32, 94, 0.9997, 0.7664, 1.9987, 20, 20
394, 312, 71, 126, 0.9997, 1.0000, 1.2501, 62, 60
394, 320, 33, 31, 0.9997, 1.0000, 1.1196, 48, 48
394, 325, 71, 71, 0.9997, 1.0000, 2.0611, 44, 45
394, 342, 43, 112, 0.9997, 0.8691, 2.0254, 32, 29
394, 345, 26, 7, 0.9997, 1.0000, 1.0009, 27, 28
394, 349, 33, 94, 0.9997, 0.8081, 1.2765, 21, 21
395, 312, 72, 126, 0.9997, 1.0000, 1.0720, 63, 61
395, 320, 34, 31, 0.9997, 1.0000, 0.7966, 49, 49
395, 325, 73, 70, 0.9997, 1.0000, 2.1414, 45, 46
395, 342, 44, 113, 0.9997, 0.9103, 1.6323, 33, 30
395, 345, 27, 8, 0.9997, 1.0000, 1.2485, 28, 29
395, 349, 35, 94, 0.9997, 0.8498, 1.7237, 22, 22
395, 355, 125, 96, 0.9997, 0.6831, 1.7534, 11, 11
395, 359, 25, 17, 0.7286, 0.5189, 12.6217, 2, 3
395, 360, 77, 100, 0.8992, 0.6171, 11.3741, 2, 3
396, 312, 73, 127, 0.9997, 1.0000, 1.2630, 64, 62
396, 320, 34, 33, 0.9996, 1.0000, 1.4775, 50, 50
396, 325, 74, 70, 0.9997, 1.0000, 1.2580, 46, 47
396, 345, 28, 8, 0.9997, 1.0000, 1.0417, 29, 30
396, 349, 37, 94, 0.9997, 0.8914, 2.0001, 23, 23
396, 350, 123, 68, 0.9987, 0.6667, 3.4613, 22, 20
396, 358, 46, 57, 0.9997, 0.6831, 0.4061, 7, 7
397, 312, 74, 127, 0.9997, 1.0000, 1.0308, 65, 63
397, 320, 35, 36, 0.9996, 1.0000, 2.9128, 51, 51
397, 325, 76, 69, 0.9997, 1.0000, 1.8626, 47, 48
397, 342, 25, 122, 0.9480, 0.9467, 9.3664, 35, 32
397, 345, 29, 8, 0.9997, 1.0000, 1.0000, 30, 31
397, 349, 38, 94, 0.9997, 0.9331, 1.2764, 24, 24
397, 358, 48, 54, 0.9994, 0.7246, 3.4797, 8, 8
398, 325, 78, 68, 0.9997, 1.0000, 2.2422, 48, 49
398, 345, 31, 8, 0.9997, 1.0000, 1.7644, 31, 32
398, 349, 40, 94, 0.9997, 0.9747, 1.7236, 25, 25
398, 362, 26, 34, 0.9980, 0.6947, 1.6282, 3, 4
399, 325, 79, 68, 0.9997, 1.0000, 1.3087, 49, 50
399, 345, 32, 8, 0.9997, 1.0000, 1.2919, 32, 33
399, 349, 41, 94, 0.9997, 1.0000, 1.2361, 26, 26
399, 361, 45, 121, 0.9613, 0.5807, 6.5009, 5, 5
399, 362, 34, 34, 0.9681, 0.7071, 7.4124, 4, 5
399, 363, 60, 63, 0.9976, 0.6944, 2.0982, 3, 4
400, 325, 81, 67, 0.9997, 1.0000, 1.8697, 50, 51
400, 345, 33, 9, 0.9997, 1.0000, 1.2583, 33, 34
400, 349, 43, 93, 0.9997, 1.0000, 1.9081, 27, 27
400, 363, 60, 63, 0.9996, 0.7268, 0.5739, 4, 5
401, 325, 83, 66, 0.9997, 1.0000, 2.2357, 51, 52
401, 349, 45, 93, 0.9997, 1.0000, 2.0364, 28, 28
401, 366, 4, 93, 0.9979, 0.6946, 1.9399, 3, 4
401, 367, 118, 15, 0.9362, 0.6383, 7.8232, 2, 3
402, 325, 85, 66, 0.9997, 1.0000, 2.0588, 52, 53
402, 345, 35, 9, 0.9996, 1.0000, 1.4559, 35, 36
402, 349, 47, 93, 0.9997, 1.0000, 2.0426, 29, 29
402, 366, 5, 94, 0.9996, 0.7268, 1.7002, 4, 5
402, 367, 118, 21, 0.9973, 0.6942, 6.5522, 3, 4
403, 325, 87, 66, 0.9997, 1.0000, 2.0157, 53, 54
403, 345, 36, 9, 0.9997, 1.0000, 1.2925, 36, 37
403, 349, 49, 93, 0.9997, 1.0000, 2.0145, 30, 30
403, 366, 7, 94, 0.9997, 0.7623, 1.7897, 5, 6
404, 325, 89, 65, 0.9997, 1.0000, 2.1217, 54, 55
404, 345, 37, 10, 0.9997, 1.0000, 1.2848, 37, 38
404, 349, 50, 93, 0.9997, 1.0000, 1.2353, 31, 31
404, 366, 8, 94, 0.9997, 0.7998, 1.2498, 6, 7
404, 368, 113, 91, 0.8781, 0.6049, 5.0176, 2, 3
405, 325, 90, 65, 0.9997, 1.0000, 1.2644, 55, 56
405, 345, 39, 10, 0.9997, 1.0000, 1.7628, 38, 39
405, 349, 51, 93, 0.9997, 1.0000, 0.9419, 32, 32
405, 362, 40, 37, 0.9997, 0.6831, 1.0358, 10, 10
405, 366, 10, 95, 0.9997, 0.8384, 1.8835, 7, 8
405, 367, 119, 40, 0.9789, 0.4916, 6.0693, 6, 6
405, 370, 5, 106, 0.6489, 0.4731, 17.1437, 2, 3
406, 325, 92, 64, 0.9997, 1.0000, 1.8714, 56, 57
406, 345, 40, 10, 0.9997, 1.0000, 1.2755, 39, 40
406, 349, 54, 93, 0.9996, 1.0000, 2.4714, 33, 33
406, 362, 41, 37, 0.9997, 0.7248, 1.0108, 11, 11
406, 366, 11, 95, 0.9997, 0.8779, 1.2791, 8, 9
406, 367, 123, 55, 0.8685, 0.5342, 14.9151, 7, 7
407, 325, 94, 64, 0.9997, 1.0000, 2.0159, 57, 58
407, 345, 41, 10, 0.9997, 1.0000, 0.9984, 40, 41
407, 349, 56, 92, 0.9997, 1.0000, 2.4565, 34, 34
407, 362, 41, 38, 0.9997, 0.7664, 0.7816, 12, 12
407, 366, 13, 95, 0.9997, 0.9178, 1.7501, 9, 10
407, 371, 118, 73, 0.7800, 0.5485, 7.2052, 2, 3
408, 325, 96, 63, 0.9997, 1.0000, 2.1755, 58, 59
408, 345, 42, 10, 0.9997, 1.0000, 0.9590, 41, 42
408, 362, 42, 39, 0.9997, 0.8081, 1.2458, 13, 13
408, 366, 14, 95, 0.9997, 0.9581, 1.2507, 10, 11
409, 325, 97, 63, 0.9997, 1.0000, 1.2769, 59, 60
409, 345, 43, 11, 0.9997, 1.0000, 1.2462, 42, 43
409, 366, 16, 95, 0.9997, 0.9986, 1.7501, 11, 12
410, 325, 99, 62, 0.9997, 1.0000, 1.8655, 60, 61
410, 345, 44, 11, 0.9997, 1.0000, 1.0425, 43, 44
410, 362, 43, 40, 0.9997, 0.8914, 1.0408, 15, 15
410, 366, 17, 95, 0.9997, 1.0000, 1.2500, 12, 13
410, 373, 76, 7, 0.9862, 0.6876, 6.4608, 3, 4
411, 325, 101, 62, 0.9997, 1.0000, 2.0132, 61, 62
411, 345, 46, 11, 0.9997, 1.0000, 1.7662, 44, 45
411, 362, 44, 41, 0.9997, 0.9331, 1.4246, 16, 16
411, 366, 19, 95, 0.9997, 1.0000, 1.7500, 13, 14
411, 371, 116, 79, 0.8993, 0.5497, 6.0909, 6, 6
411, 375, 15, 20, 0.9409, 0.4764, 7.0354, 5, 5
412, 325, 103, 61, 0.9997, 1.0000, 2.1751, 62, 63
412, 345, 47, 12, 0.9997, 1.0000, 1.4803, 45, 46
412, 362, 45, 41, 0.9997, 0.9747, 1.0785, 17, 17
412, 366, 20, 95, 0.9997, 1.0000, 1.2500, 14, 15
412, 369, 11, 51, 0.7982, 0.5179, 4.3144, 9, 8
412, 371, 115, 87, 0.9955, 0.6392, 7.7224, 7, 7
412, 375, 18, 9, 0.8208, 0.5104, 11.3452, 6, 6
412, 376, 11, 7, 0.9979, 0.6946, 3.9022, 3, 4
413, 325, 105, 60, 0.9997, 1.0000, 2.2569, 63, 64
413, 345, 48, 12, 0.9997, 1.0000, 1.0372, 46, 47
413, 349, 66, 92, 0.9997, 0.6788, 2.0336, 40, 39
413, 366, 22, 97, 0.9996, 1.0000, 2.3231, 15, 16
413, 371, 114, 94, 0.9995, 0.6831, 7.4632, 8, 8
413, 376, 15, 11, 0.9996, 0.7268, 5.3697, 4, 5
413, 377, 82, 65, 0.9979, 0.6946, 2.8072, 3, 4
414, 345, 49, 12, 0.9997, 1.0000, 0.9573, 47, 48
414, 349, 68, 92, 0.9997, 0.7202, 2.0418, 41, 40
414, 362, 46, 41, 0.9997, 1.0000, 0.7095, 19, 19
414, 366, 23, 97, 0.9997, 1.0000, 1.3795, 16, 17
414, 374, 17, 85, 0.9995, 0.6636, 1.4987, 9, 8
414, 371, 112, 100, 0.9996, 0.7248, 6.5326, 9, 9
414, 373, 71, 11, 0.9552, 0.5776, 8.0140, 7, 7
414, 376, 18, 14, 0.9997, 0.7623, 4.7221, 5, 6
414, 378, 29, 24, 0.7650, 0.5399, 12.9276, 2, 3
415, 345, 51, 12, 0.9997, 1.0000, 1.7481, 48, 49
415, 349, 70, 92, 0.9997, 0.7617, 2.0149, 42, 41
415, 362, 47, 42, 0.9997, 1.0000, 1.2472, 20, 20
415, 366, 24, 97, 0.9997, 1.0000, 0.9861, 17, 18
415, 374, 27, 89, 0.9239, 0.6601, 10.3896, 10, 9
415, 371, 110, 106, 0.9997, 0.7664, 6.2518, 10, 10
415, 376, 21, 17, 0.9997, 0.7998, 4.2614, 6, 7
416, 345, 52, 13, 0.9997, 1.0000, 1.4930, 49, 50
416, 349, 72, 92, 0.9997, 0.8032, 1.9995, 43, 42
416, 362, 47, 43, 0.9997, 1.0000, 1.0939, 21, 21
416, 366, 26, 97, 0.9997, 1.0000, 1.7242, 18, 19
416, 371, 108, 111, 0.9997, 0.8081, 5.5517, 11, 11
416, 376, 24, 20, 0.9997, 0.8385, 4.1799, 7, 8
417, 345, 53, 13, 0.9997, 1.0000, 1.0440, 50, 51
417, 349, 74, 92, 0.9997, 0.8446, 1.9977, 44, 43
417, 362, 47, 42, 0.9996, 1.0000, 0.4707, 22, 22
417, 366, 28, 97, 0.9997, 1.0000, 2.0421, 19, 20
417, 371, 107, 116, 0.9997, 0.8497, 5.0840, 12, 12
417, 376, 27, 23, 0.9997, 0.8779, 4.2159, 8, 9
417, 380, 112, 58, 0.9979, 0.6946, 2.1299, 3, 4
418, 345, 54, 13, 0.9997, 1.0000, 0.9583, 51, 52
418, 349, 75, 92, 0.9997, 0.8861, 1.2353, 45, 44
418, 362, 49, 44, 0.9996, 1.0000, 1.8958, 23, 23
418, 366, 29, 97, 0.9997, 1.0000, 1.2926, 20, 21
418, 371, 106, 120, 0.9997, 0.8914, 4.2901, 13, 13
418, 376, 31, 27, 0.9997, 0.9178, 5.3220, 9, 10
418, 380, 113, 57, 0.9996, 0.7268, 1.5635, 4, 5
419, 345, 56, 13, 0.9997, 1.0000, 1.7482, 52, 53
419, 349, 77, 92, 0.9997, 0.9276, 1.7082, 46, 45
419, 362, 49, 45, 0.9997, 1.0000, 1.4082, 24, 24
419, 366, 31, 98, 0.9997, 1.0000, 1.8873, 21, 22
419, 371, 104, 126, 0.9996, 0.9330, 5.7233, 14, 14
419, 376, 34, 30, 0.9997, 0.9580, 4.6588, 10, 11
419, 380, 117, 56, 0.9996, 0.7622, 3.3941, 5, 6
419, 382, 32, 124, 0.9963, 0.6936, 1.0161, 3, 4
420, 345, 57, 13, 0.9997, 1.0000, 1.2918, 53, 54
420, 349, 79, 92, 0.9997, 0.9691, 2.0001, 47, 46
420, 362, 50, 45, 0.9997, 1.0000, 0.8295, 25, 25
420, 366, 33, 98, 0.9997, 1.0000, 2.0191, 22, 23
420, 376, 38, 34, 0.9997, 0.9986, 5.3245, 11, 12
420, 382, 34, 123, 0.9996, 0.7268, 1.7364, 4, 5
420, 383, 118, 57, 0.7813, 0.5493, 12.5683, 2, 3
421, 345, 58, 14, 0.9997, 1.0000, 1.2602, 54, 55
421, 349, 81, 91, 0.9997, 1.0000, 2.1807, 48, 47
421, 366, 34, 98, 0.9997, 1.0000, 1.2755, 23, 24
421, 376, 42, 38, 0.9997, 1.0000, 5.6755, 12, 13
421, 382, 35, 122, 0.9997, 0.7623, 1.5726, 5, 6
421, 385, 45, 0, 0.9840, 0.6863, 3.9457, 3, 4
422, 345, 59, 14, 0.9997, 1.0000, 1.0025, 55, 56
422, 349, 83, 91, 0.9997, 1.0000, 2.0373, 49, 48
422, 362, 51, 47, 0.9996, 1.0000, 1.6298, 27, 27
422, 366, 36, 98, 0.9997, 1.0000, 1.7241, 24, 25
422, 376, 46, 42, 0.9997, 1.0000, 5.7125, 13, 14
422, 382, 36, 121, 0.9997, 0.7998, 1.4376, 6, 7
422, 385, 38, 3, 0.9973, 0.7254, 7.6846, 4, 5
422, 387, 37, 95, 0.9980, 0.6946, 1.2487, 3, 4
423, 345, 61, 14, 0.9997, 1.0000, 1.7477, 56, 57
423, 349, 85, 91, 0.9997, 1.0000, 2.0000, 50, 49
423, 362, 52, 51, 0.9994, 1.0000, 4.5010, 28, 28
423, 366, 38, 97, 0.9997, 1.0000, 2.1469, 25, 26
423, 376, 49, 45, 0.9997, 1.0000, 4.5950, 14, 15
423, 385, 29, 8, 0.9995, 0.7622, 9.2457, 5, 6
423, 388, 109, 0, 0.9407, 0.6409, 7.1389, 2, 3
424, 345, 62, 14, 0.9997, 1.0000, 1.2924, 57, 58
424, 349, 87, 91, 0.9997, 1.0000, 1.9981, 51, 50
424, 366, 39, 97, 0.9997, 1.0000, 1.3094, 26, 27
424, 376, 53, 49, 0.9997, 1.0000, 5.2432, 15, 16
424, 384, 8, 38, 0.9997, 0.6831, 1.0180, 7, 7
424, 386, 101, 114, 0.9625, 0.6214, 8.1780, 6, 6
425, 345, 63, 15, 0.9997, 1.0000, 1.2504, 58, 59
425, 349, 89, 91, 0.9997, 1.0000, 1.9992, 52, 51
425, 366, 40, 98, 0.9997, 1.0000, 1.2281, 27, 28
425, 380, 127, 53, 0.9997, 0.6831, 1.8037, 11, 11
425, 384, 10, 39, 0.9997, 0.7248, 1.8768, 8, 8
426, 345, 65, 15, 0.9997, 1.0000, 1.7468, 59, 60
426, 349, 91, 91, 0.9997, 1.0000, 2.0000, 53, 52
426, 362, 62, 57, 0.9234, 0.4658, 5.4707, 31, 30
426, 366, 42, 98, 0.9997, 1.0000, 1.7408, 28, 29
426, 384, 11, 39, 0.9997, 0.7664, 1.3015, 9, 9
426, 391, 16, 19, 0.7977, 0.5753, 9.3482, 3, 4
427, 345, 67, 15, 0.9997, 1.0000, 2.0395, 60, 61
427, 349, 93, 91, 0.9997, 1.0000, 2.0001, 54, 53
427, 362, 66, 62, 0.9969, 0.5938, 6.0258, 32, 31
427, 366, 44, 99, 0.9997, 1.0000, 2.1844, 29, 30
427, 373, 59, 27, 0.9571, 0.5570, 6.1117, 20, 17
427, 384, 13, 40, 0.9997, 0.8081, 1.9174, 10, 10
427, 391, 10, 27, 0.9917, 0.7219, 9.8339, 4, 5
427, 392, 12, 24, 0.8814, 0.6068, 4.3155, 2, 3
428, 345, 68, 15, 0.9997, 1.0000, 1.2923, 61, 62
428, 349, 95, 91, 0.9997, 1.0000, 2.0001, 55, 54
428, 362, 71, 66, 0.9996, 0.6365, 6.3754, 33, 32
428, 366, 45, 100, 0.9997, 1.0000, 1.6434, 30, 31
428, 384, 14, 39, 0.9996, 0.8497, 1.3529, 11, 11
428, 393, 95, 71, 0.9604, 0.6722, 7.0387, 3, 4
428, 394, 17, 127, 0.8045, 0.5626, 12.6098, 2, 3
429, 345, 69, 15, 0.9997, 1.0000, 0.9599, 62, 63
429, 349, 97, 91, 0.9997, 1.0000, 2.0000, 56, 55
429, 362, 75, 71, 0.9997, 0.6780, 6.4217, 34, 33
429, 366, 47, 100, 0.9997, 1.0000, 1.7460, 31, 32
429, 384, 15, 40, 0.9997, 0.8914, 1.0860, 12, 12
429, 395, 7, 30, 0.8831, 0.6262, 6.1148, 3, 4
430, 345, 71, 15, 0.9997, 1.0000, 1.7060, 63, 64
430, 349, 99, 90, 0.9997, 1.0000, 2.1409, 57, 56
430, 362, 80, 75, 0.9997, 0.7194, 6.3924, 35, 34
430, 366, 48, 101, 0.9997, 1.0000, 1.4288, 32, 33
430, 376, 55, 53, 0.9997, 0.6831, 1.0664, 21, 21
430, 384, 17, 41, 0.9997, 0.9330, 1.9977, 13, 13
430, 390, 85, 13, 0.9997, 0.6831, 2.0071, 8, 8
430, 395, 5, 20, 0.9719, 0.7095, 9.8829, 4, 5
430, 397, 28, 113, 0.8262, 0.5751, 5.9631, 2, 3
431, 345, 72, 15, 0.9997, 1.0000, 1.2755, 64, 65
431, 349, 101, 90, 0.9997, 1.0000, 2.0212, 58, 57
431, 362, 85, 81, 0.9996, 0.7609, 7.4531, 36, 35
431, 366, 50, 100, 0.9996, 1.0000, 1.8257, 33, 34
431, 376, 56, 54, 0.9997, 0.7248, 1.4272, 22, 22
431, 384, 18, 41, 0.9997, 0.9747, 1.3173, 14, 14
431, 390, 86, 14, 0.9997, 0.7248, 1.4885, 9, 9
431, 396, 5, 94, 0.9661, 0.7058, 8.5475, 4, 5
432, 345, 74, 15, 0.9997, 1.0000, 1.7662, 65, 66
432, 349, 102, 90, 0.9997, 1.0000, 1.2361, 59, 58
432, 362, 90, 86, 0.9997, 0.8024, 7.3165, 37, 36
432, 366, 52, 100, 0.9997, 1.0000, 2.0386, 34, 35
432, 376, 56, 53, 0.9996, 0.7664, 0.5574, 23, 23
432, 384, 20, 42, 0.9997, 1.0000, 1.9130, 15, 15
432, 390, 87, 16, 0.9997, 0.7664, 2.0207, 10, 10
432, 398, 13, 51, 0.9979, 0.6946, 1.8013, 3, 4
432, 400, 11, 12, 0.7576, 0.5356, 15.1245, 2, 3
433, 345, 75, 15, 0.9997, 1.0000, 1.2525, 66, 67
433, 349, 105, 90, 0.9996, 1.0000, 2.4725, 60, 59
433, 362, 96, 91, 0.9997, 0.8438, 7.6673, 38, 37
433, 366, 53, 101, 0.9996, 1.0000, 1.4694, 35, 36
433, 376, 58, 55, 0.9996, 0.8080, 1.9062, 24, 24
433, 384, 21, 43, 0.9997, 1.0000, 1.6015, 16, 16
433, 390, 87, 18, 0.9997, 0.8081, 2.0208, 11, 11
433, 398, 13, 52, 0.9996, 0.7268, 0.9579, 4, 5
433, 399, 109, 115, 0.9993, 0.7267, 3.1522, 4, 5
434, 345, 77, 15, 0.9997, 1.0000, 1.7486, 67, 68
434, 349, 107, 90, 0.9997, 1.0000, 2.2919, 61, 60
434, 362, 101, 96, 0.9997, 0.8853, 7.2601, 39, 38
434, 365, 86, 30, 0.9997, 1.0000, 0.7639, 37, 37
434, 366, 55, 101, 0.9997, 1.0000, 1.7520, 36, 37
434, 376, 58, 55, 0.9996, 0.8497, 0.7458, 25, 25
434, 384, 22, 43, 0.9997, 1.0000, 1.0219, 17, 17
434, 390, 88, 20, 0.9997, 0.8498, 2.1640, 12, 12
434, 398, 14, 52, 0.9997, 0.7623, 0.7788, 5, 6
435, 345, 78, 16, 0.9997, 1.0000, 1.4642, 68, 69
435, 349, 109, 90, 0.9997, 1.0000, 2.0426, 62, 61
435, 362, 107, 102, 0.9997, 0.9268, 8.1379, 40, 39
435, 365, 87, 30, 0.9996, 1.0000, 0.4721, 38, 38
435, 366, 57, 101, 0.9997, 1.0000, 1.9992, 37, 38
435, 376, 59, 56, 0.9997, 0.8914, 1.0892, 26, 26
435, 384, 23, 44, 0.9997, 1.0000, 1.1996, 18, 18
435, 390, 88, 21, 0.9997, 0.8914, 1.2730, 13, 13
435, 398, 18, 42, 0.8545, 0.6982, 10.0065, 6, 7
435, 402, 9, 96, 0.9980, 0.6946, 1.4633, 3, 4
436, 345, 80, 16, 0.9997, 1.0000, 1.7740, 69, 70
436, 349, 111, 90, 0.9997, 1.0000, 1.9737, 63, 62
436, 362, 113, 108, 0.9997, 0.9683, 8.5319, 41, 40
436, 366, 57, 102, 0.9996, 1.0000, 0.8866, 38, 39
436, 376, 60, 56, 0.9997, 0.9331, 0.9986, 27, 27
436, 384, 25, 45, 0.9997, 1.0000, 2.0155, 19, 19
436, 390, 89, 23, 0.9997, 0.9331, 1.8647, 14, 14
436, 398, 19, 29, 0.9757, 0.8208, 12.7286, 7, 8
436, 402, 10, 96, 0.9996, 0.7268, 0.9899, 4, 5
437, 345, 82, 16, 0.9997, 1.0000, 2.0140, 70, 71
437, 349, 113, 89, 0.9997, 1.0000, 2.1261, 64, 63
437, 362, 119, 114, 0.9997, 1.0000, 8.5538, 42, 41
437, 365, 88, 30, 0.9997, 1.0000, 0.8065, 40, 40
437, 366, 60, 102, 0.9996, 1.0000, 2.2128, 39, 40
437, 376, 61, 56, 0.9997, 0.9747, 1.0267, 28, 28
437, 384, 26, 46, 0.9997, 1.0000, 1.6594, 20, 20
437, 390, 89, 24, 0.9997, 0.9747, 1.2592, 15, 15
437, 392, 2, 17, 0.9997, 0.6686, 1.3045, 12, 11
437, 398, 12, 10, 0.9268, 0.8212, 18.9058, 8, 9
437, 402, 13, 97, 0.9996, 0.7622, 2.5865, 5, 6
437, 404, 18, 52, 0.9018, 0.6185, 12.6315, 2, 3
438, 345, 83, 17, 0.9997, 1.0000, 1.4675, 71, 72
438, 349, 115, 89, 0.9997, 1.0000, 2.0188, 65, 64
438, 362, 125, 120, 0.9997, 1.0000, 8.5046, 43, 42
438, 365, 87, 30, 0.9996, 1.0000, 0.4984, 41, 41
438, 366, 62, 102, 0.9997, 1.0000, 2.2918, 40, 41
438, 376, 62, 57, 0.9997, 1.0000, 1.2435, 29, 29
438, 384, 27, 47, 0.9997, 1.0000, 1.4268, 21, 21
438, 390, 90, 26, 0.9997, 1.0000, 1.9042, 16, 16
438, 392, 4, 29, 0.8107, 0.5950, 11.1191, 13, 12
438, 402, 14, 97, 0.9997, 0.7998, 1.5894, 6, 7
439, 345, 85, 17, 0.9997, 1.0000, 1.7440, 72, 73
439, 349, 117, 89, 0.9997, 1.0000, 2.0015, 66, 65
439, 366, 63, 102, 0.9997, 1.0000, 1.3196, 41, 42
439, 376, 63, 57, 0.9997, 1.0000, 1.0397, 30, 30
439, 384, 28, 48, 0.9997, 1.0000, 1.3850, 22, 22
439, 390, 91, 27, 0.9997, 1.0000, 1.6114, 17, 17
439, 402, 16, 98, 0.9997, 0.8384, 1.9186, 7, 8
440, 345, 87, 17, 0.9997, 1.0000, 1.9992, 73, 74
440, 349, 119, 89, 0.9997, 1.0000, 2.0014, 67, 66
440, 365, 89, 29, 0.9996, 1.0000, 1.6681, 43, 43
440, 366, 65, 103, 0.9997, 1.0000, 1.8551, 42, 43
440, 376, 64, 58, 0.9997, 1.0000, 1.2582, 31, 31
440, 384, 29, 49, 0.9997, 1.0000, 1.4011, 23, 23
440, 397, 65, 109, 0.9997, 0.6686, 1.7275, 12, 11
440, 402, 18, 99, 0.9997, 0.8779, 2.2186, 8, 9
440, 407, 2, 81, 0.9980, 0.6946, 0.7813, 3, 4
441, 345, 89, 18, 0.9997, 1.0000, 2.1648, 74, 75
441, 349, 121, 89, 0.9997, 1.0000, 2.0002, 68, 67
441, 365, 93, 28, 0.9996, 1.0000, 3.8160, 44, 44
441, 366, 67, 103, 0.9997, 1.0000, 2.0051, 43, 44
441, 376, 65, 58, 0.9997, 1.0000, 1.0304, 32, 32
441, 384, 30, 50, 0.9997, 1.0000, 1.4135, 24, 24
441, 402, 19, 99, 0.9997, 0.9178, 1.2903, 9, 10
441, 408, 21, 52, 0.9254, 0.6803, 12.2060, 4, 5
441, 407, 2, 82, 0.9996, 0.7268, 0.7970, 4, 5
442, 345, 90, 18, 0.9997, 1.0000, 1.2817, 75, 76
442, 349, 123, 89, 0.9997, 1.0000, 1.9999, 69, 68
442, 366, 68, 102, 0.9996, 1.0000, 1.4843, 44, 45
442, 376, 66, 58, 0.9997, 1.0000, 1.0000, 33, 33
442, 384, 31, 51, 0.9997, 1.0000, 1.4159, 25, 25
442, 402, 21, 100, 0.9997, 0.9580, 1.8666, 10, 11
442, 405, 74, 20, 0.7303, 0.4515, 10.7995, 8, 7
442, 407, 3, 82, 0.9997, 0.7623, 0.7901, 5, 6
442, 409, 81, 46, 0.7879, 0.5531, 13.8764, 2, 3
443, 345, 92, 18, 0.9997, 1.0000, 1.7082, 76, 77
443, 349, 126, 89, 0.9997, 1.0000, 2.7639, 70, 69
443, 366, 71, 103, 0.9996, 1.0000, 2.5259, 45, 46
443, 376, 67, 58, 0.9997, 1.0000, 1.0010, 34, 34
443, 384, 32, 52, 0.9997, 1.0000, 1.4149, 26, 26
443, 390, 88, 31, 0.9936, 0.5897, 4.2850, 21, 20
443, 402, 23, 101, 0.9997, 0.9986, 2.2370, 11, 12
443, 407, 4, 83, 0.9997, 0.7998, 1.2612, 6, 7
444, 345, 94, 18, 0.9997, 1.0000, 1.9982, 77, 78
444, 376, 68, 57, 0.9997, 1.0000, 1.2670, 35, 35
444, 384, 33, 54, 0.9997, 1.0000, 2.0277, 27, 27
444, 402, 25, 101, 0.9997, 1.0000, 2.0599, 12, 13
445, 345, 96, 19, 0.9997, 1.0000, 2.1746, 78, 79
445, 376, 69, 57, 0.9997, 1.0000, 1.0415, 36, 36
445, 384, 34, 55, 0.9997, 1.0000, 1.6335, 28, 28
445, 402, 26, 102, 0.9997, 1.0000, 1.4458, 13, 14
445, 407, 5, 83, 0.9997, 0.8779, 0.7223, 8, 9
445, 410, 117, 104, 0.9903, 0.7210, 7.2528, 4, 5
445, 411, 24, 44, 0.6611, 0.4801, 5.9372, 2, 3
446, 345, 97, 19, 0.9997, 1.0000, 1.2859, 79, 80
446, 376, 70, 57, 0.9997, 1.0000, 1.0000, 37, 37
446, 384, 35, 56, 0.9997, 1.0000, 1.4142, 29, 29
446, 397, 77, 112, 0.9996, 0.6637, 2.8329, 18, 16
446, 402, 28, 103, 0.9997, 1.0000, 1.9793, 14, 15
446, 407, 6, 84, 0.9997, 0.9178, 1.2329, 9, 10
446, 410, 107, 105, 0.9978, 0.7611, 10.2849, 5, 6
447, 345, 99, 19, 0.9997, 1.0000, 1.7083, 80, 81
447, 365, 96, 42, 0.9997, 0.6796, 2.2408, 50, 49
447, 376, 72, 57, 0.9997, 1.0000, 1.7645, 38, 38
447, 384, 36, 58, 0.9997, 1.0000, 1.9907, 30, 30
447, 397, 78, 114, 0.9997, 0.7051, 2.6069, 19, 17
447, 402, 30, 103, 0.9997, 1.0000, 2.0167, 15, 16
447, 407, 7, 84, 0.9997, 0.9581, 1.0767, 10, 11
447, 412, 85, 52, 0.9980, 0.6946, 1.3030, 3, 4
447, 413, 121, 123, 0.9981, 0.6947, 1.0059, 3, 4
448, 345, 101, 19, 0.9997, 1.0000, 1.9981, 81, 82
448, 365, 96, 43, 0.9997, 0.7211, 1.2611, 51, 50
448, 376, 73, 57, 0.9997, 1.0000, 1.2919, 39, 39
448, 384, 36, 59, 0.9997, 1.0000, 1.2972, 31, 31
448, 397, 79, 116, 0.9997, 0.7465, 2.3116, 20, 18
448, 402, 31, 104, 0.9997, 1.0000, 1.4684, 16, 17
448, 412, 86, 53, 0.9996, 0.7268, 1.2229, 4, 5
448, 413, 120, 123, 0.9996, 0.7268, 0.8002, 4, 5
449, 345, 103, 19, 0.9997, 1.0000, 2.0417, 82, 83
449, 365, 97, 45, 0.9997, 0.7626, 1.8517, 52, 51
449, 366, 82, 106, 0.9997, 0.6831, 1.9863, 51, 51
449, 376, 74, 57, 0.9997, 1.0000, 1.0000, 40, 40
449, 384, 37, 61, 0.9997, 1.0000, 1.9008, 32, 32
449, 397, 80, 119, 0.9997, 0.7879, 2.9273, 21, 19
449, 402, 33, 105, 0.9997, 1.0000, 1.9934, 17, 18
449, 413, 121, 124, 0.9996, 0.7623, 0.8508, 5, 6
450, 345, 105, 19, 0.9997, 1.0000, 2.0163, 83, 84
450, 365, 98, 47, 0.9997, 0.8041, 2.2359, 53, 52
450, 366, 84, 105, 0.9997, 0.7248, 2.1642, 52, 52
450, 376, 74, 58, 0.9997, 1.0000, 0.7857, 41, 41
450, 384, 38, 62, 0.9997, 1.0000, 1.6020, 33, 33
450, 397, 81, 121, 0.9997, 0.8293, 2.4831, 22, 20
450, 402, 35, 106, 0.9997, 1.0000, 2.2545, 18, 19
450, 407, 9, 85, 0.9996, 1.0000, 1.6495, 13, 14
450, 413, 120, 124, 0.9997, 0.7998, 0.5277, 6, 7
451, 345, 107, 19, 0.9997, 1.0000, 2.0001, 84, 85
451, 365, 98, 48, 0.9997, 0.8456, 1.3085, 54, 53
451, 376, 75, 59, 0.9997, 1.0000, 1.2615, 42, 42
451, 384, 38, 64, 0.9997, 1.0000, 1.7706, 34, 34
451, 397, 82, 123, 0.9997, 0.8708, 2.2319, 23, 21
451, 407, 9, 86, 0.9997, 1.0000, 1.1995, 14, 15
452, 345, 108, 18, 0.9997, 1.0000, 1.4506, 85, 86
452, 365, 99, 50, 0.9997, 0.8871, 1.8703, 55, 54
452, 376, 76, 59, 0.9997, 1.0000, 1.0417, 43, 43
452, 384, 38, 66, 0.9997, 1.0000, 2.0135, 35, 35
452, 397, 84, 125, 0.9997, 0.9122, 2.6370, 24, 22
452, 407, 10, 86, 0.9997, 1.0000, 0.8215, 15, 16
452, 414, 74, 63, 0.9920, 0.5960, 5.6536, 6, 6
453, 345, 110, 18, 0.9997, 1.0000, 1.7321, 86, 87
453, 365, 100, 52, 0.9997, 0.9286, 2.2361, 56, 55
453, 376, 74, 59, 0.9996, 1.0000, 1.2476, 44, 44
453, 384, 38, 68, 0.9997, 1.0000, 2.0425, 36, 36
453, 397, 86, 126, 0.9997, 0.9537, 2.3920, 25, 23
453, 407, 11, 87, 0.9997, 1.0000, 1.2124, 16, 17
453, 413, 119, 123, 0.9997, 0.9178, 1.0714, 9, 10
454, 345, 112, 18, 0.9997, 1.0000, 2.0000, 87, 88
454, 365, 101, 54, 0.9997, 0.9701, 2.2901, 57, 56
454, 376, 76, 61, 0.9994, 1.0000, 2.2239, 45, 45
454, 384, 38, 70, 0.9997, 1.0000, 2.0141, 37, 37
454, 397, 88, 127, 0.9997, 0.9952, 2.2624, 26, 24
454, 413, 119, 123, 0.9997, 0.9580, 0.4024, 10, 11
454, 417, 91, 108, 0.9980, 0.6947, 2.1518, 3, 4
455, 345, 114, 18, 0.9997, 1.0000, 2.0431, 88, 89
455, 365, 102, 56, 0.9997, 1.0000, 2.2567, 58, 57
455, 376, 77, 63, 0.9996, 1.0000, 2.2498, 46, 46
455, 384, 38, 72, 0.9997, 1.0000, 1.9993, 38, 38
455, 407, 12, 88, 0.9997, 1.0000, 1.0387, 18, 19
455, 413, 119, 122, 0.9997, 0.9986, 0.7617, 11, 12
455, 417, 93, 108, 0.9996, 0.7268, 2.0227, 4, 5
456, 345, 116, 18, 0.9997, 1.0000, 2.0164, 89, 90
456, 365, 102, 58, 0.9997, 1.0000, 2.0139, 59, 58
456, 384, 37, 74, 0.9997, 1.0000, 2.1377, 39, 39
456, 402, 45, 111, 0.9997, 0.6831, 1.6280, 24, 24
456, 407, 13, 88, 0.9997, 1.0000, 1.0326, 19, 20
456, 415, 41, 52, 0.9997, 0.6656, 1.0447, 10, 9
456, 417, 95, 108, 0.9997, 0.7623, 1.9989, 5, 6
457, 345, 118, 17, 0.9997, 1.0000, 2.1409, 90, 91
457, 365, 103, 60, 0.9997, 1.0000, 2.1188, 60, 59
457, 384, 37, 76, 0.9997, 1.0000, 2.0203, 40, 40
457, 402, 47, 112, 0.9997, 0.7248, 1.9929, 25, 25
457, 413, 119, 121, 0.9997, 1.0000, 0.7479, 13, 14
457, 415, 42, 52, 0.9997, 0.7078, 1.0086, 11, 10
457, 417, 97, 109, 0.9997, 0.7998, 2.1255, 6, 7
457, 419, 29, 50, 0.9977, 0.6945, 0.5889, 3, 4
457, 420, 93, 20, 0.8240, 0.5738, 7.8651, 2, 3
458, 345, 120, 17, 0.9997, 1.0000, 2.0192, 91, 92
458, 365, 104, 62, 0.9997, 1.0000, 2.2349, 61, 60
458, 384, 36, 79, 0.9997, 1.0000, 2.8676, 41, 41
458, 402, 48, 114, 0.9997, 0.7664, 2.1526, 26, 26
458, 407, 14, 89, 0.9997, 1.0000, 1.0225, 21, 22
458, 413, 120, 121, 0.9997, 1.0000, 0.8035, 14, 15
458, 415, 44, 52, 0.9997, 0.7498, 1.7660, 12, 11
458, 417, 99, 109, 0.9997, 0.8384, 2.0188, 7, 8
458, 419, 30, 52, 0.9995, 0.7268, 1.4061, 4, 5
458, 421, 40, 22, 0.9980, 0.6946, 1.0573, 3, 4
459, 345, 122, 17, 0.9997, 1.0000, 1.9991, 92, 93
459, 365, 105, 64, 0.9997, 1.0000, 2.2554, 62, 61
459, 384, 36, 81, 0.9997, 1.0000, 2.3055, 42, 42
459, 402, 50, 117, 0.9996, 0.8081, 3.3174, 27, 27
459, 407, 15, 89, 0.9997, 1.0000, 1.0378, 22, 23
459, 413, 120, 120, 0.9997, 1.0000, 0.8040, 15, 16
459, 415, 33, 53, 0.5503, 0.4808, 9.4337, 13, 12
459, 417, 101, 110, 0.9997, 0.8779, 2.1410, 8, 9
459, 421, 32, 20, 0.9644, 0.7048, 7.6350, 4, 5
460, 345, 125, 16, 0.9997, 1.0000, 2.8565, 93, 94
460, 365, 105, 66, 0.9997, 1.0000, 2.0160, 63, 62
460, 384, 36, 83, 0.9997, 1.0000, 2.0001, 43, 43
460, 407, 15, 90, 0.9997, 1.0000, 0.8131, 23, 24
460, 417, 103, 110, 0.9997, 0.9178, 2.0158, 9, 10
461, 345, 126, 16, 0.9996, 1.0000, 1.5526, 94, 95
461, 365, 106, 68, 0.9997, 1.0000, 2.1217, 64, 63
461, 376, 80, 68, 0.9997, 0.6798, 1.0417, 52, 51
461, 384, 36, 85, 0.9997, 1.0000, 1.9579, 44, 44
461, 407, 16, 90, 0.9997, 1.0000, 0.7661, 24, 25
461, 413, 121, 119, 0.9997, 1.0000, 1.0406, 17, 18
461, 417, 105, 110, 0.9997, 0.9581, 2.0001, 10, 11
461, 424, 41, 113, 0.7422, 0.5268, 10.1171, 2, 3
462, 345, 127, 16, 0.9997, 1.0000, 0.9443, 95, 96
462, 365, 107, 70, 0.9997, 1.0000, 2.2350, 65, 64
462, 376, 81, 69, 0.9997, 0.7213, 1.2496, 53, 52
462, 384, 35, 87, 0.9997, 1.0000, 2.1208, 45, 45
462, 407, 17, 91, 0.9997, 1.0000, 1.2491, 25, 26
462, 413, 121, 118, 0.9997, 1.0000, 1.0507, 18, 19
462, 417, 107, 111, 0.9997, 0.9986, 2.1261, 11, 12
462, 425, 72, 54, 0.7910, 0.5713, 9.4603, 3, 4
463, 365, 108, 72, 0.9997, 1.0000, 2.2550, 66, 65
463, 376, 81, 70, 0.9997, 0.7627, 1.0291, 54, 53
463, 384, 36, 89, 0.9996, 1.0000, 2.0548, 46, 46
463, 407, 18, 91, 0.9997, 1.0000, 1.0698, 26, 27
463, 413, 122, 118, 0.9997, 1.0000, 0.8129, 19, 20
463, 417, 109, 111, 0.9997, 1.0000, 2.0192, 12, 13
463, 426, 89, 20, 0.9980, 0.6946, 1.0345, 3, 4
464, 365, 108, 74, 0.9997, 1.0000, 2.0159, 67, 66
464, 376, 81, 71, 0.9997, 0.8042, 0.9994, 55, 54
464, 384, 36, 91, 0.9997, 1.0000, 2.0232, 47, 47
464, 413, 113, 113, 0.8737, 0.9868, 9.3315, 20, 21
464, 419, 51, 54, 0.9996, 0.6831, 1.1643, 10, 10
464, 428, 21, 91, 0.7921, 0.5555, 8.5444, 2, 3
465, 365, 109, 76, 0.9997, 1.0000, 2.1217, 68, 67
465, 376, 81, 73, 0.9997, 0.8457, 1.7644, 56, 55
465, 384, 36, 93, 0.9997, 1.0000, 2.0013, 48, 48
465, 407, 19, 91, 0.9997, 1.0000, 0.7094, 28, 29
466, 365, 109, 78, 0.9997, 1.0000, 2.0136, 69, 68
466, 376, 81, 74, 0.9997, 0.8872, 1.2920, 57, 56
466, 384, 37, 95, 0.9997, 1.0000, 2.1317, 49, 49
466, 407, 20, 92, 0.9997, 1.0000, 1.2482, 29, 30
466, 429, 4, 47, 0.9980, 0.6946, 1.3093, 3, 4
467, 365, 110, 80, 0.9997, 1.0000, 2.1360, 70, 69
467, 376, 81, 76, 0.9997, 0.9288, 1.7640, 58, 57
467, 384, 37, 96, 0.9997, 1.0000, 1.2663, 50, 50
467, 407, 21, 92, 0.9997, 1.0000, 1.0820, 30, 31
467, 429, 5, 47, 0.9996, 0.7268, 0.9959, 4, 5
468, 365, 111, 82, 0.9997, 1.0000, 2.2434, 71, 70
468, 376, 82, 77, 0.9997, 0.9703, 1.4655, 59, 58
468, 384, 38, 99, 0.9996, 1.0000, 2.5867, 51, 51
468, 407, 21, 93, 0.9997, 1.0000, 0.8067, 31, 32
468, 429, 7, 47, 0.9997, 0.7623, 1.7221, 5, 6
469, 365, 113, 84, 0.9997, 1.0000, 2.6952, 72, 71
469, 376, 82, 78, 0.9997, 1.0000, 1.0263, 60, 59
469, 384, 39, 100, 0.9997, 1.0000, 1.8341, 52, 52
469, 407, 22, 93, 0.9997, 1.0000, 0.7512, 32, 33
469, 417, 121, 114, 0.9997, 0.6831, 2.1062, 18, 18
469, 429, 8, 47, 0.9997, 0.7998, 1.2763, 6, 7
470, 365, 114, 86, 0.9997, 1.0000, 2.3885, 73, 72
470, 376, 82, 79, 0.9997, 1.0000, 0.9574, 61, 60
470, 384, 40, 101, 0.9997, 1.0000, 1.4340, 53, 53
470, 407, 23, 94, 0.9997, 1.0000, 1.2467, 33, 34
470, 417, 123, 114, 0.9997, 0.7248, 1.9983, 19, 19
470, 429, 10, 47, 0.9997, 0.8384, 1.7641, 7, 8
470, 430, 96, 24, 0.9996, 0.7268, 1.6585, 4, 5
470, 432, 51, 35, 0.7107, 0.5086, 16.6349, 2, 3
471, 365, 116, 88, 0.9997, 1.0000, 2.6661, 74, 73
471, 376, 83, 81, 0.9997, 1.0000, 1.8928, 62, 61
471, 384, 41, 103, 0.9997, 1.0000, 1.9635, 54, 54
471, 417, 125, 115, 0.9997, 0.7664, 2.1342, 20, 20
471, 429, 11, 47, 0.9997, 0.8779, 1.2516, 8, 9
471, 430, 103, 28, 0.9966, 0.7602, 7.7864, 5, 6
472, 365, 117, 89, 0.9997, 1.0000, 1.7557, 75, 74
472, 376, 83, 82, 0.9997, 1.0000, 1.3217, 63, 62
472, 384, 43, 104, 0.9997, 1.0000, 2.1685, 55, 55
472, 407, 24, 95, 0.9997, 1.0000, 1.0428, 35, 36
472, 429, 13, 47, 0.9997, 0.9178, 1.7485, 9, 10
472, 431, 40, 61, 0.9995, 0.6831, 1.0079, 7, 7
472, 434, 97, 91, 0.9980, 0.6946, 2.2921, 3, 4
472, 435, 20, 108, 0.9980, 0.6947, 1.0347, 3, 4
472, 436, 4, 125, 0.9980, 0.6946, 1.0797, 3, 4
473, 365, 119, 91, 0.9997, 1.0000, 2.4433, 76, 75
473, 376, 84, 83, 0.9997, 1.0000, 1.2603, 64, 63
473, 384, 45, 105, 0.9997, 1.0000, 2.2843, 56, 56
473, 407, 25, 95, 0.9997, 1.0000, 1.0309, 36, 37
473, 429, 14, 47, 0.9997, 0.9581, 1.2492, 10, 11
473, 431, 32, 54, 0.8634, 0.6396, 9.0201, 8, 8
473, 434, 97, 92, 0.9996, 0.7268, 1.3184, 4, 5
473, 435, 21, 109, 0.9996, 0.7268, 1.2270, 4, 5
474, 365, 121, 93, 0.9997, 1.0000, 2.8378, 77, 76
474, 376, 84, 84, 0.9997, 1.0000, 0.9907, 65, 64
474, 384, 47, 105, 0.9997, 1.0000, 2.0645, 57, 57
474, 407, 25, 96, 0.9997, 1.0000, 0.7993, 37, 38
474, 429, 15, 47, 0.9997, 0.9986, 0.9860, 11, 12
474, 434, 98, 94, 0.9997, 0.7623, 1.8669, 5, 6
474, 435, 22, 109, 0.9997, 0.7623, 1.0268, 5, 6
475, 365, 124, 94, 0.9997, 1.0000, 3.0835, 78, 77
475, 376, 85, 85, 0.9997, 1.0000, 1.2361, 66, 65
475, 384, 48, 106, 0.9997, 1.0000, 1.4289, 58, 58
475, 407, 26, 96, 0.9997, 1.0000, 0.7655, 38, 39
475, 429, 17, 47, 0.9997, 1.0000, 1.7222, 12, 13
475, 434, 99, 96, 0.9997, 0.7998, 2.2331, 6, 7
475, 435, 26, 101, 0.9709, 0.7796, 8.7184, 6, 7
475, 439, 42, 62, 0.7854, 0.5516, 17.3247, 2, 3
476, 365, 126, 95, 0.9997, 1.0000, 2.4980, 79, 78
476, 376, 85, 86, 0.9997, 1.0000, 1.0305, 67, 66
476, 384, 50, 107, 0.9997, 1.0000, 1.9768, 59, 59
476, 407, 27, 97, 0.9997, 1.0000, 1.2500, 39, 40
476, 429, 17, 46, 0.9996, 1.0000, 0.9207, 13, 14
476, 437, 56, 37, 0.9995, 0.6830, 1.1762, 7, 7
476, 434, 100, 97, 0.9997, 0.8384, 1.6458, 7, 8
477, 376, 86, 87, 0.9997, 1.0000, 1.2518, 68, 67
477, 384, 53, 107, 0.9996, 1.0000, 2.7751, 60, 60
477, 429, 20, 47, 0.9996, 1.0000, 2.2861, 14, 15
477, 437, 60, 31, 0.9957, 0.7223, 6.5920, 8, 8
477, 434, 100, 99, 0.9997, 0.8779, 1.7420, 8, 9
477, 438, 69, 57, 0.9997, 0.6831, 1.2839, 7, 7
477, 440, 103, 29, 0.9976, 0.6944, 0.9893, 3, 4
478, 376, 87, 89, 0.9997, 1.0000, 2.0354, 69, 68
478, 384, 55, 108, 0.9997, 1.0000, 2.4437, 61, 61
478, 407, 28, 97, 0.9997, 1.0000, 0.7237, 41, 42
478, 429, 21, 47, 0.9997, 1.0000, 1.5707, 15, 16
478, 434, 101, 100, 0.9997, 0.9178, 1.4247, 9, 10
478, 438, 71, 57, 0.9997, 0.7248, 1.7486, 8, 8
479, 376, 88, 89, 0.9996, 1.0000, 1.1679, 70, 69
479, 384, 57, 108, 0.9997, 1.0000, 2.0302, 62, 62
479, 407, 29, 98, 0.9997, 1.0000, 1.2335, 42, 43
479, 429, 23, 47, 0.9997, 1.0000, 1.7915, 16, 17
479, 434, 102, 102, 0.9997, 0.9581, 2.0132, 10, 11
479, 438, 72, 57, 0.9997, 0.7664, 1.2498, 9, 9
480, 376, 89, 89, 0.9997, 1.0000, 1.0155, 71, 70
480, 384, 58, 109, 0.9997, 1.0000, 1.4088, 63, 63
480, 407, 30, 99, 0.9997, 1.0000, 1.4723, 43, 44
480, 429, 24, 47, 0.9997, 1.0000, 1.2232, 17, 18
480, 434, 103, 104, 0.9997, 0.9986, 2.2687, 11, 12
480, 438, 73, 57, 0.9997, 0.8081, 0.9861, 10, 10
480, 442, 68, 41, 0.9197, 0.6288, 10.0800, 2, 3
481, 376, 89, 90, 0.9997, 1.0000, 0.7059, 72, 71
481, 384, 62, 109, 0.9996, 1.0000, 3.2273, 64, 64
481, 407, 31, 99, 0.9997, 1.0000, 1.0567, 44, 45
481, 429, 26, 47, 0.9997, 1.0000, 1.7337, 18, 19
481, 434, 103, 105, 0.9997, 1.0000, 1.3033, 12, 13
482, 376, 90, 91, 0.9997, 1.0000, 1.2456, 73, 72
482, 384, 63, 110, 0.9996, 1.0000, 1.9676, 65, 65
482, 407, 31, 100, 0.9997, 1.0000, 0.7612, 45, 46
482, 429, 27, 47, 0.9997, 1.0000, 1.2477, 19, 20
482, 434, 104, 107, 0.9997, 1.0000, 1.8622, 13, 14
483, 384, 65, 111, 0.9997, 1.0000, 2.0253, 66, 66
483, 407, 32, 100, 0.9997, 1.0000, 0.7436, 46, 47
483, 429, 28, 46, 0.9997, 1.0000, 1.2477, 20, 21
483, 434, 105, 109, 0.9997, 1.0000, 2.2343, 14, 15
484, 376, 92, 93, 0.9996, 1.0000, 2.1253, 75, 74
484, 384, 67, 112, 0.9997, 1.0000, 2.1951, 67, 67
484, 407, 33, 100, 0.9997, 1.0000, 0.9993, 47, 48
484, 429, 30, 47, 0.9996, 1.0000, 1.7868, 21, 22
484, 434, 106, 110, 0.9997, 1.0000, 1.6474, 15, 16
485, 376, 92, 93, 0.9996, 1.0000, 0.7572, 76, 75
485, 384, 69, 113, 0.9997, 1.0000, 2.2513, 68, 68
485, 407, 34, 101, 0.9997, 1.0000, 1.2691, 48, 49
485, 429, 32, 47, 0.9997, 1.0000, 2.0627, 22, 23
485, 434, 106, 111, 0.9997, 1.0000, 0.9924, 16, 17
486, 376, 94, 95, 0.9996, 1.0000, 2.1398, 77, 76
486, 384, 71, 114, 0.9997, 1.0000, 2.2480, 69, 69
486, 407, 35, 101, 0.9997, 1.0000, 1.0539, 49, 50
486, 429, 33, 48, 0.9997, 1.0000, 1.5234, 23, 24
486, 434, 107, 114, 0.9996, 1.0000, 2.5717, 17, 18
486, 444, 5, 57, 0.9661, 0.5830, 6.7747, 6, 6
487, 376, 95, 96, 0.9997, 1.0000, 1.7873, 78, 77
487, 384, 73, 114, 0.9997, 1.0000, 2.0174, 70, 70
487, 407, 36, 102, 0.9997, 1.0000, 1.2590, 50, 51
487, 429, 35, 48, 0.9997, 1.0000, 1.7440, 24, 25
487, 434, 108, 116, 0.9997, 1.0000, 2.5366, 18, 19
487, 443, 51, 31, 0.9642, 0.6222, 7.6694, 7, 7
488, 376, 95, 97, 0.9997, 1.0000, 1.0592, 79, 78
488, 384, 76, 115, 0.9997, 1.0000, 2.8525, 71, 71
488, 429, 36, 48, 0.9997, 1.0000, 1.2338, 25, 26
488, 434, 108, 117, 0.9996, 1.0000, 1.3235, 19, 20
489, 376, 96, 98, 0.9997, 1.0000, 1.1856, 80, 79
489, 384, 78, 116, 0.9997, 1.0000, 2.4998, 72, 72
489, 407, 37, 103, 0.9997, 1.0000, 1.0297, 52, 53
489, 429, 38, 48, 0.9997, 1.0000, 1.7482, 26, 27
489, 434, 109, 119, 0.9997, 1.0000, 1.8313, 20, 21
489, 446, 16, 113, 0.6168, 0.4547, 6.2313, 2, 3
490, 376, 97, 98, 0.9997, 1.0000, 1.0099, 81, 80
490, 384, 80, 117, 0.9997, 1.0000, 2.2553, 73, 73
490, 407, 38, 103, 0.9997, 1.0000, 1.0306, 53, 54
490, 429, 39, 48, 0.9997, 1.0000, 1.2516, 27, 28
490, 434, 110, 121, 0.9997, 1.0000, 2.2196, 21, 22
490, 446, 4, 109, 0.8447, 0.6033, 12.0928, 3, 4
491, 376, 98, 99, 0.9997, 1.0000, 1.2584, 82, 81
491, 384, 81, 117, 0.9997, 1.0000, 1.2199, 74, 74
491, 407, 39, 103, 0.9997, 1.0000, 1.0428, 54, 55
491, 429, 41, 48, 0.9997, 1.0000, 1.7509, 28, 29
491, 434, 110, 122, 0.9997, 1.0000, 1.3050, 22, 23
491, 448, 2, 46, 0.9978, 0.6945, 1.1473, 3, 4
492, 376, 99, 99, 0.9997, 1.0000, 1.0452, 83, 82
492, 384, 84, 119, 0.9996, 1.0000, 2.8633, 75, 75
492, 407, 40, 104, 0.9997, 1.0000, 1.2468, 55, 56
492, 429, 42, 48, 0.9997, 1.0000, 1.2501, 29, 30
492, 434, 111, 125, 0.9996, 1.0000, 2.5929, 23, 24
492, 448, 3, 45, 0.9996, 0.7268, 1.1503, 4, 5
493, 376, 101, 99, 0.9997, 1.0000, 1.7648, 84, 83
493, 384, 86, 120, 0.9997, 1.0000, 2.6296, 76, 76
493, 407, 41, 104, 0.9997, 1.0000, 1.0379, 56, 57
493, 429, 44, 48, 0.9997, 1.0000, 1.7499, 30, 31
493, 434, 112, 126, 0.9997, 1.0000, 1.8269, 24, 25
493, 448, 4, 45, 0.9997, 0.7623, 1.0441, 5, 6
493, 450, 88, 8, 0.9980, 0.6947, 1.2437, 3, 4
494, 376, 102, 100, 0.9997, 1.0000, 1.4791, 85, 84
494, 384, 89, 121, 0.9997, 1.0000, 2.9958, 77, 77
494, 407, 42, 104, 0.9997, 1.0000, 0.9976, 57, 58
494, 429, 45, 48, 0.9997, 1.0000, 1.2499, 31, 32
494, 448, 5, 44, 0.9997, 0.7998, 1.2734, 6, 7
494, 450, 89, 8, 0.9996, 0.7268, 1.0332, 4, 5
494, 451, 95, 61, 0.9980, 0.6946, 1.7589, 3, 4
495, 376, 103, 101, 0.9997, 1.0000, 1.4439, 86, 85
495, 384, 91, 122, 0.9997, 1.0000, 2.4667, 78, 78
495, 407, 42, 105, 0.9997, 1.0000, 0.7609, 58, 59
495, 429, 47, 48, 0.9997, 1.0000, 1.7500, 32, 33
495, 448, 7, 45, 0.9996, 0.8384, 1.8302, 7, 8
495, 451, 96, 61, 0.9996, 0.7268, 1.2421, 4, 5
496, 376, 104, 101, 0.9997, 1.0000, 1.0011, 87, 86
496, 384, 93, 123, 0.9997, 1.0000, 2.2143, 79, 79
496, 407, 43, 105, 0.9997, 1.0000, 0.7602, 59, 60
496, 429, 49, 49, 0.9997, 1.0000, 2.1539, 33, 34
496, 448, 8, 45, 0.9997, 0.8779, 1.3267, 8, 9
496, 450, 92, 9, 0.9996, 0.7997, 2.3598, 6, 7
496, 452, 125, 40, 0.9980, 0.6946, 1.7859, 3, 4
496, 453, 61, 75, 0.7432, 0.5274, 6.8656, 2, 3
497, 376, 106, 102, 0.9997, 1.0000, 1.8916, 88, 87
497, 384, 95, 124, 0.9997, 1.0000, 2.1948, 80, 80
497, 407, 44, 106, 0.9997, 1.0000, 1.2585, 60, 61
497, 429, 50, 49, 0.9997, 1.0000, 1.3108, 34, 35
497, 448, 9, 43, 0.9996, 0.9177, 1.7894, 9, 10
497, 450, 93, 9, 0.9997, 0.8384, 1.6076, 7, 8
497, 452, 127, 42, 0.9996, 0.7268, 2.5303, 4, 5
498, 376, 107, 102, 0.9997, 1.0000, 1.3128, 89, 88
498, 384, 98, 125, 0.9997, 1.0000, 2.9258, 81, 81
498, 407, 45, 106, 0.9997, 1.0000, 1.0725, 61, 62
498, 429, 52, 49, 0.9997, 1.0000, 1.7221, 35, 36
498, 448, 10, 41, 0.9997, 0.9580, 2.3438, 10, 11
498, 450, 94, 10, 0.9997, 0.8779, 1.2925, 8, 9
498, 454, 84, 31, 0.9371, 0.6388, 5.4195, 2, 3
499, 376, 108, 103, 0.9997, 1.0000, 1.2505, 90, 89
499, 384, 100, 126, 0.9997, 1.0000, 2.5017, 82, 82
499, 407, 46, 107, 0.9997, 1.0000, 1.2622, 62, 63
499, 429, 54, 50, 0.9997, 1.0000, 2.1254, 36, 37
499, 450, 95, 11, 0.9997, 0.9178, 1.3778, 9, 10
499, 455, 36, 7, 0.7339, 0.4670, 5.2493, 5, 5
500, 376, 109, 104, 0.9997, 1.0000, 1.3962, 91, 90
500, 384, 102, 127, 0.9997, 1.0000, 2.2384, 83, 83
500, 407, 47, 107, 0.9997, 1.0000, 1.0306, 63, 64
500, 429, 55, 49, 0.9996, 1.0000, 1.3666, 37, 38
500, 450, 96, 12, 0.9997, 0.9581, 1.4206, 10, 11
500, 455, 32, 11, 0.9882, 0.6353, 5.8266, 6, 6
500, 456, 39, 51, 0.8912, 0.6125, 8.6275, 2, 3
501, 376, 110, 105, 0.9997, 1.0000, 1.4335, 92, 91
501, 407, 48, 107, 0.9997, 1.0000, 0.9977, 64, 65
501, 429, 57, 49, 0.9997, 1.0000, 1.7482, 38, 39
501, 450, 97, 12, 0.9997, 0.9986, 1.0284, 11, 12
501, 451, 108, 63, 0.9996, 0.6831, 2.9373, 10, 10
501, 455, 29, 15, 0.9993, 0.6829, 5.2666, 7, 7
501, 458, 10, 47, 0.9974, 0.6943, 1.2845, 3, 4
502, 376, 111, 106, 0.9997, 1.0000, 1.4241, 93, 92
502, 407, 49, 108, 0.9997, 1.0000, 1.2328, 65, 66
502, 429, 58, 49, 0.9997, 1.0000, 1.2368, 39, 40
502, 450, 98, 13, 0.9997, 1.0000, 1.2280, 12, 13
502, 451, 116, 59, 0.9956, 0.7223, 8.4441, 11, 11
502, 458, 12, 44, 0.9991, 0.7265, 2.8293, 4, 5
502, 460, 15, 46, 0.9958, 0.6933, 3.9880, 3, 4
502, 461, 20, 90, 0.8961, 0.6153, 5.0833, 2, 3
503, 376, 113, 107, 0.9997, 1.0000, 2.0293, 94, 93
503, 407, 50, 108, 0.9997, 1.0000, 1.0379, 66, 67
503, 429, 60, 49, 0.9997, 1.0000, 1.7487, 40, 41
503, 450, 95, 3, 0.7887, 0.8733, 9.3672, 13, 14
503, 456, 13, 44, 0.9714, 0.4886, 9.6183, 5, 5
503, 462, 4, 41, 0.9981, 0.6947, 1.2628, 3, 4
504, 376, 113, 108, 0.9996, 1.0000, 1.1291, 95, 94
504, 429, 62, 49, 0.9997, 1.0000, 2.0155, 41, 42
504, 456, 4, 41, 0.9987, 0.5994, 9.6349, 6, 6
504, 462, 13, 44, 0.9848, 0.7176, 8.3530, 4, 5
505, 376, 114, 109, 0.9997, 1.0000, 1.2247, 96, 95
505, 407, 51, 109, 0.9997, 1.0000, 1.0126, 68, 69
505, 429, 64, 50, 0.9997, 1.0000, 2.1815, 42, 43
505, 448, 17, 29, 0.8923, 0.5748, 5.5655, 17, 16
505, 462, 22, 58, 0.7294, 0.5832, 15.4884, 5, 6
506, 376, 115, 110, 0.9997, 1.0000, 1.3844, 97, 96
506, 407, 52, 110, 0.9997, 1.0000, 1.4429, 69, 70
506, 429, 65, 50, 0.9997, 1.0000, 1.2833, 43, 44
506, 448, 7, 35, 0.9733, 0.6583, 10.8084, 18, 17
506, 463, 75, 126, 0.9911, 0.6905, 2.3474, 3, 4
507, 376, 115, 111, 0.9997, 1.0000, 1.0340, 98, 97
507, 407, 54, 110, 0.9997, 1.0000, 1.8299, 70, 71
507, 429, 67, 50, 0.9997, 1.0000, 1.7073, 44, 45
507, 463, 77, 123, 0.9993, 0.7266, 3.5796, 4, 5
507, 464, 37, 117, 0.7338, 0.5372, 8.3059, 3, 4
508, 376, 117, 112, 0.9996, 1.0000, 1.7932, 99, 98
508, 407, 54, 111, 0.9996, 1.0000, 0.9054, 71, 72
508, 429, 68, 50, 0.9997, 1.0000, 1.2344, 45, 46
508, 460, 14, 45, 0.9997, 0.6831, 0.7221, 9, 9
508, 464, 31, 100, 0.6089, 0.4819, 16.3266, 4, 5
509, 376, 118, 113, 0.9997, 1.0000, 1.6355, 100, 99
509, 407, 55, 111, 0.9997, 1.0000, 0.7458, 72, 73
509, 429, 70, 50, 0.9997, 1.0000, 1.7501, 46, 47
509, 457, 10, 74, 0.9573, 0.5547, 8.8794, 12, 10
509, 460, 16, 48, 0.9992, 0.7245, 3.2019, 10, 10
509, 465, 51, 68, 0.8597, 0.5299, 9.0502, 6, 6
509, 467, 11, 40, 0.9996, 0.7268, 1.4743, 4, 5
509, 468, 2, 43, 0.6702, 0.4993, 10.8821, 3, 4
509, 469, 0, 103, 0.9327, 0.6363, 5.1931, 2, 3
509, 470, 89, 121, 0.6293, 0.4619, 10.5694, 2, 3
510, 376, 119, 114, 0.9997, 1.0000, 1.4436, 101, 100
510, 407, 56, 112, 0.9997, 1.0000, 1.2129, 73, 74
510, 429, 72, 50, 0.9997, 1.0000, 2.0163, 47, 48
510, 460, 16, 50, 0.9996, 0.7664, 2.0182, 11, 11
510, 467, 13, 40, 0.9997, 0.7623, 2.0555, 5, 6
510, 473, 122, 64, 0.9981, 0.6947, 2.0437, 3, 4
511, 376, 120, 115, 0.9997, 1.0000, 1.3951, 102, 101
511, 429, 74, 49, 0.9997, 1.0000, 2.1800, 48, 49
511, 466, 106, 21, 0.9997, 0.6831, 1.4193, 7, 7
511, 467, 14, 39, 0.9997, 0.7998, 1.5295, 6, 7
511, 471, 78, 33, 0.9915, 0.5958, 4.6057, 5, 5
511, 473, 124, 65, 0.9996, 0.7268, 2.1893, 4, 5
512, 376, 121, 116, 0.9997, 1.0000, 1.4027, 103, 102
512, 407, 57, 113, 0.9997, 1.0000, 1.0434, 75, 76
512, 429, 75, 50, 0.9996, 1.0000, 1.3365, 49, 50
512, 466, 107, 22, 0.9997, 0.7248, 1.4134, 8, 8
512, 467, 15, 39, 0.9997, 0.8384, 1.0164, 7, 8
512, 473, 126, 65, 0.9997, 0.7623, 2.0343, 5, 6
512, 474, 12, 16, 0.7669, 0.5410, 6.0688, 2, 3
513, 376, 122, 117, 0.9997, 1.0000, 1.4126, 104, 103
513, 407, 58, 113, 0.9997, 1.0000, 1.0332, 76, 77
513, 429, 77, 50, 0.9997, 1.0000, 1.7321, 50, 51
513, 463, 88, 120, 0.9997, 0.6831, 3.5791, 10, 10
513, 466, 108, 23, 0.9997, 0.7665, 1.4131, 9, 9
513, 467, 16, 39, 0.9997, 0.8779, 0.9412, 8, 9
513, 476, 17, 51, 0.8497, 0.5886, 15.9021, 2, 3
514, 376, 123, 118, 0.9997, 1.0000, 1.4153, 105, 104
514, 407, 59, 114, 0.9997, 1.0000, 1.2831, 77, 78
514, 429, 79, 51, 0.9997, 1.0000, 2.1542, 51, 52
514, 466, 109, 24, 0.9997, 0.8081, 1.4139, 10, 10
515, 376, 124, 119, 0.9997, 1.0000, 1.4149, 106, 105
515, 407, 60, 114, 0.9997, 1.0000, 1.0457, 78, 79
515, 429, 80, 51, 0.9997, 1.0000, 1.3051, 52, 53
515, 466, 110, 25, 0.9997, 0.8498, 1.4143, 11, 11
515, 467, 18, 38, 0.9996, 0.9580, 1.6524, 10, 11
515, 478, 29, 48, 0.9980, 0.6946, 1.7905, 3, 4
516, 376, 125, 120, 0.9997, 1.0000, 1.4143, 107, 106
516, 407, 61, 115, 0.9997, 1.0000, 1.2499, 79, 80
516, 429, 82, 51, 0.9997, 1.0000, 1.7246, 53, 54
516, 466, 111, 26, 0.9997, 0.8914, 1.4143, 12, 12
516, 467, 19, 39, 0.9996, 0.9985, 1.3785, 11, 12
516, 475, 6, 47, 0.9997, 0.6831, 1.3261, 7, 7
516, 474, 7, 13, 0.9417, 0.5708, 5.6503, 6, 6
516, 478, 34, 56, 0.9915, 0.7217, 8.1361, 4, 5
517, 376, 125, 122, 0.9997, 1.0000, 1.7796, 108, 107
517, 407, 62, 115, 0.9997, 1.0000, 1.0286, 80, 81
517, 429, 84, 51, 0.9997, 1.0000, 2.0006, 54, 55
517, 467, 20, 37, 0.9996, 1.0000, 1.6195, 12, 13
517, 475, 7, 48, 0.9997, 0.7248, 1.3692, 8, 8
518, 376, 127, 122, 0.9996, 1.0000, 1.5639, 109, 108
518, 407, 62, 116, 0.9997, 1.0000, 0.7860, 81, 82
518, 429, 86, 50, 0.9997, 1.0000, 2.1838, 55, 56
518, 467, 22, 38, 0.9996, 1.0000, 1.7517, 13, 14
518, 472, 20, 54, 0.9997, 0.6686, 1.0160, 12, 11
518, 475, 8, 49, 0.9997, 0.7665, 1.4137, 9, 9
519, 376, 127, 124, 0.9996, 1.0000, 1.5639, 110, 109
519, 407, 64, 116, 0.9996, 1.0000, 1.4932, 82, 83
519, 429, 88, 51, 0.9996, 1.0000, 2.0701, 56, 57
519, 463, 99, 117, 0.9997, 0.6722, 2.0333, 16, 15
519, 467, 24, 37, 0.9997, 1.0000, 2.0993, 14, 15
519, 475, 9, 49, 0.9997, 0.8081, 1.0258, 10, 10
519, 477, 90, 127, 0.9997, 0.6831, 1.3005, 8, 8
520, 407, 65, 117, 0.9997, 1.0000, 1.4938, 83, 84
520, 429, 89, 51, 0.9997, 1.0000, 1.2706, 57, 58
520, 463, 101, 116, 0.9997, 0.7138, 2.1266, 17, 16
520, 467, 25, 37, 0.9997, 1.0000, 1.3085, 15, 16
520, 472, 21, 54, 0.9997, 0.7522, 0.7493, 14, 13
520, 475, 10, 50, 0.9997, 0.8498, 1.2283, 11, 11
520, 477, 91, 127, 0.9997, 0.7248, 1.0461, 9, 9
520, 479, 16, 72, 0.9864, 0.6877, 1.4929, 3, 4
520, 480, 76, 107, 0.8596, 0.5943, 7.0237, 2, 3
521, 407, 66, 117, 0.9997, 1.0000, 1.0722, 84, 85
521, 429, 91, 51, 0.9997, 1.0000, 1.7065, 58, 59
521, 463, 103, 115, 0.9997, 0.7553, 2.2334, 18, 17
521, 467, 26, 36, 0.9997, 1.0000, 1.2337, 16, 17
521, 472, 21, 55, 0.9997, 0.7939, 0.7661, 15, 14
521, 479, 16, 73, 0.9992, 0.7266, 1.3639, 4, 5
522, 407, 66, 118, 0.9997, 1.0000, 0.7788, 85, 86
522, 429, 93, 51, 0.9997, 1.0000, 1.9993, 59, 60
522, 463, 104, 115, 0.9997, 0.7969, 1.2657, 19, 18
522, 467, 28, 36, 0.9997, 1.0000, 1.7263, 17, 18
522, 472, 22, 55, 0.9997, 0.8357, 0.8011, 16, 15
522, 475, 12, 52, 0.9996, 0.9330, 2.1119, 13, 13
522, 479, 17, 74, 0.9997, 0.7623, 1.3670, 5, 6
522, 482, 115, 49, 0.9644, 0.6746, 6.9134, 3, 4
522, 483, 24, 9, 0.8989, 0.6169, 10.9409, 2, 3
523, 429, 95, 51, 0.9997, 1.0000, 2.0426, 60, 61
523, 463, 106, 114, 0.9997, 0.8385, 1.8552, 20, 19
523, 467, 29, 36, 0.9997, 1.0000, 1.2757, 18, 19
523, 472, 23, 56, 0.9997, 0.8774, 1.2701, 17, 16
523, 475, 13, 53, 0.9997, 0.9747, 1.8383, 14, 14
523, 479, 12, 78, 0.9977, 0.7984, 5.4655, 6, 7
524, 407, 68, 119, 0.9996, 1.0000, 1.6501, 87, 88
524, 429, 97, 51, 0.9997, 1.0000, 2.0164, 61, 62
524, 463, 108, 114, 0.9997, 0.8801, 2.0140, 21, 20
524, 467, 30, 35, 0.9997, 1.0000, 1.2345, 19, 20
524, 475, 14, 53, 0.9997, 1.0000, 1.0791, 15, 15
524, 479, 8, 80, 0.9996, 0.8384, 4.8452, 7, 8
525, 407, 69, 120, 0.9997, 1.0000, 1.6771, 88, 89
525, 429, 99, 51, 0.9997, 1.0000, 2.0000, 62, 63
525, 463, 110, 113, 0.9997, 0.9217, 2.1755, 22, 21
525, 467, 32, 35, 0.9997, 1.0000, 1.7467, 20, 21
525, 472, 24, 56, 0.9997, 0.9609, 0.7222, 19, 18
525, 475, 16, 54, 0.9997, 1.0000, 1.8658, 16, 16
525, 481, 40, 48, 0.9997, 0.6831, 1.0079, 8, 8
525, 485, 17, 113, 0.7137, 0.5104, 13.0791, 2, 3
526, 407, 70, 120, 0.9997, 1.0000, 1.0956, 89, 90
526, 429, 102, 50, 0.9997, 1.0000, 2.8650, 63, 64
526, 463, 112, 112, 0.9997, 0.9633, 2.2575, 23, 22
526, 467, 33, 35, 0.9997, 1.0000, 1.2764, 21, 22
526, 472, 25, 57, 0.9997, 1.0000, 1.2324, 20, 19
526, 475, 17, 55, 0.9997, 1.0000, 1.6103, 17, 17
526, 481, 45, 59, 0.7348, 0.5592, 11.0210, 9, 9
527, 407, 71, 121, 0.9997, 1.0000, 1.2124, 90, 91
527, 463, 114, 112, 0.9997, 1.0000, 2.0193, 24, 23
527, 467, 34, 34, 0.9997, 1.0000, 1.2343, 22, 23
527, 482, 105, 51, 0.8944, 0.5845, 8.5847, 8, 8
527, 486, 126, 36, 0.9979, 0.6946, 2.6955, 3, 4
527, 487, 123, 36, 0.9121, 0.6245, 4.6316, 2, 3
528, 407, 72, 121, 0.9997, 1.0000, 1.0091, 91, 92
528, 463, 116, 111, 0.9997, 1.0000, 2.1242, 25, 24
528, 472, 26, 58, 0.9997, 1.0000, 1.0529, 22, 21
528, 475, 19, 57, 0.9996, 1.0000, 2.0659, 19, 19
528, 488, 112, 44, 0.6949, 0.4996, 15.0347, 2, 3
528, 489, 80, 109, 0.8609, 0.5950, 13.9190, 2, 3
529, 407, 73, 122, 0.9997, 1.0000, 1.2464, 92, 93
529, 463, 118, 110, 0.9997, 1.0000, 2.2349, 26, 25
529, 467, 37, 35, 0.9996, 1.0000, 2.3484, 24, 25
529, 472, 27, 58, 0.9997, 1.0000, 1.0312, 23, 22
529, 475, 19, 57, 0.9996, 1.0000, 0.7364, 20, 20
530, 407, 74, 123, 0.9997, 1.0000, 1.4262, 93, 94
530, 463, 120, 110, 0.9997, 1.0000, 2.0190, 27, 26
530, 467, 38, 34, 0.9996, 1.0000, 1.6414, 25, 26
530, 472, 28, 58, 0.9997, 1.0000, 1.0404, 24, 23
530, 475, 21, 58, 0.9997, 1.0000, 1.6897, 21, 21
531, 407, 75, 123, 0.9997, 1.0000, 1.0391, 94, 95
531, 463, 122, 109, 0.9997, 1.0000, 2.1270, 28, 27
531, 467, 39, 33, 0.9997, 1.0000, 1.4744, 26, 27
531, 475, 22, 59, 0.9997, 1.0000, 1.5979, 22, 22
531, 486, 105, 40, 0.9492, 0.5746, 10.7485, 7, 7
532, 407, 76, 124, 0.9997, 1.0000, 1.2337, 95, 96
532, 463, 124, 108, 0.9997, 1.0000, 2.2361, 29, 28
532, 467, 40, 33, 0.9997, 1.0000, 0.9901, 27, 28
532, 472, 29, 59, 0.9997, 1.0000, 1.0315, 26, 25
532, 475, 23, 60, 0.9997, 1.0000, 1.4520, 23, 23
532, 490, 24, 81, 0.9996, 0.6831, 0.5888, 7, 7
533, 407, 78, 124, 0.9997, 1.0000, 1.7795, 96, 97
533, 463, 126, 107, 0.9997, 1.0000, 2.2544, 30, 29
533, 467, 42, 33, 0.9997, 1.0000, 1.7316, 28, 29
533, 472, 30, 59, 0.9997, 1.0000, 1.0398, 27, 26
533, 475, 25, 61, 0.9997, 1.0000, 2.0098, 24, 24
533, 490, 25, 82, 0.9997, 0.7248, 1.0305, 8, 8
534, 407, 79, 124, 0.9997, 1.0000, 1.2918, 97, 98
534, 467, 43, 33, 0.9997, 1.0000, 1.2906, 29, 30
534, 472, 31, 60, 0.9997, 1.0000, 1.2932, 28, 27
534, 475, 26, 62, 0.9997, 1.0000, 1.6228, 25, 25
534, 492, 117, 50, 0.9004, 0.6177, 9.7448, 2, 3
535, 407, 80, 125, 0.9997, 1.0000, 1.2344, 98, 99
535, 467, 44, 32, 0.9997, 1.0000, 1.2502, 30, 31
535, 475, 27, 63, 0.9997, 1.0000, 1.4121, 26, 26
535, 490, 27, 84, 0.9996, 0.8081, 2.1300, 10, 10
535, 493, 108, 41, 0.9980, 0.6947, 1.0426, 3, 4
536, 407, 81, 125, 0.9997, 1.0000, 0.9972, 99, 100
536, 467, 46, 32, 0.9997, 1.0000, 1.7479, 31, 32
536, 472, 32, 60, 0.9997, 1.0000, 0.7085, 30, 29
536, 475, 28, 63, 0.9997, 1.0000, 0.9875, 27, 27
536, 490, 27, 84, 0.9996, 0.8497, 0.7679, 11, 11
536, 491, 99, 111, 0.9980, 0.6822, 6.4056, 8, 8
536, 493, 116, 38, 0.9943, 0.7235, 7.4789, 4, 5
537, 407, 82, 126, 0.9997, 1.0000, 1.2461, 100, 101
537, 467, 47, 32, 0.9997, 1.0000, 1.2757, 32, 33
537, 472, 33, 60, 0.9997, 1.0000, 0.9986, 31, 30
537, 475, 29, 64, 0.9997, 1.0000, 1.2128, 28, 28
538, 407, 83, 127, 0.9997, 1.0000, 1.4251, 101, 102
538, 467, 49, 32, 0.9997, 1.0000, 1.7642, 33, 34
538, 472, 34, 61, 0.9997, 1.0000, 1.2836, 32, 31
538, 475, 30, 65, 0.9997, 1.0000, 1.4143, 29, 29
538, 490, 29, 86, 0.9996, 0.9330, 2.0420, 13, 13
538, 494, 9, 34, 0.7904, 0.5545, 4.9398, 2, 3
539, 407, 84, 127, 0.9997, 1.0000, 1.0397, 102, 103
539, 467, 50, 32, 0.9997, 1.0000, 1.2516, 34, 35
539, 472, 34, 62, 0.9997, 1.0000, 1.0863, 33, 32
539, 475, 32, 66, 0.9997, 1.0000, 2.0510, 30, 30
539, 490, 30, 87, 0.9997, 0.9747, 1.8629, 14, 14
540, 467, 51, 29, 0.9995, 1.0000, 2.4942, 35, 36
540, 472, 35, 62, 0.9997, 1.0000, 0.7670, 34, 33
540, 475, 33, 67, 0.9997, 1.0000, 1.6443, 31, 31
540, 490, 31, 87, 0.9997, 1.0000, 1.0961, 15, 15
540, 496, 2, 99, 0.8887, 0.6110, 11.2229, 2, 3
541, 472, 35, 63, 0.9997, 1.0000, 0.7590, 35, 34
541, 475, 34, 68, 0.9997, 1.0000, 1.4142, 32, 32
542, 472, 36, 63, 0.9997, 1.0000, 0.7852, 36, 35
542, 475, 34, 70, 0.9997, 1.0000, 1.7721, 33, 33
542, 490, 32, 89, 0.9996, 1.0000, 1.6101, 17, 17
543, 472, 36, 64, 0.9997, 1.0000, 0.7890, 37, 36
543, 475, 37, 69, 0.9995, 1.0000, 2.2324, 34, 34
543, 490, 33, 90, 0.9997, 1.0000, 1.6631, 18, 18
543, 499, 11, 100, 0.9980, 0.6947, 1.2803, 3, 4
544, 472, 37, 64, 0.9997, 1.0000, 0.7919, 38, 37
544, 475, 38, 70, 0.9997, 1.0000, 1.6374, 35, 35
544, 490, 34, 91, 0.9997, 1.0000, 1.4879, 19, 19
544, 493, 124, 32, 0.9997, 0.6686, 1.4447, 12, 11
544, 499, 12, 100, 0.9996, 0.7268, 0.9959, 4, 5
545, 472, 38, 65, 0.9997, 1.0000, 1.2617, 39, 38
545, 475, 39, 71, 0.9997, 1.0000, 1.4173, 36, 36
545, 490, 38, 82, 0.8924, 0.9924, 9.1491, 20, 20
545, 499, 14, 100, 0.9997, 0.7623, 1.7216, 5, 6
546, 467, 60, 29, 0.9996, 0.6831, 2.0200, 41, 41
546, 475, 41, 72, 0.9997, 1.0000, 2.0047, 37, 37
547, 467, 61, 29, 0.9997, 0.7248, 1.3732, 42, 42
547, 472, 39, 66, 0.9997, 1.0000, 1.0410, 41, 40
547, 475, 42, 73, 0.9997, 1.0000, 1.6285, 38, 38
547, 501, 71, 2, 0.9957, 0.6932, 2.7900, 3, 4
547, 502, 17, 62, 0.6747, 0.5020, 11.4105, 3, 4
548, 467, 63, 29, 0.9997, 0.7664, 1.7704, 43, 43
548, 472, 40, 67, 0.9997, 1.0000, 1.4235, 42, 41
548, 475, 43, 74, 0.9997, 1.0000, 1.4141, 39, 39
549, 467, 64, 28, 0.9997, 0.8081, 1.4367, 44, 44
549, 475, 45, 75, 0.9997, 1.0000, 1.9921, 40, 40
549, 498, 114, 121, 0.9996, 0.6656, 1.9226, 10, 9
550, 467, 66, 28, 0.9997, 0.8498, 1.7667, 45, 45
550, 472, 41, 68, 0.9997, 1.0000, 1.0224, 44, 43
550, 475, 46, 76, 0.9997, 1.0000, 1.6211, 41, 41
550, 498, 115, 123, 0.9997, 0.7078, 2.0658, 11, 10
550, 500, 120, 119, 0.9997, 0.6831, 1.3850, 7, 7
551, 467, 67, 28, 0.9997, 0.8914, 1.2489, 46, 46
551, 475, 47, 77, 0.9997, 1.0000, 1.4142, 42, 42
551, 498, 116, 124, 0.9997, 0.7498, 1.5769, 12, 11
551, 500, 122, 119, 0.9997, 0.7248, 1.7247, 8, 8
552, 467, 68, 27, 0.9997, 0.9331, 1.2235, 47, 47
552, 472, 42, 69, 0.9997, 1.0000, 1.0585, 46, 45
552, 475, 49, 78, 0.9997, 1.0000, 1.9927, 43, 43
552, 498, 117, 125, 0.9997, 0.7918, 1.3859, 13, 12
552, 500, 125, 117, 0.9996, 0.7664, 3.1907, 9, 9
552, 504, 2, 86, 0.9980, 0.6946, 1.0735, 3, 4
553, 467, 70, 27, 0.9997, 0.9747, 1.7445, 48, 48
553, 472, 43, 69, 0.9997, 1.0000, 1.0461, 47, 46
553, 475, 50, 78, 0.9997, 1.0000, 1.2980, 44, 44
553, 498, 118, 126, 0.9997, 0.8337, 1.3818, 14, 13
553, 500, 127, 117, 0.9997, 0.8081, 2.4113, 10, 10
553, 503, 38, 90, 0.8948, 0.5282, 6.5475, 7, 6
554, 467, 72, 27, 0.9997, 1.0000, 2.0419, 49, 49
554, 472, 44, 70, 0.9997, 1.0000, 1.2848, 48, 47
554, 475, 52, 79, 0.9997, 1.0000, 1.9008, 45, 45
554, 498, 126, 121, 0.9808, 0.8609, 8.3438, 15, 14
554, 504, 3, 86, 0.9997, 0.7623, 0.7233, 5, 6
554, 506, 1, 40, 0.9294, 0.6344, 6.7267, 2, 3
555, 467, 73, 26, 0.9997, 1.0000, 1.4813, 50, 50
555, 475, 53, 80, 0.9997, 1.0000, 1.6019, 46, 46
555, 504, 4, 86, 0.9997, 0.7998, 0.9981, 6, 7
556, 467, 75, 26, 0.9997, 1.0000, 1.7457, 51, 51
556, 472, 45, 71, 0.9997, 1.0000, 1.0309, 50, 49
556, 475, 54, 81, 0.9997, 1.0000, 1.4340, 47, 47
557, 467, 76, 26, 0.9997, 1.0000, 1.2337, 52, 52
557, 472, 46, 71, 0.9997, 1.0000, 1.0285, 51, 50
557, 475, 56, 82, 0.9997, 1.0000, 1.9990, 48, 48
557, 504, 5, 86, 0.9997, 0.8779, 0.7237, 8, 9
558, 467, 78, 25, 0.9997, 1.0000, 1.8915, 53, 53
558, 475, 57, 83, 0.9997, 1.0000, 1.6226, 49, 49
558, 504, 5, 87, 0.9997, 0.9178, 0.8004, 9, 10
559, 467, 79, 25, 0.9997, 1.0000, 1.2816, 54, 54
559, 472, 47, 72, 0.9997, 1.0000, 1.0229, 53, 52
559, 475, 59, 84, 0.9997, 1.0000, 2.0273, 50, 50
559, 499, 33, 102, 0.9997, 0.6647, 1.2408, 19, 17
559, 509, 47, 103, 0.9981, 0.6947, 1.4225, 3, 4
560, 467, 81, 25, 0.9997, 1.0000, 1.7509, 55, 55
560, 472, 48, 72, 0.9997, 1.0000, 1.0380, 54, 53
560, 475, 60, 85, 0.9997, 1.0000, 1.6015, 51, 51
560, 499, 34, 103, 0.9997, 0.7060, 1.2471, 20, 18
560, 504, 7, 87, 0.9996, 0.9985, 1.4875, 11, 12
561, 467, 82, 25, 0.9997, 1.0000, 1.2508, 56, 56
561, 472, 48, 73, 0.9997, 1.0000, 0.8131, 55, 54
561, 475, 62, 86, 0.9997, 1.0000, 2.0142, 52, 52
561, 499, 47, 105, 0.7014, 0.5542, 11.7955, 21, 19
561, 504, 7, 87, 0.9997, 1.0000, 0.5720, 12, 13
561, 508, 16, 44, 0.9790, 0.6303, 8.9620, 6, 6
561, 509, 51, 107, 0.9985, 0.7615, 5.3222, 5, 6
562, 467, 84, 24, 0.9997, 1.0000, 1.9033, 57, 57
562, 472, 49, 73, 0.9997, 1.0000, 0.7660, 56, 55
562, 475, 63, 87, 0.9997, 1.0000, 1.6002, 53, 53
562, 504, 8, 87, 0.9997, 1.0000, 0.7650, 13, 14
562, 510, 122, 65, 0.9979, 0.6946, 1.4468, 3, 4
562, 511, 89, 50, 0.8656, 0.5977, 4.5106, 2, 3
563, 467, 85, 24, 0.9997, 1.0000, 1.2836, 58, 58
563, 472, 50, 73, 0.9997, 1.0000, 1.0001, 57, 56
563, 475, 65, 88, 0.9997, 1.0000, 2.0155, 54, 54
563, 504, 9, 87, 0.9997, 1.0000, 0.9728, 14, 15
563, 510, 120, 66, 0.9996, 0.7268, 1.9844, 4, 5
564, 467, 87, 24, 0.9997, 1.0000, 1.7500, 59, 59
564, 472, 51, 74, 0.9997, 1.0000, 1.2659, 58, 57
564, 475, 66, 89, 0.9997, 1.0000, 1.6008, 55, 55
564, 504, 9, 88, 0.9997, 1.0000, 0.8092, 15, 16
564, 510, 118, 66, 0.9997, 0.7623, 2.0181, 5, 6
564, 512, 4, 24, 0.8490, 0.5882, 5.1635, 2, 3
565, 467, 89, 23, 0.9997, 1.0000, 2.1395, 60, 60
565, 475, 68, 90, 0.9997, 1.0000, 2.0156, 56, 56
565, 504, 10, 88, 0.9997, 1.0000, 0.7784, 16, 17
565, 510, 117, 67, 0.9997, 0.7998, 1.4683, 6, 7
566, 467, 90, 23, 0.9997, 1.0000, 1.3072, 61, 61
566, 472, 52, 74, 0.9997, 1.0000, 0.7082, 60, 59
566, 475, 69, 91, 0.9997, 1.0000, 1.6008, 57, 57
566, 510, 115, 68, 0.9997, 0.8384, 1.9932, 7, 8
567, 467, 92, 22, 0.9997, 1.0000, 1.8839, 62, 62
567, 472, 53, 75, 0.9997, 1.0000, 1.2326, 61, 60
567, 475, 71, 93, 0.9997, 1.0000, 2.4847, 58, 58
567, 504, 11, 88, 0.9997, 1.0000, 0.7507, 18, 19
567, 510, 113, 68, 0.9997, 0.8779, 2.0191, 8, 9
567, 512, 14, 42, 0.9639, 0.4855, 7.2084, 5, 5
567, 513, 60, 115, 0.9697, 0.6778, 7.9233, 3, 4
568, 467, 93, 22, 0.9997, 1.0000, 1.2606, 63, 63
568, 475, 73, 94, 0.9997, 1.0000, 2.3926, 59, 59
568, 504, 12, 88, 0.9997, 1.0000, 1.0157, 19, 20
568, 510, 112, 69, 0.9997, 0.9178, 1.4672, 9, 10
568, 514, 54, 110, 0.7348, 0.5378, 10.1428, 3, 4
569, 467, 95, 22, 0.9997, 1.0000, 1.7485, 64, 64
569, 472, 54, 76, 0.9997, 1.0000, 1.0528, 63, 62
569, 475, 74, 95, 0.9997, 1.0000, 1.6226, 60, 60
569, 504, 13, 89, 0.9997, 1.0000, 1.2924, 20, 21
569, 510, 110, 69, 0.9997, 0.9580, 1.7397, 10, 11
569, 515, 5, 76, 0.9980, 0.6946, 1.8977, 3, 4
570, 467, 96, 21, 0.9997, 1.0000, 1.4446, 65, 65
570, 472, 55, 76, 0.9997, 1.0000, 1.0313, 64, 63
570, 475, 76, 96, 0.9997, 1.0000, 1.9704, 61, 61
570, 510, 109, 70, 0.9997, 0.9986, 1.4450, 11, 12
570, 515, 7, 76, 0.9996, 0.7268, 2.0276, 4, 5
570, 516, 2, 0, 0.9981, 0.6947, 1.0378, 3, 4
571, 467, 98, 21, 0.9997, 1.0000, 1.7727, 66, 66
571, 472, 56, 76, 0.9997, 1.0000, 1.0404, 65, 64
571, 475, 78, 97, 0.9997, 1.0000, 2.2281, 62, 62
571, 504, 14, 89, 0.9997, 1.0000, 0.7073, 22, 23
571, 510, 107, 71, 0.9997, 1.0000, 2.0220, 12, 13
571, 515, 10, 76, 0.9997, 0.7623, 2.8046, 5, 6
571, 516, 3, 1, 0.9996, 0.7268, 1.2993, 4, 5
572, 467, 99, 20, 0.9997, 1.0000, 1.4655, 67, 67
572, 472, 56, 77, 0.9997, 1.0000, 0.7639, 66, 65
572, 475, 79, 98, 0.9997, 1.0000, 1.6214, 63, 63
572, 510, 106, 71, 0.9997, 1.0000, 1.2821, 13, 14
572, 515, 11, 76, 0.9996, 0.7998, 1.5430, 6, 7
572, 516, 5, 0, 0.9996, 0.7623, 1.8393, 5, 6
573, 467, 101, 20, 0.9997, 1.0000, 1.7679, 68, 68
573, 472, 57, 77, 0.9997, 1.0000, 0.7607, 67, 66
573, 475, 82, 99, 0.9996, 1.0000, 2.6820, 64, 64
573, 504, 15, 89, 0.9997, 1.0000, 0.7502, 24, 25
573, 515, 12, 78, 0.9996, 0.8384, 1.7821, 7, 8
573, 516, 6, 0, 0.9997, 0.7998, 1.3222, 6, 7
574, 467, 102, 19, 0.9997, 1.0000, 1.4569, 69, 69
574, 472, 58, 78, 0.9997, 1.0000, 1.2571, 68, 67
574, 475, 83, 100, 0.9997, 1.0000, 1.8266, 65, 65
574, 504, 16, 89, 0.9997, 1.0000, 1.0163, 25, 26
574, 517, 13, 21, 0.9997, 0.6831, 1.0596, 8, 8
574, 515, 14, 78, 0.9996, 0.8778, 1.7628, 8, 9
574, 516, 7, 0, 0.9997, 0.8384, 0.9981, 7, 8
575, 467, 104, 19, 0.9997, 1.0000, 1.7676, 70, 70
575, 475, 84, 101, 0.9997, 1.0000, 1.4034, 66, 66
575, 504, 17, 89, 0.9997, 1.0000, 1.0427, 26, 27
575, 517, 13, 22, 0.9997, 0.7248, 0.7921, 9, 9
575, 515, 15, 77, 0.9996, 0.9178, 1.4736, 9, 10
575, 516, 8, 0, 0.9997, 0.8779, 0.9570, 8, 9
575, 522, 118, 120, 0.8607, 0.6128, 6.2678, 3, 4
576, 467, 106, 19, 0.9997, 1.0000, 2.0140, 71, 71
576, 472, 59, 79, 0.9997, 1.0000, 1.0416, 70, 69
576, 475, 86, 102, 0.9997, 1.0000, 1.9559, 67, 67
576, 504, 17, 90, 0.9997, 1.0000, 0.8047, 27, 28
576, 517, 15, 22, 0.9996, 0.7664, 1.4818, 10, 10
576, 515, 17, 77, 0.9997, 0.9580, 1.8066, 10, 11
576, 516, 9, 0, 0.9997, 0.9178, 0.9840, 9, 10
576, 519, 98, 125, 0.9997, 0.6831, 1.4380, 8, 8
577, 467, 107, 18, 0.9997, 1.0000, 1.4678, 72, 72
577, 472, 60, 78, 0.9996, 1.0000, 1.1248, 71, 70
577, 475, 88, 104, 0.9997, 1.0000, 2.6865, 68, 68
577, 504, 18, 90, 0.9997, 1.0000, 0.7651, 28, 29
577, 517, 15, 22, 0.9997, 0.8081, 0.5279, 11, 11
577, 515, 19, 78, 0.9997, 0.9985, 2.1472, 11, 12
577, 516, 10, 0, 0.9997, 0.9581, 1.0002, 10, 11
577, 519, 99, 126, 0.9997, 0.7248, 1.4272, 9, 9
577, 524, 8, 93, 0.9409, 0.6410, 4.1374, 2, 3
578, 467, 109, 18, 0.9997, 1.0000, 1.7444, 73, 73
578, 472, 61, 80, 0.9996, 1.0000, 1.6048, 72, 71
578, 475, 90, 105, 0.9997, 1.0000, 2.4286, 69, 69
578, 504, 19, 90, 0.9997, 1.0000, 0.9976, 29, 30
578, 510, 97, 75, 0.9996, 0.6831, 1.8173, 19, 19
578, 517, 17, 23, 0.9996, 0.8497, 1.6790, 12, 12
578, 515, 21, 79, 0.9997, 1.0000, 2.3178, 12, 13
578, 519, 100, 127, 0.9997, 0.7665, 1.4158, 10, 10
578, 521, 123, 123, 0.8313, 0.5018, 5.8577, 9, 8
579, 467, 111, 17, 0.9997, 1.0000, 2.1405, 74, 74
579, 472, 60, 80, 0.9996, 1.0000, 0.7459, 73, 72
579, 475, 91, 106, 0.9997, 1.0000, 1.6038, 70, 70
579, 510, 96, 75, 0.9997, 0.7248, 1.3327, 20, 20
579, 517, 18, 22, 0.9996, 0.8914, 1.3560, 13, 13
579, 515, 23, 79, 0.9997, 1.0000, 2.0371, 13, 14
579, 525, 1, 79, 0.7304, 0.5200, 13.6991, 2, 3
580, 467, 112, 17, 0.9997, 1.0000, 1.3009, 75, 75
580, 472, 62, 81, 0.9996, 1.0000, 1.4218, 74, 73
580, 475, 93, 107, 0.9997, 1.0000, 1.9569, 71, 71
580, 504, 20, 91, 0.9997, 1.0000, 1.0411, 31, 32
580, 510, 94, 76, 0.9997, 0.7664, 1.9395, 21, 21
580, 517, 19, 23, 0.9997, 0.9330, 1.1302, 14, 14
580, 515, 25, 79, 0.9997, 1.0000, 1.9994, 14, 15
580, 526, 97, 100, 0.9908, 0.6903, 1.4438, 3, 4
580, 527, 56, 7, 0.6595, 0.4792, 6.4669, 2, 3
581, 467, 114, 17, 0.9997, 1.0000, 1.7238, 76, 76
581, 472, 62, 82, 0.9997, 1.0000, 1.1188, 75, 74
581, 475, 95, 109, 0.9997, 1.0000, 2.6536, 72, 72
581, 504, 21, 91, 0.9997, 1.0000, 1.0418, 32, 33
581, 510, 92, 77, 0.9997, 0.8081, 2.2596, 22, 22
581, 517, 20, 23, 0.9997, 0.9747, 1.0033, 15, 15
581, 515, 27, 80, 0.9997, 1.0000, 2.1177, 15, 16
581, 528, 42, 73, 0.7098, 0.5081, 18.7318, 2, 3
582, 467, 116, 16, 0.9997, 1.0000, 2.1261, 77, 77
582, 472, 63, 82, 0.9997, 1.0000, 0.8346, 76, 75
582, 475, 97, 110, 0.9997, 1.0000, 2.4159, 73, 73
582, 510, 91, 77, 0.9997, 0.8497, 1.3045, 23, 23
582, 517, 22, 23, 0.9997, 1.0000, 1.7493, 16, 16
582, 515, 29, 80, 0.9997, 1.0000, 2.0180, 16, 17
582, 529, 20, 0, 0.9644, 0.6746, 6.9134, 3, 4
582, 530, 0, 127, 0.7408, 0.5260, 18.5662, 2, 3
582, 531, 71, 107, 0.9205, 0.6293, 4.0864, 2, 3
583, 467, 118, 16, 0.9997, 1.0000, 2.0592, 78, 78
583, 472, 64, 83, 0.9997, 1.0000, 1.2240, 77, 76
583, 475, 99, 111, 0.9997, 1.0000, 2.2518, 74, 74
583, 504, 22, 91, 0.9997, 1.0000, 0.7248, 34, 35
583, 510, 90, 77, 0.9997, 0.8914, 0.9574, 24, 24
583, 517, 23, 23, 0.9997, 1.0000, 1.2906, 17, 17
583, 515, 30, 81, 0.9997, 1.0000, 1.4543, 17, 18
583, 524, 8, 95, 0.9997, 0.6831, 1.1248, 8, 8
584, 467, 119, 16, 0.9997, 1.0000, 1.2515, 79, 79
584, 472, 65, 83, 0.9997, 1.0000, 1.0534, 78, 77
584, 475, 101, 113, 0.9997, 1.0000, 2.6395, 75, 75
584, 504, 23, 92, 0.9997, 1.0000, 1.2486, 35, 36
584, 517, 24, 24, 0.9997, 1.0000, 1.2512, 18, 18
584, 515, 32, 82, 0.9997, 1.0000, 1.9879, 18, 19
584, 523, 119, 53, 0.9996, 0.6685, 1.8926, 12, 11
584, 524, 10, 96, 0.9997, 0.7248, 1.9283, 9, 9
585, 467, 121, 15, 0.9997, 1.0000, 1.8552, 80, 80
585, 472, 65, 84, 0.9997, 1.0000, 0.7892, 79, 78
585, 475, 103, 114, 0.9997, 1.0000, 2.3702, 76, 76
585, 504, 23, 92, 0.9997, 1.0000, 0.4018, 36, 37
585, 517, 25, 24, 0.9997, 1.0000, 1.0013, 19, 19
585, 515, 34, 83, 0.9997, 1.0000, 2.2545, 19, 20
585, 523, 121, 53, 0.9997, 0.7104, 1.8093, 13, 12
585, 524, 11, 96, 0.9997, 0.7664, 1.3066, 10, 10
585, 532, 28, 36, 0.9192, 0.6477, 7.0931, 3, 4
586, 467, 123, 15, 0.9997, 1.0000, 2.0168, 81, 81
586, 472, 66, 85, 0.9997, 1.0000, 1.2385, 80, 79
586, 475, 105, 115, 0.9997, 1.0000, 2.2352, 77, 77
586, 504, 24, 92, 0.9997, 1.0000, 0.7236, 37, 38
586, 517, 26, 24, 0.9997, 1.0000, 0.9838, 20, 20
586, 515, 35, 83, 0.9997, 1.0000, 1.3027, 20, 21
586, 523, 122, 53, 0.9997, 0.7522, 1.1829, 14, 13
586, 524, 12, 97, 0.9997, 0.8081, 1.2455, 11, 11
586, 534, 106, 36, 0.9976, 0.6944, 2.1142, 3, 4
587, 467, 124, 15, 0.9997, 1.0000, 1.2778, 82, 82
587, 475, 107, 116, 0.9997, 1.0000, 2.2184, 78, 78
587, 504, 25, 93, 0.9997, 1.0000, 1.2336, 38, 39
587, 517, 27, 25, 0.9997, 1.0000, 1.2334, 21, 21
587, 515, 37, 84, 0.9997, 1.0000, 1.8639, 21, 22
587, 523, 124, 53, 0.9997, 0.7939, 1.7155, 15, 14
587, 534, 107, 37, 0.9996, 0.7268, 1.8340, 4, 5
588, 467, 126, 14, 0.9997, 1.0000, 1.8701, 83, 83
588, 472, 67, 86, 0.9997, 1.0000, 1.0413, 82, 81
588, 475, 109, 118, 0.9997, 1.0000, 2.6567, 79, 79
588, 517, 28, 25, 0.9997, 1.0000, 1.0395, 22, 22
588, 515, 39, 85, 0.9997, 1.0000, 2.2351, 22, 23
588, 523, 125, 53, 0.9997, 0.8357, 1.2467, 16, 15
588, 524, 14, 98, 0.9996, 0.8914, 1.6382, 13, 13
588, 534, 119, 33, 0.6728, 0.5458, 11.5295, 5, 6
588, 535, 51, 42, 0.7956, 0.5574, 15.6379, 2, 3
589, 467, 125, 10, 0.9992, 1.0000, 3.4953, 84, 84
589, 472, 67, 87, 0.9997, 1.0000, 1.0305, 83, 82
589, 475, 111, 119, 0.9997, 1.0000, 2.3810, 80, 80
589, 504, 26, 94, 0.9997, 1.0000, 1.0521, 40, 41
589, 517, 29, 25, 0.9997, 1.0000, 1.0009, 23, 23
589, 515, 41, 86, 0.9997, 1.0000, 2.2908, 23, 24
589, 523, 127, 53, 0.9997, 0.8774, 1.7538, 17, 16
589, 524, 16, 99, 0.9997, 0.9331, 2.2925, 14, 14
589, 537, 12, 47, 0.9642, 0.6745, 20.1825, 3, 4
589, 538, 27, 14, 0.9104, 0.6424, 10.6992, 3, 4
589, 539, 122, 116, 0.9980, 0.6946, 2.1839, 3, 4
590, 467, 115, 2, 0.9655, 1.0000, 11.5532, 85, 85
590, 472, 68, 87, 0.9997, 1.0000, 0.8001, 84, 83
590, 475, 113, 120, 0.9997, 1.0000, 2.2371, 81, 81
590, 517, 31, 25, 0.9997, 1.0000, 1.7644, 24, 24
590, 515, 42, 86, 0.9997, 1.0000, 1.2766, 24, 25
590, 524, 17, 99, 0.9997, 0.9747, 1.3654, 15, 15
590, 529, 18, 8, 0.9209, 0.5479, 6.7228, 11, 10
590, 533, 6, 113, 0.9997, 0.6831, 1.5560, 8, 8
590, 539, 124, 117, 0.9996, 0.7268, 2.1836, 4, 5
591, 475, 115, 122, 0.9997, 1.0000, 2.6393, 82, 82
591, 504, 27, 94, 0.9997, 1.0000, 0.7487, 42, 43
591, 517, 32, 26, 0.9997, 1.0000, 1.4929, 25, 25
591, 515, 44, 87, 0.9997, 1.0000, 1.8492, 25, 26
591, 524, 18, 99, 0.9997, 1.0000, 0.9755, 16, 16
591, 529, 10, 15, 0.9952, 0.6256, 9.4885, 12, 11
591, 539, 125, 118, 0.9997, 0.7623, 1.6000, 5, 6
591, 540, 19, 102, 0.7649, 0.5398, 17.3598, 2, 3
592, 472, 70, 89, 0.9996, 1.0000, 2.1116, 86, 85
592, 475, 117, 123, 0.9997, 1.0000, 2.3721, 83, 83
592, 504, 28, 95, 0.9997, 1.0000, 1.2456, 43, 44
592, 517, 33, 26, 0.9997, 1.0000, 1.0417, 26, 26
592, 515, 46, 87, 0.9997, 1.0000, 2.0114, 26, 27
592, 524, 20, 100, 0.9997, 1.0000, 1.8460, 17, 17
592, 529, 2, 20, 0.9995, 0.6696, 9.8345, 13, 12
592, 533, 7, 114, 0.9997, 0.7664, 0.9560, 10, 10
592, 539, 127, 119, 0.9997, 0.7998, 1.9932, 6, 7
592, 541, 113, 41, 0.9963, 0.6936, 2.1474, 3, 4
593, 472, 70, 90, 0.9997, 1.0000, 1.4381, 87, 86
593, 475, 119, 125, 0.9997, 1.0000, 2.6666, 84, 84
593, 517, 34, 26, 0.9997, 1.0000, 0.9574, 27, 27
593, 515, 49, 87, 0.9997, 1.0000, 2.8057, 27, 28
593, 524, 21, 100, 0.9997, 1.0000, 1.3027, 18, 18
593, 533, 7, 115, 0.9997, 0.8081, 1.0213, 11, 11
593, 541, 114, 42, 0.9996, 0.7268, 1.7957, 4, 5
594, 472, 71, 90, 0.9997, 1.0000, 0.8056, 88, 87
594, 475, 121, 126, 0.9997, 1.0000, 2.3593, 85, 85
594, 504, 29, 95, 0.9997, 1.0000, 0.7222, 45, 46
594, 517, 35, 26, 0.9997, 1.0000, 0.9846, 28, 28
594, 515, 51, 88, 0.9997, 1.0000, 2.4191, 28, 29
594, 524, 23, 100, 0.9997, 1.0000, 1.7654, 19, 19
594, 533, 9, 115, 0.9996, 0.8497, 1.5447, 12, 12
594, 541, 117, 46, 0.9995, 0.7622, 4.1847, 5, 6
594, 542, 14, 117, 0.9981, 0.6947, 1.4225, 3, 4
594, 543, 113, 127, 0.9980, 0.6947, 1.4001, 3, 4
594, 544, 24, 118, 0.7161, 0.5118, 6.9226, 2, 3
595, 472, 72, 91, 0.9997, 1.0000, 1.1868, 89, 88
595, 475, 123, 127, 0.9997, 1.0000, 2.2292, 86, 86
595, 504, 30, 96, 0.9997, 1.0000, 1.2337, 46, 47
595, 517, 37, 27, 0.9997, 1.0000, 1.9158, 29, 29
595, 515, 53, 88, 0.9997, 1.0000, 2.0195, 29, 30
595, 524, 24, 100, 0.9997, 1.0000, 1.2531, 20, 20
595, 533, 12, 116, 0.9996, 0.8914, 2.9298, 13, 13
595, 542, 5, 115, 0.9107, 0.6711, 8.2749, 4, 5
595, 546, 117, 44, 0.8876, 0.6289, 7.8968, 3, 4
596, 472, 73, 92, 0.9997, 1.0000, 1.4195, 90, 89
596, 517, 38, 27, 0.9997, 1.0000, 1.3266, 30, 30
596, 515, 55, 88, 0.9997, 1.0000, 1.9551, 30, 31
596, 524, 25, 100, 0.9997, 1.0000, 0.9849, 21, 21
596, 533, 15, 118, 0.9997, 0.9330, 3.6142, 14, 14
596, 543, 120, 122, 0.9879, 0.7545, 7.6167, 5, 6
596, 547, 70, 85, 0.9979, 0.6946, 1.8851, 3, 4
597, 472, 74, 92, 0.9997, 1.0000, 1.0507, 91, 90
597, 504, 31, 96, 0.9997, 1.0000, 0.7237, 48, 49
597, 517, 39, 27, 0.9997, 1.0000, 1.0009, 31, 31
597, 515, 58, 87, 0.9997, 1.0000, 2.8621, 31, 32
597, 524, 27, 101, 0.9997, 1.0000, 1.8831, 22, 22
597, 533, 27, 114, 0.9471, 0.9287, 11.2041, 15, 15
597, 547, 67, 86, 0.9996, 0.7268, 2.9480, 4, 5
597, 548, 94, 25, 0.8102, 0.5659, 5.2624, 2, 3
598, 472, 74, 93, 0.9997, 1.0000, 0.7638, 92, 91
598, 504, 32, 96, 0.9997, 1.0000, 1.0009, 49, 50
598, 517, 40, 28, 0.9997, 1.0000, 1.1993, 32, 32
598, 515, 60, 87, 0.9997, 1.0000, 2.3123, 32, 33
598, 524, 28, 101, 0.9997, 1.0000, 1.3111, 23, 23
598, 549, 31, 2, 0.9978, 0.6945, 1.5023, 3, 4
598, 550, 98, 110, 0.9978, 0.6945, 2.5010, 3, 4
598, 551, 8, 113, 0.6977, 0.5012, 6.1201, 2, 3
598, 552, 10, 118, 0.7872, 0.5527, 5.5223, 2, 3
598, 553, 16, 119, 0.8502, 0.5889, 4.7546, 2, 3
598, 554, 28, 113, 0.8642, 0.5969, 13.4541, 2, 3
599, 472, 75, 94, 0.9997, 1.0000, 1.2254, 93, 92
599, 504, 32, 97, 0.9997, 1.0000, 0.7979, 50, 51
599, 517, 42, 28, 0.9997, 1.0000, 1.7691, 33, 33
599, 515, 63, 87, 0.9997, 1.0000, 2.7664, 33, 34
599, 524, 30, 101, 0.9997, 1.0000, 1.7648, 24, 24
599, 549, 32, 2, 0.9996, 0.7268, 1.0731, 4, 5
599, 550, 100, 111, 0.9996, 0.7268, 2.4063, 4, 5
599, 556, 9, 112, 0.8090, 0.5652, 12.1469, 2, 3
600, 472, 76, 94, 0.9997, 1.0000, 1.0368, 94, 93
600, 504, 33, 97, 0.9997, 1.0000, 0.7802, 51, 52
600, 517, 43, 28, 0.9997, 1.0000, 1.2917, 34, 34
600, 515, 65, 86, 0.9997, 1.0000, 2.3623, 34, 35
600, 524, 31, 101, 0.9997, 1.0000, 1.2523, 25, 25
600, 549, 33, 1, 0.9997, 0.7623, 1.2452, 5, 6
600, 550, 101, 111, 0.9996, 0.7623, 1.3066, 5, 6
601, 472, 77, 95, 0.9997, 1.0000, 1.2689, 95, 94
601, 504, 34, 97, 0.9997, 1.0000, 1.0000, 52, 53
601, 515, 68, 86, 0.9997, 1.0000, 2.7614, 35, 36
601, 524, 33, 101, 0.9997, 1.0000, 1.7485, 26, 26
601, 549, 34, 3, 0.9996, 0.7997, 1.5475, 6, 7
601, 550, 103, 111, 0.9997, 0.7998, 1.6804, 6, 7
602, 472, 78, 96, 0.9997, 1.0000, 1.4258, 96, 95
602, 504, 35, 97, 0.9997, 1.0000, 1.0412, 53, 54
602, 517, 45, 29, 0.9996, 1.0000, 1.6145, 36, 36
602, 515, 70, 85, 0.9997, 1.0000, 2.3753, 36, 37
602, 524, 34, 101, 0.9997, 1.0000, 1.2492, 27, 27
602, 545, 41, 25, 0.9482, 0.5996, 10.9537, 11, 10
602, 543, 127, 114, 0.9997, 0.6831, 2.0802, 11, 11
602, 549, 35, 3, 0.9997, 0.8384, 1.1489, 7, 8
602, 550, 105, 111, 0.9997, 0.8385, 1.9838, 7, 8
603, 472, 78, 97, 0.9997, 1.0000, 1.0668, 97, 96
603, 517, 47, 29, 0.9997, 1.0000, 2.0602, 37, 37
603, 515, 73, 84, 0.9997, 1.0000, 2.9316, 37, 38
603, 524, 36, 101, 0.9997, 1.0000, 1.7499, 28, 28
603, 541, 124, 53, 0.9997, 0.6706, 1.4100, 14, 13
603, 549, 36, 3, 0.9997, 0.8779, 1.0025, 8, 9
603, 555, 94, 17, 0.7939, 0.4820, 7.7886, 8, 7
603, 550, 107, 112, 0.9997, 0.8779, 2.1733, 8, 9
603, 551, 20, 124, 0.9521, 0.6157, 7.7690, 7, 7
603, 552, 16, 111, 0.8193, 0.5438, 9.5070, 7, 7
604, 472, 79, 98, 0.9997, 1.0000, 1.2366, 98, 97
604, 504, 36, 97, 0.9997, 1.0000, 0.7082, 55, 56
604, 517, 48, 29, 0.9997, 1.0000, 1.3342, 38, 38
604, 515, 75, 83, 0.9997, 1.0000, 2.4790, 38, 39
604, 524, 37, 101, 0.9997, 1.0000, 1.2501, 29, 29
604, 541, 125, 54, 0.9997, 0.7123, 1.4139, 15, 14
604, 549, 37, 3, 0.9997, 0.9178, 1.0032, 9, 10
604, 551, 32, 119, 0.9912, 0.6782, 12.7057, 8, 8
604, 557, 39, 37, 0.8517, 0.5898, 9.0910, 2, 3
604, 558, 40, 72, 0.8102, 0.5659, 5.2624, 2, 3
605, 472, 80, 99, 0.9997, 1.0000, 1.4136, 99, 98
605, 504, 37, 97, 0.9997, 1.0000, 0.9978, 56, 57
605, 517, 49, 30, 0.9997, 1.0000, 1.2142, 39, 39
605, 515, 77, 81, 0.9997, 1.0000, 2.6651, 39, 40
605, 524, 39, 101, 0.9997, 1.0000, 1.7500, 30, 30
605, 541, 126, 55, 0.9997, 0.7540, 1.4147, 16, 15
605, 549, 38, 3, 0.9997, 0.9581, 1.0006, 10, 11
605, 560, 92, 10, 0.8425, 0.5844, 10.0743, 2, 3
606, 472, 80, 100, 0.9997, 1.0000, 1.0359, 100, 99
606, 504, 38, 97, 0.9997, 1.0000, 1.0417, 57, 58
606, 517, 50, 30, 0.9997, 1.0000, 0.9815, 40, 40
606, 515, 80, 78, 0.9996, 1.0000, 3.9186, 40, 41
606, 524, 40, 101, 0.9997, 1.0000, 1.2500, 31, 31
607, 472, 81, 101, 0.9997, 1.0000, 1.2342, 101, 100
607, 517, 51, 30, 0.9997, 1.0000, 0.9814, 41, 41
607, 515, 83, 75, 0.9997, 1.0000, 4.3497, 41, 42
607, 524, 42, 102, 0.9997, 1.0000, 1.9094, 32, 32
607, 549, 41, 3, 0.9996, 1.0000, 2.2360, 12, 13
608, 472, 81, 102, 0.9997, 1.0000, 1.0275, 102, 101
608, 504, 39, 97, 0.9997, 1.0000, 0.7083, 59, 60
608, 517, 53, 31, 0.9997, 1.0000, 1.9079, 42, 42
608, 524, 43, 102, 0.9997, 1.0000, 1.2836, 33, 33
608, 549, 42, 4, 0.9997, 1.0000, 1.7590, 13, 14
608, 559, 22, 107, 0.9996, 0.6831, 2.2648, 7, 7
608, 562, 8, 65, 0.6210, 0.4570, 15.9440, 2, 3
609, 472, 81, 104, 0.9997, 1.0000, 1.7641, 103, 102
609, 504, 40, 97, 0.9997, 1.0000, 0.9977, 60, 61
609, 517, 54, 31, 0.9997, 1.0000, 1.3242, 43, 43
609, 524, 44, 103, 0.9997, 1.0000, 1.2474, 34, 34
609, 549, 43, 4, 0.9997, 1.0000, 1.0827, 14, 15
609, 559, 24, 107, 0.9997, 0.7248, 2.3499, 8, 8
610, 472, 81, 106, 0.9997, 1.0000, 2.0562, 104, 103
610, 504, 41, 97, 0.9997, 1.0000, 1.0417, 61, 62
610, 517, 55, 32, 0.9997, 1.0000, 1.2592, 44, 44
610, 524, 46, 103, 0.9997, 1.0000, 1.7401, 35, 35
610, 543, 121, 113, 0.9996, 0.6647, 1.7613, 19, 17
610, 559, 25, 106, 0.9997, 0.7664, 1.5451, 9, 9
610, 566, 51, 91, 0.9980, 0.6946, 1.9146, 3, 4
611, 504, 42, 96, 0.9997, 1.0000, 1.2714, 62, 63
611, 517, 57, 32, 0.9997, 1.0000, 1.7396, 45, 45
611, 524, 47, 104, 0.9997, 1.0000, 1.4805, 36, 36
611, 543, 123, 114, 0.9997, 0.7060, 1.9372, 20, 18
611, 559, 27, 105, 0.9997, 0.8081, 1.9804, 10, 10
611, 561, 28, 16, 0.9997, 0.6831, 2.8378, 7, 7
611, 563, 38, 125, 0.9591, 0.5795, 8.8173, 6, 6
611, 566, 50, 92, 0.9996, 0.7268, 1.6373, 4, 5
612, 504, 41, 97, 0.9996, 1.0000, 0.7081, 63, 64
612, 517, 58, 32, 0.9997, 1.0000, 1.2754, 46, 46
612, 524, 49, 104, 0.9997, 1.0000, 1.7822, 37, 37
612, 543, 126, 114, 0.9997, 0.7474, 2.7306, 21, 19
612, 559, 28, 105, 0.9997, 0.8497, 1.2484, 11, 11
612, 561, 27, 18, 0.9997, 0.7248, 2.3469, 8, 8
612, 564, 96, 16, 0.9875, 0.6349, 6.7369, 7, 7
612, 566, 49, 92, 0.9997, 0.7623, 1.0373, 5, 6
613, 504, 43, 98, 0.9996, 1.0000, 1.5819, 64, 65
613, 517, 59, 33, 0.9997, 1.0000, 1.2330, 47, 47
613, 524, 50, 105, 0.9997, 1.0000, 1.4591, 38, 38
613, 559, 30, 104, 0.9997, 0.8914, 1.8881, 12, 12
613, 561, 25, 20, 0.9997, 0.7664, 2.6266, 9, 9
613, 566, 47, 93, 0.9997, 0.7998, 1.8669, 6, 7
613, 567, 98, 65, 0.9979, 0.6946, 3.9045, 3, 4
614, 504, 44, 98, 0.9997, 1.0000, 1.3335, 65, 66
614, 517, 61, 33, 0.9997, 1.0000, 1.7460, 48, 48
614, 524, 51, 106, 0.9997, 1.0000, 1.4134, 39, 39
614, 559, 31, 104, 0.9997, 0.9331, 1.2747, 13, 13
614, 561, 24, 22, 0.9997, 0.8081, 2.3473, 10, 10
614, 566, 46, 93, 0.9997, 0.8384, 1.2971, 7, 8
614, 568, 79, 113, 0.9979, 0.6946, 1.9987, 3, 4
615, 517, 63, 33, 0.9997, 1.0000, 2.0404, 49, 49
615, 524, 53, 106, 0.9997, 1.0000, 1.7436, 40, 40
615, 549, 50, 4, 0.9997, 0.6831, 0.9585, 20, 20
615, 561, 22, 24, 0.9997, 0.8498, 2.6584, 11, 11
615, 568, 78, 115, 0.9996, 0.7268, 2.0945, 4, 5
616, 504, 45, 98, 0.9997, 1.0000, 0.7008, 67, 68
616, 517, 64, 34, 0.9997, 1.0000, 1.4807, 50, 50
616, 524, 54, 107, 0.9997, 1.0000, 1.4677, 41, 41
616, 549, 51, 4, 0.9997, 0.7248, 0.9837, 21, 21
616, 561, 21, 26, 0.9997, 0.8914, 2.3604, 12, 12
616, 568, 77, 117, 0.9997, 0.7623, 2.2285, 5, 6
617, 504, 46, 99, 0.9997, 1.0000, 1.2342, 68, 69
617, 517, 66, 34, 0.9997, 1.0000, 1.7456, 51, 51
617, 524, 56, 108, 0.9997, 1.0000, 2.0280, 42, 42
617, 549, 53, 4, 0.9997, 0.7664, 1.7637, 22, 22
617, 561, 19, 28, 0.9997, 0.9331, 2.6581, 13, 13
617, 566, 39, 97, 0.9664, 0.4865, 4.6251, 10, 10
617, 568, 75, 119, 0.9997, 0.7998, 2.6944, 6, 7
618, 504, 46, 99, 0.9997, 1.0000, 0.4013, 69, 70
618, 517, 66, 34, 0.9996, 1.0000, 0.4699, 52, 52
618, 524, 57, 109, 0.9997, 1.0000, 1.6275, 43, 43
618, 549, 54, 4, 0.9997, 0.8081, 1.2941, 23, 23
618, 561, 17, 30, 0.9997, 0.9747, 2.8382, 14, 14
618, 568, 73, 120, 0.9997, 0.8384, 2.4116, 7, 8
619, 504, 47, 100, 0.9997, 1.0000, 1.0556, 70, 71
619, 517, 68, 34, 0.9997, 1.0000, 1.4564, 53, 53
619, 524, 59, 109, 0.9997, 1.0000, 1.7665, 44, 44
619, 549, 53, 4, 0.9996, 0.8497, 0.5270, 24, 24
619, 561, 16, 31, 0.9997, 1.0000, 1.7778, 15, 15
619, 567, 113, 64, 0.9997, 0.6831, 3.3638, 9, 9
620, 504, 48, 100, 0.9997, 1.0000, 1.0317, 71, 72
620, 517, 69, 35, 0.9997, 1.0000, 1.4582, 54, 54
620, 524, 60, 110, 0.9997, 1.0000, 1.4360, 45, 45
620, 549, 56, 4, 0.9994, 0.8912, 2.6656, 25, 25
620, 559, 40, 100, 0.9997, 0.6739, 1.2728, 19, 18
620, 561, 14, 34, 0.9996, 1.0000, 3.0128, 16, 16
620, 567, 115, 64, 0.9997, 0.7248, 2.3375, 10, 10
621, 504, 49, 101, 0.9997, 1.0000, 1.2812, 72, 73
621, 517, 71, 35, 0.9997, 1.0000, 1.8171, 55, 55
621, 524, 62, 111, 0.9997, 1.0000, 2.0144, 46, 46
621, 549, 58, 4, 0.9997, 0.9330, 1.8590, 26, 26
621, 559, 38, 98, 0.9993, 0.7152, 2.5497, 20, 19
621, 561, 13, 36, 0.9997, 1.0000, 2.6035, 17, 17
621, 567, 117, 65, 0.9997, 0.7664, 2.0622, 11, 11
622, 517, 72, 36, 0.9997, 1.0000, 1.4801, 56, 56
622, 524, 63, 112, 0.9997, 1.0000, 1.6272, 47, 47
622, 549, 60, 4, 0.9997, 0.9747, 1.8490, 27, 27
622, 559, 35, 98, 0.9996, 0.7569, 2.5552, 21, 20
622, 561, 11, 39, 0.9997, 1.0000, 3.3066, 18, 18
622, 567, 120, 65, 0.9997, 0.8081, 2.7027, 12, 12
622, 569, 100, 14, 0.6279, 0.4937, 10.6682, 4, 5
623, 504, 50, 102, 0.9997, 1.0000, 1.0315, 74, 75
623, 517, 73, 36, 0.9997, 1.0000, 1.0172, 57, 57
623, 524, 65, 113, 0.9997, 1.0000, 2.0237, 48, 48
623, 549, 61, 4, 0.9997, 1.0000, 1.1990, 28, 28
623, 561, 10, 41, 0.9997, 1.0000, 2.5882, 19, 19
623, 567, 123, 65, 0.9997, 0.8498, 3.0369, 13, 13
624, 504, 51, 102, 0.9997, 1.0000, 1.0286, 75, 76
624, 517, 75, 37, 0.9997, 1.0000, 1.8752, 58, 58
624, 524, 66, 114, 0.9997, 1.0000, 1.6009, 49, 49
624, 549, 62, 4, 0.9997, 1.0000, 0.9521, 29, 29
624, 561, 8, 43, 0.9997, 1.0000, 2.6459, 20, 20
624, 567, 126, 66, 0.9997, 0.8914, 3.1439, 14, 14
625, 517, 76, 37, 0.9997, 1.0000, 1.3010, 59, 59
625, 524, 68, 114, 0.9997, 1.0000, 1.7655, 50, 50
625, 549, 63, 4, 0.9997, 1.0000, 0.9527, 30, 30
625, 561, 7, 45, 0.9997, 1.0000, 2.3206, 21, 21
626, 504, 52, 103, 0.9997, 1.0000, 1.0229, 77, 78
626, 517, 78, 37, 0.9997, 1.0000, 1.7648, 60, 60
626, 524, 69, 115, 0.9997, 1.0000, 1.4362, 51, 51
626, 549, 65, 4, 0.9997, 1.0000, 1.7528, 31, 31
626, 561, 6, 48, 0.9997, 1.0000, 2.9206, 22, 22
627, 504, 53, 103, 0.9997, 1.0000, 1.0380, 78, 79
627, 517, 79, 38, 0.9997, 1.0000, 1.4451, 61, 61
627, 524, 71, 116, 0.9997, 1.0000, 2.0156, 52, 52
627, 549, 67, 4, 0.9997, 1.0000, 2.0584, 32, 32
627, 561, 6, 49, 0.9996, 1.0000, 1.5411, 23, 23
627, 572, 69, 35, 0.7171, 0.5123, 17.4515, 2, 3
628, 504, 54, 103, 0.9997, 1.0000, 1.0402, 79, 80
628, 517, 81, 38, 0.9997, 1.0000, 1.7704, 62, 62
628, 524, 72, 117, 0.9997, 1.0000, 1.6278, 53, 53
628, 549, 68, 4, 0.9997, 1.0000, 1.2944, 33, 33
628, 559, 28, 102, 0.9996, 0.6702, 1.6868, 27, 25
628, 561, 3, 52, 0.9996, 1.0000, 3.3259, 24, 24
628, 573, 121, 7, 0.9979, 0.6946, 1.8013, 3, 4
629, 504, 55, 103, 0.9997, 1.0000, 1.0162, 80, 81
629, 517, 82, 39, 0.9997, 1.0000, 1.4647, 63, 63
629, 524, 74, 118, 0.9997, 1.0000, 2.0237, 54, 54
629, 549, 69, 4, 0.9997, 1.0000, 0.9580, 34, 34
629, 559, 27, 103, 0.9997, 0.7114, 1.2949, 28, 26
629, 561, 2, 54, 0.9997, 1.0000, 2.7519, 25, 25
629, 573, 121, 7, 0.9996, 0.7268, 0.5771, 4, 5
630, 504, 55, 104, 0.9997, 1.0000, 0.7848, 81, 82
630, 517, 84, 39, 0.9997, 1.0000, 1.7679, 64, 64
630, 524, 75, 118, 0.9997, 1.0000, 1.2721, 55, 55
630, 549, 70, 4, 0.9997, 1.0000, 0.9410, 35, 35
630, 559, 26, 104, 0.9997, 0.7527, 1.3475, 29, 27
630, 561, 1, 57, 0.9997, 1.0000, 2.9794, 26, 26
630, 573, 124, 7, 0.9996, 0.7622, 2.2499, 5, 6
631, 504, 56, 104, 0.9997, 1.0000, 0.7639, 82, 83
631, 517, 85, 39, 0.9997, 1.0000, 1.2502, 65, 65
631, 524, 77, 119, 0.9997, 1.0000, 1.8870, 56, 56
631, 549, 72, 4, 0.9997, 1.0000, 1.7475, 36, 36
631, 559, 25, 104, 0.9997, 0.7939, 1.0016, 30, 28
631, 561, 0, 58, 0.9996, 1.0000, 1.7671, 27, 27
631, 573, 125, 7, 0.9997, 0.7998, 1.5390, 6, 7
631, 574, 103, 8, 0.9945, 0.7237, 6.5766, 4, 5
631, 575, 58, 92, 0.9791, 0.6834, 2.0709, 3, 4
631, 576, 77, 22, 0.9328, 0.6363, 5.8802, 2, 3
632, 504, 57, 104, 0.9997, 1.0000, 0.9991, 83, 84
632, 517, 87, 40, 0.9997, 1.0000, 1.8929, 66, 66
632, 524, 79, 120, 0.9997, 1.0000, 2.2481, 57, 57
632, 549, 74, 4, 0.9997, 1.0000, 2.0581, 37, 37
632, 561, 0, 60, 0.9997, 1.0000, 1.7064, 28, 28
632, 573, 127, 7, 0.9997, 0.8385, 1.7875, 7, 8
632, 576, 65, 15, 0.9463, 0.6638, 12.8820, 3, 4
633, 504, 58, 105, 0.9997, 1.0000, 1.2683, 84, 85
633, 517, 89, 40, 0.9997, 1.0000, 2.0330, 67, 67
633, 524, 80, 121, 0.9997, 1.0000, 1.6492, 58, 58
633, 549, 75, 4, 0.9997, 1.0000, 1.2951, 38, 38
633, 561, 5, 69, 0.9826, 1.0000, 9.3075, 29, 29
633, 577, 87, 24, 0.6748, 0.5021, 12.1903, 3, 4
633, 578, 20, 70, 0.8375, 0.5815, 15.5875, 2, 3
634, 517, 90, 41, 0.9997, 1.0000, 1.4892, 68, 68
634, 524, 82, 122, 0.9997, 1.0000, 1.9997, 59, 59
634, 549, 77, 4, 0.9997, 1.0000, 1.7223, 39, 39
635, 504, 59, 105, 0.9997, 1.0000, 0.7083, 86, 87
635, 517, 92, 41, 0.9997, 1.0000, 1.7404, 69, 69
635, 524, 84, 122, 0.9997, 1.0000, 2.0131, 60, 60
635, 549, 78, 4, 0.9997, 1.0000, 1.2328, 40, 40
635, 580, 99, 14, 0.9941, 0.6923, 0.9688, 3, 4
635, 581, 36, 55, 0.9014, 0.6183, 11.7869, 2, 3
636, 504, 60, 105, 0.9997, 1.0000, 0.9984, 87, 88
636, 517, 93, 42, 0.9997, 1.0000, 1.4443, 70, 70
636, 524, 86, 122, 0.9997, 1.0000, 2.0411, 61, 61
636, 549, 79, 4, 0.9997, 1.0000, 0.9836, 41, 41
636, 561, 30, 90, 0.9335, 0.4699, 12.7726, 32, 31
636, 573, 119, 15, 0.8899, 0.5450, 9.4616, 11, 11
636, 581, 28, 65, 0.9959, 0.6934, 12.4616, 3, 4
636, 582, 127, 28, 0.8378, 0.5817, 15.1266, 2, 3
637, 504, 62, 106, 0.9997, 1.0000, 1.9546, 88, 89
637, 517, 95, 42, 0.9997, 1.0000, 1.7661, 71, 71
637, 549, 81, 4, 0.9997, 1.0000, 1.7237, 42, 42
637, 561, 32, 99, 0.7569, 0.4750, 8.5323, 33, 32
637, 575, 68, 91, 0.9997, 0.6831, 1.8112, 9, 9
637, 583, 95, 28, 0.7387, 0.5248, 8.2116, 2, 3
638, 504, 62, 106, 0.9996, 1.0000, 0.6174, 89, 90
638, 517, 97, 42, 0.9997, 1.0000, 2.0155, 72, 72
638, 549, 82, 4, 0.9997, 1.0000, 1.2788, 43, 43
638, 575, 71, 90, 0.9997, 0.7248, 2.8529, 10, 10
638, 585, 122, 101, 0.9980, 0.6946, 1.3093, 3, 4
639, 517, 98, 43, 0.9997, 1.0000, 1.4685, 73, 73
639, 549, 84, 4, 0.9997, 1.0000, 1.7648, 44, 44
639, 575, 73, 90, 0.9997, 0.7664, 2.3312, 11, 11
639, 581, 1, 90, 0.9730, 0.4892, 12.1135, 6, 6
639, 585, 123, 100, 0.9996, 0.7268, 1.2525, 4, 5
639, 587, 14, 110, 0.9980, 0.6946, 2.0238, 3, 4
639, 588, 117, 77, 0.9447, 0.6432, 5.3465, 2, 3
640, 504, 63, 107, 0.9997, 1.0000, 0.9806, 91, 92
640, 517, 100, 43, 0.9997, 1.0000, 1.7445, 74, 74
640, 549, 85, 4, 0.9997, 1.0000, 1.2515, 45, 45
640, 590, 93, 126, 0.9972, 0.6942, 1.7576, 3, 4
641, 504, 64, 107, 0.9997, 1.0000, 1.0618, 92, 93
641, 517, 101, 44, 0.9997, 1.0000, 1.4528, 75, 75
641, 549, 87, 4, 0.9997, 1.0000, 1.7484, 46, 46
641, 590, 94, 127, 0.9996, 0.7268, 1.5314, 4, 5
641, 591, 9, 108, 0.9980, 0.6946, 1.2375, 3, 4
642, 504, 65, 107, 0.9997, 1.0000, 1.0588, 93, 94
642, 517, 103, 44, 0.9997, 1.0000, 1.7664, 76, 76
642, 549, 88, 4, 0.9997, 1.0000, 1.2492, 47, 47
642, 590, 96, 127, 0.9997, 0.7623, 1.7613, 5, 6
642, 591, 4, 106, 0.9964, 0.7248, 4.8347, 4, 5
643, 504, 66, 108, 0.9997, 1.0000, 1.2496, 94, 95
643, 517, 105, 45, 0.9997, 1.0000, 2.1500, 77, 77
643, 549, 90, 4, 0.9997, 1.0000, 1.7499, 48, 48
643, 586, 105, 65, 0.9925, 0.5963, 4.3346, 7, 7
644, 504, 67, 108, 0.9997, 1.0000, 1.0361, 95, 96
644, 517, 107, 45, 0.9997, 1.0000, 2.0578, 78, 78
644, 549, 91, 4, 0.9997, 1.0000, 1.2501, 49, 49
644, 586, 103, 61, 0.9994, 0.6414, 4.3122, 8, 8
644, 592, 4, 68, 0.7224, 0.5154, 12.4310, 2, 3
645, 504, 67, 109, 0.9997, 1.0000, 0.7986, 96, 97
645, 517, 108, 46, 0.9997, 1.0000, 1.4578, 79, 79
645, 549, 93, 4, 0.9997, 1.0000, 1.7500, 50, 50
645, 586, 101, 58, 0.9997, 0.6831, 3.7900, 9, 9
645, 587, 8, 114, 0.9997, 0.6831, 1.4403, 9, 9
646, 504, 68, 109, 0.9997, 1.0000, 0.7505, 97, 98
646, 517, 109, 45, 0.9996, 1.0000, 1.0743, 80, 80
646, 549, 94, 4, 0.9997, 1.0000, 1.2500, 51, 51
646, 586, 99, 55, 0.9997, 0.7248, 3.5724, 10, 10
646, 587, 7, 115, 0.9997, 0.7248, 1.2635, 10, 10
647, 504, 69, 109, 0.9997, 1.0000, 1.0002, 98, 99
647, 517, 112, 47, 0.9995, 1.0000, 2.7556, 81, 81
647, 549, 96, 4, 0.9997, 1.0000, 1.7500, 52, 52
647, 586, 98, 52, 0.9997, 0.7664, 3.2064, 11, 11
647, 587, 6, 115, 0.9997, 0.7664, 0.9797, 11, 11
647, 595, 97, 12, 0.8251, 0.5916, 8.7047, 3, 4
648, 504, 70, 110, 0.9997, 1.0000, 1.2680, 99, 100
648, 517, 114, 47, 0.9997, 1.0000, 2.3957, 82, 82
648, 549, 98, 5, 0.9997, 1.0000, 2.1540, 53, 53
648, 586, 97, 49, 0.9997, 0.8081, 3.1332, 12, 12
648, 587, 5, 116, 0.9997, 0.8081, 1.2254, 12, 12
649, 504, 71, 110, 0.9997, 1.0000, 1.0536, 100, 101
649, 517, 115, 48, 0.9997, 1.0000, 1.5182, 83, 83
649, 549, 99, 4, 0.9996, 1.0000, 1.3623, 54, 54
649, 586, 95, 45, 0.9997, 0.8497, 4.1347, 13, 13
649, 587, 4, 117, 0.9997, 0.8498, 1.4234, 13, 13
650, 504, 72, 112, 0.9996, 1.0000, 1.8267, 101, 102
650, 517, 117, 48, 0.9997, 1.0000, 1.6968, 84, 84
650, 549, 101, 5, 0.9997, 1.0000, 1.7857, 55, 55
650, 586, 93, 42, 0.9997, 0.8914, 3.8762, 14, 14
650, 587, 1, 117, 0.9996, 0.8914, 2.5457, 14, 14
650, 597, 11, 53, 0.9394, 0.6402, 5.8151, 2, 3
651, 517, 119, 49, 0.9997, 1.0000, 2.1129, 85, 85
651, 549, 102, 5, 0.9997, 1.0000, 1.2602, 56, 56
651, 586, 92, 39, 0.9997, 0.9331, 3.2682, 15, 15
651, 590, 116, 124, 0.9997, 0.6706, 1.6452, 14, 13
652, 504, 72, 113, 0.9996, 1.0000, 1.2219, 103, 104
652, 517, 121, 49, 0.9997, 1.0000, 2.0543, 86, 86
652, 549, 104, 5, 0.9997, 1.0000, 1.7486, 57, 57
652, 586, 91, 36, 0.9997, 0.9747, 3.1095, 16, 16
652, 590, 118, 124, 0.9997, 0.7123, 1.7430, 15, 14
653, 504, 74, 112, 0.9996, 1.0000, 1.4959, 104, 105
653, 517, 123, 50, 0.9997, 1.0000, 2.1531, 87, 87
653, 549, 106, 5, 0.9997, 1.0000, 2.0157, 58, 58
653, 586, 89, 33, 0.9997, 1.0000, 3.4368, 17, 17
653, 590, 120, 125, 0.9997, 0.7540, 2.1216, 16, 15
653, 595, 106, 11, 0.9491, 0.6537, 9.2006, 9, 9
654, 504, 75, 113, 0.9997, 1.0000, 1.4197, 105, 106
654, 517, 125, 50, 0.9997, 1.0000, 2.0167, 88, 88
654, 549, 107, 5, 0.9997, 1.0000, 1.2788, 59, 59
654, 586, 89, 30, 0.9996, 1.0000, 3.0432, 18, 18
654, 590, 121, 126, 0.9997, 0.7956, 1.6202, 17, 16
655, 517, 127, 51, 0.9997, 1.0000, 2.1340, 89, 89
655, 549, 109, 5, 0.9997, 1.0000, 1.7222, 60, 60
655, 586, 87, 26, 0.9996, 1.0000, 4.0446, 19, 19
655, 590, 123, 127, 0.9997, 0.8373, 2.0139, 18, 17
655, 600, 5, 95, 0.9805, 0.6842, 6.1552, 3, 4
656, 504, 76, 114, 0.9997, 1.0000, 1.0351, 107, 108
656, 549, 110, 5, 0.9997, 1.0000, 1.2352, 61, 61
656, 586, 87, 23, 0.9997, 1.0000, 3.3288, 20, 20
656, 596, 102, 83, 0.9997, 0.6562, 2.1782, 13, 11
656, 598, 88, 15, 0.9997, 0.6831, 0.9836, 8, 8
656, 597, 20, 49, 0.9996, 0.6831, 1.8394, 8, 8
656, 602, 18, 10, 0.9386, 0.6397, 6.6288, 2, 3
656, 603, 53, 9, 0.7515, 0.5321, 9.9813, 2, 3
657, 504, 77, 114, 0.9997, 1.0000, 1.0165, 108, 109
657, 549, 112, 6, 0.9997, 1.0000, 1.9083, 62, 62
657, 586, 86, 21, 0.9997, 1.0000, 2.3539, 21, 21
657, 596, 104, 83, 0.9997, 0.6980, 2.0318, 14, 12
657, 598, 95, 13, 0.9978, 0.7236, 6.4868, 9, 9
657, 597, 24, 48, 0.9996, 0.7248, 3.3701, 9, 9
657, 604, 123, 3, 0.9981, 0.6947, 1.0064, 3, 4
657, 602, 25, 10, 0.9975, 0.6944, 7.1092, 3, 4
658, 504, 78, 115, 0.9997, 1.0000, 1.2825, 109, 110
658, 549, 114, 6, 0.9997, 1.0000, 2.0365, 63, 63
658, 586, 86, 18, 0.9997, 1.0000, 2.6737, 22, 22
658, 596, 106, 82, 0.9997, 0.7398, 2.1358, 15, 13
658, 597, 27, 47, 0.9997, 0.7665, 3.4451, 10, 10
658, 604, 123, 4, 0.9996, 0.7268, 1.0021, 4, 5
658, 602, 31, 10, 0.9996, 0.7268, 6.3411, 4, 5
659, 504, 79, 115, 0.9997, 1.0000, 1.0476, 110, 111
659, 549, 115, 6, 0.9997, 1.0000, 1.2787, 64, 64
659, 586, 85, 15, 0.9997, 1.0000, 3.0733, 23, 23
659, 596, 108, 82, 0.9997, 0.7815, 2.0131, 16, 14
659, 597, 29, 46, 0.9997, 0.8081, 2.5240, 11, 11
659, 601, 96, 110, 0.9996, 0.6831, 1.6087, 8, 8
659, 604, 122, 5, 0.9997, 0.7623, 1.2667, 5, 6
659, 602, 38, 9, 0.9997, 0.7623, 6.7703, 5, 6
659, 605, 26, 96, 0.9837, 0.6861, 8.6328, 3, 4
660, 504, 79, 116, 0.9997, 1.0000, 0.7858, 111, 112
660, 549, 117, 6, 0.9997, 1.0000, 1.7228, 65, 65
660, 586, 85, 12, 0.9997, 1.0000, 3.0529, 24, 24
660, 596, 110, 81, 0.9997, 0.8233, 2.1351, 17, 15
660, 597, 32, 45, 0.9997, 0.8498, 2.8755, 12, 12
660, 604, 121, 6, 0.9997, 0.7998, 1.4526, 6, 7
660, 602, 45, 9, 0.9997, 0.7998, 6.9998, 6, 7
660, 607, 94, 1, 0.8013, 0.5608, 11.0087, 2, 3
661, 504, 80, 116, 0.9997, 1.0000, 0.7489, 112, 113
661, 549, 120, 7, 0.9996, 1.0000, 2.8624, 66, 66
661, 586, 83, 8, 0.9996, 1.0000, 4.0751, 25, 25
661, 596, 112, 80, 0.9997, 0.8650, 2.2423, 18, 16
661, 597, 35, 44, 0.9997, 0.8914, 3.1466, 13, 13
661, 602, 51, 9, 0.9997, 0.8384, 6.2728, 7, 8
662, 504, 81, 117, 0.9997, 1.0000, 1.2493, 113, 114
662, 596, 113, 80, 0.9997, 0.9067, 1.2670, 19, 17
662, 597, 38, 44, 0.9997, 0.9331, 3.0472, 14, 14
662, 602, 59, 8, 0.9996, 0.8778, 7.5220, 8, 9
663, 504, 82, 117, 0.9997, 1.0000, 1.0721, 114, 115
663, 596, 115, 79, 0.9997, 0.9485, 1.8546, 20, 18
663, 597, 40, 43, 0.9997, 0.9747, 2.3617, 15, 15
663, 602, 67, 8, 0.9997, 0.9178, 8.0608, 9, 10
664, 504, 83, 118, 0.9997, 1.0000, 1.2631, 115, 116
664, 596, 117, 78, 0.9997, 0.9902, 2.2357, 21, 19
664, 597, 43, 42, 0.9997, 1.0000, 2.8878, 16, 16
664, 602, 74, 8, 0.9997, 0.9580, 7.3323, 10, 11
664, 608, 1, 14, 0.9981, 0.6947, 1.2628, 3, 4
665, 586, 81, 7, 0.9712, 0.5806, 4.7624, 29, 28
665, 596, 119, 78, 0.9997, 1.0000, 2.0612, 22, 20
665, 597, 46, 42, 0.9997, 1.0000, 3.0108, 17, 17
665, 609, 126, 6, 0.9976, 0.6944, 2.0863, 3, 4
665, 610, 45, 1, 0.8380, 0.5993, 6.2782, 3, 4
665, 611, 109, 114, 0.9965, 0.6938, 4.7133, 3, 4
666, 504, 84, 119, 0.9997, 1.0000, 1.0299, 117, 118
666, 596, 121, 77, 0.9997, 1.0000, 2.1422, 23, 21
666, 597, 49, 41, 0.9997, 1.0000, 3.1267, 18, 18
666, 604, 118, 13, 0.9997, 0.6831, 0.9242, 12, 12
666, 608, 1, 15, 0.9997, 0.7623, 0.7078, 5, 6
666, 609, 127, 6, 0.9996, 0.7268, 1.3408, 4, 5
667, 504, 85, 119, 0.9997, 1.0000, 1.0299, 118, 119
667, 596, 122, 76, 0.9997, 1.0000, 1.5900, 24, 22
667, 597, 52, 41, 0.9997, 1.0000, 3.0254, 19, 19
667, 604, 117, 15, 0.9997, 0.7248, 1.8692, 13, 13
667, 608, 2, 15, 0.9997, 0.7998, 0.7591, 6, 7
667, 612, 98, 9, 0.9549, 0.4820, 3.2018, 5, 5
668, 504, 86, 120, 0.9997, 1.0000, 1.2843, 119, 120
668, 596, 124, 75, 0.9997, 1.0000, 1.9980, 25, 23
668, 597, 55, 40, 0.9997, 1.0000, 3.0921, 20, 20
668, 604, 117, 16, 0.9997, 0.7664, 1.3196, 14, 14
669, 504, 86, 121, 0.9997, 1.0000, 1.0449, 120, 121
669, 596, 126, 74, 0.9997, 1.0000, 2.2422, 26, 24
669, 597, 57, 40, 0.9997, 1.0000, 2.2479, 21, 21
669, 604, 117, 17, 0.9997, 0.8081, 1.0043, 15, 15
669, 608, 1, 40, 0.9180, 0.8143, 11.5084, 8, 9
670, 504, 88, 121, 0.9996, 1.0000, 1.4982, 121, 122
670, 597, 60, 40, 0.9997, 1.0000, 2.7073, 22, 22
670, 604, 117, 18, 0.9997, 0.8498, 0.9601, 16, 16
670, 613, 116, 122, 0.9132, 0.5946, 9.8663, 7, 7
671, 504, 89, 121, 0.9997, 1.0000, 1.2901, 122, 123
671, 597, 63, 40, 0.9997, 1.0000, 3.0003, 23, 23
671, 604, 118, 19, 0.9997, 0.8914, 1.2551, 17, 17
671, 614, 2, 42, 0.7840, 0.5508, 11.4099, 2, 3
672, 504, 90, 122, 0.9997, 1.0000, 1.2592, 123, 124
672, 597, 66, 40, 0.9997, 1.0000, 3.0427, 24, 24
672, 604, 118, 20, 0.9997, 0.9331, 1.0415, 18, 18
672, 615, 60, 7, 0.8373, 0.5814, 5.0340, 2, 3
673, 504, 91, 122, 0.9997, 1.0000, 1.0121, 124, 125
673, 597, 69, 41, 0.9997, 1.0000, 3.1114, 25, 25
673, 604, 118, 21, 0.9997, 0.9747, 1.0023, 19, 19
673, 616, 23, 14, 0.9965, 0.6938, 4.1309, 3, 4
674, 504, 91, 123, 0.9997, 1.0000, 0.7972, 125, 126
674, 597, 71, 41, 0.9997, 1.0000, 2.2547, 26, 26
674, 604, 118, 22, 0.9997, 1.0000, 1.0018, 20, 20
674, 618, 116, 115, 0.9980, 0.6946, 1.3093, 3, 4
675, 504, 92, 123, 0.9997, 1.0000, 0.7496, 126, 127
675, 597, 74, 41, 0.9997, 1.0000, 2.7058, 27, 27
675, 604, 119, 23, 0.9997, 1.0000, 1.2486, 21, 21
675, 617, 6, 18, 0.9996, 0.7268, 0.7112, 4, 5
675, 618, 117, 115, 0.9996, 0.7268, 0.9959, 4, 5
676, 504, 93, 124, 0.9997, 1.0000, 1.2503, 127, 128
676, 597, 76, 41, 0.9997, 1.0000, 2.2356, 28, 28
676, 604, 118, 23, 0.9996, 1.0000, 0.5277, 22, 22
676, 618, 112, 124, 0.8639, 0.6724, 9.4433, 5, 6
676, 620, 71, 124, 0.9981, 0.6947, 1.0064, 3, 4
677, 504, 94, 124, 0.9997, 1.0000, 1.0728, 128, 129
677, 597, 80, 42, 0.9996, 1.0000, 3.5934, 29, 29
677, 604, 118, 22, 0.9997, 1.0000, 0.8693, 23, 23
677, 617, 5, 17, 0.9996, 0.7998, 1.1020, 6, 7
677, 620, 70, 124, 0.9996, 0.7268, 0.7528, 4, 5
678, 504, 95, 124, 0.9997, 1.0000, 1.0165, 129, 130
678, 597, 82, 43, 0.9997, 1.0000, 2.7546, 30, 30
678, 604, 120, 24, 0.9994, 1.0000, 2.4472, 24, 24
678, 617, 5, 25, 0.9904, 0.8316, 6.5895, 7, 8
678, 620, 70, 123, 0.9997, 0.7623, 0.7602, 5, 6
678, 622, 98, 4, 0.9913, 0.6907, 6.1472, 3, 4
678, 623, 111, 12, 0.8368, 0.5811, 15.2457, 2, 3
679, 504, 96, 125, 0.9997, 1.0000, 1.2335, 130, 131
679, 604, 120, 26, 0.9996, 1.0000, 1.7368, 25, 25
679, 620, 70, 122, 0.9997, 0.7998, 0.9998, 6, 7
679, 622, 111, 10, 0.9839, 0.7170, 13.4463, 4, 5
680, 504, 97, 125, 0.9997, 1.0000, 1.0356, 131, 132
680, 604, 121, 27, 0.9997, 1.0000, 1.3497, 26, 26
680, 611, 124, 118, 0.9996, 0.6637, 2.2625, 18, 16
680, 620, 69, 121, 0.9997, 0.8384, 1.2693, 7, 8
680, 625, 69, 14, 0.9817, 0.6849, 5.5634, 3, 4
680, 626, 121, 69, 0.7073, 0.5067, 5.1813, 2, 3
681, 504, 98, 126, 0.9997, 1.0000, 1.2582, 132, 133
681, 604, 122, 27, 0.9997, 1.0000, 0.9900, 27, 27
681, 611, 126, 118, 0.9997, 0.7051, 1.8370, 19, 17
681, 616, 22, 18, 0.9994, 0.6671, 2.0665, 11, 10
682, 504, 99, 126, 0.9997, 1.0000, 1.0312, 133, 134
682, 604, 123, 27, 0.9997, 1.0000, 1.0258, 28, 28
682, 611, 127, 119, 0.9997, 0.7464, 1.3691, 20, 18
682, 616, 30, 13, 0.9948, 0.7062, 8.5520, 12, 11
682, 619, 96, 4, 0.9996, 0.6672, 1.4824, 11, 10
682, 617, 9, 17, 0.9378, 0.5689, 7.3928, 11, 11
682, 620, 68, 120, 0.9997, 0.9178, 1.0416, 9, 10
683, 504, 100, 126, 0.9997, 1.0000, 1.0003, 134, 135
683, 604, 124, 27, 0.9997, 1.0000, 1.0141, 29, 29
683, 619, 97, 4, 0.9997, 0.7092, 1.0566, 12, 11
683, 620, 68, 119, 0.9997, 0.9581, 1.0288, 10, 11
683, 626, 106, 72, 0.9606, 0.4842, 5.1173, 5, 5
684, 504, 100, 127, 0.9997, 1.0000, 0.7590, 135, 136
684, 597, 98, 45, 0.9997, 0.6783, 2.2920, 36, 35
684, 604, 125, 27, 0.9997, 1.0000, 1.0016, 30, 30
684, 619, 98, 5, 0.9997, 0.7511, 1.2294, 13, 12
684, 620, 68, 118, 0.9997, 0.9986, 1.0418, 11, 12
684, 626, 102, 74, 0.9982, 0.5991, 4.5947, 6, 6
685, 597, 101, 46, 0.9997, 0.7197, 2.8248, 37, 36
685, 604, 125, 26, 0.9997, 1.0000, 0.7944, 31, 31
685, 619, 99, 5, 0.9997, 0.7929, 1.0251, 14, 13
685, 620, 67, 118, 0.9997, 1.0000, 0.7642, 12, 13
685, 626, 97, 76, 0.9996, 0.6415, 5.1442, 7, 7
686, 597, 104, 47, 0.9997, 0.7612, 3.1662, 38, 37
686, 604, 127, 27, 0.9996, 1.0000, 1.5464, 32, 32
686, 619, 100, 6, 0.9997, 0.8348, 1.2485, 15, 14
686, 617, 10, 20, 0.9862, 0.5832, 4.8048, 15, 14
686, 620, 67, 117, 0.9997, 1.0000, 0.7609, 13, 14
686, 624, 18, 26, 0.9494, 0.5988, 8.0968, 10, 9
686, 626, 93, 77, 0.9997, 0.6831, 4.4294, 8, 8
687, 597, 107, 47, 0.9997, 0.8027, 3.0529, 39, 38
687, 604, 123, 25, 0.9984, 1.0000, 3.5161, 33, 33
687, 619, 101, 7, 0.9997, 0.8766, 1.4256, 16, 15
687, 628, 12, 14, 0.7934, 0.4729, 17.5112, 10, 8
687, 626, 89, 79, 0.9997, 0.7248, 4.3423, 9, 9
688, 597, 110, 48, 0.9997, 0.8441, 3.1007, 40, 39
688, 626, 85, 81, 0.9997, 0.7665, 4.4351, 10, 10
689, 597, 112, 50, 0.9996, 0.8856, 2.8476, 41, 40
689, 619, 100, 8, 0.9996, 0.9601, 1.0924, 18, 17
689, 626, 80, 82, 0.9997, 0.8081, 4.9190, 11, 11
690, 619, 102, 9, 0.9995, 1.0000, 2.1860, 19, 18
690, 626, 76, 84, 0.9997, 0.8498, 4.6257, 12, 12
691, 619, 104, 9, 0.9997, 1.0000, 1.6495, 20, 19
691, 626, 72, 85, 0.9997, 0.8914, 4.1888, 13, 13
691, 630, 87, 114, 0.9967, 0.6939, 1.8811, 3, 4
692, 626, 68, 86, 0.9997, 0.9331, 4.0788, 14, 14
692, 630, 79, 121, 0.5878, 0.4686, 9.5771, 4, 5
692, 631, 13, 17, 0.9980, 0.6946, 1.0383, 3, 4
693, 626, 64, 88, 0.9997, 0.9747, 4.3406, 15, 15
693, 631, 16, 12, 0.9987, 0.7263, 5.3649, 4, 5
694, 626, 60, 89, 0.9997, 1.0000, 4.1993, 16, 16
695, 626, 56, 90, 0.9997, 1.0000, 4.1256, 17, 17
695, 632, 100, 9, 0.9246, 0.6509, 11.9770, 3, 4
695, 636, 63, 54, 0.6369, 0.4662, 11.0811, 2, 3
696, 626, 52, 92, 0.9997, 1.0000, 4.3564, 18, 18
696, 634, 13, 53, 0.9002, 0.5308, 10.0679, 7, 6
696, 632, 86, 7, 0.9952, 0.7241, 13.9287, 4, 5
697, 619, 110, 13, 0.9997, 0.6697, 1.0408, 26, 24
697, 626, 48, 93, 0.9997, 1.0000, 4.1987, 19, 19
697, 632, 74, 5, 0.9995, 0.7622, 12.8912, 5, 6
697, 638, 19, 28, 0.9008, 0.6180, 11.6575, 2, 3
698, 619, 111, 14, 0.9997, 0.7109, 1.2348, 27, 25
698, 626, 44, 94, 0.9997, 1.0000, 4.1230, 20, 20
698, 635, 117, 13, 0.9997, 0.6831, 0.9795, 8, 8
698, 640, 43, 5, 0.6082, 0.4624, 10.4505, 3, 4
698, 641, 18, 95, 0.7161, 0.5117, 6.5950, 2, 3
699, 619, 115, 12, 0.9993, 0.7519, 4.2562, 28, 26
699, 626, 40, 96, 0.9997, 1.0000, 4.3555, 21, 21
700, 626, 36, 97, 0.9997, 1.0000, 4.1987, 22, 22
700, 643, 15, 44, 0.9980, 0.6946, 1.3093, 3, 4
700, 644, 16, 32, 0.6222, 0.4578, 14.0954, 2, 3
701, 626, 32, 98, 0.9997, 1.0000, 4.1231, 23, 23
701, 645, 120, 94, 0.9921, 0.6911, 1.6880, 3, 4
701, 646, 87, 25, 0.9305, 0.6350, 7.8345, 2, 3
702, 626, 28, 99, 0.9997, 1.0000, 4.1135, 24, 24
702, 639, 71, 40, 0.9781, 0.5727, 4.7311, 9, 8
702, 642, 107, 117, 0.9994, 0.6830, 2.8589, 7, 7
702, 647, 7, 124, 0.9005, 0.6178, 5.9058, 2, 3
703, 626, 24, 100, 0.9997, 1.0000, 4.1194, 25, 25
703, 648, 88, 15, 0.8362, 0.5808, 14.4310, 2, 3
704, 626, 20, 100, 0.9997, 1.0000, 4.0070, 26, 26
705, 619, 110, 11, 0.9997, 0.6677, 0.9820, 34, 31
705, 626, 16, 101, 0.9997, 1.0000, 4.0626, 27, 27
705, 649, 57, 103, 0.9978, 0.6945, 1.5199, 3, 4
706, 619, 109, 10, 0.9997, 0.7087, 1.2452, 35, 32
706, 626, 13, 101, 0.9997, 1.0000, 3.2447, 28, 28
706, 649, 57, 103, 0.9996, 0.7268, 0.5324, 4, 5
707, 619, 108, 10, 0.9997, 0.7498, 1.0424, 36, 33
707, 626, 10, 101, 0.9997, 1.0000, 2.9443, 29, 29
707, 649, 56, 102, 0.9997, 0.7623, 1.0408, 5, 6
708, 619, 108, 9, 0.9997, 0.7909, 0.8020, 37, 34
708, 626, 5, 102, 0.9996, 1.0000, 4.5304, 30, 30
708, 635, 121, 21, 0.9997, 0.6637, 1.3916, 18, 16
708, 651, 11, 39, 0.7387, 0.5247, 18.2050, 2, 3
708, 652, 12, 55, 0.7012, 0.5032, 17.0766, 2, 3
709, 619, 106, 9, 0.9996, 0.8320, 1.4935, 38, 35
709, 626, 2, 101, 0.9996, 1.0000, 3.6033, 31, 31
709, 635, 122, 21, 0.9997, 0.7051, 1.0223, 19, 17
709, 649, 56, 101, 0.9997, 0.8384, 0.7343, 7, 8
709, 650, 122, 120, 0.9996, 0.6831, 2.0462, 7, 7
709, 653, 38, 0, 0.6531, 0.4755, 5.2698, 2, 3
710, 619, 105, 10, 0.9997, 0.8731, 1.5091, 39, 36
710, 635, 123, 22, 0.9997, 0.7465, 1.2345, 20, 18
710, 650, 124, 120, 0.9997, 0.7248, 2.0491, 8, 8
710, 653, 30, 3, 0.9713, 0.6787, 7.5167, 3, 4
711, 619, 104, 9, 0.9996, 0.9143, 1.1275, 40, 37
711, 635, 124, 23, 0.9997, 0.7879, 1.4156, 21, 19
711, 650, 126, 120, 0.9997, 0.7665, 2.0216, 9, 9
711, 653, 24, 4, 0.9987, 0.7263, 6.7674, 4, 5
712, 619, 103, 9, 0.9997, 0.9555, 1.0125, 41, 38
712, 635, 125, 23, 0.9997, 0.8293, 1.0383, 22, 20
712, 653, 7, 6, 0.9202, 0.7096, 16.0767, 5, 6
712, 655, 107, 116, 0.9979, 0.6946, 1.9564, 3, 4
713, 619, 101, 9, 0.9997, 0.9967, 1.7482, 42, 39
713, 635, 126, 24, 0.9997, 0.8708, 1.2343, 23, 21
713, 654, 98, 7, 0.9475, 0.4790, 4.7808, 5, 5
713, 655, 107, 116, 0.9996, 0.7268, 0.6464, 4, 5
714, 619, 100, 9, 0.9997, 1.0000, 1.2896, 43, 40
714, 635, 127, 25, 0.9997, 0.9122, 1.4141, 24, 22
715, 619, 98, 8, 0.9997, 1.0000, 1.9175, 44, 41
715, 635, 125, 23, 0.9994, 0.9535, 1.7986, 25, 23
715, 654, 96, 2, 0.9911, 0.6368, 5.4863, 7, 7
715, 656, 53, 96, 0.9980, 0.6947, 1.2437, 3, 4
716, 619, 97, 8, 0.9997, 1.0000, 1.2832, 45, 42
716, 655, 111, 117, 0.9991, 0.8381, 3.8606, 7, 8
716, 658, 27, 94, 0.7400, 0.5255, 11.3317, 2, 3
717, 655, 125, 124, 0.6849, 0.6330, 14.4200, 8, 9
718, 619, 96, 8, 0.9997, 1.0000, 0.6669, 47, 44
719, 660, 0, 41, 0.9968, 0.6939, 0.8329, 3, 4
720, 619, 96, 9, 0.9997, 1.0000, 0.7641, 49, 46
720, 660, 1, 40, 0.9996, 0.7268, 1.4728, 4, 5
721, 619, 95, 7, 0.9996, 1.0000, 1.4359, 50, 47
721, 660, 1, 40, 0.9997, 0.7623, 0.4633, 5, 6
721, 662, 8, 87, 0.9980, 0.6946, 2.4977, 3, 4
722, 619, 94, 5, 0.9997, 1.0000, 2.3560, 51, 48
722, 660, 2, 39, 0.9997, 0.7998, 1.0443, 6, 7
722, 662, 10, 86, 0.9996, 0.7268, 2.2335, 4, 5
723, 619, 93, 5, 0.9996, 1.0000, 1.2280, 52, 49
723, 660, 2, 38, 0.9997, 0.8384, 1.0202, 7, 8
723, 662, 13, 85, 0.9997, 0.7623, 2.8988, 5, 6
723, 664, 95, 9, 0.9505, 0.6664, 4.8181, 3, 4
724, 619, 92, 4, 0.9997, 1.0000, 1.2303, 53, 50
724, 660, 2, 37, 0.9997, 0.8779, 1.0380, 8, 9
724, 662, 15, 85, 0.9997, 0.7998, 2.2880, 6, 7
724, 666, 50, 90, 0.9980, 0.6946, 1.0735, 3, 4
725, 619, 91, 4, 0.9997, 1.0000, 1.0127, 54, 51
725, 660, 3, 37, 0.9997, 0.9178, 0.7643, 9, 10
725, 662, 18, 84, 0.9997, 0.8384, 2.8534, 7, 8
725, 666, 49, 89, 0.9996, 0.7268, 1.2964, 4, 5
726, 619, 90, 4, 0.9997, 1.0000, 0.9975, 55, 52
726, 660, 3, 36, 0.9997, 0.9580, 0.7614, 10, 11
726, 662, 20, 83, 0.9997, 0.8779, 2.4637, 8, 9
726, 669, 22, 31, 0.9293, 0.6537, 8.1658, 3, 4
727, 660, 4, 35, 0.9997, 0.9986, 1.2574, 11, 12
727, 662, 22, 82, 0.9997, 0.9178, 2.2418, 9, 10
727, 663, 4, 90, 0.9991, 0.6828, 7.2311, 8, 8
727, 666, 49, 88, 0.9997, 0.7998, 0.7063, 6, 7
727, 667, 3, 83, 0.9911, 0.6369, 6.7946, 6, 6
727, 670, 15, 0, 0.7554, 0.5737, 15.1741, 4, 5
728, 660, 4, 34, 0.9997, 1.0000, 1.0716, 12, 13
728, 662, 25, 81, 0.9997, 0.9580, 2.9049, 10, 11
728, 672, 124, 19, 0.7247, 0.5167, 6.8528, 2, 3
728, 673, 115, 30, 0.6519, 0.4748, 14.0491, 2, 3
729, 660, 5, 34, 0.9997, 1.0000, 0.7898, 13, 14
729, 662, 27, 80, 0.9997, 0.9986, 2.4876, 11, 12
729, 666, 48, 86, 0.9996, 0.8778, 1.6895, 8, 9
729, 669, 47, 5, 0.9534, 0.4814, 13.7567, 6, 6
729, 672, 119, 30, 0.8876, 0.6289, 11.8357, 3, 4
729, 673, 104, 42, 0.9722, 0.6793, 16.4328, 3, 4
730, 660, 5, 33, 0.9997, 1.0000, 0.7509, 14, 15
730, 662, 30, 79, 0.9997, 1.0000, 2.9393, 12, 13
730, 666, 49, 86, 0.9996, 0.9177, 0.7199, 9, 10
730, 672, 105, 43, 0.8136, 0.6102, 17.5261, 4, 5
731, 660, 6, 32, 0.9997, 1.0000, 1.2481, 15, 16
731, 662, 32, 78, 0.9997, 1.0000, 2.4633, 13, 14
731, 666, 49, 85, 0.9997, 0.9581, 0.8048, 10, 11
731, 671, 21, 7, 0.9637, 0.6220, 8.4270, 7, 7
732, 662, 35, 77, 0.9997, 1.0000, 2.9247, 14, 15
732, 666, 48, 85, 0.9996, 0.9985, 0.7513, 11, 12
733, 660, 6, 31, 0.9997, 1.0000, 0.7246, 17, 18
733, 662, 37, 76, 0.9997, 1.0000, 2.4615, 15, 16
733, 663, 11, 92, 0.9912, 0.6658, 0.9565, 14, 13
733, 675, 85, 1, 0.9980, 0.6946, 1.2697, 3, 4
734, 660, 7, 30, 0.9997, 1.0000, 1.2336, 18, 19
734, 662, 40, 75, 0.9997, 1.0000, 2.9261, 16, 17
734, 663, 12, 92, 0.9994, 0.7121, 1.1820, 15, 14
734, 676, 43, 43, 0.9980, 0.6946, 1.0735, 3, 4
734, 677, 6, 5, 0.9226, 0.6305, 8.0733, 2, 3
735, 660, 7, 29, 0.9997, 1.0000, 1.0767, 19, 20
735, 662, 42, 74, 0.9997, 1.0000, 2.4623, 17, 18
735, 663, 14, 92, 0.9997, 0.7539, 1.8317, 16, 15
735, 675, 84, 0, 0.9997, 0.7623, 1.0408, 5, 6
735, 676, 44, 44, 0.9996, 0.7268, 1.2964, 4, 5
735, 678, 120, 11, 0.9970, 0.6940, 1.3168, 3, 4
735, 679, 0, 94, 0.9980, 0.6946, 1.7377, 3, 4
736, 660, 8, 29, 0.9997, 1.0000, 0.8050, 20, 21
736, 662, 44, 73, 0.9997, 1.0000, 2.2237, 18, 19
736, 663, 15, 92, 0.9997, 0.7956, 1.3040, 17, 16
736, 669, 50, 13, 0.9997, 0.6697, 1.7666, 13, 12
736, 676, 44, 45, 0.9997, 0.7623, 1.0441, 5, 6
736, 679, 4, 90, 0.9953, 0.7241, 5.1170, 4, 5
737, 660, 8, 28, 0.9997, 1.0000, 0.7515, 21, 22
737, 662, 47, 72, 0.9997, 1.0000, 2.9000, 19, 20
737, 663, 19, 104, 0.6016, 0.5436, 11.4126, 18, 17
737, 669, 51, 14, 0.9997, 0.7114, 1.5015, 14, 13
737, 676, 45, 46, 0.9997, 0.7998, 1.2475, 6, 7
737, 680, 102, 34, 0.9428, 0.6421, 6.1023, 2, 3
738, 660, 9, 27, 0.9997, 1.0000, 1.2473, 22, 23
738, 662, 50, 71, 0.9997, 1.0000, 3.2020, 20, 21
738, 669, 51, 15, 0.9997, 0.7531, 1.0334, 15, 14
739, 662, 52, 70, 0.9997, 1.0000, 2.5012, 21, 22
739, 669, 52, 16, 0.9997, 0.7948, 1.2153, 16, 15
739, 681, 102, 9, 0.9985, 0.7261, 4.4455, 4, 5
740, 660, 9, 26, 0.9997, 1.0000, 0.7246, 24, 25
740, 662, 55, 69, 0.9997, 1.0000, 2.9015, 22, 23
740, 669, 52, 17, 0.9997, 0.8365, 1.0148, 17, 16
740, 681, 113, 4, 0.9948, 0.7590, 10.9527, 5, 6
741, 660, 10, 25, 0.9997, 1.0000, 1.2336, 25, 26
741, 662, 57, 68, 0.9997, 1.0000, 2.4474, 23, 24
741, 683, 21, 99, 0.7256, 0.5172, 6.0983, 2, 3
742, 662, 60, 67, 0.9997, 1.0000, 2.9239, 24, 25
743, 660, 11, 24, 0.9997, 1.0000, 1.0528, 27, 28
743, 662, 62, 66, 0.9997, 1.0000, 2.4636, 25, 26
744, 662, 65, 65, 0.9997, 1.0000, 2.9270, 26, 27
745, 660, 11, 23, 0.9997, 1.0000, 0.7487, 29, 30
745, 662, 68, 64, 0.9997, 1.0000, 3.1756, 27, 28
746, 660, 12, 22, 0.9997, 1.0000, 1.2455, 30, 31
746, 662, 70, 63, 0.9997, 1.0000, 2.4876, 28, 29
746, 684, 27, 93, 0.9980, 0.6947, 0.9739, 3, 4
747, 660, 12, 21, 0.9997, 1.0000, 1.0789, 31, 32
747, 662, 73, 63, 0.9997, 1.0000, 2.7323, 29, 30
747, 684, 29, 94, 0.9996, 0.7268, 1.8782, 4, 5
748, 660, 13, 21, 0.9997, 1.0000, 0.8046, 32, 33
748, 662, 75, 62, 0.9997, 1.0000, 2.3448, 30, 31
748, 680, 115, 17, 0.9594, 0.5576, 7.0758, 13, 11
748, 684, 29, 89, 0.9982, 0.7613, 4.3222, 5, 6
749, 660, 13, 20, 0.9997, 1.0000, 0.7508, 33, 34
749, 662, 77, 62, 0.9997, 1.0000, 1.9985, 31, 32
749, 684, 39, 77, 0.7905, 0.6533, 13.7441, 6, 7
750, 660, 13, 19, 0.9997, 1.0000, 0.9977, 34, 35
750, 662, 81, 60, 0.9996, 1.0000, 3.8023, 32, 33
751, 660, 14, 19, 0.9997, 1.0000, 0.7730, 35, 36
751, 662, 83, 59, 0.9997, 1.0000, 2.8842, 33, 34
751, 688, 106, 20, 0.9980, 0.6947, 2.0075, 3, 4
752, 660, 14, 18, 0.9997, 1.0000, 0.7759, 36, 37
752, 662, 86, 58, 0.9997, 1.0000, 2.9548, 34, 35
752, 686, 56, 31, 0.9997, 0.6831, 1.0237, 7, 7
752, 687, 23, 20, 0.9490, 0.6140, 8.9057, 6, 6
752, 688, 106, 21, 0.9996, 0.7268, 1.2644, 4, 5
752, 689, 55, 3, 0.9981, 0.6947, 1.0064, 3, 4
752, 690, 36, 94, 0.9980, 0.6947, 1.7374, 3, 4
752, 691, 67, 9, 0.7900, 0.5543, 5.4729, 2, 3
752, 692, 21, 80, 0.8263, 0.5751, 9.2509, 2, 3
752, 693, 91, 58, 0.8291, 0.5767, 14.2383, 2, 3
752, 694, 118, 73, 0.8441, 0.5853, 12.8672, 2, 3
753, 660, 15, 17, 0.9997, 1.0000, 1.2590, 37, 38
753, 662, 89, 58, 0.9997, 1.0000, 2.9801, 35, 36
753, 687, 8, 13, 0.9624, 0.6614, 15.6207, 7, 7
753, 688, 105, 22, 0.9997, 0.7623, 1.2130, 5, 6
753, 690, 37, 94, 0.9996, 0.7268, 1.2421, 4, 5
753, 695, 38, 74, 0.9980, 0.6946, 0.7813, 3, 4
754, 662, 91, 57, 0.9997, 1.0000, 2.3633, 36, 37
754, 686, 57, 33, 0.9996, 0.7664, 1.6408, 9, 9
754, 688, 105, 24, 0.9997, 0.7998, 1.7390, 6, 7
754, 689, 56, 4, 0.9997, 0.7623, 1.0309, 5, 6
754, 690, 38, 94, 0.9997, 0.7623, 0.9851, 5, 6
755, 660, 15, 16, 0.9997, 1.0000, 0.7237, 39, 40
755, 662, 94, 56, 0.9997, 1.0000, 2.8984, 37, 38
755, 686, 58, 35, 0.9997, 0.8081, 2.3050, 10, 10
755, 688, 104, 25, 0.9997, 0.8384, 1.4825, 7, 8
755, 689, 56, 5, 0.9997, 0.7998, 1.0420, 6, 7
755, 690, 40, 94, 0.9997, 0.7998, 1.7229, 6, 7
756, 660, 16, 15, 0.9997, 1.0000, 1.2330, 40, 41
756, 662, 97, 55, 0.9997, 1.0000, 3.1780, 38, 39
756, 686, 58, 36, 0.9997, 0.8497, 1.3660, 11, 11
756, 688, 103, 27, 0.9997, 0.8779, 2.0365, 8, 9
756, 689, 57, 6, 0.9997, 0.8384, 1.2941, 7, 8
756, 690, 41, 94, 0.9997, 0.8384, 1.2783, 7, 8
757, 662, 100, 54, 0.9997, 1.0000, 3.2068, 39, 40
757, 686, 59, 37, 0.9997, 0.8914, 1.2131, 12, 12
757, 688, 103, 28, 0.9997, 0.9178, 1.2822, 9, 10
757, 690, 44, 95, 0.9996, 0.8778, 2.6416, 8, 9
757, 698, 85, 95, 0.9973, 0.6942, 2.4143, 3, 4
757, 699, 13, 11, 0.8217, 0.5725, 9.6299, 2, 3
757, 700, 0, 26, 0.8034, 0.5619, 12.7100, 2, 3
758, 660, 17, 14, 0.9997, 1.0000, 1.0529, 42, 43
758, 662, 102, 53, 0.9997, 1.0000, 2.4637, 40, 41
758, 686, 60, 38, 0.9997, 0.9331, 1.3715, 13, 13
758, 688, 102, 30, 0.9997, 0.9580, 1.8917, 10, 11
758, 689, 58, 7, 0.9997, 0.9178, 1.0298, 9, 10
758, 698, 85, 95, 0.9995, 0.7268, 0.9204, 4, 5
758, 699, 6, 20, 0.9920, 0.6911, 10.5963, 3, 4
759, 660, 17, 13, 0.9997, 1.0000, 1.0312, 43, 44
759, 662, 105, 52, 0.9997, 1.0000, 2.8860, 41, 42
759, 686, 61, 38, 0.9997, 0.9747, 1.0619, 14, 14
759, 688, 101, 31, 0.9997, 0.9986, 1.5996, 11, 12
759, 689, 58, 8, 0.9997, 0.9581, 1.0283, 10, 11
759, 699, 0, 28, 0.9994, 0.7267, 10.2926, 4, 5
760, 662, 108, 51, 0.9997, 1.0000, 3.1598, 42, 43
760, 686, 62, 39, 0.9997, 1.0000, 1.2388, 15, 15
760, 688, 101, 32, 0.9997, 1.0000, 1.0240, 12, 13
760, 689, 59, 9, 0.9997, 0.9986, 1.2836, 11, 12
760, 698, 82, 94, 0.9995, 0.7997, 2.5500, 6, 7
761, 660, 18, 12, 0.9997, 1.0000, 1.0217, 45, 46
761, 662, 111, 50, 0.9997, 1.0000, 3.2019, 43, 44
761, 686, 51, 37, 0.6502, 0.7231, 9.7802, 16, 16
761, 688, 100, 34, 0.9997, 1.0000, 1.8681, 13, 14
762, 660, 18, 11, 0.9997, 1.0000, 1.0379, 46, 47
762, 662, 114, 49, 0.9997, 1.0000, 3.1778, 44, 45
762, 688, 99, 35, 0.9997, 1.0000, 1.6227, 14, 15
762, 689, 60, 10, 0.9997, 1.0000, 1.0317, 13, 14
762, 703, 5, 81, 0.9930, 0.6916, 1.3839, 3, 4
763, 660, 19, 11, 0.9997, 1.0000, 0.8132, 47, 48
763, 662, 116, 48, 0.9997, 1.0000, 2.4496, 45, 46
763, 688, 98, 37, 0.9997, 1.0000, 2.0485, 15, 16
763, 689, 61, 12, 0.9997, 1.0000, 2.0326, 14, 15
763, 702, 48, 71, 0.7360, 0.4680, 8.1766, 5, 5
763, 703, 7, 81, 0.9995, 0.7267, 1.8605, 4, 5
764, 660, 19, 9, 0.9996, 1.0000, 1.5087, 48, 49
764, 662, 119, 47, 0.9997, 1.0000, 2.8848, 46, 47
764, 688, 98, 39, 0.9997, 1.0000, 2.0311, 16, 17
764, 689, 61, 12, 0.9996, 1.0000, 0.6337, 15, 16
764, 703, 9, 81, 0.9997, 0.7623, 2.0421, 5, 6
764, 705, 66, 51, 0.6138, 0.4529, 14.7006, 2, 3
765, 660, 19, 9, 0.9997, 1.0000, 0.5281, 49, 50
765, 662, 122, 46, 0.9997, 1.0000, 3.1614, 47, 48
765, 688, 97, 40, 0.9997, 1.0000, 1.4596, 17, 18
765, 689, 62, 12, 0.9997, 1.0000, 0.7232, 16, 17
765, 703, 11, 81, 0.9997, 0.7998, 2.0365, 6, 7
765, 706, 127, 92, 0.9837, 0.6861, 5.0585, 3, 4
766, 660, 20, 9, 0.9997, 1.0000, 0.7215, 50, 51
766, 662, 125, 45, 0.9997, 1.0000, 3.2027, 48, 49
766, 688, 104, 40, 0.9948, 1.0000, 5.8808, 18, 19
766, 689, 62, 13, 0.9997, 1.0000, 0.7061, 17, 18
766, 703, 13, 81, 0.9997, 0.8385, 2.0078, 7, 8
767, 660, 20, 8, 0.9997, 1.0000, 0.7355, 51, 52
767, 689, 63, 14, 0.9997, 1.0000, 1.2684, 18, 19
767, 703, 14, 81, 0.9997, 0.8779, 1.2337, 8, 9
767, 709, 8, 78, 0.6397, 0.4678, 6.4918, 2, 3
768, 660, 20, 7, 0.9997, 1.0000, 1.0263, 52, 53
768, 689, 64, 14, 0.9997, 1.0000, 1.0572, 19, 20
768, 703, 16, 81, 0.9997, 0.9178, 1.7062, 9, 10
769, 660, 21, 7, 0.9997, 1.0000, 0.7807, 53, 54
769, 689, 64, 15, 0.9997, 1.0000, 0.7784, 20, 21
769, 703, 18, 81, 0.9997, 0.9581, 1.9996, 10, 11
769, 707, 74, 42, 0.9388, 0.4594, 4.0182, 7, 6
770, 660, 21, 6, 0.9997, 1.0000, 0.7768, 54, 55
770, 689, 65, 16, 0.9997, 1.0000, 1.2325, 21, 22
770, 703, 20, 81, 0.9997, 0.9986, 2.0427, 11, 12
771, 660, 22, 5, 0.9997, 1.0000, 1.2572, 55, 56
771, 689, 65, 17, 0.9997, 1.0000, 1.0656, 22, 23
771, 703, 22, 81, 0.9997, 1.0000, 2.0164, 12, 13
771, 710, 93, 49, 0.9997, 0.6831, 1.7596, 7, 7
772, 689, 66, 18, 0.9997, 1.0000, 1.2613, 23, 24
772, 703, 24, 81, 0.9997, 1.0000, 2.0000, 13, 14
772, 707, 76, 41, 0.9996, 0.6656, 0.8490, 10, 9
772, 711, 37, 61, 0.9996, 0.7268, 0.7098, 4, 5
772, 713, 12, 27, 0.9981, 0.6947, 1.0378, 3, 4
773, 660, 22, 4, 0.9997, 1.0000, 0.7236, 57, 58
773, 703, 26, 81, 0.9997, 1.0000, 1.9976, 14, 15
773, 707, 77, 41, 0.9997, 0.7078, 0.7495, 11, 10
773, 711, 37, 60, 0.9997, 0.7623, 0.9995, 5, 6
773, 713, 13, 27, 0.9996, 0.7268, 1.0506, 4, 5
773, 714, 71, 39, 0.8728, 0.6019, 9.1081, 2, 3
774, 660, 23, 4, 0.9997, 1.0000, 0.7590, 58, 59
774, 689, 67, 19, 0.9997, 1.0000, 1.0306, 25, 26
774, 703, 28, 81, 0.9997, 1.0000, 1.9991, 15, 16
774, 707, 76, 40, 0.9996, 0.7498, 0.9412, 12, 11
774, 711, 37, 59, 0.9997, 0.7998, 1.0421, 6, 7
774, 713, 15, 26, 0.9997, 0.7623, 1.9349, 5, 6
775, 660, 23, 3, 0.9997, 1.0000, 0.7985, 59, 60
775, 689, 67, 20, 0.9997, 1.0000, 1.0300, 26, 27
775, 703, 30, 81, 0.9997, 1.0000, 2.0000, 16, 17
775, 707, 80, 42, 0.9988, 0.7912, 3.7334, 13, 12
775, 713, 14, 28, 0.9993, 0.7995, 1.5913, 6, 7
776, 660, 23, 2, 0.9997, 1.0000, 1.0154, 60, 61
776, 689, 68, 21, 0.9997, 1.0000, 1.2843, 27, 28
776, 703, 32, 82, 0.9997, 1.0000, 2.1411, 17, 18
776, 707, 83, 42, 0.9996, 0.8337, 3.0086, 14, 13
776, 708, 56, 40, 0.9997, 0.6582, 1.3978, 14, 12
776, 711, 37, 61, 0.9996, 0.8778, 1.5836, 8, 9
776, 713, 15, 31, 0.9995, 0.8383, 3.0087, 7, 8
777, 660, 24, 2, 0.9997, 1.0000, 0.7755, 61, 62
777, 689, 68, 22, 0.9997, 1.0000, 1.0467, 28, 29
777, 703, 33, 82, 0.9997, 1.0000, 1.2701, 18, 19
777, 711, 37, 58, 0.9991, 0.9173, 2.4141, 9, 10
777, 716, 18, 2, 0.9981, 0.6947, 1.0378, 3, 4
778, 660, 24, 1, 0.9997, 1.0000, 0.7733, 62, 63
778, 689, 69, 23, 0.9997, 1.0000, 1.2500, 29, 30
778, 703, 35, 82, 0.9997, 1.0000, 1.7082, 19, 20
778, 711, 37, 57, 0.9996, 0.9580, 1.1531, 10, 11
778, 712, 74, 95, 0.9997, 0.6656, 1.2845, 10, 9
779, 660, 25, 0, 0.9997, 1.0000, 1.2577, 63, 64
779, 689, 70, 23, 0.9997, 1.0000, 1.0405, 30, 31
779, 703, 37, 82, 0.9997, 1.0000, 2.0004, 20, 21
779, 711, 36, 56, 0.9997, 0.9986, 1.1445, 11, 12
779, 712, 76, 95, 0.9997, 0.7078, 1.7227, 11, 10
779, 716, 18, 3, 0.9997, 0.7623, 0.7221, 5, 6
779, 717, 116, 29, 0.9274, 0.6333, 8.9810, 2, 3
779, 718, 115, 124, 0.9468, 0.6444, 4.2326, 2, 3
780, 689, 70, 24, 0.9997, 1.0000, 0.7599, 31, 32
780, 703, 39, 82, 0.9997, 1.0000, 2.0426, 21, 22
780, 712, 77, 95, 0.9997, 0.7498, 1.2345, 12, 11
780, 716, 18, 4, 0.9997, 0.7998, 0.9980, 6, 7
780, 717, 111, 22, 0.9972, 0.6942, 8.8345, 3, 4
781, 660, 19, 3, 0.9953, 1.0000, 6.1924, 65, 66
781, 689, 70, 25, 0.9997, 1.0000, 1.0009, 32, 33
781, 703, 41, 82, 0.9997, 1.0000, 2.0163, 22, 23
781, 711, 36, 55, 0.9997, 1.0000, 0.6997, 13, 14
781, 712, 81, 95, 0.9996, 0.7917, 3.2759, 13, 12
781, 717, 107, 15, 0.9996, 0.7268, 8.2122, 4, 5
782, 689, 71, 26, 0.9997, 1.0000, 1.2600, 33, 34
782, 703, 43, 82, 0.9997, 1.0000, 2.0000, 23, 24
782, 707, 92, 42, 0.9997, 0.6656, 1.7646, 20, 18
782, 711, 36, 54, 0.9997, 1.0000, 1.0091, 14, 15
782, 717, 103, 8, 0.9997, 0.7623, 8.0168, 5, 6
782, 719, 96, 25, 0.8161, 0.5693, 10.4123, 2, 3
783, 689, 72, 27, 0.9997, 1.0000, 1.4543, 34, 35
783, 703, 45, 82, 0.9997, 1.0000, 1.9976, 24, 25
783, 707, 93, 42, 0.9997, 0.7069, 1.2520, 21, 19
783, 717, 98, 1, 0.9997, 0.7998, 8.4239, 6, 7
784, 689, 72, 28, 0.9997, 1.0000, 1.0424, 35, 36
784, 703, 47, 83, 0.9997, 1.0000, 2.1401, 25, 26
784, 707, 95, 42, 0.9997, 0.7483, 1.7486, 22, 20
784, 711, 36, 53, 0.9997, 1.0000, 0.7249, 16, 17
784, 713, 15, 31, 0.9967, 0.6698, 6.0123, 15, 14
785, 689, 73, 29, 0.9997, 1.0000, 1.2329, 36, 37
785, 703, 49, 83, 0.9997, 1.0000, 2.0212, 26, 27
785, 707, 95, 42, 0.9996, 0.7896, 0.4853, 23, 21
785, 711, 36, 52, 0.9997, 1.0000, 0.9995, 17, 18
786, 689, 74, 30, 0.9997, 1.0000, 1.4120, 37, 38
786, 703, 51, 83, 0.9997, 1.0000, 2.0001, 27, 28
786, 707, 98, 41, 0.9996, 0.8310, 2.3497, 24, 22
786, 711, 35, 52, 0.9997, 1.0000, 0.8131, 18, 19
786, 716, 19, 7, 0.9997, 0.6831, 0.8023, 12, 12
786, 722, 11, 5, 0.9979, 0.6946, 2.8454, 3, 4
786, 724, 70, 25, 0.6750, 0.4881, 20.3178, 2, 3
787, 703, 53, 83, 0.9997, 1.0000, 2.0005, 28, 29
787, 707, 99, 41, 0.9997, 0.8724, 1.5692, 25, 23
787, 711, 35, 51, 0.9997, 1.0000, 0.7802, 19, 20
787, 716, 19, 8, 0.9997, 0.7248, 0.8046, 13, 13
787, 722, 14, 8, 0.9996, 0.7268, 3.9126, 4, 5
788, 703, 55, 83, 0.9997, 1.0000, 2.0001, 29, 30
788, 707, 101, 41, 0.9997, 0.9138, 1.7926, 26, 24
788, 716, 17, 10, 0.9996, 0.7664, 2.3447, 14, 14
789, 689, 76, 32, 0.9996, 1.0000, 2.0820, 40, 41
789, 703, 57, 83, 0.9997, 1.0000, 2.0000, 30, 31
789, 707, 103, 40, 0.9997, 0.9553, 2.1145, 27, 25
789, 711, 35, 50, 0.9997, 1.0000, 0.7498, 21, 22
789, 721, 126, 110, 0.9997, 0.6831, 1.9109, 7, 7
789, 725, 23, 7, 0.8768, 0.5384, 4.6398, 5, 5
790, 689, 76, 33, 0.9997, 1.0000, 1.4503, 41, 42
790, 703, 59, 83, 0.9997, 1.0000, 2.0000, 31, 32
790, 707, 104, 40, 0.9997, 0.9967, 1.2913, 28, 26
790, 711, 35, 49, 0.9997, 1.0000, 1.0155, 22, 23
790, 721, 127, 110, 0.9997, 0.7248, 1.2841, 8, 8
790, 725, 27, 9, 0.9948, 0.6389, 4.3515, 6, 6
791, 689, 77, 34, 0.9997, 1.0000, 1.3070, 42, 43
791, 703, 61, 84, 0.9997, 1.0000, 2.1413, 32, 33
791, 707, 106, 40, 0.9997, 1.0000, 1.7198, 29, 27
791, 725, 36, 8, 0.9974, 0.6818, 8.5488, 7, 7
791, 728, 28, 27, 0.9981, 0.6947, 1.0059, 3, 4
792, 703, 64, 84, 0.9997, 1.0000, 2.7793, 33, 34
792, 707, 107, 39, 0.9997, 1.0000, 1.4330, 30, 28
792, 711, 35, 48, 0.9997, 1.0000, 0.7222, 24, 25
792, 728, 26, 27, 0.9995, 0.7268, 1.2927, 4, 5
792, 729, 111, 53, 0.9981, 0.6947, 1.7693, 3, 4
793, 703, 66, 84, 0.9997, 1.0000, 2.2918, 34, 35
793, 707, 109, 39, 0.9997, 1.0000, 1.7711, 31, 29
793, 711, 34, 48, 0.9997, 1.0000, 0.8002, 25, 26
793, 722, 19, 11, 0.9997, 0.6831, 0.8792, 10, 10
793, 728, 28, 27, 0.9996, 0.7622, 0.8883, 5, 6
793, 729, 112, 53, 0.9996, 0.7268, 1.2919, 4, 5
794, 703, 68, 84, 0.9997, 1.0000, 2.0005, 35, 36
794, 707, 111, 39, 0.9997, 1.0000, 2.0156, 32, 30
794, 711, 34, 47, 0.9997, 1.0000, 0.8033, 26, 27
794, 716, 30, 24, 0.9997, 0.6744, 2.9977, 20, 19
794, 722, 19, 12, 0.9997, 0.7248, 1.0255, 11, 11
794, 727, 81, 85, 0.9997, 0.6831, 1.9515, 8, 8
794, 729, 113, 54, 0.9997, 0.7623, 1.2580, 5, 6
795, 703, 70, 84, 0.9997, 1.0000, 1.9575, 36, 37
795, 707, 111, 39, 0.9996, 1.0000, 0.5162, 33, 31
795, 711, 34, 46, 0.9997, 1.0000, 1.0155, 27, 28
795, 716, 33, 26, 0.9997, 0.7159, 3.3644, 21, 20
795, 722, 20, 12, 0.9997, 0.7664, 0.8138, 12, 12
795, 726, 102, 99, 0.9997, 0.6672, 1.7403, 11, 10
795, 729, 114, 54, 0.9997, 0.7998, 1.0007, 6, 7
796, 703, 72, 85, 0.9997, 1.0000, 2.1258, 37, 38
796, 707, 114, 38, 0.9996, 1.0000, 2.3185, 34, 32
796, 711, 33, 45, 0.9997, 1.0000, 1.2678, 28, 29
796, 716, 36, 29, 0.9997, 0.7574, 4.0805, 22, 21
796, 722, 20, 13, 0.9997, 0.8081, 0.7737, 13, 13
796, 726, 104, 99, 0.9997, 0.7092, 1.9989, 12, 11
797, 703, 74, 85, 0.9997, 1.0000, 2.0215, 38, 39
797, 707, 115, 38, 0.9997, 1.0000, 1.5546, 35, 33
797, 711, 34, 45, 0.9996, 1.0000, 0.5487, 29, 30
797, 716, 39, 32, 0.9997, 0.7989, 4.3123, 23, 22
797, 726, 105, 100, 0.9997, 0.7511, 1.4674, 13, 12
798, 689, 81, 41, 0.9996, 0.7247, 2.0925, 49, 49
798, 703, 77, 85, 0.9997, 1.0000, 2.7663, 39, 40
798, 707, 117, 38, 0.9997, 1.0000, 1.7910, 36, 34
798, 711, 41, 36, 0.9233, 1.0000, 9.9247, 30, 31
798, 722, 20, 14, 0.9997, 0.8914, 0.7505, 15, 15
798, 726, 107, 100, 0.9997, 0.7929, 1.7459, 14, 13
798, 732, 109, 107, 0.9980, 0.6946, 0.7322, 3, 4
799, 689, 81, 42, 0.9997, 0.7664, 1.4114, 50, 50
799, 707, 119, 38, 0.9997, 1.0000, 1.9896, 37, 35
799, 726, 109, 101, 0.9997, 0.8348, 2.1410, 15, 14
799, 732, 110, 108, 0.9996, 0.7268, 1.2339, 4, 5
800, 689, 82, 43, 0.9997, 0.8081, 1.2927, 51, 51
800, 707, 120, 37, 0.9997, 1.0000, 1.4672, 38, 36
800, 716, 47, 40, 0.9787, 0.4824, 4.0290, 26, 24
800, 722, 20, 15, 0.9997, 0.9747, 0.7509, 17, 17
800, 726, 110, 102, 0.9997, 0.8766, 1.6310, 16, 15
800, 733, 7, 59, 0.9980, 0.6946, 2.1817, 3, 4
801, 689, 81, 44, 0.9996, 0.8497, 1.1208, 52, 52
801, 707, 122, 37, 0.9997, 1.0000, 1.7444, 39, 37
801, 726, 112, 102, 0.9997, 0.9184, 1.7456, 17, 16
801, 732, 111, 108, 0.9997, 0.7998, 0.7232, 6, 7
801, 733, 8, 59, 0.9996, 0.7268, 1.3194, 4, 5
802, 689, 82, 44, 0.9996, 0.8914, 0.4922, 53, 53
802, 707, 124, 37, 0.9997, 1.0000, 2.0006, 40, 38
802, 711, 53, 46, 0.8733, 0.5367, 5.3959, 34, 34
802, 722, 20, 16, 0.9997, 1.0000, 0.7499, 19, 19
802, 726, 113, 103, 0.9997, 0.9601, 1.4312, 18, 17
802, 732, 111, 109, 0.9997, 0.8384, 0.7615, 7, 8
802, 733, 10, 60, 0.9997, 0.7623, 1.8835, 5, 6
802, 734, 9, 21, 0.8512, 0.5894, 16.4350, 2, 3
803, 689, 82, 43, 0.9997, 0.9330, 0.8590, 54, 54
803, 707, 125, 37, 0.9997, 1.0000, 1.2779, 41, 39
803, 722, 21, 17, 0.9997, 1.0000, 1.2695, 20, 20
803, 726, 115, 105, 0.9996, 1.0000, 2.4831, 19, 18
803, 732, 112, 109, 0.9997, 0.8779, 0.7979, 8, 9
803, 733, 10, 59, 0.9996, 0.7997, 0.6968, 6, 7
803, 735, 84, 27, 0.9886, 0.6890, 5.3985, 3, 4
803, 736, 4, 99, 0.9980, 0.6946, 1.9270, 3, 4
803, 737, 19, 34, 0.7868, 0.5524, 14.0454, 2, 3
804, 689, 84, 46, 0.9992, 0.9743, 3.1260, 55, 55
804, 703, 89, 86, 0.9996, 0.6831, 1.4543, 45, 45
804, 707, 127, 36, 0.9997, 1.0000, 1.8790, 42, 40
804, 722, 21, 17, 0.9997, 1.0000, 0.4028, 21, 21
804, 726, 116, 105, 0.9996, 1.0000, 1.3744, 20, 19
804, 732, 113, 109, 0.9997, 0.9178, 1.0154, 9, 10
804, 733, 13, 61, 0.9995, 0.8383, 2.5331, 7, 8
804, 736, 5, 99, 0.9996, 0.7268, 1.3243, 4, 5
805, 689, 85, 48, 0.9996, 1.0000, 2.3307, 56, 56
805, 703, 93, 85, 0.9995, 0.7247, 3.2290, 46, 46
805, 711, 63, 55, 0.9710, 0.4853, 4.2231, 37, 36
805, 722, 21, 18, 0.9997, 1.0000, 0.7221, 22, 22
805, 726, 117, 106, 0.9997, 1.0000, 1.2238, 21, 20
805, 732, 113, 110, 0.9997, 0.9580, 0.7754, 10, 11
805, 733, 14, 61, 0.9997, 0.8779, 1.6355, 8, 9
805, 736, 6, 99, 0.9997, 0.7623, 0.9995, 5, 6
806, 689, 85, 49, 0.9996, 1.0000, 1.1361, 57, 57
806, 703, 95, 85, 0.9997, 0.7664, 2.5840, 47, 47
806, 711, 66, 58, 0.9987, 0.5954, 4.2204, 38, 37
806, 726, 118, 108, 0.9997, 1.0000, 1.9702, 22, 21
806, 732, 114, 109, 0.9996, 0.9985, 0.8714, 11, 12
806, 733, 16, 61, 0.9997, 0.9178, 1.7937, 9, 10
806, 736, 8, 100, 0.9997, 0.7998, 1.8663, 6, 7
807, 703, 97, 85, 0.9997, 0.8081, 2.0429, 48, 48
807, 711, 70, 61, 0.9996, 0.6373, 4.8047, 39, 38
807, 722, 21, 19, 0.9997, 1.0000, 0.7486, 24, 24
807, 726, 119, 109, 0.9997, 1.0000, 1.6443, 23, 22
807, 732, 115, 110, 0.9997, 1.0000, 1.1051, 12, 13
807, 733, 17, 62, 0.9997, 0.9580, 1.4079, 10, 11
807, 736, 8, 100, 0.9996, 0.8384, 0.5811, 7, 8
808, 689, 87, 51, 0.9996, 1.0000, 2.0331, 59, 59
808, 703, 100, 85, 0.9997, 0.8498, 2.6975, 49, 49
808, 711, 73, 65, 0.9997, 0.6788, 5.0026, 40, 39
808, 726, 120, 111, 0.9997, 1.0000, 2.0414, 24, 23
808, 732, 116, 111, 0.9997, 1.0000, 1.4536, 13, 14
808, 733, 19, 62, 0.9997, 0.9986, 1.7533, 11, 12
808, 736, 10, 100, 0.9997, 0.8779, 1.4722, 8, 9
809, 689, 87, 52, 0.9997, 1.0000, 1.4060, 60, 60
809, 703, 102, 85, 0.9997, 0.8914, 2.2602, 50, 50
809, 711, 77, 68, 0.9997, 0.7202, 5.0015, 41, 40
809, 722, 22, 19, 0.9997, 1.0000, 0.7664, 26, 26
809, 726, 121, 112, 0.9997, 1.0000, 1.6035, 25, 24
809, 732, 116, 111, 0.9997, 1.0000, 0.4062, 14, 15
809, 733, 21, 63, 0.9997, 1.0000, 2.1511, 12, 13
809, 736, 9, 101, 0.9996, 0.9177, 0.7747, 9, 10
810, 689, 88, 53, 0.9997, 1.0000, 1.2996, 61, 61
810, 703, 105, 85, 0.9997, 0.9331, 2.7616, 51, 51
810, 711, 80, 71, 0.9997, 0.7617, 4.4227, 42, 41
810, 722, 22, 20, 0.9997, 1.0000, 0.7793, 27, 27
810, 726, 122, 114, 0.9997, 1.0000, 2.0128, 26, 25
810, 732, 117, 111, 0.9997, 1.0000, 0.7087, 15, 16
810, 733, 22, 63, 0.9997, 1.0000, 1.3041, 13, 14
810, 736, 12, 101, 0.9995, 0.9579, 1.9908, 10, 11
810, 740, 76, 112, 0.9961, 0.6935, 2.9261, 3, 4
811, 689, 88, 54, 0.9997, 1.0000, 0.9990, 62, 62
811, 703, 107, 85, 0.9997, 0.9747, 2.2529, 52, 52
811, 711, 84, 75, 0.9997, 0.8032, 5.2814, 43, 42
811, 722, 22, 21, 0.9997, 1.0000, 1.0417, 28, 28
811, 726, 123, 116, 0.9997, 1.0000, 2.2471, 27, 26
811, 732, 118, 111, 0.9997, 1.0000, 0.9994, 16, 17
811, 733, 24, 64, 0.9997, 1.0000, 1.8789, 14, 15
811, 736, 13, 100, 0.9996, 0.9985, 1.7346, 11, 12
811, 740, 76, 114, 0.9996, 0.7268, 2.4947, 4, 5
812, 689, 89, 55, 0.9997, 1.0000, 1.2266, 63, 63
812, 703, 110, 86, 0.9997, 1.0000, 2.8533, 53, 53
812, 711, 87, 78, 0.9997, 0.8446, 4.6137, 44, 43
812, 722, 22, 22, 0.9997, 1.0000, 1.0573, 29, 29
812, 726, 124, 118, 0.9997, 1.0000, 2.2734, 28, 27
812, 732, 118, 112, 0.9997, 1.0000, 0.7962, 17, 18
812, 733, 25, 64, 0.9997, 1.0000, 1.2603, 15, 16
812, 736, 15, 102, 0.9996, 1.0000, 2.1903, 12, 13
812, 740, 76, 115, 0.9996, 0.7623, 1.2901, 5, 6
813, 689, 97, 65, 0.7423, 0.8423, 11.7952, 64, 64
813, 703, 112, 85, 0.9996, 1.0000, 2.2984, 54, 54
813, 711, 92, 82, 0.9996, 0.8861, 5.8773, 45, 44
813, 726, 125, 120, 0.9997, 1.0000, 2.2487, 29, 28
813, 732, 119, 112, 0.9997, 1.0000, 0.7816, 18, 19
813, 733, 27, 65, 0.9997, 1.0000, 1.9024, 16, 17
813, 736, 16, 102, 0.9997, 1.0000, 1.3618, 13, 14
813, 740, 76, 117, 0.9997, 0.7998, 1.6568, 6, 7
814, 703, 115, 85, 0.9997, 1.0000, 2.7653, 55, 55
814, 711, 96, 86, 0.9997, 0.9276, 5.8877, 46, 45
814, 722, 22, 23, 0.9997, 1.0000, 0.7059, 31, 31
814, 732, 120, 112, 0.9997, 1.0000, 1.0001, 19, 20
814, 733, 29, 65, 0.9997, 1.0000, 2.0309, 17, 18
814, 736, 17, 102, 0.9997, 1.0000, 0.9699, 14, 15
814, 740, 76, 119, 0.9997, 0.8385, 1.9725, 7, 8
814, 741, 95, 0, 0.9904, 0.6365, 8.8008, 6, 6
815, 703, 118, 85, 0.9997, 1.0000, 3.0143, 56, 56
815, 711, 100, 90, 0.9997, 0.9691, 5.7150, 47, 46
815, 732, 121, 113, 0.9997, 1.0000, 1.2665, 20, 21
815, 733, 30, 66, 0.9997, 1.0000, 1.4824, 18, 19
815, 736, 19, 102, 0.9997, 1.0000, 1.7187, 15, 16
815, 740, 76, 121, 0.9997, 0.8779, 2.0396, 8, 9
816, 703, 120, 85, 0.9997, 1.0000, 2.2781, 57, 57
816, 711, 104, 94, 0.9997, 1.0000, 5.6460, 48, 47
816, 722, 22, 24, 0.9997, 1.0000, 0.7499, 33, 33
816, 733, 32, 67, 0.9997, 1.0000, 1.9985, 19, 20
816, 736, 21, 102, 0.9997, 1.0000, 2.0427, 16, 17
816, 740, 75, 123, 0.9997, 0.9178, 2.1588, 9, 10
817, 703, 123, 85, 0.9997, 1.0000, 2.7222, 58, 58
817, 711, 108, 97, 0.9997, 1.0000, 5.1313, 49, 48
817, 722, 22, 25, 0.9997, 1.0000, 1.0164, 34, 34
817, 733, 34, 67, 0.9997, 1.0000, 2.0184, 20, 21
817, 736, 22, 103, 0.9997, 1.0000, 1.5011, 17, 18
817, 740, 75, 125, 0.9997, 0.9581, 2.0227, 10, 11
818, 703, 126, 85, 0.9997, 1.0000, 2.9992, 59, 59
818, 711, 113, 102, 0.9996, 1.0000, 6.5309, 50, 49
818, 722, 23, 25, 0.9997, 1.0000, 0.8131, 35, 35
818, 733, 35, 68, 0.9997, 1.0000, 1.4664, 21, 22
818, 736, 23, 103, 0.9997, 1.0000, 1.0045, 18, 19
818, 740, 74, 127, 0.9997, 0.9986, 2.1389, 11, 12
818, 743, 56, 106, 0.9982, 0.6407, 5.5642, 6, 6
818, 744, 88, 9, 0.9980, 0.6946, 1.3093, 3, 4
819, 711, 117, 106, 0.9997, 1.0000, 6.0701, 51, 50
819, 722, 23, 26, 0.9997, 1.0000, 0.7788, 36, 36
819, 733, 37, 68, 0.9997, 1.0000, 1.7397, 22, 23
819, 736, 24, 103, 0.9997, 1.0000, 0.9419, 19, 20
819, 744, 88, 11, 0.9996, 0.7268, 1.7604, 4, 5
819, 747, 93, 64, 0.9980, 0.6946, 1.4232, 3, 4
820, 711, 122, 111, 0.9997, 1.0000, 6.7681, 52, 51
820, 733, 39, 69, 0.9997, 1.0000, 2.1355, 23, 24
820, 736, 26, 104, 0.9997, 1.0000, 1.8907, 20, 21
820, 744, 89, 12, 0.9997, 0.7623, 1.4430, 5, 6
820, 747, 93, 65, 0.9996, 0.7268, 0.9932, 4, 5
820, 748, 40, 77, 0.9066, 0.6213, 12.1813, 2, 3
821, 711, 126, 115, 0.9997, 1.0000, 6.0210, 53, 52
821, 722, 23, 27, 0.9997, 1.0000, 0.7496, 38, 38
821, 733, 40, 70, 0.9997, 1.0000, 1.6311, 24, 25
821, 736, 27, 104, 0.9997, 1.0000, 1.3230, 21, 22
821, 744, 89, 14, 0.9997, 0.7998, 1.7700, 6, 7
821, 747, 93, 67, 0.9997, 0.7623, 1.7495, 5, 6
822, 733, 42, 71, 0.9997, 1.0000, 2.0144, 25, 26
822, 736, 29, 104, 0.9997, 1.0000, 1.7672, 22, 23
822, 744, 90, 16, 0.9997, 0.8384, 2.1535, 7, 8
822, 747, 93, 68, 0.9997, 0.7998, 1.2945, 6, 7
823, 722, 23, 28, 0.9997, 1.0000, 0.7508, 40, 40
823, 733, 44, 71, 0.9997, 1.0000, 2.0156, 26, 27
823, 736, 30, 104, 0.9997, 1.0000, 1.2508, 23, 24
823, 744, 90, 17, 0.9997, 0.8779, 1.3024, 8, 9
823, 747, 93, 70, 0.9997, 0.8384, 1.7667, 7, 8
823, 749, 33, 29, 0.9981, 0.6947, 0.7315, 3, 4
823, 750, 112, 75, 0.9978, 0.6945, 2.3207, 3, 4
823, 751, 5, 37, 0.8749, 0.6031, 14.5137, 2, 3
824, 733, 46, 72, 0.9997, 1.0000, 2.1595, 27, 28
824, 736, 31, 104, 0.9997, 1.0000, 0.9837, 24, 25
824, 744, 91, 19, 0.9997, 0.9178, 1.8779, 9, 10
824, 747, 92, 71, 0.9997, 0.8779, 1.4638, 8, 9
824, 749, 33, 28, 0.9996, 0.7268, 1.0058, 4, 5
824, 752, 3, 124, 0.9980, 0.6947, 1.2437, 3, 4
825, 722, 24, 29, 0.9997, 1.0000, 1.0711, 42, 42
825, 733, 47, 73, 0.9997, 1.0000, 1.6004, 28, 29
825, 736, 33, 104, 0.9997, 1.0000, 1.7212, 25, 26
825, 744, 91, 20, 0.9997, 0.9580, 1.2602, 10, 11
825, 747, 92, 73, 0.9997, 0.9178, 1.7713, 9, 10
825, 752, 4, 124, 0.9996, 0.7268, 1.0295, 4, 5
826, 722, 24, 30, 0.9997, 1.0000, 1.0550, 43, 43
826, 733, 49, 74, 0.9997, 1.0000, 2.0008, 29, 30
826, 736, 35, 104, 0.9997, 1.0000, 2.0418, 26, 27
826, 745, 58, 32, 0.9997, 0.6523, 0.9999, 17, 14
826, 744, 92, 22, 0.9997, 0.9986, 1.9025, 11, 12
826, 747, 92, 75, 0.9997, 0.9581, 2.0130, 10, 11
826, 749, 42, 23, 0.9628, 0.7740, 8.8880, 6, 7
826, 752, 5, 125, 0.9997, 0.7623, 1.2493, 5, 6
827, 733, 50, 74, 0.9997, 1.0000, 1.2594, 30, 31
827, 736, 36, 104, 0.9997, 1.0000, 1.2927, 27, 28
827, 745, 59, 32, 0.9997, 0.6936, 1.0001, 18, 15
827, 744, 92, 24, 0.9997, 1.0000, 2.0309, 12, 13
827, 747, 91, 76, 0.9997, 0.9986, 1.4675, 11, 12
827, 749, 52, 10, 0.9554, 0.8057, 15.2010, 7, 8
827, 752, 6, 125, 0.9997, 0.7998, 1.0307, 6, 7
827, 755, 121, 11, 0.9976, 0.6944, 1.5866, 3, 4
828, 722, 24, 31, 0.9997, 1.0000, 0.7234, 45, 45
828, 733, 52, 75, 0.9997, 1.0000, 1.8878, 31, 32
828, 736, 38, 104, 0.9997, 1.0000, 1.7237, 28, 29
828, 744, 92, 25, 0.9997, 1.0000, 1.2788, 13, 14
828, 747, 91, 78, 0.9997, 1.0000, 1.7442, 12, 13
828, 752, 7, 127, 0.9996, 0.8384, 1.8148, 7, 8
828, 755, 122, 10, 0.9996, 0.7268, 1.2913, 4, 5
828, 756, 26, 57, 0.9566, 0.6700, 7.0423, 3, 4
829, 722, 24, 32, 0.9997, 1.0000, 0.9994, 46, 46
829, 733, 54, 76, 0.9997, 1.0000, 2.2496, 32, 33
829, 736, 39, 104, 0.9997, 1.0000, 1.2337, 29, 30
829, 744, 93, 28, 0.9996, 1.0000, 2.5889, 14, 15
829, 747, 92, 79, 0.9996, 1.0000, 1.4524, 13, 14
829, 755, 124, 10, 0.9997, 0.7623, 1.7190, 5, 6
830, 722, 25, 32, 0.9997, 1.0000, 0.8124, 47, 47
830, 733, 56, 77, 0.9997, 1.0000, 2.2930, 33, 34
830, 736, 41, 104, 0.9997, 1.0000, 1.7476, 30, 31
830, 744, 93, 29, 0.9997, 1.0000, 1.5521, 15, 16
830, 747, 92, 80, 0.9997, 1.0000, 1.0390, 14, 15
830, 753, 95, 10, 0.9985, 0.6825, 3.4330, 7, 7
830, 755, 125, 10, 0.9997, 0.7998, 1.2592, 6, 7
830, 758, 5, 100, 0.9980, 0.6947, 1.6282, 3, 4
831, 722, 25, 33, 0.9997, 1.0000, 0.7812, 48, 48
831, 733, 58, 78, 0.9997, 1.0000, 2.2558, 34, 35
831, 736, 42, 105, 0.9997, 1.0000, 1.4662, 31, 32
831, 744, 94, 30, 0.9997, 1.0000, 1.2466, 16, 17
831, 747, 92, 82, 0.9997, 1.0000, 1.7237, 15, 16
831, 755, 126, 10, 0.9997, 0.8385, 0.9986, 7, 8
831, 758, 6, 99, 0.9996, 0.7268, 1.4119, 4, 5
832, 733, 60, 78, 0.9997, 1.0000, 2.0130, 35, 36
832, 736, 43, 104, 0.9996, 1.0000, 1.0941, 32, 33
832, 744, 94, 32, 0.9997, 1.0000, 1.6998, 17, 18
832, 747, 92, 83, 0.9997, 1.0000, 1.2794, 16, 17
832, 750, 126, 83, 0.9997, 0.6686, 1.9197, 12, 11
832, 758, 8, 99, 0.9997, 0.7623, 1.7376, 5, 6
832, 760, 112, 31, 0.9280, 0.6336, 6.8767, 2, 3
833, 722, 25, 34, 0.9997, 1.0000, 0.7497, 50, 50
833, 733, 61, 79, 0.9997, 1.0000, 1.4214, 36, 37
833, 736, 45, 105, 0.9996, 1.0000, 1.7858, 33, 34
833, 744, 95, 34, 0.9997, 1.0000, 2.1602, 18, 19
833, 747, 93, 85, 0.9997, 1.0000, 1.9158, 17, 18
833, 750, 127, 84, 0.9997, 0.7104, 1.5492, 13, 12
833, 758, 9, 98, 0.9997, 0.7998, 1.4594, 6, 7
833, 762, 111, 25, 0.9361, 0.6383, 5.9970, 2, 3
834, 733, 63, 80, 0.9997, 1.0000, 1.9783, 37, 38
834, 736, 47, 105, 0.9997, 1.0000, 2.0569, 34, 35
834, 744, 95, 35, 0.9997, 1.0000, 1.3165, 19, 20
834, 747, 93, 86, 0.9997, 1.0000, 1.2848, 18, 19
834, 758, 11, 97, 0.9997, 0.8384, 2.0278, 7, 8
835, 722, 25, 35, 0.9997, 1.0000, 0.7508, 52, 52
835, 733, 65, 81, 0.9997, 1.0000, 2.2555, 38, 39
835, 736, 48, 106, 0.9997, 1.0000, 1.5150, 35, 36
835, 744, 95, 36, 0.9997, 1.0000, 0.9621, 20, 21
835, 747, 94, 87, 0.9997, 1.0000, 1.2476, 19, 20
835, 758, 12, 97, 0.9997, 0.8779, 1.2822, 8, 9
836, 733, 67, 81, 0.9997, 1.0000, 2.0582, 39, 40
836, 736, 50, 107, 0.9997, 1.0000, 2.0077, 36, 37
836, 744, 96, 39, 0.9996, 1.0000, 2.5741, 21, 22
836, 747, 94, 89, 0.9997, 1.0000, 1.7394, 20, 21
836, 758, 14, 96, 0.9997, 0.9178, 1.8927, 9, 10
836, 761, 114, 9, 0.8196, 0.5439, 8.5247, 7, 7
837, 722, 26, 36, 0.9997, 1.0000, 1.0712, 54, 54
837, 733, 69, 82, 0.9997, 1.0000, 2.1371, 40, 41
837, 736, 51, 107, 0.9997, 1.0000, 1.2647, 37, 38
837, 744, 97, 41, 0.9997, 1.0000, 2.5534, 22, 23
837, 747, 95, 90, 0.9997, 1.0000, 1.4805, 21, 22
837, 758, 15, 95, 0.9997, 0.9581, 1.6002, 10, 11
837, 763, 72, 38, 0.8821, 0.4529, 5.0766, 5, 5
838, 722, 26, 37, 0.9997, 1.0000, 1.0550, 55, 55
838, 733, 71, 83, 0.9997, 1.0000, 2.2350, 41, 42
838, 736, 52, 108, 0.9997, 1.0000, 1.2190, 38, 39
838, 744, 97, 42, 0.9996, 1.0000, 1.3266, 23, 24
838, 747, 95, 92, 0.9997, 1.0000, 1.7823, 22, 23
838, 758, 17, 95, 0.9997, 0.9986, 1.7716, 11, 12
839, 733, 73, 84, 0.9997, 1.0000, 2.2529, 42, 43
839, 736, 54, 109, 0.9997, 1.0000, 1.9919, 39, 40
839, 744, 98, 44, 0.9997, 1.0000, 1.8311, 24, 25
839, 747, 95, 92, 0.9996, 1.0000, 0.4879, 23, 24
839, 758, 18, 94, 0.9997, 1.0000, 1.4444, 12, 13
840, 722, 26, 38, 0.9997, 1.0000, 0.7234, 57, 57
840, 733, 75, 85, 0.9997, 1.0000, 2.2426, 43, 44
840, 736, 55, 109, 0.9997, 1.0000, 1.3083, 40, 41
840, 744, 97, 44, 0.9996, 1.0000, 0.6978, 25, 26
840, 747, 96, 94, 0.9996, 1.0000, 1.6259, 24, 25
840, 758, 20, 94, 0.9997, 1.0000, 1.7659, 13, 14
841, 722, 26, 39, 0.9997, 1.0000, 0.9994, 58, 58
841, 733, 77, 85, 0.9997, 1.0000, 2.0139, 44, 45
841, 736, 56, 110, 0.9997, 1.0000, 1.2352, 41, 42
841, 744, 99, 48, 0.9994, 1.0000, 3.2233, 26, 27
841, 747, 97, 96, 0.9997, 1.0000, 2.2667, 25, 26
841, 758, 21, 95, 0.9997, 1.0000, 1.4730, 14, 15
841, 764, 1, 98, 0.9980, 0.6946, 1.2884, 3, 4
842, 722, 27, 39, 0.9997, 1.0000, 0.8124, 59, 59
842, 733, 79, 86, 0.9997, 1.0000, 2.1210, 45, 46
842, 736, 58, 111, 0.9997, 1.0000, 1.9927, 42, 43
842, 744, 99, 50, 0.9997, 1.0000, 2.6574, 27, 28
842, 747, 97, 97, 0.9997, 1.0000, 1.3524, 26, 27
842, 758, 22, 95, 0.9997, 1.0000, 1.0405, 15, 16
842, 764, 1, 98, 0.9996, 0.7268, 0.4081, 4, 5
842, 765, 74, 36, 0.9857, 0.6873, 5.6598, 3, 4
843, 733, 81, 87, 0.9997, 1.0000, 2.2357, 46, 47
843, 736, 59, 111, 0.9997, 1.0000, 1.3058, 43, 44
843, 744, 100, 51, 0.9996, 1.0000, 1.5421, 28, 29
843, 747, 97, 99, 0.9997, 1.0000, 1.7389, 27, 28
843, 758, 22, 96, 0.9997, 1.0000, 0.8010, 16, 17
843, 764, 2, 99, 0.9997, 0.7623, 1.0512, 5, 6
843, 767, 101, 122, 0.9980, 0.6946, 1.2807, 3, 4
844, 722, 28, 40, 0.9997, 1.0000, 1.0424, 61, 61
844, 733, 83, 89, 0.9997, 1.0000, 2.6951, 47, 48
844, 736, 61, 113, 0.9996, 1.0000, 2.3074, 44, 45
844, 744, 100, 53, 0.9997, 1.0000, 1.6685, 29, 30
844, 747, 98, 100, 0.9997, 1.0000, 1.4228, 28, 29
844, 758, 23, 97, 0.9997, 1.0000, 1.2275, 17, 18
844, 767, 102, 122, 0.9996, 0.7268, 0.9971, 4, 5
845, 733, 85, 89, 0.9996, 1.0000, 2.0727, 48, 49
845, 744, 101, 55, 0.9997, 1.0000, 2.0989, 30, 31
845, 747, 98, 102, 0.9997, 1.0000, 1.7677, 29, 30
845, 758, 24, 97, 0.9997, 1.0000, 1.0374, 18, 19
845, 764, 3, 100, 0.9997, 0.8384, 1.0576, 7, 8
845, 767, 104, 122, 0.9997, 0.7623, 1.7216, 5, 6
846, 722, 29, 40, 0.9997, 1.0000, 0.7475, 63, 63
846, 733, 87, 90, 0.9997, 1.0000, 2.1217, 49, 50
846, 744, 101, 57, 0.9997, 1.0000, 2.0528, 31, 32
846, 747, 99, 103, 0.9997, 1.0000, 1.4667, 30, 31
846, 758, 24, 98, 0.9997, 1.0000, 0.7735, 19, 20
846, 767, 105, 122, 0.9997, 0.7998, 1.2762, 6, 7
847, 722, 30, 42, 0.9996, 1.0000, 1.8005, 64, 64
847, 733, 89, 90, 0.9997, 1.0000, 2.0091, 50, 51
847, 744, 103, 64, 0.9987, 1.0000, 6.7746, 32, 33
847, 747, 99, 105, 0.9997, 1.0000, 1.7689, 31, 32
847, 758, 25, 99, 0.9997, 1.0000, 1.2347, 20, 21
847, 764, 4, 101, 0.9997, 0.9178, 1.0613, 9, 10
847, 765, 78, 32, 0.7952, 0.5307, 8.6138, 8, 8
847, 767, 106, 122, 0.9997, 0.8385, 1.0002, 7, 8
848, 733, 92, 90, 0.9997, 1.0000, 2.7641, 51, 52
848, 747, 100, 106, 0.9997, 1.0000, 1.4572, 32, 33
848, 758, 26, 101, 0.9997, 1.0000, 2.0630, 21, 22
848, 764, 4, 102, 0.9997, 0.9581, 1.0444, 10, 11
848, 767, 108, 122, 0.9997, 0.8779, 1.7237, 8, 9
849, 747, 100, 108, 0.9997, 1.0000, 1.7676, 33, 34
849, 766, 43, 5, 0.7683, 0.5258, 10.9793, 12, 10
849, 764, 5, 102, 0.9997, 0.9986, 0.7998, 11, 12
849, 767, 110, 122, 0.9997, 0.9178, 2.0403, 9, 10
850, 722, 31, 41, 0.9997, 1.0000, 0.7123, 67, 67
850, 736, 70, 113, 0.9997, 0.6831, 2.0158, 50, 50
850, 747, 101, 110, 0.9997, 1.0000, 2.1490, 34, 35
850, 764, 5, 103, 0.9997, 1.0000, 0.7641, 12, 13
850, 767, 110, 122, 0.9996, 0.9580, 0.5279, 10, 11
850, 770, 118, 25, 0.7818, 0.5658, 9.4005, 3, 4
851, 722, 31, 42, 0.9997, 1.0000, 0.8226, 68, 68
851, 736, 72, 114, 0.9997, 0.7248, 2.1731, 51, 51
851, 747, 101, 111, 0.9997, 1.0000, 1.3021, 35, 36
851, 764, 6, 103, 0.9997, 1.0000, 0.7860, 13, 14
851, 767, 112, 122, 0.9997, 0.9986, 1.4318, 11, 12
852, 722, 32, 42, 0.9997, 1.0000, 0.8259, 69, 69
852, 736, 74, 114, 0.9997, 0.7664, 2.0339, 52, 52
852, 747, 102, 113, 0.9997, 1.0000, 1.8784, 36, 37
852, 764, 6, 104, 0.9997, 1.0000, 0.7891, 14, 15
852, 767, 113, 122, 0.9997, 1.0000, 1.2338, 12, 13
852, 771, 4, 97, 0.9981, 0.6947, 1.0064, 3, 4
853, 722, 32, 43, 0.9997, 1.0000, 0.8089, 70, 70
853, 736, 75, 114, 0.9997, 0.8081, 1.2352, 53, 53
853, 744, 105, 70, 0.9986, 0.6825, 4.8233, 38, 38
853, 747, 102, 114, 0.9997, 1.0000, 1.2603, 37, 38
853, 764, 5, 106, 0.9996, 1.0000, 1.9420, 15, 16
853, 767, 114, 122, 0.9997, 1.0000, 1.0263, 13, 14
853, 771, 5, 98, 0.9996, 0.7268, 1.2299, 4, 5
853, 773, 103, 95, 0.6192, 0.4560, 17.0828, 2, 3
854, 722, 33, 43, 0.9997, 1.0000, 0.7887, 71, 71
854, 736, 77, 114, 0.9997, 0.8498, 1.7065, 54, 54
854, 744, 106, 73, 0.9996, 0.7248, 3.5361, 39, 39
854, 747, 103, 116, 0.9997, 1.0000, 1.9025, 38, 39
854, 764, 7, 106, 0.9995, 1.0000, 1.3235, 16, 17
854, 767, 116, 122, 0.9997, 1.0000, 1.7399, 14, 15
854, 771, 6, 97, 0.9996, 0.7623, 1.1116, 5, 6
854, 772, 2, 62, 0.9996, 0.7268, 1.0742, 4, 5
854, 775, 85, 34, 0.7946, 0.5735, 14.9177, 3, 4
854, 776, 63, 123, 0.9300, 0.6348, 8.0285, 2, 3
854, 777, 0, 127, 0.9488, 0.6456, 4.1627, 2, 3
855, 736, 79, 115, 0.9997, 0.8914, 2.1345, 55, 55
855, 747, 103, 118, 0.9997, 1.0000, 2.0309, 39, 40
855, 758, 28, 105, 0.9997, 0.7248, 0.8308, 28, 28
855, 764, 7, 106, 0.9997, 1.0000, 0.5712, 17, 18
855, 767, 117, 122, 0.9997, 1.0000, 1.2788, 15, 16
855, 774, 113, 45, 0.9302, 0.6039, 17.3410, 6, 6
855, 771, 7, 98, 0.9997, 0.7998, 1.1063, 6, 7
856, 722, 34, 44, 0.9997, 1.0000, 1.0403, 73, 73
856, 736, 80, 115, 0.9997, 0.9331, 1.3115, 56, 56
856, 747, 103, 119, 0.9997, 1.0000, 1.2788, 40, 41
856, 758, 26, 110, 0.9978, 0.7652, 4.9237, 29, 29
856, 764, 7, 107, 0.9997, 1.0000, 0.6662, 18, 19
856, 767, 118, 123, 0.9997, 1.0000, 1.2572, 16, 17
856, 771, 9, 99, 0.9997, 0.8384, 2.0355, 7, 8
856, 778, 78, 41, 0.9657, 0.5828, 5.8509, 6, 6
856, 772, 3, 63, 0.9997, 0.7998, 1.0587, 6, 7
857, 736, 82, 115, 0.9997, 0.9747, 1.7246, 57, 57
857, 747, 104, 121, 0.9997, 1.0000, 1.8675, 41, 42
857, 758, 23, 113, 0.9996, 0.8080, 4.0770, 30, 30
857, 764, 7, 108, 0.9997, 1.0000, 1.0261, 19, 20
857, 767, 120, 123, 0.9997, 1.0000, 1.7472, 17, 18
857, 771, 10, 99, 0.9997, 0.8779, 1.3306, 8, 9
858, 722, 35, 44, 0.9997, 1.0000, 0.7501, 75, 75
858, 736, 84, 115, 0.9997, 1.0000, 2.0005, 58, 58
858, 747, 98, 117, 0.9871, 1.0000, 6.0756, 42, 43
858, 764, 5, 109, 0.9996, 1.0000, 1.8846, 20, 21
858, 767, 121, 123, 0.9997, 1.0000, 1.2763, 18, 19
858, 769, 115, 100, 0.9997, 0.6613, 2.9152, 16, 14
858, 771, 11, 99, 0.9997, 0.9178, 1.0004, 9, 10
858, 772, 2, 63, 0.9997, 0.8779, 0.7780, 8, 9
859, 722, 35, 45, 0.9997, 1.0000, 0.7657, 76, 76
859, 736, 86, 116, 0.9997, 1.0000, 2.1729, 59, 59
859, 764, 6, 110, 0.9996, 1.0000, 1.0341, 21, 22
859, 767, 122, 123, 0.9997, 1.0000, 1.0010, 19, 20
859, 769, 117, 101, 0.9997, 0.7027, 2.4801, 17, 15
859, 771, 12, 99, 0.9997, 0.9581, 0.9591, 10, 11
859, 772, 3, 64, 0.9996, 0.9178, 0.8407, 9, 10
860, 722, 37, 45, 0.9996, 1.0000, 1.5389, 77, 77
860, 736, 87, 116, 0.9997, 1.0000, 1.2850, 60, 60
860, 767, 124, 123, 0.9997, 1.0000, 1.7237, 20, 21
860, 769, 119, 102, 0.9997, 0.7442, 2.2330, 18, 16
860, 771, 13, 100, 0.9997, 0.9986, 1.2347, 11, 12
860, 772, 4, 65, 0.9997, 0.9580, 1.4734, 10, 11
861, 736, 89, 116, 0.9997, 1.0000, 1.7082, 61, 61
861, 764, 6, 111, 0.9997, 1.0000, 0.7103, 23, 24
861, 767, 125, 123, 0.9997, 1.0000, 1.2764, 21, 22
861, 769, 122, 103, 0.9997, 0.7857, 2.9006, 19, 17
861, 772, 4, 65, 0.9997, 0.9986, 0.4449, 11, 12
862, 722, 37, 46, 0.9997, 1.0000, 0.8565, 79, 79
862, 736, 91, 117, 0.9997, 1.0000, 2.1243, 62, 62
862, 767, 127, 123, 0.9997, 1.0000, 1.7639, 22, 23
862, 769, 125, 104, 0.9997, 0.8273, 3.2012, 20, 18
862, 771, 15, 100, 0.9996, 1.0000, 1.4745, 13, 14
862, 772, 5, 66, 0.9997, 1.0000, 1.0350, 12, 13
863, 736, 93, 117, 0.9997, 1.0000, 2.0602, 63, 63
863, 758, 14, 122, 0.9997, 0.6783, 2.4896, 36, 35
863, 764, 5, 112, 0.9997, 1.0000, 1.0830, 25, 26
863, 769, 127, 104, 0.9997, 0.8688, 2.3045, 21, 19
863, 771, 17, 101, 0.9997, 1.0000, 2.1798, 14, 15
863, 779, 72, 39, 0.8921, 0.5270, 6.2672, 7, 6
864, 722, 38, 47, 0.9997, 1.0000, 1.0892, 81, 81
864, 736, 94, 117, 0.9997, 1.0000, 1.2523, 64, 64
864, 758, 13, 123, 0.9997, 0.7197, 1.8018, 37, 36
864, 771, 18, 101, 0.9997, 1.0000, 1.3625, 15, 16
864, 772, 6, 66, 0.9997, 1.0000, 0.7454, 14, 15
864, 779, 67, 39, 0.9955, 0.6190, 5.4202, 8, 7
865, 736, 96, 118, 0.9997, 1.0000, 1.8553, 65, 65
865, 758, 12, 125, 0.9997, 0.7612, 2.0223, 38, 37
865, 764, 5, 113, 0.9997, 1.0000, 0.7508, 27, 28
865, 771, 19, 101, 0.9997, 1.0000, 0.9736, 16, 17
865, 772, 6, 67, 0.9997, 1.0000, 0.7658, 15, 16
865, 780, 10, 44, 0.9375, 0.4750, 9.9267, 5, 5
866, 722, 39, 47, 0.9997, 1.0000, 0.7525, 83, 83
866, 736, 98, 118, 0.9997, 1.0000, 2.0167, 66, 66
866, 758, 11, 126, 0.9997, 0.8027, 1.5742, 39, 38
866, 764, 5, 114, 0.9997, 1.0000, 1.0148, 28, 29
866, 771, 20, 102, 0.9997, 1.0000, 1.1872, 17, 18
866, 772, 7, 65, 0.9996, 1.0000, 1.4574, 16, 17
866, 781, 81, 112, 0.6977, 0.5012, 6.1201, 2, 3
867, 722, 39, 48, 0.9997, 1.0000, 0.7630, 84, 84
867, 736, 100, 119, 0.9997, 1.0000, 2.1799, 67, 67
867, 758, 5, 117, 0.7592, 0.6651, 9.8991, 40, 39
867, 771, 21, 102, 0.9997, 1.0000, 1.0196, 18, 19
868, 722, 40, 48, 0.9997, 1.0000, 0.7989, 85, 85
868, 736, 102, 119, 0.9997, 1.0000, 2.0319, 68, 68
868, 771, 23, 102, 0.9997, 1.0000, 1.7654, 19, 20
869, 736, 103, 120, 0.9997, 1.0000, 1.4452, 69, 69
869, 771, 24, 103, 0.9997, 1.0000, 1.4835, 20, 21
870, 722, 41, 49, 0.9997, 1.0000, 1.0423, 87, 87
870, 736, 105, 120, 0.9997, 1.0000, 1.7240, 70, 70
870, 744, 115, 107, 0.9997, 0.6736, 2.0213, 55, 52
870, 771, 25, 103, 0.9997, 1.0000, 1.0385, 21, 22
870, 783, 99, 46, 0.9979, 0.6946, 1.9564, 3, 4
871, 736, 107, 121, 0.9997, 1.0000, 2.1351, 71, 71
871, 744, 116, 110, 0.9997, 0.7147, 2.8159, 56, 53
871, 771, 26, 103, 0.9997, 1.0000, 0.9573, 22, 23
871, 783, 100, 46, 0.9996, 0.7268, 1.3729, 4, 5
871, 784, 62, 38, 0.9980, 0.6946, 1.2884, 3, 4
871, 785, 5, 118, 0.9981, 0.6947, 1.0059, 3, 4
872, 722, 42, 49, 0.9997, 1.0000, 0.7500, 89, 89
872, 736, 109, 122, 0.9997, 1.0000, 2.2804, 72, 72
872, 744, 117, 112, 0.9997, 0.7559, 2.4848, 57, 54
872, 771, 28, 104, 0.9997, 1.0000, 1.8914, 23, 24
872, 772, 10, 70, 0.9996, 0.6831, 1.4045, 22, 22
872, 782, 40, 13, 0.6794, 0.4680, 10.7290, 6, 6
872, 783, 101, 46, 0.9997, 0.7623, 1.0138, 5, 6
872, 784, 62, 38, 0.9996, 0.7268, 0.4081, 4, 5
872, 785, 5, 119, 0.9996, 0.7269, 1.0008, 4, 5
872, 786, 44, 66, 0.6959, 0.5001, 18.6156, 2, 3
873, 722, 42, 50, 0.9997, 1.0000, 0.7656, 90, 90
873, 736, 111, 122, 0.9997, 1.0000, 2.0355, 73, 73
873, 744, 117, 114, 0.9997, 0.7971, 2.0189, 58, 55
873, 771, 29, 104, 0.9997, 1.0000, 1.3210, 24, 25
873, 772, 11, 70, 0.9997, 0.7248, 1.1745, 23, 23
873, 783, 102, 46, 0.9997, 0.7998, 0.9564, 6, 7
873, 784, 61, 39, 0.9997, 0.7623, 1.0512, 5, 6
873, 785, 5, 120, 0.9997, 0.7623, 0.9995, 5, 6
874, 736, 113, 123, 0.9997, 1.0000, 2.1264, 74, 74
874, 744, 118, 117, 0.9997, 0.8383, 2.8182, 59, 56
874, 771, 30, 104, 0.9997, 1.0000, 1.0024, 25, 26
874, 772, 11, 71, 0.9997, 0.7664, 0.8474, 24, 24
874, 784, 60, 39, 0.9997, 0.7998, 1.0287, 6, 7
874, 785, 6, 120, 0.9997, 0.7998, 0.7995, 6, 7
874, 788, 14, 121, 0.9186, 0.6473, 5.4700, 3, 4
874, 789, 46, 90, 0.6331, 0.4641, 13.2780, 2, 3
875, 722, 43, 51, 0.9997, 1.0000, 1.0512, 92, 92
875, 736, 115, 122, 0.9996, 1.0000, 2.0664, 75, 75
875, 744, 119, 119, 0.9997, 0.8795, 2.4864, 60, 57
875, 771, 31, 104, 0.9997, 1.0000, 0.9592, 26, 27
875, 785, 6, 121, 0.9997, 0.8384, 0.7659, 7, 8
875, 790, 116, 5, 0.6776, 0.4896, 7.2398, 2, 3
876, 736, 117, 123, 0.9997, 1.0000, 2.0506, 76, 76
876, 771, 33, 105, 0.9997, 1.0000, 1.9012, 27, 28
876, 772, 4, 62, 0.7321, 0.6491, 10.4492, 26, 26
876, 784, 59, 39, 0.9997, 0.8779, 0.7249, 8, 9
876, 785, 7, 122, 0.9997, 0.8779, 1.2584, 8, 9
877, 722, 44, 52, 0.9997, 1.0000, 1.0701, 94, 94
877, 736, 119, 124, 0.9997, 1.0000, 2.2430, 77, 77
877, 771, 34, 105, 0.9997, 1.0000, 1.3242, 28, 29
878, 736, 120, 125, 0.9997, 1.0000, 1.6449, 78, 78
878, 771, 35, 105, 0.9997, 1.0000, 1.0023, 29, 30
878, 784, 58, 39, 0.9997, 0.9581, 0.7486, 10, 11
878, 785, 8, 123, 0.9997, 0.9580, 1.0411, 10, 11
879, 722, 45, 52, 0.9997, 1.0000, 0.7486, 96, 96
879, 736, 122, 126, 0.9997, 1.0000, 1.9949, 79, 79
879, 771, 36, 106, 0.9997, 1.0000, 1.2000, 30, 31
879, 783, 109, 47, 0.9997, 0.6831, 0.9573, 12, 12
879, 785, 8, 124, 0.9997, 0.9986, 1.0306, 11, 12
880, 722, 45, 53, 0.9997, 1.0000, 0.7640, 97, 97
880, 736, 124, 127, 0.9997, 1.0000, 2.2357, 80, 80
880, 771, 38, 106, 0.9997, 1.0000, 1.7693, 31, 32
880, 783, 110, 47, 0.9997, 0.7248, 0.9837, 13, 13
880, 784, 57, 39, 0.9997, 1.0000, 0.7508, 12, 13
880, 785, 9, 125, 0.9997, 1.0000, 1.2824, 12, 13
880, 792, 14, 74, 0.9980, 0.6946, 1.0345, 3, 4
880, 793, 72, 26, 0.6394, 0.4676, 13.6348, 2, 3
881, 771, 39, 106, 0.9997, 1.0000, 1.2917, 32, 33
881, 783, 111, 47, 0.9997, 0.7665, 1.0000, 14, 14
882, 722, 46, 54, 0.9997, 1.0000, 1.0519, 99, 99
882, 771, 40, 107, 0.9997, 1.0000, 1.2363, 33, 34
882, 783, 101, 51, 0.7245, 0.6132, 9.7116, 15, 15
882, 784, 56, 39, 0.9997, 1.0000, 0.7499, 14, 15
882, 785, 10, 126, 0.9997, 1.0000, 1.0316, 14, 15
882, 792, 15, 75, 0.9997, 0.7623, 1.0601, 5, 6
882, 794, 4, 17, 0.9923, 0.7222, 1.5554, 4, 5
882, 795, 51, 22, 0.7565, 0.5350, 7.0709, 2, 3
883, 771, 42, 107, 0.9997, 1.0000, 1.7443, 34, 35
883, 785, 10, 127, 0.9997, 1.0000, 1.0286, 15, 16
883, 792, 16, 75, 0.9997, 0.7998, 1.0456, 6, 7
883, 794, 5, 17, 0.9994, 0.7621, 1.1580, 5, 6
884, 722, 47, 55, 0.9997, 1.0000, 1.0700, 101, 101
884, 771, 43, 108, 0.9997, 1.0000, 1.4868, 35, 36
884, 785, 11, 127, 0.9997, 1.0000, 0.7998, 16, 17
884, 794, 7, 16, 0.9997, 0.7998, 1.9018, 6, 7
885, 722, 47, 56, 0.9997, 1.0000, 1.0439, 102, 102
885, 784, 55, 39, 0.9997, 1.0000, 0.7221, 17, 18
885, 785, 10, 121, 0.9974, 1.0000, 5.4115, 17, 18
885, 794, 8, 16, 0.9997, 0.8384, 1.2927, 7, 8
886, 722, 48, 56, 0.9997, 1.0000, 0.7983, 103, 103
886, 771, 46, 108, 0.9996, 1.0000, 2.1959, 37, 38
886, 785, 12, 114, 0.9995, 1.0000, 6.7926, 18, 19
886, 794, 9, 16, 0.9997, 0.8779, 0.9912, 8, 9
886, 797, 12, 43, 0.9294, 0.6344, 7.4385, 2, 3
887, 722, 48, 57, 0.9997, 1.0000, 0.7640, 104, 104
887, 771, 47, 109, 0.9997, 1.0000, 1.7262, 38, 39
887, 794, 11, 15, 0.9997, 0.9178, 1.8675, 9, 10
887, 799, 118, 47, 0.9971, 0.6941, 0.6127, 3, 4
888, 771, 48, 109, 0.9997, 1.0000, 1.0790, 39, 40
888, 794, 12, 15, 0.9997, 0.9580, 1.3067, 10, 11
888, 799, 120, 47, 0.9996, 0.7268, 1.6186, 4, 5
889, 722, 48, 58, 0.9997, 1.0000, 0.7496, 106, 106
889, 771, 49, 109, 0.9997, 1.0000, 0.9334, 40, 41
889, 794, 13, 15, 0.9997, 0.9986, 1.0005, 11, 12
889, 799, 120, 47, 0.9996, 0.7623, 0.5285, 5, 6
890, 722, 48, 59, 0.9997, 1.0000, 1.0156, 107, 107
890, 771, 51, 110, 0.9997, 1.0000, 1.8774, 41, 42
890, 794, 15, 14, 0.9997, 1.0000, 1.8694, 12, 13
890, 799, 123, 48, 0.9996, 0.7997, 2.3833, 6, 7
891, 771, 51, 110, 0.9996, 1.0000, 0.5937, 42, 43
891, 794, 16, 14, 0.9997, 1.0000, 1.3059, 13, 14
892, 722, 49, 60, 0.9997, 1.0000, 1.0530, 109, 109
892, 771, 51, 109, 0.9996, 1.0000, 0.7657, 43, 44
892, 794, 18, 13, 0.9997, 1.0000, 1.9222, 14, 15
893, 722, 49, 61, 0.9997, 1.0000, 1.0411, 110, 110
893, 771, 54, 111, 0.9993, 1.0000, 3.1916, 44, 45
893, 794, 19, 13, 0.9997, 1.0000, 1.2765, 15, 16
894, 722, 49, 62, 0.9997, 1.0000, 1.0402, 111, 111
894, 771, 57, 111, 0.9997, 1.0000, 2.7256, 45, 46
894, 794, 20, 12, 0.9997, 1.0000, 1.2368, 16, 17
895, 722, 49, 63, 0.9997, 1.0000, 1.0164, 112, 112
895, 771, 58, 112, 0.9996, 1.0000, 1.5729, 46, 47
895, 794, 22, 12, 0.9997, 1.0000, 1.7393, 17, 18
896, 771, 59, 111, 0.9996, 1.0000, 1.0411, 47, 48
896, 794, 23, 11, 0.9997, 1.0000, 1.4816, 18, 19
897, 771, 62, 112, 0.9996, 1.0000, 2.4746, 48, 49
897, 791, 54, 5, 0.9997, 0.6873, 0.7238, 25, 20
897, 794, 24, 11, 0.9997, 1.0000, 1.0316, 19, 20
898, 722, 49, 65, 0.9996, 1.0000, 1.4713, 115, 115
898, 791, 54, 6, 0.9997, 0.7280, 1.0009, 26, 21
898, 794, 26, 10, 0.9997, 1.0000, 1.8798, 20, 21
898, 800, 24, 83, 0.9997, 0.7248, 1.0413, 8, 8
898, 801, 23, 123, 0.9997, 0.6831, 1.4202, 7, 7
899, 722, 49, 66, 0.9997, 1.0000, 1.3344, 116, 116
899, 791, 54, 7, 0.9997, 0.7688, 1.0406, 27, 22
899, 794, 27, 10, 0.9997, 1.0000, 1.3006, 21, 22
899, 803, 10, 7, 0.9997, 0.6831, 0.5866, 8, 8
899, 801, 23, 124, 0.9997, 0.7248, 1.0680, 8, 8
899, 807, 65, 19, 0.9981, 0.6947, 1.0064, 3, 4
900, 791, 54, 8, 0.9997, 0.8096, 1.0154, 28, 23
900, 800, 25, 83, 0.9997, 0.8081, 0.7507, 10, 10
900, 807, 69, 20, 0.9995, 0.7267, 3.3710, 4, 5
901, 722, 50, 67, 0.9997, 1.0000, 1.0239, 118, 118
901, 800, 26, 84, 0.9997, 0.8497, 1.2457, 11, 11
901, 808, 64, 28, 0.7122, 0.4561, 16.8741, 5, 5
902, 722, 50, 68, 0.9997, 1.0000, 1.0238, 119, 119
902, 791, 54, 9, 0.9997, 0.8914, 0.7059, 30, 25
903, 722, 50, 69, 0.9997, 1.0000, 1.0393, 120, 120
903, 771, 70, 113, 0.9996, 0.6831, 1.9287, 54, 54
903, 791, 54, 10, 0.9997, 0.9324, 0.9991, 31, 26
903, 800, 27, 84, 0.9997, 0.9331, 0.7221, 13, 13
904, 771, 71, 115, 0.9996, 0.7247, 1.7300, 55, 55
904, 800, 28, 85, 0.9997, 0.9747, 1.2337, 14, 14
905, 722, 50, 70, 0.9997, 1.0000, 0.7094, 122, 122
905, 771, 73, 113, 0.9996, 0.7664, 1.9934, 56, 56
905, 791, 54, 11, 0.9997, 1.0000, 0.7246, 33, 28
905, 794, 35, 8, 0.9997, 0.6831, 0.9927, 27, 27
906, 722, 50, 71, 0.9997, 1.0000, 0.9978, 123, 123
906, 771, 74, 115, 0.9996, 0.8080, 1.5922, 57, 57
906, 791, 54, 12, 0.9997, 1.0000, 1.0000, 34, 29
906, 794, 37, 7, 0.9997, 0.7248, 1.8679, 28, 28
906, 800, 29, 85, 0.9997, 1.0000, 0.7237, 16, 16
906, 810, 51, 29, 0.9808, 0.5904, 8.0239, 5, 5
907, 722, 51, 72, 0.9997, 1.0000, 1.2931, 124, 124
907, 771, 76, 116, 0.9997, 0.8498, 2.1687, 58, 58
907, 791, 54, 13, 0.9997, 1.0000, 1.0402, 35, 30
907, 794, 38, 7, 0.9997, 0.7664, 1.3068, 29, 29
907, 800, 30, 85, 0.9997, 1.0000, 1.0009, 17, 17
908, 771, 77, 116, 0.9997, 0.8914, 1.2969, 59, 59
908, 794, 40, 7, 0.9997, 0.8081, 1.7643, 30, 30
908, 800, 31, 86, 0.9997, 1.0000, 1.2816, 18, 18
908, 811, 50, 101, 0.8077, 0.5644, 15.6203, 2, 3
909, 722, 51, 73, 0.9997, 1.0000, 0.7083, 126, 126
909, 771, 79, 117, 0.9997, 0.9331, 1.8882, 60, 60
909, 791, 54, 14, 0.9997, 1.0000, 0.7082, 37, 32
909, 794, 41, 6, 0.9997, 0.8497, 1.4457, 31, 31
910, 722, 51, 74, 0.9997, 1.0000, 0.9986, 127, 127
910, 771, 80, 117, 0.9997, 0.9747, 1.2693, 61, 61
910, 791, 54, 15, 0.9997, 1.0000, 0.9978, 38, 33
910, 794, 42, 6, 0.9997, 0.8914, 1.0226, 32, 32
910, 809, 18, 19, 0.9956, 0.5812, 5.9045, 9, 8
910, 812, 37, 34, 0.9808, 0.7150, 8.2294, 4, 5
911, 722, 52, 75, 0.9997, 1.0000, 1.2822, 128, 128
911, 771, 82, 117, 0.9997, 1.0000, 1.7501, 62, 62
911, 791, 54, 16, 0.9997, 1.0000, 1.0417, 39, 34
911, 794, 44, 5, 0.9997, 0.9331, 1.8832, 33, 33
911, 813, 30, 4, 0.9946, 0.6926, 3.4576, 3, 4
912, 771, 84, 118, 0.9997, 1.0000, 2.1403, 63, 63
912, 791, 54, 17, 0.9997, 1.0000, 1.0163, 40, 35
912, 794, 45, 5, 0.9997, 0.9747, 1.3023, 34, 34
912, 813, 30, 6, 0.9994, 0.7267, 2.0969, 4, 5
913, 722, 52, 76, 0.9997, 1.0000, 0.7083, 130, 130
913, 771, 85, 118, 0.9997, 1.0000, 1.3081, 64, 64
913, 791, 53, 17, 0.9997, 1.0000, 0.7996, 41, 36
913, 794, 45, 4, 0.9996, 1.0000, 0.7851, 35, 35
914, 722, 52, 77, 0.9997, 1.0000, 0.9985, 131, 131
914, 771, 87, 119, 0.9997, 1.0000, 1.8844, 65, 65
914, 791, 53, 18, 0.9997, 1.0000, 0.7638, 42, 37
914, 794, 48, 4, 0.9996, 1.0000, 2.2100, 36, 36
914, 814, 18, 16, 0.9975, 0.6944, 1.5283, 3, 4
914, 815, 49, 42, 0.9660, 0.6756, 6.2871, 3, 4
914, 816, 34, 89, 0.9980, 0.6946, 0.7706, 3, 4
915, 722, 52, 78, 0.9997, 1.0000, 1.0418, 132, 132
915, 771, 88, 119, 0.9997, 1.0000, 1.2606, 66, 66
915, 791, 53, 19, 0.9997, 1.0000, 0.9991, 43, 38
915, 794, 49, 3, 0.9997, 1.0000, 1.7382, 37, 37
915, 814, 18, 16, 0.9996, 0.7268, 0.5906, 4, 5
915, 816, 35, 90, 0.9996, 0.7268, 1.2310, 4, 5
916, 722, 53, 78, 0.9997, 1.0000, 0.8044, 133, 133
916, 771, 90, 120, 0.9997, 1.0000, 1.9019, 67, 67
916, 791, 53, 20, 0.9997, 1.0000, 1.0434, 44, 39
916, 794, 51, 3, 0.9997, 1.0000, 1.8237, 38, 38
916, 816, 35, 91, 0.9997, 0.7623, 1.0372, 5, 6
917, 722, 53, 79, 0.9997, 1.0000, 0.7670, 134, 134
917, 771, 92, 120, 0.9997, 1.0000, 2.0308, 68, 68
917, 794, 53, 3, 0.9997, 1.0000, 1.9891, 39, 39
917, 816, 36, 91, 0.9997, 0.7998, 0.7748, 6, 7
918, 722, 53, 80, 0.9997, 1.0000, 0.9977, 135, 135
918, 771, 93, 120, 0.9997, 1.0000, 1.2788, 69, 69
918, 791, 53, 21, 0.9997, 1.0000, 0.7083, 46, 41
918, 794, 54, 2, 0.9997, 1.0000, 1.4524, 40, 40
918, 816, 36, 92, 0.9997, 0.8384, 0.7618, 7, 8
918, 820, 4, 3, 0.9981, 0.6947, 1.0059, 3, 4
919, 722, 54, 80, 0.9997, 1.0000, 0.7730, 136, 136
919, 771, 95, 121, 0.9997, 1.0000, 1.8675, 70, 70
919, 791, 53, 22, 0.9997, 1.0000, 0.9976, 47, 42
919, 794, 55, 1, 0.9997, 1.0000, 1.4133, 41, 41
919, 816, 37, 92, 0.9997, 0.8779, 0.7848, 8, 9
919, 818, 98, 96, 0.9997, 0.6831, 1.2530, 8, 8
919, 820, 5, 2, 0.9996, 0.7268, 1.2594, 4, 5
919, 821, 42, 37, 0.9996, 0.7268, 0.7147, 4, 5
920, 722, 54, 81, 0.9997, 1.0000, 0.7750, 137, 137
920, 771, 97, 121, 0.9997, 1.0000, 2.0184, 71, 71
920, 791, 53, 23, 0.9997, 1.0000, 1.0417, 48, 43
920, 794, 57, 1, 0.9997, 1.0000, 1.7337, 42, 42
920, 816, 38, 92, 0.9997, 0.9178, 1.0155, 9, 10
920, 818, 100, 97, 0.9997, 0.7248, 1.9038, 9, 9
920, 820, 6, 2, 0.9997, 0.7623, 1.0412, 5, 6
920, 822, 56, 44, 0.9981, 0.6947, 1.0378, 3, 4
921, 722, 54, 82, 0.9997, 1.0000, 1.0001, 138, 138
921, 771, 98, 121, 0.9997, 1.0000, 1.2763, 72, 72
921, 791, 53, 24, 0.9997, 1.0000, 1.0163, 49, 44
921, 794, 59, 1, 0.9997, 1.0000, 2.0416, 43, 43
921, 814, 26, 19, 0.9983, 0.6407, 5.3673, 10, 10
921, 816, 38, 93, 0.9997, 0.9580, 0.7754, 10, 11
921, 818, 101, 98, 0.9997, 0.7664, 1.6100, 10, 10
922, 771, 100, 122, 0.9997, 1.0000, 1.8694, 73, 73
922, 794, 60, 0, 0.9997, 1.0000, 1.4743, 44, 44
922, 816, 39, 93, 0.9997, 0.9986, 0.7741, 11, 12
922, 818, 103, 98, 0.9997, 0.8081, 1.7732, 11, 11
923, 722, 55, 83, 0.9997, 1.0000, 1.0411, 140, 140
923, 771, 102, 122, 0.9997, 1.0000, 2.0190, 74, 74
923, 791, 53, 25, 0.9997, 1.0000, 0.7059, 51, 46
923, 794, 62, 0, 0.9997, 1.0000, 1.7463, 45, 45
923, 816, 40, 94, 0.9997, 1.0000, 1.2583, 12, 13
924, 722, 55, 84, 0.9997, 1.0000, 1.0417, 141, 141
924, 771, 103, 123, 0.9997, 1.0000, 1.4875, 75, 75
924, 791, 53, 26, 0.9997, 1.0000, 0.9991, 52, 47
924, 794, 56, 6, 0.9658, 1.0000, 7.2363, 46, 46
924, 816, 41, 94, 0.9997, 1.0000, 1.0702, 13, 14
924, 819, 2, 73, 0.9772, 0.5740, 7.0989, 10, 9
925, 722, 55, 85, 0.9997, 1.0000, 1.0403, 142, 142
925, 771, 105, 121, 0.9996, 1.0000, 2.1448, 76, 76
925, 791, 53, 27, 0.9997, 1.0000, 1.0426, 53, 48
925, 824, 84, 26, 0.8279, 0.5761, 15.8044, 2, 3
926, 771, 106, 119, 0.9997, 1.0000, 2.4600, 77, 77
926, 816, 42, 95, 0.9997, 1.0000, 1.0109, 15, 16
927, 722, 55, 86, 0.9997, 1.0000, 0.7084, 144, 144
927, 791, 53, 28, 0.9997, 1.0000, 0.7083, 55, 50
927, 816, 43, 95, 0.9997, 1.0000, 1.0357, 16, 17
928, 722, 56, 87, 0.9997, 1.0000, 1.2565, 145, 145
928, 791, 53, 29, 0.9997, 1.0000, 0.9976, 56, 51
928, 816, 44, 95, 0.9997, 1.0000, 1.0417, 17, 18
928, 826, 110, 124, 0.9970, 0.6940, 1.4033, 3, 4
929, 722, 56, 88, 0.9997, 1.0000, 1.0824, 146, 146
929, 791, 53, 30, 0.9997, 1.0000, 1.0417, 57, 52
929, 816, 39, 96, 0.9980, 1.0000, 4.3913, 18, 19
929, 825, 103, 28, 0.9979, 0.5989, 4.3279, 6, 6
929, 826, 112, 125, 0.9996, 0.7268, 2.0552, 4, 5
930, 722, 57, 88, 0.9997, 1.0000, 0.8054, 147, 147
930, 791, 53, 31, 0.9997, 1.0000, 1.0163, 58, 53
930, 816, 32, 100, 0.9987, 1.0000, 8.2435, 19, 20
930, 826, 114, 125, 0.9997, 0.7623, 2.0714, 5, 6
930, 828, 39, 2, 0.9978, 0.6945, 1.8285, 3, 4
930, 829, 43, 23, 0.7077, 0.5069, 8.5355, 2, 3
931, 722, 57, 89, 0.9997, 1.0000, 0.7509, 148, 148
931, 791, 53, 32, 0.9997, 1.0000, 1.0001, 59, 54
931, 826, 116, 125, 0.9997, 0.7998, 2.0347, 6, 7
931, 828, 40, 0, 0.9994, 0.7267, 1.3778, 4, 5
931, 830, 117, 105, 0.9980, 0.6946, 1.6234, 3, 4
932, 722, 57, 90, 0.9997, 1.0000, 0.9978, 149, 149
932, 791, 53, 31, 0.9996, 1.0000, 0.5302, 60, 55
932, 827, 117, 106, 0.8352, 0.5872, 11.1590, 7, 7
932, 826, 117, 126, 0.9997, 0.8384, 1.4356, 7, 8
932, 828, 42, 1, 0.9996, 0.7623, 1.7726, 5, 6
933, 791, 53, 33, 0.9996, 1.0000, 1.1794, 61, 56
933, 826, 119, 126, 0.9997, 0.8779, 1.7276, 8, 9
933, 828, 43, 1, 0.9997, 0.7998, 1.3079, 6, 7
933, 831, 38, 35, 0.8478, 0.5875, 5.7213, 2, 3
934, 722, 58, 91, 0.9997, 1.0000, 1.0428, 151, 151
934, 791, 53, 34, 0.9997, 1.0000, 1.2918, 62, 57
934, 826, 122, 126, 0.9997, 0.9178, 2.7620, 9, 10
934, 828, 44, 1, 0.9997, 0.8385, 1.0013, 7, 8
934, 832, 48, 99, 0.9980, 0.6946, 1.0345, 3, 4
934, 833, 67, 114, 0.8558, 0.5921, 11.1586, 2, 3
935, 722, 58, 92, 0.9997, 1.0000, 1.0421, 152, 152
935, 791, 53, 35, 0.9997, 1.0000, 1.0853, 63, 58
935, 826, 123, 127, 0.9996, 0.9580, 1.7289, 10, 11
935, 828, 45, 2, 0.9997, 0.8779, 1.2186, 8, 9
935, 832, 48, 100, 0.9996, 0.7268, 1.0343, 4, 5
936, 791, 53, 36, 0.9997, 1.0000, 0.9900, 64, 59
936, 826, 124, 127, 0.9997, 0.9986, 0.9997, 11, 12
936, 828, 46, 1, 0.9996, 0.9178, 1.0962, 9, 10
936, 832, 49, 100, 0.9997, 0.7623, 0.7992, 5, 6
937, 722, 59, 93, 0.9997, 1.0000, 1.0223, 154, 154
937, 828, 47, 1, 0.9997, 0.9581, 1.0425, 10, 11
937, 832, 49, 101, 0.9997, 0.7998, 0.7655, 6, 7
937, 834, 27, 27, 0.9980, 0.6946, 0.7813, 3, 4
938, 722, 59, 94, 0.9997, 1.0000, 1.0372, 155, 155
938, 791, 53, 37, 0.9997, 1.0000, 0.7035, 66, 61
938, 828, 48, 1, 0.9997, 0.9986, 1.0033, 11, 12
938, 834, 28, 27, 0.9996, 0.7268, 1.0058, 4, 5
939, 722, 59, 95, 0.9997, 1.0000, 1.0403, 156, 156
939, 791, 53, 38, 0.9997, 1.0000, 1.0006, 67, 62
939, 828, 49, 2, 0.9997, 1.0000, 1.2757, 12, 13
939, 831, 36, 36, 0.9997, 0.6831, 0.8132, 8, 8
939, 834, 29, 28, 0.9997, 0.7623, 1.2671, 5, 6
940, 722, 60, 96, 0.9997, 1.0000, 1.2469, 157, 157
940, 791, 53, 39, 0.9997, 1.0000, 1.0435, 68, 63
940, 828, 50, 2, 0.9997, 1.0000, 1.0464, 13, 14
940, 831, 35, 36, 0.9997, 0.7248, 1.0563, 9, 9
940, 835, 52, 93, 0.9945, 0.7588, 6.8711, 5, 6
941, 791, 53, 40, 0.9997, 1.0000, 1.0165, 69, 64
941, 828, 51, 2, 0.9997, 1.0000, 0.9999, 14, 15
942, 722, 61, 97, 0.9997, 1.0000, 1.0402, 159, 159
942, 828, 52, 2, 0.9997, 1.0000, 1.0009, 15, 16
942, 834, 30, 28, 0.9997, 0.8779, 0.7071, 8, 9
943, 791, 53, 41, 0.9997, 1.0000, 0.7058, 71, 66
943, 828, 54, 2, 0.9997, 1.0000, 1.7640, 16, 17
944, 722, 61, 98, 0.9997, 1.0000, 0.7509, 161, 161
944, 791, 53, 42, 0.9997, 1.0000, 0.9991, 72, 67
944, 828, 55, 2, 0.9997, 1.0000, 1.2918, 17, 18
944, 831, 34, 36, 0.9997, 0.8914, 0.7476, 13, 13
944, 838, 120, 110, 0.9980, 0.6946, 1.9146, 3, 4
945, 722, 62, 99, 0.9997, 1.0000, 1.2464, 162, 162
945, 791, 53, 43, 0.9997, 1.0000, 1.0426, 73, 68
945, 828, 56, 2, 0.9997, 1.0000, 1.0000, 18, 19
945, 831, 31, 30, 0.9976, 0.9314, 5.9391, 14, 14
945, 838, 120, 111, 0.9996, 0.7268, 1.1357, 4, 5
946, 722, 62, 100, 0.9997, 1.0000, 1.0790, 163, 163
946, 791, 53, 44, 0.9997, 1.0000, 1.0164, 74, 69
946, 828, 57, 2, 0.9997, 1.0000, 0.9574, 19, 20
946, 836, 46, 41, 0.9973, 0.6402, 5.3925, 7, 7
946, 838, 121, 111, 0.9997, 0.7623, 0.7602, 5, 6
946, 839, 37, 22, 0.6639, 0.4817, 19.9691, 2, 3
947, 791, 53, 45, 0.9997, 1.0000, 1.0001, 75, 70
947, 828, 58, 3, 0.9997, 1.0000, 1.2455, 20, 21
947, 836, 60, 45, 0.6935, 0.5046, 13.5886, 8, 8
947, 838, 122, 112, 0.9997, 0.7998, 1.1998, 6, 7
948, 722, 63, 101, 0.9997, 1.0000, 1.0120, 165, 165
948, 828, 59, 3, 0.9997, 1.0000, 1.0417, 21, 22
948, 838, 123, 113, 0.9997, 0.8385, 1.4327, 7, 8
948, 840, 11, 89, 0.8567, 0.5926, 15.4348, 2, 3
949, 722, 63, 102, 0.9997, 1.0000, 1.0352, 166, 166
949, 791, 53, 46, 0.9997, 1.0000, 0.7073, 77, 72
949, 828, 61, 3, 0.9997, 1.0000, 1.7663, 22, 23
949, 838, 125, 113, 0.9997, 0.8779, 1.8015, 8, 9
949, 841, 3, 26, 0.9980, 0.6946, 0.8113, 3, 4
950, 722, 64, 103, 0.9997, 1.0000, 1.2918, 167, 167
950, 791, 53, 47, 0.9997, 1.0000, 1.0000, 78, 73
950, 828, 62, 2, 0.9997, 1.0000, 1.5237, 23, 24
950, 835, 59, 108, 0.9997, 0.6715, 1.0263, 15, 14
950, 838, 126, 114, 0.9997, 0.9178, 1.4827, 9, 10
951, 791, 53, 48, 0.9997, 1.0000, 1.0427, 79, 74
951, 828, 63, 3, 0.9996, 1.0000, 1.0990, 24, 25
951, 831, 32, 35, 0.9996, 0.6744, 1.1870, 20, 19
951, 835, 60, 109, 0.9997, 0.7131, 1.4133, 16, 15
951, 838, 127, 114, 0.9997, 0.9581, 1.0261, 10, 11
952, 722, 65, 104, 0.9997, 1.0000, 1.0306, 169, 169
952, 791, 53, 49, 0.9997, 1.0000, 1.0163, 80, 75
952, 828, 64, 3, 0.9997, 1.0000, 1.0008, 25, 26
952, 831, 34, 34, 0.9995, 0.7158, 1.3006, 21, 20
952, 835, 60, 110, 0.9997, 0.7547, 1.0749, 17, 16
952, 842, 52, 112, 0.6590, 0.4789, 4.0900, 2, 3
953, 722, 65, 105, 0.9997, 1.0000, 1.0283, 170, 170
953, 828, 65, 3, 0.9997, 1.0000, 0.9847, 26, 27
953, 831, 34, 34, 0.9997, 0.7574, 0.6573, 22, 21
953, 835, 61, 110, 0.9997, 0.7963, 0.7660, 18, 17
954, 791, 53, 50, 0.9997, 1.0000, 0.7058, 82, 77
954, 828, 67, 4, 0.9997, 1.0000, 1.9123, 27, 28
954, 831, 34, 35, 0.9996, 0.7988, 0.7178, 23, 22
954, 835, 61, 111, 0.9997, 0.8379, 0.7466, 19, 18
955, 722, 66, 106, 0.9997, 1.0000, 1.0230, 172, 172
955, 791, 53, 51, 0.9997, 1.0000, 0.9991, 83, 78
955, 828, 67, 4, 0.9996, 1.0000, 0.5976, 28, 29
955, 835, 53, 115, 0.9884, 0.8708, 7.6358, 20, 19
956, 722, 66, 107, 0.9997, 1.0000, 1.0380, 173, 173
956, 791, 53, 52, 0.9997, 1.0000, 1.0426, 84, 79
956, 828, 69, 5, 0.9997, 1.0000, 1.6582, 29, 30
956, 844, 52, 6, 0.9422, 0.6417, 4.4819, 2, 3
957, 722, 68, 107, 0.9996, 1.0000, 1.5534, 174, 174
957, 791, 53, 53, 0.9997, 1.0000, 1.0164, 85, 80
957, 828, 69, 4, 0.9996, 1.0000, 0.7064, 30, 31
957, 844, 49, 10, 0.9977, 0.6945, 5.0997, 3, 4
957, 845, 42, 73, 0.9980, 0.6947, 1.0426, 3, 4
958, 722, 67, 108, 0.9996, 1.0000, 0.7564, 175, 175
958, 791, 53, 54, 0.9997, 1.0000, 1.0001, 86, 81
958, 828, 71, 4, 0.9997, 1.0000, 1.5295, 31, 32
958, 844, 46, 14, 0.9996, 0.7268, 5.1137, 4, 5
958, 845, 39, 74, 0.9990, 0.7265, 2.9247, 4, 5
959, 722, 67, 109, 0.9997, 1.0000, 1.0461, 176, 176
959, 791, 53, 55, 0.9997, 1.0000, 0.9976, 87, 82
959, 828, 73, 5, 0.9996, 1.0000, 2.1538, 32, 33
959, 844, 43, 18, 0.9997, 0.7623, 5.0289, 5, 6
959, 847, 36, 37, 0.6190, 0.4559, 5.8385, 2, 3
960, 722, 68, 110, 0.9997, 1.0000, 1.2422, 177, 177
960, 828, 74, 5, 0.9997, 1.0000, 1.3588, 33, 34
960, 849, 66, 115, 0.9980, 0.6946, 1.0735, 3, 4
961, 722, 68, 111, 0.9997, 1.0000, 1.0600, 178, 178
961, 791, 53, 56, 0.9997, 1.0000, 0.7082, 89, 84
961, 828, 75, 5, 0.9997, 1.0000, 0.9724, 34, 35
962, 722, 69, 111, 0.9997, 1.0000, 0.8160, 179, 179
962, 791, 53, 57, 0.9997, 1.0000, 1.0001, 90, 85
962, 828, 76, 5, 0.9997, 1.0000, 0.9435, 35, 36
962, 850, 123, 119, 0.6707, 0.4996, 11.5436, 3, 4
963, 828, 78, 5, 0.9997, 1.0000, 1.7462, 36, 37
964, 722, 70, 112, 0.9997, 1.0000, 1.0287, 181, 181
964, 791, 53, 59, 0.9996, 1.0000, 1.4884, 92, 87
964, 828, 79, 5, 0.9997, 1.0000, 1.2933, 37, 38
964, 841, 16, 35, 0.9997, 0.6540, 1.2228, 18, 15
964, 852, 121, 100, 0.9980, 0.6947, 2.0120, 3, 4
965, 722, 71, 113, 0.9997, 1.0000, 1.4531, 182, 182
965, 791, 53, 59, 0.9997, 1.0000, 0.5279, 93, 88
965, 828, 80, 6, 0.9997, 1.0000, 1.2623, 38, 39
965, 841, 17, 35, 0.9997, 0.6952, 0.9959, 19, 16
965, 852, 119, 99, 0.9996, 0.7268, 2.1255, 4, 5
966, 722, 72, 113, 0.9997, 1.0000, 1.0826, 183, 183
966, 791, 53, 61, 0.9997, 1.0000, 1.5123, 94, 89
966, 828, 81, 6, 0.9997, 1.0000, 1.0021, 39, 40
966, 841, 18, 35, 0.9997, 0.7365, 0.9836, 20, 17
966, 849, 71, 123, 0.9990, 0.6828, 4.8324, 9, 9
966, 852, 117, 99, 0.9997, 0.7623, 2.0181, 5, 6
967, 791, 53, 62, 0.9997, 1.0000, 1.2646, 95, 90
967, 828, 83, 6, 0.9997, 1.0000, 1.7476, 40, 41
967, 841, 19, 34, 0.9997, 0.7778, 1.2350, 21, 18
967, 852, 115, 99, 0.9997, 0.7998, 1.9993, 6, 7
968, 722, 73, 113, 0.9997, 1.0000, 0.7099, 185, 185
968, 791, 53, 63, 0.9997, 1.0000, 1.0263, 96, 91
968, 828, 84, 6, 0.9997, 1.0000, 1.2923, 41, 42
968, 841, 20, 34, 0.9997, 0.8191, 1.0398, 22, 19
968, 852, 113, 98, 0.9997, 0.8384, 2.1270, 7, 8
968, 854, 113, 15, 0.9949, 0.6928, 5.1486, 3, 4
969, 722, 74, 114, 0.9997, 1.0000, 1.2466, 186, 186
969, 828, 85, 6, 0.9997, 1.0000, 1.0024, 42, 43
969, 841, 22, 34, 0.9997, 0.8604, 1.7648, 23, 20
969, 844, 41, 44, 0.9997, 0.6715, 1.0347, 15, 14
969, 852, 111, 98, 0.9997, 0.8779, 2.0191, 8, 9
970, 722, 75, 114, 0.9997, 1.0000, 1.0825, 187, 187
970, 791, 54, 64, 0.9997, 1.0000, 1.0317, 98, 93
970, 828, 86, 7, 0.9997, 1.0000, 1.2256, 43, 44
970, 841, 23, 34, 0.9997, 0.9018, 1.2924, 24, 21
970, 844, 41, 43, 0.9996, 0.7131, 0.4858, 16, 15
970, 852, 109, 98, 0.9997, 0.9178, 2.0000, 9, 10
971, 722, 76, 114, 0.9997, 1.0000, 1.0163, 188, 188
971, 791, 54, 65, 0.9997, 1.0000, 1.0403, 99, 94
971, 828, 88, 7, 0.9997, 1.0000, 1.7723, 44, 45
971, 841, 24, 34, 0.9997, 0.9432, 1.0000, 25, 22
971, 852, 107, 97, 0.9997, 0.9580, 2.1269, 10, 11
971, 856, 113, 55, 0.9972, 0.6942, 1.3446, 3, 4
971, 857, 87, 12, 0.8568, 0.5926, 13.5713, 2, 3
972, 791, 54, 66, 0.9997, 1.0000, 1.0442, 100, 95
972, 828, 89, 7, 0.9997, 1.0000, 1.2917, 45, 46
972, 841, 25, 34, 0.9997, 0.9847, 0.9574, 26, 23
972, 849, 77, 122, 0.9996, 0.6715, 1.4433, 15, 14
972, 852, 106, 97, 0.9997, 0.9986, 1.2666, 11, 12
972, 853, 3, 36, 0.9898, 0.5764, 4.4344, 8, 7
972, 856, 116, 61, 0.9975, 0.7255, 6.3398, 4, 5
973, 722, 78, 115, 0.9996, 1.0000, 1.6490, 190, 190
973, 791, 54, 67, 0.9997, 1.0000, 1.0180, 101, 96
973, 828, 90, 7, 0.9997, 1.0000, 1.0032, 46, 47
973, 841, 27, 34, 0.9997, 1.0000, 1.7477, 27, 24
973, 849, 76, 121, 0.9996, 0.7130, 0.8674, 16, 15
973, 852, 104, 96, 0.9997, 1.0000, 1.8712, 12, 13
973, 859, 38, 89, 0.9974, 0.6943, 1.6071, 3, 4
973, 860, 4, 109, 0.9914, 0.6907, 2.6985, 3, 4
974, 722, 79, 115, 0.9997, 1.0000, 1.3234, 191, 191
974, 791, 54, 68, 0.9997, 1.0000, 1.0002, 102, 97
974, 828, 92, 7, 0.9997, 1.0000, 1.7223, 47, 48
974, 841, 28, 33, 0.9997, 1.0000, 1.5012, 28, 25
974, 849, 78, 124, 0.9994, 0.7545, 2.2339, 17, 16
974, 852, 103, 95, 0.9997, 1.0000, 1.5997, 13, 14
974, 858, 3, 32, 0.8599, 0.5299, 10.4432, 5, 5
974, 859, 35, 100, 0.9345, 0.6860, 10.6767, 4, 5
974, 860, 8, 109, 0.9994, 0.7267, 3.3643, 4, 5
975, 722, 79, 116, 0.9997, 1.0000, 0.8153, 192, 192
975, 791, 54, 69, 0.9997, 1.0000, 0.9975, 103, 98
975, 828, 93, 8, 0.9997, 1.0000, 1.4868, 48, 49
975, 841, 29, 33, 0.9997, 1.0000, 1.0440, 29, 26
975, 849, 79, 125, 0.9997, 0.7963, 2.0459, 18, 17
975, 852, 101, 94, 0.9997, 1.0000, 2.0365, 14, 15
975, 862, 31, 4, 0.8204, 0.5717, 7.3005, 2, 3
975, 863, 109, 4, 0.7610, 0.5376, 19.6289, 2, 3
976, 722, 80, 116, 0.9997, 1.0000, 0.7264, 193, 193
976, 791, 54, 70, 0.9997, 1.0000, 0.9991, 104, 99
976, 828, 94, 9, 0.9997, 1.0000, 1.4558, 49, 50
976, 841, 30, 33, 0.9997, 1.0000, 0.9583, 30, 27
976, 849, 80, 126, 0.9997, 0.8379, 1.5409, 19, 18
976, 852, 100, 93, 0.9997, 1.0000, 1.6108, 15, 16
976, 864, 45, 48, 0.9933, 0.6918, 0.9034, 3, 4
977, 722, 82, 115, 0.9996, 1.0000, 1.9140, 194, 194
977, 828, 96, 8, 0.9996, 1.0000, 1.7869, 50, 51
977, 849, 81, 126, 0.9997, 0.8795, 1.0087, 20, 19
977, 852, 99, 92, 0.9997, 1.0000, 1.4043, 16, 17
977, 864, 45, 49, 0.9995, 0.7267, 0.7808, 4, 5
977, 866, 24, 97, 0.7205, 0.5143, 16.0262, 2, 3
978, 722, 83, 115, 0.9997, 1.0000, 1.3734, 195, 195
978, 791, 54, 71, 0.9997, 1.0000, 0.7083, 106, 101
978, 828, 98, 9, 0.9997, 1.0000, 2.0851, 51, 52
978, 849, 82, 127, 0.9997, 0.9212, 1.1936, 21, 20
978, 852, 98, 90, 0.9997, 1.0000, 2.0054, 17, 18
978, 864, 46, 49, 0.9997, 0.7623, 0.7635, 5, 6
978, 865, 121, 17, 0.9995, 0.7268, 2.4291, 4, 5
979, 722, 84, 114, 0.9997, 1.0000, 1.2810, 196, 196
979, 791, 54, 72, 0.9997, 1.0000, 1.0001, 107, 102
979, 828, 105, 13, 0.9973, 1.0000, 7.7784, 52, 53
979, 852, 98, 90, 0.9996, 1.0000, 0.5720, 18, 19
979, 864, 46, 50, 0.9997, 0.7998, 0.7745, 6, 7
979, 869, 92, 6, 0.8988, 0.6168, 5.1762, 2, 3
980, 722, 85, 113, 0.9997, 1.0000, 1.3939, 197, 197
980, 791, 54, 73, 0.9997, 1.0000, 1.0426, 108, 103
980, 828, 120, 20, 0.9857, 1.0000, 15.3069, 53, 54
980, 849, 84, 127, 0.9996, 1.0000, 1.4726, 23, 22
980, 852, 96, 88, 0.9996, 1.0000, 2.0825, 19, 20
980, 860, 17, 119, 0.9997, 0.6831, 2.2237, 10, 10
980, 864, 47, 50, 0.9997, 0.8384, 0.7935, 7, 8
980, 868, 125, 57, 0.9995, 0.7267, 2.1448, 4, 5
981, 722, 87, 112, 0.9997, 1.0000, 2.0303, 198, 198
981, 791, 54, 74, 0.9997, 1.0000, 1.0163, 109, 104
981, 852, 95, 87, 0.9997, 1.0000, 1.7988, 20, 21
981, 860, 18, 121, 0.9997, 0.7248, 2.2078, 11, 11
981, 864, 47, 51, 0.9997, 0.8779, 0.7932, 8, 9
981, 868, 126, 58, 0.9997, 0.7623, 1.7632, 5, 6
981, 871, 53, 3, 0.9980, 0.6946, 1.7859, 3, 4
981, 872, 107, 13, 0.9834, 0.6859, 7.6627, 3, 4
982, 722, 88, 111, 0.9997, 1.0000, 1.6405, 199, 199
982, 791, 54, 75, 0.9997, 1.0000, 1.0000, 110, 105
982, 852, 94, 85, 0.9997, 1.0000, 2.0721, 21, 22
982, 860, 20, 123, 0.9997, 0.7664, 2.6548, 12, 12
982, 864, 48, 52, 0.9997, 0.9178, 1.2619, 9, 10
982, 871, 53, 5, 0.9995, 0.7268, 1.5658, 4, 5
983, 722, 89, 110, 0.9997, 1.0000, 1.4154, 200, 200
983, 791, 54, 76, 0.9997, 1.0000, 0.9976, 111, 106
983, 852, 93, 84, 0.9997, 1.0000, 1.5967, 22, 23
983, 860, 21, 124, 0.9997, 0.8081, 1.7893, 13, 13
983, 871, 52, 6, 0.9997, 0.7623, 1.4724, 5, 6
983, 875, 17, 37, 0.9525, 0.6675, 5.7140, 3, 4
983, 876, 32, 108, 0.9980, 0.6947, 2.1406, 3, 4
984, 722, 90, 109, 0.9997, 1.0000, 1.3837, 201, 201
984, 791, 54, 77, 0.9997, 1.0000, 0.9991, 112, 107
984, 852, 92, 84, 0.9997, 1.0000, 1.0084, 23, 24
984, 860, 22, 126, 0.9997, 0.8498, 1.9812, 14, 14
984, 871, 51, 7, 0.9997, 0.7998, 1.4150, 6, 7
984, 877, 2, 63, 0.8669, 0.5985, 12.3139, 2, 3
985, 722, 91, 107, 0.9997, 1.0000, 2.0191, 202, 202
985, 791, 55, 78, 0.9997, 1.0000, 1.2584, 113, 108
985, 852, 91, 83, 0.9997, 1.0000, 1.1985, 24, 25
985, 871, 50, 8, 0.9997, 0.8385, 1.4146, 7, 8
986, 722, 92, 106, 0.9997, 1.0000, 1.6336, 203, 203
986, 791, 55, 79, 0.9997, 1.0000, 1.0418, 114, 109
986, 852, 89, 83, 0.9997, 1.0000, 1.7792, 25, 26
986, 871, 49, 9, 0.9997, 0.8779, 1.4144, 8, 9
986, 873, 107, 10, 0.9997, 0.6831, 0.9639, 8, 8
987, 722, 93, 104, 0.9997, 1.0000, 2.0289, 204, 204
987, 791, 56, 78, 0.9996, 1.0000, 0.9285, 115, 110
987, 852, 86, 83, 0.9997, 1.0000, 2.8206, 26, 27
987, 871, 49, 10, 0.9997, 0.9178, 1.0258, 9, 10
987, 873, 109, 11, 0.9997, 0.7248, 1.9020, 9, 9
987, 875, 16, 42, 0.9234, 0.5617, 7.5615, 7, 7
988, 722, 94, 103, 0.9997, 1.0000, 1.6008, 205, 205
988, 791, 58, 79, 0.9996, 1.0000, 1.8252, 116, 111
988, 864, 51, 56, 0.9996, 0.6831, 0.4695, 15, 15
988, 871, 48, 11, 0.9997, 0.9581, 1.2257, 10, 11
988, 873, 110, 11, 0.9997, 0.7664, 1.3245, 10, 10
988, 878, 45, 31, 0.9997, 0.6831, 1.7778, 8, 8
988, 879, 56, 36, 0.6423, 0.4693, 15.6269, 2, 3
989, 722, 95, 101, 0.9997, 1.0000, 2.0135, 206, 206
989, 791, 58, 79, 0.9996, 1.0000, 0.6145, 117, 112
989, 871, 47, 12, 0.9997, 0.9986, 1.4142, 11, 12
989, 873, 111, 11, 0.9997, 0.8081, 1.0021, 11, 11
989, 878, 46, 30, 0.9997, 0.7248, 1.4814, 9, 9
989, 880, 47, 8, 0.8261, 0.5750, 14.8963, 2, 3
990, 722, 96, 100, 0.9997, 1.0000, 1.6001, 207, 207
990, 864, 52, 57, 0.9997, 0.7664, 0.9740, 17, 17
990, 871, 47, 13, 0.9997, 1.0000, 1.0382, 12, 13
990, 873, 113, 12, 0.9997, 0.8497, 1.8675, 12, 12
990, 878, 47, 30, 0.9997, 0.7664, 1.0362, 10, 10
990, 883, 26, 120, 0.9978, 0.6945, 1.9639, 3, 4
991, 722, 97, 99, 0.9997, 1.0000, 1.4044, 208, 208
991, 791, 59, 79, 0.9997, 1.0000, 0.6653, 119, 114
991, 864, 53, 58, 0.9997, 0.8081, 1.4688, 18, 18
991, 871, 45, 15, 0.9996, 1.0000, 2.3080, 13, 14
991, 873, 114, 12, 0.9997, 0.8914, 1.3049, 13, 13
991, 878, 48, 30, 0.9997, 0.8081, 0.9567, 11, 11
992, 722, 98, 98, 0.9997, 1.0000, 1.3851, 209, 209
992, 791, 60, 79, 0.9997, 1.0000, 1.0242, 120, 115
992, 864, 53, 58, 0.9997, 0.8497, 0.4190, 19, 19
992, 871, 45, 16, 0.9997, 1.0000, 1.3955, 14, 15
992, 873, 115, 12, 0.9997, 0.9331, 0.9999, 14, 14
992, 878, 49, 29, 0.9997, 0.8498, 1.2212, 12, 12
992, 875, 13, 31, 0.7518, 0.4970, 10.1005, 12, 11
992, 886, 33, 10, 0.9862, 0.6876, 5.0340, 3, 4
993, 722, 99, 96, 0.9997, 1.0000, 2.0156, 210, 210
993, 791, 61, 79, 0.9997, 1.0000, 1.0581, 121, 116
993, 852, 79, 86, 0.9997, 0.6831, 1.7918, 32, 32
993, 871, 38, 16, 0.9976, 1.0000, 6.1005, 15, 16
993, 873, 117, 13, 0.9997, 0.9747, 1.8694, 15, 15
993, 878, 51, 29, 0.9997, 0.8914, 1.7855, 13, 13
993, 888, 75, 41, 0.9615, 0.6729, 4.0092, 3, 4
994, 722, 100, 96, 0.9996, 1.0000, 1.1311, 211, 211
994, 791, 62, 79, 0.9997, 1.0000, 1.0187, 122, 117
994, 852, 78, 86, 0.9997, 0.7248, 1.2811, 33, 33
994, 871, 29, 16, 0.9993, 1.0000, 9.1273, 16, 17
994, 873, 118, 13, 0.9997, 1.0000, 1.3060, 16, 16
994, 878, 52, 29, 0.9997, 0.9331, 1.2942, 14, 14
994, 881, 18, 43, 0.8921, 0.5312, 7.3035, 9, 8
994, 887, 59, 91, 0.9970, 0.7605, 5.9662, 5, 6
994, 888, 72, 40, 0.9983, 0.7260, 3.3598, 4, 5
995, 722, 101, 95, 0.9997, 1.0000, 1.2267, 212, 212
995, 852, 76, 87, 0.9997, 0.7664, 1.9300, 34, 34
995, 873, 120, 14, 0.9997, 1.0000, 1.9223, 17, 17
995, 878, 53, 28, 0.9997, 0.9747, 1.2351, 15, 15
995, 889, 27, 16, 0.9952, 0.6930, 3.1178, 3, 4
996, 722, 100, 95, 0.9996, 1.0000, 0.5625, 213, 213
996, 791, 63, 79, 0.9997, 1.0000, 0.7050, 124, 119
996, 852, 75, 87, 0.9997, 0.8081, 1.2869, 35, 35
996, 873, 121, 14, 0.9997, 1.0000, 1.2765, 18, 18
996, 878, 54, 28, 0.9997, 1.0000, 0.9965, 16, 16
996, 889, 38, 16, 0.9933, 0.7229, 9.6733, 4, 5
997, 722, 103, 93, 0.9995, 1.0000, 2.4547, 214, 214
997, 791, 64, 80, 0.9997, 1.0000, 1.2575, 125, 120
997, 852, 73, 87, 0.9997, 0.8498, 1.7500, 36, 36
997, 873, 123, 14, 0.9997, 1.0000, 1.7486, 19, 19
997, 878, 56, 27, 0.9997, 1.0000, 1.9072, 17, 17
997, 891, 113, 79, 0.9952, 0.6930, 3.8929, 3, 4
998, 722, 104, 92, 0.9997, 1.0000, 2.0539, 215, 215
998, 791, 64, 80, 0.9997, 1.0000, 0.4035, 126, 121
998, 852, 72, 87, 0.9997, 0.8914, 1.2484, 37, 37
998, 873, 124, 15, 0.9997, 1.0000, 1.4425, 20, 20
998, 878, 53, 28, 0.9989, 1.0000, 2.5793, 18, 18
999, 722, 105, 90, 0.9997, 1.0000, 2.1094, 216, 216
999, 791, 65, 80, 0.9997, 1.0000, 0.7246, 127, 122
999, 852, 71, 87, 0.9997, 0.9331, 0.9853, 38, 38
999, 873, 125, 15, 0.9997, 1.0000, 1.0244, 21, 21
999, 878, 40, 24, 0.8092, 0.9092, 12.4225, 19, 19
999, 892, 35, 7, 0.9567, 0.6700, 4.4996, 3, 4
1000, 722, 107, 89, 0.9997, 1.0000, 2.1275, 217, 217
1000, 791, 65, 81, 0.9997, 1.0000, 0.7590, 128, 123
1000, 852, 69, 88, 0.9997, 0.9747, 1.8843, 39, 39
1000, 864, 56, 56, 0.9975, 0.7165, 5.4044, 27, 26
1000, 873, 127, 15, 0.9997, 1.0000, 1.7222, 22, 22
1000, 892, 38, 19, 0.9519, 0.6969, 10.9271, 4, 5
1000, 894, 74, 28, 0.7556, 0.5345, 15.6488, 2, 3
1000, 895, 25, 29, 0.8619, 0.5956, 4.5728, 2, 3
1000, 896, 60, 26, 0.6982, 0.5014, 20.0403, 2, 3
1000, 897, 58, 101, 0.6120, 0.4519, 8.3688, 2, 3
1001, 722, 108, 88, 0.9997, 1.0000, 1.5974, 218, 218
1001, 791, 65, 82, 0.9997, 1.0000, 1.0396, 129, 124
1001, 852, 67, 88, 0.9997, 1.0000, 2.0630, 40, 40
1001, 895, 35, 25, 0.9677, 0.6766, 9.8596, 3, 4
1001, 896, 70, 5, 0.9222, 0.6495, 22.8084, 3, 4
1002, 722, 109, 87, 0.9997, 1.0000, 1.3793, 219, 219
1002, 791, 66, 82, 0.9997, 1.0000, 0.7802, 130, 125
1002, 852, 66, 87, 0.9996, 1.0000, 1.5011, 41, 41
1002, 878, 1, 26, 0.9063, 0.4576, 11.1804, 22, 21
1003, 722, 110, 86, 0.9997, 1.0000, 1.3759, 220, 220
1003, 791, 66, 83, 0.9997, 1.0000, 0.7755, 131, 126
1003, 852, 64, 87, 0.9997, 1.0000, 1.7558, 42, 42
1003, 893, 24, 46, 0.9994, 0.6830, 3.4378, 8, 8
1004, 722, 111, 85, 0.9997, 1.0000, 1.4047, 221, 221
1004, 852, 63, 86, 0.9997, 1.0000, 1.4598, 43, 43
1004, 899, 82, 48, 0.6665, 0.4833, 6.4231, 2, 3
1005, 722, 112, 84, 0.9997, 1.0000, 1.4162, 222, 222
1005, 791, 66, 84, 0.9997, 1.0000, 0.7488, 133, 128
1005, 852, 62, 85, 0.9997, 1.0000, 1.4122, 44, 44
1005, 901, 19, 22, 0.9980, 0.6946, 1.2884, 3, 4
1006, 722, 114, 83, 0.9997, 1.0000, 2.0300, 223, 223
1006, 791, 67, 85, 0.9997, 1.0000, 1.2614, 134, 129
1006, 852, 60, 85, 0.9997, 1.0000, 1.7451, 45, 45
1006, 903, 77, 6, 0.8437, 0.5852, 11.8459, 2, 3
1006, 904, 26, 47, 0.9174, 0.6275, 8.8266, 2, 3
1006, 905, 39, 127, 0.7428, 0.5271, 16.5378, 2, 3
1007, 722, 115, 83, 0.9997, 1.0000, 1.3140, 224, 224
1007, 791, 66, 86, 0.9996, 1.0000, 1.1446, 135, 130
1007, 852, 58, 84, 0.9997, 1.0000, 2.1660, 46, 46
1007, 906, 69, 24, 0.9763, 0.6817, 1.9306, 3, 4
1008, 722, 116, 82, 0.9997, 1.0000, 1.2253, 225, 225
1008, 791, 66, 87, 0.9997, 1.0000, 1.0546, 136, 131
1009, 722, 117, 81, 0.9997, 1.0000, 1.3843, 226, 226
1009, 791, 66, 88, 0.9997, 1.0000, 1.0000, 137, 132
1009, 900, 5, 3, 0.9997, 0.6831, 0.8069, 8, 8
1010, 722, 119, 81, 0.9997, 1.0000, 1.7697, 227, 227
1010, 791, 66, 89, 0.9997, 1.0000, 0.9980, 138, 133
1010, 908, 21, 27, 0.8133, 0.5676, 12.8634, 2, 3
1011, 722, 120, 80, 0.9997, 1.0000, 1.4811, 228, 228
1011, 791, 65, 90, 0.9997, 1.0000, 1.2481, 139, 134
1011, 900, 5, 4, 0.9997, 0.7664, 0.7229, 10, 10
1011, 908, 32, 44, 0.9093, 0.6418, 19.0729, 3, 4
1011, 909, 82, 6, 0.8877, 0.6104, 4.7939, 2, 3
1012, 722, 121, 79, 0.9997, 1.0000, 1.4159, 229, 229
1012, 791, 65, 91, 0.9997, 1.0000, 1.0411, 140, 135
1012, 900, 6, 4, 0.9997, 0.8081, 0.7728, 11, 11
1012, 907, 32, 46, 0.9826, 0.5913, 4.4709, 6, 6
1012, 910, 84, 6, 0.6886, 0.5103, 8.8440, 3, 4
1013, 722, 123, 79, 0.9997, 1.0000, 1.7443, 230, 230
1013, 791, 65, 92, 0.9997, 1.0000, 1.0001, 141, 136
1013, 852, 51, 81, 0.9997, 0.6798, 1.7911, 52, 51
1013, 906, 77, 22, 0.9997, 0.6831, 1.7460, 9, 9
1013, 911, 36, 4, 0.9264, 0.6810, 11.6579, 4, 5
1014, 722, 124, 78, 0.9997, 1.0000, 1.4665, 231, 231
1014, 791, 65, 93, 0.9997, 1.0000, 1.0009, 142, 137
1014, 852, 50, 80, 0.9997, 0.7213, 1.4814, 53, 52
1014, 900, 7, 4, 0.9997, 0.8914, 0.7658, 13, 13
1014, 913, 31, 49, 0.6915, 0.4976, 15.0472, 2, 3
1015, 722, 125, 77, 0.9997, 1.0000, 1.4141, 232, 232
1015, 791, 64, 95, 0.9997, 1.0000, 1.9159, 143, 138
1015, 852, 49, 79, 0.9997, 0.7627, 1.4131, 54, 53
1015, 900, 7, 5, 0.9997, 0.9330, 0.7897, 14, 14
1015, 914, 107, 47, 0.9980, 0.6947, 1.2803, 3, 4
1016, 722, 127, 77, 0.9997, 1.0000, 1.7457, 233, 233
1016, 791, 64, 96, 0.9997, 1.0000, 1.3243, 144, 139
1016, 852, 48, 78, 0.9997, 0.8042, 1.4133, 55, 54
1016, 914, 109, 46, 0.9996, 0.7268, 1.9192, 4, 5
1016, 915, 24, 73, 0.8120, 0.5669, 11.8251, 2, 3
1017, 791, 64, 97, 0.9997, 1.0000, 1.0000, 145, 140
1017, 852, 46, 78, 0.9997, 0.8457, 1.7656, 56, 55
1017, 900, 8, 5, 0.9997, 1.0000, 0.7213, 16, 16
1017, 912, 37, 62, 0.9997, 0.6831, 1.2339, 7, 7
1017, 914, 110, 46, 0.9997, 0.7623, 1.2830, 5, 6
1017, 916, 86, 6, 0.7202, 0.5141, 6.0609, 2, 3
1018, 791, 64, 98, 0.9997, 1.0000, 0.9583, 146, 141
1018, 852, 45, 77, 0.9997, 0.8872, 1.4732, 57, 56
1018, 912, 31, 54, 0.9104, 0.6690, 8.3815, 8, 8
1018, 914, 111, 45, 0.9997, 0.7998, 1.2459, 6, 7
1018, 916, 90, 15, 0.9733, 0.6799, 9.4220, 3, 4
1019, 791, 64, 99, 0.9997, 1.0000, 0.9839, 147, 142
1019, 852, 44, 76, 0.9997, 0.9288, 1.4143, 58, 57
1019, 912, 21, 42, 0.9360, 0.7240, 15.3060, 9, 9
1019, 917, 37, 1, 0.9996, 0.7268, 1.7051, 4, 5
1020, 791, 63, 100, 0.9997, 1.0000, 1.2583, 148, 143
1020, 852, 43, 75, 0.9997, 0.9703, 1.4155, 59, 58
1020, 901, 37, 49, 0.9997, 0.7040, 1.0704, 18, 16
1020, 907, 36, 53, 0.9997, 0.6581, 1.1320, 14, 12
1020, 912, 16, 22, 0.8440, 0.6978, 19.5427, 10, 10
1020, 917, 38, 1, 0.9997, 0.7623, 1.3377, 5, 6
1021, 791, 63, 101, 0.9997, 1.0000, 1.0446, 149, 144
1021, 852, 42, 74, 0.9997, 1.0000, 1.4144, 60, 59
1021, 907, 40, 62, 0.9531, 0.6719, 8.9408, 15, 13
1021, 919, 106, 9, 0.9909, 0.7214, 2.0840, 4, 5
1021, 920, 88, 19, 0.9980, 0.6946, 1.9270, 3, 4
1021, 921, 38, 117, 0.8565, 0.5925, 14.1326, 2, 3
1022, 791, 62, 103, 0.9997, 1.0000, 1.9234, 150, 145
1022, 852, 40, 74, 0.9997, 1.0000, 1.7795, 61, 60
1022, 901, 38, 49, 0.9997, 0.7869, 0.7508, 20, 18
1022, 919, 105, 10, 0.9994, 0.7621, 1.6846, 5, 6
1022, 920, 89, 19, 0.9996, 0.7268, 1.3243, 4, 5
1023, 791, 62, 104, 0.9997, 1.0000, 1.3156, 151, 146
1023, 852, 39, 73, 0.9997, 1.0000, 1.4741, 62, 61
1023, 900, 10, 7, 0.9997, 0.6752, 0.4025, 22, 21
1023, 901, 38, 50, 0.9997, 0.8283, 0.7635, 21, 19
1023, 919, 104, 11, 0.9997, 0.7998, 1.4216, 6, 7
1023, 920, 91, 19, 0.9997, 0.7623, 1.7634, 5, 6
1023, 923, 105, 3, 0.9981, 0.6947, 1.2628, 3, 4
1023, 924, 94, 8, 0.9976, 0.6944, 1.5866, 3, 4
1023, 925, 61, 24, 0.9976, 0.6944, 1.6789, 3, 4
1024, 791, 62, 105, 0.9997, 1.0000, 1.0000, 152, 147
1024, 852, 38, 73, 0.9997, 1.0000, 1.0282, 63, 62
1024, 901, 39, 50, 0.9997, 0.8698, 0.7997, 22, 20
1024, 919, 106, 4, 0.9911, 0.8321, 6.0550, 7, 8
1024, 920, 92, 19, 0.9997, 0.7998, 1.2497, 6, 7
1024, 925, 61, 24, 0.9996, 0.7268, 0.4066, 4, 5
1024, 926, 120, 41, 0.9976, 0.6944, 2.7668, 3, 4
1025, 791, 62, 106, 0.9997, 1.0000, 0.9583, 153, 148
1025, 852, 36, 72, 0.9997, 1.0000, 1.8780, 64, 63
1025, 900, 11, 8, 0.9997, 0.7581, 1.0225, 24, 23
1025, 920, 93, 18, 0.9997, 0.8384, 1.2356, 7, 8
1025, 925, 62, 25, 0.9997, 0.7623, 0.9917, 5, 6
1025, 927, 18, 45, 0.9962, 0.6935, 1.9497, 3, 4
1026, 791, 62, 107, 0.9997, 1.0000, 0.9838, 154, 149
1026, 852, 35, 72, 0.9997, 1.0000, 1.3002, 65, 64
1026, 918, 80, 51, 0.9408, 0.7664, 9.2014, 11, 11
1026, 920, 95, 18, 0.9997, 0.8779, 1.7459, 8, 9
1026, 925, 63, 25, 0.9997, 0.7998, 1.0231, 6, 7
1026, 927, 18, 46, 0.9995, 0.7268, 1.1756, 4, 5
1027, 791, 61, 109, 0.9997, 1.0000, 1.9226, 155, 150
1027, 852, 34, 71, 0.9997, 1.0000, 1.2505, 66, 65
1027, 920, 96, 18, 0.9997, 0.9178, 1.2779, 9, 10
1027, 925, 63, 26, 0.9997, 0.8384, 0.7958, 7, 8
1027, 927, 17, 47, 0.9997, 0.7623, 1.2004, 5, 6
1028, 791, 61, 110, 0.9997, 1.0000, 1.3272, 156, 151
1028, 852, 32, 71, 0.9997, 1.0000, 1.7418, 67, 66
1028, 900, 12, 8, 0.9997, 0.8826, 0.7248, 27, 26
1028, 917, 44, 3, 0.9997, 0.6697, 1.0300, 13, 12
1028, 920, 99, 18, 0.9996, 0.9580, 2.5291, 10, 11
1028, 927, 16, 47, 0.9997, 0.7998, 1.0178, 6, 7
1029, 791, 61, 111, 0.9997, 1.0000, 1.0009, 157, 152
1029, 852, 31, 71, 0.9997, 1.0000, 1.2765, 68, 67
1029, 917, 45, 4, 0.9997, 0.7114, 1.2468, 14, 13
1029, 927, 16, 48, 0.9997, 0.8384, 0.7528, 7, 8
1030, 791, 61, 112, 0.9997, 1.0000, 0.9584, 158, 153
1030, 852, 30, 70, 0.9997, 1.0000, 1.2335, 69, 68
1030, 900, 13, 9, 0.9997, 0.9657, 1.0804, 29, 28
1030, 919, 112, 3, 0.9997, 0.6831, 0.9980, 13, 13
1030, 927, 15, 49, 0.9997, 0.8779, 1.2363, 8, 9
1031, 791, 60, 114, 0.9997, 1.0000, 1.9007, 159, 154
1031, 852, 28, 70, 0.9997, 1.0000, 1.7459, 70, 69
1031, 900, 14, 9, 0.9997, 1.0000, 1.0571, 30, 29
1031, 901, 43, 53, 0.9997, 0.6650, 0.7864, 29, 26
1031, 927, 14, 50, 0.9997, 0.9178, 1.4462, 9, 10
1032, 791, 60, 115, 0.9997, 1.0000, 1.3243, 160, 155
1032, 852, 27, 70, 0.9997, 1.0000, 1.2764, 71, 70
1032, 900, 19, 4, 0.9964, 1.0000, 6.6799, 31, 30
1032, 919, 107, 6, 0.9980, 0.7653, 5.1738, 15, 15
1033, 791, 60, 116, 0.9997, 1.0000, 1.0024, 161, 156
1033, 852, 25, 70, 0.9997, 1.0000, 1.7644, 72, 71
1033, 901, 44, 54, 0.9997, 0.7471, 1.0423, 31, 28
1034, 791, 60, 117, 0.9997, 1.0000, 0.9592, 162, 157
1034, 852, 24, 70, 0.9997, 1.0000, 1.2516, 73, 72
1034, 917, 41, 13, 0.8982, 0.5349, 8.7598, 19, 17
1035, 791, 59, 119, 0.9997, 1.0000, 1.9009, 163, 158
1035, 852, 22, 70, 0.9997, 1.0000, 1.7485, 74, 73
1036, 791, 59, 120, 0.9997, 1.0000, 1.3242, 164, 159
1036, 852, 20, 70, 0.9997, 1.0000, 2.0132, 75, 74
1036, 901, 45, 55, 0.9997, 0.8704, 1.0223, 34, 31
1037, 791, 59, 121, 0.9997, 1.0000, 1.0023, 165, 160
1037, 852, 19, 69, 0.9997, 1.0000, 1.4892, 76, 75
1037, 901, 46, 56, 0.9997, 0.9116, 1.4722, 35, 32
1037, 925, 71, 39, 0.9301, 0.5486, 8.4338, 17, 15
1037, 930, 92, 31, 0.9261, 0.6325, 5.5390, 2, 3
1038, 791, 59, 122, 0.9997, 1.0000, 0.9592, 166, 161
1038, 852, 18, 69, 0.9997, 1.0000, 1.0017, 77, 76
1038, 901, 46, 56, 0.9997, 0.9528, 0.4132, 36, 33
1038, 919, 112, 14, 0.9996, 0.6748, 1.2875, 21, 20
1039, 791, 59, 125, 0.9996, 1.0000, 2.5117, 167, 162
1039, 852, 16, 69, 0.9997, 1.0000, 1.7075, 78, 77
1039, 901, 47, 56, 0.9997, 0.9941, 0.7248, 37, 34
1039, 919, 114, 14, 0.9997, 0.7163, 1.7390, 22, 21
1040, 852, 15, 68, 0.9997, 1.0000, 1.4660, 79, 78
1040, 919, 114, 12, 0.9996, 0.7577, 1.5461, 23, 22
1040, 929, 18, 9, 0.9996, 0.6831, 1.7024, 8, 8
1040, 931, 67, 31, 0.7226, 0.5155, 5.0112, 2, 3
1041, 852, 13, 69, 0.9996, 1.0000, 1.8325, 80, 79
1041, 919, 114, 11, 0.9997, 0.7992, 1.3313, 24, 23
1041, 927, 6, 59, 0.9997, 0.6647, 0.7841, 19, 17
1041, 929, 18, 11, 0.9994, 0.7246, 1.6889, 9, 9
1041, 933, 125, 5, 0.9978, 0.6945, 1.6786, 3, 4
1041, 934, 75, 31, 0.9931, 0.6917, 2.9705, 3, 4
1042, 852, 12, 69, 0.9997, 1.0000, 1.2859, 81, 80
1042, 919, 117, 13, 0.9991, 0.8404, 3.2060, 25, 24
1042, 927, 5, 60, 0.9997, 0.7061, 1.2035, 20, 18
1042, 929, 19, 12, 0.9996, 0.7664, 1.1498, 10, 10
1042, 932, 30, 10, 0.9270, 0.5635, 7.8076, 5, 5
1043, 852, 11, 68, 0.9997, 1.0000, 1.2220, 82, 81
1043, 927, 4, 61, 0.9997, 0.7474, 1.4331, 21, 19
1044, 852, 9, 68, 0.9997, 1.0000, 1.7505, 83, 82
1044, 927, 3, 62, 0.9997, 0.7888, 1.4544, 22, 20
1044, 929, 20, 13, 0.9997, 0.8497, 1.0053, 12, 12
1045, 852, 8, 68, 0.9997, 1.0000, 1.2778, 84, 83
1045, 927, 2, 63, 0.9997, 0.8302, 1.4268, 23, 21
1045, 934, 85, 43, 0.9885, 0.5943, 5.4205, 7, 7
1046, 852, 4, 68, 0.9996, 1.0000, 3.2929, 85, 84
1046, 927, 2, 64, 0.9997, 0.8716, 1.0271, 24, 22
1046, 929, 21, 13, 0.9997, 0.9331, 0.7500, 14, 14
1046, 937, 29, 26, 0.9259, 0.6517, 6.5835, 3, 4
1046, 938, 52, 55, 0.9938, 0.6921, 4.1294, 3, 4
1047, 927, 1, 65, 0.9997, 0.9131, 1.2230, 25, 23
1047, 929, 21, 14, 0.9997, 0.9747, 0.7684, 15, 15
1048, 919, 123, 11, 0.9989, 0.6714, 2.8276, 31, 29
1048, 927, 0, 65, 0.9997, 0.9545, 1.0272, 26, 24
1048, 929, 22, 14, 0.9997, 1.0000, 0.8000, 16, 16
1049, 927, 2, 67, 0.9995, 0.9959, 1.9307, 27, 25
1050, 927, 0, 67, 0.9995, 1.0000, 1.0476, 28, 26
1050, 929, 22, 13, 0.9997, 1.0000, 0.8045, 18, 18
1050, 941, 84, 100, 0.9951, 0.6390, 5.2433, 7, 7
1051, 929, 23, 15, 0.9996, 1.0000, 1.4182, 19, 19
1052, 919, 127, 2, 0.8901, 0.5336, 8.5833, 35, 32
1052, 929, 30, 16, 0.9976, 1.0000, 6.5299, 20, 20
1053, 927, 4, 82, 0.9014, 0.4501, 4.5082, 31, 28
1053, 943, 19, 88, 0.9975, 0.6943, 2.1594, 3, 4
1054, 940, 62, 10, 0.9997, 0.6672, 1.2445, 11, 10
1054, 945, 56, 63, 0.9980, 0.6946, 1.0735, 3, 4
1055, 947, 38, 21, 0.9012, 0.6182, 8.0714, 2, 3
1056, 946, 79, 72, 0.8503, 0.4859, 8.3834, 13, 9
1056, 945, 57, 64, 0.9997, 0.7623, 1.0212, 5, 6
1056, 947, 51, 32, 0.8763, 0.6221, 15.6934, 3, 4
1056, 948, 25, 17, 0.7832, 0.5503, 7.2338, 2, 3
1057, 945, 65, 68, 0.9916, 0.7942, 8.2050, 6, 7
1057, 949, 106, 28, 0.6257, 0.4728, 8.6301, 3, 4
1058, 950, 20, 45, 0.7999, 0.5599, 6.7528, 2, 3
1060, 940, 65, 14, 0.9997, 0.6626, 0.7958, 17, 15
1061, 940, 74, 19, 0.9761, 0.6898, 9.0968, 18, 16
1061, 952, 70, 69, 0.9112, 0.6430, 11.2083, 3, 4
1063, 948, 29, 18, 0.9997, 0.7248, 0.7423, 9, 9
1063, 951, 99, 116, 0.9997, 0.6831, 1.2205, 8, 8
1064, 948, 30, 18, 0.9997, 0.7665, 1.0171, 10, 10
1064, 951, 100, 117, 0.9997, 0.7248, 1.4136, 9, 9
1065, 948, 30, 19, 0.9997, 0.8081, 0.7976, 11, 11
1065, 951, 101, 118, 0.9997, 0.7665, 1.4448, 10, 10
1065, 954, 62, 68, 0.9997, 0.6831, 0.7937, 7, 7
1066, 948, 31, 19, 0.9997, 0.8498, 0.7792, 12, 12
1066, 951, 102, 119, 0.9997, 0.8081, 1.4259, 11, 11
1066, 954, 63, 68, 0.9997, 0.7248, 0.7904, 8, 8
1066, 956, 67, 75, 0.9994, 0.7267, 2.6702, 4, 5
1067, 951, 103, 120, 0.9997, 0.8498, 1.4142, 12, 12
1067, 954, 66, 75, 0.9967, 0.7644, 6.6058, 9, 9
1067, 956, 57, 76, 0.9892, 0.7553, 9.1221, 5, 6
1068, 948, 32, 20, 0.9997, 0.9331, 1.0401, 14, 14
1068, 951, 103, 121, 0.9997, 0.8914, 1.0269, 13, 13
1068, 958, 64, 69, 0.9109, 0.6238, 8.8625, 2, 3
1069, 951, 104, 121, 0.9997, 0.9331, 0.7457, 14, 14
1069, 959, 11, 73, 0.9932, 0.6918, 1.9544, 3, 4
1070, 948, 33, 20, 0.9997, 1.0000, 0.7508, 16, 16
1070, 951, 105, 122, 0.9997, 0.9747, 1.2254, 15, 15
1070, 957, 70, 23, 0.9997, 0.6831, 1.1414, 8, 8
1070, 959, 10, 73, 0.9990, 0.7265, 1.1621, 4, 5
1071, 948, 33, 21, 0.9997, 1.0000, 0.7657, 17, 17
1071, 951, 106, 123, 0.9997, 1.0000, 1.4447, 16, 16
1071, 957, 70, 24, 0.9997, 0.7248, 1.0374, 9, 9
1072, 948, 34, 21, 0.9997, 1.0000, 0.7992, 18, 18
1072, 951, 107, 124, 0.9997, 1.0000, 1.4560, 17, 17
1072, 957, 70, 25, 0.9997, 0.7665, 1.0001, 10, 10
1072, 960, 111, 14, 0.9838, 0.6329, 9.1054, 6, 6
1072, 959, 12, 73, 0.9996, 0.7997, 1.7129, 6, 7
1072, 962, 26, 54, 0.9980, 0.6946, 1.0658, 3, 4
1073, 951, 107, 125, 0.9997, 1.0000, 1.0433, 18, 18
1073, 957, 71, 25, 0.9997, 0.8081, 0.7742, 11, 11
1073, 959, 3, 76, 0.8644, 0.7385, 8.3374, 7, 8
1073, 961, 25, 88, 0.9991, 0.7619, 4.1137, 5, 6
1073, 962, 27, 54, 0.9996, 0.7268, 0.7653, 4, 5
1073, 963, 112, 7, 0.6586, 0.4787, 7.7455, 2, 3
1074, 948, 35, 21, 0.9997, 1.0000, 0.7511, 20, 20
1074, 951, 108, 125, 0.9997, 1.0000, 0.7443, 19, 19
1074, 962, 28, 55, 0.9997, 0.7623, 1.2330, 5, 6
1075, 948, 35, 22, 0.9997, 1.0000, 0.7892, 21, 21
1075, 951, 109, 125, 0.9997, 1.0000, 1.0008, 20, 20
1075, 962, 29, 56, 0.9997, 0.7998, 1.4429, 6, 7
1075, 964, 70, 74, 0.9940, 0.6923, 4.3188, 3, 4
1076, 948, 36, 22, 0.9997, 1.0000, 0.8048, 22, 22
1076, 962, 30, 56, 0.9997, 0.8384, 1.0529, 7, 8
1077, 962, 35, 66, 0.9036, 0.8031, 10.3214, 8, 9
1078, 948, 37, 23, 0.9997, 1.0000, 1.0412, 24, 24
1078, 957, 78, 40, 0.9397, 0.5994, 10.1278, 16, 15
1079, 948, 37, 22, 0.9996, 1.0000, 0.5487, 25, 25
1079, 967, 23, 76, 0.9016, 0.4606, 4.0807, 5, 5
1080, 948, 38, 23, 0.9997, 1.0000, 0.8862, 26, 26
1080, 967, 29, 81, 0.9918, 0.5959, 7.4608, 6, 6
1080, 969, 112, 39, 0.8354, 0.5177, 8.5904, 5, 5
1080, 965, 58, 97, 0.9994, 0.7621, 3.2409, 5, 6
1081, 948, 38, 25, 0.9996, 1.0000, 1.7969, 27, 27
1081, 951, 114, 127, 0.9997, 0.6764, 0.7919, 26, 25
1081, 971, 43, 9, 0.6179, 0.4553, 16.4182, 2, 3
1081, 972, 85, 27, 0.7870, 0.5525, 18.5772, 2, 3
1082, 948, 39, 24, 0.9996, 1.0000, 0.7655, 28, 28
1082, 951, 115, 127, 0.9997, 0.7179, 0.7664, 27, 26
1082, 970, 75, 36, 0.9890, 0.6357, 6.2856, 6, 6
1082, 974, 34, 51, 0.9105, 0.6235, 9.6055, 2, 3
1083, 948, 40, 24, 0.9997, 1.0000, 1.0627, 29, 29
1083, 975, 41, 8, 0.9980, 0.6946, 0.8113, 3, 4
1083, 976, 40, 27, 0.7626, 0.5385, 5.7253, 2, 3
1084, 948, 40, 25, 0.9996, 1.0000, 0.7205, 30, 30
1084, 977, 122, 109, 0.9980, 0.6946, 2.3676, 3, 4
1085, 948, 41, 25, 0.9997, 1.0000, 0.7821, 31, 31
1085, 977, 120, 110, 0.9996, 0.7268, 2.1111, 4, 5
1086, 970, 78, 41, 0.9293, 0.5507, 6.4762, 10, 9
1086, 977, 119, 113, 0.9996, 0.7623, 2.7626, 5, 6
1086, 978, 106, 113, 0.9981, 0.6947, 2.0118, 3, 4
1087, 948, 42, 25, 0.9997, 1.0000, 0.7494, 33, 33
1087, 977, 118, 115, 0.9997, 0.7998, 2.4944, 6, 7
1087, 978, 105, 114, 0.9996, 0.7268, 1.4543, 4, 5
1088, 948, 42, 26, 0.9997, 1.0000, 0.7884, 34, 34
1088, 977, 117, 117, 0.9997, 0.8385, 2.2570, 7, 8
1088, 978, 104, 116, 0.9997, 0.7623, 2.0072, 5, 6
1089, 948, 43, 26, 0.9997, 1.0000, 0.8052, 35, 35
1089, 977, 115, 120, 0.9997, 0.8779, 3.2497, 8, 9
1089, 979, 41, 65, 0.9977, 0.6945, 1.1740, 3, 4
1089, 980, 5, 69, 0.9981, 0.6947, 2.0437, 3, 4
1090, 948, 43, 27, 0.9997, 1.0000, 0.8058, 36, 36
1090, 979, 50, 58, 0.8940, 0.6606, 10.0216, 4, 5
1090, 980, 7, 69, 0.9996, 0.7268, 2.0514, 4, 5
1091, 948, 44, 26, 0.9996, 1.0000, 0.9090, 37, 37
1091, 980, 8, 69, 0.9997, 0.7623, 1.2494, 5, 6
1092, 948, 43, 27, 0.9996, 1.0000, 0.6871, 38, 38
1092, 970, 77, 45, 0.9997, 0.6613, 0.9075, 16, 14
1092, 980, 10, 69, 0.9997, 0.7998, 1.7058, 6, 7
1093, 948, 45, 28, 0.9996, 1.0000, 1.5874, 39, 39
1093, 970, 79, 46, 0.9996, 0.7027, 1.8102, 17, 15
1093, 980, 12, 69, 0.9997, 0.8385, 1.9971, 7, 8
1093, 983, 36, 15, 0.6194, 0.4561, 19.6855, 2, 3
1094, 948, 45, 29, 0.9997, 1.0000, 1.2122, 40, 40
1094, 980, 14, 69, 0.9997, 0.8779, 2.0418, 8, 9
1094, 982, 42, 5, 0.9996, 0.7268, 0.7645, 4, 5
1095, 948, 46, 29, 0.9997, 1.0000, 0.8361, 41, 41
1095, 980, 16, 69, 0.9997, 0.9178, 2.0164, 9, 10
1095, 982, 43, 5, 0.9997, 0.7623, 0.8177, 5, 6
1096, 980, 18, 69, 0.9997, 0.9581, 2.0002, 10, 11
1096, 982, 42, 1, 0.9992, 0.7995, 3.8486, 6, 7
1096, 985, 47, 123, 0.9987, 0.7263, 3.2075, 4, 5
1097, 948, 47, 30, 0.9997, 1.0000, 1.0165, 43, 43
1097, 980, 20, 69, 0.9997, 0.9986, 1.9977, 11, 12
1097, 985, 45, 126, 0.9996, 0.7623, 3.2969, 5, 6
1097, 986, 46, 76, 0.9935, 0.6920, 4.9913, 3, 4
1098, 948, 48, 30, 0.9997, 1.0000, 1.0488, 44, 44
1098, 980, 22, 69, 0.9997, 1.0000, 1.9991, 12, 13
1099, 980, 24, 69, 0.9997, 1.0000, 2.0000, 13, 14
1099, 987, 110, 86, 0.9980, 0.6947, 1.0426, 3, 4
1100, 948, 49, 31, 0.9997, 1.0000, 1.0237, 46, 46
1100, 980, 26, 69, 0.9997, 1.0000, 2.0001, 14, 15
1100, 988, 122, 33, 0.9978, 0.6945, 2.3207, 3, 4
1100, 989, 49, 82, 0.6595, 0.4792, 6.4669, 2, 3
1101, 980, 28, 69, 0.9997, 1.0000, 2.0001, 15, 16
1101, 988, 121, 33, 0.9996, 0.7268, 1.3670, 4, 5
1102, 948, 50, 31, 0.9997, 1.0000, 0.7484, 48, 48
1102, 980, 30, 69, 0.9997, 1.0000, 2.0000, 16, 17
1102, 988, 119, 34, 0.9997, 0.7623, 1.8801, 5, 6
1103, 948, 51, 32, 0.9997, 1.0000, 1.2468, 49, 49
1103, 980, 32, 69, 0.9997, 1.0000, 2.0000, 17, 18
1103, 988, 117, 35, 0.9997, 0.7998, 2.2315, 6, 7
1104, 980, 34, 69, 0.9997, 1.0000, 2.0000, 18, 19
1104, 988, 115, 35, 0.9997, 0.8384, 2.0555, 7, 8
1104, 991, 102, 23, 0.8520, 0.5899, 5.5419, 2, 3
1105, 948, 52, 32, 0.9997, 1.0000, 0.7222, 51, 51
1105, 980, 36, 69, 0.9997, 1.0000, 2.0000, 19, 20
1105, 988, 114, 36, 0.9997, 0.8779, 1.4451, 8, 9
1106, 948, 52, 33, 0.9997, 1.0000, 0.7609, 52, 52
1106, 980, 38, 69, 0.9997, 1.0000, 2.0000, 20, 21
1106, 982, 52, 1, 0.9996, 0.6722, 1.4423, 16, 15
1106, 988, 112, 37, 0.9997, 0.9178, 1.9796, 9, 10
1106, 992, 45, 3, 0.9161, 0.6268, 7.8903, 2, 3
1106, 993, 34, 22, 0.7795, 0.5482, 12.4412, 2, 3
1107, 980, 40, 69, 0.9997, 1.0000, 2.0000, 21, 22
1107, 995, 58, 83, 0.9964, 0.6937, 3.2391, 3, 4
1108, 948, 54, 33, 0.9996, 1.0000, 1.4876, 54, 54
1108, 980, 42, 69, 0.9997, 1.0000, 2.0000, 22, 23
1108, 995, 63, 79, 0.9993, 0.7266, 6.1241, 4, 5
1109, 948, 54, 34, 0.9996, 1.0000, 0.9214, 55, 55
1109, 980, 44, 69, 0.9997, 1.0000, 2.0000, 23, 24
1110, 948, 54, 35, 0.9997, 1.0000, 1.0403, 56, 56
1110, 980, 46, 69, 0.9997, 1.0000, 2.0000, 24, 25
1110, 994, 122, 92, 0.9997, 0.6831, 0.9571, 7, 7
1111, 980, 48, 69, 0.9997, 1.0000, 2.0000, 25, 26
1111, 994, 124, 93, 0.9997, 0.7248, 1.8915, 8, 8
1112, 948, 55, 36, 0.9997, 1.0000, 1.0294, 58, 58
1112, 980, 50, 70, 0.9997, 1.0000, 2.1409, 26, 27
1112, 988, 102, 41, 0.9997, 0.6831, 1.4338, 15, 15
1112, 999, 11, 5, 0.9974, 0.6943, 2.5683, 3, 4
1113, 948, 54, 37, 0.9996, 1.0000, 1.1038, 59, 59
1113, 980, 52, 70, 0.9997, 1.0000, 2.0212, 27, 28
1113, 999, 12, 4, 0.9996, 0.7268, 1.8324, 4, 5
1113, 1000, 84, 9, 0.8845, 0.6086, 8.7202, 2, 3
1114, 980, 54, 70, 0.9997, 1.0000, 2.0000, 28, 29
1114, 999, 14, 3, 0.9997, 0.7623, 2.0308, 5, 6
1114, 1001, 97, 91, 0.9980, 0.6946, 0.7813, 3, 4
1115, 948, 54, 38, 0.9997, 1.0000, 0.7248, 61, 61
1115, 980, 56, 71, 0.9997, 1.0000, 2.1261, 29, 30
1115, 999, 16, 1, 0.9997, 0.7998, 2.6470, 6, 7
1115, 1001, 99, 92, 0.9996, 0.7268, 1.9264, 4, 5
1115, 1003, 92, 65, 0.9981, 0.6947, 1.7693, 3, 4
1116, 980, 58, 71, 0.9997, 1.0000, 2.0189, 30, 31
1116, 1001, 99, 92, 0.9996, 0.7623, 0.6215, 5, 6
1116, 1004, 127, 15, 0.9004, 0.6365, 11.6361, 3, 4
1117, 948, 54, 39, 0.9997, 1.0000, 0.7487, 63, 63
1117, 980, 60, 72, 0.9997, 1.0000, 2.1409, 31, 32
1117, 1001, 100, 93, 0.9997, 0.7998, 1.0408, 6, 7
1117, 1005, 60, 8, 0.9904, 0.6901, 4.7574, 3, 4
1118, 948, 55, 40, 0.9997, 1.0000, 1.2721, 64, 64
1118, 980, 62, 72, 0.9997, 1.0000, 2.0158, 32, 33
1119, 948, 55, 40, 0.9997, 1.0000, 0.4024, 65, 65
1119, 980, 64, 73, 0.9997, 1.0000, 2.1355, 33, 34
1119, 1001, 101, 94, 0.9997, 0.8779, 1.0482, 8, 9
1120, 948, 56, 41, 0.9997, 1.0000, 1.0506, 66, 66
1120, 980, 66, 73, 0.9997, 1.0000, 2.0155, 34, 35
1120, 1001, 102, 94, 0.9997, 0.9178, 1.0458, 9, 10
1120, 1008, 111, 4, 0.9980, 0.6946, 1.4232, 3, 4
1120, 1009, 50, 3, 0.9920, 0.6911, 4.8285, 3, 4
1121, 980, 68, 73, 0.9997, 1.0000, 2.0000, 35, 36
1121, 1001, 103, 95, 0.9997, 0.9581, 1.2863, 10, 11
1121, 1007, 126, 29, 0.9830, 0.5915, 5.7129, 5, 5
1121, 1008, 110, 6, 0.9996, 0.7268, 2.0117, 4, 5
1122, 948, 57, 42, 0.9997, 1.0000, 1.0579, 68, 68
1122, 980, 70, 74, 0.9997, 1.0000, 2.1264, 36, 37
1122, 1001, 104, 95, 0.9997, 0.9986, 1.0453, 11, 12
1122, 1008, 109, 7, 0.9997, 0.7623, 1.6304, 5, 6
1123, 948, 58, 41, 0.9996, 1.0000, 1.1354, 69, 69
1123, 980, 72, 74, 0.9997, 1.0000, 2.0192, 37, 38
1123, 1001, 104, 96, 0.9997, 1.0000, 0.7860, 12, 13
1123, 1005, 70, 4, 0.9997, 0.6831, 1.2601, 9, 9
1123, 1008, 108, 8, 0.9997, 0.7998, 1.4137, 6, 7
1124, 948, 58, 43, 0.9996, 1.0000, 1.2541, 70, 70
1124, 980, 74, 74, 0.9997, 1.0000, 2.0000, 38, 39
1124, 1001, 105, 96, 0.9997, 1.0000, 0.7487, 13, 14
1124, 1005, 71, 4, 0.9997, 0.7248, 1.0010, 10, 10
1124, 1008, 107, 11, 0.9996, 0.8384, 2.6804, 7, 8
1125, 948, 59, 43, 0.9997, 1.0000, 0.9029, 71, 71
1125, 980, 77, 75, 0.9997, 1.0000, 2.8571, 39, 40
1125, 1001, 106, 97, 0.9997, 1.0000, 1.2493, 14, 15
1125, 1012, 93, 4, 0.8975, 0.6161, 5.6507, 2, 3
1126, 980, 79, 75, 0.9997, 1.0000, 2.3084, 40, 41
1126, 1001, 107, 97, 0.9997, 1.0000, 1.0722, 15, 16
1127, 948, 60, 44, 0.9997, 1.0000, 1.0219, 73, 73
1127, 980, 81, 74, 0.9997, 1.0000, 2.1409, 41, 42
1127, 1001, 108, 98, 0.9997, 1.0000, 1.2632, 16, 17
1127, 1010, 21, 100, 0.9420, 0.7672, 9.1672, 10, 10
1128, 948, 61, 44, 0.9997, 1.0000, 1.0486, 74, 74
1128, 980, 84, 75, 0.9996, 1.0000, 2.7554, 42, 43
1129, 980, 85, 74, 0.9996, 1.0000, 1.5883, 43, 44
1129, 1001, 109, 99, 0.9997, 1.0000, 1.0299, 18, 19
1129, 1013, 2, 30, 0.9981, 0.6947, 1.0378, 3, 4
1129, 1014, 82, 98, 0.6826, 0.5067, 11.9587, 3, 4
1129, 1015, 111, 64, 0.6380, 0.4669, 12.0818, 2, 3
1130, 948, 62, 45, 0.9997, 1.0000, 1.0235, 76, 76
1130, 980, 88, 75, 0.9996, 1.0000, 2.5252, 44, 45
1130, 1001, 110, 99, 0.9997, 1.0000, 1.0299, 19, 20
1130, 1008, 102, 18, 0.9997, 0.6831, 2.0418, 13, 13
1130, 1016, 84, 100, 0.6568, 0.4914, 23.3121, 3, 4
1131, 948, 63, 45, 0.9997, 1.0000, 1.0369, 77, 77
1131, 980, 91, 75, 0.9997, 1.0000, 3.0274, 45, 46
1131, 1008, 101, 19, 0.9997, 0.7248, 1.5997, 14, 14
1131, 1017, 79, 6, 0.9832, 0.6858, 1.6712, 3, 4
1132, 980, 93, 75, 0.9997, 1.0000, 2.3192, 46, 47
1132, 1008, 100, 21, 0.9997, 0.7664, 2.0114, 15, 15
1132, 1017, 80, 6, 0.9991, 0.7265, 0.9480, 4, 5
1132, 1018, 8, 104, 0.9026, 0.6190, 11.7391, 2, 3
1133, 980, 96, 75, 0.9997, 1.0000, 2.7378, 47, 48
1133, 1008, 99, 22, 0.9997, 0.8081, 1.5994, 16, 16
1133, 1017, 81, 6, 0.9997, 0.7623, 0.9009, 5, 6
1134, 948, 63, 42, 0.9994, 1.0000, 3.0717, 80, 80
1134, 980, 99, 74, 0.9997, 1.0000, 3.0986, 48, 49
1134, 1008, 98, 23, 0.9997, 0.8498, 1.4045, 17, 17
1134, 1017, 82, 6, 0.9997, 0.7998, 0.9703, 6, 7
1134, 1022, 108, 82, 0.9980, 0.6947, 1.7374, 3, 4
1134, 1025, 1, 96, 0.8795, 0.6057, 11.9709, 2, 3
1135, 980, 101, 74, 0.9997, 1.0000, 2.2929, 49, 50
1135, 1008, 98, 25, 0.9997, 0.8914, 1.7385, 18, 18
1135, 1017, 83, 6, 0.9997, 0.8385, 1.0032, 7, 8
1135, 1020, 85, 31, 0.6985, 0.5627, 10.5746, 5, 6
1135, 1022, 110, 82, 0.9996, 0.7268, 2.0066, 4, 5
1135, 1026, 33, 98, 0.7171, 0.5123, 17.4515, 2, 3
1136, 980, 104, 74, 0.9997, 1.0000, 2.7228, 50, 51
1136, 1008, 97, 26, 0.9997, 0.9331, 1.4611, 19, 19
1136, 1017, 84, 7, 0.9997, 0.8779, 1.2648, 8, 9
1136, 1022, 112, 82, 0.9997, 0.7623, 2.0407, 5, 6
1136, 1027, 66, 52, 0.9938, 0.6921, 2.5419, 3, 4
1136, 1028, 63, 41, 0.7272, 0.5181, 16.2981, 2, 3
1137, 980, 106, 73, 0.9997, 1.0000, 2.3493, 51, 52
1137, 1001, 116, 103, 0.9996, 0.7247, 2.1111, 26, 26
1137, 1008, 96, 27, 0.9997, 0.9747, 1.4148, 20, 20
1137, 1013, 10, 32, 0.9997, 0.6672, 1.0001, 11, 10
1137, 1017, 85, 7, 0.9997, 0.9178, 1.0439, 9, 10
1137, 1021, 123, 65, 0.9997, 0.6831, 1.7585, 7, 7
1137, 1022, 114, 82, 0.9997, 0.7998, 2.0146, 6, 7
1137, 1024, 26, 108, 0.9216, 0.4686, 4.8330, 5, 5
1138, 980, 109, 72, 0.9997, 1.0000, 2.9386, 52, 53
1138, 1001, 117, 103, 0.9997, 0.7664, 1.4570, 27, 27
1138, 1013, 11, 32, 0.9997, 0.7092, 1.0009, 12, 11
1138, 1017, 87, 7, 0.9997, 0.9580, 1.7638, 10, 11
1138, 1021, 118, 61, 0.9932, 0.7208, 5.6010, 8, 8
1138, 1018, 6, 92, 0.7675, 0.5477, 16.4893, 8, 8
1138, 1022, 116, 83, 0.9997, 0.8384, 2.1406, 7, 8
1139, 980, 112, 72, 0.9997, 1.0000, 3.0295, 53, 54
1139, 1001, 118, 104, 0.9997, 0.8081, 1.3072, 28, 28
1139, 1017, 88, 7, 0.9997, 0.9986, 1.2922, 11, 12
1139, 1022, 119, 83, 0.9997, 0.8779, 2.7770, 8, 9
1140, 980, 115, 71, 0.9997, 1.0000, 3.1275, 54, 55
1140, 1001, 119, 104, 0.9997, 0.8498, 0.9955, 29, 29
1140, 1013, 12, 33, 0.9997, 0.7929, 1.0417, 14, 13
1140, 1017, 89, 7, 0.9997, 1.0000, 1.0000, 12, 13
1140, 1022, 120, 83, 0.9996, 0.9178, 1.5271, 9, 10
1141, 980, 117, 71, 0.9997, 1.0000, 2.2622, 55, 56
1141, 1001, 120, 105, 0.9997, 0.8914, 1.2239, 30, 30
1141, 1013, 13, 33, 0.9997, 0.8348, 1.0424, 15, 14
1141, 1017, 90, 8, 0.9997, 1.0000, 1.2248, 13, 14
1141, 1034, 6, 109, 0.9980, 0.6946, 0.7322, 3, 4
1141, 1035, 66, 53, 0.8452, 0.5860, 4.8674, 2, 3
1141, 1036, 20, 116, 0.7481, 0.5302, 4.4514, 2, 3
1142, 980, 120, 70, 0.9997, 1.0000, 2.8087, 56, 57
1142, 1001, 121, 105, 0.9997, 0.9331, 1.0274, 31, 31
1142, 1013, 11, 34, 0.9994, 0.8764, 2.1535, 16, 15
1142, 1017, 91, 8, 0.9997, 1.0000, 1.0268, 14, 15
1142, 1027, 57, 55, 0.9997, 0.6831, 1.9176, 9, 9
1142, 1032, 60, 54, 0.9696, 0.6252, 11.5328, 6, 6
1142, 1034, 5, 109, 0.9996, 0.7268, 0.5256, 4, 5
1143, 980, 123, 69, 0.9997, 1.0000, 3.1649, 57, 58
1143, 1001, 122, 106, 0.9997, 0.9747, 1.2526, 32, 32
1143, 1017, 92, 8, 0.9997, 1.0000, 1.0000, 15, 16
1143, 1027, 55, 55, 0.9997, 0.7248, 2.0311, 10, 10
1143, 1032, 45, 64, 0.9850, 0.6746, 17.8062, 7, 7
1143, 1034, 14, 113, 0.9212, 0.7103, 8.9464, 5, 6
1143, 1036, 46, 112, 0.9026, 0.6660, 12.2581, 4, 5
1144, 980, 126, 68, 0.9997, 1.0000, 3.2155, 58, 59
1144, 1017, 94, 9, 0.9997, 1.0000, 1.9079, 16, 17
1144, 1033, 102, 115, 0.9997, 0.6831, 2.0035, 7, 7
1144, 1036, 59, 105, 0.9867, 0.7537, 14.3804, 5, 6
1144, 1038, 16, 115, 0.7194, 0.5137, 7.7217, 2, 3
1145, 1001, 123, 107, 0.9997, 1.0000, 1.0317, 34, 34
1145, 1017, 95, 9, 0.9997, 1.0000, 1.3217, 17, 18
1145, 1033, 103, 116, 0.9997, 0.7248, 1.6108, 8, 8
1146, 1001, 124, 107, 0.9997, 1.0000, 1.0307, 35, 35
1146, 1017, 96, 9, 0.9997, 1.0000, 1.0000, 18, 19
1146, 1033, 105, 117, 0.9997, 0.7664, 2.0228, 9, 9
1147, 1001, 125, 109, 0.9996, 1.0000, 1.8381, 36, 36
1147, 1017, 97, 10, 0.9997, 1.0000, 1.2001, 19, 20
1147, 1033, 106, 118, 0.9997, 0.8081, 1.6016, 10, 10
1148, 1001, 126, 108, 0.9996, 1.0000, 1.0402, 37, 37
1148, 1017, 99, 10, 0.9997, 1.0000, 1.7694, 20, 21
1148, 1031, 6, 16, 0.9997, 0.7104, 1.0408, 13, 12
1148, 1033, 107, 119, 0.9997, 0.8498, 1.4041, 11, 11
1149, 1001, 127, 109, 0.9997, 1.0000, 1.1000, 38, 38
1149, 1017, 100, 10, 0.9997, 1.0000, 1.2918, 21, 22
1149, 1033, 109, 120, 0.9997, 0.8914, 1.9910, 12, 12
1149, 1040, 74, 52, 0.9994, 0.6830, 1.9628, 7, 7
1150, 1017, 101, 10, 0.9997, 1.0000, 1.0032, 22, 23
1150, 1031, 7, 16, 0.9997, 0.7939, 0.7482, 15, 14
1150, 1033, 110, 121, 0.9997, 0.9331, 1.6226, 13, 13
1150, 1039, 85, 46, 0.9997, 0.6831, 1.5623, 8, 8
1150, 1040, 73, 53, 0.9993, 0.7246, 1.5070, 8, 8
1151, 1031, 8, 17, 0.9997, 0.8357, 1.2461, 16, 15
1151, 1033, 112, 122, 0.9997, 0.9747, 2.0284, 14, 14
1151, 1039, 83, 49, 0.9996, 0.7248, 3.1164, 9, 9
1152, 1013, 24, 35, 0.9997, 0.6630, 1.0543, 26, 23
1152, 1017, 103, 11, 0.9996, 1.0000, 1.6441, 24, 25
1152, 1033, 113, 124, 0.9997, 1.0000, 2.1628, 15, 15
1152, 1039, 78, 54, 0.9992, 0.7661, 6.8983, 10, 10
1153, 1017, 105, 11, 0.9997, 1.0000, 2.0765, 25, 26
1153, 1031, 9, 18, 0.9997, 0.9192, 1.0518, 18, 17
1153, 1033, 114, 125, 0.9997, 1.0000, 1.6242, 16, 16
1153, 1039, 68, 68, 0.8607, 0.7097, 16.5075, 11, 11
1154, 1013, 26, 36, 0.9996, 0.7450, 1.6381, 28, 25
1154, 1017, 106, 12, 0.9997, 1.0000, 1.5400, 26, 27
1154, 1031, 10, 18, 0.9997, 0.9609, 1.0303, 19, 18
1154, 1033, 116, 126, 0.9997, 1.0000, 1.9907, 17, 17
1154, 1040, 79, 54, 0.8355, 0.5073, 5.1542, 12, 11
1154, 1045, 4, 99, 0.9980, 0.6946, 1.2697, 3, 4
1155, 1013, 27, 36, 0.9997, 0.7861, 1.3201, 29, 26
1155, 1017, 107, 12, 0.9997, 1.0000, 1.0060, 27, 28
1155, 1033, 117, 127, 0.9997, 1.0000, 1.5967, 18, 18
1155, 1045, 4, 100, 0.9996, 0.7268, 1.0457, 4, 5
1156, 1017, 108, 12, 0.9997, 1.0000, 0.9413, 28, 29
1156, 1031, 11, 19, 0.9997, 1.0000, 1.0218, 21, 20
1156, 1033, 108, 124, 0.8271, 0.9271, 8.6447, 19, 19
1156, 1034, 29, 127, 0.9994, 0.6636, 2.0668, 18, 16
1157, 1017, 110, 12, 0.9997, 1.0000, 1.7457, 29, 30
1157, 1031, 12, 19, 0.9997, 1.0000, 1.0379, 22, 21
1158, 1017, 111, 13, 0.9997, 1.0000, 1.4950, 30, 31
1158, 1029, 35, 64, 0.9994, 0.6684, 2.4404, 24, 22
1158, 1031, 12, 20, 0.9997, 1.0000, 0.8132, 23, 22
1158, 1046, 54, 45, 0.8893, 0.6114, 4.0484, 2, 3
1158, 1047, 55, 86, 0.9253, 0.6321, 7.4124, 2, 3
1159, 1017, 112, 12, 0.9996, 1.0000, 1.1084, 31, 32
1159, 1029, 34, 65, 0.9997, 0.7098, 1.7669, 25, 23
1159, 1031, 12, 21, 0.9997, 1.0000, 1.0163, 24, 23
1159, 1049, 6, 45, 0.9977, 0.6945, 1.7385, 3, 4
1160, 1017, 114, 13, 0.9996, 1.0000, 1.7866, 32, 33
1160, 1029, 33, 66, 0.9997, 0.7511, 1.4016, 26, 24
1160, 1031, 14, 21, 0.9996, 1.0000, 1.4978, 25, 24
1160, 1049, 8, 44, 0.9996, 0.7268, 2.1140, 4, 5
1161, 1017, 115, 14, 0.9997, 1.0000, 1.6294, 33, 34
1161, 1029, 32, 68, 0.9997, 0.7924, 1.9692, 27, 25
1161, 1031, 14, 21, 0.9997, 1.0000, 0.5698, 26, 25
1161, 1049, 10, 43, 0.9997, 0.7623, 2.2845, 5, 6
1162, 1017, 116, 14, 0.9997, 1.0000, 1.0492, 34, 35
1162, 1029, 30, 69, 0.9997, 0.8337, 2.1674, 28, 26
1162, 1031, 15, 22, 0.9997, 1.0000, 1.0428, 27, 26
1162, 1049, 12, 43, 0.9997, 0.7998, 2.0361, 6, 7
1162, 1050, 121, 24, 0.8003, 0.5602, 4.2195, 2, 3
1162, 1051, 63, 42, 0.7159, 0.5116, 6.9556, 2, 3
1162, 1052, 74, 65, 0.7076, 0.5069, 12.2960, 2, 3
1163, 1013, 35, 38, 0.9997, 0.6595, 0.9992, 37, 32
1163, 1017, 118, 14, 0.9997, 1.0000, 1.7239, 35, 36
1163, 1049, 14, 42, 0.9997, 0.8384, 2.1276, 7, 8
1164, 1013, 36, 38, 0.9997, 0.7001, 0.9831, 38, 33
1164, 1017, 119, 15, 0.9997, 1.0000, 1.4594, 36, 37
1164, 1031, 16, 23, 0.9997, 1.0000, 1.0599, 29, 28
1164, 1049, 15, 41, 0.9997, 0.8779, 1.5872, 8, 9
1165, 1013, 37, 38, 0.9997, 0.7408, 1.0010, 39, 34
1165, 1017, 120, 15, 0.9997, 1.0000, 1.0369, 37, 38
1165, 1031, 17, 23, 0.9997, 1.0000, 1.0440, 30, 29
1165, 1049, 17, 41, 0.9997, 0.9178, 1.7295, 9, 10
1165, 1051, 81, 35, 0.9668, 0.4867, 6.1129, 5, 5
1165, 1054, 76, 52, 0.7328, 0.5213, 14.3113, 2, 3
1166, 1013, 38, 38, 0.9997, 0.7816, 1.0026, 40, 35
1166, 1017, 122, 15, 0.9997, 1.0000, 1.7236, 38, 39
1166, 1031, 16, 23, 0.9996, 1.0000, 0.4841, 31, 30
1166, 1049, 19, 40, 0.9997, 0.9581, 2.1268, 10, 11
1166, 1055, 3, 113, 0.9981, 0.6947, 1.4225, 3, 4
1166, 1056, 57, 60, 0.7634, 0.5390, 14.4610, 2, 3
1167, 1017, 123, 16, 0.9997, 1.0000, 1.4677, 39, 40
1167, 1031, 18, 24, 0.9996, 1.0000, 1.3960, 32, 31
1167, 1049, 20, 39, 0.9997, 0.9986, 1.6234, 11, 12
1167, 1053, 6, 28, 0.9997, 0.6831, 0.9674, 8, 8
1167, 1055, 4, 113, 0.9996, 0.7268, 1.0284, 4, 5
1168, 1017, 124, 16, 0.9997, 1.0000, 1.0375, 40, 41
1168, 1031, 19, 25, 0.9997, 1.0000, 1.6589, 33, 32
1168, 1048, 37, 114, 0.9898, 0.6527, 7.9703, 14, 12
1168, 1049, 23, 38, 0.9996, 1.0000, 2.6972, 12, 13
1168, 1053, 7, 28, 0.9997, 0.7248, 0.9812, 9, 9
1168, 1055, 4, 114, 0.9997, 0.7623, 0.7459, 5, 6
1168, 1057, 88, 61, 0.9996, 0.7268, 1.0073, 4, 5
1169, 1017, 126, 16, 0.9997, 1.0000, 1.7236, 41, 42
1169, 1031, 20, 25, 0.9997, 1.0000, 1.1215, 34, 33
1169, 1049, 25, 38, 0.9997, 1.0000, 2.3056, 13, 14
1169, 1053, 8, 28, 0.9997, 0.7665, 0.9976, 10, 10
1169, 1055, 5, 115, 0.9997, 0.7998, 1.2250, 6, 7
1170, 1017, 127, 17, 0.9997, 1.0000, 1.4672, 42, 43
1170, 1049, 27, 37, 0.9997, 1.0000, 2.1596, 14, 15
1170, 1053, 9, 28, 0.9997, 0.8081, 1.0018, 11, 11
1170, 1055, 6, 115, 0.9997, 0.8384, 1.0381, 7, 8
1170, 1056, 6, 77, 0.8555, 0.5277, 14.0365, 6, 6
1171, 1031, 21, 26, 0.9997, 1.0000, 0.9885, 36, 35
1171, 1049, 29, 36, 0.9997, 1.0000, 2.2107, 15, 16
1171, 1053, 10, 29, 0.9997, 0.8497, 1.2598, 12, 12
1171, 1055, 5, 115, 0.9996, 0.8778, 0.4869, 8, 9
1172, 1013, 45, 39, 0.9997, 0.6603, 0.6937, 46, 40
1172, 1031, 22, 26, 0.9997, 1.0000, 1.0328, 37, 36
1172, 1049, 30, 35, 0.9997, 1.0000, 1.6041, 16, 17
1172, 1053, 11, 29, 0.9997, 0.8914, 1.0419, 13, 13
1172, 1055, 8, 117, 0.9995, 0.9176, 2.4517, 9, 10
1172, 1058, 49, 22, 0.9996, 0.7268, 1.6607, 4, 5
1173, 1013, 46, 39, 0.9997, 0.7009, 1.0026, 47, 41
1173, 1031, 23, 27, 0.9997, 1.0000, 1.2943, 38, 37
1173, 1049, 32, 35, 0.9997, 1.0000, 1.7245, 17, 18
1173, 1053, 12, 29, 0.9997, 0.9331, 0.9999, 14, 14
1173, 1055, 9, 117, 0.9997, 0.9580, 1.6824, 10, 11
1174, 1013, 47, 40, 0.9997, 0.7415, 1.2951, 48, 42
1174, 1049, 34, 34, 0.9997, 1.0000, 2.1232, 18, 19
1174, 1053, 13, 29, 0.9997, 0.9747, 1.0008, 15, 15
1174, 1055, 10, 118, 0.9997, 0.9986, 1.3264, 11, 12
1174, 1057, 93, 64, 0.9997, 0.6831, 1.0282, 10, 10
1175, 1013, 49, 40, 0.9997, 0.7821, 1.8052, 49, 43
1175, 1031, 24, 28, 0.9997, 1.0000, 1.0307, 40, 39
1175, 1049, 36, 33, 0.9997, 1.0000, 2.2740, 19, 20
1175, 1053, 14, 29, 0.9997, 1.0000, 1.0001, 16, 16
1175, 1055, 12, 118, 0.9997, 1.0000, 1.7232, 12, 13
1176, 1013, 50, 40, 0.9997, 0.8228, 1.2917, 50, 44
1176, 1031, 25, 28, 0.9997, 1.0000, 1.0282, 41, 40
1176, 1049, 38, 33, 0.9997, 1.0000, 2.0354, 20, 21
1176, 1047, 58, 80, 0.9973, 1.0000, 5.8179, 20, 20
1176, 1053, 15, 29, 0.9997, 1.0000, 1.0000, 17, 17
1176, 1055, 12, 119, 0.9996, 1.0000, 0.8841, 13, 14
1176, 1057, 94, 65, 0.9997, 0.7664, 1.0236, 12, 12
1176, 1059, 10, 81, 0.8272, 0.5136, 4.9724, 5, 5
1176, 1061, 37, 121, 0.9981, 0.6947, 1.0059, 3, 4
1177, 1013, 51, 40, 0.9997, 0.8635, 0.9984, 51, 45
1177, 1031, 17, 29, 0.9881, 1.0000, 6.6402, 42, 41
1177, 1049, 41, 31, 0.9996, 1.0000, 3.1391, 21, 22
1177, 1055, 12, 120, 0.9997, 1.0000, 1.0148, 14, 15
1177, 1057, 95, 66, 0.9997, 0.8081, 1.4444, 13, 13
1177, 1061, 38, 122, 0.9996, 0.7268, 1.2594, 4, 5
1178, 1013, 52, 41, 0.9997, 0.9042, 1.2139, 52, 46
1178, 1055, 13, 121, 0.9997, 1.0000, 1.2398, 15, 16
1178, 1061, 49, 116, 0.6611, 0.5380, 11.3539, 5, 6
1178, 1063, 37, 89, 0.7765, 0.5465, 18.6377, 2, 3
1179, 1013, 53, 41, 0.9997, 0.9450, 1.0261, 53, 47
1179, 1055, 14, 122, 0.9997, 1.0000, 1.4447, 16, 17
1179, 1062, 111, 24, 0.7624, 0.5781, 10.3985, 4, 5
1180, 1013, 54, 41, 0.9997, 0.9858, 1.0001, 54, 48
1180, 1055, 15, 122, 0.9997, 1.0000, 1.0849, 17, 18
1180, 1060, 110, 123, 0.9997, 0.6831, 2.2429, 8, 8
1180, 1065, 79, 66, 0.8007, 0.5604, 9.9785, 2, 3
1181, 1031, 28, 29, 0.9692, 0.5783, 7.6374, 46, 44
1181, 1055, 16, 123, 0.9997, 1.0000, 1.2391, 18, 19
1181, 1060, 111, 123, 0.9997, 0.7248, 1.2666, 9, 9
1182, 1013, 56, 42, 0.9996, 1.0000, 1.6519, 56, 50
1182, 1049, 57, 24, 0.9408, 0.6096, 10.5494, 26, 26
1182, 1055, 17, 124, 0.9997, 1.0000, 1.4125, 19, 20
1182, 1066, 70, 31, 0.7924, 0.5556, 14.9807, 2, 3
1183, 1013, 58, 42, 0.9997, 1.0000, 2.0763, 57, 51
1183, 1055, 18, 125, 0.9997, 1.0000, 1.4424, 20, 21
1183, 1064, 125, 75, 0.9997, 0.6831, 1.0292, 8, 8
1184, 1013, 59, 42, 0.9997, 1.0000, 1.3342, 58, 52
1184, 1055, 19, 126, 0.9997, 1.0000, 1.4251, 21, 22
1184, 1064, 126, 76, 0.9997, 0.7248, 1.2235, 9, 9
1185, 1013, 60, 42, 0.9997, 1.0000, 0.9745, 59, 53
1185, 1047, 54, 87, 0.9887, 0.6189, 5.5303, 29, 26
1185, 1055, 19, 127, 0.9997, 1.0000, 1.0276, 22, 23
1185, 1064, 127, 77, 0.9997, 0.7665, 1.4127, 10, 10
1185, 1067, 8, 74, 0.8041, 0.5355, 9.7729, 6, 6
1185, 1068, 18, 10, 0.9980, 0.6946, 1.0573, 3, 4
1185, 1069, 34, 30, 0.9980, 0.6946, 1.0118, 3, 4
1185, 1070, 25, 31, 0.9981, 0.6947, 1.2628, 3, 4
1186, 1013, 62, 42, 0.9997, 1.0000, 1.7052, 60, 54
1186, 1055, 28, 125, 0.9834, 1.0000, 7.8581, 23, 24
1186, 1064, 126, 76, 0.9996, 0.8080, 0.7187, 11, 11
1186, 1068, 18, 11, 0.9996, 0.7268, 1.0471, 4, 5
1186, 1069, 35, 30, 0.9996, 0.7268, 0.9511, 4, 5
1186, 1070, 26, 30, 0.9996, 0.7268, 1.1072, 4, 5
1186, 1071, 58, 26, 0.9976, 0.6944, 2.3190, 3, 4
1187, 1013, 63, 42, 0.9997, 1.0000, 1.2732, 61, 55
1187, 1060, 125, 126, 0.9997, 0.6715, 2.5849, 15, 14
1187, 1068, 19, 12, 0.9997, 0.7623, 1.2914, 5, 6
1187, 1069, 36, 30, 0.9997, 0.7623, 0.9860, 5, 6
1187, 1070, 27, 31, 0.9997, 0.7623, 1.1054, 5, 6
1187, 1071, 60, 25, 0.9996, 0.7268, 2.1518, 4, 5
1187, 1072, 64, 26, 0.9978, 0.6945, 1.8285, 3, 4
1187, 1073, 5, 72, 0.9980, 0.6947, 1.2483, 3, 4
1188, 1013, 64, 42, 0.9997, 1.0000, 1.0015, 62, 56
1188, 1055, 68, 121, 0.8882, 0.9989, 21.4035, 25, 26
1188, 1068, 19, 13, 0.9997, 0.7998, 1.0451, 6, 7
1188, 1069, 38, 30, 0.9997, 0.7998, 1.7655, 6, 7
1188, 1070, 28, 31, 0.9997, 0.7998, 1.0303, 6, 7
1188, 1071, 62, 25, 0.9997, 0.7623, 1.9889, 5, 6
1188, 1072, 65, 24, 0.9994, 0.7267, 1.3778, 4, 5
1188, 1073, 7, 73, 0.9996, 0.7268, 1.8737, 4, 5
1189, 1013, 65, 42, 0.9997, 1.0000, 0.9607, 63, 57
1189, 1057, 105, 72, 0.9997, 0.7098, 1.0105, 25, 23
1189, 1069, 39, 30, 0.9997, 0.8384, 1.2945, 7, 8
1189, 1070, 29, 31, 0.9997, 0.8385, 1.0003, 7, 8
1189, 1071, 64, 25, 0.9997, 0.7998, 1.9823, 6, 7
1189, 1073, 7, 73, 0.9996, 0.7623, 0.5541, 5, 6
1190, 1013, 67, 42, 0.9997, 1.0000, 1.7487, 64, 58
1190, 1068, 11, 11, 0.9923, 0.8721, 7.0974, 8, 9
1190, 1069, 40, 30, 0.9997, 0.8779, 1.0008, 8, 9
1190, 1070, 30, 31, 0.9997, 0.8779, 1.0004, 8, 9
1190, 1071, 66, 24, 0.9997, 0.8384, 2.1256, 7, 8
1190, 1073, 10, 73, 0.9996, 0.7997, 2.2222, 6, 7
1191, 1013, 68, 42, 0.9997, 1.0000, 1.2917, 65, 59
1191, 1069, 41, 30, 0.9997, 0.9178, 0.9573, 9, 10
1191, 1070, 31, 31, 0.9997, 0.9178, 1.0001, 9, 10
1191, 1071, 68, 23, 0.9997, 0.8779, 2.2561, 8, 9
1191, 1073, 12, 74, 0.9997, 0.8384, 2.4180, 7, 8
1192, 1013, 69, 43, 0.9997, 1.0000, 1.2601, 66, 60
1192, 1069, 42, 29, 0.9997, 0.9580, 1.2454, 10, 11
1192, 1070, 32, 32, 0.9997, 0.9580, 1.2575, 10, 11
1192, 1071, 70, 21, 0.9997, 0.9178, 2.7045, 9, 10
1192, 1073, 13, 74, 0.9997, 0.8779, 1.3497, 8, 9
1192, 1075, 29, 122, 0.9644, 0.5822, 4.1282, 5, 5
1193, 1013, 71, 43, 0.9997, 1.0000, 1.7468, 67, 61
1193, 1069, 43, 29, 0.9997, 0.9986, 1.0417, 11, 12
1193, 1070, 33, 32, 0.9997, 0.9986, 1.0421, 11, 12
1193, 1073, 15, 74, 0.9997, 0.9178, 1.6958, 9, 10
1194, 1013, 72, 43, 0.9997, 1.0000, 1.2755, 68, 62
1194, 1069, 44, 29, 0.9997, 1.0000, 1.0024, 12, 13
1194, 1070, 34, 32, 0.9997, 1.0000, 1.0000, 12, 13
1194, 1073, 16, 75, 0.9997, 0.9580, 1.4176, 10, 11
1194, 1078, 9, 46, 0.9576, 0.6706, 8.2182, 3, 4
1194, 1079, 127, 117, 0.9980, 0.6946, 1.7377, 3, 4
1194, 1080, 63, 71, 0.9116, 0.6242, 11.6675, 2, 3
1195, 1013, 74, 43, 0.9997, 1.0000, 1.7643, 69, 63
1195, 1057, 111, 74, 0.9997, 0.6662, 1.0291, 31, 28
1195, 1069, 45, 29, 0.9997, 1.0000, 1.0018, 13, 14
1195, 1070, 38, 40, 0.9894, 1.0000, 7.9459, 13, 14
1195, 1073, 18, 75, 0.9997, 0.9986, 1.7678, 11, 12
1195, 1074, 32, 83, 0.9535, 0.5767, 4.9602, 11, 11
1196, 1013, 75, 43, 0.9997, 1.0000, 1.2517, 70, 64
1196, 1057, 112, 75, 0.9997, 0.7072, 1.2489, 32, 29
1196, 1069, 46, 28, 0.9997, 1.0000, 1.2486, 14, 15
1196, 1070, 48, 49, 0.9962, 1.0000, 12.5630, 14, 15
1196, 1073, 19, 75, 0.9997, 1.0000, 1.2530, 12, 13
1196, 1081, 23, 33, 0.9851, 0.5925, 8.9694, 6, 6
1196, 1083, 8, 2, 0.8398, 0.5199, 6.2932, 5, 5
1197, 1013, 76, 43, 0.9997, 1.0000, 0.9846, 71, 65
1197, 1057, 113, 75, 0.9997, 0.7483, 1.0308, 33, 30
1197, 1069, 39, 31, 0.9868, 1.0000, 6.4932, 15, 16
1197, 1073, 21, 75, 0.9997, 1.0000, 1.7522, 13, 14
1198, 1013, 78, 43, 0.9997, 1.0000, 1.7214, 72, 66
1198, 1057, 114, 76, 0.9997, 0.7894, 1.2500, 34, 31
1198, 1069, 26, 38, 0.9769, 1.0000, 13.9364, 16, 17
1198, 1071, 83, 16, 0.9997, 0.6831, 2.9314, 15, 15
1198, 1073, 23, 75, 0.9997, 1.0000, 2.0142, 14, 15
1198, 1076, 77, 30, 0.8493, 0.8290, 10.0480, 10, 11
1199, 1013, 79, 42, 0.9997, 1.0000, 1.4883, 73, 67
1199, 1069, 10, 42, 0.9966, 1.0000, 16.6571, 17, 18
1199, 1071, 85, 15, 0.9997, 0.7248, 2.4935, 16, 16
1199, 1073, 24, 76, 0.9997, 1.0000, 1.4887, 15, 16
1199, 1082, 32, 110, 0.9997, 0.6831, 1.4595, 8, 8
1200, 1013, 80, 44, 0.9996, 1.0000, 1.5905, 74, 68
1200, 1057, 115, 77, 0.9997, 0.8716, 1.0316, 36, 33
1200, 1071, 87, 14, 0.9997, 0.7665, 2.2346, 17, 17
1200, 1073, 26, 76, 0.9997, 1.0000, 1.7470, 16, 17
1200, 1082, 31, 113, 0.9996, 0.7248, 2.7028, 9, 9
1201, 1013, 83, 45, 0.9996, 1.0000, 2.8291, 75, 69
1201, 1057, 116, 77, 0.9997, 0.9128, 1.0308, 37, 34
1201, 1071, 89, 13, 0.9997, 0.8081, 2.1987, 18, 18
1201, 1073, 27, 76, 0.9997, 1.0000, 1.2353, 17, 18
1201, 1082, 29, 114, 0.9996, 0.7664, 2.3627, 10, 10
1202, 1057, 117, 78, 0.9997, 0.9540, 1.2843, 38, 35
1202, 1071, 93, 12, 0.9996, 0.8497, 3.6515, 19, 19
1202, 1073, 29, 76, 0.9997, 1.0000, 1.7490, 18, 19
1202, 1082, 28, 115, 0.9997, 0.8081, 1.6311, 11, 11
1202, 1086, 44, 37, 0.7513, 0.5320, 4.9927, 2, 3
1203, 1057, 118, 79, 0.9997, 0.9952, 1.4356, 39, 36
1203, 1073, 31, 77, 0.9997, 1.0000, 2.1497, 19, 20
1203, 1083, 7, 8, 0.9997, 0.7092, 0.6600, 12, 11
1203, 1082, 27, 117, 0.9997, 0.8497, 1.9547, 12, 12
1204, 1057, 119, 79, 0.9997, 1.0000, 1.0379, 40, 37
1204, 1073, 32, 77, 0.9997, 1.0000, 1.3115, 20, 21
1204, 1083, 7, 9, 0.9997, 0.7511, 0.9845, 13, 12
1204, 1082, 26, 118, 0.9997, 0.8914, 1.5824, 13, 13
1204, 1090, 41, 10, 0.8220, 0.5727, 8.3087, 2, 3
1205, 1057, 120, 80, 0.9997, 1.0000, 1.2316, 41, 38
1205, 1073, 35, 77, 0.9996, 1.0000, 2.4862, 21, 22
1205, 1083, 7, 10, 0.9997, 0.7929, 1.0437, 14, 13
1205, 1082, 25, 120, 0.9997, 0.9331, 2.0198, 14, 14
1205, 1089, 101, 25, 0.9601, 0.6721, 8.7649, 3, 4
1206, 1057, 121, 81, 0.9997, 1.0000, 1.4130, 42, 39
1206, 1073, 36, 78, 0.9996, 1.0000, 1.6892, 22, 23
1206, 1083, 7, 11, 0.9997, 0.8348, 1.0190, 15, 14
1206, 1082, 24, 121, 0.9997, 0.9747, 1.6039, 15, 15
1206, 1088, 44, 42, 0.9993, 0.6830, 1.8804, 8, 8
1206, 1087, 48, 34, 0.9997, 0.6831, 0.9105, 8, 8
1206, 1089, 115, 35, 0.8569, 0.6374, 16.6432, 4, 5
1207, 1057, 122, 81, 0.9997, 1.0000, 1.0375, 43, 40
1207, 1073, 37, 78, 0.9997, 1.0000, 1.0223, 23, 24
1207, 1083, 7, 12, 0.9997, 0.8766, 1.0009, 16, 15
1207, 1082, 23, 123, 0.9997, 1.0000, 2.0163, 16, 16
1207, 1088, 43, 43, 0.9997, 0.7248, 1.4540, 9, 9
1207, 1087, 49, 34, 0.9997, 0.7248, 0.9849, 9, 9
1207, 1091, 103, 15, 0.9414, 0.6609, 4.7053, 3, 4
1207, 1092, 90, 45, 0.9981, 0.6947, 1.7693, 3, 4
1208, 1057, 122, 82, 0.9997, 1.0000, 0.7613, 44, 41
1208, 1071, 105, 5, 0.9997, 0.6761, 2.2428, 25, 24
1208, 1073, 39, 78, 0.9997, 1.0000, 1.6811, 24, 25
1208, 1083, 7, 13, 0.9997, 0.9184, 0.9976, 17, 16
1208, 1082, 22, 125, 0.9997, 1.0000, 2.2482, 17, 17
1208, 1088, 43, 44, 0.9997, 0.7664, 1.0169, 10, 10
1208, 1087, 50, 34, 0.9997, 0.7665, 1.0071, 10, 10
1208, 1092, 91, 45, 0.9996, 0.7268, 1.2919, 4, 5
1209, 1057, 123, 83, 0.9997, 1.0000, 1.2254, 45, 42
1209, 1071, 108, 3, 0.9997, 0.7176, 3.2441, 26, 25
1209, 1073, 41, 79, 0.9997, 1.0000, 2.1517, 25, 26
1209, 1083, 6, 13, 0.9997, 0.9601, 0.7992, 18, 17
1209, 1082, 21, 126, 0.9997, 1.0000, 1.6225, 18, 18
1209, 1088, 42, 45, 0.9997, 0.8081, 1.2188, 11, 11
1209, 1087, 52, 35, 0.9997, 0.8081, 1.9264, 11, 11
1209, 1092, 93, 46, 0.9997, 0.7623, 1.9217, 5, 6
1209, 1094, 11, 90, 0.8469, 0.5869, 6.7745, 2, 3
1210, 1057, 124, 83, 0.9997, 1.0000, 1.0375, 46, 43
1210, 1071, 110, 2, 0.9997, 0.7590, 2.6161, 27, 26
1210, 1073, 43, 79, 0.9997, 1.0000, 2.0751, 26, 27
1210, 1083, 7, 13, 0.9996, 1.0000, 0.4754, 19, 18
1210, 1088, 42, 47, 0.9997, 0.8497, 1.7656, 12, 12
1210, 1087, 53, 35, 0.9997, 0.8498, 1.3257, 12, 12
1210, 1094, 20, 89, 0.9806, 0.6842, 9.1435, 3, 4
1211, 1057, 125, 84, 0.9997, 1.0000, 1.2691, 47, 44
1211, 1071, 113, 2, 0.9996, 0.8005, 2.7734, 28, 27
1211, 1073, 44, 79, 0.9997, 1.0000, 1.2538, 27, 28
1211, 1083, 7, 16, 0.9996, 1.0000, 2.2552, 20, 19
1211, 1088, 41, 48, 0.9997, 0.8914, 1.4946, 13, 13
1211, 1087, 54, 35, 0.9997, 0.8914, 0.9996, 13, 13
1212, 1057, 126, 84, 0.9997, 1.0000, 1.0433, 48, 45
1212, 1071, 115, 0, 0.9996, 0.8420, 2.6670, 29, 28
1212, 1073, 46, 80, 0.9997, 1.0000, 1.8538, 28, 29
1212, 1083, 7, 18, 0.9997, 1.0000, 2.3905, 21, 20
1212, 1088, 41, 49, 0.9997, 0.9331, 1.0333, 14, 14
1212, 1087, 55, 35, 0.9997, 0.9331, 0.9581, 14, 14
1212, 1093, 55, 84, 0.9996, 0.7997, 1.5279, 6, 7
1212, 1098, 61, 85, 0.9903, 0.6901, 6.7982, 3, 4
1213, 1057, 127, 85, 0.9997, 1.0000, 1.2491, 49, 46
1213, 1073, 48, 80, 0.9997, 1.0000, 2.0159, 29, 30
1213, 1083, 7, 19, 0.9997, 1.0000, 1.3509, 22, 21
1213, 1088, 40, 51, 0.9997, 0.9747, 1.8784, 15, 15
1213, 1087, 56, 35, 0.9997, 0.9747, 0.9838, 15, 15
1213, 1093, 56, 86, 0.9995, 0.8383, 1.2146, 7, 8
1213, 1100, 91, 31, 0.9331, 0.6365, 8.0850, 2, 3
1214, 1057, 125, 83, 0.9993, 1.0000, 2.4218, 50, 47
1214, 1073, 50, 81, 0.9997, 1.0000, 2.1798, 30, 31
1214, 1083, 6, 20, 0.9997, 1.0000, 1.2148, 23, 22
1214, 1088, 40, 52, 0.9997, 1.0000, 1.2998, 16, 16
1214, 1087, 58, 36, 0.9997, 1.0000, 1.9222, 16, 16
1214, 1093, 55, 86, 0.9996, 0.8778, 0.7507, 8, 9
1215, 1073, 51, 81, 0.9997, 1.0000, 1.2774, 31, 32
1215, 1083, 6, 21, 0.9997, 1.0000, 0.9683, 24, 23
1215, 1088, 40, 53, 0.9997, 1.0000, 0.9999, 17, 17
1215, 1087, 59, 36, 0.9997, 1.0000, 1.3272, 17, 17
1215, 1101, 122, 101, 0.9980, 0.6946, 1.7905, 3, 4
1216, 1073, 53, 81, 0.9997, 1.0000, 1.7084, 32, 33
1216, 1083, 6, 22, 0.9997, 1.0000, 0.9805, 25, 24
1216, 1088, 39, 55, 0.9997, 1.0000, 1.8688, 18, 18
1216, 1087, 60, 36, 0.9997, 1.0000, 1.0009, 18, 18
1216, 1101, 123, 102, 0.9996, 0.7268, 1.4986, 4, 5
1217, 1073, 55, 82, 0.9997, 1.0000, 2.1239, 33, 34
1217, 1083, 5, 24, 0.9997, 1.0000, 1.9089, 26, 25
1217, 1088, 39, 56, 0.9997, 1.0000, 1.3063, 19, 19
1217, 1087, 61, 36, 0.9997, 1.0000, 0.9584, 19, 19
1217, 1101, 124, 102, 0.9997, 0.7623, 1.0302, 5, 6
1217, 1102, 103, 49, 0.9980, 0.6946, 1.4906, 3, 4
1218, 1073, 57, 82, 0.9997, 1.0000, 2.0605, 34, 35
1218, 1083, 6, 23, 0.9995, 1.0000, 0.5407, 27, 26
1218, 1088, 38, 57, 0.9997, 1.0000, 1.2589, 20, 20
1218, 1101, 126, 103, 0.9997, 0.7998, 1.8769, 6, 7
1218, 1102, 105, 49, 0.9996, 0.7268, 1.7843, 4, 5
1218, 1104, 8, 1, 0.9980, 0.6946, 0.7813, 3, 4
1218, 1105, 28, 2, 0.9960, 0.6934, 1.4035, 3, 4
1219, 1073, 59, 82, 0.9997, 1.0000, 2.0163, 35, 36
1219, 1083, 6, 25, 0.9996, 1.0000, 1.2169, 28, 27
1219, 1088, 37, 59, 0.9997, 1.0000, 2.0005, 21, 21
1219, 1087, 64, 36, 0.9996, 1.0000, 2.2360, 21, 21
1219, 1101, 127, 103, 0.9997, 0.8384, 1.2997, 7, 8
1219, 1102, 106, 49, 0.9997, 0.7623, 1.2494, 5, 6
1219, 1104, 8, 2, 0.9996, 0.7268, 0.8064, 4, 5
1219, 1105, 27, 4, 0.9995, 0.7268, 2.2638, 4, 5
1220, 1073, 61, 83, 0.9997, 1.0000, 2.1270, 36, 37
1220, 1083, 5, 26, 0.9997, 1.0000, 1.4436, 29, 28
1220, 1088, 37, 60, 0.9997, 1.0000, 1.3060, 22, 22
1220, 1087, 70, 39, 0.9988, 1.0000, 6.5823, 22, 22
1220, 1099, 23, 97, 0.9997, 0.6686, 1.7600, 12, 11
1220, 1101, 124, 105, 0.9990, 0.8773, 3.2004, 8, 9
1220, 1102, 107, 50, 0.9997, 0.7998, 1.2204, 6, 7
1220, 1104, 9, 4, 0.9996, 0.7623, 2.0065, 5, 6
1220, 1107, 92, 28, 0.9940, 0.6923, 3.8752, 3, 4
1221, 1073, 63, 83, 0.9997, 1.0000, 2.0167, 37, 38
1221, 1083, 5, 27, 0.9997, 1.0000, 1.1152, 30, 29
1221, 1088, 37, 61, 0.9997, 1.0000, 1.0009, 23, 23
1221, 1099, 24, 98, 0.9997, 0.7104, 1.4573, 13, 12
1221, 1102, 108, 50, 0.9997, 0.8384, 0.9965, 7, 8
1221, 1104, 9, 5, 0.9997, 0.7998, 1.3855, 6, 7
1222, 1073, 65, 83, 0.9997, 1.0000, 1.9991, 38, 39
1222, 1083, 5, 28, 0.9997, 1.0000, 0.9900, 31, 30
1222, 1088, 36, 63, 0.9997, 1.0000, 1.8631, 24, 24
1222, 1099, 26, 98, 0.9997, 0.7522, 1.7734, 14, 13
1222, 1102, 110, 50, 0.9997, 0.8779, 1.7500, 8, 9
1222, 1104, 9, 6, 0.9997, 0.8384, 1.0129, 7, 8
1222, 1108, 28, 101, 0.7518, 0.5323, 18.6320, 2, 3
1223, 1073, 67, 84, 0.9997, 1.0000, 2.1269, 39, 40
1223, 1083, 5, 29, 0.9997, 1.0000, 0.9869, 32, 31
1223, 1088, 36, 64, 0.9997, 1.0000, 1.3060, 25, 25
1223, 1099, 28, 98, 0.9997, 0.7939, 2.0134, 15, 14
1223, 1102, 112, 51, 0.9997, 0.9178, 2.1802, 9, 10
1223, 1104, 9, 8, 0.9997, 0.8779, 1.7164, 8, 9
1223, 1106, 33, 45, 0.9997, 0.6831, 1.0173, 7, 7
1223, 1109, 0, 93, 0.9968, 0.6939, 1.5921, 3, 4
1224, 1073, 69, 83, 0.9996, 1.0000, 2.0587, 40, 41
1224, 1083, 5, 30, 0.9997, 1.0000, 0.9963, 33, 32
1224, 1088, 35, 65, 0.9997, 1.0000, 1.2599, 26, 26
1224, 1099, 29, 99, 0.9997, 0.8357, 1.4678, 16, 15
1224, 1102, 113, 51, 0.9997, 0.9580, 1.3234, 10, 11
1224, 1104, 9, 9, 0.9997, 0.9178, 1.2717, 9, 10
1224, 1106, 28, 55, 0.9488, 0.6930, 9.7860, 8, 8
1224, 1109, 2, 92, 0.9994, 0.7267, 1.6307, 4, 5
1224, 1110, 71, 36, 0.9981, 0.6947, 1.7693, 3, 4
1225, 1083, 5, 32, 0.9997, 1.0000, 1.7645, 34, 33
1225, 1088, 35, 67, 0.9997, 1.0000, 1.7420, 27, 27
1225, 1099, 31, 99, 0.9997, 0.8774, 1.7441, 17, 16
1225, 1102, 115, 51, 0.9997, 0.9986, 1.7221, 11, 12
1225, 1104, 9, 10, 0.9997, 0.9581, 0.9993, 10, 11
1225, 1105, 22, 10, 0.9997, 0.6831, 1.3983, 10, 10
1225, 1109, 3, 93, 0.9997, 0.7623, 1.4643, 5, 6
1225, 1110, 72, 36, 0.9996, 0.7268, 1.2919, 4, 5
1226, 1083, 5, 33, 0.9997, 1.0000, 1.2926, 35, 34
1226, 1088, 35, 68, 0.9997, 1.0000, 1.2765, 28, 28
1226, 1099, 33, 99, 0.9997, 0.9192, 1.9993, 18, 17
1226, 1102, 116, 52, 0.9997, 1.0000, 1.4296, 12, 13
1226, 1104, 9, 13, 0.9996, 0.9985, 2.4880, 11, 12
1226, 1105, 24, 23, 0.6316, 0.4948, 11.7502, 11, 11
1226, 1110, 82, 31, 0.9316, 0.7172, 10.4600, 5, 6
1227, 1083, 5, 34, 0.9997, 1.0000, 1.0002, 36, 35
1227, 1088, 34, 69, 0.9997, 1.0000, 1.2330, 29, 29
1227, 1099, 34, 99, 0.9997, 0.9609, 1.2770, 19, 18
1227, 1102, 118, 52, 0.9997, 1.0000, 1.7693, 13, 14
1227, 1110, 99, 25, 0.9698, 0.7788, 16.5885, 6, 7
1227, 1111, 76, 6, 0.6534, 0.4757, 13.0629, 2, 3
1228, 1083, 5, 35, 0.9997, 1.0000, 0.9574, 37, 36
1228, 1088, 34, 71, 0.9997, 1.0000, 1.7458, 30, 30
1228, 1099, 36, 100, 0.9997, 1.0000, 1.8792, 20, 19
1228, 1102, 119, 52, 0.9997, 1.0000, 1.2516, 14, 15
1228, 1113, 1, 60, 0.9978, 0.6945, 1.5269, 3, 4
1228, 1114, 19, 12, 0.9243, 0.6315, 9.6098, 2, 3
1229, 1083, 5, 36, 0.9997, 1.0000, 0.9837, 38, 37
1229, 1088, 34, 72, 0.9997, 1.0000, 1.2764, 31, 31
1229, 1099, 37, 100, 0.9997, 1.0000, 1.2701, 21, 20
1229, 1102, 121, 53, 0.9997, 1.0000, 1.8946, 15, 16
1229, 1115, 5, 3, 0.9586, 0.6711, 6.1805, 3, 4
1229, 1116, 4, 13, 0.9857, 0.6873, 6.6228, 3, 4
1229, 1117, 22, 30, 0.7279, 0.5185, 9.8910, 2, 3
1230, 1073, 81, 88, 0.9997, 0.6831, 2.9457, 46, 46
1230, 1083, 5, 37, 0.9997, 1.0000, 1.0000, 39, 38
1230, 1088, 33, 73, 0.9997, 1.0000, 1.2344, 32, 32
1230, 1099, 39, 100, 0.9997, 1.0000, 1.7485, 22, 21
1230, 1102, 122, 53, 0.9997, 1.0000, 1.2803, 16, 17
1230, 1116, 16, 21, 0.8172, 0.6124, 13.6026, 4, 5
1230, 1118, 79, 37, 0.9980, 0.6946, 1.4906, 3, 4
1231, 1073, 83, 88, 0.9997, 0.7248, 2.3073, 47, 47
1231, 1083, 5, 38, 0.9997, 1.0000, 1.0024, 40, 39
1231, 1088, 33, 75, 0.9997, 1.0000, 1.7456, 33, 33
1231, 1099, 41, 101, 0.9997, 1.0000, 2.1409, 23, 22
1231, 1102, 124, 53, 0.9997, 1.0000, 1.7499, 17, 18
1231, 1109, 10, 95, 0.9997, 0.6831, 0.9602, 11, 11
1231, 1112, 112, 121, 0.9997, 0.6831, 1.0322, 7, 7
1231, 1118, 80, 37, 0.9996, 0.7268, 1.0375, 4, 5
1232, 1073, 84, 89, 0.9996, 0.7664, 1.4313, 48, 48
1232, 1083, 5, 39, 0.9997, 1.0000, 1.0009, 41, 40
1232, 1088, 32, 75, 0.9996, 1.0000, 0.9199, 34, 34
1232, 1099, 42, 101, 0.9997, 1.0000, 1.3080, 24, 23
1232, 1102, 125, 54, 0.9997, 1.0000, 1.4443, 18, 19
1232, 1104, 10, 20, 0.9997, 0.6831, 1.7347, 17, 17
1232, 1109, 11, 96, 0.9997, 0.7248, 1.2056, 12, 12
1232, 1112, 114, 122, 0.9997, 0.7248, 1.8434, 8, 8
1232, 1118, 81, 38, 0.9997, 0.7623, 1.2250, 5, 6
1232, 1120, 16, 15, 0.9980, 0.6947, 1.2437, 3, 4
1233, 1073, 87, 90, 0.9996, 0.8081, 2.6270, 49, 49
1233, 1083, 5, 40, 0.9997, 1.0000, 1.0000, 42, 41
1233, 1088, 31, 78, 0.9996, 1.0000, 2.4558, 35, 35
1233, 1099, 44, 102, 0.9997, 1.0000, 1.8840, 25, 24
1233, 1102, 127, 54, 0.9997, 1.0000, 1.7717, 19, 20
1233, 1104, 10, 21, 0.9997, 0.7248, 1.2762, 18, 18
1233, 1109, 13, 97, 0.9997, 0.7664, 2.0400, 13, 13
1233, 1118, 83, 37, 0.9996, 0.7997, 1.8225, 6, 7
1233, 1120, 15, 16, 0.9996, 0.7268, 1.4189, 4, 5
1233, 1121, 63, 0, 0.7140, 0.5105, 7.2412, 2, 3
1233, 1122, 40, 48, 0.7131, 0.5100, 16.6242, 2, 3
1234, 1073, 89, 90, 0.9997, 0.8497, 2.2923, 50, 50
1234, 1083, 5, 41, 0.9997, 1.0000, 0.9999, 43, 42
1234, 1088, 31, 79, 0.9997, 1.0000, 1.5678, 36, 36
1234, 1099, 46, 102, 0.9997, 1.0000, 2.0149, 26, 25
1234, 1104, 10, 23, 0.9997, 0.7664, 1.7623, 19, 19
1234, 1109, 14, 97, 0.9997, 0.8081, 1.3261, 14, 14
1234, 1118, 84, 37, 0.9997, 0.8384, 1.3282, 7, 8
1234, 1120, 14, 16, 0.9997, 0.7623, 1.0676, 5, 6
1234, 1122, 51, 25, 0.6758, 0.5027, 24.1803, 3, 4
1235, 1073, 92, 91, 0.9997, 0.8914, 2.8984, 51, 51
1235, 1083, 5, 43, 0.9997, 1.0000, 1.7639, 44, 43
1235, 1099, 47, 102, 0.9997, 1.0000, 1.2764, 27, 26
1235, 1104, 10, 24, 0.9997, 0.8081, 1.2509, 20, 20
1235, 1109, 15, 98, 0.9997, 0.8498, 1.2360, 15, 15
1235, 1115, 10, 6, 0.9997, 0.6831, 0.9777, 9, 9
1235, 1118, 86, 37, 0.9997, 0.8779, 1.7668, 8, 9
1235, 1120, 13, 17, 0.9997, 0.7998, 1.2374, 6, 7
1235, 1124, 126, 30, 0.8215, 0.5895, 8.2498, 3, 4
1235, 1125, 38, 57, 0.9942, 0.6924, 1.3537, 3, 4
1236, 1073, 94, 92, 0.9997, 0.9331, 2.4786, 52, 52
1236, 1083, 5, 44, 0.9997, 1.0000, 1.2918, 45, 44
1236, 1088, 30, 82, 0.9996, 1.0000, 2.2797, 38, 38
1236, 1099, 49, 103, 0.9997, 1.0000, 1.8685, 28, 27
1236, 1104, 9, 27, 0.9996, 0.8497, 2.6258, 21, 21
1236, 1109, 17, 98, 0.9997, 0.8914, 1.7373, 16, 16
1236, 1115, 11, 6, 0.9997, 0.7248, 0.9923, 10, 10
1236, 1118, 87, 37, 0.9997, 0.9178, 1.2504, 9, 10
1236, 1120, 12, 18, 0.9997, 0.8385, 1.4140, 7, 8
1236, 1125, 39, 58, 0.9995, 0.7268, 1.2107, 4, 5
1237, 1073, 96, 92, 0.9997, 0.9747, 2.0038, 53, 53
1237, 1083, 4, 46, 0.9997, 1.0000, 1.9223, 46, 45
1237, 1088, 29, 84, 0.9997, 1.0000, 2.5401, 39, 39
1237, 1099, 52, 103, 0.9997, 1.0000, 2.7779, 29, 28
1237, 1109, 18, 99, 0.9997, 0.9331, 1.4785, 17, 17
1237, 1115, 13, 7, 0.9997, 0.7664, 1.9239, 11, 11
1237, 1118, 89, 37, 0.9997, 0.9581, 1.7477, 10, 11
1237, 1120, 11, 19, 0.9997, 0.8779, 1.4431, 8, 9
1237, 1125, 37, 64, 0.9986, 0.7616, 5.7212, 5, 6
1238, 1073, 98, 93, 0.9997, 1.0000, 2.0847, 54, 54
1238, 1083, 4, 46, 0.9996, 1.0000, 0.5663, 47, 46
1238, 1088, 29, 85, 0.9996, 1.0000, 1.3649, 40, 40
1238, 1099, 53, 104, 0.9996, 1.0000, 1.7447, 30, 29
1238, 1109, 19, 99, 0.9997, 0.9747, 1.0311, 18, 18
1238, 1115, 14, 7, 0.9997, 0.8081, 1.3257, 12, 12
1238, 1118, 90, 38, 0.9997, 0.9986, 1.4654, 11, 12
1238, 1120, 10, 19, 0.9997, 0.9178, 1.0305, 9, 10
1238, 1126, 20, 36, 0.8916, 0.6127, 12.7385, 2, 3
1239, 1073, 100, 94, 0.9997, 1.0000, 2.2227, 55, 55
1239, 1083, 4, 47, 0.9997, 1.0000, 0.6919, 48, 47
1239, 1088, 29, 86, 0.9997, 1.0000, 0.9358, 41, 41
1239, 1099, 54, 104, 0.9997, 1.0000, 0.9921, 31, 30
1239, 1109, 20, 100, 0.9997, 1.0000, 1.2186, 19, 19
1239, 1115, 15, 6, 0.9997, 0.8497, 1.2589, 13, 13
1239, 1118, 91, 38, 0.9997, 1.0000, 1.0279, 12, 13
1239, 1120, 8, 16, 0.9995, 0.9579, 2.9364, 10, 11
1240, 1073, 102, 95, 0.9997, 1.0000, 2.2551, 56, 56
1240, 1083, 4, 49, 0.9997, 1.0000, 1.7219, 49, 48
1240, 1088, 28, 87, 0.9997, 1.0000, 1.1649, 42, 42
1240, 1099, 56, 105, 0.9997, 1.0000, 1.8261, 32, 31
1240, 1109, 22, 100, 0.9997, 1.0000, 1.7664, 20, 20
1240, 1115, 16, 7, 0.9996, 0.8914, 1.0493, 14, 14
1240, 1118, 93, 38, 0.9997, 1.0000, 1.7223, 13, 14
1240, 1127, 72, 39, 0.7007, 0.5029, 6.1992, 2, 3
1241, 1073, 105, 95, 0.9997, 1.0000, 2.7778, 57, 57
1241, 1083, 4, 50, 0.9997, 1.0000, 1.3206, 50, 49
1241, 1088, 28, 89, 0.9997, 1.0000, 1.7670, 43, 43
1241, 1099, 58, 105, 0.9997, 1.0000, 2.0393, 33, 32
1241, 1109, 23, 101, 0.9997, 1.0000, 1.4937, 21, 21
1241, 1115, 17, 7, 0.9997, 0.9331, 1.0215, 15, 15
1241, 1118, 94, 38, 0.9997, 1.0000, 1.2786, 14, 15
1242, 1073, 107, 96, 0.9997, 1.0000, 2.3995, 58, 58
1242, 1083, 4, 51, 0.9997, 1.0000, 1.0172, 51, 50
1242, 1088, 27, 90, 0.9997, 1.0000, 1.5050, 44, 44
1242, 1099, 60, 106, 0.9997, 1.0000, 2.1903, 34, 33
1242, 1104, 12, 34, 0.9996, 0.6766, 2.1285, 27, 26
1242, 1109, 24, 101, 0.9997, 1.0000, 1.0329, 22, 22
1242, 1115, 20, 7, 0.9996, 0.9747, 2.5282, 16, 16
1242, 1118, 96, 38, 0.9997, 1.0000, 1.7648, 15, 16
1243, 1073, 109, 97, 0.9997, 1.0000, 2.2350, 59, 59
1243, 1083, 4, 52, 0.9997, 1.0000, 0.9598, 52, 51
1243, 1088, 27, 92, 0.9997, 1.0000, 1.7860, 45, 45
1243, 1099, 62, 106, 0.9997, 1.0000, 2.0341, 35, 34
1243, 1104, 12, 35, 0.9997, 0.7181, 1.4126, 28, 27
1243, 1109, 26, 102, 0.9997, 1.0000, 1.8784, 23, 23
1243, 1118, 97, 38, 0.9997, 1.0000, 1.2515, 16, 17
1243, 1120, 19, 8, 0.9335, 0.5667, 8.3848, 14, 14
1244, 1073, 111, 98, 0.9997, 1.0000, 2.2172, 60, 60
1244, 1083, 7, 56, 0.9992, 1.0000, 4.4778, 53, 52
1244, 1088, 26, 93, 0.9997, 1.0000, 1.4572, 46, 46
1244, 1099, 63, 107, 0.9997, 1.0000, 1.4447, 36, 35
1244, 1104, 13, 36, 0.9997, 0.7596, 1.2856, 29, 28
1244, 1109, 27, 103, 0.9997, 1.0000, 1.6294, 24, 24
1244, 1118, 98, 39, 0.9997, 1.0000, 1.2476, 17, 18
1245, 1073, 113, 99, 0.9997, 1.0000, 2.2289, 61, 61
1245, 1088, 26, 95, 0.9997, 1.0000, 1.7651, 47, 47
1245, 1099, 65, 107, 0.9997, 1.0000, 1.7232, 37, 36
1245, 1104, 13, 37, 0.9997, 0.8010, 0.9834, 30, 29
1245, 1109, 29, 103, 0.9997, 1.0000, 1.7856, 25, 25
1245, 1118, 99, 38, 0.9996, 1.0000, 1.0671, 18, 19
1245, 1129, 9, 44, 0.8364, 0.5809, 11.0150, 2, 3
1246, 1073, 114, 101, 0.9997, 1.0000, 2.1540, 62, 62
1246, 1088, 25, 96, 0.9997, 1.0000, 1.4568, 48, 48
1246, 1099, 67, 108, 0.9997, 1.0000, 2.1350, 38, 37
1246, 1104, 14, 38, 0.9997, 0.8425, 1.2263, 31, 30
1246, 1109, 30, 104, 0.9997, 1.0000, 1.4449, 26, 26
1246, 1118, 98, 39, 0.9996, 1.0000, 0.7187, 19, 20
1246, 1121, 67, 11, 0.9997, 0.6598, 1.0421, 15, 13
1247, 1088, 25, 97, 0.9997, 1.0000, 1.0173, 49, 49
1247, 1099, 69, 108, 0.9997, 1.0000, 2.0579, 39, 38
1247, 1104, 15, 40, 0.9997, 0.8840, 2.0330, 32, 31
1247, 1109, 31, 104, 0.9997, 1.0000, 1.0124, 27, 27
1247, 1118, 101, 40, 0.9994, 1.0000, 2.8923, 20, 21
1247, 1121, 68, 12, 0.9997, 0.7014, 1.2468, 16, 14
1247, 1131, 18, 18, 0.9885, 0.6890, 1.8358, 3, 4
1247, 1132, 121, 49, 0.9978, 0.6945, 0.5488, 3, 4
1248, 1088, 24, 99, 0.9997, 1.0000, 1.8785, 50, 50
1248, 1099, 71, 109, 0.9997, 1.0000, 2.1514, 40, 39
1248, 1104, 16, 41, 0.9997, 0.9255, 1.6622, 33, 32
1248, 1109, 33, 105, 0.9997, 1.0000, 1.8770, 28, 28
1248, 1115, 26, 8, 0.9997, 0.6752, 1.7769, 22, 21
1248, 1118, 103, 41, 0.9997, 1.0000, 2.1672, 21, 22
1248, 1121, 68, 13, 0.9997, 0.7429, 1.0378, 17, 15
1248, 1131, 19, 17, 0.9993, 0.7266, 1.4968, 4, 5
1248, 1132, 125, 48, 0.9992, 0.7266, 3.8885, 4, 5
1248, 1134, 0, 26, 0.9978, 0.6946, 1.3126, 3, 4
1249, 1088, 24, 100, 0.9997, 1.0000, 1.3021, 51, 51
1249, 1099, 73, 109, 0.9997, 1.0000, 2.0156, 41, 40
1249, 1104, 16, 42, 0.9997, 0.9670, 1.0319, 34, 33
1249, 1109, 34, 105, 0.9997, 1.0000, 1.3023, 29, 29
1249, 1115, 27, 8, 0.9997, 0.7166, 1.2924, 23, 22
1249, 1118, 106, 41, 0.9997, 1.0000, 2.6272, 22, 23
1249, 1121, 68, 14, 0.9997, 0.7845, 0.9977, 18, 16
1249, 1131, 20, 17, 0.9997, 0.7623, 1.0862, 5, 6
1249, 1134, 3, 24, 0.9988, 0.7263, 3.1943, 4, 5
1250, 1088, 23, 102, 0.9997, 1.0000, 1.9175, 52, 52
1250, 1099, 74, 110, 0.9997, 1.0000, 1.4438, 42, 41
1250, 1104, 17, 43, 0.9997, 1.0000, 1.1905, 35, 34
1250, 1109, 36, 106, 0.9997, 1.0000, 1.9179, 30, 30
1250, 1115, 28, 9, 0.9997, 0.7581, 1.2581, 24, 23
1250, 1121, 69, 15, 0.9997, 0.8261, 1.2337, 19, 17
1250, 1131, 21, 18, 0.9997, 0.7998, 1.2967, 6, 7
1250, 1134, 6, 20, 0.9995, 0.7622, 4.5896, 5, 6
1250, 1136, 124, 103, 0.9980, 0.6946, 2.2353, 3, 4
1251, 1088, 23, 103, 0.9997, 1.0000, 1.2763, 53, 53
1251, 1099, 76, 110, 0.9997, 1.0000, 1.7255, 43, 42
1251, 1104, 17, 44, 0.9997, 1.0000, 1.0110, 36, 35
1251, 1109, 37, 107, 0.9997, 1.0000, 1.6108, 31, 31
1251, 1115, 29, 9, 0.9997, 0.7996, 1.0003, 25, 24
1251, 1121, 70, 15, 0.9997, 0.8677, 1.0667, 20, 18
1251, 1131, 22, 18, 0.9997, 0.8384, 1.0380, 7, 8
1251, 1133, 114, 63, 0.9997, 0.6831, 1.2984, 7, 7
1251, 1136, 126, 104, 0.9996, 0.7268, 2.2167, 4, 5
1251, 1137, 69, 37, 0.9885, 0.6890, 1.8358, 3, 4
1251, 1138, 115, 39, 0.7512, 0.5319, 9.1067, 2, 3
1252, 1088, 22, 104, 0.9997, 1.0000, 1.2376, 54, 54
1252, 1099, 78, 111, 0.9997, 1.0000, 2.1360, 44, 43
1252, 1104, 18, 45, 0.9997, 1.0000, 1.2499, 37, 36
1252, 1109, 39, 107, 0.9997, 1.0000, 1.7704, 32, 32
1252, 1115, 32, 9, 0.9996, 0.8411, 2.5116, 26, 25
1252, 1121, 70, 18, 0.9996, 0.9092, 2.2552, 21, 19
1252, 1131, 23, 18, 0.9997, 0.8779, 0.9954, 8, 9
1252, 1133, 113, 64, 0.9996, 0.7247, 0.7419, 8, 8
1252, 1135, 1, 63, 0.9997, 0.6831, 0.9983, 7, 7
1252, 1137, 74, 38, 0.9949, 0.7239, 4.1261, 4, 5
1253, 1088, 22, 106, 0.9997, 1.0000, 1.7394, 55, 55
1253, 1099, 80, 111, 0.9997, 1.0000, 2.0579, 45, 44
1253, 1104, 19, 46, 0.9997, 1.0000, 1.4274, 38, 37
1253, 1109, 40, 108, 0.9997, 1.0000, 1.4429, 33, 33
1253, 1135, 1, 65, 0.9997, 0.7248, 1.7477, 8, 8
1253, 1142, 54, 107, 0.9506, 0.6664, 7.5522, 3, 4
1254, 1088, 21, 108, 0.9997, 1.0000, 2.1751, 56, 56
1254, 1099, 82, 112, 0.9997, 1.0000, 2.1513, 46, 45
1254, 1104, 19, 48, 0.9997, 1.0000, 1.7867, 39, 38
1254, 1109, 42, 108, 0.9997, 1.0000, 1.7657, 34, 34
1254, 1131, 19, 16, 0.9989, 0.9574, 4.1717, 10, 11
1254, 1135, 1, 66, 0.9997, 0.7664, 1.2925, 9, 9
1254, 1141, 111, 16, 0.9988, 0.7263, 4.3601, 4, 5
1254, 1143, 48, 80, 0.9978, 0.6945, 1.4361, 3, 4
1255, 1088, 20, 109, 0.9997, 1.0000, 1.6429, 57, 57
1255, 1099, 84, 112, 0.9997, 1.0000, 2.0156, 47, 46
1255, 1104, 20, 49, 0.9997, 1.0000, 1.4799, 40, 39
1255, 1109, 43, 109, 0.9997, 1.0000, 1.4570, 35, 35
1255, 1118, 113, 44, 0.9997, 0.6831, 1.2950, 28, 28
1255, 1133, 118, 56, 0.9627, 0.4746, 4.5865, 11, 10
1255, 1135, 1, 67, 0.9997, 0.8081, 1.0025, 10, 10
1255, 1143, 40, 85, 0.9768, 0.7125, 8.1049, 4, 5
1256, 1088, 20, 112, 0.9996, 1.0000, 2.5031, 58, 58
1256, 1099, 86, 113, 0.9997, 1.0000, 2.1338, 48, 47
1256, 1104, 20, 50, 0.9997, 1.0000, 1.0271, 41, 40
1256, 1109, 44, 110, 0.9997, 1.0000, 1.4155, 36, 36
1256, 1118, 114, 44, 0.9997, 0.7248, 0.9851, 29, 29
1256, 1135, 1, 69, 0.9997, 0.8498, 1.7223, 11, 11
1256, 1143, 23, 90, 0.7050, 0.5671, 17.0307, 5, 6
1256, 1144, 87, 4, 0.9980, 0.6946, 2.0513, 3, 4
1256, 1145, 116, 0, 0.9981, 0.6947, 2.0437, 3, 4
1257, 1099, 88, 113, 0.9997, 1.0000, 2.0147, 49, 48
1257, 1104, 21, 51, 0.9997, 1.0000, 1.2152, 42, 41
1257, 1109, 46, 110, 0.9997, 1.0000, 1.7445, 37, 37
1257, 1118, 116, 44, 0.9997, 0.7664, 1.7204, 30, 30
1257, 1135, 0, 69, 0.9996, 0.8914, 0.9213, 12, 12
1257, 1144, 86, 5, 0.9996, 0.7268, 1.6652, 4, 5
1257, 1145, 117, 1, 0.9996, 0.7268, 1.4969, 4, 5
1258, 1099, 90, 114, 0.9997, 1.0000, 2.1360, 50, 49
1258, 1104, 22, 53, 0.9997, 1.0000, 2.0213, 43, 42
1258, 1109, 47, 111, 0.9997, 1.0000, 1.4678, 38, 38
1258, 1115, 39, 9, 0.9996, 0.6722, 1.7973, 32, 30
1258, 1118, 118, 45, 0.9997, 0.8081, 2.1738, 31, 31
1258, 1135, 0, 71, 0.9997, 0.9330, 1.5008, 13, 13
1258, 1144, 85, 6, 0.9997, 0.7623, 1.4236, 5, 6
1258, 1145, 119, 1, 0.9997, 0.7623, 1.7461, 5, 6
1259, 1099, 92, 115, 0.9997, 1.0000, 2.2425, 51, 50
1259, 1104, 22, 53, 0.9996, 1.0000, 0.5969, 44, 43
1259, 1109, 49, 112, 0.9997, 1.0000, 2.0279, 39, 39
1259, 1115, 40, 10, 0.9997, 0.7134, 1.3606, 33, 31
1259, 1118, 119, 45, 0.9997, 0.8497, 1.3257, 32, 32
1259, 1121, 73, 14, 0.8860, 0.5593, 8.7414, 28, 24
1259, 1135, 0, 72, 0.9997, 0.9747, 1.2515, 14, 14
1259, 1144, 85, 7, 0.9997, 0.7998, 0.9854, 6, 7
1259, 1145, 120, 1, 0.9997, 0.7998, 1.2337, 6, 7
1259, 1146, 115, 3, 0.7667, 0.5408, 17.5663, 2, 3
1260, 1099, 95, 115, 0.9997, 1.0000, 2.7779, 52, 51
1260, 1104, 23, 55, 0.9997, 1.0000, 1.6419, 45, 44
1260, 1109, 50, 112, 0.9997, 1.0000, 1.2817, 40, 40
1260, 1115, 41, 10, 0.9997, 0.7547, 1.0290, 34, 32
1260, 1118, 121, 45, 0.9997, 0.8914, 1.7238, 33, 33
1260, 1133, 119, 54, 0.9996, 0.7539, 1.7151, 16, 15
1260, 1135, 0, 73, 0.9997, 1.0000, 1.0281, 15, 15
1260, 1144, 84, 8, 0.9997, 0.8384, 1.2105, 7, 8
1260, 1145, 122, 2, 0.9997, 0.8384, 1.8909, 7, 8
1261, 1099, 97, 116, 0.9997, 1.0000, 2.4029, 53, 52
1261, 1104, 24, 56, 0.9997, 1.0000, 1.6003, 46, 45
1261, 1109, 52, 113, 0.9997, 1.0000, 1.8923, 41, 41
1261, 1115, 41, 5, 0.9986, 0.7952, 4.5615, 35, 33
1261, 1118, 123, 46, 0.9997, 0.9331, 2.1243, 34, 34
1261, 1133, 120, 52, 0.9997, 0.7956, 2.3744, 17, 16
1261, 1135, 0, 74, 0.9997, 1.0000, 0.9738, 16, 16
1261, 1145, 124, 2, 0.9997, 0.8779, 2.0343, 8, 9
1261, 1148, 16, 119, 0.9980, 0.6947, 2.0075, 3, 4
1262, 1099, 98, 117, 0.9997, 1.0000, 1.5894, 54, 53
1262, 1104, 25, 58, 0.9997, 1.0000, 2.0705, 47, 46
1262, 1109, 53, 113, 0.9997, 1.0000, 1.2713, 42, 42
1262, 1118, 124, 46, 0.9997, 0.9747, 1.3049, 35, 35
1262, 1135, 0, 76, 0.9997, 1.0000, 1.7499, 17, 17
1262, 1145, 125, 2, 0.9997, 0.9178, 1.2788, 9, 10
1262, 1148, 14, 122, 0.9996, 0.7268, 3.2857, 4, 5
1263, 1099, 101, 117, 0.9996, 1.0000, 2.4452, 55, 54
1263, 1104, 25, 59, 0.9997, 1.0000, 1.2901, 48, 47
1263, 1109, 54, 113, 0.9997, 1.0000, 0.9861, 43, 43
1263, 1118, 125, 46, 0.9997, 1.0000, 0.9597, 36, 36
1263, 1135, 1, 77, 0.9997, 1.0000, 1.4983, 18, 18
1263, 1145, 127, 2, 0.9997, 0.9581, 1.7227, 10, 11
1263, 1150, 6, 55, 0.9980, 0.6946, 1.2697, 3, 4
1263, 1151, 17, 10, 0.9140, 0.6256, 4.7902, 2, 3
1264, 1099, 103, 117, 0.9997, 1.0000, 2.2759, 56, 55
1264, 1104, 26, 60, 0.9997, 1.0000, 1.2141, 49, 48
1264, 1109, 57, 115, 0.9996, 1.0000, 2.8972, 44, 44
1264, 1118, 127, 47, 0.9997, 1.0000, 1.8553, 37, 37
1264, 1135, 0, 78, 0.9996, 1.0000, 1.1076, 19, 19
1264, 1150, 7, 55, 0.9996, 0.7268, 1.0780, 4, 5
1265, 1099, 105, 118, 0.9997, 1.0000, 2.1619, 57, 56
1265, 1104, 27, 62, 0.9997, 1.0000, 1.9884, 50, 49
1265, 1109, 58, 115, 0.9996, 1.0000, 1.6701, 45, 45
1265, 1118, 127, 47, 0.9996, 1.0000, 0.5823, 38, 38
1265, 1121, 79, 14, 0.9996, 0.6574, 1.6898, 34, 29
1265, 1135, 1, 79, 0.9997, 1.0000, 1.0682, 20, 20
1266, 1099, 108, 119, 0.9997, 1.0000, 2.9308, 58, 57
1266, 1104, 28, 63, 0.9997, 1.0000, 1.6480, 51, 50
1266, 1109, 60, 116, 0.9997, 1.0000, 1.9233, 46, 46
1266, 1121, 78, 15, 0.9997, 0.6980, 1.3898, 35, 30
1266, 1135, 0, 81, 0.9996, 1.0000, 1.8219, 21, 21
1266, 1152, 28, 93, 0.8948, 0.6331, 6.7599, 3, 4
1266, 1153, 17, 59, 0.9037, 0.6197, 12.9467, 2, 3
1267, 1099, 110, 119, 0.9997, 1.0000, 2.2954, 59, 58
1267, 1104, 29, 64, 0.9997, 1.0000, 1.4263, 52, 51
1267, 1109, 60, 116, 0.9996, 1.0000, 0.4916, 47, 47
1267, 1115, 51, 11, 0.9996, 0.6703, 2.9645, 41, 38
1267, 1121, 77, 16, 0.9997, 0.7387, 1.3660, 36, 31
1267, 1135, 0, 82, 0.9997, 1.0000, 1.3187, 22, 22
1268, 1099, 112, 120, 0.9997, 1.0000, 2.1249, 60, 59
1268, 1104, 29, 66, 0.9997, 1.0000, 1.7399, 53, 52
1268, 1109, 63, 117, 0.9996, 1.0000, 2.3227, 48, 48
1268, 1121, 75, 17, 0.9997, 0.7794, 2.0157, 37, 32
1268, 1135, 0, 83, 0.9997, 1.0000, 1.0027, 23, 23
1269, 1099, 114, 120, 0.9997, 1.0000, 1.9727, 61, 60
1269, 1104, 30, 67, 0.9997, 1.0000, 1.4585, 54, 53
1269, 1109, 65, 118, 0.9997, 1.0000, 2.5177, 49, 49
1269, 1121, 73, 18, 0.9997, 0.8202, 2.2873, 38, 33
1269, 1135, 0, 84, 0.9997, 1.0000, 0.9588, 24, 24
1269, 1155, 38, 11, 0.6708, 0.4857, 13.9723, 2, 3
1270, 1099, 117, 121, 0.9997, 1.0000, 2.8484, 62, 61
1270, 1104, 31, 68, 0.9997, 1.0000, 1.4135, 55, 54
1270, 1109, 66, 118, 0.9996, 1.0000, 1.3521, 50, 50
1270, 1121, 73, 19, 0.9996, 0.8609, 1.1337, 39, 34
1270, 1135, 0, 86, 0.9997, 1.0000, 1.7477, 25, 25
1270, 1155, 18, 1, 0.7495, 0.5466, 20.9324, 3, 4
1271, 1099, 119, 122, 0.9997, 1.0000, 2.5068, 63, 62
1271, 1104, 32, 70, 0.9997, 1.0000, 2.0144, 56, 55
1271, 1109, 69, 119, 0.9996, 1.0000, 2.5648, 51, 51
1271, 1121, 72, 21, 0.9997, 0.9018, 1.8863, 40, 35
1271, 1135, 0, 87, 0.9997, 1.0000, 1.2917, 26, 26
1271, 1156, 125, 43, 0.9981, 0.6947, 1.2628, 3, 4
1272, 1099, 121, 122, 0.9997, 1.0000, 2.0216, 64, 63
1272, 1104, 33, 71, 0.9997, 1.0000, 1.6316, 57, 56
1272, 1109, 70, 120, 0.9997, 1.0000, 1.8114, 52, 52
1272, 1121, 70, 22, 0.9996, 0.9427, 2.1391, 41, 36
1272, 1135, 0, 88, 0.9997, 1.0000, 1.0023, 27, 27
1272, 1157, 53, 78, 0.9978, 0.6945, 1.1328, 3, 4
1273, 1099, 124, 123, 0.9997, 1.0000, 2.8164, 65, 64
1273, 1104, 34, 72, 0.9997, 1.0000, 1.4143, 58, 57
1273, 1109, 71, 121, 0.9997, 1.0000, 1.4305, 53, 53
1273, 1115, 59, 11, 0.9997, 0.6683, 1.3261, 47, 43
1273, 1121, 69, 23, 0.9997, 0.9836, 1.6544, 42, 37
1273, 1135, 0, 90, 0.9997, 1.0000, 1.7223, 28, 28
1273, 1157, 53, 78, 0.9996, 0.7268, 0.4188, 4, 5
1273, 1158, 41, 23, 0.9978, 0.6945, 1.5182, 3, 4
1274, 1099, 126, 124, 0.9997, 1.0000, 2.4852, 66, 65
1274, 1104, 35, 74, 0.9997, 1.0000, 1.9915, 59, 58
1274, 1109, 73, 122, 0.9997, 1.0000, 1.9652, 54, 54
1274, 1115, 61, 11, 0.9997, 0.7092, 1.7674, 48, 44
1274, 1121, 68, 24, 0.9997, 1.0000, 1.3979, 43, 38
1274, 1135, 3, 89, 0.9991, 1.0000, 3.2202, 29, 29
1274, 1157, 55, 78, 0.9996, 0.7623, 1.4727, 5, 6
1274, 1158, 42, 23, 0.9996, 0.7268, 1.0854, 4, 5
1274, 1159, 48, 55, 0.9337, 0.6563, 5.7235, 3, 4
1275, 1104, 35, 75, 0.9997, 1.0000, 1.2979, 60, 59
1275, 1109, 74, 122, 0.9997, 1.0000, 1.2852, 55, 55
1275, 1115, 62, 12, 0.9997, 0.7501, 1.4514, 49, 45
1275, 1121, 67, 26, 0.9997, 1.0000, 1.9943, 44, 39
1275, 1135, 19, 90, 0.5144, 0.6144, 14.1820, 30, 30
1275, 1157, 56, 79, 0.9997, 0.7998, 1.5155, 6, 7
1275, 1158, 43, 23, 0.9997, 0.7623, 0.9720, 5, 6
1275, 1160, 51, 49, 0.9151, 0.6262, 6.1675, 2, 3
1276, 1104, 36, 77, 0.9997, 1.0000, 1.9008, 61, 60
1276, 1109, 76, 123, 0.9997, 1.0000, 1.9009, 56, 56
1276, 1115, 64, 12, 0.9997, 0.7911, 1.7692, 50, 46
1276, 1121, 66, 27, 0.9997, 1.0000, 1.6228, 45, 40
1276, 1161, 26, 122, 0.6396, 0.4678, 9.5230, 2, 3
1277, 1104, 38, 78, 0.9996, 1.0000, 2.1629, 62, 61
1277, 1109, 78, 123, 0.9997, 1.0000, 2.0314, 57, 57
1277, 1115, 65, 12, 0.9997, 0.8321, 1.2491, 51, 47
1277, 1121, 65, 28, 0.9997, 1.0000, 1.4152, 46, 41
1277, 1156, 126, 38, 0.9997, 0.6831, 0.6754, 9, 9
1277, 1162, 7, 110, 0.9968, 0.6939, 1.6053, 3, 4
1278, 1104, 38, 80, 0.9996, 1.0000, 1.8392, 63, 62
1278, 1109, 80, 124, 0.9997, 1.0000, 2.1748, 58, 58
1278, 1115, 67, 12, 0.9997, 0.8731, 1.7505, 52, 48
1278, 1121, 64, 30, 0.9997, 1.0000, 1.9926, 47, 42
1278, 1156, 126, 37, 0.9997, 0.7248, 0.9827, 10, 10
1278, 1162, 5, 113, 0.9991, 0.7265, 2.0998, 4, 5
1279, 1104, 39, 81, 0.9997, 1.0000, 1.4441, 64, 63
1279, 1109, 82, 125, 0.9997, 1.0000, 2.2551, 59, 59
1279, 1115, 68, 12, 0.9997, 0.9142, 1.2502, 53, 49
1279, 1156, 125, 37, 0.9997, 0.7664, 0.8126, 11, 11
1279, 1162, 6, 114, 0.9996, 0.7623, 1.5630, 5, 6
1280, 1104, 40, 83, 0.9997, 1.0000, 1.9947, 65, 64
1280, 1109, 84, 126, 0.9997, 1.0000, 2.2546, 60, 60
1280, 1115, 70, 12, 0.9997, 0.9553, 1.7501, 54, 50
1280, 1160, 44, 57, 0.9930, 0.6379, 6.3465, 7, 7
1280, 1163, 13, 9, 0.9939, 0.5969, 4.7149, 6, 6
1280, 1162, 6, 115, 0.9997, 0.7998, 1.1078, 6, 7
1280, 1164, 4, 73, 0.9978, 0.6945, 1.3806, 3, 4
1281, 1104, 40, 83, 0.9996, 1.0000, 0.5513, 66, 65
1281, 1109, 85, 126, 0.9997, 1.0000, 1.2588, 61, 61
1281, 1115, 70, 13, 0.9996, 0.9963, 0.9074, 55, 51
1281, 1163, 8, 13, 0.9994, 0.6413, 6.3911, 7, 7
1281, 1162, 8, 108, 0.9922, 0.8329, 6.1307, 7, 8
1281, 1164, 5, 72, 0.9996, 0.7268, 1.2201, 4, 5
1282, 1104, 42, 85, 0.9996, 1.0000, 2.0831, 67, 66
1282, 1109, 86, 125, 0.9997, 1.0000, 1.2504, 62, 62
1282, 1115, 73, 13, 0.9996, 1.0000, 2.2413, 56, 52
1282, 1159, 25, 59, 0.9993, 0.6670, 1.2142, 11, 10
1282, 1164, 6, 71, 0.9997, 0.7623, 1.3543, 5, 6
1282, 1166, 2, 2, 0.9488, 0.6456, 4.1627, 2, 3
1283, 1104, 43, 87, 0.9997, 1.0000, 2.3939, 68, 67
1283, 1115, 74, 13, 0.9997, 1.0000, 1.5418, 57, 53
1283, 1159, 25, 65, 0.9980, 0.7082, 5.3359, 12, 11
1283, 1164, 7, 69, 0.9997, 0.7998, 2.0436, 6, 7
1284, 1104, 44, 88, 0.9997, 1.0000, 1.6816, 69, 68
1284, 1115, 76, 13, 0.9997, 1.0000, 1.7931, 58, 54
1284, 1121, 57, 38, 0.9997, 0.6633, 1.9717, 53, 47
1285, 1104, 45, 89, 0.9997, 1.0000, 1.3769, 70, 69
1285, 1115, 77, 13, 0.9997, 1.0000, 1.2238, 59, 55
1285, 1121, 56, 39, 0.9997, 0.7040, 1.6115, 54, 48
1285, 1156, 124, 33, 0.9997, 0.6728, 0.4033, 17, 16
1285, 1168, 6, 123, 0.9967, 0.6938, 2.6475, 3, 4
1286, 1104, 47, 91, 0.9997, 1.0000, 2.4432, 71, 70
1286, 1115, 79, 13, 0.9997, 1.0000, 1.7337, 60, 56
1286, 1121, 55, 40, 0.9997, 0.7446, 1.4142, 55, 49
1286, 1156, 124, 26, 0.9974, 0.7130, 6.0712, 18, 17
1286, 1169, 83, 98, 0.9978, 0.6945, 1.3406, 3, 4
1286, 1170, 54, 27, 0.7828, 0.5501, 12.2007, 2, 3
1286, 1171, 10, 105, 0.8893, 0.6114, 4.0484, 2, 3
1287, 1104, 48, 92, 0.9997, 1.0000, 1.8127, 72, 71
1287, 1115, 80, 14, 0.9997, 1.0000, 1.4642, 61, 57
1287, 1121, 53, 42, 0.9997, 0.7853, 2.4679, 56, 50
1288, 1104, 49, 93, 0.9997, 1.0000, 1.4163, 73, 72
1288, 1115, 82, 14, 0.9997, 1.0000, 1.7758, 62, 58
1288, 1121, 52, 43, 0.9997, 0.8261, 1.8167, 57, 51
1288, 1165, 61, 11, 0.9994, 0.6671, 1.3958, 11, 10
1288, 1173, 74, 67, 0.8400, 0.5830, 15.7961, 2, 3
1289, 1104, 51, 94, 0.9997, 1.0000, 1.9720, 74, 73
1289, 1115, 84, 14, 0.9997, 1.0000, 2.0148, 63, 59
1289, 1121, 51, 44, 0.9997, 0.8668, 1.4142, 58, 52
1290, 1104, 52, 95, 0.9997, 1.0000, 1.6115, 75, 74
1290, 1115, 85, 14, 0.9997, 1.0000, 1.2787, 64, 60
1290, 1121, 50, 46, 0.9997, 0.9076, 1.9716, 59, 53
1291, 1104, 54, 96, 0.9997, 1.0000, 2.0276, 76, 75
1291, 1115, 87, 14, 0.9997, 1.0000, 1.7221, 65, 61
1291, 1121, 48, 47, 0.9997, 0.9485, 2.1641, 60, 54
1292, 1104, 55, 98, 0.9997, 1.0000, 2.1646, 77, 76
1292, 1115, 88, 15, 0.9997, 1.0000, 1.4524, 66, 62
1292, 1121, 47, 48, 0.9997, 0.9893, 1.6336, 61, 55
1292, 1171, 2, 114, 0.9997, 0.6831, 2.0218, 8, 8
1293, 1104, 57, 99, 0.9997, 1.0000, 2.1745, 78, 77
1293, 1115, 90, 15, 0.9997, 1.0000, 1.7730, 67, 63
1293, 1121, 46, 50, 0.9997, 1.0000, 1.9939, 62, 56
1293, 1171, 1, 115, 0.9997, 0.7248, 1.5411, 9, 9
1293, 1174, 122, 28, 0.9996, 0.7268, 0.7612, 4, 5
1293, 1175, 36, 63, 0.9554, 0.6693, 1.1921, 3, 4
1294, 1104, 58, 100, 0.9997, 1.0000, 1.6002, 79, 78
1294, 1115, 92, 15, 0.9997, 1.0000, 2.0155, 68, 64
1294, 1121, 44, 51, 0.9997, 1.0000, 2.1437, 63, 57
1294, 1171, 1, 117, 0.9997, 0.7664, 1.7645, 10, 10
1294, 1174, 121, 28, 0.9997, 0.7623, 0.7901, 5, 6
1294, 1175, 38, 62, 0.9973, 0.7254, 1.5998, 4, 5
1294, 1176, 17, 125, 0.9980, 0.6947, 2.2637, 3, 4
1294, 1177, 72, 5, 0.7157, 0.5115, 19.1439, 2, 3
1295, 1104, 59, 102, 0.9997, 1.0000, 1.9836, 80, 79
1295, 1115, 93, 15, 0.9997, 1.0000, 1.2794, 69, 65
1295, 1121, 43, 52, 0.9997, 1.0000, 1.6208, 64, 58
1295, 1171, 1, 118, 0.9997, 0.8081, 1.2349, 11, 11
1295, 1174, 119, 28, 0.9997, 0.7998, 1.8214, 6, 7
1295, 1175, 38, 63, 0.9996, 0.7622, 0.7997, 5, 6
1295, 1176, 19, 125, 0.9996, 0.7268, 2.0220, 4, 5
1295, 1177, 50, 5, 0.9769, 0.6821, 21.0534, 3, 4
1296, 1104, 60, 104, 0.9997, 1.0000, 2.2533, 81, 80
1296, 1115, 95, 15, 0.9997, 1.0000, 1.7223, 70, 66
1296, 1121, 41, 53, 0.9997, 1.0000, 2.0080, 65, 59
1296, 1171, 1, 120, 0.9997, 0.8498, 1.7466, 12, 12
1296, 1174, 119, 28, 0.9996, 0.8384, 0.5879, 7, 8
1296, 1175, 40, 63, 0.9997, 0.7998, 1.5741, 6, 7
1296, 1176, 20, 125, 0.9997, 0.7623, 1.2357, 5, 6
1297, 1104, 61, 105, 0.9997, 1.0000, 1.6252, 82, 81
1297, 1115, 97, 16, 0.9997, 1.0000, 2.1401, 71, 67
1297, 1121, 39, 55, 0.9997, 1.0000, 2.6682, 66, 60
1297, 1167, 110, 16, 0.9997, 0.6626, 2.3437, 17, 15
1297, 1171, 0, 122, 0.9997, 0.8914, 2.1486, 13, 13
1297, 1174, 118, 28, 0.9997, 0.8779, 0.7223, 8, 9
1297, 1175, 41, 64, 0.9997, 0.8384, 1.4874, 7, 8
1297, 1176, 22, 122, 0.9995, 0.7997, 2.8120, 6, 7
1297, 1178, 106, 2, 0.9249, 0.6318, 8.8436, 2, 3
1298, 1104, 62, 107, 0.9997, 1.0000, 1.9932, 83, 82
1298, 1115, 98, 16, 0.9997, 1.0000, 1.3097, 72, 68
1298, 1121, 38, 56, 0.9997, 1.0000, 1.8161, 67, 61
1298, 1167, 110, 17, 0.9997, 0.7040, 1.3804, 18, 16
1298, 1171, 0, 123, 0.9997, 0.9331, 1.3116, 14, 14
1298, 1175, 42, 62, 0.9996, 0.8778, 1.6210, 8, 9
1298, 1176, 25, 121, 0.9996, 0.8384, 3.2053, 7, 8
1298, 1179, 67, 28, 0.9980, 0.6946, 1.3093, 3, 4
1298, 1180, 43, 2, 0.8502, 0.5888, 9.7402, 2, 3
1299, 1104, 63, 109, 0.9997, 1.0000, 2.2351, 84, 83
1299, 1115, 100, 16, 0.9997, 1.0000, 1.7237, 73, 69
1299, 1121, 37, 57, 0.9997, 1.0000, 1.3861, 68, 62
1299, 1167, 110, 18, 0.9997, 0.7454, 0.9731, 19, 17
1299, 1174, 117, 28, 0.9997, 0.9581, 0.7313, 10, 11
1299, 1175, 43, 64, 0.9996, 0.9177, 1.3440, 9, 10
1299, 1176, 27, 119, 0.9997, 0.8779, 2.9613, 8, 9
1299, 1179, 68, 28, 0.9996, 0.7268, 0.9959, 4, 5
1300, 1104, 64, 111, 0.9997, 1.0000, 2.2718, 85, 84
1300, 1115, 102, 16, 0.9997, 1.0000, 2.0005, 74, 70
1300, 1121, 35, 58, 0.9997, 1.0000, 1.9579, 69, 63
1300, 1167, 111, 19, 0.9997, 0.7869, 1.1748, 20, 18
1300, 1174, 116, 28, 0.9997, 0.9986, 1.0155, 11, 12
1300, 1175, 34, 62, 0.9125, 0.8832, 8.3673, 10, 11
1300, 1176, 29, 118, 0.9997, 0.9178, 2.3582, 9, 10
1300, 1179, 75, 31, 0.9967, 0.7603, 6.9882, 5, 6
1300, 1182, 20, 90, 0.8999, 0.6174, 4.6065, 2, 3
1301, 1104, 65, 113, 0.9997, 1.0000, 2.2498, 86, 85
1301, 1115, 104, 16, 0.9997, 1.0000, 2.0404, 75, 71
1301, 1121, 34, 60, 0.9997, 1.0000, 2.1641, 70, 64
1301, 1167, 111, 20, 0.9997, 0.8283, 1.0186, 21, 19
1301, 1174, 116, 27, 0.9997, 1.0000, 0.8140, 12, 13
1301, 1176, 31, 116, 0.9997, 0.9581, 2.6118, 10, 11
1301, 1183, 119, 5, 0.9952, 0.6930, 3.8929, 3, 4
1302, 1104, 66, 115, 0.9997, 1.0000, 2.2361, 87, 86
1302, 1115, 105, 17, 0.9997, 1.0000, 1.4662, 76, 72
1302, 1121, 32, 61, 0.9997, 1.0000, 2.1882, 71, 65
1302, 1167, 112, 21, 0.9997, 0.8698, 1.2611, 22, 20
1302, 1171, 5, 90, 0.9504, 0.5673, 12.7141, 18, 17
1302, 1174, 115, 27, 0.9997, 1.0000, 0.7798, 13, 14
1302, 1176, 33, 115, 0.9997, 0.9986, 2.3406, 11, 12
1302, 1183, 126, 13, 0.9897, 0.7206, 9.8876, 4, 5
1303, 1104, 67, 117, 0.9997, 1.0000, 2.2341, 88, 87
1303, 1115, 107, 17, 0.9997, 1.0000, 1.7333, 77, 73
1303, 1121, 31, 62, 0.9997, 1.0000, 1.6041, 72, 66
1303, 1167, 113, 22, 0.9997, 0.9113, 1.4282, 23, 21
1303, 1174, 114, 27, 0.9997, 1.0000, 0.9991, 14, 15
1303, 1176, 35, 114, 0.9997, 1.0000, 2.2297, 12, 13
1303, 1181, 34, 53, 0.9996, 0.6831, 3.8448, 8, 8
1303, 1188, 16, 1, 0.7094, 0.5079, 9.5863, 2, 3
1304, 1104, 68, 119, 0.9997, 1.0000, 2.2353, 89, 88
1304, 1115, 109, 17, 0.9997, 1.0000, 1.9978, 78, 74
1304, 1121, 29, 63, 0.9997, 1.0000, 1.9939, 73, 67
1304, 1167, 113, 23, 0.9997, 0.9528, 1.0385, 24, 22
1304, 1174, 113, 27, 0.9997, 1.0000, 1.0409, 15, 16
1304, 1176, 37, 112, 0.9997, 1.0000, 2.6418, 13, 14
1304, 1181, 37, 44, 0.9964, 0.7228, 9.0281, 9, 9
1305, 1104, 69, 121, 0.9997, 1.0000, 2.2361, 90, 89
1305, 1115, 111, 17, 0.9997, 1.0000, 2.0422, 79, 75
1305, 1121, 28, 65, 0.9997, 1.0000, 2.1482, 74, 68
1305, 1167, 114, 24, 0.9997, 0.9944, 1.2329, 25, 23
1305, 1176, 38, 112, 0.9996, 1.0000, 1.3397, 14, 15
1305, 1190, 87, 76, 0.9975, 0.6943, 1.6102, 3, 4
1306, 1104, 69, 123, 0.9997, 1.0000, 2.0140, 91, 90
1306, 1115, 112, 17, 0.9997, 1.0000, 1.2524, 80, 76
1306, 1121, 26, 66, 0.9997, 1.0000, 2.1750, 75, 69
1306, 1167, 115, 25, 0.9997, 1.0000, 1.4134, 26, 24
1306, 1174, 116, 28, 0.9995, 1.0000, 2.4686, 17, 18
1306, 1176, 40, 111, 0.9997, 1.0000, 1.8495, 15, 16
1306, 1187, 110, 115, 0.9997, 0.6831, 1.7666, 7, 7
1306, 1189, 50, 71, 0.9325, 0.4730, 4.8625, 5, 5
1306, 1190, 88, 77, 0.9996, 0.7268, 1.2884, 4, 5
1307, 1104, 70, 125, 0.9997, 1.0000, 2.1217, 92, 91
1307, 1115, 115, 16, 0.9996, 1.0000, 2.5876, 81, 77
1307, 1121, 24, 67, 0.9997, 1.0000, 2.2496, 76, 70
1307, 1167, 116, 26, 0.9997, 1.0000, 1.4430, 27, 25
1307, 1176, 42, 110, 0.9997, 1.0000, 2.2182, 16, 17
1307, 1187, 112, 116, 0.9997, 0.7248, 2.1484, 8, 8
1308, 1121, 22, 69, 0.9997, 1.0000, 2.6712, 77, 71
1308, 1176, 43, 110, 0.9997, 1.0000, 1.3054, 17, 18
1308, 1187, 114, 116, 0.9997, 0.7664, 2.0569, 9, 9
1309, 1121, 21, 70, 0.9997, 1.0000, 1.7859, 78, 72
1309, 1167, 117, 28, 0.9996, 1.0000, 1.6337, 29, 27
1309, 1176, 45, 111, 0.9996, 1.0000, 1.9024, 18, 19
1309, 1185, 13, 107, 0.9996, 0.6672, 1.8357, 11, 10
1309, 1187, 115, 116, 0.9997, 0.8081, 1.2500, 10, 10
1310, 1121, 20, 71, 0.9997, 1.0000, 1.3747, 79, 73
1310, 1167, 117, 29, 0.9997, 1.0000, 1.3128, 30, 28
1310, 1176, 46, 109, 0.9995, 1.0000, 2.3058, 19, 20
1310, 1185, 15, 106, 0.9995, 0.7090, 1.7443, 12, 11
1310, 1187, 117, 116, 0.9997, 0.8498, 1.7080, 11, 11
1310, 1190, 93, 86, 0.9533, 0.8418, 8.8938, 8, 9
1310, 1192, 6, 106, 0.9980, 0.6947, 2.0120, 3, 4
1311, 1121, 18, 72, 0.9997, 1.0000, 1.9573, 80, 74
1311, 1167, 117, 31, 0.9997, 1.0000, 1.8066, 31, 29
1311, 1176, 47, 107, 0.9997, 1.0000, 1.8997, 20, 21
1311, 1185, 17, 106, 0.9996, 0.7510, 2.0179, 13, 12
1311, 1187, 118, 116, 0.9997, 0.8914, 1.2338, 12, 12
1311, 1192, 8, 105, 0.9996, 0.7268, 2.1255, 4, 5
1312, 1121, 16, 73, 0.9997, 1.0000, 2.2668, 81, 75
1312, 1167, 118, 32, 0.9997, 1.0000, 1.4582, 32, 30
1312, 1176, 49, 107, 0.9996, 1.0000, 1.7561, 21, 22
1312, 1185, 18, 106, 0.9997, 0.7929, 1.3344, 14, 13
1312, 1187, 120, 116, 0.9997, 0.9331, 1.7500, 13, 13
1312, 1189, 60, 79, 0.7403, 0.4900, 10.9289, 11, 10
1312, 1192, 10, 106, 0.9996, 0.7623, 2.0573, 5, 6
1312, 1195, 27, 93, 0.9848, 0.6868, 5.8143, 3, 4
1313, 1121, 15, 74, 0.9997, 1.0000, 1.6361, 82, 76
1313, 1167, 119, 33, 0.9997, 1.0000, 1.4335, 33, 31
1313, 1176, 50, 106, 0.9997, 1.0000, 1.4369, 22, 23
1313, 1185, 20, 107, 0.9997, 0.8348, 1.9211, 15, 14
1313, 1187, 121, 115, 0.9997, 0.9747, 1.4658, 14, 14
1313, 1192, 12, 105, 0.9997, 0.7998, 2.0547, 6, 7
1313, 1195, 43, 96, 0.7759, 0.5866, 15.3639, 4, 5
1314, 1121, 13, 75, 0.9997, 1.0000, 1.9947, 83, 77
1314, 1167, 119, 34, 0.9997, 1.0000, 0.9989, 34, 32
1314, 1176, 51, 105, 0.9997, 1.0000, 1.3904, 23, 24
1314, 1185, 21, 107, 0.9997, 0.8766, 1.2676, 16, 15
1314, 1187, 122, 115, 0.9997, 1.0000, 1.0290, 15, 15
1314, 1192, 14, 105, 0.9997, 0.8385, 2.0157, 7, 8
1314, 1196, 86, 29, 0.9980, 0.6947, 1.2803, 3, 4
1314, 1197, 17, 17, 0.6918, 0.4978, 16.3306, 2, 3
1315, 1121, 11, 76, 0.9997, 1.0000, 2.2344, 84, 78
1315, 1167, 120, 35, 0.9997, 1.0000, 1.2224, 35, 33
1315, 1176, 53, 104, 0.9997, 1.0000, 2.0115, 24, 25
1315, 1185, 23, 108, 0.9997, 0.9184, 1.9016, 17, 16
1315, 1187, 123, 114, 0.9997, 1.0000, 1.2255, 16, 16
1315, 1192, 16, 105, 0.9997, 0.8779, 2.0002, 8, 9
1315, 1194, 91, 88, 0.9996, 0.6831, 0.9111, 7, 7
1315, 1196, 87, 30, 0.9996, 0.7268, 1.2555, 4, 5
1316, 1121, 10, 76, 0.9997, 1.0000, 1.2970, 85, 79
1316, 1167, 121, 36, 0.9997, 1.0000, 1.4132, 36, 34
1316, 1176, 54, 104, 0.9997, 1.0000, 1.3015, 25, 26
1316, 1185, 25, 108, 0.9997, 0.9601, 2.0296, 18, 17
1316, 1187, 125, 114, 0.9997, 1.0000, 1.7675, 17, 17
1316, 1191, 49, 44, 0.9997, 0.6656, 1.3956, 10, 9
1316, 1192, 18, 105, 0.9997, 0.9178, 2.0002, 9, 10
1316, 1194, 92, 91, 0.9996, 0.7248, 2.4378, 8, 8
1316, 1196, 88, 30, 0.9997, 0.7623, 1.0011, 5, 6
1316, 1201, 81, 22, 0.9980, 0.6946, 1.2884, 3, 4
1317, 1121, 8, 77, 0.9997, 1.0000, 1.8633, 86, 80
1317, 1167, 121, 37, 0.9997, 1.0000, 1.0397, 37, 35
1317, 1176, 56, 103, 0.9997, 1.0000, 1.9015, 26, 27
1317, 1185, 26, 109, 0.9997, 1.0000, 1.4814, 19, 18
1317, 1187, 125, 113, 0.9996, 1.0000, 0.9157, 18, 18
1317, 1191, 50, 43, 0.9997, 0.7078, 1.3841, 11, 10
1317, 1192, 21, 105, 0.9997, 0.9580, 2.7640, 10, 11
1317, 1194, 92, 92, 0.9997, 0.7664, 1.5439, 9, 9
1317, 1196, 89, 30, 0.9997, 0.7998, 0.9844, 6, 7
1317, 1201, 86, 20, 0.9988, 0.7263, 5.0279, 4, 5
1318, 1121, 6, 78, 0.9997, 1.0000, 2.2362, 87, 81
1318, 1167, 122, 38, 0.9997, 1.0000, 1.2350, 38, 36
1318, 1176, 57, 102, 0.9997, 1.0000, 1.6006, 27, 28
1318, 1185, 26, 108, 0.9996, 1.0000, 0.5497, 20, 19
1318, 1187, 127, 123, 0.8948, 0.9948, 9.0390, 19, 19
1318, 1191, 51, 43, 0.9997, 0.7498, 1.0166, 12, 11
1318, 1192, 23, 104, 0.9997, 0.9986, 2.4153, 11, 12
1318, 1194, 93, 94, 0.9997, 0.8081, 1.9227, 10, 10
1318, 1196, 83, 24, 0.9802, 0.8241, 7.4282, 7, 8
1318, 1203, 5, 117, 0.9996, 0.7268, 0.9404, 4, 5
1318, 1204, 106, 22, 0.7463, 0.5291, 5.2824, 2, 3
1319, 1121, 4, 79, 0.9997, 1.0000, 2.2913, 88, 82
1319, 1167, 122, 40, 0.9997, 1.0000, 1.7796, 39, 37
1319, 1176, 59, 102, 0.9997, 1.0000, 1.7704, 28, 29
1319, 1185, 29, 109, 0.9996, 1.0000, 2.2272, 21, 20
1319, 1191, 53, 42, 0.9997, 0.7918, 1.9024, 13, 12
1319, 1192, 25, 104, 0.9997, 1.0000, 2.0214, 12, 13
1319, 1194, 93, 95, 0.9997, 0.8497, 1.2437, 11, 11
1319, 1196, 76, 9, 0.8665, 0.7743, 15.7666, 8, 9
1319, 1203, 6, 118, 0.9997, 0.7623, 1.4523, 5, 6
1320, 1121, 3, 80, 0.9997, 1.0000, 1.6121, 89, 83
1320, 1167, 123, 41, 0.9997, 1.0000, 1.4929, 40, 38
1320, 1185, 30, 110, 0.9997, 1.0000, 1.8674, 22, 21
1320, 1191, 54, 42, 0.9997, 0.8337, 1.3155, 14, 13
1320, 1192, 27, 104, 0.9997, 1.0000, 1.9574, 13, 14
1320, 1205, 13, 16, 0.9095, 0.6229, 5.2068, 2, 3
1321, 1121, 2, 80, 0.9997, 1.0000, 0.9733, 90, 84
1321, 1167, 123, 43, 0.9997, 1.0000, 1.7817, 41, 39
1321, 1176, 61, 101, 0.9995, 1.0000, 2.0561, 30, 31
1321, 1185, 32, 110, 0.9997, 1.0000, 1.8370, 23, 22
1321, 1191, 55, 41, 0.9997, 0.8756, 1.2510, 15, 14
1321, 1192, 29, 104, 0.9997, 1.0000, 1.9842, 14, 15
1321, 1194, 94, 98, 0.9996, 0.9330, 2.3089, 13, 13
1322, 1167, 124, 44, 0.9997, 1.0000, 1.4575, 42, 40
1322, 1176, 63, 101, 0.9997, 1.0000, 2.3223, 31, 32
1322, 1185, 33, 111, 0.9997, 1.0000, 1.4312, 24, 23
1322, 1192, 31, 104, 0.9997, 1.0000, 2.0001, 15, 16
1322, 1194, 95, 99, 0.9997, 0.9747, 1.8854, 14, 14
1322, 1206, 60, 78, 0.9929, 0.6916, 6.0114, 3, 4
1322, 1207, 51, 118, 0.8626, 0.5960, 9.9382, 2, 3
1323, 1167, 125, 45, 0.9997, 1.0000, 1.4128, 43, 41
1323, 1176, 64, 101, 0.9997, 1.0000, 1.3631, 32, 33
1323, 1185, 35, 111, 0.9997, 1.0000, 1.7482, 25, 24
1323, 1192, 34, 104, 0.9997, 1.0000, 2.7663, 16, 17
1323, 1194, 93, 101, 0.9996, 1.0000, 2.1898, 15, 15
1324, 1167, 125, 46, 0.9997, 1.0000, 0.9969, 44, 42
1324, 1176, 66, 101, 0.9997, 1.0000, 1.7125, 33, 34
1324, 1185, 36, 112, 0.9997, 1.0000, 1.4529, 26, 25
1324, 1192, 36, 103, 0.9997, 1.0000, 2.4174, 17, 18
1324, 1208, 101, 23, 0.6714, 0.4860, 15.6350, 2, 3
1325, 1167, 125, 48, 0.9997, 1.0000, 1.7505, 45, 43
1325, 1176, 67, 100, 0.9997, 1.0000, 1.4305, 34, 35
1325, 1185, 39, 112, 0.9996, 1.0000, 2.5277, 27, 26
1325, 1192, 38, 103, 0.9997, 1.0000, 2.0213, 18, 19
1325, 1209, 111, 91, 0.9975, 0.6943, 1.6102, 3, 4
1326, 1167, 126, 49, 0.9997, 1.0000, 1.4736, 46, 44
1326, 1176, 69, 100, 0.9997, 1.0000, 1.7679, 35, 36
1326, 1185, 40, 113, 0.9997, 1.0000, 1.7158, 28, 27
1326, 1192, 40, 103, 0.9997, 1.0000, 1.9573, 19, 20
1326, 1202, 33, 87, 0.5762, 0.6413, 11.1230, 12, 13
1327, 1167, 126, 51, 0.9997, 1.0000, 1.7878, 47, 45
1327, 1176, 69, 100, 0.9996, 1.0000, 0.4882, 36, 37
1327, 1185, 41, 113, 0.9997, 1.0000, 1.0175, 29, 28
1327, 1192, 42, 103, 0.9997, 1.0000, 1.9841, 20, 21
1327, 1202, 47, 76, 0.6678, 0.7548, 16.3468, 13, 14
1327, 1210, 100, 32, 0.9932, 0.5966, 4.3711, 6, 6
1327, 1211, 124, 47, 0.6074, 0.4619, 21.2576, 3, 4
1327, 1212, 108, 35, 0.9793, 0.6835, 7.4330, 3, 4
1328, 1167, 127, 52, 0.9997, 1.0000, 1.4662, 48, 46
1328, 1176, 72, 99, 0.9996, 1.0000, 2.3382, 37, 38
1328, 1185, 43, 113, 0.9997, 1.0000, 1.6795, 30, 29
1328, 1192, 45, 103, 0.9997, 1.0000, 2.7640, 21, 22
1328, 1210, 108, 35, 0.9985, 0.6409, 8.1770, 7, 7
1328, 1213, 2, 110, 0.7368, 0.5237, 7.3302, 2, 3
1329, 1167, 127, 53, 0.9997, 1.0000, 1.0155, 49, 47
1329, 1176, 73, 99, 0.9997, 1.0000, 1.5666, 38, 39
1329, 1185, 44, 114, 0.9997, 1.0000, 1.4536, 31, 30
1329, 1192, 47, 102, 0.9997, 1.0000, 2.4180, 22, 23
1329, 1210, 123, 44, 0.9655, 0.6632, 16.2150, 8, 8
1330, 1176, 75, 99, 0.9997, 1.0000, 1.7925, 39, 40
1330, 1185, 46, 114, 0.9997, 1.0000, 1.7864, 32, 31
1330, 1192, 49, 102, 0.9997, 1.0000, 2.0224, 23, 24
1330, 1194, 99, 111, 0.9996, 0.7162, 2.2976, 22, 21
1331, 1176, 76, 98, 0.9997, 1.0000, 1.4216, 40, 41
1331, 1185, 48, 115, 0.9997, 1.0000, 2.1579, 33, 32
1331, 1192, 52, 102, 0.9997, 1.0000, 2.7214, 24, 25
1331, 1194, 99, 113, 0.9997, 0.7578, 2.3448, 23, 22
1332, 1176, 78, 98, 0.9997, 1.0000, 1.7556, 41, 42
1332, 1185, 50, 115, 0.9997, 1.0000, 2.0566, 34, 33
1332, 1192, 54, 101, 0.9997, 1.0000, 2.3870, 25, 26
1332, 1194, 99, 114, 0.9997, 0.7992, 1.3367, 24, 23
1332, 1215, 28, 38, 0.7834, 0.5505, 15.8639, 2, 3
1333, 1176, 79, 98, 0.9997, 1.0000, 1.2476, 42, 43
1333, 1185, 51, 116, 0.9997, 1.0000, 1.4562, 35, 34
1333, 1192, 56, 101, 0.9997, 1.0000, 2.0188, 26, 27
1333, 1194, 100, 116, 0.9997, 0.8408, 1.8458, 25, 24
1334, 1176, 81, 98, 0.9997, 1.0000, 1.7519, 43, 44
1334, 1185, 53, 117, 0.9997, 1.0000, 1.9852, 36, 35
1334, 1192, 59, 101, 0.9997, 1.0000, 2.7237, 27, 28
1334, 1194, 100, 118, 0.9997, 0.8823, 2.0009, 26, 25
1334, 1219, 37, 6, 0.6697, 0.4851, 4.0019, 2, 3
1335, 1176, 83, 98, 0.9997, 1.0000, 2.0149, 44, 45
1335, 1185, 55, 116, 0.9996, 1.0000, 2.0560, 37, 36
1335, 1192, 61, 100, 0.9997, 1.0000, 2.3887, 28, 29
1335, 1194, 101, 119, 0.9997, 0.9238, 1.4850, 27, 26
1335, 1220, 36, 3, 0.7474, 0.5453, 14.4382, 3, 4
1335, 1221, 117, 8, 0.9970, 0.6940, 0.9781, 3, 4
1336, 1176, 84, 98, 0.9997, 1.0000, 1.2780, 45, 46
1336, 1185, 57, 117, 0.9997, 1.0000, 2.0867, 38, 37
1336, 1192, 64, 100, 0.9997, 1.0000, 2.7777, 29, 30
1336, 1194, 101, 121, 0.9997, 0.9653, 1.7433, 28, 27
1336, 1221, 117, 8, 0.9996, 0.7268, 0.5920, 4, 5
1336, 1223, 78, 39, 0.9550, 0.6690, 8.1943, 3, 4
1336, 1224, 125, 94, 0.9980, 0.6946, 1.7696, 3, 4
1337, 1176, 86, 98, 0.9997, 1.0000, 1.7221, 46, 47
1337, 1185, 58, 117, 0.9997, 1.0000, 1.2743, 39, 38
1337, 1192, 66, 100, 0.9997, 1.0000, 2.2515, 30, 31
1337, 1194, 102, 122, 0.9997, 1.0000, 1.4459, 29, 28
1337, 1221, 118, 12, 0.9989, 0.7618, 3.8131, 5, 6
1337, 1224, 126, 94, 0.9996, 0.7268, 1.2929, 4, 5
1338, 1176, 87, 97, 0.9997, 1.0000, 1.4528, 47, 48
1338, 1185, 60, 118, 0.9997, 1.0000, 1.8826, 40, 39
1338, 1192, 69, 100, 0.9997, 1.0000, 2.7488, 31, 32
1338, 1194, 103, 124, 0.9997, 1.0000, 2.0210, 30, 29
1338, 1214, 76, 32, 0.9997, 0.6656, 1.3897, 10, 9
1338, 1224, 125, 95, 0.9996, 0.7622, 0.9170, 5, 6
1339, 1176, 89, 97, 0.9997, 1.0000, 1.7726, 48, 49
1339, 1185, 62, 118, 0.9997, 1.0000, 2.0155, 41, 40
1339, 1192, 71, 99, 0.9997, 1.0000, 2.3705, 32, 33
1339, 1194, 103, 126, 0.9997, 1.0000, 2.0344, 31, 30
1339, 1224, 117, 105, 0.6109, 0.5276, 11.9287, 6, 7
1340, 1176, 91, 98, 0.9997, 1.0000, 2.1555, 49, 50
1340, 1185, 64, 119, 0.9997, 1.0000, 2.1753, 42, 41
1340, 1192, 74, 99, 0.9997, 1.0000, 2.7654, 33, 34
1341, 1176, 92, 97, 0.9996, 1.0000, 1.3489, 50, 51
1341, 1185, 65, 119, 0.9997, 1.0000, 1.2766, 43, 42
1341, 1192, 77, 99, 0.9997, 1.0000, 3.0140, 34, 35
1341, 1227, 4, 126, 0.9996, 0.6831, 1.9225, 8, 8
1341, 1229, 10, 119, 0.8516, 0.6074, 12.0221, 3, 4
1342, 1176, 94, 97, 0.9997, 1.0000, 1.7441, 51, 52
1342, 1185, 67, 120, 0.9997, 1.0000, 1.8653, 44, 43
1342, 1192, 79, 98, 0.9997, 1.0000, 2.3897, 35, 36
1342, 1227, 5, 127, 0.9997, 0.7248, 1.4837, 9, 9
1342, 1228, 6, 82, 0.9996, 0.7268, 1.7541, 4, 5
1343, 1176, 95, 97, 0.9997, 1.0000, 1.2359, 52, 53
1343, 1185, 69, 120, 0.9997, 1.0000, 2.0133, 45, 44
1343, 1192, 82, 98, 0.9997, 1.0000, 2.7360, 36, 37
1343, 1227, 11, 121, 0.9892, 0.7594, 7.5050, 10, 10
1343, 1230, 121, 20, 0.9936, 0.6920, 1.0502, 3, 4
1343, 1231, 114, 33, 0.8800, 0.6243, 7.0434, 3, 4
1344, 1176, 97, 97, 0.9997, 1.0000, 1.7486, 53, 54
1344, 1192, 84, 98, 0.9997, 1.0000, 2.2353, 37, 38
1344, 1214, 84, 31, 0.9997, 0.6613, 1.7902, 16, 14
1344, 1230, 121, 21, 0.9995, 0.7268, 1.2056, 4, 5
1345, 1176, 99, 97, 0.9997, 1.0000, 2.0155, 54, 55
1345, 1192, 87, 97, 0.9997, 1.0000, 2.8421, 38, 39
1345, 1214, 85, 30, 0.9997, 0.7027, 1.5179, 17, 15
1345, 1217, 15, 87, 0.9966, 1.0000, 6.1590, 15, 16
1345, 1230, 121, 22, 0.9997, 0.7623, 1.1009, 5, 6
1346, 1176, 100, 97, 0.9997, 1.0000, 1.2787, 55, 56
1346, 1192, 90, 97, 0.9997, 1.0000, 3.0281, 39, 40
1346, 1214, 86, 30, 0.9997, 0.7442, 1.0452, 18, 16
1346, 1217, 9, 83, 0.9996, 1.0000, 6.8066, 16, 17
1346, 1232, 119, 107, 0.8195, 0.5098, 4.3225, 7, 7
1346, 1230, 116, 32, 0.9190, 0.7433, 10.4826, 6, 7
1347, 1176, 102, 97, 0.9997, 1.0000, 1.7222, 56, 57
1347, 1192, 92, 97, 0.9997, 1.0000, 2.2787, 40, 41
1347, 1214, 87, 29, 0.9997, 0.7857, 1.2238, 19, 17
1347, 1217, 2, 69, 0.8972, 1.0000, 14.7612, 17, 18
1348, 1176, 104, 97, 0.9997, 1.0000, 1.9991, 57, 58
1348, 1192, 95, 96, 0.9997, 1.0000, 2.8168, 41, 42
1348, 1214, 89, 29, 0.9997, 0.8273, 1.7643, 20, 18
1349, 1176, 105, 97, 0.9997, 1.0000, 1.2763, 58, 59
1349, 1185, 81, 123, 0.9997, 0.6763, 2.0142, 51, 49
1349, 1192, 98, 96, 0.9997, 1.0000, 3.0118, 42, 43
1349, 1214, 90, 28, 0.9997, 0.8688, 1.4924, 21, 19
1349, 1227, 15, 113, 0.9997, 0.6722, 0.7477, 16, 15
1349, 1233, 110, 93, 0.9878, 0.6589, 9.1179, 10, 9
1350, 1176, 107, 97, 0.9997, 1.0000, 1.7237, 59, 60
1350, 1185, 83, 124, 0.9997, 0.7176, 2.1357, 52, 50
1350, 1192, 100, 96, 0.9997, 1.0000, 2.2763, 43, 44
1350, 1214, 91, 27, 0.9997, 0.9103, 1.4253, 22, 20
1350, 1227, 13, 114, 0.9995, 0.7136, 2.2122, 17, 16
1350, 1233, 123, 109, 0.5914, 0.4595, 19.5973, 11, 10
1351, 1176, 108, 98, 0.9997, 1.0000, 1.4532, 60, 61
1351, 1185, 85, 124, 0.9997, 0.7589, 2.0157, 53, 51
1351, 1192, 103, 95, 0.9997, 1.0000, 2.8182, 44, 45
1351, 1214, 92, 26, 0.9997, 0.9519, 1.4156, 23, 21
1351, 1234, 26, 4, 0.9991, 0.6828, 0.8027, 7, 7
1352, 1176, 109, 99, 0.9997, 1.0000, 1.4436, 61, 62
1352, 1185, 87, 125, 0.9997, 0.8002, 2.1362, 54, 52
1352, 1192, 106, 95, 0.9997, 1.0000, 3.0128, 45, 46
1352, 1214, 95, 24, 0.9996, 0.9934, 3.0773, 24, 22
1352, 1235, 18, 125, 0.9997, 0.6831, 0.7217, 8, 8
1353, 1176, 110, 100, 0.9997, 1.0000, 1.4267, 62, 63
1353, 1185, 88, 125, 0.9997, 0.8416, 1.2611, 55, 53
1353, 1192, 109, 95, 0.9997, 1.0000, 3.0403, 46, 47
1353, 1214, 96, 23, 0.9997, 1.0000, 2.0431, 25, 23
1353, 1236, 91, 96, 0.9915, 0.8324, 7.2473, 7, 8
1353, 1237, 58, 33, 0.7604, 0.5531, 26.3431, 3, 4
1353, 1239, 4, 93, 0.9980, 0.6947, 1.0426, 3, 4
1354, 1176, 111, 101, 0.9997, 1.0000, 1.4143, 63, 64
1354, 1185, 91, 126, 0.9996, 0.8829, 2.5834, 56, 54
1354, 1192, 112, 93, 0.9996, 1.0000, 3.3624, 47, 48
1354, 1239, 5, 93, 0.9996, 0.7268, 1.0009, 4, 5
1354, 1241, 116, 117, 0.9975, 0.6944, 2.5545, 3, 4
1355, 1176, 113, 102, 0.9997, 1.0000, 2.0269, 64, 65
1355, 1185, 93, 127, 0.9997, 0.9243, 2.5061, 57, 55
1355, 1239, 7, 93, 0.9997, 0.7623, 1.7639, 5, 6
1355, 1241, 118, 117, 0.9996, 0.7268, 2.3236, 4, 5
1355, 1242, 60, 2, 0.7626, 0.5385, 5.7253, 2, 3
1356, 1176, 114, 103, 0.9997, 1.0000, 1.6335, 65, 66
1356, 1238, 117, 93, 0.9988, 0.6410, 5.1851, 7, 7
1356, 1239, 8, 94, 0.9997, 0.7998, 1.4927, 6, 7
1356, 1240, 89, 100, 0.9939, 0.6384, 5.0926, 6, 6
1356, 1241, 119, 117, 0.9997, 0.7623, 1.2781, 5, 6
1357, 1176, 116, 103, 0.9997, 1.0000, 1.7803, 66, 67
1357, 1234, 37, 8, 0.9964, 0.6678, 6.8498, 13, 12
1357, 1239, 10, 94, 0.9997, 0.8384, 1.7879, 7, 8
1357, 1241, 121, 118, 0.9997, 0.7998, 1.8581, 6, 7
1358, 1176, 117, 103, 0.9997, 1.0000, 1.2504, 67, 68
1358, 1234, 55, 11, 0.5956, 0.4643, 16.8467, 14, 13
1358, 1239, 10, 94, 0.9996, 0.8778, 0.4853, 8, 9
1359, 1176, 119, 105, 0.9996, 1.0000, 2.2851, 68, 69
1359, 1214, 109, 16, 0.9932, 0.6626, 8.0249, 31, 28
1359, 1239, 12, 94, 0.9997, 0.9178, 1.4565, 9, 10
1360, 1176, 126, 116, 0.8129, 0.9164, 12.4016, 69, 70
1360, 1192, 123, 90, 0.9997, 0.6831, 2.1442, 53, 53
1360, 1238, 124, 101, 0.8543, 0.5155, 7.0197, 11, 10
1360, 1239, 13, 95, 0.9997, 0.9580, 1.4559, 10, 11
1360, 1246, 21, 90, 0.9971, 0.6941, 1.5108, 3, 4
1361, 1192, 124, 90, 0.9997, 0.7248, 1.3075, 54, 54
1361, 1239, 14, 95, 0.9997, 0.9986, 1.0692, 11, 12
1361, 1246, 21, 90, 0.9996, 0.7268, 0.7223, 4, 5
1362, 1192, 126, 90, 0.9997, 0.7664, 1.7241, 55, 55
1362, 1239, 15, 95, 0.9997, 1.0000, 0.9746, 12, 13
1363, 1192, 127, 90, 0.9997, 0.8081, 1.2365, 56, 56
1363, 1239, 17, 96, 0.9997, 1.0000, 1.8932, 13, 14
1363, 1248, 64, 64, 0.8363, 0.5809, 8.5399, 2, 3
1364, 1192, 127, 102, 0.6876, 0.6157, 10.6824, 57, 57
1364, 1239, 18, 96, 0.9997, 1.0000, 1.3193, 14, 15
1364, 1249, 109, 18, 0.9978, 0.6945, 1.0210, 3, 4
1365, 1239, 19, 96, 0.9997, 1.0000, 1.0014, 15, 16
1365, 1249, 110, 18, 0.9996, 0.7268, 0.9521, 4, 5
1366, 1239, 20, 97, 0.9997, 1.0000, 1.2008, 16, 17
1366, 1249, 111, 19, 0.9997, 0.7623, 1.2300, 5, 6
1367, 1239, 22, 97, 0.9997, 1.0000, 1.7695, 17, 18
1367, 1249, 112, 20, 0.9997, 0.7998, 1.4428, 6, 7
1368, 1239, 23, 98, 0.9997, 1.0000, 1.5007, 18, 19
1368, 1251, 45, 123, 0.8444, 0.5574, 10.8643, 6, 6
1369, 1239, 24, 98, 0.9997, 1.0000, 1.0334, 19, 20
1369, 1249, 112, 21, 0.9997, 0.8779, 0.7250, 8, 9
1370, 1239, 25, 99, 0.9997, 1.0000, 1.2160, 20, 21
1370, 1249, 113, 21, 0.9997, 0.9178, 0.7458, 9, 10
1370, 1250, 28, 1, 0.9863, 0.5746, 7.8691, 8, 7
1370, 1255, 22, 51, 0.9527, 0.6677, 7.6209, 3, 4
1371, 1239, 27, 99, 0.9997, 1.0000, 1.7654, 21, 22
1371, 1249, 114, 21, 0.9997, 0.9581, 1.0425, 10, 11
1371, 1257, 117, 103, 0.9980, 0.6947, 1.7374, 3, 4
1372, 1239, 28, 100, 0.9997, 1.0000, 1.4936, 22, 23
1372, 1249, 115, 21, 0.9997, 0.9986, 1.0596, 11, 12
1372, 1257, 118, 103, 0.9996, 0.7268, 1.2421, 4, 5
1372, 1258, 5, 75, 0.9980, 0.6947, 1.2803, 3, 4
1373, 1239, 29, 100, 0.9997, 1.0000, 1.0330, 23, 24
1373, 1249, 116, 21, 0.9997, 1.0000, 1.0163, 12, 13
1373, 1257, 119, 104, 0.9997, 0.7623, 1.2466, 5, 6
1373, 1258, 7, 75, 0.9996, 0.7268, 1.7604, 4, 5
1374, 1239, 30, 101, 0.9997, 1.0000, 1.2170, 24, 25
1374, 1249, 118, 21, 0.9997, 1.0000, 1.7616, 13, 14
1374, 1257, 121, 104, 0.9997, 0.7998, 1.7475, 6, 7
1374, 1258, 8, 76, 0.9997, 0.7623, 1.4644, 5, 6
1375, 1239, 32, 102, 0.9997, 1.0000, 2.0205, 25, 26
1375, 1249, 119, 20, 0.9997, 1.0000, 1.4968, 14, 15
1375, 1257, 122, 104, 0.9997, 0.8384, 1.2783, 7, 8
1375, 1258, 10, 76, 0.9997, 0.7998, 1.7724, 6, 7
1375, 1262, 66, 0, 0.9980, 0.6947, 0.9739, 3, 4
1376, 1239, 33, 102, 0.9997, 1.0000, 1.3212, 26, 27
1376, 1249, 120, 19, 0.9997, 1.0000, 1.4530, 15, 16
1376, 1257, 124, 104, 0.9997, 0.8779, 1.7653, 8, 9
1376, 1258, 11, 76, 0.9997, 0.8384, 1.2494, 7, 8
1376, 1262, 68, 0, 0.9996, 0.7268, 1.7156, 4, 5
1376, 1264, 60, 75, 0.9342, 0.6372, 5.5639, 2, 3
1377, 1239, 34, 103, 0.9997, 1.0000, 1.2354, 27, 28
1377, 1249, 122, 18, 0.9997, 1.0000, 2.0195, 16, 17
1377, 1254, 9, 11, 0.9997, 0.6697, 0.9059, 13, 12
1377, 1257, 125, 104, 0.9997, 0.9178, 1.2516, 9, 10
1377, 1258, 12, 76, 0.9997, 0.8779, 0.9870, 8, 9
1377, 1262, 69, 1, 0.9997, 0.7623, 1.4879, 5, 6
1377, 1265, 45, 21, 0.8288, 0.5766, 15.8975, 2, 3
1378, 1239, 35, 104, 0.9997, 1.0000, 1.3845, 28, 29
1378, 1249, 123, 17, 0.9997, 1.0000, 1.6292, 17, 18
1378, 1257, 126, 104, 0.9997, 0.9581, 0.9845, 10, 11
1378, 1258, 14, 77, 0.9997, 0.9178, 1.8775, 9, 10
1378, 1262, 71, 1, 0.9997, 0.7998, 1.7892, 6, 7
1378, 1265, 64, 19, 0.9882, 0.6888, 18.5106, 3, 4
1378, 1266, 69, 11, 0.7937, 0.5564, 17.7974, 2, 3
1379, 1239, 36, 105, 0.9997, 1.0000, 1.4317, 29, 30
1379, 1249, 124, 16, 0.9997, 1.0000, 1.4121, 18, 19
1379, 1258, 15, 77, 0.9997, 0.9580, 1.3108, 10, 11
1379, 1262, 72, 1, 0.9997, 0.8384, 1.2519, 7, 8
1379, 1265, 82, 16, 0.9993, 0.7266, 18.7028, 4, 5
1379, 1267, 6, 85, 0.9877, 0.6885, 5.5054, 3, 4
1380, 1239, 36, 106, 0.9997, 1.0000, 1.0425, 30, 31
1380, 1249, 126, 16, 0.9997, 1.0000, 1.7394, 19, 20
1380, 1258, 17, 77, 0.9997, 0.9986, 1.7647, 11, 12
1380, 1262, 73, 1, 0.9997, 0.8779, 0.9855, 8, 9
1380, 1267, 19, 90, 0.9186, 0.6760, 12.8030, 4, 5
1381, 1239, 39, 107, 0.9996, 1.0000, 2.4516, 31, 32
1381, 1249, 126, 15, 0.9996, 1.0000, 0.8736, 20, 21
1381, 1253, 102, 83, 0.9212, 0.7141, 9.4493, 17, 17
1381, 1258, 18, 78, 0.9997, 1.0000, 1.4450, 12, 13
1381, 1262, 75, 1, 0.9997, 0.9178, 1.7214, 9, 10
1382, 1239, 41, 108, 0.9997, 1.0000, 2.5516, 32, 33
1382, 1258, 20, 78, 0.9997, 1.0000, 1.7700, 13, 14
1382, 1262, 76, 1, 0.9997, 0.9581, 1.2778, 10, 11
1382, 1268, 57, 5, 0.9979, 0.6946, 0.5168, 3, 4
1383, 1258, 21, 78, 0.9997, 1.0000, 1.2492, 14, 15
1383, 1262, 78, 1, 0.9997, 0.9986, 1.7648, 11, 12
1383, 1268, 58, 5, 0.9996, 0.7268, 0.7048, 4, 5
1384, 1258, 22, 79, 0.9997, 1.0000, 1.2231, 15, 16
1384, 1262, 79, 2, 0.9997, 1.0000, 1.4668, 12, 13
1384, 1269, 13, 7, 0.6471, 0.4721, 13.3597, 2, 3
1385, 1258, 24, 79, 0.9997, 1.0000, 1.7443, 16, 17
1385, 1262, 81, 2, 0.9997, 1.0000, 1.7726, 13, 14
1386, 1258, 25, 80, 0.9997, 1.0000, 1.4888, 17, 18
1386, 1262, 82, 2, 0.9997, 1.0000, 1.2492, 14, 15
1386, 1270, 28, 1, 0.8952, 0.6147, 9.8544, 2, 3
1387, 1258, 27, 80, 0.9997, 1.0000, 1.7825, 18, 19
1387, 1262, 84, 2, 0.9997, 1.0000, 1.7504, 15, 16
1388, 1239, 45, 114, 0.9997, 0.6831, 1.4252, 38, 38
1388, 1258, 28, 81, 0.9997, 1.0000, 1.4583, 19, 20
1388, 1262, 84, 1, 0.9996, 1.0000, 0.9193, 16, 17
1388, 1272, 51, 67, 0.8973, 0.6160, 4.8273, 2, 3
1389, 1239, 47, 115, 0.9997, 0.7248, 2.0651, 39, 39
1389, 1258, 29, 81, 0.9997, 1.0000, 1.0156, 20, 21
1389, 1262, 87, 2, 0.9996, 1.0000, 2.2718, 17, 18
1389, 1271, 14, 5, 0.9996, 0.7268, 0.7596, 4, 5
1389, 1272, 40, 63, 0.9629, 0.6737, 10.4761, 3, 4
1389, 1273, 123, 81, 0.9194, 0.6478, 10.0312, 3, 4
1390, 1239, 48, 116, 0.9997, 0.7664, 1.6448, 40, 40
1390, 1258, 31, 82, 0.9997, 1.0000, 1.8776, 21, 22
1390, 1262, 88, 2, 0.9997, 1.0000, 1.5696, 18, 19
1390, 1271, 14, 4, 0.9997, 0.7623, 1.0146, 5, 6
1391, 1239, 49, 118, 0.9997, 0.8081, 2.0272, 41, 41
1391, 1258, 33, 82, 0.9997, 1.0000, 2.0570, 22, 23
1391, 1262, 90, 2, 0.9997, 1.0000, 1.7931, 19, 20
1391, 1271, 15, 4, 0.9997, 0.7998, 0.7981, 6, 7
1391, 1274, 55, 86, 0.8098, 0.5656, 17.8350, 2, 3
1392, 1239, 50, 119, 0.9997, 0.8498, 1.6065, 42, 42
1392, 1258, 34, 82, 0.9997, 1.0000, 1.2927, 23, 24
1392, 1262, 91, 3, 0.9997, 1.0000, 1.4288, 20, 21
1393, 1239, 50, 121, 0.9997, 0.8914, 1.7775, 43, 43
1393, 1258, 36, 83, 0.9997, 1.0000, 1.8689, 24, 25
1393, 1262, 93, 3, 0.9997, 1.0000, 1.7555, 21, 22
1394, 1239, 53, 120, 0.9995, 0.9329, 2.2534, 44, 44
1394, 1258, 37, 83, 0.9997, 1.0000, 1.2646, 25, 26
1394, 1262, 95, 3, 0.9997, 1.0000, 2.0116, 22, 23
1395, 1239, 54, 121, 0.9997, 0.9747, 1.6358, 45, 45
1395, 1258, 39, 81, 0.9996, 1.0000, 2.3208, 26, 27
1395, 1262, 96, 3, 0.9997, 1.0000, 1.2800, 23, 24
1396, 1239, 55, 122, 0.9997, 1.0000, 1.4162, 46, 46
1396, 1262, 98, 3, 0.9997, 1.0000, 1.7231, 24, 25
1396, 1277, 93, 4, 0.8054, 0.5631, 9.1615, 2, 3
1397, 1239, 57, 123, 0.9997, 1.0000, 2.0052, 47, 47
1397, 1262, 99, 3, 0.9997, 1.0000, 1.2354, 25, 26
1398, 1239, 58, 124, 0.9997, 1.0000, 1.6289, 48, 48
1398, 1262, 101, 3, 0.9997, 1.0000, 1.7484, 26, 27
1399, 1239, 60, 124, 0.9997, 1.0000, 1.7776, 49, 49
1399, 1262, 103, 4, 0.9997, 1.0000, 2.1557, 27, 28
1400, 1239, 61, 126, 0.9996, 1.0000, 1.9302, 50, 50
1400, 1262, 104, 4, 0.9997, 1.0000, 1.3115, 28, 29
1400, 1279, 51, 117, 0.9848, 0.6868, 1.5044, 3, 4
1401, 1239, 62, 127, 0.9997, 1.0000, 1.6233, 51, 51
1401, 1258, 49, 86, 0.9997, 0.6831, 1.8494, 32, 32
1401, 1262, 106, 4, 0.9997, 1.0000, 1.7222, 29, 30
1401, 1279, 53, 121, 0.9985, 0.7261, 4.6441, 4, 5
1402, 1239, 52, 124, 0.6913, 0.7913, 9.3935, 52, 52
1402, 1258, 51, 86, 0.9997, 0.7248, 2.0179, 33, 33
1402, 1262, 108, 4, 0.9997, 1.0000, 1.9996, 30, 31
1402, 1280, 67, 20, 0.9980, 0.6946, 0.7706, 3, 4
1403, 1258, 53, 85, 0.9997, 0.7664, 2.1777, 34, 34
1403, 1262, 109, 4, 0.9997, 1.0000, 1.2764, 31, 32
1403, 1280, 67, 21, 0.9996, 0.7268, 0.7497, 4, 5
1403, 1281, 91, 11, 0.9187, 0.6474, 7.8603, 3, 4
1404, 1262, 111, 5, 0.9997, 1.0000, 1.8854, 32, 33
1404, 1280, 68, 21, 0.9997, 0.7623, 0.7857, 5, 6
1404, 1282, 37, 19, 0.7900, 0.5543, 5.4729, 2, 3
1405, 1262, 113, 5, 0.9997, 1.0000, 2.0216, 33, 34
1406, 1262, 114, 5, 0.9997, 1.0000, 1.2764, 34, 35
1407, 1262, 116, 5, 0.9997, 1.0000, 1.7241, 35, 36
1408, 1262, 118, 5, 0.9997, 1.0000, 2.0001, 36, 37
1409, 1258, 64, 88, 0.9997, 0.6788, 1.7089, 40, 39
1409, 1262, 120, 5, 0.9997, 1.0000, 2.0403, 37, 38
1409, 1283, 17, 126, 0.6834, 0.5072, 12.9918, 3, 4
1410, 1258, 66, 89, 0.9997, 0.7202, 2.1266, 41, 40
1410, 1262, 122, 6, 0.9997, 1.0000, 2.1562, 38, 39
1410, 1285, 2, 24, 0.9981, 0.6947, 1.0378, 3, 4
1411, 1258, 67, 88, 0.9996, 0.7617, 1.3675, 42, 41
1411, 1285, 3, 24, 0.9996, 0.7268, 1.0506, 4, 5
1412, 1258, 70, 90, 0.9996, 0.8031, 2.7789, 43, 42
1412, 1285, 5, 19, 0.9988, 0.7617, 4.9160, 5, 6
1412, 1286, 6, 5, 0.9980, 0.6947, 1.6282, 3, 4
1413, 1258, 72, 90, 0.9997, 0.8446, 2.3553, 44, 43
1413, 1285, 5, 8, 0.9973, 0.7981, 10.1673, 6, 7
1413, 1286, 6, 16, 0.9494, 0.6954, 10.1728, 4, 5
1414, 1258, 73, 90, 0.9996, 0.8861, 1.2766, 45, 44
1414, 1286, 5, 25, 0.9978, 0.7611, 9.0690, 5, 6
1415, 1258, 76, 91, 0.9996, 0.9276, 2.5418, 46, 45
1415, 1288, 10, 119, 0.9340, 0.6371, 8.6849, 2, 3
1416, 1258, 78, 91, 0.9997, 0.9691, 2.2905, 47, 46
1416, 1289, 80, 26, 0.9981, 0.6947, 1.0064, 3, 4
1417, 1258, 79, 92, 0.9997, 1.0000, 1.4868, 48, 47
1417, 1289, 81, 26, 0.9996, 0.7268, 1.0021, 4, 5
1417, 1292, 1, 14, 0.9981, 0.6947, 2.2492, 3, 4
1417, 1293, 11, 17, 0.9981, 0.6947, 1.0059, 3, 4
1417, 1294, 97, 84, 0.9889, 0.6892, 1.0856, 3, 4
1418, 1258, 81, 92, 0.9997, 1.0000, 1.7023, 49, 48
1418, 1289, 82, 27, 0.9997, 0.7623, 1.2493, 5, 6
1418, 1292, 0, 15, 0.9996, 0.7268, 1.5913, 4, 5
1418, 1293, 12, 17, 0.9996, 0.7269, 1.0008, 4, 5
1419, 1258, 83, 92, 0.9997, 1.0000, 1.9847, 50, 49
1420, 1258, 85, 93, 0.9997, 1.0000, 2.1641, 51, 50
1420, 1289, 84, 27, 0.9996, 0.8384, 1.4721, 7, 8
1420, 1295, 34, 127, 0.9978, 0.6945, 1.8049, 3, 4
1420, 1296, 3, 106, 0.8587, 0.5938, 4.1763, 2, 3
1421, 1258, 87, 93, 0.9997, 1.0000, 2.0367, 52, 51
1421, 1289, 85, 27, 0.9997, 0.8779, 1.2925, 8, 9
1421, 1291, 82, 38, 0.9989, 0.7243, 4.3155, 8, 8
1421, 1295, 34, 126, 0.9996, 0.7268, 0.6690, 4, 5
1421, 1299, 119, 35, 0.8994, 0.6359, 8.5507, 3, 4
1421, 1300, 118, 8, 0.8619, 0.5956, 4.5728, 2, 3
1422, 1258, 89, 93, 0.9997, 1.0000, 2.0009, 53, 52
1422, 1289, 86, 28, 0.9997, 0.9178, 1.2829, 9, 10
1422, 1295, 36, 127, 0.9996, 0.7623, 1.5453, 5, 6
1423, 1258, 91, 92, 0.9997, 1.0000, 2.1535, 54, 53
1423, 1301, 27, 4, 0.7006, 0.5029, 12.1909, 2, 3
1424, 1258, 98, 93, 0.9987, 1.0000, 6.5984, 55, 54
1424, 1275, 94, 94, 0.9988, 1.0000, 4.6468, 34, 35
1424, 1293, 20, 15, 0.9997, 0.6831, 1.7786, 10, 10
1425, 1258, 114, 99, 0.8343, 0.9298, 16.2215, 56, 55
1425, 1293, 21, 15, 0.9997, 0.7248, 1.2930, 11, 11
1426, 1293, 22, 18, 0.9995, 0.7664, 2.5386, 12, 12
1426, 1302, 10, 62, 0.8001, 0.5600, 6.7436, 2, 3
1429, 1289, 95, 29, 0.9997, 0.6831, 1.7798, 16, 16
1429, 1304, 126, 50, 0.9087, 0.6225, 4.1291, 2, 3
1429, 1305, 105, 110, 0.8974, 0.6160, 13.5243, 2, 3
1430, 1289, 96, 29, 0.9997, 0.7248, 1.3114, 17, 17
1430, 1305, 96, 117, 0.9955, 0.6932, 12.0262, 3, 4
1430, 1306, 106, 97, 0.9973, 0.6942, 1.8529, 3, 4
1431, 1289, 97, 30, 0.9997, 0.7664, 1.2525, 18, 18
1431, 1305, 76, 124, 0.9078, 0.6693, 20.1251, 4, 5
1431, 1306, 109, 97, 0.9996, 0.7268, 2.6933, 4, 5
1431, 1307, 100, 123, 0.6701, 0.4993, 10.0469, 3, 4
1432, 1289, 98, 29, 0.9996, 0.8081, 1.0667, 19, 19
1432, 1293, 22, 7, 0.9652, 0.6536, 7.9424, 18, 17
1432, 1306, 111, 97, 0.9997, 0.7623, 2.3038, 5, 6
1432, 1308, 3, 81, 0.9981, 0.6947, 1.0064, 3, 4
1432, 1309, 126, 104, 0.9951, 0.6929, 2.0392, 3, 4
1433, 1289, 107, 29, 0.9937, 0.8453, 7.8634, 20, 20
1433, 1306, 112, 98, 0.9996, 0.7998, 1.4460, 6, 7
1433, 1308, 5, 81, 0.9996, 0.7268, 1.7661, 4, 5
1434, 1306, 116, 97, 0.9996, 0.8384, 3.2361, 7, 8
1434, 1308, 6, 82, 0.9997, 0.7623, 1.5076, 5, 6
1434, 1311, 28, 1, 0.7192, 0.5135, 11.8891, 2, 3
1435, 1306, 118, 97, 0.9997, 0.8779, 2.5833, 8, 9
1435, 1308, 7, 82, 0.9997, 0.7998, 1.0408, 6, 7
1436, 1306, 121, 97, 0.9997, 0.9178, 2.8058, 9, 10
1436, 1308, 8, 82, 0.9997, 0.8385, 0.9574, 7, 8
1436, 1313, 109, 124, 0.9978, 0.6945, 1.3164, 3, 4
1437, 1306, 123, 97, 0.9997, 0.9581, 2.2252, 10, 11
1437, 1308, 9, 82, 0.9997, 0.8779, 0.9847, 8, 9
1437, 1313, 110, 124, 0.9996, 0.7268, 0.9969, 4, 5
1437, 1314, 104, 29, 0.9980, 0.6946, 1.2375, 3, 4
1438, 1293, 20, 11, 0.9997, 0.6686, 0.9848, 24, 22
1438, 1306, 126, 97, 0.9997, 0.9986, 2.7324, 11, 12
1438, 1308, 10, 82, 0.9997, 0.9178, 1.0002, 9, 10
1438, 1313, 111, 125, 0.9997, 0.7623, 1.2423, 5, 6
1439, 1293, 20, 12, 0.9997, 0.7098, 0.9907, 25, 23
1439, 1303, 12, 83, 0.8867, 1.0000, 9.7831, 15, 16
1439, 1313, 113, 125, 0.9997, 0.7998, 1.7754, 6, 7
1440, 1293, 20, 13, 0.9997, 0.7511, 0.9986, 26, 24
1440, 1313, 114, 125, 0.9997, 0.8384, 1.2920, 7, 8
1441, 1293, 20, 14, 0.9997, 0.7924, 1.0008, 27, 25
1441, 1313, 115, 125, 0.9997, 0.8779, 1.0033, 8, 9
1441, 1316, 7, 80, 0.7441, 0.5278, 11.8823, 2, 3
1442, 1293, 20, 15, 0.9997, 0.8337, 1.0005, 28, 26
1442, 1313, 117, 125, 0.9997, 0.9178, 1.7223, 9, 10
1442, 1316, 15, 63, 0.5981, 0.4564, 17.5639, 3, 4
1443, 1293, 19, 16, 0.9997, 0.8750, 1.2584, 29, 27
1443, 1306, 119, 112, 0.8822, 0.5779, 9.4749, 16, 16
1443, 1313, 118, 125, 0.9997, 0.9581, 1.2755, 10, 11
1443, 1314, 110, 32, 0.9997, 0.6831, 0.5576, 9, 9
1443, 1317, 115, 122, 0.9406, 0.5703, 7.9822, 6, 6
1443, 1319, 4, 15, 0.9908, 0.6903, 3.6456, 3, 4
1444, 1293, 19, 17, 0.9997, 0.9164, 1.0417, 30, 28
1444, 1306, 119, 125, 0.9802, 0.6718, 12.6303, 17, 17
1444, 1313, 118, 116, 0.9870, 0.9871, 7.6405, 11, 12
1444, 1319, 5, 23, 0.9983, 0.7260, 7.6715, 4, 5
1444, 1320, 17, 84, 0.9996, 0.7268, 1.6607, 4, 5
1444, 1321, 12, 92, 0.9839, 0.7170, 7.7965, 4, 5
1444, 1322, 17, 64, 0.7564, 0.5507, 5.8813, 3, 4
1444, 1323, 17, 125, 0.7228, 0.5156, 7.1046, 2, 3
1445, 1293, 19, 18, 0.9997, 0.9578, 1.0000, 31, 29
1445, 1320, 18, 84, 0.9997, 0.7623, 1.3237, 5, 6
1446, 1293, 19, 19, 0.9997, 0.9992, 1.0009, 32, 30
1446, 1310, 46, 13, 0.9996, 0.6625, 0.8027, 17, 15
1446, 1320, 19, 84, 0.9997, 0.7998, 1.0420, 6, 7
1447, 1293, 19, 20, 0.9997, 1.0000, 1.0001, 33, 31
1447, 1310, 48, 11, 0.9995, 0.7039, 1.8901, 18, 16
1447, 1319, 9, 39, 0.9599, 0.4840, 5.3243, 7, 7
1447, 1320, 20, 84, 0.9997, 0.8385, 0.9745, 7, 8
1447, 1324, 94, 126, 0.9927, 0.6915, 1.3854, 3, 4
1448, 1293, 18, 20, 0.9997, 1.0000, 0.7996, 34, 32
1448, 1310, 50, 11, 0.9997, 0.7454, 2.1198, 19, 17
1448, 1319, 5, 44, 0.9762, 0.5881, 5.7888, 8, 8
1448, 1320, 21, 85, 0.9997, 0.8779, 1.2357, 8, 9
1448, 1324, 95, 126, 0.9995, 0.7267, 1.1719, 4, 5
1449, 1293, 18, 22, 0.9996, 1.0000, 1.5012, 35, 33
1449, 1310, 51, 11, 0.9997, 0.7869, 1.3344, 20, 18
1449, 1314, 119, 34, 0.9997, 0.6715, 1.6265, 15, 14
1449, 1317, 127, 126, 0.9996, 0.6685, 2.2380, 12, 11
1449, 1320, 23, 85, 0.9997, 0.9178, 1.7856, 9, 10
1449, 1324, 97, 127, 0.9996, 0.7623, 1.8955, 5, 6
1450, 1293, 18, 23, 0.9997, 1.0000, 1.2918, 36, 34
1450, 1310, 52, 11, 0.9997, 0.8283, 0.9785, 21, 19
1450, 1320, 24, 86, 0.9997, 0.9580, 1.5033, 10, 11
1450, 1324, 98, 127, 0.9997, 0.7998, 1.3059, 6, 7
1450, 1326, 119, 74, 0.9980, 0.6946, 1.2807, 3, 4
1450, 1327, 94, 122, 0.9980, 0.6946, 1.0735, 3, 4
1451, 1293, 18, 24, 0.9997, 1.0000, 1.0434, 37, 35
1451, 1310, 54, 11, 0.9997, 0.8698, 1.7064, 22, 20
1451, 1320, 25, 86, 0.9997, 0.9986, 1.0317, 11, 12
1451, 1324, 99, 127, 0.9997, 0.8384, 0.9920, 7, 8
1451, 1327, 95, 123, 0.9996, 0.7268, 1.2964, 4, 5
1451, 1329, 22, 67, 0.9819, 0.6850, 5.8313, 3, 4
1452, 1293, 17, 25, 0.9997, 1.0000, 1.2276, 38, 36
1452, 1310, 55, 10, 0.9997, 0.9113, 1.4836, 23, 21
1452, 1320, 26, 86, 0.9997, 1.0000, 0.9577, 12, 13
1452, 1324, 95, 123, 0.9969, 0.8757, 5.2948, 8, 9
1452, 1328, 79, 42, 0.7216, 0.4909, 5.5573, 6, 6
1452, 1330, 35, 24, 0.9782, 0.6828, 6.1298, 3, 4
1453, 1293, 17, 26, 0.9997, 1.0000, 1.0261, 39, 37
1453, 1310, 56, 10, 0.9997, 0.9528, 1.0441, 24, 22
1453, 1320, 27, 87, 0.9997, 1.0000, 1.2197, 13, 14
1453, 1330, 32, 14, 0.9966, 0.7250, 10.3168, 4, 5
1454, 1293, 17, 28, 0.9997, 1.0000, 1.7616, 40, 38
1454, 1310, 58, 10, 0.9997, 0.9944, 1.7246, 25, 23
1454, 1320, 28, 87, 0.9997, 1.0000, 1.0378, 14, 15
1454, 1332, 36, 12, 0.8027, 0.5616, 6.0718, 2, 3
1455, 1293, 16, 29, 0.9997, 1.0000, 1.4813, 41, 39
1455, 1310, 59, 10, 0.9997, 1.0000, 1.2773, 26, 24
1455, 1314, 127, 36, 0.9997, 0.6665, 1.4763, 21, 19
1455, 1320, 29, 88, 0.9997, 1.0000, 1.2608, 15, 16
1455, 1333, 34, 16, 0.6168, 0.4547, 6.3372, 2, 3
1455, 1334, 12, 66, 0.7969, 0.5582, 17.7833, 2, 3
1456, 1293, 16, 30, 0.9997, 1.0000, 1.0381, 42, 40
1456, 1310, 61, 10, 0.9997, 1.0000, 1.7639, 27, 25
1456, 1320, 31, 88, 0.9997, 1.0000, 1.7827, 16, 17
1456, 1324, 105, 127, 0.9785, 0.5893, 5.6691, 12, 12
1456, 1333, 38, 5, 0.6388, 0.4806, 11.2292, 3, 4
1457, 1293, 16, 31, 0.9997, 1.0000, 0.9576, 43, 41
1457, 1310, 62, 9, 0.9997, 1.0000, 1.4661, 28, 26
1457, 1320, 32, 88, 0.9997, 1.0000, 1.2919, 17, 18
1458, 1293, 16, 32, 0.9997, 1.0000, 0.9845, 44, 42
1458, 1310, 63, 9, 0.9997, 1.0000, 1.0276, 29, 27
1458, 1320, 33, 89, 0.9997, 1.0000, 1.2329, 18, 19
1458, 1336, 43, 33, 0.9980, 0.6947, 1.0426, 3, 4
1458, 1338, 33, 9, 0.8716, 0.6012, 8.8840, 2, 3
1459, 1293, 15, 34, 0.9997, 1.0000, 1.9162, 45, 43
1459, 1310, 65, 9, 0.9997, 1.0000, 1.7214, 30, 28
1459, 1320, 34, 90, 0.9997, 1.0000, 1.4148, 19, 20
1460, 1293, 13, 34, 0.9996, 1.0000, 1.8953, 46, 44
1460, 1310, 66, 9, 0.9997, 1.0000, 1.2785, 31, 29
1460, 1320, 35, 90, 0.9997, 1.0000, 1.0263, 20, 21
1461, 1293, 14, 36, 0.9996, 1.0000, 1.4838, 47, 45
1461, 1310, 68, 9, 0.9997, 1.0000, 1.7649, 32, 30
1461, 1320, 36, 91, 0.9997, 1.0000, 1.2344, 21, 22
1462, 1293, 14, 37, 0.9997, 1.0000, 1.2930, 48, 46
1462, 1310, 68, 7, 0.9996, 1.0000, 1.6038, 33, 31
1462, 1320, 37, 91, 0.9997, 1.0000, 1.0293, 22, 23
1463, 1293, 14, 38, 0.9997, 1.0000, 1.0312, 49, 47
1463, 1310, 67, 7, 0.9996, 1.0000, 1.0202, 34, 32
1464, 1293, 12, 40, 0.9996, 1.0000, 2.3203, 50, 48
1464, 1320, 39, 93, 0.9996, 1.0000, 2.0928, 24, 25
1464, 1339, 119, 21, 0.9971, 0.6941, 3.3323, 3, 4
1465, 1310, 72, 8, 0.9992, 1.0000, 4.1716, 36, 34
1465, 1320, 40, 94, 0.9997, 1.0000, 1.8572, 25, 26
1465, 1336, 53, 45, 0.8937, 0.5335, 9.9806, 10, 9
1466, 1310, 88, 12, 0.6950, 0.7837, 14.8813, 37, 35
1466, 1320, 41, 94, 0.9997, 1.0000, 1.0828, 26, 27
1467, 1320, 42, 95, 0.9997, 1.0000, 1.1882, 27, 28
1468, 1320, 44, 97, 0.9996, 1.0000, 2.4699, 28, 29
1468, 1341, 11, 45, 0.9980, 0.6946, 1.4745, 3, 4
1469, 1341, 11, 47, 0.9996, 0.7268, 1.7769, 4, 5
1469, 1343, 79, 7, 0.9980, 0.6947, 1.2803, 3, 4
1470, 1341, 9, 48, 0.9996, 0.7623, 1.9625, 5, 6
1470, 1343, 81, 7, 0.9996, 0.7268, 1.7604, 4, 5
1470, 1346, 2, 11, 0.9976, 0.6944, 1.8537, 3, 4
1470, 1347, 54, 36, 0.9981, 0.6947, 1.0378, 3, 4
1470, 1348, 47, 123, 0.9977, 0.6945, 3.6156, 3, 4
1471, 1341, 9, 49, 0.9997, 0.7998, 1.1241, 6, 7
1471, 1343, 82, 6, 0.9997, 0.7623, 1.4644, 5, 6
1471, 1346, 3, 15, 0.9981, 0.7259, 3.2847, 4, 5
1471, 1347, 57, 37, 0.9996, 0.7268, 2.6905, 4, 5
1471, 1348, 51, 122, 0.9996, 0.7268, 3.9793, 4, 5
1472, 1341, 9, 51, 0.9997, 0.8384, 1.7216, 7, 8
1472, 1343, 84, 6, 0.9997, 0.7998, 1.7724, 6, 7
1472, 1348, 55, 121, 0.9997, 0.7623, 4.1451, 5, 6
1473, 1341, 11, 53, 0.9996, 0.8778, 2.6016, 8, 9
1473, 1343, 85, 6, 0.9997, 0.8384, 1.2494, 7, 8
1473, 1345, 10, 98, 0.9987, 0.6410, 4.6365, 7, 7
1473, 1348, 59, 120, 0.9997, 0.7998, 4.1548, 6, 7
